block_number,block_timestamp,contract_address,data,topic0,topic1,topic2,tx_hash
107482268,2023-07-28 16:55:13.000 UTC,0x0b2c639c533813f4aa9d7837caf62653d097ff85,0x,0xffa4e6181777692565cf28528fc88fd1516ea86b56da075235fa575af6a4b855,0x0000000000000000000000008f261486f21078f223cd7a09d293aa0f6802e27c,,0xbbed9fcc246fca5088966b4bae3f5179bb8bf1529c9dbeda152a1d72f4802278
107482659,2023-07-28 17:08:15.000 UTC,0x0b2c639c533813f4aa9d7837caf62653d097ff85,0x,0x117e3210bb9aa7d9baff172026820255c6f6c30ba8999d1c2fd88e2848137c4e,0x0000000000000000000000008f261486f21078f223cd7a09d293aa0f6802e27c,,0xc410055a210a7d8219f71b504689d7965de6541c6d1e1dbd2e9549596e352373
107608515,2023-07-31 15:03:27.000 UTC,0x0b2c639c533813f4aa9d7837caf62653d097ff85,0x,0xffa4e6181777692565cf28528fc88fd1516ea86b56da075235fa575af6a4b855,0x000000000000000000000000d882cfc20f52f2599d84b8e8d58c7fb62cfe344b,,0xb71216faafc6103951cf051d1e9fb896f5339ce7ce117d000d4eb156828a5c17
107608530,2023-07-31 15:03:57.000 UTC,0x0b2c639c533813f4aa9d7837caf62653d097ff85,0x,0xffa4e6181777692565cf28528fc88fd1516ea86b56da075235fa575af6a4b855,0x0000000000000000000000007f367cc41522ce07553e823bf3be79a889debe1b,,0xa4f3ef749793b6b3f343bfbe7c916d2e1a32962e00b48fbeb89fbb1d41d9c77a
107608540,2023-07-31 15:04:17.000 UTC,0x0b2c639c533813f4aa9d7837caf62653d097ff85,0x,0xffa4e6181777692565cf28528fc88fd1516ea86b56da075235fa575af6a4b855,0x0000000000000000000000001da5821544e25c636c1417ba96ade4cf6d2f9b5a,,0x96d76a3118e68d23f8906dfb78e22f6be17f8a5131b4249ce9239d22c2f2a932
107608549,2023-07-31 15:04:35.000 UTC,0x0b2c639c533813f4aa9d7837caf62653d097ff85,0x,0xffa4e6181777692565cf28528fc88fd1516ea86b56da075235fa575af6a4b855,0x0000000000000000000000007db418b5d567a4e0e8c59ad71be1fce48f3e6107,,0xff7de64bf0befd6b7de68d2a5b3d9db822f53ebed73742f44d4d07a9c57a147b
107608560,2023-07-31 15:04:57.000 UTC,0x0b2c639c533813f4aa9d7837caf62653d097ff85,0x,0xffa4e6181777692565cf28528fc88fd1516ea86b56da075235fa575af6a4b855,0x00000000000000000000000072a5843cc08275c8171e582972aa4fda8c397b2a,,0x510b14506bc2db7246ef3bebc5c63b490e2b9578dd6d9928749cf3fbc3dfd0b7
107608568,2023-07-31 15:05:13.000 UTC,0x0b2c639c533813f4aa9d7837caf62653d097ff85,0x,0xffa4e6181777692565cf28528fc88fd1516ea86b56da075235fa575af6a4b855,0x0000000000000000000000007f19720a857f834887fc9a7bc0a0fbe7fc7f8102,,0xf58c6134bef7a040e695789716451fedea189cd6e3ec7340a42946d451531f32
107608578,2023-07-31 15:05:33.000 UTC,0x0b2c639c533813f4aa9d7837caf62653d097ff85,0x,0xffa4e6181777692565cf28528fc88fd1516ea86b56da075235fa575af6a4b855,0x0000000000000000000000009f4cda013e354b8fc285bf4b9a60460cee7f7ea9,,0xbb4d8ca890325a6a21b35f2d2ec5431044032bfde8815250c2d44212a569fdec
107608588,2023-07-31 15:05:53.000 UTC,0x0b2c639c533813f4aa9d7837caf62653d097ff85,0x,0xffa4e6181777692565cf28528fc88fd1516ea86b56da075235fa575af6a4b855,0x000000000000000000000000a7e5d5a720f06526557c513402f2e6b5fa20b008,,0xf5f84fc3d136b6e5fa72046d18116729a4e6eb1ff24cdd28571e3a2a0372aec2
107608601,2023-07-31 15:06:19.000 UTC,0x0b2c639c533813f4aa9d7837caf62653d097ff85,0x,0xffa4e6181777692565cf28528fc88fd1516ea86b56da075235fa575af6a4b855,0x0000000000000000000000003cbded43efdaf0fc77b9c55f6fc9988fcc9b757d,,0xa663e79d22a15c3aa60f3c71ba28406c5ad7313c23ef523a721f99b2d705e139
107608617,2023-07-31 15:06:51.000 UTC,0x0b2c639c533813f4aa9d7837caf62653d097ff85,0x,0xffa4e6181777692565cf28528fc88fd1516ea86b56da075235fa575af6a4b855,0x00000000000000000000000067d40ee1a85bf4a4bb7ffae16de985e8427b6b45,,0x23ef310b4315c41cd108239feda2152fd490f5b1e9827d0891ea416443200556
107608624,2023-07-31 15:07:05.000 UTC,0x0b2c639c533813f4aa9d7837caf62653d097ff85,0x,0xffa4e6181777692565cf28528fc88fd1516ea86b56da075235fa575af6a4b855,0x0000000000000000000000006f1ca141a28907f78ebaa64fb83a9088b02a8352,,0x3aa066f86e94e9a5af33d57c83f07330b964ce5910ba336fd4d84f3f079181a4
107608633,2023-07-31 15:07:23.000 UTC,0x0b2c639c533813f4aa9d7837caf62653d097ff85,0x,0xffa4e6181777692565cf28528fc88fd1516ea86b56da075235fa575af6a4b855,0x0000000000000000000000006acdfba02d390b97ac2b2d42a63e85293bcc160e,,0x2c3fe1dbd85629addbdc07eb1ecccbe47d2af9a5b87c18a4aac1c27bff169f3e
107608644,2023-07-31 15:07:45.000 UTC,0x0b2c639c533813f4aa9d7837caf62653d097ff85,0x,0xffa4e6181777692565cf28528fc88fd1516ea86b56da075235fa575af6a4b855,0x00000000000000000000000048549a34ae37b12f6a30566245176994e17c6b4a,,0x5dafbadddae69e8f1684e888c21cf28a2317bee132e75775c0d84c44fb3853b6
107608652,2023-07-31 15:08:01.000 UTC,0x0b2c639c533813f4aa9d7837caf62653d097ff85,0x,0xffa4e6181777692565cf28528fc88fd1516ea86b56da075235fa575af6a4b855,0x0000000000000000000000005512d943ed1f7c8a43f3435c85f7ab68b30121b0,,0xa89dbdcaf4d718aef79bc72944c484e459fbcec4c4f2a310992f43addc712767
107608662,2023-07-31 15:08:21.000 UTC,0x0b2c639c533813f4aa9d7837caf62653d097ff85,0x,0xffa4e6181777692565cf28528fc88fd1516ea86b56da075235fa575af6a4b855,0x000000000000000000000000c455f7fd3e0e12afd51fba5c106909934d8a0e4a,,0xffebbd78bf3668087ebf78fc67d32c499dd75f2d423e0042aaed6ccf6ac43aaf
107608670,2023-07-31 15:08:37.000 UTC,0x0b2c639c533813f4aa9d7837caf62653d097ff85,0x,0xffa4e6181777692565cf28528fc88fd1516ea86b56da075235fa575af6a4b855,0x0000000000000000000000002f389ce8bd8ff92de3402ffce4691d17fc4f6535,,0xbc4876b4e2d41f3ce854b33132925420463131e5be62a6455e4188326fff2ae0
107608679,2023-07-31 15:08:55.000 UTC,0x0b2c639c533813f4aa9d7837caf62653d097ff85,0x,0xffa4e6181777692565cf28528fc88fd1516ea86b56da075235fa575af6a4b855,0x00000000000000000000000019aa5fe80d33a56d56c78e82ea5e50e5d80b4dff,,0x98bc561cf52a1b34ef79940b3b9c9d2820cefad918a39a80903538f88838f133
107608688,2023-07-31 15:09:13.000 UTC,0x0b2c639c533813f4aa9d7837caf62653d097ff85,0x,0xffa4e6181777692565cf28528fc88fd1516ea86b56da075235fa575af6a4b855,0x000000000000000000000000e7aa314c77f4233c18c6cc84384a9247c0cf367b,,0x383905ab76bf4d074965b2dde30992cba22ab397a712573bc6db83dfb5992443
107608698,2023-07-31 15:09:33.000 UTC,0x0b2c639c533813f4aa9d7837caf62653d097ff85,0x,0xffa4e6181777692565cf28528fc88fd1516ea86b56da075235fa575af6a4b855,0x000000000000000000000000308ed4b7b49797e1a98d3818bff6fe5385410370,,0x822c32c72b7aa3a4bd262d47f9c465873ddeb737470ef2aa2fd1c634c627686c
107608707,2023-07-31 15:09:51.000 UTC,0x0b2c639c533813f4aa9d7837caf62653d097ff85,0x,0xffa4e6181777692565cf28528fc88fd1516ea86b56da075235fa575af6a4b855,0x000000000000000000000000fec8a60023265364d066a1212fde3930f6ae8da7,,0xd863e03adf2e96b8e2713d6e44d78ac7fb821714a2d867fc659d39dde4c248b9
107608715,2023-07-31 15:10:07.000 UTC,0x0b2c639c533813f4aa9d7837caf62653d097ff85,0x,0xffa4e6181777692565cf28528fc88fd1516ea86b56da075235fa575af6a4b855,0x0000000000000000000000008576acc5c05d6ce88f4e49bf65bdf0c62f91353c,,0x19f21a68802571c518722ab4a1f2a7cbc849e6d903b147af23a3fef63fe3af53
107608723,2023-07-31 15:10:23.000 UTC,0x0b2c639c533813f4aa9d7837caf62653d097ff85,0x,0xffa4e6181777692565cf28528fc88fd1516ea86b56da075235fa575af6a4b855,0x000000000000000000000000901bb9583b24d97e995513c6778dc6888ab6870e,,0xee6807abf594ed6f14c955fe23e2655ad096b879504de1220388f1377ff25edb
107608731,2023-07-31 15:10:39.000 UTC,0x0b2c639c533813f4aa9d7837caf62653d097ff85,0x,0xffa4e6181777692565cf28528fc88fd1516ea86b56da075235fa575af6a4b855,0x0000000000000000000000007ff9cfad3877f21d41da833e2f775db0569ee3d9,,0x9d7cbe8dd0fdc631d2ead2b6257471c143e0026102421cf2061eaadb5bc22217
107608753,2023-07-31 15:11:23.000 UTC,0x0b2c639c533813f4aa9d7837caf62653d097ff85,0x,0xffa4e6181777692565cf28528fc88fd1516ea86b56da075235fa575af6a4b855,0x000000000000000000000000098b716b8aaf21512996dc57eb0615e2383e2f96,,0x7c9baf56385cd334971aa36ffa09c50b03371e8d8dc9fb33c63312d8c9dc63d0
107608762,2023-07-31 15:11:41.000 UTC,0x0b2c639c533813f4aa9d7837caf62653d097ff85,0x,0xffa4e6181777692565cf28528fc88fd1516ea86b56da075235fa575af6a4b855,0x000000000000000000000000a0e1c89ef1a489c9c7de96311ed5ce5d32c20e4b,,0x9609f1532ba9ddd6a70470bdc5405e877d9165c3860bfc32ad41e3e8b2b8bf33
107608770,2023-07-31 15:11:57.000 UTC,0x0b2c639c533813f4aa9d7837caf62653d097ff85,0x,0xffa4e6181777692565cf28528fc88fd1516ea86b56da075235fa575af6a4b855,0x0000000000000000000000003cffd56b47b7b41c56258d9c7731abadc360e073,,0x6d6c924ea9ffad4b31178939a5004565e78627a7aa6281b3bbc19d94a858fab6
107608778,2023-07-31 15:12:13.000 UTC,0x0b2c639c533813f4aa9d7837caf62653d097ff85,0x,0xffa4e6181777692565cf28528fc88fd1516ea86b56da075235fa575af6a4b855,0x00000000000000000000000053b6936513e738f44fb50d2b9476730c0ab3bfc1,,0xdade14c5914322afecab91362b066a0130a7b592e0aa7459336e2c9e56ae4d99
107608787,2023-07-31 15:12:31.000 UTC,0x0b2c639c533813f4aa9d7837caf62653d097ff85,0x,0xffa4e6181777692565cf28528fc88fd1516ea86b56da075235fa575af6a4b855,0x000000000000000000000000cce63fd31e9053c110c74cebc37c8e358a6aa5bd,,0xd0ac5da880e0c432cc6660ae3b0e2aa083a094428b36dd054b799a4426842e98
107608795,2023-07-31 15:12:47.000 UTC,0x0b2c639c533813f4aa9d7837caf62653d097ff85,0x,0xffa4e6181777692565cf28528fc88fd1516ea86b56da075235fa575af6a4b855,0x00000000000000000000000035fb6f6db4fb05e6a4ce86f2c93691425626d4b1,,0xa70f28e6e5635dc79e11b8849e978ecd58e3c59d5b9796630ae8382c3d4be6ec
107608807,2023-07-31 15:13:11.000 UTC,0x0b2c639c533813f4aa9d7837caf62653d097ff85,0x,0xffa4e6181777692565cf28528fc88fd1516ea86b56da075235fa575af6a4b855,0x000000000000000000000000f7b31119c2682c88d88d455dbb9d5932c65cf1be,,0x0d432c05faef7a795a09da103d7bc55670f47f05dedd2996e707445bb0aa68e9
107608814,2023-07-31 15:13:25.000 UTC,0x0b2c639c533813f4aa9d7837caf62653d097ff85,0x,0xffa4e6181777692565cf28528fc88fd1516ea86b56da075235fa575af6a4b855,0x0000000000000000000000003e37627deaa754090fbfbb8bd226c1ce66d255e9,,0x33a431505e50c4fbdf2f66ba1387a21e96eabd6b16bf5622184e31d17702a109
107608823,2023-07-31 15:13:43.000 UTC,0x0b2c639c533813f4aa9d7837caf62653d097ff85,0x,0xffa4e6181777692565cf28528fc88fd1516ea86b56da075235fa575af6a4b855,0x00000000000000000000000008723392ed15743cc38513c4925f5e6be5c17243,,0x6d2c328bd56b5214522629ebc4b2fd07061d1afa2209728ce86b6e4efd9ff5e0
107608830,2023-07-31 15:13:57.000 UTC,0x0b2c639c533813f4aa9d7837caf62653d097ff85,0x,0xffa4e6181777692565cf28528fc88fd1516ea86b56da075235fa575af6a4b855,0x0000000000000000000000008589427373d6d84e98730d7795d8f6f8731fda16,,0xb96e379764c46aff12813f7d5c89a87470d2a6d0ce2e46aab15b19104e131af9
107608839,2023-07-31 15:14:15.000 UTC,0x0b2c639c533813f4aa9d7837caf62653d097ff85,0x,0xffa4e6181777692565cf28528fc88fd1516ea86b56da075235fa575af6a4b855,0x000000000000000000000000722122df12d4e14e13ac3b6895a86e84145b6967,,0x75ad4e92119b65278365bc224acd2ae6694f4fe82e683d411884833e4708e8d0
107608848,2023-07-31 15:14:33.000 UTC,0x0b2c639c533813f4aa9d7837caf62653d097ff85,0x,0xffa4e6181777692565cf28528fc88fd1516ea86b56da075235fa575af6a4b855,0x000000000000000000000000dd4c48c0b24039969fc16d1cdf626eab821d3384,,0x7d35db2fa40f1f605bae71b86faa9a6a8e51c0d09ac1c0f05e544b3db475bab3
107608860,2023-07-31 15:14:57.000 UTC,0x0b2c639c533813f4aa9d7837caf62653d097ff85,0x,0xffa4e6181777692565cf28528fc88fd1516ea86b56da075235fa575af6a4b855,0x000000000000000000000000d90e2f925da726b50c4ed8d0fb90ad053324f31b,,0xf8f80df5ea32d2398d4955f0dce4a92c4d6addc1c32b2d9d946898b238a02107
107608878,2023-07-31 15:15:33.000 UTC,0x0b2c639c533813f4aa9d7837caf62653d097ff85,0x,0xffa4e6181777692565cf28528fc88fd1516ea86b56da075235fa575af6a4b855,0x000000000000000000000000d96f2b1c14db8458374d9aca76e26c3d18364307,,0x56d2fede74571d69d8ba9c316622c7c9029f77978e064e7d141213e72714b1a9
107608887,2023-07-31 15:15:51.000 UTC,0x0b2c639c533813f4aa9d7837caf62653d097ff85,0x,0xffa4e6181777692565cf28528fc88fd1516ea86b56da075235fa575af6a4b855,0x0000000000000000000000004736dcf1b7a3d580672cce6e7c65cd5cc9cfba9d,,0xf2329550d73adab9a527bcf463c5bd6abacb964dd8351cf508e8e701adebb7f3
107608895,2023-07-31 15:16:07.000 UTC,0x0b2c639c533813f4aa9d7837caf62653d097ff85,0x,0xffa4e6181777692565cf28528fc88fd1516ea86b56da075235fa575af6a4b855,0x000000000000000000000000d4b88df4d29f5cedd6857912842cff3b20c8cfa3,,0x04d038bc94a8a959a6a4785579b1471561f9d80ec6f4c66b819cbb395c20befa
107608902,2023-07-31 15:16:21.000 UTC,0x0b2c639c533813f4aa9d7837caf62653d097ff85,0x,0xffa4e6181777692565cf28528fc88fd1516ea86b56da075235fa575af6a4b855,0x000000000000000000000000910cbd523d972eb0a6f4cae4618ad62622b39dbf,,0x717373b79176c47b0f10727a971b15772ee8e2df626a9998d5e0d8e7c97a9feb
107608911,2023-07-31 15:16:39.000 UTC,0x0b2c639c533813f4aa9d7837caf62653d097ff85,0x,0xffa4e6181777692565cf28528fc88fd1516ea86b56da075235fa575af6a4b855,0x000000000000000000000000a160cdab225685da1d56aa342ad8841c3b53f291,,0xe934a6fd89822f8599fb775e5069da700ded8bb91ab5323079c5ec2aa7f3be67
107608923,2023-07-31 15:17:03.000 UTC,0x0b2c639c533813f4aa9d7837caf62653d097ff85,0x,0xffa4e6181777692565cf28528fc88fd1516ea86b56da075235fa575af6a4b855,0x000000000000000000000000fd8610d20aa15b7b2e3be39b396a1bc3516c7144,,0xcf2899cc7ecbd865c8a778b793dd88a040e784c526d770763024497cc11fdbba
107608947,2023-07-31 15:17:51.000 UTC,0x0b2c639c533813f4aa9d7837caf62653d097ff85,0x,0xffa4e6181777692565cf28528fc88fd1516ea86b56da075235fa575af6a4b855,0x000000000000000000000000f60dd140cff0706bae9cd734ac3ae76ad9ebc32a,,0xdca8ea1612b2df117adaf58d79244a0b712ba3e033f942c20bfa5fe4ef16cb76
107608955,2023-07-31 15:18:07.000 UTC,0x0b2c639c533813f4aa9d7837caf62653d097ff85,0x,0xffa4e6181777692565cf28528fc88fd1516ea86b56da075235fa575af6a4b855,0x00000000000000000000000022aaa7720ddd5388a3c0a3333430953c68f1849b,,0x8e24d3dd05965b16b65a1f9e5dfd5077ee2a64a75d53c4112d2b583649f53ed2
107608971,2023-07-31 15:18:39.000 UTC,0x0b2c639c533813f4aa9d7837caf62653d097ff85,0x,0xffa4e6181777692565cf28528fc88fd1516ea86b56da075235fa575af6a4b855,0x000000000000000000000000ba214c1c1928a32bffe790263e38b4af9bfcd659,,0x78ba973b52f007bb469523f760a8a300ab67a601d368c26f695d610f1b559605
107608979,2023-07-31 15:18:55.000 UTC,0x0b2c639c533813f4aa9d7837caf62653d097ff85,0x,0xffa4e6181777692565cf28528fc88fd1516ea86b56da075235fa575af6a4b855,0x000000000000000000000000b1c8094b234dce6e03f10a5b673c1d8c69739a00,,0xbea9f599b7d2fe7647e2fed1303b502683707d8f0ac70bc525bc1b9bc8463c0d
107608987,2023-07-31 15:19:11.000 UTC,0x0b2c639c533813f4aa9d7837caf62653d097ff85,0x,0xffa4e6181777692565cf28528fc88fd1516ea86b56da075235fa575af6a4b855,0x000000000000000000000000527653ea119f3e6a1f5bd18fbf4714081d7b31ce,,0x0568722b26bcdc802d912852bbdf188544399569d2797e045554e2f122ad548a
107608996,2023-07-31 15:19:29.000 UTC,0x0b2c639c533813f4aa9d7837caf62653d097ff85,0x,0xffa4e6181777692565cf28528fc88fd1516ea86b56da075235fa575af6a4b855,0x00000000000000000000000058e8dcc13be9780fc42e8723d8ead4cf46943df2,,0x94554e75ce7e1041b4f2ebc9f6cf64b65dbcc3a737ddac411d00ba8b1f225ea3
107609004,2023-07-31 15:19:45.000 UTC,0x0b2c639c533813f4aa9d7837caf62653d097ff85,0x,0xffa4e6181777692565cf28528fc88fd1516ea86b56da075235fa575af6a4b855,0x000000000000000000000000d691f27f38b395864ea86cfc7253969b409c362d,,0x49459cf641a931dc170ee1fa3dadaa355726322bbbbebe0078c895578d909cdc
107609014,2023-07-31 15:20:05.000 UTC,0x0b2c639c533813f4aa9d7837caf62653d097ff85,0x,0xffa4e6181777692565cf28528fc88fd1516ea86b56da075235fa575af6a4b855,0x000000000000000000000000aeaac358560e11f52454d997aaff2c5731b6f8a6,,0x374c88177cf10eb27bfd8cf91dd2e602ea5a870958d287a0cbc5136594d37ca3
107609021,2023-07-31 15:20:19.000 UTC,0x0b2c639c533813f4aa9d7837caf62653d097ff85,0x,0xffa4e6181777692565cf28528fc88fd1516ea86b56da075235fa575af6a4b855,0x0000000000000000000000001356c899d8c9467c7f71c195612f8a395abf2f0a,,0x327baec440a80a730c179d492eb4dcd481d27373cef4471e41397ba97851f234
107609029,2023-07-31 15:20:35.000 UTC,0x0b2c639c533813f4aa9d7837caf62653d097ff85,0x,0xffa4e6181777692565cf28528fc88fd1516ea86b56da075235fa575af6a4b855,0x000000000000000000000000a60c772958a3ed56c1f15dd055ba37ac8e523a0d,,0x6d251ebd4d75f6c8df6252d0331647652c31066d7e9b270c9a222c45de169930
107609039,2023-07-31 15:20:55.000 UTC,0x0b2c639c533813f4aa9d7837caf62653d097ff85,0x,0xffa4e6181777692565cf28528fc88fd1516ea86b56da075235fa575af6a4b855,0x000000000000000000000000169ad27a470d064dede56a2d3ff727986b15d52b,,0x4970f07af972e80d6f40576faa96e7a4db6f8b83301a3b667f032aca9b81d85d
107609052,2023-07-31 15:21:21.000 UTC,0x0b2c639c533813f4aa9d7837caf62653d097ff85,0x,0xffa4e6181777692565cf28528fc88fd1516ea86b56da075235fa575af6a4b855,0x0000000000000000000000000836222f2b2b24a3f36f98668ed8f0b38d1a872f,,0x0c306e3c2d5d1af1e7d7801d7a638a807ffb17a7ed6606a5e2f2fdedad89070a
107609062,2023-07-31 15:21:41.000 UTC,0x0b2c639c533813f4aa9d7837caf62653d097ff85,0x,0xffa4e6181777692565cf28528fc88fd1516ea86b56da075235fa575af6a4b855,0x000000000000000000000000f67721a2d8f736e75a49fdd7fad2e31d8676542a,,0x7512ef3cc375c37c213a6d0716a3780e4678da1c185ca347e5a17f1160a0c6d1
107609070,2023-07-31 15:21:57.000 UTC,0x0b2c639c533813f4aa9d7837caf62653d097ff85,0x,0xffa4e6181777692565cf28528fc88fd1516ea86b56da075235fa575af6a4b855,0x0000000000000000000000009ad122c22b14202b4490edaf288fdb3c7cb3ff5e,,0xf15ac1502046f809362dba3b6826e3a4a3a09b4e55fd47ded42ec0d25b605c69
107609082,2023-07-31 15:22:21.000 UTC,0x0b2c639c533813f4aa9d7837caf62653d097ff85,0x,0xffa4e6181777692565cf28528fc88fd1516ea86b56da075235fa575af6a4b855,0x00000000000000000000000007687e702b410fa43f4cb4af7fa097918ffd2730,,0xf22badb9ff4e5539059616e362c6be4abd0900a6f4f82e4f47a565f846f0b369
107609091,2023-07-31 15:22:39.000 UTC,0x0b2c639c533813f4aa9d7837caf62653d097ff85,0x,0xffa4e6181777692565cf28528fc88fd1516ea86b56da075235fa575af6a4b855,0x00000000000000000000000094a1b5cdb22c43faab4abeb5c74999895464ddaf,,0x4cb342a2e545e887c479cb02acae4a15ff1933a7838a19a3a288667cd2bfc1be
107609100,2023-07-31 15:22:57.000 UTC,0x0b2c639c533813f4aa9d7837caf62653d097ff85,0x,0xffa4e6181777692565cf28528fc88fd1516ea86b56da075235fa575af6a4b855,0x000000000000000000000000b541fc07bc7619fd4062a54d96268525cbc6ffef,,0x5da365400e78375ac755998e106712e3621a236b9190b990f52891fbe36117d4
107609107,2023-07-31 15:23:11.000 UTC,0x0b2c639c533813f4aa9d7837caf62653d097ff85,0x,0xffa4e6181777692565cf28528fc88fd1516ea86b56da075235fa575af6a4b855,0x00000000000000000000000012d66f87a04a9e220743712ce6d9bb1b5616b8fc,,0x1e769a6e5f1f316275409ec0fcc06f7343015f0dae56c4774c9d33a8bce9504a
107609119,2023-07-31 15:23:35.000 UTC,0x0b2c639c533813f4aa9d7837caf62653d097ff85,0x,0xffa4e6181777692565cf28528fc88fd1516ea86b56da075235fa575af6a4b855,0x00000000000000000000000047ce0c6ed5b0ce3d3a51fdb1c52dc66a7c3c2936,,0x132300ac4c69d807b94b6e49cb9621d3ffd4970446325f4cf24f2020728a72f6
107609127,2023-07-31 15:23:51.000 UTC,0x0b2c639c533813f4aa9d7837caf62653d097ff85,0x,0xffa4e6181777692565cf28528fc88fd1516ea86b56da075235fa575af6a4b855,0x00000000000000000000000023773e65ed146a459791799d01336db287f25334,,0x64e55f26e1b37edf82ab2cc9a19b7f3723ac93174c9c1a4fd6ee5910854bef62
107609135,2023-07-31 15:24:07.000 UTC,0x0b2c639c533813f4aa9d7837caf62653d097ff85,0x,0xffa4e6181777692565cf28528fc88fd1516ea86b56da075235fa575af6a4b855,0x000000000000000000000000d21be7248e0197ee08e0c20d4a96debdac3d20af,,0x03895c37689365cda28e26a3e84c7c78154230db2dc65388eca0facee94f631c
107609144,2023-07-31 15:24:25.000 UTC,0x0b2c639c533813f4aa9d7837caf62653d097ff85,0x,0xffa4e6181777692565cf28528fc88fd1516ea86b56da075235fa575af6a4b855,0x000000000000000000000000610b717796ad172b316836ac95a2ffad065ceab4,,0xb9e429616198883a00ef48932dd18002341c35e31fb5cf6a028153722110f6f1
107609155,2023-07-31 15:24:47.000 UTC,0x0b2c639c533813f4aa9d7837caf62653d097ff85,0x,0xffa4e6181777692565cf28528fc88fd1516ea86b56da075235fa575af6a4b855,0x000000000000000000000000178169b423a011fff22b9e3f3abea13414ddd0f1,,0xde50a582fea5a7956bad8e241964005eabbc45446d8fd8f88b649e1b4a529539
107609163,2023-07-31 15:25:03.000 UTC,0x0b2c639c533813f4aa9d7837caf62653d097ff85,0x,0xffa4e6181777692565cf28528fc88fd1516ea86b56da075235fa575af6a4b855,0x000000000000000000000000bb93e510bbcd0b7beb5a853875f9ec60275cf498,,0x401455c85f48e8236a376f83302d0e07322fb86afbc3505c67b2141db3ff4906
107609170,2023-07-31 15:25:17.000 UTC,0x0b2c639c533813f4aa9d7837caf62653d097ff85,0x,0xffa4e6181777692565cf28528fc88fd1516ea86b56da075235fa575af6a4b855,0x0000000000000000000000002717c5e28cf931547b621a5dddb772ab6a35b701,,0x8a9e712ba842481cf20385045ac6d2dd088bc79518f0a5bf2989c1674d4b0a60
107609179,2023-07-31 15:25:35.000 UTC,0x0b2c639c533813f4aa9d7837caf62653d097ff85,0x,0xffa4e6181777692565cf28528fc88fd1516ea86b56da075235fa575af6a4b855,0x00000000000000000000000003893a7c7463ae47d46bc7f091665f1893656003,,0xa3e8e2c3c581804c71c8e6e8224ab359a770cde878115aece31baee0bec9b4e6
107609213,2023-07-31 15:26:43.000 UTC,0x0b2c639c533813f4aa9d7837caf62653d097ff85,0x,0xffa4e6181777692565cf28528fc88fd1516ea86b56da075235fa575af6a4b855,0x000000000000000000000000ca0840578f57fe71599d29375e16783424023357,,0x1666b0ba55431cceee56d0969761eba1628992d4cf0b7c4f0c0abb53ab1d9279
107610396,2023-07-31 16:06:09.000 UTC,0x0b2c639c533813f4aa9d7837caf62653d097ff85,0x,0xffa4e6181777692565cf28528fc88fd1516ea86b56da075235fa575af6a4b855,0x000000000000000000000000c2a3829f459b3edd87791c74cd45402ba0a20be3,,0x67d0c7c2110e8eceaa1aef33203e069474c05c371377816c4599a8d276683719
107610426,2023-07-31 16:07:09.000 UTC,0x0b2c639c533813f4aa9d7837caf62653d097ff85,0x,0xffa4e6181777692565cf28528fc88fd1516ea86b56da075235fa575af6a4b855,0x0000000000000000000000003ad9db589d201a710ed237c829c7860ba86510fc,,0x65405bf46fa9694d0399d31adb097518be3302f1e41979dd9f869fac72031617
107610445,2023-07-31 16:07:47.000 UTC,0x0b2c639c533813f4aa9d7837caf62653d097ff85,0x,0xffa4e6181777692565cf28528fc88fd1516ea86b56da075235fa575af6a4b855,0x000000000000000000000000e7800b61479695ec74e4b219f409f67bd1055a27,,0x6a4c42e21a8747954fefd2c57102a0f6677598af2694a7d8a4e08faa30d6a519
107610469,2023-07-31 16:08:35.000 UTC,0x0b2c639c533813f4aa9d7837caf62653d097ff85,0x,0xffa4e6181777692565cf28528fc88fd1516ea86b56da075235fa575af6a4b855,0x00000000000000000000000001e2919679362dfbc9ee1644ba9c6da6d6245bb1,,0x2ed6df770f4a3c56c22f665715e9e233e72a2a475698960e0c2eb7ade62e873a
107610481,2023-07-31 16:08:59.000 UTC,0x0b2c639c533813f4aa9d7837caf62653d097ff85,0x,0xffa4e6181777692565cf28528fc88fd1516ea86b56da075235fa575af6a4b855,0x00000000000000000000000009193888b3f38c82dedfda55259a82c0e7de875e,,0x048576321cfaf415c3ea1c86f6374b6e4661cfc9a73c22af4ee2088d7c86730f
107610490,2023-07-31 16:09:17.000 UTC,0x0b2c639c533813f4aa9d7837caf62653d097ff85,0x,0xffa4e6181777692565cf28528fc88fd1516ea86b56da075235fa575af6a4b855,0x000000000000000000000000179f48c78f57a3a78f0608cc9197b8972921d1d2,,0x15d7dbe86b5031d2bace9e17a225c38c80c2f5b92f8fcbf387209819390403ba
107610500,2023-07-31 16:09:37.000 UTC,0x0b2c639c533813f4aa9d7837caf62653d097ff85,0x,0xffa4e6181777692565cf28528fc88fd1516ea86b56da075235fa575af6a4b855,0x0000000000000000000000002573bac39ebe2901b4389cd468f2872cf7767faf,,0x01b89980c116145c71bdd83dba8525e50d7b8d4ba8634017488444b1a9dca6b2
107610509,2023-07-31 16:09:55.000 UTC,0x0b2c639c533813f4aa9d7837caf62653d097ff85,0x,0xffa4e6181777692565cf28528fc88fd1516ea86b56da075235fa575af6a4b855,0x00000000000000000000000026903a5a198d571422b2b4ea08b56a37cbd68c89,,0xa993f4b41476f2f8f793248ad8f0a4fb455a3dfc94431937cf2fd514564a69cc
107610517,2023-07-31 16:10:11.000 UTC,0x0b2c639c533813f4aa9d7837caf62653d097ff85,0x,0xffa4e6181777692565cf28528fc88fd1516ea86b56da075235fa575af6a4b855,0x0000000000000000000000002f50508a8a3d323b91336fa3ea6ae50e55f32185,,0x2bdc0d6b1564414d3e7815f51a5ef1a30c677e7f7e24fdda89e741934bff36c3
107610526,2023-07-31 16:10:29.000 UTC,0x0b2c639c533813f4aa9d7837caf62653d097ff85,0x,0xffa4e6181777692565cf28528fc88fd1516ea86b56da075235fa575af6a4b855,0x0000000000000000000000002fc93484614a34f26f7970cbb94615ba109bb4bf,,0xcc6abaae095f89b44f02fcb4ab7bbfaf92b49be33a9eca737f8c9b5c1db55c06
107610551,2023-07-31 16:11:19.000 UTC,0x0b2c639c533813f4aa9d7837caf62653d097ff85,0x,0xffa4e6181777692565cf28528fc88fd1516ea86b56da075235fa575af6a4b855,0x0000000000000000000000003efa30704d2b8bbac821307230376556cf8cc39e,,0x3d0ac2601b0145777a72f698a704ec781b08c66629cd427b7982694f41ad5bfb
107610560,2023-07-31 16:11:37.000 UTC,0x0b2c639c533813f4aa9d7837caf62653d097ff85,0x,0xffa4e6181777692565cf28528fc88fd1516ea86b56da075235fa575af6a4b855,0x0000000000000000000000005cab7692d4e94096462119ab7bf57319726eed2a,,0xfc0f6653552fb7978d85cae9113c1e63a4b78abf42a03520aa8ce60354983357
107610568,2023-07-31 16:11:53.000 UTC,0x0b2c639c533813f4aa9d7837caf62653d097ff85,0x,0xffa4e6181777692565cf28528fc88fd1516ea86b56da075235fa575af6a4b855,0x0000000000000000000000005efda50f22d34f262c29268506c5fa42cb56a1ce,,0xb7cf9301efe3fb80d6f436f5613248acb28e86aed56f6169115370e0757bbb12
107610576,2023-07-31 16:12:09.000 UTC,0x0b2c639c533813f4aa9d7837caf62653d097ff85,0x,0xffa4e6181777692565cf28528fc88fd1516ea86b56da075235fa575af6a4b855,0x0000000000000000000000005f6c97c6ad7bdd0ae7e0dd4ca33a4ed3fdabd4d7,,0xf54c4d5d1742816fbda1b55f05177ab11dc27688c925a23a24b2f76b81f93552
107610585,2023-07-31 16:12:27.000 UTC,0x0b2c639c533813f4aa9d7837caf62653d097ff85,0x,0xffa4e6181777692565cf28528fc88fd1516ea86b56da075235fa575af6a4b855,0x000000000000000000000000653477c392c16b0765603074f157314cc4f40c32,,0x8e1a4411a9621890a229bb3b0bd3abc103c8746fe2d36b439ec57f976f0fc0c2
107610593,2023-07-31 16:12:43.000 UTC,0x0b2c639c533813f4aa9d7837caf62653d097ff85,0x,0xffa4e6181777692565cf28528fc88fd1516ea86b56da075235fa575af6a4b855,0x000000000000000000000000746aebc06d2ae31b71ac51429a19d54e797878e9,,0xfe50b6969a8825e901b256a0389247fb485b4e0763ca4c8ed54175640b648917
107610602,2023-07-31 16:13:01.000 UTC,0x0b2c639c533813f4aa9d7837caf62653d097ff85,0x,0xffa4e6181777692565cf28528fc88fd1516ea86b56da075235fa575af6a4b855,0x000000000000000000000000756c4628e57f7e7f8a459ec2752968360cf4d1aa,,0xf743b9989aa0b01b280d693453b01aa030aa8753f7bd7dd86b25b30ac4ddaa3a
107610613,2023-07-31 16:13:23.000 UTC,0x0b2c639c533813f4aa9d7837caf62653d097ff85,0x,0xffa4e6181777692565cf28528fc88fd1516ea86b56da075235fa575af6a4b855,0x00000000000000000000000077777feddddffc19ff86db637967013e6c6a116c,,0x45417d97deae59d75092eb90ffc17707991a932c3953930887532b55e616ff96
107610623,2023-07-31 16:13:43.000 UTC,0x0b2c639c533813f4aa9d7837caf62653d097ff85,0x,0xffa4e6181777692565cf28528fc88fd1516ea86b56da075235fa575af6a4b855,0x00000000000000000000000088fd245fedec4a936e700f9173454d1931b4c307,,0x595045b23038cf4332ef0fce2ed25d9ebe944a3e7d887cd7abb7902e6f52d36c
107610633,2023-07-31 16:14:03.000 UTC,0x0b2c639c533813f4aa9d7837caf62653d097ff85,0x,0xffa4e6181777692565cf28528fc88fd1516ea86b56da075235fa575af6a4b855,0x00000000000000000000000094c92f096437ab9958fc0a37f09348f30389ae79,,0x88ac9fff031b37378e944d94417233ed543050ed0967ff58703768c7c67a6b68
107610641,2023-07-31 16:14:19.000 UTC,0x0b2c639c533813f4aa9d7837caf62653d097ff85,0x,0xffa4e6181777692565cf28528fc88fd1516ea86b56da075235fa575af6a4b855,0x000000000000000000000000b04e030140b30c27bcdfaafffa98c57d80eda7b4,,0x8403233a021d90f35ebd52360011212701ece0d6c4177bcae346291d8b079590
107610652,2023-07-31 16:14:41.000 UTC,0x0b2c639c533813f4aa9d7837caf62653d097ff85,0x,0xffa4e6181777692565cf28528fc88fd1516ea86b56da075235fa575af6a4b855,0x000000000000000000000000b20c66c4de72433f3ce747b58b86830c459ca911,,0x2e47e918d42c3926501a2fd7080afd1de1b541aa21c4988a978dbed155911592
107610661,2023-07-31 16:14:59.000 UTC,0x0b2c639c533813f4aa9d7837caf62653d097ff85,0x,0xffa4e6181777692565cf28528fc88fd1516ea86b56da075235fa575af6a4b855,0x000000000000000000000000cee71753c9820f063b38fdbe4cfdaf1d3d928a80,,0xac88dfbe85a97872f4aa2bb81b249b9b35633aba817a26785760c194085db316
107610681,2023-07-31 16:15:39.000 UTC,0x0b2c639c533813f4aa9d7837caf62653d097ff85,0x,0xffa4e6181777692565cf28528fc88fd1516ea86b56da075235fa575af6a4b855,0x000000000000000000000000d82ed8786d7c69dc7e052f7a542ab047971e73d2,,0x63632f7b073d911b6a3d0a0b8619ca8b28dc002195bcab4b9f80d14d86bc476a
107610689,2023-07-31 16:15:55.000 UTC,0x0b2c639c533813f4aa9d7837caf62653d097ff85,0x,0xffa4e6181777692565cf28528fc88fd1516ea86b56da075235fa575af6a4b855,0x000000000000000000000000f4b067dd14e95bab89be928c07cb22e3c94e0daa,,0x5f251762a9f03bb1846bd786a6d4f20079f03096aca88705dd4474c036fd6dcf
107610697,2023-07-31 16:16:11.000 UTC,0x0b2c639c533813f4aa9d7837caf62653d097ff85,0x,0xffa4e6181777692565cf28528fc88fd1516ea86b56da075235fa575af6a4b855,0x000000000000000000000000ffbac21a641dcfe4552920138d90f3638b3c9fba,,0x86d856cfa9c1658c3dd1a74ee772e1dcb5055145631dd823d85caf8148750034
107610705,2023-07-31 16:16:27.000 UTC,0x0b2c639c533813f4aa9d7837caf62653d097ff85,0x,0xffa4e6181777692565cf28528fc88fd1516ea86b56da075235fa575af6a4b855,0x000000000000000000000000d692fd2d0b2fbd2e52cfa5b5b9424bc981c30696,,0x0ee5f04e1f7427ac90f6c63806a31602d25636546527b163a59d5ad2cf6116aa
107610713,2023-07-31 16:16:43.000 UTC,0x0b2c639c533813f4aa9d7837caf62653d097ff85,0x,0xffa4e6181777692565cf28528fc88fd1516ea86b56da075235fa575af6a4b855,0x000000000000000000000000d8d7de3349ccaa0fde6298fe6d7b7d0d34586193,,0x4994357e34d0367cfcae9c6cb6babe321f5255c2d8199937562f8365a3c3a0fa
107610745,2023-07-31 16:17:47.000 UTC,0x0b2c639c533813f4aa9d7837caf62653d097ff85,0x,0xffa4e6181777692565cf28528fc88fd1516ea86b56da075235fa575af6a4b855,0x000000000000000000000000df3a408c53e5078af6e8fb2a85088d46ee09a61b,,0x699edd968bb84c271602aa8dcb2ddd64621ec8d0ea071a5568415a76318de14c
107610754,2023-07-31 16:18:05.000 UTC,0x0b2c639c533813f4aa9d7837caf62653d097ff85,0x,0xffa4e6181777692565cf28528fc88fd1516ea86b56da075235fa575af6a4b855,0x0000000000000000000000001e34a77868e19a6647b1f2f47b51ed72dede95dd,,0xa8a231f4b287268397879a1f26f598cafa30ac0fe62bb883fcce80b3db8601f3
107610762,2023-07-31 16:18:21.000 UTC,0x0b2c639c533813f4aa9d7837caf62653d097ff85,0x,0xffa4e6181777692565cf28528fc88fd1516ea86b56da075235fa575af6a4b855,0x00000000000000000000000023173fe8b96a4ad8d2e17fb83ea5dcccdca1ae52,,0x7160bad5c4c6285e822780af1139fb27332b115ac29e5924f7fe6aa846bd8a4c
107610771,2023-07-31 16:18:39.000 UTC,0x0b2c639c533813f4aa9d7837caf62653d097ff85,0x,0xffa4e6181777692565cf28528fc88fd1516ea86b56da075235fa575af6a4b855,0x000000000000000000000000242654336ca2205714071898f67e254eb49acdce,,0x4c0c3a2a69dabfb67ff2247f7863295a21c2adef2db608732a7c51a70040f917
107610781,2023-07-31 16:18:59.000 UTC,0x0b2c639c533813f4aa9d7837caf62653d097ff85,0x,0xffa4e6181777692565cf28528fc88fd1516ea86b56da075235fa575af6a4b855,0x000000000000000000000000330bdfade01ee9bf63c209ee33102dd334618e0a,,0xc01e5af94b9893c7645bad32eb99e4eadad85cef65c1ee49fce2774d3aff1eb2
107610791,2023-07-31 16:19:19.000 UTC,0x0b2c639c533813f4aa9d7837caf62653d097ff85,0x,0xffa4e6181777692565cf28528fc88fd1516ea86b56da075235fa575af6a4b855,0x0000000000000000000000003aac1cc67c2ec5db4ea850957b967ba153ad6279,,0xcf8071eb768b5143ed834e8d97afd060e16b0263a5594cce1c390a82482bcb12
107610799,2023-07-31 16:19:35.000 UTC,0x0b2c639c533813f4aa9d7837caf62653d097ff85,0x,0xffa4e6181777692565cf28528fc88fd1516ea86b56da075235fa575af6a4b855,0x000000000000000000000000407cceeaa7c95d2fe2250bf9f2c105aa7aafb512,,0xb4ffdf8d632357c7f45514946189767f66bdf0c8cdf8c61ff10b54301076c4ed
107610807,2023-07-31 16:19:51.000 UTC,0x0b2c639c533813f4aa9d7837caf62653d097ff85,0x,0xffa4e6181777692565cf28528fc88fd1516ea86b56da075235fa575af6a4b855,0x000000000000000000000000538ab61e8a9fc1b2f93b3dd9011d662d89be6fe6,,0x639dc74162e76edf20d3a0e3b589374d9d6ea337d4ab77e7420ac2b608a642d1
107610816,2023-07-31 16:20:09.000 UTC,0x0b2c639c533813f4aa9d7837caf62653d097ff85,0x,0xffa4e6181777692565cf28528fc88fd1516ea86b56da075235fa575af6a4b855,0x00000000000000000000000057b2b8c82f065de8ef5573f9730fc1449b403c9f,,0x5030ec729aaa491a6220c5c26bdf63fe19b4bc4fb1a355ce7200a0481334a24f
107610824,2023-07-31 16:20:25.000 UTC,0x0b2c639c533813f4aa9d7837caf62653d097ff85,0x,0xffa4e6181777692565cf28528fc88fd1516ea86b56da075235fa575af6a4b855,0x0000000000000000000000006bf694a291df3fec1f7e69701e3ab6c592435ae7,,0x1ae0436247e6cf566bc8a4c81b0c82a8b8b1de79e91dbe4b72e3256e03024dc4
107610831,2023-07-31 16:20:39.000 UTC,0x0b2c639c533813f4aa9d7837caf62653d097ff85,0x,0xffa4e6181777692565cf28528fc88fd1516ea86b56da075235fa575af6a4b855,0x000000000000000000000000723b78e67497e85279cb204544566f4dc5d2aca0,,0x97e09e45496d0bd729975867fb78d8242e8142c09dc86df4865b2d214a14eb66
107610840,2023-07-31 16:20:57.000 UTC,0x0b2c639c533813f4aa9d7837caf62653d097ff85,0x,0xffa4e6181777692565cf28528fc88fd1516ea86b56da075235fa575af6a4b855,0x000000000000000000000000743494b60097a2230018079c02fe21a7b687eaa5,,0xed875b3f557728d821d04f60bd07f44fd93c9d69b892863e498fb90759c77b4e
107610851,2023-07-31 16:21:19.000 UTC,0x0b2c639c533813f4aa9d7837caf62653d097ff85,0x,0xffa4e6181777692565cf28528fc88fd1516ea86b56da075235fa575af6a4b855,0x00000000000000000000000076d85b4c0fc497eecc38902397ac608000a06607,,0x17ba9c08a165a89ffd265406e6c722a2dfc6b05e14c0069e1dbbb98480183b26
107610866,2023-07-31 16:21:49.000 UTC,0x0b2c639c533813f4aa9d7837caf62653d097ff85,0x,0xffa4e6181777692565cf28528fc88fd1516ea86b56da075235fa575af6a4b855,0x000000000000000000000000776198ccf446dfa168347089d7338879273172cf,,0xfbce8478b47bb89218f833bda7984c7d289fe39e221a44ea30d568a8b1c21b53
107610878,2023-07-31 16:22:13.000 UTC,0x0b2c639c533813f4aa9d7837caf62653d097ff85,0x,0xffa4e6181777692565cf28528fc88fd1516ea86b56da075235fa575af6a4b855,0x0000000000000000000000008281aa6795ade17c8973e1aedca380258bc124f9,,0xb5dd30116a5871471786ef7d451e46807a11a4aa6dfafab41b7795f710f971aa
107610885,2023-07-31 16:22:27.000 UTC,0x0b2c639c533813f4aa9d7837caf62653d097ff85,0x,0xffa4e6181777692565cf28528fc88fd1516ea86b56da075235fa575af6a4b855,0x000000000000000000000000833481186f16cece3f1eeea1a694c42034c3a0db,,0xad927912dc2c9071b3428bec91a82118799a1cc75fed7cb2c2d56fc1ab52adb5
107610897,2023-07-31 16:22:51.000 UTC,0x0b2c639c533813f4aa9d7837caf62653d097ff85,0x,0xffa4e6181777692565cf28528fc88fd1516ea86b56da075235fa575af6a4b855,0x00000000000000000000000084443cfd09a48af6ef360c6976c5392ac5023a1f,,0x3c3c09e2762e09b5221261f6e1c3859a56036be1ed88a2002fed989a0b8b0018
107610912,2023-07-31 16:23:21.000 UTC,0x0b2c639c533813f4aa9d7837caf62653d097ff85,0x,0xffa4e6181777692565cf28528fc88fd1516ea86b56da075235fa575af6a4b855,0x00000000000000000000000094be88213a387e992dd87de56950a9aef34b9448,,0x721b6eb151cbc2a81582cfd3d68462d0b63df90d1409890e9a42ea18f1b01a2f
107610921,2023-07-31 16:23:39.000 UTC,0x0b2c639c533813f4aa9d7837caf62653d097ff85,0x,0xffa4e6181777692565cf28528fc88fd1516ea86b56da075235fa575af6a4b855,0x000000000000000000000000a5c2254e4253490c54cef0a4347fddb8f75a4998,,0x5b2c0bbe40cbaf7ac5630532e9e053f67f5a61c98e48a650478d2683c5789e5c
107610932,2023-07-31 16:24:01.000 UTC,0x0b2c639c533813f4aa9d7837caf62653d097ff85,0x,0xffa4e6181777692565cf28528fc88fd1516ea86b56da075235fa575af6a4b855,0x000000000000000000000000af4c0b70b2ea9fb7487c7cbb37ada259579fe040,,0x0ed514a0658b41c54748621bb5a32be65cc9e646b2562aeb1c5ec2914826170b
107610941,2023-07-31 16:24:19.000 UTC,0x0b2c639c533813f4aa9d7837caf62653d097ff85,0x,0xffa4e6181777692565cf28528fc88fd1516ea86b56da075235fa575af6a4b855,0x000000000000000000000000af8d1839c3c67cf571aa74b5c12398d4901147b3,,0x07cfd82ca1c4540d28b7775052a58a18e4d50211738b8d581b2d8a722686efe1
107610974,2023-07-31 16:25:25.000 UTC,0x0b2c639c533813f4aa9d7837caf62653d097ff85,0x,0xffa4e6181777692565cf28528fc88fd1516ea86b56da075235fa575af6a4b855,0x000000000000000000000000cc84179ffd19a1627e79f8648d09e095252bc418,,0x6897d59b4a9ab562a67dc6d8b212f55e0b25978523d5a13ab85fcfb74c2186a0
107610976,2023-07-31 16:25:29.000 UTC,0x0b2c639c533813f4aa9d7837caf62653d097ff85,0x,0xffa4e6181777692565cf28528fc88fd1516ea86b56da075235fa575af6a4b855,0x000000000000000000000000d47438c816c9e7f2e2888e060936a499af9582b3,,0x0027bb550e07ba01a7a4422877e0c465281591ac8c7e0239c79f5137c3c9e3d0
107610979,2023-07-31 16:25:35.000 UTC,0x0b2c639c533813f4aa9d7837caf62653d097ff85,0x,0xffa4e6181777692565cf28528fc88fd1516ea86b56da075235fa575af6a4b855,0x000000000000000000000000d5d6f8d9e784d0e26222ad3834500801a68d027d,,0xbb4127edb6d706e2287f3ea6790222ac8b183cc704d08cf9c4cf90baf2ac27e5
107610981,2023-07-31 16:25:39.000 UTC,0x0b2c639c533813f4aa9d7837caf62653d097ff85,0x,0xffa4e6181777692565cf28528fc88fd1516ea86b56da075235fa575af6a4b855,0x000000000000000000000000df231d99ff8b6c6cbf4e9b9a945cbacef9339178,,0xc237687905b3d1e8da1be5e49bcd802b2297e9d1d36c3ea19684d4957ba4e558
107611017,2023-07-31 16:26:51.000 UTC,0x0b2c639c533813f4aa9d7837caf62653d097ff85,0x,0xffa4e6181777692565cf28528fc88fd1516ea86b56da075235fa575af6a4b855,0x000000000000000000000000edc5d01286f99a066559f60a585406f3878a033e,,0xd7dd03eb8c519cad869f9bf1c0546636c9ba6ed41adcda42778a690cd2e1637d
107611023,2023-07-31 16:27:03.000 UTC,0x0b2c639c533813f4aa9d7837caf62653d097ff85,0x,0xffa4e6181777692565cf28528fc88fd1516ea86b56da075235fa575af6a4b855,0x00000000000000000000000005e0b5b40b7b66098c2161a5ee11c5740a3a7c45,,0x15aa7c764db2ee5aa856872001f388e06f3ee896831a5be837a229b86f06d56a
107611023,2023-07-31 16:27:03.000 UTC,0x0b2c639c533813f4aa9d7837caf62653d097ff85,0x,0xffa4e6181777692565cf28528fc88fd1516ea86b56da075235fa575af6a4b855,0x0000000000000000000000000e3a09dda6b20afbb34ac7cd4a6881493f3e7bf7,,0x26462c0d1ddb30fe0d41dd70a0dd89ee97124fa3e3ec026236fa24b27b515063
107611025,2023-07-31 16:27:07.000 UTC,0x0b2c639c533813f4aa9d7837caf62653d097ff85,0x,0xffa4e6181777692565cf28528fc88fd1516ea86b56da075235fa575af6a4b855,0x000000000000000000000000d0975b32cea532eadddfc9c60481976e39db3472,,0x780f937c0ba4a4b78e9db9329e635f5ba6bdd4750c668446aff14ac2da9efa50
107611028,2023-07-31 16:27:13.000 UTC,0x0b2c639c533813f4aa9d7837caf62653d097ff85,0x,0xffa4e6181777692565cf28528fc88fd1516ea86b56da075235fa575af6a4b855,0x0000000000000000000000001967d8af5bd86a497fb3dd7899a020e47560daaf,,0x83022e4bc5b4c87dc9b88ddcbede934cb0950ce3a80d79c532734539a210c397
107611077,2023-07-31 16:28:51.000 UTC,0x0b2c639c533813f4aa9d7837caf62653d097ff85,0x,0xffa4e6181777692565cf28528fc88fd1516ea86b56da075235fa575af6a4b855,0x00000000000000000000000083e5bc4ffa856bb84bb88581f5dd62a433a25e0d,,0x755cdb77a3e5b7e6e69dd6b457fab6910cd3b2ede2c0fa20a1a556b46628e64e
107611079,2023-07-31 16:28:55.000 UTC,0x0b2c639c533813f4aa9d7837caf62653d097ff85,0x,0xffa4e6181777692565cf28528fc88fd1516ea86b56da075235fa575af6a4b855,0x00000000000000000000000008b2efdcdb8822efe5ad0eae55517cf5dc544251,,0x4ffccc574951e630fc8437f87ec37135b1d80cb111f7391775f75e346f2b3e65
107611082,2023-07-31 16:29:01.000 UTC,0x0b2c639c533813f4aa9d7837caf62653d097ff85,0x,0xffa4e6181777692565cf28528fc88fd1516ea86b56da075235fa575af6a4b855,0x00000000000000000000000004dba1194ee10112fe6c3207c0687def0e78bacf,,0xa49d5149256868a241f8a6c8d6c75dbbb1bceb2712cd980d0c6a027866701023
107611085,2023-07-31 16:29:07.000 UTC,0x0b2c639c533813f4aa9d7837caf62653d097ff85,0x,0xffa4e6181777692565cf28528fc88fd1516ea86b56da075235fa575af6a4b855,0x0000000000000000000000000ee5067b06776a89ccc7dc8ee369984ad7db5e06,,0x6a976e7ab448dfa4adffef4c6a5db89785f1eaaf396d47e282be08550c1c4ac9
107611087,2023-07-31 16:29:11.000 UTC,0x0b2c639c533813f4aa9d7837caf62653d097ff85,0x,0xffa4e6181777692565cf28528fc88fd1516ea86b56da075235fa575af6a4b855,0x000000000000000000000000502371699497d08d5339c870851898d6d72521dd,,0x7595001abc20c25685d05ab197550a0cb655aa71e42ef9421c42c0e8ddf7dcd6
107611131,2023-07-31 16:30:39.000 UTC,0x0b2c639c533813f4aa9d7837caf62653d097ff85,0x,0xffa4e6181777692565cf28528fc88fd1516ea86b56da075235fa575af6a4b855,0x0000000000000000000000005a14e72060c11313e38738009254a90968f58f51,,0xc881456c33bf3a3bc4bc4cccf7fd499de897a2fb85ea056ed3622e9a0719fc16
107611133,2023-07-31 16:30:43.000 UTC,0x0b2c639c533813f4aa9d7837caf62653d097ff85,0x,0xffa4e6181777692565cf28528fc88fd1516ea86b56da075235fa575af6a4b855,0x000000000000000000000000efe301d259f525ca1ba74a7977b80d5b060b3cca,,0xe87e4b10ce70e1770730f220fa8d28ab343ca3c75212fb71b7584d2671f01c9e
107611136,2023-07-31 16:30:49.000 UTC,0x0b2c639c533813f4aa9d7837caf62653d097ff85,0x,0xffa4e6181777692565cf28528fc88fd1516ea86b56da075235fa575af6a4b855,0x00000000000000000000000039d908dac893cbcb53cc86e0ecc369aa4def1a29,,0x71bec7a6f3a9563ca91761e31bea609a74d12a2572f3fc32483575f7f8a56c53
107611139,2023-07-31 16:30:55.000 UTC,0x0b2c639c533813f4aa9d7837caf62653d097ff85,0x,0xffa4e6181777692565cf28528fc88fd1516ea86b56da075235fa575af6a4b855,0x0000000000000000000000004f47bc496083c727c5fbe3ce9cdf2b0f6496270c,,0xc8d1715985a4c51f1800ce85e8b5292912d2e6a9004902008201d17066d400ce
107611141,2023-07-31 16:30:59.000 UTC,0x0b2c639c533813f4aa9d7837caf62653d097ff85,0x,0xffa4e6181777692565cf28528fc88fd1516ea86b56da075235fa575af6a4b855,0x00000000000000000000000038735f03b30fbc022ddd06abed01f0ca823c6a94,,0xd134c7b237cfd70ce0d79f417f171415dd9dca05dbbc73579b81e8c00e9715c3
107611144,2023-07-31 16:31:05.000 UTC,0x0b2c639c533813f4aa9d7837caf62653d097ff85,0x,0xffa4e6181777692565cf28528fc88fd1516ea86b56da075235fa575af6a4b855,0x00000000000000000000000097b1043abd9e6fc31681635166d430a458d14f9c,,0xae3f74983bfd57ee73ec734d562b2dc31c44abe6e04c2f32ab48925bb3692f5f
107611146,2023-07-31 16:31:09.000 UTC,0x0b2c639c533813f4aa9d7837caf62653d097ff85,0x,0xffa4e6181777692565cf28528fc88fd1516ea86b56da075235fa575af6a4b855,0x000000000000000000000000b6f5ec1a0a9cd1526536d3f0426c429529471f40,,0x1f9ee3632afb22f5515a3f463efeac9a08fa56020817b7ff9a076fb31ca6b3f9
107648991,2023-08-01 13:32:39.000 UTC,0x0b2c639c533813f4aa9d7837caf62653d097ff85,0x,0xffa4e6181777692565cf28528fc88fd1516ea86b56da075235fa575af6a4b855,0x000000000000000000000000d71c94052989e209ba713deb66e0a8f72b913b70,,0xf102dd280cc34d12482edb51b35a3e4e15bc33ee218ae0faddc4833b18ee09a9
108640865,2023-08-24 12:35:07.000 UTC,0x0b2c639c533813f4aa9d7837caf62653d097ff85,0x,0xffa4e6181777692565cf28528fc88fd1516ea86b56da075235fa575af6a4b855,0x000000000000000000000000dcbeffbecce100cce9e4b153c4e15cb885643193,,0x1c326eba806279d81c55df32f9d5fb1eb0c2240211db85669be4684dc4d756b8
108640876,2023-08-24 12:35:29.000 UTC,0x0b2c639c533813f4aa9d7837caf62653d097ff85,0x,0xffa4e6181777692565cf28528fc88fd1516ea86b56da075235fa575af6a4b855,0x0000000000000000000000005f48c2a71b2cc96e3f0ccae4e39318ff0dc375b2,,0x235c1a9d055edb44498c94cc2791e575a90290c6dac9a06cab1346a4369ba8a6
108640884,2023-08-24 12:35:45.000 UTC,0x0b2c639c533813f4aa9d7837caf62653d097ff85,0x,0xffa4e6181777692565cf28528fc88fd1516ea86b56da075235fa575af6a4b855,0x0000000000000000000000005a7a51bfb49f190e5a6060a5bc6052ac14a3b59f,,0x12dba6000c6457c29a61606865079ce33013d51f09540d58c501c347bcbacf2a
108640892,2023-08-24 12:36:01.000 UTC,0x0b2c639c533813f4aa9d7837caf62653d097ff85,0x,0xffa4e6181777692565cf28528fc88fd1516ea86b56da075235fa575af6a4b855,0x000000000000000000000000ed6e0a7e4ac94d976eebfb82ccf777a3c6bad921,,0x23dadceb2c8cae0d2390a4446e42a1b959eded4f80c214cfb73d2370d705614a
108640904,2023-08-24 12:36:25.000 UTC,0x0b2c639c533813f4aa9d7837caf62653d097ff85,0x,0xffa4e6181777692565cf28528fc88fd1516ea86b56da075235fa575af6a4b855,0x000000000000000000000000797d7ae72ebddcdea2a346c1834e04d1f8df102b,,0x09dc41d694cfa9a9461e981d105fa109d0f14684f8417c020ac63a4cb9992f0b
108640913,2023-08-24 12:36:43.000 UTC,0x0b2c639c533813f4aa9d7837caf62653d097ff85,0x,0xffa4e6181777692565cf28528fc88fd1516ea86b56da075235fa575af6a4b855,0x000000000000000000000000931546d9e66836abf687d2bc64b30407bac8c568,,0xbfb07d23f501f70756e643d0a5644c2fa82b63ed62b51c3e90375381516b8360
108640937,2023-08-24 12:37:31.000 UTC,0x0b2c639c533813f4aa9d7837caf62653d097ff85,0x,0xffa4e6181777692565cf28528fc88fd1516ea86b56da075235fa575af6a4b855,0x00000000000000000000000043fa21d92141ba9db43052492e0deee5aa5f0a93,,0x6b581212687bb97a466fdcc2a0d8a5e0e7298b839aabcc56f3b2644ec77c7a3b
108640945,2023-08-24 12:37:47.000 UTC,0x0b2c639c533813f4aa9d7837caf62653d097ff85,0x,0xffa4e6181777692565cf28528fc88fd1516ea86b56da075235fa575af6a4b855,0x0000000000000000000000006be0ae71e6c41f2f9d0d1a3b8d0f75e6f6a0b46e,,0xe81af97864650950233b567ce2eb29ad5f20bcd861775850dadb10268003c64b
110108480,2023-09-27 11:55:37.000 UTC,0x0b2c639c533813f4aa9d7837caf62653d097ff85,0x,0xffa4e6181777692565cf28528fc88fd1516ea86b56da075235fa575af6a4b855,0x0000000000000000000000009c2bc757b66f24d60f016b6237f8cdd414a879fa,,0x07e1b0f2bb0c74042546ea29a54547b2aff8cde51f9d019c7a0113c3d518b07f
110393529,2023-10-04 02:17:15.000 UTC,0x0b2c639c533813f4aa9d7837caf62653d097ff85,0x,0xffa4e6181777692565cf28528fc88fd1516ea86b56da075235fa575af6a4b855,0x000000000000000000000000530a64c0ce595026a4a556b703644228179e2d57,,0xdfce08bb4418c5d792f07f76bd1c3bfd315edb89185302656356e3bd9c9a38fb
110393545,2023-10-04 02:17:47.000 UTC,0x0b2c639c533813f4aa9d7837caf62653d097ff85,0x,0xffa4e6181777692565cf28528fc88fd1516ea86b56da075235fa575af6a4b855,0x0000000000000000000000002e13ea767da12f504ceaaaebe5950488498dc2d2,,0x8a68350caae8393354b06546b38fe25b4364f0ec000478bcaab9bae0dfce18ee
110393552,2023-10-04 02:18:01.000 UTC,0x0b2c639c533813f4aa9d7837caf62653d097ff85,0x,0xffa4e6181777692565cf28528fc88fd1516ea86b56da075235fa575af6a4b855,0x0000000000000000000000007de5ab1914e241177344936dc33b4a8157c98248,,0x0a128f088c9d421c1b94f5a3f205ea01adb01ab753f415ec442f28cc59fd40ef
110393560,2023-10-04 02:18:17.000 UTC,0x0b2c639c533813f4aa9d7837caf62653d097ff85,0x,0xffa4e6181777692565cf28528fc88fd1516ea86b56da075235fa575af6a4b855,0x000000000000000000000000fac583c0cf07ea434052c49115a4682172ab6b4f,,0xab0ca5b535ed2d1e41afb4806faca1c5824906aadf5cd450d1db949cc1e67c16
110393669,2023-10-04 02:21:55.000 UTC,0x0b2c639c533813f4aa9d7837caf62653d097ff85,0x,0xffa4e6181777692565cf28528fc88fd1516ea86b56da075235fa575af6a4b855,0x000000000000000000000000961c5be54a2ffc17cf4cb021d863c42dacd47fc1,,0x10bc70b5249f9ba7c30a54e230188c9a3d2682c1fed50a690b1886d2823354ae
110393669,2023-10-04 02:21:55.000 UTC,0x0b2c639c533813f4aa9d7837caf62653d097ff85,0x,0xffa4e6181777692565cf28528fc88fd1516ea86b56da075235fa575af6a4b855,0x000000000000000000000000be5e683633ddd17d8a89b4e10860a0e426c5ed24,,0x58637b63d146906cfd9f3910f51f33582a34df00e3c07632f8da6c91d7e5b65a
110393714,2023-10-04 02:23:25.000 UTC,0x0b2c639c533813f4aa9d7837caf62653d097ff85,0x,0xffa4e6181777692565cf28528fc88fd1516ea86b56da075235fa575af6a4b855,0x000000000000000000000000a6cc8ab881debc3c9e8adb32549d0cbe614168c5,,0x6e8d988864d0d947e4ba65e8e9dc302d52b5c1ee9c60275d9410a931a2617a02
110393724,2023-10-04 02:23:45.000 UTC,0x0b2c639c533813f4aa9d7837caf62653d097ff85,0x,0xffa4e6181777692565cf28528fc88fd1516ea86b56da075235fa575af6a4b855,0x000000000000000000000000983a81ca6fb1e441266d2fbcb7d8e530ac2e05a2,,0xe75b1ebb6d943923dc9fad8041d9e86ee44179f08bfec1e94c76bd615cab5404
115827593,2024-02-06 21:12:43.000 UTC,0x0b2c639c533813f4aa9d7837caf62653d097ff85,0x,0x117e3210bb9aa7d9baff172026820255c6f6c30ba8999d1c2fd88e2848137c4e,0x0000000000000000000000006acdfba02d390b97ac2b2d42a63e85293bcc160e,,0x9adb8b8326401542d0d10a4cd3b9b7d37fce11f204ae4cfaa25488052ac7bb0e
116460038,2024-02-21 12:34:13.000 UTC,0x0b2c639c533813f4aa9d7837caf62653d097ff85,0x,0xffa4e6181777692565cf28528fc88fd1516ea86b56da075235fa575af6a4b855,0x000000000000000000000000f3701f445b6bdafedbca97d1e477357839e4120d,,0xf1c8d6b342c8ea24382e3dda9d7372ff6b98a901a711864eb2a80f076f3b013a
117713363,2024-03-21 12:51:43.000 UTC,0x0b2c639c533813f4aa9d7837caf62653d097ff85,0x,0xffa4e6181777692565cf28528fc88fd1516ea86b56da075235fa575af6a4b855,0x0000000000000000000000002f04f39923a77430eca036e14ce44dbd11175747,,0xff25a3849bc04d36c9a21c8dc4133ae13e8c1478a296b59864a9d74a99930c9f
117713374,2024-03-21 12:52:05.000 UTC,0x0b2c639c533813f4aa9d7837caf62653d097ff85,0x,0xffa4e6181777692565cf28528fc88fd1516ea86b56da075235fa575af6a4b855,0x0000000000000000000000007be6fe8c528273a3a072a538e12c08500bf4d328,,0x1ae34288ad2ab372e584bdd98b72c8a4b4890684bf49cfcbb92ac08e456dce12
117971426,2024-03-27 12:13:49.000 UTC,0x0b2c639c533813f4aa9d7837caf62653d097ff85,0x,0xffa4e6181777692565cf28528fc88fd1516ea86b56da075235fa575af6a4b855,0x000000000000000000000000dda5554510366179ddb442b8a82bc737c3ac77c5,,0x45d83683c5552188d254fcd3f074d296615a2d0e51f429949f2892448ef6fc7e
117990787,2024-03-27 22:59:11.000 UTC,0x0b2c639c533813f4aa9d7837caf62653d097ff85,0x,0xffa4e6181777692565cf28528fc88fd1516ea86b56da075235fa575af6a4b855,0x000000000000000000000000175d44451403edf28469df03a9280c1197adb92c,,0x0988f095a522fada804e882fab89194495d195fedab10fbfa8688176afd5acb5
117990813,2024-03-27 23:00:03.000 UTC,0x0b2c639c533813f4aa9d7837caf62653d097ff85,0x,0xffa4e6181777692565cf28528fc88fd1516ea86b56da075235fa575af6a4b855,0x0000000000000000000000004576847b1cf999843ba6620815e65a9c5e8a4021,,0xa20c9f73aca6c534718f959dc46cc9b6767e6316e517ac9d796e89c5da164a55
117990843,2024-03-27 23:01:03.000 UTC,0x0b2c639c533813f4aa9d7837caf62653d097ff85,0x,0xffa4e6181777692565cf28528fc88fd1516ea86b56da075235fa575af6a4b855,0x000000000000000000000000e950dc316b836e4eefb8308bf32bf7c72a1358ff,,0x6e2a2e20637c022e8bf31af96f6cdb66f8fc0acf40a2bdb039f7715a11994bf2
117990865,2024-03-27 23:01:47.000 UTC,0x0b2c639c533813f4aa9d7837caf62653d097ff85,0x,0xffa4e6181777692565cf28528fc88fd1516ea86b56da075235fa575af6a4b855,0x0000000000000000000000004ea7eefc2dcb250c1f069ecaf1e2ae3488059ac2,,0xa40ff9e8ad20f293b841b3279fe7fdaa6779ffb25079e448e0e45bae9953b369
117990920,2024-03-27 23:03:37.000 UTC,0x0b2c639c533813f4aa9d7837caf62653d097ff85,0x,0xffa4e6181777692565cf28528fc88fd1516ea86b56da075235fa575af6a4b855,0x000000000000000000000000c24ec5a84cae3d3418b34a1e30b3372c4b25bd0f,,0x94d5b422126eceeede6380f69b79ca9f30434f54e6865effdf90ce9cd30e44b9
117990933,2024-03-27 23:04:03.000 UTC,0x0b2c639c533813f4aa9d7837caf62653d097ff85,0x,0xffa4e6181777692565cf28528fc88fd1516ea86b56da075235fa575af6a4b855,0x00000000000000000000000021b8d56bda776bbe68655a16895afd96f5534fed,,0xcff13562ab1c7c3b88c13b56a6dd59a55eb69678d3f302176e33d70cab498ea3
119405627,2024-04-29 17:00:31.000 UTC,0x0b2c639c533813f4aa9d7837caf62653d097ff85,0x,0xffa4e6181777692565cf28528fc88fd1516ea86b56da075235fa575af6a4b855,0x0000000000000000000000006a1544f72a2a275715e8d5924e6d8a017f0e41ed,,0x8eca190c59c0db54a43f99ec7af873075d9ee5df89abfe06d1e172ea4d0cf09c
119541167,2024-05-02 20:18:31.000 UTC,0x0b2c639c533813f4aa9d7837caf62653d097ff85,0x,0xffa4e6181777692565cf28528fc88fd1516ea86b56da075235fa575af6a4b855,0x00000000000000000000000019f8f2b0915daa12a3f5c9cf01df9e24d53794f7,,0x74a9fcf0e59aa592fc735684f987009c5fd5dab923e5a9eb79800b7005b9c0ed
119541189,2024-05-02 20:19:15.000 UTC,0x0b2c639c533813f4aa9d7837caf62653d097ff85,0x,0xffa4e6181777692565cf28528fc88fd1516ea86b56da075235fa575af6a4b855,0x0000000000000000000000003e14d41891a30ac7473556d7c3256a5ddf9ef1aa,,0xbda3b55d0e5bdaadae004b79863e3decb75d8995e2e6fd3ed44de261da455ecf
120674560,2024-05-29 01:58:17.000 UTC,0x0b2c639c533813f4aa9d7837caf62653d097ff85,0x,0xffa4e6181777692565cf28528fc88fd1516ea86b56da075235fa575af6a4b855,0x000000000000000000000000e1d865c3d669dcc8c57c8d023140cb204e672ee4,,0xe1851371d5c7f80ebc93e486e247fcee0fcd77f50b39745d535e4543fb97e645
120674563,2024-05-29 01:58:23.000 UTC,0x0b2c639c533813f4aa9d7837caf62653d097ff85,0x,0xffa4e6181777692565cf28528fc88fd1516ea86b56da075235fa575af6a4b855,0x0000000000000000000000000e6b8e34dc115a2848f585851af23d99d09b8463,,0xacb461d02a71c85bc71e2863a95ab946a36e590281829e57b2c0f4e4b1852cfa
124433447,2024-08-24 02:14:31.000 UTC,0x0b2c639c533813f4aa9d7837caf62653d097ff85,0x,0xffa4e6181777692565cf28528fc88fd1516ea86b56da075235fa575af6a4b855,0x00000000000000000000000071d2e218a56a1c0c12e1ff4b4c2731a1c3a4f4ce,,0xd1c63dc3fc332b89233268acf5a2cbcd466fbca969c424c2acbefc84a58ea2e7
125903689,2024-09-27 03:02:35.000 UTC,0x0b2c639c533813f4aa9d7837caf62653d097ff85,0x,0xffa4e6181777692565cf28528fc88fd1516ea86b56da075235fa575af6a4b855,0x0000000000000000000000000931ca4d13bb4ba75d9b7132ab690265d749a5e7,,0x4ce3a19ed09e69614e3e838ba8d10c8d77f07fd25e08d3cc5568f864cce73017
125903697,2024-09-27 03:02:51.000 UTC,0x0b2c639c533813f4aa9d7837caf62653d097ff85,0x,0xffa4e6181777692565cf28528fc88fd1516ea86b56da075235fa575af6a4b855,0x000000000000000000000000bff703730a21167e430ff151128592a98786b9b4,,0x0842b2bc9a544eef26b70c0d3305bd2cbfbccafeca3ef290d57ab897492aec91
128889328,2024-12-05 05:43:53.000 UTC,0x0b2c639c533813f4aa9d7837caf62653d097ff85,0x,0xffa4e6181777692565cf28528fc88fd1516ea86b56da075235fa575af6a4b855,0x000000000000000000000000282ae5965fe400f3cb929182e0963f3794df01fc,,0xbaa5449658997764258a288ca11d85a3f2aae5c6718a6802b4dd472785fa699a
128889458,2024-12-05 05:48:13.000 UTC,0x0b2c639c533813f4aa9d7837caf62653d097ff85,0x,0xffa4e6181777692565cf28528fc88fd1516ea86b56da075235fa575af6a4b855,0x0000000000000000000000001999ef52700c34de7ec2b68a28aafb37db0c5ade,,0x9cf772cb10e8f2546d8ad995b17815967b9eead0a50ad01ab441ec7824cbd6e8
129534386,2024-12-20 04:05:49.000 UTC,0x0b2c639c533813f4aa9d7837caf62653d097ff85,0x,0xffa4e6181777692565cf28528fc88fd1516ea86b56da075235fa575af6a4b855,0x000000000000000000000000721537670ae01aa0d60585457b7534025b0041ac,,0x91bc457ad0678327e2d090dc6a1f9343fdb53b93429b7a3335e3dc363f424cb2
129534397,2024-12-20 04:06:11.000 UTC,0x0b2c639c533813f4aa9d7837caf62653d097ff85,0x,0xffa4e6181777692565cf28528fc88fd1516ea86b56da075235fa575af6a4b855,0x00000000000000000000000054b475ef92f861975945954bfa1080dda9cd346e,,0xadf1cd5ef0482f625f9ce172fa6d47adb48c99a844fc336a0828cb0e2fdc5874
129534407,2024-12-20 04:06:31.000 UTC,0x0b2c639c533813f4aa9d7837caf62653d097ff85,0x,0xffa4e6181777692565cf28528fc88fd1516ea86b56da075235fa575af6a4b855,0x000000000000000000000000d19df746fd2a145588b3a22672bacfd2e5454f61,,0x6a100b66d25c0e9621fa2ab289f01906b96f9267e5e7d85eb4f021b0e81877b8
129534417,2024-12-20 04:06:51.000 UTC,0x0b2c639c533813f4aa9d7837caf62653d097ff85,0x,0xffa4e6181777692565cf28528fc88fd1516ea86b56da075235fa575af6a4b855,0x000000000000000000000000bc92595dd3e8f5092471c99b9084a72d333c7d07,,0x355d71f32352b56e950f39adf552c2cbe474d93c746fe2d1e0d6afafc0c35bef
129534428,2024-12-20 04:07:13.000 UTC,0x0b2c639c533813f4aa9d7837caf62653d097ff85,0x,0xffa4e6181777692565cf28528fc88fd1516ea86b56da075235fa575af6a4b855,0x0000000000000000000000003a0245de38273e7852dce97de3bae18c0010013e,,0x2570a009aa422a0ef7ff8068f2bd0c85c08c2a9c501c3c78096ecc941fd25b09
132418866,2025-02-24 22:35:09.000 UTC,0x0b2c639c533813f4aa9d7837caf62653d097ff85,0x,0xffa4e6181777692565cf28528fc88fd1516ea86b56da075235fa575af6a4b855,0x000000000000000000000000002471b8a185f9980708d0eaec5b289714f56f8d,,0xce215fba19bdaabc2adca90684e9f558e36239ae8852d2ea8f74aa326cb8e667
132418882,2025-02-24 22:35:41.000 UTC,0x0b2c639c533813f4aa9d7837caf62653d097ff85,0x,0xffa4e6181777692565cf28528fc88fd1516ea86b56da075235fa575af6a4b855,0x0000000000000000000000003051ca7cb7f6c599fa2f27385ad75010cf0f2bbf,,0xe3348c4480570ebe7ffb2b0b73aea7c4757d1a228181623774dd81098dc1503c
132418892,2025-02-24 22:36:01.000 UTC,0x0b2c639c533813f4aa9d7837caf62653d097ff85,0x,0xffa4e6181777692565cf28528fc88fd1516ea86b56da075235fa575af6a4b855,0x0000000000000000000000000078ef2d7baf87bf6c4ca49b19efd1e05f57ac30,,0xf5cdbfd9ebd8e312504f597923e76e1abd666740dcf33b65fc5434de24be75cc
133502775,2025-03-22 00:45:27.000 UTC,0x0b2c639c533813f4aa9d7837caf62653d097ff85,0x,0x117e3210bb9aa7d9baff172026820255c6f6c30ba8999d1c2fd88e2848137c4e,0x0000000000000000000000008589427373d6d84e98730d7795d8f6f8731fda16,,0x9eacfc58b357ee4f5d57531d39aa314228e4f72b0486ea53652099af7f582e7a
133502789,2025-03-22 00:45:55.000 UTC,0x0b2c639c533813f4aa9d7837caf62653d097ff85,0x,0x117e3210bb9aa7d9baff172026820255c6f6c30ba8999d1c2fd88e2848137c4e,0x000000000000000000000000722122df12d4e14e13ac3b6895a86e84145b6967,,0x8fa60bff5ed622a9dfd4f4ac21ae723859d772f310ac1e3d70063df457b6404c
133502798,2025-03-22 00:46:13.000 UTC,0x0b2c639c533813f4aa9d7837caf62653d097ff85,0x,0x117e3210bb9aa7d9baff172026820255c6f6c30ba8999d1c2fd88e2848137c4e,0x000000000000000000000000dd4c48c0b24039969fc16d1cdf626eab821d3384,,0x77767cf7bb632dcc55859d5d4b19aaed6a7885606cc8556c7f303bffce8483ed
133502805,2025-03-22 00:46:27.000 UTC,0x0b2c639c533813f4aa9d7837caf62653d097ff85,0x,0x117e3210bb9aa7d9baff172026820255c6f6c30ba8999d1c2fd88e2848137c4e,0x000000000000000000000000d90e2f925da726b50c4ed8d0fb90ad053324f31b,,0xff786ea138ed921c173a1e9e1d15135233cf7e868e90574aa003439e6df665cf
133502814,2025-03-22 00:46:45.000 UTC,0x0b2c639c533813f4aa9d7837caf62653d097ff85,0x,0x117e3210bb9aa7d9baff172026820255c6f6c30ba8999d1c2fd88e2848137c4e,0x000000000000000000000000d96f2b1c14db8458374d9aca76e26c3d18364307,,0x7ccf0fa5bba11e95a777e2dce38244b879109cc2200650cf270afa11c946722c
133502824,2025-03-22 00:47:05.000 UTC,0x0b2c639c533813f4aa9d7837caf62653d097ff85,0x,0x117e3210bb9aa7d9baff172026820255c6f6c30ba8999d1c2fd88e2848137c4e,0x0000000000000000000000004736dcf1b7a3d580672cce6e7c65cd5cc9cfba9d,,0x467ad664eb59f6e7c74f01139aa60f3a03d9ff39e6d4d6baeec4ce759915b69c
133502831,2025-03-22 00:47:19.000 UTC,0x0b2c639c533813f4aa9d7837caf62653d097ff85,0x,0x117e3210bb9aa7d9baff172026820255c6f6c30ba8999d1c2fd88e2848137c4e,0x000000000000000000000000d4b88df4d29f5cedd6857912842cff3b20c8cfa3,,0xe0c3845b4e76b194f43de0ee26af5820c17756d4606cfbfeea7e1f17037eaa4a
133502838,2025-03-22 00:47:33.000 UTC,0x0b2c639c533813f4aa9d7837caf62653d097ff85,0x,0x117e3210bb9aa7d9baff172026820255c6f6c30ba8999d1c2fd88e2848137c4e,0x000000000000000000000000910cbd523d972eb0a6f4cae4618ad62622b39dbf,,0x7427945263f915303843040129a4769548eefe5a4450c4d140d9a62862dc3f66
133502848,2025-03-22 00:47:53.000 UTC,0x0b2c639c533813f4aa9d7837caf62653d097ff85,0x,0x117e3210bb9aa7d9baff172026820255c6f6c30ba8999d1c2fd88e2848137c4e,0x000000000000000000000000a160cdab225685da1d56aa342ad8841c3b53f291,,0xd0867403400c1b721f6473ee1b1e6315c3f86fb5e8bf58aab4943ab422530591
133502855,2025-03-22 00:48:07.000 UTC,0x0b2c639c533813f4aa9d7837caf62653d097ff85,0x,0x117e3210bb9aa7d9baff172026820255c6f6c30ba8999d1c2fd88e2848137c4e,0x000000000000000000000000fd8610d20aa15b7b2e3be39b396a1bc3516c7144,,0x9c07d4cfdceda5f616645c4ec9045a1403cc14bbe24a61ec984eea9035d27b4f
133502862,2025-03-22 00:48:21.000 UTC,0x0b2c639c533813f4aa9d7837caf62653d097ff85,0x,0x117e3210bb9aa7d9baff172026820255c6f6c30ba8999d1c2fd88e2848137c4e,0x000000000000000000000000f60dd140cff0706bae9cd734ac3ae76ad9ebc32a,,0x4dd9919e56afb1d18be9bfb97a1d9952f926393495fa26c14a3c4104a2e0f761
133502870,2025-03-22 00:48:37.000 UTC,0x0b2c639c533813f4aa9d7837caf62653d097ff85,0x,0x117e3210bb9aa7d9baff172026820255c6f6c30ba8999d1c2fd88e2848137c4e,0x00000000000000000000000022aaa7720ddd5388a3c0a3333430953c68f1849b,,0x5608f417fc01cf771fddbc2d68334de42881862c2f366e8b6e632c04ae629be1
133502879,2025-03-22 00:48:55.000 UTC,0x0b2c639c533813f4aa9d7837caf62653d097ff85,0x,0x117e3210bb9aa7d9baff172026820255c6f6c30ba8999d1c2fd88e2848137c4e,0x000000000000000000000000ba214c1c1928a32bffe790263e38b4af9bfcd659,,0xa53091ad4343c4543ca26f031f4219c822195d3d272674ed581dd3ac8c7089de
133502887,2025-03-22 00:49:11.000 UTC,0x0b2c639c533813f4aa9d7837caf62653d097ff85,0x,0x117e3210bb9aa7d9baff172026820255c6f6c30ba8999d1c2fd88e2848137c4e,0x000000000000000000000000b1c8094b234dce6e03f10a5b673c1d8c69739a00,,0x6413dd33e726fce22f5ac0f950ca3ba79cc187b3cfcf7028c2a060b97d543a2b
133502895,2025-03-22 00:49:27.000 UTC,0x0b2c639c533813f4aa9d7837caf62653d097ff85,0x,0x117e3210bb9aa7d9baff172026820255c6f6c30ba8999d1c2fd88e2848137c4e,0x000000000000000000000000527653ea119f3e6a1f5bd18fbf4714081d7b31ce,,0x2338fb6b158139c2ae3e53590204563c92a470eaaa523c7db742cd0cd0e10a5f
133502903,2025-03-22 00:49:43.000 UTC,0x0b2c639c533813f4aa9d7837caf62653d097ff85,0x,0x117e3210bb9aa7d9baff172026820255c6f6c30ba8999d1c2fd88e2848137c4e,0x00000000000000000000000058e8dcc13be9780fc42e8723d8ead4cf46943df2,,0xfddb2942def1317455848efa48771623237e22151d6e8a4dbaffe09258ea32d6
133502913,2025-03-22 00:50:03.000 UTC,0x0b2c639c533813f4aa9d7837caf62653d097ff85,0x,0x117e3210bb9aa7d9baff172026820255c6f6c30ba8999d1c2fd88e2848137c4e,0x000000000000000000000000d691f27f38b395864ea86cfc7253969b409c362d,,0x1040fdad2ea2fb835e90bdd877216a67a88dce5c70d4256b62aa916da36436cc
133502921,2025-03-22 00:50:19.000 UTC,0x0b2c639c533813f4aa9d7837caf62653d097ff85,0x,0x117e3210bb9aa7d9baff172026820255c6f6c30ba8999d1c2fd88e2848137c4e,0x000000000000000000000000aeaac358560e11f52454d997aaff2c5731b6f8a6,,0x29896dc71d10eb3f66a7b29f783a5f2784ed3776ccbeca52bea1602fd6c7641e
133502928,2025-03-22 00:50:33.000 UTC,0x0b2c639c533813f4aa9d7837caf62653d097ff85,0x,0x117e3210bb9aa7d9baff172026820255c6f6c30ba8999d1c2fd88e2848137c4e,0x0000000000000000000000001356c899d8c9467c7f71c195612f8a395abf2f0a,,0x9cf4b2584466a9f005d2ba08d9da96820e4b7e7c70f0757447b51a6dd570c2e9
133502936,2025-03-22 00:50:49.000 UTC,0x0b2c639c533813f4aa9d7837caf62653d097ff85,0x,0x117e3210bb9aa7d9baff172026820255c6f6c30ba8999d1c2fd88e2848137c4e,0x000000000000000000000000a60c772958a3ed56c1f15dd055ba37ac8e523a0d,,0x386e85456327e697a7098483e58d3e869db61f5cae8f43e232de225068058f11
133502944,2025-03-22 00:51:05.000 UTC,0x0b2c639c533813f4aa9d7837caf62653d097ff85,0x,0x117e3210bb9aa7d9baff172026820255c6f6c30ba8999d1c2fd88e2848137c4e,0x000000000000000000000000169ad27a470d064dede56a2d3ff727986b15d52b,,0x8061f0cab83b8e8972c3356a6b91532acdbd09d6c68b341da144e6f01ee3d987
133502952,2025-03-22 00:51:21.000 UTC,0x0b2c639c533813f4aa9d7837caf62653d097ff85,0x,0x117e3210bb9aa7d9baff172026820255c6f6c30ba8999d1c2fd88e2848137c4e,0x0000000000000000000000000836222f2b2b24a3f36f98668ed8f0b38d1a872f,,0x0efe64060b498930c3326407e469866bcbb5e1e55fe89bf42d410c307b6f1e5f
133502961,2025-03-22 00:51:39.000 UTC,0x0b2c639c533813f4aa9d7837caf62653d097ff85,0x,0x117e3210bb9aa7d9baff172026820255c6f6c30ba8999d1c2fd88e2848137c4e,0x000000000000000000000000f67721a2d8f736e75a49fdd7fad2e31d8676542a,,0x1a8966f9107135f91d37956c7e3b627fd6a1d8b8d781c12aa0dca2e2b018a418
133502968,2025-03-22 00:51:53.000 UTC,0x0b2c639c533813f4aa9d7837caf62653d097ff85,0x,0x117e3210bb9aa7d9baff172026820255c6f6c30ba8999d1c2fd88e2848137c4e,0x0000000000000000000000009ad122c22b14202b4490edaf288fdb3c7cb3ff5e,,0x4d07135d6c03c63011fb81ee59cdd46b2df9b58342d3fd3d500d72bd26ef8fbf
133502976,2025-03-22 00:52:09.000 UTC,0x0b2c639c533813f4aa9d7837caf62653d097ff85,0x,0x117e3210bb9aa7d9baff172026820255c6f6c30ba8999d1c2fd88e2848137c4e,0x00000000000000000000000007687e702b410fa43f4cb4af7fa097918ffd2730,,0x3478920179e692c06857d0b85fccf3470acc2a6c8c9006b49c24f8ab460fe40d
133502984,2025-03-22 00:52:25.000 UTC,0x0b2c639c533813f4aa9d7837caf62653d097ff85,0x,0x117e3210bb9aa7d9baff172026820255c6f6c30ba8999d1c2fd88e2848137c4e,0x00000000000000000000000094a1b5cdb22c43faab4abeb5c74999895464ddaf,,0x5d7d1d2403d98bce91c3ee3346cefc7ed83f57d5a6c97aeb22223920fc4d03c1
133502992,2025-03-22 00:52:41.000 UTC,0x0b2c639c533813f4aa9d7837caf62653d097ff85,0x,0x117e3210bb9aa7d9baff172026820255c6f6c30ba8999d1c2fd88e2848137c4e,0x000000000000000000000000b541fc07bc7619fd4062a54d96268525cbc6ffef,,0xca76cd7b314902247c425460e3e4f1aa3697e58664a5063e7066f1424abd9a16
133503001,2025-03-22 00:52:59.000 UTC,0x0b2c639c533813f4aa9d7837caf62653d097ff85,0x,0x117e3210bb9aa7d9baff172026820255c6f6c30ba8999d1c2fd88e2848137c4e,0x00000000000000000000000012d66f87a04a9e220743712ce6d9bb1b5616b8fc,,0x03a32af152c6a274cce21c2911c6334e0ff17b22d4bbe35131a99792ffaa6909
133503008,2025-03-22 00:53:13.000 UTC,0x0b2c639c533813f4aa9d7837caf62653d097ff85,0x,0x117e3210bb9aa7d9baff172026820255c6f6c30ba8999d1c2fd88e2848137c4e,0x00000000000000000000000047ce0c6ed5b0ce3d3a51fdb1c52dc66a7c3c2936,,0x9734739ddb33472e07af12303dcbe0d7605f26068f1e9569aae49190dfb0f2f1
133503016,2025-03-22 00:53:29.000 UTC,0x0b2c639c533813f4aa9d7837caf62653d097ff85,0x,0x117e3210bb9aa7d9baff172026820255c6f6c30ba8999d1c2fd88e2848137c4e,0x00000000000000000000000023773e65ed146a459791799d01336db287f25334,,0x4c4712c959b7e5928eb737fcdbeabab9325695810260170ceef7278c51512cde
133503024,2025-03-22 00:53:45.000 UTC,0x0b2c639c533813f4aa9d7837caf62653d097ff85,0x,0x117e3210bb9aa7d9baff172026820255c6f6c30ba8999d1c2fd88e2848137c4e,0x000000000000000000000000d21be7248e0197ee08e0c20d4a96debdac3d20af,,0xc18265a534289aff18543e21e007ca890efff444615d348e077922300a0c5a77
133503032,2025-03-22 00:54:01.000 UTC,0x0b2c639c533813f4aa9d7837caf62653d097ff85,0x,0x117e3210bb9aa7d9baff172026820255c6f6c30ba8999d1c2fd88e2848137c4e,0x000000000000000000000000610b717796ad172b316836ac95a2ffad065ceab4,,0x5bdb23a7f1d11cc7f10641721bf98f2edaeedd398e551abb9ee3c74be4266b76
133503039,2025-03-22 00:54:15.000 UTC,0x0b2c639c533813f4aa9d7837caf62653d097ff85,0x,0x117e3210bb9aa7d9baff172026820255c6f6c30ba8999d1c2fd88e2848137c4e,0x000000000000000000000000178169b423a011fff22b9e3f3abea13414ddd0f1,,0x31f4e7fdb8c95e2ffd3b1722e916973cc984ddd087228ad108f876a38ff7bbd3
133503047,2025-03-22 00:54:31.000 UTC,0x0b2c639c533813f4aa9d7837caf62653d097ff85,0x,0x117e3210bb9aa7d9baff172026820255c6f6c30ba8999d1c2fd88e2848137c4e,0x000000000000000000000000bb93e510bbcd0b7beb5a853875f9ec60275cf498,,0x904660fa397186b2929b4b53a7045ecdce030842ef34868fd28f1deb1118d362
133503055,2025-03-22 00:54:47.000 UTC,0x0b2c639c533813f4aa9d7837caf62653d097ff85,0x,0x117e3210bb9aa7d9baff172026820255c6f6c30ba8999d1c2fd88e2848137c4e,0x0000000000000000000000002717c5e28cf931547b621a5dddb772ab6a35b701,,0x3406801740dd6a9b7364e5cb90c6be51fab4e7c7ffb31295f543f6e3c4e1a4d8
133503065,2025-03-22 00:55:07.000 UTC,0x0b2c639c533813f4aa9d7837caf62653d097ff85,0x,0x117e3210bb9aa7d9baff172026820255c6f6c30ba8999d1c2fd88e2848137c4e,0x00000000000000000000000003893a7c7463ae47d46bc7f091665f1893656003,,0x7b2277d06e734ed5eb077aa5b86dfb771253ff7ead89af09d2d0ae9bea9034ed
133503075,2025-03-22 00:55:27.000 UTC,0x0b2c639c533813f4aa9d7837caf62653d097ff85,0x,0x117e3210bb9aa7d9baff172026820255c6f6c30ba8999d1c2fd88e2848137c4e,0x000000000000000000000000ca0840578f57fe71599d29375e16783424023357,,0x1ecef73367e967f32bd85806f5c6ea84f5c847d6c5da442c3c57b2d74d52c632
133503081,2025-03-22 00:55:39.000 UTC,0x0b2c639c533813f4aa9d7837caf62653d097ff85,0x,0x117e3210bb9aa7d9baff172026820255c6f6c30ba8999d1c2fd88e2848137c4e,0x00000000000000000000000001e2919679362dfbc9ee1644ba9c6da6d6245bb1,,0x7b3b373390bd551fe5f4783df1bdab91b2ad4a3fc929173dbc04917cedcc5597
133503092,2025-03-22 00:56:01.000 UTC,0x0b2c639c533813f4aa9d7837caf62653d097ff85,0x,0x117e3210bb9aa7d9baff172026820255c6f6c30ba8999d1c2fd88e2848137c4e,0x00000000000000000000000009193888b3f38c82dedfda55259a82c0e7de875e,,0xa9db50dff1d9dda4ccc1d5416ea6482366d329f38bb2c54f51add8ea689c310e
133503100,2025-03-22 00:56:17.000 UTC,0x0b2c639c533813f4aa9d7837caf62653d097ff85,0x,0x117e3210bb9aa7d9baff172026820255c6f6c30ba8999d1c2fd88e2848137c4e,0x000000000000000000000000179f48c78f57a3a78f0608cc9197b8972921d1d2,,0x5cbb5a11dfbaf413471a7acf2abbfd753334e2ddb377fec133a5eacf0449f08e
133503107,2025-03-22 00:56:31.000 UTC,0x0b2c639c533813f4aa9d7837caf62653d097ff85,0x,0x117e3210bb9aa7d9baff172026820255c6f6c30ba8999d1c2fd88e2848137c4e,0x0000000000000000000000002573bac39ebe2901b4389cd468f2872cf7767faf,,0x7800d92bf29fa67cbaaa08d9ace42d4f47444c10fe4366983b3934f8133466a1
133503114,2025-03-22 00:56:45.000 UTC,0x0b2c639c533813f4aa9d7837caf62653d097ff85,0x,0x117e3210bb9aa7d9baff172026820255c6f6c30ba8999d1c2fd88e2848137c4e,0x00000000000000000000000026903a5a198d571422b2b4ea08b56a37cbd68c89,,0xd1dd5af20e03e96406c2938cad325ecef2f8efdbd6f1b04477246b182e703182
133503124,2025-03-22 00:57:05.000 UTC,0x0b2c639c533813f4aa9d7837caf62653d097ff85,0x,0x117e3210bb9aa7d9baff172026820255c6f6c30ba8999d1c2fd88e2848137c4e,0x0000000000000000000000002f50508a8a3d323b91336fa3ea6ae50e55f32185,,0xd4e3496c7c309b7cb10afbc49292c970ee6c7ad6634f690838b8d4890ae21b94
133503132,2025-03-22 00:57:21.000 UTC,0x0b2c639c533813f4aa9d7837caf62653d097ff85,0x,0x117e3210bb9aa7d9baff172026820255c6f6c30ba8999d1c2fd88e2848137c4e,0x0000000000000000000000002fc93484614a34f26f7970cbb94615ba109bb4bf,,0x003e6bf5e88de79bf00eae6cd3a783106115bc294edf6b09d08d7b64af1ec94c
133503141,2025-03-22 00:57:39.000 UTC,0x0b2c639c533813f4aa9d7837caf62653d097ff85,0x,0x117e3210bb9aa7d9baff172026820255c6f6c30ba8999d1c2fd88e2848137c4e,0x0000000000000000000000003efa30704d2b8bbac821307230376556cf8cc39e,,0xebd04e46ab0dce0cfd70d21ae98b8d6c1b3dc4c066e3585039e74187116679dd
133503148,2025-03-22 00:57:53.000 UTC,0x0b2c639c533813f4aa9d7837caf62653d097ff85,0x,0x117e3210bb9aa7d9baff172026820255c6f6c30ba8999d1c2fd88e2848137c4e,0x0000000000000000000000005cab7692d4e94096462119ab7bf57319726eed2a,,0x117861ee8f6204e69bf54d21ec9e6cd19b5bebddc8661cade412ba5e5a845ca8
133503157,2025-03-22 00:58:11.000 UTC,0x0b2c639c533813f4aa9d7837caf62653d097ff85,0x,0x117e3210bb9aa7d9baff172026820255c6f6c30ba8999d1c2fd88e2848137c4e,0x0000000000000000000000005efda50f22d34f262c29268506c5fa42cb56a1ce,,0x700831578a373ed38fdb23832c9af13aadcec405d49a77755b6f0714c1220572
133503164,2025-03-22 00:58:25.000 UTC,0x0b2c639c533813f4aa9d7837caf62653d097ff85,0x,0x117e3210bb9aa7d9baff172026820255c6f6c30ba8999d1c2fd88e2848137c4e,0x0000000000000000000000005f6c97c6ad7bdd0ae7e0dd4ca33a4ed3fdabd4d7,,0x3f1cbc40a09f8b1063b114857aa631e86bf91e18c230f41f5c52a3e86a498692
133503172,2025-03-22 00:58:41.000 UTC,0x0b2c639c533813f4aa9d7837caf62653d097ff85,0x,0x117e3210bb9aa7d9baff172026820255c6f6c30ba8999d1c2fd88e2848137c4e,0x000000000000000000000000653477c392c16b0765603074f157314cc4f40c32,,0x490b052fafff9fdb783b8c95a2280222c6723a36d59e965d3d6a2cbf2834fd27
133503181,2025-03-22 00:58:59.000 UTC,0x0b2c639c533813f4aa9d7837caf62653d097ff85,0x,0x117e3210bb9aa7d9baff172026820255c6f6c30ba8999d1c2fd88e2848137c4e,0x000000000000000000000000746aebc06d2ae31b71ac51429a19d54e797878e9,,0x5d3afeef1c09367e557d47939bd9d65497fc74b24418db567638562d67381fbd
133503189,2025-03-22 00:59:15.000 UTC,0x0b2c639c533813f4aa9d7837caf62653d097ff85,0x,0x117e3210bb9aa7d9baff172026820255c6f6c30ba8999d1c2fd88e2848137c4e,0x000000000000000000000000756c4628e57f7e7f8a459ec2752968360cf4d1aa,,0x30b08e20a808627b2b047bf8bef971dc3c62e40a0c453b2c4e08120a9f0bb0cf
133503196,2025-03-22 00:59:29.000 UTC,0x0b2c639c533813f4aa9d7837caf62653d097ff85,0x,0x117e3210bb9aa7d9baff172026820255c6f6c30ba8999d1c2fd88e2848137c4e,0x00000000000000000000000077777feddddffc19ff86db637967013e6c6a116c,,0x8bc5f47991cafa9f09af90a4ceaeed416c12a962d0f2d0e429eb1e83de2490ac
133503204,2025-03-22 00:59:45.000 UTC,0x0b2c639c533813f4aa9d7837caf62653d097ff85,0x,0x117e3210bb9aa7d9baff172026820255c6f6c30ba8999d1c2fd88e2848137c4e,0x00000000000000000000000088fd245fedec4a936e700f9173454d1931b4c307,,0xe541bfe015b0c1c87083e3b19a7faf17b696907436d9a6dc8e9381c834520820
133503214,2025-03-22 01:00:05.000 UTC,0x0b2c639c533813f4aa9d7837caf62653d097ff85,0x,0x117e3210bb9aa7d9baff172026820255c6f6c30ba8999d1c2fd88e2848137c4e,0x00000000000000000000000094c92f096437ab9958fc0a37f09348f30389ae79,,0xc87b1a767a64083b1673d17fe30c6827828c6966cd279af6232f61465c4ad741
133503222,2025-03-22 01:00:21.000 UTC,0x0b2c639c533813f4aa9d7837caf62653d097ff85,0x,0x117e3210bb9aa7d9baff172026820255c6f6c30ba8999d1c2fd88e2848137c4e,0x000000000000000000000000b04e030140b30c27bcdfaafffa98c57d80eda7b4,,0x6df67399a250002634c4d650a0389b8d7c69ff570bdb2f7497fe3b4d3ca342fa
133503230,2025-03-22 01:00:37.000 UTC,0x0b2c639c533813f4aa9d7837caf62653d097ff85,0x,0x117e3210bb9aa7d9baff172026820255c6f6c30ba8999d1c2fd88e2848137c4e,0x000000000000000000000000b20c66c4de72433f3ce747b58b86830c459ca911,,0xc7e44d56ef913467c5e3c593d170faf1fdc7e19f3a7e3c3de8020516dfac39a8
133503237,2025-03-22 01:00:51.000 UTC,0x0b2c639c533813f4aa9d7837caf62653d097ff85,0x,0x117e3210bb9aa7d9baff172026820255c6f6c30ba8999d1c2fd88e2848137c4e,0x000000000000000000000000cee71753c9820f063b38fdbe4cfdaf1d3d928a80,,0x4adc0dd77a1e4a2e1e63fb2fcb0441100fcc5c239c3c032a2c4b973ad57ef054
133503245,2025-03-22 01:01:07.000 UTC,0x0b2c639c533813f4aa9d7837caf62653d097ff85,0x,0x117e3210bb9aa7d9baff172026820255c6f6c30ba8999d1c2fd88e2848137c4e,0x000000000000000000000000d82ed8786d7c69dc7e052f7a542ab047971e73d2,,0x82eed5b9e125dde39f2dd984667cc420374f032f4cf418971db4d8695a44a799
133503252,2025-03-22 01:01:21.000 UTC,0x0b2c639c533813f4aa9d7837caf62653d097ff85,0x,0x117e3210bb9aa7d9baff172026820255c6f6c30ba8999d1c2fd88e2848137c4e,0x000000000000000000000000f4b067dd14e95bab89be928c07cb22e3c94e0daa,,0xe90b497beb96c1635947e4beedfda5dfcd6608d6c7aa1e4a17d3f16e78a9ed37
133503262,2025-03-22 01:01:41.000 UTC,0x0b2c639c533813f4aa9d7837caf62653d097ff85,0x,0x117e3210bb9aa7d9baff172026820255c6f6c30ba8999d1c2fd88e2848137c4e,0x000000000000000000000000ffbac21a641dcfe4552920138d90f3638b3c9fba,,0x0ff53de819c2f1c114fa56b0259b7bc52e22d747e3af90a6c174045ef0ad5aa7
133503271,2025-03-22 01:01:59.000 UTC,0x0b2c639c533813f4aa9d7837caf62653d097ff85,0x,0x117e3210bb9aa7d9baff172026820255c6f6c30ba8999d1c2fd88e2848137c4e,0x000000000000000000000000d692fd2d0b2fbd2e52cfa5b5b9424bc981c30696,,0xcb7fdc350606b4fe4e02115e317265bb6db64d060b73b335e5bfb083e4c870bd
133503281,2025-03-22 01:02:19.000 UTC,0x0b2c639c533813f4aa9d7837caf62653d097ff85,0x,0x117e3210bb9aa7d9baff172026820255c6f6c30ba8999d1c2fd88e2848137c4e,0x000000000000000000000000d8d7de3349ccaa0fde6298fe6d7b7d0d34586193,,0x297bb4efd85e8722f6e7b75bcb7c8065f072fda9feb651ae0868c0f9f5bd54e8
133503289,2025-03-22 01:02:35.000 UTC,0x0b2c639c533813f4aa9d7837caf62653d097ff85,0x,0x117e3210bb9aa7d9baff172026820255c6f6c30ba8999d1c2fd88e2848137c4e,0x000000000000000000000000df3a408c53e5078af6e8fb2a85088d46ee09a61b,,0xc0e245a6797ccb825180c22ef83766d8d31ce8ce20dcaec3fe303e2f4fffab7c
133503297,2025-03-22 01:02:51.000 UTC,0x0b2c639c533813f4aa9d7837caf62653d097ff85,0x,0x117e3210bb9aa7d9baff172026820255c6f6c30ba8999d1c2fd88e2848137c4e,0x0000000000000000000000001e34a77868e19a6647b1f2f47b51ed72dede95dd,,0xea43a6bc72270c5d08952ec1ee72cde4737600a316d321996a07068dc6030500
133503307,2025-03-22 01:03:11.000 UTC,0x0b2c639c533813f4aa9d7837caf62653d097ff85,0x,0x117e3210bb9aa7d9baff172026820255c6f6c30ba8999d1c2fd88e2848137c4e,0x00000000000000000000000023173fe8b96a4ad8d2e17fb83ea5dcccdca1ae52,,0xab3880839c162450a25a25c360efe57087e5d1cd282f5fc52b70655b7c3b35a6
133503315,2025-03-22 01:03:27.000 UTC,0x0b2c639c533813f4aa9d7837caf62653d097ff85,0x,0x117e3210bb9aa7d9baff172026820255c6f6c30ba8999d1c2fd88e2848137c4e,0x000000000000000000000000242654336ca2205714071898f67e254eb49acdce,,0x62df2ea3772cc7ff416232dce5d4a5839c5246e3b7932e25e903e70d03aa8549
133503326,2025-03-22 01:03:49.000 UTC,0x0b2c639c533813f4aa9d7837caf62653d097ff85,0x,0x117e3210bb9aa7d9baff172026820255c6f6c30ba8999d1c2fd88e2848137c4e,0x000000000000000000000000330bdfade01ee9bf63c209ee33102dd334618e0a,,0x6be5f3d4c3ce3f252d19960e5dcdc57f33dbafb3f6c96bad21ed3a4ba3e356ff
133503334,2025-03-22 01:04:05.000 UTC,0x0b2c639c533813f4aa9d7837caf62653d097ff85,0x,0x117e3210bb9aa7d9baff172026820255c6f6c30ba8999d1c2fd88e2848137c4e,0x0000000000000000000000003aac1cc67c2ec5db4ea850957b967ba153ad6279,,0x67ba459cfd3690f6cc3c8743c7ada0900971286711c173b21318484c491352e7
133503341,2025-03-22 01:04:19.000 UTC,0x0b2c639c533813f4aa9d7837caf62653d097ff85,0x,0x117e3210bb9aa7d9baff172026820255c6f6c30ba8999d1c2fd88e2848137c4e,0x000000000000000000000000407cceeaa7c95d2fe2250bf9f2c105aa7aafb512,,0x21848fe2bf1151b28c35865d77460bbf7c1014bdea1736c7fd63970c383cea90
133503348,2025-03-22 01:04:33.000 UTC,0x0b2c639c533813f4aa9d7837caf62653d097ff85,0x,0x117e3210bb9aa7d9baff172026820255c6f6c30ba8999d1c2fd88e2848137c4e,0x000000000000000000000000538ab61e8a9fc1b2f93b3dd9011d662d89be6fe6,,0x4f293e4119c1d8d619637b92095b9ca6b9e39c049b96e1bd1e0be6ea6d33c77d
133503357,2025-03-22 01:04:51.000 UTC,0x0b2c639c533813f4aa9d7837caf62653d097ff85,0x,0x117e3210bb9aa7d9baff172026820255c6f6c30ba8999d1c2fd88e2848137c4e,0x00000000000000000000000057b2b8c82f065de8ef5573f9730fc1449b403c9f,,0x14d7299be68967417af5dbf04f3d2b240800b58b0a06ba2e23414459ac10f2a0
133503373,2025-03-22 01:05:23.000 UTC,0x0b2c639c533813f4aa9d7837caf62653d097ff85,0x,0x117e3210bb9aa7d9baff172026820255c6f6c30ba8999d1c2fd88e2848137c4e,0x0000000000000000000000006bf694a291df3fec1f7e69701e3ab6c592435ae7,,0xabae1a09f44993e0637a683a1de7870e6b4a142e3c84d0425ab8e333567cbb93
133503390,2025-03-22 01:05:57.000 UTC,0x0b2c639c533813f4aa9d7837caf62653d097ff85,0x,0x117e3210bb9aa7d9baff172026820255c6f6c30ba8999d1c2fd88e2848137c4e,0x000000000000000000000000723b78e67497e85279cb204544566f4dc5d2aca0,,0x2b2f77f4e245cf4be4974901565196696316521808880efa47e155609f7b1a34
133503398,2025-03-22 01:06:13.000 UTC,0x0b2c639c533813f4aa9d7837caf62653d097ff85,0x,0x117e3210bb9aa7d9baff172026820255c6f6c30ba8999d1c2fd88e2848137c4e,0x000000000000000000000000743494b60097a2230018079c02fe21a7b687eaa5,,0xbad9c600125faea2aca962207c478291975d8bc8dacccba859de229eec3ed7fe
133503405,2025-03-22 01:06:27.000 UTC,0x0b2c639c533813f4aa9d7837caf62653d097ff85,0x,0x117e3210bb9aa7d9baff172026820255c6f6c30ba8999d1c2fd88e2848137c4e,0x00000000000000000000000076d85b4c0fc497eecc38902397ac608000a06607,,0xe76b1bacad2c116f03c82d91fabcb0f42d6de2b27dad0f874e5aef4c0585579a
133503413,2025-03-22 01:06:43.000 UTC,0x0b2c639c533813f4aa9d7837caf62653d097ff85,0x,0x117e3210bb9aa7d9baff172026820255c6f6c30ba8999d1c2fd88e2848137c4e,0x000000000000000000000000776198ccf446dfa168347089d7338879273172cf,,0x8866847189b81db86640f70426d6f343cb376a641732f684c2b554b48061bbed
133503421,2025-03-22 01:06:59.000 UTC,0x0b2c639c533813f4aa9d7837caf62653d097ff85,0x,0x117e3210bb9aa7d9baff172026820255c6f6c30ba8999d1c2fd88e2848137c4e,0x0000000000000000000000008281aa6795ade17c8973e1aedca380258bc124f9,,0x3577a3bb1c2c2e98736894192f96dc1917b20cd7645d103697064cfaa71f6db3
133503428,2025-03-22 01:07:13.000 UTC,0x0b2c639c533813f4aa9d7837caf62653d097ff85,0x,0x117e3210bb9aa7d9baff172026820255c6f6c30ba8999d1c2fd88e2848137c4e,0x000000000000000000000000833481186f16cece3f1eeea1a694c42034c3a0db,,0x3583a58cc1e28500d62a34c60298ca7c9c6c0e897746e634fd3befe5d9eef436
133503441,2025-03-22 01:07:39.000 UTC,0x0b2c639c533813f4aa9d7837caf62653d097ff85,0x,0x117e3210bb9aa7d9baff172026820255c6f6c30ba8999d1c2fd88e2848137c4e,0x00000000000000000000000084443cfd09a48af6ef360c6976c5392ac5023a1f,,0xafc772a5bf5074bec279fdabedac02a973398d28f4445931d174df9cab6fc1c8
133503448,2025-03-22 01:07:53.000 UTC,0x0b2c639c533813f4aa9d7837caf62653d097ff85,0x,0x117e3210bb9aa7d9baff172026820255c6f6c30ba8999d1c2fd88e2848137c4e,0x00000000000000000000000094be88213a387e992dd87de56950a9aef34b9448,,0xe9f8996b375bb5a064ab4147af90dd54387e07a71f7ff65654e679a53438f2d9
133503455,2025-03-22 01:08:07.000 UTC,0x0b2c639c533813f4aa9d7837caf62653d097ff85,0x,0x117e3210bb9aa7d9baff172026820255c6f6c30ba8999d1c2fd88e2848137c4e,0x000000000000000000000000a5c2254e4253490c54cef0a4347fddb8f75a4998,,0xd3e31838504fbc61590a5488d4eb2c74a7e880bdd85387c5018698f1f9aa2416
133503462,2025-03-22 01:08:21.000 UTC,0x0b2c639c533813f4aa9d7837caf62653d097ff85,0x,0x117e3210bb9aa7d9baff172026820255c6f6c30ba8999d1c2fd88e2848137c4e,0x000000000000000000000000af4c0b70b2ea9fb7487c7cbb37ada259579fe040,,0xbbeeb627ef4a261d75c8905b031e4926eab7164be29c77963f9d000b5641360a
133503470,2025-03-22 01:08:37.000 UTC,0x0b2c639c533813f4aa9d7837caf62653d097ff85,0x,0x117e3210bb9aa7d9baff172026820255c6f6c30ba8999d1c2fd88e2848137c4e,0x000000000000000000000000af8d1839c3c67cf571aa74b5c12398d4901147b3,,0xeac741a781d9891968c2606f144ae6f7fcee3b336f857f934ae4b5fabcf711b9
133503477,2025-03-22 01:08:51.000 UTC,0x0b2c639c533813f4aa9d7837caf62653d097ff85,0x,0x117e3210bb9aa7d9baff172026820255c6f6c30ba8999d1c2fd88e2848137c4e,0x000000000000000000000000cc84179ffd19a1627e79f8648d09e095252bc418,,0x39d9819cc50842faf1ba9b2236091ca28864358cbe5d4f0a33b19626a2d27dba
133503485,2025-03-22 01:09:07.000 UTC,0x0b2c639c533813f4aa9d7837caf62653d097ff85,0x,0x117e3210bb9aa7d9baff172026820255c6f6c30ba8999d1c2fd88e2848137c4e,0x000000000000000000000000d47438c816c9e7f2e2888e060936a499af9582b3,,0xcde6142e055f5455dd7c84e81bda8309a03724f08a109d60e5684cf295c11a72
133503493,2025-03-22 01:09:23.000 UTC,0x0b2c639c533813f4aa9d7837caf62653d097ff85,0x,0x117e3210bb9aa7d9baff172026820255c6f6c30ba8999d1c2fd88e2848137c4e,0x000000000000000000000000d5d6f8d9e784d0e26222ad3834500801a68d027d,,0x4ca9ae56fc578bc258d7ff24f1a73e3cf5ebdfe82a5fbb1088214187cfe9d1dc
133503500,2025-03-22 01:09:37.000 UTC,0x0b2c639c533813f4aa9d7837caf62653d097ff85,0x,0x117e3210bb9aa7d9baff172026820255c6f6c30ba8999d1c2fd88e2848137c4e,0x000000000000000000000000df231d99ff8b6c6cbf4e9b9a945cbacef9339178,,0x2522e4dd647334538565d67b17aaff7a626d3c3c5d5ed7d62830e9915609d966
133503509,2025-03-22 01:09:55.000 UTC,0x0b2c639c533813f4aa9d7837caf62653d097ff85,0x,0x117e3210bb9aa7d9baff172026820255c6f6c30ba8999d1c2fd88e2848137c4e,0x000000000000000000000000edc5d01286f99a066559f60a585406f3878a033e,,0x0052e8d9a25c209b92b42e0da01e511ea6ee59c8fca8b951ac3c084eec86302d
133503518,2025-03-22 01:10:13.000 UTC,0x0b2c639c533813f4aa9d7837caf62653d097ff85,0x,0x117e3210bb9aa7d9baff172026820255c6f6c30ba8999d1c2fd88e2848137c4e,0x0000000000000000000000000e3a09dda6b20afbb34ac7cd4a6881493f3e7bf7,,0xb59edf572029582d913267e40ebba4690a4e3c2bbf0c830f9c3b66c8782e4387
133503526,2025-03-22 01:10:29.000 UTC,0x0b2c639c533813f4aa9d7837caf62653d097ff85,0x,0x117e3210bb9aa7d9baff172026820255c6f6c30ba8999d1c2fd88e2848137c4e,0x00000000000000000000000005e0b5b40b7b66098c2161a5ee11c5740a3a7c45,,0x9bd2622e710aa6e2b35ca101f0d2649a2cc8776b1d7871002254b0796a1c5179
134011927,2025-04-02 19:37:11.000 UTC,0x0b2c639c533813f4aa9d7837caf62653d097ff85,0x,0xffa4e6181777692565cf28528fc88fd1516ea86b56da075235fa575af6a4b855,0x00000000000000000000000016f068ea913a912c62114a873b678b1aa9236585,,0xea2a22f2d92252dfa81b9e4a06af1764e0b1d5009509f60abd942147f0e1392f
134011937,2025-04-02 19:37:31.000 UTC,0x0b2c639c533813f4aa9d7837caf62653d097ff85,0x,0xffa4e6181777692565cf28528fc88fd1516ea86b56da075235fa575af6a4b855,0x0000000000000000000000009acfa7136bd9ee19fc2c4517e2033705262f938c,,0x28eebd3a0d7abae5287b5b00ac9c993b2cb838e3e6e603c1a73e6b9406f0f702
134011945,2025-04-02 19:37:47.000 UTC,0x0b2c639c533813f4aa9d7837caf62653d097ff85,0x,0xffa4e6181777692565cf28528fc88fd1516ea86b56da075235fa575af6a4b855,0x000000000000000000000000e942adb085bdc3cd49ad2ddaea53934f12a7e0a5,,0xde3d071dbdea9f6c7305aef0387e85a4d8bf30b2f2fe3c8c862384fb7de43c92
134011952,2025-04-02 19:38:01.000 UTC,0x0b2c639c533813f4aa9d7837caf62653d097ff85,0x,0xffa4e6181777692565cf28528fc88fd1516ea86b56da075235fa575af6a4b855,0x0000000000000000000000004755da10f30da425a1b5f12166bec82600c48c79,,0x4234fffd63fa7bad9c292f3aa6c2a2ecea7d08b3455d68f319ec04392bdbf158
134011960,2025-04-02 19:38:17.000 UTC,0x0b2c639c533813f4aa9d7837caf62653d097ff85,0x,0xffa4e6181777692565cf28528fc88fd1516ea86b56da075235fa575af6a4b855,0x0000000000000000000000002b872fc6d0614e39150d078db0e2ff56650f2b4b,,0xbe1a513304427fc06cd6fe276fb5371d0df3fd9f5426ced48638d4d9bd3038c7
134011971,2025-04-02 19:38:39.000 UTC,0x0b2c639c533813f4aa9d7837caf62653d097ff85,0x,0xffa4e6181777692565cf28528fc88fd1516ea86b56da075235fa575af6a4b855,0x0000000000000000000000007a01e8268bbb7b5b7403b673aa0b9d7b36f651aa,,0xf953eef484c03c3cf2eea8c37cc70d066d203ee4165c8f75e614c6a31372e9d9
134011978,2025-04-02 19:38:53.000 UTC,0x0b2c639c533813f4aa9d7837caf62653d097ff85,0x,0xffa4e6181777692565cf28528fc88fd1516ea86b56da075235fa575af6a4b855,0x0000000000000000000000002a4c4406a0495116aa880c57486cb876658d8aa1,,0x16dce099e802f0d2f047b19ae3935e8a88d31cda8e01a6b0d9d1a6c05e305945
134011986,2025-04-02 19:39:09.000 UTC,0x0b2c639c533813f4aa9d7837caf62653d097ff85,0x,0xffa4e6181777692565cf28528fc88fd1516ea86b56da075235fa575af6a4b855,0x000000000000000000000000d9471e6c644756e845e4a10260362ab9a3a9845a,,0xb38620f6eb570ecc7ad5b7aa38076a7f29872a561e7ba2a47bb91b07b8501c9c
136475499,2025-05-29 20:16:15.000 UTC,0x0b2c639c533813f4aa9d7837caf62653d097ff85,0x,0xffa4e6181777692565cf28528fc88fd1516ea86b56da075235fa575af6a4b855,0x000000000000000000000000d5ed34b52ac4ab84d8fa8a231a3218bbf01ed510,,0xd1a4d6b0e66beb63d92cbb103f3af175e90cc9ae36d24816eaaa3eefc67d5031
136475501,2025-05-29 20:16:19.000 UTC,0x0b2c639c533813f4aa9d7837caf62653d097ff85,0x,0xffa4e6181777692565cf28528fc88fd1516ea86b56da075235fa575af6a4b855,0x0000000000000000000000008c5f37d4db13967643e33d5404f66f86569221ca,,0x357d5b960f68c8fa1955c585bd0595e9faf02750afaba43acc4019ab0fea4ca7
137897500,2025-07-01 18:16:17.000 UTC,0x0b2c639c533813f4aa9d7837caf62653d097ff85,0x,0xffa4e6181777692565cf28528fc88fd1516ea86b56da075235fa575af6a4b855,0x000000000000000000000000c685132e908cce284c063415ea353af5f555c6c6,,0xf5dda060355ddb49c62323d4c3fbac3fc6b7ee5a883602884cc39b8357add46c
139805015,2025-08-14 22:00:07.000 UTC,0x0b2c639c533813f4aa9d7837caf62653d097ff85,0x,0xffa4e6181777692565cf28528fc88fd1516ea86b56da075235fa575af6a4b855,0x0000000000000000000000003301843d4d8c3314706a6526940bc2a38ed29475,,0xd155b3dc60326fdc7b90ff168ad4481d1058f0add27d20f77df8fa2a621de47d
139805016,2025-08-14 22:00:09.000 UTC,0x0b2c639c533813f4aa9d7837caf62653d097ff85,0x,0xffa4e6181777692565cf28528fc88fd1516ea86b56da075235fa575af6a4b855,0x0000000000000000000000006e2bf91ff62095e759301a1e46df3278f7d6bf07,,0x1f08c7f3a1743387cdf06d7eeea0120d7bddd95d763e05f76334fcfd28636c25
139805017,2025-08-14 22:00:11.000 UTC,0x0b2c639c533813f4aa9d7837caf62653d097ff85,0x,0xffa4e6181777692565cf28528fc88fd1516ea86b56da075235fa575af6a4b855,0x0000000000000000000000008a33c4dccc7e840e536c1abc9af4612f876f54de,,0x55e429622429f7fd21a4678d96d1b4a2c6ab68a20fd0e598e3a65a3b22d74efa
139805018,2025-08-14 22:00:13.000 UTC,0x0b2c639c533813f4aa9d7837caf62653d097ff85,0x,0xffa4e6181777692565cf28528fc88fd1516ea86b56da075235fa575af6a4b855,0x00000000000000000000000017b65262f73d2a8668dededc6a40274c3e0ea058,,0x012a38250a6a56489851e4577bfa6449c218ce77e2d6a57e45d29be188c43960
139805019,2025-08-14 22:00:15.000 UTC,0x0b2c639c533813f4aa9d7837caf62653d097ff85,0x,0xffa4e6181777692565cf28528fc88fd1516ea86b56da075235fa575af6a4b855,0x0000000000000000000000000655b7211f302b42a7bfa16a6c45284ab82fd85b,,0x6b9fef183f2e57d488747539e1956e14dc3f1ccab18cdbde031c0f65c949a80f
139805021,2025-08-14 22:00:19.000 UTC,0x0b2c639c533813f4aa9d7837caf62653d097ff85,0x,0xffa4e6181777692565cf28528fc88fd1516ea86b56da075235fa575af6a4b855,0x00000000000000000000000082df92ebaa039dd6c9e0689390d7298a5ca1f59c,,0x4f768bc523aea7a98efb81c27035b8ab4a07e7ea54d88280ea92b395097ab014
139805022,2025-08-14 22:00:21.000 UTC,0x0b2c639c533813f4aa9d7837caf62653d097ff85,0x,0xffa4e6181777692565cf28528fc88fd1516ea86b56da075235fa575af6a4b855,0x00000000000000000000000048ea81d8db01cc3f551be8ecc8627b5a803eb075,,0x8eb213f72326ed8870a86eb4328b2bd794fd945693fea3b9364ccf66fb347c76
139805023,2025-08-14 22:00:23.000 UTC,0x0b2c639c533813f4aa9d7837caf62653d097ff85,0x,0xffa4e6181777692565cf28528fc88fd1516ea86b56da075235fa575af6a4b855,0x00000000000000000000000012de548f79a50d2bd05481c8515c1ef5183666a9,,0x85dbe6cd91bacdb1bcffd1dfcb120aa18f50f82432d689b6e9723b45b2a62a8b
139805024,2025-08-14 22:00:25.000 UTC,0x0b2c639c533813f4aa9d7837caf62653d097ff85,0x,0xffa4e6181777692565cf28528fc88fd1516ea86b56da075235fa575af6a4b855,0x00000000000000000000000018f703184349667cdae85a07e7f2efac36052b89,,0xe6a1e680a7fd80e134841cf1de188123356be5db347a53b0da43fe614e57f74c
139805025,2025-08-14 22:00:27.000 UTC,0x0b2c639c533813f4aa9d7837caf62653d097ff85,0x,0xffa4e6181777692565cf28528fc88fd1516ea86b56da075235fa575af6a4b855,0x0000000000000000000000008dce2aac0de82bdcaf6b4373b79f94331b8e4995,,0x25022505be4670e6d9a46bae96e5ac10e378196ccbcaac19f57a872f493b2735
139805026,2025-08-14 22:00:29.000 UTC,0x0b2c639c533813f4aa9d7837caf62653d097ff85,0x,0xffa4e6181777692565cf28528fc88fd1516ea86b56da075235fa575af6a4b855,0x000000000000000000000000f4377eda661e04b6dda78969796ed31658d602d4,,0x3b81928f58ece73e5a2a05fcd899c69fcaf1b7a211efb917162339ae990bc309
139805027,2025-08-14 22:00:31.000 UTC,0x0b2c639c533813f4aa9d7837caf62653d097ff85,0x,0xffa4e6181777692565cf28528fc88fd1516ea86b56da075235fa575af6a4b855,0x000000000000000000000000b338962b92cd818d6aef0a32a9ecd01212a71f33,,0xe9c2037967e040a3627033cced46385253a922fd96da3f457b7f744b97d70201
139805028,2025-08-14 22:00:33.000 UTC,0x0b2c639c533813f4aa9d7837caf62653d097ff85,0x,0xffa4e6181777692565cf28528fc88fd1516ea86b56da075235fa575af6a4b855,0x00000000000000000000000057ec89a0c056163a0314e413320f9b3abe761259,,0xaa657bdd41d1f84b33724b4d86ec84ac44c07e85bc8ad4e9073ba963c3170ab6
139805029,2025-08-14 22:00:35.000 UTC,0x0b2c639c533813f4aa9d7837caf62653d097ff85,0x,0xffa4e6181777692565cf28528fc88fd1516ea86b56da075235fa575af6a4b855,0x000000000000000000000000d8500c631dc32fa18645b7436344a99e4825e10e,,0xe700c13cefed2965e088d091357a7f5c41c5bf460958f83d1e53ae9f3da31ac6
139805030,2025-08-14 22:00:37.000 UTC,0x0b2c639c533813f4aa9d7837caf62653d097ff85,0x,0xffa4e6181777692565cf28528fc88fd1516ea86b56da075235fa575af6a4b855,0x0000000000000000000000007ced75026204ac29c34bea98905d4c949f27361e,,0x3852bbd778328b2483d0970c7e2e2432deb7a0b502fb5f07edbb9c31e77cd8ec
139805031,2025-08-14 22:00:39.000 UTC,0x0b2c639c533813f4aa9d7837caf62653d097ff85,0x,0xffa4e6181777692565cf28528fc88fd1516ea86b56da075235fa575af6a4b855,0x000000000000000000000000418949a4a7da9e07192909722072dded8f670d58,,0x068121fddae2e7fa8d47701c89b7bab41313cb9456d8ee4a76271fa2542f1e6d
139805032,2025-08-14 22:00:41.000 UTC,0x0b2c639c533813f4aa9d7837caf62653d097ff85,0x,0xffa4e6181777692565cf28528fc88fd1516ea86b56da075235fa575af6a4b855,0x0000000000000000000000006042c2f32769454c5ff226fdae52b81e49cd922f,,0x71e44d5990c4b0c8473fcdbd571d80f8f0c08d4fff916de982fe5d139bc78d5e
139805033,2025-08-14 22:00:43.000 UTC,0x0b2c639c533813f4aa9d7837caf62653d097ff85,0x,0xffa4e6181777692565cf28528fc88fd1516ea86b56da075235fa575af6a4b855,0x0000000000000000000000008660f3ab5285f9e497ffbf2997285c24466aa2a1,,0xdddc6f77e4274231b1c73f78be1729b24fbf0fd9fbd14acefba6d249723e2086
141044391,2025-09-12 14:32:39.000 UTC,0x0b2c639c533813f4aa9d7837caf62653d097ff85,0x,0xffa4e6181777692565cf28528fc88fd1516ea86b56da075235fa575af6a4b855,0x000000000000000000000000fa3576591b710cd8a68f22fc10281f39f88d8cb1,,0x5869c8dc7c9b42662a02279225d94b03d928b6db8f50ec7ce9c3144faab4f30c
141044457,2025-09-12 14:34:51.000 UTC,0x0b2c639c533813f4aa9d7837caf62653d097ff85,0x,0x117e3210bb9aa7d9baff172026820255c6f6c30ba8999d1c2fd88e2848137c4e,0x000000000000000000000000fa3576591b710cd8a68f22fc10281f39f88d8cb1,,0x4daa85c003879a0925186612632298755b228d4f2fc0c161d65b31564127ca73
141219771,2025-09-16 15:58:39.000 UTC,0x0b2c639c533813f4aa9d7837caf62653d097ff85,0x,0xffa4e6181777692565cf28528fc88fd1516ea86b56da075235fa575af6a4b855,0x000000000000000000000000e3d35f68383732649669aa990832e017340dbca5,,0x41c2fbcd150db382fac37e20b0a2ed32dffa5571cef7e1c5e5cbf4a80023f08e
141219818,2025-09-16 16:00:13.000 UTC,0x0b2c639c533813f4aa9d7837caf62653d097ff85,0x,0xffa4e6181777692565cf28528fc88fd1516ea86b56da075235fa575af6a4b855,0x000000000000000000000000f405df57cc3a2df4dd262b6494d76e346ca778f1,,0xd3677ea746de07f94c06df35e83c914ccf21787211d1c2301b0543961d254e0b
141219825,2025-09-16 16:00:27.000 UTC,0x0b2c639c533813f4aa9d7837caf62653d097ff85,0x,0xffa4e6181777692565cf28528fc88fd1516ea86b56da075235fa575af6a4b855,0x000000000000000000000000532b77b33a040587e9fd1800088225f99b8b0e8a,,0x393d604f5d2c55e1c1d18c4bf36f946f25ffed9860730674d442c0e931dd17fa
141219873,2025-09-16 16:02:03.000 UTC,0x0b2c639c533813f4aa9d7837caf62653d097ff85,0x,0xffa4e6181777692565cf28528fc88fd1516ea86b56da075235fa575af6a4b855,0x000000000000000000000000ab4302cfcf1c2337c1b59af1d23bd97189fe962c,,0xe6bb675c0b0b3ae6d98f07e3cf2350373d577cfaa80751ab43328229ee8cd7d4
141219905,2025-09-16 16:03:07.000 UTC,0x0b2c639c533813f4aa9d7837caf62653d097ff85,0x,0xffa4e6181777692565cf28528fc88fd1516ea86b56da075235fa575af6a4b855,0x000000000000000000000000db2720ebad55399117ddb4c4a4afd9a4ccada8fe,,0x57a1a7efe87b5ea26ca4cb00ce9113b163f79da4796164e33d0724f4fe606668
141219916,2025-09-16 16:03:29.000 UTC,0x0b2c639c533813f4aa9d7837caf62653d097ff85,0x,0xffa4e6181777692565cf28528fc88fd1516ea86b56da075235fa575af6a4b855,0x0000000000000000000000009ab7a3e606677ddf6f3538dd4472ec770c282b3e,,0x9035c2e79bbc3e6338fa462163f69c712a4416f5e3c2fde555bbb234571f8d90
141219980,2025-09-16 16:05:37.000 UTC,0x0b2c639c533813f4aa9d7837caf62653d097ff85,0x,0xffa4e6181777692565cf28528fc88fd1516ea86b56da075235fa575af6a4b855,0x000000000000000000000000ba475bb43ee21013fd14c85e2c74b24bcf5a54c1,,0x281b3e1f3d41491f801d5d6168fe3242dd30a2d905eb44c3cd2c5b2f544b2f78
141566399,2025-09-24 16:32:55.000 UTC,0x0b2c639c533813f4aa9d7837caf62653d097ff85,0x,0xffa4e6181777692565cf28528fc88fd1516ea86b56da075235fa575af6a4b855,0x000000000000000000000000240fd853e1509a975bd95348d49c923fb0b5d43c,,0xe189eb471375e6bace46b2d2a4199a6ac902079447bdaa5089db1f386b137314
142435681,2025-10-14 19:28:59.000 UTC,0x0b2c639c533813f4aa9d7837caf62653d097ff85,0x,0xffa4e6181777692565cf28528fc88fd1516ea86b56da075235fa575af6a4b855,0x000000000000000000000000ae05eb856cb28c156d9722094f5eefd5693bc181,,0xc640c9e3364db59e3f2266a38aa80be2d5a47da7f754c3e52514f48a4f884658
142435698,2025-10-14 19:29:33.000 UTC,0x0b2c639c533813f4aa9d7837caf62653d097ff85,0x,0xffa4e6181777692565cf28528fc88fd1516ea86b56da075235fa575af6a4b855,0x0000000000000000000000002a4ff8bc97d3faef20ca9aa3c8dac93450695434,,0x60d51dd7bfd053bbf2d0f80cf0d59254fe97df58fbfe92a37fb12b237ee0f79b
142435733,2025-10-14 19:30:43.000 UTC,0x0b2c639c533813f4aa9d7837caf62653d097ff85,0x,0xffa4e6181777692565cf28528fc88fd1516ea86b56da075235fa575af6a4b855,0x000000000000000000000000d599ac04a1c786972b81e0fef6fb0c3e7b52f8a7,,0x93dcd5f6e2589ac5bcbbf18470029aa467e303eb0a75a1dfa522aa1251dd9dd8
142435798,2025-10-14 19:32:53.000 UTC,0x0b2c639c533813f4aa9d7837caf62653d097ff85,0x,0xffa4e6181777692565cf28528fc88fd1516ea86b56da075235fa575af6a4b855,0x000000000000000000000000500aa554ed27a6c94fe0d5eb5df3482b528a5efe,,0x6d572ba0edb3dffc91201e2e54c68ba39941f0c98e91d97eaa7e72326a7f54b0
143339050,2025-11-04 17:21:17.000 UTC,0x0b2c639c533813f4aa9d7837caf62653d097ff85,0x,0xffa4e6181777692565cf28528fc88fd1516ea86b56da075235fa575af6a4b855,0x00000000000000000000000000be5e0c85be35948d97ad37f62d108243f89ae0,,0x29040401ac69cb36046231558250f1ed3ba6f7d924e27d3f6eb966821c01b952
143339077,2025-11-04 17:22:11.000 UTC,0x0b2c639c533813f4aa9d7837caf62653d097ff85,0x,0xffa4e6181777692565cf28528fc88fd1516ea86b56da075235fa575af6a4b855,0x00000000000000000000000000bf03f87539214307207c61b7f729ddc22977b8,,0xbbc04b06a5fb6f4154fa156ec58410527b96cda1d3b848ec0fbb2b4e9fffb4a3
143339228,2025-11-04 17:27:13.000 UTC,0x0b2c639c533813f4aa9d7837caf62653d097ff85,0x,0xffa4e6181777692565cf28528fc88fd1516ea86b56da075235fa575af6a4b855,0x000000000000000000000000596ac03ba123b802325bf62ceff98e5608ac48e9,,0x62d1fda571263d75d0b1fe386076048d2d5fe0972b8165a66470a0b712bdd891
143339249,2025-11-04 17:27:55.000 UTC,0x0b2c639c533813f4aa9d7837caf62653d097ff85,0x,0xffa4e6181777692565cf28528fc88fd1516ea86b56da075235fa575af6a4b855,0x0000000000000000000000005263b1aa550f70bd9753ec558c631eaadd2ae98c,,0x9fd8def89b7682c13a155c1791064a9712288d73fdbe826e75e081155fedf4d0
143339287,2025-11-04 17:29:11.000 UTC,0x0b2c639c533813f4aa9d7837caf62653d097ff85,0x,0xffa4e6181777692565cf28528fc88fd1516ea86b56da075235fa575af6a4b855,0x0000000000000000000000000d1891dd69efe614918e989b5ebd68d6e5f18ff5,,0xf129c0450e5f2756e2834d6cc5c20a5b2c6bf763a055bea2546fb2c1d1d15383
143339357,2025-11-04 17:31:31.000 UTC,0x0b2c639c533813f4aa9d7837caf62653d097ff85,0x,0xffa4e6181777692565cf28528fc88fd1516ea86b56da075235fa575af6a4b855,0x00000000000000000000000010df38a923a660965d098f24a618b0d1b5d99cba,,0xf182e90ad748471d1417b586ceded817736f9179a2eb7b0275f2e7384ec6e89a
143339370,2025-11-04 17:31:57.000 UTC,0x0b2c639c533813f4aa9d7837caf62653d097ff85,0x,0xffa4e6181777692565cf28528fc88fd1516ea86b56da075235fa575af6a4b855,0x000000000000000000000000114074ff655d0643a4ff70411ffca618cb7edca1,,0x28117b5edbe81819d72a7206b794729781abf10c23415d1cef83ebca29182120
143339403,2025-11-04 17:33:03.000 UTC,0x0b2c639c533813f4aa9d7837caf62653d097ff85,0x,0xffa4e6181777692565cf28528fc88fd1516ea86b56da075235fa575af6a4b855,0x000000000000000000000000117bb0cfee7ce8f842967537fbcd92fc504d68ab,,0x46ddae224e0971d2f2e3240e20299ed6f5106af8f7b6c758aaa07ef139638318
143339423,2025-11-04 17:33:43.000 UTC,0x0b2c639c533813f4aa9d7837caf62653d097ff85,0x,0xffa4e6181777692565cf28528fc88fd1516ea86b56da075235fa575af6a4b855,0x00000000000000000000000017fff4f3364fa6dfa25cf37bebbff62bc47232f7,,0xa801ffa9595b22cc32ec5b4fb9e95f1507f921f9a98bdeef73ae1e5abfc267e7
143339444,2025-11-04 17:34:25.000 UTC,0x0b2c639c533813f4aa9d7837caf62653d097ff85,0x,0xffa4e6181777692565cf28528fc88fd1516ea86b56da075235fa575af6a4b855,0x00000000000000000000000015a68a9ffa2a94bdad8468d93af4db24251af772,,0x8710125896468b56003ba038b6cd65f8a16d5dd269c27e01f57764b28c10923b
143339462,2025-11-04 17:35:01.000 UTC,0x0b2c639c533813f4aa9d7837caf62653d097ff85,0x,0xffa4e6181777692565cf28528fc88fd1516ea86b56da075235fa575af6a4b855,0x0000000000000000000000002547ad3f4b0d37881101885addd1cedf753af9aa,,0x6aa67f3cbf798578c3b711c0d007175e604c4550847a0cc9d1bb3c6eed0fb19d
143339583,2025-11-04 17:39:03.000 UTC,0x0b2c639c533813f4aa9d7837caf62653d097ff85,0x,0xffa4e6181777692565cf28528fc88fd1516ea86b56da075235fa575af6a4b855,0x0000000000000000000000002cbd0ba5b15bde90d5252d8ac1ed2aa121d2d62a,,0x8a854dc71bbbcb57ac92e60fcd0c1e082d17a4aef9972b9500c38255da12bee1
143339590,2025-11-04 17:39:17.000 UTC,0x0b2c639c533813f4aa9d7837caf62653d097ff85,0x,0xffa4e6181777692565cf28528fc88fd1516ea86b56da075235fa575af6a4b855,0x000000000000000000000000171f95410bc65dfc8549c287cd475dc8b82df192,,0xb938811aec53bdf3f12734ebab6fad5ca49ff8f502b2d9058c449955f8cc8677
143339612,2025-11-04 17:40:01.000 UTC,0x0b2c639c533813f4aa9d7837caf62653d097ff85,0x,0xffa4e6181777692565cf28528fc88fd1516ea86b56da075235fa575af6a4b855,0x00000000000000000000000037cefc817a4582773b26835910127ba24f284bb4,,0xc91d91cf94ee1e4ac79e001ad4c11710731a4d2d177b0a5222dc86338870326b
143339657,2025-11-04 17:41:31.000 UTC,0x0b2c639c533813f4aa9d7837caf62653d097ff85,0x,0xffa4e6181777692565cf28528fc88fd1516ea86b56da075235fa575af6a4b855,0x0000000000000000000000003e0c892556da529a0c03a28f763964bdf25ca88c,,0xab04744c1c5933af4c0a1bbafcca74c9a5f890bda7a08b958de29cfbc2a916fe
143339714,2025-11-04 17:43:25.000 UTC,0x0b2c639c533813f4aa9d7837caf62653d097ff85,0x,0xffa4e6181777692565cf28528fc88fd1516ea86b56da075235fa575af6a4b855,0x00000000000000000000000045afe4b7e98b6ef450e7b5f53bc1763f3be83e69,,0x47dc4f9dda046047b6ce7d78eedef4d6afb0fa0ce81749da8241e9f06699448f
143339743,2025-11-04 17:44:23.000 UTC,0x0b2c639c533813f4aa9d7837caf62653d097ff85,0x,0xffa4e6181777692565cf28528fc88fd1516ea86b56da075235fa575af6a4b855,0x00000000000000000000000040813812bb5a22be798d7f4cf227a584f4f87bc9,,0xf9657ae76e39b2452231c36bc6158e60089acc6de5596cf01ca510544c346dc2
143339747,2025-11-04 17:44:31.000 UTC,0x0b2c639c533813f4aa9d7837caf62653d097ff85,0x,0xffa4e6181777692565cf28528fc88fd1516ea86b56da075235fa575af6a4b855,0x00000000000000000000000044888f0a128a21872c38aa44bede1e31137ba85f,,0x288bdc2e00526e4410ae1d5f5f2c2d4e5a2494ea7919d3019125aa1c62057075
143339827,2025-11-04 17:47:11.000 UTC,0x0b2c639c533813f4aa9d7837caf62653d097ff85,0x,0xffa4e6181777692565cf28528fc88fd1516ea86b56da075235fa575af6a4b855,0x000000000000000000000000491e68c8464e39723c304aef5cea9543f37ee607,,0x0f2e02a7695ffa489296b091bc77f91b55e319b725c81b322226f47bd9049472
143339833,2025-11-04 17:47:23.000 UTC,0x0b2c639c533813f4aa9d7837caf62653d097ff85,0x,0xffa4e6181777692565cf28528fc88fd1516ea86b56da075235fa575af6a4b855,0x00000000000000000000000045fc0d462a6473905024a10f756feadf8e6c2d08,,0x4d731cfb89ca7f7de00465ee3307d0290315b6f6deb822d6988d4ed001e41618
143339847,2025-11-04 17:47:51.000 UTC,0x0b2c639c533813f4aa9d7837caf62653d097ff85,0x,0xffa4e6181777692565cf28528fc88fd1516ea86b56da075235fa575af6a4b855,0x0000000000000000000000004b1d7ad9f0cbff66d194ba1e9f0da31635f23f0e,,0x5148ac6b522d963ce4c8327c5433ffdf122e0588e6f254df83c2585a4793ef3b
143339862,2025-11-04 17:48:21.000 UTC,0x0b2c639c533813f4aa9d7837caf62653d097ff85,0x,0xffa4e6181777692565cf28528fc88fd1516ea86b56da075235fa575af6a4b855,0x000000000000000000000000412e673fb7cce4e031b9a02277b1aeb599f62bc1,,0x9b1ae8d32a74acbbde153402fd1bf9af61ab7023ae0742a97d0a99d1a7efcf89
143339953,2025-11-04 17:51:23.000 UTC,0x0b2c639c533813f4aa9d7837caf62653d097ff85,0x,0xffa4e6181777692565cf28528fc88fd1516ea86b56da075235fa575af6a4b855,0x00000000000000000000000046ccbcaf10b406a85a412ab713ad451caef9a950,,0x22a1818f1741ed7cbe464754ca1a8d12030011fc60fbb3d4d811cf3553afef03
143339958,2025-11-04 17:51:33.000 UTC,0x0b2c639c533813f4aa9d7837caf62653d097ff85,0x,0xffa4e6181777692565cf28528fc88fd1516ea86b56da075235fa575af6a4b855,0x0000000000000000000000004fa8b02fd04a8ed74b2c77d7efdfffbcc884e3f2,,0x652085079589d23ee7bb275987d02ebdd0adf7f40679824427c8293610059d6c
143340073,2025-11-04 17:55:23.000 UTC,0x0b2c639c533813f4aa9d7837caf62653d097ff85,0x,0xffa4e6181777692565cf28528fc88fd1516ea86b56da075235fa575af6a4b855,0x0000000000000000000000005042cca9d00c44733ebaf550851b9a65cc98d58f,,0xeb7e6404b1a6ab7b1ced19d2d2ddc57504b839912251bf6f99ad26af7f41778e
143340408,2025-11-04 18:06:33.000 UTC,0x0b2c639c533813f4aa9d7837caf62653d097ff85,0x,0xffa4e6181777692565cf28528fc88fd1516ea86b56da075235fa575af6a4b855,0x00000000000000000000000055ef531216bd8077fb1acb8e61be532214b33b76,,0x77850622dbb189ac189dc6dd6877ee178e06f915b6ede277c64296fb5eb3e4c8
143340436,2025-11-04 18:07:29.000 UTC,0x0b2c639c533813f4aa9d7837caf62653d097ff85,0x,0xffa4e6181777692565cf28528fc88fd1516ea86b56da075235fa575af6a4b855,0x00000000000000000000000080865644f47925223c7e12014e9b11f0f05212bc,,0x8b76d6b77c779a67cf7859789cf04867d49d95040b7b2fbd82a9d8a2db7d228e
143340475,2025-11-04 18:08:47.000 UTC,0x0b2c639c533813f4aa9d7837caf62653d097ff85,0x,0xffa4e6181777692565cf28528fc88fd1516ea86b56da075235fa575af6a4b855,0x0000000000000000000000007b7f0d8f53e16faee4cf90aedf50c7073f17beff,,0x689a3be2a51b6d6ac746d9dfe25487bf0ebb1543204522536e95d25bed0f1655
143340481,2025-11-04 18:08:59.000 UTC,0x0b2c639c533813f4aa9d7837caf62653d097ff85,0x,0xffa4e6181777692565cf28528fc88fd1516ea86b56da075235fa575af6a4b855,0x00000000000000000000000072a2fc69c5a3025d9d79bb01335860aaf2a4a948,,0xfd80afc72e1756683d4995b48c7a36d1eb0646b03a324a136daceb43977ee184
143340489,2025-11-04 18:09:15.000 UTC,0x0b2c639c533813f4aa9d7837caf62653d097ff85,0x,0xffa4e6181777692565cf28528fc88fd1516ea86b56da075235fa575af6a4b855,0x00000000000000000000000095a603c86ec4a585e4359d1f07e6949567491fc9,,0x0f2d0f9bf28f6ed44a2780adf2ce1cf5ae9b84e3752d6d00988a2b376b1989d4
143340505,2025-11-04 18:09:47.000 UTC,0x0b2c639c533813f4aa9d7837caf62653d097ff85,0x,0xffa4e6181777692565cf28528fc88fd1516ea86b56da075235fa575af6a4b855,0x0000000000000000000000005a1ca8328b9da53c6c11c8745ea8da29a9cd36c1,,0xb4e7794b4772733f19e6009825caf64cf071d686582f4b4f828e6fd36646b62e
143340533,2025-11-04 18:10:43.000 UTC,0x0b2c639c533813f4aa9d7837caf62653d097ff85,0x,0xffa4e6181777692565cf28528fc88fd1516ea86b56da075235fa575af6a4b855,0x000000000000000000000000fc3def4dc3bac88f7e80d53c2499a02d65ae7e66,,0x5138df4ef90010c282380620c7dfcd4c44f21334978c338bab07f102102c9a85
143340537,2025-11-04 18:10:51.000 UTC,0x0b2c639c533813f4aa9d7837caf62653d097ff85,0x,0xffa4e6181777692565cf28528fc88fd1516ea86b56da075235fa575af6a4b855,0x0000000000000000000000009d6350f74c811ca9e9c9adc35227a1193d5984b0,,0x809aa956df2b39e48fefeecedb2e721b35138720854cf2bf1abf8c0d5cc82ce1
143340543,2025-11-04 18:11:03.000 UTC,0x0b2c639c533813f4aa9d7837caf62653d097ff85,0x,0xffa4e6181777692565cf28528fc88fd1516ea86b56da075235fa575af6a4b855,0x000000000000000000000000a4e740b001ea51cd90988b19cfb9da7a52e91c47,,0x02bd12824dba3a8d7533f0e5acc3fea4ef6ccb940c45652644b0f46c7082fe3e
143340544,2025-11-04 18:11:05.000 UTC,0x0b2c639c533813f4aa9d7837caf62653d097ff85,0x,0xffa4e6181777692565cf28528fc88fd1516ea86b56da075235fa575af6a4b855,0x00000000000000000000000097a582fff8b54e501f584dcd828fd1200f6f9e6b,,0xe01222cabf1191fd0d0792238ece79e3c5e43eb2b2ef88772932d5fce88298e1
143340574,2025-11-04 18:12:05.000 UTC,0x0b2c639c533813f4aa9d7837caf62653d097ff85,0x,0xffa4e6181777692565cf28528fc88fd1516ea86b56da075235fa575af6a4b855,0x000000000000000000000000919d585e07ab0926832753eb43fd6fb2b8488051,,0x2dd87471c05bd6ae86ae3d6ba1c0daa2d63904bb41c75b1adfe882508eaf4b6b
143340591,2025-11-04 18:12:39.000 UTC,0x0b2c639c533813f4aa9d7837caf62653d097ff85,0x,0xffa4e6181777692565cf28528fc88fd1516ea86b56da075235fa575af6a4b855,0x000000000000000000000000ad0fd006d311c33da60c180603316a813a3f68d4,,0xdc38cfa59da1d703a235fd74249192c0a67076cc467bcb3fdc09d9ede6f6a5d9
143340602,2025-11-04 18:13:01.000 UTC,0x0b2c639c533813f4aa9d7837caf62653d097ff85,0x,0xffa4e6181777692565cf28528fc88fd1516ea86b56da075235fa575af6a4b855,0x000000000000000000000000c19a1636cf379ce180a61946a990d743bd2ee3d1,,0x098503c894f820a203f816d7631838f8ae049fa51a2d24d9d0ddcc9611b44931
143340606,2025-11-04 18:13:09.000 UTC,0x0b2c639c533813f4aa9d7837caf62653d097ff85,0x,0xffa4e6181777692565cf28528fc88fd1516ea86b56da075235fa575af6a4b855,0x000000000000000000000000932dbae7c0493923c2643efc52b9faadfc3109a6,,0x2ca8e9eee73286bdd4d49fd17cb96293f14dd8cd36f86c55a9eef9fb1f8556cb
143340699,2025-11-04 18:16:15.000 UTC,0x0b2c639c533813f4aa9d7837caf62653d097ff85,0x,0xffa4e6181777692565cf28528fc88fd1516ea86b56da075235fa575af6a4b855,0x000000000000000000000000a3afa16728fc3a16072a7a00ec4508fafe02a34a,,0x03354a7798e792bd98df30c7ccd01ede9bbad72dbf0dce7742dfec17118ff5de
143340757,2025-11-04 18:18:11.000 UTC,0x0b2c639c533813f4aa9d7837caf62653d097ff85,0x,0xffa4e6181777692565cf28528fc88fd1516ea86b56da075235fa575af6a4b855,0x00000000000000000000000080d658d0d767de04a4379fee4a2fdf10d9bfbf03,,0x47409fc12a423d278c30f3c3b4c8974f33ab703751a87002d10f94596d133a81
143340803,2025-11-04 18:19:43.000 UTC,0x0b2c639c533813f4aa9d7837caf62653d097ff85,0x,0xffa4e6181777692565cf28528fc88fd1516ea86b56da075235fa575af6a4b855,0x000000000000000000000000da9809eaca62c7d52978045007f26817c425875f,,0x1ddc0ce22381bb8985411eaeb49a54827d06c586d8ac67f0270d7656f32ee9aa
143340870,2025-11-04 18:21:57.000 UTC,0x0b2c639c533813f4aa9d7837caf62653d097ff85,0x,0xffa4e6181777692565cf28528fc88fd1516ea86b56da075235fa575af6a4b855,0x000000000000000000000000f3f338ec1c5e17ab45377e78308ace9a6338242c,,0x72ddae5d77ec860100608a19e31e67e78e854c4408d70c3beda42e5d5568386f
143340894,2025-11-04 18:22:45.000 UTC,0x0b2c639c533813f4aa9d7837caf62653d097ff85,0x,0xffa4e6181777692565cf28528fc88fd1516ea86b56da075235fa575af6a4b855,0x000000000000000000000000db7ae6b7a2153fe0062be5d1d90a8be5ec8aaa50,,0xcbe65b0bf7c7675447c661c52e275dcb4940ae84339004c7132677fc81333d89
143340953,2025-11-04 18:24:43.000 UTC,0x0b2c639c533813f4aa9d7837caf62653d097ff85,0x,0xffa4e6181777692565cf28528fc88fd1516ea86b56da075235fa575af6a4b855,0x000000000000000000000000c5aa13f464851d92fd59f1ef6a1c719e5e6d2d4a,,0x86b510d9a5ef91bd530ce84c1a64f43e5ba972e21457efdb2b219485010aa4a7
143341028,2025-11-04 18:27:13.000 UTC,0x0b2c639c533813f4aa9d7837caf62653d097ff85,0x,0xffa4e6181777692565cf28528fc88fd1516ea86b56da075235fa575af6a4b855,0x000000000000000000000000ed5324b5482a3eef2eb4263d1c386d86bfda5d4b,,0x96792763756fd98945f4b6df009369bbb21b50772087a0d134012fd4595b1efd
143341065,2025-11-04 18:28:27.000 UTC,0x0b2c639c533813f4aa9d7837caf62653d097ff85,0x,0xffa4e6181777692565cf28528fc88fd1516ea86b56da075235fa575af6a4b855,0x000000000000000000000000c014eb917fb0689844b31347c7556c18a319bbbf,,0x41a75ba0073f2e7f8ef83f47f76d52a77eac01b71d85c48bd6d1a067ce4e7beb
143341108,2025-11-04 18:29:53.000 UTC,0x0b2c639c533813f4aa9d7837caf62653d097ff85,0x,0xffa4e6181777692565cf28528fc88fd1516ea86b56da075235fa575af6a4b855,0x000000000000000000000000f512078e07f61a2e28081c8ea86c6056788d18b4,,0x467b11c7a50671a2dbf7e85525e883593dcf38f0f8eff4d1d25784bdd888d85d
143341130,2025-11-04 18:30:37.000 UTC,0x0b2c639c533813f4aa9d7837caf62653d097ff85,0x,0xffa4e6181777692565cf28528fc88fd1516ea86b56da075235fa575af6a4b855,0x000000000000000000000000d3301fc40c118a14ba8c15370e6dd3746656d287,,0x4482916511a9648f59d186afc6542dc5627cde8e0afeba9ad5cbde2e1f00f08d
143341318,2025-11-04 18:36:53.000 UTC,0x0b2c639c533813f4aa9d7837caf62653d097ff85,0x,0xffa4e6181777692565cf28528fc88fd1516ea86b56da075235fa575af6a4b855,0x000000000000000000000000c95b0eaad3ed1c1505fc9b1a50c160afe3594036,,0xd9ee53a02b0345139c8104b6e5f9a464962d958b005db2b8ea836dad11ca21ec
143341426,2025-11-04 18:40:29.000 UTC,0x0b2c639c533813f4aa9d7837caf62653d097ff85,0x,0xffa4e6181777692565cf28528fc88fd1516ea86b56da075235fa575af6a4b855,0x000000000000000000000000e96e4483bc3f3abfea3213cd8a094ce5b26b117c,,0x764e1e2fd568b0982b67faa8f35b1bbcb10cb2a0c42c94040f100062c91a8c90
143341439,2025-11-04 18:40:55.000 UTC,0x0b2c639c533813f4aa9d7837caf62653d097ff85,0x,0xffa4e6181777692565cf28528fc88fd1516ea86b56da075235fa575af6a4b855,0x000000000000000000000000e61c235a51cf48a554c60005d936d424d0d76397,,0xfc8c9bccadc6b15a42e4aef47f6952f8b87b737228fd2eb955adc5c2f49b2abd
143341561,2025-11-04 18:44:59.000 UTC,0x0b2c639c533813f4aa9d7837caf62653d097ff85,0x,0xffa4e6181777692565cf28528fc88fd1516ea86b56da075235fa575af6a4b855,0x000000000000000000000000dc2ec40485f23d6268fe9f4fde8c390051f4766a,,0xc7f3405c64f6bff24e45f17b6e80abe41a4ee62d428a7d7344cff9079dbd6056
143987979,2025-11-19 17:52:15.000 UTC,0x0b2c639c533813f4aa9d7837caf62653d097ff85,0x,0xffa4e6181777692565cf28528fc88fd1516ea86b56da075235fa575af6a4b855,0x0000000000000000000000005d5b5dafecbf31bdb08bfd3edad4f2694372d0ef,,0x0ccf43a866a2fabadd9352a1799d2da46c8ad623494a80c060ef6f04196c2060
143988032,2025-11-19 17:54:01.000 UTC,0x0b2c639c533813f4aa9d7837caf62653d097ff85,0x,0xffa4e6181777692565cf28528fc88fd1516ea86b56da075235fa575af6a4b855,0x000000000000000000000000e1e4c5e5ed8f03ae61b581e2def126025f2b9401,,0xb7ee52a87b4aae0d635ead260e581128c94a4706d13c29943b825c40722cd2b7
143988231,2025-11-19 18:00:39.000 UTC,0x0b2c639c533813f4aa9d7837caf62653d097ff85,0x,0xffa4e6181777692565cf28528fc88fd1516ea86b56da075235fa575af6a4b855,0x0000000000000000000000002020b536fd363c82fc3f6ab26aeea94b4ffa1404,,0xdfe64ac67ae49707bd8179726c747808f623d1e70ffae432af84384ff70472af
143988281,2025-11-19 18:02:19.000 UTC,0x0b2c639c533813f4aa9d7837caf62653d097ff85,0x,0xffa4e6181777692565cf28528fc88fd1516ea86b56da075235fa575af6a4b855,0x000000000000000000000000c103b7dc095c904b92081eef0c1640081ec01c10,,0x4eba040c168a96ce27b59644b32d8a3f965709f89ae52b21a1cc29b2d5750055
143988303,2025-11-19 18:03:03.000 UTC,0x0b2c639c533813f4aa9d7837caf62653d097ff85,0x,0xffa4e6181777692565cf28528fc88fd1516ea86b56da075235fa575af6a4b855,0x000000000000000000000000091a964948da0f8f638c8b688e391e5a3df1a43e,,0x15d849dc3c5783467cd2b0e6f41fa211897bf6a13c35480039e066c0de10bc1d
143988323,2025-11-19 18:03:43.000 UTC,0x0b2c639c533813f4aa9d7837caf62653d097ff85,0x,0xffa4e6181777692565cf28528fc88fd1516ea86b56da075235fa575af6a4b855,0x0000000000000000000000009227c54226014afcb588dc49818e28a3a2367557,,0xa5dbc5fc9dcd5e89f74bb17e535a016d17f2503c4ede9dc285ad24f973a33dc5
143988325,2025-11-19 18:03:47.000 UTC,0x0b2c639c533813f4aa9d7837caf62653d097ff85,0x,0xffa4e6181777692565cf28528fc88fd1516ea86b56da075235fa575af6a4b855,0x00000000000000000000000011fe0fd1a9fb17746eb9877a396ddf1b3a632838,,0xc78d46687e0ddfc774af75c7bb2c5f37e2f06351187e0fbff01f00affbd0b174
143988374,2025-11-19 18:05:25.000 UTC,0x0b2c639c533813f4aa9d7837caf62653d097ff85,0x,0xffa4e6181777692565cf28528fc88fd1516ea86b56da075235fa575af6a4b855,0x000000000000000000000000d4e976441a1cad72ee5cbd2fd1b677fe7ce8afdf,,0x2eae78cb071d840f8965e18b1c9e2310665b51d88f4a5e1218776a298433a63a
144288544,2025-11-26 16:51:05.000 UTC,0x0b2c639c533813f4aa9d7837caf62653d097ff85,0x,0xffa4e6181777692565cf28528fc88fd1516ea86b56da075235fa575af6a4b855,0x00000000000000000000000066395ac274efad06bcfa78c882c9c4988833823b,,0xc7895ce07e698656ddbdf9c47c850b398daefe631721348c16948ff9f6a62d00
147096170,2026-01-30 16:38:37.000 UTC,0x0b2c639c533813f4aa9d7837caf62653d097ff85,0x,0xffa4e6181777692565cf28528fc88fd1516ea86b56da075235fa575af6a4b855,0x0000000000000000000000000529ebc9ff01a4d390f91687d7c7406bf0dab24e,,0x3b7f7334017092a69e17e8fc0afe32fb242228bb7ec3455f1205bfbdc5240866
147096186,2026-01-30 16:39:09.000 UTC,0x0b2c639c533813f4aa9d7837caf62653d097ff85,0x,0xffa4e6181777692565cf28528fc88fd1516ea86b56da075235fa575af6a4b855,0x000000000000000000000000bf92b14aa9fd088182178e2ebf208da946521ee5,,0x1ee3044ded46aec023ee87c4b7ef078cf80c0cb8884cf7eaf8e79863c3a53ff2
147096271,2026-01-30 16:41:59.000 UTC,0x0b2c639c533813f4aa9d7837caf62653d097ff85,0x,0xffa4e6181777692565cf28528fc88fd1516ea86b56da075235fa575af6a4b855,0x0000000000000000000000004bae1c4b2167fe4ebcd6d7baac1138d943a2609f,,0x4acda6937e326db6671527da17b7da300b2d3f936a02c3ec4e9508bc4aed7a65
147096324,2026-01-30 16:43:45.000 UTC,0x0b2c639c533813f4aa9d7837caf62653d097ff85,0x,0xffa4e6181777692565cf28528fc88fd1516ea86b56da075235fa575af6a4b855,0x0000000000000000000000002136ed3902c1d7217d9b19cf313bbb035ed9bfd7,,0x27de4a8b343229c06196d770c08c4f10ebe44f6be4a0809eb1d0d4d1b6b5f27d
147096362,2026-01-30 16:45:01.000 UTC,0x0b2c639c533813f4aa9d7837caf62653d097ff85,0x,0xffa4e6181777692565cf28528fc88fd1516ea86b56da075235fa575af6a4b855,0x000000000000000000000000180242dc6b95c786c2d9c397532c679a956a1d12,,0xd2cfc7bef023a30c3fe5665429713c791027e5843f2194174c7a17b5abefef1b
147096396,2026-01-30 16:46:09.000 UTC,0x0b2c639c533813f4aa9d7837caf62653d097ff85,0x,0xffa4e6181777692565cf28528fc88fd1516ea86b56da075235fa575af6a4b855,0x0000000000000000000000008dd586d12164a98e319607295935ee968919608e,,0x7f07bbded369b49b77e55aa73ad1efe6f2a8c17bb7a9357ab0f7808e3b08ae2a
147096418,2026-01-30 16:46:53.000 UTC,0x0b2c639c533813f4aa9d7837caf62653d097ff85,0x,0xffa4e6181777692565cf28528fc88fd1516ea86b56da075235fa575af6a4b855,0x000000000000000000000000783a4cc2478f1b44f37052bac72abaa3fc6f992a,,0x53c8d250520d8dae3edb5b6de723596f41473b3cf3c5c0c1ec3351daaf6f860f
148868642,2026-03-12 17:21:01.000 UTC,0x0b2c639c533813f4aa9d7837caf62653d097ff85,0x,0xffa4e6181777692565cf28528fc88fd1516ea86b56da075235fa575af6a4b855,0x000000000000000000000000b637f84b66876ebf609c2a4208905f9ddac9d075,,0xda3c8ecbd557e70dfc75325c78fab1d242ccb35895e6f60923c11da9c7951797
148868663,2026-03-12 17:21:43.000 UTC,0x0b2c639c533813f4aa9d7837caf62653d097ff85,0x,0xffa4e6181777692565cf28528fc88fd1516ea86b56da075235fa575af6a4b855,0x00000000000000000000000095584c303fcd48af5c6b9873015f2ad0ca84eae3,,0x21dda7582f9b58882cda467dc79e20d4fedacf94412fea79d639eaa210379bf6
148868952,2026-03-12 17:31:21.000 UTC,0x0b2c639c533813f4aa9d7837caf62653d097ff85,0x,0xffa4e6181777692565cf28528fc88fd1516ea86b56da075235fa575af6a4b855,0x000000000000000000000000cb74874f1e06fcf80a306e06e5379a44b488ba2d,,0x012bf5b1d3f7abcf3f464c192ec23195d2569921fde6b3dd7a7e0352de18b997
148868979,2026-03-12 17:32:15.000 UTC,0x0b2c639c533813f4aa9d7837caf62653d097ff85,0x,0xffa4e6181777692565cf28528fc88fd1516ea86b56da075235fa575af6a4b855,0x0000000000000000000000000330070fd38ec3bb94f58fa55d40368271e9e54a,,0x3b38e7c06bad93d76a8ddf091b3e0f5305a5ab0415e209444a66bdd67061d941
148869011,2026-03-12 17:33:19.000 UTC,0x0b2c639c533813f4aa9d7837caf62653d097ff85,0x,0xffa4e6181777692565cf28528fc88fd1516ea86b56da075235fa575af6a4b855,0x0000000000000000000000004f47bc496083c727c5fbe3ce9cdf2b0f6496270c,,0x3fe7f6dc36c3c70ab548f4107e1dfc7dc64e3b82a87e33c034c13739117ec771
148869081,2026-03-12 17:35:39.000 UTC,0x0b2c639c533813f4aa9d7837caf62653d097ff85,0x,0xffa4e6181777692565cf28528fc88fd1516ea86b56da075235fa575af6a4b855,0x000000000000000000000000d04e33461fea8302c5e1e13895b60cee8aefda7f,,0x504598e44362dda1b0c2ea94229e8445ea84615b29f77c623fc44056578cd69e
148869092,2026-03-12 17:36:01.000 UTC,0x0b2c639c533813f4aa9d7837caf62653d097ff85,0x,0xffa4e6181777692565cf28528fc88fd1516ea86b56da075235fa575af6a4b855,0x0000000000000000000000009be599d7867f5e1a2d7ec6db9710df2b98a15573,,0x2783b04842db22596afc884d9527fa702daed7dc9ac492a2f90f9ee7cfe89653
148869109,2026-03-12 17:36:35.000 UTC,0x0b2c639c533813f4aa9d7837caf62653d097ff85,0x,0xffa4e6181777692565cf28528fc88fd1516ea86b56da075235fa575af6a4b855,0x00000000000000000000000076ea76ca4eb727f18956ab93445a94c5280412b9,,0x4191bcc40883bf7dcfbe5fb103916d1b8fe136a38db1cd53b21d924dad94f8e9
148869174,2026-03-12 17:38:45.000 UTC,0x0b2c639c533813f4aa9d7837caf62653d097ff85,0x,0xffa4e6181777692565cf28528fc88fd1516ea86b56da075235fa575af6a4b855,0x000000000000000000000000fb3eff152ea55d1bfa04dbdd509a80fd7b72cdeb,,0x35c9d5f8912018597cb9f9556905bcc822332bea4b0e91876a8c4b02dc1ac038
148869288,2026-03-12 17:42:33.000 UTC,0x0b2c639c533813f4aa9d7837caf62653d097ff85,0x,0xffa4e6181777692565cf28528fc88fd1516ea86b56da075235fa575af6a4b855,0x000000000000000000000000747afb5c7a7fc34b547cd0fdebf9b91759c5a52b,,0x051aa550a92c847d970add43a957e7bb35175f2eedcfbf18ebb92fff25c4de3f
148869297,2026-03-12 17:42:51.000 UTC,0x0b2c639c533813f4aa9d7837caf62653d097ff85,0x,0xffa4e6181777692565cf28528fc88fd1516ea86b56da075235fa575af6a4b855,0x000000000000000000000000fda1ec4a6178d4916b001a065422d31ebe5f62ff,,0x4d68252cc6904689b9b3ea849067768e2da5625df38b0ff1410200e241c09492
148869380,2026-03-12 17:45:37.000 UTC,0x0b2c639c533813f4aa9d7837caf62653d097ff85,0x,0xffa4e6181777692565cf28528fc88fd1516ea86b56da075235fa575af6a4b855,0x0000000000000000000000008d55c4306745f05a31af596c6bfa19374073e797,,0x81f6afd8d9ff0a400e464752a60273235e155888988e2625d64e19038cec2099
148869397,2026-03-12 17:46:11.000 UTC,0x0b2c639c533813f4aa9d7837caf62653d097ff85,0x,0xffa4e6181777692565cf28528fc88fd1516ea86b56da075235fa575af6a4b855,0x0000000000000000000000002ec6c5fe3d7acd8e2e6185c17d9acb136e66f3e0,,0x23bba9ac747bbe333bf6ba4a2945c1f545aafcbcf0282e629c6aef3de191a6c3
148869402,2026-03-12 17:46:21.000 UTC,0x0b2c639c533813f4aa9d7837caf62653d097ff85,0x,0xffa4e6181777692565cf28528fc88fd1516ea86b56da075235fa575af6a4b855,0x000000000000000000000000fe88af78cfc99bea57f2fb708489cfc0f0b7f704,,0xf5bfb421ccf1b71951d23a0b6c8acff18890969933270d74c23c3dae3aee51ae
148869527,2026-03-12 17:50:31.000 UTC,0x0b2c639c533813f4aa9d7837caf62653d097ff85,0x,0xffa4e6181777692565cf28528fc88fd1516ea86b56da075235fa575af6a4b855,0x000000000000000000000000ee61f0eeee09eed3583baab61fa2e64b96207478,,0x0a8f88427a152b613858de2b9c4d213bfe8c8c71870462071fae61fb5227d15a
148869605,2026-03-12 17:53:07.000 UTC,0x0b2c639c533813f4aa9d7837caf62653d097ff85,0x,0xffa4e6181777692565cf28528fc88fd1516ea86b56da075235fa575af6a4b855,0x0000000000000000000000009145fc390e71e3b56da4bfe51460cbdbb1a8a3f9,,0x9b9675b271dce091373e1bd1977c6e6b81ba8eefd23c25661abc2800d72b3379
148869621,2026-03-12 17:53:39.000 UTC,0x0b2c639c533813f4aa9d7837caf62653d097ff85,0x,0xffa4e6181777692565cf28528fc88fd1516ea86b56da075235fa575af6a4b855,0x000000000000000000000000283fcf7f260da7c3c9aad91beab58882990a66eb,,0xcc67425c77344d2f5cf0154470588c27b7a086c85715e0b1b16e2239da65c56c
148869624,2026-03-12 17:53:45.000 UTC,0x0b2c639c533813f4aa9d7837caf62653d097ff85,0x,0xffa4e6181777692565cf28528fc88fd1516ea86b56da075235fa575af6a4b855,0x00000000000000000000000047df0606a84a52763887d7aa280cc4f068326b16,,0x3a400a6e849e22107530aa3d531c155ef9b31238d198c60a20e023bea3208ce7
148869642,2026-03-12 17:54:21.000 UTC,0x0b2c639c533813f4aa9d7837caf62653d097ff85,0x,0xffa4e6181777692565cf28528fc88fd1516ea86b56da075235fa575af6a4b855,0x00000000000000000000000088ef69134150f35b1e91fa2d8bfbb44ba2c51e62,,0x68f9a166ccc3f87ba62600ac12c1bb7c510b6d1723292f6ba656a5f4e4532bc0
148869695,2026-03-12 17:56:07.000 UTC,0x0b2c639c533813f4aa9d7837caf62653d097ff85,0x,0xffa4e6181777692565cf28528fc88fd1516ea86b56da075235fa575af6a4b855,0x0000000000000000000000006315bdc714ebb7a08e5ec10f351b6ca61d052bee,,0xbfb1c5435bff01d44f85e0c144073a60f349e2af53f898f29f03c00d7694f697
148869706,2026-03-12 17:56:29.000 UTC,0x0b2c639c533813f4aa9d7837caf62653d097ff85,0x,0xffa4e6181777692565cf28528fc88fd1516ea86b56da075235fa575af6a4b855,0x000000000000000000000000f8bc582628cd0c721b554161a1cb59ea003742c0,,0x5ad45cb5919f1860605aa4a939969dba7a677f8a5b7d9a8c4bb607700fa1ab23
150728357,2026-04-24 18:31:31.000 UTC,0x0b2c639c533813f4aa9d7837caf62653d097ff85,0x,0xffa4e6181777692565cf28528fc88fd1516ea86b56da075235fa575af6a4b855,0x0000000000000000000000008be1904f7e8d196ef670835e2893be5f75c1e63e,,0x6f0c625392a93641d92234824caf892bb8d35d927b22c3796dd380d4e5b860f8
150728396,2026-04-24 18:32:49.000 UTC,0x0b2c639c533813f4aa9d7837caf62653d097ff85,0x,0xffa4e6181777692565cf28528fc88fd1516ea86b56da075235fa575af6a4b855,0x000000000000000000000000c29c4df7111a39030a037a3abc8dc68c8d1d8ceb,,0xd8ad99e92635988922d9c2b746b5d16c3bc2f82f9aa5fb95093c88a4d431b30f
151845855,2026-05-20 15:21:27.000 UTC,0x0b2c639c533813f4aa9d7837caf62653d097ff85,0x,0xffa4e6181777692565cf28528fc88fd1516ea86b56da075235fa575af6a4b855,0x000000000000000000000000038989cbb1710c72b9920dc4fa529158f463e72c,,0x910182dd6e45a4d4f74758b84664496c753d008cacf9e3a3d76babec04875dec
151845915,2026-05-20 15:23:27.000 UTC,0x0b2c639c533813f4aa9d7837caf62653d097ff85,0x,0xffa4e6181777692565cf28528fc88fd1516ea86b56da075235fa575af6a4b855,0x00000000000000000000000032da24ca413f3e7b53145d4737e172c3bdf81e3e,,0x095a3e1b37b0672ca05b0c92dc9268f9db77d9c50a984bc7cd90eb049023889e
151845932,2026-05-20 15:24:01.000 UTC,0x0b2c639c533813f4aa9d7837caf62653d097ff85,0x,0xffa4e6181777692565cf28528fc88fd1516ea86b56da075235fa575af6a4b855,0x00000000000000000000000014779cec0b117d5194c750c55ea1f42086631964,,0xdc9dce5f7ec0368870ba1eb167d53e71024ab46d89f96b5371297b06fe2a0731
151846025,2026-05-20 15:27:07.000 UTC,0x0b2c639c533813f4aa9d7837caf62653d097ff85,0x,0xffa4e6181777692565cf28528fc88fd1516ea86b56da075235fa575af6a4b855,0x0000000000000000000000004f428c11dc82388fa5136d636e613ad923eb700b,,0x35d8bd9e71d59e79a421e33384e198c4b1190a99b06914ebe74a159edbeeb353
151846046,2026-05-20 15:27:49.000 UTC,0x0b2c639c533813f4aa9d7837caf62653d097ff85,0x,0xffa4e6181777692565cf28528fc88fd1516ea86b56da075235fa575af6a4b855,0x000000000000000000000000ac4cc4b68ea24bbfaac8fd127b67ed445accce22,,0x139170c12b4d72880a646521ce4263df7ba4f1725835d53736ccf807f434002e
151846182,2026-05-20 15:32:21.000 UTC,0x0b2c639c533813f4aa9d7837caf62653d097ff85,0x,0xffa4e6181777692565cf28528fc88fd1516ea86b56da075235fa575af6a4b855,0x000000000000000000000000f2235d55b2950a0b1317469d72d07ae65b2e27cb,,0x9e480886f421c14f07fcd785c7404430f11f696973ea184e303de9e621615612
152104925,2026-05-26 15:17:07.000 UTC,0x0b2c639c533813f4aa9d7837caf62653d097ff85,0x,0xffa4e6181777692565cf28528fc88fd1516ea86b56da075235fa575af6a4b855,0x00000000000000000000000061427bf615ef615cae4314ca4fe16d5142217443,,0xbba2a5769d60831bba22a4a618a4c5555b45b68027bfbab27593d1b56fb8db6e
152104991,2026-05-26 15:19:19.000 UTC,0x0b2c639c533813f4aa9d7837caf62653d097ff85,0x,0xffa4e6181777692565cf28528fc88fd1516ea86b56da075235fa575af6a4b855,0x000000000000000000000000d6ff9ba2aa8a3afd1e3d4a133449b9142ce52df5,,0xfb55046a4cc9ab60e18a08818cc2d22fecf22cf977f1f9d4fd15970e65f9a3b2
152105007,2026-05-26 15:19:51.000 UTC,0x0b2c639c533813f4aa9d7837caf62653d097ff85,0x,0xffa4e6181777692565cf28528fc88fd1516ea86b56da075235fa575af6a4b855,0x0000000000000000000000001ac8d4e4d1418a66f5891de2519693c797a2683b,,0x5b7b12c2ead756250839ae9c04ecdbf19754a9f7aecd8bb70d1492ffd7b4a2d9
153276459,2026-06-22 18:08:15.000 UTC,0x0b2c639c533813f4aa9d7837caf62653d097ff85,0x,0xffa4e6181777692565cf28528fc88fd1516ea86b56da075235fa575af6a4b855,0x000000000000000000000000110cb5c5089fc35ba0deb718a291dd64f6d1bec8,,0x7d099206359c42d42a487e12ac20b44a8827e3a6d13b6adf0a4fdaffda410ebe
153276509,2026-06-22 18:09:55.000 UTC,0x0b2c639c533813f4aa9d7837caf62653d097ff85,0x,0xffa4e6181777692565cf28528fc88fd1516ea86b56da075235fa575af6a4b855,0x0000000000000000000000002408302c960af24d6df5dee325b59ac59b2e55ce,,0x57a0bc6bf2935c17eb0797b3d5ba00dddb5d089f1831ee05efb780593fea79eb
153660043,2026-07-01 15:14:23.000 UTC,0x0b2c639c533813f4aa9d7837caf62653d097ff85,0x,0xffa4e6181777692565cf28528fc88fd1516ea86b56da075235fa575af6a4b855,0x000000000000000000000000ce9f3bc87000393f625088ed40280a74682396cf,,0xcef59a4b8e0491003e08fef37ff53e3da1723a94943ac2c0f447a806df13487b
153660108,2026-07-01 15:16:33.000 UTC,0x0b2c639c533813f4aa9d7837caf62653d097ff85,0x,0xffa4e6181777692565cf28528fc88fd1516ea86b56da075235fa575af6a4b855,0x0000000000000000000000001508e3c339f9e916595bfa6ea169aee265acf90c,,0x4780902b26ffd3ca79243db316c471306e603ebff0f5b2ffaf448198acb284b3
153660140,2026-07-01 15:17:37.000 UTC,0x0b2c639c533813f4aa9d7837caf62653d097ff85,0x,0xffa4e6181777692565cf28528fc88fd1516ea86b56da075235fa575af6a4b855,0x0000000000000000000000000eaea039d805c9600de19d5a9aa6daf4d51979ed,,0x4099a94800efe7fe550afc7212226745618e860b549c38d4679c664dc2a225d0
153660236,2026-07-01 15:20:49.000 UTC,0x0b2c639c533813f4aa9d7837caf62653d097ff85,0x,0xffa4e6181777692565cf28528fc88fd1516ea86b56da075235fa575af6a4b855,0x000000000000000000000000c44b0630645bdf681c775df334cbd7530da813fa,,0x6715ae282ed47cddec5c79c101557cfa17fc46b32156347dd940a7aaf6b598fc
153660269,2026-07-01 15:21:55.000 UTC,0x0b2c639c533813f4aa9d7837caf62653d097ff85,0x,0xffa4e6181777692565cf28528fc88fd1516ea86b56da075235fa575af6a4b855,0x00000000000000000000000018db649c1400f3dfbbf71b8b99419edcb12a0947,,0xe4f168d84788b4095540f26f0be854ea011dd77ed06bc13f34c1469abedc1d07
153660317,2026-07-01 15:23:31.000 UTC,0x0b2c639c533813f4aa9d7837caf62653d097ff85,0x,0xffa4e6181777692565cf28528fc88fd1516ea86b56da075235fa575af6a4b855,0x0000000000000000000000001f6aa4cd73fe9faf58727800b075d43caa106d46,,0x1d62f9e1e60ad365ff216a2c5cf3cc586203522ae6afb1baf633f869686d37e6
153660353,2026-07-01 15:24:43.000 UTC,0x0b2c639c533813f4aa9d7837caf62653d097ff85,0x,0xffa4e6181777692565cf28528fc88fd1516ea86b56da075235fa575af6a4b855,0x000000000000000000000000da916a1c12989829fb02a0241a7e70b5a1a4e905,,0xa6a2adb7ed89e0a33d2c3faa051cc88f27f93f942aba2c752555495c7c6ea751
153660473,2026-07-01 15:28:43.000 UTC,0x0b2c639c533813f4aa9d7837caf62653d097ff85,0x,0xffa4e6181777692565cf28528fc88fd1516ea86b56da075235fa575af6a4b855,0x000000000000000000000000d67bb799b7d2dded7dd85802c5a6affec1108b94,,0xfc78f087dbdbdc2457d8f6206c5c5f16e68f9f59edb2db3f8c7fca5780e8f411
153660495,2026-07-01 15:29:27.000 UTC,0x0b2c639c533813f4aa9d7837caf62653d097ff85,0x,0xffa4e6181777692565cf28528fc88fd1516ea86b56da075235fa575af6a4b855,0x000000000000000000000000b654159bc14f208000ec9e0ad287b321c7a3bf5c,,0xd76116491ca5258b4a94385c562bbd2bca3d387ead245e3803047458fd837172
153660509,2026-07-01 15:29:55.000 UTC,0x0b2c639c533813f4aa9d7837caf62653d097ff85,0x,0xffa4e6181777692565cf28528fc88fd1516ea86b56da075235fa575af6a4b855,0x0000000000000000000000009b571ef4731f0c8539a629cc4c44fa4fd280c10d,,0xbb38cdb4b4833c5064a2b533f78f67dfbbd11c43461eab753daf15b02abff14a
153660561,2026-07-01 15:31:39.000 UTC,0x0b2c639c533813f4aa9d7837caf62653d097ff85,0x,0xffa4e6181777692565cf28528fc88fd1516ea86b56da075235fa575af6a4b855,0x000000000000000000000000e2b0c8cd5516cf733013712408add325081225ca,,0x9b6894fe9129c7dea6945a613982157bf13e23966dda434613b35ccf43affda9
153660583,2026-07-01 15:32:23.000 UTC,0x0b2c639c533813f4aa9d7837caf62653d097ff85,0x,0xffa4e6181777692565cf28528fc88fd1516ea86b56da075235fa575af6a4b855,0x000000000000000000000000e6e1d9098b08fff5f8b3e27a02d4dca8ffcdf0a9,,0xacd6024216f9a6f556f06cb9ca92210bdf71b21f415d84458e8a7cf0f32cae3d
153660788,2026-07-01 15:39:13.000 UTC,0x0b2c639c533813f4aa9d7837caf62653d097ff85,0x,0xffa4e6181777692565cf28528fc88fd1516ea86b56da075235fa575af6a4b855,0x000000000000000000000000d1d1443c710b2f295f72ef3bc8be04a28be3e0db,,0x0edab5283be527d15a725d29ee0931124cb470dfc3d8722d1aab6dd0ee0843bc
153660816,2026-07-01 15:40:09.000 UTC,0x0b2c639c533813f4aa9d7837caf62653d097ff85,0x,0xffa4e6181777692565cf28528fc88fd1516ea86b56da075235fa575af6a4b855,0x000000000000000000000000b4a69b8228c1621eb22d9c6f1ef33926616f8218,,0x0c1bbdf3bf636a160ab5b5f1f97d41166e4caa975186a23bb41051c9e169ad9b
153660874,2026-07-01 15:42:05.000 UTC,0x0b2c639c533813f4aa9d7837caf62653d097ff85,0x,0xffa4e6181777692565cf28528fc88fd1516ea86b56da075235fa575af6a4b855,0x000000000000000000000000203b0053ccb42ca09357dde941d251d888ec1044,,0xf4fdbf9c9cd8089ea28168a1958070ccfa9a6d20b254b436c214dedec2e98e46
153660897,2026-07-01 15:42:51.000 UTC,0x0b2c639c533813f4aa9d7837caf62653d097ff85,0x,0xffa4e6181777692565cf28528fc88fd1516ea86b56da075235fa575af6a4b855,0x000000000000000000000000cd211408b46bdbf03abb2eac205a01ceb1d86288,,0xc9d02ead15f8114baca60068750b2625ed88b3a27740f6de5b1a5b8c9956d94d
153660919,2026-07-01 15:43:35.000 UTC,0x0b2c639c533813f4aa9d7837caf62653d097ff85,0x,0xffa4e6181777692565cf28528fc88fd1516ea86b56da075235fa575af6a4b855,0x000000000000000000000000545fd777d462df0acc99a188f2532a962e00df74,,0xe15d51deca77abcb83030181f2f4a4483b7ff60fb5dd441791a73fff20db5ea0
153661104,2026-07-01 15:49:45.000 UTC,0x0b2c639c533813f4aa9d7837caf62653d097ff85,0x,0xffa4e6181777692565cf28528fc88fd1516ea86b56da075235fa575af6a4b855,0x000000000000000000000000b2880d55b128cfa10cc32411e2311f59500e130b,,0x187f35e899dbe44b3e28df4c758fd6d1f9a29463eb119da902c3f74b70fa8020
153661117,2026-07-01 15:50:11.000 UTC,0x0b2c639c533813f4aa9d7837caf62653d097ff85,0x,0xffa4e6181777692565cf28528fc88fd1516ea86b56da075235fa575af6a4b855,0x0000000000000000000000006ee2a4ab3befdcfcd8c0844e853491f08971d899,,0x78f61aab22e55318cf7ac4d36faad9610fc072522c7eb43896da2cd4f00c1760
153661183,2026-07-01 15:52:23.000 UTC,0x0b2c639c533813f4aa9d7837caf62653d097ff85,0x,0xffa4e6181777692565cf28528fc88fd1516ea86b56da075235fa575af6a4b855,0x0000000000000000000000001e6983848eca149f9fc68b0a1616a1c4f62945aa,,0x1558655c1e27461fad62073edd3e0aea5579895c4acf3a31d5e13e61b375c804
153661343,2026-07-01 15:57:43.000 UTC,0x0b2c639c533813f4aa9d7837caf62653d097ff85,0x,0xffa4e6181777692565cf28528fc88fd1516ea86b56da075235fa575af6a4b855,0x000000000000000000000000c73da1e718a4fbd1ce023d412ab34433922fba58,,0xeebfce7fb14aa81fc17caed16b07739c74edd86043471ba3666c7928bad4a3d5
153661497,2026-07-01 16:02:51.000 UTC,0x0b2c639c533813f4aa9d7837caf62653d097ff85,0x,0xffa4e6181777692565cf28528fc88fd1516ea86b56da075235fa575af6a4b855,0x0000000000000000000000009789e42918dec6442a155fd2ba064d05d6db0ed2,,0x143b2b75e7a85f608844708c6ea7b3f86a781ea51b02624be6cb3e650da96851
153661518,2026-07-01 16:03:33.000 UTC,0x0b2c639c533813f4aa9d7837caf62653d097ff85,0x,0xffa4e6181777692565cf28528fc88fd1516ea86b56da075235fa575af6a4b855,0x000000000000000000000000e9d48628d685e121f48181616c71f88ec4020bf9,,0x76c93b2da520c0cf3bc31fbb69db92eedd5fded5e0a5cb70aedfabd537eb0ba7
153661529,2026-07-01 16:03:55.000 UTC,0x0b2c639c533813f4aa9d7837caf62653d097ff85,0x,0xffa4e6181777692565cf28528fc88fd1516ea86b56da075235fa575af6a4b855,0x000000000000000000000000d68022dc9dde9c9e1a613a1fb04a1de5758b563e,,0x936e45610602d609813b8f6b8de42df4c6335802307c9a5260c83c7dc9040b8a
153661534,2026-07-01 16:04:05.000 UTC,0x0b2c639c533813f4aa9d7837caf62653d097ff85,0x,0xffa4e6181777692565cf28528fc88fd1516ea86b56da075235fa575af6a4b855,0x0000000000000000000000002bbf8e01ef1349da89eb6d423a217582430e6dbc,,0x63f76be3275c8e1a90602ca1a4fe72f550dcfcb2e29d86680d021c56cc396f26
153661571,2026-07-01 16:05:19.000 UTC,0x0b2c639c533813f4aa9d7837caf62653d097ff85,0x,0xffa4e6181777692565cf28528fc88fd1516ea86b56da075235fa575af6a4b855,0x00000000000000000000000084be9d8d09cb26f31bb37771ecb06ebdd91101f9,,0x690fb227c7fc2562a1b9b716606836812f9beabcd5da2f4435d15c83b24f89be
153661593,2026-07-01 16:06:03.000 UTC,0x0b2c639c533813f4aa9d7837caf62653d097ff85,0x,0xffa4e6181777692565cf28528fc88fd1516ea86b56da075235fa575af6a4b855,0x000000000000000000000000dd6184d750a5610e1094cc5b02a8ec1c7dc14be2,,0x8106602ca76b3483273294fe07ddeaf1eb235207b6d43427bc9aa1b63319cdb5
153661733,2026-07-01 16:10:43.000 UTC,0x0b2c639c533813f4aa9d7837caf62653d097ff85,0x,0xffa4e6181777692565cf28528fc88fd1516ea86b56da075235fa575af6a4b855,0x00000000000000000000000030c7c36cb08138b620bc21611e18264c6a222583,,0xfac7d40e98dcf0444d4380166cb71eb31addf14ed8a27a182a6489840db557eb
153661754,2026-07-01 16:11:25.000 UTC,0x0b2c639c533813f4aa9d7837caf62653d097ff85,0x,0xffa4e6181777692565cf28528fc88fd1516ea86b56da075235fa575af6a4b855,0x000000000000000000000000ef7c470bbcdd524c299304627180d6074ccbfdfd,,0x1ee236def819bc25baedc75bc560cf1a1263b4fa002e76c7fc488140ec54c68c
153661770,2026-07-01 16:11:57.000 UTC,0x0b2c639c533813f4aa9d7837caf62653d097ff85,0x,0xffa4e6181777692565cf28528fc88fd1516ea86b56da075235fa575af6a4b855,0x0000000000000000000000002277d63319a5d529c0ffecf1d4d93343713d9802,,0xabfa94dfb0672db669d353421d90d3598013136a6a9ce12f4fb1ccca54ef18f9
153661878,2026-07-01 16:15:33.000 UTC,0x0b2c639c533813f4aa9d7837caf62653d097ff85,0x,0xffa4e6181777692565cf28528fc88fd1516ea86b56da075235fa575af6a4b855,0x00000000000000000000000035ecfdb165bbc06d2cc19af466465c7ac9c3f7eb,,0x91190e12b726a0fb5a71aa9db710b79b9ea4b9d6918f3c9d6f6a4bca08be849b
153661900,2026-07-01 16:16:17.000 UTC,0x0b2c639c533813f4aa9d7837caf62653d097ff85,0x,0xffa4e6181777692565cf28528fc88fd1516ea86b56da075235fa575af6a4b855,0x0000000000000000000000002fbe2388dca7d240ebc72617fb2dd5890fea4dd2,,0x8ea13720457009e57dda33766dcc73b8b259d06a8265c548fc4bcc541c0de2a4
153661977,2026-07-01 16:18:51.000 UTC,0x0b2c639c533813f4aa9d7837caf62653d097ff85,0x,0xffa4e6181777692565cf28528fc88fd1516ea86b56da075235fa575af6a4b855,0x000000000000000000000000e5b46834ab6831f5d27c72237da310fef4552911,,0x7a7d7ebdc4c6adfd1c33c8a387fab24693e614c5b523dab038d49822ee4382ca
153662064,2026-07-01 16:21:45.000 UTC,0x0b2c639c533813f4aa9d7837caf62653d097ff85,0x,0xffa4e6181777692565cf28528fc88fd1516ea86b56da075235fa575af6a4b855,0x0000000000000000000000008c5a5d9b5bd20cea93295e0f12909d6ebf2f1989,,0x98fcb512e1dbb15c2492bc17f2e8a9bde0a14371c69a5ebcf4ef54ba19737916
153662089,2026-07-01 16:22:35.000 UTC,0x0b2c639c533813f4aa9d7837caf62653d097ff85,0x,0xffa4e6181777692565cf28528fc88fd1516ea86b56da075235fa575af6a4b855,0x000000000000000000000000b0fc46592a0795a23df08b2b25e953a5461805fb,,0xc3633bdb02f1db1e0def7a16d06612b906d3461970ee7afe2a6c725c14d5a687
153662110,2026-07-01 16:23:17.000 UTC,0x0b2c639c533813f4aa9d7837caf62653d097ff85,0x,0xffa4e6181777692565cf28528fc88fd1516ea86b56da075235fa575af6a4b855,0x000000000000000000000000c4b13cf26d06bd15db5b8efe9553710b9aae8acd,,0xd8b60a3876b604ab635e3ded8ffd511ccb5da3d94ea3721f26c3e5c1c7d87688
153662251,2026-07-01 16:27:59.000 UTC,0x0b2c639c533813f4aa9d7837caf62653d097ff85,0x,0xffa4e6181777692565cf28528fc88fd1516ea86b56da075235fa575af6a4b855,0x0000000000000000000000002606d9411d6a4cab5b9e0bbd3cdef05f3f35854e,,0x998d4b4813b24273867069a3b674ee38754e798e562c19de2db6306990f95435
153662352,2026-07-01 16:31:21.000 UTC,0x0b2c639c533813f4aa9d7837caf62653d097ff85,0x,0xffa4e6181777692565cf28528fc88fd1516ea86b56da075235fa575af6a4b855,0x000000000000000000000000160ad9cb8202fe697e5b0991b65032787ce23dff,,0x2c827ed92ffc2aac832aac425a7311329ecaab80c328f0a6cbdcc038a1e01f5e
153662412,2026-07-01 16:33:21.000 UTC,0x0b2c639c533813f4aa9d7837caf62653d097ff85,0x,0xffa4e6181777692565cf28528fc88fd1516ea86b56da075235fa575af6a4b855,0x0000000000000000000000000a9f2460bd9357ebc0e24654b83d43d701560500,,0xfaa94f908b4e7b0e5c68157ba37c8a6465b93c17571e99fd40605f09fb621f1d
153662444,2026-07-01 16:34:25.000 UTC,0x0b2c639c533813f4aa9d7837caf62653d097ff85,0x,0xffa4e6181777692565cf28528fc88fd1516ea86b56da075235fa575af6a4b855,0x00000000000000000000000045e8fcd87cefd8f53a1775c9781f50e8ca7e8b62,,0xc58ddc040c2009d40d513041296e7dbcf5013b664cef9a102b33f5e3f61691e1
153662482,2026-07-01 16:35:41.000 UTC,0x0b2c639c533813f4aa9d7837caf62653d097ff85,0x,0xffa4e6181777692565cf28528fc88fd1516ea86b56da075235fa575af6a4b855,0x000000000000000000000000d82ffef8cb4f0f6a56fc2dd275879985307d1d3a,,0xe7868598e5b89dbd0255b785ff2bf3abfce35380ec88c237a902a4c2915ffa23
153662505,2026-07-01 16:36:27.000 UTC,0x0b2c639c533813f4aa9d7837caf62653d097ff85,0x,0xffa4e6181777692565cf28528fc88fd1516ea86b56da075235fa575af6a4b855,0x00000000000000000000000075fd59164d2af087af5a90f7e1b7c3d05de93dee,,0x0b51131cdb3af51888650dce4869103e2486fedbd18065bd58a79451d85a984b
153662514,2026-07-01 16:36:45.000 UTC,0x0b2c639c533813f4aa9d7837caf62653d097ff85,0x,0xffa4e6181777692565cf28528fc88fd1516ea86b56da075235fa575af6a4b855,0x0000000000000000000000008960c337bb1bc8618e8c022277ca0d34d26ce06c,,0x4db065603cfce60a2b366fe7d0a8e3d8d1f7332ba55b767ca78871d9c8d01650
153662565,2026-07-01 16:38:27.000 UTC,0x0b2c639c533813f4aa9d7837caf62653d097ff85,0x,0xffa4e6181777692565cf28528fc88fd1516ea86b56da075235fa575af6a4b855,0x00000000000000000000000097248ad2ee8453b901c646bddc256e4dca165452,,0x7abab9b27726d612ca2ae10e2728b6c36b9788dd08643cf3eab0ce6f139962e7
153662576,2026-07-01 16:38:49.000 UTC,0x0b2c639c533813f4aa9d7837caf62653d097ff85,0x,0xffa4e6181777692565cf28528fc88fd1516ea86b56da075235fa575af6a4b855,0x00000000000000000000000000e0c79525c9f846ee27f8ecf3dcfebb3a335dc7,,0x4d247431095882b69ef1092aff7e626c593b898052be4f18678b853ad6a21995
153662608,2026-07-01 16:39:53.000 UTC,0x0b2c639c533813f4aa9d7837caf62653d097ff85,0x,0xffa4e6181777692565cf28528fc88fd1516ea86b56da075235fa575af6a4b855,0x000000000000000000000000464da77310220c0c1596f8339129907b16cd896f,,0x56336bee52b4c8ec35e9fd40eb0f6e1b2f6bef053b0f1b8ce65f0ffe3e637b5c
153662696,2026-07-01 16:42:49.000 UTC,0x0b2c639c533813f4aa9d7837caf62653d097ff85,0x,0xffa4e6181777692565cf28528fc88fd1516ea86b56da075235fa575af6a4b855,0x0000000000000000000000000ede87dc2bf535ebc2682340dfc33cc50363bc2b,,0x4947db35702425a14759586e75037261467b27066547495c916fa542135c9661
153662970,2026-07-01 16:51:57.000 UTC,0x0b2c639c533813f4aa9d7837caf62653d097ff85,0x,0xffa4e6181777692565cf28528fc88fd1516ea86b56da075235fa575af6a4b855,0x000000000000000000000000f72202e113a400891e8f91e1fec0c1cc9065d735,,0x3318ad048e91a203a46f3e9adc471c0e0da67a982e263d1ef9250f6188ab4a5c
153663012,2026-07-01 16:53:21.000 UTC,0x0b2c639c533813f4aa9d7837caf62653d097ff85,0x,0xffa4e6181777692565cf28528fc88fd1516ea86b56da075235fa575af6a4b855,0x0000000000000000000000000b1da2038535de65831e81f6fdc40f40b222e2b1,,0x3717d0fed727e3d66efa78e9638bad45cec51561fae1c73c5d76425cedd35fad
153663056,2026-07-01 16:54:49.000 UTC,0x0b2c639c533813f4aa9d7837caf62653d097ff85,0x,0xffa4e6181777692565cf28528fc88fd1516ea86b56da075235fa575af6a4b855,0x0000000000000000000000005b05ac96e74161c8edffb7e6368df33b4167583a,,0x8972d87eb2ae8c98a410c04da84d5e19d9a84afb8add6797b79938a0588fe1c9
153663066,2026-07-01 16:55:09.000 UTC,0x0b2c639c533813f4aa9d7837caf62653d097ff85,0x,0xffa4e6181777692565cf28528fc88fd1516ea86b56da075235fa575af6a4b855,0x0000000000000000000000007db839f22e388b5c427ef1ae4f1fe558012904bf,,0xe2aa295bed0843ef5d6b45511b0907bc7f77bd7b1b9315e6be4342609bb00ba5
153663151,2026-07-01 16:57:59.000 UTC,0x0b2c639c533813f4aa9d7837caf62653d097ff85,0x,0xffa4e6181777692565cf28528fc88fd1516ea86b56da075235fa575af6a4b855,0x000000000000000000000000ad5c8f4ba4bb0b94feb63e97bb821f808d44507b,,0xc9e1d7572e04651094bd49c4d3a6a575ec564083f8248f5afee89a12c411e1e4
153663155,2026-07-01 16:58:07.000 UTC,0x0b2c639c533813f4aa9d7837caf62653d097ff85,0x,0xffa4e6181777692565cf28528fc88fd1516ea86b56da075235fa575af6a4b855,0x000000000000000000000000e646c85afde30e55d7196612efd37e5b058e9717,,0xe751e1ee20520902c3b0d48c9783432957c3099b9f4fa35404d29205434425d3
153663164,2026-07-01 16:58:25.000 UTC,0x0b2c639c533813f4aa9d7837caf62653d097ff85,0x,0xffa4e6181777692565cf28528fc88fd1516ea86b56da075235fa575af6a4b855,0x0000000000000000000000001c165affe280c786303cce84f1eda9957de87779,,0xdd6c4cabc85748c7f56682ca65d7450c0bdf7bc13335e7cb88d1da8325e00cab
153663224,2026-07-01 17:00:25.000 UTC,0x0b2c639c533813f4aa9d7837caf62653d097ff85,0x,0xffa4e6181777692565cf28528fc88fd1516ea86b56da075235fa575af6a4b855,0x0000000000000000000000006440312463c98262b0768ac4f8e7232fb58caced,,0xaf62a682268861e34999d527fc350ca9047cbc1c94e6e90160a63c93e879a406
153663266,2026-07-01 17:01:49.000 UTC,0x0b2c639c533813f4aa9d7837caf62653d097ff85,0x,0xffa4e6181777692565cf28528fc88fd1516ea86b56da075235fa575af6a4b855,0x000000000000000000000000a112c8cb691f58754269ce81c73a9dc92e63159f,,0xcdebd6756adc29c410b86640f883796518d5205d4afa8ab4ce25e0bd340d434e
153663282,2026-07-01 17:02:21.000 UTC,0x0b2c639c533813f4aa9d7837caf62653d097ff85,0x,0xffa4e6181777692565cf28528fc88fd1516ea86b56da075235fa575af6a4b855,0x000000000000000000000000f37ffa0e4829aa159af625c48276c4e632f4400c,,0xf2e1b965eb70bac997b8a19adca5d2520932841def34849e97070ad42e190d84
153663384,2026-07-01 17:05:45.000 UTC,0x0b2c639c533813f4aa9d7837caf62653d097ff85,0x,0xffa4e6181777692565cf28528fc88fd1516ea86b56da075235fa575af6a4b855,0x000000000000000000000000d1b4671abd7c3db9f5d99b98918ebf8cbd41ea33,,0x933c9b6054639248fdacf288987ce7d749696ff9b7c2dca1e6706bbc6c7d6583
153663545,2026-07-01 17:11:07.000 UTC,0x0b2c639c533813f4aa9d7837caf62653d097ff85,0x,0xffa4e6181777692565cf28528fc88fd1516ea86b56da075235fa575af6a4b855,0x000000000000000000000000ddc63d69ed992e2617d54950a8cea70e2127c412,,0xdfaf5347b04550228c9b244059611f0d2285383f474b12fcc4429d01e7c92aaa
153663565,2026-07-01 17:11:47.000 UTC,0x0b2c639c533813f4aa9d7837caf62653d097ff85,0x,0xffa4e6181777692565cf28528fc88fd1516ea86b56da075235fa575af6a4b855,0x000000000000000000000000dd8cf42ff365caebbed4f48190ca79286b0e66c7,,0x676278ae3dcb4e4f8d57126d89911be1e1d42ccde7466736da95b443e0451e03
153663566,2026-07-01 17:11:49.000 UTC,0x0b2c639c533813f4aa9d7837caf62653d097ff85,0x,0xffa4e6181777692565cf28528fc88fd1516ea86b56da075235fa575af6a4b855,0x000000000000000000000000b251e1f30c697905287d3e1be1fb0fffc01ce633,,0xf2c59db9f3ece48b1ddd88c2a417302298e49b2c1990c658485b2270b4a0b43d
153663586,2026-07-01 17:12:29.000 UTC,0x0b2c639c533813f4aa9d7837caf62653d097ff85,0x,0xffa4e6181777692565cf28528fc88fd1516ea86b56da075235fa575af6a4b855,0x0000000000000000000000000b57cde36e6e0c31a10442076dfd03ff8038507d,,0x4af85e53ae41d3858a123cae6a3fb0ecaf09fa4e2db47444bca0e47db53347c0
153663666,2026-07-01 17:15:09.000 UTC,0x0b2c639c533813f4aa9d7837caf62653d097ff85,0x,0xffa4e6181777692565cf28528fc88fd1516ea86b56da075235fa575af6a4b855,0x0000000000000000000000002d415662ce7ddd1e89c4bbf8f527f7e06811248e,,0x5c814b6d4ad7f0e94f760abc8cc0c0a8ba472a82b5877ece86309dd4586d92b8
153663824,2026-07-01 17:20:25.000 UTC,0x0b2c639c533813f4aa9d7837caf62653d097ff85,0x,0xffa4e6181777692565cf28528fc88fd1516ea86b56da075235fa575af6a4b855,0x00000000000000000000000028facff64babe25658bb4635af41aaa019f9deee,,0x012eba594497a640d578337923e79d72a766474568ae20c3d0ca654b661d22f2
153663858,2026-07-01 17:21:33.000 UTC,0x0b2c639c533813f4aa9d7837caf62653d097ff85,0x,0xffa4e6181777692565cf28528fc88fd1516ea86b56da075235fa575af6a4b855,0x0000000000000000000000001b78a412cc1078fd5719a3379085647ca4ba0e5f,,0xeff0e2e507c208b31601fe0f42d4692db943f9d3680979d52d25e3f7209abdd7
153663900,2026-07-01 17:22:57.000 UTC,0x0b2c639c533813f4aa9d7837caf62653d097ff85,0x,0xffa4e6181777692565cf28528fc88fd1516ea86b56da075235fa575af6a4b855,0x0000000000000000000000000c1ee706f91a56fc96e2f260c670bd4bf3002696,,0x6da1425fa7d37fa6a67b6a74d7ddf5857301136302b827b76f73269291f11268
153664099,2026-07-01 17:29:35.000 UTC,0x0b2c639c533813f4aa9d7837caf62653d097ff85,0x,0xffa4e6181777692565cf28528fc88fd1516ea86b56da075235fa575af6a4b855,0x000000000000000000000000803a9bd5e917e32bd7bcde526e656254417c5a86,,0xd865a8cdcecb038a8ecf1bf58cc49eeb14f92d3c8900440a9a580f258f4b1408
153664131,2026-07-01 17:30:39.000 UTC,0x0b2c639c533813f4aa9d7837caf62653d097ff85,0x,0xffa4e6181777692565cf28528fc88fd1516ea86b56da075235fa575af6a4b855,0x000000000000000000000000fbc3ca4a4b808bef72c54b872caa59e5e69c783e,,0x2e308c9eb69ea185acf9c312009172867f9955c7cbf0e0440cf27ac396ce971f
153664152,2026-07-01 17:31:21.000 UTC,0x0b2c639c533813f4aa9d7837caf62653d097ff85,0x,0xffa4e6181777692565cf28528fc88fd1516ea86b56da075235fa575af6a4b855,0x00000000000000000000000012f3acd05ddc70d333ca7e8d9a36513997cfb08f,,0x63a76905495ff12a138456a440648f5fffdc6eedc93a70e8f97c0c2dfc6f229d
153664237,2026-07-01 17:34:11.000 UTC,0x0b2c639c533813f4aa9d7837caf62653d097ff85,0x,0xffa4e6181777692565cf28528fc88fd1516ea86b56da075235fa575af6a4b855,0x0000000000000000000000002907a4de925af9434bcf176957dcbfeac49afc46,,0xc8e6ef904fa0edce5b71832c16fa7d0152d982af5fae9f05ef9e46797758d7a7
153664275,2026-07-01 17:35:27.000 UTC,0x0b2c639c533813f4aa9d7837caf62653d097ff85,0x,0xffa4e6181777692565cf28528fc88fd1516ea86b56da075235fa575af6a4b855,0x00000000000000000000000024545819f879db1a8df28fe0fd7f8ee4b7025977,,0xe54fbc459a21e0fee176458d3d8378194d22e193d480ef7ad387e67ef8742f99
153664318,2026-07-01 17:36:53.000 UTC,0x0b2c639c533813f4aa9d7837caf62653d097ff85,0x,0xffa4e6181777692565cf28528fc88fd1516ea86b56da075235fa575af6a4b855,0x0000000000000000000000002e2983271415c0aa7950277186f10c0676f5cac2,,0x089646b64eb8752539fe51bb626aab6b4d44563194cc78505cddb8a8f58a140b
153664342,2026-07-01 17:37:41.000 UTC,0x0b2c639c533813f4aa9d7837caf62653d097ff85,0x,0xffa4e6181777692565cf28528fc88fd1516ea86b56da075235fa575af6a4b855,0x000000000000000000000000d086c684646d4eba389c5d97e57d5b2bee3826b7,,0x75e9c10250782a9cab490b0f165b70a041170e4bdf1ce4e546fa94485620ef2b
153664352,2026-07-01 17:38:01.000 UTC,0x0b2c639c533813f4aa9d7837caf62653d097ff85,0x,0xffa4e6181777692565cf28528fc88fd1516ea86b56da075235fa575af6a4b855,0x00000000000000000000000081d0eac7c2e42b221bd2e5bd5f9ddc0dcc9f6f30,,0xbb7042cf33917992bd6793de59c1328947c7fdbffb5c0d653883610e13ee31a8
153664420,2026-07-01 17:40:17.000 UTC,0x0b2c639c533813f4aa9d7837caf62653d097ff85,0x,0xffa4e6181777692565cf28528fc88fd1516ea86b56da075235fa575af6a4b855,0x00000000000000000000000068c15054d74c86ffca1e23a3802a27bab1735395,,0x69fc91a230314e98df317024ce4b499319d62bd1072602bdf84e12c8edccdbe8
153664506,2026-07-01 17:43:09.000 UTC,0x0b2c639c533813f4aa9d7837caf62653d097ff85,0x,0xffa4e6181777692565cf28528fc88fd1516ea86b56da075235fa575af6a4b855,0x00000000000000000000000056bf68cd5ad0cafc5e3cb7da826914359592eb62,,0xed743b564652b355102e4a5267a941f31c59140533d917651431d56083c354d6
153664538,2026-07-01 17:44:13.000 UTC,0x0b2c639c533813f4aa9d7837caf62653d097ff85,0x,0xffa4e6181777692565cf28528fc88fd1516ea86b56da075235fa575af6a4b855,0x000000000000000000000000e4814881a36d2c543b5acc30a7ee9868b0c810da,,0x3e70abf32d93f6ca43c4ee9ac2f235adcbe0cb78cf64059cc8eda528ea0a4e7f
153664556,2026-07-01 17:44:49.000 UTC,0x0b2c639c533813f4aa9d7837caf62653d097ff85,0x,0xffa4e6181777692565cf28528fc88fd1516ea86b56da075235fa575af6a4b855,0x0000000000000000000000009f4f225d3fa34d498adbfd6898e2b30850859059,,0xd0d11673d0b26493ffb0ed657819eea64146d33cdc184bbe1caf675438019359
153664599,2026-07-01 17:46:15.000 UTC,0x0b2c639c533813f4aa9d7837caf62653d097ff85,0x,0xffa4e6181777692565cf28528fc88fd1516ea86b56da075235fa575af6a4b855,0x00000000000000000000000007d28de0bbd45f2ef8f89621f9f504ed72f34d92,,0xbb5944ea3e3b8f255fe93026f5c2ccacd3dcca736c4c97c31591358f0c8e989c
153664674,2026-07-01 17:48:45.000 UTC,0x0b2c639c533813f4aa9d7837caf62653d097ff85,0x,0xffa4e6181777692565cf28528fc88fd1516ea86b56da075235fa575af6a4b855,0x000000000000000000000000a05b377f4ae52727a59bcb7a82d6a20356f6b0b4,,0x230ecd4e68c1830b4de620c32f49d28ba874f3dd9d30868ed18e6db3bca8d9e2
153664688,2026-07-01 17:49:13.000 UTC,0x0b2c639c533813f4aa9d7837caf62653d097ff85,0x,0xffa4e6181777692565cf28528fc88fd1516ea86b56da075235fa575af6a4b855,0x00000000000000000000000095bcc8bbd8f91b255baf9ecf54f15e74b9959af2,,0xfacb4f1d86a45c1b8419554b39fe6fb4583bcbb7e22ef375815431db9ab45ca2
153664704,2026-07-01 17:49:45.000 UTC,0x0b2c639c533813f4aa9d7837caf62653d097ff85,0x,0xffa4e6181777692565cf28528fc88fd1516ea86b56da075235fa575af6a4b855,0x000000000000000000000000a570df663c1b522f3dacd6f96320e65f8206ed0d,,0x0ab0de3b6a9ea6d9c0e5c1f16bfd18313b0b054f2128babb4c555793a5734fc1
153664892,2026-07-01 17:56:01.000 UTC,0x0b2c639c533813f4aa9d7837caf62653d097ff85,0x,0xffa4e6181777692565cf28528fc88fd1516ea86b56da075235fa575af6a4b855,0x00000000000000000000000026eddc84e46104b944f871c0f3fbd8256197d5ca,,0x4bd8e5e7f0d34faa113ab48353c730527ea4c1349181588b2d77368df8646800
153664897,2026-07-01 17:56:11.000 UTC,0x0b2c639c533813f4aa9d7837caf62653d097ff85,0x,0xffa4e6181777692565cf28528fc88fd1516ea86b56da075235fa575af6a4b855,0x00000000000000000000000020e60fa8673fa61d574b42a13ae805c312777241,,0x17f1a2d31a3cd659d7586fb824a2488af8381b467a585c426a50f2ddd0fc4899
153664953,2026-07-01 17:58:03.000 UTC,0x0b2c639c533813f4aa9d7837caf62653d097ff85,0x,0xffa4e6181777692565cf28528fc88fd1516ea86b56da075235fa575af6a4b855,0x000000000000000000000000878ebd5e809aca3dc01856d5fa924a405e34dad6,,0x4e64cb86e6fa1eab88abeb89e91cd1ac647a9dc844596d04c592e55b32e27fb4
153665087,2026-07-01 18:02:31.000 UTC,0x0b2c639c533813f4aa9d7837caf62653d097ff85,0x,0xffa4e6181777692565cf28528fc88fd1516ea86b56da075235fa575af6a4b855,0x000000000000000000000000d3faecadc1f752234b6079299f570def99976f7c,,0x563b170bb83aab1bec48097290c140f18df2bda5d7d39e6bdf0bf3906af9292f
153665290,2026-07-01 18:09:17.000 UTC,0x0b2c639c533813f4aa9d7837caf62653d097ff85,0x,0xffa4e6181777692565cf28528fc88fd1516ea86b56da075235fa575af6a4b855,0x000000000000000000000000b79a667da76ba369583ba333c4eb4b005c5b657a,,0xa458b69e3f9c0a7452d1c35a2653fa6704b40c384aa2541d7ba032a14a6e8d8a
153665308,2026-07-01 18:09:53.000 UTC,0x0b2c639c533813f4aa9d7837caf62653d097ff85,0x,0xffa4e6181777692565cf28528fc88fd1516ea86b56da075235fa575af6a4b855,0x0000000000000000000000005a43b964288ce2b4b7de0cae544531bf94a8b79f,,0x55f0b4851b1ee34bb9cd6e22ea9b15ecd8884cb0d01fdfe5f5bb33ee77bed1d8
153665317,2026-07-01 18:10:11.000 UTC,0x0b2c639c533813f4aa9d7837caf62653d097ff85,0x,0xffa4e6181777692565cf28528fc88fd1516ea86b56da075235fa575af6a4b855,0x000000000000000000000000a6358db3812ce9a11eb8aa2f954e36711ed015f6,,0x578a999b173247beacc97d2ccaa8fbeedcb53d735f1e4cec17dead2b4f415539
153665338,2026-07-01 18:10:53.000 UTC,0x0b2c639c533813f4aa9d7837caf62653d097ff85,0x,0xffa4e6181777692565cf28528fc88fd1516ea86b56da075235fa575af6a4b855,0x00000000000000000000000012f59283c23ff1b2ad7a8730b6cf41df25435570,,0x68da156a74575974430d48e2f13eba0ae5a8c55de011e8ad4cc13a3a82fc40bb
153665478,2026-07-01 18:15:33.000 UTC,0x0b2c639c533813f4aa9d7837caf62653d097ff85,0x,0xffa4e6181777692565cf28528fc88fd1516ea86b56da075235fa575af6a4b855,0x00000000000000000000000031424423746e69795da87d93bef987cc9aebe8d6,,0xe4c8bc0e28604d1d5d75ea0f193247b3adb467d4587df7d58862a047f99e72ae
153665499,2026-07-01 18:16:15.000 UTC,0x0b2c639c533813f4aa9d7837caf62653d097ff85,0x,0xffa4e6181777692565cf28528fc88fd1516ea86b56da075235fa575af6a4b855,0x000000000000000000000000a38ffbe2722007f682e4985420acfce172c8b421,,0x406bc45982773f04bdea460ca236003d744528705eb93d6afa7ec213aff45470
153665554,2026-07-01 18:18:05.000 UTC,0x0b2c639c533813f4aa9d7837caf62653d097ff85,0x,0xffa4e6181777692565cf28528fc88fd1516ea86b56da075235fa575af6a4b855,0x0000000000000000000000007077f6f05c0c435bde0d145613425fc17ce10a5a,,0x344251601692754a2c801914d5ee5a07b960f0ee9498ee51dfb59f3acd5e50af
153665579,2026-07-01 18:18:55.000 UTC,0x0b2c639c533813f4aa9d7837caf62653d097ff85,0x,0xffa4e6181777692565cf28528fc88fd1516ea86b56da075235fa575af6a4b855,0x0000000000000000000000003e4b5fa3fe3fdb48f0865b2088e3beafe915eb63,,0xf706f7c7899c975d4c774a14ce99e4db71ba00980f13f7d3faf2c41b8a1f711e
153665615,2026-07-01 18:20:07.000 UTC,0x0b2c639c533813f4aa9d7837caf62653d097ff85,0x,0xffa4e6181777692565cf28528fc88fd1516ea86b56da075235fa575af6a4b855,0x00000000000000000000000018855af93d521cf39fa8a1342a06562661725420,,0x48c73ea5a29517fc4bb83a3a15ac79b84dfcd7ff7cf49ba6d387c098ab616bd9
153665616,2026-07-01 18:20:09.000 UTC,0x0b2c639c533813f4aa9d7837caf62653d097ff85,0x,0xffa4e6181777692565cf28528fc88fd1516ea86b56da075235fa575af6a4b855,0x000000000000000000000000701f00ebbcd4c09d6a7a9f89023cbf400c318504,,0x5248ad58e5c95f07579cf984b9958c9cf3185c5b5bdaa59b91c0ef8e4ff856c3
153665667,2026-07-01 18:21:51.000 UTC,0x0b2c639c533813f4aa9d7837caf62653d097ff85,0x,0xffa4e6181777692565cf28528fc88fd1516ea86b56da075235fa575af6a4b855,0x0000000000000000000000002d0d0dcf83adde53fcde96af5fbcd1367944a2d8,,0x084e3301ef86ab2e3df60dadddab873c96423eb70b1492ac2af6b6fc35880509
153665797,2026-07-01 18:26:11.000 UTC,0x0b2c639c533813f4aa9d7837caf62653d097ff85,0x,0xffa4e6181777692565cf28528fc88fd1516ea86b56da075235fa575af6a4b855,0x000000000000000000000000ae1174ea8e2ce28b7db322f675be24507a37aabd,,0xde265881e1508591d4ef2778dd53570717612476347805b700d1b7d8b497792b
153665825,2026-07-01 18:27:07.000 UTC,0x0b2c639c533813f4aa9d7837caf62653d097ff85,0x,0xffa4e6181777692565cf28528fc88fd1516ea86b56da075235fa575af6a4b855,0x000000000000000000000000f0eaf0fa72283fb86ebd5d462cc5c7e97d640308,,0x35c270738c170513afe89dadba389b46ba9c5ecbffef1ec06a138fc926ac009f
153665980,2026-07-01 18:32:17.000 UTC,0x0b2c639c533813f4aa9d7837caf62653d097ff85,0x,0xffa4e6181777692565cf28528fc88fd1516ea86b56da075235fa575af6a4b855,0x000000000000000000000000aa678643e6c27b8508d91bf152b581b94b8c6cbf,,0x4b089fa8ea72563144be3e89cd987e8e75491aa1f66aaad39bcce24dd5439ba3
153666064,2026-07-01 18:35:05.000 UTC,0x0b2c639c533813f4aa9d7837caf62653d097ff85,0x,0xffa4e6181777692565cf28528fc88fd1516ea86b56da075235fa575af6a4b855,0x00000000000000000000000001ab57e94386817f1d3d3549c2e3ad5d2622de2b,,0x5bca77525ff6dbab32825d76c0cce75eba9c78ae7c9e9b4462a730da167eaebd
153666135,2026-07-01 18:37:27.000 UTC,0x0b2c639c533813f4aa9d7837caf62653d097ff85,0x,0xffa4e6181777692565cf28528fc88fd1516ea86b56da075235fa575af6a4b855,0x0000000000000000000000008711522cdb2f89df2d99dea0c1cb68ce2ee3016a,,0x144141c8c5132de53387c175d3aee7e16b844327da850c56b2389b768daa4fb8
153666148,2026-07-01 18:37:53.000 UTC,0x0b2c639c533813f4aa9d7837caf62653d097ff85,0x,0xffa4e6181777692565cf28528fc88fd1516ea86b56da075235fa575af6a4b855,0x0000000000000000000000001796486b359f2084f9e1585a491545d38d6db391,,0xb026c9d6668e35fa4ca41cfdb40f71f36ff38de7b9077d72ee727a593547b3bc
153666180,2026-07-01 18:38:57.000 UTC,0x0b2c639c533813f4aa9d7837caf62653d097ff85,0x,0xffa4e6181777692565cf28528fc88fd1516ea86b56da075235fa575af6a4b855,0x000000000000000000000000cc8b73b5a7b3c88478c1a3d0eb34c7c5dc9f686f,,0x7e917291e8ea5f416fbf2d21e35f4571513b30a31f1e413419ef948857ab2e19
153666223,2026-07-01 18:40:23.000 UTC,0x0b2c639c533813f4aa9d7837caf62653d097ff85,0x,0xffa4e6181777692565cf28528fc88fd1516ea86b56da075235fa575af6a4b855,0x00000000000000000000000093e7a8bfd6c1f4af81db2ae9ea6b02e69a6da2bf,,0x8b847906b1ab105ecd6bb5be640f9b16c7ee4d94febd50ecece547fdf0b3db99
153666340,2026-07-01 18:44:17.000 UTC,0x0b2c639c533813f4aa9d7837caf62653d097ff85,0x,0xffa4e6181777692565cf28528fc88fd1516ea86b56da075235fa575af6a4b855,0x000000000000000000000000d5f14e80acaf51d5970eba2851685b32f5a97e00,,0xa027164ad419896d516f75a941be41f494854b5999e3fcffdfd2aafdc3fd3312
153666346,2026-07-01 18:44:29.000 UTC,0x0b2c639c533813f4aa9d7837caf62653d097ff85,0x,0xffa4e6181777692565cf28528fc88fd1516ea86b56da075235fa575af6a4b855,0x000000000000000000000000cc794fdec285f2b5461b6b2aee7d0511cde8cda7,,0xf2755df55131759bb0ea5d055b28fca6711f8130aa2ac0ed3c3e693dd222a169
153666447,2026-07-01 18:47:51.000 UTC,0x0b2c639c533813f4aa9d7837caf62653d097ff85,0x,0xffa4e6181777692565cf28528fc88fd1516ea86b56da075235fa575af6a4b855,0x00000000000000000000000012964e45547b54b00faab3f8babc22ff7fe45609,,0xf3e69745122416a48263fa03d9e948ba5715bc22a9669535088b7e3eb52b6206
153666534,2026-07-01 18:50:45.000 UTC,0x0b2c639c533813f4aa9d7837caf62653d097ff85,0x,0xffa4e6181777692565cf28528fc88fd1516ea86b56da075235fa575af6a4b855,0x0000000000000000000000008eec746c6fc6dda84f44c82ca94818281c23e1f1,,0xef657cef0f0b2c165eb828fe6d93a668a081dbd8b196632768be95a7b48ae767
153666620,2026-07-01 18:53:37.000 UTC,0x0b2c639c533813f4aa9d7837caf62653d097ff85,0x,0xffa4e6181777692565cf28528fc88fd1516ea86b56da075235fa575af6a4b855,0x000000000000000000000000cc0bf752565564606f37c647249da56838671a7d,,0x76f767ce55817831eae461febcee4fa78c1779ca0790d99cd5290adb4bb6c8a9
153666655,2026-07-01 18:54:47.000 UTC,0x0b2c639c533813f4aa9d7837caf62653d097ff85,0x,0xffa4e6181777692565cf28528fc88fd1516ea86b56da075235fa575af6a4b855,0x0000000000000000000000001ed13e7c465a3850f8f9e0b503587ba514017536,,0xc867af693efc34de02837ba0057e6ba5580a322e1c80642c874de6ac541cb361
153666683,2026-07-01 18:55:43.000 UTC,0x0b2c639c533813f4aa9d7837caf62653d097ff85,0x,0xffa4e6181777692565cf28528fc88fd1516ea86b56da075235fa575af6a4b855,0x000000000000000000000000eb3c18a88bd40c776cdf6c3986edbc39f30a731d,,0xa2eb744c6887d7e4c5797d0d92f2a5b675ce77bd64fd69a7008f09ce843a6874
153666894,2026-07-01 19:02:45.000 UTC,0x0b2c639c533813f4aa9d7837caf62653d097ff85,0x,0xffa4e6181777692565cf28528fc88fd1516ea86b56da075235fa575af6a4b855,0x00000000000000000000000081c483bf9bcdc0a31864ae7c1762425b67c2c467,,0x890dc56f89edf4e2df8bb30c79ca03d97165c5f9f1e35b94e933e82f215d91de
153667038,2026-07-01 19:07:33.000 UTC,0x0b2c639c533813f4aa9d7837caf62653d097ff85,0x,0xffa4e6181777692565cf28528fc88fd1516ea86b56da075235fa575af6a4b855,0x000000000000000000000000994aa9e584fdbe4df7934db56941fc19e70bb336,,0xfe36ac9c0b232c9deb259ee5a2a4d2aac4671ae87746d8c74e27f1765d4b8590
153667067,2026-07-01 19:08:31.000 UTC,0x0b2c639c533813f4aa9d7837caf62653d097ff85,0x,0xffa4e6181777692565cf28528fc88fd1516ea86b56da075235fa575af6a4b855,0x0000000000000000000000008d7e10e5fa9ce28f5a7f49760b59f5ad992bddce,,0xececf226c5d59587bbd06f87d79b4f2dafe25bf0152de4609be86495c6233ab4
153667137,2026-07-01 19:10:51.000 UTC,0x0b2c639c533813f4aa9d7837caf62653d097ff85,0x,0xffa4e6181777692565cf28528fc88fd1516ea86b56da075235fa575af6a4b855,0x0000000000000000000000003beaf4486e9c6a4feae23ed9296844588a61604c,,0x371f430123661cc1e12f698efb7dda0e35817261867abd3a1a5204734c950175
153667139,2026-07-01 19:10:55.000 UTC,0x0b2c639c533813f4aa9d7837caf62653d097ff85,0x,0xffa4e6181777692565cf28528fc88fd1516ea86b56da075235fa575af6a4b855,0x000000000000000000000000c4244fe10b9365766efa5a4f0baa124a750c8b4f,,0xaecfc4e3d5738dff02fdd79c6bdab9f370f7f0cac5e0cdf870ec784e12c48f94
153667169,2026-07-01 19:11:55.000 UTC,0x0b2c639c533813f4aa9d7837caf62653d097ff85,0x,0xffa4e6181777692565cf28528fc88fd1516ea86b56da075235fa575af6a4b855,0x000000000000000000000000410450013674ad6e67c8c0c0d4cf71656cf1e4b4,,0x17d51a9c396f0cd2808ff4a6b09bab6536dbc6b2de201c097059886df5409c02
153667229,2026-07-01 19:13:55.000 UTC,0x0b2c639c533813f4aa9d7837caf62653d097ff85,0x,0xffa4e6181777692565cf28528fc88fd1516ea86b56da075235fa575af6a4b855,0x000000000000000000000000912b64c34d4c048c403d588df0fdae3b9b93b543,,0x3339d64ca0dd8366744a1e083594a64a61be56da8ef92ac9199b2250c0a50b02
153667297,2026-07-01 19:16:11.000 UTC,0x0b2c639c533813f4aa9d7837caf62653d097ff85,0x,0xffa4e6181777692565cf28528fc88fd1516ea86b56da075235fa575af6a4b855,0x0000000000000000000000004069dffc23210e939075300d5e50161d0cf868c7,,0x94f89d0a6adac694d3eac7da695cc054089da5f79950dacc1568b041ce01bde8
153667357,2026-07-01 19:18:11.000 UTC,0x0b2c639c533813f4aa9d7837caf62653d097ff85,0x,0xffa4e6181777692565cf28528fc88fd1516ea86b56da075235fa575af6a4b855,0x0000000000000000000000002d20b1d77f2f663f7fe745f8493d6744683544b8,,0x4877ebb674025f4fcaf944931ee9d081119ebcefbb6a6380088a6948224693d3
153667362,2026-07-01 19:18:21.000 UTC,0x0b2c639c533813f4aa9d7837caf62653d097ff85,0x,0xffa4e6181777692565cf28528fc88fd1516ea86b56da075235fa575af6a4b855,0x000000000000000000000000c868071a9602dd0c8e8f277432c742fdac78442b,,0x758fac88459ddfbd2794be72d1b8bf3b6e1741991b14091ca3e44a4188813d0d
153667365,2026-07-01 19:18:27.000 UTC,0x0b2c639c533813f4aa9d7837caf62653d097ff85,0x,0xffa4e6181777692565cf28528fc88fd1516ea86b56da075235fa575af6a4b855,0x00000000000000000000000026f4376ef74562f92876577e86b0bbb4fc05cdd6,,0x1a7a2b7ef5651901f6a29aa8b7961d09f3bf0af20c9db74d381a2bd527f3e9c1
153667371,2026-07-01 19:18:39.000 UTC,0x0b2c639c533813f4aa9d7837caf62653d097ff85,0x,0xffa4e6181777692565cf28528fc88fd1516ea86b56da075235fa575af6a4b855,0x000000000000000000000000ee366d650af5599f86289109ffb37ff0a2178b2f,,0xa01594d1a412a024ecbf1b11919552c001ff582feb3d7b229b32457673e15fee
153667510,2026-07-01 19:23:17.000 UTC,0x0b2c639c533813f4aa9d7837caf62653d097ff85,0x,0xffa4e6181777692565cf28528fc88fd1516ea86b56da075235fa575af6a4b855,0x0000000000000000000000005168da75329bca67a2c75642b7cab4f14482cb9d,,0x22d22944b5003a9d1cd9feba730c8e28cab7ce03603eec5be8664153c44023a6
153667574,2026-07-01 19:25:25.000 UTC,0x0b2c639c533813f4aa9d7837caf62653d097ff85,0x,0xffa4e6181777692565cf28528fc88fd1516ea86b56da075235fa575af6a4b855,0x0000000000000000000000003ec58d2b0bce77282f2e415ac6596dc3f626f436,,0x8862a44be2ebaaa28bd631348898bcdec02c6377fa8b87c60e7698db18c42176
153667634,2026-07-01 19:27:25.000 UTC,0x0b2c639c533813f4aa9d7837caf62653d097ff85,0x,0xffa4e6181777692565cf28528fc88fd1516ea86b56da075235fa575af6a4b855,0x00000000000000000000000013c9c13507282550061c367f8f10527df835afc5,,0x8c3a9dc03837e1c13c611c18d7daecdfaeb12ff94f763aecf45cf3b23c6b1c88
153667733,2026-07-01 19:30:43.000 UTC,0x0b2c639c533813f4aa9d7837caf62653d097ff85,0x,0xffa4e6181777692565cf28528fc88fd1516ea86b56da075235fa575af6a4b855,0x00000000000000000000000091f7a5a79c0c660744496dd498a1601bfe670494,,0xed602efa0af26da34cd4debc2b26fd13bce8d8db98a7752559057d63191bd47d
153667779,2026-07-01 19:32:15.000 UTC,0x0b2c639c533813f4aa9d7837caf62653d097ff85,0x,0xffa4e6181777692565cf28528fc88fd1516ea86b56da075235fa575af6a4b855,0x000000000000000000000000ab1a8d5e41dc0223973dbdfd1de14e3d567d81fb,,0xa3d7f6461724041094bcf8e88a0a6f2ed370a1b077179d519a7cd494ca9ee200
153667801,2026-07-01 19:32:59.000 UTC,0x0b2c639c533813f4aa9d7837caf62653d097ff85,0x,0xffa4e6181777692565cf28528fc88fd1516ea86b56da075235fa575af6a4b855,0x00000000000000000000000082def3990129e73531ad7a737ba54c76d34e507d,,0x0034f0068aa2a256e6dc3dd038ce6324c836aabf9b7feb1adc931cda0d7aeef6
153667844,2026-07-01 19:34:25.000 UTC,0x0b2c639c533813f4aa9d7837caf62653d097ff85,0x,0xffa4e6181777692565cf28528fc88fd1516ea86b56da075235fa575af6a4b855,0x00000000000000000000000070d6292f5b971c82fb6587a3cd740f64e98009c3,,0x2b643238d0fda4f63a62ca26c787ba8b2122df96901f8948241a78bdfc75b451
154178622,2026-07-13 15:20:21.000 UTC,0x0b2c639c533813f4aa9d7837caf62653d097ff85,0x,0xffa4e6181777692565cf28528fc88fd1516ea86b56da075235fa575af6a4b855,0x0000000000000000000000001d19b52b54e7ef5ea1a4b40b616165e798eac9f8,,0x21bc224fafb6bad5665906fe195ac132d565d1d552693f47b69cb4407955aa2c
154178660,2026-07-13 15:21:37.000 UTC,0x0b2c639c533813f4aa9d7837caf62653d097ff85,0x,0xffa4e6181777692565cf28528fc88fd1516ea86b56da075235fa575af6a4b855,0x0000000000000000000000002c7dcd774b33e10367f7d6385479e04f97d179dc,,0xc560bee9507c88718abd30ecf498484044470903c9caa48d671ac71e3c93c4e5
154178783,2026-07-13 15:25:43.000 UTC,0x0b2c639c533813f4aa9d7837caf62653d097ff85,0x,0xffa4e6181777692565cf28528fc88fd1516ea86b56da075235fa575af6a4b855,0x000000000000000000000000cfbb0c9a2a99777b46211b380869f82cf20a635e,,0xc96ba22217426b43fec6c1f8620e4dcbc902c5a75a21151488be7de1ec8c8c61
154178794,2026-07-13 15:26:05.000 UTC,0x0b2c639c533813f4aa9d7837caf62653d097ff85,0x,0xffa4e6181777692565cf28528fc88fd1516ea86b56da075235fa575af6a4b855,0x0000000000000000000000002711d73d559f62f4f855ee21f38378f528e07985,,0xe09aa2798c68807c3fb0bea1e56cfbe5f5167b6084c1c811e55c906ecad803ac
154178810,2026-07-13 15:26:37.000 UTC,0x0b2c639c533813f4aa9d7837caf62653d097ff85,0x,0xffa4e6181777692565cf28528fc88fd1516ea86b56da075235fa575af6a4b855,0x000000000000000000000000be7d33a802487f0b51e0191dc0c3772fa11a8f70,,0x3598242e9b960e0cc61f937a92756df301d6b9eef0932f6995f1aa133aed9611
154178864,2026-07-13 15:28:25.000 UTC,0x0b2c639c533813f4aa9d7837caf62653d097ff85,0x,0xffa4e6181777692565cf28528fc88fd1516ea86b56da075235fa575af6a4b855,0x0000000000000000000000000e0d1899d3a6a9362bc215f1c5a9acaccb0de882,,0x99408228af403baa9235b006e7f2398aff4b50251f9d8dabeba64e9e4e5a5880
154230909,2026-07-14 20:23:15.000 UTC,0x0b2c639c533813f4aa9d7837caf62653d097ff85,0x,0xffa4e6181777692565cf28528fc88fd1516ea86b56da075235fa575af6a4b855,0x00000000000000000000000008151bd98c00015de698408de9405aa62115b5ee,,0x59cbc959185f55bef2c463f7387eec47a52686e06b0766584425200d0c3bc357
154231010,2026-07-14 20:26:37.000 UTC,0x0b2c639c533813f4aa9d7837caf62653d097ff85,0x,0xffa4e6181777692565cf28528fc88fd1516ea86b56da075235fa575af6a4b855,0x0000000000000000000000003ba6174651e3a0c3c6a7d42a75e6e00b039304d1,,0x965c4a331aefd4d359dfa9c12594d09e1951744a3d788be014e31a732a532cc9
154231059,2026-07-14 20:28:15.000 UTC,0x0b2c639c533813f4aa9d7837caf62653d097ff85,0x,0xffa4e6181777692565cf28528fc88fd1516ea86b56da075235fa575af6a4b855,0x000000000000000000000000e995da05f4e51871d5d2ef8496536a052138bc6a,,0xe0d373def9f8a9b5c5d44959b00c5ebf25aae602e9e5eb3c7923571ad59c6b6c
154231111,2026-07-14 20:29:59.000 UTC,0x0b2c639c533813f4aa9d7837caf62653d097ff85,0x,0xffa4e6181777692565cf28528fc88fd1516ea86b56da075235fa575af6a4b855,0x0000000000000000000000005f077e9b16f30b9ecfaf5dc09294dcc98b8d395a,,0x35b19d6e85e8b53396a1f52222524d5c8790f8a8b1eb97e2b9e97ec34fa5a490
154616781,2026-07-23 18:45:39.000 UTC,0x0b2c639c533813f4aa9d7837caf62653d097ff85,0x,0xffa4e6181777692565cf28528fc88fd1516ea86b56da075235fa575af6a4b855,0x00000000000000000000000007f57fafbd3055737c778184cdb7b30c65fb7a6e,,0xe4908e74a6e1cc5d8d0bd3b10528cd8e6c2e01ba846a8b666aa060f3ec055136
154616851,2026-07-23 18:47:59.000 UTC,0x0b2c639c533813f4aa9d7837caf62653d097ff85,0x,0xffa4e6181777692565cf28528fc88fd1516ea86b56da075235fa575af6a4b855,0x0000000000000000000000004b6d60a69a1386992e18f89241d183429ebc3a56,,0x792880aeaa093a9c2bb4046c028d471b63d6e54f35e52ecf0edf43c21a5de54f
154616884,2026-07-23 18:49:05.000 UTC,0x0b2c639c533813f4aa9d7837caf62653d097ff85,0x,0xffa4e6181777692565cf28528fc88fd1516ea86b56da075235fa575af6a4b855,0x000000000000000000000000506d8d7c56a06723a52fde594638eeda23461d15,,0x1281d5f64ac6d16673f00cb9438b6e4a53b55d24d502eceffcd360f3ed49c2de
154616887,2026-07-23 18:49:11.000 UTC,0x0b2c639c533813f4aa9d7837caf62653d097ff85,0x,0xffa4e6181777692565cf28528fc88fd1516ea86b56da075235fa575af6a4b855,0x00000000000000000000000076c7c4ff99ab9791d4e358e33a3f51c2c5d3ac8e,,0x177e996ad9dfa658ea01f8fbacd657807332240f543d99bb8f10fa1d50ccadf8
154617041,2026-07-23 18:54:19.000 UTC,0x0b2c639c533813f4aa9d7837caf62653d097ff85,0x,0xffa4e6181777692565cf28528fc88fd1516ea86b56da075235fa575af6a4b855,0x000000000000000000000000d838b11133085016bc31ca78571067b0d77dc290,,0xbff53428a6659badebbb548ede56cc0d913851489ed1f983bf88367008e1a1f6
154617053,2026-07-23 18:54:43.000 UTC,0x0b2c639c533813f4aa9d7837caf62653d097ff85,0x,0xffa4e6181777692565cf28528fc88fd1516ea86b56da075235fa575af6a4b855,0x000000000000000000000000b690e524695f909e7dac090ff30b1fcfe557f597,,0x299118887ed831ec37d6881c4cfaf4f7a4686cda1883029e1f5d6ac429f39ac7
154617102,2026-07-23 18:56:21.000 UTC,0x0b2c639c533813f4aa9d7837caf62653d097ff85,0x,0xffa4e6181777692565cf28528fc88fd1516ea86b56da075235fa575af6a4b855,0x00000000000000000000000099929eed7638ac0f031a5d925409741f86f98be6,,0x97c816330e51751293017e147ade6ec6185e2dfad3ad17a3c3dacdc1e1a62149
154875293,2026-07-29 18:22:43.000 UTC,0x0b2c639c533813f4aa9d7837caf62653d097ff85,0x,0xffa4e6181777692565cf28528fc88fd1516ea86b56da075235fa575af6a4b855,0x0000000000000000000000000ede564e315f8e1803161a22e8404c624c35b1fb,,0x76a12c6debd866ab4280d9df3979c80b065c5348a0a8f301f7aaf7ded3cee4b9
154875314,2026-07-29 18:23:25.000 UTC,0x0b2c639c533813f4aa9d7837caf62653d097ff85,0x,0xffa4e6181777692565cf28528fc88fd1516ea86b56da075235fa575af6a4b855,0x000000000000000000000000dca63d36e326fdcde1c6403ff3edf5d8ba7699ad,,0x4d4ccd27c802a7a4b5de64260b9423cb331c5dfd5aee708a5c23e7afcf59b254
155265749,2026-08-07 19:17:55.000 UTC,0x0b2c639c533813f4aa9d7837caf62653d097ff85,0x,0xffa4e6181777692565cf28528fc88fd1516ea86b56da075235fa575af6a4b855,0x0000000000000000000000006b69e2a7545c166417a80c61a77562052bffa9c5,,0x0c897dc034bfe95db8a61aa4204ebf1ba96b3ce048ba5fb83e0127be06e6106d
155265766,2026-08-07 19:18:29.000 UTC,0x0b2c639c533813f4aa9d7837caf62653d097ff85,0x,0xffa4e6181777692565cf28528fc88fd1516ea86b56da075235fa575af6a4b855,0x0000000000000000000000008d79c73daae8630c88de372ba8f57592fa987607,,0x1a4f8e82f66365c1e3aa4ed752aa2424a542ab6ad31d95c7bcb36752a42a734f
155265892,2026-08-07 19:22:41.000 UTC,0x0b2c639c533813f4aa9d7837caf62653d097ff85,0x,0xffa4e6181777692565cf28528fc88fd1516ea86b56da075235fa575af6a4b855,0x000000000000000000000000bb69e01921b17cd22080968bcc96ba6115da6062,,0xba2671a8f8d2c23f627bebb1e95252aeedc7c0a9f750e685326e8bcfdae69cc5
155265943,2026-08-07 19:24:23.000 UTC,0x0b2c639c533813f4aa9d7837caf62653d097ff85,0x,0xffa4e6181777692565cf28528fc88fd1516ea86b56da075235fa575af6a4b855,0x000000000000000000000000967f32c544b6547f366123927d6dc0a3c6dcdfb9,,0x10b0f2803e6c32de397bb04abafe904c2ba6c24ca564e0fe7a3279047bf5983e
155266107,2026-08-07 19:29:51.000 UTC,0x0b2c639c533813f4aa9d7837caf62653d097ff85,0x,0xffa4e6181777692565cf28528fc88fd1516ea86b56da075235fa575af6a4b855,0x000000000000000000000000e05f529f5284d75624eba386cb716928c3b54a2a,,0xcfdf2af459ee220f878c8e1fbfaa64919ac858f83c4d982e91b13115625a5c68
155266149,2026-08-07 19:31:15.000 UTC,0x0b2c639c533813f4aa9d7837caf62653d097ff85,0x,0xffa4e6181777692565cf28528fc88fd1516ea86b56da075235fa575af6a4b855,0x000000000000000000000000c02b8bcd6cea7162274b939410d466b755553175,,0x0fbeadf3a86062fafcc37af519efc26c33b7d82dfcf5d8fe6c1705a5c1346150
155266154,2026-08-07 19:31:25.000 UTC,0x0b2c639c533813f4aa9d7837caf62653d097ff85,0x,0xffa4e6181777692565cf28528fc88fd1516ea86b56da075235fa575af6a4b855,0x000000000000000000000000eaac716a919f3a032a7e5f4d803c799569c32bd4,,0x80ae71db47325b44b565e2a343122131225492484fc1577f2459746c25dd5c47
