block_number,block_timestamp,contract_address,data,topic0,topic1,topic2,tx_hash
2798422,2023-08-18 19:16:31.000 UTC,0x833589fcd6edb6e08f4c7c32d4f71b54bda02913,0x,0xffa4e6181777692565cf28528fc88fd1516ea86b56da075235fa575af6a4b855,0x000000000000000000000000d882cfc20f52f2599d84b8e8d58c7fb62cfe344b,,0x0cbd2100c09c38d3b0267b7f8ae4ab0080da037efee3f7b7dcb93f4e9160c6cc
2798427,2023-08-18 19:16:41.000 UTC,0x833589fcd6edb6e08f4c7c32d4f71b54bda02913,0x,0xffa4e6181777692565cf28528fc88fd1516ea86b56da075235fa575af6a4b855,0x0000000000000000000000007f367cc41522ce07553e823bf3be79a889debe1b,,0x75bd23c696a8b6bcf3051095aba6db1edd9186ea2eeb691f0bdda57537131dec
2798431,2023-08-18 19:16:49.000 UTC,0x833589fcd6edb6e08f4c7c32d4f71b54bda02913,0x,0xffa4e6181777692565cf28528fc88fd1516ea86b56da075235fa575af6a4b855,0x0000000000000000000000001da5821544e25c636c1417ba96ade4cf6d2f9b5a,,0x5a45cb10f5adc601832bc9f7f7ed4ef5235a47226d2605819e602af4861065a6
2798435,2023-08-18 19:16:57.000 UTC,0x833589fcd6edb6e08f4c7c32d4f71b54bda02913,0x,0xffa4e6181777692565cf28528fc88fd1516ea86b56da075235fa575af6a4b855,0x0000000000000000000000007db418b5d567a4e0e8c59ad71be1fce48f3e6107,,0x48299556f7ab80e27888983393f8e27435d501229ac7d806d4eba089d1a861ba
2798440,2023-08-18 19:17:07.000 UTC,0x833589fcd6edb6e08f4c7c32d4f71b54bda02913,0x,0xffa4e6181777692565cf28528fc88fd1516ea86b56da075235fa575af6a4b855,0x00000000000000000000000072a5843cc08275c8171e582972aa4fda8c397b2a,,0x865e8868bc3caf024f0b6b31c57ddbc8669c49093f4791f1002ea53341fb2741
2798445,2023-08-18 19:17:17.000 UTC,0x833589fcd6edb6e08f4c7c32d4f71b54bda02913,0x,0xffa4e6181777692565cf28528fc88fd1516ea86b56da075235fa575af6a4b855,0x0000000000000000000000007f19720a857f834887fc9a7bc0a0fbe7fc7f8102,,0x215cd8ee4514ab68792c6cf2c7c903e3035d13100e0a07695b38b89074e5b9ca
2798488,2023-08-18 19:18:43.000 UTC,0x833589fcd6edb6e08f4c7c32d4f71b54bda02913,0x,0xffa4e6181777692565cf28528fc88fd1516ea86b56da075235fa575af6a4b855,0x0000000000000000000000009f4cda013e354b8fc285bf4b9a60460cee7f7ea9,,0x0bc8bc3ce57b1d64a0a41d2d121ce99cd54fd9cecc0a6743b71c92c7ebdc30a4
2798493,2023-08-18 19:18:53.000 UTC,0x833589fcd6edb6e08f4c7c32d4f71b54bda02913,0x,0xffa4e6181777692565cf28528fc88fd1516ea86b56da075235fa575af6a4b855,0x000000000000000000000000a7e5d5a720f06526557c513402f2e6b5fa20b008,,0x19efd04ccba08ef10ef31b0bf80c7a83644f5c0e7e2820308f03a2012b554494
2798497,2023-08-18 19:19:01.000 UTC,0x833589fcd6edb6e08f4c7c32d4f71b54bda02913,0x,0xffa4e6181777692565cf28528fc88fd1516ea86b56da075235fa575af6a4b855,0x0000000000000000000000003cbded43efdaf0fc77b9c55f6fc9988fcc9b757d,,0xdae061f5a1d01cdb6b122f78f9b7db8939aaa342c7404e635af11c0b8d7be7c8
2798535,2023-08-18 19:20:17.000 UTC,0x833589fcd6edb6e08f4c7c32d4f71b54bda02913,0x,0xffa4e6181777692565cf28528fc88fd1516ea86b56da075235fa575af6a4b855,0x00000000000000000000000067d40ee1a85bf4a4bb7ffae16de985e8427b6b45,,0x23cf661df36bc6e0ccca84200d2186f82863b7abfe04e02bfc97ee7b75443d72
2798540,2023-08-18 19:20:27.000 UTC,0x833589fcd6edb6e08f4c7c32d4f71b54bda02913,0x,0xffa4e6181777692565cf28528fc88fd1516ea86b56da075235fa575af6a4b855,0x0000000000000000000000006f1ca141a28907f78ebaa64fb83a9088b02a8352,,0x09f0154e457ac193783a1a8e15db260f6e943b3ede9032948392724ac1af3e97
2798550,2023-08-18 19:20:47.000 UTC,0x833589fcd6edb6e08f4c7c32d4f71b54bda02913,0x,0xffa4e6181777692565cf28528fc88fd1516ea86b56da075235fa575af6a4b855,0x0000000000000000000000006acdfba02d390b97ac2b2d42a63e85293bcc160e,,0x266458d214a4b5337e44d6641cc68c452e77fff70fda820cf0a8e83551fbbdfe
2798555,2023-08-18 19:20:57.000 UTC,0x833589fcd6edb6e08f4c7c32d4f71b54bda02913,0x,0xffa4e6181777692565cf28528fc88fd1516ea86b56da075235fa575af6a4b855,0x00000000000000000000000048549a34ae37b12f6a30566245176994e17c6b4a,,0x55a2d339f09645d02a3f870c92b2a8aa4f0a2b1822bb6b956107fd994da2b1fa
2798560,2023-08-18 19:21:07.000 UTC,0x833589fcd6edb6e08f4c7c32d4f71b54bda02913,0x,0xffa4e6181777692565cf28528fc88fd1516ea86b56da075235fa575af6a4b855,0x0000000000000000000000005512d943ed1f7c8a43f3435c85f7ab68b30121b0,,0x45a57c9da49691123e1110c142dbaf578153d5b572d1121795c6918b03632cde
2800046,2023-08-18 20:10:39.000 UTC,0x833589fcd6edb6e08f4c7c32d4f71b54bda02913,0x,0xffa4e6181777692565cf28528fc88fd1516ea86b56da075235fa575af6a4b855,0x0000000000000000000000005512d943ed1f7c8a43f3435c85f7ab68b30121b0,,0xcd1b793c3589ab2cc3eb689d379237e361367b8aa1c79a7c80f863b37bdeb125
2800052,2023-08-18 20:10:51.000 UTC,0x833589fcd6edb6e08f4c7c32d4f71b54bda02913,0x,0xffa4e6181777692565cf28528fc88fd1516ea86b56da075235fa575af6a4b855,0x000000000000000000000000c455f7fd3e0e12afd51fba5c106909934d8a0e4a,,0xdfacb4c5893ffa0d24ab1bad5ea061c704c0a694faed2f0355497297b3571a37
2800057,2023-08-18 20:11:01.000 UTC,0x833589fcd6edb6e08f4c7c32d4f71b54bda02913,0x,0xffa4e6181777692565cf28528fc88fd1516ea86b56da075235fa575af6a4b855,0x0000000000000000000000002f389ce8bd8ff92de3402ffce4691d17fc4f6535,,0xf2d40701abad26eb01528cb0877088a6b4cf40b3af227a2de5b181b4f38c448b
2800283,2023-08-18 20:18:33.000 UTC,0x833589fcd6edb6e08f4c7c32d4f71b54bda02913,0x,0xffa4e6181777692565cf28528fc88fd1516ea86b56da075235fa575af6a4b855,0x00000000000000000000000019aa5fe80d33a56d56c78e82ea5e50e5d80b4dff,,0xf4ba4734d05d9bc10694ceaf2b7619136745d9ecfc801c5f00b76c675bd94341
2800286,2023-08-18 20:18:39.000 UTC,0x833589fcd6edb6e08f4c7c32d4f71b54bda02913,0x,0xffa4e6181777692565cf28528fc88fd1516ea86b56da075235fa575af6a4b855,0x000000000000000000000000e7aa314c77f4233c18c6cc84384a9247c0cf367b,,0x13b4dac6ec313d0fef4fb57d0202c637bb856187e4d8c05f76a5226d5b8b9271
2800290,2023-08-18 20:18:47.000 UTC,0x833589fcd6edb6e08f4c7c32d4f71b54bda02913,0x,0xffa4e6181777692565cf28528fc88fd1516ea86b56da075235fa575af6a4b855,0x000000000000000000000000308ed4b7b49797e1a98d3818bff6fe5385410370,,0x42528f759bbbc132aad5b1eba60016842a1789a141ef6757334b182776172d32
2800294,2023-08-18 20:18:55.000 UTC,0x833589fcd6edb6e08f4c7c32d4f71b54bda02913,0x,0xffa4e6181777692565cf28528fc88fd1516ea86b56da075235fa575af6a4b855,0x000000000000000000000000fec8a60023265364d066a1212fde3930f6ae8da7,,0x90af62775ac56bbb5aba702722753ebebbeb42b106724073babaf22d337dec53
2800298,2023-08-18 20:19:03.000 UTC,0x833589fcd6edb6e08f4c7c32d4f71b54bda02913,0x,0xffa4e6181777692565cf28528fc88fd1516ea86b56da075235fa575af6a4b855,0x0000000000000000000000008576acc5c05d6ce88f4e49bf65bdf0c62f91353c,,0xb980618f66541e9a867e10494170da3395effbd9de587db2f5e6e9e898756f83
2800301,2023-08-18 20:19:09.000 UTC,0x833589fcd6edb6e08f4c7c32d4f71b54bda02913,0x,0xffa4e6181777692565cf28528fc88fd1516ea86b56da075235fa575af6a4b855,0x000000000000000000000000901bb9583b24d97e995513c6778dc6888ab6870e,,0x9fa9d8d5c3b553185658733061713d394f9481f166faec0fca8aa01cbae8e4bd
2800304,2023-08-18 20:19:15.000 UTC,0x833589fcd6edb6e08f4c7c32d4f71b54bda02913,0x,0xffa4e6181777692565cf28528fc88fd1516ea86b56da075235fa575af6a4b855,0x0000000000000000000000007ff9cfad3877f21d41da833e2f775db0569ee3d9,,0xee7ce40e38175dd192f366b14d8677ec17b806fe89ee28ee5f8496348ac357b0
2800309,2023-08-18 20:19:25.000 UTC,0x833589fcd6edb6e08f4c7c32d4f71b54bda02913,0x,0xffa4e6181777692565cf28528fc88fd1516ea86b56da075235fa575af6a4b855,0x000000000000000000000000098b716b8aaf21512996dc57eb0615e2383e2f96,,0x459a96f2c9b578a5e2a99cc36002a422e67460ceec5eeab364729cf15ec8117c
2800313,2023-08-18 20:19:33.000 UTC,0x833589fcd6edb6e08f4c7c32d4f71b54bda02913,0x,0xffa4e6181777692565cf28528fc88fd1516ea86b56da075235fa575af6a4b855,0x000000000000000000000000a0e1c89ef1a489c9c7de96311ed5ce5d32c20e4b,,0xbaa92d12c790ff34224ccb9a0f17e73f2c75debd1fdcb5ef425db64d6499b0c8
2800318,2023-08-18 20:19:43.000 UTC,0x833589fcd6edb6e08f4c7c32d4f71b54bda02913,0x,0xffa4e6181777692565cf28528fc88fd1516ea86b56da075235fa575af6a4b855,0x0000000000000000000000003cffd56b47b7b41c56258d9c7731abadc360e073,,0x75214bd8ead2cd0638906ce8aa1da20b67413be35a9745abb03e319954d763bb
2800321,2023-08-18 20:19:49.000 UTC,0x833589fcd6edb6e08f4c7c32d4f71b54bda02913,0x,0xffa4e6181777692565cf28528fc88fd1516ea86b56da075235fa575af6a4b855,0x00000000000000000000000053b6936513e738f44fb50d2b9476730c0ab3bfc1,,0x36e532c9d05330e07da70907093837dca31795b0a348b16ca662b2e9b20b4102
2800325,2023-08-18 20:19:57.000 UTC,0x833589fcd6edb6e08f4c7c32d4f71b54bda02913,0x,0xffa4e6181777692565cf28528fc88fd1516ea86b56da075235fa575af6a4b855,0x000000000000000000000000cce63fd31e9053c110c74cebc37c8e358a6aa5bd,,0x33a38413660db29aeda1688c8b3b581691125481f3024458c17103efd512cb5f
2800330,2023-08-18 20:20:07.000 UTC,0x833589fcd6edb6e08f4c7c32d4f71b54bda02913,0x,0xffa4e6181777692565cf28528fc88fd1516ea86b56da075235fa575af6a4b855,0x00000000000000000000000035fb6f6db4fb05e6a4ce86f2c93691425626d4b1,,0xe57379219ec0db00afbbec15863b0cba6d97c899004d1fa155b00bbfa9fd1ca9
2800334,2023-08-18 20:20:15.000 UTC,0x833589fcd6edb6e08f4c7c32d4f71b54bda02913,0x,0xffa4e6181777692565cf28528fc88fd1516ea86b56da075235fa575af6a4b855,0x000000000000000000000000f7b31119c2682c88d88d455dbb9d5932c65cf1be,,0x904f7040a458091945c821edd1d4e6e9d8ae0224b926be8939a336d0ff44f1a3
2800338,2023-08-18 20:20:23.000 UTC,0x833589fcd6edb6e08f4c7c32d4f71b54bda02913,0x,0xffa4e6181777692565cf28528fc88fd1516ea86b56da075235fa575af6a4b855,0x0000000000000000000000003e37627deaa754090fbfbb8bd226c1ce66d255e9,,0x2f2869605b02ac25a9e8ce5edf0b9f86905d1e7f797be19164b2d7a918c65668
2800342,2023-08-18 20:20:31.000 UTC,0x833589fcd6edb6e08f4c7c32d4f71b54bda02913,0x,0xffa4e6181777692565cf28528fc88fd1516ea86b56da075235fa575af6a4b855,0x00000000000000000000000008723392ed15743cc38513c4925f5e6be5c17243,,0xe95ea1256a362afaa8acdda3d23546f6b18df93ba1d0ca021aa334a693a1e7d1
2800346,2023-08-18 20:20:39.000 UTC,0x833589fcd6edb6e08f4c7c32d4f71b54bda02913,0x,0xffa4e6181777692565cf28528fc88fd1516ea86b56da075235fa575af6a4b855,0x0000000000000000000000008589427373d6d84e98730d7795d8f6f8731fda16,,0x68773c5a479c200b9e0954107d3b475fd14bc15617b6b148efa5893708f8e523
2800350,2023-08-18 20:20:47.000 UTC,0x833589fcd6edb6e08f4c7c32d4f71b54bda02913,0x,0xffa4e6181777692565cf28528fc88fd1516ea86b56da075235fa575af6a4b855,0x000000000000000000000000722122df12d4e14e13ac3b6895a86e84145b6967,,0xf59f7d2e8037b953b27b3429daf9129bab54c9e1474b104b2bccf70dc6c5c59a
2800354,2023-08-18 20:20:55.000 UTC,0x833589fcd6edb6e08f4c7c32d4f71b54bda02913,0x,0xffa4e6181777692565cf28528fc88fd1516ea86b56da075235fa575af6a4b855,0x000000000000000000000000dd4c48c0b24039969fc16d1cdf626eab821d3384,,0x1eedef4bc15e034769837b3da5e9636aa86e11e1152da66e41f621104fcd26a0
2800357,2023-08-18 20:21:01.000 UTC,0x833589fcd6edb6e08f4c7c32d4f71b54bda02913,0x,0xffa4e6181777692565cf28528fc88fd1516ea86b56da075235fa575af6a4b855,0x000000000000000000000000d90e2f925da726b50c4ed8d0fb90ad053324f31b,,0xeda5a8f17a6507bef403de3f616386a399268837bc6f995fe9fdad695673b2e8
2800362,2023-08-18 20:21:11.000 UTC,0x833589fcd6edb6e08f4c7c32d4f71b54bda02913,0x,0xffa4e6181777692565cf28528fc88fd1516ea86b56da075235fa575af6a4b855,0x000000000000000000000000d96f2b1c14db8458374d9aca76e26c3d18364307,,0x97dd61fe30cab8b2ec719982e9070cd117a6aa7d742fdc315eca923b2e45c0d1
2800367,2023-08-18 20:21:21.000 UTC,0x833589fcd6edb6e08f4c7c32d4f71b54bda02913,0x,0xffa4e6181777692565cf28528fc88fd1516ea86b56da075235fa575af6a4b855,0x0000000000000000000000004736dcf1b7a3d580672cce6e7c65cd5cc9cfba9d,,0x6c47eef46458cd0694606ed30f6a1b62ae9e530bb183dc5b6cfc9d0c0511ae9c
2800371,2023-08-18 20:21:29.000 UTC,0x833589fcd6edb6e08f4c7c32d4f71b54bda02913,0x,0xffa4e6181777692565cf28528fc88fd1516ea86b56da075235fa575af6a4b855,0x000000000000000000000000d4b88df4d29f5cedd6857912842cff3b20c8cfa3,,0x113a621170057595043dae3bbd0aa8bb15df9b52597afaa363a4649035128497
2800374,2023-08-18 20:21:35.000 UTC,0x833589fcd6edb6e08f4c7c32d4f71b54bda02913,0x,0xffa4e6181777692565cf28528fc88fd1516ea86b56da075235fa575af6a4b855,0x000000000000000000000000910cbd523d972eb0a6f4cae4618ad62622b39dbf,,0xa3a7379d004696b0ee7cb8900608a532c61c89a2f10632898106929fb550efdf
2800378,2023-08-18 20:21:43.000 UTC,0x833589fcd6edb6e08f4c7c32d4f71b54bda02913,0x,0xffa4e6181777692565cf28528fc88fd1516ea86b56da075235fa575af6a4b855,0x000000000000000000000000a160cdab225685da1d56aa342ad8841c3b53f291,,0x8c7a6c8a19f35ace19a07bf4313e3ddd158c405b809fbeb837f7271bc8184f47
2800381,2023-08-18 20:21:49.000 UTC,0x833589fcd6edb6e08f4c7c32d4f71b54bda02913,0x,0xffa4e6181777692565cf28528fc88fd1516ea86b56da075235fa575af6a4b855,0x000000000000000000000000fd8610d20aa15b7b2e3be39b396a1bc3516c7144,,0xce4bdde7cb4427bd1ffc888338581ea6b48956fe9f803ecbb2885ebd4a204786
2800386,2023-08-18 20:21:59.000 UTC,0x833589fcd6edb6e08f4c7c32d4f71b54bda02913,0x,0xffa4e6181777692565cf28528fc88fd1516ea86b56da075235fa575af6a4b855,0x000000000000000000000000f60dd140cff0706bae9cd734ac3ae76ad9ebc32a,,0x0748f026b94295158b66bea3741544f797d8a4cbf4c0ab5f332cdd62778d42c2
2800390,2023-08-18 20:22:07.000 UTC,0x833589fcd6edb6e08f4c7c32d4f71b54bda02913,0x,0xffa4e6181777692565cf28528fc88fd1516ea86b56da075235fa575af6a4b855,0x00000000000000000000000022aaa7720ddd5388a3c0a3333430953c68f1849b,,0xda508040d915fc85fe5c85fa4eb32403763598933f651509c15d28c7260bc221
2800394,2023-08-18 20:22:15.000 UTC,0x833589fcd6edb6e08f4c7c32d4f71b54bda02913,0x,0xffa4e6181777692565cf28528fc88fd1516ea86b56da075235fa575af6a4b855,0x000000000000000000000000ba214c1c1928a32bffe790263e38b4af9bfcd659,,0x8d9b1481aac004a6098e15e69ab77b199b452a20262c93c55a7d952cf5ad023c
2800398,2023-08-18 20:22:23.000 UTC,0x833589fcd6edb6e08f4c7c32d4f71b54bda02913,0x,0xffa4e6181777692565cf28528fc88fd1516ea86b56da075235fa575af6a4b855,0x000000000000000000000000b1c8094b234dce6e03f10a5b673c1d8c69739a00,,0xf03a53bd7280f88a5dc1cbd8a376160987aa842bbb21e416383205599d82b831
2800402,2023-08-18 20:22:31.000 UTC,0x833589fcd6edb6e08f4c7c32d4f71b54bda02913,0x,0xffa4e6181777692565cf28528fc88fd1516ea86b56da075235fa575af6a4b855,0x000000000000000000000000527653ea119f3e6a1f5bd18fbf4714081d7b31ce,,0x8836023cce46bf4cb2dcb6ece6ee866c2d303739e93b44812d7357e86b0154a9
2800406,2023-08-18 20:22:39.000 UTC,0x833589fcd6edb6e08f4c7c32d4f71b54bda02913,0x,0xffa4e6181777692565cf28528fc88fd1516ea86b56da075235fa575af6a4b855,0x00000000000000000000000058e8dcc13be9780fc42e8723d8ead4cf46943df2,,0xa7cdbdf51d2af5a3ffc6b78d1a3c93b3856d150969523e77d28325bb89ecddf2
2800410,2023-08-18 20:22:47.000 UTC,0x833589fcd6edb6e08f4c7c32d4f71b54bda02913,0x,0xffa4e6181777692565cf28528fc88fd1516ea86b56da075235fa575af6a4b855,0x000000000000000000000000d691f27f38b395864ea86cfc7253969b409c362d,,0x7aa621cf29e220ecf165791774c341850159faf9ddb4355adb7a4d3a4ec4da54
2800415,2023-08-18 20:22:57.000 UTC,0x833589fcd6edb6e08f4c7c32d4f71b54bda02913,0x,0xffa4e6181777692565cf28528fc88fd1516ea86b56da075235fa575af6a4b855,0x000000000000000000000000aeaac358560e11f52454d997aaff2c5731b6f8a6,,0x5166a3e65a9ea5668c36d156a943f4192313c0ff3004b909dd3828ad0dd48cca
2800419,2023-08-18 20:23:05.000 UTC,0x833589fcd6edb6e08f4c7c32d4f71b54bda02913,0x,0xffa4e6181777692565cf28528fc88fd1516ea86b56da075235fa575af6a4b855,0x0000000000000000000000001356c899d8c9467c7f71c195612f8a395abf2f0a,,0x1839e978ca74b0c964dcdfe64782d8c079413d234e5ddcb6ca3fa0ed84cb4229
2800422,2023-08-18 20:23:11.000 UTC,0x833589fcd6edb6e08f4c7c32d4f71b54bda02913,0x,0xffa4e6181777692565cf28528fc88fd1516ea86b56da075235fa575af6a4b855,0x000000000000000000000000a60c772958a3ed56c1f15dd055ba37ac8e523a0d,,0xcc76564a548bbe860b9e481fe00860b59f133725f44341e3fc3e09d278290921
2800426,2023-08-18 20:23:19.000 UTC,0x833589fcd6edb6e08f4c7c32d4f71b54bda02913,0x,0xffa4e6181777692565cf28528fc88fd1516ea86b56da075235fa575af6a4b855,0x000000000000000000000000169ad27a470d064dede56a2d3ff727986b15d52b,,0x72290554be3ea57f02506e39e01b78ddf86bb170587ac149bf9c1f5d5d75125a
2800430,2023-08-18 20:23:27.000 UTC,0x833589fcd6edb6e08f4c7c32d4f71b54bda02913,0x,0xffa4e6181777692565cf28528fc88fd1516ea86b56da075235fa575af6a4b855,0x0000000000000000000000000836222f2b2b24a3f36f98668ed8f0b38d1a872f,,0x90ce99be14066d3cbb1e3bee4791840112e6cfb6c751f91635e6da070e680554
2800433,2023-08-18 20:23:33.000 UTC,0x833589fcd6edb6e08f4c7c32d4f71b54bda02913,0x,0xffa4e6181777692565cf28528fc88fd1516ea86b56da075235fa575af6a4b855,0x000000000000000000000000f67721a2d8f736e75a49fdd7fad2e31d8676542a,,0x278240d07f7873c2a2de2bf3239c5130e513e811d18aadeeae73020fda162556
2800437,2023-08-18 20:23:41.000 UTC,0x833589fcd6edb6e08f4c7c32d4f71b54bda02913,0x,0xffa4e6181777692565cf28528fc88fd1516ea86b56da075235fa575af6a4b855,0x0000000000000000000000009ad122c22b14202b4490edaf288fdb3c7cb3ff5e,,0x51690763ba6c319f35721e3aeb92fd47c5bfbfc247a5f8bc6e27c85628e8b689
2800442,2023-08-18 20:23:51.000 UTC,0x833589fcd6edb6e08f4c7c32d4f71b54bda02913,0x,0xffa4e6181777692565cf28528fc88fd1516ea86b56da075235fa575af6a4b855,0x00000000000000000000000007687e702b410fa43f4cb4af7fa097918ffd2730,,0xd12f5198c5ddb6a12ab85aa4bb3e64f8c934e7c5ee6ed0403dc4e809c51ab573
2800447,2023-08-18 20:24:01.000 UTC,0x833589fcd6edb6e08f4c7c32d4f71b54bda02913,0x,0xffa4e6181777692565cf28528fc88fd1516ea86b56da075235fa575af6a4b855,0x00000000000000000000000094a1b5cdb22c43faab4abeb5c74999895464ddaf,,0xd481ca1aa602bee61e896944dcc33c6f2a852ffbcf12068fe4b85ab3a36e8d2a
2800451,2023-08-18 20:24:09.000 UTC,0x833589fcd6edb6e08f4c7c32d4f71b54bda02913,0x,0xffa4e6181777692565cf28528fc88fd1516ea86b56da075235fa575af6a4b855,0x000000000000000000000000b541fc07bc7619fd4062a54d96268525cbc6ffef,,0x5d05c259dee315888679dbdb4da1dbaa3953817f5f9065c83f87ceb2595d4dd4
2800454,2023-08-18 20:24:15.000 UTC,0x833589fcd6edb6e08f4c7c32d4f71b54bda02913,0x,0xffa4e6181777692565cf28528fc88fd1516ea86b56da075235fa575af6a4b855,0x00000000000000000000000012d66f87a04a9e220743712ce6d9bb1b5616b8fc,,0xa9f1bae9c8e3415dd2f6f752f0cc858eab742e6d66da76649e519ebd7f6d875f
2800458,2023-08-18 20:24:23.000 UTC,0x833589fcd6edb6e08f4c7c32d4f71b54bda02913,0x,0xffa4e6181777692565cf28528fc88fd1516ea86b56da075235fa575af6a4b855,0x00000000000000000000000047ce0c6ed5b0ce3d3a51fdb1c52dc66a7c3c2936,,0x61923aa044d98919e7837e6a2e1896989c3b62f7926b961f87de4290bf516108
2800463,2023-08-18 20:24:33.000 UTC,0x833589fcd6edb6e08f4c7c32d4f71b54bda02913,0x,0xffa4e6181777692565cf28528fc88fd1516ea86b56da075235fa575af6a4b855,0x00000000000000000000000023773e65ed146a459791799d01336db287f25334,,0xf6cabd4e5dd70cababaf4a30a03f1e837a9fb5d1fb214539604e600ded21c614
2800466,2023-08-18 20:24:39.000 UTC,0x833589fcd6edb6e08f4c7c32d4f71b54bda02913,0x,0xffa4e6181777692565cf28528fc88fd1516ea86b56da075235fa575af6a4b855,0x000000000000000000000000d21be7248e0197ee08e0c20d4a96debdac3d20af,,0xc7a0bc6fb9c8ed108b70317c88ebdc94c0ce9ffbe7c002185f797118961ff2b7
2800470,2023-08-18 20:24:47.000 UTC,0x833589fcd6edb6e08f4c7c32d4f71b54bda02913,0x,0xffa4e6181777692565cf28528fc88fd1516ea86b56da075235fa575af6a4b855,0x000000000000000000000000610b717796ad172b316836ac95a2ffad065ceab4,,0x8af7a44eae5a8fcdffbf103a819f935acad76dd5f4bb87e07192164a6553426f
2800473,2023-08-18 20:24:53.000 UTC,0x833589fcd6edb6e08f4c7c32d4f71b54bda02913,0x,0xffa4e6181777692565cf28528fc88fd1516ea86b56da075235fa575af6a4b855,0x000000000000000000000000178169b423a011fff22b9e3f3abea13414ddd0f1,,0xc4add316acc16a4c0280943ab2520904ca025beccd0f99d8b632bf5bad95a45d
2800477,2023-08-18 20:25:01.000 UTC,0x833589fcd6edb6e08f4c7c32d4f71b54bda02913,0x,0xffa4e6181777692565cf28528fc88fd1516ea86b56da075235fa575af6a4b855,0x000000000000000000000000bb93e510bbcd0b7beb5a853875f9ec60275cf498,,0x7b73b51bcb4e1d31874311a2cdeaec9604d29af4be54cee99ef7c9acb33637ff
2800482,2023-08-18 20:25:11.000 UTC,0x833589fcd6edb6e08f4c7c32d4f71b54bda02913,0x,0xffa4e6181777692565cf28528fc88fd1516ea86b56da075235fa575af6a4b855,0x0000000000000000000000002717c5e28cf931547b621a5dddb772ab6a35b701,,0xa2058fb708e051ac7ec1cf280653125a92524356b6b8d92fcd057b03680d1f18
2800485,2023-08-18 20:25:17.000 UTC,0x833589fcd6edb6e08f4c7c32d4f71b54bda02913,0x,0xffa4e6181777692565cf28528fc88fd1516ea86b56da075235fa575af6a4b855,0x00000000000000000000000003893a7c7463ae47d46bc7f091665f1893656003,,0x1627fa3d4f7c534f5cd9d2a6d2bfebe89a8299580877526e8fb8a6a64b5827bb
2800489,2023-08-18 20:25:25.000 UTC,0x833589fcd6edb6e08f4c7c32d4f71b54bda02913,0x,0xffa4e6181777692565cf28528fc88fd1516ea86b56da075235fa575af6a4b855,0x000000000000000000000000ca0840578f57fe71599d29375e16783424023357,,0xabbacd4f35a4b707ea8a668ec9a4bf887ccf77da41b6a7f304ba2ebc13cd9256
2800494,2023-08-18 20:25:35.000 UTC,0x833589fcd6edb6e08f4c7c32d4f71b54bda02913,0x,0xffa4e6181777692565cf28528fc88fd1516ea86b56da075235fa575af6a4b855,0x000000000000000000000000c2a3829f459b3edd87791c74cd45402ba0a20be3,,0x8fc8f91fc87998bb638fb1f00de1a092e6aba8731c0d500a2334abd08317e27d
2800498,2023-08-18 20:25:43.000 UTC,0x833589fcd6edb6e08f4c7c32d4f71b54bda02913,0x,0xffa4e6181777692565cf28528fc88fd1516ea86b56da075235fa575af6a4b855,0x0000000000000000000000003ad9db589d201a710ed237c829c7860ba86510fc,,0xbf234619781b6685825918d6f94e9f4dcec077e3582f337a38f5fb0cbabaaa5a
2800502,2023-08-18 20:25:51.000 UTC,0x833589fcd6edb6e08f4c7c32d4f71b54bda02913,0x,0xffa4e6181777692565cf28528fc88fd1516ea86b56da075235fa575af6a4b855,0x000000000000000000000000e7800b61479695ec74e4b219f409f67bd1055a27,,0x34688f4a4b287996e141837c4c2063c45c9e9fc7424c12a4808ed98993e36b2d
2800506,2023-08-18 20:25:59.000 UTC,0x833589fcd6edb6e08f4c7c32d4f71b54bda02913,0x,0xffa4e6181777692565cf28528fc88fd1516ea86b56da075235fa575af6a4b855,0x00000000000000000000000001e2919679362dfbc9ee1644ba9c6da6d6245bb1,,0x901e1d5beb2f3ca03695c99793fb199c1bab625b10c37e91d3a9c679b9dbf323
2800510,2023-08-18 20:26:07.000 UTC,0x833589fcd6edb6e08f4c7c32d4f71b54bda02913,0x,0xffa4e6181777692565cf28528fc88fd1516ea86b56da075235fa575af6a4b855,0x00000000000000000000000009193888b3f38c82dedfda55259a82c0e7de875e,,0x56a4f27361da8eb31848475696d64b123bd526a4fd2e730f36f44c279817cdd8
2800515,2023-08-18 20:26:17.000 UTC,0x833589fcd6edb6e08f4c7c32d4f71b54bda02913,0x,0xffa4e6181777692565cf28528fc88fd1516ea86b56da075235fa575af6a4b855,0x000000000000000000000000179f48c78f57a3a78f0608cc9197b8972921d1d2,,0x7900f2cbbc44285d5c63ad0278f8f5522717bd97d8439ac52381ad3daa603c77
2800519,2023-08-18 20:26:25.000 UTC,0x833589fcd6edb6e08f4c7c32d4f71b54bda02913,0x,0xffa4e6181777692565cf28528fc88fd1516ea86b56da075235fa575af6a4b855,0x0000000000000000000000002573bac39ebe2901b4389cd468f2872cf7767faf,,0x650f0ca85649e66accedbf72f9b5a74ab9a719790885317fde20392432c8350f
2800523,2023-08-18 20:26:33.000 UTC,0x833589fcd6edb6e08f4c7c32d4f71b54bda02913,0x,0xffa4e6181777692565cf28528fc88fd1516ea86b56da075235fa575af6a4b855,0x00000000000000000000000026903a5a198d571422b2b4ea08b56a37cbd68c89,,0xbab09423f73213bd1533131ed66c620211d2abdab10835cd6910f100b0b5c57d
2800528,2023-08-18 20:26:43.000 UTC,0x833589fcd6edb6e08f4c7c32d4f71b54bda02913,0x,0xffa4e6181777692565cf28528fc88fd1516ea86b56da075235fa575af6a4b855,0x0000000000000000000000002f50508a8a3d323b91336fa3ea6ae50e55f32185,,0xb5ea919032aede2b508aa7da5bcbb94b36cf7c352480f52dd6c8b47f96540fa9
2800532,2023-08-18 20:26:51.000 UTC,0x833589fcd6edb6e08f4c7c32d4f71b54bda02913,0x,0xffa4e6181777692565cf28528fc88fd1516ea86b56da075235fa575af6a4b855,0x0000000000000000000000002fc93484614a34f26f7970cbb94615ba109bb4bf,,0x740d0e2ccdf5f1d6c73958194a7584f7db7e5f519fda086746e7921c3ceb9447
2800536,2023-08-18 20:26:59.000 UTC,0x833589fcd6edb6e08f4c7c32d4f71b54bda02913,0x,0xffa4e6181777692565cf28528fc88fd1516ea86b56da075235fa575af6a4b855,0x0000000000000000000000003efa30704d2b8bbac821307230376556cf8cc39e,,0x4e9fabb16b88dcbbf15e156b4c9d8e35e56c8524c038d473456db5c4dacb8b9d
2800541,2023-08-18 20:27:09.000 UTC,0x833589fcd6edb6e08f4c7c32d4f71b54bda02913,0x,0xffa4e6181777692565cf28528fc88fd1516ea86b56da075235fa575af6a4b855,0x0000000000000000000000005cab7692d4e94096462119ab7bf57319726eed2a,,0xb002b0ef8311204f60a711a11aa4fc03bc6d0d0d77a0b69a97dce32f9dc987b1
2800545,2023-08-18 20:27:17.000 UTC,0x833589fcd6edb6e08f4c7c32d4f71b54bda02913,0x,0xffa4e6181777692565cf28528fc88fd1516ea86b56da075235fa575af6a4b855,0x0000000000000000000000005efda50f22d34f262c29268506c5fa42cb56a1ce,,0x6cf612e46a5690a44de72f511ef908c9912739d4c1c8436860bbbb3b8679b364
2800550,2023-08-18 20:27:27.000 UTC,0x833589fcd6edb6e08f4c7c32d4f71b54bda02913,0x,0xffa4e6181777692565cf28528fc88fd1516ea86b56da075235fa575af6a4b855,0x0000000000000000000000005f6c97c6ad7bdd0ae7e0dd4ca33a4ed3fdabd4d7,,0x3bf9262d7f48c74b69a7cfc6f47bf723fc0fa1b754a0db95184c8e1aee7793cd
2800554,2023-08-18 20:27:35.000 UTC,0x833589fcd6edb6e08f4c7c32d4f71b54bda02913,0x,0xffa4e6181777692565cf28528fc88fd1516ea86b56da075235fa575af6a4b855,0x000000000000000000000000653477c392c16b0765603074f157314cc4f40c32,,0x167efeeb10d91b2657db4c7ae422935c5c31f47711c768f4e02fc831d5c3db5c
2800558,2023-08-18 20:27:43.000 UTC,0x833589fcd6edb6e08f4c7c32d4f71b54bda02913,0x,0xffa4e6181777692565cf28528fc88fd1516ea86b56da075235fa575af6a4b855,0x000000000000000000000000746aebc06d2ae31b71ac51429a19d54e797878e9,,0xb9eb7373590e4b034843a91b7620937002627aad801f84873d22765ca08a375c
2800561,2023-08-18 20:27:49.000 UTC,0x833589fcd6edb6e08f4c7c32d4f71b54bda02913,0x,0xffa4e6181777692565cf28528fc88fd1516ea86b56da075235fa575af6a4b855,0x000000000000000000000000756c4628e57f7e7f8a459ec2752968360cf4d1aa,,0x3fd7bee960c6fd24c580b12b0f120b103cf755c096bc58288153ea76bfc72ec7
2800565,2023-08-18 20:27:57.000 UTC,0x833589fcd6edb6e08f4c7c32d4f71b54bda02913,0x,0xffa4e6181777692565cf28528fc88fd1516ea86b56da075235fa575af6a4b855,0x00000000000000000000000077777feddddffc19ff86db637967013e6c6a116c,,0x67710c356a23e7681549cf26dd729324125fb71dcdadd382a889ab76e4d3bc22
2800569,2023-08-18 20:28:05.000 UTC,0x833589fcd6edb6e08f4c7c32d4f71b54bda02913,0x,0xffa4e6181777692565cf28528fc88fd1516ea86b56da075235fa575af6a4b855,0x00000000000000000000000088fd245fedec4a936e700f9173454d1931b4c307,,0x224708d4d22913072aefcaa5bbb0ae4df487e3b271e9a79e4d1532d05eaebc40
2800572,2023-08-18 20:28:11.000 UTC,0x833589fcd6edb6e08f4c7c32d4f71b54bda02913,0x,0xffa4e6181777692565cf28528fc88fd1516ea86b56da075235fa575af6a4b855,0x00000000000000000000000094c92f096437ab9958fc0a37f09348f30389ae79,,0xbf48f03446fe34fd06875e35d3ec8b577ceac0e06cdfbb1b845fe8426df0d697
2800576,2023-08-18 20:28:19.000 UTC,0x833589fcd6edb6e08f4c7c32d4f71b54bda02913,0x,0xffa4e6181777692565cf28528fc88fd1516ea86b56da075235fa575af6a4b855,0x000000000000000000000000b04e030140b30c27bcdfaafffa98c57d80eda7b4,,0x175b5cab92e3b77ab91293b77b44d44d1b7cb2c0746cbd1b4d22ace3c24f7c96
2800580,2023-08-18 20:28:27.000 UTC,0x833589fcd6edb6e08f4c7c32d4f71b54bda02913,0x,0xffa4e6181777692565cf28528fc88fd1516ea86b56da075235fa575af6a4b855,0x000000000000000000000000b20c66c4de72433f3ce747b58b86830c459ca911,,0x414a6acd4f038f1fd0a59b7d749031f5e2c10d669de0940bdb750a1493cc4e4b
2800584,2023-08-18 20:28:35.000 UTC,0x833589fcd6edb6e08f4c7c32d4f71b54bda02913,0x,0xffa4e6181777692565cf28528fc88fd1516ea86b56da075235fa575af6a4b855,0x000000000000000000000000cee71753c9820f063b38fdbe4cfdaf1d3d928a80,,0xd3d099706a29ae8171f328c2a23f4b27769fc4918ee79e2f67dd0f22776dd82a
2800588,2023-08-18 20:28:43.000 UTC,0x833589fcd6edb6e08f4c7c32d4f71b54bda02913,0x,0xffa4e6181777692565cf28528fc88fd1516ea86b56da075235fa575af6a4b855,0x000000000000000000000000d82ed8786d7c69dc7e052f7a542ab047971e73d2,,0x1d015ac420eee40936a9b027943b8a208910faa8e9b75d8b0bb530bef615dbe4
2800592,2023-08-18 20:28:51.000 UTC,0x833589fcd6edb6e08f4c7c32d4f71b54bda02913,0x,0xffa4e6181777692565cf28528fc88fd1516ea86b56da075235fa575af6a4b855,0x000000000000000000000000f4b067dd14e95bab89be928c07cb22e3c94e0daa,,0x87c3af83f31376382db08cfe9e243058f81147d6e7eb1b530219779848df8e01
2800596,2023-08-18 20:28:59.000 UTC,0x833589fcd6edb6e08f4c7c32d4f71b54bda02913,0x,0xffa4e6181777692565cf28528fc88fd1516ea86b56da075235fa575af6a4b855,0x000000000000000000000000ffbac21a641dcfe4552920138d90f3638b3c9fba,,0x6241bc6ffdcc45efad96f5b213109298d9ee477c1fefe52dedab66c75b2e77e2
2800599,2023-08-18 20:29:05.000 UTC,0x833589fcd6edb6e08f4c7c32d4f71b54bda02913,0x,0xffa4e6181777692565cf28528fc88fd1516ea86b56da075235fa575af6a4b855,0x000000000000000000000000d692fd2d0b2fbd2e52cfa5b5b9424bc981c30696,,0xba6368314396292f1cf5c628117c79b54be0faf2365e08f1fa5206452fb9c625
2800603,2023-08-18 20:29:13.000 UTC,0x833589fcd6edb6e08f4c7c32d4f71b54bda02913,0x,0xffa4e6181777692565cf28528fc88fd1516ea86b56da075235fa575af6a4b855,0x000000000000000000000000d8d7de3349ccaa0fde6298fe6d7b7d0d34586193,,0x748d38bfa4bbac7598146bcc855f9c151f2b705b2c429283386df1b10dde3d5e
2800608,2023-08-18 20:29:23.000 UTC,0x833589fcd6edb6e08f4c7c32d4f71b54bda02913,0x,0xffa4e6181777692565cf28528fc88fd1516ea86b56da075235fa575af6a4b855,0x000000000000000000000000df3a408c53e5078af6e8fb2a85088d46ee09a61b,,0xe15af59be11b5a6fe593474690c1740046f039b00693eaa0733a469e86569e26
2800613,2023-08-18 20:29:33.000 UTC,0x833589fcd6edb6e08f4c7c32d4f71b54bda02913,0x,0xffa4e6181777692565cf28528fc88fd1516ea86b56da075235fa575af6a4b855,0x0000000000000000000000001e34a77868e19a6647b1f2f47b51ed72dede95dd,,0x0823db7aaa2211a708855467ec8e60f6cf2fa9b24af15f5235f081242de35e17
2800617,2023-08-18 20:29:41.000 UTC,0x833589fcd6edb6e08f4c7c32d4f71b54bda02913,0x,0xffa4e6181777692565cf28528fc88fd1516ea86b56da075235fa575af6a4b855,0x00000000000000000000000023173fe8b96a4ad8d2e17fb83ea5dcccdca1ae52,,0x78972bea0e12ac8c25f7e58e0fd0b2e36cd3d40fbf9774b6e35b69e91d791f8e
2800622,2023-08-18 20:29:51.000 UTC,0x833589fcd6edb6e08f4c7c32d4f71b54bda02913,0x,0xffa4e6181777692565cf28528fc88fd1516ea86b56da075235fa575af6a4b855,0x000000000000000000000000242654336ca2205714071898f67e254eb49acdce,,0x3353b1f9324ffb0f58c288a46ee1e5d684503543f85b59fd91d4e835d353b06e
2800627,2023-08-18 20:30:01.000 UTC,0x833589fcd6edb6e08f4c7c32d4f71b54bda02913,0x,0xffa4e6181777692565cf28528fc88fd1516ea86b56da075235fa575af6a4b855,0x000000000000000000000000330bdfade01ee9bf63c209ee33102dd334618e0a,,0xc0dd2247ae6e27ebd2cded4c85c5fc999bbaaccf20d597d71357c8de1a7f1215
2800631,2023-08-18 20:30:09.000 UTC,0x833589fcd6edb6e08f4c7c32d4f71b54bda02913,0x,0xffa4e6181777692565cf28528fc88fd1516ea86b56da075235fa575af6a4b855,0x0000000000000000000000003aac1cc67c2ec5db4ea850957b967ba153ad6279,,0xbfe4e304599bbb5540b66ae50bdaf23feb82904d5b900680cd9c35d93ce9d59b
2800635,2023-08-18 20:30:17.000 UTC,0x833589fcd6edb6e08f4c7c32d4f71b54bda02913,0x,0xffa4e6181777692565cf28528fc88fd1516ea86b56da075235fa575af6a4b855,0x000000000000000000000000407cceeaa7c95d2fe2250bf9f2c105aa7aafb512,,0xbed4070027444ffc22c98ea01a561268b6a5c17c13f5140e492c3de1c1b68199
2800639,2023-08-18 20:30:25.000 UTC,0x833589fcd6edb6e08f4c7c32d4f71b54bda02913,0x,0xffa4e6181777692565cf28528fc88fd1516ea86b56da075235fa575af6a4b855,0x000000000000000000000000538ab61e8a9fc1b2f93b3dd9011d662d89be6fe6,,0xa4d9ede1fc8c3cace8e159622d37b8d3e2100ec444bdb82c6c984ffc6fbed901
2800643,2023-08-18 20:30:33.000 UTC,0x833589fcd6edb6e08f4c7c32d4f71b54bda02913,0x,0xffa4e6181777692565cf28528fc88fd1516ea86b56da075235fa575af6a4b855,0x00000000000000000000000057b2b8c82f065de8ef5573f9730fc1449b403c9f,,0xb63c477a921c9bae16fe5bb694a499c67c9cf86c64515781810b4142a216355e
2800647,2023-08-18 20:30:41.000 UTC,0x833589fcd6edb6e08f4c7c32d4f71b54bda02913,0x,0xffa4e6181777692565cf28528fc88fd1516ea86b56da075235fa575af6a4b855,0x0000000000000000000000006bf694a291df3fec1f7e69701e3ab6c592435ae7,,0xc9d040fb52cd7adf28b8b8dc0418104c04cdf09a285c111481032e10d78dc02f
2800651,2023-08-18 20:30:49.000 UTC,0x833589fcd6edb6e08f4c7c32d4f71b54bda02913,0x,0xffa4e6181777692565cf28528fc88fd1516ea86b56da075235fa575af6a4b855,0x000000000000000000000000723b78e67497e85279cb204544566f4dc5d2aca0,,0xb38981d9d4de76465236d1b3488ec573ad5dae955519d1d3e239ff3198bf5f68
2800654,2023-08-18 20:30:55.000 UTC,0x833589fcd6edb6e08f4c7c32d4f71b54bda02913,0x,0xffa4e6181777692565cf28528fc88fd1516ea86b56da075235fa575af6a4b855,0x000000000000000000000000743494b60097a2230018079c02fe21a7b687eaa5,,0x440adf64df37da3f9c87e9a69c22448b7128f8062a0bdeceec953197a0cd4257
2800658,2023-08-18 20:31:03.000 UTC,0x833589fcd6edb6e08f4c7c32d4f71b54bda02913,0x,0xffa4e6181777692565cf28528fc88fd1516ea86b56da075235fa575af6a4b855,0x00000000000000000000000076d85b4c0fc497eecc38902397ac608000a06607,,0x319dc8438e64f48f903904a4c0e7ce82409a8920fd92a80fef79fc1b46f1a232
2800662,2023-08-18 20:31:11.000 UTC,0x833589fcd6edb6e08f4c7c32d4f71b54bda02913,0x,0xffa4e6181777692565cf28528fc88fd1516ea86b56da075235fa575af6a4b855,0x000000000000000000000000776198ccf446dfa168347089d7338879273172cf,,0x7ef56160d534580544de044e355426c7afd910f49dea301eb6338adf3cb0047c
2800665,2023-08-18 20:31:17.000 UTC,0x833589fcd6edb6e08f4c7c32d4f71b54bda02913,0x,0xffa4e6181777692565cf28528fc88fd1516ea86b56da075235fa575af6a4b855,0x0000000000000000000000008281aa6795ade17c8973e1aedca380258bc124f9,,0xb9bf1a6e8f510e5adef6ad0195a81f6bdc8783ad35b6a418dbcc7c79e83072a1
2800668,2023-08-18 20:31:23.000 UTC,0x833589fcd6edb6e08f4c7c32d4f71b54bda02913,0x,0xffa4e6181777692565cf28528fc88fd1516ea86b56da075235fa575af6a4b855,0x000000000000000000000000833481186f16cece3f1eeea1a694c42034c3a0db,,0xd6b440e284ed72dd3587be8d26943e18a71f14d2e7dc789f4e17bb3917a17e54
2800672,2023-08-18 20:31:31.000 UTC,0x833589fcd6edb6e08f4c7c32d4f71b54bda02913,0x,0xffa4e6181777692565cf28528fc88fd1516ea86b56da075235fa575af6a4b855,0x00000000000000000000000084443cfd09a48af6ef360c6976c5392ac5023a1f,,0x2dbc0095ed74afbc36cb99b16ffe41a45edd70a207eb4223814081a0bf63327e
2800677,2023-08-18 20:31:41.000 UTC,0x833589fcd6edb6e08f4c7c32d4f71b54bda02913,0x,0xffa4e6181777692565cf28528fc88fd1516ea86b56da075235fa575af6a4b855,0x00000000000000000000000094be88213a387e992dd87de56950a9aef34b9448,,0xf4ae4407188e1b497567d8b4322a07d9d6014cb592669439d67ee4c9111308ff
2800681,2023-08-18 20:31:49.000 UTC,0x833589fcd6edb6e08f4c7c32d4f71b54bda02913,0x,0xffa4e6181777692565cf28528fc88fd1516ea86b56da075235fa575af6a4b855,0x000000000000000000000000a5c2254e4253490c54cef0a4347fddb8f75a4998,,0xf3ef7d4278671349e87a7f008d7fba8fd4ee32b3175160e9b28559e895e1067e
2800685,2023-08-18 20:31:57.000 UTC,0x833589fcd6edb6e08f4c7c32d4f71b54bda02913,0x,0xffa4e6181777692565cf28528fc88fd1516ea86b56da075235fa575af6a4b855,0x000000000000000000000000af4c0b70b2ea9fb7487c7cbb37ada259579fe040,,0xa86e9c65b559d096501073b7a8062d3955372eefd834877d2b4cbd2931c691e2
2800688,2023-08-18 20:32:03.000 UTC,0x833589fcd6edb6e08f4c7c32d4f71b54bda02913,0x,0xffa4e6181777692565cf28528fc88fd1516ea86b56da075235fa575af6a4b855,0x000000000000000000000000af8d1839c3c67cf571aa74b5c12398d4901147b3,,0x02e231bdb4181cf6feca76540243f4f1d93f7728f7e62a7a864b99343f7791e3
2800693,2023-08-18 20:32:13.000 UTC,0x833589fcd6edb6e08f4c7c32d4f71b54bda02913,0x,0xffa4e6181777692565cf28528fc88fd1516ea86b56da075235fa575af6a4b855,0x000000000000000000000000cc84179ffd19a1627e79f8648d09e095252bc418,,0xb36a9175b8b33f91c94d0d9dda496fd5b2c7e4a29650b1424bbe56a8cd96ee85
2800697,2023-08-18 20:32:21.000 UTC,0x833589fcd6edb6e08f4c7c32d4f71b54bda02913,0x,0xffa4e6181777692565cf28528fc88fd1516ea86b56da075235fa575af6a4b855,0x000000000000000000000000d47438c816c9e7f2e2888e060936a499af9582b3,,0x5362d13407a23a92f8b63af3f34e9c379348899b9f7739a245f17bc31960aa20
2800700,2023-08-18 20:32:27.000 UTC,0x833589fcd6edb6e08f4c7c32d4f71b54bda02913,0x,0xffa4e6181777692565cf28528fc88fd1516ea86b56da075235fa575af6a4b855,0x000000000000000000000000d5d6f8d9e784d0e26222ad3834500801a68d027d,,0x607d7afb3f009e802d8d8d9a6e4c7fe3fee4f4b2fb9dbf5990af1a2b11acf15d
2800703,2023-08-18 20:32:33.000 UTC,0x833589fcd6edb6e08f4c7c32d4f71b54bda02913,0x,0xffa4e6181777692565cf28528fc88fd1516ea86b56da075235fa575af6a4b855,0x000000000000000000000000df231d99ff8b6c6cbf4e9b9a945cbacef9339178,,0x87e82135fa6a1e02f06f4d31e7e577d9eedeb140dc55dbddb8e6be73db7c96f5
2800707,2023-08-18 20:32:41.000 UTC,0x833589fcd6edb6e08f4c7c32d4f71b54bda02913,0x,0xffa4e6181777692565cf28528fc88fd1516ea86b56da075235fa575af6a4b855,0x000000000000000000000000edc5d01286f99a066559f60a585406f3878a033e,,0xd0716c5c730061e5e31db6de008f19e281e00d63680f00af69064c06f950856b
2800711,2023-08-18 20:32:49.000 UTC,0x833589fcd6edb6e08f4c7c32d4f71b54bda02913,0x,0xffa4e6181777692565cf28528fc88fd1516ea86b56da075235fa575af6a4b855,0x0000000000000000000000000e3a09dda6b20afbb34ac7cd4a6881493f3e7bf7,,0x8392eece31c8d3f49749bf716e55117335077e3ea9f9ffc9f59cf715ed8a6ab6
2800714,2023-08-18 20:32:55.000 UTC,0x833589fcd6edb6e08f4c7c32d4f71b54bda02913,0x,0xffa4e6181777692565cf28528fc88fd1516ea86b56da075235fa575af6a4b855,0x00000000000000000000000005e0b5b40b7b66098c2161a5ee11c5740a3a7c45,,0xbd013fb5dd1118884a21c8c60f85ddfbd1251b862ad3cc6d78f5b12a426887d1
2800718,2023-08-18 20:33:03.000 UTC,0x833589fcd6edb6e08f4c7c32d4f71b54bda02913,0x,0xffa4e6181777692565cf28528fc88fd1516ea86b56da075235fa575af6a4b855,0x000000000000000000000000d0975b32cea532eadddfc9c60481976e39db3472,,0x9fac1f76fe61b10ef0c1d8d7c7fc7946b25076fcc28c754724105cdd3eccd30d
2800722,2023-08-18 20:33:11.000 UTC,0x833589fcd6edb6e08f4c7c32d4f71b54bda02913,0x,0xffa4e6181777692565cf28528fc88fd1516ea86b56da075235fa575af6a4b855,0x0000000000000000000000001967d8af5bd86a497fb3dd7899a020e47560daaf,,0x07dab7740fd8c35b794c7723440e010d26f7afd1186c4a9e11e90e127a6f775e
2800725,2023-08-18 20:33:17.000 UTC,0x833589fcd6edb6e08f4c7c32d4f71b54bda02913,0x,0xffa4e6181777692565cf28528fc88fd1516ea86b56da075235fa575af6a4b855,0x00000000000000000000000083e5bc4ffa856bb84bb88581f5dd62a433a25e0d,,0x133ac33dbeab4d5713c93e0699ac5b3d7785b8e80d043c60679facf15c866676
2800728,2023-08-18 20:33:23.000 UTC,0x833589fcd6edb6e08f4c7c32d4f71b54bda02913,0x,0xffa4e6181777692565cf28528fc88fd1516ea86b56da075235fa575af6a4b855,0x00000000000000000000000008b2efdcdb8822efe5ad0eae55517cf5dc544251,,0xa742212e07058f213f27348f2dd6a8ae970c746cbe591bad69d93b09b62a7d48
2800731,2023-08-18 20:33:29.000 UTC,0x833589fcd6edb6e08f4c7c32d4f71b54bda02913,0x,0xffa4e6181777692565cf28528fc88fd1516ea86b56da075235fa575af6a4b855,0x00000000000000000000000004dba1194ee10112fe6c3207c0687def0e78bacf,,0x0527ea5ad7048fe114533efa38bb155154e140758eaa4b589deeae8ae716adca
2800735,2023-08-18 20:33:37.000 UTC,0x833589fcd6edb6e08f4c7c32d4f71b54bda02913,0x,0xffa4e6181777692565cf28528fc88fd1516ea86b56da075235fa575af6a4b855,0x0000000000000000000000000ee5067b06776a89ccc7dc8ee369984ad7db5e06,,0xf6944ad9c3b19f4f66e8d1f9be2b061e34d87f111886fe83c0480482e0319934
2800739,2023-08-18 20:33:45.000 UTC,0x833589fcd6edb6e08f4c7c32d4f71b54bda02913,0x,0xffa4e6181777692565cf28528fc88fd1516ea86b56da075235fa575af6a4b855,0x000000000000000000000000502371699497d08d5339c870851898d6d72521dd,,0xe59163419106b9bfb34d9b8a787c1dc9ae4073e56c620e7efa6570b5b1abce64
2800742,2023-08-18 20:33:51.000 UTC,0x833589fcd6edb6e08f4c7c32d4f71b54bda02913,0x,0xffa4e6181777692565cf28528fc88fd1516ea86b56da075235fa575af6a4b855,0x0000000000000000000000005a14e72060c11313e38738009254a90968f58f51,,0x2f9bff11308ca907ef0438391edc43f886fddc95b84f313ea2085d9bd7fc52e5
2800745,2023-08-18 20:33:57.000 UTC,0x833589fcd6edb6e08f4c7c32d4f71b54bda02913,0x,0xffa4e6181777692565cf28528fc88fd1516ea86b56da075235fa575af6a4b855,0x000000000000000000000000efe301d259f525ca1ba74a7977b80d5b060b3cca,,0xde70186bff0e55ee065c74fc0b1ef508e258736d4242fa7a5bf12acd504b20ba
2800749,2023-08-18 20:34:05.000 UTC,0x833589fcd6edb6e08f4c7c32d4f71b54bda02913,0x,0xffa4e6181777692565cf28528fc88fd1516ea86b56da075235fa575af6a4b855,0x00000000000000000000000039d908dac893cbcb53cc86e0ecc369aa4def1a29,,0x6fddfb7c8fb556ed163e438c2764c017bb961ed2c49323803c4dc4e3a795836b
2800753,2023-08-18 20:34:13.000 UTC,0x833589fcd6edb6e08f4c7c32d4f71b54bda02913,0x,0xffa4e6181777692565cf28528fc88fd1516ea86b56da075235fa575af6a4b855,0x0000000000000000000000004f47bc496083c727c5fbe3ce9cdf2b0f6496270c,,0x93e5a2cdd59cac3c5b2e4e06b2745ceef8f16c1ba4f8f05fd1159de2b585a0c4
2800757,2023-08-18 20:34:21.000 UTC,0x833589fcd6edb6e08f4c7c32d4f71b54bda02913,0x,0xffa4e6181777692565cf28528fc88fd1516ea86b56da075235fa575af6a4b855,0x00000000000000000000000038735f03b30fbc022ddd06abed01f0ca823c6a94,,0xc193ba06473144036ac7c9c6a2c8fcbedd75b160222b38f0f1f0318e49ae2ffc
2800760,2023-08-18 20:34:27.000 UTC,0x833589fcd6edb6e08f4c7c32d4f71b54bda02913,0x,0xffa4e6181777692565cf28528fc88fd1516ea86b56da075235fa575af6a4b855,0x00000000000000000000000097b1043abd9e6fc31681635166d430a458d14f9c,,0x6886c8b14c0e6ce649c921f981ae4f132e8b2ad878669e3016ad7cbd5b877447
2800764,2023-08-18 20:34:35.000 UTC,0x833589fcd6edb6e08f4c7c32d4f71b54bda02913,0x,0xffa4e6181777692565cf28528fc88fd1516ea86b56da075235fa575af6a4b855,0x000000000000000000000000b6f5ec1a0a9cd1526536d3f0426c429529471f40,,0x982476f63bf6d4ae140cee1d22abcbd4b9f803a4e574e1b449490ba58dc6c1b4
2800767,2023-08-18 20:34:41.000 UTC,0x833589fcd6edb6e08f4c7c32d4f71b54bda02913,0x,0xffa4e6181777692565cf28528fc88fd1516ea86b56da075235fa575af6a4b855,0x000000000000000000000000d71c94052989e209ba713deb66e0a8f72b913b70,,0x0c49bfb8d11d51da2985d59075bfd0ed0fa2319cd566bc279b9f3f1b613a1d96
3018100,2023-08-23 21:19:07.000 UTC,0x833589fcd6edb6e08f4c7c32d4f71b54bda02913,0x,0xffa4e6181777692565cf28528fc88fd1516ea86b56da075235fa575af6a4b855,0x00000000000000000000000021b743e73d63d300d986910681d45387880b334b,,0x667fe46281c5944ec3987b65a07146fa1c4f86bd10ccec7ec97e87097a25d7a9
3018167,2023-08-23 21:21:21.000 UTC,0x833589fcd6edb6e08f4c7c32d4f71b54bda02913,0x,0x117e3210bb9aa7d9baff172026820255c6f6c30ba8999d1c2fd88e2848137c4e,0x00000000000000000000000021b743e73d63d300d986910681d45387880b334b,,0xd1c0f6ea637fe79f441b170d7fda7889c747216657535ac347589fab4b1977cb
3045442,2023-08-24 12:30:31.000 UTC,0x833589fcd6edb6e08f4c7c32d4f71b54bda02913,0x,0xffa4e6181777692565cf28528fc88fd1516ea86b56da075235fa575af6a4b855,0x000000000000000000000000dcbeffbecce100cce9e4b153c4e15cb885643193,,0xb62c3929f19eb4b964e55c6e2eb4078884bdd0ad3ad88f12b0baa7a6e5f87789
3045459,2023-08-24 12:31:05.000 UTC,0x833589fcd6edb6e08f4c7c32d4f71b54bda02913,0x,0xffa4e6181777692565cf28528fc88fd1516ea86b56da075235fa575af6a4b855,0x0000000000000000000000005f48c2a71b2cc96e3f0ccae4e39318ff0dc375b2,,0xb82198094297dd2a80de4eba2082c61650285e46394c85815a23faa5bd0b2dc6
3045471,2023-08-24 12:31:29.000 UTC,0x833589fcd6edb6e08f4c7c32d4f71b54bda02913,0x,0xffa4e6181777692565cf28528fc88fd1516ea86b56da075235fa575af6a4b855,0x0000000000000000000000005a7a51bfb49f190e5a6060a5bc6052ac14a3b59f,,0x2278a2c9d7a477ea7167df516a2a5cc9720fc17fe9ac73159487b13330b1f62c
3045480,2023-08-24 12:31:47.000 UTC,0x833589fcd6edb6e08f4c7c32d4f71b54bda02913,0x,0xffa4e6181777692565cf28528fc88fd1516ea86b56da075235fa575af6a4b855,0x000000000000000000000000ed6e0a7e4ac94d976eebfb82ccf777a3c6bad921,,0x71e550d31613e6939aa87114c000634d7e5faa90a439515974ae239805027dfa
3045489,2023-08-24 12:32:05.000 UTC,0x833589fcd6edb6e08f4c7c32d4f71b54bda02913,0x,0xffa4e6181777692565cf28528fc88fd1516ea86b56da075235fa575af6a4b855,0x000000000000000000000000797d7ae72ebddcdea2a346c1834e04d1f8df102b,,0xa6f46992d911c53e0da9e4c0c1e10ae8ad3bea8fe797fc1e4fd39b62105b1b9e
3045498,2023-08-24 12:32:23.000 UTC,0x833589fcd6edb6e08f4c7c32d4f71b54bda02913,0x,0xffa4e6181777692565cf28528fc88fd1516ea86b56da075235fa575af6a4b855,0x000000000000000000000000931546d9e66836abf687d2bc64b30407bac8c568,,0x87c430b238979341372ca390e92d73258d86060f5060cc2c03733e95e18f5123
3045508,2023-08-24 12:32:43.000 UTC,0x833589fcd6edb6e08f4c7c32d4f71b54bda02913,0x,0xffa4e6181777692565cf28528fc88fd1516ea86b56da075235fa575af6a4b855,0x00000000000000000000000043fa21d92141ba9db43052492e0deee5aa5f0a93,,0xd9b7adfaf3fc6e2eaab5b3a9f1987c7d6db73290b137bdf2a1b2a3b2bd1d039e
3045520,2023-08-24 12:33:07.000 UTC,0x833589fcd6edb6e08f4c7c32d4f71b54bda02913,0x,0xffa4e6181777692565cf28528fc88fd1516ea86b56da075235fa575af6a4b855,0x0000000000000000000000006be0ae71e6c41f2f9d0d1a3b8d0f75e6f6a0b46e,,0xa351782df4f40939356bc0aa1390df804757a90901c3a7f78ade6aa2758625df
4498089,2023-09-27 03:32:05.000 UTC,0x833589fcd6edb6e08f4c7c32d4f71b54bda02913,0x,0xffa4e6181777692565cf28528fc88fd1516ea86b56da075235fa575af6a4b855,0x0000000000000000000000009c2bc757b66f24d60f016b6237f8cdd414a879fa,,0xbfe438435c8c0c9db7367bcae31b1ffba52260077a4ac74e31567f973f963938
4798002,2023-10-04 02:09:11.000 UTC,0x833589fcd6edb6e08f4c7c32d4f71b54bda02913,0x,0xffa4e6181777692565cf28528fc88fd1516ea86b56da075235fa575af6a4b855,0x000000000000000000000000530a64c0ce595026a4a556b703644228179e2d57,,0x2e4f9ad884052acd02db2509a5eceae3ad30fc357353aef1ad7b2ff5bb84bd23
4798010,2023-10-04 02:09:27.000 UTC,0x833589fcd6edb6e08f4c7c32d4f71b54bda02913,0x,0xffa4e6181777692565cf28528fc88fd1516ea86b56da075235fa575af6a4b855,0x0000000000000000000000002e13ea767da12f504ceaaaebe5950488498dc2d2,,0xa8ab4ec8cb5b9731370c9eb9f357f95b564c121ce0822056c6440865569652e8
4798019,2023-10-04 02:09:45.000 UTC,0x833589fcd6edb6e08f4c7c32d4f71b54bda02913,0x,0xffa4e6181777692565cf28528fc88fd1516ea86b56da075235fa575af6a4b855,0x0000000000000000000000007de5ab1914e241177344936dc33b4a8157c98248,,0x253313100249c0d52acd228406940a9b69fc83ab2d58b11595b65f86b4b03afd
4798025,2023-10-04 02:09:57.000 UTC,0x833589fcd6edb6e08f4c7c32d4f71b54bda02913,0x,0xffa4e6181777692565cf28528fc88fd1516ea86b56da075235fa575af6a4b855,0x000000000000000000000000fac583c0cf07ea434052c49115a4682172ab6b4f,,0xfc2626efb218e74ad0459726ebff7950dd03ee12c5a736029743caa8cac1c881
4798032,2023-10-04 02:10:11.000 UTC,0x833589fcd6edb6e08f4c7c32d4f71b54bda02913,0x,0xffa4e6181777692565cf28528fc88fd1516ea86b56da075235fa575af6a4b855,0x000000000000000000000000be5e683633ddd17d8a89b4e10860a0e426c5ed24,,0x1526897bd765a41835d728065eab0d53af062a55d7812f5ed16d07ca4a0d2993
4798040,2023-10-04 02:10:27.000 UTC,0x833589fcd6edb6e08f4c7c32d4f71b54bda02913,0x,0xffa4e6181777692565cf28528fc88fd1516ea86b56da075235fa575af6a4b855,0x000000000000000000000000961c5be54a2ffc17cf4cb021d863c42dacd47fc1,,0x06a1c77bccec19dd21a241329ec4cf1207f7f7ab970cac785edd128e52fbccc8
4798050,2023-10-04 02:10:47.000 UTC,0x833589fcd6edb6e08f4c7c32d4f71b54bda02913,0x,0xffa4e6181777692565cf28528fc88fd1516ea86b56da075235fa575af6a4b855,0x000000000000000000000000a6cc8ab881debc3c9e8adb32549d0cbe614168c5,,0x0230b9a40429a43c3bc5ed2ef4abe4fac4e73d0c000243b60611bc63d5f1a4a7
4798060,2023-10-04 02:11:07.000 UTC,0x833589fcd6edb6e08f4c7c32d4f71b54bda02913,0x,0xffa4e6181777692565cf28528fc88fd1516ea86b56da075235fa575af6a4b855,0x000000000000000000000000983a81ca6fb1e441266d2fbcb7d8e530ac2e05a2,,0xb3415b94578d89f067a11111e5dc4c17c550684e4db9dc025edee36d5d7f1163
10232269,2024-02-06 21:11:25.000 UTC,0x833589fcd6edb6e08f4c7c32d4f71b54bda02913,0x,0x117e3210bb9aa7d9baff172026820255c6f6c30ba8999d1c2fd88e2848137c4e,0x0000000000000000000000006acdfba02d390b97ac2b2d42a63e85293bcc160e,,0xf167d1506ff7c95403a650001e9abd2d687bbaadcc7774dd9127578acd3cdf15
10864968,2024-02-21 12:41:23.000 UTC,0x833589fcd6edb6e08f4c7c32d4f71b54bda02913,0x,0xffa4e6181777692565cf28528fc88fd1516ea86b56da075235fa575af6a4b855,0x000000000000000000000000f3701f445b6bdafedbca97d1e477357839e4120d,,0xecea861c3085b768d7ab1c136013a89e95c2c00e4064f3210fb297313271a915
12117800,2024-03-21 12:42:27.000 UTC,0x833589fcd6edb6e08f4c7c32d4f71b54bda02913,0x,0xffa4e6181777692565cf28528fc88fd1516ea86b56da075235fa575af6a4b855,0x0000000000000000000000002f04f39923a77430eca036e14ce44dbd11175747,,0xf2eaaf18fa86d58a7889a6774750c085f8d8dc5f17ebdc0d1fa23241890b2ea4
12117866,2024-03-21 12:44:39.000 UTC,0x833589fcd6edb6e08f4c7c32d4f71b54bda02913,0x,0xffa4e6181777692565cf28528fc88fd1516ea86b56da075235fa575af6a4b855,0x0000000000000000000000007be6fe8c528273a3a072a538e12c08500bf4d328,,0xd7fc4a781a868e1c0628cf0fc05fd15d8b6af0f0343d418b79d3214a090083c3
12375951,2024-03-27 12:07:29.000 UTC,0x833589fcd6edb6e08f4c7c32d4f71b54bda02913,0x,0xffa4e6181777692565cf28528fc88fd1516ea86b56da075235fa575af6a4b855,0x000000000000000000000000dda5554510366179ddb442b8a82bc737c3ac77c5,,0x34e0284d68ac8f935144d15ef3f779ce78a93696483aba5886d71a4087129deb
12395924,2024-03-27 23:13:15.000 UTC,0x833589fcd6edb6e08f4c7c32d4f71b54bda02913,0x,0xffa4e6181777692565cf28528fc88fd1516ea86b56da075235fa575af6a4b855,0x000000000000000000000000175d44451403edf28469df03a9280c1197adb92c,,0x35ebf436ebbef491d51fdb454776f53bf5e5fa753254a69d9a1abc2edd2274ba
12395937,2024-03-27 23:13:41.000 UTC,0x833589fcd6edb6e08f4c7c32d4f71b54bda02913,0x,0xffa4e6181777692565cf28528fc88fd1516ea86b56da075235fa575af6a4b855,0x0000000000000000000000004576847b1cf999843ba6620815e65a9c5e8a4021,,0x7f699e17f2d481a0187bfa99bd3c790b96970e18bcfd595227e283bf7e8487ee
12395958,2024-03-27 23:14:23.000 UTC,0x833589fcd6edb6e08f4c7c32d4f71b54bda02913,0x,0xffa4e6181777692565cf28528fc88fd1516ea86b56da075235fa575af6a4b855,0x000000000000000000000000e950dc316b836e4eefb8308bf32bf7c72a1358ff,,0x3137242ce206b183bab6184c980d3b5ac8512ca57735d011396c0ab43f5f3164
12395972,2024-03-27 23:14:51.000 UTC,0x833589fcd6edb6e08f4c7c32d4f71b54bda02913,0x,0xffa4e6181777692565cf28528fc88fd1516ea86b56da075235fa575af6a4b855,0x0000000000000000000000004ea7eefc2dcb250c1f069ecaf1e2ae3488059ac2,,0x355b5fd8e6ce77c1a0f475f191959015861a0fcf90c18da65fa61d48215d6343
12395993,2024-03-27 23:15:33.000 UTC,0x833589fcd6edb6e08f4c7c32d4f71b54bda02913,0x,0xffa4e6181777692565cf28528fc88fd1516ea86b56da075235fa575af6a4b855,0x000000000000000000000000c24ec5a84cae3d3418b34a1e30b3372c4b25bd0f,,0x78f1d134904579d9893881c4d4d015ac47780868cd15be3a34d4b6170a98bec3
12396027,2024-03-27 23:16:41.000 UTC,0x833589fcd6edb6e08f4c7c32d4f71b54bda02913,0x,0xffa4e6181777692565cf28528fc88fd1516ea86b56da075235fa575af6a4b855,0x00000000000000000000000021b8d56bda776bbe68655a16895afd96f5534fed,,0xdf30f11dc906d982e4b99e363d9c98b8ed0ac5183c587495da501298d32078a1
13810402,2024-04-29 17:02:31.000 UTC,0x833589fcd6edb6e08f4c7c32d4f71b54bda02913,0x,0xffa4e6181777692565cf28528fc88fd1516ea86b56da075235fa575af6a4b855,0x0000000000000000000000006a1544f72a2a275715e8d5924e6d8a017f0e41ed,,0x59677271905c903abf1363d6a4123cf88ec0ea0f14f17847a3dcd1e41a889398
13913710,2024-05-02 02:26:07.000 UTC,0x833589fcd6edb6e08f4c7c32d4f71b54bda02913,0x,0xffa4e6181777692565cf28528fc88fd1516ea86b56da075235fa575af6a4b855,0x00000000000000000000000019f8f2b0915daa12a3f5c9cf01df9e24d53794f7,,0x5dc140a2d022b0d8b93c55c68f975cb60707c4edddfe2ded85916627bd1c6d2d
13913820,2024-05-02 02:29:47.000 UTC,0x833589fcd6edb6e08f4c7c32d4f71b54bda02913,0x,0xffa4e6181777692565cf28528fc88fd1516ea86b56da075235fa575af6a4b855,0x0000000000000000000000003e14d41891a30ac7473556d7c3256a5ddf9ef1aa,,0x33ae419d389576a7e155774b8b84406c34f1cd544d3fc61915667be2e5d2be96
14298582,2024-05-11 00:15:11.000 UTC,0x833589fcd6edb6e08f4c7c32d4f71b54bda02913,0x,0xffa4e6181777692565cf28528fc88fd1516ea86b56da075235fa575af6a4b855,0x00000000000000000000000000d7e7409bfe09a736d3e993de9b87d0baa314d5,,0x2766cef168b68ba2011d575b4b8c9b38d1fc2fb1c295c698c7baccd28eff1047
15078904,2024-05-29 01:45:55.000 UTC,0x833589fcd6edb6e08f4c7c32d4f71b54bda02913,0x,0xffa4e6181777692565cf28528fc88fd1516ea86b56da075235fa575af6a4b855,0x000000000000000000000000e1d865c3d669dcc8c57c8d023140cb204e672ee4,,0xce8ba829892ff418e90f59d1f6f96bf9430cd45941e05418fd42d1e2a3f9a727
15102551,2024-05-29 14:54:09.000 UTC,0x833589fcd6edb6e08f4c7c32d4f71b54bda02913,0x,0xffa4e6181777692565cf28528fc88fd1516ea86b56da075235fa575af6a4b855,0x0000000000000000000000000e6b8e34dc115a2848f585851af23d99d09b8463,,0x85360080045b5583f7cea35b275650113ee51e421c4b9daddb0976369cdb06e8
18838218,2024-08-24 02:16:23.000 UTC,0x833589fcd6edb6e08f4c7c32d4f71b54bda02913,0x,0xffa4e6181777692565cf28528fc88fd1516ea86b56da075235fa575af6a4b855,0x00000000000000000000000071d2e218a56a1c0c12e1ff4b4c2731a1c3a4f4ce,,0xc65981f4a0af880397cfd1fa4af5a1edb54c93d657a1a09a2a1ed062db54142f
19748760,2024-09-14 04:07:47.000 UTC,0x833589fcd6edb6e08f4c7c32d4f71b54bda02913,0x,0xffa4e6181777692565cf28528fc88fd1516ea86b56da075235fa575af6a4b855,0x000000000000000000000000290b6ebbdca04ee984fb8617e1b92deea23052e3,,0x7f63ba401290c579d1f9291abf10b871ee4e9881b17631712e093dec425c7d8a
20308180,2024-09-27 02:55:07.000 UTC,0x833589fcd6edb6e08f4c7c32d4f71b54bda02913,0x,0xffa4e6181777692565cf28528fc88fd1516ea86b56da075235fa575af6a4b855,0x0000000000000000000000000931ca4d13bb4ba75d9b7132ab690265d749a5e7,,0xec7d8af20a4fa5c8db133b97bf5570e5c248b4dc71de72df35d9dea239c21845
20308212,2024-09-27 02:56:11.000 UTC,0x833589fcd6edb6e08f4c7c32d4f71b54bda02913,0x,0xffa4e6181777692565cf28528fc88fd1516ea86b56da075235fa575af6a4b855,0x000000000000000000000000bff703730a21167e430ff151128592a98786b9b4,,0x92867d09843f65aefd9ee632c82e2ebd658a156866d9a4c346183d16b6e3cd2b
23293991,2024-12-05 05:42:09.000 UTC,0x833589fcd6edb6e08f4c7c32d4f71b54bda02913,0x,0xffa4e6181777692565cf28528fc88fd1516ea86b56da075235fa575af6a4b855,0x000000000000000000000000282ae5965fe400f3cb929182e0963f3794df01fc,,0x11b15270abb678011d974033db7373f9dc8b4e1a3e5fb509c7e7a60523c6a10c
23294123,2024-12-05 05:46:33.000 UTC,0x833589fcd6edb6e08f4c7c32d4f71b54bda02913,0x,0xffa4e6181777692565cf28528fc88fd1516ea86b56da075235fa575af6a4b855,0x0000000000000000000000001999ef52700c34de7ec2b68a28aafb37db0c5ade,,0xbbbe8792b930c065e79551bc386f824da1997558af03a98420df99511a408e66
23938736,2024-12-20 03:53:39.000 UTC,0x833589fcd6edb6e08f4c7c32d4f71b54bda02913,0x,0xffa4e6181777692565cf28528fc88fd1516ea86b56da075235fa575af6a4b855,0x000000000000000000000000721537670ae01aa0d60585457b7534025b0041ac,,0xcbb1125c6302d5fb8ea9b0dd6dc4701fdb3287c546f34b41dc72d3c25e12d9f4
23938753,2024-12-20 03:54:13.000 UTC,0x833589fcd6edb6e08f4c7c32d4f71b54bda02913,0x,0xffa4e6181777692565cf28528fc88fd1516ea86b56da075235fa575af6a4b855,0x00000000000000000000000054b475ef92f861975945954bfa1080dda9cd346e,,0xf594967912f794a077dc50dcc1f503533d1bb89b54373bf3aa88785e57ea0ae6
23938766,2024-12-20 03:54:39.000 UTC,0x833589fcd6edb6e08f4c7c32d4f71b54bda02913,0x,0xffa4e6181777692565cf28528fc88fd1516ea86b56da075235fa575af6a4b855,0x000000000000000000000000d19df746fd2a145588b3a22672bacfd2e5454f61,,0x18095fab9e6334034ab747b2fa32fe85ebf6fac487279df9ddff273bdc78d001
23938780,2024-12-20 03:55:07.000 UTC,0x833589fcd6edb6e08f4c7c32d4f71b54bda02913,0x,0xffa4e6181777692565cf28528fc88fd1516ea86b56da075235fa575af6a4b855,0x000000000000000000000000bc92595dd3e8f5092471c99b9084a72d333c7d07,,0xed7f12da9c2fa6ec4d2cbbea824aba12c3badf3f048f98b4ff7bf72e5d35affa
23938789,2024-12-20 03:55:25.000 UTC,0x833589fcd6edb6e08f4c7c32d4f71b54bda02913,0x,0xffa4e6181777692565cf28528fc88fd1516ea86b56da075235fa575af6a4b855,0x0000000000000000000000003a0245de38273e7852dce97de3bae18c0010013e,,0x128adc2684a2760ba8fd65c807e388826c995928c898dadf4fe1078da6e18fbe
26119237,2025-02-08 15:17:01.000 UTC,0x833589fcd6edb6e08f4c7c32d4f71b54bda02913,0x,0xffa4e6181777692565cf28528fc88fd1516ea86b56da075235fa575af6a4b855,0x000000000000000000000000caa7a770c783eca417da2fc978b0202bbd0bf6aa,,0x959d8b89b796aa7b02fab88d7e4c82b4f08791a0948129651c39dc55e0376252
26823832,2025-02-24 22:43:31.000 UTC,0x833589fcd6edb6e08f4c7c32d4f71b54bda02913,0x,0xffa4e6181777692565cf28528fc88fd1516ea86b56da075235fa575af6a4b855,0x000000000000000000000000002471b8a185f9980708d0eaec5b289714f56f8d,,0xc96d9115f585d3cbe374caacbb23bcfb469115731c96ba4b63abe6df1d67d4ea
26823844,2025-02-24 22:43:55.000 UTC,0x833589fcd6edb6e08f4c7c32d4f71b54bda02913,0x,0xffa4e6181777692565cf28528fc88fd1516ea86b56da075235fa575af6a4b855,0x0000000000000000000000003051ca7cb7f6c599fa2f27385ad75010cf0f2bbf,,0xe472f6fb038f8f82a2c2e0d0dca69b7736296d47aab90be38b80394e209f123d
26823852,2025-02-24 22:44:11.000 UTC,0x833589fcd6edb6e08f4c7c32d4f71b54bda02913,0x,0xffa4e6181777692565cf28528fc88fd1516ea86b56da075235fa575af6a4b855,0x0000000000000000000000000078ef2d7baf87bf6c4ca49b19efd1e05f57ac30,,0x16cd72e4dfc55600beed692e259749670c5bb178fcd8a47886fbef03e8664bf8
27524462,2025-03-13 03:57:51.000 UTC,0x833589fcd6edb6e08f4c7c32d4f71b54bda02913,0x,0xffa4e6181777692565cf28528fc88fd1516ea86b56da075235fa575af6a4b855,0x0000000000000000000000001ace6aedb2a6226ecec7d5e3882bb8c3591a410d,,0x9293a2ab26c8923eb6476d185fbb5e95ac7ae9b37b296606fefcb304446fbe74
27524502,2025-03-13 03:59:11.000 UTC,0x833589fcd6edb6e08f4c7c32d4f71b54bda02913,0x,0xffa4e6181777692565cf28528fc88fd1516ea86b56da075235fa575af6a4b855,0x000000000000000000000000c04f51b32208a8a8e5d1c1cf4a97f97f666b036f,,0x7a83963727bddf39923ebc6e1158f8e5d28dac6c0803eba0a009eff1ae086d62
27524530,2025-03-13 04:00:07.000 UTC,0x833589fcd6edb6e08f4c7c32d4f71b54bda02913,0x,0xffa4e6181777692565cf28528fc88fd1516ea86b56da075235fa575af6a4b855,0x00000000000000000000000078439bf19ba8346ac941930abf8bb0ce9242891b,,0x87ebb873805756172b7b5a4b84fbab902f669ba9e973b35dedb353516fe6481a
27524568,2025-03-13 04:01:23.000 UTC,0x833589fcd6edb6e08f4c7c32d4f71b54bda02913,0x,0xffa4e6181777692565cf28528fc88fd1516ea86b56da075235fa575af6a4b855,0x0000000000000000000000003f870e2ac52665c09ce254e24343d38007d3f749,,0x8355521e065243787821993ec04a3db48bcd243b6d33ff02e9bf38c25c292d8f
27524606,2025-03-13 04:02:39.000 UTC,0x833589fcd6edb6e08f4c7c32d4f71b54bda02913,0x,0xffa4e6181777692565cf28528fc88fd1516ea86b56da075235fa575af6a4b855,0x000000000000000000000000b920c14cb36a76c20f7e15fc0e58758b3da3910b,,0xd44cef75a8c306bd2f7bc3443c7c63f975460d674201523bb59c5b801a0db482
27907024,2025-03-22 00:29:55.000 UTC,0x833589fcd6edb6e08f4c7c32d4f71b54bda02913,0x,0x117e3210bb9aa7d9baff172026820255c6f6c30ba8999d1c2fd88e2848137c4e,0x0000000000000000000000008589427373d6d84e98730d7795d8f6f8731fda16,,0x085c54993679f3c9cad5833283ab4e6fa3770d15dba6bfa524d6b2357dc903fb
27907025,2025-03-22 00:29:57.000 UTC,0x833589fcd6edb6e08f4c7c32d4f71b54bda02913,0x,0x117e3210bb9aa7d9baff172026820255c6f6c30ba8999d1c2fd88e2848137c4e,0x000000000000000000000000722122df12d4e14e13ac3b6895a86e84145b6967,,0x8c3c3887f4a9cfa2119f23030db282bcb92c9b565038a16e1c312d13ebad49ae
27907026,2025-03-22 00:29:59.000 UTC,0x833589fcd6edb6e08f4c7c32d4f71b54bda02913,0x,0x117e3210bb9aa7d9baff172026820255c6f6c30ba8999d1c2fd88e2848137c4e,0x000000000000000000000000dd4c48c0b24039969fc16d1cdf626eab821d3384,,0x2cc4c2acc5bd01726bc3ddc50e09f94ed564167b28ef8802991c5552c6da2e2e
27907027,2025-03-22 00:30:01.000 UTC,0x833589fcd6edb6e08f4c7c32d4f71b54bda02913,0x,0x117e3210bb9aa7d9baff172026820255c6f6c30ba8999d1c2fd88e2848137c4e,0x000000000000000000000000d90e2f925da726b50c4ed8d0fb90ad053324f31b,,0xf60c72b8262e4a47186f20969c235c0821157fbed3728ac9d12c95fbd6d9647e
27907029,2025-03-22 00:30:05.000 UTC,0x833589fcd6edb6e08f4c7c32d4f71b54bda02913,0x,0x117e3210bb9aa7d9baff172026820255c6f6c30ba8999d1c2fd88e2848137c4e,0x000000000000000000000000d96f2b1c14db8458374d9aca76e26c3d18364307,,0xd34f9075f0c882ceb0405e079906a13833e47039f2fc8447b2a02519e9118a73
27907031,2025-03-22 00:30:09.000 UTC,0x833589fcd6edb6e08f4c7c32d4f71b54bda02913,0x,0x117e3210bb9aa7d9baff172026820255c6f6c30ba8999d1c2fd88e2848137c4e,0x0000000000000000000000004736dcf1b7a3d580672cce6e7c65cd5cc9cfba9d,,0x4e96deeba832108b44208e4c89dbb58230c888b221427a211c173172b1f70cd8
27907033,2025-03-22 00:30:13.000 UTC,0x833589fcd6edb6e08f4c7c32d4f71b54bda02913,0x,0x117e3210bb9aa7d9baff172026820255c6f6c30ba8999d1c2fd88e2848137c4e,0x000000000000000000000000d4b88df4d29f5cedd6857912842cff3b20c8cfa3,,0xb496f949917da7b44b8fa95acd895f1d767a2c94e6e122ee739c09f3b5cec4ea
27907034,2025-03-22 00:30:15.000 UTC,0x833589fcd6edb6e08f4c7c32d4f71b54bda02913,0x,0x117e3210bb9aa7d9baff172026820255c6f6c30ba8999d1c2fd88e2848137c4e,0x000000000000000000000000910cbd523d972eb0a6f4cae4618ad62622b39dbf,,0xa4aad4b02823a9750170231cd5ffa7391aedb8ddf508840579a11eae92e76d06
27907036,2025-03-22 00:30:19.000 UTC,0x833589fcd6edb6e08f4c7c32d4f71b54bda02913,0x,0x117e3210bb9aa7d9baff172026820255c6f6c30ba8999d1c2fd88e2848137c4e,0x000000000000000000000000a160cdab225685da1d56aa342ad8841c3b53f291,,0xef360cce4acc064223c544785704caa685150116fbe5a0d7d56cd29cb8d50bc8
27907039,2025-03-22 00:30:25.000 UTC,0x833589fcd6edb6e08f4c7c32d4f71b54bda02913,0x,0x117e3210bb9aa7d9baff172026820255c6f6c30ba8999d1c2fd88e2848137c4e,0x000000000000000000000000fd8610d20aa15b7b2e3be39b396a1bc3516c7144,,0x25ed30e901a757420af5d4024452ce75297a1bb72032a2db449c39606825be26
27907041,2025-03-22 00:30:29.000 UTC,0x833589fcd6edb6e08f4c7c32d4f71b54bda02913,0x,0x117e3210bb9aa7d9baff172026820255c6f6c30ba8999d1c2fd88e2848137c4e,0x000000000000000000000000f60dd140cff0706bae9cd734ac3ae76ad9ebc32a,,0x653dfec1e465a586d4fe94a94e2e6cad03236ec66375c72b51541fe279f3a684
27907042,2025-03-22 00:30:31.000 UTC,0x833589fcd6edb6e08f4c7c32d4f71b54bda02913,0x,0x117e3210bb9aa7d9baff172026820255c6f6c30ba8999d1c2fd88e2848137c4e,0x00000000000000000000000022aaa7720ddd5388a3c0a3333430953c68f1849b,,0xba1934d66826eba5a4dd80e0d15c1b354823ee8d5eb8014cfe7a6f8f00aebc90
27907043,2025-03-22 00:30:33.000 UTC,0x833589fcd6edb6e08f4c7c32d4f71b54bda02913,0x,0x117e3210bb9aa7d9baff172026820255c6f6c30ba8999d1c2fd88e2848137c4e,0x000000000000000000000000ba214c1c1928a32bffe790263e38b4af9bfcd659,,0x4c4dbaf7fe6b9c79e0875f34ec65edd4ecfc4b0df86d2b155d2bbea37b003dfd
27907045,2025-03-22 00:30:37.000 UTC,0x833589fcd6edb6e08f4c7c32d4f71b54bda02913,0x,0x117e3210bb9aa7d9baff172026820255c6f6c30ba8999d1c2fd88e2848137c4e,0x000000000000000000000000b1c8094b234dce6e03f10a5b673c1d8c69739a00,,0xa54a22b8fd557ca5b250acfc84bcba4326bfa2f8e73206a53092d3585355f2e2
27907047,2025-03-22 00:30:41.000 UTC,0x833589fcd6edb6e08f4c7c32d4f71b54bda02913,0x,0x117e3210bb9aa7d9baff172026820255c6f6c30ba8999d1c2fd88e2848137c4e,0x000000000000000000000000527653ea119f3e6a1f5bd18fbf4714081d7b31ce,,0x9357bde3c46778838ae61c8ff542aad4bad4e5c4b85355088c66ec1128fe0680
27907049,2025-03-22 00:30:45.000 UTC,0x833589fcd6edb6e08f4c7c32d4f71b54bda02913,0x,0x117e3210bb9aa7d9baff172026820255c6f6c30ba8999d1c2fd88e2848137c4e,0x00000000000000000000000058e8dcc13be9780fc42e8723d8ead4cf46943df2,,0x6c4f71c4d7595f815d5e3290834a818f05c041033e2f0d251e4ebe053379d7bf
27907051,2025-03-22 00:30:49.000 UTC,0x833589fcd6edb6e08f4c7c32d4f71b54bda02913,0x,0x117e3210bb9aa7d9baff172026820255c6f6c30ba8999d1c2fd88e2848137c4e,0x000000000000000000000000d691f27f38b395864ea86cfc7253969b409c362d,,0x5c8db2dae5a09c26a32b3cf772b447e5952e42f42c9a3c723aa3a03098a7c71a
27907053,2025-03-22 00:30:53.000 UTC,0x833589fcd6edb6e08f4c7c32d4f71b54bda02913,0x,0x117e3210bb9aa7d9baff172026820255c6f6c30ba8999d1c2fd88e2848137c4e,0x000000000000000000000000aeaac358560e11f52454d997aaff2c5731b6f8a6,,0x251a6dc5044182523e2e55658668ede1625f165b8f757388c5f96685e963b980
27907207,2025-03-22 00:36:01.000 UTC,0x833589fcd6edb6e08f4c7c32d4f71b54bda02913,0x,0x117e3210bb9aa7d9baff172026820255c6f6c30ba8999d1c2fd88e2848137c4e,0x0000000000000000000000001356c899d8c9467c7f71c195612f8a395abf2f0a,,0x01f27dc1eb2d6ee45441e3b4318f5d96b264bef2a2b184f0c891cabc4e3f7f91
27907208,2025-03-22 00:36:03.000 UTC,0x833589fcd6edb6e08f4c7c32d4f71b54bda02913,0x,0x117e3210bb9aa7d9baff172026820255c6f6c30ba8999d1c2fd88e2848137c4e,0x000000000000000000000000a60c772958a3ed56c1f15dd055ba37ac8e523a0d,,0xa69a7c1b5ea89e743babc941675b7d8763e2df76bf581c0b7f914132d5daa1a8
27907978,2025-03-22 01:01:43.000 UTC,0x833589fcd6edb6e08f4c7c32d4f71b54bda02913,0x,0x117e3210bb9aa7d9baff172026820255c6f6c30ba8999d1c2fd88e2848137c4e,0x000000000000000000000000169ad27a470d064dede56a2d3ff727986b15d52b,,0x0dddf0919cf2596cc1b6aa74b0fb0f1495a6a3915519c81e0fbcfac13e610e2a
27908029,2025-03-22 01:03:25.000 UTC,0x833589fcd6edb6e08f4c7c32d4f71b54bda02913,0x,0x117e3210bb9aa7d9baff172026820255c6f6c30ba8999d1c2fd88e2848137c4e,0x0000000000000000000000000836222f2b2b24a3f36f98668ed8f0b38d1a872f,,0x9afcf43bb6a8f9f475e42158927aadb0174332f55ffd89fdadb1c8e735be82b7
27908030,2025-03-22 01:03:27.000 UTC,0x833589fcd6edb6e08f4c7c32d4f71b54bda02913,0x,0x117e3210bb9aa7d9baff172026820255c6f6c30ba8999d1c2fd88e2848137c4e,0x000000000000000000000000f67721a2d8f736e75a49fdd7fad2e31d8676542a,,0x6212014b63ce036c0dbdb8800e2a165cef1bb21ea32c4f855cbf3e5b5fcba577
27908033,2025-03-22 01:03:33.000 UTC,0x833589fcd6edb6e08f4c7c32d4f71b54bda02913,0x,0x117e3210bb9aa7d9baff172026820255c6f6c30ba8999d1c2fd88e2848137c4e,0x0000000000000000000000009ad122c22b14202b4490edaf288fdb3c7cb3ff5e,,0x547778ead711f4812720cc300360fe01b5efeb056a4195c75f33cc3942087d5e
27908034,2025-03-22 01:03:35.000 UTC,0x833589fcd6edb6e08f4c7c32d4f71b54bda02913,0x,0x117e3210bb9aa7d9baff172026820255c6f6c30ba8999d1c2fd88e2848137c4e,0x00000000000000000000000007687e702b410fa43f4cb4af7fa097918ffd2730,,0xfb0f4e12d4c712ac1a02a739046ddabab0a07d19220e358e6aad49b9ed609dbd
27908035,2025-03-22 01:03:37.000 UTC,0x833589fcd6edb6e08f4c7c32d4f71b54bda02913,0x,0x117e3210bb9aa7d9baff172026820255c6f6c30ba8999d1c2fd88e2848137c4e,0x00000000000000000000000094a1b5cdb22c43faab4abeb5c74999895464ddaf,,0xaa8a31bb1c5c030b8cd05ac919653f5f79212a01cc483d6e8b09b7b9049e78e2
27908036,2025-03-22 01:03:39.000 UTC,0x833589fcd6edb6e08f4c7c32d4f71b54bda02913,0x,0x117e3210bb9aa7d9baff172026820255c6f6c30ba8999d1c2fd88e2848137c4e,0x000000000000000000000000b541fc07bc7619fd4062a54d96268525cbc6ffef,,0x436648dcff670eb3a87035eb554549417fc9840f9f4d8fb38e58031d6ae20978
27908037,2025-03-22 01:03:41.000 UTC,0x833589fcd6edb6e08f4c7c32d4f71b54bda02913,0x,0x117e3210bb9aa7d9baff172026820255c6f6c30ba8999d1c2fd88e2848137c4e,0x00000000000000000000000012d66f87a04a9e220743712ce6d9bb1b5616b8fc,,0x5995d7f448bce11e705219fd98249dc2a231280cd8745ef35444ba80c7b8a76a
27908038,2025-03-22 01:03:43.000 UTC,0x833589fcd6edb6e08f4c7c32d4f71b54bda02913,0x,0x117e3210bb9aa7d9baff172026820255c6f6c30ba8999d1c2fd88e2848137c4e,0x00000000000000000000000047ce0c6ed5b0ce3d3a51fdb1c52dc66a7c3c2936,,0xbefe059e92ea6d932ab58557314866541eb454f79b1decf46500ed447f4a971f
27908039,2025-03-22 01:03:45.000 UTC,0x833589fcd6edb6e08f4c7c32d4f71b54bda02913,0x,0x117e3210bb9aa7d9baff172026820255c6f6c30ba8999d1c2fd88e2848137c4e,0x00000000000000000000000023773e65ed146a459791799d01336db287f25334,,0x4e68e6e1c2179d1faea8a2550370cf9824545419206475373afa6129adbf7877
27908040,2025-03-22 01:03:47.000 UTC,0x833589fcd6edb6e08f4c7c32d4f71b54bda02913,0x,0x117e3210bb9aa7d9baff172026820255c6f6c30ba8999d1c2fd88e2848137c4e,0x000000000000000000000000d21be7248e0197ee08e0c20d4a96debdac3d20af,,0x14635941f93b33f0127d9dd389740e0916ac8f063d53e2d77606717ec4beefed
27908041,2025-03-22 01:03:49.000 UTC,0x833589fcd6edb6e08f4c7c32d4f71b54bda02913,0x,0x117e3210bb9aa7d9baff172026820255c6f6c30ba8999d1c2fd88e2848137c4e,0x000000000000000000000000610b717796ad172b316836ac95a2ffad065ceab4,,0xe39bc055fb6e717db02c6a97513c4486a6bbf29ff3752a2070c3abf060b48b84
27908042,2025-03-22 01:03:51.000 UTC,0x833589fcd6edb6e08f4c7c32d4f71b54bda02913,0x,0x117e3210bb9aa7d9baff172026820255c6f6c30ba8999d1c2fd88e2848137c4e,0x000000000000000000000000178169b423a011fff22b9e3f3abea13414ddd0f1,,0xdcbc56f6063ba1432595187586978e10a8677a8a70d908029b1e4dd528bfc4c0
27908044,2025-03-22 01:03:55.000 UTC,0x833589fcd6edb6e08f4c7c32d4f71b54bda02913,0x,0x117e3210bb9aa7d9baff172026820255c6f6c30ba8999d1c2fd88e2848137c4e,0x000000000000000000000000bb93e510bbcd0b7beb5a853875f9ec60275cf498,,0x3e1772ce8bff45f61ae5f708cdcc1a7cbdbc47fe222880483868a4fe9cbd8ce1
27908046,2025-03-22 01:03:59.000 UTC,0x833589fcd6edb6e08f4c7c32d4f71b54bda02913,0x,0x117e3210bb9aa7d9baff172026820255c6f6c30ba8999d1c2fd88e2848137c4e,0x0000000000000000000000002717c5e28cf931547b621a5dddb772ab6a35b701,,0x490914a1841a0a3d6f2c6f131518f89c857d8a832f686ce686aa3179b93a6690
27908048,2025-03-22 01:04:03.000 UTC,0x833589fcd6edb6e08f4c7c32d4f71b54bda02913,0x,0x117e3210bb9aa7d9baff172026820255c6f6c30ba8999d1c2fd88e2848137c4e,0x00000000000000000000000003893a7c7463ae47d46bc7f091665f1893656003,,0xc107bb1b1751eb848d5cccbddceadec7deec8d6044a8f4a11a7d1ae70eb8a99d
27908050,2025-03-22 01:04:07.000 UTC,0x833589fcd6edb6e08f4c7c32d4f71b54bda02913,0x,0x117e3210bb9aa7d9baff172026820255c6f6c30ba8999d1c2fd88e2848137c4e,0x000000000000000000000000ca0840578f57fe71599d29375e16783424023357,,0x6d48310a9c266ea1b6861277d794bf4189e38a4f51ba5f628e1065bf604f9d65
27908051,2025-03-22 01:04:09.000 UTC,0x833589fcd6edb6e08f4c7c32d4f71b54bda02913,0x,0x117e3210bb9aa7d9baff172026820255c6f6c30ba8999d1c2fd88e2848137c4e,0x00000000000000000000000001e2919679362dfbc9ee1644ba9c6da6d6245bb1,,0xc371bed6eb90c840628ac75714be9b06792a522750f274a0f5fe054e8f079b48
27908052,2025-03-22 01:04:11.000 UTC,0x833589fcd6edb6e08f4c7c32d4f71b54bda02913,0x,0x117e3210bb9aa7d9baff172026820255c6f6c30ba8999d1c2fd88e2848137c4e,0x00000000000000000000000009193888b3f38c82dedfda55259a82c0e7de875e,,0x3c4fbafef9e2d5f1e6630555e4a555d4656ab772f4a0e2ffb44bd5559cca6b95
27908053,2025-03-22 01:04:13.000 UTC,0x833589fcd6edb6e08f4c7c32d4f71b54bda02913,0x,0x117e3210bb9aa7d9baff172026820255c6f6c30ba8999d1c2fd88e2848137c4e,0x000000000000000000000000179f48c78f57a3a78f0608cc9197b8972921d1d2,,0x8d1881928c7ffc669035a2e24472c2a7617a7c7aad7a0426353daad629584856
27908054,2025-03-22 01:04:15.000 UTC,0x833589fcd6edb6e08f4c7c32d4f71b54bda02913,0x,0x117e3210bb9aa7d9baff172026820255c6f6c30ba8999d1c2fd88e2848137c4e,0x0000000000000000000000002573bac39ebe2901b4389cd468f2872cf7767faf,,0x6e43ae117b6c7f0c5b7870353f0cfe650a525446c012e27edeefda9e96f53aae
27908055,2025-03-22 01:04:17.000 UTC,0x833589fcd6edb6e08f4c7c32d4f71b54bda02913,0x,0x117e3210bb9aa7d9baff172026820255c6f6c30ba8999d1c2fd88e2848137c4e,0x00000000000000000000000026903a5a198d571422b2b4ea08b56a37cbd68c89,,0x4ac34da5954ed91a03ffddece57f1491ba94b245a474fc68d93b69258dab3d9f
27908056,2025-03-22 01:04:19.000 UTC,0x833589fcd6edb6e08f4c7c32d4f71b54bda02913,0x,0x117e3210bb9aa7d9baff172026820255c6f6c30ba8999d1c2fd88e2848137c4e,0x0000000000000000000000002f50508a8a3d323b91336fa3ea6ae50e55f32185,,0xf741e2097b8fc0402616d0ac2979ae2ef4e08ad9661e47ef2fe5087f66ceda8f
27908057,2025-03-22 01:04:21.000 UTC,0x833589fcd6edb6e08f4c7c32d4f71b54bda02913,0x,0x117e3210bb9aa7d9baff172026820255c6f6c30ba8999d1c2fd88e2848137c4e,0x0000000000000000000000002fc93484614a34f26f7970cbb94615ba109bb4bf,,0xb36aa1f2619d3807da8d5d3e5c61e3000e802e4b1d70d354c2968aa568e19f71
27908086,2025-03-22 01:05:19.000 UTC,0x833589fcd6edb6e08f4c7c32d4f71b54bda02913,0x,0x117e3210bb9aa7d9baff172026820255c6f6c30ba8999d1c2fd88e2848137c4e,0x0000000000000000000000003efa30704d2b8bbac821307230376556cf8cc39e,,0x7529da1bd914546133d6ebdcf92b92c6622c70e4b1fbee8eb96b8b0b0f596de0
27908087,2025-03-22 01:05:21.000 UTC,0x833589fcd6edb6e08f4c7c32d4f71b54bda02913,0x,0x117e3210bb9aa7d9baff172026820255c6f6c30ba8999d1c2fd88e2848137c4e,0x0000000000000000000000005cab7692d4e94096462119ab7bf57319726eed2a,,0x815c514362a697ea7b934405edf72591dc4d8f9ef66a7977989c6ab4990adc71
27908088,2025-03-22 01:05:23.000 UTC,0x833589fcd6edb6e08f4c7c32d4f71b54bda02913,0x,0x117e3210bb9aa7d9baff172026820255c6f6c30ba8999d1c2fd88e2848137c4e,0x0000000000000000000000005efda50f22d34f262c29268506c5fa42cb56a1ce,,0xaeff5f8765b21617f3ed9560f7e2ef73b7e05c06f64a3cfecf04621ea0f6659d
27908089,2025-03-22 01:05:25.000 UTC,0x833589fcd6edb6e08f4c7c32d4f71b54bda02913,0x,0x117e3210bb9aa7d9baff172026820255c6f6c30ba8999d1c2fd88e2848137c4e,0x0000000000000000000000005f6c97c6ad7bdd0ae7e0dd4ca33a4ed3fdabd4d7,,0x9932a8614a9a39c68863436975a84968b826cfd1fff9332b09bd295e8add5ac0
27908090,2025-03-22 01:05:27.000 UTC,0x833589fcd6edb6e08f4c7c32d4f71b54bda02913,0x,0x117e3210bb9aa7d9baff172026820255c6f6c30ba8999d1c2fd88e2848137c4e,0x000000000000000000000000653477c392c16b0765603074f157314cc4f40c32,,0x8580452abc6eedb2cecd96f95d7d78974fafa352b7268178e3c576d795e08419
27908091,2025-03-22 01:05:29.000 UTC,0x833589fcd6edb6e08f4c7c32d4f71b54bda02913,0x,0x117e3210bb9aa7d9baff172026820255c6f6c30ba8999d1c2fd88e2848137c4e,0x000000000000000000000000746aebc06d2ae31b71ac51429a19d54e797878e9,,0x5f59ebdfdd7f8a947b13bd216f2f2294edfea6a5869fe64d69710ac147cbc917
27908093,2025-03-22 01:05:33.000 UTC,0x833589fcd6edb6e08f4c7c32d4f71b54bda02913,0x,0x117e3210bb9aa7d9baff172026820255c6f6c30ba8999d1c2fd88e2848137c4e,0x000000000000000000000000756c4628e57f7e7f8a459ec2752968360cf4d1aa,,0x8387e7d57f93be63bb72d253f4e6c61aad4ff7d437e2eedc90e9ec6304addf54
27908094,2025-03-22 01:05:35.000 UTC,0x833589fcd6edb6e08f4c7c32d4f71b54bda02913,0x,0x117e3210bb9aa7d9baff172026820255c6f6c30ba8999d1c2fd88e2848137c4e,0x00000000000000000000000077777feddddffc19ff86db637967013e6c6a116c,,0xabc4244f950dc0634e4537c15b0b44639aa653de2189f272c7d0b91997a7532f
27908095,2025-03-22 01:05:37.000 UTC,0x833589fcd6edb6e08f4c7c32d4f71b54bda02913,0x,0x117e3210bb9aa7d9baff172026820255c6f6c30ba8999d1c2fd88e2848137c4e,0x00000000000000000000000088fd245fedec4a936e700f9173454d1931b4c307,,0x4d013772897287cce9c2851b9501d9ed9071f07d631c5d1055a285dc087acc28
27908097,2025-03-22 01:05:41.000 UTC,0x833589fcd6edb6e08f4c7c32d4f71b54bda02913,0x,0x117e3210bb9aa7d9baff172026820255c6f6c30ba8999d1c2fd88e2848137c4e,0x00000000000000000000000094c92f096437ab9958fc0a37f09348f30389ae79,,0x8ddd82d6c6f36e34a5b13a1152163a48ffee6d3b47ad78af5a9ed928e90c5ae3
27908098,2025-03-22 01:05:43.000 UTC,0x833589fcd6edb6e08f4c7c32d4f71b54bda02913,0x,0x117e3210bb9aa7d9baff172026820255c6f6c30ba8999d1c2fd88e2848137c4e,0x000000000000000000000000b04e030140b30c27bcdfaafffa98c57d80eda7b4,,0x71faa936450b156c9bbb555061dcf5405357fa7a9bb37fca850b28a81a8be3af
27908099,2025-03-22 01:05:45.000 UTC,0x833589fcd6edb6e08f4c7c32d4f71b54bda02913,0x,0x117e3210bb9aa7d9baff172026820255c6f6c30ba8999d1c2fd88e2848137c4e,0x000000000000000000000000b20c66c4de72433f3ce747b58b86830c459ca911,,0x7a28cf85434484763cf9b88e147c2826dc57109cc219e3112b978e3725acb248
27908100,2025-03-22 01:05:47.000 UTC,0x833589fcd6edb6e08f4c7c32d4f71b54bda02913,0x,0x117e3210bb9aa7d9baff172026820255c6f6c30ba8999d1c2fd88e2848137c4e,0x000000000000000000000000cee71753c9820f063b38fdbe4cfdaf1d3d928a80,,0x1acc0de3582ab3301fb7d0c76381a9fdac07ebde41f529022a6ea4ca36bbc681
27908101,2025-03-22 01:05:49.000 UTC,0x833589fcd6edb6e08f4c7c32d4f71b54bda02913,0x,0x117e3210bb9aa7d9baff172026820255c6f6c30ba8999d1c2fd88e2848137c4e,0x000000000000000000000000d82ed8786d7c69dc7e052f7a542ab047971e73d2,,0xa41e4c8fe7e36669fd99720190312ed75dcc1e65f3c3d4e9e5389a89791266f6
27908102,2025-03-22 01:05:51.000 UTC,0x833589fcd6edb6e08f4c7c32d4f71b54bda02913,0x,0x117e3210bb9aa7d9baff172026820255c6f6c30ba8999d1c2fd88e2848137c4e,0x000000000000000000000000f4b067dd14e95bab89be928c07cb22e3c94e0daa,,0x9c753c93139a2353c89f0c3fc5cdddff12a435a82804b03f51415daa5dafa760
27908103,2025-03-22 01:05:53.000 UTC,0x833589fcd6edb6e08f4c7c32d4f71b54bda02913,0x,0x117e3210bb9aa7d9baff172026820255c6f6c30ba8999d1c2fd88e2848137c4e,0x000000000000000000000000ffbac21a641dcfe4552920138d90f3638b3c9fba,,0xcea4a91409b23b417f44102697d2cefe25d405cf10092f806d7674fc4339991c
27908104,2025-03-22 01:05:55.000 UTC,0x833589fcd6edb6e08f4c7c32d4f71b54bda02913,0x,0x117e3210bb9aa7d9baff172026820255c6f6c30ba8999d1c2fd88e2848137c4e,0x000000000000000000000000d692fd2d0b2fbd2e52cfa5b5b9424bc981c30696,,0x3ef5b51f95fbc47bea573e229d9240b4749c1078dc1981903bba8131b50195c4
27908105,2025-03-22 01:05:57.000 UTC,0x833589fcd6edb6e08f4c7c32d4f71b54bda02913,0x,0x117e3210bb9aa7d9baff172026820255c6f6c30ba8999d1c2fd88e2848137c4e,0x000000000000000000000000d8d7de3349ccaa0fde6298fe6d7b7d0d34586193,,0xac3e9c832ba570efe8694ce5b86b83ddcdd1db370f157d36c2e25c46e5c1f207
27908106,2025-03-22 01:05:59.000 UTC,0x833589fcd6edb6e08f4c7c32d4f71b54bda02913,0x,0x117e3210bb9aa7d9baff172026820255c6f6c30ba8999d1c2fd88e2848137c4e,0x000000000000000000000000df3a408c53e5078af6e8fb2a85088d46ee09a61b,,0x68efbb8c78b0098b86e10467f9992f4d8294a8e7c7daeb03131bcf1d71817089
27908107,2025-03-22 01:06:01.000 UTC,0x833589fcd6edb6e08f4c7c32d4f71b54bda02913,0x,0x117e3210bb9aa7d9baff172026820255c6f6c30ba8999d1c2fd88e2848137c4e,0x0000000000000000000000001e34a77868e19a6647b1f2f47b51ed72dede95dd,,0x0c240f0148d4a7d0129ec22c8ec892c37202083445bddb637010c466ac237de3
27908108,2025-03-22 01:06:03.000 UTC,0x833589fcd6edb6e08f4c7c32d4f71b54bda02913,0x,0x117e3210bb9aa7d9baff172026820255c6f6c30ba8999d1c2fd88e2848137c4e,0x00000000000000000000000023173fe8b96a4ad8d2e17fb83ea5dcccdca1ae52,,0x36e3dfd449baf73b6bdc61ac0cf751b290a3e3dcadb0f69310ae0f5389662bbe
27908109,2025-03-22 01:06:05.000 UTC,0x833589fcd6edb6e08f4c7c32d4f71b54bda02913,0x,0x117e3210bb9aa7d9baff172026820255c6f6c30ba8999d1c2fd88e2848137c4e,0x000000000000000000000000242654336ca2205714071898f67e254eb49acdce,,0x93508b6ac611bbcde481c4aa73f63ce9c804e7d06518a020c60c48c26d1f11cb
27908110,2025-03-22 01:06:07.000 UTC,0x833589fcd6edb6e08f4c7c32d4f71b54bda02913,0x,0x117e3210bb9aa7d9baff172026820255c6f6c30ba8999d1c2fd88e2848137c4e,0x000000000000000000000000330bdfade01ee9bf63c209ee33102dd334618e0a,,0xf57fb94e341722442eafa25fd0936072f487f039cad3ecfbf8f3eb9ff14e1eb7
27908111,2025-03-22 01:06:09.000 UTC,0x833589fcd6edb6e08f4c7c32d4f71b54bda02913,0x,0x117e3210bb9aa7d9baff172026820255c6f6c30ba8999d1c2fd88e2848137c4e,0x0000000000000000000000003aac1cc67c2ec5db4ea850957b967ba153ad6279,,0xeeba6854c5b6a331e3517d96227ed1c7e9cd2da110a9a8bb33e9576af61f863a
27908112,2025-03-22 01:06:11.000 UTC,0x833589fcd6edb6e08f4c7c32d4f71b54bda02913,0x,0x117e3210bb9aa7d9baff172026820255c6f6c30ba8999d1c2fd88e2848137c4e,0x000000000000000000000000407cceeaa7c95d2fe2250bf9f2c105aa7aafb512,,0xb38768b2eb3cf3fc8595bedd8edc1b311ddfcaa248b5de864e4ae30b1d7e7890
27908113,2025-03-22 01:06:13.000 UTC,0x833589fcd6edb6e08f4c7c32d4f71b54bda02913,0x,0x117e3210bb9aa7d9baff172026820255c6f6c30ba8999d1c2fd88e2848137c4e,0x000000000000000000000000538ab61e8a9fc1b2f93b3dd9011d662d89be6fe6,,0xcee264844c422b3ba87585f0d5489d1f5e59121d28011aacd4b33c472db2a8db
27908114,2025-03-22 01:06:15.000 UTC,0x833589fcd6edb6e08f4c7c32d4f71b54bda02913,0x,0x117e3210bb9aa7d9baff172026820255c6f6c30ba8999d1c2fd88e2848137c4e,0x00000000000000000000000057b2b8c82f065de8ef5573f9730fc1449b403c9f,,0xe71cdc0cbe6ee27d0d78d272949e42bf0a25d6ef61dcbe538471cd9626023db5
27908115,2025-03-22 01:06:17.000 UTC,0x833589fcd6edb6e08f4c7c32d4f71b54bda02913,0x,0x117e3210bb9aa7d9baff172026820255c6f6c30ba8999d1c2fd88e2848137c4e,0x0000000000000000000000006bf694a291df3fec1f7e69701e3ab6c592435ae7,,0x4a2e54a9370d9908c7140b6f9459df1367456a41c2ee27b2e762f4693a7b0d30
27908116,2025-03-22 01:06:19.000 UTC,0x833589fcd6edb6e08f4c7c32d4f71b54bda02913,0x,0x117e3210bb9aa7d9baff172026820255c6f6c30ba8999d1c2fd88e2848137c4e,0x000000000000000000000000723b78e67497e85279cb204544566f4dc5d2aca0,,0xa1884c0c2d380b0df9723a05a28b8a3f0c3596389e3f88f455be0290129e326d
27908117,2025-03-22 01:06:21.000 UTC,0x833589fcd6edb6e08f4c7c32d4f71b54bda02913,0x,0x117e3210bb9aa7d9baff172026820255c6f6c30ba8999d1c2fd88e2848137c4e,0x000000000000000000000000743494b60097a2230018079c02fe21a7b687eaa5,,0x975645a3c0d20f889ab26426f77bf46e8ccbc95bfe8812762e6eded15a25f512
27908118,2025-03-22 01:06:23.000 UTC,0x833589fcd6edb6e08f4c7c32d4f71b54bda02913,0x,0x117e3210bb9aa7d9baff172026820255c6f6c30ba8999d1c2fd88e2848137c4e,0x00000000000000000000000076d85b4c0fc497eecc38902397ac608000a06607,,0xfd1d342fd9a388e6df7803f57bbcd4ba23d25d029862ba187db86489368bc696
27908119,2025-03-22 01:06:25.000 UTC,0x833589fcd6edb6e08f4c7c32d4f71b54bda02913,0x,0x117e3210bb9aa7d9baff172026820255c6f6c30ba8999d1c2fd88e2848137c4e,0x000000000000000000000000776198ccf446dfa168347089d7338879273172cf,,0x446021b1b0b69c2e84e157c2d10eff33c20c275d634918fadba346ac0063ee55
27908120,2025-03-22 01:06:27.000 UTC,0x833589fcd6edb6e08f4c7c32d4f71b54bda02913,0x,0x117e3210bb9aa7d9baff172026820255c6f6c30ba8999d1c2fd88e2848137c4e,0x0000000000000000000000008281aa6795ade17c8973e1aedca380258bc124f9,,0x21bf1bf698c8e66f08c37fd0c132f3cdb56cba6781a599408fb72e2af4a66275
27908121,2025-03-22 01:06:29.000 UTC,0x833589fcd6edb6e08f4c7c32d4f71b54bda02913,0x,0x117e3210bb9aa7d9baff172026820255c6f6c30ba8999d1c2fd88e2848137c4e,0x000000000000000000000000833481186f16cece3f1eeea1a694c42034c3a0db,,0x9f1f796b7f4c096a1b9d040943ec084ca2735128d8e8b2ed684118b1290edb6d
27908122,2025-03-22 01:06:31.000 UTC,0x833589fcd6edb6e08f4c7c32d4f71b54bda02913,0x,0x117e3210bb9aa7d9baff172026820255c6f6c30ba8999d1c2fd88e2848137c4e,0x00000000000000000000000084443cfd09a48af6ef360c6976c5392ac5023a1f,,0xd1fb0b8b3d06759aebbbf6e1de11de39104f4002c31fb4e01e17849bf26f2a72
27908123,2025-03-22 01:06:33.000 UTC,0x833589fcd6edb6e08f4c7c32d4f71b54bda02913,0x,0x117e3210bb9aa7d9baff172026820255c6f6c30ba8999d1c2fd88e2848137c4e,0x00000000000000000000000094be88213a387e992dd87de56950a9aef34b9448,,0xe0fcff770bbe60fde4ccc5ac9a247e68b6c7bfd9abeea0675f3ef0bf2ce8f210
27908124,2025-03-22 01:06:35.000 UTC,0x833589fcd6edb6e08f4c7c32d4f71b54bda02913,0x,0x117e3210bb9aa7d9baff172026820255c6f6c30ba8999d1c2fd88e2848137c4e,0x000000000000000000000000a5c2254e4253490c54cef0a4347fddb8f75a4998,,0xf6460a4086f54aa57669e1f07122ed3f9e2be1f80ffdb0c16f7c9bc82c6af512
27908125,2025-03-22 01:06:37.000 UTC,0x833589fcd6edb6e08f4c7c32d4f71b54bda02913,0x,0x117e3210bb9aa7d9baff172026820255c6f6c30ba8999d1c2fd88e2848137c4e,0x000000000000000000000000af4c0b70b2ea9fb7487c7cbb37ada259579fe040,,0x254c69f31983fbcd2532de97fc5b327752d090378c04bc3247c21c860d2ba201
27908126,2025-03-22 01:06:39.000 UTC,0x833589fcd6edb6e08f4c7c32d4f71b54bda02913,0x,0x117e3210bb9aa7d9baff172026820255c6f6c30ba8999d1c2fd88e2848137c4e,0x000000000000000000000000af8d1839c3c67cf571aa74b5c12398d4901147b3,,0x289293edb14d0fe04b3b135c8b2b65e65ccaed518c97bb83054e147b1b5cca57
27908127,2025-03-22 01:06:41.000 UTC,0x833589fcd6edb6e08f4c7c32d4f71b54bda02913,0x,0x117e3210bb9aa7d9baff172026820255c6f6c30ba8999d1c2fd88e2848137c4e,0x000000000000000000000000cc84179ffd19a1627e79f8648d09e095252bc418,,0x1ba79590d11a018e5b1453480242ac8f06403ae06d93b3f4f06e2e40f255c9f5
27908128,2025-03-22 01:06:43.000 UTC,0x833589fcd6edb6e08f4c7c32d4f71b54bda02913,0x,0x117e3210bb9aa7d9baff172026820255c6f6c30ba8999d1c2fd88e2848137c4e,0x000000000000000000000000d47438c816c9e7f2e2888e060936a499af9582b3,,0xe504e2fec9d57b2aaa2bb29958cf30312a8c7b8613ac0e11b787439828f47fa3
27908129,2025-03-22 01:06:45.000 UTC,0x833589fcd6edb6e08f4c7c32d4f71b54bda02913,0x,0x117e3210bb9aa7d9baff172026820255c6f6c30ba8999d1c2fd88e2848137c4e,0x000000000000000000000000d5d6f8d9e784d0e26222ad3834500801a68d027d,,0xd718043f4b30219cd91042090576999fe414578a14720271da1c88aa7c70f46c
27908130,2025-03-22 01:06:47.000 UTC,0x833589fcd6edb6e08f4c7c32d4f71b54bda02913,0x,0x117e3210bb9aa7d9baff172026820255c6f6c30ba8999d1c2fd88e2848137c4e,0x000000000000000000000000df231d99ff8b6c6cbf4e9b9a945cbacef9339178,,0xb64171c3ceb352be873868baf8fa6170812421619bc39e6b2455a2ccfd871ee4
27908131,2025-03-22 01:06:49.000 UTC,0x833589fcd6edb6e08f4c7c32d4f71b54bda02913,0x,0x117e3210bb9aa7d9baff172026820255c6f6c30ba8999d1c2fd88e2848137c4e,0x000000000000000000000000edc5d01286f99a066559f60a585406f3878a033e,,0x6df2cc5e70395a6cc21135180ae01099ea430a61b3a066729d1e73cbaffb0285
27908132,2025-03-22 01:06:51.000 UTC,0x833589fcd6edb6e08f4c7c32d4f71b54bda02913,0x,0x117e3210bb9aa7d9baff172026820255c6f6c30ba8999d1c2fd88e2848137c4e,0x0000000000000000000000000e3a09dda6b20afbb34ac7cd4a6881493f3e7bf7,,0x5111c68cb815f25f2e3389a5adb6660490a26aa6a923cd625b0825a9152125c3
27908133,2025-03-22 01:06:53.000 UTC,0x833589fcd6edb6e08f4c7c32d4f71b54bda02913,0x,0x117e3210bb9aa7d9baff172026820255c6f6c30ba8999d1c2fd88e2848137c4e,0x00000000000000000000000005e0b5b40b7b66098c2161a5ee11c5740a3a7c45,,0x33c1ecd4d8443a119142e836820b8fa20c66b6f0516f89397cba3a626b24d852
28416394,2025-04-02 19:28:55.000 UTC,0x833589fcd6edb6e08f4c7c32d4f71b54bda02913,0x,0xffa4e6181777692565cf28528fc88fd1516ea86b56da075235fa575af6a4b855,0x00000000000000000000000016f068ea913a912c62114a873b678b1aa9236585,,0x95274734fb4eb8365de34c928fdf7f07e42ea639ff653592e2f9f1cdb0fb1cd9
28416403,2025-04-02 19:29:13.000 UTC,0x833589fcd6edb6e08f4c7c32d4f71b54bda02913,0x,0xffa4e6181777692565cf28528fc88fd1516ea86b56da075235fa575af6a4b855,0x0000000000000000000000009acfa7136bd9ee19fc2c4517e2033705262f938c,,0x26230f44dd416f238adb24c84abd307c2bbb18dfdc6de3c70f0bebf3d16283f8
28416411,2025-04-02 19:29:29.000 UTC,0x833589fcd6edb6e08f4c7c32d4f71b54bda02913,0x,0xffa4e6181777692565cf28528fc88fd1516ea86b56da075235fa575af6a4b855,0x000000000000000000000000e942adb085bdc3cd49ad2ddaea53934f12a7e0a5,,0x0d059aae59fd60365d8a2a29c858875c800ea7511c880fe1d771ea3c7a70f24e
28416419,2025-04-02 19:29:45.000 UTC,0x833589fcd6edb6e08f4c7c32d4f71b54bda02913,0x,0xffa4e6181777692565cf28528fc88fd1516ea86b56da075235fa575af6a4b855,0x0000000000000000000000004755da10f30da425a1b5f12166bec82600c48c79,,0x6857f15ed61b1eac9f42e5d2de99b84e668d80da0b420a05c3435f822fa7440d
28416428,2025-04-02 19:30:03.000 UTC,0x833589fcd6edb6e08f4c7c32d4f71b54bda02913,0x,0xffa4e6181777692565cf28528fc88fd1516ea86b56da075235fa575af6a4b855,0x0000000000000000000000002b872fc6d0614e39150d078db0e2ff56650f2b4b,,0x3a25d0989d1b5c0595b936a75bef0dc058b096aad1dc410fe43449d618ce6a10
28416436,2025-04-02 19:30:19.000 UTC,0x833589fcd6edb6e08f4c7c32d4f71b54bda02913,0x,0xffa4e6181777692565cf28528fc88fd1516ea86b56da075235fa575af6a4b855,0x0000000000000000000000007a01e8268bbb7b5b7403b673aa0b9d7b36f651aa,,0x372ee0e601ba2c7ea95738316cc06df20efbb58ebee5364baee2d38be356b28b
28416444,2025-04-02 19:30:35.000 UTC,0x833589fcd6edb6e08f4c7c32d4f71b54bda02913,0x,0xffa4e6181777692565cf28528fc88fd1516ea86b56da075235fa575af6a4b855,0x0000000000000000000000002a4c4406a0495116aa880c57486cb876658d8aa1,,0x674ef910ed595277497430cfa0cdf950f4be9db458b9e376fa81c0692c6e4f3c
28416452,2025-04-02 19:30:51.000 UTC,0x833589fcd6edb6e08f4c7c32d4f71b54bda02913,0x,0xffa4e6181777692565cf28528fc88fd1516ea86b56da075235fa575af6a4b855,0x000000000000000000000000d9471e6c644756e845e4a10260362ab9a3a9845a,,0x7c8eda8ff43482a46ff88ab84000efb314973f30e7cf5803c4b9bfef5225e00f
28803027,2025-04-11 18:16:41.000 UTC,0x833589fcd6edb6e08f4c7c32d4f71b54bda02913,0x,0xffa4e6181777692565cf28528fc88fd1516ea86b56da075235fa575af6a4b855,0x00000000000000000000000059a16c427f3a3584ae9fab84f47a3a9518c04272,,0x9d60a08e9664d5806b0b3c2f0aa8f5f3532dd320ee9a91ac2e85d926f6536db6
29107211,2025-04-18 19:16:09.000 UTC,0x833589fcd6edb6e08f4c7c32d4f71b54bda02913,0x,0xffa4e6181777692565cf28528fc88fd1516ea86b56da075235fa575af6a4b855,0x000000000000000000000000b8344dd3631eef0cdd1dcf01eeaaad953d0172a7,,0xadb67f0ecd0f99832fee95a6e7e506ef31261b41309d66a5b03edf2d9b7fe718
30186065,2025-05-13 18:37:57.000 UTC,0x833589fcd6edb6e08f4c7c32d4f71b54bda02913,0x,0xffa4e6181777692565cf28528fc88fd1516ea86b56da075235fa575af6a4b855,0x000000000000000000000000c0addb0f2bd5d09965133cb60a87ce310c98f64e,,0x098f49e6f6ba4dfab4e1d57c1c1e96c7965cc7a21023c1fb1b59923c9ebbc2a2
30228167,2025-05-14 18:01:21.000 UTC,0x833589fcd6edb6e08f4c7c32d4f71b54bda02913,0x,0xffa4e6181777692565cf28528fc88fd1516ea86b56da075235fa575af6a4b855,0x000000000000000000000000c4d1de2300360cdb188bbd46ec5600ec51a0dd24,,0xe3aec1c9f0d01844508b2d804bf4443d51be963acde11e55b1fdd408b433200e
30879850,2025-05-29 20:04:07.000 UTC,0x833589fcd6edb6e08f4c7c32d4f71b54bda02913,0x,0xffa4e6181777692565cf28528fc88fd1516ea86b56da075235fa575af6a4b855,0x000000000000000000000000d5ed34b52ac4ab84d8fa8a231a3218bbf01ed510,,0x8993315af153bf37e40dca2891064fd9b6a760a7be38eb2243d7ae5dd75d0f88
30879875,2025-05-29 20:04:57.000 UTC,0x833589fcd6edb6e08f4c7c32d4f71b54bda02913,0x,0xffa4e6181777692565cf28528fc88fd1516ea86b56da075235fa575af6a4b855,0x0000000000000000000000008c5f37d4db13967643e33d5404f66f86569221ca,,0x67640d1558d806e39c6e7efeb7c608ca5916f89af995c245eef35f9ff0c67cef
32302110,2025-07-01 18:12:47.000 UTC,0x833589fcd6edb6e08f4c7c32d4f71b54bda02913,0x,0xffa4e6181777692565cf28528fc88fd1516ea86b56da075235fa575af6a4b855,0x000000000000000000000000c685132e908cce284c063415ea353af5f555c6c6,,0x173018a0b3c31a3266495f1d424966f21bee99518511f89cdb34140237ac897d
32949232,2025-07-16 17:43:31.000 UTC,0x833589fcd6edb6e08f4c7c32d4f71b54bda02913,0x,0xffa4e6181777692565cf28528fc88fd1516ea86b56da075235fa575af6a4b855,0x000000000000000000000000b1fcda2d2dd445eeeb09c1d03b73519a1956f311,,0xa0f6b0714c61b15fdf2b189094b94815c9bd4ffd4e001b5fa40617f622c4b6af
33781686,2025-08-05 00:11:59.000 UTC,0x833589fcd6edb6e08f4c7c32d4f71b54bda02913,0x,0xffa4e6181777692565cf28528fc88fd1516ea86b56da075235fa575af6a4b855,0x000000000000000000000000a01c6a115fa2779b1c740521b5362dac472f4e04,,0x5fc7aa691bcd9f6dedc0a8f18d029f6f0978b63e18955dd5a91aae8bf8ddf3ad
34209376,2025-08-14 21:48:19.000 UTC,0x833589fcd6edb6e08f4c7c32d4f71b54bda02913,0x,0xffa4e6181777692565cf28528fc88fd1516ea86b56da075235fa575af6a4b855,0x0000000000000000000000003301843d4d8c3314706a6526940bc2a38ed29475,,0x74b00da777113c88b25c8f3738aa0c52bfea32c55fd2d2bd961bda69c4294134
34209403,2025-08-14 21:49:13.000 UTC,0x833589fcd6edb6e08f4c7c32d4f71b54bda02913,0x,0xffa4e6181777692565cf28528fc88fd1516ea86b56da075235fa575af6a4b855,0x0000000000000000000000006e2bf91ff62095e759301a1e46df3278f7d6bf07,,0xfc89d79c53b6cbab5e393df08ee4edefc21e86d9c870e0e9663b79dcf8595ad1
34209427,2025-08-14 21:50:01.000 UTC,0x833589fcd6edb6e08f4c7c32d4f71b54bda02913,0x,0xffa4e6181777692565cf28528fc88fd1516ea86b56da075235fa575af6a4b855,0x0000000000000000000000008a33c4dccc7e840e536c1abc9af4612f876f54de,,0x9750af8a57435a90bd412dccc13497eb0f15664f9a80e71dee05e95f1c1de4ff
34209446,2025-08-14 21:50:39.000 UTC,0x833589fcd6edb6e08f4c7c32d4f71b54bda02913,0x,0xffa4e6181777692565cf28528fc88fd1516ea86b56da075235fa575af6a4b855,0x00000000000000000000000017b65262f73d2a8668dededc6a40274c3e0ea058,,0x7443594f0ffa9b53b3816ad2cb159b91eeb22d4f3a76b74f7c04f62aaf0e6ccd
34209465,2025-08-14 21:51:17.000 UTC,0x833589fcd6edb6e08f4c7c32d4f71b54bda02913,0x,0xffa4e6181777692565cf28528fc88fd1516ea86b56da075235fa575af6a4b855,0x0000000000000000000000000655b7211f302b42a7bfa16a6c45284ab82fd85b,,0xd3f8c0768f95a77af3252d9a9ee3d99267f368d88add6e918e42df2097fe73eb
34209493,2025-08-14 21:52:13.000 UTC,0x833589fcd6edb6e08f4c7c32d4f71b54bda02913,0x,0xffa4e6181777692565cf28528fc88fd1516ea86b56da075235fa575af6a4b855,0x00000000000000000000000082df92ebaa039dd6c9e0689390d7298a5ca1f59c,,0x8c737b0d6b5d58ee93cd6ffe523425687727b93b1d32ac63add130e8a300e801
34209503,2025-08-14 21:52:33.000 UTC,0x833589fcd6edb6e08f4c7c32d4f71b54bda02913,0x,0xffa4e6181777692565cf28528fc88fd1516ea86b56da075235fa575af6a4b855,0x00000000000000000000000048ea81d8db01cc3f551be8ecc8627b5a803eb075,,0xa9aec50a898195704e99e0abd4aad8a9be674774552bfff4ac668e4dd27595a8
34209513,2025-08-14 21:52:53.000 UTC,0x833589fcd6edb6e08f4c7c32d4f71b54bda02913,0x,0xffa4e6181777692565cf28528fc88fd1516ea86b56da075235fa575af6a4b855,0x00000000000000000000000012de548f79a50d2bd05481c8515c1ef5183666a9,,0xe65d9846473cdef629448a35ec6fe75dce8c369ced42529b5758ee78b63e6fbc
34209523,2025-08-14 21:53:13.000 UTC,0x833589fcd6edb6e08f4c7c32d4f71b54bda02913,0x,0xffa4e6181777692565cf28528fc88fd1516ea86b56da075235fa575af6a4b855,0x00000000000000000000000018f703184349667cdae85a07e7f2efac36052b89,,0x92903eafb4961cf3151e430dddde6a11e61063b3dcc085c61cc2c7372707eb9e
34209533,2025-08-14 21:53:33.000 UTC,0x833589fcd6edb6e08f4c7c32d4f71b54bda02913,0x,0xffa4e6181777692565cf28528fc88fd1516ea86b56da075235fa575af6a4b855,0x0000000000000000000000008dce2aac0de82bdcaf6b4373b79f94331b8e4995,,0xeef0dc5da4828787ec1b8478f5eaf3030d0d6bf42e2de1f08cab15b5246c2b7d
34209543,2025-08-14 21:53:53.000 UTC,0x833589fcd6edb6e08f4c7c32d4f71b54bda02913,0x,0xffa4e6181777692565cf28528fc88fd1516ea86b56da075235fa575af6a4b855,0x000000000000000000000000f4377eda661e04b6dda78969796ed31658d602d4,,0x7ce865c4436fcd36231a8bd08d48796c7be3c7552dbb9cb1bf4915c5ea10eddc
34209553,2025-08-14 21:54:13.000 UTC,0x833589fcd6edb6e08f4c7c32d4f71b54bda02913,0x,0xffa4e6181777692565cf28528fc88fd1516ea86b56da075235fa575af6a4b855,0x000000000000000000000000b338962b92cd818d6aef0a32a9ecd01212a71f33,,0x59ef502038976bde3d317f2d99746b34378d67a34779768c93d41fcb6743abb2
34209563,2025-08-14 21:54:33.000 UTC,0x833589fcd6edb6e08f4c7c32d4f71b54bda02913,0x,0xffa4e6181777692565cf28528fc88fd1516ea86b56da075235fa575af6a4b855,0x00000000000000000000000057ec89a0c056163a0314e413320f9b3abe761259,,0x092bd7b1e3de21206fad8701c75673babc9657c50646515e022d9907d8d84fb8
34209572,2025-08-14 21:54:51.000 UTC,0x833589fcd6edb6e08f4c7c32d4f71b54bda02913,0x,0xffa4e6181777692565cf28528fc88fd1516ea86b56da075235fa575af6a4b855,0x000000000000000000000000d8500c631dc32fa18645b7436344a99e4825e10e,,0x90aa2dc8f10da5cb65cfa067430b565bca0739927f6ca8edc2117f092fe96e7d
34209581,2025-08-14 21:55:09.000 UTC,0x833589fcd6edb6e08f4c7c32d4f71b54bda02913,0x,0xffa4e6181777692565cf28528fc88fd1516ea86b56da075235fa575af6a4b855,0x0000000000000000000000007ced75026204ac29c34bea98905d4c949f27361e,,0x94a56e3a4f98a99afb320bbbe5b1563df2e015b399915a8629818f170de7d9a7
34209589,2025-08-14 21:55:25.000 UTC,0x833589fcd6edb6e08f4c7c32d4f71b54bda02913,0x,0xffa4e6181777692565cf28528fc88fd1516ea86b56da075235fa575af6a4b855,0x000000000000000000000000418949a4a7da9e07192909722072dded8f670d58,,0x0e7d38a83f4d8418bb9806e98eeffc9c804aaa10c30fab015d241727db2dc9ff
34209597,2025-08-14 21:55:41.000 UTC,0x833589fcd6edb6e08f4c7c32d4f71b54bda02913,0x,0xffa4e6181777692565cf28528fc88fd1516ea86b56da075235fa575af6a4b855,0x0000000000000000000000006042c2f32769454c5ff226fdae52b81e49cd922f,,0x9181786a68932715c4a19b1a36a1e3bf30d7f4152b27c9524b9193343a255e09
34209608,2025-08-14 21:56:03.000 UTC,0x833589fcd6edb6e08f4c7c32d4f71b54bda02913,0x,0xffa4e6181777692565cf28528fc88fd1516ea86b56da075235fa575af6a4b855,0x0000000000000000000000008660f3ab5285f9e497ffbf2997285c24466aa2a1,,0x92007ffa956414f8702dd4d47c61c9ffe8bd3af753a4823269e27138a7a8e958
34424211,2025-08-19 21:09:29.000 UTC,0x833589fcd6edb6e08f4c7c32d4f71b54bda02913,0x,0xffa4e6181777692565cf28528fc88fd1516ea86b56da075235fa575af6a4b855,0x000000000000000000000000af5f1bf01aabc9eaeb4c6b3ab92ac1c67d61c749,,0x11961ef5cef0e84b6a1f1f56db268c5f1bf4fecf9c5b9a01aab81fb422d3d463
34424221,2025-08-19 21:09:49.000 UTC,0x833589fcd6edb6e08f4c7c32d4f71b54bda02913,0x,0xffa4e6181777692565cf28528fc88fd1516ea86b56da075235fa575af6a4b855,0x000000000000000000000000df5783a62a6bb474e0a5741c833d729e4fc9d64d,,0xcbef9a3d0c8b058a0a55d6dee263666d563804db527969ea875b4a9b1565666f
35449090,2025-09-12 14:32:07.000 UTC,0x833589fcd6edb6e08f4c7c32d4f71b54bda02913,0x,0xffa4e6181777692565cf28528fc88fd1516ea86b56da075235fa575af6a4b855,0x000000000000000000000000fa3576591b710cd8a68f22fc10281f39f88d8cb1,,0xc1d274664f9392eb04ce9d8d5efc073b16118ff2581c6d4c77837a6c9713d3a6
35449178,2025-09-12 14:35:03.000 UTC,0x833589fcd6edb6e08f4c7c32d4f71b54bda02913,0x,0x117e3210bb9aa7d9baff172026820255c6f6c30ba8999d1c2fd88e2848137c4e,0x000000000000000000000000fa3576591b710cd8a68f22fc10281f39f88d8cb1,,0xb7b689364679b4f95b42bb204ebdd8d7c6296ec9d23d96f0453d8d81b7c67b87
35624481,2025-09-16 15:58:29.000 UTC,0x833589fcd6edb6e08f4c7c32d4f71b54bda02913,0x,0xffa4e6181777692565cf28528fc88fd1516ea86b56da075235fa575af6a4b855,0x000000000000000000000000e3d35f68383732649669aa990832e017340dbca5,,0xc62596fbae17f91d745197427622870491c10b91ed3127f8a1efa82787471936
35624507,2025-09-16 15:59:21.000 UTC,0x833589fcd6edb6e08f4c7c32d4f71b54bda02913,0x,0xffa4e6181777692565cf28528fc88fd1516ea86b56da075235fa575af6a4b855,0x000000000000000000000000532b77b33a040587e9fd1800088225f99b8b0e8a,,0xc46c80b2bfd91221ab0a9d5c1b2e5633eb386809b24db5c364045bf29e22de1f
35624529,2025-09-16 16:00:05.000 UTC,0x833589fcd6edb6e08f4c7c32d4f71b54bda02913,0x,0xffa4e6181777692565cf28528fc88fd1516ea86b56da075235fa575af6a4b855,0x000000000000000000000000f405df57cc3a2df4dd262b6494d76e346ca778f1,,0xfc5dadbf06cb28fb569151c3a73b08dd2e534667f8699dca5da3ea54eecbefaa
35624555,2025-09-16 16:00:57.000 UTC,0x833589fcd6edb6e08f4c7c32d4f71b54bda02913,0x,0xffa4e6181777692565cf28528fc88fd1516ea86b56da075235fa575af6a4b855,0x000000000000000000000000ab4302cfcf1c2337c1b59af1d23bd97189fe962c,,0x31c2c99331d8c7aeffb63d0d4f7b20352482a1798249e256f126ec9fa2e927ad
35624625,2025-09-16 16:03:17.000 UTC,0x833589fcd6edb6e08f4c7c32d4f71b54bda02913,0x,0xffa4e6181777692565cf28528fc88fd1516ea86b56da075235fa575af6a4b855,0x0000000000000000000000009ab7a3e606677ddf6f3538dd4472ec770c282b3e,,0x23fc16cb43b10499e6be30178a756dcd2e6154f40befeace7a6ba887f7176d50
35624656,2025-09-16 16:04:19.000 UTC,0x833589fcd6edb6e08f4c7c32d4f71b54bda02913,0x,0xffa4e6181777692565cf28528fc88fd1516ea86b56da075235fa575af6a4b855,0x000000000000000000000000db2720ebad55399117ddb4c4a4afd9a4ccada8fe,,0xcbb2e84bde99e4b876b42b83d30fe0861dd285f2afca6d2e7a9b4f91483736fa
35624712,2025-09-16 16:06:11.000 UTC,0x833589fcd6edb6e08f4c7c32d4f71b54bda02913,0x,0xffa4e6181777692565cf28528fc88fd1516ea86b56da075235fa575af6a4b855,0x000000000000000000000000ba475bb43ee21013fd14c85e2c74b24bcf5a54c1,,0xa41a15cde6f6b31c255f85661fb9d2902da4056ec89ec7450e94cb396c130d89
35971113,2025-09-24 16:32:53.000 UTC,0x833589fcd6edb6e08f4c7c32d4f71b54bda02913,0x,0xffa4e6181777692565cf28528fc88fd1516ea86b56da075235fa575af6a4b855,0x000000000000000000000000240fd853e1509a975bd95348d49c923fb0b5d43c,,0xfec30927fd8b5ffc2c95553232e04d99127124e6880fd09fe5c5292469858bb7
36626873,2025-10-09 20:51:33.000 UTC,0x833589fcd6edb6e08f4c7c32d4f71b54bda02913,0x,0xffa4e6181777692565cf28528fc88fd1516ea86b56da075235fa575af6a4b855,0x000000000000000000000000246ad63418848c22df091d5e3409faba68a34380,,0x00f8ee5a657c83d9e6ea5ca06905cf281f2b645b62de3416653e92646fbc12ef
36655524,2025-10-10 12:46:35.000 UTC,0x833589fcd6edb6e08f4c7c32d4f71b54bda02913,0x,0xffa4e6181777692565cf28528fc88fd1516ea86b56da075235fa575af6a4b855,0x000000000000000000000000e9d67c08eb4607f55375c42032f2e9e0979b0da0,,0x495cc41b6e4ac4d55731e524a01a10309894ad8286900cf42a53a5979adbce2a
36655554,2025-10-10 12:47:35.000 UTC,0x833589fcd6edb6e08f4c7c32d4f71b54bda02913,0x,0xffa4e6181777692565cf28528fc88fd1516ea86b56da075235fa575af6a4b855,0x0000000000000000000000009b2a4fd4373ec0e5218395eb8f7116600c43a494,,0xf46de694c9efa17038d5fc89e6d5c37e2e75cba641ba2b8756f3fd02ab91302c
36840390,2025-10-14 19:28:47.000 UTC,0x833589fcd6edb6e08f4c7c32d4f71b54bda02913,0x,0xffa4e6181777692565cf28528fc88fd1516ea86b56da075235fa575af6a4b855,0x000000000000000000000000ae05eb856cb28c156d9722094f5eefd5693bc181,,0x4bb1a3bb7ba11285335a65bdb2500a84ddf96ed3c3ae77e240dce1e35f387f58
36840428,2025-10-14 19:30:03.000 UTC,0x833589fcd6edb6e08f4c7c32d4f71b54bda02913,0x,0xffa4e6181777692565cf28528fc88fd1516ea86b56da075235fa575af6a4b855,0x000000000000000000000000d599ac04a1c786972b81e0fef6fb0c3e7b52f8a7,,0xbf3fc5863a00539a6f591d907e15f5329517a1203373e0c2af6d4a7d0b1191ca
36840433,2025-10-14 19:30:13.000 UTC,0x833589fcd6edb6e08f4c7c32d4f71b54bda02913,0x,0xffa4e6181777692565cf28528fc88fd1516ea86b56da075235fa575af6a4b855,0x000000000000000000000000500aa554ed27a6c94fe0d5eb5df3482b528a5efe,,0xa58decc739fbc2d76806234fd85cc1f942ce5ac33fe74a157f82ba2d417eec6c
36840485,2025-10-14 19:31:57.000 UTC,0x833589fcd6edb6e08f4c7c32d4f71b54bda02913,0x,0xffa4e6181777692565cf28528fc88fd1516ea86b56da075235fa575af6a4b855,0x0000000000000000000000002a4ff8bc97d3faef20ca9aa3c8dac93450695434,,0x61c14a4ded6b9adddaced6c43912827468d8e5bb0923cc5b432cb7fc748e9560
37743760,2025-11-04 17:21:07.000 UTC,0x833589fcd6edb6e08f4c7c32d4f71b54bda02913,0x,0xffa4e6181777692565cf28528fc88fd1516ea86b56da075235fa575af6a4b855,0x00000000000000000000000000be5e0c85be35948d97ad37f62d108243f89ae0,,0xae001cad3fa80920536ca766d90ba44df02dd52009ef836df19b76b7b927d312
37743835,2025-11-04 17:23:37.000 UTC,0x833589fcd6edb6e08f4c7c32d4f71b54bda02913,0x,0xffa4e6181777692565cf28528fc88fd1516ea86b56da075235fa575af6a4b855,0x0000000000000000000000005263b1aa550f70bd9753ec558c631eaadd2ae98c,,0xc2101d3e594b2e7ba60236dca32c0687fb9cf977a40aa09da15ce1fc00e5c61b
37743844,2025-11-04 17:23:55.000 UTC,0x833589fcd6edb6e08f4c7c32d4f71b54bda02913,0x,0xffa4e6181777692565cf28528fc88fd1516ea86b56da075235fa575af6a4b855,0x00000000000000000000000000bf03f87539214307207c61b7f729ddc22977b8,,0xe93c9603fe852d3825d59efab4471eaf02767bad6d7d5bc0fc90f22742a3e96f
37743887,2025-11-04 17:25:21.000 UTC,0x833589fcd6edb6e08f4c7c32d4f71b54bda02913,0x,0xffa4e6181777692565cf28528fc88fd1516ea86b56da075235fa575af6a4b855,0x00000000000000000000000072a2fc69c5a3025d9d79bb01335860aaf2a4a948,,0x010684a4c95793145716f6b0a588c374e8fdee4f8cbe2293eb1b15ca74b29178
37743937,2025-11-04 17:27:01.000 UTC,0x833589fcd6edb6e08f4c7c32d4f71b54bda02913,0x,0xffa4e6181777692565cf28528fc88fd1516ea86b56da075235fa575af6a4b855,0x0000000000000000000000007b7f0d8f53e16faee4cf90aedf50c7073f17beff,,0x36353bec79e03cb6cbff198e5c3de13a9a903288a16596a0113273c09e70392b
37743948,2025-11-04 17:27:23.000 UTC,0x833589fcd6edb6e08f4c7c32d4f71b54bda02913,0x,0xffa4e6181777692565cf28528fc88fd1516ea86b56da075235fa575af6a4b855,0x0000000000000000000000005a1ca8328b9da53c6c11c8745ea8da29a9cd36c1,,0x180953b42ab9e2e0dd59f5f8f81c57bef18341b82d2a5d66d99d81b7692313bf
37743980,2025-11-04 17:28:27.000 UTC,0x833589fcd6edb6e08f4c7c32d4f71b54bda02913,0x,0xffa4e6181777692565cf28528fc88fd1516ea86b56da075235fa575af6a4b855,0x0000000000000000000000000d1891dd69efe614918e989b5ebd68d6e5f18ff5,,0x4266bce9d5f48b8712f1fbc3106d2520823ebf1e0e8c0b90f92afda112350f15
37744044,2025-11-04 17:30:35.000 UTC,0x833589fcd6edb6e08f4c7c32d4f71b54bda02913,0x,0xffa4e6181777692565cf28528fc88fd1516ea86b56da075235fa575af6a4b855,0x00000000000000000000000010df38a923a660965d098f24a618b0d1b5d99cba,,0xd232bb8ca5c3294242fbec9b99f7843b5f6911e8f3784cf7c46fbb45d9b83b80
37744083,2025-11-04 17:31:53.000 UTC,0x833589fcd6edb6e08f4c7c32d4f71b54bda02913,0x,0xffa4e6181777692565cf28528fc88fd1516ea86b56da075235fa575af6a4b855,0x000000000000000000000000114074ff655d0643a4ff70411ffca618cb7edca1,,0x6d706550ccdd798fb079f41588826e96372cda73815b264df40cf25c3d490e10
37744094,2025-11-04 17:32:15.000 UTC,0x833589fcd6edb6e08f4c7c32d4f71b54bda02913,0x,0xffa4e6181777692565cf28528fc88fd1516ea86b56da075235fa575af6a4b855,0x000000000000000000000000117bb0cfee7ce8f842967537fbcd92fc504d68ab,,0x4b0dc596df9c9f9b7e4e50a1ebdf39f54d883317252f7cbc40cc79aec72484a7
37744133,2025-11-04 17:33:33.000 UTC,0x833589fcd6edb6e08f4c7c32d4f71b54bda02913,0x,0xffa4e6181777692565cf28528fc88fd1516ea86b56da075235fa575af6a4b855,0x00000000000000000000000015a68a9ffa2a94bdad8468d93af4db24251af772,,0x32855a80e41015ee76d88c1fdd7bffb870e021ffbd6a0766867932c559577bff
37744140,2025-11-04 17:33:47.000 UTC,0x833589fcd6edb6e08f4c7c32d4f71b54bda02913,0x,0xffa4e6181777692565cf28528fc88fd1516ea86b56da075235fa575af6a4b855,0x00000000000000000000000017fff4f3364fa6dfa25cf37bebbff62bc47232f7,,0xf1787cccb6929448a6498d5f91fef87b5719074b0cee61e2518745c500570b10
37744156,2025-11-04 17:34:19.000 UTC,0x833589fcd6edb6e08f4c7c32d4f71b54bda02913,0x,0xffa4e6181777692565cf28528fc88fd1516ea86b56da075235fa575af6a4b855,0x0000000000000000000000002547ad3f4b0d37881101885addd1cedf753af9aa,,0x7947b9fd59cd8900628a4f1585f827a1dce5b51219c285236590a88409604e16
37744183,2025-11-04 17:35:13.000 UTC,0x833589fcd6edb6e08f4c7c32d4f71b54bda02913,0x,0xffa4e6181777692565cf28528fc88fd1516ea86b56da075235fa575af6a4b855,0x000000000000000000000000171f95410bc65dfc8549c287cd475dc8b82df192,,0xdfe5b2da69f8e669ce28d40d264f7fc5bce6d4c934072c7cdecf132a70aa35df
37744282,2025-11-04 17:38:31.000 UTC,0x833589fcd6edb6e08f4c7c32d4f71b54bda02913,0x,0xffa4e6181777692565cf28528fc88fd1516ea86b56da075235fa575af6a4b855,0x0000000000000000000000002cbd0ba5b15bde90d5252d8ac1ed2aa121d2d62a,,0xe8860f3d78986b17b4ef6f6b01bd8e242249eef9d280b02a6e2da9deca84c8ac
37744303,2025-11-04 17:39:13.000 UTC,0x833589fcd6edb6e08f4c7c32d4f71b54bda02913,0x,0xffa4e6181777692565cf28528fc88fd1516ea86b56da075235fa575af6a4b855,0x00000000000000000000000037cefc817a4582773b26835910127ba24f284bb4,,0x817694be0fa51d7a952452d77d22cb50053bc64e369fadae535963dbd0a45749
37744335,2025-11-04 17:40:17.000 UTC,0x833589fcd6edb6e08f4c7c32d4f71b54bda02913,0x,0xffa4e6181777692565cf28528fc88fd1516ea86b56da075235fa575af6a4b855,0x0000000000000000000000003e0c892556da529a0c03a28f763964bdf25ca88c,,0x8f55582625c1dc29f1b508a4562f995b96427bbcf712cb0a32dd039cbc887d58
37744377,2025-11-04 17:41:41.000 UTC,0x833589fcd6edb6e08f4c7c32d4f71b54bda02913,0x,0xffa4e6181777692565cf28528fc88fd1516ea86b56da075235fa575af6a4b855,0x000000000000000000000000412e673fb7cce4e031b9a02277b1aeb599f62bc1,,0xdac9fb9206236a9b5bf86e2e24cd3d154dc10280f01e1c3d9f28efbc3affdaef
37744409,2025-11-04 17:42:45.000 UTC,0x833589fcd6edb6e08f4c7c32d4f71b54bda02913,0x,0xffa4e6181777692565cf28528fc88fd1516ea86b56da075235fa575af6a4b855,0x00000000000000000000000040813812bb5a22be798d7f4cf227a584f4f87bc9,,0x4fe19417c84d7270baa502c9c80da94590b25f363caf6a8cc61eaec44d2fca48
37744505,2025-11-04 17:45:57.000 UTC,0x833589fcd6edb6e08f4c7c32d4f71b54bda02913,0x,0xffa4e6181777692565cf28528fc88fd1516ea86b56da075235fa575af6a4b855,0x000000000000000000000000491e68c8464e39723c304aef5cea9543f37ee607,,0xc5f1c883926b481eb35f1fb864431eb8c6bd8dbb53cff6c07ff40780284dc90a
37744594,2025-11-04 17:48:55.000 UTC,0x833589fcd6edb6e08f4c7c32d4f71b54bda02913,0x,0xffa4e6181777692565cf28528fc88fd1516ea86b56da075235fa575af6a4b855,0x00000000000000000000000045fc0d462a6473905024a10f756feadf8e6c2d08,,0xae45eb0e12f5d4bd409553e1a5e2253cdd0b7b60e23a3ef8f806b20032db9416
37744620,2025-11-04 17:49:47.000 UTC,0x833589fcd6edb6e08f4c7c32d4f71b54bda02913,0x,0xffa4e6181777692565cf28528fc88fd1516ea86b56da075235fa575af6a4b855,0x00000000000000000000000044888f0a128a21872c38aa44bede1e31137ba85f,,0xe4fb9db608d83ed2aeec7090fe547399842024531dfc0b0c5b1264a17d434488
37744657,2025-11-04 17:51:01.000 UTC,0x833589fcd6edb6e08f4c7c32d4f71b54bda02913,0x,0xffa4e6181777692565cf28528fc88fd1516ea86b56da075235fa575af6a4b855,0x00000000000000000000000046ccbcaf10b406a85a412ab713ad451caef9a950,,0x86e7301dfd2697c09f37ee900d812045c8d84ec239cd2fd801c936c0acac2459
37744689,2025-11-04 17:52:05.000 UTC,0x833589fcd6edb6e08f4c7c32d4f71b54bda02913,0x,0xffa4e6181777692565cf28528fc88fd1516ea86b56da075235fa575af6a4b855,0x00000000000000000000000055ef531216bd8077fb1acb8e61be532214b33b76,,0x828f5edd95bf4e2de2836283f57c91a818853565d5d1f36e63ca9b7193db7441
37744715,2025-11-04 17:52:57.000 UTC,0x833589fcd6edb6e08f4c7c32d4f71b54bda02913,0x,0xffa4e6181777692565cf28528fc88fd1516ea86b56da075235fa575af6a4b855,0x0000000000000000000000005042cca9d00c44733ebaf550851b9a65cc98d58f,,0xa31b1d79c50bb64c40c73c2dba68fd6b67746863dfcee72326a580cd2bd065e3
37744717,2025-11-04 17:53:01.000 UTC,0x833589fcd6edb6e08f4c7c32d4f71b54bda02913,0x,0xffa4e6181777692565cf28528fc88fd1516ea86b56da075235fa575af6a4b855,0x0000000000000000000000004fa8b02fd04a8ed74b2c77d7efdfffbcc884e3f2,,0x2188f6d0af79aae53b0b12db2e92daf34a521d1e237873b5012c8770d5b1c9b2
37744737,2025-11-04 17:53:41.000 UTC,0x833589fcd6edb6e08f4c7c32d4f71b54bda02913,0x,0xffa4e6181777692565cf28528fc88fd1516ea86b56da075235fa575af6a4b855,0x00000000000000000000000045afe4b7e98b6ef450e7b5f53bc1763f3be83e69,,0xf238a6bb70107cec0ccc53cbcb6673625aeb32871aedbd337bef14f4e2fc01b9
37744762,2025-11-04 17:54:31.000 UTC,0x833589fcd6edb6e08f4c7c32d4f71b54bda02913,0x,0xffa4e6181777692565cf28528fc88fd1516ea86b56da075235fa575af6a4b855,0x000000000000000000000000a4e740b001ea51cd90988b19cfb9da7a52e91c47,,0x9e49d9c0eab1c6446940231ce7ee840d115e9bacb2d00447ec68d1a15df2ddd3
37744793,2025-11-04 17:55:33.000 UTC,0x833589fcd6edb6e08f4c7c32d4f71b54bda02913,0x,0xffa4e6181777692565cf28528fc88fd1516ea86b56da075235fa575af6a4b855,0x00000000000000000000000095a603c86ec4a585e4359d1f07e6949567491fc9,,0xaf5e06b655608cf4db26f0c60e969c5d78f781fe65f6c60d0d379394a1dfe3a2
37744816,2025-11-04 17:56:19.000 UTC,0x833589fcd6edb6e08f4c7c32d4f71b54bda02913,0x,0xffa4e6181777692565cf28528fc88fd1516ea86b56da075235fa575af6a4b855,0x0000000000000000000000004b1d7ad9f0cbff66d194ba1e9f0da31635f23f0e,,0xf25110b2e91b8a811e54f9f63e2973fbc1a8f08bd5efa2efc4f2033474658ba9
37744916,2025-11-04 17:59:39.000 UTC,0x833589fcd6edb6e08f4c7c32d4f71b54bda02913,0x,0xffa4e6181777692565cf28528fc88fd1516ea86b56da075235fa575af6a4b855,0x000000000000000000000000932dbae7c0493923c2643efc52b9faadfc3109a6,,0xcdcaf9f9b5cd55b9db09e19cd4e870718c3c916e08188c288faacd6bba491cc0
37745034,2025-11-04 18:03:35.000 UTC,0x833589fcd6edb6e08f4c7c32d4f71b54bda02913,0x,0xffa4e6181777692565cf28528fc88fd1516ea86b56da075235fa575af6a4b855,0x00000000000000000000000097a582fff8b54e501f584dcd828fd1200f6f9e6b,,0x6215b0cacc2bf6de8b35452604ce7c983f8c9b9314bc07e1ae59f7a30c88c42b
37745118,2025-11-04 18:06:23.000 UTC,0x833589fcd6edb6e08f4c7c32d4f71b54bda02913,0x,0xffa4e6181777692565cf28528fc88fd1516ea86b56da075235fa575af6a4b855,0x00000000000000000000000080d658d0d767de04a4379fee4a2fdf10d9bfbf03,,0x64bc0054e136aa88ac5e908af3250f6da23ad44c1cae10bc03e9c456c7c92ab1
37745127,2025-11-04 18:06:41.000 UTC,0x833589fcd6edb6e08f4c7c32d4f71b54bda02913,0x,0xffa4e6181777692565cf28528fc88fd1516ea86b56da075235fa575af6a4b855,0x000000000000000000000000596ac03ba123b802325bf62ceff98e5608ac48e9,,0x2cd2841046a0062b0c05df89de0610d5ce2514544b426b5d3f25ff06c204d9eb
37745148,2025-11-04 18:07:23.000 UTC,0x833589fcd6edb6e08f4c7c32d4f71b54bda02913,0x,0xffa4e6181777692565cf28528fc88fd1516ea86b56da075235fa575af6a4b855,0x00000000000000000000000080865644f47925223c7e12014e9b11f0f05212bc,,0x398e4b5780401fdeba150c7c3b402e5b455ef18e907ef903e4b0b353404c8fdb
37745265,2025-11-04 18:11:17.000 UTC,0x833589fcd6edb6e08f4c7c32d4f71b54bda02913,0x,0xffa4e6181777692565cf28528fc88fd1516ea86b56da075235fa575af6a4b855,0x000000000000000000000000919d585e07ab0926832753eb43fd6fb2b8488051,,0xb86623da22e5da84671229310c93cd74e1c23f1d51ace14199d6914d5565c86b
37745291,2025-11-04 18:12:09.000 UTC,0x833589fcd6edb6e08f4c7c32d4f71b54bda02913,0x,0xffa4e6181777692565cf28528fc88fd1516ea86b56da075235fa575af6a4b855,0x000000000000000000000000a3afa16728fc3a16072a7a00ec4508fafe02a34a,,0xf344180f00a39cd6ea7e6cbb1b1e03a05b684beba4c737b69db47cd8a1b5dc51
37745358,2025-11-04 18:14:23.000 UTC,0x833589fcd6edb6e08f4c7c32d4f71b54bda02913,0x,0xffa4e6181777692565cf28528fc88fd1516ea86b56da075235fa575af6a4b855,0x000000000000000000000000ad0fd006d311c33da60c180603316a813a3f68d4,,0xc23079200750ce56b628dc02302b510b6462998e4889f0af44f5c7c831369d46
37745368,2025-11-04 18:14:43.000 UTC,0x833589fcd6edb6e08f4c7c32d4f71b54bda02913,0x,0xffa4e6181777692565cf28528fc88fd1516ea86b56da075235fa575af6a4b855,0x000000000000000000000000c5aa13f464851d92fd59f1ef6a1c719e5e6d2d4a,,0xd122e5725a0c973e94e9ea5044169db59814c66aec926b84fdeb23f0c72842b2
37745377,2025-11-04 18:15:01.000 UTC,0x833589fcd6edb6e08f4c7c32d4f71b54bda02913,0x,0xffa4e6181777692565cf28528fc88fd1516ea86b56da075235fa575af6a4b855,0x0000000000000000000000009d6350f74c811ca9e9c9adc35227a1193d5984b0,,0x36ab006d4ad1c4c446fb94a5cf9f43786be60bae905e757948a90ae7622da088
37745498,2025-11-04 18:19:03.000 UTC,0x833589fcd6edb6e08f4c7c32d4f71b54bda02913,0x,0xffa4e6181777692565cf28528fc88fd1516ea86b56da075235fa575af6a4b855,0x000000000000000000000000c19a1636cf379ce180a61946a990d743bd2ee3d1,,0x4a91b2c2fda99e0584cdc1fa57ccd7186f6a8b671d23298dda18d0bf57a5f543
37745541,2025-11-04 18:20:29.000 UTC,0x833589fcd6edb6e08f4c7c32d4f71b54bda02913,0x,0xffa4e6181777692565cf28528fc88fd1516ea86b56da075235fa575af6a4b855,0x000000000000000000000000db7ae6b7a2153fe0062be5d1d90a8be5ec8aaa50,,0xed063e80066a45c75ce2f3b3faeac3846a02e3b7da32a055c460af6aa98a5520
37745689,2025-11-04 18:25:25.000 UTC,0x833589fcd6edb6e08f4c7c32d4f71b54bda02913,0x,0xffa4e6181777692565cf28528fc88fd1516ea86b56da075235fa575af6a4b855,0x000000000000000000000000fc3def4dc3bac88f7e80d53c2499a02d65ae7e66,,0x041fb95a4fb80ca4ce79e541154fa3580ef416dc51b35f2740ce2aad36290d29
37745716,2025-11-04 18:26:19.000 UTC,0x833589fcd6edb6e08f4c7c32d4f71b54bda02913,0x,0xffa4e6181777692565cf28528fc88fd1516ea86b56da075235fa575af6a4b855,0x000000000000000000000000c014eb917fb0689844b31347c7556c18a319bbbf,,0xd0d6e696eb86a9d60978d5a83e7db03c785668c674e9aa2168a9335c3add0ff5
37745791,2025-11-04 18:28:49.000 UTC,0x833589fcd6edb6e08f4c7c32d4f71b54bda02913,0x,0xffa4e6181777692565cf28528fc88fd1516ea86b56da075235fa575af6a4b855,0x000000000000000000000000f512078e07f61a2e28081c8ea86c6056788d18b4,,0x9f7373d3a9d580f3454a40f76be790f7de9fd8c7fb913aae3a389d2643a0ecc7
37745871,2025-11-04 18:31:29.000 UTC,0x833589fcd6edb6e08f4c7c32d4f71b54bda02913,0x,0xffa4e6181777692565cf28528fc88fd1516ea86b56da075235fa575af6a4b855,0x000000000000000000000000da9809eaca62c7d52978045007f26817c425875f,,0xccd18f47cf90fbcadfad01d7a8b1e822777bdb561812cd24452cbe9dbf551b7a
37746010,2025-11-04 18:36:07.000 UTC,0x833589fcd6edb6e08f4c7c32d4f71b54bda02913,0x,0xffa4e6181777692565cf28528fc88fd1516ea86b56da075235fa575af6a4b855,0x000000000000000000000000e61c235a51cf48a554c60005d936d424d0d76397,,0x755971a3f7c75b8a8f98f79eb7c6697e8e52872cc5a5d31a6a2b726fcbbb7c50
37746044,2025-11-04 18:37:15.000 UTC,0x833589fcd6edb6e08f4c7c32d4f71b54bda02913,0x,0xffa4e6181777692565cf28528fc88fd1516ea86b56da075235fa575af6a4b855,0x000000000000000000000000c95b0eaad3ed1c1505fc9b1a50c160afe3594036,,0xe6e84be87c71b3ba718f003a985d2c1b139e142c6056b6e20db2ade725d7fb06
37746054,2025-11-04 18:37:35.000 UTC,0x833589fcd6edb6e08f4c7c32d4f71b54bda02913,0x,0xffa4e6181777692565cf28528fc88fd1516ea86b56da075235fa575af6a4b855,0x000000000000000000000000e96e4483bc3f3abfea3213cd8a094ce5b26b117c,,0x01aec8b89af009acd0cc4b83ce948c154dc2de24e9334d7b51efad0912799dd9
37746159,2025-11-04 18:41:05.000 UTC,0x833589fcd6edb6e08f4c7c32d4f71b54bda02913,0x,0xffa4e6181777692565cf28528fc88fd1516ea86b56da075235fa575af6a4b855,0x000000000000000000000000ed5324b5482a3eef2eb4263d1c386d86bfda5d4b,,0x5faf44ac25f3d186002232e121267088af5f81057af61f708cddb453af5882a3
37746266,2025-11-04 18:44:39.000 UTC,0x833589fcd6edb6e08f4c7c32d4f71b54bda02913,0x,0xffa4e6181777692565cf28528fc88fd1516ea86b56da075235fa575af6a4b855,0x000000000000000000000000d3301fc40c118a14ba8c15370e6dd3746656d287,,0xac4500fc9ea5ad61f42658d746c68f3c20210ea985e87970c2d7f81b8dd79026
37746289,2025-11-04 18:45:25.000 UTC,0x833589fcd6edb6e08f4c7c32d4f71b54bda02913,0x,0xffa4e6181777692565cf28528fc88fd1516ea86b56da075235fa575af6a4b855,0x000000000000000000000000dc2ec40485f23d6268fe9f4fde8c390051f4766a,,0x8371d9377d616bf3ac6bd0c93f7779926e4208650c0ff4254417b1974f9b851c
37746310,2025-11-04 18:46:07.000 UTC,0x833589fcd6edb6e08f4c7c32d4f71b54bda02913,0x,0xffa4e6181777692565cf28528fc88fd1516ea86b56da075235fa575af6a4b855,0x000000000000000000000000f3f338ec1c5e17ab45377e78308ace9a6338242c,,0xe56f17c13c9b0ff37c2c9948da92096fd3e3f0a0695332977478073e792d9e43
38392667,2025-11-19 17:51:21.000 UTC,0x833589fcd6edb6e08f4c7c32d4f71b54bda02913,0x,0xffa4e6181777692565cf28528fc88fd1516ea86b56da075235fa575af6a4b855,0x0000000000000000000000005d5b5dafecbf31bdb08bfd3edad4f2694372d0ef,,0x48a2416db4f7df1f6826a643968d52bdc82dc9dd9b89b6e675db27ec1cfeb4eb
38392710,2025-11-19 17:52:47.000 UTC,0x833589fcd6edb6e08f4c7c32d4f71b54bda02913,0x,0xffa4e6181777692565cf28528fc88fd1516ea86b56da075235fa575af6a4b855,0x000000000000000000000000c103b7dc095c904b92081eef0c1640081ec01c10,,0x074e505f74f696099e6d63077c87ad9e615f011fd6a2604826ccfeb707d66044
38392810,2025-11-19 17:56:07.000 UTC,0x833589fcd6edb6e08f4c7c32d4f71b54bda02913,0x,0xffa4e6181777692565cf28528fc88fd1516ea86b56da075235fa575af6a4b855,0x000000000000000000000000e1e4c5e5ed8f03ae61b581e2def126025f2b9401,,0x50194295604242f82cae265f435dca91a939249060dbfabd5547a88c7e95bc43
38392828,2025-11-19 17:56:43.000 UTC,0x833589fcd6edb6e08f4c7c32d4f71b54bda02913,0x,0xffa4e6181777692565cf28528fc88fd1516ea86b56da075235fa575af6a4b855,0x00000000000000000000000011fe0fd1a9fb17746eb9877a396ddf1b3a632838,,0xed39a55e0fafc1e1187d025fb85dc7052c79c3441048867f1a9ca846a8ddb112
38392913,2025-11-19 17:59:33.000 UTC,0x833589fcd6edb6e08f4c7c32d4f71b54bda02913,0x,0xffa4e6181777692565cf28528fc88fd1516ea86b56da075235fa575af6a4b855,0x000000000000000000000000091a964948da0f8f638c8b688e391e5a3df1a43e,,0x4e331c594f9ce83828acfe86e736aec70cc03bcf88a05078c15e1dad31fac8a5
38393045,2025-11-19 18:03:57.000 UTC,0x833589fcd6edb6e08f4c7c32d4f71b54bda02913,0x,0xffa4e6181777692565cf28528fc88fd1516ea86b56da075235fa575af6a4b855,0x000000000000000000000000d4e976441a1cad72ee5cbd2fd1b677fe7ce8afdf,,0x13019f8807f2d339de5c24a93f65c372acc8328f5c112a5c01257fbb63a8a761
38393067,2025-11-19 18:04:41.000 UTC,0x833589fcd6edb6e08f4c7c32d4f71b54bda02913,0x,0xffa4e6181777692565cf28528fc88fd1516ea86b56da075235fa575af6a4b855,0x0000000000000000000000002020b536fd363c82fc3f6ab26aeea94b4ffa1404,,0xa8daa90c0201c13d202a4bc1fef526beed00033216abdb86576b54159fcc397a
38393088,2025-11-19 18:05:23.000 UTC,0x833589fcd6edb6e08f4c7c32d4f71b54bda02913,0x,0xffa4e6181777692565cf28528fc88fd1516ea86b56da075235fa575af6a4b855,0x0000000000000000000000009227c54226014afcb588dc49818e28a3a2367557,,0x338b6d1f7a134ceec10fdd8d5ba7f9f6e7d521ca45f78c933b281eff9a5cbf61
38693243,2025-11-26 16:50:33.000 UTC,0x833589fcd6edb6e08f4c7c32d4f71b54bda02913,0x,0xffa4e6181777692565cf28528fc88fd1516ea86b56da075235fa575af6a4b855,0x00000000000000000000000066395ac274efad06bcfa78c882c9c4988833823b,,0x0c22f5f8cc2c44203f42882ce79c3a9aa8990b47fd99723a7ab9708103e312ad
38962181,2025-12-02 22:15:09.000 UTC,0x833589fcd6edb6e08f4c7c32d4f71b54bda02913,0x,0xffa4e6181777692565cf28528fc88fd1516ea86b56da075235fa575af6a4b855,0x000000000000000000000000324f99b1a09ad378d4b6372be7632105ddeeac56,,0x658b017bf7040aa310f192c28968db25dfe087e2f2176191ee45e20d8c91317c
41500912,2026-01-30 16:39:31.000 UTC,0x833589fcd6edb6e08f4c7c32d4f71b54bda02913,0x,0xffa4e6181777692565cf28528fc88fd1516ea86b56da075235fa575af6a4b855,0x000000000000000000000000bf92b14aa9fd088182178e2ebf208da946521ee5,,0x5820664d67098a6ecbf83b90460737f78a66ff4566b1c104c6fa4b94f223e097
41500939,2026-01-30 16:40:25.000 UTC,0x833589fcd6edb6e08f4c7c32d4f71b54bda02913,0x,0xffa4e6181777692565cf28528fc88fd1516ea86b56da075235fa575af6a4b855,0x0000000000000000000000002136ed3902c1d7217d9b19cf313bbb035ed9bfd7,,0xaf1f08f05a15930eefb3fce4ccd8393dc1167275f2dd7574338295cfd0f5df5f
41501034,2026-01-30 16:43:35.000 UTC,0x833589fcd6edb6e08f4c7c32d4f71b54bda02913,0x,0xffa4e6181777692565cf28528fc88fd1516ea86b56da075235fa575af6a4b855,0x000000000000000000000000783a4cc2478f1b44f37052bac72abaa3fc6f992a,,0x290286748d7d0b376e460236b376d52734e88a13b553cc22ac3ae63c5491c1af
41501045,2026-01-30 16:43:57.000 UTC,0x833589fcd6edb6e08f4c7c32d4f71b54bda02913,0x,0xffa4e6181777692565cf28528fc88fd1516ea86b56da075235fa575af6a4b855,0x0000000000000000000000004bae1c4b2167fe4ebcd6d7baac1138d943a2609f,,0x33dfbd3c4323f39ab5ae896b493f3290ed288b86fb2cbab979dd4bd771624631
41501066,2026-01-30 16:44:39.000 UTC,0x833589fcd6edb6e08f4c7c32d4f71b54bda02913,0x,0xffa4e6181777692565cf28528fc88fd1516ea86b56da075235fa575af6a4b855,0x000000000000000000000000180242dc6b95c786c2d9c397532c679a956a1d12,,0x55be2201a5dd5579823391dae771654fb36caa98bc519c31debc7b172a5a5557
41501115,2026-01-30 16:46:17.000 UTC,0x833589fcd6edb6e08f4c7c32d4f71b54bda02913,0x,0xffa4e6181777692565cf28528fc88fd1516ea86b56da075235fa575af6a4b855,0x0000000000000000000000000529ebc9ff01a4d390f91687d7c7406bf0dab24e,,0xdba06629f2d2ab632fef1c33056b8a1cfd49df9ed2df296f60e0ff542d331fbf
41501147,2026-01-30 16:47:21.000 UTC,0x833589fcd6edb6e08f4c7c32d4f71b54bda02913,0x,0xffa4e6181777692565cf28528fc88fd1516ea86b56da075235fa575af6a4b855,0x0000000000000000000000008dd586d12164a98e319607295935ee968919608e,,0x159ad3c42f973f221218ff989da08227e86f671955de019c853045ef22dfc5ad
43273357,2026-03-12 17:21:01.000 UTC,0x833589fcd6edb6e08f4c7c32d4f71b54bda02913,0x,0xffa4e6181777692565cf28528fc88fd1516ea86b56da075235fa575af6a4b855,0x000000000000000000000000b637f84b66876ebf609c2a4208905f9ddac9d075,,0xf1a26e41f5e9be032d42f449299fd7d4a9b4cff568c14b82efdb5a8e47796c3d
43273532,2026-03-12 17:26:51.000 UTC,0x833589fcd6edb6e08f4c7c32d4f71b54bda02913,0x,0xffa4e6181777692565cf28528fc88fd1516ea86b56da075235fa575af6a4b855,0x0000000000000000000000000330070fd38ec3bb94f58fa55d40368271e9e54a,,0x3b514280f7638f262ff7c50b95a6924b5e3fb23ae9011a2721dfc21af7bc3ccd
43273554,2026-03-12 17:27:35.000 UTC,0x833589fcd6edb6e08f4c7c32d4f71b54bda02913,0x,0xffa4e6181777692565cf28528fc88fd1516ea86b56da075235fa575af6a4b855,0x00000000000000000000000095584c303fcd48af5c6b9873015f2ad0ca84eae3,,0x7823120e4ad984d4e0203a7660d2f05b489de945dcd7f74dc185e8a747bf2078
43273604,2026-03-12 17:29:15.000 UTC,0x833589fcd6edb6e08f4c7c32d4f71b54bda02913,0x,0xffa4e6181777692565cf28528fc88fd1516ea86b56da075235fa575af6a4b855,0x000000000000000000000000cb74874f1e06fcf80a306e06e5379a44b488ba2d,,0x6d689841bf03c2f76178fb11037e89b9503af51e8610411f779605d25ad43074
43273770,2026-03-12 17:34:47.000 UTC,0x833589fcd6edb6e08f4c7c32d4f71b54bda02913,0x,0xffa4e6181777692565cf28528fc88fd1516ea86b56da075235fa575af6a4b855,0x0000000000000000000000009be599d7867f5e1a2d7ec6db9710df2b98a15573,,0xd05b65db2b53f6ddc7229dc6ffb2196ef9d8941fad4f064c4b77945752d35404
43273786,2026-03-12 17:35:19.000 UTC,0x833589fcd6edb6e08f4c7c32d4f71b54bda02913,0x,0xffa4e6181777692565cf28528fc88fd1516ea86b56da075235fa575af6a4b855,0x000000000000000000000000d04e33461fea8302c5e1e13895b60cee8aefda7f,,0x510cefa932502fcb8bae6fbbc0bcf0eb55e7930d97618d6d02884d7ee099cf64
43273803,2026-03-12 17:35:53.000 UTC,0x833589fcd6edb6e08f4c7c32d4f71b54bda02913,0x,0xffa4e6181777692565cf28528fc88fd1516ea86b56da075235fa575af6a4b855,0x000000000000000000000000fda1ec4a6178d4916b001a065422d31ebe5f62ff,,0x3bd9b2e0ea64d1b164f8c9dff94c96a1aafb408a79a1a566f3bc47744a4b3114
43273812,2026-03-12 17:36:11.000 UTC,0x833589fcd6edb6e08f4c7c32d4f71b54bda02913,0x,0xffa4e6181777692565cf28528fc88fd1516ea86b56da075235fa575af6a4b855,0x00000000000000000000000076ea76ca4eb727f18956ab93445a94c5280412b9,,0xb7f130c50f80e5cfe056e294e6acd9a26bcfb58eae7117ad1136af247e0e5963
43273830,2026-03-12 17:36:47.000 UTC,0x833589fcd6edb6e08f4c7c32d4f71b54bda02913,0x,0xffa4e6181777692565cf28528fc88fd1516ea86b56da075235fa575af6a4b855,0x0000000000000000000000004f47bc496083c727c5fbe3ce9cdf2b0f6496270c,,0x03d479f5ab3677689a552a6ad4bdd2d4d978493f47394dcf751915854c1d20e2
43273958,2026-03-12 17:41:03.000 UTC,0x833589fcd6edb6e08f4c7c32d4f71b54bda02913,0x,0xffa4e6181777692565cf28528fc88fd1516ea86b56da075235fa575af6a4b855,0x0000000000000000000000002ec6c5fe3d7acd8e2e6185c17d9acb136e66f3e0,,0x9dee2fdad0cb03b21b8e1c88503108328781be4c90f3b5cd1df703cd8469e79e
43274049,2026-03-12 17:44:05.000 UTC,0x833589fcd6edb6e08f4c7c32d4f71b54bda02913,0x,0xffa4e6181777692565cf28528fc88fd1516ea86b56da075235fa575af6a4b855,0x000000000000000000000000fb3eff152ea55d1bfa04dbdd509a80fd7b72cdeb,,0x17c0af896fc6c283f5ffe76c561ffa43fda0e11ae691689970dc0a46c29348cf
43274084,2026-03-12 17:45:15.000 UTC,0x833589fcd6edb6e08f4c7c32d4f71b54bda02913,0x,0xffa4e6181777692565cf28528fc88fd1516ea86b56da075235fa575af6a4b855,0x000000000000000000000000283fcf7f260da7c3c9aad91beab58882990a66eb,,0xb8455863c16f791b59a50b5026cd9d8ec87d6c6b65f3e8c0c808273a5effafca
43274097,2026-03-12 17:45:41.000 UTC,0x833589fcd6edb6e08f4c7c32d4f71b54bda02913,0x,0xffa4e6181777692565cf28528fc88fd1516ea86b56da075235fa575af6a4b855,0x000000000000000000000000fe88af78cfc99bea57f2fb708489cfc0f0b7f704,,0x4223a7adb4490a948e422456f05248643033ca51af69ef31854859dc344c97d1
43274173,2026-03-12 17:48:13.000 UTC,0x833589fcd6edb6e08f4c7c32d4f71b54bda02913,0x,0xffa4e6181777692565cf28528fc88fd1516ea86b56da075235fa575af6a4b855,0x000000000000000000000000747afb5c7a7fc34b547cd0fdebf9b91759c5a52b,,0x4bebb28a300eea7ac84584f1d34b3a5ea820e7827d097add8f96ac5ee5d54707
43274220,2026-03-12 17:49:47.000 UTC,0x833589fcd6edb6e08f4c7c32d4f71b54bda02913,0x,0xffa4e6181777692565cf28528fc88fd1516ea86b56da075235fa575af6a4b855,0x0000000000000000000000008d55c4306745f05a31af596c6bfa19374073e797,,0x059a006db0d2f62ce4f2a08bd84fa14e8a7f0573c3a75d99ee387c208545c100
43274237,2026-03-12 17:50:21.000 UTC,0x833589fcd6edb6e08f4c7c32d4f71b54bda02913,0x,0xffa4e6181777692565cf28528fc88fd1516ea86b56da075235fa575af6a4b855,0x000000000000000000000000ee61f0eeee09eed3583baab61fa2e64b96207478,,0xd2d797d912e8e7a72f58741aa514c7006ac3f994425a96b4d92fb5626406edef
43274314,2026-03-12 17:52:55.000 UTC,0x833589fcd6edb6e08f4c7c32d4f71b54bda02913,0x,0xffa4e6181777692565cf28528fc88fd1516ea86b56da075235fa575af6a4b855,0x0000000000000000000000009145fc390e71e3b56da4bfe51460cbdbb1a8a3f9,,0xeb5de49071d6a24fd3e114e0dd559cf5ac67ce77d41d72f036280195196f0c25
43274350,2026-03-12 17:54:07.000 UTC,0x833589fcd6edb6e08f4c7c32d4f71b54bda02913,0x,0xffa4e6181777692565cf28528fc88fd1516ea86b56da075235fa575af6a4b855,0x00000000000000000000000088ef69134150f35b1e91fa2d8bfbb44ba2c51e62,,0xf6b11fd0c7a0b7ddae2ee48848fbe4acf935d99aa00aa63d0ac0bf4807fa9135
43274366,2026-03-12 17:54:39.000 UTC,0x833589fcd6edb6e08f4c7c32d4f71b54bda02913,0x,0xffa4e6181777692565cf28528fc88fd1516ea86b56da075235fa575af6a4b855,0x00000000000000000000000047df0606a84a52763887d7aa280cc4f068326b16,,0xb717a7be84c1d37c0f9b188f1da2da220b146e4801ee6d238a284d1d0237d961
43274378,2026-03-12 17:55:03.000 UTC,0x833589fcd6edb6e08f4c7c32d4f71b54bda02913,0x,0xffa4e6181777692565cf28528fc88fd1516ea86b56da075235fa575af6a4b855,0x000000000000000000000000f8bc582628cd0c721b554161a1cb59ea003742c0,,0xd0446fdb9533cc6a15323f5f6649ac8e510686dfa92bf5a798ebea8c56edcca4
43274379,2026-03-12 17:55:05.000 UTC,0x833589fcd6edb6e08f4c7c32d4f71b54bda02913,0x,0xffa4e6181777692565cf28528fc88fd1516ea86b56da075235fa575af6a4b855,0x0000000000000000000000006315bdc714ebb7a08e5ec10f351b6ca61d052bee,,0xd88e94f46c45897e7cb53af8baa57bd6cbed50e3aafee2b437d5c73aa57cb0c4
44115221,2026-04-01 05:03:09.000 UTC,0x833589fcd6edb6e08f4c7c32d4f71b54bda02913,0x,0xffa4e6181777692565cf28528fc88fd1516ea86b56da075235fa575af6a4b855,0x000000000000000000000000dcf282000dfd0f5c04c41b258c452748e7d2ad97,,0xf1a4d53b82c1846fa3cb6d57dcebae376273618ef6d32fdc91c56576e55ed9e2
45133056,2026-04-24 18:30:59.000 UTC,0x833589fcd6edb6e08f4c7c32d4f71b54bda02913,0x,0xffa4e6181777692565cf28528fc88fd1516ea86b56da075235fa575af6a4b855,0x0000000000000000000000008be1904f7e8d196ef670835e2893be5f75c1e63e,,0x68d12cce55e58894d69398a5785e96331ee96ba139a5d703b952f282216f60e0
45133157,2026-04-24 18:34:21.000 UTC,0x833589fcd6edb6e08f4c7c32d4f71b54bda02913,0x,0xffa4e6181777692565cf28528fc88fd1516ea86b56da075235fa575af6a4b855,0x000000000000000000000000c29c4df7111a39030a037a3abc8dc68c8d1d8ceb,,0x9e42fab7d662f913be9c3bd418807d2decc77c267e598690438972143d303118
45995642,2026-05-14 17:43:51.000 UTC,0x833589fcd6edb6e08f4c7c32d4f71b54bda02913,0x,0xffa4e6181777692565cf28528fc88fd1516ea86b56da075235fa575af6a4b855,0x000000000000000000000000591e996b404d90435dedb949c82894c842e54851,,0x694f177d8eb7dd7e0ac682556bd416c329e3175cde58017f75503027445f2a06
46250543,2026-05-20 15:20:33.000 UTC,0x833589fcd6edb6e08f4c7c32d4f71b54bda02913,0x,0xffa4e6181777692565cf28528fc88fd1516ea86b56da075235fa575af6a4b855,0x000000000000000000000000038989cbb1710c72b9920dc4fa529158f463e72c,,0x965c40835abb8d01e07aeb9cd44bcf3c43f7a1a986be1d6af5181016f0578ac6
46250605,2026-05-20 15:22:37.000 UTC,0x833589fcd6edb6e08f4c7c32d4f71b54bda02913,0x,0xffa4e6181777692565cf28528fc88fd1516ea86b56da075235fa575af6a4b855,0x00000000000000000000000014779cec0b117d5194c750c55ea1f42086631964,,0xaa557b989d362acca775aa18a9e554d5094050962bcdb5a9bc20912721bdf92e
46250691,2026-05-20 15:25:29.000 UTC,0x833589fcd6edb6e08f4c7c32d4f71b54bda02913,0x,0xffa4e6181777692565cf28528fc88fd1516ea86b56da075235fa575af6a4b855,0x00000000000000000000000032da24ca413f3e7b53145d4737e172c3bdf81e3e,,0xdc4c430f3abd1121963f49910ea39ecc07ac954459be8d167d9b24ed60672df8
46250733,2026-05-20 15:26:53.000 UTC,0x833589fcd6edb6e08f4c7c32d4f71b54bda02913,0x,0xffa4e6181777692565cf28528fc88fd1516ea86b56da075235fa575af6a4b855,0x0000000000000000000000004f428c11dc82388fa5136d636e613ad923eb700b,,0x7445d610b66d63443820bcb23e0c3aafe25203a560265b6801ab3e364302895f
46250848,2026-05-20 15:30:43.000 UTC,0x833589fcd6edb6e08f4c7c32d4f71b54bda02913,0x,0xffa4e6181777692565cf28528fc88fd1516ea86b56da075235fa575af6a4b855,0x000000000000000000000000ac4cc4b68ea24bbfaac8fd127b67ed445accce22,,0x7df5507ec2d7594ec1fc0de74b0729d1ee66639cde6250f9a44efd0fe0c05ac7
46250871,2026-05-20 15:31:29.000 UTC,0x833589fcd6edb6e08f4c7c32d4f71b54bda02913,0x,0xffa4e6181777692565cf28528fc88fd1516ea86b56da075235fa575af6a4b855,0x000000000000000000000000f2235d55b2950a0b1317469d72d07ae65b2e27cb,,0xec0b3675cb6a1373d21598c6cb210bf41fc4304eb68df1c1ef93dc0a906a8261
46509581,2026-05-26 15:15:09.000 UTC,0x833589fcd6edb6e08f4c7c32d4f71b54bda02913,0x,0xffa4e6181777692565cf28528fc88fd1516ea86b56da075235fa575af6a4b855,0x00000000000000000000000061427bf615ef615cae4314ca4fe16d5142217443,,0xabfe245aad26e9e022b2a4d1f49a6a59d640bb6dc2107d39928737238e890a17
46509659,2026-05-26 15:17:45.000 UTC,0x833589fcd6edb6e08f4c7c32d4f71b54bda02913,0x,0xffa4e6181777692565cf28528fc88fd1516ea86b56da075235fa575af6a4b855,0x000000000000000000000000d6ff9ba2aa8a3afd1e3d4a133449b9142ce52df5,,0x0ccc49e73f168008f17044071c664503287025b1e96e8efd1457c4b5c30ae907
46509701,2026-05-26 15:19:09.000 UTC,0x833589fcd6edb6e08f4c7c32d4f71b54bda02913,0x,0xffa4e6181777692565cf28528fc88fd1516ea86b56da075235fa575af6a4b855,0x0000000000000000000000001ac8d4e4d1418a66f5891de2519693c797a2683b,,0x83926041a40e650ea5f9276453ab39f8202add01ead955396c302f938e39c78f
47681153,2026-06-22 18:07:33.000 UTC,0x833589fcd6edb6e08f4c7c32d4f71b54bda02913,0x,0xffa4e6181777692565cf28528fc88fd1516ea86b56da075235fa575af6a4b855,0x000000000000000000000000110cb5c5089fc35ba0deb718a291dd64f6d1bec8,,0xc06f4347f5d31f90ada52c9ddfc06446114cdf810da7ad6a9ed6f5631e1631fd
47681214,2026-06-22 18:09:35.000 UTC,0x833589fcd6edb6e08f4c7c32d4f71b54bda02913,0x,0xffa4e6181777692565cf28528fc88fd1516ea86b56da075235fa575af6a4b855,0x0000000000000000000000002408302c960af24d6df5dee325b59ac59b2e55ce,,0xaeade30f196dac5be3503a2a20b1008d1014b9999b1b95138b4fb6774eccb5c0
48064737,2026-07-01 15:13:41.000 UTC,0x833589fcd6edb6e08f4c7c32d4f71b54bda02913,0x,0xffa4e6181777692565cf28528fc88fd1516ea86b56da075235fa575af6a4b855,0x000000000000000000000000ce9f3bc87000393f625088ed40280a74682396cf,,0x7e5bc0b487809156d301f5abac9739a249cf2ca9d94687843112439fa413c637
48064801,2026-07-01 15:15:49.000 UTC,0x833589fcd6edb6e08f4c7c32d4f71b54bda02913,0x,0xffa4e6181777692565cf28528fc88fd1516ea86b56da075235fa575af6a4b855,0x0000000000000000000000001508e3c339f9e916595bfa6ea169aee265acf90c,,0x025a269dd815d4a768f5ee301ff78b971f44990edae2ad2a6b67001848bea22b
48064929,2026-07-01 15:20:05.000 UTC,0x833589fcd6edb6e08f4c7c32d4f71b54bda02913,0x,0xffa4e6181777692565cf28528fc88fd1516ea86b56da075235fa575af6a4b855,0x000000000000000000000000c44b0630645bdf681c775df334cbd7530da813fa,,0x2fe9af510c1deca4df645c8021d07ab3c7817d1f1a200cfc4220aa1881a25e2d
48064977,2026-07-01 15:21:41.000 UTC,0x833589fcd6edb6e08f4c7c32d4f71b54bda02913,0x,0xffa4e6181777692565cf28528fc88fd1516ea86b56da075235fa575af6a4b855,0x000000000000000000000000da916a1c12989829fb02a0241a7e70b5a1a4e905,,0xd668e631ed861b0e16cd1fe8f18bde0cb4a4a6acecf808c7fdc905f9316b5cd3
48065064,2026-07-01 15:24:35.000 UTC,0x833589fcd6edb6e08f4c7c32d4f71b54bda02913,0x,0xffa4e6181777692565cf28528fc88fd1516ea86b56da075235fa575af6a4b855,0x0000000000000000000000001f6aa4cd73fe9faf58727800b075d43caa106d46,,0x8fdbd63a3c4822a123b3c290311daba36ad2880903fb15c5f9b5ba32287603ad
48065106,2026-07-01 15:25:59.000 UTC,0x833589fcd6edb6e08f4c7c32d4f71b54bda02913,0x,0xffa4e6181777692565cf28528fc88fd1516ea86b56da075235fa575af6a4b855,0x000000000000000000000000b654159bc14f208000ec9e0ad287b321c7a3bf5c,,0x11faf5b3fbefc09e22137bc74d932f15c7f7c605713510fd7929e20870a1f53f
48065271,2026-07-01 15:31:29.000 UTC,0x833589fcd6edb6e08f4c7c32d4f71b54bda02913,0x,0xffa4e6181777692565cf28528fc88fd1516ea86b56da075235fa575af6a4b855,0x0000000000000000000000009b571ef4731f0c8539a629cc4c44fa4fd280c10d,,0x71facc8b3b0541f5d148dfb368ebe416e2528a372b3281bbb7584b9b5c0e4ab4
48065341,2026-07-01 15:33:49.000 UTC,0x833589fcd6edb6e08f4c7c32d4f71b54bda02913,0x,0xffa4e6181777692565cf28528fc88fd1516ea86b56da075235fa575af6a4b855,0x000000000000000000000000d67bb799b7d2dded7dd85802c5a6affec1108b94,,0x42a8423d0adf5f1aa637009296f26411de09cdc4bfb21786028ff553fe7a4a46
48065346,2026-07-01 15:33:59.000 UTC,0x833589fcd6edb6e08f4c7c32d4f71b54bda02913,0x,0xffa4e6181777692565cf28528fc88fd1516ea86b56da075235fa575af6a4b855,0x000000000000000000000000e6e1d9098b08fff5f8b3e27a02d4dca8ffcdf0a9,,0xa98795ede850e47da04808eb376a0fcdd33d2dd62225a9bd6a39d222f1dbbf8e
48065372,2026-07-01 15:34:51.000 UTC,0x833589fcd6edb6e08f4c7c32d4f71b54bda02913,0x,0xffa4e6181777692565cf28528fc88fd1516ea86b56da075235fa575af6a4b855,0x000000000000000000000000e2b0c8cd5516cf733013712408add325081225ca,,0x9cdf8cc4f237ea8c23a5c50ac26aa863631275b548e3811bac5e6c640684c1ab
48065441,2026-07-01 15:37:09.000 UTC,0x833589fcd6edb6e08f4c7c32d4f71b54bda02913,0x,0xffa4e6181777692565cf28528fc88fd1516ea86b56da075235fa575af6a4b855,0x000000000000000000000000cd211408b46bdbf03abb2eac205a01ceb1d86288,,0x8d8bbe054e757487f3d2e51cb950bb0be4155a3d5e6521f459e87c2397d14a23
48065552,2026-07-01 15:40:51.000 UTC,0x833589fcd6edb6e08f4c7c32d4f71b54bda02913,0x,0xffa4e6181777692565cf28528fc88fd1516ea86b56da075235fa575af6a4b855,0x000000000000000000000000b4a69b8228c1621eb22d9c6f1ef33926616f8218,,0xdd8efcdd431dde50888aaed39b4255709bea971e79f9925ffb4dd43d32175bb3
48065570,2026-07-01 15:41:27.000 UTC,0x833589fcd6edb6e08f4c7c32d4f71b54bda02913,0x,0xffa4e6181777692565cf28528fc88fd1516ea86b56da075235fa575af6a4b855,0x00000000000000000000000018db649c1400f3dfbbf71b8b99419edcb12a0947,,0x6e04eaf1d2213273d62f47887d309842224c360b6c9ee8cc70018837f7605ebf
48065696,2026-07-01 15:45:39.000 UTC,0x833589fcd6edb6e08f4c7c32d4f71b54bda02913,0x,0xffa4e6181777692565cf28528fc88fd1516ea86b56da075235fa575af6a4b855,0x000000000000000000000000203b0053ccb42ca09357dde941d251d888ec1044,,0x4505f00eea71a2934d5d224426122d590889a5c100d1d6ffb66a3d8b30ebdf58
48065698,2026-07-01 15:45:43.000 UTC,0x833589fcd6edb6e08f4c7c32d4f71b54bda02913,0x,0xffa4e6181777692565cf28528fc88fd1516ea86b56da075235fa575af6a4b855,0x0000000000000000000000001e6983848eca149f9fc68b0a1616a1c4f62945aa,,0x8c55796806b683b5ad68bd8a6d317d6747b869481276e621188080aa9143484f
48065724,2026-07-01 15:46:35.000 UTC,0x833589fcd6edb6e08f4c7c32d4f71b54bda02913,0x,0xffa4e6181777692565cf28528fc88fd1516ea86b56da075235fa575af6a4b855,0x0000000000000000000000000eaea039d805c9600de19d5a9aa6daf4d51979ed,,0xed1b9f2461a9051a9bd8835b59d754e6fc10ab0b0dfb18e613dc34966a88c4a9
48065745,2026-07-01 15:47:17.000 UTC,0x833589fcd6edb6e08f4c7c32d4f71b54bda02913,0x,0xffa4e6181777692565cf28528fc88fd1516ea86b56da075235fa575af6a4b855,0x000000000000000000000000d1d1443c710b2f295f72ef3bc8be04a28be3e0db,,0xdd4ad7743b2201d7ffa41ca689b80ac17d0da1d09e38ead2664fd2cdce402720
48065751,2026-07-01 15:47:29.000 UTC,0x833589fcd6edb6e08f4c7c32d4f71b54bda02913,0x,0xffa4e6181777692565cf28528fc88fd1516ea86b56da075235fa575af6a4b855,0x000000000000000000000000545fd777d462df0acc99a188f2532a962e00df74,,0xd3173f38198a57d6f26ee775f82c21d3a321f701e4d16a91179c4620dec8cc51
48065787,2026-07-01 15:48:41.000 UTC,0x833589fcd6edb6e08f4c7c32d4f71b54bda02913,0x,0xffa4e6181777692565cf28528fc88fd1516ea86b56da075235fa575af6a4b855,0x0000000000000000000000009789e42918dec6442a155fd2ba064d05d6db0ed2,,0x5dc9bcfb7283d853eac44a3cf41d5402a62c4bafd1038ab45ea797028286ffcb
48065814,2026-07-01 15:49:35.000 UTC,0x833589fcd6edb6e08f4c7c32d4f71b54bda02913,0x,0xffa4e6181777692565cf28528fc88fd1516ea86b56da075235fa575af6a4b855,0x000000000000000000000000e9d48628d685e121f48181616c71f88ec4020bf9,,0x6e2bbbec4696ccdebd326aac61d290bd8215f0d828d0c373ff7d7b0dfda152a7
48065859,2026-07-01 15:51:05.000 UTC,0x833589fcd6edb6e08f4c7c32d4f71b54bda02913,0x,0xffa4e6181777692565cf28528fc88fd1516ea86b56da075235fa575af6a4b855,0x000000000000000000000000b2880d55b128cfa10cc32411e2311f59500e130b,,0x4e02d6203e3a2abd5cd8a63aa128bd05e4a04d6d5bbfc255a9dbfa904b779c5b
48065935,2026-07-01 15:53:37.000 UTC,0x833589fcd6edb6e08f4c7c32d4f71b54bda02913,0x,0xffa4e6181777692565cf28528fc88fd1516ea86b56da075235fa575af6a4b855,0x0000000000000000000000006ee2a4ab3befdcfcd8c0844e853491f08971d899,,0x01cf99f9460763ee9703d315eb961059ae7956f516ec28e408b981c040e9c466
48065956,2026-07-01 15:54:19.000 UTC,0x833589fcd6edb6e08f4c7c32d4f71b54bda02913,0x,0xffa4e6181777692565cf28528fc88fd1516ea86b56da075235fa575af6a4b855,0x000000000000000000000000c73da1e718a4fbd1ce023d412ab34433922fba58,,0x5969bb4784542f44f681d8e427de4c3b22670dc1b25f35667a26ce0a717bf132
48066159,2026-07-01 16:01:05.000 UTC,0x833589fcd6edb6e08f4c7c32d4f71b54bda02913,0x,0xffa4e6181777692565cf28528fc88fd1516ea86b56da075235fa575af6a4b855,0x000000000000000000000000d68022dc9dde9c9e1a613a1fb04a1de5758b563e,,0x894fa618741afed8c2d3d4757a8e7858438a4dcb12dcafe3af756e6c188721cd
48066260,2026-07-01 16:04:27.000 UTC,0x833589fcd6edb6e08f4c7c32d4f71b54bda02913,0x,0xffa4e6181777692565cf28528fc88fd1516ea86b56da075235fa575af6a4b855,0x00000000000000000000000084be9d8d09cb26f31bb37771ecb06ebdd91101f9,,0xf6430b82a69c9880b632407e559242f5ebf4972610cbdc5893de2c44b72cb94c
48066320,2026-07-01 16:06:27.000 UTC,0x833589fcd6edb6e08f4c7c32d4f71b54bda02913,0x,0xffa4e6181777692565cf28528fc88fd1516ea86b56da075235fa575af6a4b855,0x000000000000000000000000b0fc46592a0795a23df08b2b25e953a5461805fb,,0x8c8c888c4dc97de1e698184a1a23f35742c38ad0482ded2919ccb1ac2ee27a91
48066422,2026-07-01 16:09:51.000 UTC,0x833589fcd6edb6e08f4c7c32d4f71b54bda02913,0x,0xffa4e6181777692565cf28528fc88fd1516ea86b56da075235fa575af6a4b855,0x0000000000000000000000002bbf8e01ef1349da89eb6d423a217582430e6dbc,,0xf4e8dc88420c0ef7f0a121cbb4369947929c03f79cfab602e1e641b82052b4de
48066427,2026-07-01 16:10:01.000 UTC,0x833589fcd6edb6e08f4c7c32d4f71b54bda02913,0x,0xffa4e6181777692565cf28528fc88fd1516ea86b56da075235fa575af6a4b855,0x000000000000000000000000c4b13cf26d06bd15db5b8efe9553710b9aae8acd,,0x2dfc03d997f93e8166462ab7e7cd6bb0a92607d62ada20c114a9282d1988513e
48066453,2026-07-01 16:10:53.000 UTC,0x833589fcd6edb6e08f4c7c32d4f71b54bda02913,0x,0xffa4e6181777692565cf28528fc88fd1516ea86b56da075235fa575af6a4b855,0x0000000000000000000000002277d63319a5d529c0ffecf1d4d93343713d9802,,0xe80b31681a6bc35e9c17b628c98b3cb551b2b03c38ecf75e3e1774931f280790
48066490,2026-07-01 16:12:07.000 UTC,0x833589fcd6edb6e08f4c7c32d4f71b54bda02913,0x,0xffa4e6181777692565cf28528fc88fd1516ea86b56da075235fa575af6a4b855,0x0000000000000000000000002fbe2388dca7d240ebc72617fb2dd5890fea4dd2,,0xe7e9dc7b2d7446a0449e2a14a4d30e73df6ee9c95d9d408bdb65780b5702dbe6
48066500,2026-07-01 16:12:27.000 UTC,0x833589fcd6edb6e08f4c7c32d4f71b54bda02913,0x,0xffa4e6181777692565cf28528fc88fd1516ea86b56da075235fa575af6a4b855,0x000000000000000000000000dd6184d750a5610e1094cc5b02a8ec1c7dc14be2,,0x9e8329ee67364f39cb012964688fe875fe6429cc355041c5a3e07512816392da
48066527,2026-07-01 16:13:21.000 UTC,0x833589fcd6edb6e08f4c7c32d4f71b54bda02913,0x,0xffa4e6181777692565cf28528fc88fd1516ea86b56da075235fa575af6a4b855,0x000000000000000000000000ef7c470bbcdd524c299304627180d6074ccbfdfd,,0x5956cd887455051b4280216329c88d0295836f2dc3bfc9a2e6fb631a0eaef65c
48066577,2026-07-01 16:15:01.000 UTC,0x833589fcd6edb6e08f4c7c32d4f71b54bda02913,0x,0xffa4e6181777692565cf28528fc88fd1516ea86b56da075235fa575af6a4b855,0x000000000000000000000000e5b46834ab6831f5d27c72237da310fef4552911,,0xbdc933e7c8a363548280c97e3e5459328fa19ae9f38c8a1d3ccd9ea2385b7d9a
48066629,2026-07-01 16:16:45.000 UTC,0x833589fcd6edb6e08f4c7c32d4f71b54bda02913,0x,0xffa4e6181777692565cf28528fc88fd1516ea86b56da075235fa575af6a4b855,0x000000000000000000000000d82ffef8cb4f0f6a56fc2dd275879985307d1d3a,,0x7f3d07ef3231599043d69dde49907bd5b8a6a7ae536526b2240be2bab7a9f5f3
48066700,2026-07-01 16:19:07.000 UTC,0x833589fcd6edb6e08f4c7c32d4f71b54bda02913,0x,0xffa4e6181777692565cf28528fc88fd1516ea86b56da075235fa575af6a4b855,0x000000000000000000000000160ad9cb8202fe697e5b0991b65032787ce23dff,,0x918e1ae55afbfdb4cab4f3dcc63317c86769d1344546fbb147a5929c5aa33387
48066708,2026-07-01 16:19:23.000 UTC,0x833589fcd6edb6e08f4c7c32d4f71b54bda02913,0x,0xffa4e6181777692565cf28528fc88fd1516ea86b56da075235fa575af6a4b855,0x00000000000000000000000035ecfdb165bbc06d2cc19af466465c7ac9c3f7eb,,0x31edfbe90c8075ce91fc544706cbe3412ff40c1597c96ca2c8f2e9f5a8625458
48066762,2026-07-01 16:21:11.000 UTC,0x833589fcd6edb6e08f4c7c32d4f71b54bda02913,0x,0xffa4e6181777692565cf28528fc88fd1516ea86b56da075235fa575af6a4b855,0x0000000000000000000000008c5a5d9b5bd20cea93295e0f12909d6ebf2f1989,,0x83fbe7980ff003f9b11e600525d05b6825e4935c33e085eb8a68d65b6fb35697
48066842,2026-07-01 16:23:51.000 UTC,0x833589fcd6edb6e08f4c7c32d4f71b54bda02913,0x,0xffa4e6181777692565cf28528fc88fd1516ea86b56da075235fa575af6a4b855,0x000000000000000000000000f37ffa0e4829aa159af625c48276c4e632f4400c,,0xf5a90e449aafb9110eab138bb81ff7e350068114fa29d9e40a26f161911576ab
48066855,2026-07-01 16:24:17.000 UTC,0x833589fcd6edb6e08f4c7c32d4f71b54bda02913,0x,0xffa4e6181777692565cf28528fc88fd1516ea86b56da075235fa575af6a4b855,0x0000000000000000000000000ede87dc2bf535ebc2682340dfc33cc50363bc2b,,0xae970764b5f70f7fc5e29e1b41eb4bb7e9550e0f64d0269c6bb2df986f9190c3
48066897,2026-07-01 16:25:41.000 UTC,0x833589fcd6edb6e08f4c7c32d4f71b54bda02913,0x,0xffa4e6181777692565cf28528fc88fd1516ea86b56da075235fa575af6a4b855,0x0000000000000000000000008960c337bb1bc8618e8c022277ca0d34d26ce06c,,0x91398aa0f8c71e53e0ee282cac3ee1589f58a08981c9199a6d23685a1d88c411
48066934,2026-07-01 16:26:55.000 UTC,0x833589fcd6edb6e08f4c7c32d4f71b54bda02913,0x,0xffa4e6181777692565cf28528fc88fd1516ea86b56da075235fa575af6a4b855,0x00000000000000000000000030c7c36cb08138b620bc21611e18264c6a222583,,0xb7c25a889a2ef381291ccfc1ddde4be409911b71edf14d0ac8c0a56d1e1cc11b
48067004,2026-07-01 16:29:15.000 UTC,0x833589fcd6edb6e08f4c7c32d4f71b54bda02913,0x,0xffa4e6181777692565cf28528fc88fd1516ea86b56da075235fa575af6a4b855,0x00000000000000000000000045e8fcd87cefd8f53a1775c9781f50e8ca7e8b62,,0xcdc796fc88c0cfec693c25ba628dd6a83e273ca6d6edb121c588277c42cc546c
48067051,2026-07-01 16:30:49.000 UTC,0x833589fcd6edb6e08f4c7c32d4f71b54bda02913,0x,0xffa4e6181777692565cf28528fc88fd1516ea86b56da075235fa575af6a4b855,0x00000000000000000000000097248ad2ee8453b901c646bddc256e4dca165452,,0x0dbb6e3bd8672c1c22ab6062e212ce4fb1d1bc7bae4efa87df680f36426683a7
48067164,2026-07-01 16:34:35.000 UTC,0x833589fcd6edb6e08f4c7c32d4f71b54bda02913,0x,0xffa4e6181777692565cf28528fc88fd1516ea86b56da075235fa575af6a4b855,0x00000000000000000000000075fd59164d2af087af5a90f7e1b7c3d05de93dee,,0xd6ce0f262620d5ab9ebae300e69a178c80a4d0a53b156819663ca9be440ae285
48067210,2026-07-01 16:36:07.000 UTC,0x833589fcd6edb6e08f4c7c32d4f71b54bda02913,0x,0xffa4e6181777692565cf28528fc88fd1516ea86b56da075235fa575af6a4b855,0x0000000000000000000000002606d9411d6a4cab5b9e0bbd3cdef05f3f35854e,,0x5c9349b6ecadfa2853360da5362e14d23adca25ca4148531d45e17e403b250d6
48067267,2026-07-01 16:38:01.000 UTC,0x833589fcd6edb6e08f4c7c32d4f71b54bda02913,0x,0xffa4e6181777692565cf28528fc88fd1516ea86b56da075235fa575af6a4b855,0x0000000000000000000000006440312463c98262b0768ac4f8e7232fb58caced,,0xeaf6670cdc4b2820257a3ec830ca3fa0a78c63cab118df75e81243f0432b1716
48067291,2026-07-01 16:38:49.000 UTC,0x833589fcd6edb6e08f4c7c32d4f71b54bda02913,0x,0xffa4e6181777692565cf28528fc88fd1516ea86b56da075235fa575af6a4b855,0x0000000000000000000000007db839f22e388b5c427ef1ae4f1fe558012904bf,,0xc4d4b207e9e4be1db74199c3db8a724236cc0aaa265c8cfc1a5f014481584602
48067336,2026-07-01 16:40:19.000 UTC,0x833589fcd6edb6e08f4c7c32d4f71b54bda02913,0x,0xffa4e6181777692565cf28528fc88fd1516ea86b56da075235fa575af6a4b855,0x000000000000000000000000ad5c8f4ba4bb0b94feb63e97bb821f808d44507b,,0x628ba150b7bb339cb50eaff4e346a23139bd50810866eb68cdeb6f00400b56f7
48067416,2026-07-01 16:42:59.000 UTC,0x833589fcd6edb6e08f4c7c32d4f71b54bda02913,0x,0xffa4e6181777692565cf28528fc88fd1516ea86b56da075235fa575af6a4b855,0x0000000000000000000000000a9f2460bd9357ebc0e24654b83d43d701560500,,0x1f2f9cb901b7a20f59f832894e9bd124759286483b817d77c62d4c87bcca7a7e
48067446,2026-07-01 16:43:59.000 UTC,0x833589fcd6edb6e08f4c7c32d4f71b54bda02913,0x,0xffa4e6181777692565cf28528fc88fd1516ea86b56da075235fa575af6a4b855,0x000000000000000000000000464da77310220c0c1596f8339129907b16cd896f,,0x786d7019703f4d0cd0fc199f6be1110feae7aace134868ec10f62b27ce6c144a
48067549,2026-07-01 16:47:25.000 UTC,0x833589fcd6edb6e08f4c7c32d4f71b54bda02913,0x,0xffa4e6181777692565cf28528fc88fd1516ea86b56da075235fa575af6a4b855,0x000000000000000000000000f72202e113a400891e8f91e1fec0c1cc9065d735,,0xe4189e9eeae0c11e2805c2de5fa4ff40ddb8137523ec1fd935f7a8c25f769965
48067599,2026-07-01 16:49:05.000 UTC,0x833589fcd6edb6e08f4c7c32d4f71b54bda02913,0x,0xffa4e6181777692565cf28528fc88fd1516ea86b56da075235fa575af6a4b855,0x00000000000000000000000000e0c79525c9f846ee27f8ecf3dcfebb3a335dc7,,0x2a5191fec5bc344c2c87bf8bd005ff3fe77eeb9427d3ecb9eaf25c995e490a3f
48067791,2026-07-01 16:55:29.000 UTC,0x833589fcd6edb6e08f4c7c32d4f71b54bda02913,0x,0xffa4e6181777692565cf28528fc88fd1516ea86b56da075235fa575af6a4b855,0x00000000000000000000000028facff64babe25658bb4635af41aaa019f9deee,,0x7408c98917c55ca83f92847e723f1b1bf9d24747564e17dfe55c224cc0081b8f
48067793,2026-07-01 16:55:33.000 UTC,0x833589fcd6edb6e08f4c7c32d4f71b54bda02913,0x,0xffa4e6181777692565cf28528fc88fd1516ea86b56da075235fa575af6a4b855,0x0000000000000000000000002d415662ce7ddd1e89c4bbf8f527f7e06811248e,,0x240586d821e8bd36152ed45cc2224d0fe2b915b9412d035167e40fd50c255cc6
48067825,2026-07-01 16:56:37.000 UTC,0x833589fcd6edb6e08f4c7c32d4f71b54bda02913,0x,0xffa4e6181777692565cf28528fc88fd1516ea86b56da075235fa575af6a4b855,0x0000000000000000000000000b57cde36e6e0c31a10442076dfd03ff8038507d,,0x3f9a98fe1e98e8197c8510991afa098fa3231724e228b094be805fdcb166689f
48067861,2026-07-01 16:57:49.000 UTC,0x833589fcd6edb6e08f4c7c32d4f71b54bda02913,0x,0xffa4e6181777692565cf28528fc88fd1516ea86b56da075235fa575af6a4b855,0x000000000000000000000000e646c85afde30e55d7196612efd37e5b058e9717,,0xde233481be58efca5a4f0065f17eb83109999466eafeda3e7861cc4e56adfb6a
48068001,2026-07-01 17:02:29.000 UTC,0x833589fcd6edb6e08f4c7c32d4f71b54bda02913,0x,0xffa4e6181777692565cf28528fc88fd1516ea86b56da075235fa575af6a4b855,0x0000000000000000000000001c165affe280c786303cce84f1eda9957de87779,,0x65786a4dc99ab7b0be73e006d2a36f23abf364df128006d12d0173710945f418
48068083,2026-07-01 17:05:13.000 UTC,0x833589fcd6edb6e08f4c7c32d4f71b54bda02913,0x,0xffa4e6181777692565cf28528fc88fd1516ea86b56da075235fa575af6a4b855,0x000000000000000000000000d1b4671abd7c3db9f5d99b98918ebf8cbd41ea33,,0x99d3c82b8fd990251c4202cfdb31de1070d55d5eee09c1f305c374e1af191542
48068206,2026-07-01 17:09:19.000 UTC,0x833589fcd6edb6e08f4c7c32d4f71b54bda02913,0x,0xffa4e6181777692565cf28528fc88fd1516ea86b56da075235fa575af6a4b855,0x000000000000000000000000dd8cf42ff365caebbed4f48190ca79286b0e66c7,,0x484db031bbcfb5bccd0eb6d9b24b6a1b716293ea37b79e556eea37cc3758f5e5
48068238,2026-07-01 17:10:23.000 UTC,0x833589fcd6edb6e08f4c7c32d4f71b54bda02913,0x,0xffa4e6181777692565cf28528fc88fd1516ea86b56da075235fa575af6a4b855,0x0000000000000000000000000b1da2038535de65831e81f6fdc40f40b222e2b1,,0x7ec47fde764ac34b9d79617b7f2b90546cb6a6aa51e567345453c926ea69eee5
48068255,2026-07-01 17:10:57.000 UTC,0x833589fcd6edb6e08f4c7c32d4f71b54bda02913,0x,0xffa4e6181777692565cf28528fc88fd1516ea86b56da075235fa575af6a4b855,0x0000000000000000000000005b05ac96e74161c8edffb7e6368df33b4167583a,,0x0a8f71eff4019de4d474802bb2f1577ebd53cd7b2af597b1ec72b1ee635b9d8a
48068287,2026-07-01 17:12:01.000 UTC,0x833589fcd6edb6e08f4c7c32d4f71b54bda02913,0x,0xffa4e6181777692565cf28528fc88fd1516ea86b56da075235fa575af6a4b855,0x000000000000000000000000a112c8cb691f58754269ce81c73a9dc92e63159f,,0xe0b7706044754c0ca16e56f7dcf375412dc87dd83b9f137fdaefe3963eb19528
48068416,2026-07-01 17:16:19.000 UTC,0x833589fcd6edb6e08f4c7c32d4f71b54bda02913,0x,0xffa4e6181777692565cf28528fc88fd1516ea86b56da075235fa575af6a4b855,0x000000000000000000000000b251e1f30c697905287d3e1be1fb0fffc01ce633,,0x46db40893a2fccd60233cf94eea43b91dc1439fb201fb458a5b08d8100ecba88
48068518,2026-07-01 17:19:43.000 UTC,0x833589fcd6edb6e08f4c7c32d4f71b54bda02913,0x,0xffa4e6181777692565cf28528fc88fd1516ea86b56da075235fa575af6a4b855,0x000000000000000000000000fbc3ca4a4b808bef72c54b872caa59e5e69c783e,,0xbc0335e66fe86bf0a4d824f13a4c180e68f7237d63bc399939bffe80b2ebc511
48068540,2026-07-01 17:20:27.000 UTC,0x833589fcd6edb6e08f4c7c32d4f71b54bda02913,0x,0xffa4e6181777692565cf28528fc88fd1516ea86b56da075235fa575af6a4b855,0x000000000000000000000000803a9bd5e917e32bd7bcde526e656254417c5a86,,0x496ccee1bd5465ad36b0d2951807174242d663cf25ad74f145cec58af40e74e5
48068578,2026-07-01 17:21:43.000 UTC,0x833589fcd6edb6e08f4c7c32d4f71b54bda02913,0x,0xffa4e6181777692565cf28528fc88fd1516ea86b56da075235fa575af6a4b855,0x000000000000000000000000ddc63d69ed992e2617d54950a8cea70e2127c412,,0x50a7bbe8141106108a5a009b61e9badb6b9cc5d5094541584e23d1e604d9d0a6
48068631,2026-07-01 17:23:29.000 UTC,0x833589fcd6edb6e08f4c7c32d4f71b54bda02913,0x,0xffa4e6181777692565cf28528fc88fd1516ea86b56da075235fa575af6a4b855,0x000000000000000000000000d086c684646d4eba389c5d97e57d5b2bee3826b7,,0x8ed64bfeabce93e6d0345c324bdc075afd8d02ff5b82de8d7c9c77f7b72ca998
48068748,2026-07-01 17:27:23.000 UTC,0x833589fcd6edb6e08f4c7c32d4f71b54bda02913,0x,0xffa4e6181777692565cf28528fc88fd1516ea86b56da075235fa575af6a4b855,0x00000000000000000000000012f3acd05ddc70d333ca7e8d9a36513997cfb08f,,0xf8df024165c63ab35799757077931695bcd3190cc11abfaaa4e316cb0dfa6ecf
48068766,2026-07-01 17:27:59.000 UTC,0x833589fcd6edb6e08f4c7c32d4f71b54bda02913,0x,0xffa4e6181777692565cf28528fc88fd1516ea86b56da075235fa575af6a4b855,0x0000000000000000000000000c1ee706f91a56fc96e2f260c670bd4bf3002696,,0xd18808d060d6b4253343f0e76f02dcf4818bcca60be0487adffb938afdfb7b0d
48068819,2026-07-01 17:29:45.000 UTC,0x833589fcd6edb6e08f4c7c32d4f71b54bda02913,0x,0xffa4e6181777692565cf28528fc88fd1516ea86b56da075235fa575af6a4b855,0x00000000000000000000000024545819f879db1a8df28fe0fd7f8ee4b7025977,,0x4dc3d03180e4ffb2ceff55a450f8a9c8671df1fa706e28c005b8c465c9940a31
48068915,2026-07-01 17:32:57.000 UTC,0x833589fcd6edb6e08f4c7c32d4f71b54bda02913,0x,0xffa4e6181777692565cf28528fc88fd1516ea86b56da075235fa575af6a4b855,0x000000000000000000000000e4814881a36d2c543b5acc30a7ee9868b0c810da,,0xd5ef578efcc7fc82a14ea44d4d611599844d1781554efc3aa11ee8cbce26f6f0
48068969,2026-07-01 17:34:45.000 UTC,0x833589fcd6edb6e08f4c7c32d4f71b54bda02913,0x,0xffa4e6181777692565cf28528fc88fd1516ea86b56da075235fa575af6a4b855,0x0000000000000000000000002907a4de925af9434bcf176957dcbfeac49afc46,,0x85943e76d08a8592155b653652981a54f8f2acfd3fe5198de8c18755e2d150f8
48068975,2026-07-01 17:34:57.000 UTC,0x833589fcd6edb6e08f4c7c32d4f71b54bda02913,0x,0xffa4e6181777692565cf28528fc88fd1516ea86b56da075235fa575af6a4b855,0x0000000000000000000000001b78a412cc1078fd5719a3379085647ca4ba0e5f,,0x5796baf5974580a7d0dcb29eeb2eda0428f09045cbfb9ed725662373822101db
48069114,2026-07-01 17:39:35.000 UTC,0x833589fcd6edb6e08f4c7c32d4f71b54bda02913,0x,0xffa4e6181777692565cf28528fc88fd1516ea86b56da075235fa575af6a4b855,0x0000000000000000000000002e2983271415c0aa7950277186f10c0676f5cac2,,0xb185f8c8405a73a862c9925a53d42c058a2256e418a76f7959db530b8b2d8420
48069146,2026-07-01 17:40:39.000 UTC,0x833589fcd6edb6e08f4c7c32d4f71b54bda02913,0x,0xffa4e6181777692565cf28528fc88fd1516ea86b56da075235fa575af6a4b855,0x00000000000000000000000056bf68cd5ad0cafc5e3cb7da826914359592eb62,,0xf714f949b21f1c4dfcd0d6179d6b756ab55fdcee47f8e2579a629b92dcb06bf4
48069160,2026-07-01 17:41:07.000 UTC,0x833589fcd6edb6e08f4c7c32d4f71b54bda02913,0x,0xffa4e6181777692565cf28528fc88fd1516ea86b56da075235fa575af6a4b855,0x00000000000000000000000068c15054d74c86ffca1e23a3802a27bab1735395,,0x09d449f040c362f6d10a931141d780dc0afc022ef47d9801e4f4ae6f231ba491
48069223,2026-07-01 17:43:13.000 UTC,0x833589fcd6edb6e08f4c7c32d4f71b54bda02913,0x,0xffa4e6181777692565cf28528fc88fd1516ea86b56da075235fa575af6a4b855,0x000000000000000000000000a05b377f4ae52727a59bcb7a82d6a20356f6b0b4,,0xff574f2a7787deb56e03fe347b81c991ea335c3288729ce39d8c990913a3fadb
48069320,2026-07-01 17:46:27.000 UTC,0x833589fcd6edb6e08f4c7c32d4f71b54bda02913,0x,0xffa4e6181777692565cf28528fc88fd1516ea86b56da075235fa575af6a4b855,0x0000000000000000000000009f4f225d3fa34d498adbfd6898e2b30850859059,,0xd80500c1977286e1c6da9651f41ae9cc0e152544b8443746e088ea687839dd47
48069429,2026-07-01 17:50:05.000 UTC,0x833589fcd6edb6e08f4c7c32d4f71b54bda02913,0x,0xffa4e6181777692565cf28528fc88fd1516ea86b56da075235fa575af6a4b855,0x000000000000000000000000d3faecadc1f752234b6079299f570def99976f7c,,0x15681f8e2c515f3f37dc05e081948fefa513d2fde13efe5fde383755f67dc7d5
48069495,2026-07-01 17:52:17.000 UTC,0x833589fcd6edb6e08f4c7c32d4f71b54bda02913,0x,0xffa4e6181777692565cf28528fc88fd1516ea86b56da075235fa575af6a4b855,0x00000000000000000000000081d0eac7c2e42b221bd2e5bd5f9ddc0dcc9f6f30,,0x98fd3cd7ac1969175f44883fb698d76391ce87706c6a1ca9316201b2aa6331db
48069526,2026-07-01 17:53:19.000 UTC,0x833589fcd6edb6e08f4c7c32d4f71b54bda02913,0x,0xffa4e6181777692565cf28528fc88fd1516ea86b56da075235fa575af6a4b855,0x000000000000000000000000a6358db3812ce9a11eb8aa2f954e36711ed015f6,,0x45a9307bbf936d1189f11c0ac27a0106ea3e15a697f05cf98fa5225db99eb811
48069581,2026-07-01 17:55:09.000 UTC,0x833589fcd6edb6e08f4c7c32d4f71b54bda02913,0x,0xffa4e6181777692565cf28528fc88fd1516ea86b56da075235fa575af6a4b855,0x000000000000000000000000a570df663c1b522f3dacd6f96320e65f8206ed0d,,0x270c2a43525dc73c357aab3c5d107fa865efa83dfdd8efda2f9c3e81a9073454
48069597,2026-07-01 17:55:41.000 UTC,0x833589fcd6edb6e08f4c7c32d4f71b54bda02913,0x,0xffa4e6181777692565cf28528fc88fd1516ea86b56da075235fa575af6a4b855,0x00000000000000000000000007d28de0bbd45f2ef8f89621f9f504ed72f34d92,,0x0bc7f7e0b143475950c9f782ad374b43c6390edb43322669f9ae98714b17601b
48069686,2026-07-01 17:58:39.000 UTC,0x833589fcd6edb6e08f4c7c32d4f71b54bda02913,0x,0xffa4e6181777692565cf28528fc88fd1516ea86b56da075235fa575af6a4b855,0x000000000000000000000000878ebd5e809aca3dc01856d5fa924a405e34dad6,,0xea3005e38e2b7f0e2dd4d01a4d12412422b130b51a4641829c21dca7ccb8fa38
48069716,2026-07-01 17:59:39.000 UTC,0x833589fcd6edb6e08f4c7c32d4f71b54bda02913,0x,0xffa4e6181777692565cf28528fc88fd1516ea86b56da075235fa575af6a4b855,0x00000000000000000000000031424423746e69795da87d93bef987cc9aebe8d6,,0xddded040f0b323a98c02101fd6638c3d1b7b736207ea835f230be927aada3a33
48069764,2026-07-01 18:01:15.000 UTC,0x833589fcd6edb6e08f4c7c32d4f71b54bda02913,0x,0xffa4e6181777692565cf28528fc88fd1516ea86b56da075235fa575af6a4b855,0x00000000000000000000000026eddc84e46104b944f871c0f3fbd8256197d5ca,,0x02d896f1a2e61ac7b00224f7a02c289e507ceb9701758a0ed10488c098502163
48069791,2026-07-01 18:02:09.000 UTC,0x833589fcd6edb6e08f4c7c32d4f71b54bda02913,0x,0xffa4e6181777692565cf28528fc88fd1516ea86b56da075235fa575af6a4b855,0x00000000000000000000000095bcc8bbd8f91b255baf9ecf54f15e74b9959af2,,0xcdff866d72d715c83c8d77f5e3d3a64073d50dde5d460c0c04a82bfe9278ff9f
48069817,2026-07-01 18:03:01.000 UTC,0x833589fcd6edb6e08f4c7c32d4f71b54bda02913,0x,0xffa4e6181777692565cf28528fc88fd1516ea86b56da075235fa575af6a4b855,0x000000000000000000000000b79a667da76ba369583ba333c4eb4b005c5b657a,,0xe03865a385a7b75959b908a9ba9f94e1e0472cdb6b0e3706d5ec5459927e236f
48069980,2026-07-01 18:08:27.000 UTC,0x833589fcd6edb6e08f4c7c32d4f71b54bda02913,0x,0xffa4e6181777692565cf28528fc88fd1516ea86b56da075235fa575af6a4b855,0x00000000000000000000000020e60fa8673fa61d574b42a13ae805c312777241,,0x131835154ef8b91341b23423816f7d0717449d001c57cbb6fd02f8e6855faa16
48070109,2026-07-01 18:12:45.000 UTC,0x833589fcd6edb6e08f4c7c32d4f71b54bda02913,0x,0xffa4e6181777692565cf28528fc88fd1516ea86b56da075235fa575af6a4b855,0x0000000000000000000000005a43b964288ce2b4b7de0cae544531bf94a8b79f,,0x3aabcbaf90cb9f9fb2b57cf3e5ffa3ead23bdadd6a44ebcc6cd66cbb509597de
48070161,2026-07-01 18:14:29.000 UTC,0x833589fcd6edb6e08f4c7c32d4f71b54bda02913,0x,0xffa4e6181777692565cf28528fc88fd1516ea86b56da075235fa575af6a4b855,0x0000000000000000000000003e4b5fa3fe3fdb48f0865b2088e3beafe915eb63,,0x9d9b72081d917121a92f61da56968c2ee44aa1aea4aa6fbfd0c3c07435272b11
48070225,2026-07-01 18:16:37.000 UTC,0x833589fcd6edb6e08f4c7c32d4f71b54bda02913,0x,0xffa4e6181777692565cf28528fc88fd1516ea86b56da075235fa575af6a4b855,0x00000000000000000000000012f59283c23ff1b2ad7a8730b6cf41df25435570,,0xea3388b77dd2ed26144c50069485f3b761acf080e37ac8673447d6c8cc012607
48070249,2026-07-01 18:17:25.000 UTC,0x833589fcd6edb6e08f4c7c32d4f71b54bda02913,0x,0xffa4e6181777692565cf28528fc88fd1516ea86b56da075235fa575af6a4b855,0x000000000000000000000000ae1174ea8e2ce28b7db322f675be24507a37aabd,,0xad01907a32c78378af30174c944435ea80eaadd71645be164b9acb59c1d5c81a
48070298,2026-07-01 18:19:03.000 UTC,0x833589fcd6edb6e08f4c7c32d4f71b54bda02913,0x,0xffa4e6181777692565cf28528fc88fd1516ea86b56da075235fa575af6a4b855,0x00000000000000000000000018855af93d521cf39fa8a1342a06562661725420,,0x05f77d24f19784eb01ab3a2612c3759adf0ab031702468c9dd8e5e60974559b3
48070349,2026-07-01 18:20:45.000 UTC,0x833589fcd6edb6e08f4c7c32d4f71b54bda02913,0x,0xffa4e6181777692565cf28528fc88fd1516ea86b56da075235fa575af6a4b855,0x000000000000000000000000a38ffbe2722007f682e4985420acfce172c8b421,,0x7bbb049605506a224f199b8530519c0c95b9517c725b9c900cb83c1ea7991d89
48070454,2026-07-01 18:24:15.000 UTC,0x833589fcd6edb6e08f4c7c32d4f71b54bda02913,0x,0xffa4e6181777692565cf28528fc88fd1516ea86b56da075235fa575af6a4b855,0x000000000000000000000000f0eaf0fa72283fb86ebd5d462cc5c7e97d640308,,0xccad9a408e1279c02aea15512b38006550de23fbe70aee196535a300773405db
48070518,2026-07-01 18:26:23.000 UTC,0x833589fcd6edb6e08f4c7c32d4f71b54bda02913,0x,0xffa4e6181777692565cf28528fc88fd1516ea86b56da075235fa575af6a4b855,0x0000000000000000000000002d0d0dcf83adde53fcde96af5fbcd1367944a2d8,,0xbed63e521d83d4d4ef8f61d26d9fe497389ba5742e4a5d8efc59f44a0a7ccafa
48070708,2026-07-01 18:32:43.000 UTC,0x833589fcd6edb6e08f4c7c32d4f71b54bda02913,0x,0xffa4e6181777692565cf28528fc88fd1516ea86b56da075235fa575af6a4b855,0x000000000000000000000000701f00ebbcd4c09d6a7a9f89023cbf400c318504,,0x49e2f14fcab5ff1c65548b159d2585fc8889e4cf0d969055e35062db7b1eccbb
48070740,2026-07-01 18:33:47.000 UTC,0x833589fcd6edb6e08f4c7c32d4f71b54bda02913,0x,0xffa4e6181777692565cf28528fc88fd1516ea86b56da075235fa575af6a4b855,0x00000000000000000000000001ab57e94386817f1d3d3549c2e3ad5d2622de2b,,0xb73e422b34e5b4ecc12b96fa412be9fdb41efd39f967051fa5f544d16c302694
48070756,2026-07-01 18:34:19.000 UTC,0x833589fcd6edb6e08f4c7c32d4f71b54bda02913,0x,0xffa4e6181777692565cf28528fc88fd1516ea86b56da075235fa575af6a4b855,0x000000000000000000000000aa678643e6c27b8508d91bf152b581b94b8c6cbf,,0x691130019025712ce1f8032c9e466757867f775c88e14912a1004d5faee8cd78
48070798,2026-07-01 18:35:43.000 UTC,0x833589fcd6edb6e08f4c7c32d4f71b54bda02913,0x,0xffa4e6181777692565cf28528fc88fd1516ea86b56da075235fa575af6a4b855,0x0000000000000000000000007077f6f05c0c435bde0d145613425fc17ce10a5a,,0x42fc5eafa2a3d4208855daf7176f80ee0bd527e5b02994f977b4bff115be8b80
48070844,2026-07-01 18:37:15.000 UTC,0x833589fcd6edb6e08f4c7c32d4f71b54bda02913,0x,0xffa4e6181777692565cf28528fc88fd1516ea86b56da075235fa575af6a4b855,0x0000000000000000000000008711522cdb2f89df2d99dea0c1cb68ce2ee3016a,,0xf30c2f15bba2a103ca42ac868e87fb517a7c4bd737f63c98379c0aff96f6fbe0
48070847,2026-07-01 18:37:21.000 UTC,0x833589fcd6edb6e08f4c7c32d4f71b54bda02913,0x,0xffa4e6181777692565cf28528fc88fd1516ea86b56da075235fa575af6a4b855,0x0000000000000000000000001796486b359f2084f9e1585a491545d38d6db391,,0x6321c75629c377909dffe4e3ef4d1f0867efc2f1847c0ac82e1af55558943403
48070922,2026-07-01 18:39:51.000 UTC,0x833589fcd6edb6e08f4c7c32d4f71b54bda02913,0x,0xffa4e6181777692565cf28528fc88fd1516ea86b56da075235fa575af6a4b855,0x000000000000000000000000cc8b73b5a7b3c88478c1a3d0eb34c7c5dc9f686f,,0x4b9f50c1c5dfe2ab30087baf70a3ad891a66d65e934dac4430971d499a7979ad
48070937,2026-07-01 18:40:21.000 UTC,0x833589fcd6edb6e08f4c7c32d4f71b54bda02913,0x,0xffa4e6181777692565cf28528fc88fd1516ea86b56da075235fa575af6a4b855,0x000000000000000000000000d5f14e80acaf51d5970eba2851685b32f5a97e00,,0x17b922b08e7504f581311b659d2fc5b71f284562124740d7ed3c6b904d1484f9
48070948,2026-07-01 18:40:43.000 UTC,0x833589fcd6edb6e08f4c7c32d4f71b54bda02913,0x,0xffa4e6181777692565cf28528fc88fd1516ea86b56da075235fa575af6a4b855,0x0000000000000000000000008eec746c6fc6dda84f44c82ca94818281c23e1f1,,0xfc85d5e0b2870d23b9eb1d26e620134b5076d71a518c86fc16d5dc64bf54ba42
48071024,2026-07-01 18:43:15.000 UTC,0x833589fcd6edb6e08f4c7c32d4f71b54bda02913,0x,0xffa4e6181777692565cf28528fc88fd1516ea86b56da075235fa575af6a4b855,0x00000000000000000000000012964e45547b54b00faab3f8babc22ff7fe45609,,0xca1538be40e985efec2d5e0f0b2d2f0f29ef6187dc05fde43d8000f356d08f74
48071102,2026-07-01 18:45:51.000 UTC,0x833589fcd6edb6e08f4c7c32d4f71b54bda02913,0x,0xffa4e6181777692565cf28528fc88fd1516ea86b56da075235fa575af6a4b855,0x0000000000000000000000003beaf4486e9c6a4feae23ed9296844588a61604c,,0x4acba23460280161e9bfc2dd375aa077bddb5fa6d539952ffeab769edacd17db
48071178,2026-07-01 18:48:23.000 UTC,0x833589fcd6edb6e08f4c7c32d4f71b54bda02913,0x,0xffa4e6181777692565cf28528fc88fd1516ea86b56da075235fa575af6a4b855,0x000000000000000000000000cc0bf752565564606f37c647249da56838671a7d,,0x85920e7a3cf7f79a3b152a1fb0e6550c9f69a5abac6dce538baa3d790d8c561a
48071274,2026-07-01 18:51:35.000 UTC,0x833589fcd6edb6e08f4c7c32d4f71b54bda02913,0x,0xffa4e6181777692565cf28528fc88fd1516ea86b56da075235fa575af6a4b855,0x000000000000000000000000912b64c34d4c048c403d588df0fdae3b9b93b543,,0xe58a93b969e3c501ce6ef510c374d1d4b85061527581d7f6f9e4788c755f84d8
48071439,2026-07-01 18:57:05.000 UTC,0x833589fcd6edb6e08f4c7c32d4f71b54bda02913,0x,0xffa4e6181777692565cf28528fc88fd1516ea86b56da075235fa575af6a4b855,0x000000000000000000000000eb3c18a88bd40c776cdf6c3986edbc39f30a731d,,0x07b6364cddfc2666740efed1148aaef799b6b094af631903cf7b0d98eeafc981
48071471,2026-07-01 18:58:09.000 UTC,0x833589fcd6edb6e08f4c7c32d4f71b54bda02913,0x,0xffa4e6181777692565cf28528fc88fd1516ea86b56da075235fa575af6a4b855,0x000000000000000000000000c4244fe10b9365766efa5a4f0baa124a750c8b4f,,0x8cc5a9389b968e776184c0d4db28c7456b0645916f06de718cc85f7462876d4f
48071513,2026-07-01 18:59:33.000 UTC,0x833589fcd6edb6e08f4c7c32d4f71b54bda02913,0x,0xffa4e6181777692565cf28528fc88fd1516ea86b56da075235fa575af6a4b855,0x00000000000000000000000081c483bf9bcdc0a31864ae7c1762425b67c2c467,,0x81ff41fe40ad0ebc08eb57d433ad865cc16dbfb2c8004ecfc75c7f2a8fad62de
48071524,2026-07-01 18:59:55.000 UTC,0x833589fcd6edb6e08f4c7c32d4f71b54bda02913,0x,0xffa4e6181777692565cf28528fc88fd1516ea86b56da075235fa575af6a4b855,0x0000000000000000000000001ed13e7c465a3850f8f9e0b503587ba514017536,,0x092f1a4d55a886cd98c7ab636ee6ba21166c4c9057e702d7816add948bc05e0f
48071530,2026-07-01 19:00:07.000 UTC,0x833589fcd6edb6e08f4c7c32d4f71b54bda02913,0x,0xffa4e6181777692565cf28528fc88fd1516ea86b56da075235fa575af6a4b855,0x00000000000000000000000093e7a8bfd6c1f4af81db2ae9ea6b02e69a6da2bf,,0xf87d472be65503aae8bdb4080f8f65626bc59e2929546165335cdb22cd28306b
48071572,2026-07-01 19:01:31.000 UTC,0x833589fcd6edb6e08f4c7c32d4f71b54bda02913,0x,0xffa4e6181777692565cf28528fc88fd1516ea86b56da075235fa575af6a4b855,0x000000000000000000000000994aa9e584fdbe4df7934db56941fc19e70bb336,,0x485b671fa3da12a2eddf28e39c97b801d19933bf45be9dc3080b49f7a12061b7
48071593,2026-07-01 19:02:13.000 UTC,0x833589fcd6edb6e08f4c7c32d4f71b54bda02913,0x,0xffa4e6181777692565cf28528fc88fd1516ea86b56da075235fa575af6a4b855,0x0000000000000000000000008d7e10e5fa9ce28f5a7f49760b59f5ad992bddce,,0xdb1fc119f1f6347978bb30328fe1ae387801c2c79f8653108f90d4471bdffb4c
48071598,2026-07-01 19:02:23.000 UTC,0x833589fcd6edb6e08f4c7c32d4f71b54bda02913,0x,0xffa4e6181777692565cf28528fc88fd1516ea86b56da075235fa575af6a4b855,0x000000000000000000000000410450013674ad6e67c8c0c0d4cf71656cf1e4b4,,0xe56913005b9e9fe12b0ddae734872a40ea6adc6fcc216209c00276aedf66ad18
48071638,2026-07-01 19:03:43.000 UTC,0x833589fcd6edb6e08f4c7c32d4f71b54bda02913,0x,0xffa4e6181777692565cf28528fc88fd1516ea86b56da075235fa575af6a4b855,0x000000000000000000000000cc794fdec285f2b5461b6b2aee7d0511cde8cda7,,0xbf4950e91565cbc50c2ad3871ef93e9f5e958c307fa4cd14c86383d888b249a0
48071802,2026-07-01 19:09:11.000 UTC,0x833589fcd6edb6e08f4c7c32d4f71b54bda02913,0x,0xffa4e6181777692565cf28528fc88fd1516ea86b56da075235fa575af6a4b855,0x0000000000000000000000005168da75329bca67a2c75642b7cab4f14482cb9d,,0xf58bf8fa00c940159d063221470c612bf10ea596ebd037ee5a4b61fee35102e5
48071809,2026-07-01 19:09:25.000 UTC,0x833589fcd6edb6e08f4c7c32d4f71b54bda02913,0x,0xffa4e6181777692565cf28528fc88fd1516ea86b56da075235fa575af6a4b855,0x000000000000000000000000c868071a9602dd0c8e8f277432c742fdac78442b,,0x87182ac8d565cec5ab50e404ef40c72f248b5e9e5c3bc03a01132d2fbadacde2
48071894,2026-07-01 19:12:15.000 UTC,0x833589fcd6edb6e08f4c7c32d4f71b54bda02913,0x,0xffa4e6181777692565cf28528fc88fd1516ea86b56da075235fa575af6a4b855,0x00000000000000000000000026f4376ef74562f92876577e86b0bbb4fc05cdd6,,0xa87bd605cb3787881a8c5abe489c406200575fd80d6910fd7c92250f4a34e023
48071984,2026-07-01 19:15:15.000 UTC,0x833589fcd6edb6e08f4c7c32d4f71b54bda02913,0x,0xffa4e6181777692565cf28528fc88fd1516ea86b56da075235fa575af6a4b855,0x000000000000000000000000ee366d650af5599f86289109ffb37ff0a2178b2f,,0x2fc2b9da46fdd34d26086bba95bcd4bc49711458d72e7dd95928a8d08e0f2d8c
48072006,2026-07-01 19:15:59.000 UTC,0x833589fcd6edb6e08f4c7c32d4f71b54bda02913,0x,0xffa4e6181777692565cf28528fc88fd1516ea86b56da075235fa575af6a4b855,0x0000000000000000000000004069dffc23210e939075300d5e50161d0cf868c7,,0x2f0ac03c453477efb95447a2e614cbd000bd2518558c91cbd796e86426a39755
48072248,2026-07-01 19:24:03.000 UTC,0x833589fcd6edb6e08f4c7c32d4f71b54bda02913,0x,0xffa4e6181777692565cf28528fc88fd1516ea86b56da075235fa575af6a4b855,0x00000000000000000000000091f7a5a79c0c660744496dd498a1601bfe670494,,0x9c796d871f99983594c7998f6858ac5c0ac5a9fbc27c407d574bfba118a175ab
48072366,2026-07-01 19:27:59.000 UTC,0x833589fcd6edb6e08f4c7c32d4f71b54bda02913,0x,0xffa4e6181777692565cf28528fc88fd1516ea86b56da075235fa575af6a4b855,0x00000000000000000000000082def3990129e73531ad7a737ba54c76d34e507d,,0xcfea92c2b6154888b161cb25b15c2a48a6b314be422e9bbcfc5c1f031cbd7e1b
48072387,2026-07-01 19:28:41.000 UTC,0x833589fcd6edb6e08f4c7c32d4f71b54bda02913,0x,0xffa4e6181777692565cf28528fc88fd1516ea86b56da075235fa575af6a4b855,0x0000000000000000000000003ec58d2b0bce77282f2e415ac6596dc3f626f436,,0x7a9d2f273faa9a40cd33c844c0bfd81c0364fbea0915072a45b34f66f14d71b3
48072448,2026-07-01 19:30:43.000 UTC,0x833589fcd6edb6e08f4c7c32d4f71b54bda02913,0x,0xffa4e6181777692565cf28528fc88fd1516ea86b56da075235fa575af6a4b855,0x00000000000000000000000013c9c13507282550061c367f8f10527df835afc5,,0x589958982531e9962e825028b8fc532f6f11fc1bb7f9b939938e64b8d0d42535
48072483,2026-07-01 19:31:53.000 UTC,0x833589fcd6edb6e08f4c7c32d4f71b54bda02913,0x,0xffa4e6181777692565cf28528fc88fd1516ea86b56da075235fa575af6a4b855,0x000000000000000000000000ab1a8d5e41dc0223973dbdfd1de14e3d567d81fb,,0x42ad3c6e76bc2bb2437d0eaa0a911a0c268980f4c0222a9cf070caa7157977ae
48072532,2026-07-01 19:33:31.000 UTC,0x833589fcd6edb6e08f4c7c32d4f71b54bda02913,0x,0xffa4e6181777692565cf28528fc88fd1516ea86b56da075235fa575af6a4b855,0x00000000000000000000000070d6292f5b971c82fb6587a3cd740f64e98009c3,,0x24858f4e5fcd26d4d4c8c72fd300878b7df9541bf7aeb044d559e9d5333293eb
48072537,2026-07-01 19:33:41.000 UTC,0x833589fcd6edb6e08f4c7c32d4f71b54bda02913,0x,0xffa4e6181777692565cf28528fc88fd1516ea86b56da075235fa575af6a4b855,0x0000000000000000000000002d20b1d77f2f663f7fe745f8493d6744683544b8,,0x04b9154cd7d0efb738b9541e46309bdc6477218e3795666b0f9ccc0b08d8f6d5
48583299,2026-07-13 15:19:05.000 UTC,0x833589fcd6edb6e08f4c7c32d4f71b54bda02913,0x,0xffa4e6181777692565cf28528fc88fd1516ea86b56da075235fa575af6a4b855,0x0000000000000000000000001d19b52b54e7ef5ea1a4b40b616165e798eac9f8,,0x15b82ec9c325e3bc03ad58fb8633ee3f1453b502aab1bacdf0a7a2ccebd4b4d6
48583419,2026-07-13 15:23:05.000 UTC,0x833589fcd6edb6e08f4c7c32d4f71b54bda02913,0x,0xffa4e6181777692565cf28528fc88fd1516ea86b56da075235fa575af6a4b855,0x0000000000000000000000002711d73d559f62f4f855ee21f38378f528e07985,,0x456fd23718725fc1146e2c995f17d239a4447731b9abe71fa95b666786c2fdce
48583440,2026-07-13 15:23:47.000 UTC,0x833589fcd6edb6e08f4c7c32d4f71b54bda02913,0x,0xffa4e6181777692565cf28528fc88fd1516ea86b56da075235fa575af6a4b855,0x0000000000000000000000002c7dcd774b33e10367f7d6385479e04f97d179dc,,0x77c5fa557d07b94a9ee9b5b2d8045254d82732a48eb2f0db98254e67b879b0d1
48583526,2026-07-13 15:26:39.000 UTC,0x833589fcd6edb6e08f4c7c32d4f71b54bda02913,0x,0xffa4e6181777692565cf28528fc88fd1516ea86b56da075235fa575af6a4b855,0x000000000000000000000000be7d33a802487f0b51e0191dc0c3772fa11a8f70,,0x1203edf3a9f2e28608c4397ed84ecc161b53a794393d6b3fbe89a0fdae098bfa
48583567,2026-07-13 15:28:01.000 UTC,0x833589fcd6edb6e08f4c7c32d4f71b54bda02913,0x,0xffa4e6181777692565cf28528fc88fd1516ea86b56da075235fa575af6a4b855,0x0000000000000000000000000e0d1899d3a6a9362bc215f1c5a9acaccb0de882,,0x3d73b788b8f7060a152375a36bf6de205c2a4f0e948eb76c022660a85dbb28fe
48583595,2026-07-13 15:28:57.000 UTC,0x833589fcd6edb6e08f4c7c32d4f71b54bda02913,0x,0xffa4e6181777692565cf28528fc88fd1516ea86b56da075235fa575af6a4b855,0x000000000000000000000000cfbb0c9a2a99777b46211b380869f82cf20a635e,,0x86bbb8015f0bf1967b85932a552c5e4364093401f753256516eb0582c536acf6
48635613,2026-07-14 20:22:53.000 UTC,0x833589fcd6edb6e08f4c7c32d4f71b54bda02913,0x,0xffa4e6181777692565cf28528fc88fd1516ea86b56da075235fa575af6a4b855,0x00000000000000000000000008151bd98c00015de698408de9405aa62115b5ee,,0xd12520da27cca3f649a9a050eb48806d47f69fac568e3a1b0e456b1e318bc392
48635641,2026-07-14 20:23:49.000 UTC,0x833589fcd6edb6e08f4c7c32d4f71b54bda02913,0x,0xffa4e6181777692565cf28528fc88fd1516ea86b56da075235fa575af6a4b855,0x0000000000000000000000003ba6174651e3a0c3c6a7d42a75e6e00b039304d1,,0xd299e875782f87311dddcf8457e90bd209a1550eae84141629abdd6b6cc6093b
48635667,2026-07-14 20:24:41.000 UTC,0x833589fcd6edb6e08f4c7c32d4f71b54bda02913,0x,0xffa4e6181777692565cf28528fc88fd1516ea86b56da075235fa575af6a4b855,0x0000000000000000000000005f077e9b16f30b9ecfaf5dc09294dcc98b8d395a,,0x1c2c4fe7424aad1346c0e8af2bcbc983a4a926384b8d03fa0bae4c9c48d34056
48635838,2026-07-14 20:30:23.000 UTC,0x833589fcd6edb6e08f4c7c32d4f71b54bda02913,0x,0xffa4e6181777692565cf28528fc88fd1516ea86b56da075235fa575af6a4b855,0x000000000000000000000000e995da05f4e51871d5d2ef8496536a052138bc6a,,0x118e9cb749f7791cf47e516e28bfbf07884d1461049f2c1bd9e6a385c79e6be2
49021448,2026-07-23 18:44:03.000 UTC,0x833589fcd6edb6e08f4c7c32d4f71b54bda02913,0x,0xffa4e6181777692565cf28528fc88fd1516ea86b56da075235fa575af6a4b855,0x00000000000000000000000007f57fafbd3055737c778184cdb7b30c65fb7a6e,,0xf9d0260f8da20ad4c85a53e56191b29efb449a8b0d583e913d4563ba458fae4f
49021528,2026-07-23 18:46:43.000 UTC,0x833589fcd6edb6e08f4c7c32d4f71b54bda02913,0x,0xffa4e6181777692565cf28528fc88fd1516ea86b56da075235fa575af6a4b855,0x0000000000000000000000004b6d60a69a1386992e18f89241d183429ebc3a56,,0x16b9e3ee285b49ca3b3782c7f7ae81bb05a03308bc6826f81650446331772fbb
49021578,2026-07-23 18:48:23.000 UTC,0x833589fcd6edb6e08f4c7c32d4f71b54bda02913,0x,0xffa4e6181777692565cf28528fc88fd1516ea86b56da075235fa575af6a4b855,0x000000000000000000000000506d8d7c56a06723a52fde594638eeda23461d15,,0xf3a76b2da16f25aaa9c43ba1fb4809c4a1a59eab21e56e00c1746a5b3b4ea561
49021646,2026-07-23 18:50:39.000 UTC,0x833589fcd6edb6e08f4c7c32d4f71b54bda02913,0x,0xffa4e6181777692565cf28528fc88fd1516ea86b56da075235fa575af6a4b855,0x00000000000000000000000076c7c4ff99ab9791d4e358e33a3f51c2c5d3ac8e,,0x582eab377ee302e77c7407cb61f64ae414282bf1521be9173c2afc21998cf584
49021696,2026-07-23 18:52:19.000 UTC,0x833589fcd6edb6e08f4c7c32d4f71b54bda02913,0x,0xffa4e6181777692565cf28528fc88fd1516ea86b56da075235fa575af6a4b855,0x000000000000000000000000b690e524695f909e7dac090ff30b1fcfe557f597,,0xabe3fd2323b7eb8c73af15faf85a8bf4d5cef23563c9bc6811e3a2af67e090a7
49021778,2026-07-23 18:55:03.000 UTC,0x833589fcd6edb6e08f4c7c32d4f71b54bda02913,0x,0xffa4e6181777692565cf28528fc88fd1516ea86b56da075235fa575af6a4b855,0x00000000000000000000000099929eed7638ac0f031a5d925409741f86f98be6,,0xac5def47f21f6ed978d8f54baef6fa535ee1b4b28f9d13ab319555bc5fd1d3b9
49021789,2026-07-23 18:55:25.000 UTC,0x833589fcd6edb6e08f4c7c32d4f71b54bda02913,0x,0xffa4e6181777692565cf28528fc88fd1516ea86b56da075235fa575af6a4b855,0x000000000000000000000000d838b11133085016bc31ca78571067b0d77dc290,,0x3ab6d15852ebca20536dcda2e2aaa9f5c3545eee02c56f5b2ebd0c1809b3350c
49279992,2026-07-29 18:22:11.000 UTC,0x833589fcd6edb6e08f4c7c32d4f71b54bda02913,0x,0xffa4e6181777692565cf28528fc88fd1516ea86b56da075235fa575af6a4b855,0x0000000000000000000000000ede564e315f8e1803161a22e8404c624c35b1fb,,0x08a586d40ac30084cbd7d92ff47d0a355ebfcfa8c49e38c3455186c9e06000b8
49280063,2026-07-29 18:24:33.000 UTC,0x833589fcd6edb6e08f4c7c32d4f71b54bda02913,0x,0xffa4e6181777692565cf28528fc88fd1516ea86b56da075235fa575af6a4b855,0x000000000000000000000000dca63d36e326fdcde1c6403ff3edf5d8ba7699ad,,0xc1efc75ff6aef15ae053320825b0d531fbabaeee173081084be1ee22c8e20e3c
49670401,2026-08-07 19:15:49.000 UTC,0x833589fcd6edb6e08f4c7c32d4f71b54bda02913,0x,0xffa4e6181777692565cf28528fc88fd1516ea86b56da075235fa575af6a4b855,0x0000000000000000000000006b69e2a7545c166417a80c61a77562052bffa9c5,,0xe1af40659fd6792e9029bd52b7f336eb3c1bc3334c1049b2bb5bb52c9c303353
49670549,2026-08-07 19:20:45.000 UTC,0x833589fcd6edb6e08f4c7c32d4f71b54bda02913,0x,0xffa4e6181777692565cf28528fc88fd1516ea86b56da075235fa575af6a4b855,0x0000000000000000000000008d79c73daae8630c88de372ba8f57592fa987607,,0x01807b56e1bf702a3ab7e38a39603809cfd1d6bb6ab75db313646957f6e521f6
49670568,2026-08-07 19:21:23.000 UTC,0x833589fcd6edb6e08f4c7c32d4f71b54bda02913,0x,0xffa4e6181777692565cf28528fc88fd1516ea86b56da075235fa575af6a4b855,0x000000000000000000000000967f32c544b6547f366123927d6dc0a3c6dcdfb9,,0x3c4fa89121c18a22f9cb26589fbfefad56ed9dcda233742adabc5fe3a32121ac
49670625,2026-08-07 19:23:17.000 UTC,0x833589fcd6edb6e08f4c7c32d4f71b54bda02913,0x,0xffa4e6181777692565cf28528fc88fd1516ea86b56da075235fa575af6a4b855,0x000000000000000000000000c02b8bcd6cea7162274b939410d466b755553175,,0xde9beef8e5bf2db9c6f4ce0580c51818cdd9dafe979c8a90c19c572fcbbfeadb
49670768,2026-08-07 19:28:03.000 UTC,0x833589fcd6edb6e08f4c7c32d4f71b54bda02913,0x,0xffa4e6181777692565cf28528fc88fd1516ea86b56da075235fa575af6a4b855,0x000000000000000000000000bb69e01921b17cd22080968bcc96ba6115da6062,,0x49ccf2da2e43c8eb0c36e941e38870e2fc22552d423bf7471e4e9a051e3211b1
49670871,2026-08-07 19:31:29.000 UTC,0x833589fcd6edb6e08f4c7c32d4f71b54bda02913,0x,0xffa4e6181777692565cf28528fc88fd1516ea86b56da075235fa575af6a4b855,0x000000000000000000000000eaac716a919f3a032a7e5f4d803c799569c32bd4,,0xc322c7868e0717eb2d75edd3615898cd0c4e1e4f53f37d55f8328c6aa4769d2f
49670888,2026-08-07 19:32:03.000 UTC,0x833589fcd6edb6e08f4c7c32d4f71b54bda02913,0x,0xffa4e6181777692565cf28528fc88fd1516ea86b56da075235fa575af6a4b855,0x000000000000000000000000e05f529f5284d75624eba386cb716928c3b54a2a,,0xc680ab8bc82322afd6bb366055aaf7a20d5eaf6ccebca1fc7288f3835ca3fa29
