block_number,block_timestamp,contract_address,data,topic0,topic1,topic2,tx_hash
98957112,2023-06-08 06:10:23.000 UTC,0xaf88d065e77c8cc2239327c5edb3a432268e5831,0x,0xffa4e6181777692565cf28528fc88fd1516ea86b56da075235fa575af6a4b855,0x000000000000000000000000d882cfc20f52f2599d84b8e8d58c7fb62cfe344b,,0xc18859103c71ea7b85a01f79b440b1c9dff56a912b058f2534cd04c61188be4a
98957268,2023-06-08 06:11:04.000 UTC,0xaf88d065e77c8cc2239327c5edb3a432268e5831,0x,0xffa4e6181777692565cf28528fc88fd1516ea86b56da075235fa575af6a4b855,0x0000000000000000000000007f367cc41522ce07553e823bf3be79a889debe1b,,0x3b148c346e49f820437b0c5fc7dc35a1f117f4fb404421848d9ce7b1e3d32662
98957385,2023-06-08 06:11:33.000 UTC,0xaf88d065e77c8cc2239327c5edb3a432268e5831,0x,0xffa4e6181777692565cf28528fc88fd1516ea86b56da075235fa575af6a4b855,0x0000000000000000000000001da5821544e25c636c1417ba96ade4cf6d2f9b5a,,0xf2c8f765ffccb6d0c67dc118680ff756f0a4ccccead6736b9787d74529dddef6
98959520,2023-06-08 06:20:32.000 UTC,0xaf88d065e77c8cc2239327c5edb3a432268e5831,0x,0xffa4e6181777692565cf28528fc88fd1516ea86b56da075235fa575af6a4b855,0x0000000000000000000000007db418b5d567a4e0e8c59ad71be1fce48f3e6107,,0x66889bb1bd1b61278de9b1a861571396c9bae0c65d697cfd1eb6d8b9a75f0cc5
98960403,2023-06-08 06:24:14.000 UTC,0xaf88d065e77c8cc2239327c5edb3a432268e5831,0x,0xffa4e6181777692565cf28528fc88fd1516ea86b56da075235fa575af6a4b855,0x00000000000000000000000072a5843cc08275c8171e582972aa4fda8c397b2a,,0xfe66d00dcd7c121f72d7a7c49be24e1cf6eb55a2e2d2a7193376f927ef9c310e
98960587,2023-06-08 06:25:00.000 UTC,0xaf88d065e77c8cc2239327c5edb3a432268e5831,0x,0xffa4e6181777692565cf28528fc88fd1516ea86b56da075235fa575af6a4b855,0x0000000000000000000000007f19720a857f834887fc9a7bc0a0fbe7fc7f8102,,0xcf8b090020b4f953253c1fc165dae3f7be784003860c8e2308096e5f78c3b170
98960861,2023-06-08 06:26:09.000 UTC,0xaf88d065e77c8cc2239327c5edb3a432268e5831,0x,0xffa4e6181777692565cf28528fc88fd1516ea86b56da075235fa575af6a4b855,0x0000000000000000000000009f4cda013e354b8fc285bf4b9a60460cee7f7ea9,,0xd165133a9be5c934a863b6bcba632d82ce811f927d48b452f4e98368bcbbdc55
98961115,2023-06-08 06:27:13.000 UTC,0xaf88d065e77c8cc2239327c5edb3a432268e5831,0x,0xffa4e6181777692565cf28528fc88fd1516ea86b56da075235fa575af6a4b855,0x000000000000000000000000a7e5d5a720f06526557c513402f2e6b5fa20b008,,0x33ac6f108ba76fc4e0278ac2359a4848d610ca17bf8fde2571c23c8ca3148ac4
98961341,2023-06-08 06:28:10.000 UTC,0xaf88d065e77c8cc2239327c5edb3a432268e5831,0x,0xffa4e6181777692565cf28528fc88fd1516ea86b56da075235fa575af6a4b855,0x0000000000000000000000003cbded43efdaf0fc77b9c55f6fc9988fcc9b757d,,0xf2ca517ef799bf8b7150791789d129d558800460da188ae81bef84efe401bd9e
98961594,2023-06-08 06:29:15.000 UTC,0xaf88d065e77c8cc2239327c5edb3a432268e5831,0x,0xffa4e6181777692565cf28528fc88fd1516ea86b56da075235fa575af6a4b855,0x00000000000000000000000067d40ee1a85bf4a4bb7ffae16de985e8427b6b45,,0xc906e9c4c438d14370054a16182fdef13d8decf34b5827dda5970d4efdbb58a9
98961813,2023-06-08 06:30:11.000 UTC,0xaf88d065e77c8cc2239327c5edb3a432268e5831,0x,0xffa4e6181777692565cf28528fc88fd1516ea86b56da075235fa575af6a4b855,0x0000000000000000000000006f1ca141a28907f78ebaa64fb83a9088b02a8352,,0x81d8d3030095d97c4515b10d26f20cc6064484b64595480d45d8547be753f670
98962089,2023-06-08 06:31:20.000 UTC,0xaf88d065e77c8cc2239327c5edb3a432268e5831,0x,0xffa4e6181777692565cf28528fc88fd1516ea86b56da075235fa575af6a4b855,0x0000000000000000000000006acdfba02d390b97ac2b2d42a63e85293bcc160e,,0x73a02ce423b26e09cd93630232a15ec9c6b3587c3b7dbc0b5ac35df2424a8ba1
98962256,2023-06-08 06:32:01.000 UTC,0xaf88d065e77c8cc2239327c5edb3a432268e5831,0x,0xffa4e6181777692565cf28528fc88fd1516ea86b56da075235fa575af6a4b855,0x00000000000000000000000048549a34ae37b12f6a30566245176994e17c6b4a,,0x733d2a5ce92afb85174705c23bce86ab742735b3383264998306fcd26364daf4
98962442,2023-06-08 06:32:49.000 UTC,0xaf88d065e77c8cc2239327c5edb3a432268e5831,0x,0xffa4e6181777692565cf28528fc88fd1516ea86b56da075235fa575af6a4b855,0x0000000000000000000000005512d943ed1f7c8a43f3435c85f7ab68b30121b0,,0xfce6b9bce68837c4e8fae2c13045c0e0fb56a24da5a7568900c4df7e642674f7
98962666,2023-06-08 06:33:46.000 UTC,0xaf88d065e77c8cc2239327c5edb3a432268e5831,0x,0xffa4e6181777692565cf28528fc88fd1516ea86b56da075235fa575af6a4b855,0x000000000000000000000000c455f7fd3e0e12afd51fba5c106909934d8a0e4a,,0x80a246bde544de8fedb0289d5f8b1341fb8e4223417008186bb617d369afd3d5
98962879,2023-06-08 06:34:42.000 UTC,0xaf88d065e77c8cc2239327c5edb3a432268e5831,0x,0xffa4e6181777692565cf28528fc88fd1516ea86b56da075235fa575af6a4b855,0x0000000000000000000000002f389ce8bd8ff92de3402ffce4691d17fc4f6535,,0xcc6c98fbd7cd577b27d12d659f3c01a0d0ef969d040ba2e443acd074819b02aa
98963142,2023-06-08 06:35:49.000 UTC,0xaf88d065e77c8cc2239327c5edb3a432268e5831,0x,0xffa4e6181777692565cf28528fc88fd1516ea86b56da075235fa575af6a4b855,0x00000000000000000000000019aa5fe80d33a56d56c78e82ea5e50e5d80b4dff,,0xf92dd8498c8f9e02d552d00f31835bc18ff5e1431a45ee02c4666e427e1a88d5
98963396,2023-06-08 06:36:53.000 UTC,0xaf88d065e77c8cc2239327c5edb3a432268e5831,0x,0xffa4e6181777692565cf28528fc88fd1516ea86b56da075235fa575af6a4b855,0x000000000000000000000000e7aa314c77f4233c18c6cc84384a9247c0cf367b,,0x618bbaadd6519d48dab5f4b9d113e6b196fa68b0ab519bad9d39dcd61586c862
98963624,2023-06-08 06:37:50.000 UTC,0xaf88d065e77c8cc2239327c5edb3a432268e5831,0x,0xffa4e6181777692565cf28528fc88fd1516ea86b56da075235fa575af6a4b855,0x000000000000000000000000308ed4b7b49797e1a98d3818bff6fe5385410370,,0x48ebc3d6620509bf466912dd39485fe7ab669d4eee4381f0c7f45e81cdadd399
98963855,2023-06-08 06:38:47.000 UTC,0xaf88d065e77c8cc2239327c5edb3a432268e5831,0x,0xffa4e6181777692565cf28528fc88fd1516ea86b56da075235fa575af6a4b855,0x000000000000000000000000fec8a60023265364d066a1212fde3930f6ae8da7,,0x69d3436eac018ca45732357f8f8a136af9bdd8c3c9e87d1748c755379b069cb2
98964051,2023-06-08 06:39:36.000 UTC,0xaf88d065e77c8cc2239327c5edb3a432268e5831,0x,0xffa4e6181777692565cf28528fc88fd1516ea86b56da075235fa575af6a4b855,0x0000000000000000000000008576acc5c05d6ce88f4e49bf65bdf0c62f91353c,,0xbc507e95f7d683b55e867d0096cd39572ef09db47f9031905cfc0cbdb33378e9
98964311,2023-06-08 06:40:41.000 UTC,0xaf88d065e77c8cc2239327c5edb3a432268e5831,0x,0xffa4e6181777692565cf28528fc88fd1516ea86b56da075235fa575af6a4b855,0x000000000000000000000000901bb9583b24d97e995513c6778dc6888ab6870e,,0x500e5d4a20fc70e30850b78334c07318cfe324cf790d01034120edb787374bee
98964516,2023-06-08 06:41:34.000 UTC,0xaf88d065e77c8cc2239327c5edb3a432268e5831,0x,0xffa4e6181777692565cf28528fc88fd1516ea86b56da075235fa575af6a4b855,0x0000000000000000000000007ff9cfad3877f21d41da833e2f775db0569ee3d9,,0xcab19d002018ed679d8985b1c20b19fa245d6128befff04835622657509bb1e5
98964818,2023-06-08 06:42:51.000 UTC,0xaf88d065e77c8cc2239327c5edb3a432268e5831,0x,0xffa4e6181777692565cf28528fc88fd1516ea86b56da075235fa575af6a4b855,0x000000000000000000000000098b716b8aaf21512996dc57eb0615e2383e2f96,,0xf895ff5a7294bba202131f33478d3f3969e7014d99382fa2affc40d1dfd2f3d2
98965018,2023-06-08 06:43:41.000 UTC,0xaf88d065e77c8cc2239327c5edb3a432268e5831,0x,0xffa4e6181777692565cf28528fc88fd1516ea86b56da075235fa575af6a4b855,0x000000000000000000000000a0e1c89ef1a489c9c7de96311ed5ce5d32c20e4b,,0x3118e34540ebca48ca206f189531d25d27bd18ffb7a8bd48bfbee87b0acda7f9
98965257,2023-06-08 06:44:42.000 UTC,0xaf88d065e77c8cc2239327c5edb3a432268e5831,0x,0xffa4e6181777692565cf28528fc88fd1516ea86b56da075235fa575af6a4b855,0x0000000000000000000000003cffd56b47b7b41c56258d9c7731abadc360e073,,0x8329ba342c0d85169da96036c7ead8acd8a3154d90182887f95ae953779c267d
98965454,2023-06-08 06:45:30.000 UTC,0xaf88d065e77c8cc2239327c5edb3a432268e5831,0x,0xffa4e6181777692565cf28528fc88fd1516ea86b56da075235fa575af6a4b855,0x00000000000000000000000053b6936513e738f44fb50d2b9476730c0ab3bfc1,,0x9070e0f35d8b2310993b944122ec2e37320fbe3cdfdad944d4c77c2fafebf9d7
98965740,2023-06-08 06:46:42.000 UTC,0xaf88d065e77c8cc2239327c5edb3a432268e5831,0x,0xffa4e6181777692565cf28528fc88fd1516ea86b56da075235fa575af6a4b855,0x000000000000000000000000cce63fd31e9053c110c74cebc37c8e358a6aa5bd,,0x9ddcb585404feb4e3bd5ee3a237c737eac3c3119879ad161643eae3dbbecf67b
98965927,2023-06-08 06:47:29.000 UTC,0xaf88d065e77c8cc2239327c5edb3a432268e5831,0x,0xffa4e6181777692565cf28528fc88fd1516ea86b56da075235fa575af6a4b855,0x00000000000000000000000035fb6f6db4fb05e6a4ce86f2c93691425626d4b1,,0x26aac64732c4a209252eb8ada6b7946c1949b5e554f35211482ba7b14bcc4e04
98966177,2023-06-08 06:48:32.000 UTC,0xaf88d065e77c8cc2239327c5edb3a432268e5831,0x,0xffa4e6181777692565cf28528fc88fd1516ea86b56da075235fa575af6a4b855,0x000000000000000000000000f7b31119c2682c88d88d455dbb9d5932c65cf1be,,0x95be317cb1df9a9338a192f2c96d50a3f484340d1a8188c646ab3b1cdd5f011c
98966515,2023-06-08 06:49:58.000 UTC,0xaf88d065e77c8cc2239327c5edb3a432268e5831,0x,0xffa4e6181777692565cf28528fc88fd1516ea86b56da075235fa575af6a4b855,0x0000000000000000000000003e37627deaa754090fbfbb8bd226c1ce66d255e9,,0xf750c9d102b521ed8667fce2d61988ba9426b3b2f71cb7c650b0649ea4b66fdb
98966742,2023-06-08 06:50:55.000 UTC,0xaf88d065e77c8cc2239327c5edb3a432268e5831,0x,0xffa4e6181777692565cf28528fc88fd1516ea86b56da075235fa575af6a4b855,0x00000000000000000000000008723392ed15743cc38513c4925f5e6be5c17243,,0x76bcab80c1e30c324bf6f025beb5a2c084329523481f3c2bf4bba31fa610ad76
98966961,2023-06-08 06:51:47.000 UTC,0xaf88d065e77c8cc2239327c5edb3a432268e5831,0x,0xffa4e6181777692565cf28528fc88fd1516ea86b56da075235fa575af6a4b855,0x0000000000000000000000008589427373d6d84e98730d7795d8f6f8731fda16,,0xe9bc873fac53e9830e140979a0687fd8751bb6be233d04d0c582c0b04749d5e0
98967319,2023-06-08 06:53:17.000 UTC,0xaf88d065e77c8cc2239327c5edb3a432268e5831,0x,0xffa4e6181777692565cf28528fc88fd1516ea86b56da075235fa575af6a4b855,0x000000000000000000000000722122df12d4e14e13ac3b6895a86e84145b6967,,0xe5b480bd34ea4ebe5d03a2f6a4b65aa69dd55700b124dcc3c3251d9cc8bf014d
98967514,2023-06-08 06:54:06.000 UTC,0xaf88d065e77c8cc2239327c5edb3a432268e5831,0x,0xffa4e6181777692565cf28528fc88fd1516ea86b56da075235fa575af6a4b855,0x000000000000000000000000dd4c48c0b24039969fc16d1cdf626eab821d3384,,0x65f15d34dc356c1b05e6bc8b4b085d57ff8dace38b8533963e8b538ea79261b1
98967699,2023-06-08 06:54:53.000 UTC,0xaf88d065e77c8cc2239327c5edb3a432268e5831,0x,0xffa4e6181777692565cf28528fc88fd1516ea86b56da075235fa575af6a4b855,0x000000000000000000000000d90e2f925da726b50c4ed8d0fb90ad053324f31b,,0xb7c17b14ef94be6fdf8942462b8990d347b15ac23004b679d98d52db8e910ed7
98967961,2023-06-08 06:55:59.000 UTC,0xaf88d065e77c8cc2239327c5edb3a432268e5831,0x,0xffa4e6181777692565cf28528fc88fd1516ea86b56da075235fa575af6a4b855,0x000000000000000000000000d96f2b1c14db8458374d9aca76e26c3d18364307,,0x9886cc6951bbc7ddc1035cb07b40d636210b9e838fd33df11bf2c252a3c9f840
98968152,2023-06-08 06:56:48.000 UTC,0xaf88d065e77c8cc2239327c5edb3a432268e5831,0x,0xffa4e6181777692565cf28528fc88fd1516ea86b56da075235fa575af6a4b855,0x0000000000000000000000004736dcf1b7a3d580672cce6e7c65cd5cc9cfba9d,,0x867fad440dc0a2d4e6e96dc2b98813a08b92cd4f10f4cb9c002471356780122a
98968330,2023-06-08 06:57:35.000 UTC,0xaf88d065e77c8cc2239327c5edb3a432268e5831,0x,0xffa4e6181777692565cf28528fc88fd1516ea86b56da075235fa575af6a4b855,0x000000000000000000000000d4b88df4d29f5cedd6857912842cff3b20c8cfa3,,0x15d295dd6f738c44676fe5de49db3f052a728df50f000ffe636682301eb6f163
98968837,2023-06-08 06:59:43.000 UTC,0xaf88d065e77c8cc2239327c5edb3a432268e5831,0x,0xffa4e6181777692565cf28528fc88fd1516ea86b56da075235fa575af6a4b855,0x000000000000000000000000910cbd523d972eb0a6f4cae4618ad62622b39dbf,,0xbc05eb9bca349152cd84536f84e379a92591fa148d8081683ca763b61d3c76ac
98969044,2023-06-08 07:00:36.000 UTC,0xaf88d065e77c8cc2239327c5edb3a432268e5831,0x,0xffa4e6181777692565cf28528fc88fd1516ea86b56da075235fa575af6a4b855,0x000000000000000000000000a160cdab225685da1d56aa342ad8841c3b53f291,,0x475cc6f0e84a256b8c8e688bcecaeaf4059875b452d73aee11149bb2644a72f6
98969306,2023-06-08 07:01:42.000 UTC,0xaf88d065e77c8cc2239327c5edb3a432268e5831,0x,0xffa4e6181777692565cf28528fc88fd1516ea86b56da075235fa575af6a4b855,0x000000000000000000000000fd8610d20aa15b7b2e3be39b396a1bc3516c7144,,0x76967a525770268f3dc2b8cd2da56b21121b381fd3069861cec6a5125c1b6923
98969499,2023-06-08 07:02:31.000 UTC,0xaf88d065e77c8cc2239327c5edb3a432268e5831,0x,0xffa4e6181777692565cf28528fc88fd1516ea86b56da075235fa575af6a4b855,0x000000000000000000000000f60dd140cff0706bae9cd734ac3ae76ad9ebc32a,,0xa2a9cca14e50cf11ce294feda8ba6d7018ec1d8d2ff0dedf78d24443f364f9b2
98969678,2023-06-08 07:03:16.000 UTC,0xaf88d065e77c8cc2239327c5edb3a432268e5831,0x,0xffa4e6181777692565cf28528fc88fd1516ea86b56da075235fa575af6a4b855,0x00000000000000000000000022aaa7720ddd5388a3c0a3333430953c68f1849b,,0x36a7af0d6ddc724bca64bdcdc0107c2fd9962f0631add9a069b7744120436de6
98974111,2023-06-08 07:21:47.000 UTC,0xaf88d065e77c8cc2239327c5edb3a432268e5831,0x,0xffa4e6181777692565cf28528fc88fd1516ea86b56da075235fa575af6a4b855,0x000000000000000000000000ba214c1c1928a32bffe790263e38b4af9bfcd659,,0x6e434f4ae5be2a688aed71d2f1e693c0c12789f49bb60e78ae07637671ff2366
98974648,2023-06-08 07:23:59.000 UTC,0xaf88d065e77c8cc2239327c5edb3a432268e5831,0x,0xffa4e6181777692565cf28528fc88fd1516ea86b56da075235fa575af6a4b855,0x000000000000000000000000b1c8094b234dce6e03f10a5b673c1d8c69739a00,,0xbe9cec28905f318c7cfe3db14602f6ef34813014002d62735a4ded30ad7345b0
98974979,2023-06-08 07:25:22.000 UTC,0xaf88d065e77c8cc2239327c5edb3a432268e5831,0x,0xffa4e6181777692565cf28528fc88fd1516ea86b56da075235fa575af6a4b855,0x000000000000000000000000527653ea119f3e6a1f5bd18fbf4714081d7b31ce,,0xefd47aa11193a2ea39125e3bfb902d4a71186424aa210610d756a6985dc24c01
98975273,2023-06-08 07:26:37.000 UTC,0xaf88d065e77c8cc2239327c5edb3a432268e5831,0x,0xffa4e6181777692565cf28528fc88fd1516ea86b56da075235fa575af6a4b855,0x00000000000000000000000058e8dcc13be9780fc42e8723d8ead4cf46943df2,,0x76c38b72851d9d38d5cf0350a74dcad3d6a9fddb84370ef7a101f13d832affb0
98975909,2023-06-08 07:29:18.000 UTC,0xaf88d065e77c8cc2239327c5edb3a432268e5831,0x,0xffa4e6181777692565cf28528fc88fd1516ea86b56da075235fa575af6a4b855,0x000000000000000000000000d691f27f38b395864ea86cfc7253969b409c362d,,0x198079cd6dd57042fb8ff113e0d72f5a298555bed5eaa5b9a0c450fd4c09b6a9
98977014,2023-06-08 07:33:55.000 UTC,0xaf88d065e77c8cc2239327c5edb3a432268e5831,0x,0xffa4e6181777692565cf28528fc88fd1516ea86b56da075235fa575af6a4b855,0x000000000000000000000000aeaac358560e11f52454d997aaff2c5731b6f8a6,,0xc46843226b9cec82e6cabbf5a0e9ff95495fb0bf002af606cc31077d001c2777
98977478,2023-06-08 07:35:52.000 UTC,0xaf88d065e77c8cc2239327c5edb3a432268e5831,0x,0xffa4e6181777692565cf28528fc88fd1516ea86b56da075235fa575af6a4b855,0x0000000000000000000000001356c899d8c9467c7f71c195612f8a395abf2f0a,,0x0290cb6c2e779911b612e0f2a83f1c5fa1b0dbb5c0b3e740e27a97b05997dbaf
98977928,2023-06-08 07:37:43.000 UTC,0xaf88d065e77c8cc2239327c5edb3a432268e5831,0x,0xffa4e6181777692565cf28528fc88fd1516ea86b56da075235fa575af6a4b855,0x000000000000000000000000a60c772958a3ed56c1f15dd055ba37ac8e523a0d,,0xa44894177611ff6a61499c600d757e5230639fe25281ea98bb016a1b16ca6471
98978407,2023-06-08 07:39:43.000 UTC,0xaf88d065e77c8cc2239327c5edb3a432268e5831,0x,0xffa4e6181777692565cf28528fc88fd1516ea86b56da075235fa575af6a4b855,0x000000000000000000000000169ad27a470d064dede56a2d3ff727986b15d52b,,0x277e3ec636dc7b4f5117ea2a378f130f5d3042d40769b8e58798bfd4ed7fe639
98978938,2023-06-08 07:41:57.000 UTC,0xaf88d065e77c8cc2239327c5edb3a432268e5831,0x,0xffa4e6181777692565cf28528fc88fd1516ea86b56da075235fa575af6a4b855,0x0000000000000000000000000836222f2b2b24a3f36f98668ed8f0b38d1a872f,,0xcafc57b841f1d5a28d38db3dd455ba93ed33773f807e87bc008c2c5d37ff384a
98979270,2023-06-08 07:43:19.000 UTC,0xaf88d065e77c8cc2239327c5edb3a432268e5831,0x,0xffa4e6181777692565cf28528fc88fd1516ea86b56da075235fa575af6a4b855,0x000000000000000000000000f67721a2d8f736e75a49fdd7fad2e31d8676542a,,0x008d1613c54a0ebde11ac83e6a70c72ddf357bb834c81278166541aafeedd332
98979591,2023-06-08 07:44:40.000 UTC,0xaf88d065e77c8cc2239327c5edb3a432268e5831,0x,0xffa4e6181777692565cf28528fc88fd1516ea86b56da075235fa575af6a4b855,0x0000000000000000000000009ad122c22b14202b4490edaf288fdb3c7cb3ff5e,,0x03bf20b696baed5a77fb5941b5b9a61a25266fcab4103b566a7e540a3ad2bf57
98979945,2023-06-08 07:46:09.000 UTC,0xaf88d065e77c8cc2239327c5edb3a432268e5831,0x,0xffa4e6181777692565cf28528fc88fd1516ea86b56da075235fa575af6a4b855,0x00000000000000000000000007687e702b410fa43f4cb4af7fa097918ffd2730,,0x306521f328bf1331f4c8c60d19913f67d47ab13f4700050fff26cfb8ed005687
98980413,2023-06-08 07:48:07.000 UTC,0xaf88d065e77c8cc2239327c5edb3a432268e5831,0x,0xffa4e6181777692565cf28528fc88fd1516ea86b56da075235fa575af6a4b855,0x00000000000000000000000094a1b5cdb22c43faab4abeb5c74999895464ddaf,,0xff69eb8a783d561b3979a6237f416faf282021a3f2446e57d44ace6c57c5e0dc
98980911,2023-06-08 07:50:10.000 UTC,0xaf88d065e77c8cc2239327c5edb3a432268e5831,0x,0xffa4e6181777692565cf28528fc88fd1516ea86b56da075235fa575af6a4b855,0x000000000000000000000000b541fc07bc7619fd4062a54d96268525cbc6ffef,,0x33b25f20f8ba1e139d6ce70ff44ced7c6e5671472bb07669e7c488ce48258947
98981122,2023-06-08 07:51:04.000 UTC,0xaf88d065e77c8cc2239327c5edb3a432268e5831,0x,0xffa4e6181777692565cf28528fc88fd1516ea86b56da075235fa575af6a4b855,0x00000000000000000000000012d66f87a04a9e220743712ce6d9bb1b5616b8fc,,0x5db27bdb6ce3d97fad308a177e859999ed09988692dc71734cbdfe68e1d180b2
98981548,2023-06-08 07:52:50.000 UTC,0xaf88d065e77c8cc2239327c5edb3a432268e5831,0x,0xffa4e6181777692565cf28528fc88fd1516ea86b56da075235fa575af6a4b855,0x00000000000000000000000047ce0c6ed5b0ce3d3a51fdb1c52dc66a7c3c2936,,0x5e8cbc32f1777e60860cbdd5b38cf7f3a4c1cf2090deb7aaa6e69edf4b82841e
98981856,2023-06-08 07:54:08.000 UTC,0xaf88d065e77c8cc2239327c5edb3a432268e5831,0x,0xffa4e6181777692565cf28528fc88fd1516ea86b56da075235fa575af6a4b855,0x00000000000000000000000023773e65ed146a459791799d01336db287f25334,,0xb552a758f1c038395fde7521b26104942113216c16a053175ea4afbfa5978eb7
98982375,2023-06-08 07:56:17.000 UTC,0xaf88d065e77c8cc2239327c5edb3a432268e5831,0x,0xffa4e6181777692565cf28528fc88fd1516ea86b56da075235fa575af6a4b855,0x000000000000000000000000d21be7248e0197ee08e0c20d4a96debdac3d20af,,0x7e523f9eca95b33815f1e6231bfb0bb590a0c98ef97b10f4459a574a14cafbb0
98982654,2023-06-08 07:57:28.000 UTC,0xaf88d065e77c8cc2239327c5edb3a432268e5831,0x,0xffa4e6181777692565cf28528fc88fd1516ea86b56da075235fa575af6a4b855,0x000000000000000000000000610b717796ad172b316836ac95a2ffad065ceab4,,0x90b7ab2aa4f0302d315db1fb439b4b470d03955c3afa90e3c41353a577a6af96
98983258,2023-06-08 08:00:00.000 UTC,0xaf88d065e77c8cc2239327c5edb3a432268e5831,0x,0xffa4e6181777692565cf28528fc88fd1516ea86b56da075235fa575af6a4b855,0x000000000000000000000000178169b423a011fff22b9e3f3abea13414ddd0f1,,0x82e48b97473532b9ffe6b88127d43a03b0d45aac67ee055e451d86cc2aacd5ca
98983550,2023-06-08 08:01:14.000 UTC,0xaf88d065e77c8cc2239327c5edb3a432268e5831,0x,0xffa4e6181777692565cf28528fc88fd1516ea86b56da075235fa575af6a4b855,0x000000000000000000000000bb93e510bbcd0b7beb5a853875f9ec60275cf498,,0x129260b7856fa91f693046f3dd822941172ce6f0be95cee1cf0d2cd33087a88e
98983983,2023-06-08 08:03:00.000 UTC,0xaf88d065e77c8cc2239327c5edb3a432268e5831,0x,0xffa4e6181777692565cf28528fc88fd1516ea86b56da075235fa575af6a4b855,0x0000000000000000000000002717c5e28cf931547b621a5dddb772ab6a35b701,,0x7f910ba914c10c70371f4a11e5dbf661d65c6118d4e61c0a3775d2a547911fda
98984368,2023-06-08 08:04:38.000 UTC,0xaf88d065e77c8cc2239327c5edb3a432268e5831,0x,0xffa4e6181777692565cf28528fc88fd1516ea86b56da075235fa575af6a4b855,0x00000000000000000000000003893a7c7463ae47d46bc7f091665f1893656003,,0x262257e34834bda76ab06b8f4dd2a69cdf3b1e8f17e3c4b0cddcd9420e6a62f7
98990177,2023-06-08 08:28:54.000 UTC,0xaf88d065e77c8cc2239327c5edb3a432268e5831,0x,0xffa4e6181777692565cf28528fc88fd1516ea86b56da075235fa575af6a4b855,0x000000000000000000000000ca0840578f57fe71599d29375e16783424023357,,0x97f0dbd4d5e0273ebd24597bf79e720c5d32a3d3035fe61cba17e97e87128572
98992151,2023-06-08 08:37:08.000 UTC,0xaf88d065e77c8cc2239327c5edb3a432268e5831,0x,0xffa4e6181777692565cf28528fc88fd1516ea86b56da075235fa575af6a4b855,0x000000000000000000000000c2a3829f459b3edd87791c74cd45402ba0a20be3,,0xb5ed046bbfd2471782252fcc389dcf4919050e05307fa54bf27a0a6ce23e15b5
98997998,2023-06-08 09:01:29.000 UTC,0xaf88d065e77c8cc2239327c5edb3a432268e5831,0x,0xffa4e6181777692565cf28528fc88fd1516ea86b56da075235fa575af6a4b855,0x0000000000000000000000003ad9db589d201a710ed237c829c7860ba86510fc,,0x896cc53c3dcc1caa6a2407308d37ba8e09c43bc300c49c9837446f656a3239e9
98998001,2023-06-08 09:01:30.000 UTC,0xaf88d065e77c8cc2239327c5edb3a432268e5831,0x,0xffa4e6181777692565cf28528fc88fd1516ea86b56da075235fa575af6a4b855,0x000000000000000000000000e7800b61479695ec74e4b219f409f67bd1055a27,,0xaa8c1fc34a660e6176cbe30e5b5d973edc3c96f1a292fbadafebf1d49a06603f
98998003,2023-06-08 09:01:30.000 UTC,0xaf88d065e77c8cc2239327c5edb3a432268e5831,0x,0xffa4e6181777692565cf28528fc88fd1516ea86b56da075235fa575af6a4b855,0x00000000000000000000000001e2919679362dfbc9ee1644ba9c6da6d6245bb1,,0x20818214698991200404ae259a3b43a65a62116fc0bf01c9d10d8560bb688964
98998006,2023-06-08 09:01:31.000 UTC,0xaf88d065e77c8cc2239327c5edb3a432268e5831,0x,0xffa4e6181777692565cf28528fc88fd1516ea86b56da075235fa575af6a4b855,0x00000000000000000000000009193888b3f38c82dedfda55259a82c0e7de875e,,0x3259c30e49676a1d70150c4f78126f9030ed6cb3df294627c9ab58a74ad28a58
98998008,2023-06-08 09:01:32.000 UTC,0xaf88d065e77c8cc2239327c5edb3a432268e5831,0x,0xffa4e6181777692565cf28528fc88fd1516ea86b56da075235fa575af6a4b855,0x000000000000000000000000179f48c78f57a3a78f0608cc9197b8972921d1d2,,0xd77f1efae5fe7c5d05dbeaa78ce6e5ea6260d73d87d00c34866ab96f4c742f6c
98998011,2023-06-08 09:01:32.000 UTC,0xaf88d065e77c8cc2239327c5edb3a432268e5831,0x,0xffa4e6181777692565cf28528fc88fd1516ea86b56da075235fa575af6a4b855,0x0000000000000000000000002573bac39ebe2901b4389cd468f2872cf7767faf,,0xba19e0abdbc7b18aa822d9c1fe7eaddeb042f3cf49755738c16a1e36695df1f3
98998014,2023-06-08 09:01:33.000 UTC,0xaf88d065e77c8cc2239327c5edb3a432268e5831,0x,0xffa4e6181777692565cf28528fc88fd1516ea86b56da075235fa575af6a4b855,0x00000000000000000000000026903a5a198d571422b2b4ea08b56a37cbd68c89,,0x288e5247deb9349e24c506b98ac1867ce07686ec1d0f453d1aa21521a44053ec
98998017,2023-06-08 09:01:34.000 UTC,0xaf88d065e77c8cc2239327c5edb3a432268e5831,0x,0xffa4e6181777692565cf28528fc88fd1516ea86b56da075235fa575af6a4b855,0x0000000000000000000000002f50508a8a3d323b91336fa3ea6ae50e55f32185,,0x7af93a07f8cc57e9d25da1dc7e9a799c89ae17a74c4cb3d1ba70193dd1c90f69
98998021,2023-06-08 09:01:35.000 UTC,0xaf88d065e77c8cc2239327c5edb3a432268e5831,0x,0xffa4e6181777692565cf28528fc88fd1516ea86b56da075235fa575af6a4b855,0x0000000000000000000000002fc93484614a34f26f7970cbb94615ba109bb4bf,,0xd45961e9b2721dec23f7301a60e86c16290cd983409266a705e4ad7db38f5be5
98998024,2023-06-08 09:01:36.000 UTC,0xaf88d065e77c8cc2239327c5edb3a432268e5831,0x,0xffa4e6181777692565cf28528fc88fd1516ea86b56da075235fa575af6a4b855,0x0000000000000000000000003efa30704d2b8bbac821307230376556cf8cc39e,,0x261b5bedd294738922b20d3dd912e9d8229a0a45f75a2f30845418ba97b9d307
98998027,2023-06-08 09:01:36.000 UTC,0xaf88d065e77c8cc2239327c5edb3a432268e5831,0x,0xffa4e6181777692565cf28528fc88fd1516ea86b56da075235fa575af6a4b855,0x0000000000000000000000005cab7692d4e94096462119ab7bf57319726eed2a,,0xff29b7f032e98d78c9706e0d9c3c87bab19fd6cbd9a891b08b863db7b1e74e55
98998030,2023-06-08 09:01:37.000 UTC,0xaf88d065e77c8cc2239327c5edb3a432268e5831,0x,0xffa4e6181777692565cf28528fc88fd1516ea86b56da075235fa575af6a4b855,0x0000000000000000000000005efda50f22d34f262c29268506c5fa42cb56a1ce,,0x4a1e225b36a720b96aa79dcb3dfc5059a96a38089c85f05264f441499160e099
98998032,2023-06-08 09:01:38.000 UTC,0xaf88d065e77c8cc2239327c5edb3a432268e5831,0x,0xffa4e6181777692565cf28528fc88fd1516ea86b56da075235fa575af6a4b855,0x0000000000000000000000005f6c97c6ad7bdd0ae7e0dd4ca33a4ed3fdabd4d7,,0x6d927b4339914405c4cc81c535daffd6076821c89c766607d116b7d279ce1c93
98998035,2023-06-08 09:01:38.000 UTC,0xaf88d065e77c8cc2239327c5edb3a432268e5831,0x,0xffa4e6181777692565cf28528fc88fd1516ea86b56da075235fa575af6a4b855,0x000000000000000000000000653477c392c16b0765603074f157314cc4f40c32,,0x53e46aaed69ff39906021d5cf2ac4e3fdb81afbfd8b6e9cfd42610c9e2b10230
98998038,2023-06-08 09:01:39.000 UTC,0xaf88d065e77c8cc2239327c5edb3a432268e5831,0x,0xffa4e6181777692565cf28528fc88fd1516ea86b56da075235fa575af6a4b855,0x000000000000000000000000746aebc06d2ae31b71ac51429a19d54e797878e9,,0x7033bb6c51ecb212baee164e18cc3a2dc5de244a40e466108fbccdf53f72bfb0
98998040,2023-06-08 09:01:40.000 UTC,0xaf88d065e77c8cc2239327c5edb3a432268e5831,0x,0xffa4e6181777692565cf28528fc88fd1516ea86b56da075235fa575af6a4b855,0x000000000000000000000000756c4628e57f7e7f8a459ec2752968360cf4d1aa,,0x50a8df607e756527ff5d5397ef8222484558e536edb9368372dad83e3ff2707e
98998043,2023-06-08 09:01:40.000 UTC,0xaf88d065e77c8cc2239327c5edb3a432268e5831,0x,0xffa4e6181777692565cf28528fc88fd1516ea86b56da075235fa575af6a4b855,0x00000000000000000000000077777feddddffc19ff86db637967013e6c6a116c,,0x10cb98e983fb340500a592f547120712a6b950832993aa482de7009e1db71c3e
98998046,2023-06-08 09:01:41.000 UTC,0xaf88d065e77c8cc2239327c5edb3a432268e5831,0x,0xffa4e6181777692565cf28528fc88fd1516ea86b56da075235fa575af6a4b855,0x00000000000000000000000088fd245fedec4a936e700f9173454d1931b4c307,,0x2d4996fde931258ffa09aabc06c954086e535561dd46bcaf1a6cc8ab267c899c
98998049,2023-06-08 09:01:42.000 UTC,0xaf88d065e77c8cc2239327c5edb3a432268e5831,0x,0xffa4e6181777692565cf28528fc88fd1516ea86b56da075235fa575af6a4b855,0x00000000000000000000000094c92f096437ab9958fc0a37f09348f30389ae79,,0x5f3f283659d4692d0778fc744c92cf35698779c04a644429cdc50ed6a120df2d
98998053,2023-06-08 09:01:43.000 UTC,0xaf88d065e77c8cc2239327c5edb3a432268e5831,0x,0xffa4e6181777692565cf28528fc88fd1516ea86b56da075235fa575af6a4b855,0x000000000000000000000000b04e030140b30c27bcdfaafffa98c57d80eda7b4,,0xb34144263c675f0e75e23f238166fe3df0eb1c61deac890f0b26177b68b860c2
98998055,2023-06-08 09:01:43.000 UTC,0xaf88d065e77c8cc2239327c5edb3a432268e5831,0x,0xffa4e6181777692565cf28528fc88fd1516ea86b56da075235fa575af6a4b855,0x000000000000000000000000b20c66c4de72433f3ce747b58b86830c459ca911,,0x051633ba8f0ac89c90aa0aca6f44fcf77c66ee1df58f0534b187384b3e6d122a
98998057,2023-06-08 09:01:44.000 UTC,0xaf88d065e77c8cc2239327c5edb3a432268e5831,0x,0xffa4e6181777692565cf28528fc88fd1516ea86b56da075235fa575af6a4b855,0x000000000000000000000000cee71753c9820f063b38fdbe4cfdaf1d3d928a80,,0x0fe1113d0fd47fdc862bae9db80617681b686a25c2f46fdda7b72cf4af2542d9
98998059,2023-06-08 09:01:44.000 UTC,0xaf88d065e77c8cc2239327c5edb3a432268e5831,0x,0xffa4e6181777692565cf28528fc88fd1516ea86b56da075235fa575af6a4b855,0x000000000000000000000000d82ed8786d7c69dc7e052f7a542ab047971e73d2,,0x65e05fe6f647f8f890c7f14b8574652937462cf60515fcff5ec86be0f18bd278
98998062,2023-06-08 09:01:45.000 UTC,0xaf88d065e77c8cc2239327c5edb3a432268e5831,0x,0xffa4e6181777692565cf28528fc88fd1516ea86b56da075235fa575af6a4b855,0x000000000000000000000000f4b067dd14e95bab89be928c07cb22e3c94e0daa,,0xb31a2d22eb04ed1dc8c4e950b207d472df034cab8da78d68d6d858813f9a5e25
98998064,2023-06-08 09:01:46.000 UTC,0xaf88d065e77c8cc2239327c5edb3a432268e5831,0x,0xffa4e6181777692565cf28528fc88fd1516ea86b56da075235fa575af6a4b855,0x000000000000000000000000ffbac21a641dcfe4552920138d90f3638b3c9fba,,0xf3bcd417ee9d6395ec16a512b707c92bca700b3f3f3fe5b903c71f5d76b45904
98998067,2023-06-08 09:01:46.000 UTC,0xaf88d065e77c8cc2239327c5edb3a432268e5831,0x,0xffa4e6181777692565cf28528fc88fd1516ea86b56da075235fa575af6a4b855,0x000000000000000000000000d692fd2d0b2fbd2e52cfa5b5b9424bc981c30696,,0x65c605070801ec36312b08f0cad5a0277d5b4699a1072381bc53e8cb3729d5eb
98998070,2023-06-08 09:01:47.000 UTC,0xaf88d065e77c8cc2239327c5edb3a432268e5831,0x,0xffa4e6181777692565cf28528fc88fd1516ea86b56da075235fa575af6a4b855,0x000000000000000000000000d8d7de3349ccaa0fde6298fe6d7b7d0d34586193,,0x6c1756e8187f56abd0ed0633ec539c8ebaec8bf3cb17a4b317ff6350795a182a
98998074,2023-06-08 09:01:48.000 UTC,0xaf88d065e77c8cc2239327c5edb3a432268e5831,0x,0xffa4e6181777692565cf28528fc88fd1516ea86b56da075235fa575af6a4b855,0x000000000000000000000000df3a408c53e5078af6e8fb2a85088d46ee09a61b,,0x10d31ca408176ffc5782cd80d97b7bc8f0c8e0fcda02f6676dec908de393b636
98998077,2023-06-08 09:01:49.000 UTC,0xaf88d065e77c8cc2239327c5edb3a432268e5831,0x,0xffa4e6181777692565cf28528fc88fd1516ea86b56da075235fa575af6a4b855,0x0000000000000000000000001e34a77868e19a6647b1f2f47b51ed72dede95dd,,0xc1ecbd02cafe3b7f0da0782ba00b001e6cf7d86db42cd3209d3991437103ff7b
98998081,2023-06-08 09:01:50.000 UTC,0xaf88d065e77c8cc2239327c5edb3a432268e5831,0x,0xffa4e6181777692565cf28528fc88fd1516ea86b56da075235fa575af6a4b855,0x00000000000000000000000023173fe8b96a4ad8d2e17fb83ea5dcccdca1ae52,,0xf346cf79690867b21584cb4dedc369690d5a6ce869f83e5d9f8252b6846776dc
98998084,2023-06-08 09:01:51.000 UTC,0xaf88d065e77c8cc2239327c5edb3a432268e5831,0x,0xffa4e6181777692565cf28528fc88fd1516ea86b56da075235fa575af6a4b855,0x000000000000000000000000242654336ca2205714071898f67e254eb49acdce,,0xa9fadac6dea1d03c57249f62f384a42120011bbb14a33bfa70dc3a0f55ce41c9
98998088,2023-06-08 09:01:52.000 UTC,0xaf88d065e77c8cc2239327c5edb3a432268e5831,0x,0xffa4e6181777692565cf28528fc88fd1516ea86b56da075235fa575af6a4b855,0x000000000000000000000000330bdfade01ee9bf63c209ee33102dd334618e0a,,0xcf3b525073bb8e7246d36a36978ae2409a443a0dc98e689e38babb34125fee3b
98998093,2023-06-08 09:01:53.000 UTC,0xaf88d065e77c8cc2239327c5edb3a432268e5831,0x,0xffa4e6181777692565cf28528fc88fd1516ea86b56da075235fa575af6a4b855,0x0000000000000000000000003aac1cc67c2ec5db4ea850957b967ba153ad6279,,0x3869022ea584ba09ea5450d98970c57bf97b5be44166635098ec45c6cf742a42
98998096,2023-06-08 09:01:54.000 UTC,0xaf88d065e77c8cc2239327c5edb3a432268e5831,0x,0xffa4e6181777692565cf28528fc88fd1516ea86b56da075235fa575af6a4b855,0x000000000000000000000000407cceeaa7c95d2fe2250bf9f2c105aa7aafb512,,0xca6002ab6d839a19be9717779e15397efa56b138bea01763af10cf1067e01476
98998099,2023-06-08 09:01:54.000 UTC,0xaf88d065e77c8cc2239327c5edb3a432268e5831,0x,0xffa4e6181777692565cf28528fc88fd1516ea86b56da075235fa575af6a4b855,0x000000000000000000000000538ab61e8a9fc1b2f93b3dd9011d662d89be6fe6,,0xead132fdb22816fc24dda64805e769ced1a9bd9884d090a5379be9e50ff07672
98998103,2023-06-08 09:01:55.000 UTC,0xaf88d065e77c8cc2239327c5edb3a432268e5831,0x,0xffa4e6181777692565cf28528fc88fd1516ea86b56da075235fa575af6a4b855,0x00000000000000000000000057b2b8c82f065de8ef5573f9730fc1449b403c9f,,0xb24d92843284923440e57c1cbb9267e62a9f0d07950f5e21573b739fd86e5f78
98998106,2023-06-08 09:01:56.000 UTC,0xaf88d065e77c8cc2239327c5edb3a432268e5831,0x,0xffa4e6181777692565cf28528fc88fd1516ea86b56da075235fa575af6a4b855,0x0000000000000000000000006bf694a291df3fec1f7e69701e3ab6c592435ae7,,0x06afb15515477d2ed64ed59252947b1f5d1029310f73c4c10ca882c4d636acce
98998109,2023-06-08 09:01:57.000 UTC,0xaf88d065e77c8cc2239327c5edb3a432268e5831,0x,0xffa4e6181777692565cf28528fc88fd1516ea86b56da075235fa575af6a4b855,0x000000000000000000000000723b78e67497e85279cb204544566f4dc5d2aca0,,0x440d71a6ddf2707838d9f8dac7abbbbc732208b235ce29b51de110c1a38f24f8
98998112,2023-06-08 09:01:58.000 UTC,0xaf88d065e77c8cc2239327c5edb3a432268e5831,0x,0xffa4e6181777692565cf28528fc88fd1516ea86b56da075235fa575af6a4b855,0x000000000000000000000000743494b60097a2230018079c02fe21a7b687eaa5,,0x3662d35c45b7643d02d274171767e8d075c14b17a394da49de59a7c291522278
98998115,2023-06-08 09:01:58.000 UTC,0xaf88d065e77c8cc2239327c5edb3a432268e5831,0x,0xffa4e6181777692565cf28528fc88fd1516ea86b56da075235fa575af6a4b855,0x00000000000000000000000076d85b4c0fc497eecc38902397ac608000a06607,,0xe3cff2e62c5980d55aa67e43ee068e6b8d7c4165ff87d60ca880c50f21ac3e29
98998117,2023-06-08 09:01:59.000 UTC,0xaf88d065e77c8cc2239327c5edb3a432268e5831,0x,0xffa4e6181777692565cf28528fc88fd1516ea86b56da075235fa575af6a4b855,0x000000000000000000000000776198ccf446dfa168347089d7338879273172cf,,0xeb9e72e1747a2f49a85e547afae31df9ee47b093ac459d87d8fa6e214a62548f
98998120,2023-06-08 09:02:00.000 UTC,0xaf88d065e77c8cc2239327c5edb3a432268e5831,0x,0xffa4e6181777692565cf28528fc88fd1516ea86b56da075235fa575af6a4b855,0x0000000000000000000000008281aa6795ade17c8973e1aedca380258bc124f9,,0x26b2b8927a1dc499e40fd539416dabab9cb1b0e240a4f7027f2476168e852fd3
98998124,2023-06-08 09:02:01.000 UTC,0xaf88d065e77c8cc2239327c5edb3a432268e5831,0x,0xffa4e6181777692565cf28528fc88fd1516ea86b56da075235fa575af6a4b855,0x000000000000000000000000833481186f16cece3f1eeea1a694c42034c3a0db,,0xe1deed02aad8c2d7325bd16d377f40d84b1752a8506dacbf48416d9648073bf0
98998127,2023-06-08 09:02:01.000 UTC,0xaf88d065e77c8cc2239327c5edb3a432268e5831,0x,0xffa4e6181777692565cf28528fc88fd1516ea86b56da075235fa575af6a4b855,0x00000000000000000000000084443cfd09a48af6ef360c6976c5392ac5023a1f,,0x5c14ab337a330c4fea8731634335d83a55db03120d24decd3934422870a04c21
98998131,2023-06-08 09:02:02.000 UTC,0xaf88d065e77c8cc2239327c5edb3a432268e5831,0x,0xffa4e6181777692565cf28528fc88fd1516ea86b56da075235fa575af6a4b855,0x00000000000000000000000094be88213a387e992dd87de56950a9aef34b9448,,0xa06a84c651c4d6d1246968fd73a92653c80e2679b4c3baab26e40cfab4a7a973
98998134,2023-06-08 09:02:03.000 UTC,0xaf88d065e77c8cc2239327c5edb3a432268e5831,0x,0xffa4e6181777692565cf28528fc88fd1516ea86b56da075235fa575af6a4b855,0x000000000000000000000000a5c2254e4253490c54cef0a4347fddb8f75a4998,,0x88c3705d5207820aa433652801a3ef92db8158dd44ec120e19a990d99bdbb610
98998136,2023-06-08 09:02:04.000 UTC,0xaf88d065e77c8cc2239327c5edb3a432268e5831,0x,0xffa4e6181777692565cf28528fc88fd1516ea86b56da075235fa575af6a4b855,0x000000000000000000000000af4c0b70b2ea9fb7487c7cbb37ada259579fe040,,0x00162c10c74bdb4bb95529d8305ee3923a094d2e5f1905a20ff7da9712c3a8d0
98998139,2023-06-08 09:02:04.000 UTC,0xaf88d065e77c8cc2239327c5edb3a432268e5831,0x,0xffa4e6181777692565cf28528fc88fd1516ea86b56da075235fa575af6a4b855,0x000000000000000000000000af8d1839c3c67cf571aa74b5c12398d4901147b3,,0x454a19b131af8368b38d35b68782c54dde94a5de5168ee30287493392531d825
98998142,2023-06-08 09:02:05.000 UTC,0xaf88d065e77c8cc2239327c5edb3a432268e5831,0x,0xffa4e6181777692565cf28528fc88fd1516ea86b56da075235fa575af6a4b855,0x000000000000000000000000cc84179ffd19a1627e79f8648d09e095252bc418,,0x1ffc4b05a6747a8b4465407a2a062d188160e067b89c61b693f4ac24fd6d29b7
98998146,2023-06-08 09:02:06.000 UTC,0xaf88d065e77c8cc2239327c5edb3a432268e5831,0x,0xffa4e6181777692565cf28528fc88fd1516ea86b56da075235fa575af6a4b855,0x000000000000000000000000d47438c816c9e7f2e2888e060936a499af9582b3,,0xf692890d233331252f3c319a55aa5888a6a705ebca5735af985fa9f8adf36ff8
98998150,2023-06-08 09:02:07.000 UTC,0xaf88d065e77c8cc2239327c5edb3a432268e5831,0x,0xffa4e6181777692565cf28528fc88fd1516ea86b56da075235fa575af6a4b855,0x000000000000000000000000d5d6f8d9e784d0e26222ad3834500801a68d027d,,0xaa5a25c1e1290147edb4f7c820681daca54fc5c286a5411b5d53fd3b307cc3ed
98998153,2023-06-08 09:02:08.000 UTC,0xaf88d065e77c8cc2239327c5edb3a432268e5831,0x,0xffa4e6181777692565cf28528fc88fd1516ea86b56da075235fa575af6a4b855,0x000000000000000000000000df231d99ff8b6c6cbf4e9b9a945cbacef9339178,,0x5bc38fd8e5c6ada4216ab958a2615cbdffa2b90d7d714abd17c0809f05614519
98998156,2023-06-08 09:02:09.000 UTC,0xaf88d065e77c8cc2239327c5edb3a432268e5831,0x,0xffa4e6181777692565cf28528fc88fd1516ea86b56da075235fa575af6a4b855,0x000000000000000000000000edc5d01286f99a066559f60a585406f3878a033e,,0x54b5b8a71c0c842574815c673d169eb1754604d5874ce3605ff812137947c56a
98998159,2023-06-08 09:02:10.000 UTC,0xaf88d065e77c8cc2239327c5edb3a432268e5831,0x,0xffa4e6181777692565cf28528fc88fd1516ea86b56da075235fa575af6a4b855,0x0000000000000000000000000e3a09dda6b20afbb34ac7cd4a6881493f3e7bf7,,0x8f9153d3527b05fa94abf974b8a24d102801cb975cf7c18900077dbbdf7ac9c8
98998163,2023-06-08 09:02:11.000 UTC,0xaf88d065e77c8cc2239327c5edb3a432268e5831,0x,0xffa4e6181777692565cf28528fc88fd1516ea86b56da075235fa575af6a4b855,0x00000000000000000000000005e0b5b40b7b66098c2161a5ee11c5740a3a7c45,,0xd6ef146615ab3917b047d1aded04a72cc725782ae2e5e339f21912dbd91338d6
98998166,2023-06-08 09:02:11.000 UTC,0xaf88d065e77c8cc2239327c5edb3a432268e5831,0x,0xffa4e6181777692565cf28528fc88fd1516ea86b56da075235fa575af6a4b855,0x000000000000000000000000d0975b32cea532eadddfc9c60481976e39db3472,,0x1cf3fafa878001c437e8969f5f9d9395e8946877bbdd42e3c45d2d07f1223856
98998169,2023-06-08 09:02:12.000 UTC,0xaf88d065e77c8cc2239327c5edb3a432268e5831,0x,0xffa4e6181777692565cf28528fc88fd1516ea86b56da075235fa575af6a4b855,0x0000000000000000000000001967d8af5bd86a497fb3dd7899a020e47560daaf,,0xab1cc21299b79cae7d77517ebc0751505f58b8b755971b70ffac83224f9e69bd
98998171,2023-06-08 09:02:13.000 UTC,0xaf88d065e77c8cc2239327c5edb3a432268e5831,0x,0xffa4e6181777692565cf28528fc88fd1516ea86b56da075235fa575af6a4b855,0x00000000000000000000000083e5bc4ffa856bb84bb88581f5dd62a433a25e0d,,0xbabb61550e4a08f8f56fa83cf40cd86671a223dd6e80885cd4de25a3602bcaca
98998174,2023-06-08 09:02:13.000 UTC,0xaf88d065e77c8cc2239327c5edb3a432268e5831,0x,0xffa4e6181777692565cf28528fc88fd1516ea86b56da075235fa575af6a4b855,0x00000000000000000000000008b2efdcdb8822efe5ad0eae55517cf5dc544251,,0xe184d9c76cff21df5446b3f014ec89bd10e7a5ed4f76ddea77712f050174c3ab
98998177,2023-06-08 09:02:14.000 UTC,0xaf88d065e77c8cc2239327c5edb3a432268e5831,0x,0xffa4e6181777692565cf28528fc88fd1516ea86b56da075235fa575af6a4b855,0x00000000000000000000000004dba1194ee10112fe6c3207c0687def0e78bacf,,0x1e6272e84dd6e744fda07036eb3572aaf971753a2b9eb9e215f8bbac863b296d
98998179,2023-06-08 09:02:15.000 UTC,0xaf88d065e77c8cc2239327c5edb3a432268e5831,0x,0xffa4e6181777692565cf28528fc88fd1516ea86b56da075235fa575af6a4b855,0x0000000000000000000000000ee5067b06776a89ccc7dc8ee369984ad7db5e06,,0x0114ec0b3c0f79b1d920d1b342a3db629ed27c5fcc9037b6e0efd66cfaa60bf3
98998181,2023-06-08 09:02:15.000 UTC,0xaf88d065e77c8cc2239327c5edb3a432268e5831,0x,0xffa4e6181777692565cf28528fc88fd1516ea86b56da075235fa575af6a4b855,0x000000000000000000000000502371699497d08d5339c870851898d6d72521dd,,0x08e4d664fc182d2033392bdf930914125a9e22af13b8d9dfcea87952b4634d90
98998183,2023-06-08 09:02:16.000 UTC,0xaf88d065e77c8cc2239327c5edb3a432268e5831,0x,0xffa4e6181777692565cf28528fc88fd1516ea86b56da075235fa575af6a4b855,0x0000000000000000000000005a14e72060c11313e38738009254a90968f58f51,,0x93238f5815f261a341dae93b4af7df9b2a0112f50ae28e5c8c622e79e76b4a20
98998186,2023-06-08 09:02:16.000 UTC,0xaf88d065e77c8cc2239327c5edb3a432268e5831,0x,0xffa4e6181777692565cf28528fc88fd1516ea86b56da075235fa575af6a4b855,0x000000000000000000000000efe301d259f525ca1ba74a7977b80d5b060b3cca,,0x717f06b47f034d207ce1ea31be5a18adc76db244ccba7884e2854c8a3fdb105c
98998188,2023-06-08 09:02:17.000 UTC,0xaf88d065e77c8cc2239327c5edb3a432268e5831,0x,0xffa4e6181777692565cf28528fc88fd1516ea86b56da075235fa575af6a4b855,0x00000000000000000000000039d908dac893cbcb53cc86e0ecc369aa4def1a29,,0x1680ed032050acde243fb3be230a4dbeefd3a9120513adf58a893daf591277aa
98998191,2023-06-08 09:02:18.000 UTC,0xaf88d065e77c8cc2239327c5edb3a432268e5831,0x,0xffa4e6181777692565cf28528fc88fd1516ea86b56da075235fa575af6a4b855,0x0000000000000000000000004f47bc496083c727c5fbe3ce9cdf2b0f6496270c,,0xeb7215ff13419d5ab7888de8e45697f7813f710802269bdf628ab007f2120fbc
98998194,2023-06-08 09:02:18.000 UTC,0xaf88d065e77c8cc2239327c5edb3a432268e5831,0x,0xffa4e6181777692565cf28528fc88fd1516ea86b56da075235fa575af6a4b855,0x00000000000000000000000038735f03b30fbc022ddd06abed01f0ca823c6a94,,0xef1bf3ca6483e70b42a1ecf36363c6a4691895fb8a931622af951ca09ad9c76b
98998197,2023-06-08 09:02:19.000 UTC,0xaf88d065e77c8cc2239327c5edb3a432268e5831,0x,0xffa4e6181777692565cf28528fc88fd1516ea86b56da075235fa575af6a4b855,0x00000000000000000000000097b1043abd9e6fc31681635166d430a458d14f9c,,0xc860bbdde0ee47e564534299eb95b4bae671eb4c31691feb80d2ab08a9daf4f5
98998200,2023-06-08 09:02:20.000 UTC,0xaf88d065e77c8cc2239327c5edb3a432268e5831,0x,0xffa4e6181777692565cf28528fc88fd1516ea86b56da075235fa575af6a4b855,0x000000000000000000000000b6f5ec1a0a9cd1526536d3f0426c429529471f40,,0x6b5402ea85f9e2d0a3784b4b7a9d0568abe8ce7e6b0dbd7247dbafc7cfa30050
117100629,2023-08-01 13:34:12.000 UTC,0xaf88d065e77c8cc2239327c5edb3a432268e5831,0x,0xffa4e6181777692565cf28528fc88fd1516ea86b56da075235fa575af6a4b855,0x000000000000000000000000d71c94052989e209ba713deb66e0a8f72b913b70,,0xc568e4f57a28677e988976275fd689ccaafcdddeb7693dcecd60510f73959a76
124501472,2023-08-24 12:26:02.000 UTC,0xaf88d065e77c8cc2239327c5edb3a432268e5831,0x,0xffa4e6181777692565cf28528fc88fd1516ea86b56da075235fa575af6a4b855,0x000000000000000000000000dcbeffbecce100cce9e4b153c4e15cb885643193,,0xd33aa6f9ecc38b8af701e89e69b0430dac5ab5c823c9e90346aa31cfc3aa34f3
124501567,2023-08-24 12:26:26.000 UTC,0xaf88d065e77c8cc2239327c5edb3a432268e5831,0x,0xffa4e6181777692565cf28528fc88fd1516ea86b56da075235fa575af6a4b855,0x0000000000000000000000005f48c2a71b2cc96e3f0ccae4e39318ff0dc375b2,,0x3d6d89ef1371570f6c8b9fc35a0a21fb6314400bfbcb0e68be5193c3d0256193
124501629,2023-08-24 12:26:41.000 UTC,0xaf88d065e77c8cc2239327c5edb3a432268e5831,0x,0xffa4e6181777692565cf28528fc88fd1516ea86b56da075235fa575af6a4b855,0x0000000000000000000000005a7a51bfb49f190e5a6060a5bc6052ac14a3b59f,,0x1021a7cb073b49b017b846b59c7a96afaa11650614e0b00fc2b465336cb83174
124501717,2023-08-24 12:27:03.000 UTC,0xaf88d065e77c8cc2239327c5edb3a432268e5831,0x,0xffa4e6181777692565cf28528fc88fd1516ea86b56da075235fa575af6a4b855,0x000000000000000000000000ed6e0a7e4ac94d976eebfb82ccf777a3c6bad921,,0x507e80a5ea4461f63de6c5fdda5adf1baa8b6e0d3303334a13a561dec6bc2caf
124501799,2023-08-24 12:27:25.000 UTC,0xaf88d065e77c8cc2239327c5edb3a432268e5831,0x,0xffa4e6181777692565cf28528fc88fd1516ea86b56da075235fa575af6a4b855,0x000000000000000000000000797d7ae72ebddcdea2a346c1834e04d1f8df102b,,0x8b5499a0092f487cdecd243b4cfe68d9a0007a8452548ff4f2d5f69b82149ce0
124501897,2023-08-24 12:27:50.000 UTC,0xaf88d065e77c8cc2239327c5edb3a432268e5831,0x,0xffa4e6181777692565cf28528fc88fd1516ea86b56da075235fa575af6a4b855,0x000000000000000000000000931546d9e66836abf687d2bc64b30407bac8c568,,0xb07d0f9c9f5fd46eacfd2613a8d4b67054a15af7ed965114158bbae64d247d30
124501969,2023-08-24 12:28:09.000 UTC,0xaf88d065e77c8cc2239327c5edb3a432268e5831,0x,0xffa4e6181777692565cf28528fc88fd1516ea86b56da075235fa575af6a4b855,0x00000000000000000000000043fa21d92141ba9db43052492e0deee5aa5f0a93,,0x368c04bcc6128fac4bf7b6fe5be47743e1c2118a2fcb05e6088f23dc907bb139
124502047,2023-08-24 12:28:30.000 UTC,0xaf88d065e77c8cc2239327c5edb3a432268e5831,0x,0xffa4e6181777692565cf28528fc88fd1516ea86b56da075235fa575af6a4b855,0x0000000000000000000000006be0ae71e6c41f2f9d0d1a3b8d0f75e6f6a0b46e,,0x8fd97bed577cbf45b8d95b8df3521bd3895171d17d9b1390a4f40e67c6bd149d
135093615,2023-09-27 11:54:44.000 UTC,0xaf88d065e77c8cc2239327c5edb3a432268e5831,0x,0xffa4e6181777692565cf28528fc88fd1516ea86b56da075235fa575af6a4b855,0x0000000000000000000000009c2bc757b66f24d60f016b6237f8cdd414a879fa,,0x480fca187ef2ab323407ba7494b5605da36456a40c3479f8bb3355c51c442d2b
137276064,2023-10-04 01:52:11.000 UTC,0xaf88d065e77c8cc2239327c5edb3a432268e5831,0x,0xffa4e6181777692565cf28528fc88fd1516ea86b56da075235fa575af6a4b855,0x000000000000000000000000530a64c0ce595026a4a556b703644228179e2d57,,0xbd21bdf15a92690d769fe44bb3bd7082a30f9fe1e70cc7d113730449842ce5fc
137276171,2023-10-04 01:52:42.000 UTC,0xaf88d065e77c8cc2239327c5edb3a432268e5831,0x,0xffa4e6181777692565cf28528fc88fd1516ea86b56da075235fa575af6a4b855,0x0000000000000000000000002e13ea767da12f504ceaaaebe5950488498dc2d2,,0x3d00e897c5081424f21dfd26c9e1f7f5df3748dfb9a4735650e7440b5a4aa1d0
137276240,2023-10-04 01:53:01.000 UTC,0xaf88d065e77c8cc2239327c5edb3a432268e5831,0x,0xffa4e6181777692565cf28528fc88fd1516ea86b56da075235fa575af6a4b855,0x0000000000000000000000007de5ab1914e241177344936dc33b4a8157c98248,,0xc425870ed11d502cf75dbc51df9df017ae86f353c5217d5e673a23e5b2730b1d
137276336,2023-10-04 01:53:28.000 UTC,0xaf88d065e77c8cc2239327c5edb3a432268e5831,0x,0xffa4e6181777692565cf28528fc88fd1516ea86b56da075235fa575af6a4b855,0x000000000000000000000000fac583c0cf07ea434052c49115a4682172ab6b4f,,0xe9928266f16d595b7f452ec3d216954f0574c28b00501319fb29db46cf5f713a
137276394,2023-10-04 01:53:45.000 UTC,0xaf88d065e77c8cc2239327c5edb3a432268e5831,0x,0xffa4e6181777692565cf28528fc88fd1516ea86b56da075235fa575af6a4b855,0x000000000000000000000000be5e683633ddd17d8a89b4e10860a0e426c5ed24,,0x2d06f1293b6286bffccefa9cf23af8d5f58a54b4167bf26e2ecf06bb3f0d3432
137276459,2023-10-04 01:54:03.000 UTC,0xaf88d065e77c8cc2239327c5edb3a432268e5831,0x,0xffa4e6181777692565cf28528fc88fd1516ea86b56da075235fa575af6a4b855,0x000000000000000000000000961c5be54a2ffc17cf4cb021d863c42dacd47fc1,,0xa98cf5518bf189ecc5b6cfdc157b8812234609e0700dfa5be4f8dd9ef43ff4f3
137276511,2023-10-04 01:54:19.000 UTC,0xaf88d065e77c8cc2239327c5edb3a432268e5831,0x,0xffa4e6181777692565cf28528fc88fd1516ea86b56da075235fa575af6a4b855,0x000000000000000000000000a6cc8ab881debc3c9e8adb32549d0cbe614168c5,,0xdc5f18d6f8e2a9aeb97c739fc9f16907ef2765ea17749260df7569e0e63779b8
137276572,2023-10-04 01:54:36.000 UTC,0xaf88d065e77c8cc2239327c5edb3a432268e5831,0x,0xffa4e6181777692565cf28528fc88fd1516ea86b56da075235fa575af6a4b855,0x000000000000000000000000983a81ca6fb1e441266d2fbcb7d8e530ac2e05a2,,0x00a0266723389dc900229d0181ceaec9209a0ab24e1b25e46fd092ed47d25202
178128127,2024-02-06 21:13:59.000 UTC,0xaf88d065e77c8cc2239327c5edb3a432268e5831,0x,0x117e3210bb9aa7d9baff172026820255c6f6c30ba8999d1c2fd88e2848137c4e,0x0000000000000000000000006acdfba02d390b97ac2b2d42a63e85293bcc160e,,0x48f05e0786b53e46542e5cd5e90dda5ca7d701c1883d45bf90cb2b5f49618e39
183002426,2024-02-21 12:32:29.000 UTC,0xaf88d065e77c8cc2239327c5edb3a432268e5831,0x,0xffa4e6181777692565cf28528fc88fd1516ea86b56da075235fa575af6a4b855,0x000000000000000000000000f3701f445b6bdafedbca97d1e477357839e4120d,,0xcd099fa0f8d4c856e9e22bc7b7aafbcc966f25d6283bacb33800e0a6cf9ab46f
192679738,2024-03-21 12:35:11.000 UTC,0xaf88d065e77c8cc2239327c5edb3a432268e5831,0x,0xffa4e6181777692565cf28528fc88fd1516ea86b56da075235fa575af6a4b855,0x0000000000000000000000002f04f39923a77430eca036e14ce44dbd11175747,,0xc81ee04b8afbab2cf3ea85af7f35ac5098b57e437ea8c2b474a70ea957871d8e
192679889,2024-03-21 12:35:49.000 UTC,0xaf88d065e77c8cc2239327c5edb3a432268e5831,0x,0xffa4e6181777692565cf28528fc88fd1516ea86b56da075235fa575af6a4b855,0x0000000000000000000000007be6fe8c528273a3a072a538e12c08500bf4d328,,0x34e1b1ea3edd33b013d0e1e36c4802c9fee7dbe41c492456ce6b9b81561310fc
194740906,2024-03-27 12:03:47.000 UTC,0xaf88d065e77c8cc2239327c5edb3a432268e5831,0x,0xffa4e6181777692565cf28528fc88fd1516ea86b56da075235fa575af6a4b855,0x000000000000000000000000dda5554510366179ddb442b8a82bc737c3ac77c5,,0xe2fbdd4bdb7b7444bdcfad83dd3109f7f855cc4b68c2314bb71bea9d412bbfc0
194867279,2024-03-27 20:52:49.000 UTC,0xaf88d065e77c8cc2239327c5edb3a432268e5831,0x,0xffa4e6181777692565cf28528fc88fd1516ea86b56da075235fa575af6a4b855,0x000000000000000000000000175d44451403edf28469df03a9280c1197adb92c,,0x21598f0f1b22fd8c670fca262c3f606d094e9e65a56a532af3c0454e31af8d93
194872348,2024-03-27 21:14:11.000 UTC,0xaf88d065e77c8cc2239327c5edb3a432268e5831,0x,0xffa4e6181777692565cf28528fc88fd1516ea86b56da075235fa575af6a4b855,0x0000000000000000000000004576847b1cf999843ba6620815e65a9c5e8a4021,,0x1b82ab4622fbed05563a64c1aec9d76246b5e3f05fd19c591645fa7fbdf10e3c
194873044,2024-03-27 21:17:07.000 UTC,0xaf88d065e77c8cc2239327c5edb3a432268e5831,0x,0xffa4e6181777692565cf28528fc88fd1516ea86b56da075235fa575af6a4b855,0x000000000000000000000000e950dc316b836e4eefb8308bf32bf7c72a1358ff,,0x66854b3589cb056bcc15899fffb00d433610ac1fe15e45c7cc1fa34d637d5423
194873174,2024-03-27 21:17:39.000 UTC,0xaf88d065e77c8cc2239327c5edb3a432268e5831,0x,0xffa4e6181777692565cf28528fc88fd1516ea86b56da075235fa575af6a4b855,0x0000000000000000000000004ea7eefc2dcb250c1f069ecaf1e2ae3488059ac2,,0x8733dfe0f615dfe07e0b417683386267f397f3d1fb6fc997b63a1333422b936d
194873245,2024-03-27 21:17:57.000 UTC,0xaf88d065e77c8cc2239327c5edb3a432268e5831,0x,0xffa4e6181777692565cf28528fc88fd1516ea86b56da075235fa575af6a4b855,0x000000000000000000000000c24ec5a84cae3d3418b34a1e30b3372c4b25bd0f,,0x403e4f4953f6d047a4ff4bfa00d9d4a2524e4918d1a4f78dc4365c9f757dbe68
194873498,2024-03-27 21:19:01.000 UTC,0xaf88d065e77c8cc2239327c5edb3a432268e5831,0x,0xffa4e6181777692565cf28528fc88fd1516ea86b56da075235fa575af6a4b855,0x00000000000000000000000021b8d56bda776bbe68655a16895afd96f5534fed,,0xd260f2739929dcafc2ae306156b8246245ea5cdc3228e1f1b8df5e5c36ed2c39
206100822,2024-04-29 16:59:30.000 UTC,0xaf88d065e77c8cc2239327c5edb3a432268e5831,0x,0xffa4e6181777692565cf28528fc88fd1516ea86b56da075235fa575af6a4b855,0x0000000000000000000000006a1544f72a2a275715e8d5924e6d8a017f0e41ed,,0xb31dc6427aacaf38cff7261f57c355b8c88ad1a29a6fe857c02ccd87d3fb4d03
207170613,2024-05-02 20:17:59.000 UTC,0xaf88d065e77c8cc2239327c5edb3a432268e5831,0x,0xffa4e6181777692565cf28528fc88fd1516ea86b56da075235fa575af6a4b855,0x00000000000000000000000019f8f2b0915daa12a3f5c9cf01df9e24d53794f7,,0x640c51516f357c1de307540f433cd868a81dbf17d2ac96cc473eb90f808ea035
207170815,2024-05-02 20:18:50.000 UTC,0xaf88d065e77c8cc2239327c5edb3a432268e5831,0x,0xffa4e6181777692565cf28528fc88fd1516ea86b56da075235fa575af6a4b855,0x0000000000000000000000003e14d41891a30ac7473556d7c3256a5ddf9ef1aa,,0x9b1d7afdfa470e1bc00c492ed5cec24b02db8ba41156b2d85219317c4f0a683d
209974063,2024-05-11 00:14:02.000 UTC,0xaf88d065e77c8cc2239327c5edb3a432268e5831,0x,0xffa4e6181777692565cf28528fc88fd1516ea86b56da075235fa575af6a4b855,0x00000000000000000000000000d7e7409bfe09a736d3e993de9b87d0baa314d5,,0x9e37a6a12655602e67f7eac9f4a59c83512a63b631e9c9aa48a3fd5e1a10a51b
216092764,2024-05-29 01:40:55.000 UTC,0xaf88d065e77c8cc2239327c5edb3a432268e5831,0x,0xffa4e6181777692565cf28528fc88fd1516ea86b56da075235fa575af6a4b855,0x000000000000000000000000e1d865c3d669dcc8c57c8d023140cb204e672ee4,,0x0083408283f7e3401cd40d348521b9e62b141e58cbe4ee5eff141a82f37a0a33
216092766,2024-05-29 01:40:56.000 UTC,0xaf88d065e77c8cc2239327c5edb3a432268e5831,0x,0xffa4e6181777692565cf28528fc88fd1516ea86b56da075235fa575af6a4b855,0x0000000000000000000000000e6b8e34dc115a2848f585851af23d99d09b8463,,0xcf4161bae91baa7a2e61178b68fe086d9461305a6de0b8cbf5b783885bb99b4d
246068609,2024-08-24 02:13:33.000 UTC,0xaf88d065e77c8cc2239327c5edb3a432268e5831,0x,0xffa4e6181777692565cf28528fc88fd1516ea86b56da075235fa575af6a4b855,0x00000000000000000000000071d2e218a56a1c0c12e1ff4b4c2731a1c3a4f4ce,,0xafc7fa1f846235e2ac8e783de09c67e26d51db915b4be002be8d0914d9d52e42
253309652,2024-09-14 04:07:25.000 UTC,0xaf88d065e77c8cc2239327c5edb3a432268e5831,0x,0xffa4e6181777692565cf28528fc88fd1516ea86b56da075235fa575af6a4b855,0x000000000000000000000000290b6ebbdca04ee984fb8617e1b92deea23052e3,,0xfb2652b678422699b4d2010fefe7c1675491148babd28017085527c6d3798d41
257751594,2024-09-27 02:48:06.000 UTC,0xaf88d065e77c8cc2239327c5edb3a432268e5831,0x,0xffa4e6181777692565cf28528fc88fd1516ea86b56da075235fa575af6a4b855,0x0000000000000000000000000931ca4d13bb4ba75d9b7132ab690265d749a5e7,,0x3402fa6933c1a4e6a0239b17129c36765d5fa25a762ba5e8894eac618f43bbd7
257752315,2024-09-27 02:51:07.000 UTC,0xaf88d065e77c8cc2239327c5edb3a432268e5831,0x,0xffa4e6181777692565cf28528fc88fd1516ea86b56da075235fa575af6a4b855,0x000000000000000000000000bff703730a21167e430ff151128592a98786b9b4,,0x96422bdae699141fe9b18d9f8ae48c818c0ac9e410db4fb410e65e33752d8bf6
274456640,2024-11-14 17:56:16.000 UTC,0xaf88d065e77c8cc2239327c5edb3a432268e5831,0x,0xffa4e6181777692565cf28528fc88fd1516ea86b56da075235fa575af6a4b855,0x000000000000000000000000cc47af4deb357882331e0776f0d7a7a495a40bfa,,0xb479963aacbf8114bc53248f550ed7daf622dbe128565a2ddd95a57bf6cd9911
281496977,2024-12-05 05:40:06.000 UTC,0xaf88d065e77c8cc2239327c5edb3a432268e5831,0x,0xffa4e6181777692565cf28528fc88fd1516ea86b56da075235fa575af6a4b855,0x000000000000000000000000282ae5965fe400f3cb929182e0963f3794df01fc,,0xca14cf926cc369c85dc25c25724f675cff5820f3f1f1d1f4cbdee6a38bf01da2
281498281,2024-12-05 05:45:30.000 UTC,0xaf88d065e77c8cc2239327c5edb3a432268e5831,0x,0xffa4e6181777692565cf28528fc88fd1516ea86b56da075235fa575af6a4b855,0x0000000000000000000000001999ef52700c34de7ec2b68a28aafb37db0c5ade,,0x2b97e1d68f3c8310dece4b91c375c443020087ffa1a89ee6876783b2aad75c06
286608540,2024-12-20 03:43:48.000 UTC,0xaf88d065e77c8cc2239327c5edb3a432268e5831,0x,0xffa4e6181777692565cf28528fc88fd1516ea86b56da075235fa575af6a4b855,0x000000000000000000000000721537670ae01aa0d60585457b7534025b0041ac,,0x5adb5cf51cc1e13a231cc8c61852dcb484da619b549d0487de136ae120e323d7
286608670,2024-12-20 03:44:20.000 UTC,0xaf88d065e77c8cc2239327c5edb3a432268e5831,0x,0xffa4e6181777692565cf28528fc88fd1516ea86b56da075235fa575af6a4b855,0x00000000000000000000000054b475ef92f861975945954bfa1080dda9cd346e,,0x5839359e397c55cbd532c6cde969b73ed4d3a0fda2e136c6c0c023b3330fd0b1
286608782,2024-12-20 03:44:48.000 UTC,0xaf88d065e77c8cc2239327c5edb3a432268e5831,0x,0xffa4e6181777692565cf28528fc88fd1516ea86b56da075235fa575af6a4b855,0x000000000000000000000000d19df746fd2a145588b3a22672bacfd2e5454f61,,0xb01515a1c536ac48840808745e7284467ecd78b89446d4e7e0c4f5a81e815c63
286608861,2024-12-20 03:45:08.000 UTC,0xaf88d065e77c8cc2239327c5edb3a432268e5831,0x,0xffa4e6181777692565cf28528fc88fd1516ea86b56da075235fa575af6a4b855,0x000000000000000000000000bc92595dd3e8f5092471c99b9084a72d333c7d07,,0x75afd7e827122cdeed4cf5fd7005af8f90844895c5a3c26f4dc2440268b96f66
286608951,2024-12-20 03:45:31.000 UTC,0xaf88d065e77c8cc2239327c5edb3a432268e5831,0x,0xffa4e6181777692565cf28528fc88fd1516ea86b56da075235fa575af6a4b855,0x0000000000000000000000003a0245de38273e7852dce97de3bae18c0010013e,,0x7247c1aa23a7a050fe23d3d1cccc7c62301f3d23aa872dcc7dc47e93679c7dc5
309548758,2025-02-24 22:31:45.000 UTC,0xaf88d065e77c8cc2239327c5edb3a432268e5831,0x,0xffa4e6181777692565cf28528fc88fd1516ea86b56da075235fa575af6a4b855,0x000000000000000000000000002471b8a185f9980708d0eaec5b289714f56f8d,,0xf648767ee7ac7c585eea8813f09efd4058a56c596894628fd6905217e7ada23d
309548912,2025-02-24 22:32:23.000 UTC,0xaf88d065e77c8cc2239327c5edb3a432268e5831,0x,0xffa4e6181777692565cf28528fc88fd1516ea86b56da075235fa575af6a4b855,0x0000000000000000000000003051ca7cb7f6c599fa2f27385ad75010cf0f2bbf,,0xe06fe58b862227f0f3b7cdd670b844ff5ea4dde0d3a22cd9b5a0eb57aae5b950
309548975,2025-02-24 22:32:39.000 UTC,0xaf88d065e77c8cc2239327c5edb3a432268e5831,0x,0xffa4e6181777692565cf28528fc88fd1516ea86b56da075235fa575af6a4b855,0x0000000000000000000000000078ef2d7baf87bf6c4ca49b19efd1e05f57ac30,,0x138536f80f5a33a47df81ee2b4ae91a8cea1740c0136d227a27ce3db8141579f
318168916,2025-03-21 23:39:45.000 UTC,0xaf88d065e77c8cc2239327c5edb3a432268e5831,0x,0x117e3210bb9aa7d9baff172026820255c6f6c30ba8999d1c2fd88e2848137c4e,0x0000000000000000000000008589427373d6d84e98730d7795d8f6f8731fda16,,0x580b48a7b007cbd06fe0454ebc1fcc0ac83242ea0442599750e6b40a1311f0b7
318169518,2025-03-21 23:42:18.000 UTC,0xaf88d065e77c8cc2239327c5edb3a432268e5831,0x,0x117e3210bb9aa7d9baff172026820255c6f6c30ba8999d1c2fd88e2848137c4e,0x000000000000000000000000722122df12d4e14e13ac3b6895a86e84145b6967,,0x676aff7934cf857bb7b801f2fdf19bc54548e88cbcce04f17f3e720f4071391a
318170196,2025-03-21 23:45:14.000 UTC,0xaf88d065e77c8cc2239327c5edb3a432268e5831,0x,0x117e3210bb9aa7d9baff172026820255c6f6c30ba8999d1c2fd88e2848137c4e,0x000000000000000000000000dd4c48c0b24039969fc16d1cdf626eab821d3384,,0xa6881a66ef04263dc9bcc4437b08ba052a613a1dd6d05cc65188bb2ff3a3203a
318170221,2025-03-21 23:45:20.000 UTC,0xaf88d065e77c8cc2239327c5edb3a432268e5831,0x,0x117e3210bb9aa7d9baff172026820255c6f6c30ba8999d1c2fd88e2848137c4e,0x000000000000000000000000d90e2f925da726b50c4ed8d0fb90ad053324f31b,,0x71928425a287795ac93b6ba55fd9edefba754e961e64470e46dc5e48ecd083ef
318170247,2025-03-21 23:45:27.000 UTC,0xaf88d065e77c8cc2239327c5edb3a432268e5831,0x,0x117e3210bb9aa7d9baff172026820255c6f6c30ba8999d1c2fd88e2848137c4e,0x000000000000000000000000d96f2b1c14db8458374d9aca76e26c3d18364307,,0x628d19f3ad776cc1beca2490856d9c50d5a85d5c427163e400e38b44321db314
318170261,2025-03-21 23:45:31.000 UTC,0xaf88d065e77c8cc2239327c5edb3a432268e5831,0x,0x117e3210bb9aa7d9baff172026820255c6f6c30ba8999d1c2fd88e2848137c4e,0x0000000000000000000000004736dcf1b7a3d580672cce6e7c65cd5cc9cfba9d,,0x4f85c8b893c9603967c199dafba825d2f6c05b6e274d9c92b73be69c74af8584
318170347,2025-03-21 23:45:53.000 UTC,0xaf88d065e77c8cc2239327c5edb3a432268e5831,0x,0x117e3210bb9aa7d9baff172026820255c6f6c30ba8999d1c2fd88e2848137c4e,0x000000000000000000000000d4b88df4d29f5cedd6857912842cff3b20c8cfa3,,0x3939faaf311b9d04eb067b45328b46c49e32948251e70fdc7471a8871f7af264
318170355,2025-03-21 23:45:55.000 UTC,0xaf88d065e77c8cc2239327c5edb3a432268e5831,0x,0x117e3210bb9aa7d9baff172026820255c6f6c30ba8999d1c2fd88e2848137c4e,0x000000000000000000000000910cbd523d972eb0a6f4cae4618ad62622b39dbf,,0x87bac7dd1e257a1483be3f559bc7d239653c6a6563865531d7ec61130e9a7604
318170368,2025-03-21 23:45:58.000 UTC,0xaf88d065e77c8cc2239327c5edb3a432268e5831,0x,0x117e3210bb9aa7d9baff172026820255c6f6c30ba8999d1c2fd88e2848137c4e,0x000000000000000000000000a160cdab225685da1d56aa342ad8841c3b53f291,,0xb19cd7162bec854cf59537cf56c5377223f3c52c95731f05a81cfc250740043b
318170378,2025-03-21 23:46:01.000 UTC,0xaf88d065e77c8cc2239327c5edb3a432268e5831,0x,0x117e3210bb9aa7d9baff172026820255c6f6c30ba8999d1c2fd88e2848137c4e,0x000000000000000000000000fd8610d20aa15b7b2e3be39b396a1bc3516c7144,,0xa0a410092219a0a9b42eea6783fd405a74c773b63a8a6a0c305f98047ad48295
318170389,2025-03-21 23:46:03.000 UTC,0xaf88d065e77c8cc2239327c5edb3a432268e5831,0x,0x117e3210bb9aa7d9baff172026820255c6f6c30ba8999d1c2fd88e2848137c4e,0x000000000000000000000000f60dd140cff0706bae9cd734ac3ae76ad9ebc32a,,0x6fcff1be779431c00fabc7d04e038cb321c36e7d6d6865f9ad5c97e2228a0610
318170399,2025-03-21 23:46:06.000 UTC,0xaf88d065e77c8cc2239327c5edb3a432268e5831,0x,0x117e3210bb9aa7d9baff172026820255c6f6c30ba8999d1c2fd88e2848137c4e,0x00000000000000000000000022aaa7720ddd5388a3c0a3333430953c68f1849b,,0x57a1e391f5fbdb8f4319d25198c48dbd007de7c870d1c1a057fbca1c8f6c732e
318170410,2025-03-21 23:46:09.000 UTC,0xaf88d065e77c8cc2239327c5edb3a432268e5831,0x,0x117e3210bb9aa7d9baff172026820255c6f6c30ba8999d1c2fd88e2848137c4e,0x000000000000000000000000ba214c1c1928a32bffe790263e38b4af9bfcd659,,0xe70b79d0e3c19e3544cc04bc4210d65aadc738ca4c5988439b77531424976c29
318170420,2025-03-21 23:46:11.000 UTC,0xaf88d065e77c8cc2239327c5edb3a432268e5831,0x,0x117e3210bb9aa7d9baff172026820255c6f6c30ba8999d1c2fd88e2848137c4e,0x000000000000000000000000b1c8094b234dce6e03f10a5b673c1d8c69739a00,,0xd2c0b3697d831a4be01863e4387e2139c7705a3fc2d8aea062ecb0107e9c3e6d
318170430,2025-03-21 23:46:14.000 UTC,0xaf88d065e77c8cc2239327c5edb3a432268e5831,0x,0x117e3210bb9aa7d9baff172026820255c6f6c30ba8999d1c2fd88e2848137c4e,0x000000000000000000000000527653ea119f3e6a1f5bd18fbf4714081d7b31ce,,0x7160b9249fd4addc8bbc1ee4ae0ddce99a678a99d9ae4b996aafc6e6b1d95a24
318170440,2025-03-21 23:46:16.000 UTC,0xaf88d065e77c8cc2239327c5edb3a432268e5831,0x,0x117e3210bb9aa7d9baff172026820255c6f6c30ba8999d1c2fd88e2848137c4e,0x00000000000000000000000058e8dcc13be9780fc42e8723d8ead4cf46943df2,,0x504b955fa48b0bb8d68f64a2d2b601fa7b02579de2a037d74154f0566a21fc94
318170449,2025-03-21 23:46:18.000 UTC,0xaf88d065e77c8cc2239327c5edb3a432268e5831,0x,0x117e3210bb9aa7d9baff172026820255c6f6c30ba8999d1c2fd88e2848137c4e,0x000000000000000000000000d691f27f38b395864ea86cfc7253969b409c362d,,0x9da02811d00d80c99471945ef6f54af448b3f03ba677021cc2cd0800edd04f67
318170458,2025-03-21 23:46:21.000 UTC,0xaf88d065e77c8cc2239327c5edb3a432268e5831,0x,0x117e3210bb9aa7d9baff172026820255c6f6c30ba8999d1c2fd88e2848137c4e,0x000000000000000000000000aeaac358560e11f52454d997aaff2c5731b6f8a6,,0xb4f24f1e8facfcb30c96ed50d2b70ba980cec6de1df14d9cc304ddb8371d7c24
318170467,2025-03-21 23:46:23.000 UTC,0xaf88d065e77c8cc2239327c5edb3a432268e5831,0x,0x117e3210bb9aa7d9baff172026820255c6f6c30ba8999d1c2fd88e2848137c4e,0x0000000000000000000000001356c899d8c9467c7f71c195612f8a395abf2f0a,,0x6d6812661a928fa5459dd3064d21178cb7aa6aa3c2a7ee662c1a0355c91322f7
318170476,2025-03-21 23:46:25.000 UTC,0xaf88d065e77c8cc2239327c5edb3a432268e5831,0x,0x117e3210bb9aa7d9baff172026820255c6f6c30ba8999d1c2fd88e2848137c4e,0x000000000000000000000000a60c772958a3ed56c1f15dd055ba37ac8e523a0d,,0xd8bdd9b73ed33385ac2becc633c90c5e5de8d054cc21fc48a9aced2bb90f8675
318170485,2025-03-21 23:46:27.000 UTC,0xaf88d065e77c8cc2239327c5edb3a432268e5831,0x,0x117e3210bb9aa7d9baff172026820255c6f6c30ba8999d1c2fd88e2848137c4e,0x000000000000000000000000169ad27a470d064dede56a2d3ff727986b15d52b,,0xaf4cc2f3708b725b23af0030d53555d88a08b972a063e1f7e71d755c3522deef
318170514,2025-03-21 23:46:35.000 UTC,0xaf88d065e77c8cc2239327c5edb3a432268e5831,0x,0x117e3210bb9aa7d9baff172026820255c6f6c30ba8999d1c2fd88e2848137c4e,0x0000000000000000000000000836222f2b2b24a3f36f98668ed8f0b38d1a872f,,0x1e452285fe291f0f19b92f08e997b88a2c1fb93ddb78c14114a9a21c4702b846
318170524,2025-03-21 23:46:37.000 UTC,0xaf88d065e77c8cc2239327c5edb3a432268e5831,0x,0x117e3210bb9aa7d9baff172026820255c6f6c30ba8999d1c2fd88e2848137c4e,0x000000000000000000000000f67721a2d8f736e75a49fdd7fad2e31d8676542a,,0xf848a12aad47995dc54822c2155b48dd428255dec2d0f717cd5f2c7497b98395
318170534,2025-03-21 23:46:40.000 UTC,0xaf88d065e77c8cc2239327c5edb3a432268e5831,0x,0x117e3210bb9aa7d9baff172026820255c6f6c30ba8999d1c2fd88e2848137c4e,0x0000000000000000000000009ad122c22b14202b4490edaf288fdb3c7cb3ff5e,,0x41840d0626c65a8f4c1236eaad6d90f40da87e766deba19da1c28dc240f3163b
318170544,2025-03-21 23:46:42.000 UTC,0xaf88d065e77c8cc2239327c5edb3a432268e5831,0x,0x117e3210bb9aa7d9baff172026820255c6f6c30ba8999d1c2fd88e2848137c4e,0x00000000000000000000000007687e702b410fa43f4cb4af7fa097918ffd2730,,0x0ab2dca247a217e62d00b46852fdf044a86f625cbd43c8ba7673efd5e1fdfee4
318170554,2025-03-21 23:46:45.000 UTC,0xaf88d065e77c8cc2239327c5edb3a432268e5831,0x,0x117e3210bb9aa7d9baff172026820255c6f6c30ba8999d1c2fd88e2848137c4e,0x00000000000000000000000094a1b5cdb22c43faab4abeb5c74999895464ddaf,,0x44a59da29b6611c36d6bf3f2ea9b2eecb12417f0b4d85a533a087d06bc5576fa
318170562,2025-03-21 23:46:47.000 UTC,0xaf88d065e77c8cc2239327c5edb3a432268e5831,0x,0x117e3210bb9aa7d9baff172026820255c6f6c30ba8999d1c2fd88e2848137c4e,0x000000000000000000000000b541fc07bc7619fd4062a54d96268525cbc6ffef,,0x22ef5308a8f464a3ecc28393f0943d354513ef3b492943c6ffbc50a7a353ba2c
318170571,2025-03-21 23:46:49.000 UTC,0xaf88d065e77c8cc2239327c5edb3a432268e5831,0x,0x117e3210bb9aa7d9baff172026820255c6f6c30ba8999d1c2fd88e2848137c4e,0x00000000000000000000000012d66f87a04a9e220743712ce6d9bb1b5616b8fc,,0x4bfa34a5d4d9afb3245b2fd7a7c2a756cb2b6c077ef96dcf487b2ff53302af13
318170582,2025-03-21 23:46:52.000 UTC,0xaf88d065e77c8cc2239327c5edb3a432268e5831,0x,0x117e3210bb9aa7d9baff172026820255c6f6c30ba8999d1c2fd88e2848137c4e,0x00000000000000000000000047ce0c6ed5b0ce3d3a51fdb1c52dc66a7c3c2936,,0x7f44f2a96fd8080b3ad04d49d28c3382128fea1bca7394435115c9d2b273af3f
318170590,2025-03-21 23:46:54.000 UTC,0xaf88d065e77c8cc2239327c5edb3a432268e5831,0x,0x117e3210bb9aa7d9baff172026820255c6f6c30ba8999d1c2fd88e2848137c4e,0x00000000000000000000000023773e65ed146a459791799d01336db287f25334,,0xd3db39b67931805197fd63fe4d1f8768a52db21edce529032c53233540deded9
318170599,2025-03-21 23:46:56.000 UTC,0xaf88d065e77c8cc2239327c5edb3a432268e5831,0x,0x117e3210bb9aa7d9baff172026820255c6f6c30ba8999d1c2fd88e2848137c4e,0x000000000000000000000000d21be7248e0197ee08e0c20d4a96debdac3d20af,,0xff38080db8731cc5ad25eea3420de05d6cbcb4a6face2ca7d349c8b1757326a9
318170608,2025-03-21 23:46:58.000 UTC,0xaf88d065e77c8cc2239327c5edb3a432268e5831,0x,0x117e3210bb9aa7d9baff172026820255c6f6c30ba8999d1c2fd88e2848137c4e,0x000000000000000000000000610b717796ad172b316836ac95a2ffad065ceab4,,0x954d5176dee0acc28b93536f147dd47fd983e9caac1df5c243a9f96a4513c6cb
318170617,2025-03-21 23:47:01.000 UTC,0xaf88d065e77c8cc2239327c5edb3a432268e5831,0x,0x117e3210bb9aa7d9baff172026820255c6f6c30ba8999d1c2fd88e2848137c4e,0x000000000000000000000000178169b423a011fff22b9e3f3abea13414ddd0f1,,0x915cf1e7fb7bf4f56bc411b7635c06b85cefba1d41492178338fc50346e480ad
318170625,2025-03-21 23:47:03.000 UTC,0xaf88d065e77c8cc2239327c5edb3a432268e5831,0x,0x117e3210bb9aa7d9baff172026820255c6f6c30ba8999d1c2fd88e2848137c4e,0x000000000000000000000000bb93e510bbcd0b7beb5a853875f9ec60275cf498,,0x1499e07d09f2e48a2155c4063fd9bd464c347868fd37b37ce8ac80debb1a5f94
318170639,2025-03-21 23:47:06.000 UTC,0xaf88d065e77c8cc2239327c5edb3a432268e5831,0x,0x117e3210bb9aa7d9baff172026820255c6f6c30ba8999d1c2fd88e2848137c4e,0x0000000000000000000000002717c5e28cf931547b621a5dddb772ab6a35b701,,0xd009383927514abed7ab78c637ec308943330af92caaca67c21bca1b0bdc1c6e
318170649,2025-03-21 23:47:09.000 UTC,0xaf88d065e77c8cc2239327c5edb3a432268e5831,0x,0x117e3210bb9aa7d9baff172026820255c6f6c30ba8999d1c2fd88e2848137c4e,0x00000000000000000000000003893a7c7463ae47d46bc7f091665f1893656003,,0x3118334d011d1392640ba0d48b62b025e1c3b6ba54483cc8f68bea9447ec5f1d
318170656,2025-03-21 23:47:10.000 UTC,0xaf88d065e77c8cc2239327c5edb3a432268e5831,0x,0x117e3210bb9aa7d9baff172026820255c6f6c30ba8999d1c2fd88e2848137c4e,0x000000000000000000000000ca0840578f57fe71599d29375e16783424023357,,0x792b8cd16898623fc4f0c61a6b1d50458a328c1ed01413f398dc224610d22269
318170666,2025-03-21 23:47:13.000 UTC,0xaf88d065e77c8cc2239327c5edb3a432268e5831,0x,0x117e3210bb9aa7d9baff172026820255c6f6c30ba8999d1c2fd88e2848137c4e,0x00000000000000000000000001e2919679362dfbc9ee1644ba9c6da6d6245bb1,,0xce9c69250f1fd25e7c1c4a71e917757c55de175605840fbd69463843e2ab7cc5
318170675,2025-03-21 23:47:15.000 UTC,0xaf88d065e77c8cc2239327c5edb3a432268e5831,0x,0x117e3210bb9aa7d9baff172026820255c6f6c30ba8999d1c2fd88e2848137c4e,0x00000000000000000000000009193888b3f38c82dedfda55259a82c0e7de875e,,0xe219ab8463381aa18172224f93824369df4f17a959a6c7f7f27287cee7c48187
318171407,2025-03-21 23:50:21.000 UTC,0xaf88d065e77c8cc2239327c5edb3a432268e5831,0x,0x117e3210bb9aa7d9baff172026820255c6f6c30ba8999d1c2fd88e2848137c4e,0x000000000000000000000000179f48c78f57a3a78f0608cc9197b8972921d1d2,,0x5cc70aabe901f1484f4ad4589bdf56d5212163b6408c0b818dd1c66b07535275
318172621,2025-03-21 23:55:28.000 UTC,0xaf88d065e77c8cc2239327c5edb3a432268e5831,0x,0x117e3210bb9aa7d9baff172026820255c6f6c30ba8999d1c2fd88e2848137c4e,0x0000000000000000000000002573bac39ebe2901b4389cd468f2872cf7767faf,,0xa25016f410ba211aec1a4bd554b8bbc9b685c5bf762b1f572fd5c378d16a8850
318172745,2025-03-21 23:56:00.000 UTC,0xaf88d065e77c8cc2239327c5edb3a432268e5831,0x,0x117e3210bb9aa7d9baff172026820255c6f6c30ba8999d1c2fd88e2848137c4e,0x00000000000000000000000026903a5a198d571422b2b4ea08b56a37cbd68c89,,0x529c8f9d6c6e54277db1681d138f2f75e43ef3218599d7c7cb38c553cdebb485
318173002,2025-03-21 23:57:07.000 UTC,0xaf88d065e77c8cc2239327c5edb3a432268e5831,0x,0x117e3210bb9aa7d9baff172026820255c6f6c30ba8999d1c2fd88e2848137c4e,0x0000000000000000000000002f50508a8a3d323b91336fa3ea6ae50e55f32185,,0x50ceaef192a7bbdcc098865c182e8ab6692813f62175dd61d43776990ad12be5
318173087,2025-03-21 23:57:29.000 UTC,0xaf88d065e77c8cc2239327c5edb3a432268e5831,0x,0x117e3210bb9aa7d9baff172026820255c6f6c30ba8999d1c2fd88e2848137c4e,0x0000000000000000000000002fc93484614a34f26f7970cbb94615ba109bb4bf,,0xc8b413d429805810fa35acf1f7906a3d4bae71d4f13ac680522d8371f5f29f3b
318173156,2025-03-21 23:57:47.000 UTC,0xaf88d065e77c8cc2239327c5edb3a432268e5831,0x,0x117e3210bb9aa7d9baff172026820255c6f6c30ba8999d1c2fd88e2848137c4e,0x0000000000000000000000003efa30704d2b8bbac821307230376556cf8cc39e,,0x0e40c6e6c53c96cc8369b83167177d2d2e3a6d1b4afbf4ebcc5ed27d98802898
318173475,2025-03-21 23:59:08.000 UTC,0xaf88d065e77c8cc2239327c5edb3a432268e5831,0x,0x117e3210bb9aa7d9baff172026820255c6f6c30ba8999d1c2fd88e2848137c4e,0x0000000000000000000000005cab7692d4e94096462119ab7bf57319726eed2a,,0xbba719f44f1fd0df8d45018d705cf0b09c40e5c45773498f23d065fb62f37210
318173666,2025-03-21 23:59:56.000 UTC,0xaf88d065e77c8cc2239327c5edb3a432268e5831,0x,0x117e3210bb9aa7d9baff172026820255c6f6c30ba8999d1c2fd88e2848137c4e,0x0000000000000000000000005efda50f22d34f262c29268506c5fa42cb56a1ce,,0x36e60d1a3a0709f029f8dfd79b98cc98cbf840bb8482b20a1013c1206fdaf507
318173915,2025-03-22 00:00:59.000 UTC,0xaf88d065e77c8cc2239327c5edb3a432268e5831,0x,0x117e3210bb9aa7d9baff172026820255c6f6c30ba8999d1c2fd88e2848137c4e,0x0000000000000000000000005f6c97c6ad7bdd0ae7e0dd4ca33a4ed3fdabd4d7,,0x5b2cac6d05dd7484a6a806c84d8025eef328784978c2dfe15bc2b383b1642593
318174000,2025-03-22 00:01:20.000 UTC,0xaf88d065e77c8cc2239327c5edb3a432268e5831,0x,0x117e3210bb9aa7d9baff172026820255c6f6c30ba8999d1c2fd88e2848137c4e,0x000000000000000000000000653477c392c16b0765603074f157314cc4f40c32,,0xb4bb17bc708f4b8a4b16e1ff698b6970f8bdc7d35c35e0ba5c539949cb978d75
318174390,2025-03-22 00:02:57.000 UTC,0xaf88d065e77c8cc2239327c5edb3a432268e5831,0x,0x117e3210bb9aa7d9baff172026820255c6f6c30ba8999d1c2fd88e2848137c4e,0x000000000000000000000000746aebc06d2ae31b71ac51429a19d54e797878e9,,0x6884c0d64239bd687cb345593ec709f5afafe038e04778b6c213ee1ff9f80ccf
318174403,2025-03-22 00:03:00.000 UTC,0xaf88d065e77c8cc2239327c5edb3a432268e5831,0x,0x117e3210bb9aa7d9baff172026820255c6f6c30ba8999d1c2fd88e2848137c4e,0x000000000000000000000000756c4628e57f7e7f8a459ec2752968360cf4d1aa,,0x266db77cc3871187b1d2e6dcbc9673be749d1b27ffc076183090a18a49e4d907
318174916,2025-03-22 00:05:09.000 UTC,0xaf88d065e77c8cc2239327c5edb3a432268e5831,0x,0x117e3210bb9aa7d9baff172026820255c6f6c30ba8999d1c2fd88e2848137c4e,0x00000000000000000000000077777feddddffc19ff86db637967013e6c6a116c,,0xee685b1b33aaa3d02d57e8f0271cb044044a7e2535db1a9fbfa95b92eefbba48
318178618,2025-03-22 00:20:38.000 UTC,0xaf88d065e77c8cc2239327c5edb3a432268e5831,0x,0x117e3210bb9aa7d9baff172026820255c6f6c30ba8999d1c2fd88e2848137c4e,0x00000000000000000000000088fd245fedec4a936e700f9173454d1931b4c307,,0x778a722f38e927233ffb348d036d5ceee3b6929aff35f6d6e141453872b15a0f
318178848,2025-03-22 00:21:35.000 UTC,0xaf88d065e77c8cc2239327c5edb3a432268e5831,0x,0x117e3210bb9aa7d9baff172026820255c6f6c30ba8999d1c2fd88e2848137c4e,0x00000000000000000000000094c92f096437ab9958fc0a37f09348f30389ae79,,0xee12576bd815cc85e5d17dc8058403041cf00b16eb1bd4d48cb9b3a428135f63
318178862,2025-03-22 00:21:38.000 UTC,0xaf88d065e77c8cc2239327c5edb3a432268e5831,0x,0x117e3210bb9aa7d9baff172026820255c6f6c30ba8999d1c2fd88e2848137c4e,0x000000000000000000000000b04e030140b30c27bcdfaafffa98c57d80eda7b4,,0x64ea037ca56f12eea14caa705a621d376ce155f382cec01887d7aa3926db68af
318178873,2025-03-22 00:21:41.000 UTC,0xaf88d065e77c8cc2239327c5edb3a432268e5831,0x,0x117e3210bb9aa7d9baff172026820255c6f6c30ba8999d1c2fd88e2848137c4e,0x000000000000000000000000b20c66c4de72433f3ce747b58b86830c459ca911,,0x7781445f7c17e744a9985153a2270b0e7ec7ffa0e2545a1f1b1dd36444e616e1
318178884,2025-03-22 00:21:44.000 UTC,0xaf88d065e77c8cc2239327c5edb3a432268e5831,0x,0x117e3210bb9aa7d9baff172026820255c6f6c30ba8999d1c2fd88e2848137c4e,0x000000000000000000000000cee71753c9820f063b38fdbe4cfdaf1d3d928a80,,0xe17b05454d27ba08a39f1c97faa099dc726fc54bada90b2e3477e0154c269a32
318178894,2025-03-22 00:21:46.000 UTC,0xaf88d065e77c8cc2239327c5edb3a432268e5831,0x,0x117e3210bb9aa7d9baff172026820255c6f6c30ba8999d1c2fd88e2848137c4e,0x000000000000000000000000d82ed8786d7c69dc7e052f7a542ab047971e73d2,,0xa0b127505d03c123484b061ad93a35a2cf23ab751fea31f43d9a0627bc420c87
318178904,2025-03-22 00:21:49.000 UTC,0xaf88d065e77c8cc2239327c5edb3a432268e5831,0x,0x117e3210bb9aa7d9baff172026820255c6f6c30ba8999d1c2fd88e2848137c4e,0x000000000000000000000000f4b067dd14e95bab89be928c07cb22e3c94e0daa,,0x9f740c331d548e489094240059dbd308c3373564aaa339e5b168782f3574336f
318178914,2025-03-22 00:21:51.000 UTC,0xaf88d065e77c8cc2239327c5edb3a432268e5831,0x,0x117e3210bb9aa7d9baff172026820255c6f6c30ba8999d1c2fd88e2848137c4e,0x000000000000000000000000ffbac21a641dcfe4552920138d90f3638b3c9fba,,0x79b7364db466fada644658fadb5a54d6df8f95a314429e792b49163d069ed0a7
318178923,2025-03-22 00:21:54.000 UTC,0xaf88d065e77c8cc2239327c5edb3a432268e5831,0x,0x117e3210bb9aa7d9baff172026820255c6f6c30ba8999d1c2fd88e2848137c4e,0x000000000000000000000000d692fd2d0b2fbd2e52cfa5b5b9424bc981c30696,,0x311bb8a5d6c6ade5ad3bd2f8a976e2539a4f157a3cc0e4f46a7b5478f8d73b4b
318178933,2025-03-22 00:21:56.000 UTC,0xaf88d065e77c8cc2239327c5edb3a432268e5831,0x,0x117e3210bb9aa7d9baff172026820255c6f6c30ba8999d1c2fd88e2848137c4e,0x000000000000000000000000d8d7de3349ccaa0fde6298fe6d7b7d0d34586193,,0x42d3c3d400b224e63caa3439832237f89813c9382703f7b76294f55ac4785d58
318178942,2025-03-22 00:21:59.000 UTC,0xaf88d065e77c8cc2239327c5edb3a432268e5831,0x,0x117e3210bb9aa7d9baff172026820255c6f6c30ba8999d1c2fd88e2848137c4e,0x000000000000000000000000df3a408c53e5078af6e8fb2a85088d46ee09a61b,,0x12096f9838247eb8645ce06de6fd5021e55a86239ab2535192174c7028fe3ad4
318178951,2025-03-22 00:22:01.000 UTC,0xaf88d065e77c8cc2239327c5edb3a432268e5831,0x,0x117e3210bb9aa7d9baff172026820255c6f6c30ba8999d1c2fd88e2848137c4e,0x0000000000000000000000001e34a77868e19a6647b1f2f47b51ed72dede95dd,,0xaaad14cd6df1909e9e4181ea337187bb0d4abc68b8bd208e724c810e62856255
318178963,2025-03-22 00:22:04.000 UTC,0xaf88d065e77c8cc2239327c5edb3a432268e5831,0x,0x117e3210bb9aa7d9baff172026820255c6f6c30ba8999d1c2fd88e2848137c4e,0x00000000000000000000000023173fe8b96a4ad8d2e17fb83ea5dcccdca1ae52,,0xade906b614790c4ae5866fd9bb49ed9a7ba27e4b5fd79db5a80d9f4ee05b18b0
318178972,2025-03-22 00:22:06.000 UTC,0xaf88d065e77c8cc2239327c5edb3a432268e5831,0x,0x117e3210bb9aa7d9baff172026820255c6f6c30ba8999d1c2fd88e2848137c4e,0x000000000000000000000000242654336ca2205714071898f67e254eb49acdce,,0x86cb9ef01721cac8b91c95140235c507bb401c43918cc4248d57b924316c2f66
318178983,2025-03-22 00:22:09.000 UTC,0xaf88d065e77c8cc2239327c5edb3a432268e5831,0x,0x117e3210bb9aa7d9baff172026820255c6f6c30ba8999d1c2fd88e2848137c4e,0x000000000000000000000000330bdfade01ee9bf63c209ee33102dd334618e0a,,0x87a22032bb339062526f4ccd076a71c806fcfc8884706ee18625361402e43aee
318178991,2025-03-22 00:22:11.000 UTC,0xaf88d065e77c8cc2239327c5edb3a432268e5831,0x,0x117e3210bb9aa7d9baff172026820255c6f6c30ba8999d1c2fd88e2848137c4e,0x0000000000000000000000003aac1cc67c2ec5db4ea850957b967ba153ad6279,,0x5a023f5e02f9c0ca504d03330bbfdc8da4ea1ef913e546238aa41aade1eb8e4e
318179000,2025-03-22 00:22:13.000 UTC,0xaf88d065e77c8cc2239327c5edb3a432268e5831,0x,0x117e3210bb9aa7d9baff172026820255c6f6c30ba8999d1c2fd88e2848137c4e,0x000000000000000000000000407cceeaa7c95d2fe2250bf9f2c105aa7aafb512,,0x23baf1eaee9d641d8660045877e2073de942722608311d60bf40fb6a56dcbc78
318179010,2025-03-22 00:22:16.000 UTC,0xaf88d065e77c8cc2239327c5edb3a432268e5831,0x,0x117e3210bb9aa7d9baff172026820255c6f6c30ba8999d1c2fd88e2848137c4e,0x000000000000000000000000538ab61e8a9fc1b2f93b3dd9011d662d89be6fe6,,0x23c88f418c38c4cd8a9a8258bb10b1dafdf0bf8d3e049c9bb39f296cdf994e65
318179028,2025-03-22 00:22:20.000 UTC,0xaf88d065e77c8cc2239327c5edb3a432268e5831,0x,0x117e3210bb9aa7d9baff172026820255c6f6c30ba8999d1c2fd88e2848137c4e,0x00000000000000000000000057b2b8c82f065de8ef5573f9730fc1449b403c9f,,0xb987aaff8cbfbe6bef5e2e97cc91c04f3959195555561642fb9e9be85d471e4a
318179037,2025-03-22 00:22:23.000 UTC,0xaf88d065e77c8cc2239327c5edb3a432268e5831,0x,0x117e3210bb9aa7d9baff172026820255c6f6c30ba8999d1c2fd88e2848137c4e,0x0000000000000000000000006bf694a291df3fec1f7e69701e3ab6c592435ae7,,0xb04389db04acff6293db9f60c0177a20a99f68af905a4468c6bd88834c106ff3
318179047,2025-03-22 00:22:25.000 UTC,0xaf88d065e77c8cc2239327c5edb3a432268e5831,0x,0x117e3210bb9aa7d9baff172026820255c6f6c30ba8999d1c2fd88e2848137c4e,0x000000000000000000000000723b78e67497e85279cb204544566f4dc5d2aca0,,0x0a9e3630b1474932b49af6798987df6986cb90906d5d3ee0d2bcb542e83dce30
318179056,2025-03-22 00:22:27.000 UTC,0xaf88d065e77c8cc2239327c5edb3a432268e5831,0x,0x117e3210bb9aa7d9baff172026820255c6f6c30ba8999d1c2fd88e2848137c4e,0x000000000000000000000000743494b60097a2230018079c02fe21a7b687eaa5,,0xb8188a7fe5ddaa67bcbde1b460f7a6f8c1db3bf0b7a6ef6d7681c5f14a435092
318179583,2025-03-22 00:24:40.000 UTC,0xaf88d065e77c8cc2239327c5edb3a432268e5831,0x,0x117e3210bb9aa7d9baff172026820255c6f6c30ba8999d1c2fd88e2848137c4e,0x00000000000000000000000076d85b4c0fc497eecc38902397ac608000a06607,,0x81d124bf01c532a0c52bbad2390c2279126846a92c9ac6ef442948a0530034af
318179589,2025-03-22 00:24:41.000 UTC,0xaf88d065e77c8cc2239327c5edb3a432268e5831,0x,0x117e3210bb9aa7d9baff172026820255c6f6c30ba8999d1c2fd88e2848137c4e,0x000000000000000000000000776198ccf446dfa168347089d7338879273172cf,,0x004fcd25f175fc8c09e9222338e8fc1014e14e34fd0594ffdc8121c513122eb6
318179594,2025-03-22 00:24:42.000 UTC,0xaf88d065e77c8cc2239327c5edb3a432268e5831,0x,0x117e3210bb9aa7d9baff172026820255c6f6c30ba8999d1c2fd88e2848137c4e,0x0000000000000000000000008281aa6795ade17c8973e1aedca380258bc124f9,,0xf28844be4cbf289b12a89c3ac0bc407e75f121429ae84811b152da8ca64b9552
318179600,2025-03-22 00:24:44.000 UTC,0xaf88d065e77c8cc2239327c5edb3a432268e5831,0x,0x117e3210bb9aa7d9baff172026820255c6f6c30ba8999d1c2fd88e2848137c4e,0x000000000000000000000000833481186f16cece3f1eeea1a694c42034c3a0db,,0x929a8fa1de8a9525fbaab77d3e9359333a955b1d381b1eb2d5608ff0fe80e1ef
318179606,2025-03-22 00:24:45.000 UTC,0xaf88d065e77c8cc2239327c5edb3a432268e5831,0x,0x117e3210bb9aa7d9baff172026820255c6f6c30ba8999d1c2fd88e2848137c4e,0x00000000000000000000000084443cfd09a48af6ef360c6976c5392ac5023a1f,,0xdca9b59cc2cd11ec63218248b403a75f83b5d4fef524f09adf4af84e6b4b81c3
318179612,2025-03-22 00:24:47.000 UTC,0xaf88d065e77c8cc2239327c5edb3a432268e5831,0x,0x117e3210bb9aa7d9baff172026820255c6f6c30ba8999d1c2fd88e2848137c4e,0x00000000000000000000000094be88213a387e992dd87de56950a9aef34b9448,,0x6db17319e85064697a0b51a309ef86945ef3ab1c2b1ab4c038a64927e6234564
318179617,2025-03-22 00:24:48.000 UTC,0xaf88d065e77c8cc2239327c5edb3a432268e5831,0x,0x117e3210bb9aa7d9baff172026820255c6f6c30ba8999d1c2fd88e2848137c4e,0x000000000000000000000000a5c2254e4253490c54cef0a4347fddb8f75a4998,,0xbba10a5dee74b6d91304e220c8402223bd65d5a541f3224b41d52fecb7957c24
318179623,2025-03-22 00:24:50.000 UTC,0xaf88d065e77c8cc2239327c5edb3a432268e5831,0x,0x117e3210bb9aa7d9baff172026820255c6f6c30ba8999d1c2fd88e2848137c4e,0x000000000000000000000000af4c0b70b2ea9fb7487c7cbb37ada259579fe040,,0x30f989fe761fce34534af82ac5f0c7c3ddae316792be79467490e85a06a75444
318179628,2025-03-22 00:24:51.000 UTC,0xaf88d065e77c8cc2239327c5edb3a432268e5831,0x,0x117e3210bb9aa7d9baff172026820255c6f6c30ba8999d1c2fd88e2848137c4e,0x000000000000000000000000af8d1839c3c67cf571aa74b5c12398d4901147b3,,0xcc1461064f0b3b8ff0102a325742e403fcdf5b70ecf4cb066454b4aba5269f95
318179637,2025-03-22 00:24:53.000 UTC,0xaf88d065e77c8cc2239327c5edb3a432268e5831,0x,0x117e3210bb9aa7d9baff172026820255c6f6c30ba8999d1c2fd88e2848137c4e,0x000000000000000000000000cc84179ffd19a1627e79f8648d09e095252bc418,,0x5affe47e6bdac0690b8f77fc641536b98ec0a7048424bd2ede25ed46e9efc778
318179642,2025-03-22 00:24:55.000 UTC,0xaf88d065e77c8cc2239327c5edb3a432268e5831,0x,0x117e3210bb9aa7d9baff172026820255c6f6c30ba8999d1c2fd88e2848137c4e,0x000000000000000000000000d47438c816c9e7f2e2888e060936a499af9582b3,,0x67d0a989b9c1a0013912b14e4385dfc1fe5fdd8d2f72a9f18cde64c6c0660f52
318179647,2025-03-22 00:24:56.000 UTC,0xaf88d065e77c8cc2239327c5edb3a432268e5831,0x,0x117e3210bb9aa7d9baff172026820255c6f6c30ba8999d1c2fd88e2848137c4e,0x000000000000000000000000d5d6f8d9e784d0e26222ad3834500801a68d027d,,0x86d99497b3589f527c1daeeacd24d4d9153e58d558d54ead07b67fb145c0ecf5
318179652,2025-03-22 00:24:57.000 UTC,0xaf88d065e77c8cc2239327c5edb3a432268e5831,0x,0x117e3210bb9aa7d9baff172026820255c6f6c30ba8999d1c2fd88e2848137c4e,0x000000000000000000000000df231d99ff8b6c6cbf4e9b9a945cbacef9339178,,0x623ef22ab7df1fae416f1372a222d918dff75f60cc3207343866df839250766e
318179657,2025-03-22 00:24:58.000 UTC,0xaf88d065e77c8cc2239327c5edb3a432268e5831,0x,0x117e3210bb9aa7d9baff172026820255c6f6c30ba8999d1c2fd88e2848137c4e,0x000000000000000000000000edc5d01286f99a066559f60a585406f3878a033e,,0x55de02a7ebf92250eea8cc0eba37dfb7fc2f5ff6bcf85348548f515544f575d0
318179662,2025-03-22 00:25:00.000 UTC,0xaf88d065e77c8cc2239327c5edb3a432268e5831,0x,0x117e3210bb9aa7d9baff172026820255c6f6c30ba8999d1c2fd88e2848137c4e,0x0000000000000000000000000e3a09dda6b20afbb34ac7cd4a6881493f3e7bf7,,0x8f7647abc801d01e2b0ec0a7211ccbc0329927751e8a4bb8ea0ee04ec4d44020
318179668,2025-03-22 00:25:01.000 UTC,0xaf88d065e77c8cc2239327c5edb3a432268e5831,0x,0x117e3210bb9aa7d9baff172026820255c6f6c30ba8999d1c2fd88e2848137c4e,0x00000000000000000000000005e0b5b40b7b66098c2161a5ee11c5740a3a7c45,,0xef18744185f8f55e3db803fb4cc3d87b18dfd97d22e6aa20d2f9227ea613ebb0
322247900,2025-04-02 19:23:06.000 UTC,0xaf88d065e77c8cc2239327c5edb3a432268e5831,0x,0xffa4e6181777692565cf28528fc88fd1516ea86b56da075235fa575af6a4b855,0x00000000000000000000000016f068ea913a912c62114a873b678b1aa9236585,,0x09777b6b8505372c98f22bb8308de3ff717b70b33ff6233556d94ec9c9ce1777
322248465,2025-04-02 19:25:28.000 UTC,0xaf88d065e77c8cc2239327c5edb3a432268e5831,0x,0xffa4e6181777692565cf28528fc88fd1516ea86b56da075235fa575af6a4b855,0x0000000000000000000000009acfa7136bd9ee19fc2c4517e2033705262f938c,,0x543536e2851a2d793ee7c78f762d35e785e3c6a4f7f0153def857a6ab1a35682
322248615,2025-04-02 19:26:05.000 UTC,0xaf88d065e77c8cc2239327c5edb3a432268e5831,0x,0xffa4e6181777692565cf28528fc88fd1516ea86b56da075235fa575af6a4b855,0x000000000000000000000000e942adb085bdc3cd49ad2ddaea53934f12a7e0a5,,0x1d010d6f609bdc0fa89647a1d0f05fbd19c051aad98a1dceb60c741863f90f67
322248687,2025-04-02 19:26:23.000 UTC,0xaf88d065e77c8cc2239327c5edb3a432268e5831,0x,0xffa4e6181777692565cf28528fc88fd1516ea86b56da075235fa575af6a4b855,0x0000000000000000000000004755da10f30da425a1b5f12166bec82600c48c79,,0x3205d7a729ca7ff26da88e68debcd28db3f19633ea9d33816948ad483348ef67
322248761,2025-04-02 19:26:40.000 UTC,0xaf88d065e77c8cc2239327c5edb3a432268e5831,0x,0xffa4e6181777692565cf28528fc88fd1516ea86b56da075235fa575af6a4b855,0x0000000000000000000000002b872fc6d0614e39150d078db0e2ff56650f2b4b,,0x7e7a342e6e7ca1a29128f4fe1798bd6438d4546d02b57f5a332735d45f1a2afc
322248836,2025-04-02 19:26:58.000 UTC,0xaf88d065e77c8cc2239327c5edb3a432268e5831,0x,0xffa4e6181777692565cf28528fc88fd1516ea86b56da075235fa575af6a4b855,0x0000000000000000000000007a01e8268bbb7b5b7403b673aa0b9d7b36f651aa,,0x33d3e9de10982a3f1888bedabbb76020ec641239a5c173144ba43bd4bc62985c
322248907,2025-04-02 19:27:16.000 UTC,0xaf88d065e77c8cc2239327c5edb3a432268e5831,0x,0xffa4e6181777692565cf28528fc88fd1516ea86b56da075235fa575af6a4b855,0x0000000000000000000000002a4c4406a0495116aa880c57486cb876658d8aa1,,0xc2dbdbcc605ad6acb518d8766049d1c88a6a68623b8f800922bf89afadf940b4
322248987,2025-04-02 19:27:36.000 UTC,0xaf88d065e77c8cc2239327c5edb3a432268e5831,0x,0xffa4e6181777692565cf28528fc88fd1516ea86b56da075235fa575af6a4b855,0x000000000000000000000000d9471e6c644756e845e4a10260362ab9a3a9845a,,0x5539f8cc142051231467f94b081b2d0584e3f8a7500b2bdd3efb731429d8c994
341859938,2025-05-29 19:49:05.000 UTC,0xaf88d065e77c8cc2239327c5edb3a432268e5831,0x,0xffa4e6181777692565cf28528fc88fd1516ea86b56da075235fa575af6a4b855,0x000000000000000000000000d5ed34b52ac4ab84d8fa8a231a3218bbf01ed510,,0xd9e118924b301ddd4d25871ab8cef8e53333d1a396a196bc0d9432792258088c
341860127,2025-05-29 19:49:53.000 UTC,0xaf88d065e77c8cc2239327c5edb3a432268e5831,0x,0xffa4e6181777692565cf28528fc88fd1516ea86b56da075235fa575af6a4b855,0x0000000000000000000000008c5f37d4db13967643e33d5404f66f86569221ca,,0xa1c183856bce2bf37971797dc9f38aaa127ec9474420d6a0d8c1dcdec03217ac
351895091,2025-06-27 23:01:57.000 UTC,0xaf88d065e77c8cc2239327c5edb3a432268e5831,0x,0xffa4e6181777692565cf28528fc88fd1516ea86b56da075235fa575af6a4b855,0x00000000000000000000000053b9b72dc6f96eb4b54143b211b22e2548e4cf5c,,0xe46f59efe7a49df17e22ffd544341d19ab7c169b43f765551a92d62267e99c07
351931953,2025-06-28 01:35:59.000 UTC,0xaf88d065e77c8cc2239327c5edb3a432268e5831,0x,0xffa4e6181777692565cf28528fc88fd1516ea86b56da075235fa575af6a4b855,0x000000000000000000000000e3740c1b2fcda407027e2c80906306604e5260e7,,0x900983a4878cae254cf0bf6bec7f87fdfe936d04d9ee406329f657e0cf455968
353219145,2025-07-01 19:06:37.000 UTC,0xaf88d065e77c8cc2239327c5edb3a432268e5831,0x,0xffa4e6181777692565cf28528fc88fd1516ea86b56da075235fa575af6a4b855,0x000000000000000000000000c685132e908cce284c063415ea353af5f555c6c6,,0x9dba65b12290b63b3d333b42f5da7bbc94113d630bf71dded3ebd81466fd5b90
368469876,2025-08-14 21:50:43.000 UTC,0xaf88d065e77c8cc2239327c5edb3a432268e5831,0x,0xffa4e6181777692565cf28528fc88fd1516ea86b56da075235fa575af6a4b855,0x0000000000000000000000003301843d4d8c3314706a6526940bc2a38ed29475,,0x432cde340747e70d1e0d0177d7e1a572179b1355ac3836d4d3e27e8a81223658
368469881,2025-08-14 21:50:45.000 UTC,0xaf88d065e77c8cc2239327c5edb3a432268e5831,0x,0xffa4e6181777692565cf28528fc88fd1516ea86b56da075235fa575af6a4b855,0x0000000000000000000000006e2bf91ff62095e759301a1e46df3278f7d6bf07,,0x08be019b10ab60e94cb2da55deda81699910e9fa6683c3d9bceb3c3e6e68c08e
368469885,2025-08-14 21:50:46.000 UTC,0xaf88d065e77c8cc2239327c5edb3a432268e5831,0x,0xffa4e6181777692565cf28528fc88fd1516ea86b56da075235fa575af6a4b855,0x0000000000000000000000008a33c4dccc7e840e536c1abc9af4612f876f54de,,0x7903d23b71940194f823af2bc6aa41f112875d9dab9c5f18c444471a2770f1d0
368469891,2025-08-14 21:50:47.000 UTC,0xaf88d065e77c8cc2239327c5edb3a432268e5831,0x,0xffa4e6181777692565cf28528fc88fd1516ea86b56da075235fa575af6a4b855,0x00000000000000000000000017b65262f73d2a8668dededc6a40274c3e0ea058,,0x77d1b20bc60925335a9b031be1d312ad76c97c61e4497ee6b7e46afdda2f2efa
368469894,2025-08-14 21:50:48.000 UTC,0xaf88d065e77c8cc2239327c5edb3a432268e5831,0x,0xffa4e6181777692565cf28528fc88fd1516ea86b56da075235fa575af6a4b855,0x0000000000000000000000000655b7211f302b42a7bfa16a6c45284ab82fd85b,,0xa88bb11252405df17832197ee571f8be5cde3414f292ce07db48663011bc0a27
368469897,2025-08-14 21:50:49.000 UTC,0xaf88d065e77c8cc2239327c5edb3a432268e5831,0x,0xffa4e6181777692565cf28528fc88fd1516ea86b56da075235fa575af6a4b855,0x00000000000000000000000082df92ebaa039dd6c9e0689390d7298a5ca1f59c,,0x5347e5a99cb2e2f4014eee6ee45e860ffba595ade1799d8de9d384f5e2dee74b
368469900,2025-08-14 21:50:49.000 UTC,0xaf88d065e77c8cc2239327c5edb3a432268e5831,0x,0xffa4e6181777692565cf28528fc88fd1516ea86b56da075235fa575af6a4b855,0x00000000000000000000000048ea81d8db01cc3f551be8ecc8627b5a803eb075,,0x78ee35051d4ac8121c28b4f90ccc1280347b93ec800488b6c59132874d363a08
368469903,2025-08-14 21:50:50.000 UTC,0xaf88d065e77c8cc2239327c5edb3a432268e5831,0x,0xffa4e6181777692565cf28528fc88fd1516ea86b56da075235fa575af6a4b855,0x00000000000000000000000012de548f79a50d2bd05481c8515c1ef5183666a9,,0x08321566b2368a769df2b76f18d37d763b23df7cda9701f124cfb3d3179e7bcd
368469906,2025-08-14 21:50:51.000 UTC,0xaf88d065e77c8cc2239327c5edb3a432268e5831,0x,0xffa4e6181777692565cf28528fc88fd1516ea86b56da075235fa575af6a4b855,0x00000000000000000000000018f703184349667cdae85a07e7f2efac36052b89,,0x5c3785ae4f1b39298850c5d32e801df60be255979431d13e7c3a7f88f49ecca3
368469910,2025-08-14 21:50:52.000 UTC,0xaf88d065e77c8cc2239327c5edb3a432268e5831,0x,0xffa4e6181777692565cf28528fc88fd1516ea86b56da075235fa575af6a4b855,0x0000000000000000000000008dce2aac0de82bdcaf6b4373b79f94331b8e4995,,0x4a2ca9e720a2cbda672db7ff00b8e263f21525586db4efc526d18ede57c4b2cb
368469913,2025-08-14 21:50:53.000 UTC,0xaf88d065e77c8cc2239327c5edb3a432268e5831,0x,0xffa4e6181777692565cf28528fc88fd1516ea86b56da075235fa575af6a4b855,0x000000000000000000000000f4377eda661e04b6dda78969796ed31658d602d4,,0xf8ef47a747f7b0a45681c597c3f6cac6955e23349e3891f787b2a1ce09c8bf1f
368469916,2025-08-14 21:50:53.000 UTC,0xaf88d065e77c8cc2239327c5edb3a432268e5831,0x,0xffa4e6181777692565cf28528fc88fd1516ea86b56da075235fa575af6a4b855,0x000000000000000000000000b338962b92cd818d6aef0a32a9ecd01212a71f33,,0x5addd99b4ddefd9f489e1cf7781ff4e8d05bc31ea2d32988bd3d8b909674eb72
368469919,2025-08-14 21:50:54.000 UTC,0xaf88d065e77c8cc2239327c5edb3a432268e5831,0x,0xffa4e6181777692565cf28528fc88fd1516ea86b56da075235fa575af6a4b855,0x00000000000000000000000057ec89a0c056163a0314e413320f9b3abe761259,,0x779e9c60c8751ae3671d565e4f664fa3b9451a419c1755c9b2fe685765f07116
368469922,2025-08-14 21:50:55.000 UTC,0xaf88d065e77c8cc2239327c5edb3a432268e5831,0x,0xffa4e6181777692565cf28528fc88fd1516ea86b56da075235fa575af6a4b855,0x000000000000000000000000d8500c631dc32fa18645b7436344a99e4825e10e,,0xe332a4592ef2429d8b4209a30e632728037240ab15684e5f86e8a8fc070bcb4b
368469925,2025-08-14 21:50:56.000 UTC,0xaf88d065e77c8cc2239327c5edb3a432268e5831,0x,0xffa4e6181777692565cf28528fc88fd1516ea86b56da075235fa575af6a4b855,0x0000000000000000000000007ced75026204ac29c34bea98905d4c949f27361e,,0xf9fa6fc5dd3e18373a4401a99147a4111046d00f2b50abcacd65c8f27a4a423d
368469929,2025-08-14 21:50:57.000 UTC,0xaf88d065e77c8cc2239327c5edb3a432268e5831,0x,0xffa4e6181777692565cf28528fc88fd1516ea86b56da075235fa575af6a4b855,0x000000000000000000000000418949a4a7da9e07192909722072dded8f670d58,,0x4125cc93c8999c29153e3bc80b6226336bd562a1f52e898401277ee3d6ed2ef3
368469932,2025-08-14 21:50:57.000 UTC,0xaf88d065e77c8cc2239327c5edb3a432268e5831,0x,0xffa4e6181777692565cf28528fc88fd1516ea86b56da075235fa575af6a4b855,0x0000000000000000000000006042c2f32769454c5ff226fdae52b81e49cd922f,,0x81c0928f0da2c75154fad3dfa44e1fd93ac783d68b11229b116430e528d17d3f
368469935,2025-08-14 21:50:58.000 UTC,0xaf88d065e77c8cc2239327c5edb3a432268e5831,0x,0xffa4e6181777692565cf28528fc88fd1516ea86b56da075235fa575af6a4b855,0x0000000000000000000000008660f3ab5285f9e497ffbf2997285c24466aa2a1,,0x707ab81da4ed004608208ce7d4a6daf3bec0d6fe8075a8044e864e3846c69e9a
372613145,2025-08-26 21:11:21.000 UTC,0xaf88d065e77c8cc2239327c5edb3a432268e5831,0x,0xffa4e6181777692565cf28528fc88fd1516ea86b56da075235fa575af6a4b855,0x000000000000000000000000dbb1e229f79a6e9eedfeba9db6e984a674c8bb52,,0x01acfab047dc1dc94e2bcad14005afbcd42a07a7b577e5f20a3f345069942501
372966430,2025-08-27 21:41:03.000 UTC,0xaf88d065e77c8cc2239327c5edb3a432268e5831,0x,0x117e3210bb9aa7d9baff172026820255c6f6c30ba8999d1c2fd88e2848137c4e,0x000000000000000000000000dbb1e229f79a6e9eedfeba9db6e984a674c8bb52,,0x1919fda1a20d95f26ddb2f879af8230fb49a15c7fee69a0794e92e854295b5b5
378398313,2025-09-12 14:32:05.000 UTC,0xaf88d065e77c8cc2239327c5edb3a432268e5831,0x,0xffa4e6181777692565cf28528fc88fd1516ea86b56da075235fa575af6a4b855,0x000000000000000000000000fa3576591b710cd8a68f22fc10281f39f88d8cb1,,0xd95da2bd03e5e950e9bc72b1787f5e9bf263d8d1b4291cf56a52917679d6d512
378398890,2025-09-12 14:34:29.000 UTC,0xaf88d065e77c8cc2239327c5edb3a432268e5831,0x,0x117e3210bb9aa7d9baff172026820255c6f6c30ba8999d1c2fd88e2848137c4e,0x000000000000000000000000fa3576591b710cd8a68f22fc10281f39f88d8cb1,,0xfa05d312bbeba88244b3cfd0654603063a8ee911ad1048449fdfdf4ae5bb4a50
379800818,2025-09-16 15:58:48.000 UTC,0xaf88d065e77c8cc2239327c5edb3a432268e5831,0x,0xffa4e6181777692565cf28528fc88fd1516ea86b56da075235fa575af6a4b855,0x000000000000000000000000e3d35f68383732649669aa990832e017340dbca5,,0xfb68f99d16fa5187665e1f37f872b78298349364af4df2b2f023a17fecb10345
379801029,2025-09-16 15:59:41.000 UTC,0xaf88d065e77c8cc2239327c5edb3a432268e5831,0x,0xffa4e6181777692565cf28528fc88fd1516ea86b56da075235fa575af6a4b855,0x000000000000000000000000f405df57cc3a2df4dd262b6494d76e346ca778f1,,0xc12aee40968ce0ec0298ec0200410de7a83ed6a8c710be0ea80f91ca9ccb6dd3
379801193,2025-09-16 16:00:22.000 UTC,0xaf88d065e77c8cc2239327c5edb3a432268e5831,0x,0xffa4e6181777692565cf28528fc88fd1516ea86b56da075235fa575af6a4b855,0x000000000000000000000000532b77b33a040587e9fd1800088225f99b8b0e8a,,0x719920a9555c457abef718d17638935fff335d201b6e24fc4c05324ceb2c259c
379801591,2025-09-16 16:02:02.000 UTC,0xaf88d065e77c8cc2239327c5edb3a432268e5831,0x,0xffa4e6181777692565cf28528fc88fd1516ea86b56da075235fa575af6a4b855,0x0000000000000000000000009ab7a3e606677ddf6f3538dd4472ec770c282b3e,,0x4ca83a8ca1a1cfee6ebdf7127d616813715576de4e19ad5da050524d202d8c6a
379801669,2025-09-16 16:02:22.000 UTC,0xaf88d065e77c8cc2239327c5edb3a432268e5831,0x,0xffa4e6181777692565cf28528fc88fd1516ea86b56da075235fa575af6a4b855,0x000000000000000000000000ab4302cfcf1c2337c1b59af1d23bd97189fe962c,,0x2acf5dbbc207d824d903ac704391908626dbf15150530a31fc6230dc62f1caa5
379802273,2025-09-16 16:04:52.000 UTC,0xaf88d065e77c8cc2239327c5edb3a432268e5831,0x,0xffa4e6181777692565cf28528fc88fd1516ea86b56da075235fa575af6a4b855,0x000000000000000000000000ba475bb43ee21013fd14c85e2c74b24bcf5a54c1,,0x032ada713e46775885f6741a2d7da343f10d9882816c699a8d4cb3b578efc31d
379802494,2025-09-16 16:05:47.000 UTC,0xaf88d065e77c8cc2239327c5edb3a432268e5831,0x,0xffa4e6181777692565cf28528fc88fd1516ea86b56da075235fa575af6a4b855,0x000000000000000000000000db2720ebad55399117ddb4c4a4afd9a4ccada8fe,,0xe5a0a4c546c78eaeda84610bc497b3f741a77147aa58a3e2d8ce38a9225c79f7
380175083,2025-09-17 17:58:30.000 UTC,0xaf88d065e77c8cc2239327c5edb3a432268e5831,0x,0xffa4e6181777692565cf28528fc88fd1516ea86b56da075235fa575af6a4b855,0x0000000000000000000000009bb44f1803dedacfa7c1d913c3f75e4accd0e4c2,,0xab2db7041dc6f7656ac6035d96a03860327dcd6d22d18b4739345f7f63c7c13c
380175320,2025-09-17 17:59:28.000 UTC,0xaf88d065e77c8cc2239327c5edb3a432268e5831,0x,0xffa4e6181777692565cf28528fc88fd1516ea86b56da075235fa575af6a4b855,0x000000000000000000000000c12986eb140ecc92b11d897661f66768e021294e,,0xf430ae2dea34448c4099e2977ab1406b388d343d5c98d0d696a93c07b585342a
380175557,2025-09-17 18:00:28.000 UTC,0xaf88d065e77c8cc2239327c5edb3a432268e5831,0x,0xffa4e6181777692565cf28528fc88fd1516ea86b56da075235fa575af6a4b855,0x00000000000000000000000030c02968ecd245a3934e7abb8f7c308bd931852b,,0x96e24a3bd82bc5ac7b4349ad249894b9d3e410caa1c421caed093f28e85c8ad3
382226306,2025-09-23 16:19:02.000 UTC,0xaf88d065e77c8cc2239327c5edb3a432268e5831,0x,0xffa4e6181777692565cf28528fc88fd1516ea86b56da075235fa575af6a4b855,0x000000000000000000000000d69b944680b749d1d048873d6b61745bed146846,,0x12b99449f273db6aeb3f9a63d4ff2a6f37c31cd3c667273caf12e8c8e070fdd7
382575832,2025-09-24 16:31:59.000 UTC,0xaf88d065e77c8cc2239327c5edb3a432268e5831,0x,0xffa4e6181777692565cf28528fc88fd1516ea86b56da075235fa575af6a4b855,0x000000000000000000000000240fd853e1509a975bd95348d49c923fb0b5d43c,,0xb28254a3c6eb9b486426919b6a4434547409c752e5c9d769db7282156cbeaa97
389542499,2025-10-14 19:28:24.000 UTC,0xaf88d065e77c8cc2239327c5edb3a432268e5831,0x,0xffa4e6181777692565cf28528fc88fd1516ea86b56da075235fa575af6a4b855,0x000000000000000000000000d599ac04a1c786972b81e0fef6fb0c3e7b52f8a7,,0x6f9ff030b10dbeeeb783713d50e568804ad17d268ae069a00ad561d5ae902803
389542725,2025-10-14 19:29:19.000 UTC,0xaf88d065e77c8cc2239327c5edb3a432268e5831,0x,0xffa4e6181777692565cf28528fc88fd1516ea86b56da075235fa575af6a4b855,0x000000000000000000000000ae05eb856cb28c156d9722094f5eefd5693bc181,,0x6e80d97386f9d8b5205434325720ea8acd1f57ab066d430e26ef8eeb8b5e3810
389543399,2025-10-14 19:32:08.000 UTC,0xaf88d065e77c8cc2239327c5edb3a432268e5831,0x,0xffa4e6181777692565cf28528fc88fd1516ea86b56da075235fa575af6a4b855,0x000000000000000000000000500aa554ed27a6c94fe0d5eb5df3482b528a5efe,,0x7bb7914a179baa28e95b94f24fa299cdb2f8d537fc5ca43cf67645f48b7dfb1f
389543518,2025-10-14 19:32:38.000 UTC,0xaf88d065e77c8cc2239327c5edb3a432268e5831,0x,0xffa4e6181777692565cf28528fc88fd1516ea86b56da075235fa575af6a4b855,0x0000000000000000000000002a4ff8bc97d3faef20ca9aa3c8dac93450695434,,0x1ea7f6b358721d208e707cdc849be99efd0d8dc642c12b8cb6f96b71c734a0d3
396776787,2025-11-04 17:20:55.000 UTC,0xaf88d065e77c8cc2239327c5edb3a432268e5831,0x,0xffa4e6181777692565cf28528fc88fd1516ea86b56da075235fa575af6a4b855,0x00000000000000000000000000be5e0c85be35948d97ad37f62d108243f89ae0,,0xf3731938545eeafd2f46bc7bc4fcee2f1af8dbef5d1f70ed948c9b8f99fe99c6
396777166,2025-11-04 17:22:30.000 UTC,0xaf88d065e77c8cc2239327c5edb3a432268e5831,0x,0xffa4e6181777692565cf28528fc88fd1516ea86b56da075235fa575af6a4b855,0x00000000000000000000000000bf03f87539214307207c61b7f729ddc22977b8,,0x4d8c113517631d72aeea53be9193ab8361cbcdce23b2d6552c828169ce42ae20
396777260,2025-11-04 17:22:53.000 UTC,0xaf88d065e77c8cc2239327c5edb3a432268e5831,0x,0xffa4e6181777692565cf28528fc88fd1516ea86b56da075235fa575af6a4b855,0x0000000000000000000000000d1891dd69efe614918e989b5ebd68d6e5f18ff5,,0x069baabd4e27eb2577900a46cb09037e05ea900ad457150d29bf5036eb9282a9
396777299,2025-11-04 17:23:03.000 UTC,0xaf88d065e77c8cc2239327c5edb3a432268e5831,0x,0xffa4e6181777692565cf28528fc88fd1516ea86b56da075235fa575af6a4b855,0x0000000000000000000000005a1ca8328b9da53c6c11c8745ea8da29a9cd36c1,,0x832af1ba0efc71ff55de162203baec258991c9fb43c359113c86fe44a5d6ff34
396777303,2025-11-04 17:23:04.000 UTC,0xaf88d065e77c8cc2239327c5edb3a432268e5831,0x,0xffa4e6181777692565cf28528fc88fd1516ea86b56da075235fa575af6a4b855,0x0000000000000000000000005042cca9d00c44733ebaf550851b9a65cc98d58f,,0xcb07f20bd4ab6e86048721b78654adad2070b49ee955e851ab2cb19dd79b31e5
396777342,2025-11-04 17:23:14.000 UTC,0xaf88d065e77c8cc2239327c5edb3a432268e5831,0x,0xffa4e6181777692565cf28528fc88fd1516ea86b56da075235fa575af6a4b855,0x000000000000000000000000596ac03ba123b802325bf62ceff98e5608ac48e9,,0x4fc11db410edbe27524e9b82f26ff4ac3171a73918f3597676c70e0370bf09f7
396777990,2025-11-04 17:25:56.000 UTC,0xaf88d065e77c8cc2239327c5edb3a432268e5831,0x,0xffa4e6181777692565cf28528fc88fd1516ea86b56da075235fa575af6a4b855,0x00000000000000000000000055ef531216bd8077fb1acb8e61be532214b33b76,,0xba41575567fe7eeff2c8becedf8eafb90095059d11b40e998f56befe7e1dc7f7
396778641,2025-11-04 17:28:37.000 UTC,0xaf88d065e77c8cc2239327c5edb3a432268e5831,0x,0xffa4e6181777692565cf28528fc88fd1516ea86b56da075235fa575af6a4b855,0x000000000000000000000000114074ff655d0643a4ff70411ffca618cb7edca1,,0xeed39f357b8572d8e45cfa69be8aa4695532e5b446995e49a7b15294963e5d73
396778806,2025-11-04 17:29:19.000 UTC,0xaf88d065e77c8cc2239327c5edb3a432268e5831,0x,0xffa4e6181777692565cf28528fc88fd1516ea86b56da075235fa575af6a4b855,0x000000000000000000000000117bb0cfee7ce8f842967537fbcd92fc504d68ab,,0x13ea9a7566140b1dbbf8ba49994c86ef92ccf97695b953aee303262b4aa62368
396778851,2025-11-04 17:29:30.000 UTC,0xaf88d065e77c8cc2239327c5edb3a432268e5831,0x,0xffa4e6181777692565cf28528fc88fd1516ea86b56da075235fa575af6a4b855,0x00000000000000000000000015a68a9ffa2a94bdad8468d93af4db24251af772,,0xfd1c5d8fa9720e84a771c7eee15ceee5f49cd520d72a92621bfd1afd39944e58
396778979,2025-11-04 17:30:02.000 UTC,0xaf88d065e77c8cc2239327c5edb3a432268e5831,0x,0xffa4e6181777692565cf28528fc88fd1516ea86b56da075235fa575af6a4b855,0x00000000000000000000000010df38a923a660965d098f24a618b0d1b5d99cba,,0x8aa8ca4894e81db104c4c8f5547790a1a7e6eec771a5ce3e690b43443e25b3a6
396780045,2025-11-04 17:34:27.000 UTC,0xaf88d065e77c8cc2239327c5edb3a432268e5831,0x,0xffa4e6181777692565cf28528fc88fd1516ea86b56da075235fa575af6a4b855,0x000000000000000000000000171f95410bc65dfc8549c287cd475dc8b82df192,,0x5c3495101571f8b060c7629ffa84284ab9ce75eb330ef8555f0e14738e62cb59
396780052,2025-11-04 17:34:29.000 UTC,0xaf88d065e77c8cc2239327c5edb3a432268e5831,0x,0xffa4e6181777692565cf28528fc88fd1516ea86b56da075235fa575af6a4b855,0x00000000000000000000000017fff4f3364fa6dfa25cf37bebbff62bc47232f7,,0xf93b6c3b672fd5d09084c5db8781ea0333af361ddbb2573884f39b0f8a540050
396780712,2025-11-04 17:37:14.000 UTC,0xaf88d065e77c8cc2239327c5edb3a432268e5831,0x,0xffa4e6181777692565cf28528fc88fd1516ea86b56da075235fa575af6a4b855,0x0000000000000000000000002547ad3f4b0d37881101885addd1cedf753af9aa,,0x904b2ab73e19361f2c8fb23a66f7273fc475199d20a6105469565d064b54cd9d
396780976,2025-11-04 17:38:21.000 UTC,0xaf88d065e77c8cc2239327c5edb3a432268e5831,0x,0xffa4e6181777692565cf28528fc88fd1516ea86b56da075235fa575af6a4b855,0x0000000000000000000000002cbd0ba5b15bde90d5252d8ac1ed2aa121d2d62a,,0x47ee4d77d8d7f36575b7290e84e2b0a2a08a7b4066c147bbc3cdc022d36a2881
396781467,2025-11-04 17:40:22.000 UTC,0xaf88d065e77c8cc2239327c5edb3a432268e5831,0x,0xffa4e6181777692565cf28528fc88fd1516ea86b56da075235fa575af6a4b855,0x00000000000000000000000037cefc817a4582773b26835910127ba24f284bb4,,0x542cdfc6f776bacbc3680a7174f15ef26a12f245eaf840a677c716ec56a69338
396781806,2025-11-04 17:41:47.000 UTC,0xaf88d065e77c8cc2239327c5edb3a432268e5831,0x,0xffa4e6181777692565cf28528fc88fd1516ea86b56da075235fa575af6a4b855,0x00000000000000000000000040813812bb5a22be798d7f4cf227a584f4f87bc9,,0xbc05d8198ea203e9e28378d8cf3fce9b95d817e77dd0a570f90d7b6d475a3da3
396781977,2025-11-04 17:42:30.000 UTC,0xaf88d065e77c8cc2239327c5edb3a432268e5831,0x,0xffa4e6181777692565cf28528fc88fd1516ea86b56da075235fa575af6a4b855,0x00000000000000000000000044888f0a128a21872c38aa44bede1e31137ba85f,,0xb7a4ca19845d3c5fb2dad4e9b41db44c2c832e20244f15de47ac6dd2e67689f1
396782242,2025-11-04 17:43:36.000 UTC,0xaf88d065e77c8cc2239327c5edb3a432268e5831,0x,0xffa4e6181777692565cf28528fc88fd1516ea86b56da075235fa575af6a4b855,0x000000000000000000000000491e68c8464e39723c304aef5cea9543f37ee607,,0x7ca537eb446e957c4827c1199bb4536d0616b8b9040279cd07c6e2bd52c3bad3
396782285,2025-11-04 17:43:47.000 UTC,0xaf88d065e77c8cc2239327c5edb3a432268e5831,0x,0xffa4e6181777692565cf28528fc88fd1516ea86b56da075235fa575af6a4b855,0x000000000000000000000000412e673fb7cce4e031b9a02277b1aeb599f62bc1,,0x5dceada809b75ca1873281d79963570c76ae447a0b486e4663c29ab8bd768a8c
396782328,2025-11-04 17:43:58.000 UTC,0xaf88d065e77c8cc2239327c5edb3a432268e5831,0x,0xffa4e6181777692565cf28528fc88fd1516ea86b56da075235fa575af6a4b855,0x0000000000000000000000003e0c892556da529a0c03a28f763964bdf25ca88c,,0x1b20f80efd041e17471e630957bf696a281cd12a445a9df104e771e22581a6d9
396782662,2025-11-04 17:45:22.000 UTC,0xaf88d065e77c8cc2239327c5edb3a432268e5831,0x,0xffa4e6181777692565cf28528fc88fd1516ea86b56da075235fa575af6a4b855,0x00000000000000000000000045fc0d462a6473905024a10f756feadf8e6c2d08,,0x32898f5e2c7a1470f914149cc280508d3d3634c2a008dba0e0aa4ab18fc32ab5
396783260,2025-11-04 17:47:46.000 UTC,0xaf88d065e77c8cc2239327c5edb3a432268e5831,0x,0xffa4e6181777692565cf28528fc88fd1516ea86b56da075235fa575af6a4b855,0x00000000000000000000000045afe4b7e98b6ef450e7b5f53bc1763f3be83e69,,0x44cf934a454d47c3e7a09ab0ae72dcc1adbca8682b8dd30856b7d93f1f93fda1
396783319,2025-11-04 17:48:01.000 UTC,0xaf88d065e77c8cc2239327c5edb3a432268e5831,0x,0xffa4e6181777692565cf28528fc88fd1516ea86b56da075235fa575af6a4b855,0x0000000000000000000000004b1d7ad9f0cbff66d194ba1e9f0da31635f23f0e,,0x418f36120eb6ad9d614a549e594abaf75ad939637caae8de508ab2f0cd3e309c
396783739,2025-11-04 17:49:46.000 UTC,0xaf88d065e77c8cc2239327c5edb3a432268e5831,0x,0xffa4e6181777692565cf28528fc88fd1516ea86b56da075235fa575af6a4b855,0x0000000000000000000000004fa8b02fd04a8ed74b2c77d7efdfffbcc884e3f2,,0xed7ac0c4f209796914f1d802d2450c391c530142129a32851014258ab4660426
396784916,2025-11-04 17:54:39.000 UTC,0xaf88d065e77c8cc2239327c5edb3a432268e5831,0x,0xffa4e6181777692565cf28528fc88fd1516ea86b56da075235fa575af6a4b855,0x00000000000000000000000095a603c86ec4a585e4359d1f07e6949567491fc9,,0x021707cdfcaf5895e0c29f2bde90a82d74040f07bb8c7b738cc7d9a3806d9285
396785138,2025-11-04 17:55:35.000 UTC,0xaf88d065e77c8cc2239327c5edb3a432268e5831,0x,0xffa4e6181777692565cf28528fc88fd1516ea86b56da075235fa575af6a4b855,0x00000000000000000000000080865644f47925223c7e12014e9b11f0f05212bc,,0xcb12e9b1a973f82b011233b5ad198dc3e65d10bb9a32b80ae97c13a6776e366d
396785568,2025-11-04 17:57:23.000 UTC,0xaf88d065e77c8cc2239327c5edb3a432268e5831,0x,0xffa4e6181777692565cf28528fc88fd1516ea86b56da075235fa575af6a4b855,0x00000000000000000000000046ccbcaf10b406a85a412ab713ad451caef9a950,,0x6f352eda68fb0d013b20ad0e36b693a7b3cbdf69aa5bac84f6752e353d4e15c0
396785894,2025-11-04 17:58:45.000 UTC,0xaf88d065e77c8cc2239327c5edb3a432268e5831,0x,0xffa4e6181777692565cf28528fc88fd1516ea86b56da075235fa575af6a4b855,0x0000000000000000000000005263b1aa550f70bd9753ec558c631eaadd2ae98c,,0xec7f650a5806a701a03c970b0594711c06bbde6edce61248f9db00eebf8a3e1b
396787006,2025-11-04 18:03:22.000 UTC,0xaf88d065e77c8cc2239327c5edb3a432268e5831,0x,0xffa4e6181777692565cf28528fc88fd1516ea86b56da075235fa575af6a4b855,0x000000000000000000000000dc2ec40485f23d6268fe9f4fde8c390051f4766a,,0xe222a71177bd0a556b50971550145131598b010a114d5c39eb00697eb5479165
396787180,2025-11-04 18:04:06.000 UTC,0xaf88d065e77c8cc2239327c5edb3a432268e5831,0x,0xffa4e6181777692565cf28528fc88fd1516ea86b56da075235fa575af6a4b855,0x000000000000000000000000a3afa16728fc3a16072a7a00ec4508fafe02a34a,,0x4d14c8ab7b609d15ed1b8b173f3e9041f940abf3f0d256ae81edc8880d811efb
396787435,2025-11-04 18:05:10.000 UTC,0xaf88d065e77c8cc2239327c5edb3a432268e5831,0x,0xffa4e6181777692565cf28528fc88fd1516ea86b56da075235fa575af6a4b855,0x00000000000000000000000072a2fc69c5a3025d9d79bb01335860aaf2a4a948,,0xab2b850d0cb424a6ca2c695f5f441e24f48164b7519a21e084bcee15ca70c666
396788028,2025-11-04 18:07:37.000 UTC,0xaf88d065e77c8cc2239327c5edb3a432268e5831,0x,0xffa4e6181777692565cf28528fc88fd1516ea86b56da075235fa575af6a4b855,0x0000000000000000000000007b7f0d8f53e16faee4cf90aedf50c7073f17beff,,0x793b22378c0a8db1b630b9cf7e81de015592d86247999f92095e0ef33dcd1532
396788578,2025-11-04 18:09:55.000 UTC,0xaf88d065e77c8cc2239327c5edb3a432268e5831,0x,0xffa4e6181777692565cf28528fc88fd1516ea86b56da075235fa575af6a4b855,0x000000000000000000000000919d585e07ab0926832753eb43fd6fb2b8488051,,0x732e0f18be737d6bd83ed4e037709d69c09bdb5b0dea514e6c0aa7d957de4c27
396788621,2025-11-04 18:10:06.000 UTC,0xaf88d065e77c8cc2239327c5edb3a432268e5831,0x,0xffa4e6181777692565cf28528fc88fd1516ea86b56da075235fa575af6a4b855,0x000000000000000000000000932dbae7c0493923c2643efc52b9faadfc3109a6,,0xe52b2f53e3b1f9dfc0df8ee951f744565aaefa6a403c788cfac7c05ff992475d
396788878,2025-11-04 18:11:11.000 UTC,0xaf88d065e77c8cc2239327c5edb3a432268e5831,0x,0xffa4e6181777692565cf28528fc88fd1516ea86b56da075235fa575af6a4b855,0x00000000000000000000000080d658d0d767de04a4379fee4a2fdf10d9bfbf03,,0x702f8a12390e0d3aa157f99f42e7bc427d7ebbc17c7761e086f41287e4035548
396789570,2025-11-04 18:14:04.000 UTC,0xaf88d065e77c8cc2239327c5edb3a432268e5831,0x,0xffa4e6181777692565cf28528fc88fd1516ea86b56da075235fa575af6a4b855,0x000000000000000000000000ad0fd006d311c33da60c180603316a813a3f68d4,,0x046f0b523ca4e0fda3321165252da3376d0629dd25dcfa7e01dd9620cf55617b
396789763,2025-11-04 18:14:53.000 UTC,0xaf88d065e77c8cc2239327c5edb3a432268e5831,0x,0xffa4e6181777692565cf28528fc88fd1516ea86b56da075235fa575af6a4b855,0x0000000000000000000000009d6350f74c811ca9e9c9adc35227a1193d5984b0,,0x0ea04afc1eed02e22df8a302731dcc1bc18d88c0b675af657f05116eef51fc16
396789958,2025-11-04 18:15:42.000 UTC,0xaf88d065e77c8cc2239327c5edb3a432268e5831,0x,0xffa4e6181777692565cf28528fc88fd1516ea86b56da075235fa575af6a4b855,0x000000000000000000000000c014eb917fb0689844b31347c7556c18a319bbbf,,0xe190e5ed9b77a95646fce1a0ba5f0818540655a91b60ccd4161fca9b471ba454
396791151,2025-11-04 18:20:40.000 UTC,0xaf88d065e77c8cc2239327c5edb3a432268e5831,0x,0xffa4e6181777692565cf28528fc88fd1516ea86b56da075235fa575af6a4b855,0x000000000000000000000000c19a1636cf379ce180a61946a990d743bd2ee3d1,,0x651870aab5b639406a09287c5acfc1a1ca7e4344206a49b4072680cc8dd035fe
396791362,2025-11-04 18:21:33.000 UTC,0xaf88d065e77c8cc2239327c5edb3a432268e5831,0x,0xffa4e6181777692565cf28528fc88fd1516ea86b56da075235fa575af6a4b855,0x000000000000000000000000da9809eaca62c7d52978045007f26817c425875f,,0xe8e5ebb3ee24193ac75c0c672042d86fb618b768215e9bb3f5b9db5fccda5eef
396791977,2025-11-04 18:24:07.000 UTC,0xaf88d065e77c8cc2239327c5edb3a432268e5831,0x,0xffa4e6181777692565cf28528fc88fd1516ea86b56da075235fa575af6a4b855,0x00000000000000000000000097a582fff8b54e501f584dcd828fd1200f6f9e6b,,0x2172194346a626c54ea6c2f05b72c09788cda4de6125d2e7864bd22daf1a42c2
396791991,2025-11-04 18:24:10.000 UTC,0xaf88d065e77c8cc2239327c5edb3a432268e5831,0x,0xffa4e6181777692565cf28528fc88fd1516ea86b56da075235fa575af6a4b855,0x000000000000000000000000c95b0eaad3ed1c1505fc9b1a50c160afe3594036,,0x3aec6e553e24ba89fdcd1d9d41f0c5134c961c3a6f96b43ed5c48a0d6ed800bd
396792125,2025-11-04 18:24:42.000 UTC,0xaf88d065e77c8cc2239327c5edb3a432268e5831,0x,0xffa4e6181777692565cf28528fc88fd1516ea86b56da075235fa575af6a4b855,0x000000000000000000000000e61c235a51cf48a554c60005d936d424d0d76397,,0x324f187cd053ac6c4c48b2bd207b8b28e7e7bebb67f0340831312a25701c55b9
396792550,2025-11-04 18:26:29.000 UTC,0xaf88d065e77c8cc2239327c5edb3a432268e5831,0x,0xffa4e6181777692565cf28528fc88fd1516ea86b56da075235fa575af6a4b855,0x000000000000000000000000a4e740b001ea51cd90988b19cfb9da7a52e91c47,,0x1ef993ddfc8ad93f0bc502f2413950e95c0770e4fc4baba3763002aebaefd526
396793145,2025-11-04 18:28:58.000 UTC,0xaf88d065e77c8cc2239327c5edb3a432268e5831,0x,0xffa4e6181777692565cf28528fc88fd1516ea86b56da075235fa575af6a4b855,0x000000000000000000000000c5aa13f464851d92fd59f1ef6a1c719e5e6d2d4a,,0x4539877adeffecddafea3ddc9865db8008e08d320339ce6783e502eb272a341c
396793188,2025-11-04 18:29:08.000 UTC,0xaf88d065e77c8cc2239327c5edb3a432268e5831,0x,0xffa4e6181777692565cf28528fc88fd1516ea86b56da075235fa575af6a4b855,0x000000000000000000000000d3301fc40c118a14ba8c15370e6dd3746656d287,,0x7208b845b79d0dd6a555a20557ce8801a4f05596fbfce166ba5ce07a03036773
396793396,2025-11-04 18:30:01.000 UTC,0xaf88d065e77c8cc2239327c5edb3a432268e5831,0x,0xffa4e6181777692565cf28528fc88fd1516ea86b56da075235fa575af6a4b855,0x000000000000000000000000f3f338ec1c5e17ab45377e78308ace9a6338242c,,0x07fc20f356f6524989dda16464fe905defbf7a1b5cf50c6dc95f4dd434f47654
396795024,2025-11-04 18:36:47.000 UTC,0xaf88d065e77c8cc2239327c5edb3a432268e5831,0x,0xffa4e6181777692565cf28528fc88fd1516ea86b56da075235fa575af6a4b855,0x000000000000000000000000db7ae6b7a2153fe0062be5d1d90a8be5ec8aaa50,,0x77b74a7ec8d00295a926c17919219acdd27aed8d649ffbd3090d4cf1ac0f5555
396795424,2025-11-04 18:38:26.000 UTC,0xaf88d065e77c8cc2239327c5edb3a432268e5831,0x,0xffa4e6181777692565cf28528fc88fd1516ea86b56da075235fa575af6a4b855,0x000000000000000000000000fc3def4dc3bac88f7e80d53c2499a02d65ae7e66,,0x7495883f84d588d89ec7344d0cc4978d650b5e79aad0bfa74673a1476f5cdf5e
396796621,2025-11-04 18:43:25.000 UTC,0xaf88d065e77c8cc2239327c5edb3a432268e5831,0x,0xffa4e6181777692565cf28528fc88fd1516ea86b56da075235fa575af6a4b855,0x000000000000000000000000e96e4483bc3f3abfea3213cd8a094ce5b26b117c,,0xc100e7ec9af3e270a644f3b24b466c74a0db33dc4e3b7147004d44d1ea380075
396797215,2025-11-04 18:45:54.000 UTC,0xaf88d065e77c8cc2239327c5edb3a432268e5831,0x,0xffa4e6181777692565cf28528fc88fd1516ea86b56da075235fa575af6a4b855,0x000000000000000000000000ed5324b5482a3eef2eb4263d1c386d86bfda5d4b,,0x34de6b8f9e1c97f28ce0178ff3d6bbfee78c1b9a95805bab149e2ea1b19980b1
396797220,2025-11-04 18:45:55.000 UTC,0xaf88d065e77c8cc2239327c5edb3a432268e5831,0x,0xffa4e6181777692565cf28528fc88fd1516ea86b56da075235fa575af6a4b855,0x000000000000000000000000f512078e07f61a2e28081c8ea86c6056788d18b4,,0xb744c4080fee34882f4ecad5e7d66db6642e5d71261ed0f66a1f899a0ef6fc01
401972812,2025-11-19 17:53:15.000 UTC,0xaf88d065e77c8cc2239327c5edb3a432268e5831,0x,0xffa4e6181777692565cf28528fc88fd1516ea86b56da075235fa575af6a4b855,0x0000000000000000000000005d5b5dafecbf31bdb08bfd3edad4f2694372d0ef,,0x8c5b9ca9294056eba460b3aba74142aaf81e819098cf712a502ee73b87bac5fa
401972863,2025-11-19 17:53:28.000 UTC,0xaf88d065e77c8cc2239327c5edb3a432268e5831,0x,0xffa4e6181777692565cf28528fc88fd1516ea86b56da075235fa575af6a4b855,0x000000000000000000000000c103b7dc095c904b92081eef0c1640081ec01c10,,0x1775abb44828e8b1e8e60d688035bb33c72e661413927a7844d94cf0f69daf5d
401973070,2025-11-19 17:54:20.000 UTC,0xaf88d065e77c8cc2239327c5edb3a432268e5831,0x,0xffa4e6181777692565cf28528fc88fd1516ea86b56da075235fa575af6a4b855,0x000000000000000000000000e1e4c5e5ed8f03ae61b581e2def126025f2b9401,,0x821fb52b2287f6788a8f3347f7a5864a4ffc73a88be27f603f9e31704109a26b
401973789,2025-11-19 17:57:21.000 UTC,0xaf88d065e77c8cc2239327c5edb3a432268e5831,0x,0xffa4e6181777692565cf28528fc88fd1516ea86b56da075235fa575af6a4b855,0x00000000000000000000000011fe0fd1a9fb17746eb9877a396ddf1b3a632838,,0xa10f9c166530a31010830d6f3e2bc204b1949fd136d081543f441dcd388e0d6f
401975088,2025-11-19 18:02:45.000 UTC,0xaf88d065e77c8cc2239327c5edb3a432268e5831,0x,0xffa4e6181777692565cf28528fc88fd1516ea86b56da075235fa575af6a4b855,0x0000000000000000000000002020b536fd363c82fc3f6ab26aeea94b4ffa1404,,0x8ded593052296c2ad1b3a5bee606a0a5b67a9296ae91a6a7a33215aa96213848
401975118,2025-11-19 18:02:53.000 UTC,0xaf88d065e77c8cc2239327c5edb3a432268e5831,0x,0xffa4e6181777692565cf28528fc88fd1516ea86b56da075235fa575af6a4b855,0x000000000000000000000000d4e976441a1cad72ee5cbd2fd1b677fe7ce8afdf,,0xa09cc2d96afdfdc8a4660eb57171d351a8a94155901f8f8aa37500fcb0f60f6f
401976591,2025-11-19 18:09:00.000 UTC,0xaf88d065e77c8cc2239327c5edb3a432268e5831,0x,0xffa4e6181777692565cf28528fc88fd1516ea86b56da075235fa575af6a4b855,0x000000000000000000000000091a964948da0f8f638c8b688e391e5a3df1a43e,,0x3c82d61457777133909ceb093a63441edb26169432cfdc6070159d6ab16016d9
401976845,2025-11-19 18:10:04.000 UTC,0xaf88d065e77c8cc2239327c5edb3a432268e5831,0x,0xffa4e6181777692565cf28528fc88fd1516ea86b56da075235fa575af6a4b855,0x0000000000000000000000009227c54226014afcb588dc49818e28a3a2367557,,0xeafabd40e4f6f58751273c1ecd0e2206521805369cd57618c56ad94edf0f867d
404376512,2025-11-26 16:50:20.000 UTC,0xaf88d065e77c8cc2239327c5edb3a432268e5831,0x,0xffa4e6181777692565cf28528fc88fd1516ea86b56da075235fa575af6a4b855,0x00000000000000000000000066395ac274efad06bcfa78c882c9c4988833823b,,0xe8ad22ee5f3d5f9831191973fe4958fc5e817974bd8e12a1f56132742ab51db9
426862000,2026-01-30 16:40:22.000 UTC,0xaf88d065e77c8cc2239327c5edb3a432268e5831,0x,0xffa4e6181777692565cf28528fc88fd1516ea86b56da075235fa575af6a4b855,0x0000000000000000000000000529ebc9ff01a4d390f91687d7c7406bf0dab24e,,0xcd262e5688fa477ea94d56dba12bb11d9e85bb4447bbaa19e35ac26edc8efa65
426862171,2026-01-30 16:41:04.000 UTC,0xaf88d065e77c8cc2239327c5edb3a432268e5831,0x,0xffa4e6181777692565cf28528fc88fd1516ea86b56da075235fa575af6a4b855,0x000000000000000000000000bf92b14aa9fd088182178e2ebf208da946521ee5,,0xfa4bdc4c19d3eb625b1fe41ab02c957fb07bc7ea96d99f7e1789d333dae68186
426862490,2026-01-30 16:42:20.000 UTC,0xaf88d065e77c8cc2239327c5edb3a432268e5831,0x,0xffa4e6181777692565cf28528fc88fd1516ea86b56da075235fa575af6a4b855,0x000000000000000000000000180242dc6b95c786c2d9c397532c679a956a1d12,,0x5986eb8ca5a71dcaddd04cbba2091526dab9173cc9a22543a8aa2ad8255f7b86
426862538,2026-01-30 16:42:32.000 UTC,0xaf88d065e77c8cc2239327c5edb3a432268e5831,0x,0xffa4e6181777692565cf28528fc88fd1516ea86b56da075235fa575af6a4b855,0x0000000000000000000000002136ed3902c1d7217d9b19cf313bbb035ed9bfd7,,0x18a6dc37e434ffea0d06e88d941249b1fb94f4533e6faf2d705f142af0ca850f
426863100,2026-01-30 16:44:53.000 UTC,0xaf88d065e77c8cc2239327c5edb3a432268e5831,0x,0xffa4e6181777692565cf28528fc88fd1516ea86b56da075235fa575af6a4b855,0x0000000000000000000000004bae1c4b2167fe4ebcd6d7baac1138d943a2609f,,0x791e04ba6ac205222d0860cf4f83e3a3a1323a16b5fabe550842363240aec3b0
426863122,2026-01-30 16:44:58.000 UTC,0xaf88d065e77c8cc2239327c5edb3a432268e5831,0x,0xffa4e6181777692565cf28528fc88fd1516ea86b56da075235fa575af6a4b855,0x0000000000000000000000008dd586d12164a98e319607295935ee968919608e,,0xf5240f8ff37b27b029be39a2e306e46be7ad04d639b838f1c4c8f3012b2b41bd
426863815,2026-01-30 16:47:52.000 UTC,0xaf88d065e77c8cc2239327c5edb3a432268e5831,0x,0xffa4e6181777692565cf28528fc88fd1516ea86b56da075235fa575af6a4b855,0x000000000000000000000000783a4cc2478f1b44f37052bac72abaa3fc6f992a,,0x7e747c17a0c9c90dccaf0c9773e1a6bf9ed072193436ffbc0fe687916098d0b9
441082059,2026-03-12 17:23:11.000 UTC,0xaf88d065e77c8cc2239327c5edb3a432268e5831,0x,0xffa4e6181777692565cf28528fc88fd1516ea86b56da075235fa575af6a4b855,0x000000000000000000000000b637f84b66876ebf609c2a4208905f9ddac9d075,,0xf07a45a42aa01e4c9f7d9efdd50b2f2d19d67e65d9d905bbadf543d268367e0d
441082275,2026-03-12 17:24:05.000 UTC,0xaf88d065e77c8cc2239327c5edb3a432268e5831,0x,0xffa4e6181777692565cf28528fc88fd1516ea86b56da075235fa575af6a4b855,0x00000000000000000000000095584c303fcd48af5c6b9873015f2ad0ca84eae3,,0xca56735ded023ef19949e52903be98cd5b34797a5fa99e5978935dce64c0aa94
441082976,2026-03-12 17:27:01.000 UTC,0xaf88d065e77c8cc2239327c5edb3a432268e5831,0x,0xffa4e6181777692565cf28528fc88fd1516ea86b56da075235fa575af6a4b855,0x000000000000000000000000cb74874f1e06fcf80a306e06e5379a44b488ba2d,,0x625b79baaeb9f17cd6b87a5ef89fa67c6fa5c1d8b2e6eee26f7102fd273be80c
441083795,2026-03-12 17:30:25.000 UTC,0xaf88d065e77c8cc2239327c5edb3a432268e5831,0x,0xffa4e6181777692565cf28528fc88fd1516ea86b56da075235fa575af6a4b855,0x0000000000000000000000004f47bc496083c727c5fbe3ce9cdf2b0f6496270c,,0x71a33fccd7587840767c7033d999857cabf090f193da0cbb0fd8e25a5cb528c5
441084308,2026-03-12 17:32:33.000 UTC,0xaf88d065e77c8cc2239327c5edb3a432268e5831,0x,0xffa4e6181777692565cf28528fc88fd1516ea86b56da075235fa575af6a4b855,0x000000000000000000000000d04e33461fea8302c5e1e13895b60cee8aefda7f,,0x9b079cfc2f209198408b3fe0e051586e17ab60d979da251621230ce7d36d698f
441085062,2026-03-12 17:35:38.000 UTC,0xaf88d065e77c8cc2239327c5edb3a432268e5831,0x,0xffa4e6181777692565cf28528fc88fd1516ea86b56da075235fa575af6a4b855,0x00000000000000000000000076ea76ca4eb727f18956ab93445a94c5280412b9,,0x1356ca5efd6f02f23f378224d81146814dbb74284d1c6e82339ce57d3aa2019b
441085446,2026-03-12 17:37:14.000 UTC,0xaf88d065e77c8cc2239327c5edb3a432268e5831,0x,0xffa4e6181777692565cf28528fc88fd1516ea86b56da075235fa575af6a4b855,0x0000000000000000000000000330070fd38ec3bb94f58fa55d40368271e9e54a,,0xc2ce85bc101f26ddc2e83d5eedd172281cea1429ffd51eae083cfc7639017f4e
441085535,2026-03-12 17:37:37.000 UTC,0xaf88d065e77c8cc2239327c5edb3a432268e5831,0x,0xffa4e6181777692565cf28528fc88fd1516ea86b56da075235fa575af6a4b855,0x0000000000000000000000009be599d7867f5e1a2d7ec6db9710df2b98a15573,,0x8f77bf299420e10d64a009b7f4977cfd086f60fbd4a5299e836d771459e1a7c2
441086330,2026-03-12 17:40:55.000 UTC,0xaf88d065e77c8cc2239327c5edb3a432268e5831,0x,0xffa4e6181777692565cf28528fc88fd1516ea86b56da075235fa575af6a4b855,0x000000000000000000000000747afb5c7a7fc34b547cd0fdebf9b91759c5a52b,,0x09cf686b2a239839fd159e3376237dccd8cbbbd889443c5554ad2cfec019b4f9
441086461,2026-03-12 17:41:27.000 UTC,0xaf88d065e77c8cc2239327c5edb3a432268e5831,0x,0xffa4e6181777692565cf28528fc88fd1516ea86b56da075235fa575af6a4b855,0x000000000000000000000000fb3eff152ea55d1bfa04dbdd509a80fd7b72cdeb,,0x13f77636228256531c68da35801be6c1ec3db4b462688d23135618ebb1129db9
441087293,2026-03-12 17:44:56.000 UTC,0xaf88d065e77c8cc2239327c5edb3a432268e5831,0x,0xffa4e6181777692565cf28528fc88fd1516ea86b56da075235fa575af6a4b855,0x0000000000000000000000002ec6c5fe3d7acd8e2e6185c17d9acb136e66f3e0,,0xec2b90644030ebcf0ccf4dc7f91be266edaedab660bc0af601b1a2a8840f80c2
441087777,2026-03-12 17:46:55.000 UTC,0xaf88d065e77c8cc2239327c5edb3a432268e5831,0x,0xffa4e6181777692565cf28528fc88fd1516ea86b56da075235fa575af6a4b855,0x000000000000000000000000fda1ec4a6178d4916b001a065422d31ebe5f62ff,,0xbe97143046eb8a3200a42ef9f3e6b327c4f26bb79d092d727245450764a05b4b
441087992,2026-03-12 17:47:49.000 UTC,0xaf88d065e77c8cc2239327c5edb3a432268e5831,0x,0xffa4e6181777692565cf28528fc88fd1516ea86b56da075235fa575af6a4b855,0x000000000000000000000000ee61f0eeee09eed3583baab61fa2e64b96207478,,0x0d2d71551a79e678c72d4a841a71222fa514da2354cb2923b0d9219b4ad86fb8
441088151,2026-03-12 17:48:29.000 UTC,0xaf88d065e77c8cc2239327c5edb3a432268e5831,0x,0xffa4e6181777692565cf28528fc88fd1516ea86b56da075235fa575af6a4b855,0x000000000000000000000000fe88af78cfc99bea57f2fb708489cfc0f0b7f704,,0xd8fea24ac32828c6ff6d128a3c7b9906b1203d4f1109a3537ebf0c3298d6f607
441088194,2026-03-12 17:48:40.000 UTC,0xaf88d065e77c8cc2239327c5edb3a432268e5831,0x,0xffa4e6181777692565cf28528fc88fd1516ea86b56da075235fa575af6a4b855,0x00000000000000000000000047df0606a84a52763887d7aa280cc4f068326b16,,0xba17f2da47e10d505fe4430049a2acb969d9b52e928ba3ecc51e086dd65d66a1
441088476,2026-03-12 17:49:50.000 UTC,0xaf88d065e77c8cc2239327c5edb3a432268e5831,0x,0xffa4e6181777692565cf28528fc88fd1516ea86b56da075235fa575af6a4b855,0x000000000000000000000000283fcf7f260da7c3c9aad91beab58882990a66eb,,0x012f4273a21c688e7f9ec7181b349d6f6f1ad04ba30393b499bdfa54fbcbeed0
441088546,2026-03-12 17:50:08.000 UTC,0xaf88d065e77c8cc2239327c5edb3a432268e5831,0x,0xffa4e6181777692565cf28528fc88fd1516ea86b56da075235fa575af6a4b855,0x0000000000000000000000008d55c4306745f05a31af596c6bfa19374073e797,,0xe534b327892be6097d5db76d3f1520231fe9e1ae4a055b723fd38571ccd50785
441088932,2026-03-12 17:51:45.000 UTC,0xaf88d065e77c8cc2239327c5edb3a432268e5831,0x,0xffa4e6181777692565cf28528fc88fd1516ea86b56da075235fa575af6a4b855,0x0000000000000000000000006315bdc714ebb7a08e5ec10f351b6ca61d052bee,,0xc30ec6789d7ba1f65905f636cbafe6374b8e1da12a5b7e645ab42dfc4cfff02e
441089077,2026-03-12 17:52:21.000 UTC,0xaf88d065e77c8cc2239327c5edb3a432268e5831,0x,0xffa4e6181777692565cf28528fc88fd1516ea86b56da075235fa575af6a4b855,0x0000000000000000000000009145fc390e71e3b56da4bfe51460cbdbb1a8a3f9,,0x16de00d1599379e2423aa55104ffecbb0d3229a4b3b30e8e22bcc610a47c3df7
441089674,2026-03-12 17:54:49.000 UTC,0xaf88d065e77c8cc2239327c5edb3a432268e5831,0x,0xffa4e6181777692565cf28528fc88fd1516ea86b56da075235fa575af6a4b855,0x00000000000000000000000088ef69134150f35b1e91fa2d8bfbb44ba2c51e62,,0xe969cd56370779e0e8666abfc7e1adb78636a14bb0e41fb18d30eb0ce607e0eb
441090026,2026-03-12 17:56:17.000 UTC,0xaf88d065e77c8cc2239327c5edb3a432268e5831,0x,0xffa4e6181777692565cf28528fc88fd1516ea86b56da075235fa575af6a4b855,0x000000000000000000000000f8bc582628cd0c721b554161a1cb59ea003742c0,,0xbeef29b4858cc0aa290bd4c4ae4d053f2a149bec2328ff6e0e81acb16291797a
455937397,2026-04-24 18:30:49.000 UTC,0xaf88d065e77c8cc2239327c5edb3a432268e5831,0x,0xffa4e6181777692565cf28528fc88fd1516ea86b56da075235fa575af6a4b855,0x0000000000000000000000008be1904f7e8d196ef670835e2893be5f75c1e63e,,0x7e0de0c8b93d9b7c3839dd37d8a11365daec84464b46fbf96fa638ecddcee82b
455937652,2026-04-24 18:31:52.000 UTC,0xaf88d065e77c8cc2239327c5edb3a432268e5831,0x,0xffa4e6181777692565cf28528fc88fd1516ea86b56da075235fa575af6a4b855,0x000000000000000000000000c29c4df7111a39030a037a3abc8dc68c8d1d8ceb,,0xcf25ef1a761032c5b7b1af72754700ccdc0ff8755f3ae443194837fb75009a7b
464846106,2026-05-20 15:19:37.000 UTC,0xaf88d065e77c8cc2239327c5edb3a432268e5831,0x,0xffa4e6181777692565cf28528fc88fd1516ea86b56da075235fa575af6a4b855,0x000000000000000000000000038989cbb1710c72b9920dc4fa529158f463e72c,,0x6e40eacbcc568dca7446f946156218a494a172f81a61587d5cebeee471f79c69
464846712,2026-05-20 15:22:09.000 UTC,0xaf88d065e77c8cc2239327c5edb3a432268e5831,0x,0xffa4e6181777692565cf28528fc88fd1516ea86b56da075235fa575af6a4b855,0x00000000000000000000000014779cec0b117d5194c750c55ea1f42086631964,,0x89aa2999495b3ba341f2df562d3882a80ef385ddd8367a58a018a9c2b380ead3
464846845,2026-05-20 15:22:42.000 UTC,0xaf88d065e77c8cc2239327c5edb3a432268e5831,0x,0xffa4e6181777692565cf28528fc88fd1516ea86b56da075235fa575af6a4b855,0x00000000000000000000000032da24ca413f3e7b53145d4737e172c3bdf81e3e,,0xaadc4d489e256c7ed617c30a1fe46c381c09960d5826a47d6eebb049f73d6e7b
464847252,2026-05-20 15:24:24.000 UTC,0xaf88d065e77c8cc2239327c5edb3a432268e5831,0x,0xffa4e6181777692565cf28528fc88fd1516ea86b56da075235fa575af6a4b855,0x0000000000000000000000004f428c11dc82388fa5136d636e613ad923eb700b,,0xd5c1634399e6b72df9e748e285c720eb8a4c8b1aa560645265d2376d42509c30
464848419,2026-05-20 15:29:15.000 UTC,0xaf88d065e77c8cc2239327c5edb3a432268e5831,0x,0xffa4e6181777692565cf28528fc88fd1516ea86b56da075235fa575af6a4b855,0x000000000000000000000000ac4cc4b68ea24bbfaac8fd127b67ed445accce22,,0xf458b3d660803fb6ca78f2e8702fa2d19f48854857c23f14c2f9f70acefcc69f
464849207,2026-05-20 15:32:31.000 UTC,0xaf88d065e77c8cc2239327c5edb3a432268e5831,0x,0xffa4e6181777692565cf28528fc88fd1516ea86b56da075235fa575af6a4b855,0x000000000000000000000000f2235d55b2950a0b1317469d72d07ae65b2e27cb,,0x33a3b3b5a871cd84e0f19c12cb0fdce1af5d37e1f835fde97824c67081a7dfc1
466902584,2026-05-26 15:16:00.000 UTC,0xaf88d065e77c8cc2239327c5edb3a432268e5831,0x,0xffa4e6181777692565cf28528fc88fd1516ea86b56da075235fa575af6a4b855,0x00000000000000000000000061427bf615ef615cae4314ca4fe16d5142217443,,0xc67f0e75600591c6872acead02fbae3102749f531e8840fc51ab8f0e6bb9a332
466902636,2026-05-26 15:16:13.000 UTC,0xaf88d065e77c8cc2239327c5edb3a432268e5831,0x,0xffa4e6181777692565cf28528fc88fd1516ea86b56da075235fa575af6a4b855,0x000000000000000000000000d6ff9ba2aa8a3afd1e3d4a133449b9142ce52df5,,0x43107e6fd002c7b6603151a9c7ec7b0b33e4414433b65be242704fcca9ce9d42
466903635,2026-05-26 15:20:22.000 UTC,0xaf88d065e77c8cc2239327c5edb3a432268e5831,0x,0xffa4e6181777692565cf28528fc88fd1516ea86b56da075235fa575af6a4b855,0x0000000000000000000000001ac8d4e4d1418a66f5891de2519693c797a2683b,,0xcf3bfd7251e60a47d389bd2935a63eadb0e4eb0d05471d6755f1f0581515ffbd
476237126,2026-06-22 18:07:07.000 UTC,0xaf88d065e77c8cc2239327c5edb3a432268e5831,0x,0xffa4e6181777692565cf28528fc88fd1516ea86b56da075235fa575af6a4b855,0x000000000000000000000000110cb5c5089fc35ba0deb718a291dd64f6d1bec8,,0x6b61aa8186ca855892373d574f71186efcc05e9a47a0b5b43cf8f7c0dd7b2170
476237536,2026-06-22 18:08:50.000 UTC,0xaf88d065e77c8cc2239327c5edb3a432268e5831,0x,0xffa4e6181777692565cf28528fc88fd1516ea86b56da075235fa575af6a4b855,0x0000000000000000000000002408302c960af24d6df5dee325b59ac59b2e55ce,,0x45102d6f0de4acfc3845694884d571b3cef7b3322318332da10718afcce3f5e8
479309400,2026-07-01 15:14:01.000 UTC,0xaf88d065e77c8cc2239327c5edb3a432268e5831,0x,0xffa4e6181777692565cf28528fc88fd1516ea86b56da075235fa575af6a4b855,0x000000000000000000000000ce9f3bc87000393f625088ed40280a74682396cf,,0xc81a62fde6449c62fc7f62fd681a3acce54d0fa8bf837c92818b92045850bfc3
479309614,2026-07-01 15:14:54.000 UTC,0xaf88d065e77c8cc2239327c5edb3a432268e5831,0x,0xffa4e6181777692565cf28528fc88fd1516ea86b56da075235fa575af6a4b855,0x0000000000000000000000001508e3c339f9e916595bfa6ea169aee265acf90c,,0x1786f0547521bd70722c8b5dc2168f25e10f38363f4f7306b38237529b6900d1
479310685,2026-07-01 15:19:21.000 UTC,0xaf88d065e77c8cc2239327c5edb3a432268e5831,0x,0xffa4e6181777692565cf28528fc88fd1516ea86b56da075235fa575af6a4b855,0x0000000000000000000000001e6983848eca149f9fc68b0a1616a1c4f62945aa,,0x3c6cee6d1542f74f118d8b3b41e87f72c5d85bddba95e9366ebe259b384890fc
479311722,2026-07-01 15:23:41.000 UTC,0xaf88d065e77c8cc2239327c5edb3a432268e5831,0x,0xffa4e6181777692565cf28528fc88fd1516ea86b56da075235fa575af6a4b855,0x000000000000000000000000da916a1c12989829fb02a0241a7e70b5a1a4e905,,0x29228a65fdd95ad8d382092316210916b94cc851729d14cf6d57c43b28d5eeb1
479312401,2026-07-01 15:26:29.000 UTC,0xaf88d065e77c8cc2239327c5edb3a432268e5831,0x,0xffa4e6181777692565cf28528fc88fd1516ea86b56da075235fa575af6a4b855,0x000000000000000000000000c44b0630645bdf681c775df334cbd7530da813fa,,0xb0bbe3f71f73b792b1ff22334bcce2cdb51315df390b76674971567d67b5f5f1
479312487,2026-07-01 15:26:51.000 UTC,0xaf88d065e77c8cc2239327c5edb3a432268e5831,0x,0xffa4e6181777692565cf28528fc88fd1516ea86b56da075235fa575af6a4b855,0x0000000000000000000000001f6aa4cd73fe9faf58727800b075d43caa106d46,,0x9d427cbe3d0c55bca640041bcb2f66c129088581ff6e448a49a393cf8f683bf0
479312795,2026-07-01 15:28:08.000 UTC,0xaf88d065e77c8cc2239327c5edb3a432268e5831,0x,0xffa4e6181777692565cf28528fc88fd1516ea86b56da075235fa575af6a4b855,0x000000000000000000000000b654159bc14f208000ec9e0ad287b321c7a3bf5c,,0x4ce90f57a29484d0423854b77d3d5df5325d7033daa805b8f3834ba2f437b081
479312993,2026-07-01 15:28:58.000 UTC,0xaf88d065e77c8cc2239327c5edb3a432268e5831,0x,0xffa4e6181777692565cf28528fc88fd1516ea86b56da075235fa575af6a4b855,0x000000000000000000000000e2b0c8cd5516cf733013712408add325081225ca,,0x03e9363c4f8a7e20f4162a945533e22ffd873b05d7c18e4e850bacae5b9313ab
479313510,2026-07-01 15:31:07.000 UTC,0xaf88d065e77c8cc2239327c5edb3a432268e5831,0x,0xffa4e6181777692565cf28528fc88fd1516ea86b56da075235fa575af6a4b855,0x0000000000000000000000009b571ef4731f0c8539a629cc4c44fa4fd280c10d,,0x421b450ecfd8214d697a09005fd8d085ba01d3f12807ea1f3775911fdf1039b3
479313597,2026-07-01 15:31:29.000 UTC,0xaf88d065e77c8cc2239327c5edb3a432268e5831,0x,0xffa4e6181777692565cf28528fc88fd1516ea86b56da075235fa575af6a4b855,0x000000000000000000000000d67bb799b7d2dded7dd85802c5a6affec1108b94,,0x18b8b9c385ed1836dccf7f3964e93a5ee1ca911d667f43e8d77bc0d991196e47
479314993,2026-07-01 15:37:17.000 UTC,0xaf88d065e77c8cc2239327c5edb3a432268e5831,0x,0xffa4e6181777692565cf28528fc88fd1516ea86b56da075235fa575af6a4b855,0x000000000000000000000000e6e1d9098b08fff5f8b3e27a02d4dca8ffcdf0a9,,0xf64d5066c6ebee4475e5ad581b21793f08f6013fd772b1857e1be4a7b5ec4474
479315262,2026-07-01 15:38:22.000 UTC,0xaf88d065e77c8cc2239327c5edb3a432268e5831,0x,0xffa4e6181777692565cf28528fc88fd1516ea86b56da075235fa575af6a4b855,0x000000000000000000000000b4a69b8228c1621eb22d9c6f1ef33926616f8218,,0xd902224ffc8c49c2e712fba8fc3c036ce06012883c81cd36e9fd028cf1cce29a
479315548,2026-07-01 15:39:34.000 UTC,0xaf88d065e77c8cc2239327c5edb3a432268e5831,0x,0xffa4e6181777692565cf28528fc88fd1516ea86b56da075235fa575af6a4b855,0x0000000000000000000000000eaea039d805c9600de19d5a9aa6daf4d51979ed,,0x03c84de2783c184f121625a3918706ea01963a2df8ac81f892c0d18f41e19ab3
479315561,2026-07-01 15:39:37.000 UTC,0xaf88d065e77c8cc2239327c5edb3a432268e5831,0x,0xffa4e6181777692565cf28528fc88fd1516ea86b56da075235fa575af6a4b855,0x000000000000000000000000cd211408b46bdbf03abb2eac205a01ceb1d86288,,0xb3b1d9297bf7ed8f44ac535ba3e57b888c8ec12812cffc82a950d18091618641
479316920,2026-07-01 15:45:16.000 UTC,0xaf88d065e77c8cc2239327c5edb3a432268e5831,0x,0xffa4e6181777692565cf28528fc88fd1516ea86b56da075235fa575af6a4b855,0x000000000000000000000000545fd777d462df0acc99a188f2532a962e00df74,,0x1e81644d5a3b5e97a8a8ab3f9c14d1e954a96d6427a44bd833d9c5ef1b77c527
479317005,2026-07-01 15:45:37.000 UTC,0xaf88d065e77c8cc2239327c5edb3a432268e5831,0x,0xffa4e6181777692565cf28528fc88fd1516ea86b56da075235fa575af6a4b855,0x00000000000000000000000018db649c1400f3dfbbf71b8b99419edcb12a0947,,0x8fffc9735611035663d89f2b2f4d9adf58974c2c042960eac138833e3b763a0c
479317135,2026-07-01 15:46:10.000 UTC,0xaf88d065e77c8cc2239327c5edb3a432268e5831,0x,0xffa4e6181777692565cf28528fc88fd1516ea86b56da075235fa575af6a4b855,0x000000000000000000000000e9d48628d685e121f48181616c71f88ec4020bf9,,0xb32326eb1ffc818841cbce5c72e850f6290bb6c6d0e69be5f102b5cdfba4a5b2
479317223,2026-07-01 15:46:32.000 UTC,0xaf88d065e77c8cc2239327c5edb3a432268e5831,0x,0xffa4e6181777692565cf28528fc88fd1516ea86b56da075235fa575af6a4b855,0x000000000000000000000000d1d1443c710b2f295f72ef3bc8be04a28be3e0db,,0xe634d53bac4a6f9c2b3b7e72361d63de19a7b6a135013fdf63a8fec398cf236d
479317308,2026-07-01 15:46:53.000 UTC,0xaf88d065e77c8cc2239327c5edb3a432268e5831,0x,0xffa4e6181777692565cf28528fc88fd1516ea86b56da075235fa575af6a4b855,0x000000000000000000000000203b0053ccb42ca09357dde941d251d888ec1044,,0xe48a6f0f48a4b0387354e35ce70b7a55b787d76a95dbb1811662f236be7784f6
479318827,2026-07-01 15:53:12.000 UTC,0xaf88d065e77c8cc2239327c5edb3a432268e5831,0x,0xffa4e6181777692565cf28528fc88fd1516ea86b56da075235fa575af6a4b855,0x0000000000000000000000006ee2a4ab3befdcfcd8c0844e853491f08971d899,,0xa9b63266b03931e65b74b8c10ba3f813090d2e2e91b2d51f30f993d728ab12f1
479319458,2026-07-01 15:55:50.000 UTC,0xaf88d065e77c8cc2239327c5edb3a432268e5831,0x,0xffa4e6181777692565cf28528fc88fd1516ea86b56da075235fa575af6a4b855,0x000000000000000000000000c73da1e718a4fbd1ce023d412ab34433922fba58,,0x2e51c38abd10e66db0934340262348c86af181abe3e7a0ba8c8feffcc3abfd4d
479319670,2026-07-01 15:56:43.000 UTC,0xaf88d065e77c8cc2239327c5edb3a432268e5831,0x,0xffa4e6181777692565cf28528fc88fd1516ea86b56da075235fa575af6a4b855,0x0000000000000000000000009789e42918dec6442a155fd2ba064d05d6db0ed2,,0x48a37f2e0376ca1578c313e8b8bb75de60c258e644f0c1e62dff20a37b3fa6e5
479320130,2026-07-01 15:58:37.000 UTC,0xaf88d065e77c8cc2239327c5edb3a432268e5831,0x,0xffa4e6181777692565cf28528fc88fd1516ea86b56da075235fa575af6a4b855,0x00000000000000000000000084be9d8d09cb26f31bb37771ecb06ebdd91101f9,,0x2e406b99673a95de77678019ff0d5cc2fc1c869adf306b37ad6d6e3e592590f7
479320193,2026-07-01 15:58:53.000 UTC,0xaf88d065e77c8cc2239327c5edb3a432268e5831,0x,0xffa4e6181777692565cf28528fc88fd1516ea86b56da075235fa575af6a4b855,0x000000000000000000000000b2880d55b128cfa10cc32411e2311f59500e130b,,0x8ba682fe359b86d12f614110dd22ac1396c3a91b3e0e867bf3163ef274042417
479320342,2026-07-01 15:59:30.000 UTC,0xaf88d065e77c8cc2239327c5edb3a432268e5831,0x,0xffa4e6181777692565cf28528fc88fd1516ea86b56da075235fa575af6a4b855,0x0000000000000000000000002bbf8e01ef1349da89eb6d423a217582430e6dbc,,0x96244db6dfa1b5f94170eb13ef03a1671d2f2ecbead3f1206460e4209b771281
479321668,2026-07-01 16:05:01.000 UTC,0xaf88d065e77c8cc2239327c5edb3a432268e5831,0x,0xffa4e6181777692565cf28528fc88fd1516ea86b56da075235fa575af6a4b855,0x000000000000000000000000e5b46834ab6831f5d27c72237da310fef4552911,,0x129c6c010ecb1859af8231b2b1e98acc2f6d7829f7cfc72fdfefb6d6deac6415
479321956,2026-07-01 16:06:13.000 UTC,0xaf88d065e77c8cc2239327c5edb3a432268e5831,0x,0xffa4e6181777692565cf28528fc88fd1516ea86b56da075235fa575af6a4b855,0x000000000000000000000000ef7c470bbcdd524c299304627180d6074ccbfdfd,,0xd00833dd7e7e18aa7bb344294ee074d6229f8bfdadd47929773f19f73f4098b8
479322214,2026-07-01 16:07:18.000 UTC,0xaf88d065e77c8cc2239327c5edb3a432268e5831,0x,0xffa4e6181777692565cf28528fc88fd1516ea86b56da075235fa575af6a4b855,0x0000000000000000000000002277d63319a5d529c0ffecf1d4d93343713d9802,,0xc811c720dbf39a1fcc1da6216f4110e938c8abb6915e84849513caf549e32aa4
479322262,2026-07-01 16:07:30.000 UTC,0xaf88d065e77c8cc2239327c5edb3a432268e5831,0x,0xffa4e6181777692565cf28528fc88fd1516ea86b56da075235fa575af6a4b855,0x000000000000000000000000d68022dc9dde9c9e1a613a1fb04a1de5758b563e,,0x1906d2d31b6a143144554fb8c7d1bd2248de8156199636956f7091ff0943d1ce
479323460,2026-07-01 16:12:29.000 UTC,0xaf88d065e77c8cc2239327c5edb3a432268e5831,0x,0xffa4e6181777692565cf28528fc88fd1516ea86b56da075235fa575af6a4b855,0x0000000000000000000000002fbe2388dca7d240ebc72617fb2dd5890fea4dd2,,0x010a8ac78e5a5e9581505e95210943ff1fda36e7f4b108bdbfc46275c9db8839
479324322,2026-07-01 16:16:05.000 UTC,0xaf88d065e77c8cc2239327c5edb3a432268e5831,0x,0xffa4e6181777692565cf28528fc88fd1516ea86b56da075235fa575af6a4b855,0x000000000000000000000000160ad9cb8202fe697e5b0991b65032787ce23dff,,0xffd01a67fe49c65af3156da087bc99cb6354ae5894524ce0ae3b11196e13f537
479324389,2026-07-01 16:16:22.000 UTC,0xaf88d065e77c8cc2239327c5edb3a432268e5831,0x,0xffa4e6181777692565cf28528fc88fd1516ea86b56da075235fa575af6a4b855,0x000000000000000000000000dd6184d750a5610e1094cc5b02a8ec1c7dc14be2,,0xf23874ef5cbddfd72f0f31134e02cb3b9536ea51f30a2f612c6acc2f1170699d
479324907,2026-07-01 16:18:30.000 UTC,0xaf88d065e77c8cc2239327c5edb3a432268e5831,0x,0xffa4e6181777692565cf28528fc88fd1516ea86b56da075235fa575af6a4b855,0x00000000000000000000000035ecfdb165bbc06d2cc19af466465c7ac9c3f7eb,,0x1700231a4ce22b9864ea60c325e786310b2a28b94cb3c49210c6447f8a9a5555
479325533,2026-07-01 16:21:07.000 UTC,0xaf88d065e77c8cc2239327c5edb3a432268e5831,0x,0xffa4e6181777692565cf28528fc88fd1516ea86b56da075235fa575af6a4b855,0x0000000000000000000000008c5a5d9b5bd20cea93295e0f12909d6ebf2f1989,,0xa48b613c24dfa520c6459d558df9eea139ec872629c8fab1ae742154b87157c8
479326099,2026-07-01 16:23:28.000 UTC,0xaf88d065e77c8cc2239327c5edb3a432268e5831,0x,0xffa4e6181777692565cf28528fc88fd1516ea86b56da075235fa575af6a4b855,0x00000000000000000000000030c7c36cb08138b620bc21611e18264c6a222583,,0x01aaa7d17d5dec215d1d4974896403c286af5fe61055c39b3b621a97146a6f5f
479326201,2026-07-01 16:23:53.000 UTC,0xaf88d065e77c8cc2239327c5edb3a432268e5831,0x,0xffa4e6181777692565cf28528fc88fd1516ea86b56da075235fa575af6a4b855,0x000000000000000000000000b0fc46592a0795a23df08b2b25e953a5461805fb,,0x147be4a437fcd2f44023928ce48d2be9de50e8c58a7c2ddf87b361f30c89bed6
479326315,2026-07-01 16:24:22.000 UTC,0xaf88d065e77c8cc2239327c5edb3a432268e5831,0x,0xffa4e6181777692565cf28528fc88fd1516ea86b56da075235fa575af6a4b855,0x00000000000000000000000045e8fcd87cefd8f53a1775c9781f50e8ca7e8b62,,0xfc590eb16b82c353dbde986e6d4d6e281d12fa42e6a718d119ce8b572a5cf2e7
479326583,2026-07-01 16:25:29.000 UTC,0xaf88d065e77c8cc2239327c5edb3a432268e5831,0x,0xffa4e6181777692565cf28528fc88fd1516ea86b56da075235fa575af6a4b855,0x0000000000000000000000002606d9411d6a4cab5b9e0bbd3cdef05f3f35854e,,0x12ed3c52bcbde718206099cfb715b00f6a6f124ea62909edefef6445c814d5f3
479327899,2026-07-01 16:30:57.000 UTC,0xaf88d065e77c8cc2239327c5edb3a432268e5831,0x,0xffa4e6181777692565cf28528fc88fd1516ea86b56da075235fa575af6a4b855,0x0000000000000000000000000a9f2460bd9357ebc0e24654b83d43d701560500,,0xea3921b0cb58dfd050a0e0799cf3545f6391b418b7a6bef4ca412a4e3255836c
479328200,2026-07-01 16:32:13.000 UTC,0xaf88d065e77c8cc2239327c5edb3a432268e5831,0x,0xffa4e6181777692565cf28528fc88fd1516ea86b56da075235fa575af6a4b855,0x000000000000000000000000c4b13cf26d06bd15db5b8efe9553710b9aae8acd,,0x6494d92bd8464c4938c6278054fb225911d7ed68a983837a771595e5ae5839d1
479328459,2026-07-01 16:33:18.000 UTC,0xaf88d065e77c8cc2239327c5edb3a432268e5831,0x,0xffa4e6181777692565cf28528fc88fd1516ea86b56da075235fa575af6a4b855,0x000000000000000000000000464da77310220c0c1596f8339129907b16cd896f,,0x4551e0f695c1f04d5b701d61f9e0c93aacb3c132b2a373bbac1de564d9e9dd32
479328500,2026-07-01 16:33:28.000 UTC,0xaf88d065e77c8cc2239327c5edb3a432268e5831,0x,0xffa4e6181777692565cf28528fc88fd1516ea86b56da075235fa575af6a4b855,0x00000000000000000000000097248ad2ee8453b901c646bddc256e4dca165452,,0x50112b39bd0456a88b5778d36a965bf572e4a046b235da91e473f15fd231b475
479328802,2026-07-01 16:34:44.000 UTC,0xaf88d065e77c8cc2239327c5edb3a432268e5831,0x,0xffa4e6181777692565cf28528fc88fd1516ea86b56da075235fa575af6a4b855,0x000000000000000000000000d82ffef8cb4f0f6a56fc2dd275879985307d1d3a,,0x919be2d88036889629d75eb405434019c5df92587747d5e7f5684a44d745cdca
479329738,2026-07-01 16:38:37.000 UTC,0xaf88d065e77c8cc2239327c5edb3a432268e5831,0x,0xffa4e6181777692565cf28528fc88fd1516ea86b56da075235fa575af6a4b855,0x00000000000000000000000000e0c79525c9f846ee27f8ecf3dcfebb3a335dc7,,0x4184dd84c08489004a342a83e25695f65ced0392e769831e8ba37a3ad915b101
479329955,2026-07-01 16:39:31.000 UTC,0xaf88d065e77c8cc2239327c5edb3a432268e5831,0x,0xffa4e6181777692565cf28528fc88fd1516ea86b56da075235fa575af6a4b855,0x0000000000000000000000008960c337bb1bc8618e8c022277ca0d34d26ce06c,,0x5cd9ccfe8beb1c300f2f1ffb8a3b0ad2d8143ba904eb9e23d19f4c70dc252e20
479330003,2026-07-01 16:39:43.000 UTC,0xaf88d065e77c8cc2239327c5edb3a432268e5831,0x,0xffa4e6181777692565cf28528fc88fd1516ea86b56da075235fa575af6a4b855,0x0000000000000000000000007db839f22e388b5c427ef1ae4f1fe558012904bf,,0x69c1c6ba416f247466855551c88c73f25e3aa1512dda881d10584e3fdee18330
479331983,2026-07-01 16:47:58.000 UTC,0xaf88d065e77c8cc2239327c5edb3a432268e5831,0x,0xffa4e6181777692565cf28528fc88fd1516ea86b56da075235fa575af6a4b855,0x000000000000000000000000ad5c8f4ba4bb0b94feb63e97bb821f808d44507b,,0x2fd9defff305a18b1e1ed21fd2ba98b1d763171fc7caebe3dbd256864fabc457
479332310,2026-07-01 16:49:18.000 UTC,0xaf88d065e77c8cc2239327c5edb3a432268e5831,0x,0xffa4e6181777692565cf28528fc88fd1516ea86b56da075235fa575af6a4b855,0x00000000000000000000000075fd59164d2af087af5a90f7e1b7c3d05de93dee,,0xe9b51a07267eaa7da8cffa6d0f7359f3ca4c322039ccc81851628e5b2d8d7369
479332353,2026-07-01 16:49:29.000 UTC,0xaf88d065e77c8cc2239327c5edb3a432268e5831,0x,0xffa4e6181777692565cf28528fc88fd1516ea86b56da075235fa575af6a4b855,0x0000000000000000000000006440312463c98262b0768ac4f8e7232fb58caced,,0xa47a25fe796b4f759be0684667f4925b11a91fd634230a6fb7c46a3198dc76cd
479334809,2026-07-01 16:59:43.000 UTC,0xaf88d065e77c8cc2239327c5edb3a432268e5831,0x,0xffa4e6181777692565cf28528fc88fd1516ea86b56da075235fa575af6a4b855,0x000000000000000000000000f37ffa0e4829aa159af625c48276c4e632f4400c,,0x899c9f3501c5e533daa50a1b54c5df6b888b12d33d089ae0f153c461cefb48e4
479334948,2026-07-01 17:00:18.000 UTC,0xaf88d065e77c8cc2239327c5edb3a432268e5831,0x,0xffa4e6181777692565cf28528fc88fd1516ea86b56da075235fa575af6a4b855,0x0000000000000000000000000ede87dc2bf535ebc2682340dfc33cc50363bc2b,,0x0f33ce9c586564950f196e62a757465455e04b4ad59a4716c1b8b4f12416e310
479335382,2026-07-01 17:02:06.000 UTC,0xaf88d065e77c8cc2239327c5edb3a432268e5831,0x,0xffa4e6181777692565cf28528fc88fd1516ea86b56da075235fa575af6a4b855,0x0000000000000000000000000b1da2038535de65831e81f6fdc40f40b222e2b1,,0xc338904ca23ea21d651b9d787d76416ef805c741638fcd212d0898f94656b065
479335984,2026-07-01 17:04:36.000 UTC,0xaf88d065e77c8cc2239327c5edb3a432268e5831,0x,0xffa4e6181777692565cf28528fc88fd1516ea86b56da075235fa575af6a4b855,0x000000000000000000000000f72202e113a400891e8f91e1fec0c1cc9065d735,,0x33066674cc323cfe2046c1c455d5dbc54ef495ae959a2a75dbbfc70911d57d67
479336770,2026-07-01 17:07:52.000 UTC,0xaf88d065e77c8cc2239327c5edb3a432268e5831,0x,0xffa4e6181777692565cf28528fc88fd1516ea86b56da075235fa575af6a4b855,0x000000000000000000000000a112c8cb691f58754269ce81c73a9dc92e63159f,,0x01795c646afa9bcb11bbfc1f9aa491744d75353ded9a23f6201bfdef6670a554
479337149,2026-07-01 17:09:27.000 UTC,0xaf88d065e77c8cc2239327c5edb3a432268e5831,0x,0xffa4e6181777692565cf28528fc88fd1516ea86b56da075235fa575af6a4b855,0x0000000000000000000000000b57cde36e6e0c31a10442076dfd03ff8038507d,,0x7757ed83402a0cedd12daab48376b5074cb721d161db9c89261cadd9f18562eb
479337318,2026-07-01 17:10:10.000 UTC,0xaf88d065e77c8cc2239327c5edb3a432268e5831,0x,0xffa4e6181777692565cf28528fc88fd1516ea86b56da075235fa575af6a4b855,0x000000000000000000000000dd8cf42ff365caebbed4f48190ca79286b0e66c7,,0x1fee7c9c897b75c62419932d69f6316b605ee71f0f15c4c2c68e958f6b65e6cf
479337825,2026-07-01 17:12:17.000 UTC,0xaf88d065e77c8cc2239327c5edb3a432268e5831,0x,0xffa4e6181777692565cf28528fc88fd1516ea86b56da075235fa575af6a4b855,0x000000000000000000000000803a9bd5e917e32bd7bcde526e656254417c5a86,,0x6520ae8dd3a9e82439b9b6526b185b49e488587ab9276cd96426a48d1e8e5b20
479337914,2026-07-01 17:12:39.000 UTC,0xaf88d065e77c8cc2239327c5edb3a432268e5831,0x,0xffa4e6181777692565cf28528fc88fd1516ea86b56da075235fa575af6a4b855,0x0000000000000000000000005b05ac96e74161c8edffb7e6368df33b4167583a,,0x6c9b772c815547d512aa522291f26ca67d8b08e6236d4114cfde05b36bebbdcf
479338099,2026-07-01 17:13:25.000 UTC,0xaf88d065e77c8cc2239327c5edb3a432268e5831,0x,0xffa4e6181777692565cf28528fc88fd1516ea86b56da075235fa575af6a4b855,0x0000000000000000000000001c165affe280c786303cce84f1eda9957de87779,,0x4e7034810478f565abc51182b26aae0248a7e2175daa5b35d9aae622196fd488
479338560,2026-07-01 17:15:19.000 UTC,0xaf88d065e77c8cc2239327c5edb3a432268e5831,0x,0xffa4e6181777692565cf28528fc88fd1516ea86b56da075235fa575af6a4b855,0x0000000000000000000000000c1ee706f91a56fc96e2f260c670bd4bf3002696,,0x16baf4f7d1c046a3f9dc6c178bd5dae995709a712eaafbcb192e44c3b5efa930
479338784,2026-07-01 17:16:15.000 UTC,0xaf88d065e77c8cc2239327c5edb3a432268e5831,0x,0xffa4e6181777692565cf28528fc88fd1516ea86b56da075235fa575af6a4b855,0x000000000000000000000000e646c85afde30e55d7196612efd37e5b058e9717,,0x15f6ee02e4c8016a41673dbf0e6c955cd6ace085263f88a12946130dcc177852
479338827,2026-07-01 17:16:26.000 UTC,0xaf88d065e77c8cc2239327c5edb3a432268e5831,0x,0xffa4e6181777692565cf28528fc88fd1516ea86b56da075235fa575af6a4b855,0x0000000000000000000000002d415662ce7ddd1e89c4bbf8f527f7e06811248e,,0xf3b8e21b0f240c84ecebc1118fbc9275345bb787e89aedf2ee0b4f246febe163
479339517,2026-07-01 17:19:19.000 UTC,0xaf88d065e77c8cc2239327c5edb3a432268e5831,0x,0xffa4e6181777692565cf28528fc88fd1516ea86b56da075235fa575af6a4b855,0x000000000000000000000000ddc63d69ed992e2617d54950a8cea70e2127c412,,0x33af5eeda3cc580b0fed1fee99d32c6036e789516aed5cb0aa34d82ce0c16dff
479339576,2026-07-01 17:19:34.000 UTC,0xaf88d065e77c8cc2239327c5edb3a432268e5831,0x,0xffa4e6181777692565cf28528fc88fd1516ea86b56da075235fa575af6a4b855,0x00000000000000000000000028facff64babe25658bb4635af41aaa019f9deee,,0xffe9447e5d85cc0e97dd383d8d02ab8f4604f1514609363f6a907352856885b3
479339868,2026-07-01 17:20:47.000 UTC,0xaf88d065e77c8cc2239327c5edb3a432268e5831,0x,0xffa4e6181777692565cf28528fc88fd1516ea86b56da075235fa575af6a4b855,0x0000000000000000000000001b78a412cc1078fd5719a3379085647ca4ba0e5f,,0x61031de6b1b8043f74801821ed33dead3794230215919403af26dfabe5154c51
479340004,2026-07-01 17:21:19.000 UTC,0xaf88d065e77c8cc2239327c5edb3a432268e5831,0x,0xffa4e6181777692565cf28528fc88fd1516ea86b56da075235fa575af6a4b855,0x000000000000000000000000d086c684646d4eba389c5d97e57d5b2bee3826b7,,0x81e6eca355c46d49e414a878a40c08ac7840adc40a93edc49a4f516b9c5af061
479340723,2026-07-01 17:24:19.000 UTC,0xaf88d065e77c8cc2239327c5edb3a432268e5831,0x,0xffa4e6181777692565cf28528fc88fd1516ea86b56da075235fa575af6a4b855,0x000000000000000000000000d1b4671abd7c3db9f5d99b98918ebf8cbd41ea33,,0x7f8b887205c1b512678704428166c3d1504d9b3d63d0cdef511f8b0a765d0963
479340821,2026-07-01 17:24:44.000 UTC,0xaf88d065e77c8cc2239327c5edb3a432268e5831,0x,0xffa4e6181777692565cf28528fc88fd1516ea86b56da075235fa575af6a4b855,0x000000000000000000000000e4814881a36d2c543b5acc30a7ee9868b0c810da,,0xff065196c99542bec42ff3e77b6bc1804061c6f96e328751b2d68f3404896976
479341165,2026-07-01 17:26:10.000 UTC,0xaf88d065e77c8cc2239327c5edb3a432268e5831,0x,0xffa4e6181777692565cf28528fc88fd1516ea86b56da075235fa575af6a4b855,0x000000000000000000000000fbc3ca4a4b808bef72c54b872caa59e5e69c783e,,0x5f582ab4a5355149b54a22bf580e21e8a662d2871783bf8285856c5fd7a952ae
479342055,2026-07-01 17:29:52.000 UTC,0xaf88d065e77c8cc2239327c5edb3a432268e5831,0x,0xffa4e6181777692565cf28528fc88fd1516ea86b56da075235fa575af6a4b855,0x00000000000000000000000068c15054d74c86ffca1e23a3802a27bab1735395,,0xf07ee20f07d4734993e851e6c96b7f3ecce578b8277114b66dc430c3df0f2bc3
479342576,2026-07-01 17:32:02.000 UTC,0xaf88d065e77c8cc2239327c5edb3a432268e5831,0x,0xffa4e6181777692565cf28528fc88fd1516ea86b56da075235fa575af6a4b855,0x0000000000000000000000002907a4de925af9434bcf176957dcbfeac49afc46,,0x8ad4a228e9e3c0b4dbdbc5588a7293d453f7e3fe1c7345aa8635f0c0319c3d51
479342707,2026-07-01 17:32:35.000 UTC,0xaf88d065e77c8cc2239327c5edb3a432268e5831,0x,0xffa4e6181777692565cf28528fc88fd1516ea86b56da075235fa575af6a4b855,0x000000000000000000000000b251e1f30c697905287d3e1be1fb0fffc01ce633,,0x6c2697f8d6b18937291d93eb1a129f2cb33b87c3184c49dbb67c309ae7b37f4f
479343354,2026-07-01 17:35:16.000 UTC,0xaf88d065e77c8cc2239327c5edb3a432268e5831,0x,0xffa4e6181777692565cf28528fc88fd1516ea86b56da075235fa575af6a4b855,0x0000000000000000000000009f4f225d3fa34d498adbfd6898e2b30850859059,,0x571790f19dfeaab02092931c6dd97cdb80c9625eeb45730130d1631a6f4c5e39
479343795,2026-07-01 17:37:06.000 UTC,0xaf88d065e77c8cc2239327c5edb3a432268e5831,0x,0xffa4e6181777692565cf28528fc88fd1516ea86b56da075235fa575af6a4b855,0x00000000000000000000000024545819f879db1a8df28fe0fd7f8ee4b7025977,,0x3d3b36dc3c3334efdcffa13153773477a1452170c805c58adb1571fa9e81d0ab
479344226,2026-07-01 17:38:54.000 UTC,0xaf88d065e77c8cc2239327c5edb3a432268e5831,0x,0xffa4e6181777692565cf28528fc88fd1516ea86b56da075235fa575af6a4b855,0x00000000000000000000000012f3acd05ddc70d333ca7e8d9a36513997cfb08f,,0xcba895c1e78eb997d506be353a56443fd6d0b005df96d49801dd719777a2acd1
479344765,2026-07-01 17:41:08.000 UTC,0xaf88d065e77c8cc2239327c5edb3a432268e5831,0x,0xffa4e6181777692565cf28528fc88fd1516ea86b56da075235fa575af6a4b855,0x000000000000000000000000a05b377f4ae52727a59bcb7a82d6a20356f6b0b4,,0xcbf70cfe834e2d370665cb80bee2c037a327342d1453cb220c092b0c66f1e88e
479344966,2026-07-01 17:41:59.000 UTC,0xaf88d065e77c8cc2239327c5edb3a432268e5831,0x,0xffa4e6181777692565cf28528fc88fd1516ea86b56da075235fa575af6a4b855,0x00000000000000000000000056bf68cd5ad0cafc5e3cb7da826914359592eb62,,0x482600970647c919ef04e0e3d63cc59ef9a6637b38244397e8c64e66fd620e0a
479345778,2026-07-01 17:45:22.000 UTC,0xaf88d065e77c8cc2239327c5edb3a432268e5831,0x,0xffa4e6181777692565cf28528fc88fd1516ea86b56da075235fa575af6a4b855,0x00000000000000000000000081d0eac7c2e42b221bd2e5bd5f9ddc0dcc9f6f30,,0xe008929281b105041508ea50e7f0f0908b9bfbb88d521042d24d1dfcff0a859f
479346868,2026-07-01 17:49:54.000 UTC,0xaf88d065e77c8cc2239327c5edb3a432268e5831,0x,0xffa4e6181777692565cf28528fc88fd1516ea86b56da075235fa575af6a4b855,0x000000000000000000000000a570df663c1b522f3dacd6f96320e65f8206ed0d,,0x507b4b9c0b2a60cd2b167b9b349c7bde5639a2045a44ab85fdd84e303db33e07
479347177,2026-07-01 17:51:11.000 UTC,0xaf88d065e77c8cc2239327c5edb3a432268e5831,0x,0xffa4e6181777692565cf28528fc88fd1516ea86b56da075235fa575af6a4b855,0x00000000000000000000000007d28de0bbd45f2ef8f89621f9f504ed72f34d92,,0xb64dcd93b6cfd53a0b86c09507ecc07a8d74308fdd40baf7a3d075994bf97786
479347813,2026-07-01 17:53:49.000 UTC,0xaf88d065e77c8cc2239327c5edb3a432268e5831,0x,0xffa4e6181777692565cf28528fc88fd1516ea86b56da075235fa575af6a4b855,0x0000000000000000000000002e2983271415c0aa7950277186f10c0676f5cac2,,0xdff7290b3a050cc13f0f6e8b8382cb68fd8c4c4ba2078cf81517710f8a2065c0
479348337,2026-07-01 17:56:01.000 UTC,0xaf88d065e77c8cc2239327c5edb3a432268e5831,0x,0xffa4e6181777692565cf28528fc88fd1516ea86b56da075235fa575af6a4b855,0x000000000000000000000000d3faecadc1f752234b6079299f570def99976f7c,,0xdf31bd8c54682531adb8d98b7ebf1c1ebc006c333aec10c2166488770322470b
479348858,2026-07-01 17:58:11.000 UTC,0xaf88d065e77c8cc2239327c5edb3a432268e5831,0x,0xffa4e6181777692565cf28528fc88fd1516ea86b56da075235fa575af6a4b855,0x00000000000000000000000020e60fa8673fa61d574b42a13ae805c312777241,,0xeda5bab2a023979c8c8c6b4e781d671eb397c6e28768a8890a3804119dd3b63c
479349164,2026-07-01 17:59:27.000 UTC,0xaf88d065e77c8cc2239327c5edb3a432268e5831,0x,0xffa4e6181777692565cf28528fc88fd1516ea86b56da075235fa575af6a4b855,0x000000000000000000000000878ebd5e809aca3dc01856d5fa924a405e34dad6,,0x1fa0d563b2b7d3405daa29615070f8507afc3276e0d2e1e02d7fd8cf17b19390
479349544,2026-07-01 18:01:02.000 UTC,0xaf88d065e77c8cc2239327c5edb3a432268e5831,0x,0xffa4e6181777692565cf28528fc88fd1516ea86b56da075235fa575af6a4b855,0x00000000000000000000000095bcc8bbd8f91b255baf9ecf54f15e74b9959af2,,0x823ab3486666dadac14036f344abb260f80a5e7b5beeaba0f81e522a09be69ba
479350017,2026-07-01 18:03:01.000 UTC,0xaf88d065e77c8cc2239327c5edb3a432268e5831,0x,0xffa4e6181777692565cf28528fc88fd1516ea86b56da075235fa575af6a4b855,0x000000000000000000000000a6358db3812ce9a11eb8aa2f954e36711ed015f6,,0x8f888dd9f8c8fc08d1e954048a0404853dbc1b5f2768b866423045a9ed771c99
479350669,2026-07-01 18:05:43.000 UTC,0xaf88d065e77c8cc2239327c5edb3a432268e5831,0x,0xffa4e6181777692565cf28528fc88fd1516ea86b56da075235fa575af6a4b855,0x000000000000000000000000b79a667da76ba369583ba333c4eb4b005c5b657a,,0x130706ad6be3657e81b5ff753f24209b26e498020c869fff4e8cb10ea28200f0
479351743,2026-07-01 18:10:12.000 UTC,0xaf88d065e77c8cc2239327c5edb3a432268e5831,0x,0xffa4e6181777692565cf28528fc88fd1516ea86b56da075235fa575af6a4b855,0x00000000000000000000000012f59283c23ff1b2ad7a8730b6cf41df25435570,,0xe6874e16c979ba343f8895a25ff6b06deee55cdbb6152ef5f92f6def6c68494e
479352002,2026-07-01 18:11:17.000 UTC,0xaf88d065e77c8cc2239327c5edb3a432268e5831,0x,0xffa4e6181777692565cf28528fc88fd1516ea86b56da075235fa575af6a4b855,0x00000000000000000000000026eddc84e46104b944f871c0f3fbd8256197d5ca,,0xf3c4fc2dcc56a879ea03fb4ef0391ef7bfef2725e1cc7896a45ac3e5678e0b81
479352262,2026-07-01 18:12:21.000 UTC,0xaf88d065e77c8cc2239327c5edb3a432268e5831,0x,0xffa4e6181777692565cf28528fc88fd1516ea86b56da075235fa575af6a4b855,0x000000000000000000000000701f00ebbcd4c09d6a7a9f89023cbf400c318504,,0x5f71a6f0f7f03f7b25d2e4fe4975ae2c0a55d1dd5d91d5f1c46d6413a4fb01e4
479352335,2026-07-01 18:12:39.000 UTC,0xaf88d065e77c8cc2239327c5edb3a432268e5831,0x,0xffa4e6181777692565cf28528fc88fd1516ea86b56da075235fa575af6a4b855,0x0000000000000000000000005a43b964288ce2b4b7de0cae544531bf94a8b79f,,0x0a98c079a9d4505a4876f142fc57d11860d1f29d96dbf5cf4b105f9f2dbbc6a1
479352552,2026-07-01 18:13:34.000 UTC,0xaf88d065e77c8cc2239327c5edb3a432268e5831,0x,0xffa4e6181777692565cf28528fc88fd1516ea86b56da075235fa575af6a4b855,0x0000000000000000000000003e4b5fa3fe3fdb48f0865b2088e3beafe915eb63,,0x4e361f84ad59ff55a4bd46178ed47d3a89af76f5049fd92948ba5c33eea71685
479352597,2026-07-01 18:13:45.000 UTC,0xaf88d065e77c8cc2239327c5edb3a432268e5831,0x,0xffa4e6181777692565cf28528fc88fd1516ea86b56da075235fa575af6a4b855,0x00000000000000000000000018855af93d521cf39fa8a1342a06562661725420,,0xdb100c347cc5ebe18fadacf687a75d9d04a444bcc3da428342d0d3f79e6a8aff
479352648,2026-07-01 18:13:58.000 UTC,0xaf88d065e77c8cc2239327c5edb3a432268e5831,0x,0xffa4e6181777692565cf28528fc88fd1516ea86b56da075235fa575af6a4b855,0x000000000000000000000000a38ffbe2722007f682e4985420acfce172c8b421,,0xaacc818a16fb2c0fc5be01a5fa75bcc7d324d226427040d445e34cabde55c17e
479353546,2026-07-01 18:17:43.000 UTC,0xaf88d065e77c8cc2239327c5edb3a432268e5831,0x,0xffa4e6181777692565cf28528fc88fd1516ea86b56da075235fa575af6a4b855,0x00000000000000000000000031424423746e69795da87d93bef987cc9aebe8d6,,0x8d31a90f94cc493102ad989f857f415a5b61b27c6ff844abdc55369ddac7f38e
479353653,2026-07-01 18:18:10.000 UTC,0xaf88d065e77c8cc2239327c5edb3a432268e5831,0x,0xffa4e6181777692565cf28528fc88fd1516ea86b56da075235fa575af6a4b855,0x0000000000000000000000007077f6f05c0c435bde0d145613425fc17ce10a5a,,0x6fa1cfb81039665b8fc632414bdefad991cfacccffecb6c156bfc1a372ab011b
479353735,2026-07-01 18:18:29.000 UTC,0xaf88d065e77c8cc2239327c5edb3a432268e5831,0x,0xffa4e6181777692565cf28528fc88fd1516ea86b56da075235fa575af6a4b855,0x000000000000000000000000f0eaf0fa72283fb86ebd5d462cc5c7e97d640308,,0x24e1a53a8f6e51e1e2172b3665c1a7cc5a946b9f3890036f3522cfc6902d6591
479354800,2026-07-01 18:22:56.000 UTC,0xaf88d065e77c8cc2239327c5edb3a432268e5831,0x,0xffa4e6181777692565cf28528fc88fd1516ea86b56da075235fa575af6a4b855,0x000000000000000000000000cc794fdec285f2b5461b6b2aee7d0511cde8cda7,,0xf5441dd2b15428b42f394894d5f75b7661f6595854f620311d0468a58176f064
479355985,2026-07-01 18:27:51.000 UTC,0xaf88d065e77c8cc2239327c5edb3a432268e5831,0x,0xffa4e6181777692565cf28528fc88fd1516ea86b56da075235fa575af6a4b855,0x00000000000000000000000001ab57e94386817f1d3d3549c2e3ad5d2622de2b,,0x6ce9c3b0ca7aa1d758d7b6399a0302827f86f823921bdd223c18ceed0785493e
479356934,2026-07-01 18:31:48.000 UTC,0xaf88d065e77c8cc2239327c5edb3a432268e5831,0x,0xffa4e6181777692565cf28528fc88fd1516ea86b56da075235fa575af6a4b855,0x0000000000000000000000002d0d0dcf83adde53fcde96af5fbcd1367944a2d8,,0xeb5228c276fadbd228ce8ebe40bddc6cd5f0740f4c31755262a0dd443c96b71b
479357058,2026-07-01 18:32:19.000 UTC,0xaf88d065e77c8cc2239327c5edb3a432268e5831,0x,0xffa4e6181777692565cf28528fc88fd1516ea86b56da075235fa575af6a4b855,0x000000000000000000000000cc0bf752565564606f37c647249da56838671a7d,,0x780978aff2128bd4d0f7c65b56a6caee38a28b2a9baab0e92441ce2e3f88ad9d
479357827,2026-07-01 18:35:32.000 UTC,0xaf88d065e77c8cc2239327c5edb3a432268e5831,0x,0xffa4e6181777692565cf28528fc88fd1516ea86b56da075235fa575af6a4b855,0x000000000000000000000000ae1174ea8e2ce28b7db322f675be24507a37aabd,,0xd43ce0da2ad65aea40bd24bdf4bf1a7dd10e065a83b73e5329013abc87e4d584
479358144,2026-07-01 18:36:51.000 UTC,0xaf88d065e77c8cc2239327c5edb3a432268e5831,0x,0xffa4e6181777692565cf28528fc88fd1516ea86b56da075235fa575af6a4b855,0x000000000000000000000000aa678643e6c27b8508d91bf152b581b94b8c6cbf,,0x89f101faa52037532142fc5048056ce3a0ef2f142d4d65290fe6a00391e6e863
479358475,2026-07-01 18:38:13.000 UTC,0xaf88d065e77c8cc2239327c5edb3a432268e5831,0x,0xffa4e6181777692565cf28528fc88fd1516ea86b56da075235fa575af6a4b855,0x000000000000000000000000cc8b73b5a7b3c88478c1a3d0eb34c7c5dc9f686f,,0x5fa093874f0f2995919b2235d883e7cec754c865528a3379143a37b24b0fe30e
479358774,2026-07-01 18:39:28.000 UTC,0xaf88d065e77c8cc2239327c5edb3a432268e5831,0x,0xffa4e6181777692565cf28528fc88fd1516ea86b56da075235fa575af6a4b855,0x00000000000000000000000012964e45547b54b00faab3f8babc22ff7fe45609,,0xc8a2c4f0add24647f1e8604238c5f9c458b9946db8808f294be30d6c15a129a9
479359622,2026-07-01 18:43:00.000 UTC,0xaf88d065e77c8cc2239327c5edb3a432268e5831,0x,0xffa4e6181777692565cf28528fc88fd1516ea86b56da075235fa575af6a4b855,0x000000000000000000000000d5f14e80acaf51d5970eba2851685b32f5a97e00,,0xb21d3ff14cc91db31f9b581b6a0640d01f06b7ba46d0751796a89a215d385948
479360472,2026-07-01 18:46:32.000 UTC,0xaf88d065e77c8cc2239327c5edb3a432268e5831,0x,0xffa4e6181777692565cf28528fc88fd1516ea86b56da075235fa575af6a4b855,0x0000000000000000000000001796486b359f2084f9e1585a491545d38d6db391,,0xe61f4b9b26e4f9db2522d9a68d34b1dbd2f2561bbf16ce8bac90e80cf108dc16
479361513,2026-07-01 18:50:52.000 UTC,0xaf88d065e77c8cc2239327c5edb3a432268e5831,0x,0xffa4e6181777692565cf28528fc88fd1516ea86b56da075235fa575af6a4b855,0x000000000000000000000000410450013674ad6e67c8c0c0d4cf71656cf1e4b4,,0xa298c9ed7f02fac6b778799caf41d0be259abbffe0ddd1d10e0d707713cea43f
479361935,2026-07-01 18:52:38.000 UTC,0xaf88d065e77c8cc2239327c5edb3a432268e5831,0x,0xffa4e6181777692565cf28528fc88fd1516ea86b56da075235fa575af6a4b855,0x000000000000000000000000eb3c18a88bd40c776cdf6c3986edbc39f30a731d,,0x5df9535fee3b2a7e2f4cbab93d3940ec3bdfd0f0fc1c00bce1feb4e3b04fa85a
479362845,2026-07-01 18:56:26.000 UTC,0xaf88d065e77c8cc2239327c5edb3a432268e5831,0x,0xffa4e6181777692565cf28528fc88fd1516ea86b56da075235fa575af6a4b855,0x0000000000000000000000008711522cdb2f89df2d99dea0c1cb68ce2ee3016a,,0xe9d7d73c527d6b960f6733c514c51e8d99620c159853445bd6270eacb46bfe15
479363578,2026-07-01 18:59:28.000 UTC,0xaf88d065e77c8cc2239327c5edb3a432268e5831,0x,0xffa4e6181777692565cf28528fc88fd1516ea86b56da075235fa575af6a4b855,0x0000000000000000000000003beaf4486e9c6a4feae23ed9296844588a61604c,,0xa11fe5c5ba2eaf358aea24ccddc9d4f7ec0b9ea55af4715853364aaf0c64e634
479363622,2026-07-01 18:59:39.000 UTC,0xaf88d065e77c8cc2239327c5edb3a432268e5831,0x,0xffa4e6181777692565cf28528fc88fd1516ea86b56da075235fa575af6a4b855,0x0000000000000000000000008eec746c6fc6dda84f44c82ca94818281c23e1f1,,0xaaa8fc2398fec7f5d39b19896d68458af4d011bcf6b6202e1aaf739ed597f499
479363709,2026-07-01 19:00:01.000 UTC,0xaf88d065e77c8cc2239327c5edb3a432268e5831,0x,0xffa4e6181777692565cf28528fc88fd1516ea86b56da075235fa575af6a4b855,0x0000000000000000000000001ed13e7c465a3850f8f9e0b503587ba514017536,,0xbb64e65705380cce19c1c662758a5f664b948abaebf0f5161b0dfacf9618b1da
479364155,2026-07-01 19:01:52.000 UTC,0xaf88d065e77c8cc2239327c5edb3a432268e5831,0x,0xffa4e6181777692565cf28528fc88fd1516ea86b56da075235fa575af6a4b855,0x0000000000000000000000008d7e10e5fa9ce28f5a7f49760b59f5ad992bddce,,0x7080476f747854e46b2b3cbbcb1e6007441deea1729d10e8d3a67d29cfb068e2
479364272,2026-07-01 19:02:22.000 UTC,0xaf88d065e77c8cc2239327c5edb3a432268e5831,0x,0xffa4e6181777692565cf28528fc88fd1516ea86b56da075235fa575af6a4b855,0x00000000000000000000000082def3990129e73531ad7a737ba54c76d34e507d,,0x760373668993354ba853a6947846274110e0ec3c4e59bf63706c6576472407c7
479365087,2026-07-01 19:05:45.000 UTC,0xaf88d065e77c8cc2239327c5edb3a432268e5831,0x,0xffa4e6181777692565cf28528fc88fd1516ea86b56da075235fa575af6a4b855,0x00000000000000000000000093e7a8bfd6c1f4af81db2ae9ea6b02e69a6da2bf,,0xef7a295b4dbdfc19e0dffebb10384b0b6a4ebb8ad207df861c65176be4157394
479365681,2026-07-01 19:08:14.000 UTC,0xaf88d065e77c8cc2239327c5edb3a432268e5831,0x,0xffa4e6181777692565cf28528fc88fd1516ea86b56da075235fa575af6a4b855,0x00000000000000000000000026f4376ef74562f92876577e86b0bbb4fc05cdd6,,0x95febd91adc35b7013f665e3de02bc0f154f9ba96df7918fda0f276aeb06230b
479366158,2026-07-01 19:10:12.000 UTC,0xaf88d065e77c8cc2239327c5edb3a432268e5831,0x,0xffa4e6181777692565cf28528fc88fd1516ea86b56da075235fa575af6a4b855,0x00000000000000000000000091f7a5a79c0c660744496dd498a1601bfe670494,,0x525de8ee54e54fd3b19fdc5707007ceb78b1be93127d6adc9cda5e3d63296191
479366221,2026-07-01 19:10:28.000 UTC,0xaf88d065e77c8cc2239327c5edb3a432268e5831,0x,0xffa4e6181777692565cf28528fc88fd1516ea86b56da075235fa575af6a4b855,0x000000000000000000000000912b64c34d4c048c403d588df0fdae3b9b93b543,,0x0fc5bd91948fe05bd4cf456a291a725c52c3755c7b52fe6b362d731d0b99d091
479366353,2026-07-01 19:11:01.000 UTC,0xaf88d065e77c8cc2239327c5edb3a432268e5831,0x,0xffa4e6181777692565cf28528fc88fd1516ea86b56da075235fa575af6a4b855,0x000000000000000000000000c4244fe10b9365766efa5a4f0baa124a750c8b4f,,0xff3052ef45fe3fc01f565f23021d0bfd579dd0cc818bc82d0339cd26598ad9ba
479366511,2026-07-01 19:11:40.000 UTC,0xaf88d065e77c8cc2239327c5edb3a432268e5831,0x,0xffa4e6181777692565cf28528fc88fd1516ea86b56da075235fa575af6a4b855,0x0000000000000000000000004069dffc23210e939075300d5e50161d0cf868c7,,0xee787684c516dc2a0df49a1c136c911171cea5a16d47e72907c96825b00e7be9
479366959,2026-07-01 19:13:33.000 UTC,0xaf88d065e77c8cc2239327c5edb3a432268e5831,0x,0xffa4e6181777692565cf28528fc88fd1516ea86b56da075235fa575af6a4b855,0x00000000000000000000000081c483bf9bcdc0a31864ae7c1762425b67c2c467,,0x76de14fd8f32ae2eb0e0eaa8dc5183863ebcf17312fb5ce684d1fa8b27327fbf
479367185,2026-07-01 19:14:29.000 UTC,0xaf88d065e77c8cc2239327c5edb3a432268e5831,0x,0xffa4e6181777692565cf28528fc88fd1516ea86b56da075235fa575af6a4b855,0x000000000000000000000000994aa9e584fdbe4df7934db56941fc19e70bb336,,0x3c346cec01756466561435275d3ed8896468583ed0ab95ce3903f6906990700d
479368126,2026-07-01 19:18:24.000 UTC,0xaf88d065e77c8cc2239327c5edb3a432268e5831,0x,0xffa4e6181777692565cf28528fc88fd1516ea86b56da075235fa575af6a4b855,0x0000000000000000000000002d20b1d77f2f663f7fe745f8493d6744683544b8,,0x620b5673c9e1cee82d9db2fc3432a5fb7481ed4e514b3438564db12ea69ca42d
479368305,2026-07-01 19:19:09.000 UTC,0xaf88d065e77c8cc2239327c5edb3a432268e5831,0x,0xffa4e6181777692565cf28528fc88fd1516ea86b56da075235fa575af6a4b855,0x000000000000000000000000c868071a9602dd0c8e8f277432c742fdac78442b,,0x87a793b7c2440c6ac32ff38160bf4432fe29aaceb2df880a39ebb1d121839366
479368825,2026-07-01 19:21:19.000 UTC,0xaf88d065e77c8cc2239327c5edb3a432268e5831,0x,0xffa4e6181777692565cf28528fc88fd1516ea86b56da075235fa575af6a4b855,0x000000000000000000000000ab1a8d5e41dc0223973dbdfd1de14e3d567d81fb,,0x349d90c1bc76ae9afd94aa382c5c8da21a4425001adceced41e8d2cdb6b6f953
479369760,2026-07-01 19:25:12.000 UTC,0xaf88d065e77c8cc2239327c5edb3a432268e5831,0x,0xffa4e6181777692565cf28528fc88fd1516ea86b56da075235fa575af6a4b855,0x00000000000000000000000013c9c13507282550061c367f8f10527df835afc5,,0x0791d131aebef1c537172ed817c3c8c9d8ebdafe47e632850124deddb071a451
479369985,2026-07-01 19:26:09.000 UTC,0xaf88d065e77c8cc2239327c5edb3a432268e5831,0x,0xffa4e6181777692565cf28528fc88fd1516ea86b56da075235fa575af6a4b855,0x0000000000000000000000003ec58d2b0bce77282f2e415ac6596dc3f626f436,,0xd952b80c2c26a8f9b6896c655e5dcb94f85decedfa17ac8d3329e1ecfda824e2
479370284,2026-07-01 19:27:24.000 UTC,0xaf88d065e77c8cc2239327c5edb3a432268e5831,0x,0xffa4e6181777692565cf28528fc88fd1516ea86b56da075235fa575af6a4b855,0x000000000000000000000000ee366d650af5599f86289109ffb37ff0a2178b2f,,0x323c7a25ff6106b797380ab44ab2268cbd445cb941b20b4181c154180f993721
479370633,2026-07-01 19:28:50.000 UTC,0xaf88d065e77c8cc2239327c5edb3a432268e5831,0x,0xffa4e6181777692565cf28528fc88fd1516ea86b56da075235fa575af6a4b855,0x0000000000000000000000005168da75329bca67a2c75642b7cab4f14482cb9d,,0x1a0e7b6f59556f225817b900b200b0cfc778aeacc782b3b735fb9b527a8ede33
479371925,2026-07-01 19:34:13.000 UTC,0xaf88d065e77c8cc2239327c5edb3a432268e5831,0x,0xffa4e6181777692565cf28528fc88fd1516ea86b56da075235fa575af6a4b855,0x00000000000000000000000070d6292f5b971c82fb6587a3cd740f64e98009c3,,0xf3ae69ff14cf79a2053a8c9401b5d0f4e1e1495869c0383839e71cd05ea133cd
483459798,2026-07-13 15:19:14.000 UTC,0xaf88d065e77c8cc2239327c5edb3a432268e5831,0x,0xffa4e6181777692565cf28528fc88fd1516ea86b56da075235fa575af6a4b855,0x0000000000000000000000001d19b52b54e7ef5ea1a4b40b616165e798eac9f8,,0x2fbe96bfe0499c842268cd5043dba489a4e923ef3dcd77643306791244e1c413
483460263,2026-07-13 15:21:10.000 UTC,0xaf88d065e77c8cc2239327c5edb3a432268e5831,0x,0xffa4e6181777692565cf28528fc88fd1516ea86b56da075235fa575af6a4b855,0x0000000000000000000000002c7dcd774b33e10367f7d6385479e04f97d179dc,,0x6fd27d5b4b879309f2b50065905bccfa260cc37aa9e0324175a88c7e0b658eb6
483461034,2026-07-13 15:24:23.000 UTC,0xaf88d065e77c8cc2239327c5edb3a432268e5831,0x,0xffa4e6181777692565cf28528fc88fd1516ea86b56da075235fa575af6a4b855,0x000000000000000000000000be7d33a802487f0b51e0191dc0c3772fa11a8f70,,0xf4d28d4a67dd5e30e937f0a21ed251041da65332302b25fbd6e619614d8b1867
483461174,2026-07-13 15:24:59.000 UTC,0xaf88d065e77c8cc2239327c5edb3a432268e5831,0x,0xffa4e6181777692565cf28528fc88fd1516ea86b56da075235fa575af6a4b855,0x0000000000000000000000002711d73d559f62f4f855ee21f38378f528e07985,,0x7409bfda46a97774a66f4fb8dc4a171e37ca9fa7789b5fe29aafef77f3d79b79
483461730,2026-07-13 15:27:17.000 UTC,0xaf88d065e77c8cc2239327c5edb3a432268e5831,0x,0xffa4e6181777692565cf28528fc88fd1516ea86b56da075235fa575af6a4b855,0x000000000000000000000000cfbb0c9a2a99777b46211b380869f82cf20a635e,,0x657c849fa8e5f78a47479096dd7d0d16cbdb2bbbb87911e87d44dd2d1d139b47
483462071,2026-07-13 15:28:42.000 UTC,0xaf88d065e77c8cc2239327c5edb3a432268e5831,0x,0xffa4e6181777692565cf28528fc88fd1516ea86b56da075235fa575af6a4b855,0x0000000000000000000000000e0d1899d3a6a9362bc215f1c5a9acaccb0de882,,0xae433f061df5abc474df096c0e5522477e880ccd6d7d4d865154762b3e831679
483878734,2026-07-14 20:22:41.000 UTC,0xaf88d065e77c8cc2239327c5edb3a432268e5831,0x,0xffa4e6181777692565cf28528fc88fd1516ea86b56da075235fa575af6a4b855,0x00000000000000000000000008151bd98c00015de698408de9405aa62115b5ee,,0xa3982802b872077f8214fb7a4ecfec5fe73df23a95454c924ee7236f2a59b55e
483879410,2026-07-14 20:25:31.000 UTC,0xaf88d065e77c8cc2239327c5edb3a432268e5831,0x,0xffa4e6181777692565cf28528fc88fd1516ea86b56da075235fa575af6a4b855,0x0000000000000000000000003ba6174651e3a0c3c6a7d42a75e6e00b039304d1,,0x0ab3a77e7d5c473b16ddf1c1b7be91f92736d817e6d89299fb9c00f353ba8b2f
483879458,2026-07-14 20:25:43.000 UTC,0xaf88d065e77c8cc2239327c5edb3a432268e5831,0x,0xffa4e6181777692565cf28528fc88fd1516ea86b56da075235fa575af6a4b855,0x0000000000000000000000005f077e9b16f30b9ecfaf5dc09294dcc98b8d395a,,0x073eda17a48c38503a09174ad0bd46453bb27545075ddf025b0309829fbb8998
483880345,2026-07-14 20:29:24.000 UTC,0xaf88d065e77c8cc2239327c5edb3a432268e5831,0x,0xffa4e6181777692565cf28528fc88fd1516ea86b56da075235fa575af6a4b855,0x000000000000000000000000e995da05f4e51871d5d2ef8496536a052138bc6a,,0xaf8fde1eae5eff1da450d9195066888c203b23d245e9ddbe25c223eec44c0249
486963930,2026-07-23 18:44:12.000 UTC,0xaf88d065e77c8cc2239327c5edb3a432268e5831,0x,0xffa4e6181777692565cf28528fc88fd1516ea86b56da075235fa575af6a4b855,0x00000000000000000000000007f57fafbd3055737c778184cdb7b30c65fb7a6e,,0x6d698e924ce0d5f3e717adc3dbf89e72d2a7fa97f4f98619f2f153b383023514
486964396,2026-07-23 18:46:09.000 UTC,0xaf88d065e77c8cc2239327c5edb3a432268e5831,0x,0xffa4e6181777692565cf28528fc88fd1516ea86b56da075235fa575af6a4b855,0x0000000000000000000000004b6d60a69a1386992e18f89241d183429ebc3a56,,0xbdaa0caca96ed68bbb12d1e9047368c491aeb0d6ee25bd88b093f4564aeefe4e
486964873,2026-07-23 18:48:08.000 UTC,0xaf88d065e77c8cc2239327c5edb3a432268e5831,0x,0xffa4e6181777692565cf28528fc88fd1516ea86b56da075235fa575af6a4b855,0x000000000000000000000000506d8d7c56a06723a52fde594638eeda23461d15,,0x12328eb67a52cc94ca4751c9c09ea8ecaa70a62385a0cf340942cf3f5049401f
486965354,2026-07-23 18:50:09.000 UTC,0xaf88d065e77c8cc2239327c5edb3a432268e5831,0x,0xffa4e6181777692565cf28528fc88fd1516ea86b56da075235fa575af6a4b855,0x00000000000000000000000076c7c4ff99ab9791d4e358e33a3f51c2c5d3ac8e,,0xac5c34dcd9a956276793147ef0acf0bc7f25513de049f0ffaf349978e4952b70
486965643,2026-07-23 18:51:19.000 UTC,0xaf88d065e77c8cc2239327c5edb3a432268e5831,0x,0xffa4e6181777692565cf28528fc88fd1516ea86b56da075235fa575af6a4b855,0x00000000000000000000000099929eed7638ac0f031a5d925409741f86f98be6,,0x632f002494e6e05d5f89acb6d10c62c6f0cc756dca40819bf91ee27a48f85858
486966109,2026-07-23 18:53:16.000 UTC,0xaf88d065e77c8cc2239327c5edb3a432268e5831,0x,0xffa4e6181777692565cf28528fc88fd1516ea86b56da075235fa575af6a4b855,0x000000000000000000000000b690e524695f909e7dac090ff30b1fcfe557f597,,0x0277e56d19debd23ecfbcfe66479bec2fb10a7d4db81f71d7f8b9abe306bf1fc
486966942,2026-07-23 18:56:43.000 UTC,0xaf88d065e77c8cc2239327c5edb3a432268e5831,0x,0xffa4e6181777692565cf28528fc88fd1516ea86b56da075235fa575af6a4b855,0x000000000000000000000000d838b11133085016bc31ca78571067b0d77dc290,,0x34e9f4ea78c3cb1613ce09103bdd421be3165622fe1e9d422674186d1ec79114
489031229,2026-07-29 18:22:40.000 UTC,0xaf88d065e77c8cc2239327c5edb3a432268e5831,0x,0xffa4e6181777692565cf28528fc88fd1516ea86b56da075235fa575af6a4b855,0x0000000000000000000000000ede564e315f8e1803161a22e8404c624c35b1fb,,0xa5a57b72710ec474416c23c3748f8b4d2b7b667de2fb3ef41c38b571e1517c01
489031312,2026-07-29 18:23:01.000 UTC,0xaf88d065e77c8cc2239327c5edb3a432268e5831,0x,0xffa4e6181777692565cf28528fc88fd1516ea86b56da075235fa575af6a4b855,0x000000000000000000000000dca63d36e326fdcde1c6403ff3edf5d8ba7699ad,,0x52e9121f4f0934b1b55dd015247eecadcec01bcef814585ac7273c435aaac699
489057855,2026-07-29 20:13:29.000 UTC,0xaf88d065e77c8cc2239327c5edb3a432268e5831,0x,0xffa4e6181777692565cf28528fc88fd1516ea86b56da075235fa575af6a4b855,0x000000000000000000000000bea68d2d1f0dd9a46d7a0aa33e8e1dbb17427922,,0x8173d13ced6ec7381a2586c26c9e2cca7b9801c3ee261e1114870e8a7e2dda66
492146696,2026-08-07 19:16:19.000 UTC,0xaf88d065e77c8cc2239327c5edb3a432268e5831,0x,0xffa4e6181777692565cf28528fc88fd1516ea86b56da075235fa575af6a4b855,0x0000000000000000000000006b69e2a7545c166417a80c61a77562052bffa9c5,,0x43cf58c387bf87e0c2eb385a88d80abd3b3876a4281cf08c386daf96dbd8b416
492147123,2026-08-07 19:18:06.000 UTC,0xaf88d065e77c8cc2239327c5edb3a432268e5831,0x,0xffa4e6181777692565cf28528fc88fd1516ea86b56da075235fa575af6a4b855,0x0000000000000000000000008d79c73daae8630c88de372ba8f57592fa987607,,0xaa16f177c553fcfc25c0ff65c949ab5518eda446adbcc4736da3b89db05b2895
492147776,2026-08-07 19:20:50.000 UTC,0xaf88d065e77c8cc2239327c5edb3a432268e5831,0x,0xffa4e6181777692565cf28528fc88fd1516ea86b56da075235fa575af6a4b855,0x000000000000000000000000967f32c544b6547f366123927d6dc0a3c6dcdfb9,,0x0b2182610245b54fa66d1e59288f33b74fe27c7526564a7e99bd60651a3cad30
492148675,2026-08-07 19:24:35.000 UTC,0xaf88d065e77c8cc2239327c5edb3a432268e5831,0x,0xffa4e6181777692565cf28528fc88fd1516ea86b56da075235fa575af6a4b855,0x000000000000000000000000c02b8bcd6cea7162274b939410d466b755553175,,0xec03bff06cb71e746fa861733ccbae88223dbbd14158f37c611f6d364d4e1032
492148936,2026-08-07 19:25:40.000 UTC,0xaf88d065e77c8cc2239327c5edb3a432268e5831,0x,0xffa4e6181777692565cf28528fc88fd1516ea86b56da075235fa575af6a4b855,0x000000000000000000000000bb69e01921b17cd22080968bcc96ba6115da6062,,0x7ae0d99aaa602f5dbccc60567f2e79779045a75482bb1a26dcf65b20466ef62d
492149194,2026-08-07 19:26:45.000 UTC,0xaf88d065e77c8cc2239327c5edb3a432268e5831,0x,0xffa4e6181777692565cf28528fc88fd1516ea86b56da075235fa575af6a4b855,0x000000000000000000000000e05f529f5284d75624eba386cb716928c3b54a2a,,0xb5acb98f177b9b21ae0e0818e1a1cb2e7c9cba4da7a075df35c503bbfe59c1df
492149673,2026-08-07 19:28:46.000 UTC,0xaf88d065e77c8cc2239327c5edb3a432268e5831,0x,0xffa4e6181777692565cf28528fc88fd1516ea86b56da075235fa575af6a4b855,0x000000000000000000000000eaac716a919f3a032a7e5f4d803c799569c32bd4,,0x3e2eae984a5235e30bd5847247e679daa3ec4b23c991ca5c023bb266c7d3bc53
