block_number,block_timestamp,contract_address,data,topic0,topic1,topic2,tx_hash
12756599,2022-03-30 04:21:53.000 UTC,0xb97ef9ef8734c71904d8002f8b6bc66dd9c48a6e,0x,0xffa4e6181777692565cf28528fc88fd1516ea86b56da075235fa575af6a4b855,0x000000000000000000000000d882cfc20f52f2599d84b8e8d58c7fb62cfe344b,,0x10730b3f802c7120979bd24e28168c6b248d3d0b28f5ff56e8b60a96a2a327e9
12756984,2022-03-30 04:35:07.000 UTC,0xb97ef9ef8734c71904d8002f8b6bc66dd9c48a6e,0x,0xffa4e6181777692565cf28528fc88fd1516ea86b56da075235fa575af6a4b855,0x0000000000000000000000007f367cc41522ce07553e823bf3be79a889debe1b,,0x7be2aed07e2c9e69552f33caab75ad1ec5753401aeab41a21064f344a0f19d8f
12757005,2022-03-30 04:35:48.000 UTC,0xb97ef9ef8734c71904d8002f8b6bc66dd9c48a6e,0x,0xffa4e6181777692565cf28528fc88fd1516ea86b56da075235fa575af6a4b855,0x0000000000000000000000001da5821544e25c636c1417ba96ade4cf6d2f9b5a,,0x283d1b47e9f37658836e621f4d26d49d0ea8bbc1eb98330f91a7247bbc98b0b2
12757022,2022-03-30 04:36:25.000 UTC,0xb97ef9ef8734c71904d8002f8b6bc66dd9c48a6e,0x,0xffa4e6181777692565cf28528fc88fd1516ea86b56da075235fa575af6a4b855,0x0000000000000000000000007db418b5d567a4e0e8c59ad71be1fce48f3e6107,,0xb6fdaee15afc7a93078f96058e9fb925a8b8631f55e5113c48daf87bcf4fd068
12757036,2022-03-30 04:36:52.000 UTC,0xb97ef9ef8734c71904d8002f8b6bc66dd9c48a6e,0x,0xffa4e6181777692565cf28528fc88fd1516ea86b56da075235fa575af6a4b855,0x00000000000000000000000072a5843cc08275c8171e582972aa4fda8c397b2a,,0x7af5bff15b2b20cc0db04c9909a020d7d7c69d42ecd24cb77dc94d3ca5d942e6
12757050,2022-03-30 04:37:21.000 UTC,0xb97ef9ef8734c71904d8002f8b6bc66dd9c48a6e,0x,0xffa4e6181777692565cf28528fc88fd1516ea86b56da075235fa575af6a4b855,0x0000000000000000000000007f19720a857f834887fc9a7bc0a0fbe7fc7f8102,,0x9fe4225da2bb35dd169c267964c5d194b4f28486ef702ecd0c71e63de001449a
12757064,2022-03-30 04:37:50.000 UTC,0xb97ef9ef8734c71904d8002f8b6bc66dd9c48a6e,0x,0xffa4e6181777692565cf28528fc88fd1516ea86b56da075235fa575af6a4b855,0x0000000000000000000000009f4cda013e354b8fc285bf4b9a60460cee7f7ea9,,0xae88502c90f0864bbb060f71c5b3d0007d07729166161220bbfa41bdf2d25267
12757078,2022-03-30 04:38:16.000 UTC,0xb97ef9ef8734c71904d8002f8b6bc66dd9c48a6e,0x,0xffa4e6181777692565cf28528fc88fd1516ea86b56da075235fa575af6a4b855,0x000000000000000000000000a7e5d5a720f06526557c513402f2e6b5fa20b008,,0xf2f75c6c67bcf3ca2b1c8ee1d7de147b4933a47b1c3e6fa5cf03efb85f82ac50
12757092,2022-03-30 04:38:46.000 UTC,0xb97ef9ef8734c71904d8002f8b6bc66dd9c48a6e,0x,0xffa4e6181777692565cf28528fc88fd1516ea86b56da075235fa575af6a4b855,0x0000000000000000000000003cbded43efdaf0fc77b9c55f6fc9988fcc9b757d,,0xb1334047d41da8e0891ebb0702befab1efd65ddd39c9a38cf59a42eeadcb42a4
12757104,2022-03-30 04:39:11.000 UTC,0xb97ef9ef8734c71904d8002f8b6bc66dd9c48a6e,0x,0xffa4e6181777692565cf28528fc88fd1516ea86b56da075235fa575af6a4b855,0x00000000000000000000000067d40ee1a85bf4a4bb7ffae16de985e8427b6b45,,0xa6d6f98728a83657b0c44bbfbadd7b75e844f3453379283e6b913417afbc3706
12757116,2022-03-30 04:39:37.000 UTC,0xb97ef9ef8734c71904d8002f8b6bc66dd9c48a6e,0x,0xffa4e6181777692565cf28528fc88fd1516ea86b56da075235fa575af6a4b855,0x0000000000000000000000006f1ca141a28907f78ebaa64fb83a9088b02a8352,,0xf7825deb923f68ed2c0ec978cc7423fee707d8c23ab32df6b7458e70e8a78f8b
12757252,2022-03-30 04:44:07.000 UTC,0xb97ef9ef8734c71904d8002f8b6bc66dd9c48a6e,0x,0xffa4e6181777692565cf28528fc88fd1516ea86b56da075235fa575af6a4b855,0x00000000000000000000000048549a34ae37b12f6a30566245176994e17c6b4a,,0x7621da305bf7e282ccb4f50a45e4fdbbe433d569c5f239655d540c33414f7c3a
12757252,2022-03-30 04:44:07.000 UTC,0xb97ef9ef8734c71904d8002f8b6bc66dd9c48a6e,0x,0xffa4e6181777692565cf28528fc88fd1516ea86b56da075235fa575af6a4b855,0x0000000000000000000000006acdfba02d390b97ac2b2d42a63e85293bcc160e,,0xb7c2e093ffc33f5771c92502b0671a75eece4b9d13dbe04892aa5475e0303c60
12757281,2022-03-30 04:45:06.000 UTC,0xb97ef9ef8734c71904d8002f8b6bc66dd9c48a6e,0x,0xffa4e6181777692565cf28528fc88fd1516ea86b56da075235fa575af6a4b855,0x0000000000000000000000005512d943ed1f7c8a43f3435c85f7ab68b30121b0,,0x85d2a8ea60db48d001fe99f990bfa197a10e4b6d9394cd7164bcb72b9e52a4e0
12757300,2022-03-30 04:45:42.000 UTC,0xb97ef9ef8734c71904d8002f8b6bc66dd9c48a6e,0x,0xffa4e6181777692565cf28528fc88fd1516ea86b56da075235fa575af6a4b855,0x000000000000000000000000c455f7fd3e0e12afd51fba5c106909934d8a0e4a,,0x19e381c87a37aecf4fafce1226925a00aff3b3c3456370679077fbfe45326933
12757315,2022-03-30 04:46:12.000 UTC,0xb97ef9ef8734c71904d8002f8b6bc66dd9c48a6e,0x,0xffa4e6181777692565cf28528fc88fd1516ea86b56da075235fa575af6a4b855,0x0000000000000000000000002f389ce8bd8ff92de3402ffce4691d17fc4f6535,,0x43222b3a23acaa75ee52c9371ecc48d7ca2645c1a135e64b47f149d074429320
12757327,2022-03-30 04:46:46.000 UTC,0xb97ef9ef8734c71904d8002f8b6bc66dd9c48a6e,0x,0xffa4e6181777692565cf28528fc88fd1516ea86b56da075235fa575af6a4b855,0x00000000000000000000000019aa5fe80d33a56d56c78e82ea5e50e5d80b4dff,,0xd6f5582d1ca5085c5890af6cb3ad4da1e91f8e78394e87413d833886824c2801
12757344,2022-03-30 04:47:20.000 UTC,0xb97ef9ef8734c71904d8002f8b6bc66dd9c48a6e,0x,0xffa4e6181777692565cf28528fc88fd1516ea86b56da075235fa575af6a4b855,0x000000000000000000000000e7aa314c77f4233c18c6cc84384a9247c0cf367b,,0xc7f36ac489855361e4abc692e50cdc49f79bc4110fb3e24742ea9b2d43cd9e5b
12757362,2022-03-30 04:48:00.000 UTC,0xb97ef9ef8734c71904d8002f8b6bc66dd9c48a6e,0x,0xffa4e6181777692565cf28528fc88fd1516ea86b56da075235fa575af6a4b855,0x000000000000000000000000308ed4b7b49797e1a98d3818bff6fe5385410370,,0xaacedd53187651f2f5f0de4ad3cae1aa02459b061654f9f131aef1cd3786287d
12757379,2022-03-30 04:48:33.000 UTC,0xb97ef9ef8734c71904d8002f8b6bc66dd9c48a6e,0x,0xffa4e6181777692565cf28528fc88fd1516ea86b56da075235fa575af6a4b855,0x000000000000000000000000fec8a60023265364d066a1212fde3930f6ae8da7,,0x072c683eceea02525a859b8d5b72b3901e0dc269ae797829be7889b03e7ad01b
12757397,2022-03-30 04:49:09.000 UTC,0xb97ef9ef8734c71904d8002f8b6bc66dd9c48a6e,0x,0xffa4e6181777692565cf28528fc88fd1516ea86b56da075235fa575af6a4b855,0x0000000000000000000000008576acc5c05d6ce88f4e49bf65bdf0c62f91353c,,0x1a0d98a4c76b5e70a8cf3e7ed066cea50836120dc8fbfa811b171cc4a91f477b
12757412,2022-03-30 04:49:38.000 UTC,0xb97ef9ef8734c71904d8002f8b6bc66dd9c48a6e,0x,0xffa4e6181777692565cf28528fc88fd1516ea86b56da075235fa575af6a4b855,0x000000000000000000000000901bb9583b24d97e995513c6778dc6888ab6870e,,0x4e5956a8c21b2ac58689d3106d3dd96757bd26feb33a09852684a813d624c3f6
13116507,2022-04-07 16:46:28.000 UTC,0xb97ef9ef8734c71904d8002f8b6bc66dd9c48a6e,0x,0xffa4e6181777692565cf28528fc88fd1516ea86b56da075235fa575af6a4b855,0x0000000000000000000000007ff9cfad3877f21d41da833e2f775db0569ee3d9,,0x9e9f0f2016b1f9b2044c01bf6a296e04c7d45eb0a8be33a41f2ab080728968a5
13427448,2022-04-14 23:13:02.000 UTC,0xb97ef9ef8734c71904d8002f8b6bc66dd9c48a6e,0x,0xffa4e6181777692565cf28528fc88fd1516ea86b56da075235fa575af6a4b855,0x000000000000000000000000098b716b8aaf21512996dc57eb0615e2383e2f96,,0xdfb9b59f75ae91f4f5484ee88b3d253d904dc65c02d4d4a0c08dc0cd6a0dbf81
13801752,2022-04-23 16:24:06.000 UTC,0xb97ef9ef8734c71904d8002f8b6bc66dd9c48a6e,0x,0xffa4e6181777692565cf28528fc88fd1516ea86b56da075235fa575af6a4b855,0x000000000000000000000000a0e1c89ef1a489c9c7de96311ed5ce5d32c20e4b,,0xe32a4f8f5102e5d5ade2b3cd345bb6fe3bcfe65a88f5b10257a69c956d478c58
13801783,2022-04-23 16:25:08.000 UTC,0xb97ef9ef8734c71904d8002f8b6bc66dd9c48a6e,0x,0xffa4e6181777692565cf28528fc88fd1516ea86b56da075235fa575af6a4b855,0x0000000000000000000000003cffd56b47b7b41c56258d9c7731abadc360e073,,0x27037934d6f904c97549530648f76e3966ac1bd3bc36b603e9b46a40ecc0bf75
13802210,2022-04-23 16:39:30.000 UTC,0xb97ef9ef8734c71904d8002f8b6bc66dd9c48a6e,0x,0xffa4e6181777692565cf28528fc88fd1516ea86b56da075235fa575af6a4b855,0x00000000000000000000000053b6936513e738f44fb50d2b9476730c0ab3bfc1,,0x917987eca98297384bfd46b5fa294166513f1fa8d3dfba80c6b3d5ff4c40fe46
13802231,2022-04-23 16:40:11.000 UTC,0xb97ef9ef8734c71904d8002f8b6bc66dd9c48a6e,0x,0xffa4e6181777692565cf28528fc88fd1516ea86b56da075235fa575af6a4b855,0x000000000000000000000000cce63fd31e9053c110c74cebc37c8e358a6aa5bd,,0xba0a5a96f8d246ad0c32db76df777c21c1335eb86ca8939534f29c1d4dbe414f
14363555,2022-05-06 23:06:27.000 UTC,0xb97ef9ef8734c71904d8002f8b6bc66dd9c48a6e,0x,0xffa4e6181777692565cf28528fc88fd1516ea86b56da075235fa575af6a4b855,0x00000000000000000000000035fb6f6db4fb05e6a4ce86f2c93691425626d4b1,,0xf4c46ac81158285969524c3eea3beab89dfeb0d0196da41a4ff9f43addf62981
14363562,2022-05-06 23:06:41.000 UTC,0xb97ef9ef8734c71904d8002f8b6bc66dd9c48a6e,0x,0xffa4e6181777692565cf28528fc88fd1516ea86b56da075235fa575af6a4b855,0x000000000000000000000000f7b31119c2682c88d88d455dbb9d5932c65cf1be,,0x28a3f76324303530025f84c34add4af69d5103d6d9c8a439d37cb33827586b8c
14363565,2022-05-06 23:06:47.000 UTC,0xb97ef9ef8734c71904d8002f8b6bc66dd9c48a6e,0x,0xffa4e6181777692565cf28528fc88fd1516ea86b56da075235fa575af6a4b855,0x0000000000000000000000003e37627deaa754090fbfbb8bd226c1ce66d255e9,,0xbb9828797eb88ab0fcd3d7f1a63a0cc30f606b2a066ee29d7c876e739ca5ca01
14363567,2022-05-06 23:06:51.000 UTC,0xb97ef9ef8734c71904d8002f8b6bc66dd9c48a6e,0x,0xffa4e6181777692565cf28528fc88fd1516ea86b56da075235fa575af6a4b855,0x00000000000000000000000008723392ed15743cc38513c4925f5e6be5c17243,,0xfb307aa4fadc7f150f55e0e1d6387915dcb006878a9795f528431d7d4402a149
18426713,2022-08-09 17:25:21.000 UTC,0xb97ef9ef8734c71904d8002f8b6bc66dd9c48a6e,0x,0xffa4e6181777692565cf28528fc88fd1516ea86b56da075235fa575af6a4b855,0x0000000000000000000000008589427373d6d84e98730d7795d8f6f8731fda16,,0x03f3a10fb485ceb395276c131fb407b4a1ace02dfee6aef8decdd38b1ea4151f
18426825,2022-08-09 17:29:07.000 UTC,0xb97ef9ef8734c71904d8002f8b6bc66dd9c48a6e,0x,0xffa4e6181777692565cf28528fc88fd1516ea86b56da075235fa575af6a4b855,0x000000000000000000000000722122df12d4e14e13ac3b6895a86e84145b6967,,0x6fdcd0fcb7696fee36a60aca6c13ca75f87525c0bd327d1c7aee72d6b9835570
18426848,2022-08-09 17:29:52.000 UTC,0xb97ef9ef8734c71904d8002f8b6bc66dd9c48a6e,0x,0xffa4e6181777692565cf28528fc88fd1516ea86b56da075235fa575af6a4b855,0x000000000000000000000000dd4c48c0b24039969fc16d1cdf626eab821d3384,,0x2d7d38f16c807131840bfc63d306079f56a2429e51a5f0430ea37625ec575940
18426865,2022-08-09 17:30:27.000 UTC,0xb97ef9ef8734c71904d8002f8b6bc66dd9c48a6e,0x,0xffa4e6181777692565cf28528fc88fd1516ea86b56da075235fa575af6a4b855,0x000000000000000000000000d90e2f925da726b50c4ed8d0fb90ad053324f31b,,0xf52f19084e0ab6f4f5775e0bc3114da3c5e26c7c1cc13d02a32d93ae59c91748
18426884,2022-08-09 17:31:05.000 UTC,0xb97ef9ef8734c71904d8002f8b6bc66dd9c48a6e,0x,0xffa4e6181777692565cf28528fc88fd1516ea86b56da075235fa575af6a4b855,0x000000000000000000000000d96f2b1c14db8458374d9aca76e26c3d18364307,,0xfb5674da82857e00ddd13599c04f63be34172c6a7b354aeac00a1df76c74e61a
18426905,2022-08-09 17:31:46.000 UTC,0xb97ef9ef8734c71904d8002f8b6bc66dd9c48a6e,0x,0xffa4e6181777692565cf28528fc88fd1516ea86b56da075235fa575af6a4b855,0x0000000000000000000000004736dcf1b7a3d580672cce6e7c65cd5cc9cfba9d,,0x77599528c7fd3e41690526981822e988d82b6f8bd79ce4ef8dc19e2855b7a3c4
18426926,2022-08-09 17:32:30.000 UTC,0xb97ef9ef8734c71904d8002f8b6bc66dd9c48a6e,0x,0xffa4e6181777692565cf28528fc88fd1516ea86b56da075235fa575af6a4b855,0x000000000000000000000000d4b88df4d29f5cedd6857912842cff3b20c8cfa3,,0xf5abe53ab8192dd4d5316cb4f373c24583605adf8803cc2a950db9b8055d0155
18426945,2022-08-09 17:33:08.000 UTC,0xb97ef9ef8734c71904d8002f8b6bc66dd9c48a6e,0x,0xffa4e6181777692565cf28528fc88fd1516ea86b56da075235fa575af6a4b855,0x000000000000000000000000910cbd523d972eb0a6f4cae4618ad62622b39dbf,,0xd78c5f1a36ae1fbd39e4f7c9d73f906003db052522261db1376bc190ae522fc6
18426965,2022-08-09 17:33:48.000 UTC,0xb97ef9ef8734c71904d8002f8b6bc66dd9c48a6e,0x,0xffa4e6181777692565cf28528fc88fd1516ea86b56da075235fa575af6a4b855,0x000000000000000000000000a160cdab225685da1d56aa342ad8841c3b53f291,,0x47ee625e2ec29b4ce31064a80ae0be6d7cc3be7a8ba537b81e2bf8b993c49c8a
18426987,2022-08-09 17:34:32.000 UTC,0xb97ef9ef8734c71904d8002f8b6bc66dd9c48a6e,0x,0xffa4e6181777692565cf28528fc88fd1516ea86b56da075235fa575af6a4b855,0x000000000000000000000000fd8610d20aa15b7b2e3be39b396a1bc3516c7144,,0x50dada75172c8a8632b9af464b46b7dfd8f9ffa436ef3619b5397d8c7155e465
18427004,2022-08-09 17:35:05.000 UTC,0xb97ef9ef8734c71904d8002f8b6bc66dd9c48a6e,0x,0xffa4e6181777692565cf28528fc88fd1516ea86b56da075235fa575af6a4b855,0x000000000000000000000000f60dd140cff0706bae9cd734ac3ae76ad9ebc32a,,0x534bc923daba38e243f33e871ffcdd7005d8c798a9b6b1f3891ae0c5d43acbfd
18427021,2022-08-09 17:35:41.000 UTC,0xb97ef9ef8734c71904d8002f8b6bc66dd9c48a6e,0x,0xffa4e6181777692565cf28528fc88fd1516ea86b56da075235fa575af6a4b855,0x00000000000000000000000022aaa7720ddd5388a3c0a3333430953c68f1849b,,0xcd24aaa435e2e98708bb73c66d5539414db1db14262782d0b86778ab0d12ad8b
18427056,2022-08-09 17:36:53.000 UTC,0xb97ef9ef8734c71904d8002f8b6bc66dd9c48a6e,0x,0xffa4e6181777692565cf28528fc88fd1516ea86b56da075235fa575af6a4b855,0x000000000000000000000000ba214c1c1928a32bffe790263e38b4af9bfcd659,,0x72d4715879e4b0b7379e7669da33261d2b7995f81d6f5f7f235a284a93dd2b4c
18427070,2022-08-09 17:37:22.000 UTC,0xb97ef9ef8734c71904d8002f8b6bc66dd9c48a6e,0x,0xffa4e6181777692565cf28528fc88fd1516ea86b56da075235fa575af6a4b855,0x000000000000000000000000b1c8094b234dce6e03f10a5b673c1d8c69739a00,,0xd53e66629bd020f1531f5b5074692a44c79d42fbc9269be0ba3e3d9ad9d250f7
18427090,2022-08-09 17:38:02.000 UTC,0xb97ef9ef8734c71904d8002f8b6bc66dd9c48a6e,0x,0xffa4e6181777692565cf28528fc88fd1516ea86b56da075235fa575af6a4b855,0x000000000000000000000000527653ea119f3e6a1f5bd18fbf4714081d7b31ce,,0x448573e2b40727024c0f8865cbc43d10b29113d97239126ffd5f18056c24bd11
18427108,2022-08-09 17:38:38.000 UTC,0xb97ef9ef8734c71904d8002f8b6bc66dd9c48a6e,0x,0xffa4e6181777692565cf28528fc88fd1516ea86b56da075235fa575af6a4b855,0x00000000000000000000000058e8dcc13be9780fc42e8723d8ead4cf46943df2,,0x199424429f688d6c5d234aa3870fc3e5890da69571d16f4624342082d9e6f1f2
18427126,2022-08-09 17:39:14.000 UTC,0xb97ef9ef8734c71904d8002f8b6bc66dd9c48a6e,0x,0xffa4e6181777692565cf28528fc88fd1516ea86b56da075235fa575af6a4b855,0x000000000000000000000000d691f27f38b395864ea86cfc7253969b409c362d,,0x38df36118ea2472100926078eece38284758251a19ebdbba56bca0144734e2ed
18427141,2022-08-09 17:39:44.000 UTC,0xb97ef9ef8734c71904d8002f8b6bc66dd9c48a6e,0x,0xffa4e6181777692565cf28528fc88fd1516ea86b56da075235fa575af6a4b855,0x000000000000000000000000aeaac358560e11f52454d997aaff2c5731b6f8a6,,0x7b61207b0b4aee08b7bc18c490da12f3b4e667faafcca647f930323c4262ddf2
18427157,2022-08-09 17:40:17.000 UTC,0xb97ef9ef8734c71904d8002f8b6bc66dd9c48a6e,0x,0xffa4e6181777692565cf28528fc88fd1516ea86b56da075235fa575af6a4b855,0x0000000000000000000000001356c899d8c9467c7f71c195612f8a395abf2f0a,,0x5b411b935a383705f4438fc0dd314012f57c3b60c79ab483d4f3af245b74ae73
18427178,2022-08-09 17:40:58.000 UTC,0xb97ef9ef8734c71904d8002f8b6bc66dd9c48a6e,0x,0xffa4e6181777692565cf28528fc88fd1516ea86b56da075235fa575af6a4b855,0x000000000000000000000000a60c772958a3ed56c1f15dd055ba37ac8e523a0d,,0xada63c99fda5d6e4eba9ef0f2e43696029f07de2144f3ea090b3198e541fa2ce
18427192,2022-08-09 17:41:30.000 UTC,0xb97ef9ef8734c71904d8002f8b6bc66dd9c48a6e,0x,0xffa4e6181777692565cf28528fc88fd1516ea86b56da075235fa575af6a4b855,0x000000000000000000000000169ad27a470d064dede56a2d3ff727986b15d52b,,0xd8d0de5bea64116c2d8cddaeade58d6b6f45447772c5593728bce4977cd35823
18427211,2022-08-09 17:42:07.000 UTC,0xb97ef9ef8734c71904d8002f8b6bc66dd9c48a6e,0x,0xffa4e6181777692565cf28528fc88fd1516ea86b56da075235fa575af6a4b855,0x0000000000000000000000000836222f2b2b24a3f36f98668ed8f0b38d1a872f,,0x311dff73f9d84686fe501834e4f41da9a5c97f2dad2ef406490f723307a08dc6
18427226,2022-08-09 17:42:37.000 UTC,0xb97ef9ef8734c71904d8002f8b6bc66dd9c48a6e,0x,0xffa4e6181777692565cf28528fc88fd1516ea86b56da075235fa575af6a4b855,0x000000000000000000000000f67721a2d8f736e75a49fdd7fad2e31d8676542a,,0x3a08c62b448de07697b62d129cbe74bce0985b70e688abbba706fed883a91703
18427245,2022-08-09 17:43:14.000 UTC,0xb97ef9ef8734c71904d8002f8b6bc66dd9c48a6e,0x,0xffa4e6181777692565cf28528fc88fd1516ea86b56da075235fa575af6a4b855,0x0000000000000000000000009ad122c22b14202b4490edaf288fdb3c7cb3ff5e,,0x834c4ec3d424476af6e76977b90c737037476018f4b6bd22df77f2b5e7d56890
18427260,2022-08-09 17:43:49.000 UTC,0xb97ef9ef8734c71904d8002f8b6bc66dd9c48a6e,0x,0xffa4e6181777692565cf28528fc88fd1516ea86b56da075235fa575af6a4b855,0x000000000000000000000000905b63fff465b9ffbf41dea908ceb12478ec7601,,0xf78a25950bc5215b4f1cb7542aea70e4fce4073225703ea0f8173c93b33f9813
18427276,2022-08-09 17:44:20.000 UTC,0xb97ef9ef8734c71904d8002f8b6bc66dd9c48a6e,0x,0xffa4e6181777692565cf28528fc88fd1516ea86b56da075235fa575af6a4b855,0x00000000000000000000000007687e702b410fa43f4cb4af7fa097918ffd2730,,0xd16d05d3989b3de2d51ab1f62ac5a95e644395c486cbbf16f3126064891888dd
18427292,2022-08-09 17:44:52.000 UTC,0xb97ef9ef8734c71904d8002f8b6bc66dd9c48a6e,0x,0xffa4e6181777692565cf28528fc88fd1516ea86b56da075235fa575af6a4b855,0x00000000000000000000000094a1b5cdb22c43faab4abeb5c74999895464ddaf,,0x963f86466720082719994c7a33e5f181e3550ebe17c548a7ec40966b3782fac9
18427311,2022-08-09 17:45:30.000 UTC,0xb97ef9ef8734c71904d8002f8b6bc66dd9c48a6e,0x,0xffa4e6181777692565cf28528fc88fd1516ea86b56da075235fa575af6a4b855,0x000000000000000000000000b541fc07bc7619fd4062a54d96268525cbc6ffef,,0x752322d31ca2eae0ead2564e40d4ac21638972f17bbe6f28d0ba4b3a4ff9dd8c
18427327,2022-08-09 17:46:02.000 UTC,0xb97ef9ef8734c71904d8002f8b6bc66dd9c48a6e,0x,0xffa4e6181777692565cf28528fc88fd1516ea86b56da075235fa575af6a4b855,0x00000000000000000000000012d66f87a04a9e220743712ce6d9bb1b5616b8fc,,0x10cc8266d10d99e319f24fbc8b66cf09d7574b22032344c940a457e74103b82e
18427341,2022-08-09 17:46:30.000 UTC,0xb97ef9ef8734c71904d8002f8b6bc66dd9c48a6e,0x,0xffa4e6181777692565cf28528fc88fd1516ea86b56da075235fa575af6a4b855,0x00000000000000000000000047ce0c6ed5b0ce3d3a51fdb1c52dc66a7c3c2936,,0x404a3bf02e1922915f6591ede8acf780282b9340eb845ed59dbad5bcd7e7cefa
18427358,2022-08-09 17:47:05.000 UTC,0xb97ef9ef8734c71904d8002f8b6bc66dd9c48a6e,0x,0xffa4e6181777692565cf28528fc88fd1516ea86b56da075235fa575af6a4b855,0x00000000000000000000000023773e65ed146a459791799d01336db287f25334,,0x532ccf244ba6c2906193ad6e54d55983e9fcff5c5603f1cebf5fb215966e4b9c
18427374,2022-08-09 17:47:36.000 UTC,0xb97ef9ef8734c71904d8002f8b6bc66dd9c48a6e,0x,0xffa4e6181777692565cf28528fc88fd1516ea86b56da075235fa575af6a4b855,0x000000000000000000000000d21be7248e0197ee08e0c20d4a96debdac3d20af,,0x42c87edea134540fa388d04254ec12faf2fc37e319cef296ce098504befb1919
18427389,2022-08-09 17:48:06.000 UTC,0xb97ef9ef8734c71904d8002f8b6bc66dd9c48a6e,0x,0xffa4e6181777692565cf28528fc88fd1516ea86b56da075235fa575af6a4b855,0x000000000000000000000000610b717796ad172b316836ac95a2ffad065ceab4,,0x5b10a348b8e3d4e545ba3e6514b2eacc41bd18b7882a5467d37ee2139ae7ef67
18427409,2022-08-09 17:48:45.000 UTC,0xb97ef9ef8734c71904d8002f8b6bc66dd9c48a6e,0x,0xffa4e6181777692565cf28528fc88fd1516ea86b56da075235fa575af6a4b855,0x000000000000000000000000178169b423a011fff22b9e3f3abea13414ddd0f1,,0x2baca10f81a52afffd3ec2c33d8c84e0a18bebec3ca2ea7308fab31362de7325
18427423,2022-08-09 17:49:14.000 UTC,0xb97ef9ef8734c71904d8002f8b6bc66dd9c48a6e,0x,0xffa4e6181777692565cf28528fc88fd1516ea86b56da075235fa575af6a4b855,0x000000000000000000000000bb93e510bbcd0b7beb5a853875f9ec60275cf498,,0x5ed41c67c52c0c13d15fec111343517c9771ce568f678b891e493fcbc7499c2a
18427445,2022-08-09 17:49:58.000 UTC,0xb97ef9ef8734c71904d8002f8b6bc66dd9c48a6e,0x,0xffa4e6181777692565cf28528fc88fd1516ea86b56da075235fa575af6a4b855,0x0000000000000000000000002717c5e28cf931547b621a5dddb772ab6a35b701,,0x1298f43b83221ee169afb943151f6b3285616a1c6ea697100e7a4dbe50c45a5d
18427464,2022-08-09 17:50:35.000 UTC,0xb97ef9ef8734c71904d8002f8b6bc66dd9c48a6e,0x,0xffa4e6181777692565cf28528fc88fd1516ea86b56da075235fa575af6a4b855,0x00000000000000000000000003893a7c7463ae47d46bc7f091665f1893656003,,0x262ce01fdff7cf825ad2048758f3276f1dbac89ead0e7e683b38dadbeb31a28b
18427479,2022-08-09 17:51:06.000 UTC,0xb97ef9ef8734c71904d8002f8b6bc66dd9c48a6e,0x,0xffa4e6181777692565cf28528fc88fd1516ea86b56da075235fa575af6a4b855,0x000000000000000000000000ca0840578f57fe71599d29375e16783424023357,,0x6818b9d1ed1e732440b5754d46ea283672bb2cdd19da163a4012d0108ec274eb
19915478,2022-09-16 00:12:03.000 UTC,0xb97ef9ef8734c71904d8002f8b6bc66dd9c48a6e,0x,0xffa4e6181777692565cf28528fc88fd1516ea86b56da075235fa575af6a4b855,0x000000000000000000000000c2a3829f459b3edd87791c74cd45402ba0a20be3,,0xc6fb13213ceb88c67906076f38736df11879dacdf84aab7fb070c2d323b992f4
19915493,2022-09-16 00:12:38.000 UTC,0xb97ef9ef8734c71904d8002f8b6bc66dd9c48a6e,0x,0xffa4e6181777692565cf28528fc88fd1516ea86b56da075235fa575af6a4b855,0x0000000000000000000000003ad9db589d201a710ed237c829c7860ba86510fc,,0xd2220471df83404aab4e4b4ce5f2a3a0c6da8f4d8219ff310a3db6cdc92863fc
19915519,2022-09-16 00:13:40.000 UTC,0xb97ef9ef8734c71904d8002f8b6bc66dd9c48a6e,0x,0xffa4e6181777692565cf28528fc88fd1516ea86b56da075235fa575af6a4b855,0x000000000000000000000000e7800b61479695ec74e4b219f409f67bd1055a27,,0x27a80327031ca478d16e75e708902fdecc3d727f92a5a5377fa205094b46f1d9
20489915,2022-10-01 00:57:25.000 UTC,0xb97ef9ef8734c71904d8002f8b6bc66dd9c48a6e,0x,0xffa4e6181777692565cf28528fc88fd1516ea86b56da075235fa575af6a4b855,0x000000000000000000000000815f335f976301f496167bfef237f0622f92ac38,,0x806c4707fd3a625f7f8172672282c15f30d116f507ae1f63e381fc9b6a367e5e
20489947,2022-10-01 00:58:29.000 UTC,0xb97ef9ef8734c71904d8002f8b6bc66dd9c48a6e,0x,0xffa4e6181777692565cf28528fc88fd1516ea86b56da075235fa575af6a4b855,0x00000000000000000000000081c4d8816b29147c542dde87485608204690acf2,,0xff51c36cad649675b8bf72139142596404114e10a58d2dae4fe6d8ca26a9d94b
20747370,2022-10-07 05:07:26.000 UTC,0xb97ef9ef8734c71904d8002f8b6bc66dd9c48a6e,0x,0xffa4e6181777692565cf28528fc88fd1516ea86b56da075235fa575af6a4b855,0x000000000000000000000000489a8756c18c0b8b24ec2a2b9ff3d4d447f79bec,,0x75aab3b984d6f98de54501a6facf3c3c3b15200eb66ddb34f303fba68af88d05
22121050,2022-11-08 17:56:36.000 UTC,0xb97ef9ef8734c71904d8002f8b6bc66dd9c48a6e,0x,0x117e3210bb9aa7d9baff172026820255c6f6c30ba8999d1c2fd88e2848137c4e,0x000000000000000000000000489a8756c18c0b8b24ec2a2b9ff3d4d447f79bec,,0xee66f454b18b8c56bcecb0e74b768115d4700d55cf6cc8281b7dad1784a792ed
22221225,2022-11-11 01:35:14.000 UTC,0xb97ef9ef8734c71904d8002f8b6bc66dd9c48a6e,0x,0xffa4e6181777692565cf28528fc88fd1516ea86b56da075235fa575af6a4b855,0x00000000000000000000000001e2919679362dfbc9ee1644ba9c6da6d6245bb1,,0xc8a28ebbf815659bb9fd48527ed7887fb91636f3e2192d773ad84ba5619f936b
22221257,2022-11-11 01:36:24.000 UTC,0xb97ef9ef8734c71904d8002f8b6bc66dd9c48a6e,0x,0xffa4e6181777692565cf28528fc88fd1516ea86b56da075235fa575af6a4b855,0x00000000000000000000000009193888b3f38c82dedfda55259a82c0e7de875e,,0x6e43e4e4f6b5a52d1e3182456dd458749c3b222ca4b458688ebadf49d432aeea
22221275,2022-11-11 01:37:01.000 UTC,0xb97ef9ef8734c71904d8002f8b6bc66dd9c48a6e,0x,0xffa4e6181777692565cf28528fc88fd1516ea86b56da075235fa575af6a4b855,0x00000000000000000000000005e0b5b40b7b66098c2161a5ee11c5740a3a7c45,,0xd1bf2ae46f9db3b5a0c6dd951386ecafbafa460a9ab96a60607756ea688ea0c1
22221288,2022-11-11 01:37:27.000 UTC,0xb97ef9ef8734c71904d8002f8b6bc66dd9c48a6e,0x,0xffa4e6181777692565cf28528fc88fd1516ea86b56da075235fa575af6a4b855,0x0000000000000000000000000e3a09dda6b20afbb34ac7cd4a6881493f3e7bf7,,0x59155a34586d9a53112cf717e064e6a86792e1d49959fdc0cba6613c37fe2b81
22221299,2022-11-11 01:37:54.000 UTC,0xb97ef9ef8734c71904d8002f8b6bc66dd9c48a6e,0x,0xffa4e6181777692565cf28528fc88fd1516ea86b56da075235fa575af6a4b855,0x000000000000000000000000179f48c78f57a3a78f0608cc9197b8972921d1d2,,0x9ccf87831972248c80eefbb335d38eaa95595e2923b9a6d90e2e7aa6caf5ef2f
22221311,2022-11-11 01:38:18.000 UTC,0xb97ef9ef8734c71904d8002f8b6bc66dd9c48a6e,0x,0xffa4e6181777692565cf28528fc88fd1516ea86b56da075235fa575af6a4b855,0x0000000000000000000000001e34a77868e19a6647b1f2f47b51ed72dede95dd,,0x54cd6f6712408958f4d9f587e97af792683a45e94ae8f32fa359dc0691c4daa2
22221324,2022-11-11 01:38:44.000 UTC,0xb97ef9ef8734c71904d8002f8b6bc66dd9c48a6e,0x,0xffa4e6181777692565cf28528fc88fd1516ea86b56da075235fa575af6a4b855,0x00000000000000000000000023173fe8b96a4ad8d2e17fb83ea5dcccdca1ae52,,0xe0237c9592e0ebd63e84e75f817ad8399b294d7754ae284cff5bcb41dbb1fdf5
22221331,2022-11-11 01:39:07.000 UTC,0xb97ef9ef8734c71904d8002f8b6bc66dd9c48a6e,0x,0xffa4e6181777692565cf28528fc88fd1516ea86b56da075235fa575af6a4b855,0x000000000000000000000000242654336ca2205714071898f67e254eb49acdce,,0xb4fd98aac2c8143995f186860209e8948b9dd28ac014e4ec5da8e57c3b7891a3
22221361,2022-11-11 01:40:10.000 UTC,0xb97ef9ef8734c71904d8002f8b6bc66dd9c48a6e,0x,0xffa4e6181777692565cf28528fc88fd1516ea86b56da075235fa575af6a4b855,0x0000000000000000000000002573bac39ebe2901b4389cd468f2872cf7767faf,,0x67404d2975e7dbf9efd294036e4b892155487866b40ec83ded4976848dc2fa01
22221377,2022-11-11 01:40:44.000 UTC,0xb97ef9ef8734c71904d8002f8b6bc66dd9c48a6e,0x,0xffa4e6181777692565cf28528fc88fd1516ea86b56da075235fa575af6a4b855,0x00000000000000000000000026903a5a198d571422b2b4ea08b56a37cbd68c89,,0x783d50c71ce6c8be8937d124d81ccdc71f46c2b976235a6a17ea3d0c541a4ece
22221390,2022-11-11 01:41:08.000 UTC,0xb97ef9ef8734c71904d8002f8b6bc66dd9c48a6e,0x,0xffa4e6181777692565cf28528fc88fd1516ea86b56da075235fa575af6a4b855,0x000000000000000000000000330bdfade01ee9bf63c209ee33102dd334618e0a,,0xe7c5fb635cbe9ebf7a0f0c1e5e8410cd18dac95da96fa9ee9580b6d2760a4bf1
22221400,2022-11-11 01:41:29.000 UTC,0xb97ef9ef8734c71904d8002f8b6bc66dd9c48a6e,0x,0xffa4e6181777692565cf28528fc88fd1516ea86b56da075235fa575af6a4b855,0x0000000000000000000000002f50508a8a3d323b91336fa3ea6ae50e55f32185,,0x7d14a32ef6c825706da6c9547cf1d33f9ecc46c5fdd21cfdb712bf85afc8a253
22221415,2022-11-11 01:41:59.000 UTC,0xb97ef9ef8734c71904d8002f8b6bc66dd9c48a6e,0x,0xffa4e6181777692565cf28528fc88fd1516ea86b56da075235fa575af6a4b855,0x0000000000000000000000002fc93484614a34f26f7970cbb94615ba109bb4bf,,0x99b079670d7c8c16a82692c09ab22321d26e115b7319d9a5b42283b01c22a90c
22221430,2022-11-11 01:42:29.000 UTC,0xb97ef9ef8734c71904d8002f8b6bc66dd9c48a6e,0x,0xffa4e6181777692565cf28528fc88fd1516ea86b56da075235fa575af6a4b855,0x0000000000000000000000003efa30704d2b8bbac821307230376556cf8cc39e,,0x9aad0ed41ea38d6c0c74e4b20bd7ca74e045a481a9fac6cf5e3f24db292dc4fd
22221442,2022-11-11 01:42:53.000 UTC,0xb97ef9ef8734c71904d8002f8b6bc66dd9c48a6e,0x,0xffa4e6181777692565cf28528fc88fd1516ea86b56da075235fa575af6a4b855,0x0000000000000000000000003aac1cc67c2ec5db4ea850957b967ba153ad6279,,0xca3c548526f69145d8b325c9692990f11b687de32e3b6ce7e934866fa11087a2
22221452,2022-11-11 01:43:13.000 UTC,0xb97ef9ef8734c71904d8002f8b6bc66dd9c48a6e,0x,0xffa4e6181777692565cf28528fc88fd1516ea86b56da075235fa575af6a4b855,0x000000000000000000000000407cceeaa7c95d2fe2250bf9f2c105aa7aafb512,,0xf482faa18098138de0964e5b25128495b499baff5f99200625d57d19f1869ade
22221462,2022-11-11 01:43:32.000 UTC,0xb97ef9ef8734c71904d8002f8b6bc66dd9c48a6e,0x,0xffa4e6181777692565cf28528fc88fd1516ea86b56da075235fa575af6a4b855,0x000000000000000000000000538ab61e8a9fc1b2f93b3dd9011d662d89be6fe6,,0x2161ba33ec8e71901cd8a92f60f808402ca421fa90a0c706db5861599b7351cc
22221471,2022-11-11 01:43:52.000 UTC,0xb97ef9ef8734c71904d8002f8b6bc66dd9c48a6e,0x,0xffa4e6181777692565cf28528fc88fd1516ea86b56da075235fa575af6a4b855,0x00000000000000000000000057b2b8c82f065de8ef5573f9730fc1449b403c9f,,0x9ec3bb2e1688dcf59e6c08abe13b4d3b2cb429e0684de1e0c162e1a46242a343
22221483,2022-11-11 01:44:15.000 UTC,0xb97ef9ef8734c71904d8002f8b6bc66dd9c48a6e,0x,0xffa4e6181777692565cf28528fc88fd1516ea86b56da075235fa575af6a4b855,0x0000000000000000000000005efda50f22d34f262c29268506c5fa42cb56a1ce,,0x5d76e13ac066b9e8b6c702e4f609e55ef5e5f64b1b704d02168f5fa551b9d62c
22221492,2022-11-11 01:44:33.000 UTC,0xb97ef9ef8734c71904d8002f8b6bc66dd9c48a6e,0x,0xffa4e6181777692565cf28528fc88fd1516ea86b56da075235fa575af6a4b855,0x0000000000000000000000005f6c97c6ad7bdd0ae7e0dd4ca33a4ed3fdabd4d7,,0x95666a0c350b56f37307502185c75b638f629332bd3ee11219d5a4e562c82929
22221502,2022-11-11 01:44:53.000 UTC,0xb97ef9ef8734c71904d8002f8b6bc66dd9c48a6e,0x,0xffa4e6181777692565cf28528fc88fd1516ea86b56da075235fa575af6a4b855,0x0000000000000000000000005cab7692d4e94096462119ab7bf57319726eed2a,,0x36a5205aba9e98796d114efe81635c9db1bcf41590353cc742efc6117b13850e
22221510,2022-11-11 01:45:13.000 UTC,0xb97ef9ef8734c71904d8002f8b6bc66dd9c48a6e,0x,0xffa4e6181777692565cf28528fc88fd1516ea86b56da075235fa575af6a4b855,0x000000000000000000000000653477c392c16b0765603074f157314cc4f40c32,,0x3e468bee1894b55ce29a9d4310336ac1f7c255b67630769953764a40fd8898e7
22221518,2022-11-11 01:45:33.000 UTC,0xb97ef9ef8734c71904d8002f8b6bc66dd9c48a6e,0x,0xffa4e6181777692565cf28528fc88fd1516ea86b56da075235fa575af6a4b855,0x0000000000000000000000006bf694a291df3fec1f7e69701e3ab6c592435ae7,,0x975b097890bc2102cbbd6e27db3058ccaa87b8f4ab6d6199d991f746c48e0a92
22221529,2022-11-11 01:45:54.000 UTC,0xb97ef9ef8734c71904d8002f8b6bc66dd9c48a6e,0x,0xffa4e6181777692565cf28528fc88fd1516ea86b56da075235fa575af6a4b855,0x000000000000000000000000746aebc06d2ae31b71ac51429a19d54e797878e9,,0xcf45e778d9905ebec270ea2276718b45ef993ead7ca37cce411e7385fcd03e5a
22221537,2022-11-11 01:46:12.000 UTC,0xb97ef9ef8734c71904d8002f8b6bc66dd9c48a6e,0x,0xffa4e6181777692565cf28528fc88fd1516ea86b56da075235fa575af6a4b855,0x000000000000000000000000756c4628e57f7e7f8a459ec2752968360cf4d1aa,,0x46c4788db8e7e461bdebbbdfeb3dbade47546ae8fa16faa617a56152aecb8579
22221545,2022-11-11 01:46:31.000 UTC,0xb97ef9ef8734c71904d8002f8b6bc66dd9c48a6e,0x,0xffa4e6181777692565cf28528fc88fd1516ea86b56da075235fa575af6a4b855,0x00000000000000000000000076d85b4c0fc497eecc38902397ac608000a06607,,0x3ed8df9a8d4610901cad2b8622f938e03d5aba87d566aeea106aaaae49aec834
22221553,2022-11-11 01:46:49.000 UTC,0xb97ef9ef8734c71904d8002f8b6bc66dd9c48a6e,0x,0xffa4e6181777692565cf28528fc88fd1516ea86b56da075235fa575af6a4b855,0x000000000000000000000000723b78e67497e85279cb204544566f4dc5d2aca0,,0xd9dad3ab412b73432661ed5f813c0ac21d41b43d47a1b1028ceed316459075fd
22221563,2022-11-11 01:47:09.000 UTC,0xb97ef9ef8734c71904d8002f8b6bc66dd9c48a6e,0x,0xffa4e6181777692565cf28528fc88fd1516ea86b56da075235fa575af6a4b855,0x000000000000000000000000776198ccf446dfa168347089d7338879273172cf,,0x8159293af511877ffe46aec4e3603dd9ae015ecb6f384eb7aecf75709d906450
22221573,2022-11-11 01:47:29.000 UTC,0xb97ef9ef8734c71904d8002f8b6bc66dd9c48a6e,0x,0xffa4e6181777692565cf28528fc88fd1516ea86b56da075235fa575af6a4b855,0x00000000000000000000000077777feddddffc19ff86db637967013e6c6a116c,,0xff2fb3176392282bb5f9cfef516cb5dd4bd382812aef70bd2f05926b77284d85
22221584,2022-11-11 01:47:53.000 UTC,0xb97ef9ef8734c71904d8002f8b6bc66dd9c48a6e,0x,0xffa4e6181777692565cf28528fc88fd1516ea86b56da075235fa575af6a4b855,0x000000000000000000000000743494b60097a2230018079c02fe21a7b687eaa5,,0x2918a036bf23e34bd39cac0ac4e75756770e030f5c497fc6b4c2de8439db7565
22221594,2022-11-11 01:48:13.000 UTC,0xb97ef9ef8734c71904d8002f8b6bc66dd9c48a6e,0x,0xffa4e6181777692565cf28528fc88fd1516ea86b56da075235fa575af6a4b855,0x0000000000000000000000008281aa6795ade17c8973e1aedca380258bc124f9,,0xd09e244d66f689ce70de4f058886697f468ad314498293489ddcef3e30272d1d
22221602,2022-11-11 01:48:30.000 UTC,0xb97ef9ef8734c71904d8002f8b6bc66dd9c48a6e,0x,0xffa4e6181777692565cf28528fc88fd1516ea86b56da075235fa575af6a4b855,0x000000000000000000000000833481186f16cece3f1eeea1a694c42034c3a0db,,0x87bcf034796bcfbe18ac5e4845dea0f50da7fa551ba00e4a6fbaacbb5f49b151
22221613,2022-11-11 01:48:51.000 UTC,0xb97ef9ef8734c71904d8002f8b6bc66dd9c48a6e,0x,0xffa4e6181777692565cf28528fc88fd1516ea86b56da075235fa575af6a4b855,0x00000000000000000000000084443cfd09a48af6ef360c6976c5392ac5023a1f,,0xa26527620923348a51a65a43125fc6c0bb88752fab8a4f055046ec14d133bf82
22221641,2022-11-11 01:49:48.000 UTC,0xb97ef9ef8734c71904d8002f8b6bc66dd9c48a6e,0x,0xffa4e6181777692565cf28528fc88fd1516ea86b56da075235fa575af6a4b855,0x00000000000000000000000088fd245fedec4a936e700f9173454d1931b4c307,,0x705c3c17f8bd33e860e37523c0c5c196dd67c34b7a71a6839e02f31396ef0ec4
22221656,2022-11-11 01:50:21.000 UTC,0xb97ef9ef8734c71904d8002f8b6bc66dd9c48a6e,0x,0xffa4e6181777692565cf28528fc88fd1516ea86b56da075235fa575af6a4b855,0x00000000000000000000000094be88213a387e992dd87de56950a9aef34b9448,,0xe1b766263a6d72435a352ab769ad9ec41e626b9dfb3d5214c8df53091f49c5aa
22221666,2022-11-11 01:50:39.000 UTC,0xb97ef9ef8734c71904d8002f8b6bc66dd9c48a6e,0x,0xffa4e6181777692565cf28528fc88fd1516ea86b56da075235fa575af6a4b855,0x00000000000000000000000094c92f096437ab9958fc0a37f09348f30389ae79,,0x1678e9607d19136690f7ec9ada42260031179d504cde3fb71ce67806390aaf46
22221676,2022-11-11 01:51:07.000 UTC,0xb97ef9ef8734c71904d8002f8b6bc66dd9c48a6e,0x,0xffa4e6181777692565cf28528fc88fd1516ea86b56da075235fa575af6a4b855,0x000000000000000000000000a5c2254e4253490c54cef0a4347fddb8f75a4998,,0xdbd634b82d0f28a2b4a790b57da646687c4577790ecc02dcae7e2f637d9d80bb
22221686,2022-11-11 01:51:26.000 UTC,0xb97ef9ef8734c71904d8002f8b6bc66dd9c48a6e,0x,0xffa4e6181777692565cf28528fc88fd1516ea86b56da075235fa575af6a4b855,0x000000000000000000000000af4c0b70b2ea9fb7487c7cbb37ada259579fe040,,0x87037a28a3d45d284a9f588d609dfade8f6bde68c2180ed8fb594d666dea958d
22221695,2022-11-11 01:51:46.000 UTC,0xb97ef9ef8734c71904d8002f8b6bc66dd9c48a6e,0x,0xffa4e6181777692565cf28528fc88fd1516ea86b56da075235fa575af6a4b855,0x000000000000000000000000af8d1839c3c67cf571aa74b5c12398d4901147b3,,0x8ada8347e59d8610a68956eb194a35d3300b8b306d8a9b03770d26c38f10f00f
22221704,2022-11-11 01:52:04.000 UTC,0xb97ef9ef8734c71904d8002f8b6bc66dd9c48a6e,0x,0xffa4e6181777692565cf28528fc88fd1516ea86b56da075235fa575af6a4b855,0x000000000000000000000000b04e030140b30c27bcdfaafffa98c57d80eda7b4,,0x192052568876db8e1244cf86402cdb6ea54be4f15aaa4fc2a49df56f4c6dd842
22221713,2022-11-11 01:52:22.000 UTC,0xb97ef9ef8734c71904d8002f8b6bc66dd9c48a6e,0x,0xffa4e6181777692565cf28528fc88fd1516ea86b56da075235fa575af6a4b855,0x000000000000000000000000b20c66c4de72433f3ce747b58b86830c459ca911,,0x68055ee7a87bdd169142cf8b5271411abf7b4bbe127ec6499f31845569bd1e29
22221723,2022-11-11 01:52:45.000 UTC,0xb97ef9ef8734c71904d8002f8b6bc66dd9c48a6e,0x,0xffa4e6181777692565cf28528fc88fd1516ea86b56da075235fa575af6a4b855,0x000000000000000000000000cc84179ffd19a1627e79f8648d09e095252bc418,,0x477090a693692ddd31d2c5a67813c957624de069ddbca87db05998c7065ce3f7
22221811,2022-11-11 01:55:48.000 UTC,0xb97ef9ef8734c71904d8002f8b6bc66dd9c48a6e,0x,0xffa4e6181777692565cf28528fc88fd1516ea86b56da075235fa575af6a4b855,0x000000000000000000000000d82ed8786d7c69dc7e052f7a542ab047971e73d2,,0x5d7cff4f9e27973dc85e6f8375c0fb99922c8294437216a13d8993b5d0ec30a5
22221811,2022-11-11 01:55:48.000 UTC,0xb97ef9ef8734c71904d8002f8b6bc66dd9c48a6e,0x,0xffa4e6181777692565cf28528fc88fd1516ea86b56da075235fa575af6a4b855,0x000000000000000000000000cee71753c9820f063b38fdbe4cfdaf1d3d928a80,,0x665f4f27255ffd2ce696d29302ac6fe1a990be216450b6c71ebaed303702a8ef
22221945,2022-11-11 02:00:18.000 UTC,0xb97ef9ef8734c71904d8002f8b6bc66dd9c48a6e,0x,0xffa4e6181777692565cf28528fc88fd1516ea86b56da075235fa575af6a4b855,0x000000000000000000000000d47438c816c9e7f2e2888e060936a499af9582b3,,0x8ea8d61d3fc834c7ac82c53f5808ba32177fea9a4e2da418214a4512b8ac3632
22221945,2022-11-11 02:00:18.000 UTC,0xb97ef9ef8734c71904d8002f8b6bc66dd9c48a6e,0x,0xffa4e6181777692565cf28528fc88fd1516ea86b56da075235fa575af6a4b855,0x000000000000000000000000d8d7de3349ccaa0fde6298fe6d7b7d0d34586193,,0xa2239ed1fdb915a9444ae4535c60bfa48c670bf6fa8853b8a716c588b77b8ef7
22222009,2022-11-11 02:02:23.000 UTC,0xb97ef9ef8734c71904d8002f8b6bc66dd9c48a6e,0x,0xffa4e6181777692565cf28528fc88fd1516ea86b56da075235fa575af6a4b855,0x000000000000000000000000d5d6f8d9e784d0e26222ad3834500801a68d027d,,0x66b6ad5b88a3aa70827adfd089c3d2fcbcaf490131a5a1906f867d33ef388b87
22222034,2022-11-11 02:03:13.000 UTC,0xb97ef9ef8734c71904d8002f8b6bc66dd9c48a6e,0x,0xffa4e6181777692565cf28528fc88fd1516ea86b56da075235fa575af6a4b855,0x000000000000000000000000d692fd2d0b2fbd2e52cfa5b5b9424bc981c30696,,0x1939f270512d0e149aafadd870b7da306f855e9563e2d4855f287cdbf4b58a1c
22222060,2022-11-11 02:04:07.000 UTC,0xb97ef9ef8734c71904d8002f8b6bc66dd9c48a6e,0x,0xffa4e6181777692565cf28528fc88fd1516ea86b56da075235fa575af6a4b855,0x000000000000000000000000df231d99ff8b6c6cbf4e9b9a945cbacef9339178,,0x0a5191229972e19f29a9ed2841bf3fa43cfd623af4123d826f8ae2c91f91297b
22222092,2022-11-11 02:05:09.000 UTC,0xb97ef9ef8734c71904d8002f8b6bc66dd9c48a6e,0x,0xffa4e6181777692565cf28528fc88fd1516ea86b56da075235fa575af6a4b855,0x000000000000000000000000df3a408c53e5078af6e8fb2a85088d46ee09a61b,,0x8a1e2d8ed69d15d9e7a98bed8faab77c9e94c959146d0f5c4243d0228b3e4b14
22222103,2022-11-11 02:05:36.000 UTC,0xb97ef9ef8734c71904d8002f8b6bc66dd9c48a6e,0x,0xffa4e6181777692565cf28528fc88fd1516ea86b56da075235fa575af6a4b855,0x000000000000000000000000edc5d01286f99a066559f60a585406f3878a033e,,0x084b2184684aa5d477ad47ae2628d17d88dd95a62f21886c830fc0304afa15a7
22222119,2022-11-11 02:06:07.000 UTC,0xb97ef9ef8734c71904d8002f8b6bc66dd9c48a6e,0x,0xffa4e6181777692565cf28528fc88fd1516ea86b56da075235fa575af6a4b855,0x000000000000000000000000f4b067dd14e95bab89be928c07cb22e3c94e0daa,,0x5e2f36d2b44adb1f697a764f4fe0cbb70352dc1e03f7a20fa191498936614eba
22222129,2022-11-11 02:06:28.000 UTC,0xb97ef9ef8734c71904d8002f8b6bc66dd9c48a6e,0x,0xffa4e6181777692565cf28528fc88fd1516ea86b56da075235fa575af6a4b855,0x000000000000000000000000ffbac21a641dcfe4552920138d90f3638b3c9fba,,0x34e7c1a6bfa90a7fd474e1755aba4d26848ddab0c8edfb092ed193d7deb8a4c4
22222142,2022-11-11 02:06:55.000 UTC,0xb97ef9ef8734c71904d8002f8b6bc66dd9c48a6e,0x,0xffa4e6181777692565cf28528fc88fd1516ea86b56da075235fa575af6a4b855,0x000000000000000000000000d0975b32cea532eadddfc9c60481976e39db3472,,0xe8f048f4c3c8d389cb98a0818ad39c222e18a49b9b55f12d836537952d65121d
22222153,2022-11-11 02:07:17.000 UTC,0xb97ef9ef8734c71904d8002f8b6bc66dd9c48a6e,0x,0xffa4e6181777692565cf28528fc88fd1516ea86b56da075235fa575af6a4b855,0x0000000000000000000000001967d8af5bd86a497fb3dd7899a020e47560daaf,,0xc7f478bd750456613b8267927bf1246cc9666e7b3571f8abea749c2b8a6b1e62
22222163,2022-11-11 02:07:36.000 UTC,0xb97ef9ef8734c71904d8002f8b6bc66dd9c48a6e,0x,0xffa4e6181777692565cf28528fc88fd1516ea86b56da075235fa575af6a4b855,0x00000000000000000000000083e5bc4ffa856bb84bb88581f5dd62a433a25e0d,,0x3c0dc5f95f2a640dbe036b2cca5677c961a856ebe1a320a92cc847530c4e2ec4
22222174,2022-11-11 02:07:59.000 UTC,0xb97ef9ef8734c71904d8002f8b6bc66dd9c48a6e,0x,0xffa4e6181777692565cf28528fc88fd1516ea86b56da075235fa575af6a4b855,0x00000000000000000000000008b2efdcdb8822efe5ad0eae55517cf5dc544251,,0xff4f653a3246c74b7d1f11d8c7fe84c64d1c12ad84eb2e6c55e2e2388e6fee45
22222183,2022-11-11 02:08:17.000 UTC,0xb97ef9ef8734c71904d8002f8b6bc66dd9c48a6e,0x,0xffa4e6181777692565cf28528fc88fd1516ea86b56da075235fa575af6a4b855,0x00000000000000000000000004dba1194ee10112fe6c3207c0687def0e78bacf,,0x8fa43663efe2c16f4b691b850b821bfff2a3c2964c0cec3711d8b1b8ae547acd
22222196,2022-11-11 02:08:42.000 UTC,0xb97ef9ef8734c71904d8002f8b6bc66dd9c48a6e,0x,0xffa4e6181777692565cf28528fc88fd1516ea86b56da075235fa575af6a4b855,0x0000000000000000000000000ee5067b06776a89ccc7dc8ee369984ad7db5e06,,0x35cf62f2f42fae7753b7914a3b617fbf0d006fad1628a3a8b82a42c898207ef1
22222204,2022-11-11 02:08:59.000 UTC,0xb97ef9ef8734c71904d8002f8b6bc66dd9c48a6e,0x,0xffa4e6181777692565cf28528fc88fd1516ea86b56da075235fa575af6a4b855,0x000000000000000000000000502371699497d08d5339c870851898d6d72521dd,,0x482af355cf8f28f1f8f34bc9ef5bf315f23afc7edc15771c822d44eb32e5f496
22222215,2022-11-11 02:09:20.000 UTC,0xb97ef9ef8734c71904d8002f8b6bc66dd9c48a6e,0x,0xffa4e6181777692565cf28528fc88fd1516ea86b56da075235fa575af6a4b855,0x0000000000000000000000005a14e72060c11313e38738009254a90968f58f51,,0x05a88f55990d56463c55eef9920e5ace577f15268709a2db82c20a605b5fcc5f
22222223,2022-11-11 02:09:37.000 UTC,0xb97ef9ef8734c71904d8002f8b6bc66dd9c48a6e,0x,0xffa4e6181777692565cf28528fc88fd1516ea86b56da075235fa575af6a4b855,0x000000000000000000000000efe301d259f525ca1ba74a7977b80d5b060b3cca,,0xba6f3854d69d39fd869c12a223c4310d823c62113d548197262c949cba6112c8
22222231,2022-11-11 02:09:53.000 UTC,0xb97ef9ef8734c71904d8002f8b6bc66dd9c48a6e,0x,0x117e3210bb9aa7d9baff172026820255c6f6c30ba8999d1c2fd88e2848137c4e,0x000000000000000000000000905b63fff465b9ffbf41dea908ceb12478ec7601,,0x746cbb0308e718a24091447f5b62a8d44bbe06c1656d8e76fcb45955c358bef4
25745074,2023-02-02 17:05:53.000 UTC,0xb97ef9ef8734c71904d8002f8b6bc66dd9c48a6e,0x,0xffa4e6181777692565cf28528fc88fd1516ea86b56da075235fa575af6a4b855,0x00000000000000000000000039d908dac893cbcb53cc86e0ecc369aa4def1a29,,0xa67b1c6f3f3a5909d47244cc75f3ae1bb4a0d52ca1d961b1797124a84228f21d
29211653,2023-04-25 16:57:16.000 UTC,0xb97ef9ef8734c71904d8002f8b6bc66dd9c48a6e,0x,0xffa4e6181777692565cf28528fc88fd1516ea86b56da075235fa575af6a4b855,0x0000000000000000000000004f47bc496083c727c5fbe3ce9cdf2b0f6496270c,,0x1bc053a5c44bd3b26d1478c601fb58815521b3290afd8a2dd89ede59fb9007f9
30244954,2023-05-20 02:30:42.000 UTC,0xb97ef9ef8734c71904d8002f8b6bc66dd9c48a6e,0x,0xffa4e6181777692565cf28528fc88fd1516ea86b56da075235fa575af6a4b855,0x00000000000000000000000038735f03b30fbc022ddd06abed01f0ca823c6a94,,0x3f02162232544651023eed7b09718eec41e46d52ff24a22ed91861af5bede3dd
30432266,2023-05-24 12:19:54.000 UTC,0xb97ef9ef8734c71904d8002f8b6bc66dd9c48a6e,0x,0xffa4e6181777692565cf28528fc88fd1516ea86b56da075235fa575af6a4b855,0x00000000000000000000000097b1043abd9e6fc31681635166d430a458d14f9c,,0x8232446c352ac3f9f1391e1776ec3fd92857180f778435f9808ec7ecf24ec319
30432281,2023-05-24 12:20:23.000 UTC,0xb97ef9ef8734c71904d8002f8b6bc66dd9c48a6e,0x,0xffa4e6181777692565cf28528fc88fd1516ea86b56da075235fa575af6a4b855,0x000000000000000000000000b6f5ec1a0a9cd1526536d3f0426c429529471f40,,0xc1c0b22d0fd798825022b29bc79b96d55ab1c0f7b871febc9c227d84c3ecfa26
33356835,2023-08-01 13:35:22.000 UTC,0xb97ef9ef8734c71904d8002f8b6bc66dd9c48a6e,0x,0xffa4e6181777692565cf28528fc88fd1516ea86b56da075235fa575af6a4b855,0x000000000000000000000000d71c94052989e209ba713deb66e0a8f72b913b70,,0xd877991ab0163d4a762e94973a3de9e66bdf1a9d0dea2d0491fc8118a9a7a9b8
34318541,2023-08-24 12:09:59.000 UTC,0xb97ef9ef8734c71904d8002f8b6bc66dd9c48a6e,0x,0xffa4e6181777692565cf28528fc88fd1516ea86b56da075235fa575af6a4b855,0x000000000000000000000000dcbeffbecce100cce9e4b153c4e15cb885643193,,0xdc543d48e05f631d31e68d92cdcc9a2a6b5d59333fd93843d6c4f15e7dc103c9
34318570,2023-08-24 12:10:56.000 UTC,0xb97ef9ef8734c71904d8002f8b6bc66dd9c48a6e,0x,0xffa4e6181777692565cf28528fc88fd1516ea86b56da075235fa575af6a4b855,0x0000000000000000000000005f48c2a71b2cc96e3f0ccae4e39318ff0dc375b2,,0xad06e04cd7f5299678fd84165d3361300a6577edf5803a8efab557f37057dc9e
34318600,2023-08-24 12:12:00.000 UTC,0xb97ef9ef8734c71904d8002f8b6bc66dd9c48a6e,0x,0xffa4e6181777692565cf28528fc88fd1516ea86b56da075235fa575af6a4b855,0x0000000000000000000000005a7a51bfb49f190e5a6060a5bc6052ac14a3b59f,,0xfd4f9a639d2322a9d699b32685936bcb5e2da5239eeb803b54760fbb31ad1321
34318613,2023-08-24 12:12:25.000 UTC,0xb97ef9ef8734c71904d8002f8b6bc66dd9c48a6e,0x,0xffa4e6181777692565cf28528fc88fd1516ea86b56da075235fa575af6a4b855,0x000000000000000000000000ed6e0a7e4ac94d976eebfb82ccf777a3c6bad921,,0xdb207aadee08424e305e6dccd26e71c91543c3b2a6374b4ec7fc8b5838eeaf68
34318627,2023-08-24 12:12:55.000 UTC,0xb97ef9ef8734c71904d8002f8b6bc66dd9c48a6e,0x,0xffa4e6181777692565cf28528fc88fd1516ea86b56da075235fa575af6a4b855,0x000000000000000000000000797d7ae72ebddcdea2a346c1834e04d1f8df102b,,0x280122dff53fbea1cf5db91e946d65a6e475bb8c8ea88dd23304c8cf7c0a31af
34318639,2023-08-24 12:13:20.000 UTC,0xb97ef9ef8734c71904d8002f8b6bc66dd9c48a6e,0x,0xffa4e6181777692565cf28528fc88fd1516ea86b56da075235fa575af6a4b855,0x000000000000000000000000931546d9e66836abf687d2bc64b30407bac8c568,,0x2c88ac21e7722a084dad3a03ce2cd30dcafd1b5ec002a22db128c845ec88267a
34318657,2023-08-24 12:13:56.000 UTC,0xb97ef9ef8734c71904d8002f8b6bc66dd9c48a6e,0x,0xffa4e6181777692565cf28528fc88fd1516ea86b56da075235fa575af6a4b855,0x00000000000000000000000043fa21d92141ba9db43052492e0deee5aa5f0a93,,0xeb0611e15e8df08ed62aa8536c0a32b2ef057fc4661f028bd817f6688c85e139
34318675,2023-08-24 12:14:34.000 UTC,0xb97ef9ef8734c71904d8002f8b6bc66dd9c48a6e,0x,0xffa4e6181777692565cf28528fc88fd1516ea86b56da075235fa575af6a4b855,0x0000000000000000000000006be0ae71e6c41f2f9d0d1a3b8d0f75e6f6a0b46e,,0x98674658632ffd337f74c836c0d8d6c1843412af38eda622490606ae80ff1165
35709467,2023-09-27 03:41:42.000 UTC,0xb97ef9ef8734c71904d8002f8b6bc66dd9c48a6e,0x,0xffa4e6181777692565cf28528fc88fd1516ea86b56da075235fa575af6a4b855,0x0000000000000000000000009c2bc757b66f24d60f016b6237f8cdd414a879fa,,0x260964860c9be3c9422360c0b00a522e604bacadb50d4fb457dcaa073f6aadb0
36000903,2023-10-04 01:30:11.000 UTC,0xb97ef9ef8734c71904d8002f8b6bc66dd9c48a6e,0x,0xffa4e6181777692565cf28528fc88fd1516ea86b56da075235fa575af6a4b855,0x000000000000000000000000530a64c0ce595026a4a556b703644228179e2d57,,0x5de49da5b9adb25c0d0d6ca59eb31d97917cb0814d0cac5a1535d90abb6be510
36000921,2023-10-04 01:30:47.000 UTC,0xb97ef9ef8734c71904d8002f8b6bc66dd9c48a6e,0x,0xffa4e6181777692565cf28528fc88fd1516ea86b56da075235fa575af6a4b855,0x0000000000000000000000002e13ea767da12f504ceaaaebe5950488498dc2d2,,0x329185f80e18c634c8552cadc6b05906863175e0d26ef130fdefde882dd2e98f
36000931,2023-10-04 01:31:07.000 UTC,0xb97ef9ef8734c71904d8002f8b6bc66dd9c48a6e,0x,0xffa4e6181777692565cf28528fc88fd1516ea86b56da075235fa575af6a4b855,0x0000000000000000000000007de5ab1914e241177344936dc33b4a8157c98248,,0xfdfc0a311a5c2626dbfe223861cff6a190cc6f0e58c561b9fa8c472ded63a8f4
36000941,2023-10-04 01:31:27.000 UTC,0xb97ef9ef8734c71904d8002f8b6bc66dd9c48a6e,0x,0xffa4e6181777692565cf28528fc88fd1516ea86b56da075235fa575af6a4b855,0x000000000000000000000000fac583c0cf07ea434052c49115a4682172ab6b4f,,0x52dcde532ad5901b366975778aebdab529608dd8531589140adb9a4d99a7a23a
36000955,2023-10-04 01:31:56.000 UTC,0xb97ef9ef8734c71904d8002f8b6bc66dd9c48a6e,0x,0xffa4e6181777692565cf28528fc88fd1516ea86b56da075235fa575af6a4b855,0x000000000000000000000000be5e683633ddd17d8a89b4e10860a0e426c5ed24,,0xcbd7262315124080b57474793502b77e20e2ad4e3f1dec32b84e2deec93b4f62
36000968,2023-10-04 01:32:21.000 UTC,0xb97ef9ef8734c71904d8002f8b6bc66dd9c48a6e,0x,0xffa4e6181777692565cf28528fc88fd1516ea86b56da075235fa575af6a4b855,0x000000000000000000000000961c5be54a2ffc17cf4cb021d863c42dacd47fc1,,0xe4f1b3e3d75cdcb2c96f2b15376638bb29068006a7c162a52edc5cff0c9ba78a
36000977,2023-10-04 01:32:39.000 UTC,0xb97ef9ef8734c71904d8002f8b6bc66dd9c48a6e,0x,0xffa4e6181777692565cf28528fc88fd1516ea86b56da075235fa575af6a4b855,0x000000000000000000000000a6cc8ab881debc3c9e8adb32549d0cbe614168c5,,0x9f13bc483c65f1d5b1ac088139204a70be4365235cf2bd56154969ca90564619
36000986,2023-10-04 01:32:57.000 UTC,0xb97ef9ef8734c71904d8002f8b6bc66dd9c48a6e,0x,0xffa4e6181777692565cf28528fc88fd1516ea86b56da075235fa575af6a4b855,0x000000000000000000000000983a81ca6fb1e441266d2fbcb7d8e530ac2e05a2,,0xf03d5e95016ef570f0ae78d0f6dcbb5b6484406a463a412b3b46716aa6ec9470
38452177,2023-11-30 21:39:37.000 UTC,0xb97ef9ef8734c71904d8002f8b6bc66dd9c48a6e,0x,0xffa4e6181777692565cf28528fc88fd1516ea86b56da075235fa575af6a4b855,0x00000000000000000000000021b743e73d63d300d986910681d45387880b334b,,0x049fc3cc632882a12abf97cbce2d3a2689fa2af1c8e364ee1b8a4c605587e0ca
38452257,2023-11-30 21:42:17.000 UTC,0xb97ef9ef8734c71904d8002f8b6bc66dd9c48a6e,0x,0x117e3210bb9aa7d9baff172026820255c6f6c30ba8999d1c2fd88e2848137c4e,0x00000000000000000000000021b743e73d63d300d986910681d45387880b334b,,0xc6c6418ab69ff5cb30527a31088559d12591de58745ed4579614cebb2ae58747
41338975,2024-02-06 21:09:24.000 UTC,0xb97ef9ef8734c71904d8002f8b6bc66dd9c48a6e,0x,0x117e3210bb9aa7d9baff172026820255c6f6c30ba8999d1c2fd88e2848137c4e,0x0000000000000000000000006acdfba02d390b97ac2b2d42a63e85293bcc160e,,0xc139c74da39f9fffd39a4b4fd1b9c3a5077f1ff4e6e243144b6438969d8877c7
41963756,2024-02-21 12:28:39.000 UTC,0xb97ef9ef8734c71904d8002f8b6bc66dd9c48a6e,0x,0xffa4e6181777692565cf28528fc88fd1516ea86b56da075235fa575af6a4b855,0x000000000000000000000000f3701f445b6bdafedbca97d1e477357839e4120d,,0x2dc91b5e0fc01adb1f2858aa47e4b713372fcef936999ecc9def7bac150e37cf
43187658,2024-03-21 12:37:41.000 UTC,0xb97ef9ef8734c71904d8002f8b6bc66dd9c48a6e,0x,0xffa4e6181777692565cf28528fc88fd1516ea86b56da075235fa575af6a4b855,0x0000000000000000000000002f04f39923a77430eca036e14ce44dbd11175747,,0xe9acb32b5d43c38270dba2bcc999da156977e2f5269e516bd32c1661c2c4bf9c
43187675,2024-03-21 12:38:15.000 UTC,0xb97ef9ef8734c71904d8002f8b6bc66dd9c48a6e,0x,0xffa4e6181777692565cf28528fc88fd1516ea86b56da075235fa575af6a4b855,0x0000000000000000000000007be6fe8c528273a3a072a538e12c08500bf4d328,,0xdc83243b5bb7aea0af38567de72fc430738a0f930e9bd47f8cd51a5f0360a571
43438010,2024-03-27 12:05:11.000 UTC,0xb97ef9ef8734c71904d8002f8b6bc66dd9c48a6e,0x,0xffa4e6181777692565cf28528fc88fd1516ea86b56da075235fa575af6a4b855,0x000000000000000000000000dda5554510366179ddb442b8a82bc737c3ac77c5,,0xdaf1701816b188f445303da48f0e60163c1b5342660f37a3d3b913d5da7b9f88
43454836,2024-03-27 21:41:33.000 UTC,0xb97ef9ef8734c71904d8002f8b6bc66dd9c48a6e,0x,0xffa4e6181777692565cf28528fc88fd1516ea86b56da075235fa575af6a4b855,0x000000000000000000000000175d44451403edf28469df03a9280c1197adb92c,,0xbed76ebdfca6bb7dca393fe03bd1cf8e17618b0db0e09550e2cd72ba9d966fd5
43454920,2024-03-27 21:44:23.000 UTC,0xb97ef9ef8734c71904d8002f8b6bc66dd9c48a6e,0x,0xffa4e6181777692565cf28528fc88fd1516ea86b56da075235fa575af6a4b855,0x0000000000000000000000004576847b1cf999843ba6620815e65a9c5e8a4021,,0x0a5f27d79d54081288564353c593c1faad6ec2d86e9090bf7bd29e807b85a007
43455000,2024-03-27 21:47:11.000 UTC,0xb97ef9ef8734c71904d8002f8b6bc66dd9c48a6e,0x,0xffa4e6181777692565cf28528fc88fd1516ea86b56da075235fa575af6a4b855,0x000000000000000000000000e950dc316b836e4eefb8308bf32bf7c72a1358ff,,0xed6f470cb4844a2ff3f558a196ab77a4d0ee8887b2352566448fc1547a309e65
43455074,2024-03-27 21:49:40.000 UTC,0xb97ef9ef8734c71904d8002f8b6bc66dd9c48a6e,0x,0xffa4e6181777692565cf28528fc88fd1516ea86b56da075235fa575af6a4b855,0x0000000000000000000000004ea7eefc2dcb250c1f069ecaf1e2ae3488059ac2,,0xfeef8cda9839eaa61b3c1b4d30cf6c4beb5d2bc0dc6d8d456f30922f7f4b1ed7
43455141,2024-03-27 21:51:56.000 UTC,0xb97ef9ef8734c71904d8002f8b6bc66dd9c48a6e,0x,0xffa4e6181777692565cf28528fc88fd1516ea86b56da075235fa575af6a4b855,0x000000000000000000000000c24ec5a84cae3d3418b34a1e30b3372c4b25bd0f,,0x5b5d16d52df4f23bf97af55fe5604c9d6995b200a0fed0592d980a210b0ca162
43455149,2024-03-27 21:52:15.000 UTC,0xb97ef9ef8734c71904d8002f8b6bc66dd9c48a6e,0x,0xffa4e6181777692565cf28528fc88fd1516ea86b56da075235fa575af6a4b855,0x00000000000000000000000021b8d56bda776bbe68655a16895afd96f5534fed,,0x23eed6b8550f0f828b94a1b8a009430c11879497649cfe079494c689816538ba
44820753,2024-04-29 16:57:24.000 UTC,0xb97ef9ef8734c71904d8002f8b6bc66dd9c48a6e,0x,0xffa4e6181777692565cf28528fc88fd1516ea86b56da075235fa575af6a4b855,0x0000000000000000000000006a1544f72a2a275715e8d5924e6d8a017f0e41ed,,0x41f6b94b890ae5d0b36d1cc12befff27bc897ebf76cb4acb20c013cbb7d54f5c
44919353,2024-05-02 02:24:08.000 UTC,0xb97ef9ef8734c71904d8002f8b6bc66dd9c48a6e,0x,0xffa4e6181777692565cf28528fc88fd1516ea86b56da075235fa575af6a4b855,0x00000000000000000000000019f8f2b0915daa12a3f5c9cf01df9e24d53794f7,,0xa65a8225914d767e2b08231f669d9b91a5cca3deee9adda9d9b2d1275a14eb20
44919452,2024-05-02 02:27:38.000 UTC,0xb97ef9ef8734c71904d8002f8b6bc66dd9c48a6e,0x,0xffa4e6181777692565cf28528fc88fd1516ea86b56da075235fa575af6a4b855,0x0000000000000000000000003e14d41891a30ac7473556d7c3256a5ddf9ef1aa,,0xf8f65d0adb2672e087da4c1a23d7b9fe474df5b893a279bc31fa56ced429f82e
46027333,2024-05-29 01:43:52.000 UTC,0xb97ef9ef8734c71904d8002f8b6bc66dd9c48a6e,0x,0xffa4e6181777692565cf28528fc88fd1516ea86b56da075235fa575af6a4b855,0x000000000000000000000000e1d865c3d669dcc8c57c8d023140cb204e672ee4,,0x812f7f7f5ef24e28442057b2bbb0e68babfecb95c6b6ee4855b1976ff224a3b2
46027333,2024-05-29 01:43:52.000 UTC,0xb97ef9ef8734c71904d8002f8b6bc66dd9c48a6e,0x,0xffa4e6181777692565cf28528fc88fd1516ea86b56da075235fa575af6a4b855,0x0000000000000000000000000e6b8e34dc115a2848f585851af23d99d09b8463,,0x97f1b9dce273e2779dd2d19e5ab4913051dc0b3c4270befbf8316e44e593caa6
46607288,2024-06-12 02:33:05.000 UTC,0xb97ef9ef8734c71904d8002f8b6bc66dd9c48a6e,0x,0xffa4e6181777692565cf28528fc88fd1516ea86b56da075235fa575af6a4b855,0x00000000000000000000000087b5d4b7ac3ab28a17a1beeb80c7b4eed79e2ffe,,0xeaab81e2da2c49170a163a6816efb5f0cd11a21c894c624f5f9c4828acf066e7
48067114,2024-07-17 03:29:45.000 UTC,0xb97ef9ef8734c71904d8002f8b6bc66dd9c48a6e,0x,0x117e3210bb9aa7d9baff172026820255c6f6c30ba8999d1c2fd88e2848137c4e,0x00000000000000000000000087b5d4b7ac3ab28a17a1beeb80c7b4eed79e2ffe,,0x2862a802f7e6161318f513bcbfb88967658f4fc1f52b485a3dccf9c58a2f9df8
49637264,2024-08-24 02:12:16.000 UTC,0xb97ef9ef8734c71904d8002f8b6bc66dd9c48a6e,0x,0xffa4e6181777692565cf28528fc88fd1516ea86b56da075235fa575af6a4b855,0x00000000000000000000000071d2e218a56a1c0c12e1ff4b4c2731a1c3a4f4ce,,0x87b0e4a4028e29702171d6abb3f093bd3d436ffdea2418c74981aa8d634f28ab
50508650,2024-09-14 04:07:40.000 UTC,0xb97ef9ef8734c71904d8002f8b6bc66dd9c48a6e,0x,0xffa4e6181777692565cf28528fc88fd1516ea86b56da075235fa575af6a4b855,0x000000000000000000000000290b6ebbdca04ee984fb8617e1b92deea23052e3,,0x0822d8a9ef9e89367d173e9626f699a57cb3cef1550ee72c165e492ec4f7a516
51044556,2024-09-27 02:52:17.000 UTC,0xb97ef9ef8734c71904d8002f8b6bc66dd9c48a6e,0x,0xffa4e6181777692565cf28528fc88fd1516ea86b56da075235fa575af6a4b855,0x0000000000000000000000000931ca4d13bb4ba75d9b7132ab690265d749a5e7,,0xa951b975d925879307a67dfcd1e3569048aded1fa189305f77467ac4b414e850
51044600,2024-09-27 02:53:50.000 UTC,0xb97ef9ef8734c71904d8002f8b6bc66dd9c48a6e,0x,0xffa4e6181777692565cf28528fc88fd1516ea86b56da075235fa575af6a4b855,0x000000000000000000000000bff703730a21167e430ff151128592a98786b9b4,,0xc92b848190493f4d2d1f22674bcc1276fa1bd13419f696b91f3890a5588734aa
53946083,2024-12-05 05:41:10.000 UTC,0xb97ef9ef8734c71904d8002f8b6bc66dd9c48a6e,0x,0xffa4e6181777692565cf28528fc88fd1516ea86b56da075235fa575af6a4b855,0x000000000000000000000000282ae5965fe400f3cb929182e0963f3794df01fc,,0x868c5f309a75157eb8acf32d075535b01d5a9211727ee26eeffbaf3b103a697c
53946219,2024-12-05 05:45:57.000 UTC,0xb97ef9ef8734c71904d8002f8b6bc66dd9c48a6e,0x,0xffa4e6181777692565cf28528fc88fd1516ea86b56da075235fa575af6a4b855,0x0000000000000000000000001999ef52700c34de7ec2b68a28aafb37db0c5ade,,0xbd2eca74bcd9c78fe4f6c6120f9087c9751182826f1154300973d54ae16797c5
54600306,2024-12-20 03:48:28.000 UTC,0xb97ef9ef8734c71904d8002f8b6bc66dd9c48a6e,0x,0xffa4e6181777692565cf28528fc88fd1516ea86b56da075235fa575af6a4b855,0x000000000000000000000000721537670ae01aa0d60585457b7534025b0041ac,,0x911271f1cce748165ffa936ed0cf8f7cc7b1ed2a73800edc4f676d05195ffcc3
54600324,2024-12-20 03:49:01.000 UTC,0xb97ef9ef8734c71904d8002f8b6bc66dd9c48a6e,0x,0xffa4e6181777692565cf28528fc88fd1516ea86b56da075235fa575af6a4b855,0x00000000000000000000000054b475ef92f861975945954bfa1080dda9cd346e,,0xe9d26f3a18d6ca65dc0e0a804d157f27c71de8a8728bf7b93a8a0e597b32cb3e
54600337,2024-12-20 03:49:26.000 UTC,0xb97ef9ef8734c71904d8002f8b6bc66dd9c48a6e,0x,0xffa4e6181777692565cf28528fc88fd1516ea86b56da075235fa575af6a4b855,0x000000000000000000000000d19df746fd2a145588b3a22672bacfd2e5454f61,,0xc476886c4083e33395f95e02678b27fdde2f015e89e19a120285b255c6d468f4
54600381,2024-12-20 03:50:55.000 UTC,0xb97ef9ef8734c71904d8002f8b6bc66dd9c48a6e,0x,0xffa4e6181777692565cf28528fc88fd1516ea86b56da075235fa575af6a4b855,0x000000000000000000000000bc92595dd3e8f5092471c99b9084a72d333c7d07,,0xae0b5adc0d83750c77728e952431a043469124b788b24dc45a5e03abca83550f
54600393,2024-12-20 03:51:20.000 UTC,0xb97ef9ef8734c71904d8002f8b6bc66dd9c48a6e,0x,0xffa4e6181777692565cf28528fc88fd1516ea86b56da075235fa575af6a4b855,0x0000000000000000000000003a0245de38273e7852dce97de3bae18c0010013e,,0x5fed075c62b824b0bb9251b5a7f00e28eac435d507e0e7296883053f5338e3a7
57820083,2025-02-24 22:28:08.000 UTC,0xb97ef9ef8734c71904d8002f8b6bc66dd9c48a6e,0x,0xffa4e6181777692565cf28528fc88fd1516ea86b56da075235fa575af6a4b855,0x000000000000000000000000002471b8a185f9980708d0eaec5b289714f56f8d,,0x11c102904a3ed94c9e4e8fda78fefdbdb808ec921f6d1c8626bb44f0e0e9a0c4
57820109,2025-02-24 22:29:08.000 UTC,0xb97ef9ef8734c71904d8002f8b6bc66dd9c48a6e,0x,0xffa4e6181777692565cf28528fc88fd1516ea86b56da075235fa575af6a4b855,0x0000000000000000000000003051ca7cb7f6c599fa2f27385ad75010cf0f2bbf,,0x077854921f5393ac50507c2539952115dd166f26593ba844f5fde1b198f6c697
57820125,2025-02-24 22:29:40.000 UTC,0xb97ef9ef8734c71904d8002f8b6bc66dd9c48a6e,0x,0xffa4e6181777692565cf28528fc88fd1516ea86b56da075235fa575af6a4b855,0x0000000000000000000000000078ef2d7baf87bf6c4ca49b19efd1e05f57ac30,,0x4e6c0783a6cfd71c156443f845a5e3d9f3008298ad53e17de18a449a5fd0380d
59060324,2025-03-22 00:48:16.000 UTC,0xb97ef9ef8734c71904d8002f8b6bc66dd9c48a6e,0x,0x117e3210bb9aa7d9baff172026820255c6f6c30ba8999d1c2fd88e2848137c4e,0x0000000000000000000000008589427373d6d84e98730d7795d8f6f8731fda16,,0x137871adc74cc5a0846be33fbe5f1e334997580031de5cda1c50264c1bc468dc
59060326,2025-03-22 00:48:22.000 UTC,0xb97ef9ef8734c71904d8002f8b6bc66dd9c48a6e,0x,0x117e3210bb9aa7d9baff172026820255c6f6c30ba8999d1c2fd88e2848137c4e,0x000000000000000000000000722122df12d4e14e13ac3b6895a86e84145b6967,,0xb47cba49859b94ccf525a6086ff8614603475caa0f20b0770057f2f6f48d4e36
59060329,2025-03-22 00:48:25.000 UTC,0xb97ef9ef8734c71904d8002f8b6bc66dd9c48a6e,0x,0x117e3210bb9aa7d9baff172026820255c6f6c30ba8999d1c2fd88e2848137c4e,0x000000000000000000000000dd4c48c0b24039969fc16d1cdf626eab821d3384,,0x61b1f1e2d7411c0fb93fb4769df1c7b98b234302f9f8da5ec1eabdc101c71880
59060330,2025-03-22 00:48:28.000 UTC,0xb97ef9ef8734c71904d8002f8b6bc66dd9c48a6e,0x,0x117e3210bb9aa7d9baff172026820255c6f6c30ba8999d1c2fd88e2848137c4e,0x000000000000000000000000d90e2f925da726b50c4ed8d0fb90ad053324f31b,,0x3da62b3f311083b3e3a445646d5cd41a5af94fe59f7a83981377d3791db574c5
59060332,2025-03-22 00:48:31.000 UTC,0xb97ef9ef8734c71904d8002f8b6bc66dd9c48a6e,0x,0x117e3210bb9aa7d9baff172026820255c6f6c30ba8999d1c2fd88e2848137c4e,0x000000000000000000000000d96f2b1c14db8458374d9aca76e26c3d18364307,,0x0f229874214235abd1b535d9c8f3b8cef7584cb027a7f46cef0b0ca416d6ce43
59060336,2025-03-22 00:48:38.000 UTC,0xb97ef9ef8734c71904d8002f8b6bc66dd9c48a6e,0x,0x117e3210bb9aa7d9baff172026820255c6f6c30ba8999d1c2fd88e2848137c4e,0x0000000000000000000000004736dcf1b7a3d580672cce6e7c65cd5cc9cfba9d,,0x509559723769b600d6a3913760f1ab1b22354730dd7f02cbe3b6a0661abcb88d
59060341,2025-03-22 00:48:44.000 UTC,0xb97ef9ef8734c71904d8002f8b6bc66dd9c48a6e,0x,0x117e3210bb9aa7d9baff172026820255c6f6c30ba8999d1c2fd88e2848137c4e,0x000000000000000000000000d4b88df4d29f5cedd6857912842cff3b20c8cfa3,,0x72bcabb4c687f663039497d352a4b6aef1ea3d14ec49c80fbe2503cf3ef06b24
59060342,2025-03-22 00:48:47.000 UTC,0xb97ef9ef8734c71904d8002f8b6bc66dd9c48a6e,0x,0x117e3210bb9aa7d9baff172026820255c6f6c30ba8999d1c2fd88e2848137c4e,0x000000000000000000000000910cbd523d972eb0a6f4cae4618ad62622b39dbf,,0xff79bd9b790896ae87157e0149f43d931c34f54ee491a5bf812ea593f532984f
59060344,2025-03-22 00:48:50.000 UTC,0xb97ef9ef8734c71904d8002f8b6bc66dd9c48a6e,0x,0x117e3210bb9aa7d9baff172026820255c6f6c30ba8999d1c2fd88e2848137c4e,0x000000000000000000000000a160cdab225685da1d56aa342ad8841c3b53f291,,0xa57f119af82926018b296f44f0906be29daa31ac8a54a3afb9d6b8d2113e9759
59062319,2025-03-22 01:58:19.000 UTC,0xb97ef9ef8734c71904d8002f8b6bc66dd9c48a6e,0x,0x117e3210bb9aa7d9baff172026820255c6f6c30ba8999d1c2fd88e2848137c4e,0x000000000000000000000000fd8610d20aa15b7b2e3be39b396a1bc3516c7144,,0xfd61bb9d47d85d985c3a22872e2102c2d7c48a61d419d49ab17ca2e6b8cd33e8
59062322,2025-03-22 01:58:22.000 UTC,0xb97ef9ef8734c71904d8002f8b6bc66dd9c48a6e,0x,0x117e3210bb9aa7d9baff172026820255c6f6c30ba8999d1c2fd88e2848137c4e,0x000000000000000000000000f60dd140cff0706bae9cd734ac3ae76ad9ebc32a,,0xd3b9a43e136b259f8217e617dd1bafd04831bf37ba4a868d4ed6ad37dc9a529f
59062323,2025-03-22 01:58:23.000 UTC,0xb97ef9ef8734c71904d8002f8b6bc66dd9c48a6e,0x,0x117e3210bb9aa7d9baff172026820255c6f6c30ba8999d1c2fd88e2848137c4e,0x00000000000000000000000022aaa7720ddd5388a3c0a3333430953c68f1849b,,0x7bb6ccd813ec3bc96acf6adef8ae385df82aeeb4df8a40833360ebd049074030
59062324,2025-03-22 01:58:25.000 UTC,0xb97ef9ef8734c71904d8002f8b6bc66dd9c48a6e,0x,0x117e3210bb9aa7d9baff172026820255c6f6c30ba8999d1c2fd88e2848137c4e,0x000000000000000000000000ba214c1c1928a32bffe790263e38b4af9bfcd659,,0xdfc34fad428ee9e9b710403233c2c732bb5a6b941192966d6a5ec3636b64f100
59062325,2025-03-22 01:58:40.000 UTC,0xb97ef9ef8734c71904d8002f8b6bc66dd9c48a6e,0x,0x117e3210bb9aa7d9baff172026820255c6f6c30ba8999d1c2fd88e2848137c4e,0x000000000000000000000000b1c8094b234dce6e03f10a5b673c1d8c69739a00,,0x1e507577cce5b92107bb21ce8129f1753b3115f9155f3040ac1ccc3161977fce
59062327,2025-03-22 01:58:43.000 UTC,0xb97ef9ef8734c71904d8002f8b6bc66dd9c48a6e,0x,0x117e3210bb9aa7d9baff172026820255c6f6c30ba8999d1c2fd88e2848137c4e,0x000000000000000000000000527653ea119f3e6a1f5bd18fbf4714081d7b31ce,,0xc5ed7a8cc0d524a1a4a46844949464241362d080f65241af8129f369d332c012
59062328,2025-03-22 01:58:44.000 UTC,0xb97ef9ef8734c71904d8002f8b6bc66dd9c48a6e,0x,0x117e3210bb9aa7d9baff172026820255c6f6c30ba8999d1c2fd88e2848137c4e,0x00000000000000000000000058e8dcc13be9780fc42e8723d8ead4cf46943df2,,0x6b8252b16d2b6a5a78b1818eadda98db03c74ae69f28b0b4a16c858b637003a4
59062329,2025-03-22 01:58:49.000 UTC,0xb97ef9ef8734c71904d8002f8b6bc66dd9c48a6e,0x,0x117e3210bb9aa7d9baff172026820255c6f6c30ba8999d1c2fd88e2848137c4e,0x000000000000000000000000d691f27f38b395864ea86cfc7253969b409c362d,,0xddf7444cdd6bb8fc739925e6abcadf246bf2d661ff3aa0fca8f0d86056d308fa
59062331,2025-03-22 01:58:51.000 UTC,0xb97ef9ef8734c71904d8002f8b6bc66dd9c48a6e,0x,0x117e3210bb9aa7d9baff172026820255c6f6c30ba8999d1c2fd88e2848137c4e,0x000000000000000000000000aeaac358560e11f52454d997aaff2c5731b6f8a6,,0x89284c7bcc243a3185b740ded3206bb63d94b8fc90b3047510bf3a51cc5ed48a
59062333,2025-03-22 01:58:54.000 UTC,0xb97ef9ef8734c71904d8002f8b6bc66dd9c48a6e,0x,0x117e3210bb9aa7d9baff172026820255c6f6c30ba8999d1c2fd88e2848137c4e,0x0000000000000000000000001356c899d8c9467c7f71c195612f8a395abf2f0a,,0xbb2908d2068f0ec975c1cb837a80bda4b486cfa94f92531b5ad9ab23673e802c
59062334,2025-03-22 01:58:58.000 UTC,0xb97ef9ef8734c71904d8002f8b6bc66dd9c48a6e,0x,0x117e3210bb9aa7d9baff172026820255c6f6c30ba8999d1c2fd88e2848137c4e,0x000000000000000000000000a60c772958a3ed56c1f15dd055ba37ac8e523a0d,,0x28485fcc5fe738521611e41566b4aab18878af69fec89d0aaa060f9eb1ff2066
59062336,2025-03-22 01:59:01.000 UTC,0xb97ef9ef8734c71904d8002f8b6bc66dd9c48a6e,0x,0x117e3210bb9aa7d9baff172026820255c6f6c30ba8999d1c2fd88e2848137c4e,0x000000000000000000000000169ad27a470d064dede56a2d3ff727986b15d52b,,0xad7ab8e28db6c37ebe261cb9e2a3c297a3557942ef5fe918e6f296395d6ea236
59062337,2025-03-22 01:59:04.000 UTC,0xb97ef9ef8734c71904d8002f8b6bc66dd9c48a6e,0x,0x117e3210bb9aa7d9baff172026820255c6f6c30ba8999d1c2fd88e2848137c4e,0x0000000000000000000000000836222f2b2b24a3f36f98668ed8f0b38d1a872f,,0x78a61532b559e35df4e58f69748beb4264d501ecfc3c4ddfa41ebc5f5c2c0688
59062339,2025-03-22 01:59:08.000 UTC,0xb97ef9ef8734c71904d8002f8b6bc66dd9c48a6e,0x,0x117e3210bb9aa7d9baff172026820255c6f6c30ba8999d1c2fd88e2848137c4e,0x000000000000000000000000f67721a2d8f736e75a49fdd7fad2e31d8676542a,,0x14967d116ccd2d2c06554f41f1d1965b9dcaaefe6dcb5e1dd837acf6f55ee171
59062341,2025-03-22 01:59:11.000 UTC,0xb97ef9ef8734c71904d8002f8b6bc66dd9c48a6e,0x,0x117e3210bb9aa7d9baff172026820255c6f6c30ba8999d1c2fd88e2848137c4e,0x0000000000000000000000009ad122c22b14202b4490edaf288fdb3c7cb3ff5e,,0x23422e541e28aff7322fa1e977eaa1c03046b2038779b512fa7b3e68f67a51ff
59062343,2025-03-22 01:59:14.000 UTC,0xb97ef9ef8734c71904d8002f8b6bc66dd9c48a6e,0x,0x117e3210bb9aa7d9baff172026820255c6f6c30ba8999d1c2fd88e2848137c4e,0x00000000000000000000000007687e702b410fa43f4cb4af7fa097918ffd2730,,0x12891feab3f9671d9198db3a9c10c20a5e4ebb620b3a188afd4e8f68fc7bfb29
59062344,2025-03-22 01:59:16.000 UTC,0xb97ef9ef8734c71904d8002f8b6bc66dd9c48a6e,0x,0x117e3210bb9aa7d9baff172026820255c6f6c30ba8999d1c2fd88e2848137c4e,0x00000000000000000000000094a1b5cdb22c43faab4abeb5c74999895464ddaf,,0x4a355a3fe0423b77259ddc30506ff1c1865b1fa98f061dce8c43112698c9dd15
59062345,2025-03-22 01:59:18.000 UTC,0xb97ef9ef8734c71904d8002f8b6bc66dd9c48a6e,0x,0x117e3210bb9aa7d9baff172026820255c6f6c30ba8999d1c2fd88e2848137c4e,0x000000000000000000000000b541fc07bc7619fd4062a54d96268525cbc6ffef,,0x95d3218cd85a5c477018d0457ad38d6f15c04a88a163547d7676c586d7a677f4
59062348,2025-03-22 01:59:22.000 UTC,0xb97ef9ef8734c71904d8002f8b6bc66dd9c48a6e,0x,0x117e3210bb9aa7d9baff172026820255c6f6c30ba8999d1c2fd88e2848137c4e,0x00000000000000000000000012d66f87a04a9e220743712ce6d9bb1b5616b8fc,,0xf2718c58c9dfe2802a1da6be4fea14681f043ae637859e0537e4bc3a71f735c1
59062349,2025-03-22 01:59:24.000 UTC,0xb97ef9ef8734c71904d8002f8b6bc66dd9c48a6e,0x,0x117e3210bb9aa7d9baff172026820255c6f6c30ba8999d1c2fd88e2848137c4e,0x00000000000000000000000047ce0c6ed5b0ce3d3a51fdb1c52dc66a7c3c2936,,0xd723e6e2d3f79fa473dfe5595c65a331ff406e6e3c806327b81b498d017e53fa
59062350,2025-03-22 01:59:26.000 UTC,0xb97ef9ef8734c71904d8002f8b6bc66dd9c48a6e,0x,0x117e3210bb9aa7d9baff172026820255c6f6c30ba8999d1c2fd88e2848137c4e,0x00000000000000000000000023773e65ed146a459791799d01336db287f25334,,0x81e5e433e052804959f4a47d0f249ee4651f5f5c5806fba85e2d8dda92a57073
59062352,2025-03-22 01:59:29.000 UTC,0xb97ef9ef8734c71904d8002f8b6bc66dd9c48a6e,0x,0x117e3210bb9aa7d9baff172026820255c6f6c30ba8999d1c2fd88e2848137c4e,0x000000000000000000000000d21be7248e0197ee08e0c20d4a96debdac3d20af,,0x466ba5816ab81074301dc49d3df1cb9761958cbe566289117b3afb9b5dc9dfcb
59062353,2025-03-22 01:59:33.000 UTC,0xb97ef9ef8734c71904d8002f8b6bc66dd9c48a6e,0x,0x117e3210bb9aa7d9baff172026820255c6f6c30ba8999d1c2fd88e2848137c4e,0x000000000000000000000000610b717796ad172b316836ac95a2ffad065ceab4,,0x740be228224c856938619de05d84c3b8152b0f983bc0247d1bbeca460e55c977
59062356,2025-03-22 01:59:38.000 UTC,0xb97ef9ef8734c71904d8002f8b6bc66dd9c48a6e,0x,0x117e3210bb9aa7d9baff172026820255c6f6c30ba8999d1c2fd88e2848137c4e,0x000000000000000000000000178169b423a011fff22b9e3f3abea13414ddd0f1,,0x7884f8defcff447cdfda1bcd29bb6d12ce64b892cbeb3b7c1eaa2ee1e968e712
59062358,2025-03-22 01:59:41.000 UTC,0xb97ef9ef8734c71904d8002f8b6bc66dd9c48a6e,0x,0x117e3210bb9aa7d9baff172026820255c6f6c30ba8999d1c2fd88e2848137c4e,0x000000000000000000000000bb93e510bbcd0b7beb5a853875f9ec60275cf498,,0xdb221208cb269c7308caf9fe570ad9e91913ffd642c721ddaa2540750efec573
59062360,2025-03-22 01:59:45.000 UTC,0xb97ef9ef8734c71904d8002f8b6bc66dd9c48a6e,0x,0x117e3210bb9aa7d9baff172026820255c6f6c30ba8999d1c2fd88e2848137c4e,0x0000000000000000000000002717c5e28cf931547b621a5dddb772ab6a35b701,,0x61caff2022ecd8bb62fb052ae71a750bc6aacaf63ca0198a8ed17b615b763c2c
59062361,2025-03-22 01:59:48.000 UTC,0xb97ef9ef8734c71904d8002f8b6bc66dd9c48a6e,0x,0x117e3210bb9aa7d9baff172026820255c6f6c30ba8999d1c2fd88e2848137c4e,0x00000000000000000000000003893a7c7463ae47d46bc7f091665f1893656003,,0xce29f41604efcc30d606ff350d43c4ed623b9f7ed3100844d01abf5aff7bc9c6
59062362,2025-03-22 01:59:51.000 UTC,0xb97ef9ef8734c71904d8002f8b6bc66dd9c48a6e,0x,0x117e3210bb9aa7d9baff172026820255c6f6c30ba8999d1c2fd88e2848137c4e,0x000000000000000000000000ca0840578f57fe71599d29375e16783424023357,,0x76f59c96b2c36d77b8fdcbd2173638b5cf8f942998d90170313302a66680becd
59062364,2025-03-22 01:59:54.000 UTC,0xb97ef9ef8734c71904d8002f8b6bc66dd9c48a6e,0x,0x117e3210bb9aa7d9baff172026820255c6f6c30ba8999d1c2fd88e2848137c4e,0x00000000000000000000000001e2919679362dfbc9ee1644ba9c6da6d6245bb1,,0x3c7c2fca93b165859991993823a9bd57084282e110c4831dda8972c53b657a63
59062365,2025-03-22 01:59:56.000 UTC,0xb97ef9ef8734c71904d8002f8b6bc66dd9c48a6e,0x,0x117e3210bb9aa7d9baff172026820255c6f6c30ba8999d1c2fd88e2848137c4e,0x00000000000000000000000009193888b3f38c82dedfda55259a82c0e7de875e,,0xb82972c2822ed9315a43f281b66b0e152fa501e0358235a5701f56c812e99ca1
59062366,2025-03-22 02:00:01.000 UTC,0xb97ef9ef8734c71904d8002f8b6bc66dd9c48a6e,0x,0x117e3210bb9aa7d9baff172026820255c6f6c30ba8999d1c2fd88e2848137c4e,0x000000000000000000000000179f48c78f57a3a78f0608cc9197b8972921d1d2,,0x18c188a67426194f8ab281fd2d564965ec2ba140e3f58cd3db7f9daf88ce2b0d
59062367,2025-03-22 02:00:02.000 UTC,0xb97ef9ef8734c71904d8002f8b6bc66dd9c48a6e,0x,0x117e3210bb9aa7d9baff172026820255c6f6c30ba8999d1c2fd88e2848137c4e,0x0000000000000000000000002573bac39ebe2901b4389cd468f2872cf7767faf,,0x509e0e1abe83db96bc037d2f67f2b7b5b91ac1860c6e1ea509f25674d377de9e
59062369,2025-03-22 02:00:05.000 UTC,0xb97ef9ef8734c71904d8002f8b6bc66dd9c48a6e,0x,0x117e3210bb9aa7d9baff172026820255c6f6c30ba8999d1c2fd88e2848137c4e,0x00000000000000000000000026903a5a198d571422b2b4ea08b56a37cbd68c89,,0xfd0f50a5fc95c247a32d90ed38bab9e1b67c1ad1c1bef668a6a013a21e7eb141
59062371,2025-03-22 02:00:09.000 UTC,0xb97ef9ef8734c71904d8002f8b6bc66dd9c48a6e,0x,0x117e3210bb9aa7d9baff172026820255c6f6c30ba8999d1c2fd88e2848137c4e,0x0000000000000000000000002f50508a8a3d323b91336fa3ea6ae50e55f32185,,0x323d319a5600c3276e87cde74be0baf2e91e642bce8e0898aa4e9c8df9fb674c
59062372,2025-03-22 02:00:12.000 UTC,0xb97ef9ef8734c71904d8002f8b6bc66dd9c48a6e,0x,0x117e3210bb9aa7d9baff172026820255c6f6c30ba8999d1c2fd88e2848137c4e,0x0000000000000000000000002fc93484614a34f26f7970cbb94615ba109bb4bf,,0x8a6ba734f78963fc1158ef7f665e0cbc359e6b302c0aca72aaed2f3a1d5e80a4
59062374,2025-03-22 02:00:14.000 UTC,0xb97ef9ef8734c71904d8002f8b6bc66dd9c48a6e,0x,0x117e3210bb9aa7d9baff172026820255c6f6c30ba8999d1c2fd88e2848137c4e,0x0000000000000000000000003efa30704d2b8bbac821307230376556cf8cc39e,,0x3682c103c1cc9c7987bbb6f68ee0fbfcff90d817eea3041a3a68cb49f35b3fda
59062375,2025-03-22 02:00:15.000 UTC,0xb97ef9ef8734c71904d8002f8b6bc66dd9c48a6e,0x,0x117e3210bb9aa7d9baff172026820255c6f6c30ba8999d1c2fd88e2848137c4e,0x0000000000000000000000005cab7692d4e94096462119ab7bf57319726eed2a,,0x4ec26e37ac5e816f470f166f0c3a194b47316dd39749651c4467ac13d1e3f0dd
59062376,2025-03-22 02:00:17.000 UTC,0xb97ef9ef8734c71904d8002f8b6bc66dd9c48a6e,0x,0x117e3210bb9aa7d9baff172026820255c6f6c30ba8999d1c2fd88e2848137c4e,0x0000000000000000000000005efda50f22d34f262c29268506c5fa42cb56a1ce,,0x740b13150f416df9554b74dca8b13fe82342ca882113cae5036781c16cceef4e
59062377,2025-03-22 02:00:19.000 UTC,0xb97ef9ef8734c71904d8002f8b6bc66dd9c48a6e,0x,0x117e3210bb9aa7d9baff172026820255c6f6c30ba8999d1c2fd88e2848137c4e,0x0000000000000000000000005f6c97c6ad7bdd0ae7e0dd4ca33a4ed3fdabd4d7,,0x10d9791fe0174dd6f0a48bd6e940e198d7860e5a173c34bc5ef2c59891023010
59062378,2025-03-22 02:00:21.000 UTC,0xb97ef9ef8734c71904d8002f8b6bc66dd9c48a6e,0x,0x117e3210bb9aa7d9baff172026820255c6f6c30ba8999d1c2fd88e2848137c4e,0x000000000000000000000000653477c392c16b0765603074f157314cc4f40c32,,0x7fd5a7eee195dc97b87810b5d1f63b2a7c719b3daf1b19984fbf3ffa38c79504
59062379,2025-03-22 02:00:22.000 UTC,0xb97ef9ef8734c71904d8002f8b6bc66dd9c48a6e,0x,0x117e3210bb9aa7d9baff172026820255c6f6c30ba8999d1c2fd88e2848137c4e,0x000000000000000000000000746aebc06d2ae31b71ac51429a19d54e797878e9,,0xb7f28efdeb06f862a10bc009e8f5eed2ef09ca9e0e17acf8cfe5d4ed6cafcdb6
59062381,2025-03-22 02:00:25.000 UTC,0xb97ef9ef8734c71904d8002f8b6bc66dd9c48a6e,0x,0x117e3210bb9aa7d9baff172026820255c6f6c30ba8999d1c2fd88e2848137c4e,0x000000000000000000000000756c4628e57f7e7f8a459ec2752968360cf4d1aa,,0xdf95e6ce13a721bcbeba440d353ca83bdbf5d5cf8426fecac02a622c8d8ad385
59062382,2025-03-22 02:00:27.000 UTC,0xb97ef9ef8734c71904d8002f8b6bc66dd9c48a6e,0x,0x117e3210bb9aa7d9baff172026820255c6f6c30ba8999d1c2fd88e2848137c4e,0x00000000000000000000000077777feddddffc19ff86db637967013e6c6a116c,,0x5a0a8f069ac0b629e579ed6b44f5197adaa37a7a9199993d790d06f984746475
59062383,2025-03-22 02:00:29.000 UTC,0xb97ef9ef8734c71904d8002f8b6bc66dd9c48a6e,0x,0x117e3210bb9aa7d9baff172026820255c6f6c30ba8999d1c2fd88e2848137c4e,0x00000000000000000000000088fd245fedec4a936e700f9173454d1931b4c307,,0xfd9d3f0848a6384045b9acb301272e1c13239fdb994d40518f34b65a2868b99a
59062385,2025-03-22 02:00:31.000 UTC,0xb97ef9ef8734c71904d8002f8b6bc66dd9c48a6e,0x,0x117e3210bb9aa7d9baff172026820255c6f6c30ba8999d1c2fd88e2848137c4e,0x00000000000000000000000094c92f096437ab9958fc0a37f09348f30389ae79,,0xcbf4d89e5512667a1f80cf22d2d581ec816e86f8c613d57dc6b92210ce1b0487
59062386,2025-03-22 02:00:33.000 UTC,0xb97ef9ef8734c71904d8002f8b6bc66dd9c48a6e,0x,0x117e3210bb9aa7d9baff172026820255c6f6c30ba8999d1c2fd88e2848137c4e,0x000000000000000000000000b04e030140b30c27bcdfaafffa98c57d80eda7b4,,0x07649c982f553e37e9e427004c27bdd904dbfb8c5fe925829983c4a08ed4c6f4
59062388,2025-03-22 02:00:37.000 UTC,0xb97ef9ef8734c71904d8002f8b6bc66dd9c48a6e,0x,0x117e3210bb9aa7d9baff172026820255c6f6c30ba8999d1c2fd88e2848137c4e,0x000000000000000000000000b20c66c4de72433f3ce747b58b86830c459ca911,,0xb0f4bcb2ace38d019d9fe827a8177ef525e8fc30407d8a7552ef2331dfa337ed
59062389,2025-03-22 02:00:39.000 UTC,0xb97ef9ef8734c71904d8002f8b6bc66dd9c48a6e,0x,0x117e3210bb9aa7d9baff172026820255c6f6c30ba8999d1c2fd88e2848137c4e,0x000000000000000000000000cee71753c9820f063b38fdbe4cfdaf1d3d928a80,,0x3cbe4191dd26b2c1c04449aac6c7035f714a259c45353c1fdce72c90a4218885
59062391,2025-03-22 02:00:41.000 UTC,0xb97ef9ef8734c71904d8002f8b6bc66dd9c48a6e,0x,0x117e3210bb9aa7d9baff172026820255c6f6c30ba8999d1c2fd88e2848137c4e,0x000000000000000000000000d82ed8786d7c69dc7e052f7a542ab047971e73d2,,0xc5e0159701a55b01a2f87a6f596eeb61ba9f7b26c5ed8b6b6a74ad9ae60a45a2
59062394,2025-03-22 02:00:44.000 UTC,0xb97ef9ef8734c71904d8002f8b6bc66dd9c48a6e,0x,0x117e3210bb9aa7d9baff172026820255c6f6c30ba8999d1c2fd88e2848137c4e,0x000000000000000000000000f4b067dd14e95bab89be928c07cb22e3c94e0daa,,0xce3445b46d6cea7d10f88e21631331efdcf49eed3077c46b868d0d5eaa831756
59062397,2025-03-22 02:00:47.000 UTC,0xb97ef9ef8734c71904d8002f8b6bc66dd9c48a6e,0x,0x117e3210bb9aa7d9baff172026820255c6f6c30ba8999d1c2fd88e2848137c4e,0x000000000000000000000000ffbac21a641dcfe4552920138d90f3638b3c9fba,,0x31ccad95969b89d606dcd1e3766455920647c9dd90ad3b398135555a3c2b702e
59062398,2025-03-22 02:00:50.000 UTC,0xb97ef9ef8734c71904d8002f8b6bc66dd9c48a6e,0x,0x117e3210bb9aa7d9baff172026820255c6f6c30ba8999d1c2fd88e2848137c4e,0x000000000000000000000000d692fd2d0b2fbd2e52cfa5b5b9424bc981c30696,,0x51c9cc24c04f88aed42d6b396ed9d5b72b616f47eae34366b47f5b0431327d86
59062400,2025-03-22 02:00:56.000 UTC,0xb97ef9ef8734c71904d8002f8b6bc66dd9c48a6e,0x,0x117e3210bb9aa7d9baff172026820255c6f6c30ba8999d1c2fd88e2848137c4e,0x000000000000000000000000d8d7de3349ccaa0fde6298fe6d7b7d0d34586193,,0x15d6300b7770884e711625d6a6f3ee05794b58263cc791614129d0c95d1604a5
59062405,2025-03-22 02:01:10.000 UTC,0xb97ef9ef8734c71904d8002f8b6bc66dd9c48a6e,0x,0x117e3210bb9aa7d9baff172026820255c6f6c30ba8999d1c2fd88e2848137c4e,0x000000000000000000000000df3a408c53e5078af6e8fb2a85088d46ee09a61b,,0x938386d884362ec8f149e8fbcd4125383d7f90091104ca9f13388f38d297736e
59062409,2025-03-22 02:01:14.000 UTC,0xb97ef9ef8734c71904d8002f8b6bc66dd9c48a6e,0x,0x117e3210bb9aa7d9baff172026820255c6f6c30ba8999d1c2fd88e2848137c4e,0x0000000000000000000000001e34a77868e19a6647b1f2f47b51ed72dede95dd,,0x08511a3e287ec28e86a8a337b088cfe1ea7a3a9bf93c8f20cb421bc5a2880383
59062413,2025-03-22 02:01:18.000 UTC,0xb97ef9ef8734c71904d8002f8b6bc66dd9c48a6e,0x,0x117e3210bb9aa7d9baff172026820255c6f6c30ba8999d1c2fd88e2848137c4e,0x00000000000000000000000023173fe8b96a4ad8d2e17fb83ea5dcccdca1ae52,,0x07340556154c73faa0182965ca9a2ea516570c42e0923d391767aeedd45c1b3d
59062417,2025-03-22 02:01:26.000 UTC,0xb97ef9ef8734c71904d8002f8b6bc66dd9c48a6e,0x,0x117e3210bb9aa7d9baff172026820255c6f6c30ba8999d1c2fd88e2848137c4e,0x000000000000000000000000242654336ca2205714071898f67e254eb49acdce,,0xfec958355d8d3a2af850cde0b3ff354817c8146c959fab039a51e749faba47e1
59062418,2025-03-22 02:01:31.000 UTC,0xb97ef9ef8734c71904d8002f8b6bc66dd9c48a6e,0x,0x117e3210bb9aa7d9baff172026820255c6f6c30ba8999d1c2fd88e2848137c4e,0x000000000000000000000000330bdfade01ee9bf63c209ee33102dd334618e0a,,0xa215e284ae77d2b4847bc04dc4c81d9ac1d72cebf14ff013dbdfb2be50788606
59062423,2025-03-22 02:01:37.000 UTC,0xb97ef9ef8734c71904d8002f8b6bc66dd9c48a6e,0x,0x117e3210bb9aa7d9baff172026820255c6f6c30ba8999d1c2fd88e2848137c4e,0x0000000000000000000000003aac1cc67c2ec5db4ea850957b967ba153ad6279,,0x6e95a132489bbba8caf501e95839c57a304dd8e3ec4b6d3d8a1f91aeb6b39041
59062426,2025-03-22 02:01:41.000 UTC,0xb97ef9ef8734c71904d8002f8b6bc66dd9c48a6e,0x,0x117e3210bb9aa7d9baff172026820255c6f6c30ba8999d1c2fd88e2848137c4e,0x000000000000000000000000407cceeaa7c95d2fe2250bf9f2c105aa7aafb512,,0xe3671450ea4416dcb68d36a8f5dab450493c785ed70f766ebf981fb3b72ea325
59062430,2025-03-22 02:01:45.000 UTC,0xb97ef9ef8734c71904d8002f8b6bc66dd9c48a6e,0x,0x117e3210bb9aa7d9baff172026820255c6f6c30ba8999d1c2fd88e2848137c4e,0x000000000000000000000000538ab61e8a9fc1b2f93b3dd9011d662d89be6fe6,,0x07a6c82649591adc142855efa7fbdcaab7caaf427b759c445932b84204723132
59062431,2025-03-22 02:01:48.000 UTC,0xb97ef9ef8734c71904d8002f8b6bc66dd9c48a6e,0x,0x117e3210bb9aa7d9baff172026820255c6f6c30ba8999d1c2fd88e2848137c4e,0x00000000000000000000000057b2b8c82f065de8ef5573f9730fc1449b403c9f,,0x4a7c669012116e629f270d9ad0bc5a46727e8e2e7116dabe19eea87cdb28427f
59062432,2025-03-22 02:01:50.000 UTC,0xb97ef9ef8734c71904d8002f8b6bc66dd9c48a6e,0x,0x117e3210bb9aa7d9baff172026820255c6f6c30ba8999d1c2fd88e2848137c4e,0x0000000000000000000000006bf694a291df3fec1f7e69701e3ab6c592435ae7,,0x0cfa704c3560c82be84004ffaa45bc0fc8d430a77d7e7f968dd89f061c030625
59062433,2025-03-22 02:01:52.000 UTC,0xb97ef9ef8734c71904d8002f8b6bc66dd9c48a6e,0x,0x117e3210bb9aa7d9baff172026820255c6f6c30ba8999d1c2fd88e2848137c4e,0x000000000000000000000000723b78e67497e85279cb204544566f4dc5d2aca0,,0x4b415c84776d3131a999a7cfb8ffaf40159154fcc20760668b3587aa71d2b97f
59062434,2025-03-22 02:01:57.000 UTC,0xb97ef9ef8734c71904d8002f8b6bc66dd9c48a6e,0x,0x117e3210bb9aa7d9baff172026820255c6f6c30ba8999d1c2fd88e2848137c4e,0x000000000000000000000000743494b60097a2230018079c02fe21a7b687eaa5,,0xab0d61fed52bd0590c754210c78495674e2259d33784fc68acd35cbc19b3ea7a
59062435,2025-03-22 02:01:58.000 UTC,0xb97ef9ef8734c71904d8002f8b6bc66dd9c48a6e,0x,0x117e3210bb9aa7d9baff172026820255c6f6c30ba8999d1c2fd88e2848137c4e,0x00000000000000000000000076d85b4c0fc497eecc38902397ac608000a06607,,0x978023617e7ea72ec5f722a37cd51cc38e11d4d59fd8d642efb7e92994ea6ccd
59062436,2025-03-22 02:02:00.000 UTC,0xb97ef9ef8734c71904d8002f8b6bc66dd9c48a6e,0x,0x117e3210bb9aa7d9baff172026820255c6f6c30ba8999d1c2fd88e2848137c4e,0x000000000000000000000000776198ccf446dfa168347089d7338879273172cf,,0xf66aad608ebc99b1e105aa30bb6cc1c365d66bcf8b8245335885a0e28589b40a
59062439,2025-03-22 02:02:04.000 UTC,0xb97ef9ef8734c71904d8002f8b6bc66dd9c48a6e,0x,0x117e3210bb9aa7d9baff172026820255c6f6c30ba8999d1c2fd88e2848137c4e,0x0000000000000000000000008281aa6795ade17c8973e1aedca380258bc124f9,,0x8a257415e2903455e9ae09da4e1b907c59023fbfd6bce612c854aeec330179af
59062441,2025-03-22 02:02:06.000 UTC,0xb97ef9ef8734c71904d8002f8b6bc66dd9c48a6e,0x,0x117e3210bb9aa7d9baff172026820255c6f6c30ba8999d1c2fd88e2848137c4e,0x000000000000000000000000833481186f16cece3f1eeea1a694c42034c3a0db,,0xdc82cb54a1a67bab23eb521db74ab435dd767361a1ab2da734e3bb7ad096be54
59062442,2025-03-22 02:02:09.000 UTC,0xb97ef9ef8734c71904d8002f8b6bc66dd9c48a6e,0x,0x117e3210bb9aa7d9baff172026820255c6f6c30ba8999d1c2fd88e2848137c4e,0x00000000000000000000000084443cfd09a48af6ef360c6976c5392ac5023a1f,,0x6ab0cf69b5b8b23acee8a4dd6b8426a616da1f2044edd0e650db59808a706550
59062443,2025-03-22 02:02:11.000 UTC,0xb97ef9ef8734c71904d8002f8b6bc66dd9c48a6e,0x,0x117e3210bb9aa7d9baff172026820255c6f6c30ba8999d1c2fd88e2848137c4e,0x00000000000000000000000094be88213a387e992dd87de56950a9aef34b9448,,0x922e0ec77e03ac867cc7fca5653824cc8af5e8d658367c05132190effb9a1d93
59062445,2025-03-22 02:02:17.000 UTC,0xb97ef9ef8734c71904d8002f8b6bc66dd9c48a6e,0x,0x117e3210bb9aa7d9baff172026820255c6f6c30ba8999d1c2fd88e2848137c4e,0x000000000000000000000000a5c2254e4253490c54cef0a4347fddb8f75a4998,,0x9f7c8bbe412aa286ce2d9cfe422e78c8c9c78832c420b5be0665c0f54fb41353
59062447,2025-03-22 02:02:23.000 UTC,0xb97ef9ef8734c71904d8002f8b6bc66dd9c48a6e,0x,0x117e3210bb9aa7d9baff172026820255c6f6c30ba8999d1c2fd88e2848137c4e,0x000000000000000000000000af4c0b70b2ea9fb7487c7cbb37ada259579fe040,,0xb10da8afde3d54387de82c027ac02cb14b4415f57488d1df295cca9a8f6b7b14
59062449,2025-03-22 02:02:25.000 UTC,0xb97ef9ef8734c71904d8002f8b6bc66dd9c48a6e,0x,0x117e3210bb9aa7d9baff172026820255c6f6c30ba8999d1c2fd88e2848137c4e,0x000000000000000000000000af8d1839c3c67cf571aa74b5c12398d4901147b3,,0xadc18fb04af59aaa1f27580fd5cc33eff572e5eacdf2cc189d444ee49fa20938
59062451,2025-03-22 02:02:27.000 UTC,0xb97ef9ef8734c71904d8002f8b6bc66dd9c48a6e,0x,0x117e3210bb9aa7d9baff172026820255c6f6c30ba8999d1c2fd88e2848137c4e,0x000000000000000000000000cc84179ffd19a1627e79f8648d09e095252bc418,,0xed3dfb356b233cfa094e1dab264a254d6140d9fb3096ac8320d536ece3b5f5aa
59062454,2025-03-22 02:02:30.000 UTC,0xb97ef9ef8734c71904d8002f8b6bc66dd9c48a6e,0x,0x117e3210bb9aa7d9baff172026820255c6f6c30ba8999d1c2fd88e2848137c4e,0x000000000000000000000000d47438c816c9e7f2e2888e060936a499af9582b3,,0x41753a6b0c6c618bec2532b72adde53e6f2e2c4d9fc991a32d423d108b120fbf
59062457,2025-03-22 02:02:33.000 UTC,0xb97ef9ef8734c71904d8002f8b6bc66dd9c48a6e,0x,0x117e3210bb9aa7d9baff172026820255c6f6c30ba8999d1c2fd88e2848137c4e,0x000000000000000000000000d5d6f8d9e784d0e26222ad3834500801a68d027d,,0x05b5ba8fe83aefc41b993898f4b8d3018ae60cddf27a65897feaafc0b7aa34ea
59062461,2025-03-22 02:02:38.000 UTC,0xb97ef9ef8734c71904d8002f8b6bc66dd9c48a6e,0x,0x117e3210bb9aa7d9baff172026820255c6f6c30ba8999d1c2fd88e2848137c4e,0x000000000000000000000000df231d99ff8b6c6cbf4e9b9a945cbacef9339178,,0x14b5ec6306e01f20378d6d8127cbccf33393eb7eb9c63c73ef32ca424fca0d53
59062462,2025-03-22 02:02:39.000 UTC,0xb97ef9ef8734c71904d8002f8b6bc66dd9c48a6e,0x,0x117e3210bb9aa7d9baff172026820255c6f6c30ba8999d1c2fd88e2848137c4e,0x000000000000000000000000edc5d01286f99a066559f60a585406f3878a033e,,0x21ddc8f02b88c8246b5a1a110be994e909ec3276ffcb817cdbef8ba7ad5d792c
59062463,2025-03-22 02:02:42.000 UTC,0xb97ef9ef8734c71904d8002f8b6bc66dd9c48a6e,0x,0x117e3210bb9aa7d9baff172026820255c6f6c30ba8999d1c2fd88e2848137c4e,0x0000000000000000000000000e3a09dda6b20afbb34ac7cd4a6881493f3e7bf7,,0x42867b3e123a431a932320061ae540617b15ce5530381295f6b7b1deb5c40609
59062464,2025-03-22 02:02:44.000 UTC,0xb97ef9ef8734c71904d8002f8b6bc66dd9c48a6e,0x,0x117e3210bb9aa7d9baff172026820255c6f6c30ba8999d1c2fd88e2848137c4e,0x00000000000000000000000005e0b5b40b7b66098c2161a5ee11c5740a3a7c45,,0x4fa8b0c1a26eb93f30dfc8c90dad7de93aa4da13dec330fd6756613ec48db948
59620375,2025-04-02 19:26:52.000 UTC,0xb97ef9ef8734c71904d8002f8b6bc66dd9c48a6e,0x,0xffa4e6181777692565cf28528fc88fd1516ea86b56da075235fa575af6a4b855,0x00000000000000000000000016f068ea913a912c62114a873b678b1aa9236585,,0x90890e54188a55e74013ccda8454e9c77b1616b2b92839d0492c2407a73aefe2
59620378,2025-04-02 19:26:55.000 UTC,0xb97ef9ef8734c71904d8002f8b6bc66dd9c48a6e,0x,0xffa4e6181777692565cf28528fc88fd1516ea86b56da075235fa575af6a4b855,0x0000000000000000000000009acfa7136bd9ee19fc2c4517e2033705262f938c,,0xaa23d5879a5d44e0e34bf925d686fad0fb4994316f1e868923b587816e375a6a
59620379,2025-04-02 19:26:56.000 UTC,0xb97ef9ef8734c71904d8002f8b6bc66dd9c48a6e,0x,0xffa4e6181777692565cf28528fc88fd1516ea86b56da075235fa575af6a4b855,0x000000000000000000000000e942adb085bdc3cd49ad2ddaea53934f12a7e0a5,,0x23f508d8793a8df31b908aa67b6c6ed90c7b1764312a1d6be857c08f22f4e91d
59620380,2025-04-02 19:26:58.000 UTC,0xb97ef9ef8734c71904d8002f8b6bc66dd9c48a6e,0x,0xffa4e6181777692565cf28528fc88fd1516ea86b56da075235fa575af6a4b855,0x0000000000000000000000004755da10f30da425a1b5f12166bec82600c48c79,,0xee68fb824095b0385bb47fd237285088b83454036363258fb24e6241397c6193
59620382,2025-04-02 19:27:04.000 UTC,0xb97ef9ef8734c71904d8002f8b6bc66dd9c48a6e,0x,0xffa4e6181777692565cf28528fc88fd1516ea86b56da075235fa575af6a4b855,0x0000000000000000000000002b872fc6d0614e39150d078db0e2ff56650f2b4b,,0x36de4c009d1d0a271958f3808f4cfcec6ab08104467bf6b098eec4fe3ab4376a
59620383,2025-04-02 19:27:06.000 UTC,0xb97ef9ef8734c71904d8002f8b6bc66dd9c48a6e,0x,0xffa4e6181777692565cf28528fc88fd1516ea86b56da075235fa575af6a4b855,0x0000000000000000000000007a01e8268bbb7b5b7403b673aa0b9d7b36f651aa,,0xe076d8cc9495de9e42dd8732a60ee1999e748e29e188dcb5e4dd4e250c3bef98
59620384,2025-04-02 19:27:08.000 UTC,0xb97ef9ef8734c71904d8002f8b6bc66dd9c48a6e,0x,0xffa4e6181777692565cf28528fc88fd1516ea86b56da075235fa575af6a4b855,0x0000000000000000000000002a4c4406a0495116aa880c57486cb876658d8aa1,,0x74876d55c7c6ce309f1a05f646a3c2ee0398ef06960a765dc6d02b9e7782fe00
59620386,2025-04-02 19:27:12.000 UTC,0xb97ef9ef8734c71904d8002f8b6bc66dd9c48a6e,0x,0xffa4e6181777692565cf28528fc88fd1516ea86b56da075235fa575af6a4b855,0x000000000000000000000000d9471e6c644756e845e4a10260362ab9a3a9845a,,0x0e71fc60b7e0e1d4fc05540fdbbdf079cef949f95bfd10b04c491caa9adeb092
62958148,2025-05-29 19:57:36.000 UTC,0xb97ef9ef8734c71904d8002f8b6bc66dd9c48a6e,0x,0xffa4e6181777692565cf28528fc88fd1516ea86b56da075235fa575af6a4b855,0x000000000000000000000000d5ed34b52ac4ab84d8fa8a231a3218bbf01ed510,,0x97bab098496361ff269506317951d5b5c471865d0422b4010e82a5acba4dc87a
62958181,2025-05-29 19:58:22.000 UTC,0xb97ef9ef8734c71904d8002f8b6bc66dd9c48a6e,0x,0xffa4e6181777692565cf28528fc88fd1516ea86b56da075235fa575af6a4b855,0x0000000000000000000000008c5f37d4db13967643e33d5404f66f86569221ca,,0x7b321bd95666fe5ef16bd65c75af02186bcbdbfe5f924721fe4fbb840ff131ac
64786024,2025-07-01 18:10:37.000 UTC,0xb97ef9ef8734c71904d8002f8b6bc66dd9c48a6e,0x,0xffa4e6181777692565cf28528fc88fd1516ea86b56da075235fa575af6a4b855,0x000000000000000000000000c685132e908cce284c063415ea353af5f555c6c6,,0x0f1b218401478b3464c8a00a8ff0b3a71ff98262ca14f468d312775f7084a4e3
67077763,2025-08-14 21:46:03.000 UTC,0xb97ef9ef8734c71904d8002f8b6bc66dd9c48a6e,0x,0xffa4e6181777692565cf28528fc88fd1516ea86b56da075235fa575af6a4b855,0x0000000000000000000000003301843d4d8c3314706a6526940bc2a38ed29475,,0x243d7c6aef0dbac3559db74cb623089793074ca770488b50b4585562a91be013
67077765,2025-08-14 21:46:05.000 UTC,0xb97ef9ef8734c71904d8002f8b6bc66dd9c48a6e,0x,0xffa4e6181777692565cf28528fc88fd1516ea86b56da075235fa575af6a4b855,0x0000000000000000000000006e2bf91ff62095e759301a1e46df3278f7d6bf07,,0x5b466f9432763fd6db3621d97a7ff9c2aac960b96d19db8c3695fbd70b7b3292
67077767,2025-08-14 21:46:07.000 UTC,0xb97ef9ef8734c71904d8002f8b6bc66dd9c48a6e,0x,0xffa4e6181777692565cf28528fc88fd1516ea86b56da075235fa575af6a4b855,0x0000000000000000000000008a33c4dccc7e840e536c1abc9af4612f876f54de,,0x0a846b172883b9d361999dbb5e74fb12ab328eae33ec93d8bb01276c1a9ba92e
67077769,2025-08-14 21:46:09.000 UTC,0xb97ef9ef8734c71904d8002f8b6bc66dd9c48a6e,0x,0xffa4e6181777692565cf28528fc88fd1516ea86b56da075235fa575af6a4b855,0x00000000000000000000000017b65262f73d2a8668dededc6a40274c3e0ea058,,0x5d535798c014c0f9bf7120c0244e8a9490fd7ab4aa870996837e8506af08a230
67077771,2025-08-14 21:46:11.000 UTC,0xb97ef9ef8734c71904d8002f8b6bc66dd9c48a6e,0x,0xffa4e6181777692565cf28528fc88fd1516ea86b56da075235fa575af6a4b855,0x0000000000000000000000000655b7211f302b42a7bfa16a6c45284ab82fd85b,,0xe2fb5795c5f2ea4aae86b51e5de474afa3dec71d300823a83b7ab306c9a67fcf
67077772,2025-08-14 21:46:12.000 UTC,0xb97ef9ef8734c71904d8002f8b6bc66dd9c48a6e,0x,0xffa4e6181777692565cf28528fc88fd1516ea86b56da075235fa575af6a4b855,0x00000000000000000000000082df92ebaa039dd6c9e0689390d7298a5ca1f59c,,0x217799e23d77c100f685c48831138d7b9c4f3edf77af995402ca0e44c1c148d7
67077775,2025-08-14 21:46:15.000 UTC,0xb97ef9ef8734c71904d8002f8b6bc66dd9c48a6e,0x,0xffa4e6181777692565cf28528fc88fd1516ea86b56da075235fa575af6a4b855,0x00000000000000000000000048ea81d8db01cc3f551be8ecc8627b5a803eb075,,0x44f2d23c9fe1101ad95d8ad3e6a674f9ead89c1a8b1fd72829232f144838d0cb
67077777,2025-08-14 21:46:17.000 UTC,0xb97ef9ef8734c71904d8002f8b6bc66dd9c48a6e,0x,0xffa4e6181777692565cf28528fc88fd1516ea86b56da075235fa575af6a4b855,0x00000000000000000000000012de548f79a50d2bd05481c8515c1ef5183666a9,,0x5b67cc1b203cba2775e335093e0695cba9c32cd1217b290627e672b7a116afc3
67077779,2025-08-14 21:46:19.000 UTC,0xb97ef9ef8734c71904d8002f8b6bc66dd9c48a6e,0x,0xffa4e6181777692565cf28528fc88fd1516ea86b56da075235fa575af6a4b855,0x00000000000000000000000018f703184349667cdae85a07e7f2efac36052b89,,0xc86e29a09e33248a22c3fc196ec756b9b81dc395e36b51b5bd16fde0aa5498d7
67077782,2025-08-14 21:46:22.000 UTC,0xb97ef9ef8734c71904d8002f8b6bc66dd9c48a6e,0x,0xffa4e6181777692565cf28528fc88fd1516ea86b56da075235fa575af6a4b855,0x0000000000000000000000008dce2aac0de82bdcaf6b4373b79f94331b8e4995,,0x7abd633e9b1f3ee0f6e8f1143359f2c77d1dbd0a82568b742fbc35cde1135fa6
67077783,2025-08-14 21:46:24.000 UTC,0xb97ef9ef8734c71904d8002f8b6bc66dd9c48a6e,0x,0xffa4e6181777692565cf28528fc88fd1516ea86b56da075235fa575af6a4b855,0x000000000000000000000000f4377eda661e04b6dda78969796ed31658d602d4,,0x49cd6d40c2c8960ae1879d92a6c762f19a3a746c819596775e58bda238b21bd2
67077784,2025-08-14 21:46:26.000 UTC,0xb97ef9ef8734c71904d8002f8b6bc66dd9c48a6e,0x,0xffa4e6181777692565cf28528fc88fd1516ea86b56da075235fa575af6a4b855,0x000000000000000000000000b338962b92cd818d6aef0a32a9ecd01212a71f33,,0x8f009194438d29ab185eb9bb67f18b58cc18d820870633e90c6978164a73cd81
67077785,2025-08-14 21:46:28.000 UTC,0xb97ef9ef8734c71904d8002f8b6bc66dd9c48a6e,0x,0xffa4e6181777692565cf28528fc88fd1516ea86b56da075235fa575af6a4b855,0x00000000000000000000000057ec89a0c056163a0314e413320f9b3abe761259,,0xf9be34769ae63bfd0fd3a0094142114b567a4847ce284b8c5064923fd2fa5884
67077787,2025-08-14 21:46:30.000 UTC,0xb97ef9ef8734c71904d8002f8b6bc66dd9c48a6e,0x,0xffa4e6181777692565cf28528fc88fd1516ea86b56da075235fa575af6a4b855,0x000000000000000000000000d8500c631dc32fa18645b7436344a99e4825e10e,,0xdf50ab8c24ecbaafd5fe164f9da251abd9c8e7b7b837fd489406c59c108b329e
67077789,2025-08-14 21:46:32.000 UTC,0xb97ef9ef8734c71904d8002f8b6bc66dd9c48a6e,0x,0xffa4e6181777692565cf28528fc88fd1516ea86b56da075235fa575af6a4b855,0x0000000000000000000000007ced75026204ac29c34bea98905d4c949f27361e,,0x8c89d5daaf623ba2e7ec64601189fa83497166bf6b5763580f81f006dd5f436e
67077790,2025-08-14 21:46:34.000 UTC,0xb97ef9ef8734c71904d8002f8b6bc66dd9c48a6e,0x,0xffa4e6181777692565cf28528fc88fd1516ea86b56da075235fa575af6a4b855,0x000000000000000000000000418949a4a7da9e07192909722072dded8f670d58,,0x96f91c34ff4ab2e3515d24e61d678e1e2a909a9e354db554ff333bb68a3916ef
67077792,2025-08-14 21:46:37.000 UTC,0xb97ef9ef8734c71904d8002f8b6bc66dd9c48a6e,0x,0xffa4e6181777692565cf28528fc88fd1516ea86b56da075235fa575af6a4b855,0x0000000000000000000000006042c2f32769454c5ff226fdae52b81e49cd922f,,0x852c3039bc6b9a0c6eb312a44a821fa0d226d48e72db56fafcfc9ac5e1c142bc
67077794,2025-08-14 21:46:39.000 UTC,0xb97ef9ef8734c71904d8002f8b6bc66dd9c48a6e,0x,0xffa4e6181777692565cf28528fc88fd1516ea86b56da075235fa575af6a4b855,0x0000000000000000000000008660f3ab5285f9e497ffbf2997285c24466aa2a1,,0x6a02c2ce785fc7f4e0c7ba1ead2a8df508410fa576157b25a83603acf2af3ff8
68630991,2025-09-12 14:32:40.000 UTC,0xb97ef9ef8734c71904d8002f8b6bc66dd9c48a6e,0x,0xffa4e6181777692565cf28528fc88fd1516ea86b56da075235fa575af6a4b855,0x000000000000000000000000fa3576591b710cd8a68f22fc10281f39f88d8cb1,,0x676c89d540d5cb27b2e49339d02160318b503fff66fddd52da4f2f5e9d9a2c7f
68631049,2025-09-12 14:34:29.000 UTC,0xb97ef9ef8734c71904d8002f8b6bc66dd9c48a6e,0x,0x117e3210bb9aa7d9baff172026820255c6f6c30ba8999d1c2fd88e2848137c4e,0x000000000000000000000000fa3576591b710cd8a68f22fc10281f39f88d8cb1,,0x2474513b68cf542a0ddac75d0c55e948d2dc373aeaef5cd81ef2a5904cf1797a
68836288,2025-09-16 15:59:20.000 UTC,0xb97ef9ef8734c71904d8002f8b6bc66dd9c48a6e,0x,0xffa4e6181777692565cf28528fc88fd1516ea86b56da075235fa575af6a4b855,0x000000000000000000000000e3d35f68383732649669aa990832e017340dbca5,,0xcc1b3f2e57d57ef2dd311e91b5cc53672bee330e18e3e1f6dfe3d7a18e9f4fe7
68836302,2025-09-16 15:59:44.000 UTC,0xb97ef9ef8734c71904d8002f8b6bc66dd9c48a6e,0x,0xffa4e6181777692565cf28528fc88fd1516ea86b56da075235fa575af6a4b855,0x000000000000000000000000f405df57cc3a2df4dd262b6494d76e346ca778f1,,0x3fc7f318c5e0a35e43a7ab00109313f710dc478900154892d05f915d0ee2f80e
68836345,2025-09-16 16:00:47.000 UTC,0xb97ef9ef8734c71904d8002f8b6bc66dd9c48a6e,0x,0xffa4e6181777692565cf28528fc88fd1516ea86b56da075235fa575af6a4b855,0x000000000000000000000000532b77b33a040587e9fd1800088225f99b8b0e8a,,0x1d678f938abcf95ca62399d4b9ec65d4bb74234e8bd728459c1cd312c30781fc
68836353,2025-09-16 16:00:59.000 UTC,0xb97ef9ef8734c71904d8002f8b6bc66dd9c48a6e,0x,0xffa4e6181777692565cf28528fc88fd1516ea86b56da075235fa575af6a4b855,0x000000000000000000000000ab4302cfcf1c2337c1b59af1d23bd97189fe962c,,0xa39064c1aa42303879e8095f82013b3a7ee2b86cb3e0277f60ac5bef41ceb286
68836450,2025-09-16 16:03:46.000 UTC,0xb97ef9ef8734c71904d8002f8b6bc66dd9c48a6e,0x,0xffa4e6181777692565cf28528fc88fd1516ea86b56da075235fa575af6a4b855,0x000000000000000000000000db2720ebad55399117ddb4c4a4afd9a4ccada8fe,,0x564e66ae49481e958242fcf7d8576b2c027b02e327fa7c68b958af836f114482
68836487,2025-09-16 16:04:43.000 UTC,0xb97ef9ef8734c71904d8002f8b6bc66dd9c48a6e,0x,0xffa4e6181777692565cf28528fc88fd1516ea86b56da075235fa575af6a4b855,0x0000000000000000000000009ab7a3e606677ddf6f3538dd4472ec770c282b3e,,0x1953c3e5eaa3305bf0d3d4dc66dadcfdc31e5f7aa5393b4a4bd1c01e984ab86d
68836522,2025-09-16 16:05:28.000 UTC,0xb97ef9ef8734c71904d8002f8b6bc66dd9c48a6e,0x,0xffa4e6181777692565cf28528fc88fd1516ea86b56da075235fa575af6a4b855,0x000000000000000000000000ba475bb43ee21013fd14c85e2c74b24bcf5a54c1,,0x9871524eb602172152039a544341645303bee6aaa89cc28cc54edc5dffd9bd8a
69227914,2025-09-24 16:32:44.000 UTC,0xb97ef9ef8734c71904d8002f8b6bc66dd9c48a6e,0x,0xffa4e6181777692565cf28528fc88fd1516ea86b56da075235fa575af6a4b855,0x000000000000000000000000240fd853e1509a975bd95348d49c923fb0b5d43c,,0x457179c2d426b8d624c37b4d2f868db3e4a8daff9387828376b9aa31109a6999
70317371,2025-10-14 19:28:36.000 UTC,0xb97ef9ef8734c71904d8002f8b6bc66dd9c48a6e,0x,0xffa4e6181777692565cf28528fc88fd1516ea86b56da075235fa575af6a4b855,0x000000000000000000000000d599ac04a1c786972b81e0fef6fb0c3e7b52f8a7,,0xe8825d3fb683a56958e65953ab8fc0c393659b8d453e76e85d643e0a820cdd99
70317448,2025-10-14 19:30:43.000 UTC,0xb97ef9ef8734c71904d8002f8b6bc66dd9c48a6e,0x,0xffa4e6181777692565cf28528fc88fd1516ea86b56da075235fa575af6a4b855,0x000000000000000000000000ae05eb856cb28c156d9722094f5eefd5693bc181,,0x82370f704f0bc0da497dfe35f440b64870633ec94cf8373ca852d97cf5df9d00
70317477,2025-10-14 19:31:27.000 UTC,0xb97ef9ef8734c71904d8002f8b6bc66dd9c48a6e,0x,0xffa4e6181777692565cf28528fc88fd1516ea86b56da075235fa575af6a4b855,0x0000000000000000000000002a4ff8bc97d3faef20ca9aa3c8dac93450695434,,0x959c423ab403a79ed537c39120b38c59517fff883107b1e190fb0b42f3114d2b
70317528,2025-10-14 19:32:59.000 UTC,0xb97ef9ef8734c71904d8002f8b6bc66dd9c48a6e,0x,0xffa4e6181777692565cf28528fc88fd1516ea86b56da075235fa575af6a4b855,0x000000000000000000000000500aa554ed27a6c94fe0d5eb5df3482b528a5efe,,0x820d31d1e97e7648ed5b0a9603c5a6064de3365060f838cdc39e3eaf9b2fb902
71414743,2025-11-04 17:21:38.000 UTC,0xb97ef9ef8734c71904d8002f8b6bc66dd9c48a6e,0x,0xffa4e6181777692565cf28528fc88fd1516ea86b56da075235fa575af6a4b855,0x00000000000000000000000000be5e0c85be35948d97ad37f62d108243f89ae0,,0x820ed3a2931c9effef2ab644402abca988c9fdf9c8f7148882e4be6c2a2c71ea
71414839,2025-11-04 17:24:23.000 UTC,0xb97ef9ef8734c71904d8002f8b6bc66dd9c48a6e,0x,0xffa4e6181777692565cf28528fc88fd1516ea86b56da075235fa575af6a4b855,0x0000000000000000000000005a1ca8328b9da53c6c11c8745ea8da29a9cd36c1,,0x4d6233dfde3531383b603115a3d3f869c260a362eeb202f9168f88920103a541
71414919,2025-11-04 17:26:38.000 UTC,0xb97ef9ef8734c71904d8002f8b6bc66dd9c48a6e,0x,0xffa4e6181777692565cf28528fc88fd1516ea86b56da075235fa575af6a4b855,0x000000000000000000000000596ac03ba123b802325bf62ceff98e5608ac48e9,,0x1511fe63437730c155e5655b8eda1152995411b6dde1f059acfc19529623709a
71414934,2025-11-04 17:27:03.000 UTC,0xb97ef9ef8734c71904d8002f8b6bc66dd9c48a6e,0x,0xffa4e6181777692565cf28528fc88fd1516ea86b56da075235fa575af6a4b855,0x00000000000000000000000055ef531216bd8077fb1acb8e61be532214b33b76,,0x0f85226da792c95ac1faa692c3ec70a902c90cdd0abafb874eb485378a77c383
71415024,2025-11-04 17:29:21.000 UTC,0xb97ef9ef8734c71904d8002f8b6bc66dd9c48a6e,0x,0xffa4e6181777692565cf28528fc88fd1516ea86b56da075235fa575af6a4b855,0x00000000000000000000000015a68a9ffa2a94bdad8468d93af4db24251af772,,0x91c1c8aed4158f8d2f345e57fa14546726b8961bca43e6bcd45252eb30256e9c
71415030,2025-11-04 17:29:34.000 UTC,0xb97ef9ef8734c71904d8002f8b6bc66dd9c48a6e,0x,0xffa4e6181777692565cf28528fc88fd1516ea86b56da075235fa575af6a4b855,0x00000000000000000000000000bf03f87539214307207c61b7f729ddc22977b8,,0x58704df713fe5d878dc48ab79115537c09c1ea78df24eb6415998fd9aab6abf8
71415059,2025-11-04 17:30:26.000 UTC,0xb97ef9ef8734c71904d8002f8b6bc66dd9c48a6e,0x,0xffa4e6181777692565cf28528fc88fd1516ea86b56da075235fa575af6a4b855,0x0000000000000000000000000d1891dd69efe614918e989b5ebd68d6e5f18ff5,,0x656ec253a366dd132fe1a1c0caeca6df85175d4cf5972bfe68b4fd1833d8d1f8
71415078,2025-11-04 17:30:56.000 UTC,0xb97ef9ef8734c71904d8002f8b6bc66dd9c48a6e,0x,0xffa4e6181777692565cf28528fc88fd1516ea86b56da075235fa575af6a4b855,0x00000000000000000000000010df38a923a660965d098f24a618b0d1b5d99cba,,0x2148f40c1ff996ac18d08e4e47838f4481c8484a9baa3d3fa5f49d9182304409
71415092,2025-11-04 17:31:19.000 UTC,0xb97ef9ef8734c71904d8002f8b6bc66dd9c48a6e,0x,0xffa4e6181777692565cf28528fc88fd1516ea86b56da075235fa575af6a4b855,0x000000000000000000000000114074ff655d0643a4ff70411ffca618cb7edca1,,0xead86c3e291e7e3089599a88956f67ca80367464e129a847aef707c57ce82f21
71415145,2025-11-04 17:32:51.000 UTC,0xb97ef9ef8734c71904d8002f8b6bc66dd9c48a6e,0x,0xffa4e6181777692565cf28528fc88fd1516ea86b56da075235fa575af6a4b855,0x000000000000000000000000171f95410bc65dfc8549c287cd475dc8b82df192,,0xf8109abe8dc8758b9d002a13396898275ff90d48a75614a98a53b0383cea1732
71415227,2025-11-04 17:35:06.000 UTC,0xb97ef9ef8734c71904d8002f8b6bc66dd9c48a6e,0x,0xffa4e6181777692565cf28528fc88fd1516ea86b56da075235fa575af6a4b855,0x00000000000000000000000017fff4f3364fa6dfa25cf37bebbff62bc47232f7,,0xc230cf155c5c01bc6b62a04449c3051577cdcc199936574319f61df32ead7ea1
71415251,2025-11-04 17:35:46.000 UTC,0xb97ef9ef8734c71904d8002f8b6bc66dd9c48a6e,0x,0xffa4e6181777692565cf28528fc88fd1516ea86b56da075235fa575af6a4b855,0x0000000000000000000000002cbd0ba5b15bde90d5252d8ac1ed2aa121d2d62a,,0x37bd640403202e1af97ac1ca3d9b442f423f8f230c61bd169dfd527ab1de4e04
71415277,2025-11-04 17:36:22.000 UTC,0xb97ef9ef8734c71904d8002f8b6bc66dd9c48a6e,0x,0xffa4e6181777692565cf28528fc88fd1516ea86b56da075235fa575af6a4b855,0x00000000000000000000000037cefc817a4582773b26835910127ba24f284bb4,,0xc3bdd5193b44eef302ad9f936dca05101578085cf86b2fcdf3040640d28b12cf
71415323,2025-11-04 17:37:37.000 UTC,0xb97ef9ef8734c71904d8002f8b6bc66dd9c48a6e,0x,0xffa4e6181777692565cf28528fc88fd1516ea86b56da075235fa575af6a4b855,0x000000000000000000000000117bb0cfee7ce8f842967537fbcd92fc504d68ab,,0xe0a055db03a9bf641c6863d1d36239adee509e6dfc2a162fec908cb1a5242b5a
71415341,2025-11-04 17:38:08.000 UTC,0xb97ef9ef8734c71904d8002f8b6bc66dd9c48a6e,0x,0xffa4e6181777692565cf28528fc88fd1516ea86b56da075235fa575af6a4b855,0x0000000000000000000000003e0c892556da529a0c03a28f763964bdf25ca88c,,0x14595da1e44529c3a98c7d1da3c87f87d91bb1fc4cd9a0fe9a05f1393932c244
71415411,2025-11-04 17:40:16.000 UTC,0xb97ef9ef8734c71904d8002f8b6bc66dd9c48a6e,0x,0xffa4e6181777692565cf28528fc88fd1516ea86b56da075235fa575af6a4b855,0x000000000000000000000000412e673fb7cce4e031b9a02277b1aeb599f62bc1,,0xbe7eb242e2a8d54ce62a5b546ec4920d980b95229afe5116ccdadb1e027f1c79
71415448,2025-11-04 17:41:27.000 UTC,0xb97ef9ef8734c71904d8002f8b6bc66dd9c48a6e,0x,0xffa4e6181777692565cf28528fc88fd1516ea86b56da075235fa575af6a4b855,0x0000000000000000000000002547ad3f4b0d37881101885addd1cedf753af9aa,,0xdc015d2075761f5f1c8fe97b90a53dffddbf806ce7145cace61ceee1355060f8
71415589,2025-11-04 17:45:25.000 UTC,0xb97ef9ef8734c71904d8002f8b6bc66dd9c48a6e,0x,0xffa4e6181777692565cf28528fc88fd1516ea86b56da075235fa575af6a4b855,0x00000000000000000000000044888f0a128a21872c38aa44bede1e31137ba85f,,0x17dd779459bd805834e9d0a2a926015b6ece1f7a44329b685c071d2c697a05f5
71415611,2025-11-04 17:46:09.000 UTC,0xb97ef9ef8734c71904d8002f8b6bc66dd9c48a6e,0x,0xffa4e6181777692565cf28528fc88fd1516ea86b56da075235fa575af6a4b855,0x00000000000000000000000040813812bb5a22be798d7f4cf227a584f4f87bc9,,0x65b2ba8b11ab072ee58ddd7440887a16f5bc4cf1a3f6c63d559f0a87b8fdfa68
71415617,2025-11-04 17:46:18.000 UTC,0xb97ef9ef8734c71904d8002f8b6bc66dd9c48a6e,0x,0xffa4e6181777692565cf28528fc88fd1516ea86b56da075235fa575af6a4b855,0x00000000000000000000000045afe4b7e98b6ef450e7b5f53bc1763f3be83e69,,0xbed399e8604a55720c075d90a58cd68ec7783cf8c10f1b810db33cadc82749c5
71415628,2025-11-04 17:46:40.000 UTC,0xb97ef9ef8734c71904d8002f8b6bc66dd9c48a6e,0x,0xffa4e6181777692565cf28528fc88fd1516ea86b56da075235fa575af6a4b855,0x00000000000000000000000045fc0d462a6473905024a10f756feadf8e6c2d08,,0x89744b676e8b7e38b510304264ae615109a4e8b4e9f78a83bb626fe4c6003cb7
71415649,2025-11-04 17:47:18.000 UTC,0xb97ef9ef8734c71904d8002f8b6bc66dd9c48a6e,0x,0xffa4e6181777692565cf28528fc88fd1516ea86b56da075235fa575af6a4b855,0x000000000000000000000000491e68c8464e39723c304aef5cea9543f37ee607,,0x0452877d6645022b5cd8b81753cb8b151f5a1e64429514ac533aba72d87ab3b0
71415698,2025-11-04 17:48:31.000 UTC,0xb97ef9ef8734c71904d8002f8b6bc66dd9c48a6e,0x,0xffa4e6181777692565cf28528fc88fd1516ea86b56da075235fa575af6a4b855,0x0000000000000000000000004fa8b02fd04a8ed74b2c77d7efdfffbcc884e3f2,,0x4621c696fba0bb7b08754a42a30a1b86cfd0d6ba86d2e721231defd8d7166629
71415756,2025-11-04 17:49:58.000 UTC,0xb97ef9ef8734c71904d8002f8b6bc66dd9c48a6e,0x,0xffa4e6181777692565cf28528fc88fd1516ea86b56da075235fa575af6a4b855,0x0000000000000000000000004b1d7ad9f0cbff66d194ba1e9f0da31635f23f0e,,0x15cc790d446a691322cdc61cf8157854defd7ca7fe320cd10208e5f5165c8c32
71415815,2025-11-04 17:51:22.000 UTC,0xb97ef9ef8734c71904d8002f8b6bc66dd9c48a6e,0x,0xffa4e6181777692565cf28528fc88fd1516ea86b56da075235fa575af6a4b855,0x00000000000000000000000046ccbcaf10b406a85a412ab713ad451caef9a950,,0x3518d069e18a1985a5c4fdca2445d5d78e32d4918136a17663474911564912eb
71415834,2025-11-04 17:51:53.000 UTC,0xb97ef9ef8734c71904d8002f8b6bc66dd9c48a6e,0x,0xffa4e6181777692565cf28528fc88fd1516ea86b56da075235fa575af6a4b855,0x0000000000000000000000005263b1aa550f70bd9753ec558c631eaadd2ae98c,,0x63a6fb7917a8e7c6818f92673230aa174253e4360067e3c3534cece8ded5d015
71416046,2025-11-04 17:56:52.000 UTC,0xb97ef9ef8734c71904d8002f8b6bc66dd9c48a6e,0x,0xffa4e6181777692565cf28528fc88fd1516ea86b56da075235fa575af6a4b855,0x0000000000000000000000007b7f0d8f53e16faee4cf90aedf50c7073f17beff,,0xd648157738276a986824c06ede546edd7cc6d8dcd6140364453a7d21a8f03402
71416067,2025-11-04 17:57:21.000 UTC,0xb97ef9ef8734c71904d8002f8b6bc66dd9c48a6e,0x,0xffa4e6181777692565cf28528fc88fd1516ea86b56da075235fa575af6a4b855,0x000000000000000000000000932dbae7c0493923c2643efc52b9faadfc3109a6,,0x4b6d074f3032ef9f6c421458e696e7dad34586978ae798b170bfcfe6a800d422
71416324,2025-11-04 18:03:13.000 UTC,0xb97ef9ef8734c71904d8002f8b6bc66dd9c48a6e,0x,0xffa4e6181777692565cf28528fc88fd1516ea86b56da075235fa575af6a4b855,0x0000000000000000000000005042cca9d00c44733ebaf550851b9a65cc98d58f,,0x4bd5f1dcbd2bf4e9d4e200b341c01f6a28fe9df2d8a989d3c25b2ea1d7f11f71
71416467,2025-11-04 18:07:13.000 UTC,0xb97ef9ef8734c71904d8002f8b6bc66dd9c48a6e,0x,0xffa4e6181777692565cf28528fc88fd1516ea86b56da075235fa575af6a4b855,0x00000000000000000000000080d658d0d767de04a4379fee4a2fdf10d9bfbf03,,0x4d682a07ec267850d37b5c4574a689be9cb1861e685da9a183c4623307a95055
71416614,2025-11-04 18:10:39.000 UTC,0xb97ef9ef8734c71904d8002f8b6bc66dd9c48a6e,0x,0xffa4e6181777692565cf28528fc88fd1516ea86b56da075235fa575af6a4b855,0x00000000000000000000000072a2fc69c5a3025d9d79bb01335860aaf2a4a948,,0x2b0803d592c7c07d43ba07a8048793ea0710dbcc74602594eca042950ba3e323
71416707,2025-11-04 18:12:47.000 UTC,0xb97ef9ef8734c71904d8002f8b6bc66dd9c48a6e,0x,0xffa4e6181777692565cf28528fc88fd1516ea86b56da075235fa575af6a4b855,0x000000000000000000000000a3afa16728fc3a16072a7a00ec4508fafe02a34a,,0x2aba73c957a09fd81335e403aaa56de7477af8c526f3469da8605a8111e27592
71416787,2025-11-04 18:15:25.000 UTC,0xb97ef9ef8734c71904d8002f8b6bc66dd9c48a6e,0x,0xffa4e6181777692565cf28528fc88fd1516ea86b56da075235fa575af6a4b855,0x00000000000000000000000080865644f47925223c7e12014e9b11f0f05212bc,,0x60426b3536c6b62462eadc5e44e5067dd80181c15594a69f77e4a190807db7fa
71416888,2025-11-04 18:18:09.000 UTC,0xb97ef9ef8734c71904d8002f8b6bc66dd9c48a6e,0x,0xffa4e6181777692565cf28528fc88fd1516ea86b56da075235fa575af6a4b855,0x00000000000000000000000097a582fff8b54e501f584dcd828fd1200f6f9e6b,,0xf362bcdfeb508586afff9822b1acc0c17e5b27ef5a0e30e65b8c89d597884df5
71416955,2025-11-04 18:20:18.000 UTC,0xb97ef9ef8734c71904d8002f8b6bc66dd9c48a6e,0x,0xffa4e6181777692565cf28528fc88fd1516ea86b56da075235fa575af6a4b855,0x00000000000000000000000095a603c86ec4a585e4359d1f07e6949567491fc9,,0xfa49bb721062f9a944073d7418652a6a54aa9401a5efd9ea700c05291e572bf3
71417025,2025-11-04 18:22:24.000 UTC,0xb97ef9ef8734c71904d8002f8b6bc66dd9c48a6e,0x,0xffa4e6181777692565cf28528fc88fd1516ea86b56da075235fa575af6a4b855,0x000000000000000000000000919d585e07ab0926832753eb43fd6fb2b8488051,,0xe4de4f85d66352278e41a27468ce8370bd06caa6fd4f6e684c33b6d2fef3ccbe
71417040,2025-11-04 18:22:57.000 UTC,0xb97ef9ef8734c71904d8002f8b6bc66dd9c48a6e,0x,0xffa4e6181777692565cf28528fc88fd1516ea86b56da075235fa575af6a4b855,0x000000000000000000000000c19a1636cf379ce180a61946a990d743bd2ee3d1,,0xbdbe3e9b227a487999b173f9f28e6dd372742d62a00509b86721af7688d8d9a2
71417080,2025-11-04 18:24:00.000 UTC,0xb97ef9ef8734c71904d8002f8b6bc66dd9c48a6e,0x,0xffa4e6181777692565cf28528fc88fd1516ea86b56da075235fa575af6a4b855,0x000000000000000000000000a4e740b001ea51cd90988b19cfb9da7a52e91c47,,0x76f8dec19e276a9a224504b9afd4619fad0924967681b07a8e31cef7dbc52f90
71417146,2025-11-04 18:25:45.000 UTC,0xb97ef9ef8734c71904d8002f8b6bc66dd9c48a6e,0x,0xffa4e6181777692565cf28528fc88fd1516ea86b56da075235fa575af6a4b855,0x000000000000000000000000c014eb917fb0689844b31347c7556c18a319bbbf,,0xc6bad5fc04bc0c7616a855aabe3ed37d20ac6813b865b0f097402eed70b039be
71417173,2025-11-04 18:26:41.000 UTC,0xb97ef9ef8734c71904d8002f8b6bc66dd9c48a6e,0x,0xffa4e6181777692565cf28528fc88fd1516ea86b56da075235fa575af6a4b855,0x000000000000000000000000da9809eaca62c7d52978045007f26817c425875f,,0x2041673c352a32b67a4beede529f8256db15d9c9ae0d021d42ca76550a46ef87
71417213,2025-11-04 18:27:45.000 UTC,0xb97ef9ef8734c71904d8002f8b6bc66dd9c48a6e,0x,0xffa4e6181777692565cf28528fc88fd1516ea86b56da075235fa575af6a4b855,0x000000000000000000000000c95b0eaad3ed1c1505fc9b1a50c160afe3594036,,0x9714cc7d1018ea981443eceed5409dfecb50daa32674d5672eb6d59be67c8213
71417234,2025-11-04 18:28:18.000 UTC,0xb97ef9ef8734c71904d8002f8b6bc66dd9c48a6e,0x,0xffa4e6181777692565cf28528fc88fd1516ea86b56da075235fa575af6a4b855,0x0000000000000000000000009d6350f74c811ca9e9c9adc35227a1193d5984b0,,0xa4099b67ab5d4612c89b83c54a4cf0655a6a1517efc14234466f714dbf076937
71417272,2025-11-04 18:29:42.000 UTC,0xb97ef9ef8734c71904d8002f8b6bc66dd9c48a6e,0x,0xffa4e6181777692565cf28528fc88fd1516ea86b56da075235fa575af6a4b855,0x000000000000000000000000dc2ec40485f23d6268fe9f4fde8c390051f4766a,,0x4d777df0695242051bfc3d2ebd59a9142c3746d15fe3ffaf954c699fb4435724
71417293,2025-11-04 18:30:11.000 UTC,0xb97ef9ef8734c71904d8002f8b6bc66dd9c48a6e,0x,0xffa4e6181777692565cf28528fc88fd1516ea86b56da075235fa575af6a4b855,0x000000000000000000000000d3301fc40c118a14ba8c15370e6dd3746656d287,,0x0938a478cd3f244d8f13818e5e8f77b04a02311ff3f2056b80313698cea44950
71417458,2025-11-04 18:35:27.000 UTC,0xb97ef9ef8734c71904d8002f8b6bc66dd9c48a6e,0x,0xffa4e6181777692565cf28528fc88fd1516ea86b56da075235fa575af6a4b855,0x000000000000000000000000ed5324b5482a3eef2eb4263d1c386d86bfda5d4b,,0xbb6b397f77a93cf8d1539bbf32bd32173f1357f59ee5a038d57b58cd1e1bce97
71417493,2025-11-04 18:36:20.000 UTC,0xb97ef9ef8734c71904d8002f8b6bc66dd9c48a6e,0x,0xffa4e6181777692565cf28528fc88fd1516ea86b56da075235fa575af6a4b855,0x000000000000000000000000db7ae6b7a2153fe0062be5d1d90a8be5ec8aaa50,,0xbbb533673975612758ea39de6442024a3ea677653196e615a44c43c66733a4e4
71417531,2025-11-04 18:37:24.000 UTC,0xb97ef9ef8734c71904d8002f8b6bc66dd9c48a6e,0x,0xffa4e6181777692565cf28528fc88fd1516ea86b56da075235fa575af6a4b855,0x000000000000000000000000e61c235a51cf48a554c60005d936d424d0d76397,,0x46c117358a68809259eba636625b4d29b7bff751be56ca37eeb832cb2912c7b8
71417600,2025-11-04 18:39:24.000 UTC,0xb97ef9ef8734c71904d8002f8b6bc66dd9c48a6e,0x,0xffa4e6181777692565cf28528fc88fd1516ea86b56da075235fa575af6a4b855,0x000000000000000000000000ad0fd006d311c33da60c180603316a813a3f68d4,,0x2416435842cd3af8ca348cc232ef2e78589d8c652bffd260036d1f0e57b13956
71417621,2025-11-04 18:40:01.000 UTC,0xb97ef9ef8734c71904d8002f8b6bc66dd9c48a6e,0x,0xffa4e6181777692565cf28528fc88fd1516ea86b56da075235fa575af6a4b855,0x000000000000000000000000e96e4483bc3f3abfea3213cd8a094ce5b26b117c,,0x4f94bc1d44919b7fd53f7ee4b0ae0308626f85cc7860f9b11ac27db2478c4c91
71417724,2025-11-04 18:42:51.000 UTC,0xb97ef9ef8734c71904d8002f8b6bc66dd9c48a6e,0x,0xffa4e6181777692565cf28528fc88fd1516ea86b56da075235fa575af6a4b855,0x000000000000000000000000c5aa13f464851d92fd59f1ef6a1c719e5e6d2d4a,,0x7cef54d6c97933593ea8a36ebde823aa8abb7e2d56c9d154e28547bc8608e826
71417763,2025-11-04 18:43:49.000 UTC,0xb97ef9ef8734c71904d8002f8b6bc66dd9c48a6e,0x,0xffa4e6181777692565cf28528fc88fd1516ea86b56da075235fa575af6a4b855,0x000000000000000000000000f3f338ec1c5e17ab45377e78308ace9a6338242c,,0xd5fe3499d2dbe98e904bb81b46c0b75bbce94bd0b3c93938d18fcba8382a2824
71417786,2025-11-04 18:44:29.000 UTC,0xb97ef9ef8734c71904d8002f8b6bc66dd9c48a6e,0x,0xffa4e6181777692565cf28528fc88fd1516ea86b56da075235fa575af6a4b855,0x000000000000000000000000fc3def4dc3bac88f7e80d53c2499a02d65ae7e66,,0x18d73272ea146d8d9e2d48b68ea56cc2ee6f3c193d042ad31df84147b2389e1c
71417832,2025-11-04 18:45:46.000 UTC,0xb97ef9ef8734c71904d8002f8b6bc66dd9c48a6e,0x,0xffa4e6181777692565cf28528fc88fd1516ea86b56da075235fa575af6a4b855,0x000000000000000000000000f512078e07f61a2e28081c8ea86c6056788d18b4,,0x5bd25a2af76b1f97364a1158a81a4d68f6ab4d60a2153922087efb59f9fd4725
72243772,2025-11-19 17:51:52.000 UTC,0xb97ef9ef8734c71904d8002f8b6bc66dd9c48a6e,0x,0xffa4e6181777692565cf28528fc88fd1516ea86b56da075235fa575af6a4b855,0x0000000000000000000000005d5b5dafecbf31bdb08bfd3edad4f2694372d0ef,,0x755785693d885b4299b0a5862d5b4782fc434bcdc8d6426c43e70ca8d97e565d
72243807,2025-11-19 17:53:06.000 UTC,0xb97ef9ef8734c71904d8002f8b6bc66dd9c48a6e,0x,0xffa4e6181777692565cf28528fc88fd1516ea86b56da075235fa575af6a4b855,0x000000000000000000000000c103b7dc095c904b92081eef0c1640081ec01c10,,0xe5f38c21b9d28903f69948c990a4b5cdacc3ff940623aa83b8db913abdc8ef87
72243920,2025-11-19 17:57:00.000 UTC,0xb97ef9ef8734c71904d8002f8b6bc66dd9c48a6e,0x,0xffa4e6181777692565cf28528fc88fd1516ea86b56da075235fa575af6a4b855,0x0000000000000000000000002020b536fd363c82fc3f6ab26aeea94b4ffa1404,,0x2572c833e4c14daa8b2817e650fdc5a0305ba0c0bef9e14e747d2d898b632f34
72244037,2025-11-19 18:01:03.000 UTC,0xb97ef9ef8734c71904d8002f8b6bc66dd9c48a6e,0x,0xffa4e6181777692565cf28528fc88fd1516ea86b56da075235fa575af6a4b855,0x00000000000000000000000011fe0fd1a9fb17746eb9877a396ddf1b3a632838,,0xc51a99b7cc4b70b5daacc1fe71236776f74fb41dce01f5849e7418d3904473be
72244047,2025-11-19 18:01:26.000 UTC,0xb97ef9ef8734c71904d8002f8b6bc66dd9c48a6e,0x,0xffa4e6181777692565cf28528fc88fd1516ea86b56da075235fa575af6a4b855,0x000000000000000000000000e1e4c5e5ed8f03ae61b581e2def126025f2b9401,,0xfcdaa8923dbb5052999592b29926cae575ca4550f7a4ec502fbc5d9bc9b5a7c5
72244052,2025-11-19 18:01:36.000 UTC,0xb97ef9ef8734c71904d8002f8b6bc66dd9c48a6e,0x,0xffa4e6181777692565cf28528fc88fd1516ea86b56da075235fa575af6a4b855,0x000000000000000000000000091a964948da0f8f638c8b688e391e5a3df1a43e,,0xc51cf5313cf826d6134bfaddc746bc7f7727bffc944dfad50b7b6bccf03cfb25
72244161,2025-11-19 18:05:36.000 UTC,0xb97ef9ef8734c71904d8002f8b6bc66dd9c48a6e,0x,0xffa4e6181777692565cf28528fc88fd1516ea86b56da075235fa575af6a4b855,0x000000000000000000000000d4e976441a1cad72ee5cbd2fd1b677fe7ce8afdf,,0xfac0d69190cf926f762b85923259ba6bc7b477678292e85566cb9b27ffecaf86
72244218,2025-11-19 18:07:36.000 UTC,0xb97ef9ef8734c71904d8002f8b6bc66dd9c48a6e,0x,0xffa4e6181777692565cf28528fc88fd1516ea86b56da075235fa575af6a4b855,0x0000000000000000000000009227c54226014afcb588dc49818e28a3a2367557,,0x3b99a25075c1978bf7788ac11dd48d07144d3848fedac1af4f7fe93cf895ace1
72630051,2025-11-26 16:50:53.000 UTC,0xb97ef9ef8734c71904d8002f8b6bc66dd9c48a6e,0x,0xffa4e6181777692565cf28528fc88fd1516ea86b56da075235fa575af6a4b855,0x00000000000000000000000066395ac274efad06bcfa78c882c9c4988833823b,,0xd64a566c7547c73398ba8f306b1954f5e9297c2c8325da620c3d62197f210269
76886853,2026-01-30 16:40:54.000 UTC,0xb97ef9ef8734c71904d8002f8b6bc66dd9c48a6e,0x,0xffa4e6181777692565cf28528fc88fd1516ea86b56da075235fa575af6a4b855,0x000000000000000000000000180242dc6b95c786c2d9c397532c679a956a1d12,,0xa9c13a57c859b4ee90e4b77a63b0e9cd080b5acc4e9d41765cfbae8b611c9a36
76886874,2026-01-30 16:41:17.000 UTC,0xb97ef9ef8734c71904d8002f8b6bc66dd9c48a6e,0x,0xffa4e6181777692565cf28528fc88fd1516ea86b56da075235fa575af6a4b855,0x000000000000000000000000bf92b14aa9fd088182178e2ebf208da946521ee5,,0x14854a67fbd8afaa1dd5931610002ac37cc9ff5b70a28b14cbbe3624be0d6bc1
76886969,2026-01-30 16:43:04.000 UTC,0xb97ef9ef8734c71904d8002f8b6bc66dd9c48a6e,0x,0xffa4e6181777692565cf28528fc88fd1516ea86b56da075235fa575af6a4b855,0x0000000000000000000000002136ed3902c1d7217d9b19cf313bbb035ed9bfd7,,0x3f5728661f5bcc75b55939f038c38375e1db710ef25b34216bd7e88ee9a04b39
76886980,2026-01-30 16:43:15.000 UTC,0xb97ef9ef8734c71904d8002f8b6bc66dd9c48a6e,0x,0xffa4e6181777692565cf28528fc88fd1516ea86b56da075235fa575af6a4b855,0x0000000000000000000000000529ebc9ff01a4d390f91687d7c7406bf0dab24e,,0xbd0ab23e79257c5c01bdff59393ea09c7327675b4213e7bec2bd1616a65ccb95
76887094,2026-01-30 16:45:21.000 UTC,0xb97ef9ef8734c71904d8002f8b6bc66dd9c48a6e,0x,0xffa4e6181777692565cf28528fc88fd1516ea86b56da075235fa575af6a4b855,0x0000000000000000000000004bae1c4b2167fe4ebcd6d7baac1138d943a2609f,,0x13974f27dbfc8ba05487245d17ef6a0e07e9d0f6f657b0588b1c8a42975858f7
76887196,2026-01-30 16:47:19.000 UTC,0xb97ef9ef8734c71904d8002f8b6bc66dd9c48a6e,0x,0xffa4e6181777692565cf28528fc88fd1516ea86b56da075235fa575af6a4b855,0x0000000000000000000000008dd586d12164a98e319607295935ee968919608e,,0xc68d7276c2a4f57711de2a6698e6946141baacae601cb62717121e13f4f89154
76887207,2026-01-30 16:47:30.000 UTC,0xb97ef9ef8734c71904d8002f8b6bc66dd9c48a6e,0x,0xffa4e6181777692565cf28528fc88fd1516ea86b56da075235fa575af6a4b855,0x000000000000000000000000783a4cc2478f1b44f37052bac72abaa3fc6f992a,,0x7e1bb2de29ca493172a57f89d2e786884d4cf3a9f0e5086e9335ac8c9306cf9a
80224535,2026-03-12 17:20:39.000 UTC,0xb97ef9ef8734c71904d8002f8b6bc66dd9c48a6e,0x,0xffa4e6181777692565cf28528fc88fd1516ea86b56da075235fa575af6a4b855,0x000000000000000000000000b637f84b66876ebf609c2a4208905f9ddac9d075,,0xef1afac36c210c708048ff46040ab8aa9952600ede57a77e590c9aa234e0ec6e
80224666,2026-03-12 17:23:14.000 UTC,0xb97ef9ef8734c71904d8002f8b6bc66dd9c48a6e,0x,0xffa4e6181777692565cf28528fc88fd1516ea86b56da075235fa575af6a4b855,0x000000000000000000000000f8bc582628cd0c721b554161a1cb59ea003742c0,,0x3725c7cecd68c292a73177294c3baa82b8b99e44eb5d82583fc5d212eba23824
80224686,2026-03-12 17:23:34.000 UTC,0xb97ef9ef8734c71904d8002f8b6bc66dd9c48a6e,0x,0xffa4e6181777692565cf28528fc88fd1516ea86b56da075235fa575af6a4b855,0x00000000000000000000000095584c303fcd48af5c6b9873015f2ad0ca84eae3,,0xed4b30484d272ebea8e32059a836d0a757cd009253f82ba0019b22f3d95f5d28
80224697,2026-03-12 17:23:45.000 UTC,0xb97ef9ef8734c71904d8002f8b6bc66dd9c48a6e,0x,0xffa4e6181777692565cf28528fc88fd1516ea86b56da075235fa575af6a4b855,0x000000000000000000000000ee61f0eeee09eed3583baab61fa2e64b96207478,,0x86d20f398e8af5aad7a3f21d83ff105ff3a34170684f527f5f7d26f52bbdc7fc
80224909,2026-03-12 17:27:44.000 UTC,0xb97ef9ef8734c71904d8002f8b6bc66dd9c48a6e,0x,0xffa4e6181777692565cf28528fc88fd1516ea86b56da075235fa575af6a4b855,0x0000000000000000000000000330070fd38ec3bb94f58fa55d40368271e9e54a,,0xe28c99efa36fe248071f05233eaaaf1e40d887d82f521be573b6f6fe7f959771
80225012,2026-03-12 17:29:47.000 UTC,0xb97ef9ef8734c71904d8002f8b6bc66dd9c48a6e,0x,0xffa4e6181777692565cf28528fc88fd1516ea86b56da075235fa575af6a4b855,0x000000000000000000000000cb74874f1e06fcf80a306e06e5379a44b488ba2d,,0xf5366c36607354d8555e950930bb38d1b267221128bd9f59ee1edb9046df4712
80225135,2026-03-12 17:32:02.000 UTC,0xb97ef9ef8734c71904d8002f8b6bc66dd9c48a6e,0x,0xffa4e6181777692565cf28528fc88fd1516ea86b56da075235fa575af6a4b855,0x0000000000000000000000009be599d7867f5e1a2d7ec6db9710df2b98a15573,,0x4396c291886217c0cc3d5a20a0b44fd8c538ab31ca2c2d131e6c9ecef04c1435
80225189,2026-03-12 17:33:08.000 UTC,0xb97ef9ef8734c71904d8002f8b6bc66dd9c48a6e,0x,0xffa4e6181777692565cf28528fc88fd1516ea86b56da075235fa575af6a4b855,0x0000000000000000000000004f47bc496083c727c5fbe3ce9cdf2b0f6496270c,,0x95ddb6d1dedc01eab728d1117f57c5faa827e66a3b24cc28112580b8392d1cfd
80225254,2026-03-12 17:34:25.000 UTC,0xb97ef9ef8734c71904d8002f8b6bc66dd9c48a6e,0x,0xffa4e6181777692565cf28528fc88fd1516ea86b56da075235fa575af6a4b855,0x000000000000000000000000d04e33461fea8302c5e1e13895b60cee8aefda7f,,0xb12a91522fc70abd8d1c5116398aa8262bbfcd0e0e21c73e56d47f7e13d41812
80225256,2026-03-12 17:34:31.000 UTC,0xb97ef9ef8734c71904d8002f8b6bc66dd9c48a6e,0x,0xffa4e6181777692565cf28528fc88fd1516ea86b56da075235fa575af6a4b855,0x000000000000000000000000fb3eff152ea55d1bfa04dbdd509a80fd7b72cdeb,,0xe2919d985378f7ceee9b72583851b520f50c3fe55dcaeaae471d00a13777db72
80225563,2026-03-12 17:40:14.000 UTC,0xb97ef9ef8734c71904d8002f8b6bc66dd9c48a6e,0x,0xffa4e6181777692565cf28528fc88fd1516ea86b56da075235fa575af6a4b855,0x000000000000000000000000fda1ec4a6178d4916b001a065422d31ebe5f62ff,,0x412e4bf14fc721050b663f2dea9aa98b55233f9499b6ea2b34cf2bcd0240220b
80225685,2026-03-12 17:42:39.000 UTC,0xb97ef9ef8734c71904d8002f8b6bc66dd9c48a6e,0x,0xffa4e6181777692565cf28528fc88fd1516ea86b56da075235fa575af6a4b855,0x00000000000000000000000076ea76ca4eb727f18956ab93445a94c5280412b9,,0x690b496bc952e1db2d31211140ac54eb71d1a8e1ae010e3c9ff5e701f350d6ac
80225729,2026-03-12 17:43:27.000 UTC,0xb97ef9ef8734c71904d8002f8b6bc66dd9c48a6e,0x,0xffa4e6181777692565cf28528fc88fd1516ea86b56da075235fa575af6a4b855,0x000000000000000000000000747afb5c7a7fc34b547cd0fdebf9b91759c5a52b,,0x0d88aa788c2c849d2fd069b682629ff37a4ab1295cc95b40bc5a512fff887acc
80225734,2026-03-12 17:43:32.000 UTC,0xb97ef9ef8734c71904d8002f8b6bc66dd9c48a6e,0x,0xffa4e6181777692565cf28528fc88fd1516ea86b56da075235fa575af6a4b855,0x0000000000000000000000002ec6c5fe3d7acd8e2e6185c17d9acb136e66f3e0,,0x5313f8917ee966cbd7a4e21dadc16af1c198d02a1bb5d0e539f558d7be239eb4
80225754,2026-03-12 17:43:53.000 UTC,0xb97ef9ef8734c71904d8002f8b6bc66dd9c48a6e,0x,0xffa4e6181777692565cf28528fc88fd1516ea86b56da075235fa575af6a4b855,0x0000000000000000000000008d55c4306745f05a31af596c6bfa19374073e797,,0x459da1c6943e591eece53fb42a298e04d6c6facc00e2b67404cbd8ff4293c40a
80225911,2026-03-12 17:46:31.000 UTC,0xb97ef9ef8734c71904d8002f8b6bc66dd9c48a6e,0x,0xffa4e6181777692565cf28528fc88fd1516ea86b56da075235fa575af6a4b855,0x000000000000000000000000283fcf7f260da7c3c9aad91beab58882990a66eb,,0x5d2b9937cba9814d2fb3cee89c4c61a16903c17430e4a0aff057e9e378855e38
80226023,2026-03-12 17:48:46.000 UTC,0xb97ef9ef8734c71904d8002f8b6bc66dd9c48a6e,0x,0xffa4e6181777692565cf28528fc88fd1516ea86b56da075235fa575af6a4b855,0x000000000000000000000000fe88af78cfc99bea57f2fb708489cfc0f0b7f704,,0x63d2b37e7e7f09f6827053f912ae9b8e594dfbe92508fdeb69c937895cf12e23
80226063,2026-03-12 17:49:35.000 UTC,0xb97ef9ef8734c71904d8002f8b6bc66dd9c48a6e,0x,0xffa4e6181777692565cf28528fc88fd1516ea86b56da075235fa575af6a4b855,0x00000000000000000000000088ef69134150f35b1e91fa2d8bfbb44ba2c51e62,,0x9dfd35d6c2752a9c7948579f3f3c1386c5991aa01644a0fff941f1c547541d72
80226162,2026-03-12 17:51:28.000 UTC,0xb97ef9ef8734c71904d8002f8b6bc66dd9c48a6e,0x,0xffa4e6181777692565cf28528fc88fd1516ea86b56da075235fa575af6a4b855,0x0000000000000000000000006315bdc714ebb7a08e5ec10f351b6ca61d052bee,,0x9b597d095d4354753069d8fbd2f5bfb8e67cacb340d803887250d6c642eec0fd
80226185,2026-03-12 17:51:51.000 UTC,0xb97ef9ef8734c71904d8002f8b6bc66dd9c48a6e,0x,0xffa4e6181777692565cf28528fc88fd1516ea86b56da075235fa575af6a4b855,0x0000000000000000000000009145fc390e71e3b56da4bfe51460cbdbb1a8a3f9,,0xee81c8c6149ddce2433b8e791cd93e4863f2ac354576ad0c5aba7359c82eea8a
80226271,2026-03-12 17:53:25.000 UTC,0xb97ef9ef8734c71904d8002f8b6bc66dd9c48a6e,0x,0xffa4e6181777692565cf28528fc88fd1516ea86b56da075235fa575af6a4b855,0x00000000000000000000000047df0606a84a52763887d7aa280cc4f068326b16,,0xed5e869ab02cb42cfe0216d210c812592bb52656d44ac5dcea6a4fe9cf432ca8
83784962,2026-04-24 18:30:27.000 UTC,0xb97ef9ef8734c71904d8002f8b6bc66dd9c48a6e,0x,0xffa4e6181777692565cf28528fc88fd1516ea86b56da075235fa575af6a4b855,0x0000000000000000000000008be1904f7e8d196ef670835e2893be5f75c1e63e,,0xd0d6c0671623183a4bfe494ad07b9dbcd1126611838007a63a0a69db4dfe9101
83785107,2026-04-24 18:32:55.000 UTC,0xb97ef9ef8734c71904d8002f8b6bc66dd9c48a6e,0x,0xffa4e6181777692565cf28528fc88fd1516ea86b56da075235fa575af6a4b855,0x000000000000000000000000c29c4df7111a39030a037a3abc8dc68c8d1d8ceb,,0x4971400e29306a4ccd3837e247aee03a019f459110137852a3acc6b799723092
85928764,2026-05-20 15:19:48.000 UTC,0xb97ef9ef8734c71904d8002f8b6bc66dd9c48a6e,0x,0xffa4e6181777692565cf28528fc88fd1516ea86b56da075235fa575af6a4b855,0x000000000000000000000000038989cbb1710c72b9920dc4fa529158f463e72c,,0x3a0b46315b7d29ff791d7ef741c7bfbb56ef7688a67274e660f1d8fc0c75baa5
85928876,2026-05-20 15:21:46.000 UTC,0xb97ef9ef8734c71904d8002f8b6bc66dd9c48a6e,0x,0xffa4e6181777692565cf28528fc88fd1516ea86b56da075235fa575af6a4b855,0x00000000000000000000000014779cec0b117d5194c750c55ea1f42086631964,,0x3f822e46630bbfae82074a5f132099aa566bd8ab8b7c4448392cb5810ef3b3ae
85929074,2026-05-20 15:25:03.000 UTC,0xb97ef9ef8734c71904d8002f8b6bc66dd9c48a6e,0x,0xffa4e6181777692565cf28528fc88fd1516ea86b56da075235fa575af6a4b855,0x00000000000000000000000032da24ca413f3e7b53145d4737e172c3bdf81e3e,,0x06ea513689838e58ba70e478ba258205ce165f82bddd31c3f0745d487e83b492
85929077,2026-05-20 15:25:06.000 UTC,0xb97ef9ef8734c71904d8002f8b6bc66dd9c48a6e,0x,0xffa4e6181777692565cf28528fc88fd1516ea86b56da075235fa575af6a4b855,0x0000000000000000000000004f428c11dc82388fa5136d636e613ad923eb700b,,0x4691d2bba234880300dde8ca3166d97593a0e124702365d7de2df0a9e8180193
85929400,2026-05-20 15:30:31.000 UTC,0xb97ef9ef8734c71904d8002f8b6bc66dd9c48a6e,0x,0xffa4e6181777692565cf28528fc88fd1516ea86b56da075235fa575af6a4b855,0x000000000000000000000000ac4cc4b68ea24bbfaac8fd127b67ed445accce22,,0xb15fb68d93f67ff26816b1449333c88f930a2c67f88e6b57c86c3c2d329f3b2d
85929461,2026-05-20 15:31:32.000 UTC,0xb97ef9ef8734c71904d8002f8b6bc66dd9c48a6e,0x,0xffa4e6181777692565cf28528fc88fd1516ea86b56da075235fa575af6a4b855,0x000000000000000000000000f2235d55b2950a0b1317469d72d07ae65b2e27cb,,0x425c08c8ef4f8a275c4b14cf3ca40f2c5d5ca18d6ae1b7dee792538dc66f81b8
86427934,2026-05-26 15:14:38.000 UTC,0xb97ef9ef8734c71904d8002f8b6bc66dd9c48a6e,0x,0xffa4e6181777692565cf28528fc88fd1516ea86b56da075235fa575af6a4b855,0x00000000000000000000000061427bf615ef615cae4314ca4fe16d5142217443,,0x5d85bf372096aaf3e42f75a0ebf8b88682f355d3bba9f32bc4c5a901ccc7ecec
86427992,2026-05-26 15:15:39.000 UTC,0xb97ef9ef8734c71904d8002f8b6bc66dd9c48a6e,0x,0xffa4e6181777692565cf28528fc88fd1516ea86b56da075235fa575af6a4b855,0x000000000000000000000000d6ff9ba2aa8a3afd1e3d4a133449b9142ce52df5,,0xc4f6d4c1f65074987c06493fe5f820005a596ee5f1a5ea539bc37f9b39297622
86428167,2026-05-26 15:18:42.000 UTC,0xb97ef9ef8734c71904d8002f8b6bc66dd9c48a6e,0x,0xffa4e6181777692565cf28528fc88fd1516ea86b56da075235fa575af6a4b855,0x0000000000000000000000001ac8d4e4d1418a66f5891de2519693c797a2683b,,0xf5af59f49cf78fd159828dcf74793ccf4736baf220bfb64e0a92f640a8c75224
88590942,2026-06-22 18:07:43.000 UTC,0xb97ef9ef8734c71904d8002f8b6bc66dd9c48a6e,0x,0xffa4e6181777692565cf28528fc88fd1516ea86b56da075235fa575af6a4b855,0x000000000000000000000000110cb5c5089fc35ba0deb718a291dd64f6d1bec8,,0xbd4451766874bda4c779bcdafb2f09ffe92c2051680086d64e81280e6df82de1
88590985,2026-06-22 18:08:33.000 UTC,0xb97ef9ef8734c71904d8002f8b6bc66dd9c48a6e,0x,0xffa4e6181777692565cf28528fc88fd1516ea86b56da075235fa575af6a4b855,0x0000000000000000000000002408302c960af24d6df5dee325b59ac59b2e55ce,,0x94c55509b3f11774b8a94f35375fa5186c4374a82a39f2da716998d5933a2dc4
89218672,2026-07-01 15:13:50.000 UTC,0xb97ef9ef8734c71904d8002f8b6bc66dd9c48a6e,0x,0xffa4e6181777692565cf28528fc88fd1516ea86b56da075235fa575af6a4b855,0x000000000000000000000000ce9f3bc87000393f625088ed40280a74682396cf,,0x38d18d15ad17a0615574cf1b5b8396262c6ec361064daf78ad6d4e78a6a55eae
89218790,2026-07-01 15:15:48.000 UTC,0xb97ef9ef8734c71904d8002f8b6bc66dd9c48a6e,0x,0xffa4e6181777692565cf28528fc88fd1516ea86b56da075235fa575af6a4b855,0x0000000000000000000000001508e3c339f9e916595bfa6ea169aee265acf90c,,0xaa49584e868f25c6c98ef61c62f5a311a44e269ae136833f91b9c0928e4e5744
89218844,2026-07-01 15:16:42.000 UTC,0xb97ef9ef8734c71904d8002f8b6bc66dd9c48a6e,0x,0xffa4e6181777692565cf28528fc88fd1516ea86b56da075235fa575af6a4b855,0x000000000000000000000000c44b0630645bdf681c775df334cbd7530da813fa,,0x47832da8139b1638bb5062c317fb04c066d575e7873b59387a2642d39d4507ab
89218949,2026-07-01 15:18:30.000 UTC,0xb97ef9ef8734c71904d8002f8b6bc66dd9c48a6e,0x,0xffa4e6181777692565cf28528fc88fd1516ea86b56da075235fa575af6a4b855,0x0000000000000000000000000eaea039d805c9600de19d5a9aa6daf4d51979ed,,0x1689a8cb86d02b03ff2e27a2fadc3aabe8d509f715576a8c5232dd4f3a8b862c
89219233,2026-07-01 15:23:40.000 UTC,0xb97ef9ef8734c71904d8002f8b6bc66dd9c48a6e,0x,0xffa4e6181777692565cf28528fc88fd1516ea86b56da075235fa575af6a4b855,0x000000000000000000000000da916a1c12989829fb02a0241a7e70b5a1a4e905,,0x1bcb60f8426f69692959ef6d972b3174501ce10ccf9a573d4601f27f87137f0b
89219249,2026-07-01 15:24:13.000 UTC,0xb97ef9ef8734c71904d8002f8b6bc66dd9c48a6e,0x,0xffa4e6181777692565cf28528fc88fd1516ea86b56da075235fa575af6a4b855,0x0000000000000000000000001f6aa4cd73fe9faf58727800b075d43caa106d46,,0x10986c34b814de22ca087371b736947d6db8add1d75fa634f5d93d2fdfbf1c9c
89219430,2026-07-01 15:27:34.000 UTC,0xb97ef9ef8734c71904d8002f8b6bc66dd9c48a6e,0x,0xffa4e6181777692565cf28528fc88fd1516ea86b56da075235fa575af6a4b855,0x0000000000000000000000009b571ef4731f0c8539a629cc4c44fa4fd280c10d,,0x898a5f4e8ea106c3f8712e24ffbec770012cfb7dcac8a7b7fc8690d4153d19f5
89219454,2026-07-01 15:27:58.000 UTC,0xb97ef9ef8734c71904d8002f8b6bc66dd9c48a6e,0x,0xffa4e6181777692565cf28528fc88fd1516ea86b56da075235fa575af6a4b855,0x000000000000000000000000d67bb799b7d2dded7dd85802c5a6affec1108b94,,0xba39c0a5ef9e7e3879983aa87ee3e88a583a849ddf5be9f68c3cee3df681cc4a
89219526,2026-07-01 15:29:09.000 UTC,0xb97ef9ef8734c71904d8002f8b6bc66dd9c48a6e,0x,0xffa4e6181777692565cf28528fc88fd1516ea86b56da075235fa575af6a4b855,0x000000000000000000000000b654159bc14f208000ec9e0ad287b321c7a3bf5c,,0x9a2598975e7e9fee381e16532de7cc7568a23b86cc4e88cdbb3c9cbfa665a207
89219591,2026-07-01 15:30:14.000 UTC,0xb97ef9ef8734c71904d8002f8b6bc66dd9c48a6e,0x,0xffa4e6181777692565cf28528fc88fd1516ea86b56da075235fa575af6a4b855,0x000000000000000000000000e2b0c8cd5516cf733013712408add325081225ca,,0x99ad42b4cf11b7184921817cd671c11faa1bfffa8e0ddfbef50da9bce8a342d9
89219699,2026-07-01 15:32:01.000 UTC,0xb97ef9ef8734c71904d8002f8b6bc66dd9c48a6e,0x,0xffa4e6181777692565cf28528fc88fd1516ea86b56da075235fa575af6a4b855,0x000000000000000000000000e6e1d9098b08fff5f8b3e27a02d4dca8ffcdf0a9,,0x29bfa51bd5444787f1fa015e6b72184109e487b641b02ab0adf466b6b0269f5f
89219768,2026-07-01 15:33:13.000 UTC,0xb97ef9ef8734c71904d8002f8b6bc66dd9c48a6e,0x,0xffa4e6181777692565cf28528fc88fd1516ea86b56da075235fa575af6a4b855,0x000000000000000000000000b4a69b8228c1621eb22d9c6f1ef33926616f8218,,0x3fa3dc32ee82ba160ecd8579dcef7b32903267ab3ff98255577ded5899287d58
89220163,2026-07-01 15:39:46.000 UTC,0xb97ef9ef8734c71904d8002f8b6bc66dd9c48a6e,0x,0xffa4e6181777692565cf28528fc88fd1516ea86b56da075235fa575af6a4b855,0x000000000000000000000000c73da1e718a4fbd1ce023d412ab34433922fba58,,0x2a205b834fa41179dbaf7f63d5805f7b5942249837265a6fd01b3cd8b176d35d
89220318,2026-07-01 15:42:25.000 UTC,0xb97ef9ef8734c71904d8002f8b6bc66dd9c48a6e,0x,0xffa4e6181777692565cf28528fc88fd1516ea86b56da075235fa575af6a4b855,0x000000000000000000000000cd211408b46bdbf03abb2eac205a01ceb1d86288,,0x3f3912055f5fb85357b12df6246f665057717361f152d3270673e6e535536806
89220480,2026-07-01 15:45:19.000 UTC,0xb97ef9ef8734c71904d8002f8b6bc66dd9c48a6e,0x,0xffa4e6181777692565cf28528fc88fd1516ea86b56da075235fa575af6a4b855,0x00000000000000000000000018db649c1400f3dfbbf71b8b99419edcb12a0947,,0x27ebb5179c6ef315aa2d0bdc0a045c57e24e823cf11be11eb8a3681783fe8842
89220682,2026-07-01 15:48:51.000 UTC,0xb97ef9ef8734c71904d8002f8b6bc66dd9c48a6e,0x,0xffa4e6181777692565cf28528fc88fd1516ea86b56da075235fa575af6a4b855,0x000000000000000000000000545fd777d462df0acc99a188f2532a962e00df74,,0xd1aa2671e20458968eef76c160dadec939c849b624c28f25ce770143f0128f3a
89220717,2026-07-01 15:49:26.000 UTC,0xb97ef9ef8734c71904d8002f8b6bc66dd9c48a6e,0x,0xffa4e6181777692565cf28528fc88fd1516ea86b56da075235fa575af6a4b855,0x000000000000000000000000d1d1443c710b2f295f72ef3bc8be04a28be3e0db,,0x92605f97d6690374857823d9839250a818f5f366ae919cce863c02369d55067c
89220728,2026-07-01 15:49:37.000 UTC,0xb97ef9ef8734c71904d8002f8b6bc66dd9c48a6e,0x,0xffa4e6181777692565cf28528fc88fd1516ea86b56da075235fa575af6a4b855,0x0000000000000000000000006ee2a4ab3befdcfcd8c0844e853491f08971d899,,0x1d400ec295bf805cbc9a1ce50c7c7851e7324e38ed39a1d82a2e7f4b79939610
89220851,2026-07-01 15:51:40.000 UTC,0xb97ef9ef8734c71904d8002f8b6bc66dd9c48a6e,0x,0xffa4e6181777692565cf28528fc88fd1516ea86b56da075235fa575af6a4b855,0x000000000000000000000000203b0053ccb42ca09357dde941d251d888ec1044,,0xf70f26671c9f57b44a774a9ad9e48330946e34815f33e391303ad36ce31896f1
89220976,2026-07-01 15:53:47.000 UTC,0xb97ef9ef8734c71904d8002f8b6bc66dd9c48a6e,0x,0xffa4e6181777692565cf28528fc88fd1516ea86b56da075235fa575af6a4b855,0x0000000000000000000000001e6983848eca149f9fc68b0a1616a1c4f62945aa,,0x013861215f835f19f7c527010452decffe172142fc48df449eb4c76fc7b4f5ca
89221074,2026-07-01 15:55:24.000 UTC,0xb97ef9ef8734c71904d8002f8b6bc66dd9c48a6e,0x,0xffa4e6181777692565cf28528fc88fd1516ea86b56da075235fa575af6a4b855,0x0000000000000000000000009789e42918dec6442a155fd2ba064d05d6db0ed2,,0x5e2ecee74de1b87e7bbe40faa638a0eab86712b4454d93779325c8e55c79bf7f
89221345,2026-07-01 16:00:10.000 UTC,0xb97ef9ef8734c71904d8002f8b6bc66dd9c48a6e,0x,0xffa4e6181777692565cf28528fc88fd1516ea86b56da075235fa575af6a4b855,0x000000000000000000000000b2880d55b128cfa10cc32411e2311f59500e130b,,0x9b31b033c0f30263df076b426825a1ea33e516a674902e6924e34081a4a14367
89221386,2026-07-01 16:00:52.000 UTC,0xb97ef9ef8734c71904d8002f8b6bc66dd9c48a6e,0x,0xffa4e6181777692565cf28528fc88fd1516ea86b56da075235fa575af6a4b855,0x000000000000000000000000e9d48628d685e121f48181616c71f88ec4020bf9,,0x8e03b1d89f3d061c4130b3191d2b07e06d98052aad3a4ed39ce52ecd903cc9d2
89221401,2026-07-01 16:01:07.000 UTC,0xb97ef9ef8734c71904d8002f8b6bc66dd9c48a6e,0x,0xffa4e6181777692565cf28528fc88fd1516ea86b56da075235fa575af6a4b855,0x0000000000000000000000002fbe2388dca7d240ebc72617fb2dd5890fea4dd2,,0x62cba4a81372652fec89146e6874a80d4a839fbe47d5505c072e9b9bb48b2eba
89221535,2026-07-01 16:03:20.000 UTC,0xb97ef9ef8734c71904d8002f8b6bc66dd9c48a6e,0x,0xffa4e6181777692565cf28528fc88fd1516ea86b56da075235fa575af6a4b855,0x00000000000000000000000084be9d8d09cb26f31bb37771ecb06ebdd91101f9,,0xbe8b0e9918ab26c17ec032d65fe63e971b06bf4525e445d00f5ab9f68f9061a8
89221623,2026-07-01 16:05:35.000 UTC,0xb97ef9ef8734c71904d8002f8b6bc66dd9c48a6e,0x,0xffa4e6181777692565cf28528fc88fd1516ea86b56da075235fa575af6a4b855,0x000000000000000000000000ef7c470bbcdd524c299304627180d6074ccbfdfd,,0x6963452d225ff6c17c465a29f4c29c9ac8c3fb91de3d9975ab3d1b7b0487f8d2
89221718,2026-07-01 16:07:11.000 UTC,0xb97ef9ef8734c71904d8002f8b6bc66dd9c48a6e,0x,0xffa4e6181777692565cf28528fc88fd1516ea86b56da075235fa575af6a4b855,0x000000000000000000000000d68022dc9dde9c9e1a613a1fb04a1de5758b563e,,0x9d4dd799c41f74775e5efc3803f20add75dec26f4603219a0308759db56e5b1b
89221748,2026-07-01 16:07:41.000 UTC,0xb97ef9ef8734c71904d8002f8b6bc66dd9c48a6e,0x,0xffa4e6181777692565cf28528fc88fd1516ea86b56da075235fa575af6a4b855,0x00000000000000000000000035ecfdb165bbc06d2cc19af466465c7ac9c3f7eb,,0x448993095296bd0746848b6245f4822c05f8eda16001d5b5850858c4015ef5dd
89221860,2026-07-01 16:09:38.000 UTC,0xb97ef9ef8734c71904d8002f8b6bc66dd9c48a6e,0x,0xffa4e6181777692565cf28528fc88fd1516ea86b56da075235fa575af6a4b855,0x0000000000000000000000002bbf8e01ef1349da89eb6d423a217582430e6dbc,,0x1330f0ccf852691d26fd48c9968778f31a2d23ff241faea87e8a8fb3d807922a
89221903,2026-07-01 16:10:21.000 UTC,0xb97ef9ef8734c71904d8002f8b6bc66dd9c48a6e,0x,0xffa4e6181777692565cf28528fc88fd1516ea86b56da075235fa575af6a4b855,0x000000000000000000000000e5b46834ab6831f5d27c72237da310fef4552911,,0x41c9212191170810dd9ea7ac706fd8c254f25cad9cf69be21790e536255c2f84
89221914,2026-07-01 16:10:32.000 UTC,0xb97ef9ef8734c71904d8002f8b6bc66dd9c48a6e,0x,0xffa4e6181777692565cf28528fc88fd1516ea86b56da075235fa575af6a4b855,0x0000000000000000000000002277d63319a5d529c0ffecf1d4d93343713d9802,,0xcd7d096301aa574141e7b942c06c579317137965a3daf52136ef5f6f152590ea
89222104,2026-07-01 16:13:52.000 UTC,0xb97ef9ef8734c71904d8002f8b6bc66dd9c48a6e,0x,0xffa4e6181777692565cf28528fc88fd1516ea86b56da075235fa575af6a4b855,0x000000000000000000000000dd6184d750a5610e1094cc5b02a8ec1c7dc14be2,,0x0ef82a5fc531d25ee2348badb2efbc0167c1d777a956e0e5bf157d2d7adfefee
89222261,2026-07-01 16:16:31.000 UTC,0xb97ef9ef8734c71904d8002f8b6bc66dd9c48a6e,0x,0xffa4e6181777692565cf28528fc88fd1516ea86b56da075235fa575af6a4b855,0x00000000000000000000000030c7c36cb08138b620bc21611e18264c6a222583,,0xc330a0c246cc6794ce0217837074bd9fec453aa58b8ee6c4561de612c32ebd91
89222707,2026-07-01 16:23:59.000 UTC,0xb97ef9ef8734c71904d8002f8b6bc66dd9c48a6e,0x,0xffa4e6181777692565cf28528fc88fd1516ea86b56da075235fa575af6a4b855,0x000000000000000000000000b0fc46592a0795a23df08b2b25e953a5461805fb,,0x1dda7a7486b8fb2d02afaa4eae81c8be622f8b528b41a3c5dfb9c186d81ad4e7
89222862,2026-07-01 16:26:33.000 UTC,0xb97ef9ef8734c71904d8002f8b6bc66dd9c48a6e,0x,0xffa4e6181777692565cf28528fc88fd1516ea86b56da075235fa575af6a4b855,0x00000000000000000000000097248ad2ee8453b901c646bddc256e4dca165452,,0x7fcbed1fe596517a978d76ade7a94f7f8b9ed999b5deba2240ebac5f9d4935aa
89222973,2026-07-01 16:28:34.000 UTC,0xb97ef9ef8734c71904d8002f8b6bc66dd9c48a6e,0x,0xffa4e6181777692565cf28528fc88fd1516ea86b56da075235fa575af6a4b855,0x000000000000000000000000160ad9cb8202fe697e5b0991b65032787ce23dff,,0xb5179bd17d3c5a9f1fed54bfc16ee329ce5ad131d84e32dfac63a1289284cc70
89223034,2026-07-01 16:29:34.000 UTC,0xb97ef9ef8734c71904d8002f8b6bc66dd9c48a6e,0x,0xffa4e6181777692565cf28528fc88fd1516ea86b56da075235fa575af6a4b855,0x00000000000000000000000045e8fcd87cefd8f53a1775c9781f50e8ca7e8b62,,0x3faf507967f50fd66965860e4995ae565e98a163450e129255400dec0742333e
89223156,2026-07-01 16:31:42.000 UTC,0xb97ef9ef8734c71904d8002f8b6bc66dd9c48a6e,0x,0xffa4e6181777692565cf28528fc88fd1516ea86b56da075235fa575af6a4b855,0x0000000000000000000000008c5a5d9b5bd20cea93295e0f12909d6ebf2f1989,,0x0fcf46dec9c3692f574d000625014080ff7585636e17c72075370841574e0f1d
89223167,2026-07-01 16:31:53.000 UTC,0xb97ef9ef8734c71904d8002f8b6bc66dd9c48a6e,0x,0xffa4e6181777692565cf28528fc88fd1516ea86b56da075235fa575af6a4b855,0x000000000000000000000000d82ffef8cb4f0f6a56fc2dd275879985307d1d3a,,0x053561ffb25d501b9b6644d74d54f0769d2c09f89f9d24784848b16f1ef38deb
89223189,2026-07-01 16:32:15.000 UTC,0xb97ef9ef8734c71904d8002f8b6bc66dd9c48a6e,0x,0xffa4e6181777692565cf28528fc88fd1516ea86b56da075235fa575af6a4b855,0x000000000000000000000000c4b13cf26d06bd15db5b8efe9553710b9aae8acd,,0x465105fb62b77f9c9c54295b1f396aa7b22c2e1615c94ddde1e90e56086dd537
89223241,2026-07-01 16:33:07.000 UTC,0xb97ef9ef8734c71904d8002f8b6bc66dd9c48a6e,0x,0xffa4e6181777692565cf28528fc88fd1516ea86b56da075235fa575af6a4b855,0x00000000000000000000000000e0c79525c9f846ee27f8ecf3dcfebb3a335dc7,,0x6cf227199b346fde644800f6821dea5ee6f2a01390370b82e590ddf350e3f7ae
89223326,2026-07-01 16:34:34.000 UTC,0xb97ef9ef8734c71904d8002f8b6bc66dd9c48a6e,0x,0xffa4e6181777692565cf28528fc88fd1516ea86b56da075235fa575af6a4b855,0x0000000000000000000000002606d9411d6a4cab5b9e0bbd3cdef05f3f35854e,,0xbeb5f32ebe57ccb3defe15b40faf90def2578a6750d12eecee1aaa9094a7923f
89223381,2026-07-01 16:35:28.000 UTC,0xb97ef9ef8734c71904d8002f8b6bc66dd9c48a6e,0x,0xffa4e6181777692565cf28528fc88fd1516ea86b56da075235fa575af6a4b855,0x000000000000000000000000464da77310220c0c1596f8339129907b16cd896f,,0x276476664f9ba4f0337c1e7a01f07dfcac40421b197f7175f3e6aac2d468f74d
89223490,2026-07-01 16:37:17.000 UTC,0xb97ef9ef8734c71904d8002f8b6bc66dd9c48a6e,0x,0xffa4e6181777692565cf28528fc88fd1516ea86b56da075235fa575af6a4b855,0x0000000000000000000000000a9f2460bd9357ebc0e24654b83d43d701560500,,0x6ce19e4601ba35d3e85770f473856bdbae6b389ff059b8e450f8aebacb60b842
89223688,2026-07-01 16:40:36.000 UTC,0xb97ef9ef8734c71904d8002f8b6bc66dd9c48a6e,0x,0xffa4e6181777692565cf28528fc88fd1516ea86b56da075235fa575af6a4b855,0x0000000000000000000000008960c337bb1bc8618e8c022277ca0d34d26ce06c,,0x6466693952235845720919116b379d7f57a98bbadaac6f617f37eb39ff231998
89223731,2026-07-01 16:41:19.000 UTC,0xb97ef9ef8734c71904d8002f8b6bc66dd9c48a6e,0x,0xffa4e6181777692565cf28528fc88fd1516ea86b56da075235fa575af6a4b855,0x000000000000000000000000f72202e113a400891e8f91e1fec0c1cc9065d735,,0xa46704c8878588b30e6110f8d14a0cf3486ec1518d96193712997a41acff5203
89223753,2026-07-01 16:41:41.000 UTC,0xb97ef9ef8734c71904d8002f8b6bc66dd9c48a6e,0x,0xffa4e6181777692565cf28528fc88fd1516ea86b56da075235fa575af6a4b855,0x000000000000000000000000ad5c8f4ba4bb0b94feb63e97bb821f808d44507b,,0x2e6d15a6fa54462a76babc5aab1e968bed05a89c6f4b7737e501e61cca85bf6b
89223783,2026-07-01 16:42:14.000 UTC,0xb97ef9ef8734c71904d8002f8b6bc66dd9c48a6e,0x,0xffa4e6181777692565cf28528fc88fd1516ea86b56da075235fa575af6a4b855,0x0000000000000000000000007db839f22e388b5c427ef1ae4f1fe558012904bf,,0x8e4923fd1541736b3bf30d39fa9ef53384c98c911a87b8e7be1923dd5f2f0937
89223834,2026-07-01 16:43:05.000 UTC,0xb97ef9ef8734c71904d8002f8b6bc66dd9c48a6e,0x,0xffa4e6181777692565cf28528fc88fd1516ea86b56da075235fa575af6a4b855,0x0000000000000000000000000ede87dc2bf535ebc2682340dfc33cc50363bc2b,,0x3643ffc91fe1e0890e335b7e877ad96f449ddd9d92e6b294dd2ebfee4708c7e7
89224358,2026-07-01 16:51:54.000 UTC,0xb97ef9ef8734c71904d8002f8b6bc66dd9c48a6e,0x,0xffa4e6181777692565cf28528fc88fd1516ea86b56da075235fa575af6a4b855,0x000000000000000000000000e646c85afde30e55d7196612efd37e5b058e9717,,0xb44e0451037abb759eeb6673b866e4d5a63721d15532ec2f1a22a0ef2f439a2e
89224371,2026-07-01 16:52:07.000 UTC,0xb97ef9ef8734c71904d8002f8b6bc66dd9c48a6e,0x,0xffa4e6181777692565cf28528fc88fd1516ea86b56da075235fa575af6a4b855,0x00000000000000000000000075fd59164d2af087af5a90f7e1b7c3d05de93dee,,0x910d872065e321e5181fa1f66c867099ccfad44264abaa552ce440cc48e143f8
89224469,2026-07-01 16:53:44.000 UTC,0xb97ef9ef8734c71904d8002f8b6bc66dd9c48a6e,0x,0xffa4e6181777692565cf28528fc88fd1516ea86b56da075235fa575af6a4b855,0x0000000000000000000000005b05ac96e74161c8edffb7e6368df33b4167583a,,0x6177f80bde4e9fc0d1e5b52d73776c1b10be75af3acd8e0bb5d19a2587fb04e7
89224486,2026-07-01 16:54:01.000 UTC,0xb97ef9ef8734c71904d8002f8b6bc66dd9c48a6e,0x,0xffa4e6181777692565cf28528fc88fd1516ea86b56da075235fa575af6a4b855,0x000000000000000000000000f37ffa0e4829aa159af625c48276c4e632f4400c,,0x6a53cc700e8afc46dc46a0f67863f15eb4b7bc9474fa7664b831662e8af8fdc8
89224605,2026-07-01 16:56:00.000 UTC,0xb97ef9ef8734c71904d8002f8b6bc66dd9c48a6e,0x,0xffa4e6181777692565cf28528fc88fd1516ea86b56da075235fa575af6a4b855,0x0000000000000000000000000b57cde36e6e0c31a10442076dfd03ff8038507d,,0x204ac9b9af6d714dcc977523b32282a4ffaeab40efbfe388637a74c7319967ab
89224786,2026-07-01 16:59:03.000 UTC,0xb97ef9ef8734c71904d8002f8b6bc66dd9c48a6e,0x,0xffa4e6181777692565cf28528fc88fd1516ea86b56da075235fa575af6a4b855,0x00000000000000000000000028facff64babe25658bb4635af41aaa019f9deee,,0x33fb39563ff52709fd43d67907da00c162b489213eab4d023259264a58f933f6
89224845,2026-07-01 17:00:01.000 UTC,0xb97ef9ef8734c71904d8002f8b6bc66dd9c48a6e,0x,0xffa4e6181777692565cf28528fc88fd1516ea86b56da075235fa575af6a4b855,0x0000000000000000000000006440312463c98262b0768ac4f8e7232fb58caced,,0x1c577a621ccfc704adc6955aeaa7bed0beb295eb79a0ca494ad6859323c8f84a
89225116,2026-07-01 17:04:53.000 UTC,0xb97ef9ef8734c71904d8002f8b6bc66dd9c48a6e,0x,0xffa4e6181777692565cf28528fc88fd1516ea86b56da075235fa575af6a4b855,0x0000000000000000000000000b1da2038535de65831e81f6fdc40f40b222e2b1,,0xa590238e33e2b942efab8ce492e978a7c5d75627df0e9bbe899f60690feaf81e
89225275,2026-07-01 17:07:33.000 UTC,0xb97ef9ef8734c71904d8002f8b6bc66dd9c48a6e,0x,0xffa4e6181777692565cf28528fc88fd1516ea86b56da075235fa575af6a4b855,0x000000000000000000000000ddc63d69ed992e2617d54950a8cea70e2127c412,,0x11e2d6d1ccf50234b354f4a529c342f68c807251a4f0281afa739e45d70b1570
89225499,2026-07-01 17:11:16.000 UTC,0xb97ef9ef8734c71904d8002f8b6bc66dd9c48a6e,0x,0xffa4e6181777692565cf28528fc88fd1516ea86b56da075235fa575af6a4b855,0x000000000000000000000000803a9bd5e917e32bd7bcde526e656254417c5a86,,0x1a05bb77cca7fb2638592cae31c6665dbb99ccec0f0fc732b4d327ad43d9e2b6
89225549,2026-07-01 17:12:06.000 UTC,0xb97ef9ef8734c71904d8002f8b6bc66dd9c48a6e,0x,0xffa4e6181777692565cf28528fc88fd1516ea86b56da075235fa575af6a4b855,0x000000000000000000000000d1b4671abd7c3db9f5d99b98918ebf8cbd41ea33,,0x88d9778629108ab2509aa014eb9caa763832c60ce2a988e2b3d27f1bbbb8bf3e
89225553,2026-07-01 17:12:10.000 UTC,0xb97ef9ef8734c71904d8002f8b6bc66dd9c48a6e,0x,0xffa4e6181777692565cf28528fc88fd1516ea86b56da075235fa575af6a4b855,0x000000000000000000000000dd8cf42ff365caebbed4f48190ca79286b0e66c7,,0xec9d8e5406c81264457a9917ff0872f2a65a719e6b5f818b1ff6f2e42bcdc8b6
89225683,2026-07-01 17:14:19.000 UTC,0xb97ef9ef8734c71904d8002f8b6bc66dd9c48a6e,0x,0xffa4e6181777692565cf28528fc88fd1516ea86b56da075235fa575af6a4b855,0x0000000000000000000000001c165affe280c786303cce84f1eda9957de87779,,0x20b6802d895b71953eacd1a295fc82e64688b1277b2f0b6a5c949c8c5c901a3f
89225711,2026-07-01 17:14:47.000 UTC,0xb97ef9ef8734c71904d8002f8b6bc66dd9c48a6e,0x,0xffa4e6181777692565cf28528fc88fd1516ea86b56da075235fa575af6a4b855,0x0000000000000000000000002d415662ce7ddd1e89c4bbf8f527f7e06811248e,,0x3b2dce0488dbd42eca4729d9b6319c10fdd2979edb01e2b793448b11bc00c347
89225929,2026-07-01 17:18:26.000 UTC,0xb97ef9ef8734c71904d8002f8b6bc66dd9c48a6e,0x,0xffa4e6181777692565cf28528fc88fd1516ea86b56da075235fa575af6a4b855,0x0000000000000000000000002907a4de925af9434bcf176957dcbfeac49afc46,,0x884e73782f0724e9c1aa5bdefde7a4b95121205c6674873eb567a35abab97af9
89226208,2026-07-01 17:23:04.000 UTC,0xb97ef9ef8734c71904d8002f8b6bc66dd9c48a6e,0x,0xffa4e6181777692565cf28528fc88fd1516ea86b56da075235fa575af6a4b855,0x0000000000000000000000000c1ee706f91a56fc96e2f260c670bd4bf3002696,,0xbe7b2822ce1288ba833193dac6422ebcb4b8c2437b115a23386017922d864727
89226211,2026-07-01 17:23:07.000 UTC,0xb97ef9ef8734c71904d8002f8b6bc66dd9c48a6e,0x,0xffa4e6181777692565cf28528fc88fd1516ea86b56da075235fa575af6a4b855,0x0000000000000000000000001b78a412cc1078fd5719a3379085647ca4ba0e5f,,0x47223a895b2ef83d6eab9322a30e9165ddd6deda253fa29694d3ae37e38a1cb8
89226253,2026-07-01 17:23:49.000 UTC,0xb97ef9ef8734c71904d8002f8b6bc66dd9c48a6e,0x,0xffa4e6181777692565cf28528fc88fd1516ea86b56da075235fa575af6a4b855,0x000000000000000000000000b251e1f30c697905287d3e1be1fb0fffc01ce633,,0xed774565b86991f4f0ddd72180fd22c97aedbeee0d23507fb327f35251fd8135
89226262,2026-07-01 17:23:58.000 UTC,0xb97ef9ef8734c71904d8002f8b6bc66dd9c48a6e,0x,0xffa4e6181777692565cf28528fc88fd1516ea86b56da075235fa575af6a4b855,0x00000000000000000000000068c15054d74c86ffca1e23a3802a27bab1735395,,0xf5dfc7b6d8844a92679a1cd05320e5310c1d195479f6ed60c6d05b75bb03bdaa
89226326,2026-07-01 17:25:02.000 UTC,0xb97ef9ef8734c71904d8002f8b6bc66dd9c48a6e,0x,0xffa4e6181777692565cf28528fc88fd1516ea86b56da075235fa575af6a4b855,0x000000000000000000000000a112c8cb691f58754269ce81c73a9dc92e63159f,,0x650c6d27a8258c33b7b7d8085e7409ea23b5a22a1e985309579e660880a9ed75
89226838,2026-07-01 17:33:39.000 UTC,0xb97ef9ef8734c71904d8002f8b6bc66dd9c48a6e,0x,0xffa4e6181777692565cf28528fc88fd1516ea86b56da075235fa575af6a4b855,0x00000000000000000000000012f3acd05ddc70d333ca7e8d9a36513997cfb08f,,0x53ffbb8ba4a21f90c2e4609c6cebbb87d124d4c266c63d1d68ee0210c6b3b621
89226922,2026-07-01 17:35:05.000 UTC,0xb97ef9ef8734c71904d8002f8b6bc66dd9c48a6e,0x,0xffa4e6181777692565cf28528fc88fd1516ea86b56da075235fa575af6a4b855,0x000000000000000000000000a570df663c1b522f3dacd6f96320e65f8206ed0d,,0x632dc0b7d93b17ca1ae4f781a6eb1db9352d9be93e7c9365ae078e18222b9322
89227024,2026-07-01 17:36:47.000 UTC,0xb97ef9ef8734c71904d8002f8b6bc66dd9c48a6e,0x,0xffa4e6181777692565cf28528fc88fd1516ea86b56da075235fa575af6a4b855,0x000000000000000000000000fbc3ca4a4b808bef72c54b872caa59e5e69c783e,,0xc1406f9f087cc84c3c1df89224b486197897bf8368ca491ae1d625c50130016e
89227209,2026-07-01 17:39:51.000 UTC,0xb97ef9ef8734c71904d8002f8b6bc66dd9c48a6e,0x,0xffa4e6181777692565cf28528fc88fd1516ea86b56da075235fa575af6a4b855,0x00000000000000000000000056bf68cd5ad0cafc5e3cb7da826914359592eb62,,0x69cd64afdb295a53e4dfcbd79709d1c418bfcdb2d21c56a7d3274248b23a549c
89227230,2026-07-01 17:40:12.000 UTC,0xb97ef9ef8734c71904d8002f8b6bc66dd9c48a6e,0x,0xffa4e6181777692565cf28528fc88fd1516ea86b56da075235fa575af6a4b855,0x000000000000000000000000d086c684646d4eba389c5d97e57d5b2bee3826b7,,0xadeff01a0820aea8053d10b8008bc10b169aa003e47930c922f17d0e90e9eac7
89227244,2026-07-01 17:40:26.000 UTC,0xb97ef9ef8734c71904d8002f8b6bc66dd9c48a6e,0x,0xffa4e6181777692565cf28528fc88fd1516ea86b56da075235fa575af6a4b855,0x00000000000000000000000024545819f879db1a8df28fe0fd7f8ee4b7025977,,0x08085963d6272b7e6f3dc4242699eb31633fb209b993fa7abfec7b60cfcd31ba
89227276,2026-07-01 17:40:58.000 UTC,0xb97ef9ef8734c71904d8002f8b6bc66dd9c48a6e,0x,0xffa4e6181777692565cf28528fc88fd1516ea86b56da075235fa575af6a4b855,0x00000000000000000000000095bcc8bbd8f91b255baf9ecf54f15e74b9959af2,,0xda67b67e1337423a68505f2ea91413ff391f877c710e20a9d164f7a5b639d26a
89227358,2026-07-01 17:42:19.000 UTC,0xb97ef9ef8734c71904d8002f8b6bc66dd9c48a6e,0x,0xffa4e6181777692565cf28528fc88fd1516ea86b56da075235fa575af6a4b855,0x00000000000000000000000081d0eac7c2e42b221bd2e5bd5f9ddc0dcc9f6f30,,0x5c8e321d8af6a17fb27431e5c90908dba74590106d9f0ba77066a26d99e1f19a
89227363,2026-07-01 17:42:24.000 UTC,0xb97ef9ef8734c71904d8002f8b6bc66dd9c48a6e,0x,0xffa4e6181777692565cf28528fc88fd1516ea86b56da075235fa575af6a4b855,0x000000000000000000000000878ebd5e809aca3dc01856d5fa924a405e34dad6,,0x71b5ebd187f7732a173d3fbf14ffb25cbd498898f6d32dbf45aa652f63c3aae9
89227476,2026-07-01 17:44:23.000 UTC,0xb97ef9ef8734c71904d8002f8b6bc66dd9c48a6e,0x,0xffa4e6181777692565cf28528fc88fd1516ea86b56da075235fa575af6a4b855,0x0000000000000000000000009f4f225d3fa34d498adbfd6898e2b30850859059,,0x39a29d2b33312c47d55cbc2e14b65e05d655727c1a6439b19b47ceff8f9c7d05
89227493,2026-07-01 17:44:40.000 UTC,0xb97ef9ef8734c71904d8002f8b6bc66dd9c48a6e,0x,0xffa4e6181777692565cf28528fc88fd1516ea86b56da075235fa575af6a4b855,0x000000000000000000000000e4814881a36d2c543b5acc30a7ee9868b0c810da,,0x7d04ef87835831109af9dee6a4efb456e121d6d7ecaffe1874d50132fc0a9e20
89227688,2026-07-01 17:47:57.000 UTC,0xb97ef9ef8734c71904d8002f8b6bc66dd9c48a6e,0x,0xffa4e6181777692565cf28528fc88fd1516ea86b56da075235fa575af6a4b855,0x000000000000000000000000a05b377f4ae52727a59bcb7a82d6a20356f6b0b4,,0xd8a8590ada51c191f613bee0114ba6463e6450260b66e7d3c1a6e4ff396988e3
89228202,2026-07-01 17:56:46.000 UTC,0xb97ef9ef8734c71904d8002f8b6bc66dd9c48a6e,0x,0xffa4e6181777692565cf28528fc88fd1516ea86b56da075235fa575af6a4b855,0x0000000000000000000000002e2983271415c0aa7950277186f10c0676f5cac2,,0xe2287de59d7043d82d81836be05f440efaeff189eb361dace71e3b394af947e9
89228345,2026-07-01 17:59:08.000 UTC,0xb97ef9ef8734c71904d8002f8b6bc66dd9c48a6e,0x,0xffa4e6181777692565cf28528fc88fd1516ea86b56da075235fa575af6a4b855,0x00000000000000000000000007d28de0bbd45f2ef8f89621f9f504ed72f34d92,,0x10aa54e7f62e89bc53798dd44d9dc471e0f2901a93adc92328de82401c8d18cd
89228490,2026-07-01 18:01:36.000 UTC,0xb97ef9ef8734c71904d8002f8b6bc66dd9c48a6e,0x,0xffa4e6181777692565cf28528fc88fd1516ea86b56da075235fa575af6a4b855,0x00000000000000000000000026eddc84e46104b944f871c0f3fbd8256197d5ca,,0xc1d2efe1b234121314bd68f3b981544e1c4c5eeb2cd336d15b7f3186e2d29d80
89228553,2026-07-01 18:02:39.000 UTC,0xb97ef9ef8734c71904d8002f8b6bc66dd9c48a6e,0x,0xffa4e6181777692565cf28528fc88fd1516ea86b56da075235fa575af6a4b855,0x000000000000000000000000d3faecadc1f752234b6079299f570def99976f7c,,0x37ebbe1483e8856d6bceab51e781f6a8f201c6a97536d54792537f6419ae9eb5
89228592,2026-07-01 18:03:21.000 UTC,0xb97ef9ef8734c71904d8002f8b6bc66dd9c48a6e,0x,0xffa4e6181777692565cf28528fc88fd1516ea86b56da075235fa575af6a4b855,0x000000000000000000000000a38ffbe2722007f682e4985420acfce172c8b421,,0xa2e194908f1c9d23f2cdd0ecfe3c2bd859fe5e927fbbc29a4e4a25059f38ed3f
89228730,2026-07-01 18:05:43.000 UTC,0xb97ef9ef8734c71904d8002f8b6bc66dd9c48a6e,0x,0xffa4e6181777692565cf28528fc88fd1516ea86b56da075235fa575af6a4b855,0x000000000000000000000000b79a667da76ba369583ba333c4eb4b005c5b657a,,0x54b8e9158fa642c0b599698f2b487bc92d435d2a7919eb9867c2aa7ded0a66f4
89228784,2026-07-01 18:06:37.000 UTC,0xb97ef9ef8734c71904d8002f8b6bc66dd9c48a6e,0x,0xffa4e6181777692565cf28528fc88fd1516ea86b56da075235fa575af6a4b855,0x0000000000000000000000005a43b964288ce2b4b7de0cae544531bf94a8b79f,,0x9b3a038672fa31b926ef0fbcf65b28da0cd3c6338d3860da88552b55af5e7618
89228860,2026-07-01 18:07:53.000 UTC,0xb97ef9ef8734c71904d8002f8b6bc66dd9c48a6e,0x,0xffa4e6181777692565cf28528fc88fd1516ea86b56da075235fa575af6a4b855,0x00000000000000000000000020e60fa8673fa61d574b42a13ae805c312777241,,0x36b357f06aa6d4d3ea0f38c46a7989ac829cb2c131a7421b506436f22960e2f3
89228876,2026-07-01 18:08:12.000 UTC,0xb97ef9ef8734c71904d8002f8b6bc66dd9c48a6e,0x,0xffa4e6181777692565cf28528fc88fd1516ea86b56da075235fa575af6a4b855,0x000000000000000000000000a6358db3812ce9a11eb8aa2f954e36711ed015f6,,0x5654791eb92c46ba4cb2bf00f51f4d94d0059aeb2fb13e6c20c80ad8a56a0bbb
89229007,2026-07-01 18:10:23.000 UTC,0xb97ef9ef8734c71904d8002f8b6bc66dd9c48a6e,0x,0xffa4e6181777692565cf28528fc88fd1516ea86b56da075235fa575af6a4b855,0x00000000000000000000000031424423746e69795da87d93bef987cc9aebe8d6,,0xf38a2afb6dc55755135a9ac8ee17512a61fa97bcb394b337f29b26b24bb00973
89229272,2026-07-01 18:14:49.000 UTC,0xb97ef9ef8734c71904d8002f8b6bc66dd9c48a6e,0x,0xffa4e6181777692565cf28528fc88fd1516ea86b56da075235fa575af6a4b855,0x0000000000000000000000003e4b5fa3fe3fdb48f0865b2088e3beafe915eb63,,0xec1962391d53e30ce9db92c98648a703eb1d860325619b6a7940d31ca5d92971
89229557,2026-07-01 18:19:36.000 UTC,0xb97ef9ef8734c71904d8002f8b6bc66dd9c48a6e,0x,0xffa4e6181777692565cf28528fc88fd1516ea86b56da075235fa575af6a4b855,0x00000000000000000000000001ab57e94386817f1d3d3549c2e3ad5d2622de2b,,0xe4431feb5221bc15c4b3e4de8109aafc7c78fe194d9a6bc7d97a1eddf3373ede
89229622,2026-07-01 18:20:41.000 UTC,0xb97ef9ef8734c71904d8002f8b6bc66dd9c48a6e,0x,0xffa4e6181777692565cf28528fc88fd1516ea86b56da075235fa575af6a4b855,0x00000000000000000000000012f59283c23ff1b2ad7a8730b6cf41df25435570,,0x8f5a76658dfe3ad154fb7fecf3f37799bac15e95d2639d7d9782b1597e3a318a
89229705,2026-07-01 18:22:03.000 UTC,0xb97ef9ef8734c71904d8002f8b6bc66dd9c48a6e,0x,0xffa4e6181777692565cf28528fc88fd1516ea86b56da075235fa575af6a4b855,0x000000000000000000000000f0eaf0fa72283fb86ebd5d462cc5c7e97d640308,,0x66688711875db27102d3c73a9c944889aa5e882cfc4ae7c1a39ac47266823fa5
89229791,2026-07-01 18:23:30.000 UTC,0xb97ef9ef8734c71904d8002f8b6bc66dd9c48a6e,0x,0xffa4e6181777692565cf28528fc88fd1516ea86b56da075235fa575af6a4b855,0x000000000000000000000000cc8b73b5a7b3c88478c1a3d0eb34c7c5dc9f686f,,0xd16c7699e7ec271e602063991d3de13cea582a5cc04d1ebb0e7fc313239cc755
89229849,2026-07-01 18:24:28.000 UTC,0xb97ef9ef8734c71904d8002f8b6bc66dd9c48a6e,0x,0xffa4e6181777692565cf28528fc88fd1516ea86b56da075235fa575af6a4b855,0x00000000000000000000000018855af93d521cf39fa8a1342a06562661725420,,0x9500fea06e66afb89660109d5e175c594d60c130ebba025a7620850bebb6d69b
89230266,2026-07-01 18:31:23.000 UTC,0xb97ef9ef8734c71904d8002f8b6bc66dd9c48a6e,0x,0xffa4e6181777692565cf28528fc88fd1516ea86b56da075235fa575af6a4b855,0x000000000000000000000000aa678643e6c27b8508d91bf152b581b94b8c6cbf,,0x3b6ecdd5196ff259ce2ce9be27ef837059938536cc1e5de750eb32e5451a044c
89230288,2026-07-01 18:31:45.000 UTC,0xb97ef9ef8734c71904d8002f8b6bc66dd9c48a6e,0x,0xffa4e6181777692565cf28528fc88fd1516ea86b56da075235fa575af6a4b855,0x0000000000000000000000002d0d0dcf83adde53fcde96af5fbcd1367944a2d8,,0xf37258367a2d80dc1c1c7f14b8a7efd60f7dbc7bcfdaa39e01e46e0fc54c571f
89230307,2026-07-01 18:32:06.000 UTC,0xb97ef9ef8734c71904d8002f8b6bc66dd9c48a6e,0x,0xffa4e6181777692565cf28528fc88fd1516ea86b56da075235fa575af6a4b855,0x000000000000000000000000701f00ebbcd4c09d6a7a9f89023cbf400c318504,,0xb74a4ef8595810baba92d3e03394a90a460271325396ee910d5b5fb3080d2f29
89230547,2026-07-01 18:36:26.000 UTC,0xb97ef9ef8734c71904d8002f8b6bc66dd9c48a6e,0x,0xffa4e6181777692565cf28528fc88fd1516ea86b56da075235fa575af6a4b855,0x0000000000000000000000007077f6f05c0c435bde0d145613425fc17ce10a5a,,0xb9412e72a5ace3ba175619310f48252b0046fa4099b694ed186bc2331b961171
89230579,2026-07-01 18:36:58.000 UTC,0xb97ef9ef8734c71904d8002f8b6bc66dd9c48a6e,0x,0xffa4e6181777692565cf28528fc88fd1516ea86b56da075235fa575af6a4b855,0x000000000000000000000000ae1174ea8e2ce28b7db322f675be24507a37aabd,,0x424de1c49aeb6f9abfb79ecf1916faf607deb5a14ed0421216cde8ffe83715e7
89230731,2026-07-01 18:39:38.000 UTC,0xb97ef9ef8734c71904d8002f8b6bc66dd9c48a6e,0x,0xffa4e6181777692565cf28528fc88fd1516ea86b56da075235fa575af6a4b855,0x0000000000000000000000008711522cdb2f89df2d99dea0c1cb68ce2ee3016a,,0xee722b518a934e0a5acb19b547b030c30ec8138d90259bf172dd234cc01e300e
89230912,2026-07-01 18:42:50.000 UTC,0xb97ef9ef8734c71904d8002f8b6bc66dd9c48a6e,0x,0xffa4e6181777692565cf28528fc88fd1516ea86b56da075235fa575af6a4b855,0x0000000000000000000000001796486b359f2084f9e1585a491545d38d6db391,,0x462f3f0c18334151066557042af6ead40088e837b17e688adf3ed870615c43b4
89230964,2026-07-01 18:43:42.000 UTC,0xb97ef9ef8734c71904d8002f8b6bc66dd9c48a6e,0x,0xffa4e6181777692565cf28528fc88fd1516ea86b56da075235fa575af6a4b855,0x000000000000000000000000cc794fdec285f2b5461b6b2aee7d0511cde8cda7,,0xa1065f8139d3a3da7afe13170fe4c1f7ddc2a2d2c68dc81ea8603e4bebea81f1
89231017,2026-07-01 18:44:39.000 UTC,0xb97ef9ef8734c71904d8002f8b6bc66dd9c48a6e,0x,0xffa4e6181777692565cf28528fc88fd1516ea86b56da075235fa575af6a4b855,0x00000000000000000000000012964e45547b54b00faab3f8babc22ff7fe45609,,0x7318ca1876880fa0146cb4137aba1de50f6c05e706ac7eb0d8968dc428b6132c
89231300,2026-07-01 18:49:27.000 UTC,0xb97ef9ef8734c71904d8002f8b6bc66dd9c48a6e,0x,0xffa4e6181777692565cf28528fc88fd1516ea86b56da075235fa575af6a4b855,0x0000000000000000000000008eec746c6fc6dda84f44c82ca94818281c23e1f1,,0xbfce608fe48c00cc10e7fbbc25d849be5e851d6d6831227c20fd9fb586e3e35d
89231401,2026-07-01 18:51:13.000 UTC,0xb97ef9ef8734c71904d8002f8b6bc66dd9c48a6e,0x,0xffa4e6181777692565cf28528fc88fd1516ea86b56da075235fa575af6a4b855,0x000000000000000000000000410450013674ad6e67c8c0c0d4cf71656cf1e4b4,,0xf44fb954f4031592e1f628edc2a535d9ba3c7c43600da817990c930398fa016a
89231404,2026-07-01 18:51:15.000 UTC,0xb97ef9ef8734c71904d8002f8b6bc66dd9c48a6e,0x,0xffa4e6181777692565cf28528fc88fd1516ea86b56da075235fa575af6a4b855,0x000000000000000000000000eb3c18a88bd40c776cdf6c3986edbc39f30a731d,,0x867db31ee369125948c1f22f4f90647ec0e4e7d18c500dff138a7a87e8a2bc58
89231448,2026-07-01 18:51:59.000 UTC,0xb97ef9ef8734c71904d8002f8b6bc66dd9c48a6e,0x,0xffa4e6181777692565cf28528fc88fd1516ea86b56da075235fa575af6a4b855,0x0000000000000000000000001ed13e7c465a3850f8f9e0b503587ba514017536,,0x0563653c671923fa480cf0a5385dab7e1a84b068f213c2bd114f4710927862f3
89231476,2026-07-01 18:52:31.000 UTC,0xb97ef9ef8734c71904d8002f8b6bc66dd9c48a6e,0x,0xffa4e6181777692565cf28528fc88fd1516ea86b56da075235fa575af6a4b855,0x000000000000000000000000cc0bf752565564606f37c647249da56838671a7d,,0xcb3d5f1474af56937fc3a9694e5344c60b31307b9178183c26b88df1dd9a0227
89231488,2026-07-01 18:52:42.000 UTC,0xb97ef9ef8734c71904d8002f8b6bc66dd9c48a6e,0x,0xffa4e6181777692565cf28528fc88fd1516ea86b56da075235fa575af6a4b855,0x0000000000000000000000003beaf4486e9c6a4feae23ed9296844588a61604c,,0xcfbc2e4a73d8d67972b332b65a72dcea28a45b2553e3649a6c64c2499443cf04
89231496,2026-07-01 18:52:51.000 UTC,0xb97ef9ef8734c71904d8002f8b6bc66dd9c48a6e,0x,0xffa4e6181777692565cf28528fc88fd1516ea86b56da075235fa575af6a4b855,0x00000000000000000000000093e7a8bfd6c1f4af81db2ae9ea6b02e69a6da2bf,,0x91f5752e0cf411f6e8a5270ef111126967c885b97acb7add958c8f7010dd58a8
89231613,2026-07-01 18:54:47.000 UTC,0xb97ef9ef8734c71904d8002f8b6bc66dd9c48a6e,0x,0xffa4e6181777692565cf28528fc88fd1516ea86b56da075235fa575af6a4b855,0x000000000000000000000000d5f14e80acaf51d5970eba2851685b32f5a97e00,,0xa8ebe6d87f35a59756fd24503455b37eb4418b354528ab5b210377cf00d65b0d
89231800,2026-07-01 18:57:56.000 UTC,0xb97ef9ef8734c71904d8002f8b6bc66dd9c48a6e,0x,0xffa4e6181777692565cf28528fc88fd1516ea86b56da075235fa575af6a4b855,0x000000000000000000000000ee366d650af5599f86289109ffb37ff0a2178b2f,,0x8d0fcd6867bbc03b6c21ed468b97dad586595f26658e278ca7d61eaa64f7365f
89232088,2026-07-01 19:02:44.000 UTC,0xb97ef9ef8734c71904d8002f8b6bc66dd9c48a6e,0x,0xffa4e6181777692565cf28528fc88fd1516ea86b56da075235fa575af6a4b855,0x0000000000000000000000008d7e10e5fa9ce28f5a7f49760b59f5ad992bddce,,0x28537f1c8cda7c4875d6a06c254b477eddbec9bba7504377c69b427f5a60a172
89232401,2026-07-01 19:08:07.000 UTC,0xb97ef9ef8734c71904d8002f8b6bc66dd9c48a6e,0x,0xffa4e6181777692565cf28528fc88fd1516ea86b56da075235fa575af6a4b855,0x000000000000000000000000c4244fe10b9365766efa5a4f0baa124a750c8b4f,,0x9b911b9377b9fb3ce9ba60d2528d46b337417ca80aa43b9473bc762414495262
89232531,2026-07-01 19:10:20.000 UTC,0xb97ef9ef8734c71904d8002f8b6bc66dd9c48a6e,0x,0xffa4e6181777692565cf28528fc88fd1516ea86b56da075235fa575af6a4b855,0x0000000000000000000000004069dffc23210e939075300d5e50161d0cf868c7,,0x561baa8ab180ae6eb8fe6bcb20db283c9f7325841a0d706d1547159bdcd41317
89232706,2026-07-01 19:13:19.000 UTC,0xb97ef9ef8734c71904d8002f8b6bc66dd9c48a6e,0x,0xffa4e6181777692565cf28528fc88fd1516ea86b56da075235fa575af6a4b855,0x00000000000000000000000081c483bf9bcdc0a31864ae7c1762425b67c2c467,,0xd46cb87189bc537f899fbf89b9e3d0730784af3e64ee1f2edbfbde4a060085be
89232762,2026-07-01 19:14:15.000 UTC,0xb97ef9ef8734c71904d8002f8b6bc66dd9c48a6e,0x,0xffa4e6181777692565cf28528fc88fd1516ea86b56da075235fa575af6a4b855,0x000000000000000000000000994aa9e584fdbe4df7934db56941fc19e70bb336,,0x9b97e19633f6436d966f52a9c65d68053d5d7c68e23ead9e7759af99792b47f4
89232836,2026-07-01 19:15:28.000 UTC,0xb97ef9ef8734c71904d8002f8b6bc66dd9c48a6e,0x,0xffa4e6181777692565cf28528fc88fd1516ea86b56da075235fa575af6a4b855,0x000000000000000000000000ab1a8d5e41dc0223973dbdfd1de14e3d567d81fb,,0x629f0aa9d4fa80b238e4fc919ec06e6c28932b222492bf5bfc0eca07187e52d8
89232863,2026-07-01 19:15:55.000 UTC,0xb97ef9ef8734c71904d8002f8b6bc66dd9c48a6e,0x,0xffa4e6181777692565cf28528fc88fd1516ea86b56da075235fa575af6a4b855,0x000000000000000000000000912b64c34d4c048c403d588df0fdae3b9b93b543,,0x2395ef53f36dc62e3237e12bb8c4ff741197c34ee8e6dab2d12fa307e28eb53d
89232987,2026-07-01 19:17:59.000 UTC,0xb97ef9ef8734c71904d8002f8b6bc66dd9c48a6e,0x,0xffa4e6181777692565cf28528fc88fd1516ea86b56da075235fa575af6a4b855,0x00000000000000000000000026f4376ef74562f92876577e86b0bbb4fc05cdd6,,0x5ac03d7068613e22a5f7e56ca72a9d34fea5ad8b377d9deef157e7f5381250c9
89233086,2026-07-01 19:19:48.000 UTC,0xb97ef9ef8734c71904d8002f8b6bc66dd9c48a6e,0x,0xffa4e6181777692565cf28528fc88fd1516ea86b56da075235fa575af6a4b855,0x000000000000000000000000c868071a9602dd0c8e8f277432c742fdac78442b,,0x58f91077146480c4eba863e6e47bef37e2f676de741910ffe99bcdbbcdd669c7
89233189,2026-07-01 19:21:40.000 UTC,0xb97ef9ef8734c71904d8002f8b6bc66dd9c48a6e,0x,0xffa4e6181777692565cf28528fc88fd1516ea86b56da075235fa575af6a4b855,0x00000000000000000000000091f7a5a79c0c660744496dd498a1601bfe670494,,0x765787864223681067195f471501cf529cf5be5deac156387f248f7e7b9a956a
89233231,2026-07-01 19:22:22.000 UTC,0xb97ef9ef8734c71904d8002f8b6bc66dd9c48a6e,0x,0xffa4e6181777692565cf28528fc88fd1516ea86b56da075235fa575af6a4b855,0x0000000000000000000000003ec58d2b0bce77282f2e415ac6596dc3f626f436,,0x881ce396347fb7e8806f440dc8672cfdfb2d683c115bd22b6587d9b5403bed70
89233252,2026-07-01 19:22:43.000 UTC,0xb97ef9ef8734c71904d8002f8b6bc66dd9c48a6e,0x,0xffa4e6181777692565cf28528fc88fd1516ea86b56da075235fa575af6a4b855,0x0000000000000000000000005168da75329bca67a2c75642b7cab4f14482cb9d,,0xa13585e37769c8c84b4811157ef226b587a2fb4996e5e8ea7d4fbc19b495b360
89233452,2026-07-01 19:26:09.000 UTC,0xb97ef9ef8734c71904d8002f8b6bc66dd9c48a6e,0x,0xffa4e6181777692565cf28528fc88fd1516ea86b56da075235fa575af6a4b855,0x00000000000000000000000070d6292f5b971c82fb6587a3cd740f64e98009c3,,0x7a833b6b19e5621c7888821cb7a0be3296f0be8c339fcc973e1dde39bf7960d0
89233574,2026-07-01 19:28:29.000 UTC,0xb97ef9ef8734c71904d8002f8b6bc66dd9c48a6e,0x,0xffa4e6181777692565cf28528fc88fd1516ea86b56da075235fa575af6a4b855,0x00000000000000000000000013c9c13507282550061c367f8f10527df835afc5,,0x449ae23f7d3ba397a53247114738597615d59cbf58cd5cffe61786da7e0ac45d
89233670,2026-07-01 19:30:04.000 UTC,0xb97ef9ef8734c71904d8002f8b6bc66dd9c48a6e,0x,0xffa4e6181777692565cf28528fc88fd1516ea86b56da075235fa575af6a4b855,0x0000000000000000000000002d20b1d77f2f663f7fe745f8493d6744683544b8,,0x48a954e4849325dd1ff73e1aa6592fc01a9ae0990af7a370771140d728549bd3
89233836,2026-07-01 19:32:49.000 UTC,0xb97ef9ef8734c71904d8002f8b6bc66dd9c48a6e,0x,0xffa4e6181777692565cf28528fc88fd1516ea86b56da075235fa575af6a4b855,0x00000000000000000000000082def3990129e73531ad7a737ba54c76d34e507d,,0x482ec315994099f561d57405ce0acfac04d4e56b4ea49b12cca2aebcbec101c1
90215022,2026-07-13 15:19:03.000 UTC,0xb97ef9ef8734c71904d8002f8b6bc66dd9c48a6e,0x,0xffa4e6181777692565cf28528fc88fd1516ea86b56da075235fa575af6a4b855,0x0000000000000000000000001d19b52b54e7ef5ea1a4b40b616165e798eac9f8,,0xaf2775fe6c672b635d5c09d88c796e38e0774befe1f3acad00d99feac6c4ae10
90215106,2026-07-13 15:20:29.000 UTC,0xb97ef9ef8734c71904d8002f8b6bc66dd9c48a6e,0x,0xffa4e6181777692565cf28528fc88fd1516ea86b56da075235fa575af6a4b855,0x0000000000000000000000002c7dcd774b33e10367f7d6385479e04f97d179dc,,0xb31769ed36f6eecc30600489fe4a2a076b72e4db19657247478bea6f517f045a
90215180,2026-07-13 15:21:46.000 UTC,0xb97ef9ef8734c71904d8002f8b6bc66dd9c48a6e,0x,0xffa4e6181777692565cf28528fc88fd1516ea86b56da075235fa575af6a4b855,0x0000000000000000000000002711d73d559f62f4f855ee21f38378f528e07985,,0x90144a4809b266575b65ed3e110012042000d6b7dd39c73ae12c8939a0a59703
90215212,2026-07-13 15:22:18.000 UTC,0xb97ef9ef8734c71904d8002f8b6bc66dd9c48a6e,0x,0xffa4e6181777692565cf28528fc88fd1516ea86b56da075235fa575af6a4b855,0x000000000000000000000000be7d33a802487f0b51e0191dc0c3772fa11a8f70,,0x4da340aceb005df0266d584dadb1878dd9218e06906de616ab384ab734107f85
90215596,2026-07-13 15:29:04.000 UTC,0xb97ef9ef8734c71904d8002f8b6bc66dd9c48a6e,0x,0xffa4e6181777692565cf28528fc88fd1516ea86b56da075235fa575af6a4b855,0x0000000000000000000000000e0d1899d3a6a9362bc215f1c5a9acaccb0de882,,0xc1e03b60975e7a4d4da5a2b3118baa5d62090029ec80b9154c73ca884d761030
90215647,2026-07-13 15:29:57.000 UTC,0xb97ef9ef8734c71904d8002f8b6bc66dd9c48a6e,0x,0xffa4e6181777692565cf28528fc88fd1516ea86b56da075235fa575af6a4b855,0x000000000000000000000000cfbb0c9a2a99777b46211b380869f82cf20a635e,,0xda748ae3a269c434ee373a666f710524c8a84c976a0d773c78f2de4da359cdc0
90316309,2026-07-14 20:22:41.000 UTC,0xb97ef9ef8734c71904d8002f8b6bc66dd9c48a6e,0x,0xffa4e6181777692565cf28528fc88fd1516ea86b56da075235fa575af6a4b855,0x00000000000000000000000008151bd98c00015de698408de9405aa62115b5ee,,0x8c3e1cc7405a73135ca3319a3aa7965bb2595e2fbabb616b4aced2480a4797db
90316558,2026-07-14 20:26:57.000 UTC,0xb97ef9ef8734c71904d8002f8b6bc66dd9c48a6e,0x,0xffa4e6181777692565cf28528fc88fd1516ea86b56da075235fa575af6a4b855,0x0000000000000000000000003ba6174651e3a0c3c6a7d42a75e6e00b039304d1,,0x32c1ed46455574be951b99981ad467f4021db173139b2815bae656f0c391a3d4
90316666,2026-07-14 20:28:46.000 UTC,0xb97ef9ef8734c71904d8002f8b6bc66dd9c48a6e,0x,0xffa4e6181777692565cf28528fc88fd1516ea86b56da075235fa575af6a4b855,0x0000000000000000000000005f077e9b16f30b9ecfaf5dc09294dcc98b8d395a,,0x7d378b7ceb06ffc15c21c69d532c3a3c0427f1317fe927db54562328cfc6431c
90316742,2026-07-14 20:30:02.000 UTC,0xb97ef9ef8734c71904d8002f8b6bc66dd9c48a6e,0x,0xffa4e6181777692565cf28528fc88fd1516ea86b56da075235fa575af6a4b855,0x000000000000000000000000e995da05f4e51871d5d2ef8496536a052138bc6a,,0x0f66b404275b71dc0288465299c6221269405a68c3866020f8bb27374a5af087
91059068,2026-07-23 18:44:56.000 UTC,0xb97ef9ef8734c71904d8002f8b6bc66dd9c48a6e,0x,0xffa4e6181777692565cf28528fc88fd1516ea86b56da075235fa575af6a4b855,0x00000000000000000000000007f57fafbd3055737c778184cdb7b30c65fb7a6e,,0xc4a1955f39b162e7fde72b9db93bce29d04e43ec3a66f8bb586168d03e219841
91059149,2026-07-23 18:46:20.000 UTC,0xb97ef9ef8734c71904d8002f8b6bc66dd9c48a6e,0x,0xffa4e6181777692565cf28528fc88fd1516ea86b56da075235fa575af6a4b855,0x0000000000000000000000004b6d60a69a1386992e18f89241d183429ebc3a56,,0x2b4a961107c6e6e447543f92ec5a3bb6318c4fa373c170a2614bfb914b355734
91059231,2026-07-23 18:47:45.000 UTC,0xb97ef9ef8734c71904d8002f8b6bc66dd9c48a6e,0x,0xffa4e6181777692565cf28528fc88fd1516ea86b56da075235fa575af6a4b855,0x000000000000000000000000506d8d7c56a06723a52fde594638eeda23461d15,,0x5c8680155fd62086ebe5ad7afa8c67c0047318c41587a6b41cee8f2beccbfe20
91059319,2026-07-23 18:49:22.000 UTC,0xb97ef9ef8734c71904d8002f8b6bc66dd9c48a6e,0x,0xffa4e6181777692565cf28528fc88fd1516ea86b56da075235fa575af6a4b855,0x00000000000000000000000076c7c4ff99ab9791d4e358e33a3f51c2c5d3ac8e,,0x89b6118bbe152032ea7d7b3ab3cdf0b8a4d15945bc355c88991b2dfb34e83b59
91059457,2026-07-23 18:51:46.000 UTC,0xb97ef9ef8734c71904d8002f8b6bc66dd9c48a6e,0x,0xffa4e6181777692565cf28528fc88fd1516ea86b56da075235fa575af6a4b855,0x00000000000000000000000099929eed7638ac0f031a5d925409741f86f98be6,,0x463681c9bdd1b7cf10934a26e8fb50ab9eead3c5b9002364e0772ab91edbf253
91059686,2026-07-23 18:55:48.000 UTC,0xb97ef9ef8734c71904d8002f8b6bc66dd9c48a6e,0x,0xffa4e6181777692565cf28528fc88fd1516ea86b56da075235fa575af6a4b855,0x000000000000000000000000d838b11133085016bc31ca78571067b0d77dc290,,0xd8620f077c9dd18233e8990f07ae2a2dd69f6dde3ecf2db151119fc760029508
91059734,2026-07-23 18:56:42.000 UTC,0xb97ef9ef8734c71904d8002f8b6bc66dd9c48a6e,0x,0xffa4e6181777692565cf28528fc88fd1516ea86b56da075235fa575af6a4b855,0x000000000000000000000000b690e524695f909e7dac090ff30b1fcfe557f597,,0x320f3f381327a5ed1c1add93f16ec4ae66c4a8ff6467ad4182f9304869d029b8
91537396,2026-07-29 18:22:29.000 UTC,0xb97ef9ef8734c71904d8002f8b6bc66dd9c48a6e,0x,0xffa4e6181777692565cf28528fc88fd1516ea86b56da075235fa575af6a4b855,0x0000000000000000000000000ede564e315f8e1803161a22e8404c624c35b1fb,,0xdbb58bf516c9ebb8bf88474ce9ab15b9dad0b51ecc1887c4651a97dabcc47cab
91537469,2026-07-29 18:23:45.000 UTC,0xb97ef9ef8734c71904d8002f8b6bc66dd9c48a6e,0x,0xffa4e6181777692565cf28528fc88fd1516ea86b56da075235fa575af6a4b855,0x000000000000000000000000dca63d36e326fdcde1c6403ff3edf5d8ba7699ad,,0x56d5d46946fe5cfeba0c5b04e3b23e9ea68ae399067bb9f87f9589c5d9c6d61a
92265754,2026-08-07 19:15:58.000 UTC,0xb97ef9ef8734c71904d8002f8b6bc66dd9c48a6e,0x,0xffa4e6181777692565cf28528fc88fd1516ea86b56da075235fa575af6a4b855,0x0000000000000000000000006b69e2a7545c166417a80c61a77562052bffa9c5,,0xe2df3f1c89f66267d6306a913b98089c7385e15845c57946ebe8bcf0546ab452
92265850,2026-08-07 19:17:44.000 UTC,0xb97ef9ef8734c71904d8002f8b6bc66dd9c48a6e,0x,0xffa4e6181777692565cf28528fc88fd1516ea86b56da075235fa575af6a4b855,0x0000000000000000000000008d79c73daae8630c88de372ba8f57592fa987607,,0xc937e948befbb2e2fb9ae9b5589b31314c41ce3b7c6963604d96d607ad941aa6
92266006,2026-08-07 19:20:29.000 UTC,0xb97ef9ef8734c71904d8002f8b6bc66dd9c48a6e,0x,0xffa4e6181777692565cf28528fc88fd1516ea86b56da075235fa575af6a4b855,0x000000000000000000000000967f32c544b6547f366123927d6dc0a3c6dcdfb9,,0x786f6816fc29aa120ce4f6f8917c758fb13b0e11475e544218d3478f3356c15b
92266338,2026-08-07 19:26:34.000 UTC,0xb97ef9ef8734c71904d8002f8b6bc66dd9c48a6e,0x,0xffa4e6181777692565cf28528fc88fd1516ea86b56da075235fa575af6a4b855,0x000000000000000000000000bb69e01921b17cd22080968bcc96ba6115da6062,,0x5d0f6442fc3c8786b1885dcd35e2f56edc746437e380808c2babfeef16380b9e
92266415,2026-08-07 19:28:00.000 UTC,0xb97ef9ef8734c71904d8002f8b6bc66dd9c48a6e,0x,0xffa4e6181777692565cf28528fc88fd1516ea86b56da075235fa575af6a4b855,0x000000000000000000000000c02b8bcd6cea7162274b939410d466b755553175,,0xecf144e119e2bc2f37e2c133fa774074d218809e86ccccda600c6dcefbb3e511
92266530,2026-08-07 19:30:11.000 UTC,0xb97ef9ef8734c71904d8002f8b6bc66dd9c48a6e,0x,0xffa4e6181777692565cf28528fc88fd1516ea86b56da075235fa575af6a4b855,0x000000000000000000000000e05f529f5284d75624eba386cb716928c3b54a2a,,0xb837da471d7b9ca5f1f0e158a22cf508b2f9bb67b5bb5d5e76a7a466784f28c0
92266658,2026-08-07 19:32:47.000 UTC,0xb97ef9ef8734c71904d8002f8b6bc66dd9c48a6e,0x,0xffa4e6181777692565cf28528fc88fd1516ea86b56da075235fa575af6a4b855,0x000000000000000000000000eaac716a919f3a032a7e5f4d803c799569c32bd4,,0x00219fd69f7a2142f41b2961600bee203691f72b219d51ebc08926e0e9577460
