block_number,block_timestamp,contract_address,data,topic0,topic1,topic2,tx_hash
10274701,2020-06-16 04:39:08.000 UTC,0xa0b86991c6218b36c1d19d4a2e9eb0ce3606eb48,0x,0xffa4e6181777692565cf28528fc88fd1516ea86b56da075235fa575af6a4b855,0x000000000000000000000000aa05f7c7eb9af63d6cc03c36c4f4ef6c37431ee0,,0x15cbde1b9bf285db50e22eeff1a7d04ea267dd94726df8ecabdb4cb6c2b590cb
12285873,2021-04-21 21:04:36.000 UTC,0xa0b86991c6218b36c1d19d4a2e9eb0ce3606eb48,0x,0xffa4e6181777692565cf28528fc88fd1516ea86b56da075235fa575af6a4b855,0x0000000000000000000000007f367cc41522ce07553e823bf3be79a889debe1b,,0x0461666b70f3b121847530e7be63b148fcee4d830edff546ca64d29cbcd99aed
12285873,2021-04-21 21:04:36.000 UTC,0xa0b86991c6218b36c1d19d4a2e9eb0ce3606eb48,0x,0xffa4e6181777692565cf28528fc88fd1516ea86b56da075235fa575af6a4b855,0x0000000000000000000000001da5821544e25c636c1417ba96ade4cf6d2f9b5a,,0x72959622df120df8cfe27fa371c5b82542cda695d09568975259c0cf70430bf9
12285943,2021-04-21 21:19:58.000 UTC,0xa0b86991c6218b36c1d19d4a2e9eb0ce3606eb48,0x,0xffa4e6181777692565cf28528fc88fd1516ea86b56da075235fa575af6a4b855,0x0000000000000000000000007f19720a857f834887fc9a7bc0a0fbe7fc7f8102,,0x0002f34f6b76876f3ce737e8714c213b016fe5e5a1e1738a1a2d60b66fd6259a
12285943,2021-04-21 21:19:58.000 UTC,0xa0b86991c6218b36c1d19d4a2e9eb0ce3606eb48,0x,0xffa4e6181777692565cf28528fc88fd1516ea86b56da075235fa575af6a4b855,0x000000000000000000000000d882cfc20f52f2599d84b8e8d58c7fb62cfe344b,,0x4098800943f50ee7c5b7c7369bba2f3903ae5e59bd057aa00e2f98abed44d4a7
12285943,2021-04-21 21:19:58.000 UTC,0xa0b86991c6218b36c1d19d4a2e9eb0ce3606eb48,0x,0xffa4e6181777692565cf28528fc88fd1516ea86b56da075235fa575af6a4b855,0x00000000000000000000000072a5843cc08275c8171e582972aa4fda8c397b2a,,0x90b22a3b5f3cabd57e3873f70806b3b70d0c2341baa29d3d303f7da8948d1ea8
12285943,2021-04-21 21:19:58.000 UTC,0xa0b86991c6218b36c1d19d4a2e9eb0ce3606eb48,0x,0xffa4e6181777692565cf28528fc88fd1516ea86b56da075235fa575af6a4b855,0x0000000000000000000000007db418b5d567a4e0e8c59ad71be1fce48f3e6107,,0xb3c94e4b5f23bde27a973e7c599b2cb98b80145c2a9dfeca7d8f70a489be549f
12286225,2021-04-21 22:22:29.000 UTC,0xa0b86991c6218b36c1d19d4a2e9eb0ce3606eb48,0x,0xffa4e6181777692565cf28528fc88fd1516ea86b56da075235fa575af6a4b855,0x0000000000000000000000009f4cda013e354b8fc285bf4b9a60460cee7f7ea9,,0x7bc71744e72022b0bf680066802102e84572a11e772dfa0efc483a93c6c4105c
13279129,2021-09-23 01:44:28.000 UTC,0xa0b86991c6218b36c1d19d4a2e9eb0ce3606eb48,0x,0xffa4e6181777692565cf28528fc88fd1516ea86b56da075235fa575af6a4b855,0x000000000000000000000000308ed4b7b49797e1a98d3818bff6fe5385410370,,0x23f04d3f3540658611e1e7bb7bc31786467623a5fa512e6dbedbca293aabb500
13279129,2021-09-23 01:44:28.000 UTC,0xa0b86991c6218b36c1d19d4a2e9eb0ce3606eb48,0x,0xffa4e6181777692565cf28528fc88fd1516ea86b56da075235fa575af6a4b855,0x000000000000000000000000e7aa314c77f4233c18c6cc84384a9247c0cf367b,,0xfeb3d2c3d4117dac054bf2d4ad46474b9ad94d7cc7b50e7b945dc308538a0236
13279135,2021-09-23 01:44:56.000 UTC,0xa0b86991c6218b36c1d19d4a2e9eb0ce3606eb48,0x,0xffa4e6181777692565cf28528fc88fd1516ea86b56da075235fa575af6a4b855,0x0000000000000000000000002f389ce8bd8ff92de3402ffce4691d17fc4f6535,,0x1fb7af2604d2441f1c36534be0b94616e748133f7c57882d398ad681fe3c5b88
13279135,2021-09-23 01:44:56.000 UTC,0xa0b86991c6218b36c1d19d4a2e9eb0ce3606eb48,0x,0xffa4e6181777692565cf28528fc88fd1516ea86b56da075235fa575af6a4b855,0x00000000000000000000000019aa5fe80d33a56d56c78e82ea5e50e5d80b4dff,,0x2a4fc26c80db5fcc76e3b67b549ca28f2bfe00fd2b1f51c449151453bc74e06e
13583147,2021-11-09 16:15:01.000 UTC,0xa0b86991c6218b36c1d19d4a2e9eb0ce3606eb48,0x,0xffa4e6181777692565cf28528fc88fd1516ea86b56da075235fa575af6a4b855,0x00000000000000000000000067d40ee1a85bf4a4bb7ffae16de985e8427b6b45,,0x14a97060a7370f5c88573f7d01391f6767133cfa596be9e2985ff57c042dfc23
13583147,2021-11-09 16:15:01.000 UTC,0xa0b86991c6218b36c1d19d4a2e9eb0ce3606eb48,0x,0xffa4e6181777692565cf28528fc88fd1516ea86b56da075235fa575af6a4b855,0x000000000000000000000000a7e5d5a720f06526557c513402f2e6b5fa20b008,,0x4cae4c11fda107f5c70b5595493aa1961ff704de65985e13fcec81dc67e86e7f
13583147,2021-11-09 16:15:01.000 UTC,0xa0b86991c6218b36c1d19d4a2e9eb0ce3606eb48,0x,0xffa4e6181777692565cf28528fc88fd1516ea86b56da075235fa575af6a4b855,0x0000000000000000000000006acdfba02d390b97ac2b2d42a63e85293bcc160e,,0x62ea0750efbcd57b05329ca06505965cdd10ded366cea04075e69c6d2c519c90
13583147,2021-11-09 16:15:01.000 UTC,0xa0b86991c6218b36c1d19d4a2e9eb0ce3606eb48,0x,0xffa4e6181777692565cf28528fc88fd1516ea86b56da075235fa575af6a4b855,0x0000000000000000000000003cbded43efdaf0fc77b9c55f6fc9988fcc9b757d,,0x64ba5632d016ff611e77df23bc03f4c83caf9f85f090ef10b4a2f48d14fa9ef9
13583147,2021-11-09 16:15:01.000 UTC,0xa0b86991c6218b36c1d19d4a2e9eb0ce3606eb48,0x,0xffa4e6181777692565cf28528fc88fd1516ea86b56da075235fa575af6a4b855,0x0000000000000000000000006f1ca141a28907f78ebaa64fb83a9088b02a8352,,0x68bf23a3676bbefa6d6629f83704757313e26931bd0136d1db57bce662acb1a9
13583147,2021-11-09 16:15:01.000 UTC,0xa0b86991c6218b36c1d19d4a2e9eb0ce3606eb48,0x,0xffa4e6181777692565cf28528fc88fd1516ea86b56da075235fa575af6a4b855,0x000000000000000000000000c455f7fd3e0e12afd51fba5c106909934d8a0e4a,,0x7f3c5f49c27fc1e54fa25c0d020925442eb5b216c4b0d61c8cdadd321e121db6
13583147,2021-11-09 16:15:01.000 UTC,0xa0b86991c6218b36c1d19d4a2e9eb0ce3606eb48,0x,0xffa4e6181777692565cf28528fc88fd1516ea86b56da075235fa575af6a4b855,0x00000000000000000000000048549a34ae37b12f6a30566245176994e17c6b4a,,0xa2aa6bb426a2a4fbd2ebffaeeb20689c3d7ead16fe10b4cbbae3de5d658be416
13583147,2021-11-09 16:15:01.000 UTC,0xa0b86991c6218b36c1d19d4a2e9eb0ce3606eb48,0x,0xffa4e6181777692565cf28528fc88fd1516ea86b56da075235fa575af6a4b855,0x0000000000000000000000005512d943ed1f7c8a43f3435c85f7ab68b30121b0,,0xdb2fe26d4c2467286597296abd227ffb1d54a37f682e0d8e0e71486ed0c91443
13681180,2021-11-25 03:35:42.000 UTC,0xa0b86991c6218b36c1d19d4a2e9eb0ce3606eb48,0x,0xffa4e6181777692565cf28528fc88fd1516ea86b56da075235fa575af6a4b855,0x000000000000000000000000029c2c986222dca39843bf420a28646c25d55b6d,,0x0e61e0124294e16342b207a4b07da11a8cfe83ef7d5eb9f931180b5a200ba080
13681180,2021-11-25 03:35:42.000 UTC,0xa0b86991c6218b36c1d19d4a2e9eb0ce3606eb48,0x,0xffa4e6181777692565cf28528fc88fd1516ea86b56da075235fa575af6a4b855,0x000000000000000000000000fae5a6d3bd9bd24a3ed2f2a8a6031c83976c19a2,,0x95fca3ad759e65282072fe5f68c96d84838947f424cf0b74a4a5ef97036b8ffe
13681180,2021-11-25 03:35:42.000 UTC,0xa0b86991c6218b36c1d19d4a2e9eb0ce3606eb48,0x,0xffa4e6181777692565cf28528fc88fd1516ea86b56da075235fa575af6a4b855,0x00000000000000000000000035663b9a8e4563eefdf852018548b4947b20fce6,,0x9d437d437f0a6bbaeaa9451b7ca7c41158ffc734e59019f56e91d6fe3628e13e
13681180,2021-11-25 03:35:42.000 UTC,0xa0b86991c6218b36c1d19d4a2e9eb0ce3606eb48,0x,0xffa4e6181777692565cf28528fc88fd1516ea86b56da075235fa575af6a4b855,0x0000000000000000000000005eb95f30bd4409cfaadeba75cd8d9c2ce4ed992a,,0x9f7bd158b9663dd1c58a9da260789c4c98ed0dfe2140fa65ed5cd61787d9c305
13736784,2021-12-04 00:38:55.000 UTC,0xa0b86991c6218b36c1d19d4a2e9eb0ce3606eb48,0x,0xffa4e6181777692565cf28528fc88fd1516ea86b56da075235fa575af6a4b855,0x000000000000000000000000461270bd08dfa98edec980345fd56d578a2d8f49,,0x69569c60bb8ec7433577682961e2204186ea6b97291c807559b5feb4e70920da
13864421,2021-12-23 23:35:00.000 UTC,0xa0b86991c6218b36c1d19d4a2e9eb0ce3606eb48,0x,0x117e3210bb9aa7d9baff172026820255c6f6c30ba8999d1c2fd88e2848137c4e,0x00000000000000000000000035663b9a8e4563eefdf852018548b4947b20fce6,,0xde4f3db710b2bdd9f696a61b26ec2e9ec4c89716394bc9fcd88d82c92b448488
13864421,2021-12-23 23:35:00.000 UTC,0xa0b86991c6218b36c1d19d4a2e9eb0ce3606eb48,0x,0x117e3210bb9aa7d9baff172026820255c6f6c30ba8999d1c2fd88e2848137c4e,0x000000000000000000000000029c2c986222dca39843bf420a28646c25d55b6d,,0xebb7c782461f8fdfd975334ae6494e6530ba08c8bde228b802661a1df99fd8a1
14481178,2022-03-29 12:49:03.000 UTC,0xa0b86991c6218b36c1d19d4a2e9eb0ce3606eb48,0x,0xffa4e6181777692565cf28528fc88fd1516ea86b56da075235fa575af6a4b855,0x000000000000000000000000fec8a60023265364d066a1212fde3930f6ae8da7,,0x4800353df38c15bf0f095c787876607074a80c851acefed2582add3ca0bf7458
14481178,2022-03-29 12:49:03.000 UTC,0xa0b86991c6218b36c1d19d4a2e9eb0ce3606eb48,0x,0xffa4e6181777692565cf28528fc88fd1516ea86b56da075235fa575af6a4b855,0x0000000000000000000000008576acc5c05d6ce88f4e49bf65bdf0c62f91353c,,0x5906c3dac2d75f141b72baa61842a9881e9d31ee36f761ffc7059ffc86c7e452
14481178,2022-03-29 12:49:03.000 UTC,0xa0b86991c6218b36c1d19d4a2e9eb0ce3606eb48,0x,0xffa4e6181777692565cf28528fc88fd1516ea86b56da075235fa575af6a4b855,0x000000000000000000000000901bb9583b24d97e995513c6778dc6888ab6870e,,0xe8ad0d43786851a017e21e0a3834000f4bce4095d0fff5c21c98b5385d4ea062
14534925,2022-04-06 22:08:55.000 UTC,0xa0b86991c6218b36c1d19d4a2e9eb0ce3606eb48,0x,0xffa4e6181777692565cf28528fc88fd1516ea86b56da075235fa575af6a4b855,0x0000000000000000000000007ff9cfad3877f21d41da833e2f775db0569ee3d9,,0x0a8a4eacb0eef53680bc299eb54e97bb64ba43baf7a5629d7f10768f531a619a
14585983,2022-04-14 21:32:53.000 UTC,0xa0b86991c6218b36c1d19d4a2e9eb0ce3606eb48,0x,0xffa4e6181777692565cf28528fc88fd1516ea86b56da075235fa575af6a4b855,0x000000000000000000000000098b716b8aaf21512996dc57eb0615e2383e2f96,,0xfa36edd16968a8a2e0a35a6131e97bd283ffd2def134c2f5b7b2cbabbd873d05
14640922,2022-04-23 12:00:56.000 UTC,0xa0b86991c6218b36c1d19d4a2e9eb0ce3606eb48,0x,0xffa4e6181777692565cf28528fc88fd1516ea86b56da075235fa575af6a4b855,0x000000000000000000000000a0e1c89ef1a489c9c7de96311ed5ce5d32c20e4b,,0xccc969c7fc1803de266bed1a088843ec0218e89e026a81b2dd215a9cb1c02011
14640965,2022-04-23 12:09:30.000 UTC,0xa0b86991c6218b36c1d19d4a2e9eb0ce3606eb48,0x,0xffa4e6181777692565cf28528fc88fd1516ea86b56da075235fa575af6a4b855,0x00000000000000000000000053b6936513e738f44fb50d2b9476730c0ab3bfc1,,0x34597f3bcd8a796f30764a2f1187d2153026c1796a85d6ab1aad05272212ab19
14640965,2022-04-23 12:09:30.000 UTC,0xa0b86991c6218b36c1d19d4a2e9eb0ce3606eb48,0x,0xffa4e6181777692565cf28528fc88fd1516ea86b56da075235fa575af6a4b855,0x000000000000000000000000cce63fd31e9053c110c74cebc37c8e358a6aa5bd,,0x8a28fa4fc1e2efac90490f4358ec223dc0120fe2a36a4c61387c6ccb32931da3
14640965,2022-04-23 12:09:30.000 UTC,0xa0b86991c6218b36c1d19d4a2e9eb0ce3606eb48,0x,0xffa4e6181777692565cf28528fc88fd1516ea86b56da075235fa575af6a4b855,0x0000000000000000000000003cffd56b47b7b41c56258d9c7731abadc360e073,,0xd1e1e7ed4e8324d980852acf927199c60f7f8e26aaaaade3cc093d468d9e12ea
14724273,2022-05-06 15:14:58.000 UTC,0xa0b86991c6218b36c1d19d4a2e9eb0ce3606eb48,0x,0xffa4e6181777692565cf28528fc88fd1516ea86b56da075235fa575af6a4b855,0x00000000000000000000000035fb6f6db4fb05e6a4ce86f2c93691425626d4b1,,0xeb36b3dd5138eef4f0f13403675ca0e08dc8543a988fa7045fb55db4ae991396
14724282,2022-05-06 15:17:54.000 UTC,0xa0b86991c6218b36c1d19d4a2e9eb0ce3606eb48,0x,0xffa4e6181777692565cf28528fc88fd1516ea86b56da075235fa575af6a4b855,0x000000000000000000000000f7b31119c2682c88d88d455dbb9d5932c65cf1be,,0xac47ae1799c7836f33a0deabb03867d85a5949e710c4f8b5d9a071f666f11c53
14724282,2022-05-06 15:17:54.000 UTC,0xa0b86991c6218b36c1d19d4a2e9eb0ce3606eb48,0x,0xffa4e6181777692565cf28528fc88fd1516ea86b56da075235fa575af6a4b855,0x0000000000000000000000003e37627deaa754090fbfbb8bd226c1ce66d255e9,,0xbf3b80d9cd7fd27101e6756573679b59cf7d314ba5775e5e5357ee3b490b1669
14724282,2022-05-06 15:17:54.000 UTC,0xa0b86991c6218b36c1d19d4a2e9eb0ce3606eb48,0x,0xffa4e6181777692565cf28528fc88fd1516ea86b56da075235fa575af6a4b855,0x00000000000000000000000008723392ed15743cc38513c4925f5e6be5c17243,,0xe2827c3853ada53c25a3a1dd1dcebd238df8ee7866df19e61ad900d1d6df91bb
14893596,2022-06-02 22:36:29.000 UTC,0xa0b86991c6218b36c1d19d4a2e9eb0ce3606eb48,0x,0xffa4e6181777692565cf28528fc88fd1516ea86b56da075235fa575af6a4b855,0x00000000000000000000000029875bd49350ac3f2ca5ceeb1c1701708c795ff3,,0x8cc0c781c03a1b4d943450fb3b44eaf6742fe37b05291968aff7374f0e060c68
15130430,2022-07-12 22:00:53.000 UTC,0xa0b86991c6218b36c1d19d4a2e9eb0ce3606eb48,0x,0xffa4e6181777692565cf28528fc88fd1516ea86b56da075235fa575af6a4b855,0x00000000000000000000000006caa9a5fd7e3dc3b3157973455cbe9b9c2b14d2,,0xc79e79b2b5ab2c0168541d3785086c5d22b0d07a9f794c351b377d3093984ba7
15130440,2022-07-12 22:03:02.000 UTC,0xa0b86991c6218b36c1d19d4a2e9eb0ce3606eb48,0x,0xffa4e6181777692565cf28528fc88fd1516ea86b56da075235fa575af6a4b855,0x000000000000000000000000bfd88175e4ae6f7f2ee4b01bf96cf48d2bcb4196,,0x6dab4e4374253c997ac85492b4a9528d84aafcb5c89c9c8c6b410674254f829b
15130440,2022-07-12 22:03:02.000 UTC,0xa0b86991c6218b36c1d19d4a2e9eb0ce3606eb48,0x,0xffa4e6181777692565cf28528fc88fd1516ea86b56da075235fa575af6a4b855,0x0000000000000000000000002d66370666d7b9315e6e7fdb47f41ad722279833,,0x9042de723db1975b86a22bda4e71654469553caebfc22212457d9b12920ca456
15130440,2022-07-12 22:03:02.000 UTC,0xa0b86991c6218b36c1d19d4a2e9eb0ce3606eb48,0x,0xffa4e6181777692565cf28528fc88fd1516ea86b56da075235fa575af6a4b855,0x0000000000000000000000009ff43bd969e8dbc383d1aca50584c14266f3d876,,0xa585dfccee450b4558d17e79fa9f851dccc9c6bbba2e598e02969b326977c419
15302549,2022-08-08 16:15:01.000 UTC,0xa0b86991c6218b36c1d19d4a2e9eb0ce3606eb48,0x,0xffa4e6181777692565cf28528fc88fd1516ea86b56da075235fa575af6a4b855,0x000000000000000000000000f60dd140cff0706bae9cd734ac3ae76ad9ebc32a,,0x2a342d79d20bbbcbca65f2dfcee7ad7ec792dc6428fdab916d8ba3305555b5a9
15302549,2022-08-08 16:15:01.000 UTC,0xa0b86991c6218b36c1d19d4a2e9eb0ce3606eb48,0x,0xffa4e6181777692565cf28528fc88fd1516ea86b56da075235fa575af6a4b855,0x000000000000000000000000ba214c1c1928a32bffe790263e38b4af9bfcd659,,0x31583cd0e6c702b95cfe6b4481c2073c04aecf1871fcbc9c37c790239d78906d
15302549,2022-08-08 16:15:01.000 UTC,0xa0b86991c6218b36c1d19d4a2e9eb0ce3606eb48,0x,0xffa4e6181777692565cf28528fc88fd1516ea86b56da075235fa575af6a4b855,0x000000000000000000000000b1c8094b234dce6e03f10a5b673c1d8c69739a00,,0x33b902aa2b7bdc98f879ca3933883e5a1fc8381ea67ea70a9ddf8cc30b1bf336
15302549,2022-08-08 16:15:01.000 UTC,0xa0b86991c6218b36c1d19d4a2e9eb0ce3606eb48,0x,0xffa4e6181777692565cf28528fc88fd1516ea86b56da075235fa575af6a4b855,0x00000000000000000000000022aaa7720ddd5388a3c0a3333430953c68f1849b,,0x742f389ed7dd3699a0975f39632817b814e84e2b0aae297bbdbd72174649c336
15302549,2022-08-08 16:15:01.000 UTC,0xa0b86991c6218b36c1d19d4a2e9eb0ce3606eb48,0x,0xffa4e6181777692565cf28528fc88fd1516ea86b56da075235fa575af6a4b855,0x000000000000000000000000722122df12d4e14e13ac3b6895a86e84145b6967,,0x8173893cdd8a80785ef7cf72b7b7f74bb24c4a3783d025b82b1ce1b2123e710b
15302549,2022-08-08 16:15:01.000 UTC,0xa0b86991c6218b36c1d19d4a2e9eb0ce3606eb48,0x,0xffa4e6181777692565cf28528fc88fd1516ea86b56da075235fa575af6a4b855,0x000000000000000000000000d90e2f925da726b50c4ed8d0fb90ad053324f31b,,0x8421c61b9b7a111af392ff922c6006c869e796ac45dbf3989c665811e195341a
15302549,2022-08-08 16:15:01.000 UTC,0xa0b86991c6218b36c1d19d4a2e9eb0ce3606eb48,0x,0xffa4e6181777692565cf28528fc88fd1516ea86b56da075235fa575af6a4b855,0x000000000000000000000000527653ea119f3e6a1f5bd18fbf4714081d7b31ce,,0x9acbd826ba1acf769f81908369291c0e71555bc3a1dd117f512c9dca336f4791
15302549,2022-08-08 16:15:01.000 UTC,0xa0b86991c6218b36c1d19d4a2e9eb0ce3606eb48,0x,0xffa4e6181777692565cf28528fc88fd1516ea86b56da075235fa575af6a4b855,0x000000000000000000000000fd8610d20aa15b7b2e3be39b396a1bc3516c7144,,0x9c161099d0905fff8d3faf00524be8b56cd6eef03ee2d1f8516bfb9a3b40fb3f
15302549,2022-08-08 16:15:01.000 UTC,0xa0b86991c6218b36c1d19d4a2e9eb0ce3606eb48,0x,0xffa4e6181777692565cf28528fc88fd1516ea86b56da075235fa575af6a4b855,0x0000000000000000000000008589427373d6d84e98730d7795d8f6f8731fda16,,0xa61326744a21ce8d5397831d107ee14909b3f4eaaaddbf1f3dce879a19e30dd9
15302549,2022-08-08 16:15:01.000 UTC,0xa0b86991c6218b36c1d19d4a2e9eb0ce3606eb48,0x,0xffa4e6181777692565cf28528fc88fd1516ea86b56da075235fa575af6a4b855,0x000000000000000000000000d4b88df4d29f5cedd6857912842cff3b20c8cfa3,,0xbb3e473fe62c0bc03d9ea4e9a087b041997ccac4894aafd1602353af39e93971
15302549,2022-08-08 16:15:01.000 UTC,0xa0b86991c6218b36c1d19d4a2e9eb0ce3606eb48,0x,0xffa4e6181777692565cf28528fc88fd1516ea86b56da075235fa575af6a4b855,0x0000000000000000000000004736dcf1b7a3d580672cce6e7c65cd5cc9cfba9d,,0xc1897b822d3dada3dac6f2fe709f7d8da4e70d737e161f2376b0c0ad3b60ab24
15302549,2022-08-08 16:15:01.000 UTC,0xa0b86991c6218b36c1d19d4a2e9eb0ce3606eb48,0x,0xffa4e6181777692565cf28528fc88fd1516ea86b56da075235fa575af6a4b855,0x000000000000000000000000d96f2b1c14db8458374d9aca76e26c3d18364307,,0xc67cf29fc3feb0073e98f5c341671a8e96999854e37fd876f05046f13c53af72
15302549,2022-08-08 16:15:01.000 UTC,0xa0b86991c6218b36c1d19d4a2e9eb0ce3606eb48,0x,0xffa4e6181777692565cf28528fc88fd1516ea86b56da075235fa575af6a4b855,0x000000000000000000000000910cbd523d972eb0a6f4cae4618ad62622b39dbf,,0xc9ab65e227c5e1fb38bb8c0ccd7e08aae115080c22a7df2ab9fa55e407e877b3
15302549,2022-08-08 16:15:01.000 UTC,0xa0b86991c6218b36c1d19d4a2e9eb0ce3606eb48,0x,0xffa4e6181777692565cf28528fc88fd1516ea86b56da075235fa575af6a4b855,0x000000000000000000000000dd4c48c0b24039969fc16d1cdf626eab821d3384,,0xe023b1a7013cc33d4a6e5526d0d377d5f7e3277ceffd5410547fd0108c64504e
15302549,2022-08-08 16:15:01.000 UTC,0xa0b86991c6218b36c1d19d4a2e9eb0ce3606eb48,0x,0xffa4e6181777692565cf28528fc88fd1516ea86b56da075235fa575af6a4b855,0x000000000000000000000000a160cdab225685da1d56aa342ad8841c3b53f291,,0xf757bdcbe2e3ac53bd4e0c68a8df3c595543d6d71c900aa335af4887dbabfa09
15302580,2022-08-08 16:19:56.000 UTC,0xa0b86991c6218b36c1d19d4a2e9eb0ce3606eb48,0x,0xffa4e6181777692565cf28528fc88fd1516ea86b56da075235fa575af6a4b855,0x000000000000000000000000b541fc07bc7619fd4062a54d96268525cbc6ffef,,0x203751465728dafd58ef23870ae7e7bf6cbdd4475c16efecff7e76a33a5390db
15302580,2022-08-08 16:19:56.000 UTC,0xa0b86991c6218b36c1d19d4a2e9eb0ce3606eb48,0x,0xffa4e6181777692565cf28528fc88fd1516ea86b56da075235fa575af6a4b855,0x00000000000000000000000094a1b5cdb22c43faab4abeb5c74999895464ddaf,,0x2741c3c42c56e32659f599db118104f8c05098573a2017d451dfd32757db7b53
15302580,2022-08-08 16:19:56.000 UTC,0xa0b86991c6218b36c1d19d4a2e9eb0ce3606eb48,0x,0xffa4e6181777692565cf28528fc88fd1516ea86b56da075235fa575af6a4b855,0x00000000000000000000000007687e702b410fa43f4cb4af7fa097918ffd2730,,0x2a3daa98bd05175e63294eddce4d037389a6691ff4da460cb4b43e2a31262121
15302580,2022-08-08 16:19:56.000 UTC,0xa0b86991c6218b36c1d19d4a2e9eb0ce3606eb48,0x,0xffa4e6181777692565cf28528fc88fd1516ea86b56da075235fa575af6a4b855,0x00000000000000000000000047ce0c6ed5b0ce3d3a51fdb1c52dc66a7c3c2936,,0x34c6111e065f079871f66ef8e0a0da825f93c9754822da92c64b6eb705dea3aa
15302580,2022-08-08 16:19:56.000 UTC,0xa0b86991c6218b36c1d19d4a2e9eb0ce3606eb48,0x,0xffa4e6181777692565cf28528fc88fd1516ea86b56da075235fa575af6a4b855,0x0000000000000000000000009ad122c22b14202b4490edaf288fdb3c7cb3ff5e,,0x53caa091af8c28b595cce01632c190b5d6693915500a88d4c74180b9828353d0
15302580,2022-08-08 16:19:56.000 UTC,0xa0b86991c6218b36c1d19d4a2e9eb0ce3606eb48,0x,0xffa4e6181777692565cf28528fc88fd1516ea86b56da075235fa575af6a4b855,0x000000000000000000000000d691f27f38b395864ea86cfc7253969b409c362d,,0x565471b6fab0a601e2bb70685356a4f878509629f4a44ca61e0ee9d13a3e79a9
15302580,2022-08-08 16:19:56.000 UTC,0xa0b86991c6218b36c1d19d4a2e9eb0ce3606eb48,0x,0xffa4e6181777692565cf28528fc88fd1516ea86b56da075235fa575af6a4b855,0x0000000000000000000000000836222f2b2b24a3f36f98668ed8f0b38d1a872f,,0x749583403c76eb1bef0ee9489fb50a6cb29ae7fb8231727bde57192f48931b3c
15302580,2022-08-08 16:19:56.000 UTC,0xa0b86991c6218b36c1d19d4a2e9eb0ce3606eb48,0x,0xffa4e6181777692565cf28528fc88fd1516ea86b56da075235fa575af6a4b855,0x000000000000000000000000169ad27a470d064dede56a2d3ff727986b15d52b,,0x81001817ee93a9fb398882414d6f027b0e06e17876180825740d51da67bfa070
15302580,2022-08-08 16:19:56.000 UTC,0xa0b86991c6218b36c1d19d4a2e9eb0ce3606eb48,0x,0xffa4e6181777692565cf28528fc88fd1516ea86b56da075235fa575af6a4b855,0x00000000000000000000000012d66f87a04a9e220743712ce6d9bb1b5616b8fc,,0x8394d9d2ef5b9fd47b43eb1e542c9fd8477d7a7303cafcc5b682e5170b1d7de5
15302580,2022-08-08 16:19:56.000 UTC,0xa0b86991c6218b36c1d19d4a2e9eb0ce3606eb48,0x,0xffa4e6181777692565cf28528fc88fd1516ea86b56da075235fa575af6a4b855,0x0000000000000000000000001356c899d8c9467c7f71c195612f8a395abf2f0a,,0x9744a2a38007ed8f1bfa1d6a72e15d1ca8abe6934f67076b450c2b320b6ed11b
15302580,2022-08-08 16:19:56.000 UTC,0xa0b86991c6218b36c1d19d4a2e9eb0ce3606eb48,0x,0xffa4e6181777692565cf28528fc88fd1516ea86b56da075235fa575af6a4b855,0x000000000000000000000000f67721a2d8f736e75a49fdd7fad2e31d8676542a,,0xa65d4e5c557547c84fcea46bf760fd21d0252c6cb68308796b2ef3fe1eafe83a
15302580,2022-08-08 16:19:56.000 UTC,0xa0b86991c6218b36c1d19d4a2e9eb0ce3606eb48,0x,0xffa4e6181777692565cf28528fc88fd1516ea86b56da075235fa575af6a4b855,0x00000000000000000000000058e8dcc13be9780fc42e8723d8ead4cf46943df2,,0xbb05a3256d6b4f6842f191f10f1af463e8ccd5721c3eeb939f75995231732e88
15302580,2022-08-08 16:19:56.000 UTC,0xa0b86991c6218b36c1d19d4a2e9eb0ce3606eb48,0x,0xffa4e6181777692565cf28528fc88fd1516ea86b56da075235fa575af6a4b855,0x000000000000000000000000aeaac358560e11f52454d997aaff2c5731b6f8a6,,0xbfa9a35ab7e3b6c2064d494c19f3a32d4108c33bf702646cfc833fc70aec5238
15302580,2022-08-08 16:19:56.000 UTC,0xa0b86991c6218b36c1d19d4a2e9eb0ce3606eb48,0x,0xffa4e6181777692565cf28528fc88fd1516ea86b56da075235fa575af6a4b855,0x000000000000000000000000a60c772958a3ed56c1f15dd055ba37ac8e523a0d,,0xdac0f7dfddc25d6df95c85d54fb4f3653ab739269d429e0970d0e47f46fcf2f1
15302580,2022-08-08 16:19:56.000 UTC,0xa0b86991c6218b36c1d19d4a2e9eb0ce3606eb48,0x,0xffa4e6181777692565cf28528fc88fd1516ea86b56da075235fa575af6a4b855,0x00000000000000000000000023773e65ed146a459791799d01336db287f25334,,0xe8edb391d37ed9486d15cf0407833867c8dd8b47911a6264e41a1596a9250fec
15302580,2022-08-08 16:19:56.000 UTC,0xa0b86991c6218b36c1d19d4a2e9eb0ce3606eb48,0x,0xffa4e6181777692565cf28528fc88fd1516ea86b56da075235fa575af6a4b855,0x000000000000000000000000d21be7248e0197ee08e0c20d4a96debdac3d20af,,0xfffe5e62d5cc073d8bf445948a25ebd6810922a6dd05525666f4755aa162e89b
15302581,2022-08-08 16:20:14.000 UTC,0xa0b86991c6218b36c1d19d4a2e9eb0ce3606eb48,0x,0xffa4e6181777692565cf28528fc88fd1516ea86b56da075235fa575af6a4b855,0x000000000000000000000000610b717796ad172b316836ac95a2ffad065ceab4,,0x4ef74635c7cd8a7e43fddaeb71c5a9f52c58d86a6306d1b6673a117537b94ee2
15302607,2022-08-08 16:25:25.000 UTC,0xa0b86991c6218b36c1d19d4a2e9eb0ce3606eb48,0x,0xffa4e6181777692565cf28528fc88fd1516ea86b56da075235fa575af6a4b855,0x00000000000000000000000003893a7c7463ae47d46bc7f091665f1893656003,,0x3ce7ec1b6ee141a086735941adf596b41d49087e38808f35f50f35f59ebd1f6c
15302607,2022-08-08 16:25:25.000 UTC,0xa0b86991c6218b36c1d19d4a2e9eb0ce3606eb48,0x,0xffa4e6181777692565cf28528fc88fd1516ea86b56da075235fa575af6a4b855,0x000000000000000000000000178169b423a011fff22b9e3f3abea13414ddd0f1,,0x69d1f9f6006e6e2aca7aeabb5f2aece2d5dae9274f8f320738f26a587321f560
15302607,2022-08-08 16:25:25.000 UTC,0xa0b86991c6218b36c1d19d4a2e9eb0ce3606eb48,0x,0xffa4e6181777692565cf28528fc88fd1516ea86b56da075235fa575af6a4b855,0x0000000000000000000000002717c5e28cf931547b621a5dddb772ab6a35b701,,0x810bcb60ec7897070bda4ad289b599c7d99c26b4f4ef0bcb466053e784cf9f8c
15302607,2022-08-08 16:25:25.000 UTC,0xa0b86991c6218b36c1d19d4a2e9eb0ce3606eb48,0x,0xffa4e6181777692565cf28528fc88fd1516ea86b56da075235fa575af6a4b855,0x000000000000000000000000bb93e510bbcd0b7beb5a853875f9ec60275cf498,,0xafb3d6399c84e4cb06b410a8487d53634c2dc8ab500a12ecd7d15cca9d50b826
15302766,2022-08-08 17:00:57.000 UTC,0xa0b86991c6218b36c1d19d4a2e9eb0ce3606eb48,0x,0xffa4e6181777692565cf28528fc88fd1516ea86b56da075235fa575af6a4b855,0x000000000000000000000000905b63fff465b9ffbf41dea908ceb12478ec7601,,0x3ae29e19067eaf2a028254d570164a34ec3dc07b712847c5c08da1e84da2eb0c
15302766,2022-08-08 17:00:57.000 UTC,0xa0b86991c6218b36c1d19d4a2e9eb0ce3606eb48,0x,0xffa4e6181777692565cf28528fc88fd1516ea86b56da075235fa575af6a4b855,0x000000000000000000000000ca0840578f57fe71599d29375e16783424023357,,0x692c4c53bde8008fcc1f770d9b7cb99202a7b8b23540611b90589c0e0d90b5e5
15329663,2022-08-12 22:27:02.000 UTC,0xa0b86991c6218b36c1d19d4a2e9eb0ce3606eb48,0x,0xffa4e6181777692565cf28528fc88fd1516ea86b56da075235fa575af6a4b855,0x000000000000000000000000d93a9c5c4d399dc5f67b67cdb30d16a7bb574915,,0xe95cf40d0cdcb75d240db166b5e117bd881c33c56a42943b7d40600c18989231
15540279,2022-09-15 16:27:47.000 UTC,0xa0b86991c6218b36c1d19d4a2e9eb0ce3606eb48,0x,0xffa4e6181777692565cf28528fc88fd1516ea86b56da075235fa575af6a4b855,0x000000000000000000000000c2a3829f459b3edd87791c74cd45402ba0a20be3,,0x137e94a4bd8ca34dba6fda0ebfc78237c8b5245fbb5b4f12356f0db4a3a15029
15540279,2022-09-15 16:27:47.000 UTC,0xa0b86991c6218b36c1d19d4a2e9eb0ce3606eb48,0x,0xffa4e6181777692565cf28528fc88fd1516ea86b56da075235fa575af6a4b855,0x0000000000000000000000003ad9db589d201a710ed237c829c7860ba86510fc,,0xee82fb6a24ffe27d2bcd4bf3b0ea186c02e22abcf87a5e0222983acfed239363
15540832,2022-09-15 18:20:23.000 UTC,0xa0b86991c6218b36c1d19d4a2e9eb0ce3606eb48,0x,0xffa4e6181777692565cf28528fc88fd1516ea86b56da075235fa575af6a4b855,0x000000000000000000000000e7800b61479695ec74e4b219f409f67bd1055a27,,0x445a23f4e2947e81bf849ffd993617a8d119256234b0b1ce6c9bd32ed7ae8d7b
15649161,2022-09-30 22:32:59.000 UTC,0xa0b86991c6218b36c1d19d4a2e9eb0ce3606eb48,0x,0xffa4e6181777692565cf28528fc88fd1516ea86b56da075235fa575af6a4b855,0x000000000000000000000000815f335f976301f496167bfef237f0622f92ac38,,0x2552ed6c6152907413f71b7b18e9cdd379b6730bdceaefe22ed7b3c2c69cd37d
15649162,2022-09-30 22:33:11.000 UTC,0xa0b86991c6218b36c1d19d4a2e9eb0ce3606eb48,0x,0xffa4e6181777692565cf28528fc88fd1516ea86b56da075235fa575af6a4b855,0x00000000000000000000000081c4d8816b29147c542dde87485608204690acf2,,0x9f63e2362bc319b6167120bbdec737e60216519d787c323b3465db6af5971d10
15692969,2022-10-07 01:34:35.000 UTC,0xa0b86991c6218b36c1d19d4a2e9eb0ce3606eb48,0x,0xffa4e6181777692565cf28528fc88fd1516ea86b56da075235fa575af6a4b855,0x000000000000000000000000489a8756c18c0b8b24ec2a2b9ff3d4d447f79bec,,0x5ea742c33f82662d8b68455abcf5605051a6ca24073b3bae84a00c1d38cd9f86
15941674,2022-11-10 19:21:59.000 UTC,0xa0b86991c6218b36c1d19d4a2e9eb0ce3606eb48,0x,0xffa4e6181777692565cf28528fc88fd1516ea86b56da075235fa575af6a4b855,0x000000000000000000000000330bdfade01ee9bf63c209ee33102dd334618e0a,,0x342aa7eab60bd9a2e5d686dce6b4f05fc003d34a782d4180ca17ad2194bac63c
15941675,2022-11-10 19:22:11.000 UTC,0xa0b86991c6218b36c1d19d4a2e9eb0ce3606eb48,0x,0xffa4e6181777692565cf28528fc88fd1516ea86b56da075235fa575af6a4b855,0x000000000000000000000000d47438c816c9e7f2e2888e060936a499af9582b3,,0x650c6ea3d921cfe86e4f13732bf1c6b288883e576453452acb6df6be08d568e5
15941676,2022-11-10 19:22:23.000 UTC,0xa0b86991c6218b36c1d19d4a2e9eb0ce3606eb48,0x,0xffa4e6181777692565cf28528fc88fd1516ea86b56da075235fa575af6a4b855,0x00000000000000000000000084443cfd09a48af6ef360c6976c5392ac5023a1f,,0x4d7fe45ee873f00a53f1d8233bf6a17e4515aa355f817e2a978dbb554562af8a
15941678,2022-11-10 19:22:47.000 UTC,0xa0b86991c6218b36c1d19d4a2e9eb0ce3606eb48,0x,0xffa4e6181777692565cf28528fc88fd1516ea86b56da075235fa575af6a4b855,0x0000000000000000000000005cab7692d4e94096462119ab7bf57319726eed2a,,0x863b816daf856cc942f0a07ea52b1ed0119a2402f2bcf6037309ff718f2a633d
15941678,2022-11-10 19:22:47.000 UTC,0xa0b86991c6218b36c1d19d4a2e9eb0ce3606eb48,0x,0xffa4e6181777692565cf28528fc88fd1516ea86b56da075235fa575af6a4b855,0x000000000000000000000000756c4628e57f7e7f8a459ec2752968360cf4d1aa,,0xbf13ff2b789e94669edbcda46e068e4542390db9dd97761390cda51c61ab27a6
15941678,2022-11-10 19:22:47.000 UTC,0xa0b86991c6218b36c1d19d4a2e9eb0ce3606eb48,0x,0xffa4e6181777692565cf28528fc88fd1516ea86b56da075235fa575af6a4b855,0x000000000000000000000000d82ed8786d7c69dc7e052f7a542ab047971e73d2,,0xc00bfd7205b589aa3b34ab535a90cc201e65816b40de1256ab824f9be74af349
15941679,2022-11-10 19:22:59.000 UTC,0xa0b86991c6218b36c1d19d4a2e9eb0ce3606eb48,0x,0xffa4e6181777692565cf28528fc88fd1516ea86b56da075235fa575af6a4b855,0x00000000000000000000000088fd245fedec4a936e700f9173454d1931b4c307,,0x8fd1345aa21f1c781bc012eaf9786f322702688a1714f8cbb6c7f9fb61581432
15941679,2022-11-10 19:22:59.000 UTC,0xa0b86991c6218b36c1d19d4a2e9eb0ce3606eb48,0x,0xffa4e6181777692565cf28528fc88fd1516ea86b56da075235fa575af6a4b855,0x000000000000000000000000653477c392c16b0765603074f157314cc4f40c32,,0xf224a066a5dea3d1d3a5ae7c7014bdbbf96a4c2013eea6cac8a43f2f9ee72285
15941679,2022-11-10 19:22:59.000 UTC,0xa0b86991c6218b36c1d19d4a2e9eb0ce3606eb48,0x,0xffa4e6181777692565cf28528fc88fd1516ea86b56da075235fa575af6a4b855,0x00000000000000000000000009193888b3f38c82dedfda55259a82c0e7de875e,,0xf9351a9b644c907ad74de26e32ee81ddc0bac6131c7a37c9015743dc9dde2520
15941683,2022-11-10 19:23:47.000 UTC,0xa0b86991c6218b36c1d19d4a2e9eb0ce3606eb48,0x,0xffa4e6181777692565cf28528fc88fd1516ea86b56da075235fa575af6a4b855,0x000000000000000000000000b20c66c4de72433f3ce747b58b86830c459ca911,,0x62b91b68696873cb4c7e346c02026358724a21a4c1f48a2a319cb06e488bf814
15941683,2022-11-10 19:23:47.000 UTC,0xa0b86991c6218b36c1d19d4a2e9eb0ce3606eb48,0x,0xffa4e6181777692565cf28528fc88fd1516ea86b56da075235fa575af6a4b855,0x00000000000000000000000026903a5a198d571422b2b4ea08b56a37cbd68c89,,0x6a2274db9a2aa0504915cc3787baff8d81baccc05b066465346845e3b59ccc85
15941683,2022-11-10 19:23:47.000 UTC,0xa0b86991c6218b36c1d19d4a2e9eb0ce3606eb48,0x,0xffa4e6181777692565cf28528fc88fd1516ea86b56da075235fa575af6a4b855,0x0000000000000000000000002573bac39ebe2901b4389cd468f2872cf7767faf,,0xb5433b5a64037baf0111e843b62bea89f362edb3f0ed66894ed49101691922b8
15941684,2022-11-10 19:23:59.000 UTC,0xa0b86991c6218b36c1d19d4a2e9eb0ce3606eb48,0x,0xffa4e6181777692565cf28528fc88fd1516ea86b56da075235fa575af6a4b855,0x0000000000000000000000005f6c97c6ad7bdd0ae7e0dd4ca33a4ed3fdabd4d7,,0x3b1ef1cc75d032f93454acf46c29ef416bc14c7ebb0cb513a232b1662b85ac28
15941684,2022-11-10 19:23:59.000 UTC,0xa0b86991c6218b36c1d19d4a2e9eb0ce3606eb48,0x,0xffa4e6181777692565cf28528fc88fd1516ea86b56da075235fa575af6a4b855,0x0000000000000000000000002fc93484614a34f26f7970cbb94615ba109bb4bf,,0xb232c44f9d5aa65bed6f75ecdfa9d673a8073fff84eed4348ef252902811df74
15941684,2022-11-10 19:23:59.000 UTC,0xa0b86991c6218b36c1d19d4a2e9eb0ce3606eb48,0x,0xffa4e6181777692565cf28528fc88fd1516ea86b56da075235fa575af6a4b855,0x000000000000000000000000f4b067dd14e95bab89be928c07cb22e3c94e0daa,,0xc5435ffbec8cf0dc25e0426a0b54c078c8c609c5720a83cfac181cad550bf4b8
15941684,2022-11-10 19:23:59.000 UTC,0xa0b86991c6218b36c1d19d4a2e9eb0ce3606eb48,0x,0xffa4e6181777692565cf28528fc88fd1516ea86b56da075235fa575af6a4b855,0x00000000000000000000000001e2919679362dfbc9ee1644ba9c6da6d6245bb1,,0xddc9d006cabdafb33ec85ef40c971ea39a21e15630a566e491009198e3b45b58
15941685,2022-11-10 19:24:11.000 UTC,0xa0b86991c6218b36c1d19d4a2e9eb0ce3606eb48,0x,0xffa4e6181777692565cf28528fc88fd1516ea86b56da075235fa575af6a4b855,0x000000000000000000000000746aebc06d2ae31b71ac51429a19d54e797878e9,,0x502eecc89946926a64aed1fec681f9113aba6d9153b4ff536b931e2ad92fa8a7
15941685,2022-11-10 19:24:11.000 UTC,0xa0b86991c6218b36c1d19d4a2e9eb0ce3606eb48,0x,0xffa4e6181777692565cf28528fc88fd1516ea86b56da075235fa575af6a4b855,0x0000000000000000000000003efa30704d2b8bbac821307230376556cf8cc39e,,0x59c01469374c0811168d40e87d5d924d42ab29eb99b290851fcbc872f260e134
15941688,2022-11-10 19:24:47.000 UTC,0xa0b86991c6218b36c1d19d4a2e9eb0ce3606eb48,0x,0xffa4e6181777692565cf28528fc88fd1516ea86b56da075235fa575af6a4b855,0x00000000000000000000000077777feddddffc19ff86db637967013e6c6a116c,,0x5ee4b301b0aaa4c52b5803b5c75b49626e0430d7a4115e58e2a804a67df55b49
15941688,2022-11-10 19:24:47.000 UTC,0xa0b86991c6218b36c1d19d4a2e9eb0ce3606eb48,0x,0xffa4e6181777692565cf28528fc88fd1516ea86b56da075235fa575af6a4b855,0x000000000000000000000000ffbac21a641dcfe4552920138d90f3638b3c9fba,,0xd14d4842914f21f2afed947530532a0789b83f13647e7c6073ba77becdcc155e
15941688,2022-11-10 19:24:47.000 UTC,0xa0b86991c6218b36c1d19d4a2e9eb0ce3606eb48,0x,0xffa4e6181777692565cf28528fc88fd1516ea86b56da075235fa575af6a4b855,0x000000000000000000000000b04e030140b30c27bcdfaafffa98c57d80eda7b4,,0xdf37922b70c5b59132faa11b2bbfed95639ddcc7ff938de6ffda361ed817f385
15941689,2022-11-10 19:24:59.000 UTC,0xa0b86991c6218b36c1d19d4a2e9eb0ce3606eb48,0x,0xffa4e6181777692565cf28528fc88fd1516ea86b56da075235fa575af6a4b855,0x0000000000000000000000002f50508a8a3d323b91336fa3ea6ae50e55f32185,,0x09086d9eeeac164aec712f98619d42862fa7edc7352869e32010077ec8fb192a
15941689,2022-11-10 19:24:59.000 UTC,0xa0b86991c6218b36c1d19d4a2e9eb0ce3606eb48,0x,0xffa4e6181777692565cf28528fc88fd1516ea86b56da075235fa575af6a4b855,0x000000000000000000000000cee71753c9820f063b38fdbe4cfdaf1d3d928a80,,0x4dd969dd59f2ef9db31f71b842451102e7ec2e6710efcf739f0e707836a82211
15941689,2022-11-10 19:24:59.000 UTC,0xa0b86991c6218b36c1d19d4a2e9eb0ce3606eb48,0x,0xffa4e6181777692565cf28528fc88fd1516ea86b56da075235fa575af6a4b855,0x000000000000000000000000743494b60097a2230018079c02fe21a7b687eaa5,,0x8327b670f4cd9b81692920adda16f173b63be2af60f070168a60eb4014c792a9
15941689,2022-11-10 19:24:59.000 UTC,0xa0b86991c6218b36c1d19d4a2e9eb0ce3606eb48,0x,0xffa4e6181777692565cf28528fc88fd1516ea86b56da075235fa575af6a4b855,0x00000000000000000000000094c92f096437ab9958fc0a37f09348f30389ae79,,0xa525e569c129fc03a90e758a78ec115d08319e1c3e9f6c7ab383e25d04977666
15941689,2022-11-10 19:24:59.000 UTC,0xa0b86991c6218b36c1d19d4a2e9eb0ce3606eb48,0x,0xffa4e6181777692565cf28528fc88fd1516ea86b56da075235fa575af6a4b855,0x0000000000000000000000005efda50f22d34f262c29268506c5fa42cb56a1ce,,0xb6d1638df364750342436592a633e3314de86429307dea7673e68d59cf0f5a7e
15941699,2022-11-10 19:26:59.000 UTC,0xa0b86991c6218b36c1d19d4a2e9eb0ce3606eb48,0x,0xffa4e6181777692565cf28528fc88fd1516ea86b56da075235fa575af6a4b855,0x000000000000000000000000179f48c78f57a3a78f0608cc9197b8972921d1d2,,0xe7bf519d62531f3c24bbc021727f9c3ed802144349e085f64f710a9623a1891a
15941700,2022-11-10 19:27:11.000 UTC,0xa0b86991c6218b36c1d19d4a2e9eb0ce3606eb48,0x,0xffa4e6181777692565cf28528fc88fd1516ea86b56da075235fa575af6a4b855,0x000000000000000000000000df3a408c53e5078af6e8fb2a85088d46ee09a61b,,0x900c53eb17c13d41af1c0606a728357812d12ca25425f4685154d55ec7172916
15941701,2022-11-10 19:27:23.000 UTC,0xa0b86991c6218b36c1d19d4a2e9eb0ce3606eb48,0x,0xffa4e6181777692565cf28528fc88fd1516ea86b56da075235fa575af6a4b855,0x000000000000000000000000776198ccf446dfa168347089d7338879273172cf,,0x3889dc830ba03c9cd83731682b00401c27360c87d7e6c72211d04cd5d96bda7d
15941701,2022-11-10 19:27:23.000 UTC,0xa0b86991c6218b36c1d19d4a2e9eb0ce3606eb48,0x,0xffa4e6181777692565cf28528fc88fd1516ea86b56da075235fa575af6a4b855,0x000000000000000000000000edc5d01286f99a066559f60a585406f3878a033e,,0x53540298a01dc21f68798edece3dafdc4d15666855723df0acf97d52fe0735b3
15941701,2022-11-10 19:27:23.000 UTC,0xa0b86991c6218b36c1d19d4a2e9eb0ce3606eb48,0x,0xffa4e6181777692565cf28528fc88fd1516ea86b56da075235fa575af6a4b855,0x00000000000000000000000094be88213a387e992dd87de56950a9aef34b9448,,0xbb6eefe08d8f751fbcee482abf332019e1d7a21b103effd3f852327c8adb0de0
15941701,2022-11-10 19:27:23.000 UTC,0xa0b86991c6218b36c1d19d4a2e9eb0ce3606eb48,0x,0xffa4e6181777692565cf28528fc88fd1516ea86b56da075235fa575af6a4b855,0x000000000000000000000000242654336ca2205714071898f67e254eb49acdce,,0xde313c52f146e771f3dbd4db615ca849cbb3337e858655030787b8c99a2d79a6
15941701,2022-11-10 19:27:23.000 UTC,0xa0b86991c6218b36c1d19d4a2e9eb0ce3606eb48,0x,0xffa4e6181777692565cf28528fc88fd1516ea86b56da075235fa575af6a4b855,0x000000000000000000000000d692fd2d0b2fbd2e52cfa5b5b9424bc981c30696,,0xf5426713b0a6fff499118e8180d0bfef5fbc23a092c0111b72695adc6a2380d6
15941702,2022-11-10 19:27:35.000 UTC,0xa0b86991c6218b36c1d19d4a2e9eb0ce3606eb48,0x,0xffa4e6181777692565cf28528fc88fd1516ea86b56da075235fa575af6a4b855,0x00000000000000000000000005e0b5b40b7b66098c2161a5ee11c5740a3a7c45,,0x0907e628c15ee0d835228b829f04c6b47476e6cc1e7b064c0acd41272fa3415f
15941702,2022-11-10 19:27:35.000 UTC,0xa0b86991c6218b36c1d19d4a2e9eb0ce3606eb48,0x,0xffa4e6181777692565cf28528fc88fd1516ea86b56da075235fa575af6a4b855,0x000000000000000000000000538ab61e8a9fc1b2f93b3dd9011d662d89be6fe6,,0x43a11395db9c3f75ad99d7023c6498c3f17357d1cf97fdf3f4cbea7d77eb52c1
15941702,2022-11-10 19:27:35.000 UTC,0xa0b86991c6218b36c1d19d4a2e9eb0ce3606eb48,0x,0xffa4e6181777692565cf28528fc88fd1516ea86b56da075235fa575af6a4b855,0x00000000000000000000000023173fe8b96a4ad8d2e17fb83ea5dcccdca1ae52,,0xff021f6a1e774ea78b2b84fa0d2e0e417f72dd0d2cbc72804fabb92d38cf99b4
15941703,2022-11-10 19:27:47.000 UTC,0xa0b86991c6218b36c1d19d4a2e9eb0ce3606eb48,0x,0xffa4e6181777692565cf28528fc88fd1516ea86b56da075235fa575af6a4b855,0x000000000000000000000000d8d7de3349ccaa0fde6298fe6d7b7d0d34586193,,0x1fe834bd6bef3c8669070c0a5efcde24c810d909c34eda085b49580652714780
15941703,2022-11-10 19:27:47.000 UTC,0xa0b86991c6218b36c1d19d4a2e9eb0ce3606eb48,0x,0xffa4e6181777692565cf28528fc88fd1516ea86b56da075235fa575af6a4b855,0x00000000000000000000000057b2b8c82f065de8ef5573f9730fc1449b403c9f,,0x573553d054954cf1bc6e94f4704fa10078c9d91f2d3bdc0cc41507e39940a838
15941703,2022-11-10 19:27:47.000 UTC,0xa0b86991c6218b36c1d19d4a2e9eb0ce3606eb48,0x,0xffa4e6181777692565cf28528fc88fd1516ea86b56da075235fa575af6a4b855,0x000000000000000000000000407cceeaa7c95d2fe2250bf9f2c105aa7aafb512,,0x6d4a58a2f4bb77a586845ee92a784cdc63424cb4ecabc2bd7c03ea58438cb5b1
15941703,2022-11-10 19:27:47.000 UTC,0xa0b86991c6218b36c1d19d4a2e9eb0ce3606eb48,0x,0xffa4e6181777692565cf28528fc88fd1516ea86b56da075235fa575af6a4b855,0x000000000000000000000000833481186f16cece3f1eeea1a694c42034c3a0db,,0xc7fb284c48ec3aae0924e8cd94c19f856bedbd07bb09bb7cc35f764f9f00b642
15941703,2022-11-10 19:27:47.000 UTC,0xa0b86991c6218b36c1d19d4a2e9eb0ce3606eb48,0x,0xffa4e6181777692565cf28528fc88fd1516ea86b56da075235fa575af6a4b855,0x0000000000000000000000008281aa6795ade17c8973e1aedca380258bc124f9,,0xceaeb9111963e1bb1afbd29c4d1aa387315e24cbb33515e2017d6cbdd4d111d2
15941704,2022-11-10 19:27:59.000 UTC,0xa0b86991c6218b36c1d19d4a2e9eb0ce3606eb48,0x,0xffa4e6181777692565cf28528fc88fd1516ea86b56da075235fa575af6a4b855,0x00000000000000000000000076d85b4c0fc497eecc38902397ac608000a06607,,0x054531081ded44ae59679b13575a5f50641b3e96fe884429cfd5277897fc35f9
15941704,2022-11-10 19:27:59.000 UTC,0xa0b86991c6218b36c1d19d4a2e9eb0ce3606eb48,0x,0xffa4e6181777692565cf28528fc88fd1516ea86b56da075235fa575af6a4b855,0x0000000000000000000000000e3a09dda6b20afbb34ac7cd4a6881493f3e7bf7,,0x0ce36e93454da5b5f558c1cfdd808cd6b70e7a6273839e124aa86ab0e149cb2a
15941704,2022-11-10 19:27:59.000 UTC,0xa0b86991c6218b36c1d19d4a2e9eb0ce3606eb48,0x,0xffa4e6181777692565cf28528fc88fd1516ea86b56da075235fa575af6a4b855,0x000000000000000000000000cc84179ffd19a1627e79f8648d09e095252bc418,,0x2f1ede97b83dee6e2b18436f111d0e52b6a5cd5cf45150c0afb724a1b07f0b39
15941704,2022-11-10 19:27:59.000 UTC,0xa0b86991c6218b36c1d19d4a2e9eb0ce3606eb48,0x,0xffa4e6181777692565cf28528fc88fd1516ea86b56da075235fa575af6a4b855,0x000000000000000000000000d5d6f8d9e784d0e26222ad3834500801a68d027d,,0xecbd4925530eb08c282c4a0282d8005254d90e424f86da55bdaa633740bdd2e9
15941709,2022-11-10 19:28:59.000 UTC,0xa0b86991c6218b36c1d19d4a2e9eb0ce3606eb48,0x,0xffa4e6181777692565cf28528fc88fd1516ea86b56da075235fa575af6a4b855,0x0000000000000000000000003aac1cc67c2ec5db4ea850957b967ba153ad6279,,0x07cb9fcdfeca6b8d84f8efb6410369e0a1e8eeeaae0d090f7f9d37e4d6bf8524
15941709,2022-11-10 19:28:59.000 UTC,0xa0b86991c6218b36c1d19d4a2e9eb0ce3606eb48,0x,0xffa4e6181777692565cf28528fc88fd1516ea86b56da075235fa575af6a4b855,0x000000000000000000000000a5c2254e4253490c54cef0a4347fddb8f75a4998,,0x1c652b96787454cc27a92cd3d727cb0a623b23da16b4cfad4ee05293d08570ca
15941709,2022-11-10 19:28:59.000 UTC,0xa0b86991c6218b36c1d19d4a2e9eb0ce3606eb48,0x,0xffa4e6181777692565cf28528fc88fd1516ea86b56da075235fa575af6a4b855,0x000000000000000000000000723b78e67497e85279cb204544566f4dc5d2aca0,,0x4f5201c557ccf553ec7117493cb8786d0cf2e4d66870b58aee2782276a79ea01
15941709,2022-11-10 19:28:59.000 UTC,0xa0b86991c6218b36c1d19d4a2e9eb0ce3606eb48,0x,0xffa4e6181777692565cf28528fc88fd1516ea86b56da075235fa575af6a4b855,0x000000000000000000000000af8d1839c3c67cf571aa74b5c12398d4901147b3,,0x92408dd6686d89800c6dacd8de33178430bd0c20ea9629c24e8091f8f53b7535
15941709,2022-11-10 19:28:59.000 UTC,0xa0b86991c6218b36c1d19d4a2e9eb0ce3606eb48,0x,0xffa4e6181777692565cf28528fc88fd1516ea86b56da075235fa575af6a4b855,0x0000000000000000000000006bf694a291df3fec1f7e69701e3ab6c592435ae7,,0xa62775633bfebec50b8e43d4ee8cf898aa8195017f1da22f902df2e615932128
15941739,2022-11-10 19:34:59.000 UTC,0xa0b86991c6218b36c1d19d4a2e9eb0ce3606eb48,0x,0x117e3210bb9aa7d9baff172026820255c6f6c30ba8999d1c2fd88e2848137c4e,0x000000000000000000000000905b63fff465b9ffbf41dea908ceb12478ec7601,,0xb8c9d08957e16e5aa37f478ef1fbe1a95142e27bda686f1cbb13d77fee864e31
15941777,2022-11-10 19:42:47.000 UTC,0xa0b86991c6218b36c1d19d4a2e9eb0ce3606eb48,0x,0xffa4e6181777692565cf28528fc88fd1516ea86b56da075235fa575af6a4b855,0x000000000000000000000000df231d99ff8b6c6cbf4e9b9a945cbacef9339178,,0x4163e91fbbf8aaa04d23b10fdbf806234745dd21dd6a2f70c15526ad5c262f98
15941777,2022-11-10 19:42:47.000 UTC,0xa0b86991c6218b36c1d19d4a2e9eb0ce3606eb48,0x,0xffa4e6181777692565cf28528fc88fd1516ea86b56da075235fa575af6a4b855,0x000000000000000000000000af4c0b70b2ea9fb7487c7cbb37ada259579fe040,,0xbe5f5e296b9ba52f5e5ea3417603fa6540842dee431b84e5a8ba69078b3d428c
15941777,2022-11-10 19:42:47.000 UTC,0xa0b86991c6218b36c1d19d4a2e9eb0ce3606eb48,0x,0xffa4e6181777692565cf28528fc88fd1516ea86b56da075235fa575af6a4b855,0x0000000000000000000000001e34a77868e19a6647b1f2f47b51ed72dede95dd,,0xcf630b03f27422f6ed23295ff444b386ea33d4c3812e19ffce7b198b80f52c74
15941892,2022-11-10 20:05:47.000 UTC,0xa0b86991c6218b36c1d19d4a2e9eb0ce3606eb48,0x,0xffa4e6181777692565cf28528fc88fd1516ea86b56da075235fa575af6a4b855,0x000000000000000000000000502371699497d08d5339c870851898d6d72521dd,,0x35c72974fe989c83db67d34b89a337e693d3839a02e05d92132e96b097a01f92
15941893,2022-11-10 20:05:59.000 UTC,0xa0b86991c6218b36c1d19d4a2e9eb0ce3606eb48,0x,0xffa4e6181777692565cf28528fc88fd1516ea86b56da075235fa575af6a4b855,0x0000000000000000000000005a14e72060c11313e38738009254a90968f58f51,,0x6f073fbfa718323bbef8fd918f096d36d9ac184d1e410d6448b621000742e01d
15941895,2022-11-10 20:06:23.000 UTC,0xa0b86991c6218b36c1d19d4a2e9eb0ce3606eb48,0x,0xffa4e6181777692565cf28528fc88fd1516ea86b56da075235fa575af6a4b855,0x000000000000000000000000efe301d259f525ca1ba74a7977b80d5b060b3cca,,0x41a169b9ea8512b09ff99b0c4f09ab2380c80b3ebc9047c7058c6df4b382e76f
15941896,2022-11-10 20:06:35.000 UTC,0xa0b86991c6218b36c1d19d4a2e9eb0ce3606eb48,0x,0xffa4e6181777692565cf28528fc88fd1516ea86b56da075235fa575af6a4b855,0x000000000000000000000000d0975b32cea532eadddfc9c60481976e39db3472,,0x6bc372ed1376f912114d379f8920512ae995e445a6206d5c16933ec0caa3a07b
15941897,2022-11-10 20:06:47.000 UTC,0xa0b86991c6218b36c1d19d4a2e9eb0ce3606eb48,0x,0xffa4e6181777692565cf28528fc88fd1516ea86b56da075235fa575af6a4b855,0x0000000000000000000000001967d8af5bd86a497fb3dd7899a020e47560daaf,,0xdf017d3dc0facbbe4a9d11cf6bc1ed2326b09cf6095941b7c8209ec78975b5e9
15941898,2022-11-10 20:06:59.000 UTC,0xa0b86991c6218b36c1d19d4a2e9eb0ce3606eb48,0x,0xffa4e6181777692565cf28528fc88fd1516ea86b56da075235fa575af6a4b855,0x00000000000000000000000083e5bc4ffa856bb84bb88581f5dd62a433a25e0d,,0x36f9cd291938bbd668e3465ab83ee86990e1eb298be82ccf34897620b726c7f6
15941898,2022-11-10 20:06:59.000 UTC,0xa0b86991c6218b36c1d19d4a2e9eb0ce3606eb48,0x,0xffa4e6181777692565cf28528fc88fd1516ea86b56da075235fa575af6a4b855,0x00000000000000000000000008b2efdcdb8822efe5ad0eae55517cf5dc544251,,0x49a673c02b2262029f52732f613ec92863f1a4c3fb42846e98c6b3217d3a8644
15941898,2022-11-10 20:06:59.000 UTC,0xa0b86991c6218b36c1d19d4a2e9eb0ce3606eb48,0x,0xffa4e6181777692565cf28528fc88fd1516ea86b56da075235fa575af6a4b855,0x00000000000000000000000004dba1194ee10112fe6c3207c0687def0e78bacf,,0x5fd823811a8d3a03eb3db87020584faada627a21977c1033ca64ad1005860575
15941903,2022-11-10 20:07:59.000 UTC,0xa0b86991c6218b36c1d19d4a2e9eb0ce3606eb48,0x,0xffa4e6181777692565cf28528fc88fd1516ea86b56da075235fa575af6a4b855,0x0000000000000000000000000ee5067b06776a89ccc7dc8ee369984ad7db5e06,,0x1ad5350cbd7167cacda74e99f3e4963559356645d80b82840dfecc39ffd4f264
16071430,2022-11-28 22:19:47.000 UTC,0xa0b86991c6218b36c1d19d4a2e9eb0ce3606eb48,0x,0xffa4e6181777692565cf28528fc88fd1516ea86b56da075235fa575af6a4b855,0x00000000000000000000000044b3d59fe4da798a43de3689be0a2ab508bc0067,,0x993b2d9d7840e136fe378057916fbd387a0595dae5d8d7c96eb4c10dd333ad22
16092064,2022-12-01 19:32:47.000 UTC,0xa0b86991c6218b36c1d19d4a2e9eb0ce3606eb48,0x,0x117e3210bb9aa7d9baff172026820255c6f6c30ba8999d1c2fd88e2848137c4e,0x00000000000000000000000029875bd49350ac3f2ca5ceeb1c1701708c795ff3,,0xfe7f402f4627462e66350410949f5655548a684447a62d7dc97ee2b4203fa02d
16442499,2023-01-19 17:59:47.000 UTC,0xa0b86991c6218b36c1d19d4a2e9eb0ce3606eb48,0x,0xffa4e6181777692565cf28528fc88fd1516ea86b56da075235fa575af6a4b855,0x000000000000000000000000bf4f36efa3ac655a1d86f6c32b648a90271443f4,,0x4a23e7dc548074d64913e48c971c0030a75505e4fc9a51c8fbbc081f53839dbf
16536887,2023-02-01 22:15:47.000 UTC,0xa0b86991c6218b36c1d19d4a2e9eb0ce3606eb48,0x,0xffa4e6181777692565cf28528fc88fd1516ea86b56da075235fa575af6a4b855,0x00000000000000000000000039d908dac893cbcb53cc86e0ecc369aa4def1a29,,0x35aa990a8b3034c488f568a4031ad2a8c3667b58b20524b50e6abf6e9ebe37e1
16546075,2023-02-03 05:09:35.000 UTC,0xa0b86991c6218b36c1d19d4a2e9eb0ce3606eb48,0x,0xffa4e6181777692565cf28528fc88fd1516ea86b56da075235fa575af6a4b855,0x0000000000000000000000007f2863dc306fe5be920d311f5eeef842bae16ce8,,0x902c156e19ccb6a0044e1d58fcead36fe1bd2c39ea94f75502b04484cfcc665a
16546075,2023-02-03 05:09:35.000 UTC,0xa0b86991c6218b36c1d19d4a2e9eb0ce3606eb48,0x,0xffa4e6181777692565cf28528fc88fd1516ea86b56da075235fa575af6a4b855,0x000000000000000000000000f8a9ab377ce63592583767b34602e130e38ebdca,,0xda1a970f9a1fa16dd868b931c242a3608783c6741cd882c69ee53c24c70f04c8
16705953,2023-02-25 14:41:11.000 UTC,0xa0b86991c6218b36c1d19d4a2e9eb0ce3606eb48,0x,0xffa4e6181777692565cf28528fc88fd1516ea86b56da075235fa575af6a4b855,0x0000000000000000000000006572760df65696a671eb17575b995daca056237d,,0x32d4b253683adc3486fdab4612f96b256c713343eef64fde219ff23a57471366
16705954,2023-02-25 14:41:23.000 UTC,0xa0b86991c6218b36c1d19d4a2e9eb0ce3606eb48,0x,0xffa4e6181777692565cf28528fc88fd1516ea86b56da075235fa575af6a4b855,0x00000000000000000000000042b756987dee8a21508c4e470bfefb5e36a5e4e4,,0xa3c609525dd2ad8dddb2fc107514171fd4659803f959da797f22e1f8fd649789
16705955,2023-02-25 14:41:35.000 UTC,0xa0b86991c6218b36c1d19d4a2e9eb0ce3606eb48,0x,0xffa4e6181777692565cf28528fc88fd1516ea86b56da075235fa575af6a4b855,0x0000000000000000000000009253f800c8a03b9184ceb9280361e5055893192c,,0x3c61c8e06a1f4e929ec87b1004e4fb29840ac6e05c21e47124e7c5f75c785bc1
16792362,2023-03-09 18:14:59.000 UTC,0xa0b86991c6218b36c1d19d4a2e9eb0ce3606eb48,0x,0xffa4e6181777692565cf28528fc88fd1516ea86b56da075235fa575af6a4b855,0x0000000000000000000000006e2bfa169667c0d9addde8d532a22e05b72e8911,,0xd71a56004afa3c40a4f75f2fa508f891de44f73d6279161f90ad868db23a5c12
17117253,2023-04-24 16:12:23.000 UTC,0xa0b86991c6218b36c1d19d4a2e9eb0ce3606eb48,0x,0xffa4e6181777692565cf28528fc88fd1516ea86b56da075235fa575af6a4b855,0x0000000000000000000000004f47bc496083c727c5fbe3ce9cdf2b0f6496270c,,0xab8040cf03cb6b6a8cedba1b250ffbfdd2bfe7dd031485e249a25307d541b662
17168347,2023-05-01 20:28:11.000 UTC,0xa0b86991c6218b36c1d19d4a2e9eb0ce3606eb48,0x,0xffa4e6181777692565cf28528fc88fd1516ea86b56da075235fa575af6a4b855,0x0000000000000000000000008a8a2436fc920e6c73c3a9e9a00b8d937812ee0d,,0x48ce5fef20eb60f8350736b0477f0df619251237df4de6e7e3b46e05da4e3b27
17168362,2023-05-01 20:31:11.000 UTC,0xa0b86991c6218b36c1d19d4a2e9eb0ce3606eb48,0x,0xffa4e6181777692565cf28528fc88fd1516ea86b56da075235fa575af6a4b855,0x000000000000000000000000c34586a57d59fbd08865298203cf28cd10ad9708,,0xc8a4656d6fc0a656b39d4e1bfd174ccc778cc38ef76878d702d99ce94a79054a
17168362,2023-05-01 20:31:11.000 UTC,0xa0b86991c6218b36c1d19d4a2e9eb0ce3606eb48,0x,0xffa4e6181777692565cf28528fc88fd1516ea86b56da075235fa575af6a4b855,0x000000000000000000000000088aaa322d955816d8a00b3ad58139543556cb61,,0xf7e34fd97d7d4d278dfee75b830b05faab04af454342f9f9be9773af22959aa3
17294738,2023-05-19 16:31:59.000 UTC,0xa0b86991c6218b36c1d19d4a2e9eb0ce3606eb48,0x,0xffa4e6181777692565cf28528fc88fd1516ea86b56da075235fa575af6a4b855,0x00000000000000000000000038735f03b30fbc022ddd06abed01f0ca823c6a94,,0x52d7d71a5be31a6cfb17a1a464eed9e8a52473c9e74969343bedd28b2351f47b
17317657,2023-05-22 21:59:11.000 UTC,0xa0b86991c6218b36c1d19d4a2e9eb0ce3606eb48,0x,0xffa4e6181777692565cf28528fc88fd1516ea86b56da075235fa575af6a4b855,0x0000000000000000000000008bebb5bc4f8ee9d2978e70c5dc178543fb9dc0d9,,0x69fb8641013e01ba41f6763c16888dd50f9613d26c984c6ad55e2c895f13df6a
17317657,2023-05-22 21:59:11.000 UTC,0xa0b86991c6218b36c1d19d4a2e9eb0ce3606eb48,0x,0xffa4e6181777692565cf28528fc88fd1516ea86b56da075235fa575af6a4b855,0x000000000000000000000000eb53f63ff2c8f576de0752d0fb603ddc79318b26,,0xfb784b5bb11f818e06e5e148d6ef9ea2b1662b5300be3bcf827afd7cfdae10cd
17317658,2023-05-22 21:59:23.000 UTC,0xa0b86991c6218b36c1d19d4a2e9eb0ce3606eb48,0x,0xffa4e6181777692565cf28528fc88fd1516ea86b56da075235fa575af6a4b855,0x000000000000000000000000fc672c73ca5c7234edc82552e4a0c8fc247d32ac,,0x4843a85ac4b60141bc3428eb8ec018fbe97acb5ebb436fa3a2db33cc5d67f18d
17317672,2023-05-22 22:02:11.000 UTC,0xa0b86991c6218b36c1d19d4a2e9eb0ce3606eb48,0x,0xffa4e6181777692565cf28528fc88fd1516ea86b56da075235fa575af6a4b855,0x0000000000000000000000000c51498f3ae1a0cfe696820a1b4e9af85b918bc6,,0x040c46da3fd9f199f310df578bfb356fecc854d6aedc72b1ceeac9738cf2264f
17317672,2023-05-22 22:02:11.000 UTC,0xa0b86991c6218b36c1d19d4a2e9eb0ce3606eb48,0x,0xffa4e6181777692565cf28528fc88fd1516ea86b56da075235fa575af6a4b855,0x00000000000000000000000008c3fd4ae6a596083a528614d71e17c2ff2f4b8e,,0xab29c8d8ad509b4cd9674e8c58dbdba13d38ace04fe0e64cff1772774f54328c
17322824,2023-05-23 15:29:35.000 UTC,0xa0b86991c6218b36c1d19d4a2e9eb0ce3606eb48,0x,0xffa4e6181777692565cf28528fc88fd1516ea86b56da075235fa575af6a4b855,0x00000000000000000000000097b1043abd9e6fc31681635166d430a458d14f9c,,0x9401aa96bdda8b6470abe931dc3d29c03016a1e8a05d1b90103715e2bf3d5b34
17322836,2023-05-23 15:32:11.000 UTC,0xa0b86991c6218b36c1d19d4a2e9eb0ce3606eb48,0x,0xffa4e6181777692565cf28528fc88fd1516ea86b56da075235fa575af6a4b855,0x000000000000000000000000b6f5ec1a0a9cd1526536d3f0426c429529471f40,,0xc69273a8256a68241337794881faae4bf4616a08170f3fddb009a3dc77a5c550
17535570,2023-06-22 13:51:59.000 UTC,0xa0b86991c6218b36c1d19d4a2e9eb0ce3606eb48,0x,0x117e3210bb9aa7d9baff172026820255c6f6c30ba8999d1c2fd88e2848137c4e,0x0000000000000000000000006e2bfa169667c0d9addde8d532a22e05b72e8911,,0xcfe2a5e9f1a698e507293571478cb03d9f7357df5abe20e6533d42e70c0c0449
17643245,2023-07-07 16:55:23.000 UTC,0xa0b86991c6218b36c1d19d4a2e9eb0ce3606eb48,0x,0xffa4e6181777692565cf28528fc88fd1516ea86b56da075235fa575af6a4b855,0x00000000000000000000000048bead89e696ee93b04913cb0006f35adb844537,,0x5a6ccaebe4e97298e27a40d8dd3fc59661935694c7a96b28c0de1165a725d3fc
17643245,2023-07-07 16:55:23.000 UTC,0xa0b86991c6218b36c1d19d4a2e9eb0ce3606eb48,0x,0xffa4e6181777692565cf28528fc88fd1516ea86b56da075235fa575af6a4b855,0x000000000000000000000000027f1571aca57354223276722dc7b572a5b05cd8,,0xd568f3d01f052050efa2b6a0cedf89dd01f9597b6d9972be18996f9a5f5751c5
17643245,2023-07-07 16:55:23.000 UTC,0xa0b86991c6218b36c1d19d4a2e9eb0ce3606eb48,0x,0xffa4e6181777692565cf28528fc88fd1516ea86b56da075235fa575af6a4b855,0x000000000000000000000000efeef8e968a0db92781ac7b3b7c821909ef10c88,,0xed97f73fc7c1ae7679b1572b08f16c422445e8ca575c643bd8c9c0ea3e1ad69b
17816456,2023-08-01 00:04:47.000 UTC,0xa0b86991c6218b36c1d19d4a2e9eb0ce3606eb48,0x,0xffa4e6181777692565cf28528fc88fd1516ea86b56da075235fa575af6a4b855,0x000000000000000000000000d71c94052989e209ba713deb66e0a8f72b913b70,,0x672911b46b90f49d8d26c9a49e5331a6651ac2e31700705f50c65f4bfcf2b4a9
17984504,2023-08-24 12:16:47.000 UTC,0xa0b86991c6218b36c1d19d4a2e9eb0ce3606eb48,0x,0xffa4e6181777692565cf28528fc88fd1516ea86b56da075235fa575af6a4b855,0x000000000000000000000000dcbeffbecce100cce9e4b153c4e15cb885643193,,0xe5e3264f0cb5558f2011b65ed231656870ad217e55eff924193860753091448a
17984508,2023-08-24 12:17:35.000 UTC,0xa0b86991c6218b36c1d19d4a2e9eb0ce3606eb48,0x,0xffa4e6181777692565cf28528fc88fd1516ea86b56da075235fa575af6a4b855,0x0000000000000000000000005f48c2a71b2cc96e3f0ccae4e39318ff0dc375b2,,0x3a148a95143e83d4092ed4644d8fcc6aedadead9dae3c4319a2f5f3dde03a60b
17984512,2023-08-24 12:18:23.000 UTC,0xa0b86991c6218b36c1d19d4a2e9eb0ce3606eb48,0x,0xffa4e6181777692565cf28528fc88fd1516ea86b56da075235fa575af6a4b855,0x0000000000000000000000005a7a51bfb49f190e5a6060a5bc6052ac14a3b59f,,0x15cf95aa0a2c8538723bd58ed3d15da7b78ad08071712762e3799283a4571902
17984514,2023-08-24 12:18:47.000 UTC,0xa0b86991c6218b36c1d19d4a2e9eb0ce3606eb48,0x,0xffa4e6181777692565cf28528fc88fd1516ea86b56da075235fa575af6a4b855,0x000000000000000000000000ed6e0a7e4ac94d976eebfb82ccf777a3c6bad921,,0x16358ecc04a7fb73b18a0ca2a3c6b54053a4d87fcf67cf877edd88db8fb8a707
17984516,2023-08-24 12:19:11.000 UTC,0xa0b86991c6218b36c1d19d4a2e9eb0ce3606eb48,0x,0xffa4e6181777692565cf28528fc88fd1516ea86b56da075235fa575af6a4b855,0x000000000000000000000000797d7ae72ebddcdea2a346c1834e04d1f8df102b,,0x0794d7e6822de6374de5040e02d60bb8edc808fcc066021d068c8b48a44df0c0
17984518,2023-08-24 12:19:35.000 UTC,0xa0b86991c6218b36c1d19d4a2e9eb0ce3606eb48,0x,0xffa4e6181777692565cf28528fc88fd1516ea86b56da075235fa575af6a4b855,0x000000000000000000000000931546d9e66836abf687d2bc64b30407bac8c568,,0xb639e6ae2ecca99db16d25353dcc121706897599f32649aec8a4ed36c8ac9495
17984520,2023-08-24 12:19:59.000 UTC,0xa0b86991c6218b36c1d19d4a2e9eb0ce3606eb48,0x,0xffa4e6181777692565cf28528fc88fd1516ea86b56da075235fa575af6a4b855,0x00000000000000000000000043fa21d92141ba9db43052492e0deee5aa5f0a93,,0xde3ebdf78a965c652ff214c4ae19809be07e75c2f94226edadfc263f938d15e5
17984522,2023-08-24 12:20:23.000 UTC,0xa0b86991c6218b36c1d19d4a2e9eb0ce3606eb48,0x,0xffa4e6181777692565cf28528fc88fd1516ea86b56da075235fa575af6a4b855,0x0000000000000000000000006be0ae71e6c41f2f9d0d1a3b8d0f75e6f6a0b46e,,0xbafa7e1f9d3d7e1e05df9edac7c63ed6154d59c8f0e476fd763c14344a76954f
17993880,2023-08-25 19:46:23.000 UTC,0xa0b86991c6218b36c1d19d4a2e9eb0ce3606eb48,0x,0xffa4e6181777692565cf28528fc88fd1516ea86b56da075235fa575af6a4b855,0x0000000000000000000000003d7cfda9254a05d3eeae06ab2a7c46b8e950d744,,0x71f768c58382cc31705366c1a7783266cdd7dcab38f34bdf5e9887797797c5c9
17993895,2023-08-25 19:49:23.000 UTC,0xa0b86991c6218b36c1d19d4a2e9eb0ce3606eb48,0x,0xffa4e6181777692565cf28528fc88fd1516ea86b56da075235fa575af6a4b855,0x0000000000000000000000009c220048401fa6819e59a15e67d96ceffb9043ac,,0x8367399e6a307ecc5060f0e07e43e9da7dbdadbdead7c0b5953db06cf2c77a3c
17993895,2023-08-25 19:49:23.000 UTC,0xa0b86991c6218b36c1d19d4a2e9eb0ce3606eb48,0x,0xffa4e6181777692565cf28528fc88fd1516ea86b56da075235fa575af6a4b855,0x00000000000000000000000026e0d078aac76c9ba2b348825b413744a82a2cfd,,0xfd8cdc48716b6a17da8feb2aa872466a393a442d0fc2d6b59de0b038fc02611d
18224435,2023-09-27 03:31:23.000 UTC,0xa0b86991c6218b36c1d19d4a2e9eb0ce3606eb48,0x,0xffa4e6181777692565cf28528fc88fd1516ea86b56da075235fa575af6a4b855,0x0000000000000000000000009c2bc757b66f24d60f016b6237f8cdd414a879fa,,0xa16078ff2721bb15d670d2ad2db0f46166ff02263c864415015419ad689af723
18273952,2023-10-04 01:43:35.000 UTC,0xa0b86991c6218b36c1d19d4a2e9eb0ce3606eb48,0x,0xffa4e6181777692565cf28528fc88fd1516ea86b56da075235fa575af6a4b855,0x000000000000000000000000530a64c0ce595026a4a556b703644228179e2d57,,0x1cfc186edf8514f8999b126a7c79964da67d4b91b5bf6cc06bb12893992ea162
18273955,2023-10-04 01:44:11.000 UTC,0xa0b86991c6218b36c1d19d4a2e9eb0ce3606eb48,0x,0xffa4e6181777692565cf28528fc88fd1516ea86b56da075235fa575af6a4b855,0x0000000000000000000000002e13ea767da12f504ceaaaebe5950488498dc2d2,,0xbcb0abf5371811d72b32aa6fb56009b5fdea363eafd7dd50828729946b8975f9
18273956,2023-10-04 01:44:23.000 UTC,0xa0b86991c6218b36c1d19d4a2e9eb0ce3606eb48,0x,0xffa4e6181777692565cf28528fc88fd1516ea86b56da075235fa575af6a4b855,0x0000000000000000000000007de5ab1914e241177344936dc33b4a8157c98248,,0x28c50c08ffc00db673be478c740c071f40480fea45b1309a0684c345f0ebae45
18273958,2023-10-04 01:44:47.000 UTC,0xa0b86991c6218b36c1d19d4a2e9eb0ce3606eb48,0x,0xffa4e6181777692565cf28528fc88fd1516ea86b56da075235fa575af6a4b855,0x000000000000000000000000fac583c0cf07ea434052c49115a4682172ab6b4f,,0x76d6de7dc8ff00781d110c1c24f0bce4290fbd316e813390220e9b6a69fd4e0b
18273959,2023-10-04 01:44:59.000 UTC,0xa0b86991c6218b36c1d19d4a2e9eb0ce3606eb48,0x,0xffa4e6181777692565cf28528fc88fd1516ea86b56da075235fa575af6a4b855,0x000000000000000000000000be5e683633ddd17d8a89b4e10860a0e426c5ed24,,0xea40ec43bb89067b02c5e62e959f29b492dd95330d6cfc10424edb2114bdc203
18273961,2023-10-04 01:45:23.000 UTC,0xa0b86991c6218b36c1d19d4a2e9eb0ce3606eb48,0x,0xffa4e6181777692565cf28528fc88fd1516ea86b56da075235fa575af6a4b855,0x000000000000000000000000961c5be54a2ffc17cf4cb021d863c42dacd47fc1,,0xcc54180655e690668172f2f360de5f45615ec16fdfdd277e1049273e559fd773
18273962,2023-10-04 01:45:35.000 UTC,0xa0b86991c6218b36c1d19d4a2e9eb0ce3606eb48,0x,0xffa4e6181777692565cf28528fc88fd1516ea86b56da075235fa575af6a4b855,0x000000000000000000000000a6cc8ab881debc3c9e8adb32549d0cbe614168c5,,0xc9c2101b676c85d5997902dcc045250dcd08e9ff0047a6d956f80d11633aa074
18273963,2023-10-04 01:45:47.000 UTC,0xa0b86991c6218b36c1d19d4a2e9eb0ce3606eb48,0x,0xffa4e6181777692565cf28528fc88fd1516ea86b56da075235fa575af6a4b855,0x000000000000000000000000983a81ca6fb1e441266d2fbcb7d8e530ac2e05a2,,0x87cffda55cbd0a0c53571bb7adec0de1b4b273f6873f48edf0ed4e39b555452d
18574049,2023-11-15 01:34:23.000 UTC,0xa0b86991c6218b36c1d19d4a2e9eb0ce3606eb48,0x,0xffa4e6181777692565cf28528fc88fd1516ea86b56da075235fa575af6a4b855,0x0000000000000000000000005b93aadbd3e507bf2e3a68e8cd760c82fba541f1,,0x9c59c40e6d38c8c1d230065fec8a23b1c0cfa4a24af54a9c09330c90e2626cae
18574052,2023-11-15 01:34:59.000 UTC,0xa0b86991c6218b36c1d19d4a2e9eb0ce3606eb48,0x,0xffa4e6181777692565cf28528fc88fd1516ea86b56da075235fa575af6a4b855,0x0000000000000000000000003ac79da68cc906240f4c62d7b2bfe64fb992e22c,,0x6c39a70bd26db456cb9b1bab270ae62d937a56984ccf9d8645c94a517eeb23a0
18574054,2023-11-15 01:35:23.000 UTC,0xa0b86991c6218b36c1d19d4a2e9eb0ce3606eb48,0x,0xffa4e6181777692565cf28528fc88fd1516ea86b56da075235fa575af6a4b855,0x0000000000000000000000005095cbfc0ff59e63745ea01f5a722f9d7564b4f6,,0x83bbaa4df3ef238f709322a0f5ed34afa4ff565ec1b01e2859fcf10d3e50c686
18574055,2023-11-15 01:35:35.000 UTC,0xa0b86991c6218b36c1d19d4a2e9eb0ce3606eb48,0x,0xffa4e6181777692565cf28528fc88fd1516ea86b56da075235fa575af6a4b855,0x0000000000000000000000003ceab17d3fb1ee10e8424ca2b649c54a0643ed88,,0xdcd67725c0fc2894c729213ebd74c008ff9f4223aecc0226a27829b832897c30
18574057,2023-11-15 01:35:59.000 UTC,0xa0b86991c6218b36c1d19d4a2e9eb0ce3606eb48,0x,0xffa4e6181777692565cf28528fc88fd1516ea86b56da075235fa575af6a4b855,0x0000000000000000000000001ea6c03601ba054441709a4a345addc05937fd9c,,0x0cf8d3be121be259c5f032001fb5752da581aae9bc9f975d62b8cd4b982e1ae8
18574059,2023-11-15 01:36:35.000 UTC,0xa0b86991c6218b36c1d19d4a2e9eb0ce3606eb48,0x,0xffa4e6181777692565cf28528fc88fd1516ea86b56da075235fa575af6a4b855,0x000000000000000000000000d492e57806c0abd3f0932205c5bb3086aae49778,,0x0bc9ef57be18d1237885cd94f86042078b7d893807fc332453a42aa1eaf631b5
18574061,2023-11-15 01:36:59.000 UTC,0xa0b86991c6218b36c1d19d4a2e9eb0ce3606eb48,0x,0xffa4e6181777692565cf28528fc88fd1516ea86b56da075235fa575af6a4b855,0x00000000000000000000000068b66ce34da6bf45110e0064f232acbd8e7a5531,,0x5226852096cfcc31fe40afbbd45230ab522490f8da36fbd0e789d9677ee2857b
18574064,2023-11-15 01:37:35.000 UTC,0xa0b86991c6218b36c1d19d4a2e9eb0ce3606eb48,0x,0xffa4e6181777692565cf28528fc88fd1516ea86b56da075235fa575af6a4b855,0x0000000000000000000000007d7c4dddf9188d0c170d438d08eb94370c588630,,0x75b7df956fef9e321dccb67f27d547e9a53c2738e7b6db71fea3db579ddd3459
18574066,2023-11-15 01:37:59.000 UTC,0xa0b86991c6218b36c1d19d4a2e9eb0ce3606eb48,0x,0xffa4e6181777692565cf28528fc88fd1516ea86b56da075235fa575af6a4b855,0x0000000000000000000000009078b13962fbc7d93f624ab9395d60ff332a9af9,,0x7a6978f653da9b1ed85c16909e7dca1123a0d397a0cf09963ab4a1c53f2e74b5
18574068,2023-11-15 01:38:23.000 UTC,0xa0b86991c6218b36c1d19d4a2e9eb0ce3606eb48,0x,0xffa4e6181777692565cf28528fc88fd1516ea86b56da075235fa575af6a4b855,0x000000000000000000000000d6d47fcea370d6fbd78de05e458bcc5d2d38c390,,0x7921d5e2722cc58a973c2a46d3e8d511eb4932f3e57a9fc291f2573ed7bb59a5
18574072,2023-11-15 01:39:11.000 UTC,0xa0b86991c6218b36c1d19d4a2e9eb0ce3606eb48,0x,0xffa4e6181777692565cf28528fc88fd1516ea86b56da075235fa575af6a4b855,0x00000000000000000000000025b903719548e94cb58907a0db4461ffd61deeb6,,0x7118277d482a0fbe3d07479c052ffe7703b35a14d9bc7ee87d97948d8835a4ad
18574074,2023-11-15 01:39:35.000 UTC,0xa0b86991c6218b36c1d19d4a2e9eb0ce3606eb48,0x,0xffa4e6181777692565cf28528fc88fd1516ea86b56da075235fa575af6a4b855,0x0000000000000000000000005ea884caf25a9d2b9fb1033cdd5300bd40c5d223,,0xba740c7aaf11635d1e8e3ed52fc7088856cda27d266dce260bb578c307e3df63
18574075,2023-11-15 01:39:47.000 UTC,0xa0b86991c6218b36c1d19d4a2e9eb0ce3606eb48,0x,0xffa4e6181777692565cf28528fc88fd1516ea86b56da075235fa575af6a4b855,0x000000000000000000000000ce5d11cc48eb1671a6e36829575578d2d4cca48f,,0xabea8a62be6a6a5cf461981395b06afc8de4b1da5f4b068eb5f43b014bedb2d7
18577699,2023-11-15 13:51:23.000 UTC,0xa0b86991c6218b36c1d19d4a2e9eb0ce3606eb48,0x,0xffa4e6181777692565cf28528fc88fd1516ea86b56da075235fa575af6a4b855,0x000000000000000000000000e997bfc0f7a6fd834176b0c92eb845b6696b8d09,,0x54d3e1f2918ed6028154cf9b9a6ffe7e8d17fe4c74f83b1a709dacd48ea75748
18577702,2023-11-15 13:51:59.000 UTC,0xa0b86991c6218b36c1d19d4a2e9eb0ce3606eb48,0x,0xffa4e6181777692565cf28528fc88fd1516ea86b56da075235fa575af6a4b855,0x000000000000000000000000f44edc33a3c96e7e74ce9284a04db0d8af7eca4c,,0xee8e7f4d50660a7dc64ac139a9abbc3077c7071b923ce647120cbc72dfc77173
18577703,2023-11-15 13:52:11.000 UTC,0xa0b86991c6218b36c1d19d4a2e9eb0ce3606eb48,0x,0xffa4e6181777692565cf28528fc88fd1516ea86b56da075235fa575af6a4b855,0x00000000000000000000000034aa48e296273872649ef8d3782813fe9a77dc72,,0x4caf7dc0e24d8300a53c4a1342435793bd17a151bb293207ff5fbdab28adb295
19071035,2024-01-23 18:04:23.000 UTC,0xa0b86991c6218b36c1d19d4a2e9eb0ce3606eb48,0x,0xffa4e6181777692565cf28528fc88fd1516ea86b56da075235fa575af6a4b855,0x000000000000000000000000fd03637733e810ed9a33e7658d06c80151fb0b61,,0xbe23ea1a77165c1132dacca97e439916f5cca7561117739a1f08548e946c301c
19171750,2024-02-06 21:04:35.000 UTC,0xa0b86991c6218b36c1d19d4a2e9eb0ce3606eb48,0x,0x117e3210bb9aa7d9baff172026820255c6f6c30ba8999d1c2fd88e2848137c4e,0x0000000000000000000000006acdfba02d390b97ac2b2d42a63e85293bcc160e,,0x3d17a884bdd00bf6cc4272ed3a9d8c438508cd2af319db4c97cdd98873a61bd1
19275988,2024-02-21 12:19:23.000 UTC,0xa0b86991c6218b36c1d19d4a2e9eb0ce3606eb48,0x,0xffa4e6181777692565cf28528fc88fd1516ea86b56da075235fa575af6a4b855,0x000000000000000000000000f3701f445b6bdafedbca97d1e477357839e4120d,,0x11311fbe5e82aadecdd456fb5c09b46c2dca5474793aa8c4c9a2d8a48806c774
19390649,2024-03-08 13:08:23.000 UTC,0xa0b86991c6218b36c1d19d4a2e9eb0ce3606eb48,0x,0xffa4e6181777692565cf28528fc88fd1516ea86b56da075235fa575af6a4b855,0x00000000000000000000000070f6d315a46bb7179a45e68d223a70f647ce493d,,0x03a506a27419a3aeedec719da8413b289cdc2c45eba4b0b298ccdaf606bff423
19483138,2024-03-21 12:48:23.000 UTC,0xa0b86991c6218b36c1d19d4a2e9eb0ce3606eb48,0x,0xffa4e6181777692565cf28528fc88fd1516ea86b56da075235fa575af6a4b855,0x0000000000000000000000002f04f39923a77430eca036e14ce44dbd11175747,,0xe808520e496f8597093a1004760153ebc3f31433ca73c9e4385b350cd5d8cd47
19483141,2024-03-21 12:48:59.000 UTC,0xa0b86991c6218b36c1d19d4a2e9eb0ce3606eb48,0x,0xffa4e6181777692565cf28528fc88fd1516ea86b56da075235fa575af6a4b855,0x0000000000000000000000007be6fe8c528273a3a072a538e12c08500bf4d328,,0x634d24abb1ee92ff435a2429cb45bc2afccc678fb8511a63ac670c90dae2bf13
19525572,2024-03-27 12:11:11.000 UTC,0xa0b86991c6218b36c1d19d4a2e9eb0ce3606eb48,0x,0xffa4e6181777692565cf28528fc88fd1516ea86b56da075235fa575af6a4b855,0x000000000000000000000000dda5554510366179ddb442b8a82bc737c3ac77c5,,0x74f24460b2554d600ec68a82ba35686267538244cf68ea5b33b2f87b80c0e410
19528595,2024-03-27 22:49:47.000 UTC,0xa0b86991c6218b36c1d19d4a2e9eb0ce3606eb48,0x,0xffa4e6181777692565cf28528fc88fd1516ea86b56da075235fa575af6a4b855,0x000000000000000000000000175d44451403edf28469df03a9280c1197adb92c,,0xd54d845521dda8bccbf29fec6d149e4c4584e6673af891bcbf336d6d51de7528
19528602,2024-03-27 22:51:23.000 UTC,0xa0b86991c6218b36c1d19d4a2e9eb0ce3606eb48,0x,0xffa4e6181777692565cf28528fc88fd1516ea86b56da075235fa575af6a4b855,0x0000000000000000000000004576847b1cf999843ba6620815e65a9c5e8a4021,,0xccd094a9da4451af6bc924bb5cfcdc9638f957946315ffbb5fbb5d950fc12186
19528604,2024-03-27 22:51:47.000 UTC,0xa0b86991c6218b36c1d19d4a2e9eb0ce3606eb48,0x,0xffa4e6181777692565cf28528fc88fd1516ea86b56da075235fa575af6a4b855,0x000000000000000000000000e950dc316b836e4eefb8308bf32bf7c72a1358ff,,0x7d9238f9c537f3f124397cdb831feca4ce42cfa56953a455482cf654864ea0f6
19528607,2024-03-27 22:52:23.000 UTC,0xa0b86991c6218b36c1d19d4a2e9eb0ce3606eb48,0x,0xffa4e6181777692565cf28528fc88fd1516ea86b56da075235fa575af6a4b855,0x0000000000000000000000004ea7eefc2dcb250c1f069ecaf1e2ae3488059ac2,,0x14bba8c962dd22939b5f528f972e9082da9b1292c6ee18ded7e059c3e582da45
19528609,2024-03-27 22:52:59.000 UTC,0xa0b86991c6218b36c1d19d4a2e9eb0ce3606eb48,0x,0xffa4e6181777692565cf28528fc88fd1516ea86b56da075235fa575af6a4b855,0x000000000000000000000000c24ec5a84cae3d3418b34a1e30b3372c4b25bd0f,,0xfc8fc39db3eae9d5a885a15f89a2a4aa2dd2f68b32d98143f7b73074c23b0513
19528611,2024-03-27 22:53:35.000 UTC,0xa0b86991c6218b36c1d19d4a2e9eb0ce3606eb48,0x,0xffa4e6181777692565cf28528fc88fd1516ea86b56da075235fa575af6a4b855,0x00000000000000000000000021b8d56bda776bbe68655a16895afd96f5534fed,,0x5f1e120ee406263f8a018f7dffd7762ddd70a2c8d40cbd0755e1c1194ee69146
19582638,2024-04-04 13:16:23.000 UTC,0xa0b86991c6218b36c1d19d4a2e9eb0ce3606eb48,0x,0xffa4e6181777692565cf28528fc88fd1516ea86b56da075235fa575af6a4b855,0x000000000000000000000000d7648fffa48e06b0107435a966f3f1e9dbe10b7d,,0xb34b9caa71095b052685fa2b21f373d44b68dff6a788def6cb0db809ad79c0b0
19582643,2024-04-04 13:17:23.000 UTC,0xa0b86991c6218b36c1d19d4a2e9eb0ce3606eb48,0x,0xffa4e6181777692565cf28528fc88fd1516ea86b56da075235fa575af6a4b855,0x000000000000000000000000409c4a8ec8eebf4132e33122164d57c5b7039e59,,0x8873d8ec62321aee0681b35129a814f2f996a6e72c1ed36f468520ade3044edc
19592941,2024-04-05 23:54:11.000 UTC,0xa0b86991c6218b36c1d19d4a2e9eb0ce3606eb48,0x,0xffa4e6181777692565cf28528fc88fd1516ea86b56da075235fa575af6a4b855,0x0000000000000000000000007ca6c4d4fc24417c79c91b4ddbf222cb6bac4c14,,0xa02d680397ee7d4d1efc92d21739691d756f0bafd4f42c4fa50654e967290936
19762294,2024-04-29 16:55:35.000 UTC,0xa0b86991c6218b36c1d19d4a2e9eb0ce3606eb48,0x,0xffa4e6181777692565cf28528fc88fd1516ea86b56da075235fa575af6a4b855,0x0000000000000000000000006a1544f72a2a275715e8d5924e6d8a017f0e41ed,,0xe6d2e8eaba1aa0c6010f9f4b680d9a3e79142345f4537ab117b83f175c01e2eb
19779440,2024-05-02 02:24:47.000 UTC,0xa0b86991c6218b36c1d19d4a2e9eb0ce3606eb48,0x,0xffa4e6181777692565cf28528fc88fd1516ea86b56da075235fa575af6a4b855,0x00000000000000000000000019f8f2b0915daa12a3f5c9cf01df9e24d53794f7,,0x18334da93c9132328b8cb7a286780b926d53574989300db72fbd05eedc00f989
19779458,2024-05-02 02:28:23.000 UTC,0xa0b86991c6218b36c1d19d4a2e9eb0ce3606eb48,0x,0xffa4e6181777692565cf28528fc88fd1516ea86b56da075235fa575af6a4b855,0x0000000000000000000000003e14d41891a30ac7473556d7c3256a5ddf9ef1aa,,0xaa0b3055dbfd02d15e367ebf34a9b5f2e129a298c42ddec474e802c17d5f47d7
19793741,2024-05-04 02:23:59.000 UTC,0xa0b86991c6218b36c1d19d4a2e9eb0ce3606eb48,0x,0xffa4e6181777692565cf28528fc88fd1516ea86b56da075235fa575af6a4b855,0x000000000000000000000000b65e9d4fb5e89c18b8fe77cc47f28b6c2c7b4aac,,0x169366a1c01a4963f9a573c41400ee033c3f315fdc0f3eb760e23c1908ac00cb
19843140,2024-05-11 00:12:59.000 UTC,0xa0b86991c6218b36c1d19d4a2e9eb0ce3606eb48,0x,0xffa4e6181777692565cf28528fc88fd1516ea86b56da075235fa575af6a4b855,0x000000000000000000000000cfdffd028a987448a4ee4c4994a9e2dc3c7dc15f,,0x3b622675218c1253e3cf919b7233b31f50b2740ef3f4926cdc599dfe251cb000
19843154,2024-05-11 00:15:47.000 UTC,0xa0b86991c6218b36c1d19d4a2e9eb0ce3606eb48,0x,0xffa4e6181777692565cf28528fc88fd1516ea86b56da075235fa575af6a4b855,0x00000000000000000000000000d7e7409bfe09a736d3e993de9b87d0baa314d5,,0xd1186dae2a6baa9e42f34f4fd4e1420ec35e4ee066060b9a8ab900ffe279743f
19943475,2024-05-25 01:00:11.000 UTC,0xa0b86991c6218b36c1d19d4a2e9eb0ce3606eb48,0x,0xffa4e6181777692565cf28528fc88fd1516ea86b56da075235fa575af6a4b855,0x000000000000000000000000f6527069fd7e3bdc80c8f92a8d1eadc7d433ea29,,0x0b3b53d6ab9e73200ff6ddd8c41790eee5fe8e1033fe2d780eedc6f500b701e8
19943480,2024-05-25 01:01:11.000 UTC,0xa0b86991c6218b36c1d19d4a2e9eb0ce3606eb48,0x,0xffa4e6181777692565cf28528fc88fd1516ea86b56da075235fa575af6a4b855,0x000000000000000000000000b5484440a0c14326fa4acfb25f2cae7a39c0e75b,,0xaa4860c8bd41e2909fd3f14d637ceeb3cd955da09d3920b3baac1b0e694203e3
19943486,2024-05-25 01:02:23.000 UTC,0xa0b86991c6218b36c1d19d4a2e9eb0ce3606eb48,0x,0xffa4e6181777692565cf28528fc88fd1516ea86b56da075235fa575af6a4b855,0x0000000000000000000000000abf039dff7ff57d7a290362b64ffcd82009e8a9,,0x7f335c76a63cbf208e7dbe7153b4e7db8e66e3945a5ca4f1108b14333d72d253
19943488,2024-05-25 01:02:47.000 UTC,0xa0b86991c6218b36c1d19d4a2e9eb0ce3606eb48,0x,0xffa4e6181777692565cf28528fc88fd1516ea86b56da075235fa575af6a4b855,0x0000000000000000000000008a0a9106cd583c9cab28dca615f2dfc75eccc5ae,,0x973bef2b46eb28607a007781c4d90a4d4e4480cd6d70ca7db88d06830efaf20f
19955700,2024-05-26 17:59:47.000 UTC,0xa0b86991c6218b36c1d19d4a2e9eb0ce3606eb48,0x,0xffa4e6181777692565cf28528fc88fd1516ea86b56da075235fa575af6a4b855,0x00000000000000000000000062215c796d9cf4ced759ff06cbb8e712dd15eef6,,0x1b513be752bec77b57c4e9498fb3f1c5cbdf527c1b808ba12d68aba398467578
19972374,2024-05-29 01:55:23.000 UTC,0xa0b86991c6218b36c1d19d4a2e9eb0ce3606eb48,0x,0xffa4e6181777692565cf28528fc88fd1516ea86b56da075235fa575af6a4b855,0x000000000000000000000000e1d865c3d669dcc8c57c8d023140cb204e672ee4,,0x22eb60e99b36d89b3a56fc7f3a2f20401758bca59a4adf48cf80522d9ac69539
19972374,2024-05-29 01:55:23.000 UTC,0xa0b86991c6218b36c1d19d4a2e9eb0ce3606eb48,0x,0xffa4e6181777692565cf28528fc88fd1516ea86b56da075235fa575af6a4b855,0x0000000000000000000000000e6b8e34dc115a2848f585851af23d99d09b8463,,0xa532de546a9edaf7f8f5efb5210f8a47e4ad6ca15da7f19d694516cd0a8039bc
20595393,2024-08-24 02:11:11.000 UTC,0xa0b86991c6218b36c1d19d4a2e9eb0ce3606eb48,0x,0xffa4e6181777692565cf28528fc88fd1516ea86b56da075235fa575af6a4b855,0x00000000000000000000000071d2e218a56a1c0c12e1ff4b4c2731a1c3a4f4ce,,0xfe2236c84d3bf03400d16709b5afd98d23a10f39cf65b41aa873426112c4481d
20687961,2024-09-06 00:26:11.000 UTC,0xa0b86991c6218b36c1d19d4a2e9eb0ce3606eb48,0x,0xffa4e6181777692565cf28528fc88fd1516ea86b56da075235fa575af6a4b855,0x000000000000000000000000b99e0f3b342fe502f376b72ae9782a6b89afb39b,,0x678a6e1ecaf59ac33c2e351ab7203264a020921c9420c4cf8d85efe3415e63ed
20742475,2024-09-13 15:05:23.000 UTC,0xa0b86991c6218b36c1d19d4a2e9eb0ce3606eb48,0x,0xffa4e6181777692565cf28528fc88fd1516ea86b56da075235fa575af6a4b855,0x000000000000000000000000500e9b90b1310b8dcf3f82e03344e0da79694857,,0xa1d9805504191f79656e8d61b8282bf95f2b8fe709361783dda3e8991deeb70b
20745399,2024-09-14 00:53:47.000 UTC,0xa0b86991c6218b36c1d19d4a2e9eb0ce3606eb48,0x,0xffa4e6181777692565cf28528fc88fd1516ea86b56da075235fa575af6a4b855,0x00000000000000000000000036f2d3871edd59d5c06db8f0b12be928d5922a70,,0xe1e4beb769eac934f2ddbc3da08c4741d62c117ee977f972091de42ca754135b
20745400,2024-09-14 00:53:59.000 UTC,0xa0b86991c6218b36c1d19d4a2e9eb0ce3606eb48,0x,0xffa4e6181777692565cf28528fc88fd1516ea86b56da075235fa575af6a4b855,0x00000000000000000000000012ed7f6ed0491678764c2b222a58452926e44db6,,0x76031c95f47bbf5d72d7764c39f0240aebce5a1333262346b188e7db71934b14
20746365,2024-09-14 04:07:47.000 UTC,0xa0b86991c6218b36c1d19d4a2e9eb0ce3606eb48,0x,0xffa4e6181777692565cf28528fc88fd1516ea86b56da075235fa575af6a4b855,0x000000000000000000000000290b6ebbdca04ee984fb8617e1b92deea23052e3,,0x308ce51acb29b0b2e392d1b5f838227f076d24fbfc6a126c1c95f5788a41841d
20839129,2024-09-27 02:59:59.000 UTC,0xa0b86991c6218b36c1d19d4a2e9eb0ce3606eb48,0x,0xffa4e6181777692565cf28528fc88fd1516ea86b56da075235fa575af6a4b855,0x00000000000000000000000001baea860c7661561c31b1f765cfe8e064ff6de6,,0x7d83d926a8d1da7712960e54dc8c74e2ed12f3345baa3fff195da5e550b60525
20839131,2024-09-27 03:00:23.000 UTC,0xa0b86991c6218b36c1d19d4a2e9eb0ce3606eb48,0x,0xffa4e6181777692565cf28528fc88fd1516ea86b56da075235fa575af6a4b855,0x0000000000000000000000000931ca4d13bb4ba75d9b7132ab690265d749a5e7,,0xa10d4e1a29a6eb30579b8cba5e1316d27ab120eff5944cce6836c8a837ffd8da
20839132,2024-09-27 03:00:35.000 UTC,0xa0b86991c6218b36c1d19d4a2e9eb0ce3606eb48,0x,0xffa4e6181777692565cf28528fc88fd1516ea86b56da075235fa575af6a4b855,0x000000000000000000000000bff703730a21167e430ff151128592a98786b9b4,,0x07d509e91116e544111e745c3d8d0038f1c82ecf4d244be39265a29343164e3f
20868325,2024-10-01 04:42:23.000 UTC,0xa0b86991c6218b36c1d19d4a2e9eb0ce3606eb48,0x,0xffa4e6181777692565cf28528fc88fd1516ea86b56da075235fa575af6a4b855,0x000000000000000000000000cb59151c8d160e68d7ba2051b78a75c44ada0eb5,,0x1144b5fe59830cc8d7084253b75d05547415d18c80bfe2ee6b82b7cdbd0fd68a
20868327,2024-10-01 04:42:47.000 UTC,0xa0b86991c6218b36c1d19d4a2e9eb0ce3606eb48,0x,0x117e3210bb9aa7d9baff172026820255c6f6c30ba8999d1c2fd88e2848137c4e,0x00000000000000000000000001baea860c7661561c31b1f765cfe8e064ff6de6,,0xa83f9e8e0327719ced9190150de95468b2cc7e883e3c6cceab8c45e24ec2c22c
20898453,2024-10-05 09:31:35.000 UTC,0xa0b86991c6218b36c1d19d4a2e9eb0ce3606eb48,0x,0xffa4e6181777692565cf28528fc88fd1516ea86b56da075235fa575af6a4b855,0x000000000000000000000000bcdf9d0982379c4a3b2a5b6595924da1b92cff1d,,0x37e4908534239ef8ce8fc8f968965ad6801e17bbd036d2ac68c7b46519af3fbe
20898472,2024-10-05 09:35:23.000 UTC,0xa0b86991c6218b36c1d19d4a2e9eb0ce3606eb48,0x,0xffa4e6181777692565cf28528fc88fd1516ea86b56da075235fa575af6a4b855,0x0000000000000000000000004cafc3c640f7b06f51623a7225c3ca35c53be36a,,0x78da87b960b71400ad7cd168ed5d3a6e9aa5e673ac7668b16dac68a1da1d82de
20898479,2024-10-05 09:36:47.000 UTC,0xa0b86991c6218b36c1d19d4a2e9eb0ce3606eb48,0x,0xffa4e6181777692565cf28528fc88fd1516ea86b56da075235fa575af6a4b855,0x0000000000000000000000007f2cc1fe8a4173c56d0ee9f156922921c12be259,,0x2fb93b0e284ec102c4d4b257899a2ca17ea8e3105ffe3375e0923b735232a6fd
20917712,2024-10-08 01:56:59.000 UTC,0xa0b86991c6218b36c1d19d4a2e9eb0ce3606eb48,0x,0xffa4e6181777692565cf28528fc88fd1516ea86b56da075235fa575af6a4b855,0x0000000000000000000000000b7dd7d52fbb0f862ff81498f423f34904178088,,0xa28b22f3ac04679172376b3ee8b5806bba0d35bf251d0f885e852ccb6cf8d7c3
20917714,2024-10-08 01:57:23.000 UTC,0xa0b86991c6218b36c1d19d4a2e9eb0ce3606eb48,0x,0xffa4e6181777692565cf28528fc88fd1516ea86b56da075235fa575af6a4b855,0x00000000000000000000000087c899a8b71d8ca1b629aa6bb26a2ff0d6c7b2fb,,0x49ffcf46d020326955f23ed93fec607a21401499b34d42bc3b612bb258ca62d5
21233875,2024-11-21 04:59:11.000 UTC,0xa0b86991c6218b36c1d19d4a2e9eb0ce3606eb48,0x,0xffa4e6181777692565cf28528fc88fd1516ea86b56da075235fa575af6a4b855,0x000000000000000000000000a26fb92ff0611717b84599c7a772ba0a0b62d713,,0xea6d084fcaa8e6495d285c89e1f85a697d79741eb160a9302d08399d9f9d3a83
21265241,2024-11-25 14:02:35.000 UTC,0xa0b86991c6218b36c1d19d4a2e9eb0ce3606eb48,0x,0xffa4e6181777692565cf28528fc88fd1516ea86b56da075235fa575af6a4b855,0x000000000000000000000000bc498da9268eb52a26ba49319ddcdedccb005d11,,0x6f156745489631419d5d167678b5f1f31fb14a7720264259ff94b3eceabadbdb
21265542,2024-11-25 15:03:35.000 UTC,0xa0b86991c6218b36c1d19d4a2e9eb0ce3606eb48,0x,0x117e3210bb9aa7d9baff172026820255c6f6c30ba8999d1c2fd88e2848137c4e,0x00000000000000000000000044b3d59fe4da798a43de3689be0a2ab508bc0067,,0xd0bd2ca3832dbfb2b21dee9a083ba1eb20d8249e8056b6a3aa04325157d9aaaa
21268658,2024-11-26 01:31:59.000 UTC,0xa0b86991c6218b36c1d19d4a2e9eb0ce3606eb48,0x,0xffa4e6181777692565cf28528fc88fd1516ea86b56da075235fa575af6a4b855,0x0000000000000000000000008642d81d301d3205bb8d63c77718902a9b5f4444,,0xf3555044fd5a027eb80ae6c7a9778063bbd92b2e71682b226be74504e5652d87
21334281,2024-12-05 05:43:35.000 UTC,0xa0b86991c6218b36c1d19d4a2e9eb0ce3606eb48,0x,0xffa4e6181777692565cf28528fc88fd1516ea86b56da075235fa575af6a4b855,0x000000000000000000000000282ae5965fe400f3cb929182e0963f3794df01fc,,0x078c15bfc424a892ad2a1b36431b6b8ade85118fced2fb564f7c8ff8d3a07f94
21334301,2024-12-05 05:47:35.000 UTC,0xa0b86991c6218b36c1d19d4a2e9eb0ce3606eb48,0x,0xffa4e6181777692565cf28528fc88fd1516ea86b56da075235fa575af6a4b855,0x0000000000000000000000001999ef52700c34de7ec2b68a28aafb37db0c5ade,,0xe130f4f5f5c576d2627a8b1553f9e8b9bb4698524cb7080a9e8c1bbf643f25ba
21334383,2024-12-05 06:04:11.000 UTC,0xa0b86991c6218b36c1d19d4a2e9eb0ce3606eb48,0x,0x117e3210bb9aa7d9baff172026820255c6f6c30ba8999d1c2fd88e2848137c4e,0x0000000000000000000000008642d81d301d3205bb8d63c77718902a9b5f4444,,0xc69f623a46323a39f7d4bf96d8d973186c5b649db5b1dd1f738a81beb008c331
21376739,2024-12-11 03:59:11.000 UTC,0xa0b86991c6218b36c1d19d4a2e9eb0ce3606eb48,0x,0x117e3210bb9aa7d9baff172026820255c6f6c30ba8999d1c2fd88e2848137c4e,0x000000000000000000000000bcdf9d0982379c4a3b2a5b6595924da1b92cff1d,,0xab4dace90909438aa85276859c10dd52e4e85c6860f2dd7a754bae14ccdc661a
21376744,2024-12-11 04:00:11.000 UTC,0xa0b86991c6218b36c1d19d4a2e9eb0ce3606eb48,0x,0x117e3210bb9aa7d9baff172026820255c6f6c30ba8999d1c2fd88e2848137c4e,0x000000000000000000000000a26fb92ff0611717b84599c7a772ba0a0b62d713,,0x5cb16d5361600902d61b2403043a416b5fecc2f586df18ad8faaca82f091961b
21441213,2024-12-20 04:01:47.000 UTC,0xa0b86991c6218b36c1d19d4a2e9eb0ce3606eb48,0x,0xffa4e6181777692565cf28528fc88fd1516ea86b56da075235fa575af6a4b855,0x000000000000000000000000721537670ae01aa0d60585457b7534025b0041ac,,0xbfacfa81d93638942ae0851e6c38845d2da540fb0cf6967ecdf21f6c28c20c52
21441216,2024-12-20 04:02:23.000 UTC,0xa0b86991c6218b36c1d19d4a2e9eb0ce3606eb48,0x,0xffa4e6181777692565cf28528fc88fd1516ea86b56da075235fa575af6a4b855,0x00000000000000000000000054b475ef92f861975945954bfa1080dda9cd346e,,0x36a43df64d571aee00fcfee9c7becda71e9ab4f368a9653b35c8138e021db6a5
21441219,2024-12-20 04:02:59.000 UTC,0xa0b86991c6218b36c1d19d4a2e9eb0ce3606eb48,0x,0xffa4e6181777692565cf28528fc88fd1516ea86b56da075235fa575af6a4b855,0x000000000000000000000000d19df746fd2a145588b3a22672bacfd2e5454f61,,0x7d2f1ebeda9a7d86e716cff583e5ea9556b9b6e11793f5748ab6da7cf7ea6edf
21441221,2024-12-20 04:03:23.000 UTC,0xa0b86991c6218b36c1d19d4a2e9eb0ce3606eb48,0x,0xffa4e6181777692565cf28528fc88fd1516ea86b56da075235fa575af6a4b855,0x000000000000000000000000bc92595dd3e8f5092471c99b9084a72d333c7d07,,0xa06a6ce5873bddb1a6e7ae7963398e0f5e0d95a0855cdb15bbd508e1223acb50
21441224,2024-12-20 04:03:59.000 UTC,0xa0b86991c6218b36c1d19d4a2e9eb0ce3606eb48,0x,0xffa4e6181777692565cf28528fc88fd1516ea86b56da075235fa575af6a4b855,0x0000000000000000000000003a0245de38273e7852dce97de3bae18c0010013e,,0x624d46a5abbd13f6d531941da272da35aafce10db222661111969caa7f312bc5
21525578,2024-12-31 22:56:59.000 UTC,0xa0b86991c6218b36c1d19d4a2e9eb0ce3606eb48,0x,0xffa4e6181777692565cf28528fc88fd1516ea86b56da075235fa575af6a4b855,0x000000000000000000000000d5f053ab62b8b75cccdec2967206b8a86906c437,,0xf0bb994ed13fdca8facbb85a8da1f1560cef56b07acfc9d0b5c08cbe4c923e1c
21539528,2025-01-02 21:38:59.000 UTC,0xa0b86991c6218b36c1d19d4a2e9eb0ce3606eb48,0x,0xffa4e6181777692565cf28528fc88fd1516ea86b56da075235fa575af6a4b855,0x000000000000000000000000d160ab0327b307a7b23436242198dc02f850cb7c,,0x4b5c203b85edcef5af1d85706f5d5b035e9274f4333c07dfa983bcef0f864496
21802627,2025-02-08 15:15:23.000 UTC,0xa0b86991c6218b36c1d19d4a2e9eb0ce3606eb48,0x,0xffa4e6181777692565cf28528fc88fd1516ea86b56da075235fa575af6a4b855,0x000000000000000000000000caa7a770c783eca417da2fc978b0202bbd0bf6aa,,0xac16d16c0e0741bdf28d636b86b3414b46ca870b00ec996ae9338317e91be8dc
21803367,2025-02-08 17:44:35.000 UTC,0xa0b86991c6218b36c1d19d4a2e9eb0ce3606eb48,0x,0xffa4e6181777692565cf28528fc88fd1516ea86b56da075235fa575af6a4b855,0x0000000000000000000000001ba3af670b221a8c89c7b822424e642348544094,,0x1939c0b6c294e3a80b6eeaeb28d5332d668b763baa461ab45e89ecce6f1be215
21919143,2025-02-24 22:24:11.000 UTC,0xa0b86991c6218b36c1d19d4a2e9eb0ce3606eb48,0x,0xffa4e6181777692565cf28528fc88fd1516ea86b56da075235fa575af6a4b855,0x000000000000000000000000002471b8a185f9980708d0eaec5b289714f56f8d,,0x05e7c2a7ddc9309b44722348c1113259a7c61cfd86bfb294a2551517604c2261
21919147,2025-02-24 22:24:59.000 UTC,0xa0b86991c6218b36c1d19d4a2e9eb0ce3606eb48,0x,0xffa4e6181777692565cf28528fc88fd1516ea86b56da075235fa575af6a4b855,0x0000000000000000000000003051ca7cb7f6c599fa2f27385ad75010cf0f2bbf,,0x3677d3b03d368fb9c492f3f08b1936f652ab54cc2298a6ba2eb180fc26c58e8e
21919149,2025-02-24 22:25:23.000 UTC,0xa0b86991c6218b36c1d19d4a2e9eb0ce3606eb48,0x,0xffa4e6181777692565cf28528fc88fd1516ea86b56da075235fa575af6a4b855,0x0000000000000000000000000078ef2d7baf87bf6c4ca49b19efd1e05f57ac30,,0x090634104b63ac4b6a3e23d80d4b954eaa4bbaad06aff8d0c2ae72640303aba4
21942692,2025-02-28 05:15:59.000 UTC,0xa0b86991c6218b36c1d19d4a2e9eb0ce3606eb48,0x,0xffa4e6181777692565cf28528fc88fd1516ea86b56da075235fa575af6a4b855,0x00000000000000000000000037857e63456d07f110a845ee701058f68f85c1e1,,0x2aa51f3850389fd2d105839018f3140648d21489da564ebe51d861cfd5cc8f0b
21947433,2025-02-28 21:08:11.000 UTC,0xa0b86991c6218b36c1d19d4a2e9eb0ce3606eb48,0x,0xffa4e6181777692565cf28528fc88fd1516ea86b56da075235fa575af6a4b855,0x000000000000000000000000ea97a63fa822c3e892e041eccc2d0e2482ad0d65,,0x4309057260d9e2c8016813ff8879a60d9541bb4d1514bb2a8758c3a47fbdf493
21952575,2025-03-01 14:20:35.000 UTC,0xa0b86991c6218b36c1d19d4a2e9eb0ce3606eb48,0x,0xffa4e6181777692565cf28528fc88fd1516ea86b56da075235fa575af6a4b855,0x000000000000000000000000da2e12e94060720581994eec870f83d9c7200c2c,,0xf62528bcd47c8f864ac361220fe48521e9a8c95c351b0ef3806eaa3b3e610b17
22039313,2025-03-13 17:02:35.000 UTC,0xa0b86991c6218b36c1d19d4a2e9eb0ce3606eb48,0x,0xffa4e6181777692565cf28528fc88fd1516ea86b56da075235fa575af6a4b855,0x0000000000000000000000006ec7b2d81d27dfc97b08f59cdc4f16df0ebe877a,,0xf0b7cd34e67f5a3cac976979d91b6287d9a9a97e12a53d7d8beca6eded25dbfa
22099065,2025-03-22 01:14:11.000 UTC,0xa0b86991c6218b36c1d19d4a2e9eb0ce3606eb48,0x,0x117e3210bb9aa7d9baff172026820255c6f6c30ba8999d1c2fd88e2848137c4e,0x0000000000000000000000008589427373d6d84e98730d7795d8f6f8731fda16,,0x09fc43fa5ab1910d1b8ef10015e22f16885a438b4d14391fe36f767f34ccfdeb
22099066,2025-03-22 01:14:23.000 UTC,0xa0b86991c6218b36c1d19d4a2e9eb0ce3606eb48,0x,0x117e3210bb9aa7d9baff172026820255c6f6c30ba8999d1c2fd88e2848137c4e,0x000000000000000000000000722122df12d4e14e13ac3b6895a86e84145b6967,,0x59beb3bbac2bffe0c0ba459b6ed2cbad582119d9004dbee953938f87492265ab
22099069,2025-03-22 01:14:59.000 UTC,0xa0b86991c6218b36c1d19d4a2e9eb0ce3606eb48,0x,0x117e3210bb9aa7d9baff172026820255c6f6c30ba8999d1c2fd88e2848137c4e,0x000000000000000000000000dd4c48c0b24039969fc16d1cdf626eab821d3384,,0x7731d654eee60604fc5d129ffc25fff4c04c4bbc9d4c6d2f211d1a6f3cafc167
22099070,2025-03-22 01:15:11.000 UTC,0xa0b86991c6218b36c1d19d4a2e9eb0ce3606eb48,0x,0x117e3210bb9aa7d9baff172026820255c6f6c30ba8999d1c2fd88e2848137c4e,0x000000000000000000000000d90e2f925da726b50c4ed8d0fb90ad053324f31b,,0x06c3bc53b0e095d98a42746f4f37771a4ee3035f9c9eb2fa4692664a3fd5460f
22099072,2025-03-22 01:15:35.000 UTC,0xa0b86991c6218b36c1d19d4a2e9eb0ce3606eb48,0x,0x117e3210bb9aa7d9baff172026820255c6f6c30ba8999d1c2fd88e2848137c4e,0x000000000000000000000000d96f2b1c14db8458374d9aca76e26c3d18364307,,0xecf9033c7148239246b312636648774b10fe940489f0d5ca4970677aef241537
22099079,2025-03-22 01:16:59.000 UTC,0xa0b86991c6218b36c1d19d4a2e9eb0ce3606eb48,0x,0x117e3210bb9aa7d9baff172026820255c6f6c30ba8999d1c2fd88e2848137c4e,0x0000000000000000000000004736dcf1b7a3d580672cce6e7c65cd5cc9cfba9d,,0x1b088d542ef39698d0e6541de27df252e10ed496d1b20fa5eecdaeb4090793fe
22099080,2025-03-22 01:17:11.000 UTC,0xa0b86991c6218b36c1d19d4a2e9eb0ce3606eb48,0x,0x117e3210bb9aa7d9baff172026820255c6f6c30ba8999d1c2fd88e2848137c4e,0x000000000000000000000000d4b88df4d29f5cedd6857912842cff3b20c8cfa3,,0x4f8b78753e47b87c9aa8092affe555e1179301886009b3062b982e11486add15
22099081,2025-03-22 01:17:23.000 UTC,0xa0b86991c6218b36c1d19d4a2e9eb0ce3606eb48,0x,0x117e3210bb9aa7d9baff172026820255c6f6c30ba8999d1c2fd88e2848137c4e,0x000000000000000000000000910cbd523d972eb0a6f4cae4618ad62622b39dbf,,0x84dde5f0909847f12a9d3010e56f0f8c29252aea81e49aeb6145d6dc5e2f0a33
22099082,2025-03-22 01:17:35.000 UTC,0xa0b86991c6218b36c1d19d4a2e9eb0ce3606eb48,0x,0x117e3210bb9aa7d9baff172026820255c6f6c30ba8999d1c2fd88e2848137c4e,0x000000000000000000000000a160cdab225685da1d56aa342ad8841c3b53f291,,0x8ce785deb97d833f1d2dc2eea2cbbde09f7f7af024994038db4087623a1b5040
22099083,2025-03-22 01:17:47.000 UTC,0xa0b86991c6218b36c1d19d4a2e9eb0ce3606eb48,0x,0x117e3210bb9aa7d9baff172026820255c6f6c30ba8999d1c2fd88e2848137c4e,0x000000000000000000000000fd8610d20aa15b7b2e3be39b396a1bc3516c7144,,0x651c506b35ea0dd8b9a226ed46b9b242bb23b9a10fb24871f8677e71be1cecae
22099084,2025-03-22 01:17:59.000 UTC,0xa0b86991c6218b36c1d19d4a2e9eb0ce3606eb48,0x,0x117e3210bb9aa7d9baff172026820255c6f6c30ba8999d1c2fd88e2848137c4e,0x000000000000000000000000f60dd140cff0706bae9cd734ac3ae76ad9ebc32a,,0xa868870834e1833b216d3516cb99aaa212a1644c31c31d7689cfe991efb6730d
22099085,2025-03-22 01:18:11.000 UTC,0xa0b86991c6218b36c1d19d4a2e9eb0ce3606eb48,0x,0x117e3210bb9aa7d9baff172026820255c6f6c30ba8999d1c2fd88e2848137c4e,0x00000000000000000000000022aaa7720ddd5388a3c0a3333430953c68f1849b,,0x66e4598055c849e36ca52e402da65640ffa732ac1efde8c687bdb0aab6f8f69b
22099086,2025-03-22 01:18:23.000 UTC,0xa0b86991c6218b36c1d19d4a2e9eb0ce3606eb48,0x,0x117e3210bb9aa7d9baff172026820255c6f6c30ba8999d1c2fd88e2848137c4e,0x000000000000000000000000ba214c1c1928a32bffe790263e38b4af9bfcd659,,0x7d6b3095174bb88113ee2cee9d0d7ce3351a41dffc15c77e39fbabc34d0d25bf
22099087,2025-03-22 01:18:35.000 UTC,0xa0b86991c6218b36c1d19d4a2e9eb0ce3606eb48,0x,0x117e3210bb9aa7d9baff172026820255c6f6c30ba8999d1c2fd88e2848137c4e,0x000000000000000000000000b1c8094b234dce6e03f10a5b673c1d8c69739a00,,0xa04103465b120247d635c53815f56d7badabfcf9ba0a3947e35a9b0d49adedd3
22099088,2025-03-22 01:18:47.000 UTC,0xa0b86991c6218b36c1d19d4a2e9eb0ce3606eb48,0x,0x117e3210bb9aa7d9baff172026820255c6f6c30ba8999d1c2fd88e2848137c4e,0x000000000000000000000000527653ea119f3e6a1f5bd18fbf4714081d7b31ce,,0x67d4f976de265788ef4d4f515333b0687a8367cfb9ef8f74850be35adc62356a
22099090,2025-03-22 01:19:11.000 UTC,0xa0b86991c6218b36c1d19d4a2e9eb0ce3606eb48,0x,0x117e3210bb9aa7d9baff172026820255c6f6c30ba8999d1c2fd88e2848137c4e,0x00000000000000000000000058e8dcc13be9780fc42e8723d8ead4cf46943df2,,0x3e5fd6350b017ef89f1ea832ec0dc5acfb6af504751a6d407bef31c6cb1c957b
22099091,2025-03-22 01:19:23.000 UTC,0xa0b86991c6218b36c1d19d4a2e9eb0ce3606eb48,0x,0x117e3210bb9aa7d9baff172026820255c6f6c30ba8999d1c2fd88e2848137c4e,0x000000000000000000000000d691f27f38b395864ea86cfc7253969b409c362d,,0x00c3d4f728a741a508acf7c1de1e24a93ae716c549f915071ce6f899003883d7
22099093,2025-03-22 01:19:47.000 UTC,0xa0b86991c6218b36c1d19d4a2e9eb0ce3606eb48,0x,0x117e3210bb9aa7d9baff172026820255c6f6c30ba8999d1c2fd88e2848137c4e,0x000000000000000000000000aeaac358560e11f52454d997aaff2c5731b6f8a6,,0xa95eb5ca731ea50af716c8e5c50b991986ed8c2131620cbc5b4e723b0b7dad71
22099095,2025-03-22 01:20:11.000 UTC,0xa0b86991c6218b36c1d19d4a2e9eb0ce3606eb48,0x,0x117e3210bb9aa7d9baff172026820255c6f6c30ba8999d1c2fd88e2848137c4e,0x0000000000000000000000001356c899d8c9467c7f71c195612f8a395abf2f0a,,0x0b8345aeb076f4c9db144a558da658785d1176ab5f7bdb052ec4e68cb9a1757f
22099096,2025-03-22 01:20:23.000 UTC,0xa0b86991c6218b36c1d19d4a2e9eb0ce3606eb48,0x,0x117e3210bb9aa7d9baff172026820255c6f6c30ba8999d1c2fd88e2848137c4e,0x000000000000000000000000a60c772958a3ed56c1f15dd055ba37ac8e523a0d,,0xef849f59df88ae28758f45183fa4fcb9a7cfe04230bfa5ec60a56373a836433a
22099097,2025-03-22 01:20:35.000 UTC,0xa0b86991c6218b36c1d19d4a2e9eb0ce3606eb48,0x,0x117e3210bb9aa7d9baff172026820255c6f6c30ba8999d1c2fd88e2848137c4e,0x000000000000000000000000169ad27a470d064dede56a2d3ff727986b15d52b,,0x7be82dd9678455abb82ed38dad0c8fe9fa00fb5691bd8989595ba03f41e8be89
22099099,2025-03-22 01:20:59.000 UTC,0xa0b86991c6218b36c1d19d4a2e9eb0ce3606eb48,0x,0x117e3210bb9aa7d9baff172026820255c6f6c30ba8999d1c2fd88e2848137c4e,0x0000000000000000000000000836222f2b2b24a3f36f98668ed8f0b38d1a872f,,0x9db26ae03c4ccd23b1a8010210f7903f2576b1fa59ed9af09a707e96ba93a5a6
22099101,2025-03-22 01:21:23.000 UTC,0xa0b86991c6218b36c1d19d4a2e9eb0ce3606eb48,0x,0x117e3210bb9aa7d9baff172026820255c6f6c30ba8999d1c2fd88e2848137c4e,0x000000000000000000000000f67721a2d8f736e75a49fdd7fad2e31d8676542a,,0x2fef427d6f40a1f837583a237fea091f59a896cd19105a4948b7af7e10384081
22099103,2025-03-22 01:21:47.000 UTC,0xa0b86991c6218b36c1d19d4a2e9eb0ce3606eb48,0x,0x117e3210bb9aa7d9baff172026820255c6f6c30ba8999d1c2fd88e2848137c4e,0x0000000000000000000000009ad122c22b14202b4490edaf288fdb3c7cb3ff5e,,0x973422e689a11c094fc0846efd3b3c1d84b95176a6a939f4709776161ec98ce4
22099105,2025-03-22 01:22:11.000 UTC,0xa0b86991c6218b36c1d19d4a2e9eb0ce3606eb48,0x,0x117e3210bb9aa7d9baff172026820255c6f6c30ba8999d1c2fd88e2848137c4e,0x00000000000000000000000007687e702b410fa43f4cb4af7fa097918ffd2730,,0x4df489fb884a432bafd68d1f5f9038e87926b9afbd160099156efeb9fc757325
22099106,2025-03-22 01:22:23.000 UTC,0xa0b86991c6218b36c1d19d4a2e9eb0ce3606eb48,0x,0x117e3210bb9aa7d9baff172026820255c6f6c30ba8999d1c2fd88e2848137c4e,0x00000000000000000000000094a1b5cdb22c43faab4abeb5c74999895464ddaf,,0x1c8fa7f6bd2bda68dca33350374307803626f7348b0f7223efd96b78839a35a9
22099107,2025-03-22 01:22:35.000 UTC,0xa0b86991c6218b36c1d19d4a2e9eb0ce3606eb48,0x,0x117e3210bb9aa7d9baff172026820255c6f6c30ba8999d1c2fd88e2848137c4e,0x000000000000000000000000b541fc07bc7619fd4062a54d96268525cbc6ffef,,0x4b8df6747be945237498c99386157ecea9e021cc346edf3f490e1b9a75263ae6
22099108,2025-03-22 01:22:47.000 UTC,0xa0b86991c6218b36c1d19d4a2e9eb0ce3606eb48,0x,0x117e3210bb9aa7d9baff172026820255c6f6c30ba8999d1c2fd88e2848137c4e,0x00000000000000000000000012d66f87a04a9e220743712ce6d9bb1b5616b8fc,,0x0457e4230691c2ef61dfba9c6ca4054aeb54ca4a754a7c44a3676d92833c5a81
22099109,2025-03-22 01:22:59.000 UTC,0xa0b86991c6218b36c1d19d4a2e9eb0ce3606eb48,0x,0x117e3210bb9aa7d9baff172026820255c6f6c30ba8999d1c2fd88e2848137c4e,0x00000000000000000000000047ce0c6ed5b0ce3d3a51fdb1c52dc66a7c3c2936,,0x1c2fbd8b25f201327e0b469164ab753c89a802de7e0768e4e278d224cc10b25a
22099110,2025-03-22 01:23:11.000 UTC,0xa0b86991c6218b36c1d19d4a2e9eb0ce3606eb48,0x,0x117e3210bb9aa7d9baff172026820255c6f6c30ba8999d1c2fd88e2848137c4e,0x00000000000000000000000023773e65ed146a459791799d01336db287f25334,,0x5b624df17cb25191ebf49946ba79870357c7c21bf204d498ed9e69962b6b88d0
22099112,2025-03-22 01:23:35.000 UTC,0xa0b86991c6218b36c1d19d4a2e9eb0ce3606eb48,0x,0x117e3210bb9aa7d9baff172026820255c6f6c30ba8999d1c2fd88e2848137c4e,0x000000000000000000000000d21be7248e0197ee08e0c20d4a96debdac3d20af,,0x031775a78046de25147323ee3c1ab414f3355562b6ac1726c68ea47d9d16e8b3
22099114,2025-03-22 01:23:59.000 UTC,0xa0b86991c6218b36c1d19d4a2e9eb0ce3606eb48,0x,0x117e3210bb9aa7d9baff172026820255c6f6c30ba8999d1c2fd88e2848137c4e,0x000000000000000000000000610b717796ad172b316836ac95a2ffad065ceab4,,0x7318e102d44c53326f2a4d5f3148ea0953ef012128729e5779ea289b420c700b
22099115,2025-03-22 01:24:11.000 UTC,0xa0b86991c6218b36c1d19d4a2e9eb0ce3606eb48,0x,0x117e3210bb9aa7d9baff172026820255c6f6c30ba8999d1c2fd88e2848137c4e,0x000000000000000000000000178169b423a011fff22b9e3f3abea13414ddd0f1,,0x92f73f14d48c9d1b8587f09b8b13fbcbe004d16114352a7690061c49cac7641c
22099116,2025-03-22 01:24:23.000 UTC,0xa0b86991c6218b36c1d19d4a2e9eb0ce3606eb48,0x,0x117e3210bb9aa7d9baff172026820255c6f6c30ba8999d1c2fd88e2848137c4e,0x000000000000000000000000bb93e510bbcd0b7beb5a853875f9ec60275cf498,,0xfd9272416d5338cd16eca0a73d4b7efd6bdf34e125977bc1fcd132b93981f8e5
22099118,2025-03-22 01:24:47.000 UTC,0xa0b86991c6218b36c1d19d4a2e9eb0ce3606eb48,0x,0x117e3210bb9aa7d9baff172026820255c6f6c30ba8999d1c2fd88e2848137c4e,0x0000000000000000000000002717c5e28cf931547b621a5dddb772ab6a35b701,,0x73b4392168f15fa5a9b0d6a1c8c0be936d11ea4da16f3245647e3a8ce9cdd924
22099119,2025-03-22 01:24:59.000 UTC,0xa0b86991c6218b36c1d19d4a2e9eb0ce3606eb48,0x,0x117e3210bb9aa7d9baff172026820255c6f6c30ba8999d1c2fd88e2848137c4e,0x00000000000000000000000003893a7c7463ae47d46bc7f091665f1893656003,,0xfd229d6bdcdd52a653d2c9bbd4127487b3e0be7f7db096391b14ebaadbc877d5
22099120,2025-03-22 01:25:11.000 UTC,0xa0b86991c6218b36c1d19d4a2e9eb0ce3606eb48,0x,0x117e3210bb9aa7d9baff172026820255c6f6c30ba8999d1c2fd88e2848137c4e,0x000000000000000000000000ca0840578f57fe71599d29375e16783424023357,,0xeb6244b68d6ea15b6ed5d80268c40024a42da123b4fce3b975846922b5c11643
22099121,2025-03-22 01:25:23.000 UTC,0xa0b86991c6218b36c1d19d4a2e9eb0ce3606eb48,0x,0x117e3210bb9aa7d9baff172026820255c6f6c30ba8999d1c2fd88e2848137c4e,0x00000000000000000000000001e2919679362dfbc9ee1644ba9c6da6d6245bb1,,0x10def21038cf7dab7e72568dfc94f248dc87798a96333ba303090196eeeeb6e1
22099123,2025-03-22 01:25:47.000 UTC,0xa0b86991c6218b36c1d19d4a2e9eb0ce3606eb48,0x,0x117e3210bb9aa7d9baff172026820255c6f6c30ba8999d1c2fd88e2848137c4e,0x00000000000000000000000009193888b3f38c82dedfda55259a82c0e7de875e,,0x00aea6279e10892db64448cee460bf9165b3d3288dc2bda4f145d88a81cf2c81
22099126,2025-03-22 01:26:23.000 UTC,0xa0b86991c6218b36c1d19d4a2e9eb0ce3606eb48,0x,0x117e3210bb9aa7d9baff172026820255c6f6c30ba8999d1c2fd88e2848137c4e,0x000000000000000000000000179f48c78f57a3a78f0608cc9197b8972921d1d2,,0x8b1be8c4383dcbb5d3472d695d8395b6913da453ed336d5fe663a148d2785b5c
22099127,2025-03-22 01:26:35.000 UTC,0xa0b86991c6218b36c1d19d4a2e9eb0ce3606eb48,0x,0x117e3210bb9aa7d9baff172026820255c6f6c30ba8999d1c2fd88e2848137c4e,0x0000000000000000000000002573bac39ebe2901b4389cd468f2872cf7767faf,,0xd60bbc08f77ae0d45dee1721745ec65da6e7748f9ebd82e8cae35e77ba470441
22099128,2025-03-22 01:26:47.000 UTC,0xa0b86991c6218b36c1d19d4a2e9eb0ce3606eb48,0x,0x117e3210bb9aa7d9baff172026820255c6f6c30ba8999d1c2fd88e2848137c4e,0x00000000000000000000000026903a5a198d571422b2b4ea08b56a37cbd68c89,,0x2910d740025e9fb3df5de2f733f36f38f13e50065b37b14ba76042332bcff320
22099138,2025-03-22 01:28:47.000 UTC,0xa0b86991c6218b36c1d19d4a2e9eb0ce3606eb48,0x,0x117e3210bb9aa7d9baff172026820255c6f6c30ba8999d1c2fd88e2848137c4e,0x0000000000000000000000002f50508a8a3d323b91336fa3ea6ae50e55f32185,,0x931b8ea4dc084767d9a71a6fd5cb8b10c6fe262e22bc2d61e722e5214fa22f21
22099159,2025-03-22 01:32:59.000 UTC,0xa0b86991c6218b36c1d19d4a2e9eb0ce3606eb48,0x,0x117e3210bb9aa7d9baff172026820255c6f6c30ba8999d1c2fd88e2848137c4e,0x0000000000000000000000002fc93484614a34f26f7970cbb94615ba109bb4bf,,0xaa56cf049bbbcfae4e59b3d76122867710b39e356e6cefc20fe5bc024fe89b91
22099160,2025-03-22 01:33:11.000 UTC,0xa0b86991c6218b36c1d19d4a2e9eb0ce3606eb48,0x,0x117e3210bb9aa7d9baff172026820255c6f6c30ba8999d1c2fd88e2848137c4e,0x0000000000000000000000003efa30704d2b8bbac821307230376556cf8cc39e,,0x8bf9b22141c9deac1b2ab7b3fd4f690c083cfb4ef38a8b32d761ebf85d13df4e
22099166,2025-03-22 01:34:23.000 UTC,0xa0b86991c6218b36c1d19d4a2e9eb0ce3606eb48,0x,0x117e3210bb9aa7d9baff172026820255c6f6c30ba8999d1c2fd88e2848137c4e,0x0000000000000000000000005cab7692d4e94096462119ab7bf57319726eed2a,,0x115f8dba738c447c6a9bb2943b362e856fda1f473fd26c04abe3beb5c0709ea7
22099167,2025-03-22 01:34:35.000 UTC,0xa0b86991c6218b36c1d19d4a2e9eb0ce3606eb48,0x,0x117e3210bb9aa7d9baff172026820255c6f6c30ba8999d1c2fd88e2848137c4e,0x0000000000000000000000005efda50f22d34f262c29268506c5fa42cb56a1ce,,0x1bb3a0ccc523215a25f6534b31dc2d2d67f979779968bc1f74e129302b76188f
22099168,2025-03-22 01:34:47.000 UTC,0xa0b86991c6218b36c1d19d4a2e9eb0ce3606eb48,0x,0x117e3210bb9aa7d9baff172026820255c6f6c30ba8999d1c2fd88e2848137c4e,0x0000000000000000000000005f6c97c6ad7bdd0ae7e0dd4ca33a4ed3fdabd4d7,,0x9e5e3555634131ded78a6b92231a47d3d6bd62d59eea5040f5383c052261ecd2
22099170,2025-03-22 01:35:11.000 UTC,0xa0b86991c6218b36c1d19d4a2e9eb0ce3606eb48,0x,0x117e3210bb9aa7d9baff172026820255c6f6c30ba8999d1c2fd88e2848137c4e,0x000000000000000000000000653477c392c16b0765603074f157314cc4f40c32,,0x042b2b7bf9d3b79c91b9f3004bfd347b5cd2eb9964c23e0d936adce112c78333
22099173,2025-03-22 01:35:47.000 UTC,0xa0b86991c6218b36c1d19d4a2e9eb0ce3606eb48,0x,0x117e3210bb9aa7d9baff172026820255c6f6c30ba8999d1c2fd88e2848137c4e,0x000000000000000000000000746aebc06d2ae31b71ac51429a19d54e797878e9,,0x1478f500d27c02d23f3a573cb1e6525a9a688289931baa6469e743112fab8835
22099175,2025-03-22 01:36:11.000 UTC,0xa0b86991c6218b36c1d19d4a2e9eb0ce3606eb48,0x,0x117e3210bb9aa7d9baff172026820255c6f6c30ba8999d1c2fd88e2848137c4e,0x000000000000000000000000756c4628e57f7e7f8a459ec2752968360cf4d1aa,,0x2817429abe3f74ff76e9409ac40a794f0704f07941dbaabf2d897a3757185b72
22099176,2025-03-22 01:36:23.000 UTC,0xa0b86991c6218b36c1d19d4a2e9eb0ce3606eb48,0x,0x117e3210bb9aa7d9baff172026820255c6f6c30ba8999d1c2fd88e2848137c4e,0x00000000000000000000000077777feddddffc19ff86db637967013e6c6a116c,,0x9ccee9222408095aca804268f2798e53f8f4ec8c846b187409cc337340812b3b
22099177,2025-03-22 01:36:35.000 UTC,0xa0b86991c6218b36c1d19d4a2e9eb0ce3606eb48,0x,0x117e3210bb9aa7d9baff172026820255c6f6c30ba8999d1c2fd88e2848137c4e,0x00000000000000000000000088fd245fedec4a936e700f9173454d1931b4c307,,0xb476797eae69372f731334680774f08dbec141a91badcf888e2332050f17cd8e
22099178,2025-03-22 01:36:47.000 UTC,0xa0b86991c6218b36c1d19d4a2e9eb0ce3606eb48,0x,0x117e3210bb9aa7d9baff172026820255c6f6c30ba8999d1c2fd88e2848137c4e,0x00000000000000000000000094c92f096437ab9958fc0a37f09348f30389ae79,,0xdb3e7afe7f08d038ffa3ba0c3befcfcf8b560cd64a93e0ca4c91de197b237d63
22099179,2025-03-22 01:36:59.000 UTC,0xa0b86991c6218b36c1d19d4a2e9eb0ce3606eb48,0x,0x117e3210bb9aa7d9baff172026820255c6f6c30ba8999d1c2fd88e2848137c4e,0x000000000000000000000000b04e030140b30c27bcdfaafffa98c57d80eda7b4,,0x606fefd668153680eede0cb06d7b5204807c1f0324ba6cdbd1edfc7733ce6ffa
22099180,2025-03-22 01:37:11.000 UTC,0xa0b86991c6218b36c1d19d4a2e9eb0ce3606eb48,0x,0x117e3210bb9aa7d9baff172026820255c6f6c30ba8999d1c2fd88e2848137c4e,0x000000000000000000000000b20c66c4de72433f3ce747b58b86830c459ca911,,0xd7aeb8289e2f500df9e6d40d78d25b6533af56044f9d9b01027a78138ee44623
22099185,2025-03-22 01:38:11.000 UTC,0xa0b86991c6218b36c1d19d4a2e9eb0ce3606eb48,0x,0x117e3210bb9aa7d9baff172026820255c6f6c30ba8999d1c2fd88e2848137c4e,0x000000000000000000000000cee71753c9820f063b38fdbe4cfdaf1d3d928a80,,0x86c1e9f4dd7004129dbac851c8ab13b6345bdee87aad6b450bccb1adaaa2aecc
22099188,2025-03-22 01:38:47.000 UTC,0xa0b86991c6218b36c1d19d4a2e9eb0ce3606eb48,0x,0x117e3210bb9aa7d9baff172026820255c6f6c30ba8999d1c2fd88e2848137c4e,0x000000000000000000000000d82ed8786d7c69dc7e052f7a542ab047971e73d2,,0x15516f5f3e51ca386c6bf1196d31ec05e77c6fbedbaef502ecb7741b200af6a8
22099189,2025-03-22 01:38:59.000 UTC,0xa0b86991c6218b36c1d19d4a2e9eb0ce3606eb48,0x,0x117e3210bb9aa7d9baff172026820255c6f6c30ba8999d1c2fd88e2848137c4e,0x000000000000000000000000f4b067dd14e95bab89be928c07cb22e3c94e0daa,,0x005b5a2c9c0e804df5dd652fe2b1b52f16403f6cadc5bd9341b91db08cb566de
22099190,2025-03-22 01:39:11.000 UTC,0xa0b86991c6218b36c1d19d4a2e9eb0ce3606eb48,0x,0x117e3210bb9aa7d9baff172026820255c6f6c30ba8999d1c2fd88e2848137c4e,0x000000000000000000000000ffbac21a641dcfe4552920138d90f3638b3c9fba,,0xe0a108c058180544ba9937b6b3c9b58dc3e34104830a563317bfac2ae9bea340
22099191,2025-03-22 01:39:23.000 UTC,0xa0b86991c6218b36c1d19d4a2e9eb0ce3606eb48,0x,0x117e3210bb9aa7d9baff172026820255c6f6c30ba8999d1c2fd88e2848137c4e,0x000000000000000000000000d692fd2d0b2fbd2e52cfa5b5b9424bc981c30696,,0x1aecbf2556cf24a2193d264dbc94d71a16b2b6775a3017940a6b70359d158d04
22099192,2025-03-22 01:39:35.000 UTC,0xa0b86991c6218b36c1d19d4a2e9eb0ce3606eb48,0x,0x117e3210bb9aa7d9baff172026820255c6f6c30ba8999d1c2fd88e2848137c4e,0x000000000000000000000000d8d7de3349ccaa0fde6298fe6d7b7d0d34586193,,0x300e494bff410113c14eb0a32759591f5f879a2a0baa62f12714c08d8ceb0a3b
22099193,2025-03-22 01:39:47.000 UTC,0xa0b86991c6218b36c1d19d4a2e9eb0ce3606eb48,0x,0x117e3210bb9aa7d9baff172026820255c6f6c30ba8999d1c2fd88e2848137c4e,0x000000000000000000000000df3a408c53e5078af6e8fb2a85088d46ee09a61b,,0x5afc0dd25d4e497ba3ece5909ca5b976b334760f07331da5e39a8d4f7d4c4de2
22099194,2025-03-22 01:39:59.000 UTC,0xa0b86991c6218b36c1d19d4a2e9eb0ce3606eb48,0x,0x117e3210bb9aa7d9baff172026820255c6f6c30ba8999d1c2fd88e2848137c4e,0x0000000000000000000000001e34a77868e19a6647b1f2f47b51ed72dede95dd,,0xc1b2d96feae8f8a93b92eecebbf423c68b40e88e1a22cd01814a109867cc2553
22099195,2025-03-22 01:40:11.000 UTC,0xa0b86991c6218b36c1d19d4a2e9eb0ce3606eb48,0x,0x117e3210bb9aa7d9baff172026820255c6f6c30ba8999d1c2fd88e2848137c4e,0x00000000000000000000000023173fe8b96a4ad8d2e17fb83ea5dcccdca1ae52,,0xc0ff347322c706d8e50c76b9da1340a75abda72affb6207c82a329ed0df8dce9
22099196,2025-03-22 01:40:23.000 UTC,0xa0b86991c6218b36c1d19d4a2e9eb0ce3606eb48,0x,0x117e3210bb9aa7d9baff172026820255c6f6c30ba8999d1c2fd88e2848137c4e,0x000000000000000000000000242654336ca2205714071898f67e254eb49acdce,,0x5b1757375740fe34125193959fbb6b5b50437df632dfb6673ba685eb1ce7a090
22099197,2025-03-22 01:40:35.000 UTC,0xa0b86991c6218b36c1d19d4a2e9eb0ce3606eb48,0x,0x117e3210bb9aa7d9baff172026820255c6f6c30ba8999d1c2fd88e2848137c4e,0x000000000000000000000000330bdfade01ee9bf63c209ee33102dd334618e0a,,0x81e424074d9626435ee1798697f31a59c2c20a1f154c42952b7f914e5e72338c
22099198,2025-03-22 01:40:47.000 UTC,0xa0b86991c6218b36c1d19d4a2e9eb0ce3606eb48,0x,0x117e3210bb9aa7d9baff172026820255c6f6c30ba8999d1c2fd88e2848137c4e,0x0000000000000000000000003aac1cc67c2ec5db4ea850957b967ba153ad6279,,0xdca8f9b926d1bf300ed804d75466f63242c388ce1ce0ebb44590ae0d50eefd37
22099199,2025-03-22 01:40:59.000 UTC,0xa0b86991c6218b36c1d19d4a2e9eb0ce3606eb48,0x,0x117e3210bb9aa7d9baff172026820255c6f6c30ba8999d1c2fd88e2848137c4e,0x000000000000000000000000407cceeaa7c95d2fe2250bf9f2c105aa7aafb512,,0x49f5511d3aa8bdc8ebebe99070136248c0bb13c8c27d28f56a44416b572214f3
22099202,2025-03-22 01:41:35.000 UTC,0xa0b86991c6218b36c1d19d4a2e9eb0ce3606eb48,0x,0x117e3210bb9aa7d9baff172026820255c6f6c30ba8999d1c2fd88e2848137c4e,0x000000000000000000000000538ab61e8a9fc1b2f93b3dd9011d662d89be6fe6,,0xde55a78b5d31edab8a8f5876a64977e7493a3bc29e39d786a16845e53b89f61b
22099203,2025-03-22 01:41:47.000 UTC,0xa0b86991c6218b36c1d19d4a2e9eb0ce3606eb48,0x,0x117e3210bb9aa7d9baff172026820255c6f6c30ba8999d1c2fd88e2848137c4e,0x00000000000000000000000057b2b8c82f065de8ef5573f9730fc1449b403c9f,,0x173f330fbc267ef1f0daa89f7a010e645fe719bc29f8f62464fd0ff257a1af62
22099204,2025-03-22 01:41:59.000 UTC,0xa0b86991c6218b36c1d19d4a2e9eb0ce3606eb48,0x,0x117e3210bb9aa7d9baff172026820255c6f6c30ba8999d1c2fd88e2848137c4e,0x0000000000000000000000006bf694a291df3fec1f7e69701e3ab6c592435ae7,,0xfdafd3fcffb920ac83a255d53b674ceaeaabaa0f6b250a71c78be31147b59c07
22099205,2025-03-22 01:42:11.000 UTC,0xa0b86991c6218b36c1d19d4a2e9eb0ce3606eb48,0x,0x117e3210bb9aa7d9baff172026820255c6f6c30ba8999d1c2fd88e2848137c4e,0x000000000000000000000000723b78e67497e85279cb204544566f4dc5d2aca0,,0x871e55490e6c40ffaa49fa31594c6b7735f5fef51a3c882afc194eafef64d4e2
22099206,2025-03-22 01:42:23.000 UTC,0xa0b86991c6218b36c1d19d4a2e9eb0ce3606eb48,0x,0x117e3210bb9aa7d9baff172026820255c6f6c30ba8999d1c2fd88e2848137c4e,0x000000000000000000000000743494b60097a2230018079c02fe21a7b687eaa5,,0xf6f55649e9a24c331f75a5a908cdc35d9e16f41d9c363dad77bd0726e3eb3f99
22099207,2025-03-22 01:42:35.000 UTC,0xa0b86991c6218b36c1d19d4a2e9eb0ce3606eb48,0x,0x117e3210bb9aa7d9baff172026820255c6f6c30ba8999d1c2fd88e2848137c4e,0x00000000000000000000000076d85b4c0fc497eecc38902397ac608000a06607,,0x334d4ea2d234b588c7cda0fb2700085f80bc8bc0483eec9bc0565ec5e2aec2d2
22099208,2025-03-22 01:42:47.000 UTC,0xa0b86991c6218b36c1d19d4a2e9eb0ce3606eb48,0x,0x117e3210bb9aa7d9baff172026820255c6f6c30ba8999d1c2fd88e2848137c4e,0x000000000000000000000000776198ccf446dfa168347089d7338879273172cf,,0xf7690bd5959bf4ed32ba07267c5fb3dcdea96c74f7d15f9c95af9f1a94da0f8a
22099209,2025-03-22 01:42:59.000 UTC,0xa0b86991c6218b36c1d19d4a2e9eb0ce3606eb48,0x,0x117e3210bb9aa7d9baff172026820255c6f6c30ba8999d1c2fd88e2848137c4e,0x0000000000000000000000008281aa6795ade17c8973e1aedca380258bc124f9,,0x2383a3f2146fdc5fec5b76dcbcf791efbb0c0de8da15fc5c4a5ba8d99b101838
22099210,2025-03-22 01:43:11.000 UTC,0xa0b86991c6218b36c1d19d4a2e9eb0ce3606eb48,0x,0x117e3210bb9aa7d9baff172026820255c6f6c30ba8999d1c2fd88e2848137c4e,0x000000000000000000000000833481186f16cece3f1eeea1a694c42034c3a0db,,0xf36bb73569d1169d0b3414c40cd94d2418737e07f20d2416d1eb97e4c23887d4
22099211,2025-03-22 01:43:23.000 UTC,0xa0b86991c6218b36c1d19d4a2e9eb0ce3606eb48,0x,0x117e3210bb9aa7d9baff172026820255c6f6c30ba8999d1c2fd88e2848137c4e,0x00000000000000000000000084443cfd09a48af6ef360c6976c5392ac5023a1f,,0x6523152c57b7990817ca56b7a9ba4cea45496f6e492e53ef46131b4185c1fd6f
22099212,2025-03-22 01:43:35.000 UTC,0xa0b86991c6218b36c1d19d4a2e9eb0ce3606eb48,0x,0x117e3210bb9aa7d9baff172026820255c6f6c30ba8999d1c2fd88e2848137c4e,0x00000000000000000000000094be88213a387e992dd87de56950a9aef34b9448,,0xcce5e639fe0c15095e5c7a22c034fec980535b07d4508d07731181094bbc8e98
22099213,2025-03-22 01:43:47.000 UTC,0xa0b86991c6218b36c1d19d4a2e9eb0ce3606eb48,0x,0x117e3210bb9aa7d9baff172026820255c6f6c30ba8999d1c2fd88e2848137c4e,0x000000000000000000000000a5c2254e4253490c54cef0a4347fddb8f75a4998,,0x4c4228be5aab95d9efa9cdc6b0f94e2e945f0bce1a7227d477e0cdae56ed5a0d
22099214,2025-03-22 01:43:59.000 UTC,0xa0b86991c6218b36c1d19d4a2e9eb0ce3606eb48,0x,0x117e3210bb9aa7d9baff172026820255c6f6c30ba8999d1c2fd88e2848137c4e,0x000000000000000000000000af4c0b70b2ea9fb7487c7cbb37ada259579fe040,,0x653208319f0012279b2a14ced43a93c4fee3a96f1d7cdc0fbf6e66d446dc832b
22099217,2025-03-22 01:44:35.000 UTC,0xa0b86991c6218b36c1d19d4a2e9eb0ce3606eb48,0x,0x117e3210bb9aa7d9baff172026820255c6f6c30ba8999d1c2fd88e2848137c4e,0x000000000000000000000000af8d1839c3c67cf571aa74b5c12398d4901147b3,,0xe925821678291aafb32c95569169ea0859b2b92aff5df182f365be686d64484d
22099221,2025-03-22 01:45:23.000 UTC,0xa0b86991c6218b36c1d19d4a2e9eb0ce3606eb48,0x,0x117e3210bb9aa7d9baff172026820255c6f6c30ba8999d1c2fd88e2848137c4e,0x000000000000000000000000cc84179ffd19a1627e79f8648d09e095252bc418,,0x904c695cc116f44dbba505fa92d356915a82d132323529752376ded2aecbf8b5
22099225,2025-03-22 01:46:11.000 UTC,0xa0b86991c6218b36c1d19d4a2e9eb0ce3606eb48,0x,0x117e3210bb9aa7d9baff172026820255c6f6c30ba8999d1c2fd88e2848137c4e,0x000000000000000000000000d47438c816c9e7f2e2888e060936a499af9582b3,,0x48ec69fdb273f417eaa2c91b35606bbc3459355e8a3f58aef88a0ea27d5d4e7d
22099226,2025-03-22 01:46:23.000 UTC,0xa0b86991c6218b36c1d19d4a2e9eb0ce3606eb48,0x,0x117e3210bb9aa7d9baff172026820255c6f6c30ba8999d1c2fd88e2848137c4e,0x000000000000000000000000d5d6f8d9e784d0e26222ad3834500801a68d027d,,0x41f757c2384bfa4c06c7887fd1f7d1171ad9e98be99ab16a6fadc93099cc9993
22099227,2025-03-22 01:46:35.000 UTC,0xa0b86991c6218b36c1d19d4a2e9eb0ce3606eb48,0x,0x117e3210bb9aa7d9baff172026820255c6f6c30ba8999d1c2fd88e2848137c4e,0x000000000000000000000000df231d99ff8b6c6cbf4e9b9a945cbacef9339178,,0x22cda4382a15d4fac8d74c633e47744b65007bffa987e66acd11dcedf9bfe8fd
22099228,2025-03-22 01:46:47.000 UTC,0xa0b86991c6218b36c1d19d4a2e9eb0ce3606eb48,0x,0x117e3210bb9aa7d9baff172026820255c6f6c30ba8999d1c2fd88e2848137c4e,0x000000000000000000000000edc5d01286f99a066559f60a585406f3878a033e,,0x436c721ec24aa93c2f97e6e06c0aca75e66513d8e04263474d3ef3fd6e31a3b2
22099229,2025-03-22 01:46:59.000 UTC,0xa0b86991c6218b36c1d19d4a2e9eb0ce3606eb48,0x,0x117e3210bb9aa7d9baff172026820255c6f6c30ba8999d1c2fd88e2848137c4e,0x0000000000000000000000000e3a09dda6b20afbb34ac7cd4a6881493f3e7bf7,,0xc55ad1043173296f89a0628694b7c2013338377f56ac6dd911107678da4029cf
22099231,2025-03-22 01:47:23.000 UTC,0xa0b86991c6218b36c1d19d4a2e9eb0ce3606eb48,0x,0x117e3210bb9aa7d9baff172026820255c6f6c30ba8999d1c2fd88e2848137c4e,0x00000000000000000000000005e0b5b40b7b66098c2161a5ee11c5740a3a7c45,,0x2d1b62b2843660988545eac202d4b5723c13b0175e9de19296389fec3f2c0661
22129445,2025-03-26 07:00:47.000 UTC,0xa0b86991c6218b36c1d19d4a2e9eb0ce3606eb48,0x,0xffa4e6181777692565cf28528fc88fd1516ea86b56da075235fa575af6a4b855,0x0000000000000000000000008244dc80a19fc68e4f26d2f41992409d2a0bb2bb,,0x36e6485c008615332ab17db7d1ccf2546c2f203b3d408e98191814c413d8dc18
22129448,2025-03-26 07:01:23.000 UTC,0xa0b86991c6218b36c1d19d4a2e9eb0ce3606eb48,0x,0xffa4e6181777692565cf28528fc88fd1516ea86b56da075235fa575af6a4b855,0x000000000000000000000000be10a20daf62e499d73b3e2009612a54ce4439ea,,0xc708ed96b8d219ed560cd9542f05c9802bb30599f11ebf1a0a446d26588a6e2a
22134989,2025-03-27 01:33:11.000 UTC,0xa0b86991c6218b36c1d19d4a2e9eb0ce3606eb48,0x,0xffa4e6181777692565cf28528fc88fd1516ea86b56da075235fa575af6a4b855,0x00000000000000000000000002c7861d81d95827a0453ce0de50794102dc6365,,0x806d3a180229c9eb9ee58d5c1cb173fa9cb45823b61461fa0a73b96f35711bd4
22183251,2025-04-02 19:15:11.000 UTC,0xa0b86991c6218b36c1d19d4a2e9eb0ce3606eb48,0x,0xffa4e6181777692565cf28528fc88fd1516ea86b56da075235fa575af6a4b855,0x00000000000000000000000016f068ea913a912c62114a873b678b1aa9236585,,0xeeedb05bb9494fbc7c89ad01e01017dccb9fdb650d9603a5b1894bc166055210
22183252,2025-04-02 19:15:23.000 UTC,0xa0b86991c6218b36c1d19d4a2e9eb0ce3606eb48,0x,0xffa4e6181777692565cf28528fc88fd1516ea86b56da075235fa575af6a4b855,0x0000000000000000000000009acfa7136bd9ee19fc2c4517e2033705262f938c,,0x7e0ae01bbd26391bbd3100686d685b4e1c5ed5f0e896f704b3e44b08edcacafe
22183254,2025-04-02 19:15:47.000 UTC,0xa0b86991c6218b36c1d19d4a2e9eb0ce3606eb48,0x,0xffa4e6181777692565cf28528fc88fd1516ea86b56da075235fa575af6a4b855,0x000000000000000000000000e942adb085bdc3cd49ad2ddaea53934f12a7e0a5,,0x7efd340d6441c5cc2a3a8c8d71e9a472fe1c8d151ab7e0e955ccd6fde67b07b2
22183262,2025-04-02 19:17:23.000 UTC,0xa0b86991c6218b36c1d19d4a2e9eb0ce3606eb48,0x,0xffa4e6181777692565cf28528fc88fd1516ea86b56da075235fa575af6a4b855,0x0000000000000000000000004755da10f30da425a1b5f12166bec82600c48c79,,0x8a872c8fed92f65b1231cd98b39ef2e2984815cbb3dc2a7dc573131d5c65f16e
22183265,2025-04-02 19:17:59.000 UTC,0xa0b86991c6218b36c1d19d4a2e9eb0ce3606eb48,0x,0xffa4e6181777692565cf28528fc88fd1516ea86b56da075235fa575af6a4b855,0x0000000000000000000000002b872fc6d0614e39150d078db0e2ff56650f2b4b,,0xa78d39becb649d1d1f3a1d361597de5132b1dc6d05639bcf6c024f0df5f35917
22183266,2025-04-02 19:18:11.000 UTC,0xa0b86991c6218b36c1d19d4a2e9eb0ce3606eb48,0x,0xffa4e6181777692565cf28528fc88fd1516ea86b56da075235fa575af6a4b855,0x0000000000000000000000007a01e8268bbb7b5b7403b673aa0b9d7b36f651aa,,0xb430c333ec29cad3fde10acb85a2052916d1655c893ccde32e3655b14a3cfacf
22183267,2025-04-02 19:18:23.000 UTC,0xa0b86991c6218b36c1d19d4a2e9eb0ce3606eb48,0x,0xffa4e6181777692565cf28528fc88fd1516ea86b56da075235fa575af6a4b855,0x0000000000000000000000002a4c4406a0495116aa880c57486cb876658d8aa1,,0x3ecbb681fd21fec32dfa900dc3b2953d6bdb1ac57d6ea7a528fc70a721b531f3
22183268,2025-04-02 19:18:35.000 UTC,0xa0b86991c6218b36c1d19d4a2e9eb0ce3606eb48,0x,0xffa4e6181777692565cf28528fc88fd1516ea86b56da075235fa575af6a4b855,0x000000000000000000000000d9471e6c644756e845e4a10260362ab9a3a9845a,,0xd8726878a3668467b6d72d333b5286cd56d47a069700b864c34c6145fcdde9a1
22247444,2025-04-11 18:18:47.000 UTC,0xa0b86991c6218b36c1d19d4a2e9eb0ce3606eb48,0x,0xffa4e6181777692565cf28528fc88fd1516ea86b56da075235fa575af6a4b855,0x00000000000000000000000059a16c427f3a3584ae9fab84f47a3a9518c04272,,0x889b4c07ac818aada7874ef780784b8053629619f87e016ca7ccb98dcece5339
22341895,2025-04-24 22:37:23.000 UTC,0xa0b86991c6218b36c1d19d4a2e9eb0ce3606eb48,0x,0xffa4e6181777692565cf28528fc88fd1516ea86b56da075235fa575af6a4b855,0x000000000000000000000000072cc4898cabe51a937f2bf4265c69c4203c0d8c,,0x885260dfe4bb65bc8112aeb3e2cda7e3e99470b449751d32cc5598d1f5139666
22341896,2025-04-24 22:37:35.000 UTC,0xa0b86991c6218b36c1d19d4a2e9eb0ce3606eb48,0x,0xffa4e6181777692565cf28528fc88fd1516ea86b56da075235fa575af6a4b855,0x000000000000000000000000de787f609e75513a86d53b2a15011db78fb5f2bc,,0x7548efeffdb3fbf589ac074056d1a92d7e02628fd16d02e0ec9688ad8f4b7490
22355376,2025-04-26 19:42:47.000 UTC,0xa0b86991c6218b36c1d19d4a2e9eb0ce3606eb48,0x,0xffa4e6181777692565cf28528fc88fd1516ea86b56da075235fa575af6a4b855,0x000000000000000000000000dbb512422e1efec898ff5ec00739b3ff8bc7caef,,0x1ca9243e3e2edda4eac851c319f3ed7be56fe899b0a9cf2911e922e1194d24f5
22355386,2025-04-26 19:44:47.000 UTC,0xa0b86991c6218b36c1d19d4a2e9eb0ce3606eb48,0x,0xffa4e6181777692565cf28528fc88fd1516ea86b56da075235fa575af6a4b855,0x000000000000000000000000e883711e2fcf199727a9dabfe48b7d90ef9aa6af,,0x0c9c69331027100d579f6aabc18a153db746ed7495c9ae021bc927cad422ab5a
22485044,2025-05-15 00:45:11.000 UTC,0xa0b86991c6218b36c1d19d4a2e9eb0ce3606eb48,0x,0xffa4e6181777692565cf28528fc88fd1516ea86b56da075235fa575af6a4b855,0x000000000000000000000000d360752c7f5df88c6b42391940e11a6fd491e645,,0xa098da8d6bf0679d4e343c0926d77667f0fbf24c82ea534a43b00ec1ffdd2a69
22590579,2025-05-29 19:47:11.000 UTC,0xa0b86991c6218b36c1d19d4a2e9eb0ce3606eb48,0x,0xffa4e6181777692565cf28528fc88fd1516ea86b56da075235fa575af6a4b855,0x000000000000000000000000d5ed34b52ac4ab84d8fa8a231a3218bbf01ed510,,0x820504809ed1b810498c28dc2fc5fbeb1d753bb5b655ebe83d98cd999c96d2d7
22590584,2025-05-29 19:48:11.000 UTC,0xa0b86991c6218b36c1d19d4a2e9eb0ce3606eb48,0x,0xffa4e6181777692565cf28528fc88fd1516ea86b56da075235fa575af6a4b855,0x0000000000000000000000008c5f37d4db13967643e33d5404f66f86569221ca,,0x2b0c513e8d6c1036435f5667791b3e969943a73f1612f3a174ff48def9f717be
22592196,2025-05-30 01:12:23.000 UTC,0xa0b86991c6218b36c1d19d4a2e9eb0ce3606eb48,0x,0xffa4e6181777692565cf28528fc88fd1516ea86b56da075235fa575af6a4b855,0x000000000000000000000000037823d2320c81a62721c0444160e053b19f45c4,,0x1155b88d674610bbc81d0e5d7d014a4e904f8ed2b49d2ee06652a28a45a05a07
22592201,2025-05-30 01:13:23.000 UTC,0xa0b86991c6218b36c1d19d4a2e9eb0ce3606eb48,0x,0xffa4e6181777692565cf28528fc88fd1516ea86b56da075235fa575af6a4b855,0x000000000000000000000000e6a52b4829dee5ae37e383087f5bf1fac6983b44,,0x14d09329aa3440498f7647dd2ed7148089146e9c39a7132d420c7028ec6c7443
22592205,2025-05-30 01:14:23.000 UTC,0xa0b86991c6218b36c1d19d4a2e9eb0ce3606eb48,0x,0xffa4e6181777692565cf28528fc88fd1516ea86b56da075235fa575af6a4b855,0x000000000000000000000000bf73b75c821b3fc656b4e6f33e36013fbaa036e3,,0x934eb3dae7d4d20b41fd2ab659f962e42878ca8a7eb448401c712f3ec0cfe480
22592209,2025-05-30 01:15:11.000 UTC,0xa0b86991c6218b36c1d19d4a2e9eb0ce3606eb48,0x,0xffa4e6181777692565cf28528fc88fd1516ea86b56da075235fa575af6a4b855,0x0000000000000000000000005b34604cad96abc062ca93b895da102281c8940f,,0x4ceb59592cd0d13f034fae2d1da4bfbd9cf74fe2b70947b128f0d2d298ca8886
22592213,2025-05-30 01:15:59.000 UTC,0xa0b86991c6218b36c1d19d4a2e9eb0ce3606eb48,0x,0xffa4e6181777692565cf28528fc88fd1516ea86b56da075235fa575af6a4b855,0x000000000000000000000000b62d9e45688a40f101645351a6cee269cba5a5b9,,0x164b80a413f9a11fed256d887d6414862d5b3159ea0362faf313342de915055a
22592217,2025-05-30 01:16:47.000 UTC,0xa0b86991c6218b36c1d19d4a2e9eb0ce3606eb48,0x,0xffa4e6181777692565cf28528fc88fd1516ea86b56da075235fa575af6a4b855,0x00000000000000000000000020b575570a487024fa8fd26bf7be29ce91b58af0,,0xb70182b190643dd4058b74d6debf50d404c0a2ab0d09a66985dea2100bd84053
22613071,2025-06-01 23:16:47.000 UTC,0xa0b86991c6218b36c1d19d4a2e9eb0ce3606eb48,0x,0xffa4e6181777692565cf28528fc88fd1516ea86b56da075235fa575af6a4b855,0x000000000000000000000000a86cb571904577001427711f3e03133b5279090f,,0x60231cd5657ecb205f08481dee35c801d7bf3e4f1a71a346886e4b221cc74243
22613076,2025-06-01 23:17:47.000 UTC,0xa0b86991c6218b36c1d19d4a2e9eb0ce3606eb48,0x,0xffa4e6181777692565cf28528fc88fd1516ea86b56da075235fa575af6a4b855,0x000000000000000000000000802f0bf20331540aa880b3dec2e4aa3ab59b969e,,0x6e3f1ecfa3f4279755cbc6c5ad84315e3f4188ff254536004d9eb1e7d1ead5ca
22691403,2025-06-12 22:15:59.000 UTC,0xa0b86991c6218b36c1d19d4a2e9eb0ce3606eb48,0x,0xffa4e6181777692565cf28528fc88fd1516ea86b56da075235fa575af6a4b855,0x0000000000000000000000002dbdaed0c4344b884f69857cab554c8de83fa4c6,,0x075cf4056b4143ae98fe361887cf954800ebd6b01bef3d50aa6cd122b4171fea
22698277,2025-06-13 21:19:23.000 UTC,0xa0b86991c6218b36c1d19d4a2e9eb0ce3606eb48,0x,0xffa4e6181777692565cf28528fc88fd1516ea86b56da075235fa575af6a4b855,0x000000000000000000000000e6d328eb45bd03b2cbb801a0c4a93c993f735b76,,0x902ce469bf8e3ff6397d376d80d6f5caed26693712f638776bf819b295f7559b
22747241,2025-06-20 17:41:47.000 UTC,0xa0b86991c6218b36c1d19d4a2e9eb0ce3606eb48,0x,0xffa4e6181777692565cf28528fc88fd1516ea86b56da075235fa575af6a4b855,0x00000000000000000000000089012a55cd6b88e407c9d4ae9b3425f55924919b,,0x68174287158630535dd34cd84401c00c10d708e64e06ac6f42259d915b0a92c4
22784092,2025-06-25 21:19:23.000 UTC,0xa0b86991c6218b36c1d19d4a2e9eb0ce3606eb48,0x,0xffa4e6181777692565cf28528fc88fd1516ea86b56da075235fa575af6a4b855,0x000000000000000000000000b1fcda2d2dd445eeeb09c1d03b73519a1956f311,,0x5f46572cdedfb11c8dffd22ce42f325b1df072e8031e3fe46b742487694a4930
22791145,2025-06-26 20:57:23.000 UTC,0xa0b86991c6218b36c1d19d4a2e9eb0ce3606eb48,0x,0xffa4e6181777692565cf28528fc88fd1516ea86b56da075235fa575af6a4b855,0x0000000000000000000000005ad59bc969beef5afc862ceb2e00f563bcd29ae6,,0xda951dac63c09046dc8de5bb4ed536622748f053291017fd5727896e6daa86b3
22798914,2025-06-27 23:00:47.000 UTC,0xa0b86991c6218b36c1d19d4a2e9eb0ce3606eb48,0x,0xffa4e6181777692565cf28528fc88fd1516ea86b56da075235fa575af6a4b855,0x00000000000000000000000053b9b72dc6f96eb4b54143b211b22e2548e4cf5c,,0x73fa3a328081a7a343165a4755b6cbea48a091002bc67033dfd12fa9c20f3e66
22799676,2025-06-28 01:33:47.000 UTC,0xa0b86991c6218b36c1d19d4a2e9eb0ce3606eb48,0x,0xffa4e6181777692565cf28528fc88fd1516ea86b56da075235fa575af6a4b855,0x000000000000000000000000e3740c1b2fcda407027e2c80906306604e5260e7,,0x3687f09395ad5d0dfe8b697410ecfb013bba21e203c456c6c557a2ae80bee3e6
22818188,2025-06-30 15:39:35.000 UTC,0xa0b86991c6218b36c1d19d4a2e9eb0ce3606eb48,0x,0xffa4e6181777692565cf28528fc88fd1516ea86b56da075235fa575af6a4b855,0x000000000000000000000000fa3576591b710cd8a68f22fc10281f39f88d8cb1,,0x9be9faeea4c1c7d43c5cc6c4863abec718a8bfd7a163a16c81645a63f2e72558
22818201,2025-06-30 15:42:11.000 UTC,0xa0b86991c6218b36c1d19d4a2e9eb0ce3606eb48,0x,0x117e3210bb9aa7d9baff172026820255c6f6c30ba8999d1c2fd88e2848137c4e,0x000000000000000000000000fa3576591b710cd8a68f22fc10281f39f88d8cb1,,0x8cf18d8e6c82b2b8c82bcd083bcc1e31dc8e29fbfc2e75ed6ec91142e1fc1088
22818206,2025-06-30 15:43:11.000 UTC,0xa0b86991c6218b36c1d19d4a2e9eb0ce3606eb48,0x,0x117e3210bb9aa7d9baff172026820255c6f6c30ba8999d1c2fd88e2848137c4e,0x000000000000000000000000fa3576591b710cd8a68f22fc10281f39f88d8cb1,,0x99953814f8cf7295f42919f763f4365124e2ec827a4aa544e082ad7a101156df
22818211,2025-06-30 15:44:11.000 UTC,0xa0b86991c6218b36c1d19d4a2e9eb0ce3606eb48,0x,0x117e3210bb9aa7d9baff172026820255c6f6c30ba8999d1c2fd88e2848137c4e,0x000000000000000000000000fa3576591b710cd8a68f22fc10281f39f88d8cb1,,0x18c02580c430337cd762ab538471b80b2b9e143744b46099deb72b791f6f195f
22818216,2025-06-30 15:45:11.000 UTC,0xa0b86991c6218b36c1d19d4a2e9eb0ce3606eb48,0x,0x117e3210bb9aa7d9baff172026820255c6f6c30ba8999d1c2fd88e2848137c4e,0x000000000000000000000000fa3576591b710cd8a68f22fc10281f39f88d8cb1,,0x182ccfe10496c3baeaec5b22935b029ab7a10a3216fa0f8fce9749690c36425c
22818222,2025-06-30 15:46:23.000 UTC,0xa0b86991c6218b36c1d19d4a2e9eb0ce3606eb48,0x,0x117e3210bb9aa7d9baff172026820255c6f6c30ba8999d1c2fd88e2848137c4e,0x000000000000000000000000fa3576591b710cd8a68f22fc10281f39f88d8cb1,,0xc3368eee3b52389e2b7db9d5d1600dc7f216d0a137140d32cdcea76a838010b4
22818227,2025-06-30 15:47:23.000 UTC,0xa0b86991c6218b36c1d19d4a2e9eb0ce3606eb48,0x,0x117e3210bb9aa7d9baff172026820255c6f6c30ba8999d1c2fd88e2848137c4e,0x000000000000000000000000fa3576591b710cd8a68f22fc10281f39f88d8cb1,,0x82341a128bca7d3fb8ad0298bdb18dfb16f959d1ce28779bd8ba23587e4a999d
22818231,2025-06-30 15:48:11.000 UTC,0xa0b86991c6218b36c1d19d4a2e9eb0ce3606eb48,0x,0x117e3210bb9aa7d9baff172026820255c6f6c30ba8999d1c2fd88e2848137c4e,0x000000000000000000000000fa3576591b710cd8a68f22fc10281f39f88d8cb1,,0x9adbb3358f4df8bb644f497a26529aa17b4908b832ba14061e04803bc41faa34
22818236,2025-06-30 15:49:11.000 UTC,0xa0b86991c6218b36c1d19d4a2e9eb0ce3606eb48,0x,0x117e3210bb9aa7d9baff172026820255c6f6c30ba8999d1c2fd88e2848137c4e,0x000000000000000000000000fa3576591b710cd8a68f22fc10281f39f88d8cb1,,0xf725ffbc05a1920167f89f9f2b90552a8c8d86d516b08febad63c10ca5a0a678
22818240,2025-06-30 15:50:11.000 UTC,0xa0b86991c6218b36c1d19d4a2e9eb0ce3606eb48,0x,0x117e3210bb9aa7d9baff172026820255c6f6c30ba8999d1c2fd88e2848137c4e,0x000000000000000000000000fa3576591b710cd8a68f22fc10281f39f88d8cb1,,0xe2b7838f8e0d76117ef3a627b79822a65ee3cb07350e1d7c366b9f08e56095b8
22818245,2025-06-30 15:51:11.000 UTC,0xa0b86991c6218b36c1d19d4a2e9eb0ce3606eb48,0x,0x117e3210bb9aa7d9baff172026820255c6f6c30ba8999d1c2fd88e2848137c4e,0x000000000000000000000000fa3576591b710cd8a68f22fc10281f39f88d8cb1,,0x38dafdec091f8fb2db45d185db71a8274985850522450c5fea8175c0ab6407f1
22818250,2025-06-30 15:52:11.000 UTC,0xa0b86991c6218b36c1d19d4a2e9eb0ce3606eb48,0x,0x117e3210bb9aa7d9baff172026820255c6f6c30ba8999d1c2fd88e2848137c4e,0x000000000000000000000000fa3576591b710cd8a68f22fc10281f39f88d8cb1,,0x4cf8117395a2adfabfd4abb49ff46b09a1ede7b127997f09657c4ae077407a6b
22818255,2025-06-30 15:53:11.000 UTC,0xa0b86991c6218b36c1d19d4a2e9eb0ce3606eb48,0x,0x117e3210bb9aa7d9baff172026820255c6f6c30ba8999d1c2fd88e2848137c4e,0x000000000000000000000000fa3576591b710cd8a68f22fc10281f39f88d8cb1,,0x4e3fad1e524d7fe552df9a9d946e10f0ee30fcb11ad49142d3eeab8ab63cf00a
22818260,2025-06-30 15:54:11.000 UTC,0xa0b86991c6218b36c1d19d4a2e9eb0ce3606eb48,0x,0x117e3210bb9aa7d9baff172026820255c6f6c30ba8999d1c2fd88e2848137c4e,0x000000000000000000000000fa3576591b710cd8a68f22fc10281f39f88d8cb1,,0x16de5a282df46c9021fadf8004bae01121c619a90d2fcfe32833979e9aca3bc9
22818265,2025-06-30 15:55:11.000 UTC,0xa0b86991c6218b36c1d19d4a2e9eb0ce3606eb48,0x,0x117e3210bb9aa7d9baff172026820255c6f6c30ba8999d1c2fd88e2848137c4e,0x000000000000000000000000fa3576591b710cd8a68f22fc10281f39f88d8cb1,,0x67c88f91d3ec9b60396d6a3ef733d721766ce618873a102fc0f7b62d4e1327d7
22818270,2025-06-30 15:56:11.000 UTC,0xa0b86991c6218b36c1d19d4a2e9eb0ce3606eb48,0x,0x117e3210bb9aa7d9baff172026820255c6f6c30ba8999d1c2fd88e2848137c4e,0x000000000000000000000000fa3576591b710cd8a68f22fc10281f39f88d8cb1,,0x4c073cdb8a567e755e003091681ed4d31eeb0e501f2cbb3ec807fb195c2152b9
22818275,2025-06-30 15:57:11.000 UTC,0xa0b86991c6218b36c1d19d4a2e9eb0ce3606eb48,0x,0x117e3210bb9aa7d9baff172026820255c6f6c30ba8999d1c2fd88e2848137c4e,0x000000000000000000000000fa3576591b710cd8a68f22fc10281f39f88d8cb1,,0xc5bbcdd2c47be8ca39d841089486e205f063bf047ff913f897b282ca448c5b20
22818280,2025-06-30 15:58:11.000 UTC,0xa0b86991c6218b36c1d19d4a2e9eb0ce3606eb48,0x,0x117e3210bb9aa7d9baff172026820255c6f6c30ba8999d1c2fd88e2848137c4e,0x000000000000000000000000fa3576591b710cd8a68f22fc10281f39f88d8cb1,,0xe644c837e785b58b09a1b474c5138dc70f0dd706eca18d78ce3da3e3b18551d5
22818285,2025-06-30 15:59:11.000 UTC,0xa0b86991c6218b36c1d19d4a2e9eb0ce3606eb48,0x,0x117e3210bb9aa7d9baff172026820255c6f6c30ba8999d1c2fd88e2848137c4e,0x000000000000000000000000fa3576591b710cd8a68f22fc10281f39f88d8cb1,,0x21fca3ffb481a88091b29dfa2dd96a37a7045381b965ff10034fa08d32995a78
22818290,2025-06-30 16:00:11.000 UTC,0xa0b86991c6218b36c1d19d4a2e9eb0ce3606eb48,0x,0x117e3210bb9aa7d9baff172026820255c6f6c30ba8999d1c2fd88e2848137c4e,0x000000000000000000000000fa3576591b710cd8a68f22fc10281f39f88d8cb1,,0xd8668a925559078b30e1589044fb3efeda838da951d776e1fbd61df5b13aec78
22818295,2025-06-30 16:01:11.000 UTC,0xa0b86991c6218b36c1d19d4a2e9eb0ce3606eb48,0x,0x117e3210bb9aa7d9baff172026820255c6f6c30ba8999d1c2fd88e2848137c4e,0x000000000000000000000000fa3576591b710cd8a68f22fc10281f39f88d8cb1,,0xcb108ace453bbd279998bb383d8271fb90681b39af94b85a23e0e90b8c2d1172
22818300,2025-06-30 16:02:11.000 UTC,0xa0b86991c6218b36c1d19d4a2e9eb0ce3606eb48,0x,0x117e3210bb9aa7d9baff172026820255c6f6c30ba8999d1c2fd88e2848137c4e,0x000000000000000000000000fa3576591b710cd8a68f22fc10281f39f88d8cb1,,0x50cd592b8d05a7af6306faa56446910267ff2bec26efafd0cad57a851552ebc7
22818305,2025-06-30 16:03:11.000 UTC,0xa0b86991c6218b36c1d19d4a2e9eb0ce3606eb48,0x,0x117e3210bb9aa7d9baff172026820255c6f6c30ba8999d1c2fd88e2848137c4e,0x000000000000000000000000fa3576591b710cd8a68f22fc10281f39f88d8cb1,,0x52be7790ab07916a02fc57af93d03bf7e6c7de4e402662f153d251fbbbde5c6c
22818311,2025-06-30 16:04:23.000 UTC,0xa0b86991c6218b36c1d19d4a2e9eb0ce3606eb48,0x,0x117e3210bb9aa7d9baff172026820255c6f6c30ba8999d1c2fd88e2848137c4e,0x000000000000000000000000fa3576591b710cd8a68f22fc10281f39f88d8cb1,,0x9c9f5fe1f64278cedca5121b3a98583eaaa8a0a68304657adde4f63ea9c185ea
22818315,2025-06-30 16:05:11.000 UTC,0xa0b86991c6218b36c1d19d4a2e9eb0ce3606eb48,0x,0x117e3210bb9aa7d9baff172026820255c6f6c30ba8999d1c2fd88e2848137c4e,0x000000000000000000000000fa3576591b710cd8a68f22fc10281f39f88d8cb1,,0x54c7d2ba98c51ad3ea03ce698d5000f4426683c29b57fba3b3e15ff3849bcd33
22818320,2025-06-30 16:06:11.000 UTC,0xa0b86991c6218b36c1d19d4a2e9eb0ce3606eb48,0x,0x117e3210bb9aa7d9baff172026820255c6f6c30ba8999d1c2fd88e2848137c4e,0x000000000000000000000000fa3576591b710cd8a68f22fc10281f39f88d8cb1,,0x420f4f4c414c2b4426a0edb19deb53fea9bacf5f2d618a6c5cf4253815317240
22818325,2025-06-30 16:07:11.000 UTC,0xa0b86991c6218b36c1d19d4a2e9eb0ce3606eb48,0x,0x117e3210bb9aa7d9baff172026820255c6f6c30ba8999d1c2fd88e2848137c4e,0x000000000000000000000000fa3576591b710cd8a68f22fc10281f39f88d8cb1,,0x9683516f8d6c484d1d39ace553afcb2e99d0e309fb23917b4e8e3d1c10451268
22818330,2025-06-30 16:08:11.000 UTC,0xa0b86991c6218b36c1d19d4a2e9eb0ce3606eb48,0x,0x117e3210bb9aa7d9baff172026820255c6f6c30ba8999d1c2fd88e2848137c4e,0x000000000000000000000000fa3576591b710cd8a68f22fc10281f39f88d8cb1,,0x3c3e787c78f264461a2ffd5941a6332cf00e4be03e02c68e9681cdfbadc5a404
22818336,2025-06-30 16:09:23.000 UTC,0xa0b86991c6218b36c1d19d4a2e9eb0ce3606eb48,0x,0x117e3210bb9aa7d9baff172026820255c6f6c30ba8999d1c2fd88e2848137c4e,0x000000000000000000000000fa3576591b710cd8a68f22fc10281f39f88d8cb1,,0x976af5ef7d02355aa1816cfa45d8f580629cc08446b958853cd4938901a79b3b
22818340,2025-06-30 16:10:11.000 UTC,0xa0b86991c6218b36c1d19d4a2e9eb0ce3606eb48,0x,0x117e3210bb9aa7d9baff172026820255c6f6c30ba8999d1c2fd88e2848137c4e,0x000000000000000000000000fa3576591b710cd8a68f22fc10281f39f88d8cb1,,0xa8e168efce9b8e8f1ce551ae3d76ccaeb728b413229e229381c257aae2e4def5
22818345,2025-06-30 16:11:11.000 UTC,0xa0b86991c6218b36c1d19d4a2e9eb0ce3606eb48,0x,0x117e3210bb9aa7d9baff172026820255c6f6c30ba8999d1c2fd88e2848137c4e,0x000000000000000000000000fa3576591b710cd8a68f22fc10281f39f88d8cb1,,0x11cfdb4daf61a73c65bf931758e93a9ad1fe29309d1b09478101052410c16aa2
22818350,2025-06-30 16:12:11.000 UTC,0xa0b86991c6218b36c1d19d4a2e9eb0ce3606eb48,0x,0x117e3210bb9aa7d9baff172026820255c6f6c30ba8999d1c2fd88e2848137c4e,0x000000000000000000000000fa3576591b710cd8a68f22fc10281f39f88d8cb1,,0x29cf6934dc6bde7e58cb3cb3dc052bbe9e91d11b76f3bc9efde67edbc1b44298
22825412,2025-07-01 15:54:11.000 UTC,0xa0b86991c6218b36c1d19d4a2e9eb0ce3606eb48,0x,0xffa4e6181777692565cf28528fc88fd1516ea86b56da075235fa575af6a4b855,0x000000000000000000000000c685132e908cce284c063415ea353af5f555c6c6,,0x5329e45f2aba4af86b448f4d6cbd9997c7645ced84ef93cfc551de401f6e4312
22839464,2025-07-03 15:02:59.000 UTC,0xa0b86991c6218b36c1d19d4a2e9eb0ce3606eb48,0x,0xffa4e6181777692565cf28528fc88fd1516ea86b56da075235fa575af6a4b855,0x000000000000000000000000e1724299cc4da9776a2c04723d9fd3d7c4afa27e,,0xc2a9789b7790ab86bd556e6bb166dae7f412f229f7c6e3baf280226c21a97cda
22882848,2025-07-09 16:33:59.000 UTC,0xa0b86991c6218b36c1d19d4a2e9eb0ce3606eb48,0x,0xffa4e6181777692565cf28528fc88fd1516ea86b56da075235fa575af6a4b855,0x0000000000000000000000005b49e41bbbbed24ef90d54f0abd59e14722021db,,0xe09b7b96680a4c4913065b198ba58a9f93293119fd65c81abd564895dd63cf53
22882853,2025-07-09 16:34:59.000 UTC,0xa0b86991c6218b36c1d19d4a2e9eb0ce3606eb48,0x,0xffa4e6181777692565cf28528fc88fd1516ea86b56da075235fa575af6a4b855,0x000000000000000000000000408b130d722c730045b4305f369e6ff629b1c8fa,,0x522023898fef21ccd0568d02b1ea21477e0d6a879bfcbb11530678b20f960550
22949095,2025-07-18 22:31:35.000 UTC,0xa0b86991c6218b36c1d19d4a2e9eb0ce3606eb48,0x,0xffa4e6181777692565cf28528fc88fd1516ea86b56da075235fa575af6a4b855,0x000000000000000000000000af5bbb89f8fdf594cd73cb4f5508439a8356aef1,,0x6ef4f214159debe40aa571fd83d52aa65be8bc9125e572e1ce9707361497d3a8
22949100,2025-07-18 22:32:35.000 UTC,0xa0b86991c6218b36c1d19d4a2e9eb0ce3606eb48,0x,0xffa4e6181777692565cf28528fc88fd1516ea86b56da075235fa575af6a4b855,0x000000000000000000000000af5bbb89f8fdf594cd73cb4f5508439a8356aef1,,0x7b4bebbe899939d9e17e52eb874ec141a8e7e6bd84faf7b8e8227e2c03c8410f
22949104,2025-07-18 22:33:23.000 UTC,0xa0b86991c6218b36c1d19d4a2e9eb0ce3606eb48,0x,0xffa4e6181777692565cf28528fc88fd1516ea86b56da075235fa575af6a4b855,0x000000000000000000000000af5bbb89f8fdf594cd73cb4f5508439a8356aef1,,0x02a77640b32035de42d6ec183ceee8c6b28f67e2b466cf4c4affed8f54d472bd
23041620,2025-07-31 20:59:59.000 UTC,0xa0b86991c6218b36c1d19d4a2e9eb0ce3606eb48,0x,0xffa4e6181777692565cf28528fc88fd1516ea86b56da075235fa575af6a4b855,0x00000000000000000000000074dacbaaa824555af9a84d54f6f0fbf5fe225268,,0xf999af0b0d49c0a973e8c12488ed65fce4953d52d36ff545ea7c707c2461b697
23041625,2025-07-31 21:00:59.000 UTC,0xa0b86991c6218b36c1d19d4a2e9eb0ce3606eb48,0x,0xffa4e6181777692565cf28528fc88fd1516ea86b56da075235fa575af6a4b855,0x000000000000000000000000920b6ce057056ba751a482410604b0d534b57afe,,0x8fefeaeede5e8e3dbdb0de901b8e48c1ea8d0f9b62c96629883557f5b6fa04f3
23041630,2025-07-31 21:01:59.000 UTC,0xa0b86991c6218b36c1d19d4a2e9eb0ce3606eb48,0x,0xffa4e6181777692565cf28528fc88fd1516ea86b56da075235fa575af6a4b855,0x000000000000000000000000d25d375e18d2a2bfe8555b70279ec2dc931d397e,,0x4b076e61dd0ca8392931ec760b5b59ee8c9cbd8ec2c4df276d6ac446ffd59d8a
23041635,2025-07-31 21:02:59.000 UTC,0xa0b86991c6218b36c1d19d4a2e9eb0ce3606eb48,0x,0xffa4e6181777692565cf28528fc88fd1516ea86b56da075235fa575af6a4b855,0x000000000000000000000000d25d375e18d2a2bfe8555b70279ec2dc931d397e,,0x6b249e3a13bce9be578a83238589e97b163c90a68cbd01f12c89b401e34f6441
23083401,2025-08-06 17:04:11.000 UTC,0xa0b86991c6218b36c1d19d4a2e9eb0ce3606eb48,0x,0xffa4e6181777692565cf28528fc88fd1516ea86b56da075235fa575af6a4b855,0x0000000000000000000000003f77a61034da59ffa924c20ee68f868956bca3e6,,0xeb1ef510345240a7dcfb06c755432d90385ed58d2e2f4c0bd8c92076b809b42a
23083406,2025-08-06 17:05:11.000 UTC,0xa0b86991c6218b36c1d19d4a2e9eb0ce3606eb48,0x,0xffa4e6181777692565cf28528fc88fd1516ea86b56da075235fa575af6a4b855,0x0000000000000000000000003f77a61034da59ffa924c20ee68f868956bca3e6,,0x37d5f7c1d708f05ebca833d26e638bf245e3f83b17a786e7c44d649a970dd5d4
23084326,2025-08-06 20:11:11.000 UTC,0xa0b86991c6218b36c1d19d4a2e9eb0ce3606eb48,0x,0xffa4e6181777692565cf28528fc88fd1516ea86b56da075235fa575af6a4b855,0x000000000000000000000000de8d23aa01e47069f494b14d008b7cb606a51add,,0x631f9cc1c72eeaf2984341e856416cf89c8e0187f76542cb815ba97bcfb28b39
23090077,2025-08-07 15:28:35.000 UTC,0xa0b86991c6218b36c1d19d4a2e9eb0ce3606eb48,0x,0xffa4e6181777692565cf28528fc88fd1516ea86b56da075235fa575af6a4b855,0x0000000000000000000000008e2fce87ecd6e648a4ec8c99a161f66ea32df18c,,0x0b4cc18152affbac2e07648209390fd01a594a0af8faf810e8950c16f779d6af
23140555,2025-08-14 16:45:11.000 UTC,0xa0b86991c6218b36c1d19d4a2e9eb0ce3606eb48,0x,0xffa4e6181777692565cf28528fc88fd1516ea86b56da075235fa575af6a4b855,0x00000000000000000000000025697a529646d0427e3341303564a9fc280168cf,,0xd6953724e154e9370c9a6602d24c82e982ea821b5c11e08b3aed948247a9aac3
23140559,2025-08-14 16:45:59.000 UTC,0xa0b86991c6218b36c1d19d4a2e9eb0ce3606eb48,0x,0xffa4e6181777692565cf28528fc88fd1516ea86b56da075235fa575af6a4b855,0x00000000000000000000000025697a529646d0427e3341303564a9fc280168cf,,0xf3691ba450e5b2c846f4df086dd433dc72e6a0da8327637e59a00c7484627728
23140560,2025-08-14 16:46:11.000 UTC,0xa0b86991c6218b36c1d19d4a2e9eb0ce3606eb48,0x,0xffa4e6181777692565cf28528fc88fd1516ea86b56da075235fa575af6a4b855,0x0000000000000000000000008a33c4dccc7e840e536c1abc9af4612f876f54de,,0xa453f29f32c9c78d0518fd0a70326aa61d731fa708ad707b3ff4cd30b6cfc202
23140565,2025-08-14 16:47:11.000 UTC,0xa0b86991c6218b36c1d19d4a2e9eb0ce3606eb48,0x,0xffa4e6181777692565cf28528fc88fd1516ea86b56da075235fa575af6a4b855,0x0000000000000000000000003301843d4d8c3314706a6526940bc2a38ed29475,,0x46563bbafc80b9066dab58166adf9e75248603e703ab3d4ef7ca865717789068
23140569,2025-08-14 16:48:11.000 UTC,0xa0b86991c6218b36c1d19d4a2e9eb0ce3606eb48,0x,0xffa4e6181777692565cf28528fc88fd1516ea86b56da075235fa575af6a4b855,0x0000000000000000000000000655b7211f302b42a7bfa16a6c45284ab82fd85b,,0x7fd452ec4d53bbffae536e0d1459f49e76cf045e4e201a354ac6d624fb6bef58
23140574,2025-08-14 16:49:11.000 UTC,0xa0b86991c6218b36c1d19d4a2e9eb0ce3606eb48,0x,0xffa4e6181777692565cf28528fc88fd1516ea86b56da075235fa575af6a4b855,0x0000000000000000000000006e2bf91ff62095e759301a1e46df3278f7d6bf07,,0x2fd474758b179c01485a788de3ee8eb4bb53653458c448c6ff641395dc8bbdc0
23140579,2025-08-14 16:50:11.000 UTC,0xa0b86991c6218b36c1d19d4a2e9eb0ce3606eb48,0x,0xffa4e6181777692565cf28528fc88fd1516ea86b56da075235fa575af6a4b855,0x0000000000000000000000008dce2aac0de82bdcaf6b4373b79f94331b8e4995,,0xb882ea20a4b8c757f750304b19de6f9966ae39d41c885d022b186771bb2f4b83
23140584,2025-08-14 16:51:11.000 UTC,0xa0b86991c6218b36c1d19d4a2e9eb0ce3606eb48,0x,0xffa4e6181777692565cf28528fc88fd1516ea86b56da075235fa575af6a4b855,0x00000000000000000000000082df92ebaa039dd6c9e0689390d7298a5ca1f59c,,0x23d5c3aee9c3170b5b7d6cd8276ab56a35ee140a5a685a7c4cada67d23cb2cb7
23140589,2025-08-14 16:52:11.000 UTC,0xa0b86991c6218b36c1d19d4a2e9eb0ce3606eb48,0x,0xffa4e6181777692565cf28528fc88fd1516ea86b56da075235fa575af6a4b855,0x00000000000000000000000018f703184349667cdae85a07e7f2efac36052b89,,0x6d0ccf9178b2f7b4015fe6fa0963945ba7928dd4736f8cded7165f2f9c207dad
23140594,2025-08-14 16:53:11.000 UTC,0xa0b86991c6218b36c1d19d4a2e9eb0ce3606eb48,0x,0xffa4e6181777692565cf28528fc88fd1516ea86b56da075235fa575af6a4b855,0x00000000000000000000000017b65262f73d2a8668dededc6a40274c3e0ea058,,0xc8eb9aed12bd8346b9fff11280b9663fb0460abf59c0c8e4b7ba26a958e0aaf0
23140599,2025-08-14 16:54:11.000 UTC,0xa0b86991c6218b36c1d19d4a2e9eb0ce3606eb48,0x,0xffa4e6181777692565cf28528fc88fd1516ea86b56da075235fa575af6a4b855,0x00000000000000000000000012de548f79a50d2bd05481c8515c1ef5183666a9,,0x878700ce7193e0ad254bbdca6de51e97461082c01da3a4603802f71c97590155
23140604,2025-08-14 16:55:11.000 UTC,0xa0b86991c6218b36c1d19d4a2e9eb0ce3606eb48,0x,0xffa4e6181777692565cf28528fc88fd1516ea86b56da075235fa575af6a4b855,0x000000000000000000000000d8500c631dc32fa18645b7436344a99e4825e10e,,0xa4f9199420da04aef2fca62baf71289fbcc2ce197031fdf1e9fc4d2757b392c9
23140609,2025-08-14 16:56:11.000 UTC,0xa0b86991c6218b36c1d19d4a2e9eb0ce3606eb48,0x,0xffa4e6181777692565cf28528fc88fd1516ea86b56da075235fa575af6a4b855,0x0000000000000000000000006042c2f32769454c5ff226fdae52b81e49cd922f,,0xe5123d72b1768c777aa56520b67c3461fd39472e09a8fefe8138dbf6330d42ab
23140614,2025-08-14 16:57:11.000 UTC,0xa0b86991c6218b36c1d19d4a2e9eb0ce3606eb48,0x,0xffa4e6181777692565cf28528fc88fd1516ea86b56da075235fa575af6a4b855,0x00000000000000000000000057ec89a0c056163a0314e413320f9b3abe761259,,0x7f1cbae39751d52d48e4ec6840a64b78e0e5e21ebeb9c3e15ef23eeb7a46549c
23140619,2025-08-14 16:58:11.000 UTC,0xa0b86991c6218b36c1d19d4a2e9eb0ce3606eb48,0x,0xffa4e6181777692565cf28528fc88fd1516ea86b56da075235fa575af6a4b855,0x000000000000000000000000b338962b92cd818d6aef0a32a9ecd01212a71f33,,0x967e9f4a3ae7b123e3ac6ecea86a1e4e60db7570da642969c27fc1be64049884
23140624,2025-08-14 16:59:11.000 UTC,0xa0b86991c6218b36c1d19d4a2e9eb0ce3606eb48,0x,0xffa4e6181777692565cf28528fc88fd1516ea86b56da075235fa575af6a4b855,0x000000000000000000000000f4377eda661e04b6dda78969796ed31658d602d4,,0x811e034c948f7dd1bb6861c70d6aa7863fd3ebb87c4b0eeb597860d6ba7245ea
23140629,2025-08-14 17:00:11.000 UTC,0xa0b86991c6218b36c1d19d4a2e9eb0ce3606eb48,0x,0xffa4e6181777692565cf28528fc88fd1516ea86b56da075235fa575af6a4b855,0x0000000000000000000000008660f3ab5285f9e497ffbf2997285c24466aa2a1,,0xa30af067eca20fbe8d5b7970ac253312fd4f7aabb4ba482f74c69fb770798412
23140634,2025-08-14 17:01:11.000 UTC,0xa0b86991c6218b36c1d19d4a2e9eb0ce3606eb48,0x,0xffa4e6181777692565cf28528fc88fd1516ea86b56da075235fa575af6a4b855,0x00000000000000000000000048ea81d8db01cc3f551be8ecc8627b5a803eb075,,0xbfe1e0acb38444c4d3e76fddd34e963e9280c13dcb832522e0d8f5080b511873
23140639,2025-08-14 17:02:11.000 UTC,0xa0b86991c6218b36c1d19d4a2e9eb0ce3606eb48,0x,0xffa4e6181777692565cf28528fc88fd1516ea86b56da075235fa575af6a4b855,0x00000000000000000000000048ea81d8db01cc3f551be8ecc8627b5a803eb075,,0xc9267b01dd4e6e9428f4c1cb7b4dece5dea34a3ca04c5b5391bc590fb11193a5
23140644,2025-08-14 17:03:11.000 UTC,0xa0b86991c6218b36c1d19d4a2e9eb0ce3606eb48,0x,0xffa4e6181777692565cf28528fc88fd1516ea86b56da075235fa575af6a4b855,0x000000000000000000000000418949a4a7da9e07192909722072dded8f670d58,,0x36a4212333c36924fc57281178083f1f04689ffcd9aca2bf80b21ce3861b83bd
23140649,2025-08-14 17:04:11.000 UTC,0xa0b86991c6218b36c1d19d4a2e9eb0ce3606eb48,0x,0xffa4e6181777692565cf28528fc88fd1516ea86b56da075235fa575af6a4b855,0x0000000000000000000000007ced75026204ac29c34bea98905d4c949f27361e,,0x688260632f61b670f8147934635d9af4db6a9c1b1b282e23e93a936682fa2357
23183668,2025-08-20 17:05:23.000 UTC,0xa0b86991c6218b36c1d19d4a2e9eb0ce3606eb48,0x,0xffa4e6181777692565cf28528fc88fd1516ea86b56da075235fa575af6a4b855,0x0000000000000000000000003ffb0d9687327b3a2c6e701068dbfd09b46313f7,,0x7897655cf677ea963946a442c13bb2cc389eeb85c607025b68a882868a0e177e
23376678,2025-09-16 15:58:47.000 UTC,0xa0b86991c6218b36c1d19d4a2e9eb0ce3606eb48,0x,0xffa4e6181777692565cf28528fc88fd1516ea86b56da075235fa575af6a4b855,0x000000000000000000000000532b77b33a040587e9fd1800088225f99b8b0e8a,,0xd64389c1b1151a2b8723fe861e08f8f36e84619e56365d8d2e6f3e351a814571
23376682,2025-09-16 15:59:35.000 UTC,0xa0b86991c6218b36c1d19d4a2e9eb0ce3606eb48,0x,0xffa4e6181777692565cf28528fc88fd1516ea86b56da075235fa575af6a4b855,0x000000000000000000000000e3d35f68383732649669aa990832e017340dbca5,,0x9d86178dfad5dc266c9923b8266f53d41dfbdf4cdf255e566ef4b408b80a3336
23376684,2025-09-16 15:59:59.000 UTC,0xa0b86991c6218b36c1d19d4a2e9eb0ce3606eb48,0x,0xffa4e6181777692565cf28528fc88fd1516ea86b56da075235fa575af6a4b855,0x000000000000000000000000f405df57cc3a2df4dd262b6494d76e346ca778f1,,0x802f30175b2788fcd8337791b7a42915b82da5252a73a98545440131ac4111a2
23376691,2025-09-16 16:01:23.000 UTC,0xa0b86991c6218b36c1d19d4a2e9eb0ce3606eb48,0x,0xffa4e6181777692565cf28528fc88fd1516ea86b56da075235fa575af6a4b855,0x000000000000000000000000ab4302cfcf1c2337c1b59af1d23bd97189fe962c,,0x5a12df41e09f736b551d8098974cbbd25ac56fd1a8598c57de4f540988df5244
23376709,2025-09-16 16:04:59.000 UTC,0xa0b86991c6218b36c1d19d4a2e9eb0ce3606eb48,0x,0xffa4e6181777692565cf28528fc88fd1516ea86b56da075235fa575af6a4b855,0x0000000000000000000000009ab7a3e606677ddf6f3538dd4472ec770c282b3e,,0xb1107d038aa4d53fb750352629f8f96dc4a74b96705869c59c3a5d882018f6ff
23376714,2025-09-16 16:05:59.000 UTC,0xa0b86991c6218b36c1d19d4a2e9eb0ce3606eb48,0x,0xffa4e6181777692565cf28528fc88fd1516ea86b56da075235fa575af6a4b855,0x000000000000000000000000db2720ebad55399117ddb4c4a4afd9a4ccada8fe,,0x32f1e71226fbc87816107bcf02a548c6d9910f37110857229af3c8a6f5971725
23376718,2025-09-16 16:06:47.000 UTC,0xa0b86991c6218b36c1d19d4a2e9eb0ce3606eb48,0x,0xffa4e6181777692565cf28528fc88fd1516ea86b56da075235fa575af6a4b855,0x000000000000000000000000ba475bb43ee21013fd14c85e2c74b24bcf5a54c1,,0x0df0765cf98d299f1a9585ac368904c1240671e306813080abb99a8552b57412
23401656,2025-09-20 03:39:59.000 UTC,0xa0b86991c6218b36c1d19d4a2e9eb0ce3606eb48,0x,0xffa4e6181777692565cf28528fc88fd1516ea86b56da075235fa575af6a4b855,0x000000000000000000000000062907a2dc226af2b1155b61a2d82cdb2b8ef86e,,0x0481b02e998003892e6feff8c724eeda9fb9bef751ccbdb90c9a5ffd1c4b35a5
23434109,2025-09-24 16:32:23.000 UTC,0xa0b86991c6218b36c1d19d4a2e9eb0ce3606eb48,0x,0xffa4e6181777692565cf28528fc88fd1516ea86b56da075235fa575af6a4b855,0x000000000000000000000000240fd853e1509a975bd95348d49c923fb0b5d43c,,0x741d7389ef7e1c1ea201b53d53f7294d5c9291d275e1ab57b46f7dbf2805e4ab
23434114,2025-09-24 16:33:23.000 UTC,0xa0b86991c6218b36c1d19d4a2e9eb0ce3606eb48,0x,0xffa4e6181777692565cf28528fc88fd1516ea86b56da075235fa575af6a4b855,0x000000000000000000000000240fd853e1509a975bd95348d49c923fb0b5d43c,,0x9e0c4c8f3207b960966eaa9b1ca4667fab3ade99ff0b694d95b05a19c76c6bbb
23451712,2025-09-27 03:38:35.000 UTC,0xa0b86991c6218b36c1d19d4a2e9eb0ce3606eb48,0x,0xffa4e6181777692565cf28528fc88fd1516ea86b56da075235fa575af6a4b855,0x000000000000000000000000f4a8a04536d7590d62eb6d20a97db05b9e641a32,,0xee115e1ef0b3ce507aa7f119d711c0a0fecd2e241ec1fbc8328b1723b3ab56de
23547425,2025-10-10 12:46:47.000 UTC,0xa0b86991c6218b36c1d19d4a2e9eb0ce3606eb48,0x,0xffa4e6181777692565cf28528fc88fd1516ea86b56da075235fa575af6a4b855,0x000000000000000000000000e9d67c08eb4607f55375c42032f2e9e0979b0da0,,0xc052d38a35ad97a9e150bc16b6097b17f8fccd74f49e371c787dcaaae3b10387
23547429,2025-10-10 12:47:35.000 UTC,0xa0b86991c6218b36c1d19d4a2e9eb0ce3606eb48,0x,0xffa4e6181777692565cf28528fc88fd1516ea86b56da075235fa575af6a4b855,0x000000000000000000000000e9d67c08eb4607f55375c42032f2e9e0979b0da0,,0xf3f6a3b70c1f95c323b851a70a745700b52359c11fa2173ac03f5f2a7cfa9776
23547430,2025-10-10 12:47:47.000 UTC,0xa0b86991c6218b36c1d19d4a2e9eb0ce3606eb48,0x,0xffa4e6181777692565cf28528fc88fd1516ea86b56da075235fa575af6a4b855,0x000000000000000000000000995135faa6fec4a2901503d731ba8abf2fcd0a28,,0x738f1700e17abeeca0343d01e41b70fd6f1bb741d61fedf9007f0f1e259c8ed8
23547435,2025-10-10 12:48:47.000 UTC,0xa0b86991c6218b36c1d19d4a2e9eb0ce3606eb48,0x,0xffa4e6181777692565cf28528fc88fd1516ea86b56da075235fa575af6a4b855,0x0000000000000000000000009b2a4fd4373ec0e5218395eb8f7116600c43a494,,0x978daca7a758023d5fb1f6921f6055d246ad246fdc2af1271874c5180188ee0e
23547440,2025-10-10 12:49:47.000 UTC,0xa0b86991c6218b36c1d19d4a2e9eb0ce3606eb48,0x,0xffa4e6181777692565cf28528fc88fd1516ea86b56da075235fa575af6a4b855,0x0000000000000000000000009b2a4fd4373ec0e5218395eb8f7116600c43a494,,0x8c143a242afbb612dfd9b71ca1f26fc76bac4d55f31b0be77dd83c84a630bb70
23547444,2025-10-10 12:50:35.000 UTC,0xa0b86991c6218b36c1d19d4a2e9eb0ce3606eb48,0x,0xffa4e6181777692565cf28528fc88fd1516ea86b56da075235fa575af6a4b855,0x0000000000000000000000009b2a4fd4373ec0e5218395eb8f7116600c43a494,,0x549bc106d5725b1ad787b4a27787fe5c1360451538c40d7357b1a06b41c208db
23572575,2025-10-14 01:10:23.000 UTC,0xa0b86991c6218b36c1d19d4a2e9eb0ce3606eb48,0x,0xffa4e6181777692565cf28528fc88fd1516ea86b56da075235fa575af6a4b855,0x0000000000000000000000001c453fd449356e07661372859b7d6a6591987f72,,0xcbcc2eebbc112d6bb017e6dcc1571015f47f8c7f4390f004a43d33b888c3bd38
23572580,2025-10-14 01:11:23.000 UTC,0xa0b86991c6218b36c1d19d4a2e9eb0ce3606eb48,0x,0xffa4e6181777692565cf28528fc88fd1516ea86b56da075235fa575af6a4b855,0x000000000000000000000000a0168e235ac6f2b9fca3d2f2e8461785b89facb6,,0xb5a209d0fb511b64b76be1d33b6275145573a27eca915150a4e8a70115602e7e
23572585,2025-10-14 01:12:23.000 UTC,0xa0b86991c6218b36c1d19d4a2e9eb0ce3606eb48,0x,0xffa4e6181777692565cf28528fc88fd1516ea86b56da075235fa575af6a4b855,0x0000000000000000000000005edf5716ceba7a7e8ad9a2a43c491b2a429193ae,,0x0e6751b4acedad435bd691a268bdc6a61f7b40fa065032a374675c8c87edadf9
23572590,2025-10-14 01:13:23.000 UTC,0xa0b86991c6218b36c1d19d4a2e9eb0ce3606eb48,0x,0xffa4e6181777692565cf28528fc88fd1516ea86b56da075235fa575af6a4b855,0x000000000000000000000000a1eaf29f7a661b499703246fc2376ce7e69badf7,,0xdfe47620a4d0a0aa8e17e111492490c18eea2b64dcd8648788165177282ff2fd
23578030,2025-10-14 19:29:35.000 UTC,0xa0b86991c6218b36c1d19d4a2e9eb0ce3606eb48,0x,0xffa4e6181777692565cf28528fc88fd1516ea86b56da075235fa575af6a4b855,0x0000000000000000000000002a4ff8bc97d3faef20ca9aa3c8dac93450695434,,0x8b2bcd84f721dd313b5e1473ec0d972f4dfa553e8f919f03bfb25f0aee321cc3
23578033,2025-10-14 19:30:11.000 UTC,0xa0b86991c6218b36c1d19d4a2e9eb0ce3606eb48,0x,0xffa4e6181777692565cf28528fc88fd1516ea86b56da075235fa575af6a4b855,0x000000000000000000000000d599ac04a1c786972b81e0fef6fb0c3e7b52f8a7,,0x3bcc7e5b888e9ec104eb6d354ffb3dfe47668ef7b8a14a960e9496a665fe12ce
23578040,2025-10-14 19:31:35.000 UTC,0xa0b86991c6218b36c1d19d4a2e9eb0ce3606eb48,0x,0xffa4e6181777692565cf28528fc88fd1516ea86b56da075235fa575af6a4b855,0x000000000000000000000000ae05eb856cb28c156d9722094f5eefd5693bc181,,0x0d8ae2c9ec1466ede540e4ba5ddc179589a3d239fef4f071355923772129ba39
23578043,2025-10-14 19:32:11.000 UTC,0xa0b86991c6218b36c1d19d4a2e9eb0ce3606eb48,0x,0xffa4e6181777692565cf28528fc88fd1516ea86b56da075235fa575af6a4b855,0x000000000000000000000000500aa554ed27a6c94fe0d5eb5df3482b528a5efe,,0x3b50821dc05332182a45b1b8a2b0602d25b38bf698b06a0882033c89215c6286
23600382,2025-10-17 22:31:47.000 UTC,0xa0b86991c6218b36c1d19d4a2e9eb0ce3606eb48,0x,0x117e3210bb9aa7d9baff172026820255c6f6c30ba8999d1c2fd88e2848137c4e,0x0000000000000000000000005edf5716ceba7a7e8ad9a2a43c491b2a429193ae,,0x0ef033f709c4bad5a8471e0f9620f60bf510f0dbce9860b49c4638e30171d560
23600387,2025-10-17 22:32:47.000 UTC,0xa0b86991c6218b36c1d19d4a2e9eb0ce3606eb48,0x,0x117e3210bb9aa7d9baff172026820255c6f6c30ba8999d1c2fd88e2848137c4e,0x000000000000000000000000a0168e235ac6f2b9fca3d2f2e8461785b89facb6,,0x58d8ad34199ce8f4cfd7b1d89debbf5d740c22d91ef7054afbc75356a8dfda67
23600392,2025-10-17 22:33:47.000 UTC,0xa0b86991c6218b36c1d19d4a2e9eb0ce3606eb48,0x,0x117e3210bb9aa7d9baff172026820255c6f6c30ba8999d1c2fd88e2848137c4e,0x0000000000000000000000001c453fd449356e07661372859b7d6a6591987f72,,0xe192a586fb1a16c824d6bc8339e152a5bd471729dce9a5befdfa92fda0b13025
23600397,2025-10-17 22:34:47.000 UTC,0xa0b86991c6218b36c1d19d4a2e9eb0ce3606eb48,0x,0x117e3210bb9aa7d9baff172026820255c6f6c30ba8999d1c2fd88e2848137c4e,0x000000000000000000000000a1eaf29f7a661b499703246fc2376ce7e69badf7,,0x2313ed6fd5f567c5705a4382c066be20a017b2665da43d2b17f1b7e5478cc13b
23623104,2025-10-21 02:54:23.000 UTC,0xa0b86991c6218b36c1d19d4a2e9eb0ce3606eb48,0x,0xffa4e6181777692565cf28528fc88fd1516ea86b56da075235fa575af6a4b855,0x0000000000000000000000006627b98c99e996caa10d0708fa79bdedd21a93d5,,0xf3c4409f3807630eb0322ef2cc40f823cfa9d5933b70381894a400710b9e3415
23623109,2025-10-21 02:55:23.000 UTC,0xa0b86991c6218b36c1d19d4a2e9eb0ce3606eb48,0x,0xffa4e6181777692565cf28528fc88fd1516ea86b56da075235fa575af6a4b855,0x0000000000000000000000006627b98c99e996caa10d0708fa79bdedd21a93d5,,0xbc8674e0ca264088cda5ff6c2b67bc846fe42aeb60e13cbf4dcfd1b7a4d32c16
23623114,2025-10-21 02:56:23.000 UTC,0xa0b86991c6218b36c1d19d4a2e9eb0ce3606eb48,0x,0xffa4e6181777692565cf28528fc88fd1516ea86b56da075235fa575af6a4b855,0x0000000000000000000000006627b98c99e996caa10d0708fa79bdedd21a93d5,,0xb815d1950ec04caa2f82f9014c3f084e0ccd7922d8998e3b1ba07deb430342f5
23623119,2025-10-21 02:57:23.000 UTC,0xa0b86991c6218b36c1d19d4a2e9eb0ce3606eb48,0x,0xffa4e6181777692565cf28528fc88fd1516ea86b56da075235fa575af6a4b855,0x0000000000000000000000006627b98c99e996caa10d0708fa79bdedd21a93d5,,0x48b1b30e7c279f3d997679b16691acc997e679b14bb702a0caea145d703b6369
23623124,2025-10-21 02:58:23.000 UTC,0xa0b86991c6218b36c1d19d4a2e9eb0ce3606eb48,0x,0xffa4e6181777692565cf28528fc88fd1516ea86b56da075235fa575af6a4b855,0x0000000000000000000000006627b98c99e996caa10d0708fa79bdedd21a93d5,,0x39db3efbafcfa294a7efe64df88abb9a5f2bdb800569080843453aad7aa9747a
23649778,2025-10-24 20:42:23.000 UTC,0xa0b86991c6218b36c1d19d4a2e9eb0ce3606eb48,0x,0xffa4e6181777692565cf28528fc88fd1516ea86b56da075235fa575af6a4b855,0x00000000000000000000000003e1dfd01a7b29858b894842028fbeb9e7ebd45d,,0xb65a973690c9c44fb9f64f260b577024969ef701cbf210b39c5bdc9825ec7f72
23685269,2025-10-29 19:54:59.000 UTC,0xa0b86991c6218b36c1d19d4a2e9eb0ce3606eb48,0x,0xffa4e6181777692565cf28528fc88fd1516ea86b56da075235fa575af6a4b855,0x000000000000000000000000c79fa8c6ba8defef8d811de003d15219cb1564fd,,0xa17fbee45ed49827f60e0312e057f9fb14df10eaf864b7c098b820997d86a5f2
23685730,2025-10-29 21:27:59.000 UTC,0xa0b86991c6218b36c1d19d4a2e9eb0ce3606eb48,0x,0xffa4e6181777692565cf28528fc88fd1516ea86b56da075235fa575af6a4b855,0x000000000000000000000000a772bdd20209202600860720fd2f235dc92bfc3b,,0xcb1c66028f30f481ef3371ccda24b372b26796192a8a705e2b4b1ec798c960f3
23700819,2025-11-01 00:10:35.000 UTC,0xa0b86991c6218b36c1d19d4a2e9eb0ce3606eb48,0x,0xffa4e6181777692565cf28528fc88fd1516ea86b56da075235fa575af6a4b855,0x0000000000000000000000007d01ef362822856c1e1d094f6a4b0c1b08256a85,,0x2a892f2b6963cc5703409a3e8a55833eebd23ce42ad3db8ae4dd032f3795ee07
23727407,2025-11-04 17:20:59.000 UTC,0xa0b86991c6218b36c1d19d4a2e9eb0ce3606eb48,0x,0xffa4e6181777692565cf28528fc88fd1516ea86b56da075235fa575af6a4b855,0x00000000000000000000000000be5e0c85be35948d97ad37f62d108243f89ae0,,0x0605d932bbd575cfba37fd6ea8fe937dc09bc56866eaf5297cef29f32753584b
23727412,2025-11-04 17:21:59.000 UTC,0xa0b86991c6218b36c1d19d4a2e9eb0ce3606eb48,0x,0xffa4e6181777692565cf28528fc88fd1516ea86b56da075235fa575af6a4b855,0x00000000000000000000000000bf03f87539214307207c61b7f729ddc22977b8,,0x785fa2873e2059737a355a7311a9c812e1aca12c036032f68e1a3c5230ad736b
23727422,2025-11-04 17:23:59.000 UTC,0xa0b86991c6218b36c1d19d4a2e9eb0ce3606eb48,0x,0xffa4e6181777692565cf28528fc88fd1516ea86b56da075235fa575af6a4b855,0x00000000000000000000000055ef531216bd8077fb1acb8e61be532214b33b76,,0x816feeea90d0cef912b6c78113ffd83189adbb2d45078562ce43b83ed5dc5218
23727424,2025-11-04 17:24:23.000 UTC,0xa0b86991c6218b36c1d19d4a2e9eb0ce3606eb48,0x,0xffa4e6181777692565cf28528fc88fd1516ea86b56da075235fa575af6a4b855,0x000000000000000000000000596ac03ba123b802325bf62ceff98e5608ac48e9,,0xed1497ad5706bd0f9a33f95952811858c308e8f3bcae12b37dbb3898d9b764de
23727426,2025-11-04 17:24:47.000 UTC,0xa0b86991c6218b36c1d19d4a2e9eb0ce3606eb48,0x,0xffa4e6181777692565cf28528fc88fd1516ea86b56da075235fa575af6a4b855,0x00000000000000000000000080865644f47925223c7e12014e9b11f0f05212bc,,0x0c60d3673686527637816045c8c3de8982261f65f32ecfa80f771bbbfda13fbc
23727428,2025-11-04 17:25:11.000 UTC,0xa0b86991c6218b36c1d19d4a2e9eb0ce3606eb48,0x,0xffa4e6181777692565cf28528fc88fd1516ea86b56da075235fa575af6a4b855,0x00000000000000000000000000bf03f87539214307207c61b7f729ddc22977b8,,0xd3910ea5ce5a6db773d3ceee472a37a6592a64f88f5294abe0f2d5e334f6971a
23727431,2025-11-04 17:25:47.000 UTC,0xa0b86991c6218b36c1d19d4a2e9eb0ce3606eb48,0x,0xffa4e6181777692565cf28528fc88fd1516ea86b56da075235fa575af6a4b855,0x0000000000000000000000005042cca9d00c44733ebaf550851b9a65cc98d58f,,0xf010cf54a4258efc8945f64dc258417466d1c5ab5a956c477ee335d89e4fdd33
23727433,2025-11-04 17:26:11.000 UTC,0xa0b86991c6218b36c1d19d4a2e9eb0ce3606eb48,0x,0xffa4e6181777692565cf28528fc88fd1516ea86b56da075235fa575af6a4b855,0x00000000000000000000000080865644f47925223c7e12014e9b11f0f05212bc,,0x4cd42bae30434266db659a0f1dac779cd576ce94e1bfe85853bcb40c105201b7
23727435,2025-11-04 17:26:35.000 UTC,0xa0b86991c6218b36c1d19d4a2e9eb0ce3606eb48,0x,0xffa4e6181777692565cf28528fc88fd1516ea86b56da075235fa575af6a4b855,0x00000000000000000000000095a603c86ec4a585e4359d1f07e6949567491fc9,,0xb0d30db52f5f0d4bed3c0f940715bb232dd9f30e1a185e06b4d79e70d3ae11a5
23727436,2025-11-04 17:26:47.000 UTC,0xa0b86991c6218b36c1d19d4a2e9eb0ce3606eb48,0x,0xffa4e6181777692565cf28528fc88fd1516ea86b56da075235fa575af6a4b855,0x0000000000000000000000005263b1aa550f70bd9753ec558c631eaadd2ae98c,,0xf3d95b1dfddfb8d6c57fc3f08fc626332e2d8a63e4042e5214654c244e31856e
23727438,2025-11-04 17:27:11.000 UTC,0xa0b86991c6218b36c1d19d4a2e9eb0ce3606eb48,0x,0xffa4e6181777692565cf28528fc88fd1516ea86b56da075235fa575af6a4b855,0x00000000000000000000000055ef531216bd8077fb1acb8e61be532214b33b76,,0x50d085f13fcd700496a786e5f367927e27e1b5699fab289a521e0dfe3338d221
23727440,2025-11-04 17:27:35.000 UTC,0xa0b86991c6218b36c1d19d4a2e9eb0ce3606eb48,0x,0xffa4e6181777692565cf28528fc88fd1516ea86b56da075235fa575af6a4b855,0x00000000000000000000000010df38a923a660965d098f24a618b0d1b5d99cba,,0x983ec0eb72598d5355040b4dbc7e329feecce6e40dc86b138356fa3f3a6eb29c
23727441,2025-11-04 17:27:47.000 UTC,0xa0b86991c6218b36c1d19d4a2e9eb0ce3606eb48,0x,0xffa4e6181777692565cf28528fc88fd1516ea86b56da075235fa575af6a4b855,0x0000000000000000000000000d1891dd69efe614918e989b5ebd68d6e5f18ff5,,0x4cd45a9e993bf0aeb58e7630422096c7ff4e6e8cc3422afa057787afd39d580a
23727442,2025-11-04 17:27:59.000 UTC,0xa0b86991c6218b36c1d19d4a2e9eb0ce3606eb48,0x,0xffa4e6181777692565cf28528fc88fd1516ea86b56da075235fa575af6a4b855,0x0000000000000000000000005263b1aa550f70bd9753ec558c631eaadd2ae98c,,0xc42d8da1619cbdab74e7f731c0560bf237ea5870d5c3e66a72e83f19783d0562
23727449,2025-11-04 17:29:23.000 UTC,0xa0b86991c6218b36c1d19d4a2e9eb0ce3606eb48,0x,0xffa4e6181777692565cf28528fc88fd1516ea86b56da075235fa575af6a4b855,0x00000000000000000000000015a68a9ffa2a94bdad8468d93af4db24251af772,,0x8de678333bd4072e46f06f34500a0929a84d11a12986a2bcb0d4e992d94efc90
23727455,2025-11-04 17:30:35.000 UTC,0xa0b86991c6218b36c1d19d4a2e9eb0ce3606eb48,0x,0xffa4e6181777692565cf28528fc88fd1516ea86b56da075235fa575af6a4b855,0x000000000000000000000000171f95410bc65dfc8549c287cd475dc8b82df192,,0x6f46322a2b0e0836f4e4e7eae3cc2e9127d7cf29b70b398248515c15e09bd8b5
23727458,2025-11-04 17:31:11.000 UTC,0xa0b86991c6218b36c1d19d4a2e9eb0ce3606eb48,0x,0xffa4e6181777692565cf28528fc88fd1516ea86b56da075235fa575af6a4b855,0x000000000000000000000000114074ff655d0643a4ff70411ffca618cb7edca1,,0x4576520fc1ffef416240e94ca371bd214fb2d0015a828bd9ea629ac7d48ca7e9
23727464,2025-11-04 17:32:23.000 UTC,0xa0b86991c6218b36c1d19d4a2e9eb0ce3606eb48,0x,0xffa4e6181777692565cf28528fc88fd1516ea86b56da075235fa575af6a4b855,0x000000000000000000000000117bb0cfee7ce8f842967537fbcd92fc504d68ab,,0xdd28f213c26dcc726a699f8bb3bf9d619a7c997ec585e6ddb72281b6292df712
23727468,2025-11-04 17:33:11.000 UTC,0xa0b86991c6218b36c1d19d4a2e9eb0ce3606eb48,0x,0xffa4e6181777692565cf28528fc88fd1516ea86b56da075235fa575af6a4b855,0x00000000000000000000000017fff4f3364fa6dfa25cf37bebbff62bc47232f7,,0xe9054764b09ce1ed84801dc1e40892851c98a690e2c197d24342e77bcb9d7114
23727480,2025-11-04 17:35:35.000 UTC,0xa0b86991c6218b36c1d19d4a2e9eb0ce3606eb48,0x,0xffa4e6181777692565cf28528fc88fd1516ea86b56da075235fa575af6a4b855,0x0000000000000000000000002cbd0ba5b15bde90d5252d8ac1ed2aa121d2d62a,,0x7fe1bc64828eba417e6a72f97204abadfe9567f4aaf0c68c52967e76e91ab68e
23727488,2025-11-04 17:37:11.000 UTC,0xa0b86991c6218b36c1d19d4a2e9eb0ce3606eb48,0x,0xffa4e6181777692565cf28528fc88fd1516ea86b56da075235fa575af6a4b855,0x0000000000000000000000002547ad3f4b0d37881101885addd1cedf753af9aa,,0x0c63e03fff79873daaf646ab57d3a3ab92aacf613d5f1da66e13b94f3ac57fb4
23727497,2025-11-04 17:38:59.000 UTC,0xa0b86991c6218b36c1d19d4a2e9eb0ce3606eb48,0x,0xffa4e6181777692565cf28528fc88fd1516ea86b56da075235fa575af6a4b855,0x00000000000000000000000040813812bb5a22be798d7f4cf227a584f4f87bc9,,0x55a7120c9d901af513e247072666a7b6bee915042c414d8b35f90860d21d7d81
23727500,2025-11-04 17:39:35.000 UTC,0xa0b86991c6218b36c1d19d4a2e9eb0ce3606eb48,0x,0xffa4e6181777692565cf28528fc88fd1516ea86b56da075235fa575af6a4b855,0x00000000000000000000000037cefc817a4582773b26835910127ba24f284bb4,,0xe0ca96e5ac063f37e9f90a1c5543466102efd2e41bd8eb3797f6a1570c08bb2f
23727507,2025-11-04 17:40:59.000 UTC,0xa0b86991c6218b36c1d19d4a2e9eb0ce3606eb48,0x,0xffa4e6181777692565cf28528fc88fd1516ea86b56da075235fa575af6a4b855,0x0000000000000000000000003e0c892556da529a0c03a28f763964bdf25ca88c,,0x017ddce54cc66b69d2434c9d137a119df43ecf9eb1ff9c4992e2bd7d5b37e210
23727509,2025-11-04 17:41:23.000 UTC,0xa0b86991c6218b36c1d19d4a2e9eb0ce3606eb48,0x,0xffa4e6181777692565cf28528fc88fd1516ea86b56da075235fa575af6a4b855,0x00000000000000000000000037cefc817a4582773b26835910127ba24f284bb4,,0xdb51b74dea8f4e1dfe82052835780e07bd9863a818500126bd2b4afb6ad7bdae
23727515,2025-11-04 17:42:35.000 UTC,0xa0b86991c6218b36c1d19d4a2e9eb0ce3606eb48,0x,0xffa4e6181777692565cf28528fc88fd1516ea86b56da075235fa575af6a4b855,0x00000000000000000000000045afe4b7e98b6ef450e7b5f53bc1763f3be83e69,,0x1d90e5a8866ca8997e91ad2fc075f3c004ad69f2715e384ce764758e24e1d2aa
23727516,2025-11-04 17:42:47.000 UTC,0xa0b86991c6218b36c1d19d4a2e9eb0ce3606eb48,0x,0xffa4e6181777692565cf28528fc88fd1516ea86b56da075235fa575af6a4b855,0x0000000000000000000000003e0c892556da529a0c03a28f763964bdf25ca88c,,0x394f086b9933cafef4b24ff649918aef2105353f516fed086d02562ae7affabf
23727523,2025-11-04 17:44:11.000 UTC,0xa0b86991c6218b36c1d19d4a2e9eb0ce3606eb48,0x,0xffa4e6181777692565cf28528fc88fd1516ea86b56da075235fa575af6a4b855,0x00000000000000000000000044888f0a128a21872c38aa44bede1e31137ba85f,,0xf47b1e3bf240fc8ae227ebede2f1214f4ca7e7cc57d92802ce60a59e7ecaeb5c
23727524,2025-11-04 17:44:23.000 UTC,0xa0b86991c6218b36c1d19d4a2e9eb0ce3606eb48,0x,0xffa4e6181777692565cf28528fc88fd1516ea86b56da075235fa575af6a4b855,0x00000000000000000000000045afe4b7e98b6ef450e7b5f53bc1763f3be83e69,,0x0f0e1bbb6be93ef18750df984b1430133881be2d39deba508c84c91543bb70a2
23727525,2025-11-04 17:44:35.000 UTC,0xa0b86991c6218b36c1d19d4a2e9eb0ce3606eb48,0x,0xffa4e6181777692565cf28528fc88fd1516ea86b56da075235fa575af6a4b855,0x000000000000000000000000412e673fb7cce4e031b9a02277b1aeb599f62bc1,,0x8fa3dd761aeddcc4678c2722739c5556a6896585286108443e02c4e9bc954270
23727538,2025-11-04 17:47:11.000 UTC,0xa0b86991c6218b36c1d19d4a2e9eb0ce3606eb48,0x,0xffa4e6181777692565cf28528fc88fd1516ea86b56da075235fa575af6a4b855,0x0000000000000000000000004b1d7ad9f0cbff66d194ba1e9f0da31635f23f0e,,0xd1b9c005562d392e73a09d550c9f06fdddfee0fc595dc62b2130d65343b5f576
23727545,2025-11-04 17:48:35.000 UTC,0xa0b86991c6218b36c1d19d4a2e9eb0ce3606eb48,0x,0xffa4e6181777692565cf28528fc88fd1516ea86b56da075235fa575af6a4b855,0x00000000000000000000000046ccbcaf10b406a85a412ab713ad451caef9a950,,0x7c9871eace4258f36402f9e127b052dac9c7b3f86a6ca58438f98c95a6014e19
23727547,2025-11-04 17:48:59.000 UTC,0xa0b86991c6218b36c1d19d4a2e9eb0ce3606eb48,0x,0xffa4e6181777692565cf28528fc88fd1516ea86b56da075235fa575af6a4b855,0x00000000000000000000000045fc0d462a6473905024a10f756feadf8e6c2d08,,0x15838946910c285031590761be0c97698b2f04497cac747142cb3b1537ebdb90
23727565,2025-11-04 17:52:35.000 UTC,0xa0b86991c6218b36c1d19d4a2e9eb0ce3606eb48,0x,0xffa4e6181777692565cf28528fc88fd1516ea86b56da075235fa575af6a4b855,0x000000000000000000000000491e68c8464e39723c304aef5cea9543f37ee607,,0x8bcbec542c381e2c23565017aa0b4f774199bd2de253c7173626c4f3a274ccd2
23727575,2025-11-04 17:54:35.000 UTC,0xa0b86991c6218b36c1d19d4a2e9eb0ce3606eb48,0x,0xffa4e6181777692565cf28528fc88fd1516ea86b56da075235fa575af6a4b855,0x0000000000000000000000007b7f0d8f53e16faee4cf90aedf50c7073f17beff,,0x641660c09c8c54509c8b42a826a5044d474631e57cbcf0c5339d8c52e13775b3
23727592,2025-11-04 17:57:59.000 UTC,0xa0b86991c6218b36c1d19d4a2e9eb0ce3606eb48,0x,0xffa4e6181777692565cf28528fc88fd1516ea86b56da075235fa575af6a4b855,0x00000000000000000000000080d658d0d767de04a4379fee4a2fdf10d9bfbf03,,0x437fc13a75c2aeeba8bf4f6b30b152c36e4c5585d6c0beb12930364432f6fef7
23727596,2025-11-04 17:58:59.000 UTC,0xa0b86991c6218b36c1d19d4a2e9eb0ce3606eb48,0x,0xffa4e6181777692565cf28528fc88fd1516ea86b56da075235fa575af6a4b855,0x0000000000000000000000004fa8b02fd04a8ed74b2c77d7efdfffbcc884e3f2,,0xc11029e63e6e30fa63b7da473ea9bc6f4e730fa9b52d7707cc5f8fe5bb8a172a
23727598,2025-11-04 17:59:23.000 UTC,0xa0b86991c6218b36c1d19d4a2e9eb0ce3606eb48,0x,0xffa4e6181777692565cf28528fc88fd1516ea86b56da075235fa575af6a4b855,0x00000000000000000000000072a2fc69c5a3025d9d79bb01335860aaf2a4a948,,0x2504d51e79ee0358b1d3c3ed174602f2ce625bec6b4df3084d9a1eb5d8b7b7be
23727600,2025-11-04 17:59:47.000 UTC,0xa0b86991c6218b36c1d19d4a2e9eb0ce3606eb48,0x,0xffa4e6181777692565cf28528fc88fd1516ea86b56da075235fa575af6a4b855,0x0000000000000000000000005a1ca8328b9da53c6c11c8745ea8da29a9cd36c1,,0xd88b74c98053aef252d4b2f619e367386d9a7351d193fea4ed87dbb9b49f522f
23727606,2025-11-04 18:00:59.000 UTC,0xa0b86991c6218b36c1d19d4a2e9eb0ce3606eb48,0x,0xffa4e6181777692565cf28528fc88fd1516ea86b56da075235fa575af6a4b855,0x0000000000000000000000004fa8b02fd04a8ed74b2c77d7efdfffbcc884e3f2,,0x64d60cba0abb1d143d8a41770fa6b4fb8e6fc26e013b7ce092c40b43c94b6a9c
23727610,2025-11-04 18:01:47.000 UTC,0xa0b86991c6218b36c1d19d4a2e9eb0ce3606eb48,0x,0xffa4e6181777692565cf28528fc88fd1516ea86b56da075235fa575af6a4b855,0x0000000000000000000000005a1ca8328b9da53c6c11c8745ea8da29a9cd36c1,,0x593eccf9d1ad3cd455e50e7893ec1b05bd144255c6ccf570a6007bac580c4015
23727621,2025-11-04 18:03:59.000 UTC,0xa0b86991c6218b36c1d19d4a2e9eb0ce3606eb48,0x,0xffa4e6181777692565cf28528fc88fd1516ea86b56da075235fa575af6a4b855,0x0000000000000000000000005a1ca8328b9da53c6c11c8745ea8da29a9cd36c1,,0x9eb2ebef940e88d2acc622604afe423e81f6dc470041155f8667bea0658d6e87
23727641,2025-11-04 18:08:11.000 UTC,0xa0b86991c6218b36c1d19d4a2e9eb0ce3606eb48,0x,0xffa4e6181777692565cf28528fc88fd1516ea86b56da075235fa575af6a4b855,0x000000000000000000000000932dbae7c0493923c2643efc52b9faadfc3109a6,,0x1e08a2219ad22ee37db7ff5c8de6bd0f4125bb503b0dfacc34b0bb539ff3e29b
23727643,2025-11-04 18:08:35.000 UTC,0xa0b86991c6218b36c1d19d4a2e9eb0ce3606eb48,0x,0xffa4e6181777692565cf28528fc88fd1516ea86b56da075235fa575af6a4b855,0x000000000000000000000000919d585e07ab0926832753eb43fd6fb2b8488051,,0xdd292868cd4ecd94f8718d83ea7dd08d2061763d9dc71d9d545ad14d201a8eba
23727653,2025-11-04 18:10:35.000 UTC,0xa0b86991c6218b36c1d19d4a2e9eb0ce3606eb48,0x,0xffa4e6181777692565cf28528fc88fd1516ea86b56da075235fa575af6a4b855,0x0000000000000000000000009d6350f74c811ca9e9c9adc35227a1193d5984b0,,0x6a55ba577fde16c53d006c0da4b5fd4cdc20c60afa1c280e1041b42d5c27e2fa
23727658,2025-11-04 18:11:35.000 UTC,0xa0b86991c6218b36c1d19d4a2e9eb0ce3606eb48,0x,0xffa4e6181777692565cf28528fc88fd1516ea86b56da075235fa575af6a4b855,0x00000000000000000000000097a582fff8b54e501f584dcd828fd1200f6f9e6b,,0xebc0df1e74441e1d822b7524bbf05acb91f5e31ae2d9505d3b5670c6fee5eae9
23727660,2025-11-04 18:11:59.000 UTC,0xa0b86991c6218b36c1d19d4a2e9eb0ce3606eb48,0x,0xffa4e6181777692565cf28528fc88fd1516ea86b56da075235fa575af6a4b855,0x000000000000000000000000ad0fd006d311c33da60c180603316a813a3f68d4,,0x99e86aaefcccad978b44a60eea406bc2cd18161f617b5c9a98d877eb18ff71da
23727669,2025-11-04 18:13:47.000 UTC,0xa0b86991c6218b36c1d19d4a2e9eb0ce3606eb48,0x,0xffa4e6181777692565cf28528fc88fd1516ea86b56da075235fa575af6a4b855,0x00000000000000000000000097a582fff8b54e501f584dcd828fd1200f6f9e6b,,0xb4d3be3b276b5682250a73ad10c5e1b515a01644ff5dbd7abc162902e98ff72d
23727692,2025-11-04 18:18:23.000 UTC,0xa0b86991c6218b36c1d19d4a2e9eb0ce3606eb48,0x,0xffa4e6181777692565cf28528fc88fd1516ea86b56da075235fa575af6a4b855,0x000000000000000000000000c014eb917fb0689844b31347c7556c18a319bbbf,,0x9c48823f98a4b54169e6a85d2708e610d01d6cfea72e1502515fbaceec5bd216
23727693,2025-11-04 18:18:35.000 UTC,0xa0b86991c6218b36c1d19d4a2e9eb0ce3606eb48,0x,0xffa4e6181777692565cf28528fc88fd1516ea86b56da075235fa575af6a4b855,0x000000000000000000000000da9809eaca62c7d52978045007f26817c425875f,,0x9fdf77f0b0d0358479bbe8877cdd77cb68f8b076a50ea789ed761612a2dc54fc
23727696,2025-11-04 18:19:11.000 UTC,0xa0b86991c6218b36c1d19d4a2e9eb0ce3606eb48,0x,0xffa4e6181777692565cf28528fc88fd1516ea86b56da075235fa575af6a4b855,0x000000000000000000000000d3301fc40c118a14ba8c15370e6dd3746656d287,,0xc9f36e50c3e1c01c688114f4771ce053b685ce6149c931d8d56eb1d3361c056a
23727701,2025-11-04 18:20:11.000 UTC,0xa0b86991c6218b36c1d19d4a2e9eb0ce3606eb48,0x,0xffa4e6181777692565cf28528fc88fd1516ea86b56da075235fa575af6a4b855,0x000000000000000000000000a4e740b001ea51cd90988b19cfb9da7a52e91c47,,0xb00d3d44d8e1539b81dee80f03b04be5dbb1851cf1c94db7a73490c0189c6b62
23727708,2025-11-04 18:21:35.000 UTC,0xa0b86991c6218b36c1d19d4a2e9eb0ce3606eb48,0x,0xffa4e6181777692565cf28528fc88fd1516ea86b56da075235fa575af6a4b855,0x000000000000000000000000da9809eaca62c7d52978045007f26817c425875f,,0x22b61d20832603dd9134916eea7cd115af08d5f68d033615b77911f6f70d9fc0
23727709,2025-11-04 18:21:47.000 UTC,0xa0b86991c6218b36c1d19d4a2e9eb0ce3606eb48,0x,0xffa4e6181777692565cf28528fc88fd1516ea86b56da075235fa575af6a4b855,0x000000000000000000000000a4e740b001ea51cd90988b19cfb9da7a52e91c47,,0x889bf4fbaf76127968642986fddd73047f504b76c600315f6b034408d6883d91
23727718,2025-11-04 18:23:35.000 UTC,0xa0b86991c6218b36c1d19d4a2e9eb0ce3606eb48,0x,0xffa4e6181777692565cf28528fc88fd1516ea86b56da075235fa575af6a4b855,0x000000000000000000000000fc3def4dc3bac88f7e80d53c2499a02d65ae7e66,,0x2baa95f8d517290c671886b0372b77d1ce0cf21eecbdb4e9f5baae530649f6c5
23727719,2025-11-04 18:23:47.000 UTC,0xa0b86991c6218b36c1d19d4a2e9eb0ce3606eb48,0x,0xffa4e6181777692565cf28528fc88fd1516ea86b56da075235fa575af6a4b855,0x000000000000000000000000e61c235a51cf48a554c60005d936d424d0d76397,,0x94aadd1638ab15a1c5c300d30076c56a66b18e0cffbaafbba2cf62cb22a478ca
23727721,2025-11-04 18:24:11.000 UTC,0xa0b86991c6218b36c1d19d4a2e9eb0ce3606eb48,0x,0xffa4e6181777692565cf28528fc88fd1516ea86b56da075235fa575af6a4b855,0x000000000000000000000000da9809eaca62c7d52978045007f26817c425875f,,0xe8d438a1c7b14cae2ce1768a526039f828234de7b3539458df3e6699c4d9d0cf
23727731,2025-11-04 18:26:11.000 UTC,0xa0b86991c6218b36c1d19d4a2e9eb0ce3606eb48,0x,0xffa4e6181777692565cf28528fc88fd1516ea86b56da075235fa575af6a4b855,0x000000000000000000000000fc3def4dc3bac88f7e80d53c2499a02d65ae7e66,,0x1b7c79e8c4c2ec4dc2d63ac56ed52949d90574d9271ff7605ec74b8912e8cc08
23727738,2025-11-04 18:27:35.000 UTC,0xa0b86991c6218b36c1d19d4a2e9eb0ce3606eb48,0x,0xffa4e6181777692565cf28528fc88fd1516ea86b56da075235fa575af6a4b855,0x000000000000000000000000ed5324b5482a3eef2eb4263d1c386d86bfda5d4b,,0xfd1d75305d023b0711bcc67ee03a1651b7a9320b2218cd54668cec15d41c8581
23727741,2025-11-04 18:28:11.000 UTC,0xa0b86991c6218b36c1d19d4a2e9eb0ce3606eb48,0x,0xffa4e6181777692565cf28528fc88fd1516ea86b56da075235fa575af6a4b855,0x000000000000000000000000c95b0eaad3ed1c1505fc9b1a50c160afe3594036,,0xd95534db12b293811c47de40f874c07d67849fefd6424b4d34bf8c379f154046
23727742,2025-11-04 18:28:23.000 UTC,0xa0b86991c6218b36c1d19d4a2e9eb0ce3606eb48,0x,0xffa4e6181777692565cf28528fc88fd1516ea86b56da075235fa575af6a4b855,0x000000000000000000000000a3afa16728fc3a16072a7a00ec4508fafe02a34a,,0xc34cfef23ebf49a4740c425e33f49a627697bb44e527a2e7797c68a23f255e9a
23727743,2025-11-04 18:28:35.000 UTC,0xa0b86991c6218b36c1d19d4a2e9eb0ce3606eb48,0x,0xffa4e6181777692565cf28528fc88fd1516ea86b56da075235fa575af6a4b855,0x000000000000000000000000c5aa13f464851d92fd59f1ef6a1c719e5e6d2d4a,,0xb39f8f362f83f1a4d2e059eb7e62bd89b178a1c37d4e14b3b06b6e0b4e3914f1
23727748,2025-11-04 18:29:35.000 UTC,0xa0b86991c6218b36c1d19d4a2e9eb0ce3606eb48,0x,0xffa4e6181777692565cf28528fc88fd1516ea86b56da075235fa575af6a4b855,0x000000000000000000000000e96e4483bc3f3abfea3213cd8a094ce5b26b117c,,0x44b2569d36c2cfc416dfd2da7b9d4f868d348bfaecd00c7a5465f1acc9bcae75
23727751,2025-11-04 18:30:11.000 UTC,0xa0b86991c6218b36c1d19d4a2e9eb0ce3606eb48,0x,0xffa4e6181777692565cf28528fc88fd1516ea86b56da075235fa575af6a4b855,0x000000000000000000000000c5aa13f464851d92fd59f1ef6a1c719e5e6d2d4a,,0xb3411e521a017eab49733c5b83e3df3b531834c069339064a51d252b307f5e68
23727756,2025-11-04 18:31:23.000 UTC,0xa0b86991c6218b36c1d19d4a2e9eb0ce3606eb48,0x,0xffa4e6181777692565cf28528fc88fd1516ea86b56da075235fa575af6a4b855,0x000000000000000000000000db7ae6b7a2153fe0062be5d1d90a8be5ec8aaa50,,0xea29e144b5a9670fec91fe4db012cc11f6fa0103e92bb0fdbfea8eb68d9d3263
23727765,2025-11-04 18:33:11.000 UTC,0xa0b86991c6218b36c1d19d4a2e9eb0ce3606eb48,0x,0xffa4e6181777692565cf28528fc88fd1516ea86b56da075235fa575af6a4b855,0x000000000000000000000000c5aa13f464851d92fd59f1ef6a1c719e5e6d2d4a,,0x320355518c07cda64d64ee663571b83aac3c847e37375fae829eebf9b6e24a48
23727769,2025-11-04 18:33:59.000 UTC,0xa0b86991c6218b36c1d19d4a2e9eb0ce3606eb48,0x,0xffa4e6181777692565cf28528fc88fd1516ea86b56da075235fa575af6a4b855,0x000000000000000000000000db7ae6b7a2153fe0062be5d1d90a8be5ec8aaa50,,0x74092697f183a7e0dc54636a59da20ea52f74648e99d75ae5e1bca8667756512
23727779,2025-11-04 18:35:59.000 UTC,0xa0b86991c6218b36c1d19d4a2e9eb0ce3606eb48,0x,0xffa4e6181777692565cf28528fc88fd1516ea86b56da075235fa575af6a4b855,0x000000000000000000000000db7ae6b7a2153fe0062be5d1d90a8be5ec8aaa50,,0x159dadfeaac22df9e1400aedc719f0123179b1be84f45547770587126f43fb60
23727787,2025-11-04 18:37:35.000 UTC,0xa0b86991c6218b36c1d19d4a2e9eb0ce3606eb48,0x,0xffa4e6181777692565cf28528fc88fd1516ea86b56da075235fa575af6a4b855,0x000000000000000000000000f512078e07f61a2e28081c8ea86c6056788d18b4,,0x7801c79034a91d36de1f0504982990c38ed84a0f5bcd26db5865918d7e283027
23727792,2025-11-04 18:38:35.000 UTC,0xa0b86991c6218b36c1d19d4a2e9eb0ce3606eb48,0x,0xffa4e6181777692565cf28528fc88fd1516ea86b56da075235fa575af6a4b855,0x000000000000000000000000dc2ec40485f23d6268fe9f4fde8c390051f4766a,,0xf05b68a340724e996607de5f6c959b38007158c324c148bef5ea737e0321dd50
23727796,2025-11-04 18:39:23.000 UTC,0xa0b86991c6218b36c1d19d4a2e9eb0ce3606eb48,0x,0xffa4e6181777692565cf28528fc88fd1516ea86b56da075235fa575af6a4b855,0x000000000000000000000000f3f338ec1c5e17ab45377e78308ace9a6338242c,,0xa9b160403ed5e9155aaebd9dc6492225f4d03d920a72eb96c741279b464a749c
23727797,2025-11-04 18:39:35.000 UTC,0xa0b86991c6218b36c1d19d4a2e9eb0ce3606eb48,0x,0xffa4e6181777692565cf28528fc88fd1516ea86b56da075235fa575af6a4b855,0x000000000000000000000000c19a1636cf379ce180a61946a990d743bd2ee3d1,,0xf6034d443fe95c70bdf2da39d25914707778b81ce9bf079dc14615971c027dff
23727800,2025-11-04 18:40:11.000 UTC,0xa0b86991c6218b36c1d19d4a2e9eb0ce3606eb48,0x,0xffa4e6181777692565cf28528fc88fd1516ea86b56da075235fa575af6a4b855,0x000000000000000000000000db7ae6b7a2153fe0062be5d1d90a8be5ec8aaa50,,0x153467780fa7f25d53060192aaf86c9edc87563b9001b28a85bed961ea86aae6
23727801,2025-11-04 18:40:23.000 UTC,0xa0b86991c6218b36c1d19d4a2e9eb0ce3606eb48,0x,0xffa4e6181777692565cf28528fc88fd1516ea86b56da075235fa575af6a4b855,0x000000000000000000000000dc2ec40485f23d6268fe9f4fde8c390051f4766a,,0xec2889c4e9afdfe6b729300bc7a85084e9634569dab0495c3aea268211340030
23730163,2025-11-05 02:35:59.000 UTC,0xa0b86991c6218b36c1d19d4a2e9eb0ce3606eb48,0x,0xffa4e6181777692565cf28528fc88fd1516ea86b56da075235fa575af6a4b855,0x000000000000000000000000917ed0b811f4aafab02ec61128b2d964e2f87d8f,,0x6e37440c1ab7cb4c9a59e1c109bdba069316dea569797d697b1938f5614f0a8b
23730168,2025-11-05 02:36:59.000 UTC,0xa0b86991c6218b36c1d19d4a2e9eb0ce3606eb48,0x,0xffa4e6181777692565cf28528fc88fd1516ea86b56da075235fa575af6a4b855,0x000000000000000000000000917ed0b811f4aafab02ec61128b2d964e2f87d8f,,0x1446468479bf12d0990401f1043020b3e649d79ad61a563c19ca0ca6ee093d27
23730173,2025-11-05 02:37:59.000 UTC,0xa0b86991c6218b36c1d19d4a2e9eb0ce3606eb48,0x,0xffa4e6181777692565cf28528fc88fd1516ea86b56da075235fa575af6a4b855,0x000000000000000000000000917ed0b811f4aafab02ec61128b2d964e2f87d8f,,0x91e666226a4d599a189d0143cf1445299f5f9d5001a9bc8bba6bf387ee350603
23730178,2025-11-05 02:38:59.000 UTC,0xa0b86991c6218b36c1d19d4a2e9eb0ce3606eb48,0x,0xffa4e6181777692565cf28528fc88fd1516ea86b56da075235fa575af6a4b855,0x000000000000000000000000917ed0b811f4aafab02ec61128b2d964e2f87d8f,,0xd841a27a6c911ac75d227034d202a0fc4fb48cf5e829516eb0653e3cbc9d2110
23730183,2025-11-05 02:39:59.000 UTC,0xa0b86991c6218b36c1d19d4a2e9eb0ce3606eb48,0x,0xffa4e6181777692565cf28528fc88fd1516ea86b56da075235fa575af6a4b855,0x000000000000000000000000917ed0b811f4aafab02ec61128b2d964e2f87d8f,,0x11b64f2ccb7a921f696e78ff122008e3d1a6a4ccfb94de1e29bcc8eaae5ba685
23834720,2025-11-19 17:51:23.000 UTC,0xa0b86991c6218b36c1d19d4a2e9eb0ce3606eb48,0x,0xffa4e6181777692565cf28528fc88fd1516ea86b56da075235fa575af6a4b855,0x0000000000000000000000005d5b5dafecbf31bdb08bfd3edad4f2694372d0ef,,0x25ad899bb2d654d487d2d00de57d999a78d73f1e33e287021b8bfbbf62952b57
23834740,2025-11-19 17:55:23.000 UTC,0xa0b86991c6218b36c1d19d4a2e9eb0ce3606eb48,0x,0xffa4e6181777692565cf28528fc88fd1516ea86b56da075235fa575af6a4b855,0x000000000000000000000000c103b7dc095c904b92081eef0c1640081ec01c10,,0x4e357e599dbcbf08273b10d6f0cd8d3e801a7c9ad9c1ce638922924e147be6eb
23834741,2025-11-19 17:55:35.000 UTC,0xa0b86991c6218b36c1d19d4a2e9eb0ce3606eb48,0x,0xffa4e6181777692565cf28528fc88fd1516ea86b56da075235fa575af6a4b855,0x0000000000000000000000002020b536fd363c82fc3f6ab26aeea94b4ffa1404,,0x336c5c42b7aff54c191c1aa57d037025d1f5ab8aff4ca7f7e8037db6b1677bd3
23834751,2025-11-19 17:57:35.000 UTC,0xa0b86991c6218b36c1d19d4a2e9eb0ce3606eb48,0x,0xffa4e6181777692565cf28528fc88fd1516ea86b56da075235fa575af6a4b855,0x00000000000000000000000011fe0fd1a9fb17746eb9877a396ddf1b3a632838,,0xd1ffb97b7aced5eb5c4e5a3750be5f40b179cd2ba411eb42a61b9df3c39c7c63
23834757,2025-11-19 17:58:47.000 UTC,0xa0b86991c6218b36c1d19d4a2e9eb0ce3606eb48,0x,0xffa4e6181777692565cf28528fc88fd1516ea86b56da075235fa575af6a4b855,0x000000000000000000000000e1e4c5e5ed8f03ae61b581e2def126025f2b9401,,0xc4ec3d53427690984af8bb6b19f19374396d4f7ec5b020a35730b216b4a9156e
23834777,2025-11-19 18:02:59.000 UTC,0xa0b86991c6218b36c1d19d4a2e9eb0ce3606eb48,0x,0xffa4e6181777692565cf28528fc88fd1516ea86b56da075235fa575af6a4b855,0x0000000000000000000000009227c54226014afcb588dc49818e28a3a2367557,,0x06c0eb848128934bfae121479cfee830c8130f7f809a9b9ff2aac01d0bb8e61d
23834805,2025-11-19 18:08:35.000 UTC,0xa0b86991c6218b36c1d19d4a2e9eb0ce3606eb48,0x,0xffa4e6181777692565cf28528fc88fd1516ea86b56da075235fa575af6a4b855,0x000000000000000000000000091a964948da0f8f638c8b688e391e5a3df1a43e,,0x9885e631a4c6a2bf84ec3e94f9472b38c70f518823f6f3f26f2c2d25f853fe87
23834808,2025-11-19 18:09:11.000 UTC,0xa0b86991c6218b36c1d19d4a2e9eb0ce3606eb48,0x,0xffa4e6181777692565cf28528fc88fd1516ea86b56da075235fa575af6a4b855,0x000000000000000000000000d4e976441a1cad72ee5cbd2fd1b677fe7ce8afdf,,0x67a1d26d08e71b5598f2c4877bb7945cd9c231f33da38fbd2eec54b97128fbba
23850068,2025-11-21 21:32:35.000 UTC,0xa0b86991c6218b36c1d19d4a2e9eb0ce3606eb48,0x,0xffa4e6181777692565cf28528fc88fd1516ea86b56da075235fa575af6a4b855,0x0000000000000000000000002066f9c78e3fe8c3a76ab8e4056e22ccd280340e,,0x65568e49e52314333f1a0287a20403a50662d2b6a01b81351af78957068047fb
23851809,2025-11-22 03:26:35.000 UTC,0xa0b86991c6218b36c1d19d4a2e9eb0ce3606eb48,0x,0xffa4e6181777692565cf28528fc88fd1516ea86b56da075235fa575af6a4b855,0x0000000000000000000000000be213a5cfd544feacbd4b9831e46d01c24f889a,,0xb8c8758ddd5f940451709b981df2716bdf0df3c881e64f445f1d0fba62d195e4
23869693,2025-11-24 15:46:11.000 UTC,0xa0b86991c6218b36c1d19d4a2e9eb0ce3606eb48,0x,0xffa4e6181777692565cf28528fc88fd1516ea86b56da075235fa575af6a4b855,0x00000000000000000000000066395ac274efad06bcfa78c882c9c4988833823b,,0x1772c2952d966c79e6df2bbff772d0fd0ab06e0c47c4cea859421269ce3e026e
23884254,2025-11-26 16:58:35.000 UTC,0xa0b86991c6218b36c1d19d4a2e9eb0ce3606eb48,0x,0xffa4e6181777692565cf28528fc88fd1516ea86b56da075235fa575af6a4b855,0x000000000000000000000000dc0629676cf1b08b859fbd1782b52fa269b36b22,,0xbe8732c5cedbef496c4a76e74fb3f78a5eeb9e3f8a59083c2f4fc095620b3035
23928324,2025-12-02 21:01:35.000 UTC,0xa0b86991c6218b36c1d19d4a2e9eb0ce3606eb48,0x,0xffa4e6181777692565cf28528fc88fd1516ea86b56da075235fa575af6a4b855,0x0000000000000000000000003f77a61034da59ffa924c20ee68f868956bca3e6,,0xa47c6a223aee07b20a8371946db96ea6595d5a1970ef81655738fb07fdf4c161
24049290,2025-12-19 21:21:11.000 UTC,0xa0b86991c6218b36c1d19d4a2e9eb0ce3606eb48,0x,0xffa4e6181777692565cf28528fc88fd1516ea86b56da075235fa575af6a4b855,0x0000000000000000000000007b214d3b8ce325c73cde66803f296252dbc7a33a,,0x6c1fa72bde6c482fd84d2d4b0a370cf8660e3d8e08d7925a4b5749a37940f0b4
24049294,2025-12-19 21:21:59.000 UTC,0xa0b86991c6218b36c1d19d4a2e9eb0ce3606eb48,0x,0xffa4e6181777692565cf28528fc88fd1516ea86b56da075235fa575af6a4b855,0x0000000000000000000000007b214d3b8ce325c73cde66803f296252dbc7a33a,,0xb53161856e32bc3dde6d6a9deb1c45c983ee9551d25573e5edf7001737d87b7d
24076240,2025-12-23 15:34:47.000 UTC,0xa0b86991c6218b36c1d19d4a2e9eb0ce3606eb48,0x,0xffa4e6181777692565cf28528fc88fd1516ea86b56da075235fa575af6a4b855,0x0000000000000000000000009def24cc410924a617cfdc2b70a1854f2edbd17b,,0xb8efeee6ecba4cf45587a14487d512dd2db4df846dc306350cc4a1b726f88ca5
24076245,2025-12-23 15:35:47.000 UTC,0xa0b86991c6218b36c1d19d4a2e9eb0ce3606eb48,0x,0xffa4e6181777692565cf28528fc88fd1516ea86b56da075235fa575af6a4b855,0x0000000000000000000000009def24cc410924a617cfdc2b70a1854f2edbd17b,,0xeeea2e9d92b05b7a8cd077f5bbcced2d9f9fbcd91c8c64d1a1e9f86741db88bf
24076250,2025-12-23 15:36:47.000 UTC,0xa0b86991c6218b36c1d19d4a2e9eb0ce3606eb48,0x,0xffa4e6181777692565cf28528fc88fd1516ea86b56da075235fa575af6a4b855,0x0000000000000000000000009def24cc410924a617cfdc2b70a1854f2edbd17b,,0xdc19a60c22a5f28f32d3b032fd7969e3d074b72c16c45b4406dfaee0004d9a4f
24076255,2025-12-23 15:37:47.000 UTC,0xa0b86991c6218b36c1d19d4a2e9eb0ce3606eb48,0x,0xffa4e6181777692565cf28528fc88fd1516ea86b56da075235fa575af6a4b855,0x0000000000000000000000009def24cc410924a617cfdc2b70a1854f2edbd17b,,0x7ce751c9b86d4a2b6b72f3745bf7fddcb3dff50289abe0a4a2c7f19171747d5f
24076260,2025-12-23 15:38:47.000 UTC,0xa0b86991c6218b36c1d19d4a2e9eb0ce3606eb48,0x,0xffa4e6181777692565cf28528fc88fd1516ea86b56da075235fa575af6a4b855,0x0000000000000000000000009def24cc410924a617cfdc2b70a1854f2edbd17b,,0xbc5b01bde3a5118319653a1968e47b4fc2c58213fa8f2d1b922091979a0bc1e9
24330228,2026-01-28 02:03:35.000 UTC,0xa0b86991c6218b36c1d19d4a2e9eb0ce3606eb48,0x,0xffa4e6181777692565cf28528fc88fd1516ea86b56da075235fa575af6a4b855,0x000000000000000000000000583317aff859976e029ef662c770ad375f910131,,0x166d527e7de10eb396c761a81177bb22d259401cebdf0f931686616742ce9ac0
24348936,2026-01-30 16:39:23.000 UTC,0xa0b86991c6218b36c1d19d4a2e9eb0ce3606eb48,0x,0xffa4e6181777692565cf28528fc88fd1516ea86b56da075235fa575af6a4b855,0x000000000000000000000000bf92b14aa9fd088182178e2ebf208da946521ee5,,0x1852d809156a9ac40160017387d1751c649c63c1b22e8ba0b2a68f8ca6224cec
24348938,2026-01-30 16:39:47.000 UTC,0xa0b86991c6218b36c1d19d4a2e9eb0ce3606eb48,0x,0xffa4e6181777692565cf28528fc88fd1516ea86b56da075235fa575af6a4b855,0x0000000000000000000000002136ed3902c1d7217d9b19cf313bbb035ed9bfd7,,0xd8cfa40dc8ff9e595f41a81a0cfd2c3ad03e65390557f9385a821e65c1b95d6d
24348947,2026-01-30 16:41:35.000 UTC,0xa0b86991c6218b36c1d19d4a2e9eb0ce3606eb48,0x,0xffa4e6181777692565cf28528fc88fd1516ea86b56da075235fa575af6a4b855,0x000000000000000000000000180242dc6b95c786c2d9c397532c679a956a1d12,,0x1d9288447cf1fda38b349f3ee5896f22045356152c863bbfea6b68e460279c2e
24348952,2026-01-30 16:42:35.000 UTC,0xa0b86991c6218b36c1d19d4a2e9eb0ce3606eb48,0x,0xffa4e6181777692565cf28528fc88fd1516ea86b56da075235fa575af6a4b855,0x000000000000000000000000180242dc6b95c786c2d9c397532c679a956a1d12,,0xea16479eaa9177afef6afacf1ae491208796e93e8ed25b1c6998346c217254a2
24348953,2026-01-30 16:42:47.000 UTC,0xa0b86991c6218b36c1d19d4a2e9eb0ce3606eb48,0x,0xffa4e6181777692565cf28528fc88fd1516ea86b56da075235fa575af6a4b855,0x0000000000000000000000004bae1c4b2167fe4ebcd6d7baac1138d943a2609f,,0xdd541c13d851b09a18399224bbac0a93fb1d3fffc891558c63ea83c080a95fdb
24348957,2026-01-30 16:43:35.000 UTC,0xa0b86991c6218b36c1d19d4a2e9eb0ce3606eb48,0x,0xffa4e6181777692565cf28528fc88fd1516ea86b56da075235fa575af6a4b855,0x0000000000000000000000000529ebc9ff01a4d390f91687d7c7406bf0dab24e,,0x8227c87a08feabed9ddbfc400577fba64a00817845408470976eb05ba00c46d5
24348961,2026-01-30 16:44:23.000 UTC,0xa0b86991c6218b36c1d19d4a2e9eb0ce3606eb48,0x,0xffa4e6181777692565cf28528fc88fd1516ea86b56da075235fa575af6a4b855,0x000000000000000000000000783a4cc2478f1b44f37052bac72abaa3fc6f992a,,0x3155b56c14efc510511017bb8e50f1d19ebc73cd688905b5296a818c4636d35e
24348965,2026-01-30 16:45:11.000 UTC,0xa0b86991c6218b36c1d19d4a2e9eb0ce3606eb48,0x,0xffa4e6181777692565cf28528fc88fd1516ea86b56da075235fa575af6a4b855,0x0000000000000000000000000529ebc9ff01a4d390f91687d7c7406bf0dab24e,,0x43055cd0144a4200cd4204999974d38308bd2018f1c49b0db514735cecc9bb3d
24348970,2026-01-30 16:46:11.000 UTC,0xa0b86991c6218b36c1d19d4a2e9eb0ce3606eb48,0x,0xffa4e6181777692565cf28528fc88fd1516ea86b56da075235fa575af6a4b855,0x0000000000000000000000000529ebc9ff01a4d390f91687d7c7406bf0dab24e,,0x95579ea2390316f5268771ab2d897fc7c2b431fa618293d3393889bf529c1075
24348979,2026-01-30 16:47:59.000 UTC,0xa0b86991c6218b36c1d19d4a2e9eb0ce3606eb48,0x,0xffa4e6181777692565cf28528fc88fd1516ea86b56da075235fa575af6a4b855,0x0000000000000000000000008dd586d12164a98e319607295935ee968919608e,,0x55938fa5ad44b54519eaf3cf596c32a73bf936d5b67ad0a57a9d5ded7f0d3fcc
24420262,2026-02-09 15:59:59.000 UTC,0xa0b86991c6218b36c1d19d4a2e9eb0ce3606eb48,0x,0x117e3210bb9aa7d9baff172026820255c6f6c30ba8999d1c2fd88e2848137c4e,0x000000000000000000000000d360752c7f5df88c6b42391940e11a6fd491e645,,0xcda41af5f193532e83ffde5879d2d0a3927c3b52ef5aa2705be6c95d0fe2340b
24435743,2026-02-11 19:53:11.000 UTC,0xa0b86991c6218b36c1d19d4a2e9eb0ce3606eb48,0x,0xffa4e6181777692565cf28528fc88fd1516ea86b56da075235fa575af6a4b855,0x000000000000000000000000d5f053ab62b8b75cccdec2967206b8a86906c437,,0x44c1eccc09fb702e41299289dbefbb0b2024e3d0ee43d6513e05a78e200c97a1
24580016,2026-03-03 22:48:23.000 UTC,0xa0b86991c6218b36c1d19d4a2e9eb0ce3606eb48,0x,0xffa4e6181777692565cf28528fc88fd1516ea86b56da075235fa575af6a4b855,0x00000000000000000000000012c353bb5dad2083d93b11b2deba72c01200d63e,,0x747becf018f258d499ee191ed9154dc6432c5277476d33720f2cc2e0ad33d764
24636867,2026-03-11 21:19:47.000 UTC,0xa0b86991c6218b36c1d19d4a2e9eb0ce3606eb48,0x,0xffa4e6181777692565cf28528fc88fd1516ea86b56da075235fa575af6a4b855,0x0000000000000000000000005cd0d96ec259d84b3f792390783247372b4c7cee,,0xd94cd0f8d92fad758a70e7b5156b6f59dcd9e410239f97b74002476f9d61fa4f
24642839,2026-03-12 17:20:59.000 UTC,0xa0b86991c6218b36c1d19d4a2e9eb0ce3606eb48,0x,0xffa4e6181777692565cf28528fc88fd1516ea86b56da075235fa575af6a4b855,0x000000000000000000000000b637f84b66876ebf609c2a4208905f9ddac9d075,,0xe46899219f2ecebcd88d8aeabb9c69c9fc96e97988d5580c0d3d8f58eb9a2b98
24642865,2026-03-12 17:26:11.000 UTC,0xa0b86991c6218b36c1d19d4a2e9eb0ce3606eb48,0x,0xffa4e6181777692565cf28528fc88fd1516ea86b56da075235fa575af6a4b855,0x0000000000000000000000006315bdc714ebb7a08e5ec10f351b6ca61d052bee,,0x288b8276f442d752aaf0e49f0dee86daaf525c559ea51972760246f907ee6651
24642871,2026-03-12 17:27:23.000 UTC,0xa0b86991c6218b36c1d19d4a2e9eb0ce3606eb48,0x,0xffa4e6181777692565cf28528fc88fd1516ea86b56da075235fa575af6a4b855,0x000000000000000000000000cb74874f1e06fcf80a306e06e5379a44b488ba2d,,0x6c5109fc718e21582dc9a84e547b07b1cca254a591d1ad061c40bc786acd2ea4
24642875,2026-03-12 17:28:11.000 UTC,0xa0b86991c6218b36c1d19d4a2e9eb0ce3606eb48,0x,0xffa4e6181777692565cf28528fc88fd1516ea86b56da075235fa575af6a4b855,0x00000000000000000000000095584c303fcd48af5c6b9873015f2ad0ca84eae3,,0x666e18f1af39992849b5245170294d573f4f0d771644da126b062f1f90164185
24642892,2026-03-12 17:31:35.000 UTC,0xa0b86991c6218b36c1d19d4a2e9eb0ce3606eb48,0x,0xffa4e6181777692565cf28528fc88fd1516ea86b56da075235fa575af6a4b855,0x0000000000000000000000009be599d7867f5e1a2d7ec6db9710df2b98a15573,,0x41f4c36d80aa0dfe2a76e7dc8eefc5e18dc7e2e9b624f8e830f2417a86b3417f
24642899,2026-03-12 17:32:59.000 UTC,0xa0b86991c6218b36c1d19d4a2e9eb0ce3606eb48,0x,0xffa4e6181777692565cf28528fc88fd1516ea86b56da075235fa575af6a4b855,0x00000000000000000000000088ef69134150f35b1e91fa2d8bfbb44ba2c51e62,,0xb984b55148fdad26421e2a7b96f887098e5937053c604c5a5292f4bee8d309a2
24642902,2026-03-12 17:33:35.000 UTC,0xa0b86991c6218b36c1d19d4a2e9eb0ce3606eb48,0x,0xffa4e6181777692565cf28528fc88fd1516ea86b56da075235fa575af6a4b855,0x0000000000000000000000000330070fd38ec3bb94f58fa55d40368271e9e54a,,0x52cc6e2ef68f4dcb2787b534bc8f733dba1065cd637b131e7309945248ce45e4
24642911,2026-03-12 17:35:23.000 UTC,0xa0b86991c6218b36c1d19d4a2e9eb0ce3606eb48,0x,0xffa4e6181777692565cf28528fc88fd1516ea86b56da075235fa575af6a4b855,0x00000000000000000000000076ea76ca4eb727f18956ab93445a94c5280412b9,,0xdc04350c871a53b5d1b36970711dec1cc29a2c73aa5f1d2f4bf48245c8f96a76
24642913,2026-03-12 17:35:47.000 UTC,0xa0b86991c6218b36c1d19d4a2e9eb0ce3606eb48,0x,0xffa4e6181777692565cf28528fc88fd1516ea86b56da075235fa575af6a4b855,0x000000000000000000000000fb3eff152ea55d1bfa04dbdd509a80fd7b72cdeb,,0x6f78c381a6bf465dddb00e3437184b40e45913b85fdb37df6aec61e304291e39
24642920,2026-03-12 17:37:11.000 UTC,0xa0b86991c6218b36c1d19d4a2e9eb0ce3606eb48,0x,0xffa4e6181777692565cf28528fc88fd1516ea86b56da075235fa575af6a4b855,0x000000000000000000000000747afb5c7a7fc34b547cd0fdebf9b91759c5a52b,,0x40f5eeb72427ddeadcdd453a6f2513ca44dfcedf8e2acca45125eef4a585e516
24642924,2026-03-12 17:37:59.000 UTC,0xa0b86991c6218b36c1d19d4a2e9eb0ce3606eb48,0x,0xffa4e6181777692565cf28528fc88fd1516ea86b56da075235fa575af6a4b855,0x000000000000000000000000d04e33461fea8302c5e1e13895b60cee8aefda7f,,0x3e155fe19a10f7ae04f0e8b15d896433e39420274338eb3cfb497d2eed408c7d
24642925,2026-03-12 17:38:11.000 UTC,0xa0b86991c6218b36c1d19d4a2e9eb0ce3606eb48,0x,0xffa4e6181777692565cf28528fc88fd1516ea86b56da075235fa575af6a4b855,0x0000000000000000000000004f47bc496083c727c5fbe3ce9cdf2b0f6496270c,,0x117d96e2afb08d9dc6c4d874931880610203eee9eff235b4b6c4a0908466634f
24642948,2026-03-12 17:42:47.000 UTC,0xa0b86991c6218b36c1d19d4a2e9eb0ce3606eb48,0x,0xffa4e6181777692565cf28528fc88fd1516ea86b56da075235fa575af6a4b855,0x000000000000000000000000fe88af78cfc99bea57f2fb708489cfc0f0b7f704,,0xea5d287060ccf71e6071755a3a5abf296de28893ef9c77a72d754b971223dfb9
24642956,2026-03-12 17:44:23.000 UTC,0xa0b86991c6218b36c1d19d4a2e9eb0ce3606eb48,0x,0xffa4e6181777692565cf28528fc88fd1516ea86b56da075235fa575af6a4b855,0x0000000000000000000000008d55c4306745f05a31af596c6bfa19374073e797,,0xef3e3b926d6323d2481a92a93828cc841cd3f0ad2a574f6626eb8800f82ef816
24642961,2026-03-12 17:45:23.000 UTC,0xa0b86991c6218b36c1d19d4a2e9eb0ce3606eb48,0x,0xffa4e6181777692565cf28528fc88fd1516ea86b56da075235fa575af6a4b855,0x000000000000000000000000283fcf7f260da7c3c9aad91beab58882990a66eb,,0x3b59d7bd3004a550bede105d29f63e62d1454c8a2656031cd58e4589118bfbee
24642963,2026-03-12 17:45:47.000 UTC,0xa0b86991c6218b36c1d19d4a2e9eb0ce3606eb48,0x,0xffa4e6181777692565cf28528fc88fd1516ea86b56da075235fa575af6a4b855,0x000000000000000000000000fda1ec4a6178d4916b001a065422d31ebe5f62ff,,0x0595f81630f93adfca8faa8502cb8da88b3ca26ca89ffe9d4aa101c9c24f0fa0
24642969,2026-03-12 17:46:59.000 UTC,0xa0b86991c6218b36c1d19d4a2e9eb0ce3606eb48,0x,0xffa4e6181777692565cf28528fc88fd1516ea86b56da075235fa575af6a4b855,0x0000000000000000000000002ec6c5fe3d7acd8e2e6185c17d9acb136e66f3e0,,0x955667f3aa695eb6f845569ba6088c5c41205391cb25adbc97478be4b524de51
24642985,2026-03-12 17:50:11.000 UTC,0xa0b86991c6218b36c1d19d4a2e9eb0ce3606eb48,0x,0xffa4e6181777692565cf28528fc88fd1516ea86b56da075235fa575af6a4b855,0x000000000000000000000000ee61f0eeee09eed3583baab61fa2e64b96207478,,0x79e57c696993270d2798e5488f3dac66970f92f2309a47a52496a7f2526feb45
24642988,2026-03-12 17:50:47.000 UTC,0xa0b86991c6218b36c1d19d4a2e9eb0ce3606eb48,0x,0xffa4e6181777692565cf28528fc88fd1516ea86b56da075235fa575af6a4b855,0x000000000000000000000000f8bc582628cd0c721b554161a1cb59ea003742c0,,0x5f7b535c47547959ccb7001420b03bb19393321c207a2e93ebfa4745c477ce7e
24642999,2026-03-12 17:52:59.000 UTC,0xa0b86991c6218b36c1d19d4a2e9eb0ce3606eb48,0x,0xffa4e6181777692565cf28528fc88fd1516ea86b56da075235fa575af6a4b855,0x00000000000000000000000047df0606a84a52763887d7aa280cc4f068326b16,,0xcd2fd44f74ef0acee99932c80d3c46954fc9e7471bca21cb157dcb17dad4df5f
24643004,2026-03-12 17:53:59.000 UTC,0xa0b86991c6218b36c1d19d4a2e9eb0ce3606eb48,0x,0xffa4e6181777692565cf28528fc88fd1516ea86b56da075235fa575af6a4b855,0x0000000000000000000000009145fc390e71e3b56da4bfe51460cbdbb1a8a3f9,,0xa52cea796950cd32ed86cb8c8f0614f47a8778915da4062eeee386107c1524bb
24679879,2026-03-17 21:25:47.000 UTC,0xa0b86991c6218b36c1d19d4a2e9eb0ce3606eb48,0x,0xffa4e6181777692565cf28528fc88fd1516ea86b56da075235fa575af6a4b855,0x000000000000000000000000099f6083cf8bd3af686ffb7153589e0b11b70a8a,,0x1851de79fe67d86b43b75c4be2c105939514f462000db8cfb28689d0b20df051
24722159,2026-03-23 18:58:47.000 UTC,0xa0b86991c6218b36c1d19d4a2e9eb0ce3606eb48,0x,0xffa4e6181777692565cf28528fc88fd1516ea86b56da075235fa575af6a4b855,0x0000000000000000000000001485fe2d36d075ff794c11d306d3da5be7fc124c,,0x43a4b1b0b01726b16edfb600f133b77b07802688201d99ba623328e8bf9922f5
24722160,2026-03-23 18:58:59.000 UTC,0xa0b86991c6218b36c1d19d4a2e9eb0ce3606eb48,0x,0xffa4e6181777692565cf28528fc88fd1516ea86b56da075235fa575af6a4b855,0x00000000000000000000000005c0a0d48e7e96d954e620fa133a4e010b119067,,0x89d2a24e774af54e4c6573912df8e053b4fcfc1797e8c633b5ea4dc68811a4fe
24722161,2026-03-23 18:59:11.000 UTC,0xa0b86991c6218b36c1d19d4a2e9eb0ce3606eb48,0x,0xffa4e6181777692565cf28528fc88fd1516ea86b56da075235fa575af6a4b855,0x0000000000000000000000002704ba2d5d3544e6292d9aca536b6bbbfebd80e9,,0x451c3b66561da4fa0f9769aaa2b6096ac430e0692012ddb4497638874ad62958
24722162,2026-03-23 18:59:23.000 UTC,0xa0b86991c6218b36c1d19d4a2e9eb0ce3606eb48,0x,0xffa4e6181777692565cf28528fc88fd1516ea86b56da075235fa575af6a4b855,0x00000000000000000000000022face80f43b857141e9752c3bae8c3309fcdd0f,,0xff01e903d70618724233518a8315134ca5560f08d76dde66323018b76faa7817
24722163,2026-03-23 18:59:35.000 UTC,0xa0b86991c6218b36c1d19d4a2e9eb0ce3606eb48,0x,0xffa4e6181777692565cf28528fc88fd1516ea86b56da075235fa575af6a4b855,0x000000000000000000000000753f38c1c61ebcb0d47fd65168e0be7906574e41,,0x6549fb1df845cc3e464ef697432b6be4152a2ffed8bdc4e0bb369238b3cc7d78
24722164,2026-03-23 18:59:47.000 UTC,0xa0b86991c6218b36c1d19d4a2e9eb0ce3606eb48,0x,0xffa4e6181777692565cf28528fc88fd1516ea86b56da075235fa575af6a4b855,0x0000000000000000000000004c55bc87e4dd8c1e1f4f79ec0ac8d1913d319eb9,,0x02c872b36b13a289faceb1fdbf42a1f66336abf09a715575e08c5618d855bc6f
24722165,2026-03-23 18:59:59.000 UTC,0xa0b86991c6218b36c1d19d4a2e9eb0ce3606eb48,0x,0xffa4e6181777692565cf28528fc88fd1516ea86b56da075235fa575af6a4b855,0x0000000000000000000000002e15d7aa0650de1009710fdd45c3468d75ae1392,,0xe678dfe825acdb82910016e716b7a732d1c3ff4e24ea58a92271897b7bd65578
24722166,2026-03-23 19:00:11.000 UTC,0xa0b86991c6218b36c1d19d4a2e9eb0ce3606eb48,0x,0xffa4e6181777692565cf28528fc88fd1516ea86b56da075235fa575af6a4b855,0x0000000000000000000000004ea2466cff0689dcd26c3b1ca554ca49bb22f483,,0xf264d88e0d0427b0127c5bcaa719f2b265e164f796e8715956578fec3b0ba80d
24722167,2026-03-23 19:00:23.000 UTC,0xa0b86991c6218b36c1d19d4a2e9eb0ce3606eb48,0x,0xffa4e6181777692565cf28528fc88fd1516ea86b56da075235fa575af6a4b855,0x00000000000000000000000006dd6450370c980f4f0f563b0ca17cb2ff8c8954,,0xf7320aa128eb37b754862a95f9d8fb330bcdff366e140b29abc212fd8291ee6b
24722168,2026-03-23 19:00:35.000 UTC,0xa0b86991c6218b36c1d19d4a2e9eb0ce3606eb48,0x,0xffa4e6181777692565cf28528fc88fd1516ea86b56da075235fa575af6a4b855,0x00000000000000000000000053b9b72dc6f96eb4b54143b211b22e2548e4cf5c,,0xfb6e2a9e1c9f4389e95fb96216b4fe8880dc59c92c8dc453e56c51ec0e4277e2
24722169,2026-03-23 19:00:47.000 UTC,0xa0b86991c6218b36c1d19d4a2e9eb0ce3606eb48,0x,0xffa4e6181777692565cf28528fc88fd1516ea86b56da075235fa575af6a4b855,0x0000000000000000000000004dd00a697a0a8e32415c1e8d4b39e3cdc9a9c636,,0x5f53bd0e9c3d8f783ad1e24c31859ba78cf86d070b82b306aab6b5e6588e3f66
24722170,2026-03-23 19:00:59.000 UTC,0xa0b86991c6218b36c1d19d4a2e9eb0ce3606eb48,0x,0xffa4e6181777692565cf28528fc88fd1516ea86b56da075235fa575af6a4b855,0x00000000000000000000000005ecaf39376088d7c8bf1acc06015f71e35bfe35,,0x17210905e212f755d11ad819369d65bc68d205f93d73275b623be1bfe4eda8e2
24722171,2026-03-23 19:01:11.000 UTC,0xa0b86991c6218b36c1d19d4a2e9eb0ce3606eb48,0x,0xffa4e6181777692565cf28528fc88fd1516ea86b56da075235fa575af6a4b855,0x000000000000000000000000b25ea1d493b49a1ded42ac5b1208cc618f9a9b80,,0xf4080ba2c142fcf27c93ec545a7316ced4de6fd579fa741ac75569b4c8d3d186
24722173,2026-03-23 19:01:35.000 UTC,0xa0b86991c6218b36c1d19d4a2e9eb0ce3606eb48,0x,0xffa4e6181777692565cf28528fc88fd1516ea86b56da075235fa575af6a4b855,0x000000000000000000000000846770cff61bddcd8f0948ff0b1376ff3c1ec152,,0x788fa6a97cae7d7cff1392e5d902bd243f756701e273bc21b0b820625da55db3
24722174,2026-03-23 19:01:47.000 UTC,0xa0b86991c6218b36c1d19d4a2e9eb0ce3606eb48,0x,0xffa4e6181777692565cf28528fc88fd1516ea86b56da075235fa575af6a4b855,0x000000000000000000000000355da2de8f9d7da89d92f392e517406a158c90ed,,0x210cec1ae4626695464e1bb185fe70666bba3c1969e57125ebefa6c747d206cd
24722175,2026-03-23 19:01:59.000 UTC,0xa0b86991c6218b36c1d19d4a2e9eb0ce3606eb48,0x,0xffa4e6181777692565cf28528fc88fd1516ea86b56da075235fa575af6a4b855,0x0000000000000000000000007520cad39e6143297d0487ff9933399e3e43646d,,0xb420e2ae1bf59154d9ef9d4435930f94d7c88294f37ac4ff381c3987efa01a6f
24722176,2026-03-23 19:02:11.000 UTC,0xa0b86991c6218b36c1d19d4a2e9eb0ce3606eb48,0x,0xffa4e6181777692565cf28528fc88fd1516ea86b56da075235fa575af6a4b855,0x000000000000000000000000090aac31fca0d19f91e30e02ec8217098a3a4446,,0x36d71f32599a673998b629472e1113cbef2a437bb58b73bb12e7c69156848bd0
24722177,2026-03-23 19:02:23.000 UTC,0xa0b86991c6218b36c1d19d4a2e9eb0ce3606eb48,0x,0xffa4e6181777692565cf28528fc88fd1516ea86b56da075235fa575af6a4b855,0x0000000000000000000000005943cbf095e7451c53f96bceba02f68fd0220667,,0xa3dffba0cdd872c9635497fd0eef6963697f28850e54df0dce8394a271bf17f5
24722179,2026-03-23 19:02:47.000 UTC,0xa0b86991c6218b36c1d19d4a2e9eb0ce3606eb48,0x,0xffa4e6181777692565cf28528fc88fd1516ea86b56da075235fa575af6a4b855,0x00000000000000000000000059d9812f3ad9139d314e48d160b79aea0d80d90e,,0x06ae5bfe9333e64ca8ed753c32b9809b93d7c26d96a1f72d5a65975cf125b3b6
24722180,2026-03-23 19:02:59.000 UTC,0xa0b86991c6218b36c1d19d4a2e9eb0ce3606eb48,0x,0xffa4e6181777692565cf28528fc88fd1516ea86b56da075235fa575af6a4b855,0x00000000000000000000000042ac6a768801027f43067e8f0cf0425273f9ae7f,,0x6a92e556a803ff52a53f06902e2a091b97e9762ddd95dc3fde7b06a32f463749
24722181,2026-03-23 19:03:11.000 UTC,0xa0b86991c6218b36c1d19d4a2e9eb0ce3606eb48,0x,0xffa4e6181777692565cf28528fc88fd1516ea86b56da075235fa575af6a4b855,0x000000000000000000000000b272c40c7cd964b35094b512448777314169d234,,0x4e5823fe66cb80de91c5ff6dc4b8bb2e2745fe866ed99b72a5fd073f1de1c2a3
24722182,2026-03-23 19:03:23.000 UTC,0xa0b86991c6218b36c1d19d4a2e9eb0ce3606eb48,0x,0xffa4e6181777692565cf28528fc88fd1516ea86b56da075235fa575af6a4b855,0x0000000000000000000000003584887728d869cc5d3522fe04df25bedca77766,,0xd9e7a7479bbab43ed3f90a9650744cab75831ca9ce6d05f9917cb664fa432853
24722183,2026-03-23 19:03:35.000 UTC,0xa0b86991c6218b36c1d19d4a2e9eb0ce3606eb48,0x,0xffa4e6181777692565cf28528fc88fd1516ea86b56da075235fa575af6a4b855,0x00000000000000000000000009231680e3ac21c18213f1c1bb9c4bc35988a213,,0x67df1a00f6752b67edc0f49b2e55be55d006f9eab65b07b2b34cd0944f4447fe
24722184,2026-03-23 19:03:47.000 UTC,0xa0b86991c6218b36c1d19d4a2e9eb0ce3606eb48,0x,0xffa4e6181777692565cf28528fc88fd1516ea86b56da075235fa575af6a4b855,0x00000000000000000000000075a80101bbe1a0f5cc92bbff40cdc16faf4b492c,,0x6be36d0807adb584fb2edcaba0d8323e145ab990f4118b5810d6860fd7725415
24722186,2026-03-23 19:04:11.000 UTC,0xa0b86991c6218b36c1d19d4a2e9eb0ce3606eb48,0x,0xffa4e6181777692565cf28528fc88fd1516ea86b56da075235fa575af6a4b855,0x000000000000000000000000bfca3e2097baa1eb354e9d915180707dde1027f2,,0x095f52c482279ba69bf62cc6564f3cb3a56004fbae6e6b05d28aeb52a3cc51c7
24722187,2026-03-23 19:04:23.000 UTC,0xa0b86991c6218b36c1d19d4a2e9eb0ce3606eb48,0x,0xffa4e6181777692565cf28528fc88fd1516ea86b56da075235fa575af6a4b855,0x000000000000000000000000b5a1e5910644669b0503d2edd41c25515b8e320d,,0x9e574609f881225b2f126c6d090d88113408a109c22f0fcc1ba16fbcdf751983
24722188,2026-03-23 19:04:35.000 UTC,0xa0b86991c6218b36c1d19d4a2e9eb0ce3606eb48,0x,0xffa4e6181777692565cf28528fc88fd1516ea86b56da075235fa575af6a4b855,0x0000000000000000000000002ce60c7abced6a24a859a8728d9278a0c5cc6625,,0x8ad3ec3cd524cc96ceefe7b97051d511268a30b16be854258223db0a9bda343f
24722189,2026-03-23 19:04:47.000 UTC,0xa0b86991c6218b36c1d19d4a2e9eb0ce3606eb48,0x,0xffa4e6181777692565cf28528fc88fd1516ea86b56da075235fa575af6a4b855,0x000000000000000000000000d8f39f3a20b764669a5c8839d4cb94639a642af4,,0x44fe2f6e9bcf453bfd6911651364c0e237255aa52f75831fa989dfb64dc21f79
24722191,2026-03-23 19:05:11.000 UTC,0xa0b86991c6218b36c1d19d4a2e9eb0ce3606eb48,0x,0xffa4e6181777692565cf28528fc88fd1516ea86b56da075235fa575af6a4b855,0x00000000000000000000000055bb2ea134e8e38759ce5d96924c288b873828a7,,0x36be82e235d35aa060d6160b2019fc627a6c535db411a6d37d9278f0a2e7ada1
24722192,2026-03-23 19:05:23.000 UTC,0xa0b86991c6218b36c1d19d4a2e9eb0ce3606eb48,0x,0xffa4e6181777692565cf28528fc88fd1516ea86b56da075235fa575af6a4b855,0x0000000000000000000000006926408f55c4f322ebe1a3cc7e4fff380c5543df,,0xde0439f7a8cef33317d243e759a4e28766dbde57c428795e890b63975bbf6c1b
24722193,2026-03-23 19:05:35.000 UTC,0xa0b86991c6218b36c1d19d4a2e9eb0ce3606eb48,0x,0xffa4e6181777692565cf28528fc88fd1516ea86b56da075235fa575af6a4b855,0x00000000000000000000000087d18ee84e8f4f5709cbf3500179a4c601da12ce,,0xd6ff5263214b50a5b90ba8689f81de9829e47b20fa6557259d754b0e5ecbaa3b
24722194,2026-03-23 19:05:47.000 UTC,0xa0b86991c6218b36c1d19d4a2e9eb0ce3606eb48,0x,0xffa4e6181777692565cf28528fc88fd1516ea86b56da075235fa575af6a4b855,0x000000000000000000000000ad36fdcbb692d4b38f427590e8e5f4f7e07070f9,,0x2bb98f1e1e07d7411d6d844e17e857175780d99c99fdb50ba62da9d50c3f5c01
24722195,2026-03-23 19:05:59.000 UTC,0xa0b86991c6218b36c1d19d4a2e9eb0ce3606eb48,0x,0xffa4e6181777692565cf28528fc88fd1516ea86b56da075235fa575af6a4b855,0x00000000000000000000000044ffbce179e41cccc28d68e7fd112ae8e637d85c,,0x8e423a3a8d2260a29f5b3ee66bf0403a86e3f19b94836eea4fbd69cff8693652
24722196,2026-03-23 19:06:11.000 UTC,0xa0b86991c6218b36c1d19d4a2e9eb0ce3606eb48,0x,0xffa4e6181777692565cf28528fc88fd1516ea86b56da075235fa575af6a4b855,0x00000000000000000000000049ba71a10832a0b987e2ebaed3e58e90441a8ce3,,0x444159ff0767fd455a634c5da2ef5633a585a5d3b88b57a6493fabf07cdd64f9
24722198,2026-03-23 19:06:35.000 UTC,0xa0b86991c6218b36c1d19d4a2e9eb0ce3606eb48,0x,0xffa4e6181777692565cf28528fc88fd1516ea86b56da075235fa575af6a4b855,0x000000000000000000000000d4f4699c61ff4307292d22093caebb8e2320178a,,0xeaab7a75a07ef4eaac44206fce84598a7261b79a745ca659e425e4ccd836d3b5
24722199,2026-03-23 19:06:47.000 UTC,0xa0b86991c6218b36c1d19d4a2e9eb0ce3606eb48,0x,0xffa4e6181777692565cf28528fc88fd1516ea86b56da075235fa575af6a4b855,0x0000000000000000000000004bd282c083d9ec35aa6c3e0f366d79f12f3a1630,,0xb7f47ee00ffca6d46795f5cbd5702291ed419148eb54b14ea3175ac39d6a2c6c
24722200,2026-03-23 19:06:59.000 UTC,0xa0b86991c6218b36c1d19d4a2e9eb0ce3606eb48,0x,0xffa4e6181777692565cf28528fc88fd1516ea86b56da075235fa575af6a4b855,0x000000000000000000000000d5c1c8b411b26628db9063a732f61f64dbe55038,,0xd87aff6b89e04ac993714f8410b0a9c619a630f8356924f3d0691c1e067fac2c
24722201,2026-03-23 19:07:11.000 UTC,0xa0b86991c6218b36c1d19d4a2e9eb0ce3606eb48,0x,0xffa4e6181777692565cf28528fc88fd1516ea86b56da075235fa575af6a4b855,0x00000000000000000000000000e84a0b678cd4584a9a377d334c810025970873,,0xcda6a29887934cd157211d5e9a2fcbd518fc4e4d5ec09fd0c174c5e90674626a
24722203,2026-03-23 19:07:35.000 UTC,0xa0b86991c6218b36c1d19d4a2e9eb0ce3606eb48,0x,0xffa4e6181777692565cf28528fc88fd1516ea86b56da075235fa575af6a4b855,0x000000000000000000000000a1e9e989b72715b642799c80022a30a99e8ae5a1,,0x48e842283e8ec7a623caeab0c8fe50a7e237e4a89786a785a8014e833e3e4265
24722204,2026-03-23 19:07:47.000 UTC,0xa0b86991c6218b36c1d19d4a2e9eb0ce3606eb48,0x,0xffa4e6181777692565cf28528fc88fd1516ea86b56da075235fa575af6a4b855,0x0000000000000000000000002af2b381804fbc311308789caee6ebe6b5a561b6,,0x54ae10eb23d957166ecc9402ab4770ae594d0b65ab82c17b5ff90ca628f114a5
24722205,2026-03-23 19:07:59.000 UTC,0xa0b86991c6218b36c1d19d4a2e9eb0ce3606eb48,0x,0xffa4e6181777692565cf28528fc88fd1516ea86b56da075235fa575af6a4b855,0x000000000000000000000000a8b2553f32304176be624bc4f58c18ec01051018,,0x1647ec99d2c2426812478c42f0987d7d44624ff206f5c62e301e276de470aa16
24722206,2026-03-23 19:08:11.000 UTC,0xa0b86991c6218b36c1d19d4a2e9eb0ce3606eb48,0x,0xffa4e6181777692565cf28528fc88fd1516ea86b56da075235fa575af6a4b855,0x000000000000000000000000aa46e346e545d27bc154cba97cd91c45e64fda7e,,0x8c96ebeb800a48f29436374096df867baddfb9ae7f86bff9aa66760fd21da7b5
24722207,2026-03-23 19:08:23.000 UTC,0xa0b86991c6218b36c1d19d4a2e9eb0ce3606eb48,0x,0xffa4e6181777692565cf28528fc88fd1516ea86b56da075235fa575af6a4b855,0x000000000000000000000000693243a75b6fa13995ca7aec56ab5c5dbef23c37,,0xe83ac41b82e78d98cf03a6e3b89bdd662c6b56d7cbc4944760b75ada9f3ef271
24722208,2026-03-23 19:08:35.000 UTC,0xa0b86991c6218b36c1d19d4a2e9eb0ce3606eb48,0x,0xffa4e6181777692565cf28528fc88fd1516ea86b56da075235fa575af6a4b855,0x0000000000000000000000005f9acf4e85aa7283e0c16dd94cbc942f9d625151,,0xc15b51b4f872c952fd86bba375833f291c73ed2017a403dc0f3273f2e0ce774b
24722209,2026-03-23 19:08:47.000 UTC,0xa0b86991c6218b36c1d19d4a2e9eb0ce3606eb48,0x,0xffa4e6181777692565cf28528fc88fd1516ea86b56da075235fa575af6a4b855,0x0000000000000000000000006bea07d3e1854e43e426bfde54c8315ad4acadf1,,0xdf555350d39d633080333ecbec2bf55f25e4f6cba63b3ce08232a9910b8f32f6
24722210,2026-03-23 19:08:59.000 UTC,0xa0b86991c6218b36c1d19d4a2e9eb0ce3606eb48,0x,0xffa4e6181777692565cf28528fc88fd1516ea86b56da075235fa575af6a4b855,0x00000000000000000000000061e1eb45661d344cd472590d45893ff1ff190dd7,,0xed9fc2920447ff43308b7ce93d613229454c4e8fde99208806b77d2acfe4727c
24722211,2026-03-23 19:09:11.000 UTC,0xa0b86991c6218b36c1d19d4a2e9eb0ce3606eb48,0x,0xffa4e6181777692565cf28528fc88fd1516ea86b56da075235fa575af6a4b855,0x000000000000000000000000634c9732c8f368b6c5e200c4152f28b2568aa7f9,,0x5d14d6b0924c3d880b7ec3f3ef523bd8a289af7c19b7b1cfc65f601b35ffb8f4
24722212,2026-03-23 19:09:23.000 UTC,0xa0b86991c6218b36c1d19d4a2e9eb0ce3606eb48,0x,0xffa4e6181777692565cf28528fc88fd1516ea86b56da075235fa575af6a4b855,0x000000000000000000000000b33f36032c8a194cbea04644313e0a37f7b4a5f8,,0x953dc42a219201e46c6924ddaafae8a1a9d82d2d038d164726788b18651d9982
24722213,2026-03-23 19:09:35.000 UTC,0xa0b86991c6218b36c1d19d4a2e9eb0ce3606eb48,0x,0xffa4e6181777692565cf28528fc88fd1516ea86b56da075235fa575af6a4b855,0x000000000000000000000000ff63723f6831e0f39bf85a2a80b61d4f3cea455a,,0x61724125f8030f41a02d8d54deadcdafd8e3d5cfedc436258ed87f2441e53f78
24722214,2026-03-23 19:09:47.000 UTC,0xa0b86991c6218b36c1d19d4a2e9eb0ce3606eb48,0x,0xffa4e6181777692565cf28528fc88fd1516ea86b56da075235fa575af6a4b855,0x000000000000000000000000db913173921931e3fa0578462c0eed0f9de8839e,,0x9657d1720b3bfd4e4d553171f3e399ddbf2944194b18a32a00908ad614bb1455
24722215,2026-03-23 19:09:59.000 UTC,0xa0b86991c6218b36c1d19d4a2e9eb0ce3606eb48,0x,0xffa4e6181777692565cf28528fc88fd1516ea86b56da075235fa575af6a4b855,0x000000000000000000000000e47f743c2ddd0a1b83c3b0fb3b1d508a5adf0507,,0xf15ba307a8e0a2e5b43930591d8947cf62bb51828768d9a3ee4045944caa2722
24722216,2026-03-23 19:10:11.000 UTC,0xa0b86991c6218b36c1d19d4a2e9eb0ce3606eb48,0x,0xffa4e6181777692565cf28528fc88fd1516ea86b56da075235fa575af6a4b855,0x0000000000000000000000008badd8b59ddaf9a12c4910ca1b2e8ea750a71594,,0x8dc7a1595de49c746fb96b549dca6339dec70183dd46157c6dc32bd5f47695fc
24722217,2026-03-23 19:10:23.000 UTC,0xa0b86991c6218b36c1d19d4a2e9eb0ce3606eb48,0x,0xffa4e6181777692565cf28528fc88fd1516ea86b56da075235fa575af6a4b855,0x000000000000000000000000cfa1cbc4fe4892e2c121851d97419b7691abd2f2,,0x688e69958f85b113b37f4b5c818bc9a076e734797e3380f123050f8dbe8442bf
24722218,2026-03-23 19:10:35.000 UTC,0xa0b86991c6218b36c1d19d4a2e9eb0ce3606eb48,0x,0xffa4e6181777692565cf28528fc88fd1516ea86b56da075235fa575af6a4b855,0x000000000000000000000000f9e83020cccbd1a95f0f257a5a9e3d58149762f8,,0xa32c8f72f3125c8899dee36343cec8982c8680808b29d1b971a9ad606d8c6f38
24722219,2026-03-23 19:10:47.000 UTC,0xa0b86991c6218b36c1d19d4a2e9eb0ce3606eb48,0x,0xffa4e6181777692565cf28528fc88fd1516ea86b56da075235fa575af6a4b855,0x000000000000000000000000fb3a175ce3cb33d9f464a3c5ea0b834dae2aaaf6,,0xfdf311db203099da46c8437b6e3a1c38e1704a816ae2f66c12ff1920dfbb5118
24722220,2026-03-23 19:10:59.000 UTC,0xa0b86991c6218b36c1d19d4a2e9eb0ce3606eb48,0x,0xffa4e6181777692565cf28528fc88fd1516ea86b56da075235fa575af6a4b855,0x0000000000000000000000007541f8a7f8d6b173cc54ed4548c8d730db883f99,,0xfa20f9efba0bcd6a0e66ad0cf07b882108c6f5d63dac775a04845f10c0a5a181
24722221,2026-03-23 19:11:11.000 UTC,0xa0b86991c6218b36c1d19d4a2e9eb0ce3606eb48,0x,0xffa4e6181777692565cf28528fc88fd1516ea86b56da075235fa575af6a4b855,0x0000000000000000000000003b848ac300b9e0d260e812b628b87a03d278db95,,0x07179494116f5968066adc68036d9d9834be43ef314f6540b641a64bd48be9e7
24722222,2026-03-23 19:11:23.000 UTC,0xa0b86991c6218b36c1d19d4a2e9eb0ce3606eb48,0x,0xffa4e6181777692565cf28528fc88fd1516ea86b56da075235fa575af6a4b855,0x000000000000000000000000b781d13efb4dec7b9dd1285ace100919dd21c434,,0x91fbe618f919e3370aeff21eb027b62bd63426172ef62adeb84a37fd2c4f8a76
24722223,2026-03-23 19:11:35.000 UTC,0xa0b86991c6218b36c1d19d4a2e9eb0ce3606eb48,0x,0xffa4e6181777692565cf28528fc88fd1516ea86b56da075235fa575af6a4b855,0x00000000000000000000000061f08d119974a3d9915f06765d83fe1aa677e543,,0x19a581fe8d8a300c53da8e6e261a9fd0c09c47d5acc5a8677f7a8c7f949ec07b
24722224,2026-03-23 19:11:47.000 UTC,0xa0b86991c6218b36c1d19d4a2e9eb0ce3606eb48,0x,0xffa4e6181777692565cf28528fc88fd1516ea86b56da075235fa575af6a4b855,0x0000000000000000000000009e2a58d257963a276452fff1be94c0eb7e2775cc,,0x54575c8f685280cddaa4adfc6cae032dbc9feee8cb1e9aed4f5638c8984a9517
24722225,2026-03-23 19:11:59.000 UTC,0xa0b86991c6218b36c1d19d4a2e9eb0ce3606eb48,0x,0xffa4e6181777692565cf28528fc88fd1516ea86b56da075235fa575af6a4b855,0x000000000000000000000000e646786ba5e3de20820cdb89e9b2d8c3aa869aab,,0x5c712f515ceab3732982b85a7e8d96c0d4618167f89ea45cce2ad2ea43d38dca
24722226,2026-03-23 19:12:11.000 UTC,0xa0b86991c6218b36c1d19d4a2e9eb0ce3606eb48,0x,0xffa4e6181777692565cf28528fc88fd1516ea86b56da075235fa575af6a4b855,0x0000000000000000000000000ba9bf6ece534ef7d43ec50f6f08c899ddecebbe,,0xfb93c0773e6f490e7ad79c541dfd16fd22d8060b2ce5fbdb15879d4853aaa968
24722227,2026-03-23 19:12:23.000 UTC,0xa0b86991c6218b36c1d19d4a2e9eb0ce3606eb48,0x,0xffa4e6181777692565cf28528fc88fd1516ea86b56da075235fa575af6a4b855,0x0000000000000000000000006b43ac16dba34950bd7a624989cddfb82eea81b2,,0x4fd73958f87c1258fe3c72e754953f38d185a50ec26e2b8e9c4425dc893000d6
24722228,2026-03-23 19:12:35.000 UTC,0xa0b86991c6218b36c1d19d4a2e9eb0ce3606eb48,0x,0xffa4e6181777692565cf28528fc88fd1516ea86b56da075235fa575af6a4b855,0x000000000000000000000000d8f7016927ad44db6f1a0db051a5a6b884562122,,0xa74f8dc097ec7bdf9f1a5d9ae84357fd5d36e26d5aebbf8b7136fb9624468aba
24722229,2026-03-23 19:12:47.000 UTC,0xa0b86991c6218b36c1d19d4a2e9eb0ce3606eb48,0x,0xffa4e6181777692565cf28528fc88fd1516ea86b56da075235fa575af6a4b855,0x00000000000000000000000050fe09c1e4c7debd0c3d42e63427bc49752564f7,,0xaea250d0b916ad336a004c60a782571c939904891d5a342086666561800b13b1
24722230,2026-03-23 19:12:59.000 UTC,0xa0b86991c6218b36c1d19d4a2e9eb0ce3606eb48,0x,0xffa4e6181777692565cf28528fc88fd1516ea86b56da075235fa575af6a4b855,0x000000000000000000000000b386dff391830280763869d8f416206d16289e31,,0x61a14993cb107731d8ce548317322456a2b692db0ec4ad7caef51dcb59f126e4
24722231,2026-03-23 19:13:11.000 UTC,0xa0b86991c6218b36c1d19d4a2e9eb0ce3606eb48,0x,0xffa4e6181777692565cf28528fc88fd1516ea86b56da075235fa575af6a4b855,0x0000000000000000000000006138d5e437c75bda6001764893eae040d1b9c775,,0xa0c3bf25b36d3dfac045d67884eb93881c5f5462eb58ca38549c6d03afca2d04
24722232,2026-03-23 19:13:23.000 UTC,0xa0b86991c6218b36c1d19d4a2e9eb0ce3606eb48,0x,0xffa4e6181777692565cf28528fc88fd1516ea86b56da075235fa575af6a4b855,0x000000000000000000000000cc43932dc902ef1affe4bdb124ab2212ce18bb73,,0x973cc7246f0a3b5600b77ba07f9cbe220e24596d4dafff59ae1971b5c258c7a2
24722233,2026-03-23 19:13:35.000 UTC,0xa0b86991c6218b36c1d19d4a2e9eb0ce3606eb48,0x,0xffa4e6181777692565cf28528fc88fd1516ea86b56da075235fa575af6a4b855,0x000000000000000000000000b77230243b06f7c8e313755b965f2026497ed3e2,,0xb638cddc06d85aab199a0759f04bfac1b1d2afd017828ec8b7b54d0343014b71
24722235,2026-03-23 19:13:59.000 UTC,0xa0b86991c6218b36c1d19d4a2e9eb0ce3606eb48,0x,0xffa4e6181777692565cf28528fc88fd1516ea86b56da075235fa575af6a4b855,0x000000000000000000000000d2687ebffd715ee8f23971745979b558a78f5ea0,,0x66781380a0db4af731734ddfab413baad826e70a2042982f52808bb10a7c49cb
24722236,2026-03-23 19:14:11.000 UTC,0xa0b86991c6218b36c1d19d4a2e9eb0ce3606eb48,0x,0xffa4e6181777692565cf28528fc88fd1516ea86b56da075235fa575af6a4b855,0x000000000000000000000000e7eb4d9a633d65d1a6ac61ac8a2327346c0fb14a,,0x6aa7a9e156f50f5636f4dab686d52e460396fce256d3d383986cb28e39c78028
24722238,2026-03-23 19:14:35.000 UTC,0xa0b86991c6218b36c1d19d4a2e9eb0ce3606eb48,0x,0xffa4e6181777692565cf28528fc88fd1516ea86b56da075235fa575af6a4b855,0x000000000000000000000000b5f3cb721fc2b534aca67fbcfed1c1b1f3c08216,,0x8c851aa723ce57f6edaefb030e498be28063696efcbe9faa47606b6c5c3c4fbb
24722241,2026-03-23 19:15:11.000 UTC,0xa0b86991c6218b36c1d19d4a2e9eb0ce3606eb48,0x,0xffa4e6181777692565cf28528fc88fd1516ea86b56da075235fa575af6a4b855,0x000000000000000000000000a833a3ec095d9ec58ac7d1b9182c57d67887b8b9,,0xdcdc430f4c8e3e0bfdf80ad39444340ccc331b38dcd97a1af674b6165ecd6a28
24722360,2026-03-23 19:38:59.000 UTC,0xa0b86991c6218b36c1d19d4a2e9eb0ce3606eb48,0x,0xffa4e6181777692565cf28528fc88fd1516ea86b56da075235fa575af6a4b855,0x00000000000000000000000018779e0200a1a716e785cfe2c6f52bb763242cab,,0x1e587606d75f6fc9b4338c7f466bd366111fba437c5712c6619961e9601379ac
24722384,2026-03-23 19:43:47.000 UTC,0xa0b86991c6218b36c1d19d4a2e9eb0ce3606eb48,0x,0xffa4e6181777692565cf28528fc88fd1516ea86b56da075235fa575af6a4b855,0x000000000000000000000000258494a21d9ea90fcbcb9e22bd57c6899de0d995,,0x9256cb93446d3e7b36353e7297808309624c47769f901c1bababeb3ba8dfcc90
24722385,2026-03-23 19:43:59.000 UTC,0xa0b86991c6218b36c1d19d4a2e9eb0ce3606eb48,0x,0xffa4e6181777692565cf28528fc88fd1516ea86b56da075235fa575af6a4b855,0x00000000000000000000000068416debc20d13e5ef694cdcac9506f4c1a20184,,0xe330e98984113b7514ca5fefc7bc1b4256919e0daa558a5e4319a58618a2da2f
24722386,2026-03-23 19:44:11.000 UTC,0xa0b86991c6218b36c1d19d4a2e9eb0ce3606eb48,0x,0xffa4e6181777692565cf28528fc88fd1516ea86b56da075235fa575af6a4b855,0x000000000000000000000000827253f62f0325a3818053f2682ebb19f89d0df2,,0xbbcee266150cd4e8206cbf0cda0ecb0ece315ba58e7cfab43d990da0e725172e
24722387,2026-03-23 19:44:23.000 UTC,0xa0b86991c6218b36c1d19d4a2e9eb0ce3606eb48,0x,0xffa4e6181777692565cf28528fc88fd1516ea86b56da075235fa575af6a4b855,0x000000000000000000000000ab61ee0f6ce3f72cac142a75869847642db19f0e,,0xe68f6d7aeff44ad902a9814fb521f07afda9065578dff79b564589cf529861b5
24722388,2026-03-23 19:44:35.000 UTC,0xa0b86991c6218b36c1d19d4a2e9eb0ce3606eb48,0x,0xffa4e6181777692565cf28528fc88fd1516ea86b56da075235fa575af6a4b855,0x000000000000000000000000c125abc00522891535f130d402e8d889b606432a,,0x32b9f8c6e6c465d06fb6a3475891c0f4d3fcd60267d61cdaeb075b48e5736504
24722389,2026-03-23 19:44:47.000 UTC,0xa0b86991c6218b36c1d19d4a2e9eb0ce3606eb48,0x,0xffa4e6181777692565cf28528fc88fd1516ea86b56da075235fa575af6a4b855,0x000000000000000000000000ca7ff863e10ca26865cfb84f8a5f96e7baa59aab,,0xc4da45f2486cf160384bff5f4443fd8ddc9f29d4fb0eaae3e76f9c05fa7d7b05
24738092,2026-03-26 00:16:35.000 UTC,0xa0b86991c6218b36c1d19d4a2e9eb0ce3606eb48,0x,0x117e3210bb9aa7d9baff172026820255c6f6c30ba8999d1c2fd88e2848137c4e,0x0000000000000000000000003584887728d869cc5d3522fe04df25bedca77766,,0x8e05168c3c64ccec0f4a56f2efa2c671d0555a2937961b5da072d1f465e7b142
24738098,2026-03-26 00:17:47.000 UTC,0xa0b86991c6218b36c1d19d4a2e9eb0ce3606eb48,0x,0x117e3210bb9aa7d9baff172026820255c6f6c30ba8999d1c2fd88e2848137c4e,0x00000000000000000000000061f08d119974a3d9915f06765d83fe1aa677e543,,0x9bfa8c095fdaaf94251d3b832cc3b42861fbda5d313342b9eccacd1bfcc6143b
24742422,2026-03-26 14:46:35.000 UTC,0xa0b86991c6218b36c1d19d4a2e9eb0ce3606eb48,0x,0xffa4e6181777692565cf28528fc88fd1516ea86b56da075235fa575af6a4b855,0x000000000000000000000000bab2b54a76af17a75886762c6f23c88da6c824d8,,0x23632846b0b9c88fb77a15e955795db1e61a7bc9740476627f79446d67fc2c68
24744210,2026-03-26 20:45:47.000 UTC,0xa0b86991c6218b36c1d19d4a2e9eb0ce3606eb48,0x,0x117e3210bb9aa7d9baff172026820255c6f6c30ba8999d1c2fd88e2848137c4e,0x0000000000000000000000004bd282c083d9ec35aa6c3e0f366d79f12f3a1630,,0xc026a23c37ae99037c2b6372856e63db263df8fc6dfdfab480b680fd05d1c178
24744215,2026-03-26 20:46:47.000 UTC,0xa0b86991c6218b36c1d19d4a2e9eb0ce3606eb48,0x,0x117e3210bb9aa7d9baff172026820255c6f6c30ba8999d1c2fd88e2848137c4e,0x00000000000000000000000068416debc20d13e5ef694cdcac9506f4c1a20184,,0xdef34ec84436893304d870181bad1f65b28ee5fba6bc67f627e7c1df1fc48464
24750916,2026-03-27 19:14:35.000 UTC,0xa0b86991c6218b36c1d19d4a2e9eb0ce3606eb48,0x,0x117e3210bb9aa7d9baff172026820255c6f6c30ba8999d1c2fd88e2848137c4e,0x000000000000000000000000fb3a175ce3cb33d9f464a3c5ea0b834dae2aaaf6,,0xc70fbdafdf9626979c17fcd36b55491dbcb6e70bf779beede117e977f56d2271
24751310,2026-03-27 20:33:35.000 UTC,0xa0b86991c6218b36c1d19d4a2e9eb0ce3606eb48,0x,0xffa4e6181777692565cf28528fc88fd1516ea86b56da075235fa575af6a4b855,0x00000000000000000000000070306d1e8a01da8e5f18aaeb4ef1c525cabe83dc,,0xe124f47b8defe6417630bd49f7cdecac8c757b447e90d48b3c7bea1cbf6ca9cb
24751312,2026-03-27 20:33:59.000 UTC,0xa0b86991c6218b36c1d19d4a2e9eb0ce3606eb48,0x,0xffa4e6181777692565cf28528fc88fd1516ea86b56da075235fa575af6a4b855,0x0000000000000000000000007c710d6b106b451d84e29d5172400847133d4e69,,0x7b801d2b8f99cce8f91100239aeb89d138ff01ceca1e191a4020520327b7d327
24751315,2026-03-27 20:34:35.000 UTC,0xa0b86991c6218b36c1d19d4a2e9eb0ce3606eb48,0x,0xffa4e6181777692565cf28528fc88fd1516ea86b56da075235fa575af6a4b855,0x00000000000000000000000018e2fa20b3893de47066f5c39ed88397e05cf537,,0xc462121c39030adc501466611f2799e87d433563a0bb95de6cc806d9ccc43571
24751320,2026-03-27 20:35:35.000 UTC,0xa0b86991c6218b36c1d19d4a2e9eb0ce3606eb48,0x,0xffa4e6181777692565cf28528fc88fd1516ea86b56da075235fa575af6a4b855,0x00000000000000000000000048e6f245d6c8accb3a0b47b750455ab78d1b113d,,0xb5d17cd1ae83f6b77ea30e64e3af681e8fd8330d314b7a6ccb647134f2d947eb
24752436,2026-03-28 00:19:59.000 UTC,0xa0b86991c6218b36c1d19d4a2e9eb0ce3606eb48,0x,0x117e3210bb9aa7d9baff172026820255c6f6c30ba8999d1c2fd88e2848137c4e,0x000000000000000000000000b25ea1d493b49a1ded42ac5b1208cc618f9a9b80,,0x23ce554045ccd71040627c49c569122728435ef495f9efefbff119d373aa045e
24752441,2026-03-28 00:20:59.000 UTC,0xa0b86991c6218b36c1d19d4a2e9eb0ce3606eb48,0x,0x117e3210bb9aa7d9baff172026820255c6f6c30ba8999d1c2fd88e2848137c4e,0x00000000000000000000000000e84a0b678cd4584a9a377d334c810025970873,,0x8f8b57e981ddcb595082fe38efcc4bb805a1abdef4ffb035c1e4867a8c4716b9
24771947,2026-03-30 17:36:11.000 UTC,0xa0b86991c6218b36c1d19d4a2e9eb0ce3606eb48,0x,0x117e3210bb9aa7d9baff172026820255c6f6c30ba8999d1c2fd88e2848137c4e,0x00000000000000000000000061e1eb45661d344cd472590d45893ff1ff190dd7,,0xf43ce3c3669c5992c89c2deb1fac77d3a4fc6160b093da5eb20304707052cd74
24771952,2026-03-30 17:37:11.000 UTC,0xa0b86991c6218b36c1d19d4a2e9eb0ce3606eb48,0x,0x117e3210bb9aa7d9baff172026820255c6f6c30ba8999d1c2fd88e2848137c4e,0x000000000000000000000000cc43932dc902ef1affe4bdb124ab2212ce18bb73,,0x73cd405881b87dd6227b3cc0e82af5073fc3decdeaeb87a9f52be237c5ec75c5
24778869,2026-03-31 16:45:23.000 UTC,0xa0b86991c6218b36c1d19d4a2e9eb0ce3606eb48,0x,0x117e3210bb9aa7d9baff172026820255c6f6c30ba8999d1c2fd88e2848137c4e,0x000000000000000000000000753f38c1c61ebcb0d47fd65168e0be7906574e41,,0xc93eb3714e495624e0cd5b0b92c2b3f3286c4add64c986e314fd24935d3a7212
24778874,2026-03-31 16:46:23.000 UTC,0xa0b86991c6218b36c1d19d4a2e9eb0ce3606eb48,0x,0x117e3210bb9aa7d9baff172026820255c6f6c30ba8999d1c2fd88e2848137c4e,0x000000000000000000000000258494a21d9ea90fcbcb9e22bd57c6899de0d995,,0xd4120ece43b0e10337aeddd0af70bd2f30b4d239054ac804b9c32ce1751b148c
24779413,2026-03-31 18:34:59.000 UTC,0xa0b86991c6218b36c1d19d4a2e9eb0ce3606eb48,0x,0x117e3210bb9aa7d9baff172026820255c6f6c30ba8999d1c2fd88e2848137c4e,0x000000000000000000000000037823d2320c81a62721c0444160e053b19f45c4,,0x8c3796ebaa70cc58ccf644a2eeb6853a4c3fd4776261583fb56c93133a249b7d
24779418,2026-03-31 18:35:59.000 UTC,0xa0b86991c6218b36c1d19d4a2e9eb0ce3606eb48,0x,0x117e3210bb9aa7d9baff172026820255c6f6c30ba8999d1c2fd88e2848137c4e,0x000000000000000000000000e6a52b4829dee5ae37e383087f5bf1fac6983b44,,0x2e5c1b4ad2c2cd09ad1f30bd9c2dbbf167a218f4a226096d44400690c556c902
24782535,2026-04-01 05:02:59.000 UTC,0xa0b86991c6218b36c1d19d4a2e9eb0ce3606eb48,0x,0x117e3210bb9aa7d9baff172026820255c6f6c30ba8999d1c2fd88e2848137c4e,0x00000000000000000000000005ecaf39376088d7c8bf1acc06015f71e35bfe35,,0xd96de96a54154a2088c33176671224032d13e52ee4bcf8efa5f0943d38b1724a
24793915,2026-04-02 19:07:59.000 UTC,0xa0b86991c6218b36c1d19d4a2e9eb0ce3606eb48,0x,0x117e3210bb9aa7d9baff172026820255c6f6c30ba8999d1c2fd88e2848137c4e,0x00000000000000000000000022face80f43b857141e9752c3bae8c3309fcdd0f,,0xe44f1bf8f77eb4603de618f71da7832c213ec4f17f813786930e7458c95f66ba
24793920,2026-04-02 19:08:59.000 UTC,0xa0b86991c6218b36c1d19d4a2e9eb0ce3606eb48,0x,0x117e3210bb9aa7d9baff172026820255c6f6c30ba8999d1c2fd88e2848137c4e,0x0000000000000000000000005f9acf4e85aa7283e0c16dd94cbc942f9d625151,,0xa061161159c5ea930109d4ac5ce8817287013b6770543ccb1fd4de5140003419
24793925,2026-04-02 19:09:59.000 UTC,0xa0b86991c6218b36c1d19d4a2e9eb0ce3606eb48,0x,0x117e3210bb9aa7d9baff172026820255c6f6c30ba8999d1c2fd88e2848137c4e,0x00000000000000000000000059d9812f3ad9139d314e48d160b79aea0d80d90e,,0x231dfda7187bd39c7fcdbd11cf7824a7dab365b732385cb69f85701ab4c101aa
24794875,2026-04-02 22:20:11.000 UTC,0xa0b86991c6218b36c1d19d4a2e9eb0ce3606eb48,0x,0x117e3210bb9aa7d9baff172026820255c6f6c30ba8999d1c2fd88e2848137c4e,0x00000000000000000000000020b575570a487024fa8fd26bf7be29ce91b58af0,,0xea41bde5bd9e634d72f414506f9e12b47daaae4e0f1aee2d5aba0568f1e7a1e0
24794876,2026-04-02 22:20:23.000 UTC,0xa0b86991c6218b36c1d19d4a2e9eb0ce3606eb48,0x,0x117e3210bb9aa7d9baff172026820255c6f6c30ba8999d1c2fd88e2848137c4e,0x000000000000000000000000bf73b75c821b3fc656b4e6f33e36013fbaa036e3,,0xc16c04939acf417f7293921e0b9254378c18a88aa1362cbd1137a590bab84f86
24794880,2026-04-02 22:21:11.000 UTC,0xa0b86991c6218b36c1d19d4a2e9eb0ce3606eb48,0x,0x117e3210bb9aa7d9baff172026820255c6f6c30ba8999d1c2fd88e2848137c4e,0x000000000000000000000000b62d9e45688a40f101645351a6cee269cba5a5b9,,0x429e987ff585ddff3149bb5c3219def4278d8e5c7d1682355b2f57003effd8fc
24794885,2026-04-02 22:22:11.000 UTC,0xa0b86991c6218b36c1d19d4a2e9eb0ce3606eb48,0x,0x117e3210bb9aa7d9baff172026820255c6f6c30ba8999d1c2fd88e2848137c4e,0x0000000000000000000000005b34604cad96abc062ca93b895da102281c8940f,,0x17530f21a0dcfe1db4223bf11088da1b369e819b435c27ecc12060a02cd0c625
24796791,2026-04-03 04:44:35.000 UTC,0xa0b86991c6218b36c1d19d4a2e9eb0ce3606eb48,0x,0xffa4e6181777692565cf28528fc88fd1516ea86b56da075235fa575af6a4b855,0x00000000000000000000000012c353bb5dad2083d93b11b2deba72c01200d63e,,0x3497a9dc0cee54ce0d6ef5bebd7e0eb18d59cd18103bd5a44e243dc4e58886f3
24804336,2026-04-04 05:57:47.000 UTC,0xa0b86991c6218b36c1d19d4a2e9eb0ce3606eb48,0x,0x117e3210bb9aa7d9baff172026820255c6f6c30ba8999d1c2fd88e2848137c4e,0x0000000000000000000000000ba9bf6ece534ef7d43ec50f6f08c899ddecebbe,,0x705df654501ca82c880da23ae3f6cd959b4f8f54b322d85597dc73b917085039
24823295,2026-04-06 21:22:47.000 UTC,0xa0b86991c6218b36c1d19d4a2e9eb0ce3606eb48,0x,0x117e3210bb9aa7d9baff172026820255c6f6c30ba8999d1c2fd88e2848137c4e,0x000000000000000000000000693243a75b6fa13995ca7aec56ab5c5dbef23c37,,0x2a78d22e732661ed88ea7f21b2ec73583d55bb99d45c79606ccf7acf414281ad
24830200,2026-04-07 20:28:11.000 UTC,0xa0b86991c6218b36c1d19d4a2e9eb0ce3606eb48,0x,0x117e3210bb9aa7d9baff172026820255c6f6c30ba8999d1c2fd88e2848137c4e,0x000000000000000000000000e646786ba5e3de20820cdb89e9b2d8c3aa869aab,,0x8c46cc1722e790bac9490427667b2834328bc9ea2b54d0e33d2c3a45d2e97448
24857573,2026-04-11 16:04:11.000 UTC,0xa0b86991c6218b36c1d19d4a2e9eb0ce3606eb48,0x,0xffa4e6181777692565cf28528fc88fd1516ea86b56da075235fa575af6a4b855,0x000000000000000000000000e38c9bfc757d6c1607126a63e7e98a21032c47a6,,0x5814c2246c33e7b6d4a73277e1ef06cf7a3c0ac16f6af1a76a5ff276085c6d6c
24857574,2026-04-11 16:04:23.000 UTC,0xa0b86991c6218b36c1d19d4a2e9eb0ce3606eb48,0x,0xffa4e6181777692565cf28528fc88fd1516ea86b56da075235fa575af6a4b855,0x0000000000000000000000000a232683648f83e48af7c5b91ca6c580cd060c79,,0xc234734114b41bbadf66d8bc1b030391241395e1000a2da8618166c48f4f6e07
24857576,2026-04-11 16:04:47.000 UTC,0xa0b86991c6218b36c1d19d4a2e9eb0ce3606eb48,0x,0xffa4e6181777692565cf28528fc88fd1516ea86b56da075235fa575af6a4b855,0x00000000000000000000000010e9f6063cecd1d1d475e943e1952abedd58f275,,0xbbda32a99dfba44a5289161a497e495ab15d7c19139af7dc1a138fa6c17955c6
24857577,2026-04-11 16:04:59.000 UTC,0xa0b86991c6218b36c1d19d4a2e9eb0ce3606eb48,0x,0xffa4e6181777692565cf28528fc88fd1516ea86b56da075235fa575af6a4b855,0x0000000000000000000000002ec48bde7ab622863824b1408d6bb68e188f9db2,,0x5d74875ee310c7662b728cbc7751444512e0ad0601db0ddaf731c6e89a43c50c
24857578,2026-04-11 16:05:11.000 UTC,0xa0b86991c6218b36c1d19d4a2e9eb0ce3606eb48,0x,0xffa4e6181777692565cf28528fc88fd1516ea86b56da075235fa575af6a4b855,0x000000000000000000000000073fb97a1b7da715a5ccd00a257c7e1cbae6e309,,0xf4245e82f01ad887f97b04a09698bf2a78266dbf95108d5e460d0a3c7639fbed
24857580,2026-04-11 16:05:35.000 UTC,0xa0b86991c6218b36c1d19d4a2e9eb0ce3606eb48,0x,0xffa4e6181777692565cf28528fc88fd1516ea86b56da075235fa575af6a4b855,0x0000000000000000000000001f954c350eed5c27569cde6dee83aebb007b346e,,0xa90d34e13f6a545a3474595007f22d5ae9f7dcef6b731f83c8a560464f86cfbb
24857581,2026-04-11 16:05:47.000 UTC,0xa0b86991c6218b36c1d19d4a2e9eb0ce3606eb48,0x,0xffa4e6181777692565cf28528fc88fd1516ea86b56da075235fa575af6a4b855,0x000000000000000000000000c8bdd5c269e8c105ad29d78894875068c60269f6,,0x67072119105066a4bdbddff6e7fb885eafd84b5fc7fb1507de81bb9a3b4f8793
24857582,2026-04-11 16:05:59.000 UTC,0xa0b86991c6218b36c1d19d4a2e9eb0ce3606eb48,0x,0xffa4e6181777692565cf28528fc88fd1516ea86b56da075235fa575af6a4b855,0x000000000000000000000000eecfb175eec3172aad557332aaaa3fb9b06da48f,,0x84112bc135b4aeea0773935d7b23b0c898bdeb91e5796f5f7ef05114a2736b14
24857583,2026-04-11 16:06:11.000 UTC,0xa0b86991c6218b36c1d19d4a2e9eb0ce3606eb48,0x,0xffa4e6181777692565cf28528fc88fd1516ea86b56da075235fa575af6a4b855,0x0000000000000000000000000b844cb8f826a9fb44918be44b1abe01c3ddc16b,,0x7a69a66c748c15062c783f41f4440240036a40e423603f479788303e9dba0607
24857586,2026-04-11 16:06:47.000 UTC,0xa0b86991c6218b36c1d19d4a2e9eb0ce3606eb48,0x,0xffa4e6181777692565cf28528fc88fd1516ea86b56da075235fa575af6a4b855,0x000000000000000000000000618ddf95d334685aea70608fa0888b0bc2d3809f,,0x10560f08126599cbdb05ff51b9765d82590d0699856b11bae92d240437ac63ba
24857588,2026-04-11 16:07:11.000 UTC,0xa0b86991c6218b36c1d19d4a2e9eb0ce3606eb48,0x,0xffa4e6181777692565cf28528fc88fd1516ea86b56da075235fa575af6a4b855,0x000000000000000000000000cc9468dc0070ada8e12feeffaf2a1edab5aff12c,,0x03caecd7d3b1d253269b7622d29501966b694a6db9ad726d18184e6353d3445b
24857593,2026-04-11 16:08:11.000 UTC,0xa0b86991c6218b36c1d19d4a2e9eb0ce3606eb48,0x,0xffa4e6181777692565cf28528fc88fd1516ea86b56da075235fa575af6a4b855,0x000000000000000000000000f76788730307c465012bda3fa2280dde823054b4,,0x69d2633254679452797a03189750c580e8ba83e28cdfed5e09c9f7a3ed32b227
24881294,2026-04-14 23:22:23.000 UTC,0xa0b86991c6218b36c1d19d4a2e9eb0ce3606eb48,0x,0x117e3210bb9aa7d9baff172026820255c6f6c30ba8999d1c2fd88e2848137c4e,0x0000000000000000000000004c55bc87e4dd8c1e1f4f79ec0ac8d1913d319eb9,,0x5a1579bab3a565b1552adea7e3cdb0578025ea46f5cff5524edc8f8dc3e46b89
24881295,2026-04-14 23:22:35.000 UTC,0xa0b86991c6218b36c1d19d4a2e9eb0ce3606eb48,0x,0x117e3210bb9aa7d9baff172026820255c6f6c30ba8999d1c2fd88e2848137c4e,0x000000000000000000000000bfca3e2097baa1eb354e9d915180707dde1027f2,,0xc6a0697c26b5d94ba312aec33e01c0d4bcba5bc653f40ef94da3f2bf1691d7ba
24881298,2026-04-14 23:23:11.000 UTC,0xa0b86991c6218b36c1d19d4a2e9eb0ce3606eb48,0x,0x117e3210bb9aa7d9baff172026820255c6f6c30ba8999d1c2fd88e2848137c4e,0x0000000000000000000000002ce60c7abced6a24a859a8728d9278a0c5cc6625,,0xcbdae65232e05e00139d043f8008f50a020d4f5d128d4e974e88ffb910ba2a8d
24881303,2026-04-14 23:24:11.000 UTC,0xa0b86991c6218b36c1d19d4a2e9eb0ce3606eb48,0x,0x117e3210bb9aa7d9baff172026820255c6f6c30ba8999d1c2fd88e2848137c4e,0x000000000000000000000000ad36fdcbb692d4b38f427590e8e5f4f7e07070f9,,0x1cadc207817dd0240619bd9506775ae70f22ecbe1af5f5dfce31a36b3d51fd90
24888078,2026-04-15 22:02:47.000 UTC,0xa0b86991c6218b36c1d19d4a2e9eb0ce3606eb48,0x,0xffa4e6181777692565cf28528fc88fd1516ea86b56da075235fa575af6a4b855,0x000000000000000000000000364f80ca7898dc578399d2c28b1436a357841118,,0x0e942fd6dab7637b3f581aae0450d222c0c84c6d83aa55d1ffea9db96901f987
24888079,2026-04-15 22:02:59.000 UTC,0xa0b86991c6218b36c1d19d4a2e9eb0ce3606eb48,0x,0xffa4e6181777692565cf28528fc88fd1516ea86b56da075235fa575af6a4b855,0x000000000000000000000000ec3145c5f138baf26722f1f909f6189ce81680fb,,0x6a1881d52b0fc4c362b56381176fad854c3033d5ee4de0a76210dbb2406760b2
24888083,2026-04-15 22:03:47.000 UTC,0xa0b86991c6218b36c1d19d4a2e9eb0ce3606eb48,0x,0xffa4e6181777692565cf28528fc88fd1516ea86b56da075235fa575af6a4b855,0x000000000000000000000000a251a3f2395bb53711095d2fc2890ae16a4d4387,,0xd3b57260b7d6eea6894a83dce306fc4118873e8100c4a1c56b1baf3f674d99b4
