block_number,block_timestamp,contract_address,data,topic0,topic1,topic2,tx_hash
45346590,2023-07-21 14:28:06.000 UTC,0x3c499c542cef5e3811e1192ce70d8cc03d5c3359,0x,0xffa4e6181777692565cf28528fc88fd1516ea86b56da075235fa575af6a4b855,0x000000000000000000000000d882cfc20f52f2599d84b8e8d58c7fb62cfe344b,,0x5fa6a44955143bb8215aee35fffcccdc9637dc186be48fbf5c6fc48d9203643b
45346593,2023-07-21 14:28:14.000 UTC,0x3c499c542cef5e3811e1192ce70d8cc03d5c3359,0x,0xffa4e6181777692565cf28528fc88fd1516ea86b56da075235fa575af6a4b855,0x0000000000000000000000007f367cc41522ce07553e823bf3be79a889debe1b,,0xaca01894f00a06ef4401d0912342b1b29d5e4764f655c27c88eb84d9a9bfc1aa
45346596,2023-07-21 14:28:20.000 UTC,0x3c499c542cef5e3811e1192ce70d8cc03d5c3359,0x,0xffa4e6181777692565cf28528fc88fd1516ea86b56da075235fa575af6a4b855,0x0000000000000000000000001da5821544e25c636c1417ba96ade4cf6d2f9b5a,,0xa3f12992439a90aeff8178fbaa5447c303690bcfe75ff8d6e1da039a9f5c2421
45346599,2023-07-21 14:28:26.000 UTC,0x3c499c542cef5e3811e1192ce70d8cc03d5c3359,0x,0xffa4e6181777692565cf28528fc88fd1516ea86b56da075235fa575af6a4b855,0x0000000000000000000000007db418b5d567a4e0e8c59ad71be1fce48f3e6107,,0xca674bedc669d9c93af5a52d5c140280d54a338e6328c5a2b7d5bc52ddb3b74e
45346603,2023-07-21 14:28:34.000 UTC,0x3c499c542cef5e3811e1192ce70d8cc03d5c3359,0x,0xffa4e6181777692565cf28528fc88fd1516ea86b56da075235fa575af6a4b855,0x00000000000000000000000072a5843cc08275c8171e582972aa4fda8c397b2a,,0x12541213d8e3591d431db52986249594080797c05ecb9eb2ea7f09763c63c839
45346606,2023-07-21 14:28:40.000 UTC,0x3c499c542cef5e3811e1192ce70d8cc03d5c3359,0x,0xffa4e6181777692565cf28528fc88fd1516ea86b56da075235fa575af6a4b855,0x0000000000000000000000007f19720a857f834887fc9a7bc0a0fbe7fc7f8102,,0x1fbe2a07a67d71a9415f5893b2824a20b3ed4bfd899514fb9ccfcb583151e589
45348203,2023-07-21 15:28:47.000 UTC,0x3c499c542cef5e3811e1192ce70d8cc03d5c3359,0x,0xffa4e6181777692565cf28528fc88fd1516ea86b56da075235fa575af6a4b855,0x000000000000000000000000d882cfc20f52f2599d84b8e8d58c7fb62cfe344b,,0xc5e290361a89f0d9a0f6f1610e4d6b929e50a30ff69301d731c2ec83c63880a8
45348215,2023-07-21 15:29:13.000 UTC,0x3c499c542cef5e3811e1192ce70d8cc03d5c3359,0x,0xffa4e6181777692565cf28528fc88fd1516ea86b56da075235fa575af6a4b855,0x000000000000000000000000d882cfc20f52f2599d84b8e8d58c7fb62cfe344b,,0x8d28b1814dd4434d153517553225994c9c321127e8fd90a7c87d92c2dcf3fb37
45348218,2023-07-21 15:29:19.000 UTC,0x3c499c542cef5e3811e1192ce70d8cc03d5c3359,0x,0xffa4e6181777692565cf28528fc88fd1516ea86b56da075235fa575af6a4b855,0x0000000000000000000000007f367cc41522ce07553e823bf3be79a889debe1b,,0xe94fcec4970be962e0079cd150a7c7f965f0e3c8c484d42bb86761476da87616
45348221,2023-07-21 15:29:25.000 UTC,0x3c499c542cef5e3811e1192ce70d8cc03d5c3359,0x,0xffa4e6181777692565cf28528fc88fd1516ea86b56da075235fa575af6a4b855,0x0000000000000000000000001da5821544e25c636c1417ba96ade4cf6d2f9b5a,,0xff84266f2efae81565ff9e8720ead3c3fdf9224f2ae1e9b699d5cfcc4ca284da
45348225,2023-07-21 15:29:35.000 UTC,0x3c499c542cef5e3811e1192ce70d8cc03d5c3359,0x,0xffa4e6181777692565cf28528fc88fd1516ea86b56da075235fa575af6a4b855,0x0000000000000000000000007db418b5d567a4e0e8c59ad71be1fce48f3e6107,,0xcb9f6c45b15fadb6e7e3e248cdf3027fa6663d9caf66bb131193c6744b37856e
45348257,2023-07-21 15:30:43.000 UTC,0x3c499c542cef5e3811e1192ce70d8cc03d5c3359,0x,0xffa4e6181777692565cf28528fc88fd1516ea86b56da075235fa575af6a4b855,0x000000000000000000000000d882cfc20f52f2599d84b8e8d58c7fb62cfe344b,,0xab4f03605f19d5971d5c121e47c026b95697a1a60e4b307671fe082f1aa55f7a
45348260,2023-07-21 15:30:49.000 UTC,0x3c499c542cef5e3811e1192ce70d8cc03d5c3359,0x,0xffa4e6181777692565cf28528fc88fd1516ea86b56da075235fa575af6a4b855,0x0000000000000000000000007f367cc41522ce07553e823bf3be79a889debe1b,,0x4fa9f8a77970d59e9b4ae2fbc05bef8c566a229d80be06e35081ec4a06bea5e5
45348263,2023-07-21 15:30:55.000 UTC,0x3c499c542cef5e3811e1192ce70d8cc03d5c3359,0x,0xffa4e6181777692565cf28528fc88fd1516ea86b56da075235fa575af6a4b855,0x0000000000000000000000001da5821544e25c636c1417ba96ade4cf6d2f9b5a,,0x044d7b4b0e78e10cee1df3d4f3a1c8563e08d94db0f46b99d9caa50398dcae55
45348267,2023-07-21 15:31:03.000 UTC,0x3c499c542cef5e3811e1192ce70d8cc03d5c3359,0x,0xffa4e6181777692565cf28528fc88fd1516ea86b56da075235fa575af6a4b855,0x0000000000000000000000007db418b5d567a4e0e8c59ad71be1fce48f3e6107,,0xedf847c70a5144d15078c9c9f8f3b7c58d187ffa7b903251fdf025d8e5e94f12
45348270,2023-07-21 15:31:09.000 UTC,0x3c499c542cef5e3811e1192ce70d8cc03d5c3359,0x,0xffa4e6181777692565cf28528fc88fd1516ea86b56da075235fa575af6a4b855,0x00000000000000000000000072a5843cc08275c8171e582972aa4fda8c397b2a,,0x865411818acf27a8f6be0228f691c80573bc884244241ffaac7ab1496ff94552
45348331,2023-07-21 15:33:51.000 UTC,0x3c499c542cef5e3811e1192ce70d8cc03d5c3359,0x,0xffa4e6181777692565cf28528fc88fd1516ea86b56da075235fa575af6a4b855,0x00000000000000000000000072a5843cc08275c8171e582972aa4fda8c397b2a,,0x2737ff09851000a906c03898d70f8b257076b8bb50cbfff74acf4021a56a0473
45348334,2023-07-21 15:33:57.000 UTC,0x3c499c542cef5e3811e1192ce70d8cc03d5c3359,0x,0xffa4e6181777692565cf28528fc88fd1516ea86b56da075235fa575af6a4b855,0x0000000000000000000000007f19720a857f834887fc9a7bc0a0fbe7fc7f8102,,0xc14b8afc8ce759b04996c3e24560041f83f720d9ca07e94b1e329343cad88cad
45348337,2023-07-21 15:34:05.000 UTC,0x3c499c542cef5e3811e1192ce70d8cc03d5c3359,0x,0xffa4e6181777692565cf28528fc88fd1516ea86b56da075235fa575af6a4b855,0x0000000000000000000000009f4cda013e354b8fc285bf4b9a60460cee7f7ea9,,0xb44e389a61eeae2e1a300ada91b5d8dc036e0c285d519ad93952b2fb08020c16
45348340,2023-07-21 15:34:11.000 UTC,0x3c499c542cef5e3811e1192ce70d8cc03d5c3359,0x,0xffa4e6181777692565cf28528fc88fd1516ea86b56da075235fa575af6a4b855,0x000000000000000000000000a7e5d5a720f06526557c513402f2e6b5fa20b008,,0x24e0fce7fb94209d1c93b65dc65c4b96301784053e577f2f2c2eeff5b061aeba
45348343,2023-07-21 15:34:17.000 UTC,0x3c499c542cef5e3811e1192ce70d8cc03d5c3359,0x,0xffa4e6181777692565cf28528fc88fd1516ea86b56da075235fa575af6a4b855,0x0000000000000000000000003cbded43efdaf0fc77b9c55f6fc9988fcc9b757d,,0xa50be3835cdd8d0f10240a315205a7aaf9cfe72ba586e6f56338380fe4f7dadf
45348347,2023-07-21 15:34:25.000 UTC,0x3c499c542cef5e3811e1192ce70d8cc03d5c3359,0x,0xffa4e6181777692565cf28528fc88fd1516ea86b56da075235fa575af6a4b855,0x00000000000000000000000067d40ee1a85bf4a4bb7ffae16de985e8427b6b45,,0x6a11a8c451c5d3338002ffcf1fba859fc989195212457c0d1bca8bc5a78f3abd
45348350,2023-07-21 15:34:31.000 UTC,0x3c499c542cef5e3811e1192ce70d8cc03d5c3359,0x,0xffa4e6181777692565cf28528fc88fd1516ea86b56da075235fa575af6a4b855,0x0000000000000000000000006f1ca141a28907f78ebaa64fb83a9088b02a8352,,0xac743bdbd408499cc4a099f1fe73f095f1da6e7c468c2b06e666ef29ac8c7e41
45348353,2023-07-21 15:34:39.000 UTC,0x3c499c542cef5e3811e1192ce70d8cc03d5c3359,0x,0xffa4e6181777692565cf28528fc88fd1516ea86b56da075235fa575af6a4b855,0x0000000000000000000000006acdfba02d390b97ac2b2d42a63e85293bcc160e,,0x24f5e0e815f405c9bc4d62c9791399d6422823a7a174f3366e1a390360dab057
45348357,2023-07-21 15:34:47.000 UTC,0x3c499c542cef5e3811e1192ce70d8cc03d5c3359,0x,0xffa4e6181777692565cf28528fc88fd1516ea86b56da075235fa575af6a4b855,0x00000000000000000000000048549a34ae37b12f6a30566245176994e17c6b4a,,0x09aa5d0da79c1105b292119c1018ce0a327cfefbfddb147d8192932cef6e9214
45348447,2023-07-21 15:37:57.000 UTC,0x3c499c542cef5e3811e1192ce70d8cc03d5c3359,0x,0xffa4e6181777692565cf28528fc88fd1516ea86b56da075235fa575af6a4b855,0x0000000000000000000000006acdfba02d390b97ac2b2d42a63e85293bcc160e,,0x4981e09d0bf7e61b5a970695c6192317f75637d1a5d1f943edff4306b0b169c1
45348450,2023-07-21 15:38:05.000 UTC,0x3c499c542cef5e3811e1192ce70d8cc03d5c3359,0x,0xffa4e6181777692565cf28528fc88fd1516ea86b56da075235fa575af6a4b855,0x00000000000000000000000048549a34ae37b12f6a30566245176994e17c6b4a,,0x8559f242053a0753232fa14248a20f207afd31c732617afe70ebd667d1c342df
45348453,2023-07-21 15:38:11.000 UTC,0x3c499c542cef5e3811e1192ce70d8cc03d5c3359,0x,0xffa4e6181777692565cf28528fc88fd1516ea86b56da075235fa575af6a4b855,0x0000000000000000000000005512d943ed1f7c8a43f3435c85f7ab68b30121b0,,0x16c774f9bcbf9c460224b54e0e33b19e258f93c67d88e43bd60e6c7aba53dc0d
45348456,2023-07-21 15:38:17.000 UTC,0x3c499c542cef5e3811e1192ce70d8cc03d5c3359,0x,0xffa4e6181777692565cf28528fc88fd1516ea86b56da075235fa575af6a4b855,0x000000000000000000000000c455f7fd3e0e12afd51fba5c106909934d8a0e4a,,0x960a8215a86edd3a6f428c8eac74ba1bb04511096e0ffdc1ff8aaeedae06fb7d
45348460,2023-07-21 15:38:25.000 UTC,0x3c499c542cef5e3811e1192ce70d8cc03d5c3359,0x,0xffa4e6181777692565cf28528fc88fd1516ea86b56da075235fa575af6a4b855,0x0000000000000000000000002f389ce8bd8ff92de3402ffce4691d17fc4f6535,,0x20714a517cb6fdbbd9852e3e5a215621cefbacb5f637822e20c558a83f0590de
45348463,2023-07-21 15:38:31.000 UTC,0x3c499c542cef5e3811e1192ce70d8cc03d5c3359,0x,0xffa4e6181777692565cf28528fc88fd1516ea86b56da075235fa575af6a4b855,0x00000000000000000000000019aa5fe80d33a56d56c78e82ea5e50e5d80b4dff,,0xac6396d57970f9bbd9e7d47babcc94fbfda047b2ceca7678197b168725b19a4c
45348466,2023-07-21 15:38:39.000 UTC,0x3c499c542cef5e3811e1192ce70d8cc03d5c3359,0x,0xffa4e6181777692565cf28528fc88fd1516ea86b56da075235fa575af6a4b855,0x000000000000000000000000e7aa314c77f4233c18c6cc84384a9247c0cf367b,,0x872a7d453ca1641ba17aab04e68cb2a701a8cf576bdc929d38559ef30d0e92c3
45348469,2023-07-21 15:38:45.000 UTC,0x3c499c542cef5e3811e1192ce70d8cc03d5c3359,0x,0xffa4e6181777692565cf28528fc88fd1516ea86b56da075235fa575af6a4b855,0x000000000000000000000000308ed4b7b49797e1a98d3818bff6fe5385410370,,0x1ac54ccee6249c8e242bdc2f79ee79e23ebc3b62e80c336a7de091aa615ea4a1
45348472,2023-07-21 15:38:51.000 UTC,0x3c499c542cef5e3811e1192ce70d8cc03d5c3359,0x,0xffa4e6181777692565cf28528fc88fd1516ea86b56da075235fa575af6a4b855,0x000000000000000000000000fec8a60023265364d066a1212fde3930f6ae8da7,,0x6350d63fb64a3a2036eb49b72b9942d93e8fc23593bbc36d893ab3f918693474
45348475,2023-07-21 15:38:57.000 UTC,0x3c499c542cef5e3811e1192ce70d8cc03d5c3359,0x,0xffa4e6181777692565cf28528fc88fd1516ea86b56da075235fa575af6a4b855,0x0000000000000000000000008576acc5c05d6ce88f4e49bf65bdf0c62f91353c,,0xf5a802c0ccf4a686960ab8413810f5fba3fa2da0a11be356cd7544e635b03e84
45348479,2023-07-21 15:39:05.000 UTC,0x3c499c542cef5e3811e1192ce70d8cc03d5c3359,0x,0xffa4e6181777692565cf28528fc88fd1516ea86b56da075235fa575af6a4b855,0x000000000000000000000000901bb9583b24d97e995513c6778dc6888ab6870e,,0x96441d9effddd8418c2e3cd4a9f1901a80bfc066fff611d2427ef5e787d3823d
45348534,2023-07-21 15:41:03.000 UTC,0x3c499c542cef5e3811e1192ce70d8cc03d5c3359,0x,0xffa4e6181777692565cf28528fc88fd1516ea86b56da075235fa575af6a4b855,0x0000000000000000000000007ff9cfad3877f21d41da833e2f775db0569ee3d9,,0xe0f53f5ae42c23c37080cf856e2fcc14d9e8cfd11066dbeea23931995599ffad
45348538,2023-07-21 15:41:11.000 UTC,0x3c499c542cef5e3811e1192ce70d8cc03d5c3359,0x,0xffa4e6181777692565cf28528fc88fd1516ea86b56da075235fa575af6a4b855,0x000000000000000000000000098b716b8aaf21512996dc57eb0615e2383e2f96,,0xdef2dfa817e3f1fa367102fc9ab1a96cda77903a46d03030626fa5b6f6438c53
45348541,2023-07-21 15:41:17.000 UTC,0x3c499c542cef5e3811e1192ce70d8cc03d5c3359,0x,0xffa4e6181777692565cf28528fc88fd1516ea86b56da075235fa575af6a4b855,0x000000000000000000000000a0e1c89ef1a489c9c7de96311ed5ce5d32c20e4b,,0xca136b91216ad83260e51f66dfd5c02b051db0e14de8a7b0c130b5e815754815
45348544,2023-07-21 15:41:25.000 UTC,0x3c499c542cef5e3811e1192ce70d8cc03d5c3359,0x,0xffa4e6181777692565cf28528fc88fd1516ea86b56da075235fa575af6a4b855,0x0000000000000000000000003cffd56b47b7b41c56258d9c7731abadc360e073,,0x5afe4df956d98dd4148f292728d78981dc70e4452e548c0e1a4e5e6a535219c3
45348547,2023-07-21 15:41:31.000 UTC,0x3c499c542cef5e3811e1192ce70d8cc03d5c3359,0x,0xffa4e6181777692565cf28528fc88fd1516ea86b56da075235fa575af6a4b855,0x00000000000000000000000053b6936513e738f44fb50d2b9476730c0ab3bfc1,,0xdf842028a82292a5a10979297282fc91994c649b56ea6536d45467d0f47ba503
45348550,2023-07-21 15:41:37.000 UTC,0x3c499c542cef5e3811e1192ce70d8cc03d5c3359,0x,0xffa4e6181777692565cf28528fc88fd1516ea86b56da075235fa575af6a4b855,0x000000000000000000000000cce63fd31e9053c110c74cebc37c8e358a6aa5bd,,0x391a0f06b952bb7bef8b4e40eeff807560e5ed59dfb6525dad6161588bc4c1a7
45348553,2023-07-21 15:41:43.000 UTC,0x3c499c542cef5e3811e1192ce70d8cc03d5c3359,0x,0xffa4e6181777692565cf28528fc88fd1516ea86b56da075235fa575af6a4b855,0x00000000000000000000000035fb6f6db4fb05e6a4ce86f2c93691425626d4b1,,0x018f06f06156d42c148819982e7681dce7d7e01b2c620030db618265ddb7d8af
45348556,2023-07-21 15:41:49.000 UTC,0x3c499c542cef5e3811e1192ce70d8cc03d5c3359,0x,0xffa4e6181777692565cf28528fc88fd1516ea86b56da075235fa575af6a4b855,0x000000000000000000000000f7b31119c2682c88d88d455dbb9d5932c65cf1be,,0x9f0362bf0753588e7c6cc99e9b3cb8c19c5d3cc630e2fb8948e42987cc02f8f8
45348559,2023-07-21 15:41:55.000 UTC,0x3c499c542cef5e3811e1192ce70d8cc03d5c3359,0x,0xffa4e6181777692565cf28528fc88fd1516ea86b56da075235fa575af6a4b855,0x0000000000000000000000003e37627deaa754090fbfbb8bd226c1ce66d255e9,,0xb803272efb61d2a830c9608318ff125d695ea24cb9a0b2f82eaa669fb0d4f3c5
45348561,2023-07-21 15:42:01.000 UTC,0x3c499c542cef5e3811e1192ce70d8cc03d5c3359,0x,0xffa4e6181777692565cf28528fc88fd1516ea86b56da075235fa575af6a4b855,0x00000000000000000000000008723392ed15743cc38513c4925f5e6be5c17243,,0xf048108ac80e3ec6120379be66813de2939753e5dbcfd9783d38d19a76c71f72
45348564,2023-07-21 15:42:07.000 UTC,0x3c499c542cef5e3811e1192ce70d8cc03d5c3359,0x,0xffa4e6181777692565cf28528fc88fd1516ea86b56da075235fa575af6a4b855,0x0000000000000000000000008589427373d6d84e98730d7795d8f6f8731fda16,,0xe1c4ab3aae0017290f4a48768e929b62f09f51d6e3611bc8b818cbe870eab70a
45348622,2023-07-21 15:44:36.000 UTC,0x3c499c542cef5e3811e1192ce70d8cc03d5c3359,0x,0xffa4e6181777692565cf28528fc88fd1516ea86b56da075235fa575af6a4b855,0x0000000000000000000000008589427373d6d84e98730d7795d8f6f8731fda16,,0x169b6e552de4d3906612c9478f4272ade2509dc0de9acff0dac0a4cb7524e6c3
45348625,2023-07-21 15:44:44.000 UTC,0x3c499c542cef5e3811e1192ce70d8cc03d5c3359,0x,0xffa4e6181777692565cf28528fc88fd1516ea86b56da075235fa575af6a4b855,0x000000000000000000000000722122df12d4e14e13ac3b6895a86e84145b6967,,0xfed233a709539c3721b0db34f0703195facfa4bb5ec6736e0ce108c84accc1f9
45348651,2023-07-21 15:46:02.000 UTC,0x3c499c542cef5e3811e1192ce70d8cc03d5c3359,0x,0xffa4e6181777692565cf28528fc88fd1516ea86b56da075235fa575af6a4b855,0x000000000000000000000000dd4c48c0b24039969fc16d1cdf626eab821d3384,,0x8ab18f9bca67eeed6288327c881acbd13149ac752f9fdd9347667e696bbcd00e
45348695,2023-07-21 15:47:44.000 UTC,0x3c499c542cef5e3811e1192ce70d8cc03d5c3359,0x,0xffa4e6181777692565cf28528fc88fd1516ea86b56da075235fa575af6a4b855,0x000000000000000000000000dd4c48c0b24039969fc16d1cdf626eab821d3384,,0xbc69f4a2b1b14bb10e92ba99a4f5b9b4ab4fe620197ed87ed9f0e1a15027d9fa
45348698,2023-07-21 15:47:50.000 UTC,0x3c499c542cef5e3811e1192ce70d8cc03d5c3359,0x,0xffa4e6181777692565cf28528fc88fd1516ea86b56da075235fa575af6a4b855,0x000000000000000000000000d90e2f925da726b50c4ed8d0fb90ad053324f31b,,0x39523895bd5e57e9af8b7e66978f924a3bdf5fb44e1e61c6d0eeb8797b33f7b7
45348702,2023-07-21 15:47:58.000 UTC,0x3c499c542cef5e3811e1192ce70d8cc03d5c3359,0x,0xffa4e6181777692565cf28528fc88fd1516ea86b56da075235fa575af6a4b855,0x000000000000000000000000d96f2b1c14db8458374d9aca76e26c3d18364307,,0xf977614917954e2ea43662d2369f478e5a69f3e021e005228dfc200f466464b0
45348705,2023-07-21 15:48:06.000 UTC,0x3c499c542cef5e3811e1192ce70d8cc03d5c3359,0x,0xffa4e6181777692565cf28528fc88fd1516ea86b56da075235fa575af6a4b855,0x0000000000000000000000004736dcf1b7a3d580672cce6e7c65cd5cc9cfba9d,,0x99330f8340eebab36febce0b5cd2e05890880a98d235530d76c645ec3a90ef8b
45348709,2023-07-21 15:48:14.000 UTC,0x3c499c542cef5e3811e1192ce70d8cc03d5c3359,0x,0xffa4e6181777692565cf28528fc88fd1516ea86b56da075235fa575af6a4b855,0x000000000000000000000000d4b88df4d29f5cedd6857912842cff3b20c8cfa3,,0xf13f5f304dc147b0b63e48d4b601dbdc933d0a7478d65b59f7b29c21cb9e52e9
45348713,2023-07-21 15:48:22.000 UTC,0x3c499c542cef5e3811e1192ce70d8cc03d5c3359,0x,0xffa4e6181777692565cf28528fc88fd1516ea86b56da075235fa575af6a4b855,0x000000000000000000000000910cbd523d972eb0a6f4cae4618ad62622b39dbf,,0xf95af2a30ce594b7ce25feb566eff48139a756859647f8a5270fd69c5c466dd3
45349367,2023-07-21 16:12:36.000 UTC,0x3c499c542cef5e3811e1192ce70d8cc03d5c3359,0x,0xffa4e6181777692565cf28528fc88fd1516ea86b56da075235fa575af6a4b855,0x000000000000000000000000a160cdab225685da1d56aa342ad8841c3b53f291,,0x5a7a0ea04ed4874ba3f24be4ca55d43e58c34ce82812a9c62f11127a5505c984
45349371,2023-07-21 16:12:44.000 UTC,0x3c499c542cef5e3811e1192ce70d8cc03d5c3359,0x,0xffa4e6181777692565cf28528fc88fd1516ea86b56da075235fa575af6a4b855,0x000000000000000000000000fd8610d20aa15b7b2e3be39b396a1bc3516c7144,,0x3a9f805b3c22d402a6328da9a6f6dc17d70b49d91f267d5313fe61bc3f1c1051
45349374,2023-07-21 16:12:50.000 UTC,0x3c499c542cef5e3811e1192ce70d8cc03d5c3359,0x,0xffa4e6181777692565cf28528fc88fd1516ea86b56da075235fa575af6a4b855,0x000000000000000000000000f60dd140cff0706bae9cd734ac3ae76ad9ebc32a,,0xa6eb392b42e2209b7bac2ccf1339b99d9c2232155fab249240ae40b5fdd9c2d9
45349377,2023-07-21 16:13:02.000 UTC,0x3c499c542cef5e3811e1192ce70d8cc03d5c3359,0x,0xffa4e6181777692565cf28528fc88fd1516ea86b56da075235fa575af6a4b855,0x00000000000000000000000022aaa7720ddd5388a3c0a3333430953c68f1849b,,0x797fde014ba2219d6eb8272de670d854b9cc4845df3118a6dda954147fd3a45a
45349380,2023-07-21 16:13:14.000 UTC,0x3c499c542cef5e3811e1192ce70d8cc03d5c3359,0x,0xffa4e6181777692565cf28528fc88fd1516ea86b56da075235fa575af6a4b855,0x000000000000000000000000ba214c1c1928a32bffe790263e38b4af9bfcd659,,0x8988faec03af676f11d6c1d3eb8f2437cbdd1fedfb98ef27c1c2bd51558a6c99
45349382,2023-07-21 16:13:22.000 UTC,0x3c499c542cef5e3811e1192ce70d8cc03d5c3359,0x,0xffa4e6181777692565cf28528fc88fd1516ea86b56da075235fa575af6a4b855,0x000000000000000000000000b1c8094b234dce6e03f10a5b673c1d8c69739a00,,0xb104470ba154724132314efeb43cff19967175db573a5558e1802cc8af3cbb43
45349385,2023-07-21 16:13:34.000 UTC,0x3c499c542cef5e3811e1192ce70d8cc03d5c3359,0x,0xffa4e6181777692565cf28528fc88fd1516ea86b56da075235fa575af6a4b855,0x000000000000000000000000527653ea119f3e6a1f5bd18fbf4714081d7b31ce,,0x391139e35dd5ae25d247c5583060e74cdfca1427c30444b5fd55a1c22d6995f2
45349388,2023-07-21 16:13:46.000 UTC,0x3c499c542cef5e3811e1192ce70d8cc03d5c3359,0x,0xffa4e6181777692565cf28528fc88fd1516ea86b56da075235fa575af6a4b855,0x00000000000000000000000058e8dcc13be9780fc42e8723d8ead4cf46943df2,,0x40ab4a4feb79afd8f2159337a4a262aa261354602325d594b9433c658b784a46
45349391,2023-07-21 16:13:58.000 UTC,0x3c499c542cef5e3811e1192ce70d8cc03d5c3359,0x,0xffa4e6181777692565cf28528fc88fd1516ea86b56da075235fa575af6a4b855,0x000000000000000000000000d691f27f38b395864ea86cfc7253969b409c362d,,0x9348b5c64f041ac4a0cb8a21bad0d360ae8a244177c50da105f54e0f5d68272e
45349393,2023-07-21 16:14:04.000 UTC,0x3c499c542cef5e3811e1192ce70d8cc03d5c3359,0x,0xffa4e6181777692565cf28528fc88fd1516ea86b56da075235fa575af6a4b855,0x000000000000000000000000aeaac358560e11f52454d997aaff2c5731b6f8a6,,0xa42c9eea2dda1130bbede8add6524fc06a748bd5ae2c59e6fec80f2f1d9a63ef
45349396,2023-07-21 16:14:10.000 UTC,0x3c499c542cef5e3811e1192ce70d8cc03d5c3359,0x,0xffa4e6181777692565cf28528fc88fd1516ea86b56da075235fa575af6a4b855,0x0000000000000000000000001356c899d8c9467c7f71c195612f8a395abf2f0a,,0x9fecbcef2deb13a4312f30a07b64d711ef3260b20c192c8d4903f686d2abdce5
45349399,2023-07-21 16:14:16.000 UTC,0x3c499c542cef5e3811e1192ce70d8cc03d5c3359,0x,0xffa4e6181777692565cf28528fc88fd1516ea86b56da075235fa575af6a4b855,0x000000000000000000000000a60c772958a3ed56c1f15dd055ba37ac8e523a0d,,0xf610b980c756421d8028554f8df9608093184f6711888510db3a3ec4888990df
45349402,2023-07-21 16:14:22.000 UTC,0x3c499c542cef5e3811e1192ce70d8cc03d5c3359,0x,0xffa4e6181777692565cf28528fc88fd1516ea86b56da075235fa575af6a4b855,0x000000000000000000000000169ad27a470d064dede56a2d3ff727986b15d52b,,0xf6491f4bb64724601cacb7813c9c580ce9fedd142b90a4c0bf0d36a80a62f7a9
45349405,2023-07-21 16:14:28.000 UTC,0x3c499c542cef5e3811e1192ce70d8cc03d5c3359,0x,0xffa4e6181777692565cf28528fc88fd1516ea86b56da075235fa575af6a4b855,0x0000000000000000000000000836222f2b2b24a3f36f98668ed8f0b38d1a872f,,0xc1d4b681d322b31970d52c1abd49d0c9d2e6faec441578197e4de119994830fa
45349456,2023-07-21 16:16:50.000 UTC,0x3c499c542cef5e3811e1192ce70d8cc03d5c3359,0x,0xffa4e6181777692565cf28528fc88fd1516ea86b56da075235fa575af6a4b855,0x000000000000000000000000169ad27a470d064dede56a2d3ff727986b15d52b,,0x55902e15121509f9026340acce96cc7bc91f237a989c40861b84aad5eec799ab
45349459,2023-07-21 16:16:56.000 UTC,0x3c499c542cef5e3811e1192ce70d8cc03d5c3359,0x,0xffa4e6181777692565cf28528fc88fd1516ea86b56da075235fa575af6a4b855,0x0000000000000000000000000836222f2b2b24a3f36f98668ed8f0b38d1a872f,,0x0955b121b90dc03d7576e47ef89de7f6f4e78808a3c8de43beb95b7057320b45
45349462,2023-07-21 16:17:02.000 UTC,0x3c499c542cef5e3811e1192ce70d8cc03d5c3359,0x,0xffa4e6181777692565cf28528fc88fd1516ea86b56da075235fa575af6a4b855,0x000000000000000000000000f67721a2d8f736e75a49fdd7fad2e31d8676542a,,0x6bc23596df2b6a5f63834902ed8de6cbb23474f95e1a76476caac99a5eaf810b
45349465,2023-07-21 16:17:08.000 UTC,0x3c499c542cef5e3811e1192ce70d8cc03d5c3359,0x,0xffa4e6181777692565cf28528fc88fd1516ea86b56da075235fa575af6a4b855,0x0000000000000000000000009ad122c22b14202b4490edaf288fdb3c7cb3ff5e,,0x1e667ebf993b8bbc0d6764d4138b1236e5da9009f7c82b14d37c964864bb84c7
45349468,2023-07-21 16:17:14.000 UTC,0x3c499c542cef5e3811e1192ce70d8cc03d5c3359,0x,0xffa4e6181777692565cf28528fc88fd1516ea86b56da075235fa575af6a4b855,0x00000000000000000000000007687e702b410fa43f4cb4af7fa097918ffd2730,,0xf34b211db6cc9ff1e5ad132e889679ddb4a55d009a444cc0e4266b0d76b0c540
45349471,2023-07-21 16:17:20.000 UTC,0x3c499c542cef5e3811e1192ce70d8cc03d5c3359,0x,0xffa4e6181777692565cf28528fc88fd1516ea86b56da075235fa575af6a4b855,0x00000000000000000000000094a1b5cdb22c43faab4abeb5c74999895464ddaf,,0xf730c9ddc519eb3f6e1fa313f39f48c19b0741fe262c18306094f1a153ad4402
45349473,2023-07-21 16:17:26.000 UTC,0x3c499c542cef5e3811e1192ce70d8cc03d5c3359,0x,0xffa4e6181777692565cf28528fc88fd1516ea86b56da075235fa575af6a4b855,0x000000000000000000000000b541fc07bc7619fd4062a54d96268525cbc6ffef,,0x6c4222a2a61b5dd22d6e1784fb5548920733689d99558a03827cf6c00f26fa47
45349476,2023-07-21 16:17:32.000 UTC,0x3c499c542cef5e3811e1192ce70d8cc03d5c3359,0x,0xffa4e6181777692565cf28528fc88fd1516ea86b56da075235fa575af6a4b855,0x00000000000000000000000012d66f87a04a9e220743712ce6d9bb1b5616b8fc,,0x629397014c8c5973fa91c07cfc143f31919767f613eabbc8aa706ca0fc1e67ac
45349566,2023-07-21 16:20:42.000 UTC,0x3c499c542cef5e3811e1192ce70d8cc03d5c3359,0x,0xffa4e6181777692565cf28528fc88fd1516ea86b56da075235fa575af6a4b855,0x00000000000000000000000012d66f87a04a9e220743712ce6d9bb1b5616b8fc,,0x6f7a4dc4bb794c64779d284cd42b5f51c5ca477e2bd2f7c97a7fe1c77af41ab6
45349569,2023-07-21 16:20:50.000 UTC,0x3c499c542cef5e3811e1192ce70d8cc03d5c3359,0x,0xffa4e6181777692565cf28528fc88fd1516ea86b56da075235fa575af6a4b855,0x00000000000000000000000047ce0c6ed5b0ce3d3a51fdb1c52dc66a7c3c2936,,0xf45b3a71131cce6584981d77558422127acb1b058ef86ade0ef78afb9fe4dc59
45349572,2023-07-21 16:20:56.000 UTC,0x3c499c542cef5e3811e1192ce70d8cc03d5c3359,0x,0xffa4e6181777692565cf28528fc88fd1516ea86b56da075235fa575af6a4b855,0x00000000000000000000000023773e65ed146a459791799d01336db287f25334,,0x02db2ce19aa045ac2a16d7e48870c434748c81abb25e97fe974ee5867f92e1dc
45349575,2023-07-21 16:21:02.000 UTC,0x3c499c542cef5e3811e1192ce70d8cc03d5c3359,0x,0xffa4e6181777692565cf28528fc88fd1516ea86b56da075235fa575af6a4b855,0x000000000000000000000000d21be7248e0197ee08e0c20d4a96debdac3d20af,,0x0a4da512a27a40b44c49905cb418b4ef3f801d232609945035ba305d2bdc509e
45349578,2023-07-21 16:21:08.000 UTC,0x3c499c542cef5e3811e1192ce70d8cc03d5c3359,0x,0xffa4e6181777692565cf28528fc88fd1516ea86b56da075235fa575af6a4b855,0x000000000000000000000000610b717796ad172b316836ac95a2ffad065ceab4,,0x58d56bf824d527bc78ea59a7802ddd24e5c8227b819536ab61f35bd13eafb72e
45349663,2023-07-21 16:24:40.000 UTC,0x3c499c542cef5e3811e1192ce70d8cc03d5c3359,0x,0xffa4e6181777692565cf28528fc88fd1516ea86b56da075235fa575af6a4b855,0x000000000000000000000000178169b423a011fff22b9e3f3abea13414ddd0f1,,0x2903862a2a1564656aee7b6c35c731c16e71c33ba37600a0c4cf623e76f464a1
45349665,2023-07-21 16:24:46.000 UTC,0x3c499c542cef5e3811e1192ce70d8cc03d5c3359,0x,0xffa4e6181777692565cf28528fc88fd1516ea86b56da075235fa575af6a4b855,0x000000000000000000000000bb93e510bbcd0b7beb5a853875f9ec60275cf498,,0x2f53aeeaaa15b039569fb127a7b6fb504d5b2afef87f5b225914348604778119
45349669,2023-07-21 16:24:54.000 UTC,0x3c499c542cef5e3811e1192ce70d8cc03d5c3359,0x,0xffa4e6181777692565cf28528fc88fd1516ea86b56da075235fa575af6a4b855,0x0000000000000000000000002717c5e28cf931547b621a5dddb772ab6a35b701,,0x4ec67ad355e2716e9052c7a16b3ec19bc3bffa838b380e42d116d492df24810c
45349673,2023-07-21 16:25:02.000 UTC,0x3c499c542cef5e3811e1192ce70d8cc03d5c3359,0x,0xffa4e6181777692565cf28528fc88fd1516ea86b56da075235fa575af6a4b855,0x00000000000000000000000003893a7c7463ae47d46bc7f091665f1893656003,,0xb02133038ee4f50091c904937fc279703966e53cc891516dfd4bb3310f049dad
45349676,2023-07-21 16:25:08.000 UTC,0x3c499c542cef5e3811e1192ce70d8cc03d5c3359,0x,0xffa4e6181777692565cf28528fc88fd1516ea86b56da075235fa575af6a4b855,0x000000000000000000000000ca0840578f57fe71599d29375e16783424023357,,0x8094847bf1bf3e7cee642053c5fef2530e5583ce1c6c3e310e366f45e72b2394
45349679,2023-07-21 16:25:14.000 UTC,0x3c499c542cef5e3811e1192ce70d8cc03d5c3359,0x,0xffa4e6181777692565cf28528fc88fd1516ea86b56da075235fa575af6a4b855,0x000000000000000000000000c2a3829f459b3edd87791c74cd45402ba0a20be3,,0xef6121197cc648f44a5a23053f99b345acb6dde619e902be43f6126ca4cdb54d
45349681,2023-07-21 16:25:20.000 UTC,0x3c499c542cef5e3811e1192ce70d8cc03d5c3359,0x,0xffa4e6181777692565cf28528fc88fd1516ea86b56da075235fa575af6a4b855,0x0000000000000000000000003ad9db589d201a710ed237c829c7860ba86510fc,,0x1581f19ec76f118c1ac25176c286ba5bc1c8acc67639c9065429f647de7c7390
45349735,2023-07-21 16:27:14.000 UTC,0x3c499c542cef5e3811e1192ce70d8cc03d5c3359,0x,0xffa4e6181777692565cf28528fc88fd1516ea86b56da075235fa575af6a4b855,0x000000000000000000000000e7800b61479695ec74e4b219f409f67bd1055a27,,0x479ba7bbd4749fbc454edfcd4ce24dae302f6ca14b192928659314c8963d11c4
45349738,2023-07-21 16:27:20.000 UTC,0x3c499c542cef5e3811e1192ce70d8cc03d5c3359,0x,0xffa4e6181777692565cf28528fc88fd1516ea86b56da075235fa575af6a4b855,0x00000000000000000000000001e2919679362dfbc9ee1644ba9c6da6d6245bb1,,0x1a866d77d68959f77dcab854e0b34f85f12d940bb44bf40da6b8d99421afcfd3
45349742,2023-07-21 16:27:28.000 UTC,0x3c499c542cef5e3811e1192ce70d8cc03d5c3359,0x,0xffa4e6181777692565cf28528fc88fd1516ea86b56da075235fa575af6a4b855,0x00000000000000000000000009193888b3f38c82dedfda55259a82c0e7de875e,,0xc98218d0f47e73bed3139567febb7bd062d4d7534d32bd901ca680552daaae77
45349745,2023-07-21 16:27:36.000 UTC,0x3c499c542cef5e3811e1192ce70d8cc03d5c3359,0x,0xffa4e6181777692565cf28528fc88fd1516ea86b56da075235fa575af6a4b855,0x000000000000000000000000179f48c78f57a3a78f0608cc9197b8972921d1d2,,0xe42f5319429c12bd6d3301cf8161cfbeea78857ac628195f9e500f4bdc235fd3
45349748,2023-07-21 16:27:42.000 UTC,0x3c499c542cef5e3811e1192ce70d8cc03d5c3359,0x,0xffa4e6181777692565cf28528fc88fd1516ea86b56da075235fa575af6a4b855,0x0000000000000000000000002573bac39ebe2901b4389cd468f2872cf7767faf,,0xd7a14717c1785356677bb290bf070f4f957433930ed83c35dfcbf650a8094df6
45349751,2023-07-21 16:27:48.000 UTC,0x3c499c542cef5e3811e1192ce70d8cc03d5c3359,0x,0xffa4e6181777692565cf28528fc88fd1516ea86b56da075235fa575af6a4b855,0x00000000000000000000000026903a5a198d571422b2b4ea08b56a37cbd68c89,,0x603927045d7cbfae4f646a45863b2015a004d410024a0b4e2ad1c6444c181516
45349754,2023-07-21 16:27:54.000 UTC,0x3c499c542cef5e3811e1192ce70d8cc03d5c3359,0x,0xffa4e6181777692565cf28528fc88fd1516ea86b56da075235fa575af6a4b855,0x0000000000000000000000002f50508a8a3d323b91336fa3ea6ae50e55f32185,,0xf58f5cb9216a52b735e28b26af80fa1243fefceb56ee6235d0cdbfc0506d343c
45349758,2023-07-21 16:28:02.000 UTC,0x3c499c542cef5e3811e1192ce70d8cc03d5c3359,0x,0xffa4e6181777692565cf28528fc88fd1516ea86b56da075235fa575af6a4b855,0x0000000000000000000000002fc93484614a34f26f7970cbb94615ba109bb4bf,,0x8f7a55472ff06860161ffa3d61fe8c59d2aac3bb87af89a734879e97f28b7847
45349791,2023-07-21 16:29:12.000 UTC,0x3c499c542cef5e3811e1192ce70d8cc03d5c3359,0x,0xffa4e6181777692565cf28528fc88fd1516ea86b56da075235fa575af6a4b855,0x0000000000000000000000002fc93484614a34f26f7970cbb94615ba109bb4bf,,0x2f2d908d7dbfbcf7e49f04d7a69a326a44efcdfefbf343cf436890a4e9dde150
45349793,2023-07-21 16:29:18.000 UTC,0x3c499c542cef5e3811e1192ce70d8cc03d5c3359,0x,0xffa4e6181777692565cf28528fc88fd1516ea86b56da075235fa575af6a4b855,0x0000000000000000000000003efa30704d2b8bbac821307230376556cf8cc39e,,0x6bbbc5a17574290a94171abd9b530ff1bf9a13d21dbf733a67a739d6374a8c42
45349805,2023-07-21 16:29:42.000 UTC,0x3c499c542cef5e3811e1192ce70d8cc03d5c3359,0x,0xffa4e6181777692565cf28528fc88fd1516ea86b56da075235fa575af6a4b855,0x0000000000000000000000002fc93484614a34f26f7970cbb94615ba109bb4bf,,0xc355af9ae7835f5bb8c094856837084f05e7e756e574e8b31a4fb4676fa70ff7
45349808,2023-07-21 16:29:50.000 UTC,0x3c499c542cef5e3811e1192ce70d8cc03d5c3359,0x,0xffa4e6181777692565cf28528fc88fd1516ea86b56da075235fa575af6a4b855,0x0000000000000000000000003efa30704d2b8bbac821307230376556cf8cc39e,,0x290e62e868be6e051edc31eb908eb8dd55729764be474da0c35e7885ebe6cd42
45349851,2023-07-21 16:31:20.000 UTC,0x3c499c542cef5e3811e1192ce70d8cc03d5c3359,0x,0xffa4e6181777692565cf28528fc88fd1516ea86b56da075235fa575af6a4b855,0x0000000000000000000000003efa30704d2b8bbac821307230376556cf8cc39e,,0xb10899632e87c441c54dc935e3d657a515fc38f1d2ce3312597a9241872d6dbc
45349877,2023-07-21 16:32:16.000 UTC,0x3c499c542cef5e3811e1192ce70d8cc03d5c3359,0x,0xffa4e6181777692565cf28528fc88fd1516ea86b56da075235fa575af6a4b855,0x0000000000000000000000005cab7692d4e94096462119ab7bf57319726eed2a,,0xdf3831d311273366b2dc12cd42a996b18a77236c212c91feda1caa5a401bea1c
45349880,2023-07-21 16:32:22.000 UTC,0x3c499c542cef5e3811e1192ce70d8cc03d5c3359,0x,0xffa4e6181777692565cf28528fc88fd1516ea86b56da075235fa575af6a4b855,0x0000000000000000000000005efda50f22d34f262c29268506c5fa42cb56a1ce,,0x74664c4bb5837b72bc87ab57d26c10e29b58556aa0ef6840291678f3aeccb97d
45349883,2023-07-21 16:32:28.000 UTC,0x3c499c542cef5e3811e1192ce70d8cc03d5c3359,0x,0xffa4e6181777692565cf28528fc88fd1516ea86b56da075235fa575af6a4b855,0x0000000000000000000000005f6c97c6ad7bdd0ae7e0dd4ca33a4ed3fdabd4d7,,0xa7e7e4f368dad5670f6e2a126218f257156e42e866ce255aa6940dd0426a50b8
45349886,2023-07-21 16:32:34.000 UTC,0x3c499c542cef5e3811e1192ce70d8cc03d5c3359,0x,0xffa4e6181777692565cf28528fc88fd1516ea86b56da075235fa575af6a4b855,0x000000000000000000000000653477c392c16b0765603074f157314cc4f40c32,,0xaf37c6e28f2b037f253f4ef3094892725a4e108507536dabfe98f97e23204d3d
45350051,2023-07-21 16:38:58.000 UTC,0x3c499c542cef5e3811e1192ce70d8cc03d5c3359,0x,0xffa4e6181777692565cf28528fc88fd1516ea86b56da075235fa575af6a4b855,0x0000000000000000000000005f6c97c6ad7bdd0ae7e0dd4ca33a4ed3fdabd4d7,,0xcaf35f0579ecbf43919570a59b2e2a476f7271fee78548c69c57ec388d36a1e2
45350054,2023-07-21 16:39:04.000 UTC,0x3c499c542cef5e3811e1192ce70d8cc03d5c3359,0x,0xffa4e6181777692565cf28528fc88fd1516ea86b56da075235fa575af6a4b855,0x000000000000000000000000653477c392c16b0765603074f157314cc4f40c32,,0xdcdc4ec086ed9fc291d60b62049392487a6f2bf2a190d2a731d84e24c2767e14
45350081,2023-07-21 16:40:02.000 UTC,0x3c499c542cef5e3811e1192ce70d8cc03d5c3359,0x,0xffa4e6181777692565cf28528fc88fd1516ea86b56da075235fa575af6a4b855,0x0000000000000000000000005f6c97c6ad7bdd0ae7e0dd4ca33a4ed3fdabd4d7,,0xcac413d7de14bd8c7c3beb62efd6da865bdcdd1884adc2f51f5827a7c1f3bdec
45350084,2023-07-21 16:40:08.000 UTC,0x3c499c542cef5e3811e1192ce70d8cc03d5c3359,0x,0xffa4e6181777692565cf28528fc88fd1516ea86b56da075235fa575af6a4b855,0x000000000000000000000000653477c392c16b0765603074f157314cc4f40c32,,0x05e60bcc76f2c757ea683435f8ca6aaa480f9029f011ed524cc8bda7e184a86e
45350087,2023-07-21 16:40:14.000 UTC,0x3c499c542cef5e3811e1192ce70d8cc03d5c3359,0x,0xffa4e6181777692565cf28528fc88fd1516ea86b56da075235fa575af6a4b855,0x000000000000000000000000746aebc06d2ae31b71ac51429a19d54e797878e9,,0x8a90c6f6939473a961c0e8ddb8a06ef05a4a27fa74da10db0f3fdb22d0dcfaa7
45350090,2023-07-21 16:40:20.000 UTC,0x3c499c542cef5e3811e1192ce70d8cc03d5c3359,0x,0xffa4e6181777692565cf28528fc88fd1516ea86b56da075235fa575af6a4b855,0x000000000000000000000000756c4628e57f7e7f8a459ec2752968360cf4d1aa,,0xa8cc8bbffedf326af0645a20b34eb88e567cd3dd4d97d1a550f3ddf226aa9b7e
45350094,2023-07-21 16:40:28.000 UTC,0x3c499c542cef5e3811e1192ce70d8cc03d5c3359,0x,0xffa4e6181777692565cf28528fc88fd1516ea86b56da075235fa575af6a4b855,0x00000000000000000000000077777feddddffc19ff86db637967013e6c6a116c,,0xc97cd17267ab3fb78af4fa6b4f94f318b95dfe26567f7801edebe8126082d417
45350267,2023-07-21 16:47:17.000 UTC,0x3c499c542cef5e3811e1192ce70d8cc03d5c3359,0x,0xffa4e6181777692565cf28528fc88fd1516ea86b56da075235fa575af6a4b855,0x00000000000000000000000077777feddddffc19ff86db637967013e6c6a116c,,0x4f8f7721e33005a8ff36aa473df79c50930d3d4586f5ccf7c40107ea1449eb54
45350269,2023-07-21 16:47:21.000 UTC,0x3c499c542cef5e3811e1192ce70d8cc03d5c3359,0x,0xffa4e6181777692565cf28528fc88fd1516ea86b56da075235fa575af6a4b855,0x00000000000000000000000088fd245fedec4a936e700f9173454d1931b4c307,,0x67665519ebce8955662bb1e3730fa5b20013f202effcf8e965cd496be11402dc
45350272,2023-07-21 16:47:29.000 UTC,0x3c499c542cef5e3811e1192ce70d8cc03d5c3359,0x,0xffa4e6181777692565cf28528fc88fd1516ea86b56da075235fa575af6a4b855,0x00000000000000000000000094c92f096437ab9958fc0a37f09348f30389ae79,,0x381d384a40b61cbd2efbfbe5c3074c577b4b0545dab2941d95d2a30d4b189db7
45350275,2023-07-21 16:47:35.000 UTC,0x3c499c542cef5e3811e1192ce70d8cc03d5c3359,0x,0xffa4e6181777692565cf28528fc88fd1516ea86b56da075235fa575af6a4b855,0x000000000000000000000000b04e030140b30c27bcdfaafffa98c57d80eda7b4,,0x724bb9232786a9fde4c57041b202be320035f31ed3693ba230478df0ec007bbf
45350310,2023-07-21 16:48:49.000 UTC,0x3c499c542cef5e3811e1192ce70d8cc03d5c3359,0x,0xffa4e6181777692565cf28528fc88fd1516ea86b56da075235fa575af6a4b855,0x000000000000000000000000b20c66c4de72433f3ce747b58b86830c459ca911,,0xb0bc9b92ab86bcdea30900e694b1e0d25a610f5bdb12b6d21c8514bfcf94d781
45350314,2023-07-21 16:48:57.000 UTC,0x3c499c542cef5e3811e1192ce70d8cc03d5c3359,0x,0xffa4e6181777692565cf28528fc88fd1516ea86b56da075235fa575af6a4b855,0x000000000000000000000000cee71753c9820f063b38fdbe4cfdaf1d3d928a80,,0xf9140e613a0c57f0a3715d8c2f3b84cdfade35258e7ed1a63eafd4c6c91e5f6f
45350317,2023-07-21 16:49:03.000 UTC,0x3c499c542cef5e3811e1192ce70d8cc03d5c3359,0x,0xffa4e6181777692565cf28528fc88fd1516ea86b56da075235fa575af6a4b855,0x000000000000000000000000d82ed8786d7c69dc7e052f7a542ab047971e73d2,,0xf5e6420c4c68a11c40a7c8ac0e434d3ee4de4d9e5052ccbbdb4422a9c4e5f03e
45350320,2023-07-21 16:49:11.000 UTC,0x3c499c542cef5e3811e1192ce70d8cc03d5c3359,0x,0xffa4e6181777692565cf28528fc88fd1516ea86b56da075235fa575af6a4b855,0x000000000000000000000000f4b067dd14e95bab89be928c07cb22e3c94e0daa,,0x9f63eae1fcebeb9c16a2ec2281f40a88fce13ed603d2fd2728b87d34f9e12561
45350323,2023-07-21 16:49:17.000 UTC,0x3c499c542cef5e3811e1192ce70d8cc03d5c3359,0x,0xffa4e6181777692565cf28528fc88fd1516ea86b56da075235fa575af6a4b855,0x000000000000000000000000ffbac21a641dcfe4552920138d90f3638b3c9fba,,0x425657202773069edd5e50710facb8986038b4a968c35e6e57c5b6f733afc9d0
45350326,2023-07-21 16:49:23.000 UTC,0x3c499c542cef5e3811e1192ce70d8cc03d5c3359,0x,0xffa4e6181777692565cf28528fc88fd1516ea86b56da075235fa575af6a4b855,0x000000000000000000000000d692fd2d0b2fbd2e52cfa5b5b9424bc981c30696,,0xae19a6d64269fe371dcfa5debb402767759137228f68b44c413cc9788ffd37c4
45350507,2023-07-21 16:56:25.000 UTC,0x3c499c542cef5e3811e1192ce70d8cc03d5c3359,0x,0xffa4e6181777692565cf28528fc88fd1516ea86b56da075235fa575af6a4b855,0x000000000000000000000000d8d7de3349ccaa0fde6298fe6d7b7d0d34586193,,0xceef15a80bd55a005be4ce0b8e19842f14f285da8fedcf7e2cc537206fb6eaa4
45350512,2023-07-21 16:56:37.000 UTC,0x3c499c542cef5e3811e1192ce70d8cc03d5c3359,0x,0xffa4e6181777692565cf28528fc88fd1516ea86b56da075235fa575af6a4b855,0x000000000000000000000000d8d7de3349ccaa0fde6298fe6d7b7d0d34586193,,0x65b25ce9457a3e305c1a57210c73c252a1910978d73cb1acb92eeba47fd16da2
45350514,2023-07-21 16:56:41.000 UTC,0x3c499c542cef5e3811e1192ce70d8cc03d5c3359,0x,0xffa4e6181777692565cf28528fc88fd1516ea86b56da075235fa575af6a4b855,0x000000000000000000000000df3a408c53e5078af6e8fb2a85088d46ee09a61b,,0x9d4bb3ceb443e9cdfbf3ec02e354ac21ab8519222226b63622af27b84984da60
45350517,2023-07-21 16:56:47.000 UTC,0x3c499c542cef5e3811e1192ce70d8cc03d5c3359,0x,0xffa4e6181777692565cf28528fc88fd1516ea86b56da075235fa575af6a4b855,0x0000000000000000000000001e34a77868e19a6647b1f2f47b51ed72dede95dd,,0x233bde28cc4b3b316afbf63babe7c077aff961dd2856dcbad584a29b843ece85
45350520,2023-07-21 16:56:53.000 UTC,0x3c499c542cef5e3811e1192ce70d8cc03d5c3359,0x,0xffa4e6181777692565cf28528fc88fd1516ea86b56da075235fa575af6a4b855,0x00000000000000000000000023173fe8b96a4ad8d2e17fb83ea5dcccdca1ae52,,0xea8d53c4120eea73b9757606d1cf4165c007342371b71277ce85463c19bf74f2
45350523,2023-07-21 16:56:59.000 UTC,0x3c499c542cef5e3811e1192ce70d8cc03d5c3359,0x,0xffa4e6181777692565cf28528fc88fd1516ea86b56da075235fa575af6a4b855,0x000000000000000000000000242654336ca2205714071898f67e254eb49acdce,,0xb72e106e7d56c45f21c183a032360de40960f718123cb4780b384970c1e7dfea
45350526,2023-07-21 16:57:05.000 UTC,0x3c499c542cef5e3811e1192ce70d8cc03d5c3359,0x,0xffa4e6181777692565cf28528fc88fd1516ea86b56da075235fa575af6a4b855,0x000000000000000000000000330bdfade01ee9bf63c209ee33102dd334618e0a,,0xd623341ef4136148f3ce2b63a2a0ee4785442d7ceb449c81d77dbdf765338e4c
45350543,2023-07-21 16:57:41.000 UTC,0x3c499c542cef5e3811e1192ce70d8cc03d5c3359,0x,0xffa4e6181777692565cf28528fc88fd1516ea86b56da075235fa575af6a4b855,0x0000000000000000000000003aac1cc67c2ec5db4ea850957b967ba153ad6279,,0x8f375a4f183d1f0826244a34b239efb50d36f83fd118a5e427b3e11442c285b3
45350545,2023-07-21 16:57:47.000 UTC,0x3c499c542cef5e3811e1192ce70d8cc03d5c3359,0x,0xffa4e6181777692565cf28528fc88fd1516ea86b56da075235fa575af6a4b855,0x000000000000000000000000407cceeaa7c95d2fe2250bf9f2c105aa7aafb512,,0x377a9ec86c76cb0f0797f50f66c6c27603ff6c3620b36d705b470e4f063cf3e7
45350548,2023-07-21 16:57:53.000 UTC,0x3c499c542cef5e3811e1192ce70d8cc03d5c3359,0x,0xffa4e6181777692565cf28528fc88fd1516ea86b56da075235fa575af6a4b855,0x000000000000000000000000538ab61e8a9fc1b2f93b3dd9011d662d89be6fe6,,0x7501ba40c3adb359d0bf9693bd00963e1f6fb6801cc063469846974d6f2544e2
45350551,2023-07-21 16:57:59.000 UTC,0x3c499c542cef5e3811e1192ce70d8cc03d5c3359,0x,0xffa4e6181777692565cf28528fc88fd1516ea86b56da075235fa575af6a4b855,0x00000000000000000000000057b2b8c82f065de8ef5573f9730fc1449b403c9f,,0x08cc982324ddb0df3bc41d9b5f90fb52ec8f0233ab883cd56438391ca1be2c5b
45350554,2023-07-21 16:58:05.000 UTC,0x3c499c542cef5e3811e1192ce70d8cc03d5c3359,0x,0xffa4e6181777692565cf28528fc88fd1516ea86b56da075235fa575af6a4b855,0x0000000000000000000000006bf694a291df3fec1f7e69701e3ab6c592435ae7,,0xef524bb18e8a00fcf19d04ba94a46827b8f40d9629d50d9b8b4122892cfcc75e
45350557,2023-07-21 16:58:11.000 UTC,0x3c499c542cef5e3811e1192ce70d8cc03d5c3359,0x,0xffa4e6181777692565cf28528fc88fd1516ea86b56da075235fa575af6a4b855,0x000000000000000000000000723b78e67497e85279cb204544566f4dc5d2aca0,,0x729e0f9f5bf1c04e0bfafc191488204a46016992bd52fda40864f4eb5a579b27
45350560,2023-07-21 16:58:19.000 UTC,0x3c499c542cef5e3811e1192ce70d8cc03d5c3359,0x,0xffa4e6181777692565cf28528fc88fd1516ea86b56da075235fa575af6a4b855,0x000000000000000000000000743494b60097a2230018079c02fe21a7b687eaa5,,0x7273c994f12ef13a094298e18523ff5f3d667e1eedfa1bf6da64b47183150ac3
45350581,2023-07-21 16:59:03.000 UTC,0x3c499c542cef5e3811e1192ce70d8cc03d5c3359,0x,0xffa4e6181777692565cf28528fc88fd1516ea86b56da075235fa575af6a4b855,0x00000000000000000000000076d85b4c0fc497eecc38902397ac608000a06607,,0x6da3ff7588039851522bdd13f9540c1609aca07eaa6891ee03244428c6e2c942
45350596,2023-07-21 16:59:35.000 UTC,0x3c499c542cef5e3811e1192ce70d8cc03d5c3359,0x,0xffa4e6181777692565cf28528fc88fd1516ea86b56da075235fa575af6a4b855,0x00000000000000000000000076d85b4c0fc497eecc38902397ac608000a06607,,0x0938dd56c16098c26c6bc5aa7f339ecb900c4dd993c37204c5e4a8d9c9420275
45350598,2023-07-21 16:59:39.000 UTC,0x3c499c542cef5e3811e1192ce70d8cc03d5c3359,0x,0xffa4e6181777692565cf28528fc88fd1516ea86b56da075235fa575af6a4b855,0x000000000000000000000000776198ccf446dfa168347089d7338879273172cf,,0x40af480bc94fdec371eb6824b364fef3b9d979789c17d49b20ab5f196f9492d6
45350611,2023-07-21 17:00:07.000 UTC,0x3c499c542cef5e3811e1192ce70d8cc03d5c3359,0x,0xffa4e6181777692565cf28528fc88fd1516ea86b56da075235fa575af6a4b855,0x000000000000000000000000776198ccf446dfa168347089d7338879273172cf,,0x0272145488dc52abdcf72efbfeb6dc34c3c370734417d88f537c288400d27442
45350615,2023-07-21 17:00:15.000 UTC,0x3c499c542cef5e3811e1192ce70d8cc03d5c3359,0x,0xffa4e6181777692565cf28528fc88fd1516ea86b56da075235fa575af6a4b855,0x0000000000000000000000008281aa6795ade17c8973e1aedca380258bc124f9,,0x005964e28a24a3eeb35be5d756c28d07bfb2c170b4b79f18111f85431b1defd6
45350619,2023-07-21 17:00:23.000 UTC,0x3c499c542cef5e3811e1192ce70d8cc03d5c3359,0x,0xffa4e6181777692565cf28528fc88fd1516ea86b56da075235fa575af6a4b855,0x000000000000000000000000833481186f16cece3f1eeea1a694c42034c3a0db,,0xd779fd68cfd3a0a04d4ce054732ec4f933127e4ba166ebe0f7fe5fe815afcce5
45350623,2023-07-21 17:00:31.000 UTC,0x3c499c542cef5e3811e1192ce70d8cc03d5c3359,0x,0xffa4e6181777692565cf28528fc88fd1516ea86b56da075235fa575af6a4b855,0x00000000000000000000000084443cfd09a48af6ef360c6976c5392ac5023a1f,,0x1e3b5fe828eebf6aa84217b6a92da727277880d1f633973c04f7f70289bacc4b
45350625,2023-07-21 17:00:37.000 UTC,0x3c499c542cef5e3811e1192ce70d8cc03d5c3359,0x,0xffa4e6181777692565cf28528fc88fd1516ea86b56da075235fa575af6a4b855,0x00000000000000000000000094be88213a387e992dd87de56950a9aef34b9448,,0xff94d5f19f9f5b4c6b7234c78c72c886c352e1e3a0613cfc8b72e278b887b42f
45350629,2023-07-21 17:00:45.000 UTC,0x3c499c542cef5e3811e1192ce70d8cc03d5c3359,0x,0xffa4e6181777692565cf28528fc88fd1516ea86b56da075235fa575af6a4b855,0x000000000000000000000000a5c2254e4253490c54cef0a4347fddb8f75a4998,,0x5dcaceeeae17c110413b7ad9eb9259f29ca409c6555699fa660b767af12f25b2
45350633,2023-07-21 17:00:53.000 UTC,0x3c499c542cef5e3811e1192ce70d8cc03d5c3359,0x,0xffa4e6181777692565cf28528fc88fd1516ea86b56da075235fa575af6a4b855,0x000000000000000000000000af4c0b70b2ea9fb7487c7cbb37ada259579fe040,,0x58e0096c11f4df8e0fa660ae987ad8904ba74651d4018829e6fecb8978a669e2
45350705,2023-07-21 17:03:27.000 UTC,0x3c499c542cef5e3811e1192ce70d8cc03d5c3359,0x,0xffa4e6181777692565cf28528fc88fd1516ea86b56da075235fa575af6a4b855,0x000000000000000000000000af8d1839c3c67cf571aa74b5c12398d4901147b3,,0xce5d4360af9a5b3ad3ecb3613c01338f348bd6c30f1d6e1f4d26bbf5925299a7
45350708,2023-07-21 17:03:33.000 UTC,0x3c499c542cef5e3811e1192ce70d8cc03d5c3359,0x,0xffa4e6181777692565cf28528fc88fd1516ea86b56da075235fa575af6a4b855,0x000000000000000000000000cc84179ffd19a1627e79f8648d09e095252bc418,,0xd88381978be09444c3eea35db1da1116e746f78b60919eeb9e6c5736413cf64b
45350711,2023-07-21 17:03:39.000 UTC,0x3c499c542cef5e3811e1192ce70d8cc03d5c3359,0x,0xffa4e6181777692565cf28528fc88fd1516ea86b56da075235fa575af6a4b855,0x000000000000000000000000d47438c816c9e7f2e2888e060936a499af9582b3,,0xa3d8f548ef47b5ac15a8c13dbc4ad2ed04d79feb129763e19d28b1c23ef3cd58
45350794,2023-07-21 17:06:35.000 UTC,0x3c499c542cef5e3811e1192ce70d8cc03d5c3359,0x,0xffa4e6181777692565cf28528fc88fd1516ea86b56da075235fa575af6a4b855,0x000000000000000000000000d5d6f8d9e784d0e26222ad3834500801a68d027d,,0x398532f8f8affe547a97a10ec4fcdfeecb7a4f4f13bb590cfe18e720342242a8
45350797,2023-07-21 17:06:41.000 UTC,0x3c499c542cef5e3811e1192ce70d8cc03d5c3359,0x,0xffa4e6181777692565cf28528fc88fd1516ea86b56da075235fa575af6a4b855,0x000000000000000000000000df231d99ff8b6c6cbf4e9b9a945cbacef9339178,,0xe318ea426fe25e8e785dd1bde5667e4a9a7da5cbcd2ff83945023a920b77da9d
45350800,2023-07-21 17:06:49.000 UTC,0x3c499c542cef5e3811e1192ce70d8cc03d5c3359,0x,0xffa4e6181777692565cf28528fc88fd1516ea86b56da075235fa575af6a4b855,0x000000000000000000000000edc5d01286f99a066559f60a585406f3878a033e,,0x4b2e8dc1ee786390cacc8b08511b84ad4a76b37948b06cce44407d2b8c3deec4
45350803,2023-07-21 17:06:55.000 UTC,0x3c499c542cef5e3811e1192ce70d8cc03d5c3359,0x,0xffa4e6181777692565cf28528fc88fd1516ea86b56da075235fa575af6a4b855,0x0000000000000000000000000e3a09dda6b20afbb34ac7cd4a6881493f3e7bf7,,0x14463aeb35560af42b95e5c40aee8c593b475f949c21d390bead0d679e8b6a3d
45350807,2023-07-21 17:07:03.000 UTC,0x3c499c542cef5e3811e1192ce70d8cc03d5c3359,0x,0xffa4e6181777692565cf28528fc88fd1516ea86b56da075235fa575af6a4b855,0x00000000000000000000000005e0b5b40b7b66098c2161a5ee11c5740a3a7c45,,0x65d74f71bda2d387750e2e09df63b85bbff6394f26d3f16a6ea0787181d01fda
45350811,2023-07-21 17:07:11.000 UTC,0x3c499c542cef5e3811e1192ce70d8cc03d5c3359,0x,0xffa4e6181777692565cf28528fc88fd1516ea86b56da075235fa575af6a4b855,0x000000000000000000000000d0975b32cea532eadddfc9c60481976e39db3472,,0xfa098a0920fcd9e562e9aba31932e6d184d9c546abb97d0f682b089b3f46aa36
45350814,2023-07-21 17:07:17.000 UTC,0x3c499c542cef5e3811e1192ce70d8cc03d5c3359,0x,0xffa4e6181777692565cf28528fc88fd1516ea86b56da075235fa575af6a4b855,0x0000000000000000000000001967d8af5bd86a497fb3dd7899a020e47560daaf,,0x56aed2384ed5ab9d5e49b7c199c3ce1080c00ef847168bc917a1df9ed424de3e
45350829,2023-07-21 17:07:49.000 UTC,0x3c499c542cef5e3811e1192ce70d8cc03d5c3359,0x,0xffa4e6181777692565cf28528fc88fd1516ea86b56da075235fa575af6a4b855,0x0000000000000000000000001967d8af5bd86a497fb3dd7899a020e47560daaf,,0xcb807b013c7c549ed1e466ad67c48914f03dd499c6f5fca2839b51fb880241c6
45350832,2023-07-21 17:07:57.000 UTC,0x3c499c542cef5e3811e1192ce70d8cc03d5c3359,0x,0xffa4e6181777692565cf28528fc88fd1516ea86b56da075235fa575af6a4b855,0x00000000000000000000000083e5bc4ffa856bb84bb88581f5dd62a433a25e0d,,0x7d5e337bfce32ccb7402bdce921e8912ff3891399513ef0331be8a0e6698c977
45350835,2023-07-21 17:08:03.000 UTC,0x3c499c542cef5e3811e1192ce70d8cc03d5c3359,0x,0xffa4e6181777692565cf28528fc88fd1516ea86b56da075235fa575af6a4b855,0x00000000000000000000000008b2efdcdb8822efe5ad0eae55517cf5dc544251,,0x0f750a6f9d158a460ab006765aeb6a7b8cb351a0cef4f1e9324ca4504369865f
45350839,2023-07-21 17:08:11.000 UTC,0x3c499c542cef5e3811e1192ce70d8cc03d5c3359,0x,0xffa4e6181777692565cf28528fc88fd1516ea86b56da075235fa575af6a4b855,0x00000000000000000000000004dba1194ee10112fe6c3207c0687def0e78bacf,,0x973081f4e29bc1a1f79d5da04cef1e8f206ccc1a92a9b22933e449ec10140199
45350842,2023-07-21 17:08:17.000 UTC,0x3c499c542cef5e3811e1192ce70d8cc03d5c3359,0x,0xffa4e6181777692565cf28528fc88fd1516ea86b56da075235fa575af6a4b855,0x0000000000000000000000000ee5067b06776a89ccc7dc8ee369984ad7db5e06,,0xd0870ea85c98335d8a2207cec3d512b20236b7ca7e00408fbf01d58f28374b9c
45350845,2023-07-21 17:08:23.000 UTC,0x3c499c542cef5e3811e1192ce70d8cc03d5c3359,0x,0xffa4e6181777692565cf28528fc88fd1516ea86b56da075235fa575af6a4b855,0x000000000000000000000000502371699497d08d5339c870851898d6d72521dd,,0x29a7d54b9a12296b5d3db93b7611061d4d753e3fea5a423d2672a12b4d572145
45350848,2023-07-21 17:08:31.000 UTC,0x3c499c542cef5e3811e1192ce70d8cc03d5c3359,0x,0xffa4e6181777692565cf28528fc88fd1516ea86b56da075235fa575af6a4b855,0x0000000000000000000000005a14e72060c11313e38738009254a90968f58f51,,0x016953b5f7c7a790463efa4c67170562b08071c768336f7c9489c9c501b4cce0
45350851,2023-07-21 17:08:37.000 UTC,0x3c499c542cef5e3811e1192ce70d8cc03d5c3359,0x,0xffa4e6181777692565cf28528fc88fd1516ea86b56da075235fa575af6a4b855,0x000000000000000000000000efe301d259f525ca1ba74a7977b80d5b060b3cca,,0x17c6f5f0e3d0c2e4eb3bfbb2069f9ce5fb53e8b3aca4e51c9ba054b7b87200aa
45466368,2023-07-24 15:13:19.000 UTC,0x3c499c542cef5e3811e1192ce70d8cc03d5c3359,0x,0xffa4e6181777692565cf28528fc88fd1516ea86b56da075235fa575af6a4b855,0x00000000000000000000000039d908dac893cbcb53cc86e0ecc369aa4def1a29,,0x8499d313b7912228928bac1c949106524190db4d6ab5a45a9122ded228df5d9d
45466368,2023-07-24 15:13:19.000 UTC,0x3c499c542cef5e3811e1192ce70d8cc03d5c3359,0x,0xffa4e6181777692565cf28528fc88fd1516ea86b56da075235fa575af6a4b855,0x0000000000000000000000004f47bc496083c727c5fbe3ce9cdf2b0f6496270c,,0x9064381eee403a6c9e57e93b8e756ebb98ec52ae515fc12909eebfd850644cca
45466464,2023-07-24 15:16:43.000 UTC,0x3c499c542cef5e3811e1192ce70d8cc03d5c3359,0x,0xffa4e6181777692565cf28528fc88fd1516ea86b56da075235fa575af6a4b855,0x00000000000000000000000038735f03b30fbc022ddd06abed01f0ca823c6a94,,0x4a7312048605edb5831fe26c90744c57605edb1c065297535735d8b5cbf2f28c
45466478,2023-07-24 15:17:11.000 UTC,0x3c499c542cef5e3811e1192ce70d8cc03d5c3359,0x,0xffa4e6181777692565cf28528fc88fd1516ea86b56da075235fa575af6a4b855,0x00000000000000000000000097b1043abd9e6fc31681635166d430a458d14f9c,,0x0b9856767cef4a31765b6ab76e3d1ce9845d62f673665ca2ce9e3a6d33cdd4d7
45466485,2023-07-24 15:17:27.000 UTC,0x3c499c542cef5e3811e1192ce70d8cc03d5c3359,0x,0xffa4e6181777692565cf28528fc88fd1516ea86b56da075235fa575af6a4b855,0x000000000000000000000000b6f5ec1a0a9cd1526536d3f0426c429529471f40,,0x728da6fb2c188404e4c9dade87d6b0f2dcc52295746c92834b44e65bae663e1e
45750069,2023-07-31 18:35:21.000 UTC,0x3c499c542cef5e3811e1192ce70d8cc03d5c3359,0x,0xffa4e6181777692565cf28528fc88fd1516ea86b56da075235fa575af6a4b855,0x000000000000000000000000d71c94052989e209ba713deb66e0a8f72b913b70,,0xca4036168c3bd55f89fa348d1fe4eee7979974c73a7236e253b2221c19e5f4d8
46383378,2023-08-16 16:52:28.000 UTC,0x3c499c542cef5e3811e1192ce70d8cc03d5c3359,0x,0xffa4e6181777692565cf28528fc88fd1516ea86b56da075235fa575af6a4b855,0x000000000000000000000000f3d6c185f4c4dbda02590a22e2c56923ba39aec0,,0x5fd1346fec22760441490f0350daf7c585eaa1fbefe0c0e0086fea75b00434bb
46383596,2023-08-16 17:00:10.000 UTC,0x3c499c542cef5e3811e1192ce70d8cc03d5c3359,0x,0x117e3210bb9aa7d9baff172026820255c6f6c30ba8999d1c2fd88e2848137c4e,0x000000000000000000000000f3d6c185f4c4dbda02590a22e2c56923ba39aec0,,0x3262d5a08e3a76361443a57944e57882d1089b62e4bb3b6c933ef98045fa5457
46696705,2023-08-24 12:39:22.000 UTC,0x3c499c542cef5e3811e1192ce70d8cc03d5c3359,0x,0xffa4e6181777692565cf28528fc88fd1516ea86b56da075235fa575af6a4b855,0x000000000000000000000000dcbeffbecce100cce9e4b153c4e15cb885643193,,0xeb56ec3c8033d971b47bc16942d2567ad5517d2f57324df63bb701cd3ccb9e95
46696718,2023-08-24 12:39:48.000 UTC,0x3c499c542cef5e3811e1192ce70d8cc03d5c3359,0x,0xffa4e6181777692565cf28528fc88fd1516ea86b56da075235fa575af6a4b855,0x0000000000000000000000005f48c2a71b2cc96e3f0ccae4e39318ff0dc375b2,,0x439a278842b344e46908d48409fb72331239e6bb0f7b2a4262ff253bff78a78a
46696730,2023-08-24 12:40:14.000 UTC,0x3c499c542cef5e3811e1192ce70d8cc03d5c3359,0x,0xffa4e6181777692565cf28528fc88fd1516ea86b56da075235fa575af6a4b855,0x0000000000000000000000005a7a51bfb49f190e5a6060a5bc6052ac14a3b59f,,0x434d775ff8f3bd0d26add9c45262927ad24d898552932b439513a220d86e0529
46696740,2023-08-24 12:40:36.000 UTC,0x3c499c542cef5e3811e1192ce70d8cc03d5c3359,0x,0xffa4e6181777692565cf28528fc88fd1516ea86b56da075235fa575af6a4b855,0x000000000000000000000000ed6e0a7e4ac94d976eebfb82ccf777a3c6bad921,,0xe4543c2fcaee443b2c031d49dc9fd141c10546dd45ef80e34d059648723d4c3c
46696753,2023-08-24 12:41:04.000 UTC,0x3c499c542cef5e3811e1192ce70d8cc03d5c3359,0x,0xffa4e6181777692565cf28528fc88fd1516ea86b56da075235fa575af6a4b855,0x000000000000000000000000797d7ae72ebddcdea2a346c1834e04d1f8df102b,,0x65bd8adf111ec8256f7f5e2688a91cf12fd10c7aebb344eb9e37675d03311551
46696760,2023-08-24 12:41:18.000 UTC,0x3c499c542cef5e3811e1192ce70d8cc03d5c3359,0x,0xffa4e6181777692565cf28528fc88fd1516ea86b56da075235fa575af6a4b855,0x000000000000000000000000931546d9e66836abf687d2bc64b30407bac8c568,,0xc8012a6806ae291c57e834deef77489950b5d59394dd2e92bed67f8ef31d0fb3
46696774,2023-08-24 12:41:48.000 UTC,0x3c499c542cef5e3811e1192ce70d8cc03d5c3359,0x,0xffa4e6181777692565cf28528fc88fd1516ea86b56da075235fa575af6a4b855,0x00000000000000000000000043fa21d92141ba9db43052492e0deee5aa5f0a93,,0xeb44b3cc6f3067185b24c0e19e66930ebbb078a0cedfaf081ab77f6c2e2d1061
46696787,2023-08-24 12:42:16.000 UTC,0x3c499c542cef5e3811e1192ce70d8cc03d5c3359,0x,0xffa4e6181777692565cf28528fc88fd1516ea86b56da075235fa575af6a4b855,0x0000000000000000000000006be0ae71e6c41f2f9d0d1a3b8d0f75e6f6a0b46e,,0x6614ae2e6050536f15bf444d27af4037eda131617d4e7f02bf9a5be48bdfc315
48029951,2023-09-27 03:28:57.000 UTC,0x3c499c542cef5e3811e1192ce70d8cc03d5c3359,0x,0xffa4e6181777692565cf28528fc88fd1516ea86b56da075235fa575af6a4b855,0x0000000000000000000000009c2bc757b66f24d60f016b6237f8cdd414a879fa,,0xb72b5f40b8a5fd87c3440775905be90fe3c9335af3e86691c524d4b2066bed4c
48299167,2023-10-04 02:00:02.000 UTC,0x3c499c542cef5e3811e1192ce70d8cc03d5c3359,0x,0xffa4e6181777692565cf28528fc88fd1516ea86b56da075235fa575af6a4b855,0x000000000000000000000000530a64c0ce595026a4a556b703644228179e2d57,,0x5d6bac98ebf543c09a274e047ca596bfae09336cd097904e2a0e854aab604463
48299173,2023-10-04 02:00:16.000 UTC,0x3c499c542cef5e3811e1192ce70d8cc03d5c3359,0x,0xffa4e6181777692565cf28528fc88fd1516ea86b56da075235fa575af6a4b855,0x0000000000000000000000002e13ea767da12f504ceaaaebe5950488498dc2d2,,0x51528b93f3cc890ee562cd927240798ee81ec111126d7b807c441e9d309da87f
48299187,2023-10-04 02:00:46.000 UTC,0x3c499c542cef5e3811e1192ce70d8cc03d5c3359,0x,0xffa4e6181777692565cf28528fc88fd1516ea86b56da075235fa575af6a4b855,0x0000000000000000000000007de5ab1914e241177344936dc33b4a8157c98248,,0x274124d79c672f0c129c157e3e04a9788aca7e931e701f9f1f3be2a585ca646c
48299196,2023-10-04 02:01:04.000 UTC,0x3c499c542cef5e3811e1192ce70d8cc03d5c3359,0x,0xffa4e6181777692565cf28528fc88fd1516ea86b56da075235fa575af6a4b855,0x000000000000000000000000fac583c0cf07ea434052c49115a4682172ab6b4f,,0x028a095926c98a6709ed6a8c3245bd137d2ed4d5ebe1effecc1cf0816f291852
48299210,2023-10-04 02:01:34.000 UTC,0x3c499c542cef5e3811e1192ce70d8cc03d5c3359,0x,0xffa4e6181777692565cf28528fc88fd1516ea86b56da075235fa575af6a4b855,0x000000000000000000000000be5e683633ddd17d8a89b4e10860a0e426c5ed24,,0x2e1ca6afb064a2f419e97d89b88195548010f7b2b9d014ecdb8d9d4703cb2462
48299215,2023-10-04 02:01:44.000 UTC,0x3c499c542cef5e3811e1192ce70d8cc03d5c3359,0x,0xffa4e6181777692565cf28528fc88fd1516ea86b56da075235fa575af6a4b855,0x000000000000000000000000961c5be54a2ffc17cf4cb021d863c42dacd47fc1,,0x56354738169215e77f5b4a5cca336b84831f678e4dbf8d39e41ec998d20278f6
48299232,2023-10-04 02:02:22.000 UTC,0x3c499c542cef5e3811e1192ce70d8cc03d5c3359,0x,0xffa4e6181777692565cf28528fc88fd1516ea86b56da075235fa575af6a4b855,0x000000000000000000000000a6cc8ab881debc3c9e8adb32549d0cbe614168c5,,0x84bbc8f28839ae505ae5a4cbc9ff12abc023b091e7c567a029f1ecd9abef6259
48299236,2023-10-04 02:02:30.000 UTC,0x3c499c542cef5e3811e1192ce70d8cc03d5c3359,0x,0xffa4e6181777692565cf28528fc88fd1516ea86b56da075235fa575af6a4b855,0x000000000000000000000000983a81ca6fb1e441266d2fbcb7d8e530ac2e05a2,,0x410cb9b5bf29a5e0d4eb01b5bcf4b3eed382d509bebdaa5b72cd1dd7a4dae694
53206887,2024-02-06 21:15:35.000 UTC,0x3c499c542cef5e3811e1192ce70d8cc03d5c3359,0x,0x117e3210bb9aa7d9baff172026820255c6f6c30ba8999d1c2fd88e2848137c4e,0x0000000000000000000000006acdfba02d390b97ac2b2d42a63e85293bcc160e,,0x87ae6ef210bb2ed6bd6a39dac9ac628aab631328fd7b16b6d407f3d1744177ab
53784241,2024-02-21 12:39:45.000 UTC,0x3c499c542cef5e3811e1192ce70d8cc03d5c3359,0x,0xffa4e6181777692565cf28528fc88fd1516ea86b56da075235fa575af6a4b855,0x000000000000000000000000f3701f445b6bdafedbca97d1e477357839e4120d,,0x5333eb2a41a460044261bda440e600ef97e5031c75c5fe3b9c61998f2874f4ec
54914784,2024-03-21 12:52:50.000 UTC,0x3c499c542cef5e3811e1192ce70d8cc03d5c3359,0x,0xffa4e6181777692565cf28528fc88fd1516ea86b56da075235fa575af6a4b855,0x0000000000000000000000002f04f39923a77430eca036e14ce44dbd11175747,,0x70e18923cbefdd1402e859518f222192ec8cb16a582a427fb0358152bd165f86
54914803,2024-03-21 12:53:30.000 UTC,0x3c499c542cef5e3811e1192ce70d8cc03d5c3359,0x,0xffa4e6181777692565cf28528fc88fd1516ea86b56da075235fa575af6a4b855,0x0000000000000000000000007be6fe8c528273a3a072a538e12c08500bf4d328,,0x6e0610517c1d7a2f9b9d7baa6fce747d33a07f980a56ebedaaa23700275ee978
55137690,2024-03-27 12:14:56.000 UTC,0x3c499c542cef5e3811e1192ce70d8cc03d5c3359,0x,0xffa4e6181777692565cf28528fc88fd1516ea86b56da075235fa575af6a4b855,0x000000000000000000000000dda5554510366179ddb442b8a82bc737c3ac77c5,,0x4a3e86ed64f33619e1314f75937b78090288f154c9c3827e271be7e52bcf3b4f
55155081,2024-03-27 23:18:19.000 UTC,0x3c499c542cef5e3811e1192ce70d8cc03d5c3359,0x,0xffa4e6181777692565cf28528fc88fd1516ea86b56da075235fa575af6a4b855,0x000000000000000000000000175d44451403edf28469df03a9280c1197adb92c,,0x8b64beac51188f0bf78c4143665cdb429a3db5f10b5f410ef33ef0cd7fa19844
55155088,2024-03-27 23:18:47.000 UTC,0x3c499c542cef5e3811e1192ce70d8cc03d5c3359,0x,0xffa4e6181777692565cf28528fc88fd1516ea86b56da075235fa575af6a4b855,0x0000000000000000000000004576847b1cf999843ba6620815e65a9c5e8a4021,,0xfa239539e51c48be8ab0f6d6bfde872a9d29f1765dc30f4c833f97279e428751
55155101,2024-03-27 23:19:13.000 UTC,0x3c499c542cef5e3811e1192ce70d8cc03d5c3359,0x,0xffa4e6181777692565cf28528fc88fd1516ea86b56da075235fa575af6a4b855,0x000000000000000000000000e950dc316b836e4eefb8308bf32bf7c72a1358ff,,0x13170cab6b39b6fad6633ba35cefd7321a4e5a0a0822a1972b87921a312b4ec0
55155114,2024-03-27 23:19:41.000 UTC,0x3c499c542cef5e3811e1192ce70d8cc03d5c3359,0x,0xffa4e6181777692565cf28528fc88fd1516ea86b56da075235fa575af6a4b855,0x0000000000000000000000004ea7eefc2dcb250c1f069ecaf1e2ae3488059ac2,,0x06c2990607b2a49713692c9b62e7bda7652109e073eaa0f9efa8dc8cb9d280e1
55155120,2024-03-27 23:19:55.000 UTC,0x3c499c542cef5e3811e1192ce70d8cc03d5c3359,0x,0xffa4e6181777692565cf28528fc88fd1516ea86b56da075235fa575af6a4b855,0x000000000000000000000000c24ec5a84cae3d3418b34a1e30b3372c4b25bd0f,,0xcf651bb3e8bec1404922f317289339b233f561061accf95ab8fcccdd91017755
55155132,2024-03-27 23:20:19.000 UTC,0x3c499c542cef5e3811e1192ce70d8cc03d5c3359,0x,0xffa4e6181777692565cf28528fc88fd1516ea86b56da075235fa575af6a4b855,0x00000000000000000000000021b8d56bda776bbe68655a16895afd96f5534fed,,0x15c8a379adefc983cc7c3117c71df31b1567b2c5200fbdef2aaa93662df4b2ff
56391764,2024-04-29 17:01:15.000 UTC,0x3c499c542cef5e3811e1192ce70d8cc03d5c3359,0x,0xffa4e6181777692565cf28528fc88fd1516ea86b56da075235fa575af6a4b855,0x0000000000000000000000006a1544f72a2a275715e8d5924e6d8a017f0e41ed,,0x487cb4c94581764eb2807847249e059625333c4e4c968a22d02b36c0e3090e68
56478692,2024-05-02 02:26:37.000 UTC,0x3c499c542cef5e3811e1192ce70d8cc03d5c3359,0x,0xffa4e6181777692565cf28528fc88fd1516ea86b56da075235fa575af6a4b855,0x00000000000000000000000019f8f2b0915daa12a3f5c9cf01df9e24d53794f7,,0xed387ec8d068d1a5edb86f60af8322e66a51a23003caf2c8246e897197bc698d
56478791,2024-05-02 02:30:29.000 UTC,0x3c499c542cef5e3811e1192ce70d8cc03d5c3359,0x,0xffa4e6181777692565cf28528fc88fd1516ea86b56da075235fa575af6a4b855,0x0000000000000000000000003e14d41891a30ac7473556d7c3256a5ddf9ef1aa,,0x3240c67800c9a5c88000fd27a8fad1ed5c790cf7d46102f02ba039875e3267aa
57510945,2024-05-29 01:59:22.000 UTC,0x3c499c542cef5e3811e1192ce70d8cc03d5c3359,0x,0xffa4e6181777692565cf28528fc88fd1516ea86b56da075235fa575af6a4b855,0x000000000000000000000000e1d865c3d669dcc8c57c8d023140cb204e672ee4,,0x0cc11aa8f923be6e5ebfe6cd0179c64d172b8b8fad1fe86b50a8aae67b5573c5
57510946,2024-05-29 01:59:24.000 UTC,0x3c499c542cef5e3811e1192ce70d8cc03d5c3359,0x,0xffa4e6181777692565cf28528fc88fd1516ea86b56da075235fa575af6a4b855,0x0000000000000000000000000e6b8e34dc115a2848f585851af23d99d09b8463,,0xf6d18330cc2c1158002a53ccf1da155245486849f555f2ec0f031ce25ba4b504
60964292,2024-08-24 02:15:35.000 UTC,0x3c499c542cef5e3811e1192ce70d8cc03d5c3359,0x,0xffa4e6181777692565cf28528fc88fd1516ea86b56da075235fa575af6a4b855,0x00000000000000000000000071d2e218a56a1c0c12e1ff4b4c2731a1c3a4f4ce,,0x365a30b7f2cb8198883d454ff50c7c38e23688714ff9b4d837bac6c6a0701de6
61800472,2024-09-14 04:07:55.000 UTC,0x3c499c542cef5e3811e1192ce70d8cc03d5c3359,0x,0xffa4e6181777692565cf28528fc88fd1516ea86b56da075235fa575af6a4b855,0x000000000000000000000000290b6ebbdca04ee984fb8617e1b92deea23052e3,,0xa2f4bc6b3d04eb4ea84c5554f83d576ed3a4e3a7f4f9b0cf25534aea2254d183
62463464,2024-09-30 14:13:43.000 UTC,0x3c499c542cef5e3811e1192ce70d8cc03d5c3359,0x,0xffa4e6181777692565cf28528fc88fd1516ea86b56da075235fa575af6a4b855,0x0000000000000000000000000931ca4d13bb4ba75d9b7132ab690265d749a5e7,,0xc5bfca99d8c269088effb07d647f63bb9229d9b3605c336491b208e3fbf1d073
62463477,2024-09-30 14:14:11.000 UTC,0x3c499c542cef5e3811e1192ce70d8cc03d5c3359,0x,0xffa4e6181777692565cf28528fc88fd1516ea86b56da075235fa575af6a4b855,0x000000000000000000000000bff703730a21167e430ff151128592a98786b9b4,,0x3b4cfec6162c308b4b9eb302fc17f6991c79ab709d4defc099c0d6d24bd4851f
65101739,2024-12-05 05:44:26.000 UTC,0x3c499c542cef5e3811e1192ce70d8cc03d5c3359,0x,0xffa4e6181777692565cf28528fc88fd1516ea86b56da075235fa575af6a4b855,0x000000000000000000000000282ae5965fe400f3cb929182e0963f3794df01fc,,0x64aabfc18b77330aea8c31b46ab8629e25f291589e41cdfffbe8d56ad454e51f
65101862,2024-12-05 05:48:48.000 UTC,0x3c499c542cef5e3811e1192ce70d8cc03d5c3359,0x,0xffa4e6181777692565cf28528fc88fd1516ea86b56da075235fa575af6a4b855,0x0000000000000000000000001999ef52700c34de7ec2b68a28aafb37db0c5ade,,0x69a34fd44c77a17c571e5296644864db287052b00f9853b218a86d6d940949c5
65698313,2024-12-20 04:09:33.000 UTC,0x3c499c542cef5e3811e1192ce70d8cc03d5c3359,0x,0xffa4e6181777692565cf28528fc88fd1516ea86b56da075235fa575af6a4b855,0x000000000000000000000000721537670ae01aa0d60585457b7534025b0041ac,,0x407db44b434f1dbcc1bc2a7def65ac98ae72e031989e438a03a77581699ffd74
65698331,2024-12-20 04:10:11.000 UTC,0x3c499c542cef5e3811e1192ce70d8cc03d5c3359,0x,0xffa4e6181777692565cf28528fc88fd1516ea86b56da075235fa575af6a4b855,0x00000000000000000000000054b475ef92f861975945954bfa1080dda9cd346e,,0x76fce6abaa6552c4649bcb23ccc22e84a82123017a664d44bf31a516ded94434
65698348,2024-12-20 04:10:49.000 UTC,0x3c499c542cef5e3811e1192ce70d8cc03d5c3359,0x,0xffa4e6181777692565cf28528fc88fd1516ea86b56da075235fa575af6a4b855,0x000000000000000000000000d19df746fd2a145588b3a22672bacfd2e5454f61,,0x5004dde6683ca26fc01634923b0ffcfce52a7e6334067a23db29df9cb11591b8
65698359,2024-12-20 04:11:13.000 UTC,0x3c499c542cef5e3811e1192ce70d8cc03d5c3359,0x,0xffa4e6181777692565cf28528fc88fd1516ea86b56da075235fa575af6a4b855,0x000000000000000000000000bc92595dd3e8f5092471c99b9084a72d333c7d07,,0x3f70a4e8b4b3d64b3678b59406139d9544c225cd336ad16a8e20b0c917c93857
65698364,2024-12-20 04:11:23.000 UTC,0x3c499c542cef5e3811e1192ce70d8cc03d5c3359,0x,0xffa4e6181777692565cf28528fc88fd1516ea86b56da075235fa575af6a4b855,0x0000000000000000000000003a0245de38273e7852dce97de3bae18c0010013e,,0x427319f3b36c8ec018e8063cf2d9291d32cf5c49933a4c88b949113d3d0454a4
68332435,2025-02-24 23:12:50.000 UTC,0x3c499c542cef5e3811e1192ce70d8cc03d5c3359,0x,0xffa4e6181777692565cf28528fc88fd1516ea86b56da075235fa575af6a4b855,0x000000000000000000000000002471b8a185f9980708d0eaec5b289714f56f8d,,0x62f2bfd1c43ef91ab2e6f492639e75fe3e94ca2378a12abe0e0cfcbe90c8e9a6
68332477,2025-02-24 23:14:18.000 UTC,0x3c499c542cef5e3811e1192ce70d8cc03d5c3359,0x,0xffa4e6181777692565cf28528fc88fd1516ea86b56da075235fa575af6a4b855,0x0000000000000000000000003051ca7cb7f6c599fa2f27385ad75010cf0f2bbf,,0xc5c0bffb6fdccc70f31e29c46c2917d3a172e81c30c2d044e0bdb766adc1f031
68332499,2025-02-24 23:15:06.000 UTC,0x3c499c542cef5e3811e1192ce70d8cc03d5c3359,0x,0xffa4e6181777692565cf28528fc88fd1516ea86b56da075235fa575af6a4b855,0x0000000000000000000000000078ef2d7baf87bf6c4ca49b19efd1e05f57ac30,,0x4bd25e72e29d773020c4d0a6340575eca882a8e8fd96213670be494ab46825ef
69342177,2025-03-22 01:23:03.000 UTC,0x3c499c542cef5e3811e1192ce70d8cc03d5c3359,0x,0x117e3210bb9aa7d9baff172026820255c6f6c30ba8999d1c2fd88e2848137c4e,0x0000000000000000000000008589427373d6d84e98730d7795d8f6f8731fda16,,0x85421f88523d2e4ec9104c0c53d794b85320910f6160f157fbb2cd6f72c1a5e5
69342179,2025-03-22 01:23:07.000 UTC,0x3c499c542cef5e3811e1192ce70d8cc03d5c3359,0x,0x117e3210bb9aa7d9baff172026820255c6f6c30ba8999d1c2fd88e2848137c4e,0x000000000000000000000000722122df12d4e14e13ac3b6895a86e84145b6967,,0x5f8911f130f203be64fb5c2282124559a803819b60beb2d6a3db860f56d0a523
69342181,2025-03-22 01:23:11.000 UTC,0x3c499c542cef5e3811e1192ce70d8cc03d5c3359,0x,0x117e3210bb9aa7d9baff172026820255c6f6c30ba8999d1c2fd88e2848137c4e,0x000000000000000000000000dd4c48c0b24039969fc16d1cdf626eab821d3384,,0x3385bbb5be185d2a92df3662a1f44a4ea7f246a72dd38241fe493a6f91b8d197
69342183,2025-03-22 01:23:15.000 UTC,0x3c499c542cef5e3811e1192ce70d8cc03d5c3359,0x,0x117e3210bb9aa7d9baff172026820255c6f6c30ba8999d1c2fd88e2848137c4e,0x000000000000000000000000d90e2f925da726b50c4ed8d0fb90ad053324f31b,,0xd9f0bf55de99e7d3384ecb51c03123fa9c37276ba522fb475a0a1860cd495a86
69342185,2025-03-22 01:23:19.000 UTC,0x3c499c542cef5e3811e1192ce70d8cc03d5c3359,0x,0x117e3210bb9aa7d9baff172026820255c6f6c30ba8999d1c2fd88e2848137c4e,0x000000000000000000000000d96f2b1c14db8458374d9aca76e26c3d18364307,,0x5e891e000e1b0a1178a8256aadeb6d1020c07685c1835ea486929a2698d26305
69342187,2025-03-22 01:23:23.000 UTC,0x3c499c542cef5e3811e1192ce70d8cc03d5c3359,0x,0x117e3210bb9aa7d9baff172026820255c6f6c30ba8999d1c2fd88e2848137c4e,0x0000000000000000000000004736dcf1b7a3d580672cce6e7c65cd5cc9cfba9d,,0xda2a6f27b76498c411b4fbe836278942bec04ba3b5914f6c985f43e0ac902f95
69342189,2025-03-22 01:23:27.000 UTC,0x3c499c542cef5e3811e1192ce70d8cc03d5c3359,0x,0x117e3210bb9aa7d9baff172026820255c6f6c30ba8999d1c2fd88e2848137c4e,0x000000000000000000000000d4b88df4d29f5cedd6857912842cff3b20c8cfa3,,0xf49d40a6f7831ce075490137c32064559a95e600ad35444f3c31a9960992a58a
69342191,2025-03-22 01:23:31.000 UTC,0x3c499c542cef5e3811e1192ce70d8cc03d5c3359,0x,0x117e3210bb9aa7d9baff172026820255c6f6c30ba8999d1c2fd88e2848137c4e,0x000000000000000000000000910cbd523d972eb0a6f4cae4618ad62622b39dbf,,0x5dea1f8a2d4d2abac074af077b6a637e95879f5610103ac03d63a701d22c7c81
69342193,2025-03-22 01:23:37.000 UTC,0x3c499c542cef5e3811e1192ce70d8cc03d5c3359,0x,0x117e3210bb9aa7d9baff172026820255c6f6c30ba8999d1c2fd88e2848137c4e,0x000000000000000000000000a160cdab225685da1d56aa342ad8841c3b53f291,,0x95e6927e4bb7fb4b8b1c882fd4967c08b4d7793c630ef992dd1e8080170306b6
69342195,2025-03-22 01:23:41.000 UTC,0x3c499c542cef5e3811e1192ce70d8cc03d5c3359,0x,0x117e3210bb9aa7d9baff172026820255c6f6c30ba8999d1c2fd88e2848137c4e,0x000000000000000000000000fd8610d20aa15b7b2e3be39b396a1bc3516c7144,,0x436fd1bc95fb91d8a2f67b49a0a7ed63795d8f75736652725286c3dd14332d1f
69342197,2025-03-22 01:23:45.000 UTC,0x3c499c542cef5e3811e1192ce70d8cc03d5c3359,0x,0x117e3210bb9aa7d9baff172026820255c6f6c30ba8999d1c2fd88e2848137c4e,0x000000000000000000000000f60dd140cff0706bae9cd734ac3ae76ad9ebc32a,,0xcc0a574290a19be79245709a6eb4500bdcf60fa9381b5bbd3789162bfd6ce958
69342199,2025-03-22 01:23:49.000 UTC,0x3c499c542cef5e3811e1192ce70d8cc03d5c3359,0x,0x117e3210bb9aa7d9baff172026820255c6f6c30ba8999d1c2fd88e2848137c4e,0x00000000000000000000000022aaa7720ddd5388a3c0a3333430953c68f1849b,,0x7a96a6838e0fc281433cd830629e018bbb69fbcd8f8ef7f1ca6da507a715118a
69342201,2025-03-22 01:23:53.000 UTC,0x3c499c542cef5e3811e1192ce70d8cc03d5c3359,0x,0x117e3210bb9aa7d9baff172026820255c6f6c30ba8999d1c2fd88e2848137c4e,0x000000000000000000000000ba214c1c1928a32bffe790263e38b4af9bfcd659,,0xb41d630b37c29f1c939d70452615ad579b598e10864467c5e795153f2565b536
69342203,2025-03-22 01:23:57.000 UTC,0x3c499c542cef5e3811e1192ce70d8cc03d5c3359,0x,0x117e3210bb9aa7d9baff172026820255c6f6c30ba8999d1c2fd88e2848137c4e,0x000000000000000000000000b1c8094b234dce6e03f10a5b673c1d8c69739a00,,0x15aa0ef50cdac44aab8bb82f5eed64686db8ca34be16d18b0ea63a029f7e78b2
69342205,2025-03-22 01:24:01.000 UTC,0x3c499c542cef5e3811e1192ce70d8cc03d5c3359,0x,0x117e3210bb9aa7d9baff172026820255c6f6c30ba8999d1c2fd88e2848137c4e,0x000000000000000000000000527653ea119f3e6a1f5bd18fbf4714081d7b31ce,,0xb64eec6a299c1c399b62020ce7287ed34de996241929e6fe7d7a2437c0dfeaed
69342207,2025-03-22 01:24:05.000 UTC,0x3c499c542cef5e3811e1192ce70d8cc03d5c3359,0x,0x117e3210bb9aa7d9baff172026820255c6f6c30ba8999d1c2fd88e2848137c4e,0x00000000000000000000000058e8dcc13be9780fc42e8723d8ead4cf46943df2,,0xd7c7fa5f136c46df686094fe286f375a7a0754905f8389419f84a8a69782554b
69342209,2025-03-22 01:24:11.000 UTC,0x3c499c542cef5e3811e1192ce70d8cc03d5c3359,0x,0x117e3210bb9aa7d9baff172026820255c6f6c30ba8999d1c2fd88e2848137c4e,0x000000000000000000000000d691f27f38b395864ea86cfc7253969b409c362d,,0x7d0805da26c17b51a35e2b921a469403fd18545e3ea23e54e3d20ee3091d52c7
69342211,2025-03-22 01:24:15.000 UTC,0x3c499c542cef5e3811e1192ce70d8cc03d5c3359,0x,0x117e3210bb9aa7d9baff172026820255c6f6c30ba8999d1c2fd88e2848137c4e,0x000000000000000000000000aeaac358560e11f52454d997aaff2c5731b6f8a6,,0xb6c24c6fd38833dce002a331b6c2a98a47ed7e69c24723b47c85ff03e3b09fa7
69342213,2025-03-22 01:24:19.000 UTC,0x3c499c542cef5e3811e1192ce70d8cc03d5c3359,0x,0x117e3210bb9aa7d9baff172026820255c6f6c30ba8999d1c2fd88e2848137c4e,0x0000000000000000000000001356c899d8c9467c7f71c195612f8a395abf2f0a,,0xf30827f87c2320575877a4830f47a3d3f75736370a65a57cdd6cc689dd8be3fe
69342215,2025-03-22 01:24:23.000 UTC,0x3c499c542cef5e3811e1192ce70d8cc03d5c3359,0x,0x117e3210bb9aa7d9baff172026820255c6f6c30ba8999d1c2fd88e2848137c4e,0x000000000000000000000000a60c772958a3ed56c1f15dd055ba37ac8e523a0d,,0x8a86c6105de7225f7340691446a45e302265cfcfa7a1bb9f6dbb23349c8830bc
69342217,2025-03-22 01:24:27.000 UTC,0x3c499c542cef5e3811e1192ce70d8cc03d5c3359,0x,0x117e3210bb9aa7d9baff172026820255c6f6c30ba8999d1c2fd88e2848137c4e,0x000000000000000000000000169ad27a470d064dede56a2d3ff727986b15d52b,,0xab7c35730dc7773f3a0d5d4b40d5bdf4fbee31ba2d2022b2cdb80c56f53bc509
69342219,2025-03-22 01:24:31.000 UTC,0x3c499c542cef5e3811e1192ce70d8cc03d5c3359,0x,0x117e3210bb9aa7d9baff172026820255c6f6c30ba8999d1c2fd88e2848137c4e,0x0000000000000000000000000836222f2b2b24a3f36f98668ed8f0b38d1a872f,,0xb54c809528e0d8c2ba499693cfabe4f8cb8e88e056a4a09a9b93678e0d47c428
69342221,2025-03-22 01:24:35.000 UTC,0x3c499c542cef5e3811e1192ce70d8cc03d5c3359,0x,0x117e3210bb9aa7d9baff172026820255c6f6c30ba8999d1c2fd88e2848137c4e,0x000000000000000000000000f67721a2d8f736e75a49fdd7fad2e31d8676542a,,0x4296b6ecef5b46d0f1cc80ead07b7ec294680564f5bfd6d9ee2e82531f130b51
69342223,2025-03-22 01:24:39.000 UTC,0x3c499c542cef5e3811e1192ce70d8cc03d5c3359,0x,0x117e3210bb9aa7d9baff172026820255c6f6c30ba8999d1c2fd88e2848137c4e,0x0000000000000000000000009ad122c22b14202b4490edaf288fdb3c7cb3ff5e,,0xda0a7e6a0a32ba4e7e10fb3264372251da8fc77ad18ed02d9ab9609881568960
69342225,2025-03-22 01:24:45.000 UTC,0x3c499c542cef5e3811e1192ce70d8cc03d5c3359,0x,0x117e3210bb9aa7d9baff172026820255c6f6c30ba8999d1c2fd88e2848137c4e,0x00000000000000000000000007687e702b410fa43f4cb4af7fa097918ffd2730,,0x90544d8dfd460d1682f122bc0ce75ba924bf89255733d8ffdf9aefb7f91e5dbb
69342227,2025-03-22 01:24:49.000 UTC,0x3c499c542cef5e3811e1192ce70d8cc03d5c3359,0x,0x117e3210bb9aa7d9baff172026820255c6f6c30ba8999d1c2fd88e2848137c4e,0x00000000000000000000000094a1b5cdb22c43faab4abeb5c74999895464ddaf,,0x2ebab1f1601ace4807455f86c4b44730541edaaa0bde2430ada1f8b7ede380d8
69342229,2025-03-22 01:24:53.000 UTC,0x3c499c542cef5e3811e1192ce70d8cc03d5c3359,0x,0x117e3210bb9aa7d9baff172026820255c6f6c30ba8999d1c2fd88e2848137c4e,0x000000000000000000000000b541fc07bc7619fd4062a54d96268525cbc6ffef,,0x3f31f3576557a480160b99ba1a2b43987f865b187b9d3a38ec013fd3e37c0043
69342231,2025-03-22 01:24:57.000 UTC,0x3c499c542cef5e3811e1192ce70d8cc03d5c3359,0x,0x117e3210bb9aa7d9baff172026820255c6f6c30ba8999d1c2fd88e2848137c4e,0x00000000000000000000000012d66f87a04a9e220743712ce6d9bb1b5616b8fc,,0x425467b48140f2922096405b6c6fe0c13cff57951c9e838a7e61bba92c463aad
69342233,2025-03-22 01:25:01.000 UTC,0x3c499c542cef5e3811e1192ce70d8cc03d5c3359,0x,0x117e3210bb9aa7d9baff172026820255c6f6c30ba8999d1c2fd88e2848137c4e,0x00000000000000000000000047ce0c6ed5b0ce3d3a51fdb1c52dc66a7c3c2936,,0x2694673ed3230d303705165769d64616bc0b32b35566cf999f9fbc2f98139c39
69342235,2025-03-22 01:25:05.000 UTC,0x3c499c542cef5e3811e1192ce70d8cc03d5c3359,0x,0x117e3210bb9aa7d9baff172026820255c6f6c30ba8999d1c2fd88e2848137c4e,0x00000000000000000000000023773e65ed146a459791799d01336db287f25334,,0x3b8802123a96aadcc715dd7882a95af7a10640a2484f320b1154e6271a8388f2
69342237,2025-03-22 01:25:09.000 UTC,0x3c499c542cef5e3811e1192ce70d8cc03d5c3359,0x,0x117e3210bb9aa7d9baff172026820255c6f6c30ba8999d1c2fd88e2848137c4e,0x000000000000000000000000d21be7248e0197ee08e0c20d4a96debdac3d20af,,0x96b8ffff6088fc8cb2bc86db5ef151afb30150221c47b5ed52855d8d983be292
69342239,2025-03-22 01:25:13.000 UTC,0x3c499c542cef5e3811e1192ce70d8cc03d5c3359,0x,0x117e3210bb9aa7d9baff172026820255c6f6c30ba8999d1c2fd88e2848137c4e,0x000000000000000000000000610b717796ad172b316836ac95a2ffad065ceab4,,0x2fdc9db5c36e538175f43ecc6271046bede37d27b628594a9d65f4352ed0d515
69342241,2025-03-22 01:25:19.000 UTC,0x3c499c542cef5e3811e1192ce70d8cc03d5c3359,0x,0x117e3210bb9aa7d9baff172026820255c6f6c30ba8999d1c2fd88e2848137c4e,0x000000000000000000000000178169b423a011fff22b9e3f3abea13414ddd0f1,,0x2d683206c9289b38738e25e63e20da26c8b89c2579b3b707b3955734ef525e45
69342243,2025-03-22 01:25:23.000 UTC,0x3c499c542cef5e3811e1192ce70d8cc03d5c3359,0x,0x117e3210bb9aa7d9baff172026820255c6f6c30ba8999d1c2fd88e2848137c4e,0x000000000000000000000000bb93e510bbcd0b7beb5a853875f9ec60275cf498,,0x2c65b20dbba0dc9486b26ba81d2e2ea79c436824757d17466034dc909cc8fa0a
69342245,2025-03-22 01:25:27.000 UTC,0x3c499c542cef5e3811e1192ce70d8cc03d5c3359,0x,0x117e3210bb9aa7d9baff172026820255c6f6c30ba8999d1c2fd88e2848137c4e,0x0000000000000000000000002717c5e28cf931547b621a5dddb772ab6a35b701,,0x44fd58acfb9fbbfbccc66790a1fc80b7f4399382c63b07f7d6f3f6a7e3d38912
69342247,2025-03-22 01:25:31.000 UTC,0x3c499c542cef5e3811e1192ce70d8cc03d5c3359,0x,0x117e3210bb9aa7d9baff172026820255c6f6c30ba8999d1c2fd88e2848137c4e,0x00000000000000000000000003893a7c7463ae47d46bc7f091665f1893656003,,0xfbef91721366040183f4c76203a884a7e6154c5b5f118f7a6b34aeb271819785
69342249,2025-03-22 01:25:35.000 UTC,0x3c499c542cef5e3811e1192ce70d8cc03d5c3359,0x,0x117e3210bb9aa7d9baff172026820255c6f6c30ba8999d1c2fd88e2848137c4e,0x000000000000000000000000ca0840578f57fe71599d29375e16783424023357,,0x9624de6030df605ab64659bb0e767f5e2accf817618c0c42ae833ec583067645
69342251,2025-03-22 01:25:39.000 UTC,0x3c499c542cef5e3811e1192ce70d8cc03d5c3359,0x,0x117e3210bb9aa7d9baff172026820255c6f6c30ba8999d1c2fd88e2848137c4e,0x00000000000000000000000001e2919679362dfbc9ee1644ba9c6da6d6245bb1,,0x07760a3a95c36babf5fc0cb2ce67853b2f30ad3532b2e4af4b6a729418a95858
69342253,2025-03-22 01:25:43.000 UTC,0x3c499c542cef5e3811e1192ce70d8cc03d5c3359,0x,0x117e3210bb9aa7d9baff172026820255c6f6c30ba8999d1c2fd88e2848137c4e,0x00000000000000000000000009193888b3f38c82dedfda55259a82c0e7de875e,,0x82dbf905d0fade94ddd57ce4332e0f792795cc3c2f3584b44385eca783eecd5b
69342255,2025-03-22 01:25:47.000 UTC,0x3c499c542cef5e3811e1192ce70d8cc03d5c3359,0x,0x117e3210bb9aa7d9baff172026820255c6f6c30ba8999d1c2fd88e2848137c4e,0x000000000000000000000000179f48c78f57a3a78f0608cc9197b8972921d1d2,,0x0a9acd4486d17552d16804798df7eeadcfbfa0cf89ece243d37166cfd2742df7
69342257,2025-03-22 01:25:53.000 UTC,0x3c499c542cef5e3811e1192ce70d8cc03d5c3359,0x,0x117e3210bb9aa7d9baff172026820255c6f6c30ba8999d1c2fd88e2848137c4e,0x0000000000000000000000002573bac39ebe2901b4389cd468f2872cf7767faf,,0xb2daafb2dc094e78218de92c4e11d3fb88686bd947c0b1a334cfefedf1c8638c
69342259,2025-03-22 01:25:57.000 UTC,0x3c499c542cef5e3811e1192ce70d8cc03d5c3359,0x,0x117e3210bb9aa7d9baff172026820255c6f6c30ba8999d1c2fd88e2848137c4e,0x00000000000000000000000026903a5a198d571422b2b4ea08b56a37cbd68c89,,0xee3839366ffa5bafa29f9f1e9e2f2ad77c2fd1065135df4b9fb846c263441fb3
69342261,2025-03-22 01:26:01.000 UTC,0x3c499c542cef5e3811e1192ce70d8cc03d5c3359,0x,0x117e3210bb9aa7d9baff172026820255c6f6c30ba8999d1c2fd88e2848137c4e,0x0000000000000000000000002f50508a8a3d323b91336fa3ea6ae50e55f32185,,0x3b9b4c2fe894462d6709bfb45595f1309d81548f88a2b3f1063c6103c2254904
69342263,2025-03-22 01:26:05.000 UTC,0x3c499c542cef5e3811e1192ce70d8cc03d5c3359,0x,0x117e3210bb9aa7d9baff172026820255c6f6c30ba8999d1c2fd88e2848137c4e,0x0000000000000000000000002fc93484614a34f26f7970cbb94615ba109bb4bf,,0xe18bcf61d953123ffcd71448f7397d03efdf8a3f65422d0e96d84fed4950dca4
69342265,2025-03-22 01:26:09.000 UTC,0x3c499c542cef5e3811e1192ce70d8cc03d5c3359,0x,0x117e3210bb9aa7d9baff172026820255c6f6c30ba8999d1c2fd88e2848137c4e,0x0000000000000000000000003efa30704d2b8bbac821307230376556cf8cc39e,,0x4d2f23c33379ff85de0cf1b71877084c9337af406ea8cae76a465c652416922b
69342267,2025-03-22 01:26:13.000 UTC,0x3c499c542cef5e3811e1192ce70d8cc03d5c3359,0x,0x117e3210bb9aa7d9baff172026820255c6f6c30ba8999d1c2fd88e2848137c4e,0x0000000000000000000000005cab7692d4e94096462119ab7bf57319726eed2a,,0x82703bfa3ad5a965eb06f753861b63857ec33d4ffede2e48982fd97be454f54e
69342269,2025-03-22 01:26:17.000 UTC,0x3c499c542cef5e3811e1192ce70d8cc03d5c3359,0x,0x117e3210bb9aa7d9baff172026820255c6f6c30ba8999d1c2fd88e2848137c4e,0x0000000000000000000000005efda50f22d34f262c29268506c5fa42cb56a1ce,,0x990060dd105e77f48ef0ff1b848998a9e69e585a13e4586595deb41c60be6156
69342271,2025-03-22 01:26:21.000 UTC,0x3c499c542cef5e3811e1192ce70d8cc03d5c3359,0x,0x117e3210bb9aa7d9baff172026820255c6f6c30ba8999d1c2fd88e2848137c4e,0x0000000000000000000000005f6c97c6ad7bdd0ae7e0dd4ca33a4ed3fdabd4d7,,0x5d29a8d0052dbe181150160c7747a52c9d4a32ba5ae858c583e465fde7b669b3
69342273,2025-03-22 01:26:27.000 UTC,0x3c499c542cef5e3811e1192ce70d8cc03d5c3359,0x,0x117e3210bb9aa7d9baff172026820255c6f6c30ba8999d1c2fd88e2848137c4e,0x000000000000000000000000653477c392c16b0765603074f157314cc4f40c32,,0xf4f47774e1b14eacc8ec47d6309a9ecfc90c346f8d80fcb429c1bc8ab796acbf
69342275,2025-03-22 01:26:31.000 UTC,0x3c499c542cef5e3811e1192ce70d8cc03d5c3359,0x,0x117e3210bb9aa7d9baff172026820255c6f6c30ba8999d1c2fd88e2848137c4e,0x000000000000000000000000746aebc06d2ae31b71ac51429a19d54e797878e9,,0x7a16993ce611168e6b4d757bbf71b9ca3d3e175ef4c8b9fc99a66f061c2ac91f
69342277,2025-03-22 01:26:35.000 UTC,0x3c499c542cef5e3811e1192ce70d8cc03d5c3359,0x,0x117e3210bb9aa7d9baff172026820255c6f6c30ba8999d1c2fd88e2848137c4e,0x000000000000000000000000756c4628e57f7e7f8a459ec2752968360cf4d1aa,,0xa53fc1ce0c757ba36e759ee3de024e33ca7874c44257565a856bc7cc202e39a7
69342279,2025-03-22 01:26:39.000 UTC,0x3c499c542cef5e3811e1192ce70d8cc03d5c3359,0x,0x117e3210bb9aa7d9baff172026820255c6f6c30ba8999d1c2fd88e2848137c4e,0x00000000000000000000000077777feddddffc19ff86db637967013e6c6a116c,,0xb8176db6973e2d4685944196fb176d44e1737f66937095946beb9233f88ca564
69342281,2025-03-22 01:26:43.000 UTC,0x3c499c542cef5e3811e1192ce70d8cc03d5c3359,0x,0x117e3210bb9aa7d9baff172026820255c6f6c30ba8999d1c2fd88e2848137c4e,0x00000000000000000000000088fd245fedec4a936e700f9173454d1931b4c307,,0x3a405bb1178ffc7f1c66806ba1d1a5ba475ee528f221ea1e514f13242a4a1ebc
69342283,2025-03-22 01:26:47.000 UTC,0x3c499c542cef5e3811e1192ce70d8cc03d5c3359,0x,0x117e3210bb9aa7d9baff172026820255c6f6c30ba8999d1c2fd88e2848137c4e,0x00000000000000000000000094c92f096437ab9958fc0a37f09348f30389ae79,,0x7edea4c7048f095c2c60920ded5b1c4c1d41b811e9e18a48fce18f318f28a79f
69342285,2025-03-22 01:26:51.000 UTC,0x3c499c542cef5e3811e1192ce70d8cc03d5c3359,0x,0x117e3210bb9aa7d9baff172026820255c6f6c30ba8999d1c2fd88e2848137c4e,0x000000000000000000000000b04e030140b30c27bcdfaafffa98c57d80eda7b4,,0x5c42430dba495a1e23edbbb97118578dcf61db4f50905ce0cb39205c0c1d69da
69342287,2025-03-22 01:26:55.000 UTC,0x3c499c542cef5e3811e1192ce70d8cc03d5c3359,0x,0x117e3210bb9aa7d9baff172026820255c6f6c30ba8999d1c2fd88e2848137c4e,0x000000000000000000000000b20c66c4de72433f3ce747b58b86830c459ca911,,0x0d8d8bcddd2a39b67e81807a49298b27166be01b4b4f5e2c1f46608d34341ad0
69342289,2025-03-22 01:27:01.000 UTC,0x3c499c542cef5e3811e1192ce70d8cc03d5c3359,0x,0x117e3210bb9aa7d9baff172026820255c6f6c30ba8999d1c2fd88e2848137c4e,0x000000000000000000000000cee71753c9820f063b38fdbe4cfdaf1d3d928a80,,0x08bd1ca892c65b914cd57ef83b9e9c31752cc45a19907223ca6226c8ab642274
69342291,2025-03-22 01:27:05.000 UTC,0x3c499c542cef5e3811e1192ce70d8cc03d5c3359,0x,0x117e3210bb9aa7d9baff172026820255c6f6c30ba8999d1c2fd88e2848137c4e,0x000000000000000000000000d82ed8786d7c69dc7e052f7a542ab047971e73d2,,0xa5b0b5e1f1bcfffba0f0f97f3d78779a0432a86acff86bf2a6325cdd6f0e59fa
69342293,2025-03-22 01:27:09.000 UTC,0x3c499c542cef5e3811e1192ce70d8cc03d5c3359,0x,0x117e3210bb9aa7d9baff172026820255c6f6c30ba8999d1c2fd88e2848137c4e,0x000000000000000000000000f4b067dd14e95bab89be928c07cb22e3c94e0daa,,0x53373383894506a8d3a535a842ff4dbf220f8443d6e56a916e9f49d89c64e061
69342295,2025-03-22 01:27:13.000 UTC,0x3c499c542cef5e3811e1192ce70d8cc03d5c3359,0x,0x117e3210bb9aa7d9baff172026820255c6f6c30ba8999d1c2fd88e2848137c4e,0x000000000000000000000000ffbac21a641dcfe4552920138d90f3638b3c9fba,,0x2d5decb3d0c68f47d8e12a1ce10f0626a0affce0e1969dac1698de77c1e45373
69342297,2025-03-22 01:27:17.000 UTC,0x3c499c542cef5e3811e1192ce70d8cc03d5c3359,0x,0x117e3210bb9aa7d9baff172026820255c6f6c30ba8999d1c2fd88e2848137c4e,0x000000000000000000000000d692fd2d0b2fbd2e52cfa5b5b9424bc981c30696,,0x19f24308ca40b6896fb0c5fdd724ea5bb1face13b4cf2d37454fa028f41e7872
69342299,2025-03-22 01:27:21.000 UTC,0x3c499c542cef5e3811e1192ce70d8cc03d5c3359,0x,0x117e3210bb9aa7d9baff172026820255c6f6c30ba8999d1c2fd88e2848137c4e,0x000000000000000000000000d8d7de3349ccaa0fde6298fe6d7b7d0d34586193,,0xd8f0c667f0bdb63ab0f6e3da8b517efcc815d7853cfda36f567ab4b6673b6ed7
69342301,2025-03-22 01:27:25.000 UTC,0x3c499c542cef5e3811e1192ce70d8cc03d5c3359,0x,0x117e3210bb9aa7d9baff172026820255c6f6c30ba8999d1c2fd88e2848137c4e,0x000000000000000000000000df3a408c53e5078af6e8fb2a85088d46ee09a61b,,0xabbd94119457e2e44cd2ebcf57a9a17a66887025215e1171e4e479e6c98543b5
69342303,2025-03-22 01:27:29.000 UTC,0x3c499c542cef5e3811e1192ce70d8cc03d5c3359,0x,0x117e3210bb9aa7d9baff172026820255c6f6c30ba8999d1c2fd88e2848137c4e,0x0000000000000000000000001e34a77868e19a6647b1f2f47b51ed72dede95dd,,0xda3e3d85976d2135b4adbbd5f011585251cedb5380c1c581782a7d964fb909c4
69342305,2025-03-22 01:27:35.000 UTC,0x3c499c542cef5e3811e1192ce70d8cc03d5c3359,0x,0x117e3210bb9aa7d9baff172026820255c6f6c30ba8999d1c2fd88e2848137c4e,0x00000000000000000000000023173fe8b96a4ad8d2e17fb83ea5dcccdca1ae52,,0x8b253d2d51dd77582c76370a9c426b5cd12fc1908acff50a31ec0e054c83816a
69342307,2025-03-22 01:27:39.000 UTC,0x3c499c542cef5e3811e1192ce70d8cc03d5c3359,0x,0x117e3210bb9aa7d9baff172026820255c6f6c30ba8999d1c2fd88e2848137c4e,0x000000000000000000000000242654336ca2205714071898f67e254eb49acdce,,0xa4bdbf126ae52f8babb62d538ac7ffe615854c6c2e7e6800c95cb923b09c5eea
69342309,2025-03-22 01:27:43.000 UTC,0x3c499c542cef5e3811e1192ce70d8cc03d5c3359,0x,0x117e3210bb9aa7d9baff172026820255c6f6c30ba8999d1c2fd88e2848137c4e,0x000000000000000000000000330bdfade01ee9bf63c209ee33102dd334618e0a,,0x067e7a1461572224ae4820cc98468182b0470460275d57b74104d230838ba02b
69342311,2025-03-22 01:27:47.000 UTC,0x3c499c542cef5e3811e1192ce70d8cc03d5c3359,0x,0x117e3210bb9aa7d9baff172026820255c6f6c30ba8999d1c2fd88e2848137c4e,0x0000000000000000000000003aac1cc67c2ec5db4ea850957b967ba153ad6279,,0x6c46822aa82b5239de9e782c67e90b65c4acafbbb3b6063bc5ad875ef76b375c
69342313,2025-03-22 01:27:51.000 UTC,0x3c499c542cef5e3811e1192ce70d8cc03d5c3359,0x,0x117e3210bb9aa7d9baff172026820255c6f6c30ba8999d1c2fd88e2848137c4e,0x000000000000000000000000407cceeaa7c95d2fe2250bf9f2c105aa7aafb512,,0x1e0f2417ddf53925091dcad098aa8c1f1eeb1fa0df115e4fa1d7ef040956f846
69342315,2025-03-22 01:27:55.000 UTC,0x3c499c542cef5e3811e1192ce70d8cc03d5c3359,0x,0x117e3210bb9aa7d9baff172026820255c6f6c30ba8999d1c2fd88e2848137c4e,0x000000000000000000000000538ab61e8a9fc1b2f93b3dd9011d662d89be6fe6,,0x0172b8528167f96f9c80e6900298a188c01b3c5e0daf0e5e1f292a463f9e1cbf
69342317,2025-03-22 01:27:59.000 UTC,0x3c499c542cef5e3811e1192ce70d8cc03d5c3359,0x,0x117e3210bb9aa7d9baff172026820255c6f6c30ba8999d1c2fd88e2848137c4e,0x00000000000000000000000057b2b8c82f065de8ef5573f9730fc1449b403c9f,,0xc3079131df52430aaa5d76697dbd00f088b4190cc736ce1aa1c4bb5775f17953
69342319,2025-03-22 01:28:03.000 UTC,0x3c499c542cef5e3811e1192ce70d8cc03d5c3359,0x,0x117e3210bb9aa7d9baff172026820255c6f6c30ba8999d1c2fd88e2848137c4e,0x0000000000000000000000006bf694a291df3fec1f7e69701e3ab6c592435ae7,,0x45a5ed38dea1fda1539adab8822ddba9eca66a105712d173cee8044066e5d71d
69342321,2025-03-22 01:28:09.000 UTC,0x3c499c542cef5e3811e1192ce70d8cc03d5c3359,0x,0x117e3210bb9aa7d9baff172026820255c6f6c30ba8999d1c2fd88e2848137c4e,0x000000000000000000000000723b78e67497e85279cb204544566f4dc5d2aca0,,0x8fcd1e02417386fcdb6ea9e9a2e39701c994a7c1ee55e15fd4da65857f40234d
69342323,2025-03-22 01:28:13.000 UTC,0x3c499c542cef5e3811e1192ce70d8cc03d5c3359,0x,0x117e3210bb9aa7d9baff172026820255c6f6c30ba8999d1c2fd88e2848137c4e,0x000000000000000000000000743494b60097a2230018079c02fe21a7b687eaa5,,0xffe196ad054c41677bcaff868f4742599dc0b043fb3b6812d77888488b5fc482
69342325,2025-03-22 01:28:17.000 UTC,0x3c499c542cef5e3811e1192ce70d8cc03d5c3359,0x,0x117e3210bb9aa7d9baff172026820255c6f6c30ba8999d1c2fd88e2848137c4e,0x00000000000000000000000076d85b4c0fc497eecc38902397ac608000a06607,,0x771096a3df03e5407c7907ee6b080e73fa0a521449b2e23664d78fdb6baea70b
69342327,2025-03-22 01:28:21.000 UTC,0x3c499c542cef5e3811e1192ce70d8cc03d5c3359,0x,0x117e3210bb9aa7d9baff172026820255c6f6c30ba8999d1c2fd88e2848137c4e,0x000000000000000000000000776198ccf446dfa168347089d7338879273172cf,,0x7f9282df80609cfe77381ae6f710827ffb3169a92245f5f2094c65787f832e18
69342329,2025-03-22 01:28:25.000 UTC,0x3c499c542cef5e3811e1192ce70d8cc03d5c3359,0x,0x117e3210bb9aa7d9baff172026820255c6f6c30ba8999d1c2fd88e2848137c4e,0x0000000000000000000000008281aa6795ade17c8973e1aedca380258bc124f9,,0x988b76d5199075ced2e596f82b21b521722eb9629befa1ff66f7d02a5c94f83b
69342331,2025-03-22 01:28:29.000 UTC,0x3c499c542cef5e3811e1192ce70d8cc03d5c3359,0x,0x117e3210bb9aa7d9baff172026820255c6f6c30ba8999d1c2fd88e2848137c4e,0x000000000000000000000000833481186f16cece3f1eeea1a694c42034c3a0db,,0x3b9e173bc14ed0b3c384985acc274ea164649e3fa2836899d91450920ac54a15
69342333,2025-03-22 01:28:33.000 UTC,0x3c499c542cef5e3811e1192ce70d8cc03d5c3359,0x,0x117e3210bb9aa7d9baff172026820255c6f6c30ba8999d1c2fd88e2848137c4e,0x00000000000000000000000084443cfd09a48af6ef360c6976c5392ac5023a1f,,0x4d9073b2fd259c164dfbee6b2fd33b96465c0b9cc00d87e8431d9d1121d6faa6
69342335,2025-03-22 01:28:37.000 UTC,0x3c499c542cef5e3811e1192ce70d8cc03d5c3359,0x,0x117e3210bb9aa7d9baff172026820255c6f6c30ba8999d1c2fd88e2848137c4e,0x00000000000000000000000094be88213a387e992dd87de56950a9aef34b9448,,0xa592cf4a040815e3c2061282b53392fdb61448c388c6711a9db75104de53873e
69342337,2025-03-22 01:28:47.000 UTC,0x3c499c542cef5e3811e1192ce70d8cc03d5c3359,0x,0x117e3210bb9aa7d9baff172026820255c6f6c30ba8999d1c2fd88e2848137c4e,0x000000000000000000000000a5c2254e4253490c54cef0a4347fddb8f75a4998,,0x39c3365dc19b4279434b60bf49d161a2ba84d1169f1c3cd4f7c401af0b52feda
69342339,2025-03-22 01:28:55.000 UTC,0x3c499c542cef5e3811e1192ce70d8cc03d5c3359,0x,0x117e3210bb9aa7d9baff172026820255c6f6c30ba8999d1c2fd88e2848137c4e,0x000000000000000000000000af4c0b70b2ea9fb7487c7cbb37ada259579fe040,,0x8029fa165594e89e5387120cb1ab171105cda8b69f44b0748dd94fdd63a040ac
69342341,2025-03-22 01:29:03.000 UTC,0x3c499c542cef5e3811e1192ce70d8cc03d5c3359,0x,0x117e3210bb9aa7d9baff172026820255c6f6c30ba8999d1c2fd88e2848137c4e,0x000000000000000000000000af8d1839c3c67cf571aa74b5c12398d4901147b3,,0xf410403d3a91e2ccc9995a5306f8dff25158ce376fc05f17a5d77c5a21a8640c
69342343,2025-03-22 01:29:11.000 UTC,0x3c499c542cef5e3811e1192ce70d8cc03d5c3359,0x,0x117e3210bb9aa7d9baff172026820255c6f6c30ba8999d1c2fd88e2848137c4e,0x000000000000000000000000cc84179ffd19a1627e79f8648d09e095252bc418,,0x023aeeb3e6ef8804454b3b88aaa9f490d40ad3b0214ed2c7ea606534cbc7d69a
69342346,2025-03-22 01:29:19.000 UTC,0x3c499c542cef5e3811e1192ce70d8cc03d5c3359,0x,0x117e3210bb9aa7d9baff172026820255c6f6c30ba8999d1c2fd88e2848137c4e,0x000000000000000000000000d47438c816c9e7f2e2888e060936a499af9582b3,,0x4c7f36d44009a1c6900b555bf4c27dd74aa7b15bc6b7f1d5eb93670f397cc712
69342348,2025-03-22 01:29:23.000 UTC,0x3c499c542cef5e3811e1192ce70d8cc03d5c3359,0x,0x117e3210bb9aa7d9baff172026820255c6f6c30ba8999d1c2fd88e2848137c4e,0x000000000000000000000000d5d6f8d9e784d0e26222ad3834500801a68d027d,,0xd4073ec6a7b491ff1e24c5e457752c975dfc7dd546c97e94e79f148fd5f17888
69342350,2025-03-22 01:29:27.000 UTC,0x3c499c542cef5e3811e1192ce70d8cc03d5c3359,0x,0x117e3210bb9aa7d9baff172026820255c6f6c30ba8999d1c2fd88e2848137c4e,0x000000000000000000000000df231d99ff8b6c6cbf4e9b9a945cbacef9339178,,0xc615aaf31b30bfa2e4f5bce38084bd393149a344497b9d4bb621a07b2ddce1cd
69342352,2025-03-22 01:29:33.000 UTC,0x3c499c542cef5e3811e1192ce70d8cc03d5c3359,0x,0x117e3210bb9aa7d9baff172026820255c6f6c30ba8999d1c2fd88e2848137c4e,0x000000000000000000000000edc5d01286f99a066559f60a585406f3878a033e,,0x912eb2be50689ebba67e8aeed3872d470ae5cfeaf7666e4104d42791084cd132
69342354,2025-03-22 01:29:37.000 UTC,0x3c499c542cef5e3811e1192ce70d8cc03d5c3359,0x,0x117e3210bb9aa7d9baff172026820255c6f6c30ba8999d1c2fd88e2848137c4e,0x0000000000000000000000000e3a09dda6b20afbb34ac7cd4a6881493f3e7bf7,,0x20ca617f0b3c6c2b45358e2645a77af2c42ff304e1ee67410c4c9176a71406e3
69342356,2025-03-22 01:29:41.000 UTC,0x3c499c542cef5e3811e1192ce70d8cc03d5c3359,0x,0x117e3210bb9aa7d9baff172026820255c6f6c30ba8999d1c2fd88e2848137c4e,0x00000000000000000000000005e0b5b40b7b66098c2161a5ee11c5740a3a7c45,,0xbed103ca76c6bc9a6739cc8d1896efa211be9b465fef1b83bfab4d8d1badb15c
69817334,2025-04-02 19:43:04.000 UTC,0x3c499c542cef5e3811e1192ce70d8cc03d5c3359,0x,0xffa4e6181777692565cf28528fc88fd1516ea86b56da075235fa575af6a4b855,0x00000000000000000000000016f068ea913a912c62114a873b678b1aa9236585,,0x0015b762e6ed86fc5fcbbd40b3ff7a4103da30530d8a74d03ff5718480d4b8c9
69817344,2025-04-02 19:43:26.000 UTC,0x3c499c542cef5e3811e1192ce70d8cc03d5c3359,0x,0xffa4e6181777692565cf28528fc88fd1516ea86b56da075235fa575af6a4b855,0x0000000000000000000000009acfa7136bd9ee19fc2c4517e2033705262f938c,,0xe3053d5b4e30101b31dac301bcb625d8a516b9aef1adbcb799f4e5a4ba24c09c
69817355,2025-04-02 19:43:48.000 UTC,0x3c499c542cef5e3811e1192ce70d8cc03d5c3359,0x,0xffa4e6181777692565cf28528fc88fd1516ea86b56da075235fa575af6a4b855,0x000000000000000000000000e942adb085bdc3cd49ad2ddaea53934f12a7e0a5,,0x44fa78204678ba3692c6a2f0100a42347e5481a9a3adcf14b660d01b25964742
69817363,2025-04-02 19:44:06.000 UTC,0x3c499c542cef5e3811e1192ce70d8cc03d5c3359,0x,0xffa4e6181777692565cf28528fc88fd1516ea86b56da075235fa575af6a4b855,0x0000000000000000000000004755da10f30da425a1b5f12166bec82600c48c79,,0xb1d99c8f5e677eaef2b7994d8abcdb062f3a9d4c4e3779f6cf0b41599e39ef58
69817373,2025-04-02 19:44:26.000 UTC,0x3c499c542cef5e3811e1192ce70d8cc03d5c3359,0x,0xffa4e6181777692565cf28528fc88fd1516ea86b56da075235fa575af6a4b855,0x0000000000000000000000002b872fc6d0614e39150d078db0e2ff56650f2b4b,,0xee6e1aaf30423ff3f09d395d5ac0ef5ca6d5fdd7966ee71323be7bcf3827e2e7
69817382,2025-04-02 19:44:46.000 UTC,0x3c499c542cef5e3811e1192ce70d8cc03d5c3359,0x,0xffa4e6181777692565cf28528fc88fd1516ea86b56da075235fa575af6a4b855,0x0000000000000000000000007a01e8268bbb7b5b7403b673aa0b9d7b36f651aa,,0x5702cb3746ccaddbea449091394583e27a1d47303e7bae3697a62ddee085c02b
69817394,2025-04-02 19:45:12.000 UTC,0x3c499c542cef5e3811e1192ce70d8cc03d5c3359,0x,0xffa4e6181777692565cf28528fc88fd1516ea86b56da075235fa575af6a4b855,0x0000000000000000000000002a4c4406a0495116aa880c57486cb876658d8aa1,,0xb384db87481fc228989755db97569d84ed8d2311884e3c911e3482b7b1eecb73
69817405,2025-04-02 19:45:34.000 UTC,0x3c499c542cef5e3811e1192ce70d8cc03d5c3359,0x,0xffa4e6181777692565cf28528fc88fd1516ea86b56da075235fa575af6a4b855,0x000000000000000000000000d9471e6c644756e845e4a10260362ab9a3a9845a,,0xec540e2d54a1a1bf610182eab532bc9fc8904987c48ee6d554d6dce6a8599604
72123795,2025-05-29 20:18:47.000 UTC,0x3c499c542cef5e3811e1192ce70d8cc03d5c3359,0x,0xffa4e6181777692565cf28528fc88fd1516ea86b56da075235fa575af6a4b855,0x000000000000000000000000d5ed34b52ac4ab84d8fa8a231a3218bbf01ed510,,0x831b032d238618dce640ec2c7af998908e8323f6f618527e4c4788baac1e2f0a
72123814,2025-05-29 20:19:27.000 UTC,0x3c499c542cef5e3811e1192ce70d8cc03d5c3359,0x,0xffa4e6181777692565cf28528fc88fd1516ea86b56da075235fa575af6a4b855,0x0000000000000000000000008c5f37d4db13967643e33d5404f66f86569221ca,,0x67e7dd95cb6e2301d487704882b7837e75900231e6fd73eeb1b0c3c51cda12a6
73302245,2025-06-27 23:03:58.000 UTC,0x3c499c542cef5e3811e1192ce70d8cc03d5c3359,0x,0xffa4e6181777692565cf28528fc88fd1516ea86b56da075235fa575af6a4b855,0x00000000000000000000000053b9b72dc6f96eb4b54143b211b22e2548e4cf5c,,0xab81a60ccb9aa071addf2cf021a48e420fb9101e2af27bc6c20e16b2e08f6107
73306519,2025-06-28 01:35:20.000 UTC,0x3c499c542cef5e3811e1192ce70d8cc03d5c3359,0x,0xffa4e6181777692565cf28528fc88fd1516ea86b56da075235fa575af6a4b855,0x000000000000000000000000e3740c1b2fcda407027e2c80906306604e5260e7,,0x6a3ee503d8a25c349c0e319e8945cef2b1c95d02e018d493956e83bc5919e0eb
73455553,2025-07-01 18:17:07.000 UTC,0x3c499c542cef5e3811e1192ce70d8cc03d5c3359,0x,0xffa4e6181777692565cf28528fc88fd1516ea86b56da075235fa575af6a4b855,0x000000000000000000000000c685132e908cce284c063415ea353af5f555c6c6,,0xb7756fb78b37aaffbdc3c1d2b20b05dddc8eeeddd0fcc156ad730ca5dcd0ea4c
75210659,2025-08-14 22:04:04.000 UTC,0x3c499c542cef5e3811e1192ce70d8cc03d5c3359,0x,0xffa4e6181777692565cf28528fc88fd1516ea86b56da075235fa575af6a4b855,0x0000000000000000000000003301843d4d8c3314706a6526940bc2a38ed29475,,0x43e49c694118e54e9b13dd5e006105931c2e7973615afc11a33d90ad1631925d
75210660,2025-08-14 22:04:06.000 UTC,0x3c499c542cef5e3811e1192ce70d8cc03d5c3359,0x,0xffa4e6181777692565cf28528fc88fd1516ea86b56da075235fa575af6a4b855,0x0000000000000000000000006e2bf91ff62095e759301a1e46df3278f7d6bf07,,0x48fcb75449ee47de613cab5ac6db6917fdc6a1c819002d3f8f9d9068b8fcc9f0
75210661,2025-08-14 22:04:08.000 UTC,0x3c499c542cef5e3811e1192ce70d8cc03d5c3359,0x,0xffa4e6181777692565cf28528fc88fd1516ea86b56da075235fa575af6a4b855,0x0000000000000000000000008a33c4dccc7e840e536c1abc9af4612f876f54de,,0xe55984823ade7f46eb7941184c6f9673732c840c3e7d5cd95c8be64aac0472a7
75210662,2025-08-14 22:04:10.000 UTC,0x3c499c542cef5e3811e1192ce70d8cc03d5c3359,0x,0xffa4e6181777692565cf28528fc88fd1516ea86b56da075235fa575af6a4b855,0x00000000000000000000000017b65262f73d2a8668dededc6a40274c3e0ea058,,0xa285c0499033d16617dbf7f481ce20ad8b4b25c7cb29b8183612372ecd3448d3
75210664,2025-08-14 22:04:14.000 UTC,0x3c499c542cef5e3811e1192ce70d8cc03d5c3359,0x,0xffa4e6181777692565cf28528fc88fd1516ea86b56da075235fa575af6a4b855,0x0000000000000000000000000655b7211f302b42a7bfa16a6c45284ab82fd85b,,0x8904ae885b5b20a358861eb04ecd6c9405abba8f739d7fc41b7fccd6a50771dd
75210666,2025-08-14 22:04:18.000 UTC,0x3c499c542cef5e3811e1192ce70d8cc03d5c3359,0x,0xffa4e6181777692565cf28528fc88fd1516ea86b56da075235fa575af6a4b855,0x00000000000000000000000082df92ebaa039dd6c9e0689390d7298a5ca1f59c,,0xe473ffd9ec3604429219b5f49fdce24480b0b410db71838fcc4a5d5c44b7266f
75210667,2025-08-14 22:04:20.000 UTC,0x3c499c542cef5e3811e1192ce70d8cc03d5c3359,0x,0xffa4e6181777692565cf28528fc88fd1516ea86b56da075235fa575af6a4b855,0x00000000000000000000000048ea81d8db01cc3f551be8ecc8627b5a803eb075,,0x215c094590f1d7f61541bb7916add51ed13cefa026cf250c2aecadfb49e43e1a
75210668,2025-08-14 22:04:22.000 UTC,0x3c499c542cef5e3811e1192ce70d8cc03d5c3359,0x,0xffa4e6181777692565cf28528fc88fd1516ea86b56da075235fa575af6a4b855,0x00000000000000000000000012de548f79a50d2bd05481c8515c1ef5183666a9,,0x3d1cd5cd6973dfaf6b04bf83146022cef4f7ff3d8956b4ed4e61064e802179fd
75210669,2025-08-14 22:04:24.000 UTC,0x3c499c542cef5e3811e1192ce70d8cc03d5c3359,0x,0xffa4e6181777692565cf28528fc88fd1516ea86b56da075235fa575af6a4b855,0x00000000000000000000000018f703184349667cdae85a07e7f2efac36052b89,,0x13448e2d35be7b5100830a676fbd7ba9f485f9bd3a0447773518bab589a844f2
75210670,2025-08-14 22:04:26.000 UTC,0x3c499c542cef5e3811e1192ce70d8cc03d5c3359,0x,0xffa4e6181777692565cf28528fc88fd1516ea86b56da075235fa575af6a4b855,0x0000000000000000000000008dce2aac0de82bdcaf6b4373b79f94331b8e4995,,0x3687e1d57b89813e9adc0971e5eddc02d4641fd7c8351d6462df485dcb91e3c5
75210671,2025-08-14 22:04:28.000 UTC,0x3c499c542cef5e3811e1192ce70d8cc03d5c3359,0x,0xffa4e6181777692565cf28528fc88fd1516ea86b56da075235fa575af6a4b855,0x000000000000000000000000f4377eda661e04b6dda78969796ed31658d602d4,,0xebf4e301866ec50665f7c859500647d5a304f9da05a81c5648ac2503f53bdf09
75210672,2025-08-14 22:04:32.000 UTC,0x3c499c542cef5e3811e1192ce70d8cc03d5c3359,0x,0xffa4e6181777692565cf28528fc88fd1516ea86b56da075235fa575af6a4b855,0x000000000000000000000000b338962b92cd818d6aef0a32a9ecd01212a71f33,,0x8e5870bc5132d501e3af5016d4d06fbb77fed7aab9c6dc34a709b7b8ece4dc67
75210674,2025-08-14 22:04:36.000 UTC,0x3c499c542cef5e3811e1192ce70d8cc03d5c3359,0x,0xffa4e6181777692565cf28528fc88fd1516ea86b56da075235fa575af6a4b855,0x00000000000000000000000057ec89a0c056163a0314e413320f9b3abe761259,,0x08bee07e90f485c70100883de60de5af2410aebb16afb15f683421141065ddc4
75210675,2025-08-14 22:04:38.000 UTC,0x3c499c542cef5e3811e1192ce70d8cc03d5c3359,0x,0xffa4e6181777692565cf28528fc88fd1516ea86b56da075235fa575af6a4b855,0x000000000000000000000000d8500c631dc32fa18645b7436344a99e4825e10e,,0x47795a73d7559a4375488872e333aab7ad35595e08a9cbd6f00429deabf66d45
75210676,2025-08-14 22:04:40.000 UTC,0x3c499c542cef5e3811e1192ce70d8cc03d5c3359,0x,0xffa4e6181777692565cf28528fc88fd1516ea86b56da075235fa575af6a4b855,0x0000000000000000000000007ced75026204ac29c34bea98905d4c949f27361e,,0x6a80d2e98e48e398b60b633e06f1976edecdd6f9f98df88958db6137070ef2f1
75210677,2025-08-14 22:04:42.000 UTC,0x3c499c542cef5e3811e1192ce70d8cc03d5c3359,0x,0xffa4e6181777692565cf28528fc88fd1516ea86b56da075235fa575af6a4b855,0x000000000000000000000000418949a4a7da9e07192909722072dded8f670d58,,0x0089c4ce4b5f2b47ecd2888bfc802699a1a682f5a4919308bd2072d8c097e372
75210678,2025-08-14 22:04:44.000 UTC,0x3c499c542cef5e3811e1192ce70d8cc03d5c3359,0x,0xffa4e6181777692565cf28528fc88fd1516ea86b56da075235fa575af6a4b855,0x0000000000000000000000006042c2f32769454c5ff226fdae52b81e49cd922f,,0xe9fa5b4a4057afc048864608a056d61fa15887d84bf94e67f43f2d3554ea5e72
75210679,2025-08-14 22:04:46.000 UTC,0x3c499c542cef5e3811e1192ce70d8cc03d5c3359,0x,0xffa4e6181777692565cf28528fc88fd1516ea86b56da075235fa575af6a4b855,0x0000000000000000000000008660f3ab5285f9e497ffbf2997285c24466aa2a1,,0x362fb38718b36a254b3ca6e053c8800e6f25c4bb88437ec3a31bdb1fda21b6be
76361954,2025-09-12 14:32:19.000 UTC,0x3c499c542cef5e3811e1192ce70d8cc03d5c3359,0x,0xffa4e6181777692565cf28528fc88fd1516ea86b56da075235fa575af6a4b855,0x000000000000000000000000fa3576591b710cd8a68f22fc10281f39f88d8cb1,,0x82861ab075d98ec336a9e5a97183bed04722006d45b42da585af54105d754c3d
76362022,2025-09-12 14:34:43.000 UTC,0x3c499c542cef5e3811e1192ce70d8cc03d5c3359,0x,0x117e3210bb9aa7d9baff172026820255c6f6c30ba8999d1c2fd88e2848137c4e,0x000000000000000000000000fa3576591b710cd8a68f22fc10281f39f88d8cb1,,0x76bd6b9b3559c1724a988a7b3c1fd024ee1c2d85d8d7ffa030eeeec769ddc06e
76525729,2025-09-16 15:59:14.000 UTC,0x3c499c542cef5e3811e1192ce70d8cc03d5c3359,0x,0xffa4e6181777692565cf28528fc88fd1516ea86b56da075235fa575af6a4b855,0x000000000000000000000000e3d35f68383732649669aa990832e017340dbca5,,0x178d9fb8f6560bc05366e0b37052980f654125ace6c5c379d4094d76870b38e1
76525769,2025-09-16 16:00:38.000 UTC,0x3c499c542cef5e3811e1192ce70d8cc03d5c3359,0x,0xffa4e6181777692565cf28528fc88fd1516ea86b56da075235fa575af6a4b855,0x000000000000000000000000532b77b33a040587e9fd1800088225f99b8b0e8a,,0x1bcba3d2141be9cef17cbc64126e4fe9ec970b6eb7462af696b3d6d4deb9b216
76525784,2025-09-16 16:01:10.000 UTC,0x3c499c542cef5e3811e1192ce70d8cc03d5c3359,0x,0xffa4e6181777692565cf28528fc88fd1516ea86b56da075235fa575af6a4b855,0x000000000000000000000000f405df57cc3a2df4dd262b6494d76e346ca778f1,,0x40e59f248f1d9671f7841cdc4d67eba8fd1830f189920b308d3f3784fd7b1e6a
76525815,2025-09-16 16:02:16.000 UTC,0x3c499c542cef5e3811e1192ce70d8cc03d5c3359,0x,0xffa4e6181777692565cf28528fc88fd1516ea86b56da075235fa575af6a4b855,0x000000000000000000000000ab4302cfcf1c2337c1b59af1d23bd97189fe962c,,0xd59f714c15c257c7df0fd99605d6d8b5349b07ed2799c53b9a8a79e667a3b931
76525860,2025-09-16 16:03:52.000 UTC,0x3c499c542cef5e3811e1192ce70d8cc03d5c3359,0x,0xffa4e6181777692565cf28528fc88fd1516ea86b56da075235fa575af6a4b855,0x0000000000000000000000009ab7a3e606677ddf6f3538dd4472ec770c282b3e,,0xc352a5e5a18c4400369fdfad060b71791fdc446ac19717912b4baba364924783
76525884,2025-09-16 16:04:42.000 UTC,0x3c499c542cef5e3811e1192ce70d8cc03d5c3359,0x,0xffa4e6181777692565cf28528fc88fd1516ea86b56da075235fa575af6a4b855,0x000000000000000000000000ba475bb43ee21013fd14c85e2c74b24bcf5a54c1,,0xdffe0b4ae9e166d332747d0df2f486d7c9b433f614873406cbc7adde24fa037e
76525905,2025-09-16 16:05:28.000 UTC,0x3c499c542cef5e3811e1192ce70d8cc03d5c3359,0x,0xffa4e6181777692565cf28528fc88fd1516ea86b56da075235fa575af6a4b855,0x000000000000000000000000db2720ebad55399117ddb4c4a4afd9a4ccada8fe,,0xa9bed4ef093091c6bb40855332bb155817a97aaf5c1a9b2a5f38f989d5ee2530
76850522,2025-09-24 16:32:33.000 UTC,0x3c499c542cef5e3811e1192ce70d8cc03d5c3359,0x,0xffa4e6181777692565cf28528fc88fd1516ea86b56da075235fa575af6a4b855,0x000000000000000000000000240fd853e1509a975bd95348d49c923fb0b5d43c,,0x3276de47412b50e6f53e9b690368ba63f67c387851ae38a0c92ee14c522d3a85
77682730,2025-10-14 19:29:23.000 UTC,0x3c499c542cef5e3811e1192ce70d8cc03d5c3359,0x,0xffa4e6181777692565cf28528fc88fd1516ea86b56da075235fa575af6a4b855,0x000000000000000000000000d599ac04a1c786972b81e0fef6fb0c3e7b52f8a7,,0x36bb7069d24618b49d50219990c9bcb7d0710b416be6b3c222f0fa556ac789f6
77682804,2025-10-14 19:31:51.000 UTC,0x3c499c542cef5e3811e1192ce70d8cc03d5c3359,0x,0xffa4e6181777692565cf28528fc88fd1516ea86b56da075235fa575af6a4b855,0x000000000000000000000000ae05eb856cb28c156d9722094f5eefd5693bc181,,0x0f77d4ad950d7de2852ee5524ed7148881a7a1819607d081114cf3b622e330f9
77682845,2025-10-14 19:33:13.000 UTC,0x3c499c542cef5e3811e1192ce70d8cc03d5c3359,0x,0xffa4e6181777692565cf28528fc88fd1516ea86b56da075235fa575af6a4b855,0x0000000000000000000000002a4ff8bc97d3faef20ca9aa3c8dac93450695434,,0x4825a66d8c4f6dfe6f8769cc9100ac6bc161209f352e66dac30b189fbf8b5622
77682851,2025-10-14 19:33:25.000 UTC,0x3c499c542cef5e3811e1192ce70d8cc03d5c3359,0x,0xffa4e6181777692565cf28528fc88fd1516ea86b56da075235fa575af6a4b855,0x000000000000000000000000ae05eb856cb28c156d9722094f5eefd5693bc181,,0x2f59e3dd44d5840303df3f3824ede9cbe0242de86ccf2bf79fd1c928d376a555
77682874,2025-10-14 19:34:11.000 UTC,0x3c499c542cef5e3811e1192ce70d8cc03d5c3359,0x,0xffa4e6181777692565cf28528fc88fd1516ea86b56da075235fa575af6a4b855,0x000000000000000000000000500aa554ed27a6c94fe0d5eb5df3482b528a5efe,,0xe9f2f0f6359cd4eee3d3a0bac9057eb327ab95e7d67a2f74921875098d4165a6
77682903,2025-10-14 19:35:09.000 UTC,0x3c499c542cef5e3811e1192ce70d8cc03d5c3359,0x,0xffa4e6181777692565cf28528fc88fd1516ea86b56da075235fa575af6a4b855,0x000000000000000000000000500aa554ed27a6c94fe0d5eb5df3482b528a5efe,,0xbb5bc14055502aae067b7ed36f888f0f72a58628542cd71c9faa27f77ed9de0e
77682932,2025-10-14 19:36:07.000 UTC,0x3c499c542cef5e3811e1192ce70d8cc03d5c3359,0x,0xffa4e6181777692565cf28528fc88fd1516ea86b56da075235fa575af6a4b855,0x000000000000000000000000500aa554ed27a6c94fe0d5eb5df3482b528a5efe,,0x48c8df73c1164c2f9d1331f828275717b1b272859a37ab7d90cc1f1816f1859a
78586034,2025-11-04 17:22:11.000 UTC,0x3c499c542cef5e3811e1192ce70d8cc03d5c3359,0x,0xffa4e6181777692565cf28528fc88fd1516ea86b56da075235fa575af6a4b855,0x00000000000000000000000000be5e0c85be35948d97ad37f62d108243f89ae0,,0x4122a64641ffcba24bf7889f62d6554014fb1862d6b7d5c9c97111a269406fc1
78586104,2025-11-04 17:24:31.000 UTC,0x3c499c542cef5e3811e1192ce70d8cc03d5c3359,0x,0xffa4e6181777692565cf28528fc88fd1516ea86b56da075235fa575af6a4b855,0x00000000000000000000000095a603c86ec4a585e4359d1f07e6949567491fc9,,0x0465942d13d050e398f1c221261421c4b8dd4eb9b2fbeee4990db8c50098084e
78586106,2025-11-04 17:24:35.000 UTC,0x3c499c542cef5e3811e1192ce70d8cc03d5c3359,0x,0xffa4e6181777692565cf28528fc88fd1516ea86b56da075235fa575af6a4b855,0x0000000000000000000000007b7f0d8f53e16faee4cf90aedf50c7073f17beff,,0xa83a4f3f39e83d42dcfa76a8951d472aeed98d915ab3cdca938f639ad04cfd8a
78586153,2025-11-04 17:26:09.000 UTC,0x3c499c542cef5e3811e1192ce70d8cc03d5c3359,0x,0xffa4e6181777692565cf28528fc88fd1516ea86b56da075235fa575af6a4b855,0x00000000000000000000000000bf03f87539214307207c61b7f729ddc22977b8,,0xa6fb58c565a90f9360333d74958b970cd81b341d35f40102e5816a6b624bce02
78586224,2025-11-04 17:28:31.000 UTC,0x3c499c542cef5e3811e1192ce70d8cc03d5c3359,0x,0xffa4e6181777692565cf28528fc88fd1516ea86b56da075235fa575af6a4b855,0x0000000000000000000000000d1891dd69efe614918e989b5ebd68d6e5f18ff5,,0x5460cd67618d455feffaa32ce7997cd623ffd8afab482912595f0e2e93040d0d
78586292,2025-11-04 17:30:47.000 UTC,0x3c499c542cef5e3811e1192ce70d8cc03d5c3359,0x,0xffa4e6181777692565cf28528fc88fd1516ea86b56da075235fa575af6a4b855,0x00000000000000000000000010df38a923a660965d098f24a618b0d1b5d99cba,,0x921a1ff03d6cd893648d65219ec59c0cb1c097ec0ad82e2a0d21e93d2833305f
78586344,2025-11-04 17:32:31.000 UTC,0x3c499c542cef5e3811e1192ce70d8cc03d5c3359,0x,0xffa4e6181777692565cf28528fc88fd1516ea86b56da075235fa575af6a4b855,0x00000000000000000000000015a68a9ffa2a94bdad8468d93af4db24251af772,,0x5f15fe675c28c2ee5f674a98fb67110471beff5a4102603d90c7d26e0fbf893d
78586354,2025-11-04 17:32:51.000 UTC,0x3c499c542cef5e3811e1192ce70d8cc03d5c3359,0x,0xffa4e6181777692565cf28528fc88fd1516ea86b56da075235fa575af6a4b855,0x000000000000000000000000117bb0cfee7ce8f842967537fbcd92fc504d68ab,,0xa5c534242973a39555cf17d60fdb5434a6945f8943f96056210a05268ca0d714
78586360,2025-11-04 17:33:03.000 UTC,0x3c499c542cef5e3811e1192ce70d8cc03d5c3359,0x,0xffa4e6181777692565cf28528fc88fd1516ea86b56da075235fa575af6a4b855,0x000000000000000000000000171f95410bc65dfc8549c287cd475dc8b82df192,,0xa3c8a3e29a01a2868dc2c1c8e00fd7fa3ecd60fb646cce7fc2410030d24ee2ba
78586393,2025-11-04 17:34:09.000 UTC,0x3c499c542cef5e3811e1192ce70d8cc03d5c3359,0x,0xffa4e6181777692565cf28528fc88fd1516ea86b56da075235fa575af6a4b855,0x000000000000000000000000114074ff655d0643a4ff70411ffca618cb7edca1,,0x5476014d0f617596e813bfa8f642c34dbb7148790f3f31edb7d8402d18a228bf
78586485,2025-11-04 17:37:13.000 UTC,0x3c499c542cef5e3811e1192ce70d8cc03d5c3359,0x,0xffa4e6181777692565cf28528fc88fd1516ea86b56da075235fa575af6a4b855,0x00000000000000000000000017fff4f3364fa6dfa25cf37bebbff62bc47232f7,,0x2e8fe53a29bdb6b8c37888aa3f72c28190bfe41e43712eed4352cd2014858557
78586505,2025-11-04 17:37:53.000 UTC,0x3c499c542cef5e3811e1192ce70d8cc03d5c3359,0x,0xffa4e6181777692565cf28528fc88fd1516ea86b56da075235fa575af6a4b855,0x0000000000000000000000002547ad3f4b0d37881101885addd1cedf753af9aa,,0xb8b292aa247a90e979597d1b503700b93a4d2aecec9e6ac9b5dc382afef4d72d
78586533,2025-11-04 17:38:49.000 UTC,0x3c499c542cef5e3811e1192ce70d8cc03d5c3359,0x,0xffa4e6181777692565cf28528fc88fd1516ea86b56da075235fa575af6a4b855,0x0000000000000000000000003e0c892556da529a0c03a28f763964bdf25ca88c,,0x9eea5a18ee92fcd146d9301df408e241dc9160c9359cd6ca525436ee244148ed
78586542,2025-11-04 17:39:07.000 UTC,0x3c499c542cef5e3811e1192ce70d8cc03d5c3359,0x,0xffa4e6181777692565cf28528fc88fd1516ea86b56da075235fa575af6a4b855,0x0000000000000000000000002cbd0ba5b15bde90d5252d8ac1ed2aa121d2d62a,,0x0f53fa2e11ba7a7dd149e41c007238967ba6addb6dc5170e730d3ccce7cf0a60
78586573,2025-11-04 17:40:09.000 UTC,0x3c499c542cef5e3811e1192ce70d8cc03d5c3359,0x,0xffa4e6181777692565cf28528fc88fd1516ea86b56da075235fa575af6a4b855,0x00000000000000000000000040813812bb5a22be798d7f4cf227a584f4f87bc9,,0xd36f2458d23662a0989daf984b60be5d60b5d209f2d095e756a952e6741fab3a
78586679,2025-11-04 17:43:41.000 UTC,0x3c499c542cef5e3811e1192ce70d8cc03d5c3359,0x,0xffa4e6181777692565cf28528fc88fd1516ea86b56da075235fa575af6a4b855,0x00000000000000000000000037cefc817a4582773b26835910127ba24f284bb4,,0x676d115b5a90716020fefb4b62a7eff9ecca4dd6ae9815f0678d055641276f6a
78586694,2025-11-04 17:44:11.000 UTC,0x3c499c542cef5e3811e1192ce70d8cc03d5c3359,0x,0xffa4e6181777692565cf28528fc88fd1516ea86b56da075235fa575af6a4b855,0x000000000000000000000000412e673fb7cce4e031b9a02277b1aeb599f62bc1,,0xeb4a2855fac2071ea032b2459cf92fc9dd0ab756f64e7edd7f26c5d6a62238a8
78586716,2025-11-04 17:44:55.000 UTC,0x3c499c542cef5e3811e1192ce70d8cc03d5c3359,0x,0xffa4e6181777692565cf28528fc88fd1516ea86b56da075235fa575af6a4b855,0x000000000000000000000000491e68c8464e39723c304aef5cea9543f37ee607,,0x0da57ea23643d62938b492c380d9b9f88836ed4b43b70b18cec9201442de091d
78586774,2025-11-04 17:46:51.000 UTC,0x3c499c542cef5e3811e1192ce70d8cc03d5c3359,0x,0xffa4e6181777692565cf28528fc88fd1516ea86b56da075235fa575af6a4b855,0x00000000000000000000000044888f0a128a21872c38aa44bede1e31137ba85f,,0x6f8ee2b96a4800ea45e294bc9b37305146818851179701d8b447bc6d88ffe7de
78586857,2025-11-04 17:49:37.000 UTC,0x3c499c542cef5e3811e1192ce70d8cc03d5c3359,0x,0xffa4e6181777692565cf28528fc88fd1516ea86b56da075235fa575af6a4b855,0x00000000000000000000000046ccbcaf10b406a85a412ab713ad451caef9a950,,0x9c4fb85c40d382881e8791e9ce432ea5d92c7e2adc5d900d5d8a9ead320c9cdc
78586873,2025-11-04 17:50:09.000 UTC,0x3c499c542cef5e3811e1192ce70d8cc03d5c3359,0x,0xffa4e6181777692565cf28528fc88fd1516ea86b56da075235fa575af6a4b855,0x00000000000000000000000045fc0d462a6473905024a10f756feadf8e6c2d08,,0x7c486dd91edde0afe8b897dedb3a96fee921244bbf061ffaa37b449ded4d6878
78586968,2025-11-04 17:53:19.000 UTC,0x3c499c542cef5e3811e1192ce70d8cc03d5c3359,0x,0xffa4e6181777692565cf28528fc88fd1516ea86b56da075235fa575af6a4b855,0x0000000000000000000000004fa8b02fd04a8ed74b2c77d7efdfffbcc884e3f2,,0x7f7848d431cf2bf6d4e34de7812cdadab74920db0aaed865752c0772f8ec9645
78586982,2025-11-04 17:53:47.000 UTC,0x3c499c542cef5e3811e1192ce70d8cc03d5c3359,0x,0xffa4e6181777692565cf28528fc88fd1516ea86b56da075235fa575af6a4b855,0x00000000000000000000000080865644f47925223c7e12014e9b11f0f05212bc,,0xae8f81898bf060777cc1ba2b8ca72739ffc3fe580603f7a5d5bc8149d13b6fe7
78586987,2025-11-04 17:53:57.000 UTC,0x3c499c542cef5e3811e1192ce70d8cc03d5c3359,0x,0xffa4e6181777692565cf28528fc88fd1516ea86b56da075235fa575af6a4b855,0x00000000000000000000000045afe4b7e98b6ef450e7b5f53bc1763f3be83e69,,0xeb3ccbccd3a3ce07240dd45ca808defc17d30a0d60b1e6d8ab6cc0f6b0d489a2
78586999,2025-11-04 17:54:21.000 UTC,0x3c499c542cef5e3811e1192ce70d8cc03d5c3359,0x,0xffa4e6181777692565cf28528fc88fd1516ea86b56da075235fa575af6a4b855,0x0000000000000000000000005263b1aa550f70bd9753ec558c631eaadd2ae98c,,0x802dbda6f1669ab400b179bfbd9afba95ac8d757548e17ff20bb336ad427cfd1
78587058,2025-11-04 17:56:19.000 UTC,0x3c499c542cef5e3811e1192ce70d8cc03d5c3359,0x,0xffa4e6181777692565cf28528fc88fd1516ea86b56da075235fa575af6a4b855,0x0000000000000000000000005042cca9d00c44733ebaf550851b9a65cc98d58f,,0xeaf6a86d592d1856610ff7711b74e0a563f807713d6ff76ee2c532d6b7842cd3
78587086,2025-11-04 17:57:15.000 UTC,0x3c499c542cef5e3811e1192ce70d8cc03d5c3359,0x,0xffa4e6181777692565cf28528fc88fd1516ea86b56da075235fa575af6a4b855,0x0000000000000000000000004b1d7ad9f0cbff66d194ba1e9f0da31635f23f0e,,0x19e21157c4ce00a38e796ae8d068b22199d95947b92558988d12bd945f62ad68
78587097,2025-11-04 17:57:37.000 UTC,0x3c499c542cef5e3811e1192ce70d8cc03d5c3359,0x,0xffa4e6181777692565cf28528fc88fd1516ea86b56da075235fa575af6a4b855,0x0000000000000000000000005a1ca8328b9da53c6c11c8745ea8da29a9cd36c1,,0x356cfcb10da5c92fd4c8777e3dc80e90cf0a04acb7a44a656b90710635b7125e
78587121,2025-11-04 17:58:25.000 UTC,0x3c499c542cef5e3811e1192ce70d8cc03d5c3359,0x,0xffa4e6181777692565cf28528fc88fd1516ea86b56da075235fa575af6a4b855,0x00000000000000000000000072a2fc69c5a3025d9d79bb01335860aaf2a4a948,,0x27867d875eb61a817e5cd3a9138773e130170ddd90ef1dd680f39ed6c9013fbf
78587126,2025-11-04 17:58:35.000 UTC,0x3c499c542cef5e3811e1192ce70d8cc03d5c3359,0x,0xffa4e6181777692565cf28528fc88fd1516ea86b56da075235fa575af6a4b855,0x00000000000000000000000055ef531216bd8077fb1acb8e61be532214b33b76,,0xcb9059092b360f9551d3e0ecc434cb3262e95716e3083f5cd2a11de178569659
78587153,2025-11-04 17:59:29.000 UTC,0x3c499c542cef5e3811e1192ce70d8cc03d5c3359,0x,0xffa4e6181777692565cf28528fc88fd1516ea86b56da075235fa575af6a4b855,0x00000000000000000000000080d658d0d767de04a4379fee4a2fdf10d9bfbf03,,0x5869da453822f769f935faed00f5a24ce6fcb60cd4616392953ed8aa70efc9e8
78587187,2025-11-04 18:00:37.000 UTC,0x3c499c542cef5e3811e1192ce70d8cc03d5c3359,0x,0xffa4e6181777692565cf28528fc88fd1516ea86b56da075235fa575af6a4b855,0x000000000000000000000000932dbae7c0493923c2643efc52b9faadfc3109a6,,0x2ebff23d4cd0bb4c7b611e674da45729f690d79a5c9ee49b64c13f2f8c1486cc
78587381,2025-11-04 18:07:05.000 UTC,0x3c499c542cef5e3811e1192ce70d8cc03d5c3359,0x,0xffa4e6181777692565cf28528fc88fd1516ea86b56da075235fa575af6a4b855,0x000000000000000000000000596ac03ba123b802325bf62ceff98e5608ac48e9,,0xe0473b60da9eead62b46493ca69ab7d845d1c2bf89b3ae8bcc5c07bb29842a91
78587419,2025-11-04 18:08:21.000 UTC,0x3c499c542cef5e3811e1192ce70d8cc03d5c3359,0x,0xffa4e6181777692565cf28528fc88fd1516ea86b56da075235fa575af6a4b855,0x000000000000000000000000ad0fd006d311c33da60c180603316a813a3f68d4,,0x8e27fc3d0c5235df0ea5e03ffca17f5ca94c553ffb574a9082530cf1b02815a4
78587441,2025-11-04 18:09:05.000 UTC,0x3c499c542cef5e3811e1192ce70d8cc03d5c3359,0x,0xffa4e6181777692565cf28528fc88fd1516ea86b56da075235fa575af6a4b855,0x000000000000000000000000919d585e07ab0926832753eb43fd6fb2b8488051,,0x60e7d80375a6ad87dcfe951a1ef01739a60c4078125731aca42aad36dca96d78
78587527,2025-11-04 18:11:57.000 UTC,0x3c499c542cef5e3811e1192ce70d8cc03d5c3359,0x,0xffa4e6181777692565cf28528fc88fd1516ea86b56da075235fa575af6a4b855,0x000000000000000000000000a4e740b001ea51cd90988b19cfb9da7a52e91c47,,0xa4bb104c7aa6e9474eea4ad8e7b83b98205265c171b730e6ea3db94cc3384ba9
78587625,2025-11-04 18:15:13.000 UTC,0x3c499c542cef5e3811e1192ce70d8cc03d5c3359,0x,0xffa4e6181777692565cf28528fc88fd1516ea86b56da075235fa575af6a4b855,0x00000000000000000000000097a582fff8b54e501f584dcd828fd1200f6f9e6b,,0x2b0f94ce018af13121b2511dca500628e8f6bddf2f67fccad4c3c19d20608660
78587643,2025-11-04 18:15:49.000 UTC,0x3c499c542cef5e3811e1192ce70d8cc03d5c3359,0x,0xffa4e6181777692565cf28528fc88fd1516ea86b56da075235fa575af6a4b855,0x000000000000000000000000c19a1636cf379ce180a61946a990d743bd2ee3d1,,0x0ac10c1dc83d02995716bbfd5c7190ead79da42c15391ac901e567d113edd0be
78587719,2025-11-04 18:18:21.000 UTC,0x3c499c542cef5e3811e1192ce70d8cc03d5c3359,0x,0xffa4e6181777692565cf28528fc88fd1516ea86b56da075235fa575af6a4b855,0x0000000000000000000000009d6350f74c811ca9e9c9adc35227a1193d5984b0,,0xf4bfe3794dfd53adb5827b4d69190b1157b9374066816fc4503e0e2b26b71da1
78587730,2025-11-04 18:18:43.000 UTC,0x3c499c542cef5e3811e1192ce70d8cc03d5c3359,0x,0xffa4e6181777692565cf28528fc88fd1516ea86b56da075235fa575af6a4b855,0x000000000000000000000000e61c235a51cf48a554c60005d936d424d0d76397,,0x817fc406bbeed0cb8a92e0ed5baf9cc647ca38e6528bebe2561243468d0fd9eb
78587820,2025-11-04 18:21:43.000 UTC,0x3c499c542cef5e3811e1192ce70d8cc03d5c3359,0x,0xffa4e6181777692565cf28528fc88fd1516ea86b56da075235fa575af6a4b855,0x000000000000000000000000c95b0eaad3ed1c1505fc9b1a50c160afe3594036,,0x53999247ed397e0d8925803cf03d9616e6308d13e72efe21d547970a5acf1296
78587869,2025-11-04 18:23:21.000 UTC,0x3c499c542cef5e3811e1192ce70d8cc03d5c3359,0x,0xffa4e6181777692565cf28528fc88fd1516ea86b56da075235fa575af6a4b855,0x000000000000000000000000a3afa16728fc3a16072a7a00ec4508fafe02a34a,,0xc6c06b925742701452a05aa9801e71a190711ccdfe71598409b1d6aa220a8245
78587948,2025-11-04 18:25:59.000 UTC,0x3c499c542cef5e3811e1192ce70d8cc03d5c3359,0x,0xffa4e6181777692565cf28528fc88fd1516ea86b56da075235fa575af6a4b855,0x000000000000000000000000c5aa13f464851d92fd59f1ef6a1c719e5e6d2d4a,,0x7b119444c534cb227174d7e03808bf69672c62f2a503ecbf6adef8cd87bc4e2c
78588006,2025-11-04 18:27:55.000 UTC,0x3c499c542cef5e3811e1192ce70d8cc03d5c3359,0x,0xffa4e6181777692565cf28528fc88fd1516ea86b56da075235fa575af6a4b855,0x000000000000000000000000d3301fc40c118a14ba8c15370e6dd3746656d287,,0x28f04674b6ae5fd9430011a5b1bf4c3847b195b2f3973e147e1ae43fa1daa9d8
78588038,2025-11-04 18:28:59.000 UTC,0x3c499c542cef5e3811e1192ce70d8cc03d5c3359,0x,0xffa4e6181777692565cf28528fc88fd1516ea86b56da075235fa575af6a4b855,0x000000000000000000000000da9809eaca62c7d52978045007f26817c425875f,,0xbc327143dc6ebca7e97a7aba10496f8de84031547ac492116289ae195b974547
78588093,2025-11-04 18:30:49.000 UTC,0x3c499c542cef5e3811e1192ce70d8cc03d5c3359,0x,0xffa4e6181777692565cf28528fc88fd1516ea86b56da075235fa575af6a4b855,0x000000000000000000000000dc2ec40485f23d6268fe9f4fde8c390051f4766a,,0x6162d215cbcf44524d53b68dbfc6b401ea0b67744a2c8563a1f013ba617055b1
78588447,2025-11-04 18:42:37.000 UTC,0x3c499c542cef5e3811e1192ce70d8cc03d5c3359,0x,0xffa4e6181777692565cf28528fc88fd1516ea86b56da075235fa575af6a4b855,0x000000000000000000000000c014eb917fb0689844b31347c7556c18a319bbbf,,0xdd843f8c763a683c229064bdb4c836a871ab7fd3bfc3c9530579390417b2e987
78588488,2025-11-04 18:43:59.000 UTC,0x3c499c542cef5e3811e1192ce70d8cc03d5c3359,0x,0xffa4e6181777692565cf28528fc88fd1516ea86b56da075235fa575af6a4b855,0x000000000000000000000000e96e4483bc3f3abfea3213cd8a094ce5b26b117c,,0x17822a12fc0de59de46d108e0b6b874a07588ad20f792005964da6e521c2dac5
78588506,2025-11-04 18:44:35.000 UTC,0x3c499c542cef5e3811e1192ce70d8cc03d5c3359,0x,0xffa4e6181777692565cf28528fc88fd1516ea86b56da075235fa575af6a4b855,0x000000000000000000000000f3f338ec1c5e17ab45377e78308ace9a6338242c,,0xc53fbccd33f9d3c8458b07be029cfa642ab72b36c0940bcbc252fbf36c89c2d4
78588537,2025-11-04 18:45:37.000 UTC,0x3c499c542cef5e3811e1192ce70d8cc03d5c3359,0x,0xffa4e6181777692565cf28528fc88fd1516ea86b56da075235fa575af6a4b855,0x000000000000000000000000db7ae6b7a2153fe0062be5d1d90a8be5ec8aaa50,,0xba63b3d5094036558585b4f01563dc9b0171a99f01579640778f0248a703aef6
78588558,2025-11-04 18:46:19.000 UTC,0x3c499c542cef5e3811e1192ce70d8cc03d5c3359,0x,0xffa4e6181777692565cf28528fc88fd1516ea86b56da075235fa575af6a4b855,0x000000000000000000000000ed5324b5482a3eef2eb4263d1c386d86bfda5d4b,,0xc57e1892ce83e795b25ed538d79e5029fb52076ccf5ad66c8e76867184e3eda1
78588571,2025-11-04 18:46:45.000 UTC,0x3c499c542cef5e3811e1192ce70d8cc03d5c3359,0x,0xffa4e6181777692565cf28528fc88fd1516ea86b56da075235fa575af6a4b855,0x000000000000000000000000f512078e07f61a2e28081c8ea86c6056788d18b4,,0xb3ffc33631402476f998a747516eb83c9fb5721d9be59aa27971c514cbf011ca
78588575,2025-11-04 18:46:53.000 UTC,0x3c499c542cef5e3811e1192ce70d8cc03d5c3359,0x,0xffa4e6181777692565cf28528fc88fd1516ea86b56da075235fa575af6a4b855,0x000000000000000000000000fc3def4dc3bac88f7e80d53c2499a02d65ae7e66,,0xf38516c10b26cba73c323c011a42326b71d0c1d21e56f90625d820352c2f9c98
79234934,2025-11-19 17:54:59.000 UTC,0x3c499c542cef5e3811e1192ce70d8cc03d5c3359,0x,0xffa4e6181777692565cf28528fc88fd1516ea86b56da075235fa575af6a4b855,0x0000000000000000000000005d5b5dafecbf31bdb08bfd3edad4f2694372d0ef,,0x25d4a22f180e99846e6a4135f3ee022b5e2047fa7d48652f44b859563d41e4c7
79235062,2025-11-19 17:59:15.000 UTC,0x3c499c542cef5e3811e1192ce70d8cc03d5c3359,0x,0xffa4e6181777692565cf28528fc88fd1516ea86b56da075235fa575af6a4b855,0x000000000000000000000000e1e4c5e5ed8f03ae61b581e2def126025f2b9401,,0x2fc3af999057300a1ef6e238c4d0d4e634e4c205397b4448edc629ab982a6173
79235093,2025-11-19 18:00:17.000 UTC,0x3c499c542cef5e3811e1192ce70d8cc03d5c3359,0x,0xffa4e6181777692565cf28528fc88fd1516ea86b56da075235fa575af6a4b855,0x0000000000000000000000002020b536fd363c82fc3f6ab26aeea94b4ffa1404,,0x10402c72716c9fec9eadfd70bd287427f3b7715e18d105bc6a98398fed8ef723
79235111,2025-11-19 18:00:53.000 UTC,0x3c499c542cef5e3811e1192ce70d8cc03d5c3359,0x,0xffa4e6181777692565cf28528fc88fd1516ea86b56da075235fa575af6a4b855,0x000000000000000000000000c103b7dc095c904b92081eef0c1640081ec01c10,,0x8356dec14e33b98d39ab095b6d8e22aff196e3aaa2a39e2e24c098d8b680bf4c
79235141,2025-11-19 18:01:53.000 UTC,0x3c499c542cef5e3811e1192ce70d8cc03d5c3359,0x,0xffa4e6181777692565cf28528fc88fd1516ea86b56da075235fa575af6a4b855,0x0000000000000000000000002020b536fd363c82fc3f6ab26aeea94b4ffa1404,,0x84006e19b4c6e013af9721d62dcd26cf6be5a80ab0d10b33e3308d4888ad4eff
79235158,2025-11-19 18:02:27.000 UTC,0x3c499c542cef5e3811e1192ce70d8cc03d5c3359,0x,0xffa4e6181777692565cf28528fc88fd1516ea86b56da075235fa575af6a4b855,0x000000000000000000000000091a964948da0f8f638c8b688e391e5a3df1a43e,,0x27ba7964e1a9d5f458e3b3d8b03bf14fcf810fad23a581125ae7eb15a27ceaa5
79235186,2025-11-19 18:03:23.000 UTC,0x3c499c542cef5e3811e1192ce70d8cc03d5c3359,0x,0xffa4e6181777692565cf28528fc88fd1516ea86b56da075235fa575af6a4b855,0x0000000000000000000000002020b536fd363c82fc3f6ab26aeea94b4ffa1404,,0x673f274e6794a39ba40fcddaf4c517c2c4a4a875d6334f434f1fc222d80b98e8
79235191,2025-11-19 18:03:33.000 UTC,0x3c499c542cef5e3811e1192ce70d8cc03d5c3359,0x,0xffa4e6181777692565cf28528fc88fd1516ea86b56da075235fa575af6a4b855,0x00000000000000000000000011fe0fd1a9fb17746eb9877a396ddf1b3a632838,,0x801ef2130653d87c1b8011ed06f64f4123ac97342fed3ee0afed54fa74875b87
79235222,2025-11-19 18:04:35.000 UTC,0x3c499c542cef5e3811e1192ce70d8cc03d5c3359,0x,0xffa4e6181777692565cf28528fc88fd1516ea86b56da075235fa575af6a4b855,0x0000000000000000000000009227c54226014afcb588dc49818e28a3a2367557,,0xa9013a1a2bdb21d9dc66e86252b4e83014b7a2df3f0f61765b3fe0f13ba78466
79235395,2025-11-19 18:10:21.000 UTC,0x3c499c542cef5e3811e1192ce70d8cc03d5c3359,0x,0xffa4e6181777692565cf28528fc88fd1516ea86b56da075235fa575af6a4b855,0x000000000000000000000000d4e976441a1cad72ee5cbd2fd1b677fe7ce8afdf,,0x4d6ea037cf8ae77555813b86394cf9e4c455a3f3979ce42d75180b7f9d56b4cf
79535405,2025-11-26 16:50:45.000 UTC,0x3c499c542cef5e3811e1192ce70d8cc03d5c3359,0x,0xffa4e6181777692565cf28528fc88fd1516ea86b56da075235fa575af6a4b855,0x00000000000000000000000066395ac274efad06bcfa78c882c9c4988833823b,,0xd046b091a0473d0c31b5d302ad32cb07f189c4f41bd09eddd822dbea6c9f9645
82335556,2026-01-30 16:38:38.000 UTC,0x3c499c542cef5e3811e1192ce70d8cc03d5c3359,0x,0xffa4e6181777692565cf28528fc88fd1516ea86b56da075235fa575af6a4b855,0x0000000000000000000000000529ebc9ff01a4d390f91687d7c7406bf0dab24e,,0x238d0604802a038b80033e74cc7986ca23e3d474fea8f85c8583bc71b27b856a
82335621,2026-01-30 16:40:48.000 UTC,0x3c499c542cef5e3811e1192ce70d8cc03d5c3359,0x,0xffa4e6181777692565cf28528fc88fd1516ea86b56da075235fa575af6a4b855,0x000000000000000000000000bf92b14aa9fd088182178e2ebf208da946521ee5,,0xfb9670312b0e9ae4a7ca6f4033c10ba19cfbdbe968f6cd24125734b154f2e46f
82335631,2026-01-30 16:41:08.000 UTC,0x3c499c542cef5e3811e1192ce70d8cc03d5c3359,0x,0xffa4e6181777692565cf28528fc88fd1516ea86b56da075235fa575af6a4b855,0x0000000000000000000000002136ed3902c1d7217d9b19cf313bbb035ed9bfd7,,0x3129178758ee07c63f98a89e80b12f8e606b4b4ef2ebdfe7e27e89837c4766e3
82335743,2026-01-30 16:44:52.000 UTC,0x3c499c542cef5e3811e1192ce70d8cc03d5c3359,0x,0xffa4e6181777692565cf28528fc88fd1516ea86b56da075235fa575af6a4b855,0x000000000000000000000000180242dc6b95c786c2d9c397532c679a956a1d12,,0x572461d8550c14dc183fdfbe4c167ddb8885247cc3ca21d1e9b4cd7b96f2b3f1
82335770,2026-01-30 16:45:46.000 UTC,0x3c499c542cef5e3811e1192ce70d8cc03d5c3359,0x,0xffa4e6181777692565cf28528fc88fd1516ea86b56da075235fa575af6a4b855,0x0000000000000000000000004bae1c4b2167fe4ebcd6d7baac1138d943a2609f,,0x17cc192a50e1d2f39624677456edac9471146571a1058f420e836602d7806c88
82335797,2026-01-30 16:46:40.000 UTC,0x3c499c542cef5e3811e1192ce70d8cc03d5c3359,0x,0xffa4e6181777692565cf28528fc88fd1516ea86b56da075235fa575af6a4b855,0x000000000000000000000000783a4cc2478f1b44f37052bac72abaa3fc6f992a,,0xab742bb8f41296a7e785fb49cc8fff9d569a87c0f2896afb945786bcb80933f8
82335849,2026-01-30 16:48:24.000 UTC,0x3c499c542cef5e3811e1192ce70d8cc03d5c3359,0x,0xffa4e6181777692565cf28528fc88fd1516ea86b56da075235fa575af6a4b855,0x0000000000000000000000008dd586d12164a98e319607295935ee968919608e,,0xe376bd2be7deab7402802cfa07a0e3e70e4891f2d146fdeaa7f1df7dbcaa2251
84108031,2026-03-12 17:21:35.000 UTC,0x3c499c542cef5e3811e1192ce70d8cc03d5c3359,0x,0xffa4e6181777692565cf28528fc88fd1516ea86b56da075235fa575af6a4b855,0x00000000000000000000000095584c303fcd48af5c6b9873015f2ad0ca84eae3,,0x8db3e474f27f5b60565ae2377da1db545dfe8149c0917bb346c03102099a4610
84108085,2026-03-12 17:23:23.000 UTC,0x3c499c542cef5e3811e1192ce70d8cc03d5c3359,0x,0xffa4e6181777692565cf28528fc88fd1516ea86b56da075235fa575af6a4b855,0x000000000000000000000000ee61f0eeee09eed3583baab61fa2e64b96207478,,0xb1cde4716a1fca26457f2fc69d516572d0404891b4d85952507b9b9ec9c9f156
84108212,2026-03-12 17:27:37.000 UTC,0x3c499c542cef5e3811e1192ce70d8cc03d5c3359,0x,0xffa4e6181777692565cf28528fc88fd1516ea86b56da075235fa575af6a4b855,0x000000000000000000000000cb74874f1e06fcf80a306e06e5379a44b488ba2d,,0x9d6329b671eaf18da9f9838780eb7ce77312fca78ef7dff88a31343f4804e71d
84108222,2026-03-12 17:27:57.000 UTC,0x3c499c542cef5e3811e1192ce70d8cc03d5c3359,0x,0xffa4e6181777692565cf28528fc88fd1516ea86b56da075235fa575af6a4b855,0x000000000000000000000000b637f84b66876ebf609c2a4208905f9ddac9d075,,0x16ef32bdc4f0db98a36bf07bfb0e92f27556b7f1370492a75eb008d0e8f702c9
84108284,2026-03-12 17:30:01.000 UTC,0x3c499c542cef5e3811e1192ce70d8cc03d5c3359,0x,0xffa4e6181777692565cf28528fc88fd1516ea86b56da075235fa575af6a4b855,0x0000000000000000000000000330070fd38ec3bb94f58fa55d40368271e9e54a,,0x8b423e6d62aa5ff74483bb510152a2548efaebe5969c69c0abb228fdfd3827ce
84108380,2026-03-12 17:33:13.000 UTC,0x3c499c542cef5e3811e1192ce70d8cc03d5c3359,0x,0xffa4e6181777692565cf28528fc88fd1516ea86b56da075235fa575af6a4b855,0x0000000000000000000000004f47bc496083c727c5fbe3ce9cdf2b0f6496270c,,0x618195cfbc783bade29caf652cb1c2e34c38a9152e8daa140fa3c0cff1985781
84108389,2026-03-12 17:33:31.000 UTC,0x3c499c542cef5e3811e1192ce70d8cc03d5c3359,0x,0xffa4e6181777692565cf28528fc88fd1516ea86b56da075235fa575af6a4b855,0x0000000000000000000000009be599d7867f5e1a2d7ec6db9710df2b98a15573,,0x1108460067c7f327bcec3bf67eaf9b89d8d641c3adfef005effd2e138b23d26a
84108428,2026-03-12 17:34:49.000 UTC,0x3c499c542cef5e3811e1192ce70d8cc03d5c3359,0x,0xffa4e6181777692565cf28528fc88fd1516ea86b56da075235fa575af6a4b855,0x0000000000000000000000006315bdc714ebb7a08e5ec10f351b6ca61d052bee,,0x085cdbe93001e8a9529ab762366a47b058514d5b539debe827daa618437255e3
84108433,2026-03-12 17:34:59.000 UTC,0x3c499c542cef5e3811e1192ce70d8cc03d5c3359,0x,0xffa4e6181777692565cf28528fc88fd1516ea86b56da075235fa575af6a4b855,0x000000000000000000000000fb3eff152ea55d1bfa04dbdd509a80fd7b72cdeb,,0x81ff5b121b3e31050d776e22d3ee7981579b2f97555ee54d9e1456fd127f721d
84108472,2026-03-12 17:36:17.000 UTC,0x3c499c542cef5e3811e1192ce70d8cc03d5c3359,0x,0xffa4e6181777692565cf28528fc88fd1516ea86b56da075235fa575af6a4b855,0x00000000000000000000000076ea76ca4eb727f18956ab93445a94c5280412b9,,0xd64b8096b53b837631a0c11d8fef12590c9a287b07c4564820135432d471c020
84108514,2026-03-12 17:37:41.000 UTC,0x3c499c542cef5e3811e1192ce70d8cc03d5c3359,0x,0xffa4e6181777692565cf28528fc88fd1516ea86b56da075235fa575af6a4b855,0x000000000000000000000000747afb5c7a7fc34b547cd0fdebf9b91759c5a52b,,0x4ce972506d9de99d6c6a4459b4d2ea6c7c2566bbf863f17b06b7af8f532c0e4d
84108623,2026-03-12 17:41:19.000 UTC,0x3c499c542cef5e3811e1192ce70d8cc03d5c3359,0x,0xffa4e6181777692565cf28528fc88fd1516ea86b56da075235fa575af6a4b855,0x000000000000000000000000d04e33461fea8302c5e1e13895b60cee8aefda7f,,0x775081c1dd6e2ecb6f7a66aa7c995ed2001135aadf7f634759415a0a54f6ba81
84108656,2026-03-12 17:42:25.000 UTC,0x3c499c542cef5e3811e1192ce70d8cc03d5c3359,0x,0xffa4e6181777692565cf28528fc88fd1516ea86b56da075235fa575af6a4b855,0x000000000000000000000000fda1ec4a6178d4916b001a065422d31ebe5f62ff,,0x0d37d9391871576d87c264630bb8b93f5577cea6acc811af5b80b3c6a69d06ca
84108739,2026-03-12 17:45:11.000 UTC,0x3c499c542cef5e3811e1192ce70d8cc03d5c3359,0x,0xffa4e6181777692565cf28528fc88fd1516ea86b56da075235fa575af6a4b855,0x0000000000000000000000008d55c4306745f05a31af596c6bfa19374073e797,,0x7314cbc43a7f11147b382eb8013ad5ac75669d44814d4b49633ed6302d1a0fc6
84108766,2026-03-12 17:46:05.000 UTC,0x3c499c542cef5e3811e1192ce70d8cc03d5c3359,0x,0xffa4e6181777692565cf28528fc88fd1516ea86b56da075235fa575af6a4b855,0x000000000000000000000000fe88af78cfc99bea57f2fb708489cfc0f0b7f704,,0x7d8237773e249138aaeef1f466086d450f33f1c3de34369f36a7912968adb5e1
84108791,2026-03-12 17:46:55.000 UTC,0x3c499c542cef5e3811e1192ce70d8cc03d5c3359,0x,0xffa4e6181777692565cf28528fc88fd1516ea86b56da075235fa575af6a4b855,0x000000000000000000000000283fcf7f260da7c3c9aad91beab58882990a66eb,,0x43a63394047befb672d4d46c3b61778b42acdf560ec4a62d2223c45933345d86
84108816,2026-03-12 17:47:45.000 UTC,0x3c499c542cef5e3811e1192ce70d8cc03d5c3359,0x,0xffa4e6181777692565cf28528fc88fd1516ea86b56da075235fa575af6a4b855,0x0000000000000000000000002ec6c5fe3d7acd8e2e6185c17d9acb136e66f3e0,,0x4a204424f522cae9e0c78737577fdd2c8f407084f279d6c0d1ef219948b35a9d
84108977,2026-03-12 17:53:07.000 UTC,0x3c499c542cef5e3811e1192ce70d8cc03d5c3359,0x,0xffa4e6181777692565cf28528fc88fd1516ea86b56da075235fa575af6a4b855,0x0000000000000000000000009145fc390e71e3b56da4bfe51460cbdbb1a8a3f9,,0x09e6a96e5c53fac5ac2d8c0fbaf56ffea512b5d428bc4980e4f96d4b149bba97
84109009,2026-03-12 17:54:11.000 UTC,0x3c499c542cef5e3811e1192ce70d8cc03d5c3359,0x,0xffa4e6181777692565cf28528fc88fd1516ea86b56da075235fa575af6a4b855,0x00000000000000000000000088ef69134150f35b1e91fa2d8bfbb44ba2c51e62,,0x5f7fe0e77d8259f508ac383d173efb3dd3307c2c294bee3a2f7345030a94b5ec
84109041,2026-03-12 17:55:15.000 UTC,0x3c499c542cef5e3811e1192ce70d8cc03d5c3359,0x,0xffa4e6181777692565cf28528fc88fd1516ea86b56da075235fa575af6a4b855,0x00000000000000000000000047df0606a84a52763887d7aa280cc4f068326b16,,0xede6f8140b8ff2072ea61b75dba483506098052a6aa509d6a8adddbcb012d7cb
84109048,2026-03-12 17:55:29.000 UTC,0x3c499c542cef5e3811e1192ce70d8cc03d5c3359,0x,0xffa4e6181777692565cf28528fc88fd1516ea86b56da075235fa575af6a4b855,0x000000000000000000000000f8bc582628cd0c721b554161a1cb59ea003742c0,,0xb6977007cdcbe6dd35f3c62d37b17718089d92e7a005f3a61c0abb5b3694c0af
84586159,2026-03-23 18:59:13.000 UTC,0x3c499c542cef5e3811e1192ce70d8cc03d5c3359,0x,0xffa4e6181777692565cf28528fc88fd1516ea86b56da075235fa575af6a4b855,0x0000000000000000000000002ac3edd31755a9fa84dbc8befa7ea587c0967901,,0x712ca240f80b4e71f5d4fab17d6d2ea04f6536a2bf82f7ab6822dc1ab8027b9b
84586190,2026-03-23 19:00:15.000 UTC,0x3c499c542cef5e3811e1192ce70d8cc03d5c3359,0x,0xffa4e6181777692565cf28528fc88fd1516ea86b56da075235fa575af6a4b855,0x0000000000000000000000004d108a579b0d001e2494901a1ee44280c3d516cd,,0x23af7f27bbd6a4404471c4db76420320ea0c0cecf568868f1d0a129123cd31f1
84586345,2026-03-23 19:05:25.000 UTC,0x3c499c542cef5e3811e1192ce70d8cc03d5c3359,0x,0xffa4e6181777692565cf28528fc88fd1516ea86b56da075235fa575af6a4b855,0x0000000000000000000000005197df5e822a35acb4e01dcb8b38cc212bbe1aa3,,0x8155bf3f586616077af5c25f1ae69a86f912e55838cdb2c11436e4ad91b37a69
84586356,2026-03-23 19:05:47.000 UTC,0x3c499c542cef5e3811e1192ce70d8cc03d5c3359,0x,0xffa4e6181777692565cf28528fc88fd1516ea86b56da075235fa575af6a4b855,0x0000000000000000000000007da0a7ce31f89b353e51985cf77388b29574e278,,0xf935166e9b25d0379cdefd4c2e30e0ab2642a401c6250e13bb7355d73847b9be
84747835,2026-03-27 12:48:25.000 UTC,0x3c499c542cef5e3811e1192ce70d8cc03d5c3359,0x,0x117e3210bb9aa7d9baff172026820255c6f6c30ba8999d1c2fd88e2848137c4e,0x0000000000000000000000002ac3edd31755a9fa84dbc8befa7ea587c0967901,,0x5caecac040379203466b298e9acddb9ef5301b57719b65c4ff72148701b387c4
