action_id,source_id,relation,issuer
CU-ACT-0002,CU-SRC-0021,EVIDENCE_OF_TRIGGER,Circle
CU-ACT-0003,CU-SRC-0021,EVIDENCE_OF_TRIGGER,Circle
CU-ACT-0004,CU-SRC-0021,EVIDENCE_OF_TRIGGER,Circle
CU-ACT-0005,CU-SRC-0021,EVIDENCE_OF_TRIGGER,Circle
CU-ACT-0006,CU-SRC-0021,EVIDENCE_OF_TRIGGER,Circle
CU-ACT-0007,CU-SRC-0021,EVIDENCE_OF_TRIGGER,Circle
CU-ACT-0008,CU-SRC-0021,EVIDENCE_OF_TRIGGER,Circle
CU-ACT-0009,CU-SRC-0021,EVIDENCE_OF_TRIGGER,Circle
CU-ACT-0010,CU-SRC-0021,EVIDENCE_OF_TRIGGER,Circle
CU-ACT-0011,CU-SRC-0021,EVIDENCE_OF_TRIGGER,Circle
CU-ACT-0012,CU-SRC-0021,EVIDENCE_OF_TRIGGER,Circle
CU-ACT-0013,CU-SRC-0021,EVIDENCE_OF_TRIGGER,Circle
CU-ACT-0014,CU-SRC-0021,EVIDENCE_OF_TRIGGER,Circle
CU-ACT-0016,CU-SRC-0021,EVIDENCE_OF_TRIGGER,Circle
CU-ACT-0017,CU-SRC-0021,EVIDENCE_OF_TRIGGER,Circle
CU-ACT-0018,CU-SRC-0021,EVIDENCE_OF_TRIGGER,Circle
CU-ACT-0019,CU-SRC-0021,EVIDENCE_OF_TRIGGER,Circle
CU-ACT-0020,CU-SRC-0021,EVIDENCE_OF_TRIGGER,Circle
CU-ACT-0028,CU-SRC-0021,EVIDENCE_OF_TRIGGER,Circle
CU-ACT-0029,CU-SRC-0021,EVIDENCE_OF_TRIGGER,Circle
CU-ACT-0030,CU-SRC-0021,EVIDENCE_OF_TRIGGER,Circle
CU-ACT-0031,CU-SRC-0021,EVIDENCE_OF_TRIGGER,Circle
CU-ACT-0032,CU-SRC-0021,EVIDENCE_OF_TRIGGER,Circle
CU-ACT-0033,CU-SRC-0021,EVIDENCE_OF_TRIGGER,Circle
CU-ACT-0034,CU-SRC-0021,EVIDENCE_OF_TRIGGER,Circle
CU-ACT-0036,CU-SRC-0021,EVIDENCE_OF_TRIGGER,Circle
CU-ACT-0037,CU-SRC-0021,EVIDENCE_OF_TRIGGER,Circle
CU-ACT-0038,CU-SRC-0021,EVIDENCE_OF_TRIGGER,Circle
CU-ACT-0039,CU-SRC-0021,EVIDENCE_OF_TRIGGER,Circle
CU-ACT-0040,CU-SRC-0021,EVIDENCE_OF_TRIGGER,Circle
CU-ACT-0085,CU-SRC-0021,EVIDENCE_OF_TRIGGER,Circle
CU-ACT-0086,CU-SRC-0021,EVIDENCE_OF_TRIGGER,Circle
CU-ACT-0145,CU-SRC-0021,EVIDENCE_OF_TRIGGER,Circle
CU-ACT-0146,CU-SRC-0021,EVIDENCE_OF_TRIGGER,Circle
CU-ACT-0147,CU-SRC-0021,EVIDENCE_OF_TRIGGER,Circle
CU-ACT-0148,CU-SRC-0021,EVIDENCE_OF_TRIGGER,Circle
CU-ACT-0149,CU-SRC-0021,EVIDENCE_OF_TRIGGER,Circle
CU-ACT-0150,CU-SRC-0021,EVIDENCE_OF_TRIGGER,Circle
CU-ACT-0151,CU-SRC-0021,EVIDENCE_OF_TRIGGER,Circle
CU-ACT-0152,CU-SRC-0021,EVIDENCE_OF_TRIGGER,Circle
CU-ACT-0153,CU-SRC-0021,EVIDENCE_OF_TRIGGER,Circle
CU-ACT-0157,CU-SRC-0021,EVIDENCE_OF_TRIGGER,Circle
CU-ACT-0164,CU-SRC-0021,EVIDENCE_OF_TRIGGER,Circle
CU-ACT-0168,CU-SRC-0021,EVIDENCE_OF_TRIGGER,Circle
CU-ACT-0174,CU-SRC-0021,EVIDENCE_OF_TRIGGER,Circle
CU-ACT-0175,CU-SRC-0021,EVIDENCE_OF_TRIGGER,Circle
CU-ACT-0181,CU-SRC-0021,EVIDENCE_OF_TRIGGER,Circle
CU-ACT-0182,CU-SRC-0021,EVIDENCE_OF_TRIGGER,Circle
CU-ACT-0183,CU-SRC-0021,EVIDENCE_OF_TRIGGER,Circle
CU-ACT-0184,CU-SRC-0021,EVIDENCE_OF_TRIGGER,Circle
CU-ACT-0185,CU-SRC-0021,EVIDENCE_OF_TRIGGER,Circle
CU-ACT-0186,CU-SRC-0021,EVIDENCE_OF_TRIGGER,Circle
CU-ACT-0187,CU-SRC-0021,EVIDENCE_OF_TRIGGER,Circle
CU-ACT-0188,CU-SRC-0021,EVIDENCE_OF_TRIGGER,Circle
CU-ACT-0192,CU-SRC-0021,EVIDENCE_OF_TRIGGER,Circle
CU-ACT-0193,CU-SRC-0021,EVIDENCE_OF_TRIGGER,Circle
CU-ACT-0196,CU-SRC-0021,EVIDENCE_OF_TRIGGER,Circle
CU-ACT-0198,CU-SRC-0021,EVIDENCE_OF_TRIGGER,Circle
CU-ACT-0200,CU-SRC-0021,EVIDENCE_OF_TRIGGER,Circle
CU-ACT-0219,CU-SRC-0021,EVIDENCE_OF_TRIGGER,Circle
CU-ACT-0224,CU-SRC-0021,EVIDENCE_OF_TRIGGER,Circle
CU-ACT-0226,CU-SRC-0021,EVIDENCE_OF_TRIGGER,Circle
CU-ACT-0229,CU-SRC-0021,EVIDENCE_OF_TRIGGER,Circle
CU-ACT-0234,CU-SRC-0021,EVIDENCE_OF_TRIGGER,Circle
CU-ACT-0244,CU-SRC-0021,EVIDENCE_OF_TRIGGER,Circle
CU-ACT-0253,CU-SRC-0021,EVIDENCE_OF_TRIGGER,Circle
CU-ACT-0267,CU-SRC-0021,EVIDENCE_OF_TRIGGER,Circle
CU-ACT-0394,CU-SRC-0021,EVIDENCE_OF_TRIGGER,Circle
CU-ACT-0464,CU-SRC-0021,EVIDENCE_OF_TRIGGER,Circle
CU-ACT-0468,CU-SRC-0021,EVIDENCE_OF_TRIGGER,Circle
CU-ACT-0469,CU-SRC-0021,EVIDENCE_OF_TRIGGER,Circle
CU-ACT-0471,CU-SRC-0021,EVIDENCE_OF_TRIGGER,Circle
CU-ACT-0472,CU-SRC-0021,EVIDENCE_OF_TRIGGER,Circle
CU-ACT-0473,CU-SRC-0021,EVIDENCE_OF_TRIGGER,Circle
CU-ACT-0478,CU-SRC-0021,EVIDENCE_OF_TRIGGER,Circle
CU-ACT-0480,CU-SRC-0021,EVIDENCE_OF_TRIGGER,Circle
CU-ACT-0481,CU-SRC-0021,EVIDENCE_OF_TRIGGER,Circle
CU-ACT-0485,CU-SRC-0021,EVIDENCE_OF_TRIGGER,Circle
CU-ACT-0597,CU-SRC-0021,EVIDENCE_OF_TRIGGER,Circle
CU-ACT-0598,CU-SRC-0021,EVIDENCE_OF_TRIGGER,Circle
CU-ACT-0601,CU-SRC-0021,EVIDENCE_OF_TRIGGER,Circle
CU-ACT-0632,CU-SRC-0021,EVIDENCE_OF_TRIGGER,Circle
CU-ACT-0634,CU-SRC-0021,EVIDENCE_OF_TRIGGER,Circle
CU-ACT-0635,CU-SRC-0021,EVIDENCE_OF_TRIGGER,Circle
CU-ACT-0636,CU-SRC-0021,EVIDENCE_OF_TRIGGER,Circle
CU-ACT-0638,CU-SRC-0021,EVIDENCE_OF_TRIGGER,Circle
CU-ACT-0639,CU-SRC-0021,EVIDENCE_OF_TRIGGER,Circle
CU-ACT-0640,CU-SRC-0021,EVIDENCE_OF_TRIGGER,Circle
CU-ACT-0641,CU-SRC-0021,EVIDENCE_OF_TRIGGER,Circle
CU-ACT-0642,CU-SRC-0021,EVIDENCE_OF_TRIGGER,Circle
CU-ACT-0643,CU-SRC-0021,EVIDENCE_OF_TRIGGER,Circle
CU-ACT-0647,CU-SRC-0021,EVIDENCE_OF_TRIGGER,Circle
CU-ACT-0783,CU-SRC-0021,EVIDENCE_OF_TRIGGER,Circle
CU-ACT-0784,CU-SRC-0021,EVIDENCE_OF_TRIGGER,Circle
CU-ACT-0785,CU-SRC-0021,EVIDENCE_OF_TRIGGER,Circle
CU-ACT-0786,CU-SRC-0021,EVIDENCE_OF_TRIGGER,Circle
CU-ACT-0787,CU-SRC-0021,EVIDENCE_OF_TRIGGER,Circle
CU-ACT-0788,CU-SRC-0021,EVIDENCE_OF_TRIGGER,Circle
CU-ACT-0789,CU-SRC-0021,EVIDENCE_OF_TRIGGER,Circle
CU-ACT-0790,CU-SRC-0021,EVIDENCE_OF_TRIGGER,Circle
CU-ACT-0791,CU-SRC-0021,EVIDENCE_OF_TRIGGER,Circle
CU-ACT-0792,CU-SRC-0021,EVIDENCE_OF_TRIGGER,Circle
CU-ACT-0793,CU-SRC-0021,EVIDENCE_OF_TRIGGER,Circle
CU-ACT-0795,CU-SRC-0021,EVIDENCE_OF_TRIGGER,Circle
CU-ACT-0796,CU-SRC-0021,EVIDENCE_OF_TRIGGER,Circle
CU-ACT-0797,CU-SRC-0021,EVIDENCE_OF_TRIGGER,Circle
CU-ACT-0798,CU-SRC-0021,EVIDENCE_OF_TRIGGER,Circle
CU-ACT-0799,CU-SRC-0021,EVIDENCE_OF_TRIGGER,Circle
CU-ACT-0800,CU-SRC-0021,EVIDENCE_OF_TRIGGER,Circle
CU-ACT-0801,CU-SRC-0021,EVIDENCE_OF_TRIGGER,Circle
CU-ACT-0802,CU-SRC-0021,EVIDENCE_OF_TRIGGER,Circle
CU-ACT-0803,CU-SRC-0021,EVIDENCE_OF_TRIGGER,Circle
CU-ACT-0804,CU-SRC-0021,EVIDENCE_OF_TRIGGER,Circle
CU-ACT-0805,CU-SRC-0021,EVIDENCE_OF_TRIGGER,Circle
CU-ACT-0806,CU-SRC-0021,EVIDENCE_OF_TRIGGER,Circle
CU-ACT-0807,CU-SRC-0021,EVIDENCE_OF_TRIGGER,Circle
CU-ACT-0808,CU-SRC-0021,EVIDENCE_OF_TRIGGER,Circle
CU-ACT-0809,CU-SRC-0021,EVIDENCE_OF_TRIGGER,Circle
CU-ACT-0810,CU-SRC-0021,EVIDENCE_OF_TRIGGER,Circle
CU-ACT-0812,CU-SRC-0021,EVIDENCE_OF_TRIGGER,Circle
CU-ACT-0813,CU-SRC-0021,EVIDENCE_OF_TRIGGER,Circle
CU-ACT-0814,CU-SRC-0021,EVIDENCE_OF_TRIGGER,Circle
CU-ACT-0815,CU-SRC-0021,EVIDENCE_OF_TRIGGER,Circle
CU-ACT-0853,CU-SRC-0021,EVIDENCE_OF_TRIGGER,Circle
CU-ACT-0854,CU-SRC-0021,EVIDENCE_OF_TRIGGER,Circle
CU-ACT-0909,CU-SRC-0021,EVIDENCE_OF_TRIGGER,Circle
CU-ACT-0910,CU-SRC-0021,EVIDENCE_OF_TRIGGER,Circle
CU-ACT-0911,CU-SRC-0021,EVIDENCE_OF_TRIGGER,Circle
CU-ACT-0912,CU-SRC-0021,EVIDENCE_OF_TRIGGER,Circle
CU-ACT-0913,CU-SRC-0021,EVIDENCE_OF_TRIGGER,Circle
CU-ACT-0914,CU-SRC-0021,EVIDENCE_OF_TRIGGER,Circle
CU-ACT-0915,CU-SRC-0021,EVIDENCE_OF_TRIGGER,Circle
CU-ACT-0916,CU-SRC-0021,EVIDENCE_OF_TRIGGER,Circle
CU-ACT-0917,CU-SRC-0021,EVIDENCE_OF_TRIGGER,Circle
CU-ACT-0918,CU-SRC-0021,EVIDENCE_OF_TRIGGER,Circle
CU-ACT-0919,CU-SRC-0021,EVIDENCE_OF_TRIGGER,Circle
CU-ACT-0920,CU-SRC-0021,EVIDENCE_OF_TRIGGER,Circle
CU-ACT-0921,CU-SRC-0021,EVIDENCE_OF_TRIGGER,Circle
CU-ACT-0922,CU-SRC-0021,EVIDENCE_OF_TRIGGER,Circle
CU-ACT-0926,CU-SRC-0021,EVIDENCE_OF_TRIGGER,Circle
CU-ACT-0927,CU-SRC-0021,EVIDENCE_OF_TRIGGER,Circle
CU-ACT-0928,CU-SRC-0021,EVIDENCE_OF_TRIGGER,Circle
CU-ACT-0929,CU-SRC-0021,EVIDENCE_OF_TRIGGER,Circle
CU-ACT-0930,CU-SRC-0021,EVIDENCE_OF_TRIGGER,Circle
CU-ACT-0931,CU-SRC-0021,EVIDENCE_OF_TRIGGER,Circle
CU-ACT-0932,CU-SRC-0021,EVIDENCE_OF_TRIGGER,Circle
CU-ACT-0933,CU-SRC-0021,EVIDENCE_OF_TRIGGER,Circle
CU-ACT-0934,CU-SRC-0021,EVIDENCE_OF_TRIGGER,Circle
CU-ACT-0935,CU-SRC-0021,EVIDENCE_OF_TRIGGER,Circle
CU-ACT-0938,CU-SRC-0021,EVIDENCE_OF_TRIGGER,Circle
CU-ACT-0940,CU-SRC-0021,EVIDENCE_OF_TRIGGER,Circle
CU-ACT-0942,CU-SRC-0021,EVIDENCE_OF_TRIGGER,Circle
CU-ACT-0944,CU-SRC-0021,EVIDENCE_OF_TRIGGER,Circle
CU-ACT-0948,CU-SRC-0021,EVIDENCE_OF_TRIGGER,Circle
CU-ACT-0950,CU-SRC-0021,EVIDENCE_OF_TRIGGER,Circle
CU-ACT-0953,CU-SRC-0021,EVIDENCE_OF_TRIGGER,Circle
CU-ACT-0955,CU-SRC-0021,EVIDENCE_OF_TRIGGER,Circle
CU-ACT-0958,CU-SRC-0021,EVIDENCE_OF_TRIGGER,Circle
CU-ACT-0962,CU-SRC-0021,EVIDENCE_OF_TRIGGER,Circle
CU-ACT-0965,CU-SRC-0021,EVIDENCE_OF_TRIGGER,Circle
CU-ACT-1082,CU-SRC-0021,EVIDENCE_OF_TRIGGER,Circle
CU-ACT-1094,CU-SRC-0021,EVIDENCE_OF_TRIGGER,Circle
CU-ACT-1096,CU-SRC-0021,EVIDENCE_OF_TRIGGER,Circle
CU-ACT-1097,CU-SRC-0021,EVIDENCE_OF_TRIGGER,Circle
CU-ACT-1098,CU-SRC-0021,EVIDENCE_OF_TRIGGER,Circle
CU-ACT-1099,CU-SRC-0021,EVIDENCE_OF_TRIGGER,Circle
CU-ACT-1100,CU-SRC-0021,EVIDENCE_OF_TRIGGER,Circle
CU-ACT-1101,CU-SRC-0021,EVIDENCE_OF_TRIGGER,Circle
CU-ACT-1109,CU-SRC-0021,EVIDENCE_OF_TRIGGER,Circle
CU-ACT-1110,CU-SRC-0021,EVIDENCE_OF_TRIGGER,Circle
CU-ACT-1114,CU-SRC-0021,EVIDENCE_OF_TRIGGER,Circle
CU-ACT-1177,CU-SRC-0021,EVIDENCE_OF_TRIGGER,Circle
CU-ACT-1178,CU-SRC-0021,EVIDENCE_OF_TRIGGER,Circle
CU-ACT-1179,CU-SRC-0021,EVIDENCE_OF_TRIGGER,Circle
CU-ACT-1194,CU-SRC-0021,EVIDENCE_OF_TRIGGER,Circle
CU-ACT-1195,CU-SRC-0021,EVIDENCE_OF_TRIGGER,Circle
CU-ACT-1196,CU-SRC-0021,EVIDENCE_OF_TRIGGER,Circle
CU-ACT-1197,CU-SRC-0021,EVIDENCE_OF_TRIGGER,Circle
CU-ACT-1198,CU-SRC-0021,EVIDENCE_OF_TRIGGER,Circle
CU-ACT-1199,CU-SRC-0021,EVIDENCE_OF_TRIGGER,Circle
CU-ACT-1200,CU-SRC-0021,EVIDENCE_OF_TRIGGER,Circle
CU-ACT-1201,CU-SRC-0021,EVIDENCE_OF_TRIGGER,Circle
CU-ACT-1202,CU-SRC-0021,EVIDENCE_OF_TRIGGER,Circle
CU-ACT-1204,CU-SRC-0021,EVIDENCE_OF_TRIGGER,Circle
CU-ACT-1207,CU-SRC-0021,EVIDENCE_OF_TRIGGER,Circle
CU-ACT-1216,CU-SRC-0021,EVIDENCE_OF_TRIGGER,Circle
CU-ACT-1217,CU-SRC-0021,EVIDENCE_OF_TRIGGER,Circle
CU-ACT-1218,CU-SRC-0021,EVIDENCE_OF_TRIGGER,Circle
CU-ACT-1219,CU-SRC-0021,EVIDENCE_OF_TRIGGER,Circle
CU-ACT-1220,CU-SRC-0021,EVIDENCE_OF_TRIGGER,Circle
CU-ACT-1221,CU-SRC-0021,EVIDENCE_OF_TRIGGER,Circle
CU-ACT-1222,CU-SRC-0021,EVIDENCE_OF_TRIGGER,Circle
CU-ACT-1223,CU-SRC-0021,EVIDENCE_OF_TRIGGER,Circle
CU-ACT-1224,CU-SRC-0021,EVIDENCE_OF_TRIGGER,Circle
CU-ACT-1225,CU-SRC-0021,EVIDENCE_OF_TRIGGER,Circle
CU-ACT-1226,CU-SRC-0021,EVIDENCE_OF_TRIGGER,Circle
CU-ACT-1227,CU-SRC-0021,EVIDENCE_OF_TRIGGER,Circle
CU-ACT-1228,CU-SRC-0021,EVIDENCE_OF_TRIGGER,Circle
CU-ACT-1229,CU-SRC-0021,EVIDENCE_OF_TRIGGER,Circle
CU-ACT-1230,CU-SRC-0021,EVIDENCE_OF_TRIGGER,Circle
CU-ACT-1231,CU-SRC-0021,EVIDENCE_OF_TRIGGER,Circle
CU-ACT-1232,CU-SRC-0021,EVIDENCE_OF_TRIGGER,Circle
CU-ACT-1233,CU-SRC-0021,EVIDENCE_OF_TRIGGER,Circle
CU-ACT-1234,CU-SRC-0021,EVIDENCE_OF_TRIGGER,Circle
CU-ACT-1235,CU-SRC-0021,EVIDENCE_OF_TRIGGER,Circle
CU-ACT-1236,CU-SRC-0021,EVIDENCE_OF_TRIGGER,Circle
CU-ACT-1237,CU-SRC-0021,EVIDENCE_OF_TRIGGER,Circle
CU-ACT-1238,CU-SRC-0021,EVIDENCE_OF_TRIGGER,Circle
CU-ACT-1240,CU-SRC-0021,EVIDENCE_OF_TRIGGER,Circle
CU-ACT-1242,CU-SRC-0021,EVIDENCE_OF_TRIGGER,Circle
CU-ACT-1243,CU-SRC-0021,EVIDENCE_OF_TRIGGER,Circle
CU-ACT-1244,CU-SRC-0021,EVIDENCE_OF_TRIGGER,Circle
CU-ACT-1245,CU-SRC-0021,EVIDENCE_OF_TRIGGER,Circle
CU-ACT-1246,CU-SRC-0021,EVIDENCE_OF_TRIGGER,Circle
CU-ACT-1247,CU-SRC-0021,EVIDENCE_OF_TRIGGER,Circle
CU-ACT-1248,CU-SRC-0021,EVIDENCE_OF_TRIGGER,Circle
CU-ACT-1249,CU-SRC-0021,EVIDENCE_OF_TRIGGER,Circle
CU-ACT-1250,CU-SRC-0021,EVIDENCE_OF_TRIGGER,Circle
CU-ACT-1251,CU-SRC-0021,EVIDENCE_OF_TRIGGER,Circle
CU-ACT-1252,CU-SRC-0021,EVIDENCE_OF_TRIGGER,Circle
CU-ACT-1253,CU-SRC-0021,EVIDENCE_OF_TRIGGER,Circle
CU-ACT-1254,CU-SRC-0021,EVIDENCE_OF_TRIGGER,Circle
CU-ACT-1255,CU-SRC-0021,EVIDENCE_OF_TRIGGER,Circle
CU-ACT-1256,CU-SRC-0021,EVIDENCE_OF_TRIGGER,Circle
CU-ACT-1258,CU-SRC-0021,EVIDENCE_OF_TRIGGER,Circle
CU-ACT-1259,CU-SRC-0021,EVIDENCE_OF_TRIGGER,Circle
CU-ACT-1260,CU-SRC-0021,EVIDENCE_OF_TRIGGER,Circle
CU-ACT-1261,CU-SRC-0021,EVIDENCE_OF_TRIGGER,Circle
CU-ACT-1304,CU-SRC-0021,EVIDENCE_OF_TRIGGER,Circle
CU-ACT-1305,CU-SRC-0021,EVIDENCE_OF_TRIGGER,Circle
CU-ACT-1372,CU-SRC-0021,EVIDENCE_OF_TRIGGER,Circle
CU-ACT-1373,CU-SRC-0021,EVIDENCE_OF_TRIGGER,Circle
CU-ACT-1374,CU-SRC-0021,EVIDENCE_OF_TRIGGER,Circle
CU-ACT-1375,CU-SRC-0021,EVIDENCE_OF_TRIGGER,Circle
CU-ACT-1376,CU-SRC-0021,EVIDENCE_OF_TRIGGER,Circle
CU-ACT-1377,CU-SRC-0021,EVIDENCE_OF_TRIGGER,Circle
CU-ACT-1378,CU-SRC-0021,EVIDENCE_OF_TRIGGER,Circle
CU-ACT-1379,CU-SRC-0021,EVIDENCE_OF_TRIGGER,Circle
CU-ACT-1380,CU-SRC-0021,EVIDENCE_OF_TRIGGER,Circle
CU-ACT-1381,CU-SRC-0021,EVIDENCE_OF_TRIGGER,Circle
CU-ACT-1382,CU-SRC-0021,EVIDENCE_OF_TRIGGER,Circle
CU-ACT-1383,CU-SRC-0021,EVIDENCE_OF_TRIGGER,Circle
CU-ACT-1384,CU-SRC-0021,EVIDENCE_OF_TRIGGER,Circle
CU-ACT-1385,CU-SRC-0021,EVIDENCE_OF_TRIGGER,Circle
CU-ACT-1386,CU-SRC-0021,EVIDENCE_OF_TRIGGER,Circle
CU-ACT-1390,CU-SRC-0021,EVIDENCE_OF_TRIGGER,Circle
CU-ACT-1391,CU-SRC-0021,EVIDENCE_OF_TRIGGER,Circle
CU-ACT-1392,CU-SRC-0021,EVIDENCE_OF_TRIGGER,Circle
CU-ACT-1393,CU-SRC-0021,EVIDENCE_OF_TRIGGER,Circle
CU-ACT-1394,CU-SRC-0021,EVIDENCE_OF_TRIGGER,Circle
CU-ACT-1395,CU-SRC-0021,EVIDENCE_OF_TRIGGER,Circle
CU-ACT-1396,CU-SRC-0021,EVIDENCE_OF_TRIGGER,Circle
CU-ACT-1397,CU-SRC-0021,EVIDENCE_OF_TRIGGER,Circle
CU-ACT-1398,CU-SRC-0021,EVIDENCE_OF_TRIGGER,Circle
CU-ACT-1399,CU-SRC-0021,EVIDENCE_OF_TRIGGER,Circle
CU-ACT-1402,CU-SRC-0021,EVIDENCE_OF_TRIGGER,Circle
CU-ACT-1404,CU-SRC-0021,EVIDENCE_OF_TRIGGER,Circle
CU-ACT-1406,CU-SRC-0021,EVIDENCE_OF_TRIGGER,Circle
CU-ACT-1408,CU-SRC-0021,EVIDENCE_OF_TRIGGER,Circle
CU-ACT-1412,CU-SRC-0021,EVIDENCE_OF_TRIGGER,Circle
CU-ACT-1414,CU-SRC-0021,EVIDENCE_OF_TRIGGER,Circle
CU-ACT-1417,CU-SRC-0021,EVIDENCE_OF_TRIGGER,Circle
CU-ACT-1419,CU-SRC-0021,EVIDENCE_OF_TRIGGER,Circle
CU-ACT-1421,CU-SRC-0021,EVIDENCE_OF_TRIGGER,Circle
CU-ACT-1425,CU-SRC-0021,EVIDENCE_OF_TRIGGER,Circle
CU-ACT-1428,CU-SRC-0021,EVIDENCE_OF_TRIGGER,Circle
CU-ACT-1535,CU-SRC-0021,EVIDENCE_OF_TRIGGER,Circle
CU-ACT-1547,CU-SRC-0021,EVIDENCE_OF_TRIGGER,Circle
CU-ACT-1549,CU-SRC-0021,EVIDENCE_OF_TRIGGER,Circle
CU-ACT-1550,CU-SRC-0021,EVIDENCE_OF_TRIGGER,Circle
CU-ACT-1551,CU-SRC-0021,EVIDENCE_OF_TRIGGER,Circle
CU-ACT-1552,CU-SRC-0021,EVIDENCE_OF_TRIGGER,Circle
CU-ACT-1553,CU-SRC-0021,EVIDENCE_OF_TRIGGER,Circle
CU-ACT-1554,CU-SRC-0021,EVIDENCE_OF_TRIGGER,Circle
CU-ACT-1560,CU-SRC-0021,EVIDENCE_OF_TRIGGER,Circle
CU-ACT-1561,CU-SRC-0021,EVIDENCE_OF_TRIGGER,Circle
CU-ACT-1566,CU-SRC-0021,EVIDENCE_OF_TRIGGER,Circle
CU-ACT-1628,CU-SRC-0021,EVIDENCE_OF_TRIGGER,Circle
CU-ACT-1629,CU-SRC-0021,EVIDENCE_OF_TRIGGER,Circle
CU-ACT-1631,CU-SRC-0021,EVIDENCE_OF_TRIGGER,Circle
CU-ACT-1646,CU-SRC-0021,EVIDENCE_OF_TRIGGER,Circle
CU-ACT-1648,CU-SRC-0021,EVIDENCE_OF_TRIGGER,Circle
CU-ACT-1649,CU-SRC-0021,EVIDENCE_OF_TRIGGER,Circle
CU-ACT-1650,CU-SRC-0021,EVIDENCE_OF_TRIGGER,Circle
CU-ACT-1651,CU-SRC-0021,EVIDENCE_OF_TRIGGER,Circle
CU-ACT-1652,CU-SRC-0021,EVIDENCE_OF_TRIGGER,Circle
CU-ACT-1654,CU-SRC-0021,EVIDENCE_OF_TRIGGER,Circle
CU-ACT-1655,CU-SRC-0021,EVIDENCE_OF_TRIGGER,Circle
CU-ACT-1656,CU-SRC-0021,EVIDENCE_OF_TRIGGER,Circle
CU-ACT-1657,CU-SRC-0021,EVIDENCE_OF_TRIGGER,Circle
CU-ACT-1658,CU-SRC-0021,EVIDENCE_OF_TRIGGER,Circle
CU-ACT-1672,CU-SRC-0021,EVIDENCE_OF_TRIGGER,Circle
CU-ACT-1673,CU-SRC-0021,EVIDENCE_OF_TRIGGER,Circle
CU-ACT-1674,CU-SRC-0021,EVIDENCE_OF_TRIGGER,Circle
CU-ACT-1675,CU-SRC-0021,EVIDENCE_OF_TRIGGER,Circle
CU-ACT-1676,CU-SRC-0021,EVIDENCE_OF_TRIGGER,Circle
CU-ACT-1677,CU-SRC-0021,EVIDENCE_OF_TRIGGER,Circle
CU-ACT-1678,CU-SRC-0021,EVIDENCE_OF_TRIGGER,Circle
CU-ACT-1679,CU-SRC-0021,EVIDENCE_OF_TRIGGER,Circle
CU-ACT-1680,CU-SRC-0021,EVIDENCE_OF_TRIGGER,Circle
CU-ACT-1681,CU-SRC-0021,EVIDENCE_OF_TRIGGER,Circle
CU-ACT-1682,CU-SRC-0021,EVIDENCE_OF_TRIGGER,Circle
CU-ACT-1683,CU-SRC-0021,EVIDENCE_OF_TRIGGER,Circle
CU-ACT-1685,CU-SRC-0021,EVIDENCE_OF_TRIGGER,Circle
CU-ACT-1686,CU-SRC-0021,EVIDENCE_OF_TRIGGER,Circle
CU-ACT-1687,CU-SRC-0021,EVIDENCE_OF_TRIGGER,Circle
CU-ACT-1688,CU-SRC-0021,EVIDENCE_OF_TRIGGER,Circle
CU-ACT-1689,CU-SRC-0021,EVIDENCE_OF_TRIGGER,Circle
CU-ACT-1690,CU-SRC-0021,EVIDENCE_OF_TRIGGER,Circle
CU-ACT-1691,CU-SRC-0021,EVIDENCE_OF_TRIGGER,Circle
CU-ACT-1692,CU-SRC-0021,EVIDENCE_OF_TRIGGER,Circle
CU-ACT-1693,CU-SRC-0021,EVIDENCE_OF_TRIGGER,Circle
CU-ACT-1694,CU-SRC-0021,EVIDENCE_OF_TRIGGER,Circle
CU-ACT-1695,CU-SRC-0021,EVIDENCE_OF_TRIGGER,Circle
CU-ACT-1696,CU-SRC-0021,EVIDENCE_OF_TRIGGER,Circle
CU-ACT-1697,CU-SRC-0021,EVIDENCE_OF_TRIGGER,Circle
CU-ACT-1698,CU-SRC-0021,EVIDENCE_OF_TRIGGER,Circle
CU-ACT-1700,CU-SRC-0021,EVIDENCE_OF_TRIGGER,Circle
CU-ACT-1701,CU-SRC-0021,EVIDENCE_OF_TRIGGER,Circle
CU-ACT-1702,CU-SRC-0021,EVIDENCE_OF_TRIGGER,Circle
CU-ACT-1703,CU-SRC-0021,EVIDENCE_OF_TRIGGER,Circle
CU-ACT-1742,CU-SRC-0021,EVIDENCE_OF_TRIGGER,Circle
CU-ACT-1743,CU-SRC-0021,EVIDENCE_OF_TRIGGER,Circle
CU-ACT-1802,CU-SRC-0021,EVIDENCE_OF_TRIGGER,Circle
CU-ACT-1803,CU-SRC-0021,EVIDENCE_OF_TRIGGER,Circle
CU-ACT-1804,CU-SRC-0021,EVIDENCE_OF_TRIGGER,Circle
CU-ACT-1805,CU-SRC-0021,EVIDENCE_OF_TRIGGER,Circle
CU-ACT-1806,CU-SRC-0021,EVIDENCE_OF_TRIGGER,Circle
CU-ACT-1807,CU-SRC-0021,EVIDENCE_OF_TRIGGER,Circle
CU-ACT-1808,CU-SRC-0021,EVIDENCE_OF_TRIGGER,Circle
CU-ACT-1809,CU-SRC-0021,EVIDENCE_OF_TRIGGER,Circle
CU-ACT-1810,CU-SRC-0021,EVIDENCE_OF_TRIGGER,Circle
CU-ACT-1812,CU-SRC-0021,EVIDENCE_OF_TRIGGER,Circle
CU-ACT-1813,CU-SRC-0021,EVIDENCE_OF_TRIGGER,Circle
CU-ACT-1814,CU-SRC-0021,EVIDENCE_OF_TRIGGER,Circle
CU-ACT-1815,CU-SRC-0021,EVIDENCE_OF_TRIGGER,Circle
CU-ACT-1816,CU-SRC-0021,EVIDENCE_OF_TRIGGER,Circle
CU-ACT-1818,CU-SRC-0021,EVIDENCE_OF_TRIGGER,Circle
CU-ACT-1819,CU-SRC-0021,EVIDENCE_OF_TRIGGER,Circle
CU-ACT-1820,CU-SRC-0021,EVIDENCE_OF_TRIGGER,Circle
CU-ACT-1821,CU-SRC-0021,EVIDENCE_OF_TRIGGER,Circle
CU-ACT-1822,CU-SRC-0021,EVIDENCE_OF_TRIGGER,Circle
CU-ACT-1823,CU-SRC-0021,EVIDENCE_OF_TRIGGER,Circle
CU-ACT-1824,CU-SRC-0021,EVIDENCE_OF_TRIGGER,Circle
CU-ACT-1825,CU-SRC-0021,EVIDENCE_OF_TRIGGER,Circle
CU-ACT-1826,CU-SRC-0021,EVIDENCE_OF_TRIGGER,Circle
CU-ACT-1827,CU-SRC-0021,EVIDENCE_OF_TRIGGER,Circle
CU-ACT-1830,CU-SRC-0021,EVIDENCE_OF_TRIGGER,Circle
CU-ACT-1832,CU-SRC-0021,EVIDENCE_OF_TRIGGER,Circle
CU-ACT-1834,CU-SRC-0021,EVIDENCE_OF_TRIGGER,Circle
CU-ACT-1838,CU-SRC-0021,EVIDENCE_OF_TRIGGER,Circle
CU-ACT-1842,CU-SRC-0021,EVIDENCE_OF_TRIGGER,Circle
CU-ACT-1844,CU-SRC-0021,EVIDENCE_OF_TRIGGER,Circle
CU-ACT-1847,CU-SRC-0021,EVIDENCE_OF_TRIGGER,Circle
CU-ACT-1849,CU-SRC-0021,EVIDENCE_OF_TRIGGER,Circle
CU-ACT-1851,CU-SRC-0021,EVIDENCE_OF_TRIGGER,Circle
CU-ACT-1857,CU-SRC-0021,EVIDENCE_OF_TRIGGER,Circle
CU-ACT-1860,CU-SRC-0021,EVIDENCE_OF_TRIGGER,Circle
CU-ACT-1967,CU-SRC-0021,EVIDENCE_OF_TRIGGER,Circle
CU-ACT-1977,CU-SRC-0021,EVIDENCE_OF_TRIGGER,Circle
CU-ACT-1979,CU-SRC-0021,EVIDENCE_OF_TRIGGER,Circle
CU-ACT-1980,CU-SRC-0021,EVIDENCE_OF_TRIGGER,Circle
CU-ACT-1981,CU-SRC-0021,EVIDENCE_OF_TRIGGER,Circle
CU-ACT-1982,CU-SRC-0021,EVIDENCE_OF_TRIGGER,Circle
CU-ACT-1983,CU-SRC-0021,EVIDENCE_OF_TRIGGER,Circle
CU-ACT-1984,CU-SRC-0021,EVIDENCE_OF_TRIGGER,Circle
CU-ACT-1990,CU-SRC-0021,EVIDENCE_OF_TRIGGER,Circle
CU-ACT-1992,CU-SRC-0021,EVIDENCE_OF_TRIGGER,Circle
CU-ACT-1994,CU-SRC-0021,EVIDENCE_OF_TRIGGER,Circle
CU-ACT-2055,CU-SRC-0021,EVIDENCE_OF_TRIGGER,Circle
CU-ACT-2056,CU-SRC-0021,EVIDENCE_OF_TRIGGER,Circle
CU-ACT-2059,CU-SRC-0021,EVIDENCE_OF_TRIGGER,Circle
CU-ACT-2071,CU-SRC-0021,EVIDENCE_OF_TRIGGER,Circle
CU-ACT-2073,CU-SRC-0021,EVIDENCE_OF_TRIGGER,Circle
CU-ACT-2075,CU-SRC-0021,EVIDENCE_OF_TRIGGER,Circle
CU-ACT-2076,CU-SRC-0021,EVIDENCE_OF_TRIGGER,Circle
CU-ACT-2077,CU-SRC-0021,EVIDENCE_OF_TRIGGER,Circle
CU-ACT-2078,CU-SRC-0021,EVIDENCE_OF_TRIGGER,Circle
CU-ACT-2079,CU-SRC-0021,EVIDENCE_OF_TRIGGER,Circle
CU-ACT-2080,CU-SRC-0021,EVIDENCE_OF_TRIGGER,Circle
CU-ACT-2081,CU-SRC-0021,EVIDENCE_OF_TRIGGER,Circle
CU-ACT-2082,CU-SRC-0021,EVIDENCE_OF_TRIGGER,Circle
CU-ACT-2083,CU-SRC-0021,EVIDENCE_OF_TRIGGER,Circle
CU-ACT-2092,CU-SRC-0021,EVIDENCE_OF_TRIGGER,Circle
CU-ACT-2093,CU-SRC-0021,EVIDENCE_OF_TRIGGER,Circle
CU-ACT-2094,CU-SRC-0021,EVIDENCE_OF_TRIGGER,Circle
CU-ACT-2095,CU-SRC-0021,EVIDENCE_OF_TRIGGER,Circle
CU-ACT-2096,CU-SRC-0021,EVIDENCE_OF_TRIGGER,Circle
CU-ACT-2097,CU-SRC-0021,EVIDENCE_OF_TRIGGER,Circle
CU-ACT-2098,CU-SRC-0021,EVIDENCE_OF_TRIGGER,Circle
CU-ACT-2099,CU-SRC-0021,EVIDENCE_OF_TRIGGER,Circle
CU-ACT-2100,CU-SRC-0021,EVIDENCE_OF_TRIGGER,Circle
CU-ACT-2101,CU-SRC-0021,EVIDENCE_OF_TRIGGER,Circle
CU-ACT-2102,CU-SRC-0021,EVIDENCE_OF_TRIGGER,Circle
CU-ACT-2104,CU-SRC-0021,EVIDENCE_OF_TRIGGER,Circle
CU-ACT-2105,CU-SRC-0021,EVIDENCE_OF_TRIGGER,Circle
CU-ACT-2106,CU-SRC-0021,EVIDENCE_OF_TRIGGER,Circle
CU-ACT-2107,CU-SRC-0021,EVIDENCE_OF_TRIGGER,Circle
CU-ACT-2108,CU-SRC-0021,EVIDENCE_OF_TRIGGER,Circle
CU-ACT-2109,CU-SRC-0021,EVIDENCE_OF_TRIGGER,Circle
CU-ACT-2110,CU-SRC-0021,EVIDENCE_OF_TRIGGER,Circle
CU-ACT-2111,CU-SRC-0021,EVIDENCE_OF_TRIGGER,Circle
CU-ACT-2112,CU-SRC-0021,EVIDENCE_OF_TRIGGER,Circle
CU-ACT-2113,CU-SRC-0021,EVIDENCE_OF_TRIGGER,Circle
CU-ACT-2114,CU-SRC-0021,EVIDENCE_OF_TRIGGER,Circle
CU-ACT-2115,CU-SRC-0021,EVIDENCE_OF_TRIGGER,Circle
CU-ACT-2116,CU-SRC-0021,EVIDENCE_OF_TRIGGER,Circle
CU-ACT-2117,CU-SRC-0021,EVIDENCE_OF_TRIGGER,Circle
CU-ACT-2118,CU-SRC-0021,EVIDENCE_OF_TRIGGER,Circle
CU-ACT-2120,CU-SRC-0021,EVIDENCE_OF_TRIGGER,Circle
CU-ACT-2121,CU-SRC-0021,EVIDENCE_OF_TRIGGER,Circle
CU-ACT-2122,CU-SRC-0021,EVIDENCE_OF_TRIGGER,Circle
CU-ACT-2123,CU-SRC-0021,EVIDENCE_OF_TRIGGER,Circle
CU-ACT-2161,CU-SRC-0021,EVIDENCE_OF_TRIGGER,Circle
CU-ACT-2162,CU-SRC-0021,EVIDENCE_OF_TRIGGER,Circle
CU-ACT-2217,CU-SRC-0021,EVIDENCE_OF_TRIGGER,Circle
CU-ACT-2218,CU-SRC-0021,EVIDENCE_OF_TRIGGER,Circle
CU-ACT-2219,CU-SRC-0021,EVIDENCE_OF_TRIGGER,Circle
CU-ACT-2220,CU-SRC-0021,EVIDENCE_OF_TRIGGER,Circle
CU-ACT-2221,CU-SRC-0021,EVIDENCE_OF_TRIGGER,Circle
CU-ACT-2222,CU-SRC-0021,EVIDENCE_OF_TRIGGER,Circle
CU-ACT-2223,CU-SRC-0021,EVIDENCE_OF_TRIGGER,Circle
CU-ACT-2224,CU-SRC-0021,EVIDENCE_OF_TRIGGER,Circle
CU-ACT-2225,CU-SRC-0021,EVIDENCE_OF_TRIGGER,Circle
CU-ACT-2226,CU-SRC-0021,EVIDENCE_OF_TRIGGER,Circle
CU-ACT-2227,CU-SRC-0021,EVIDENCE_OF_TRIGGER,Circle
CU-ACT-2228,CU-SRC-0021,EVIDENCE_OF_TRIGGER,Circle
CU-ACT-2229,CU-SRC-0021,EVIDENCE_OF_TRIGGER,Circle
CU-ACT-2230,CU-SRC-0021,EVIDENCE_OF_TRIGGER,Circle
CU-ACT-2232,CU-SRC-0021,EVIDENCE_OF_TRIGGER,Circle
CU-ACT-2233,CU-SRC-0021,EVIDENCE_OF_TRIGGER,Circle
CU-ACT-2234,CU-SRC-0021,EVIDENCE_OF_TRIGGER,Circle
CU-ACT-2235,CU-SRC-0021,EVIDENCE_OF_TRIGGER,Circle
CU-ACT-2236,CU-SRC-0021,EVIDENCE_OF_TRIGGER,Circle
CU-ACT-2237,CU-SRC-0021,EVIDENCE_OF_TRIGGER,Circle
CU-ACT-2238,CU-SRC-0021,EVIDENCE_OF_TRIGGER,Circle
CU-ACT-2239,CU-SRC-0021,EVIDENCE_OF_TRIGGER,Circle
CU-ACT-2240,CU-SRC-0021,EVIDENCE_OF_TRIGGER,Circle
CU-ACT-2241,CU-SRC-0021,EVIDENCE_OF_TRIGGER,Circle
CU-ACT-2244,CU-SRC-0021,EVIDENCE_OF_TRIGGER,Circle
CU-ACT-2246,CU-SRC-0021,EVIDENCE_OF_TRIGGER,Circle
CU-ACT-2248,CU-SRC-0021,EVIDENCE_OF_TRIGGER,Circle
CU-ACT-2250,CU-SRC-0021,EVIDENCE_OF_TRIGGER,Circle
CU-ACT-2254,CU-SRC-0021,EVIDENCE_OF_TRIGGER,Circle
CU-ACT-2256,CU-SRC-0021,EVIDENCE_OF_TRIGGER,Circle
CU-ACT-2259,CU-SRC-0021,EVIDENCE_OF_TRIGGER,Circle
CU-ACT-2261,CU-SRC-0021,EVIDENCE_OF_TRIGGER,Circle
CU-ACT-2264,CU-SRC-0021,EVIDENCE_OF_TRIGGER,Circle
CU-ACT-2268,CU-SRC-0021,EVIDENCE_OF_TRIGGER,Circle
CU-ACT-2272,CU-SRC-0021,EVIDENCE_OF_TRIGGER,Circle
CU-ACT-2379,CU-SRC-0021,EVIDENCE_OF_TRIGGER,Circle
CU-ACT-2391,CU-SRC-0021,EVIDENCE_OF_TRIGGER,Circle
CU-ACT-2393,CU-SRC-0021,EVIDENCE_OF_TRIGGER,Circle
CU-ACT-2394,CU-SRC-0021,EVIDENCE_OF_TRIGGER,Circle
CU-ACT-2395,CU-SRC-0021,EVIDENCE_OF_TRIGGER,Circle
CU-ACT-2396,CU-SRC-0021,EVIDENCE_OF_TRIGGER,Circle
CU-ACT-2397,CU-SRC-0021,EVIDENCE_OF_TRIGGER,Circle
CU-ACT-2398,CU-SRC-0021,EVIDENCE_OF_TRIGGER,Circle
CU-ACT-2406,CU-SRC-0021,EVIDENCE_OF_TRIGGER,Circle
CU-ACT-2408,CU-SRC-0021,EVIDENCE_OF_TRIGGER,Circle
CU-ACT-2412,CU-SRC-0021,EVIDENCE_OF_TRIGGER,Circle
CU-ACT-2475,CU-SRC-0021,EVIDENCE_OF_TRIGGER,Circle
CU-ACT-2476,CU-SRC-0021,EVIDENCE_OF_TRIGGER,Circle
CU-ACT-2477,CU-SRC-0021,EVIDENCE_OF_TRIGGER,Circle
CU-ACT-2491,CU-SRC-0021,EVIDENCE_OF_TRIGGER,Circle
CU-ACT-2492,CU-SRC-0021,EVIDENCE_OF_TRIGGER,Circle
CU-ACT-2493,CU-SRC-0021,EVIDENCE_OF_TRIGGER,Circle
CU-ACT-2494,CU-SRC-0021,EVIDENCE_OF_TRIGGER,Circle
CU-ACT-2495,CU-SRC-0021,EVIDENCE_OF_TRIGGER,Circle
CU-ACT-2496,CU-SRC-0021,EVIDENCE_OF_TRIGGER,Circle
CU-ACT-2497,CU-SRC-0021,EVIDENCE_OF_TRIGGER,Circle
CU-ACT-2498,CU-SRC-0021,EVIDENCE_OF_TRIGGER,Circle
CU-ACT-2499,CU-SRC-0021,EVIDENCE_OF_TRIGGER,Circle
CU-ACT-2500,CU-SRC-0021,EVIDENCE_OF_TRIGGER,Circle
CU-ACT-2502,CU-SRC-0021,EVIDENCE_OF_TRIGGER,Circle
CU-ACT-2514,CU-SRC-0021,EVIDENCE_OF_TRIGGER,Circle
CU-ACT-2515,CU-SRC-0021,EVIDENCE_OF_TRIGGER,Circle
CU-ACT-2516,CU-SRC-0021,EVIDENCE_OF_TRIGGER,Circle
CU-ACT-2517,CU-SRC-0021,EVIDENCE_OF_TRIGGER,Circle
CU-ACT-2518,CU-SRC-0021,EVIDENCE_OF_TRIGGER,Circle
CU-ACT-2519,CU-SRC-0021,EVIDENCE_OF_TRIGGER,Circle
CU-ACT-2520,CU-SRC-0021,EVIDENCE_OF_TRIGGER,Circle
CU-ACT-2521,CU-SRC-0021,EVIDENCE_OF_TRIGGER,Circle
CU-ACT-2522,CU-SRC-0021,EVIDENCE_OF_TRIGGER,Circle
CU-ACT-2523,CU-SRC-0021,EVIDENCE_OF_TRIGGER,Circle
CU-ACT-2524,CU-SRC-0021,EVIDENCE_OF_TRIGGER,Circle
CU-ACT-2526,CU-SRC-0021,EVIDENCE_OF_TRIGGER,Circle
CU-ACT-2527,CU-SRC-0021,EVIDENCE_OF_TRIGGER,Circle
CU-ACT-2528,CU-SRC-0021,EVIDENCE_OF_TRIGGER,Circle
CU-ACT-2529,CU-SRC-0021,EVIDENCE_OF_TRIGGER,Circle
CU-ACT-2530,CU-SRC-0021,EVIDENCE_OF_TRIGGER,Circle
CU-ACT-2531,CU-SRC-0021,EVIDENCE_OF_TRIGGER,Circle
CU-ACT-2532,CU-SRC-0021,EVIDENCE_OF_TRIGGER,Circle
CU-ACT-2533,CU-SRC-0021,EVIDENCE_OF_TRIGGER,Circle
CU-ACT-2534,CU-SRC-0021,EVIDENCE_OF_TRIGGER,Circle
CU-ACT-2535,CU-SRC-0021,EVIDENCE_OF_TRIGGER,Circle
CU-ACT-2536,CU-SRC-0021,EVIDENCE_OF_TRIGGER,Circle
CU-ACT-2537,CU-SRC-0021,EVIDENCE_OF_TRIGGER,Circle
CU-ACT-2538,CU-SRC-0021,EVIDENCE_OF_TRIGGER,Circle
CU-ACT-2539,CU-SRC-0021,EVIDENCE_OF_TRIGGER,Circle
CU-ACT-2540,CU-SRC-0021,EVIDENCE_OF_TRIGGER,Circle
CU-ACT-2542,CU-SRC-0021,EVIDENCE_OF_TRIGGER,Circle
CU-ACT-2543,CU-SRC-0021,EVIDENCE_OF_TRIGGER,Circle
CU-ACT-2544,CU-SRC-0021,EVIDENCE_OF_TRIGGER,Circle
CU-ACT-2545,CU-SRC-0021,EVIDENCE_OF_TRIGGER,Circle
CU-ACT-2583,CU-SRC-0021,EVIDENCE_OF_TRIGGER,Circle
CU-ACT-2584,CU-SRC-0021,EVIDENCE_OF_TRIGGER,Circle
CU-ACT-2639,CU-SRC-0021,EVIDENCE_OF_TRIGGER,Circle
CU-ACT-2640,CU-SRC-0021,EVIDENCE_OF_TRIGGER,Circle
CU-ACT-2641,CU-SRC-0021,EVIDENCE_OF_TRIGGER,Circle
CU-ACT-2642,CU-SRC-0021,EVIDENCE_OF_TRIGGER,Circle
CU-ACT-2643,CU-SRC-0021,EVIDENCE_OF_TRIGGER,Circle
CU-ACT-2644,CU-SRC-0021,EVIDENCE_OF_TRIGGER,Circle
CU-ACT-2645,CU-SRC-0021,EVIDENCE_OF_TRIGGER,Circle
CU-ACT-2646,CU-SRC-0021,EVIDENCE_OF_TRIGGER,Circle
CU-ACT-2647,CU-SRC-0021,EVIDENCE_OF_TRIGGER,Circle
CU-ACT-2648,CU-SRC-0021,EVIDENCE_OF_TRIGGER,Circle
CU-ACT-2649,CU-SRC-0021,EVIDENCE_OF_TRIGGER,Circle
CU-ACT-2650,CU-SRC-0021,EVIDENCE_OF_TRIGGER,Circle
CU-ACT-2651,CU-SRC-0021,EVIDENCE_OF_TRIGGER,Circle
CU-ACT-2652,CU-SRC-0021,EVIDENCE_OF_TRIGGER,Circle
CU-ACT-2654,CU-SRC-0021,EVIDENCE_OF_TRIGGER,Circle
CU-ACT-2655,CU-SRC-0021,EVIDENCE_OF_TRIGGER,Circle
CU-ACT-2656,CU-SRC-0021,EVIDENCE_OF_TRIGGER,Circle
CU-ACT-2657,CU-SRC-0021,EVIDENCE_OF_TRIGGER,Circle
CU-ACT-2658,CU-SRC-0021,EVIDENCE_OF_TRIGGER,Circle
CU-ACT-2659,CU-SRC-0021,EVIDENCE_OF_TRIGGER,Circle
CU-ACT-2660,CU-SRC-0021,EVIDENCE_OF_TRIGGER,Circle
CU-ACT-2661,CU-SRC-0021,EVIDENCE_OF_TRIGGER,Circle
CU-ACT-2662,CU-SRC-0021,EVIDENCE_OF_TRIGGER,Circle
CU-ACT-2663,CU-SRC-0021,EVIDENCE_OF_TRIGGER,Circle
CU-ACT-2666,CU-SRC-0021,EVIDENCE_OF_TRIGGER,Circle
CU-ACT-2667,CU-SRC-0021,EVIDENCE_OF_TRIGGER,Circle
CU-ACT-2670,CU-SRC-0021,EVIDENCE_OF_TRIGGER,Circle
CU-ACT-2672,CU-SRC-0021,EVIDENCE_OF_TRIGGER,Circle
CU-ACT-2676,CU-SRC-0021,EVIDENCE_OF_TRIGGER,Circle
CU-ACT-2678,CU-SRC-0021,EVIDENCE_OF_TRIGGER,Circle
CU-ACT-2681,CU-SRC-0021,EVIDENCE_OF_TRIGGER,Circle
CU-ACT-2683,CU-SRC-0021,EVIDENCE_OF_TRIGGER,Circle
CU-ACT-2685,CU-SRC-0021,EVIDENCE_OF_TRIGGER,Circle
CU-ACT-2688,CU-SRC-0021,EVIDENCE_OF_TRIGGER,Circle
CU-ACT-2691,CU-SRC-0021,EVIDENCE_OF_TRIGGER,Circle
CU-ACT-2798,CU-SRC-0021,EVIDENCE_OF_TRIGGER,Circle
CU-ACT-2808,CU-SRC-0021,EVIDENCE_OF_TRIGGER,Circle
CU-ACT-2810,CU-SRC-0021,EVIDENCE_OF_TRIGGER,Circle
CU-ACT-2811,CU-SRC-0021,EVIDENCE_OF_TRIGGER,Circle
CU-ACT-2812,CU-SRC-0021,EVIDENCE_OF_TRIGGER,Circle
CU-ACT-2813,CU-SRC-0021,EVIDENCE_OF_TRIGGER,Circle
CU-ACT-2814,CU-SRC-0021,EVIDENCE_OF_TRIGGER,Circle
CU-ACT-2815,CU-SRC-0021,EVIDENCE_OF_TRIGGER,Circle
CU-ACT-2821,CU-SRC-0021,EVIDENCE_OF_TRIGGER,Circle
CU-ACT-2823,CU-SRC-0021,EVIDENCE_OF_TRIGGER,Circle
CU-ACT-2825,CU-SRC-0021,EVIDENCE_OF_TRIGGER,Circle
CU-ACT-2886,CU-SRC-0021,EVIDENCE_OF_TRIGGER,Circle
CU-ACT-2887,CU-SRC-0021,EVIDENCE_OF_TRIGGER,Circle
CU-ACT-2889,CU-SRC-0021,EVIDENCE_OF_TRIGGER,Circle
CU-ACT-2902,CU-SRC-0021,EVIDENCE_OF_TRIGGER,Circle
CU-ACT-2903,CU-SRC-0021,EVIDENCE_OF_TRIGGER,Circle
CU-ACT-2904,CU-SRC-0021,EVIDENCE_OF_TRIGGER,Circle
CU-ACT-2905,CU-SRC-0021,EVIDENCE_OF_TRIGGER,Circle
CU-ACT-2906,CU-SRC-0021,EVIDENCE_OF_TRIGGER,Circle
CU-ACT-2907,CU-SRC-0021,EVIDENCE_OF_TRIGGER,Circle
CU-ACT-2908,CU-SRC-0021,EVIDENCE_OF_TRIGGER,Circle
CU-ACT-2909,CU-SRC-0021,EVIDENCE_OF_TRIGGER,Circle
CU-ACT-2910,CU-SRC-0021,EVIDENCE_OF_TRIGGER,Circle
CU-ACT-2911,CU-SRC-0021,EVIDENCE_OF_TRIGGER,Circle
CU-ACT-2912,CU-SRC-0021,EVIDENCE_OF_TRIGGER,Circle
CU-ACT-0001,CU-SRC-0022,EVIDENCE_OF_ACTION,Circle
CU-ACT-0046,CU-SRC-0023,EVIDENCE_OF_TRIGGER,Circle
CU-ACT-0047,CU-SRC-0023,EVIDENCE_OF_TRIGGER,Circle
CU-ACT-0048,CU-SRC-0023,EVIDENCE_OF_TRIGGER,Circle
CU-ACT-0049,CU-SRC-0023,EVIDENCE_OF_TRIGGER,Circle
CU-ACT-0050,CU-SRC-0023,EVIDENCE_OF_TRIGGER,Circle
CU-ACT-0051,CU-SRC-0023,EVIDENCE_OF_TRIGGER,Circle
CU-ACT-0052,CU-SRC-0023,EVIDENCE_OF_TRIGGER,Circle
CU-ACT-0053,CU-SRC-0023,EVIDENCE_OF_TRIGGER,Circle
CU-ACT-0054,CU-SRC-0023,EVIDENCE_OF_TRIGGER,Circle
CU-ACT-0055,CU-SRC-0023,EVIDENCE_OF_TRIGGER,Circle
CU-ACT-0056,CU-SRC-0023,EVIDENCE_OF_TRIGGER,Circle
CU-ACT-0057,CU-SRC-0023,EVIDENCE_OF_TRIGGER,Circle
CU-ACT-0058,CU-SRC-0023,EVIDENCE_OF_TRIGGER,Circle
CU-ACT-0059,CU-SRC-0023,EVIDENCE_OF_TRIGGER,Circle
CU-ACT-0060,CU-SRC-0023,EVIDENCE_OF_TRIGGER,Circle
CU-ACT-0061,CU-SRC-0023,EVIDENCE_OF_TRIGGER,Circle
CU-ACT-0062,CU-SRC-0023,EVIDENCE_OF_TRIGGER,Circle
CU-ACT-0063,CU-SRC-0023,EVIDENCE_OF_TRIGGER,Circle
CU-ACT-0064,CU-SRC-0023,EVIDENCE_OF_TRIGGER,Circle
CU-ACT-0065,CU-SRC-0023,EVIDENCE_OF_TRIGGER,Circle
CU-ACT-0066,CU-SRC-0023,EVIDENCE_OF_TRIGGER,Circle
CU-ACT-0067,CU-SRC-0023,EVIDENCE_OF_TRIGGER,Circle
CU-ACT-0068,CU-SRC-0023,EVIDENCE_OF_TRIGGER,Circle
CU-ACT-0069,CU-SRC-0023,EVIDENCE_OF_TRIGGER,Circle
CU-ACT-0070,CU-SRC-0023,EVIDENCE_OF_TRIGGER,Circle
CU-ACT-0071,CU-SRC-0023,EVIDENCE_OF_TRIGGER,Circle
CU-ACT-0072,CU-SRC-0023,EVIDENCE_OF_TRIGGER,Circle
CU-ACT-0073,CU-SRC-0023,EVIDENCE_OF_TRIGGER,Circle
CU-ACT-0074,CU-SRC-0023,EVIDENCE_OF_TRIGGER,Circle
CU-ACT-0075,CU-SRC-0023,EVIDENCE_OF_TRIGGER,Circle
CU-ACT-0076,CU-SRC-0023,EVIDENCE_OF_TRIGGER,Circle
CU-ACT-0077,CU-SRC-0023,EVIDENCE_OF_TRIGGER,Circle
CU-ACT-0078,CU-SRC-0023,EVIDENCE_OF_TRIGGER,Circle
CU-ACT-0079,CU-SRC-0023,EVIDENCE_OF_TRIGGER,Circle
CU-ACT-0080,CU-SRC-0023,EVIDENCE_OF_TRIGGER,Circle
CU-ACT-0081,CU-SRC-0023,EVIDENCE_OF_TRIGGER,Circle
CU-ACT-0082,CU-SRC-0023,EVIDENCE_OF_TRIGGER,Circle
CU-ACT-0083,CU-SRC-0023,EVIDENCE_OF_TRIGGER,Circle
CU-ACT-1704,CU-SRC-0023,EVIDENCE_OF_TRIGGER,Circle
CU-ACT-1705,CU-SRC-0023,EVIDENCE_OF_TRIGGER,Circle
CU-ACT-1706,CU-SRC-0023,EVIDENCE_OF_TRIGGER,Circle
CU-ACT-1707,CU-SRC-0023,EVIDENCE_OF_TRIGGER,Circle
CU-ACT-1708,CU-SRC-0023,EVIDENCE_OF_TRIGGER,Circle
CU-ACT-1709,CU-SRC-0023,EVIDENCE_OF_TRIGGER,Circle
CU-ACT-1710,CU-SRC-0023,EVIDENCE_OF_TRIGGER,Circle
CU-ACT-1711,CU-SRC-0023,EVIDENCE_OF_TRIGGER,Circle
CU-ACT-1712,CU-SRC-0023,EVIDENCE_OF_TRIGGER,Circle
CU-ACT-1713,CU-SRC-0023,EVIDENCE_OF_TRIGGER,Circle
CU-ACT-1714,CU-SRC-0023,EVIDENCE_OF_TRIGGER,Circle
CU-ACT-1715,CU-SRC-0023,EVIDENCE_OF_TRIGGER,Circle
CU-ACT-1716,CU-SRC-0023,EVIDENCE_OF_TRIGGER,Circle
CU-ACT-1717,CU-SRC-0023,EVIDENCE_OF_TRIGGER,Circle
CU-ACT-1718,CU-SRC-0023,EVIDENCE_OF_TRIGGER,Circle
CU-ACT-1719,CU-SRC-0023,EVIDENCE_OF_TRIGGER,Circle
CU-ACT-1720,CU-SRC-0023,EVIDENCE_OF_TRIGGER,Circle
CU-ACT-1721,CU-SRC-0023,EVIDENCE_OF_TRIGGER,Circle
CU-ACT-1722,CU-SRC-0023,EVIDENCE_OF_TRIGGER,Circle
CU-ACT-1723,CU-SRC-0023,EVIDENCE_OF_TRIGGER,Circle
CU-ACT-1724,CU-SRC-0023,EVIDENCE_OF_TRIGGER,Circle
CU-ACT-1725,CU-SRC-0023,EVIDENCE_OF_TRIGGER,Circle
CU-ACT-1726,CU-SRC-0023,EVIDENCE_OF_TRIGGER,Circle
CU-ACT-1727,CU-SRC-0023,EVIDENCE_OF_TRIGGER,Circle
CU-ACT-1728,CU-SRC-0023,EVIDENCE_OF_TRIGGER,Circle
CU-ACT-1729,CU-SRC-0023,EVIDENCE_OF_TRIGGER,Circle
CU-ACT-1730,CU-SRC-0023,EVIDENCE_OF_TRIGGER,Circle
CU-ACT-1731,CU-SRC-0023,EVIDENCE_OF_TRIGGER,Circle
CU-ACT-1732,CU-SRC-0023,EVIDENCE_OF_TRIGGER,Circle
CU-ACT-1733,CU-SRC-0023,EVIDENCE_OF_TRIGGER,Circle
CU-ACT-1734,CU-SRC-0023,EVIDENCE_OF_TRIGGER,Circle
CU-ACT-1735,CU-SRC-0023,EVIDENCE_OF_TRIGGER,Circle
CU-ACT-1736,CU-SRC-0023,EVIDENCE_OF_TRIGGER,Circle
CU-ACT-1737,CU-SRC-0023,EVIDENCE_OF_TRIGGER,Circle
CU-ACT-1738,CU-SRC-0023,EVIDENCE_OF_TRIGGER,Circle
CU-ACT-1739,CU-SRC-0023,EVIDENCE_OF_TRIGGER,Circle
CU-ACT-1740,CU-SRC-0023,EVIDENCE_OF_TRIGGER,Circle
CU-ACT-1741,CU-SRC-0023,EVIDENCE_OF_TRIGGER,Circle
CU-ACT-0654,CU-SRC-0024,EVIDENCE_OF_TRIGGER,Circle
CU-ACT-0655,CU-SRC-0024,EVIDENCE_OF_TRIGGER,Circle
CU-ACT-0656,CU-SRC-0024,EVIDENCE_OF_TRIGGER,Circle
CU-ACT-0657,CU-SRC-0024,EVIDENCE_OF_TRIGGER,Circle
CU-ACT-0658,CU-SRC-0024,EVIDENCE_OF_TRIGGER,Circle
CU-ACT-0659,CU-SRC-0024,EVIDENCE_OF_TRIGGER,Circle
CU-ACT-0660,CU-SRC-0024,EVIDENCE_OF_TRIGGER,Circle
CU-ACT-0661,CU-SRC-0024,EVIDENCE_OF_TRIGGER,Circle
CU-ACT-0662,CU-SRC-0024,EVIDENCE_OF_TRIGGER,Circle
CU-ACT-0663,CU-SRC-0024,EVIDENCE_OF_TRIGGER,Circle
CU-ACT-0664,CU-SRC-0024,EVIDENCE_OF_TRIGGER,Circle
CU-ACT-0665,CU-SRC-0024,EVIDENCE_OF_TRIGGER,Circle
CU-ACT-0666,CU-SRC-0024,EVIDENCE_OF_TRIGGER,Circle
CU-ACT-0667,CU-SRC-0024,EVIDENCE_OF_TRIGGER,Circle
CU-ACT-0668,CU-SRC-0024,EVIDENCE_OF_TRIGGER,Circle
CU-ACT-0669,CU-SRC-0024,EVIDENCE_OF_TRIGGER,Circle
CU-ACT-0670,CU-SRC-0024,EVIDENCE_OF_TRIGGER,Circle
CU-ACT-0671,CU-SRC-0024,EVIDENCE_OF_TRIGGER,Circle
CU-ACT-0672,CU-SRC-0024,EVIDENCE_OF_TRIGGER,Circle
CU-ACT-0673,CU-SRC-0024,EVIDENCE_OF_TRIGGER,Circle
CU-ACT-0674,CU-SRC-0024,EVIDENCE_OF_TRIGGER,Circle
CU-ACT-0675,CU-SRC-0024,EVIDENCE_OF_TRIGGER,Circle
CU-ACT-0676,CU-SRC-0024,EVIDENCE_OF_TRIGGER,Circle
CU-ACT-0677,CU-SRC-0024,EVIDENCE_OF_TRIGGER,Circle
CU-ACT-0678,CU-SRC-0024,EVIDENCE_OF_TRIGGER,Circle
CU-ACT-0679,CU-SRC-0024,EVIDENCE_OF_TRIGGER,Circle
CU-ACT-0680,CU-SRC-0024,EVIDENCE_OF_TRIGGER,Circle
CU-ACT-0681,CU-SRC-0024,EVIDENCE_OF_TRIGGER,Circle
CU-ACT-0682,CU-SRC-0024,EVIDENCE_OF_TRIGGER,Circle
CU-ACT-0683,CU-SRC-0024,EVIDENCE_OF_TRIGGER,Circle
CU-ACT-0684,CU-SRC-0024,EVIDENCE_OF_TRIGGER,Circle
CU-ACT-0685,CU-SRC-0024,EVIDENCE_OF_TRIGGER,Circle
CU-ACT-0686,CU-SRC-0024,EVIDENCE_OF_TRIGGER,Circle
CU-ACT-0687,CU-SRC-0024,EVIDENCE_OF_TRIGGER,Circle
CU-ACT-0688,CU-SRC-0024,EVIDENCE_OF_TRIGGER,Circle
CU-ACT-0689,CU-SRC-0024,EVIDENCE_OF_TRIGGER,Circle
CU-ACT-0690,CU-SRC-0024,EVIDENCE_OF_TRIGGER,Circle
CU-ACT-0691,CU-SRC-0024,EVIDENCE_OF_TRIGGER,Circle
CU-ACT-0692,CU-SRC-0024,EVIDENCE_OF_TRIGGER,Circle
CU-ACT-0693,CU-SRC-0024,EVIDENCE_OF_TRIGGER,Circle
CU-ACT-0694,CU-SRC-0024,EVIDENCE_OF_TRIGGER,Circle
CU-ACT-0695,CU-SRC-0024,EVIDENCE_OF_TRIGGER,Circle
CU-ACT-0696,CU-SRC-0024,EVIDENCE_OF_TRIGGER,Circle
CU-ACT-0697,CU-SRC-0024,EVIDENCE_OF_TRIGGER,Circle
CU-ACT-0698,CU-SRC-0024,EVIDENCE_OF_TRIGGER,Circle
CU-ACT-0699,CU-SRC-0024,EVIDENCE_OF_TRIGGER,Circle
CU-ACT-0700,CU-SRC-0024,EVIDENCE_OF_TRIGGER,Circle
CU-ACT-0701,CU-SRC-0024,EVIDENCE_OF_TRIGGER,Circle
CU-ACT-0702,CU-SRC-0024,EVIDENCE_OF_TRIGGER,Circle
CU-ACT-0703,CU-SRC-0024,EVIDENCE_OF_TRIGGER,Circle
CU-ACT-0704,CU-SRC-0024,EVIDENCE_OF_TRIGGER,Circle
CU-ACT-0705,CU-SRC-0024,EVIDENCE_OF_TRIGGER,Circle
CU-ACT-0706,CU-SRC-0024,EVIDENCE_OF_TRIGGER,Circle
CU-ACT-0707,CU-SRC-0024,EVIDENCE_OF_TRIGGER,Circle
CU-ACT-0708,CU-SRC-0024,EVIDENCE_OF_TRIGGER,Circle
CU-ACT-0709,CU-SRC-0024,EVIDENCE_OF_TRIGGER,Circle
CU-ACT-0710,CU-SRC-0024,EVIDENCE_OF_TRIGGER,Circle
CU-ACT-0711,CU-SRC-0024,EVIDENCE_OF_TRIGGER,Circle
CU-ACT-0712,CU-SRC-0024,EVIDENCE_OF_TRIGGER,Circle
CU-ACT-0713,CU-SRC-0024,EVIDENCE_OF_TRIGGER,Circle
CU-ACT-0714,CU-SRC-0024,EVIDENCE_OF_TRIGGER,Circle
CU-ACT-0715,CU-SRC-0024,EVIDENCE_OF_TRIGGER,Circle
CU-ACT-0716,CU-SRC-0024,EVIDENCE_OF_TRIGGER,Circle
CU-ACT-0717,CU-SRC-0024,EVIDENCE_OF_TRIGGER,Circle
CU-ACT-0718,CU-SRC-0024,EVIDENCE_OF_TRIGGER,Circle
CU-ACT-0719,CU-SRC-0024,EVIDENCE_OF_TRIGGER,Circle
CU-ACT-0720,CU-SRC-0024,EVIDENCE_OF_TRIGGER,Circle
CU-ACT-0721,CU-SRC-0024,EVIDENCE_OF_TRIGGER,Circle
CU-ACT-0722,CU-SRC-0024,EVIDENCE_OF_TRIGGER,Circle
CU-ACT-0723,CU-SRC-0024,EVIDENCE_OF_TRIGGER,Circle
CU-ACT-0724,CU-SRC-0024,EVIDENCE_OF_TRIGGER,Circle
CU-ACT-0725,CU-SRC-0024,EVIDENCE_OF_TRIGGER,Circle
CU-ACT-0726,CU-SRC-0024,EVIDENCE_OF_TRIGGER,Circle
CU-ACT-0727,CU-SRC-0024,EVIDENCE_OF_TRIGGER,Circle
CU-ACT-0728,CU-SRC-0024,EVIDENCE_OF_TRIGGER,Circle
CU-ACT-0729,CU-SRC-0024,EVIDENCE_OF_TRIGGER,Circle
CU-ACT-0730,CU-SRC-0024,EVIDENCE_OF_TRIGGER,Circle
CU-ACT-0731,CU-SRC-0024,EVIDENCE_OF_TRIGGER,Circle
CU-ACT-0732,CU-SRC-0024,EVIDENCE_OF_TRIGGER,Circle
CU-ACT-0733,CU-SRC-0024,EVIDENCE_OF_TRIGGER,Circle
CU-ACT-1667,CU-SRC-0024,EVIDENCE_OF_TRIGGER,Circle
CU-ACT-1668,CU-SRC-0024,EVIDENCE_OF_TRIGGER,Circle
CU-ACT-1669,CU-SRC-0024,EVIDENCE_OF_TRIGGER,Circle
CU-ACT-1670,CU-SRC-0024,EVIDENCE_OF_TRIGGER,Circle
CU-ACT-0666,CU-SRC-0025,CONTEXT,Circle
CU-ACT-0712,CU-SRC-0025,CONTEXT,Circle
CU-ACT-0744,CU-SRC-0024,EVIDENCE_OF_IMPACT,Circle
CU-ACT-0633,CU-SRC-0026,EVIDENCE_OF_TRIGGER,Circle
CU-ACT-0637,CU-SRC-0026,EVIDENCE_OF_TRIGGER,Circle
CU-ACT-0644,CU-SRC-0026,EVIDENCE_OF_TRIGGER,Circle
CU-ACT-0645,CU-SRC-0026,EVIDENCE_OF_TRIGGER,Circle
CU-ACT-0646,CU-SRC-0026,EVIDENCE_OF_TRIGGER,Circle
CU-ACT-0648,CU-SRC-0026,EVIDENCE_OF_TRIGGER,Circle
CU-ACT-0649,CU-SRC-0026,EVIDENCE_OF_TRIGGER,Circle
CU-ACT-0650,CU-SRC-0026,EVIDENCE_OF_TRIGGER,Circle
CU-ACT-0651,CU-SRC-0026,EVIDENCE_OF_TRIGGER,Circle
CU-ACT-0652,CU-SRC-0026,EVIDENCE_OF_TRIGGER,Circle
CU-ACT-1203,CU-SRC-0026,EVIDENCE_OF_TRIGGER,Circle
CU-ACT-1205,CU-SRC-0026,EVIDENCE_OF_TRIGGER,Circle
CU-ACT-1206,CU-SRC-0026,EVIDENCE_OF_TRIGGER,Circle
CU-ACT-1208,CU-SRC-0026,EVIDENCE_OF_TRIGGER,Circle
CU-ACT-1209,CU-SRC-0026,EVIDENCE_OF_TRIGGER,Circle
CU-ACT-1210,CU-SRC-0026,EVIDENCE_OF_TRIGGER,Circle
CU-ACT-1211,CU-SRC-0026,EVIDENCE_OF_TRIGGER,Circle
CU-ACT-1212,CU-SRC-0026,EVIDENCE_OF_TRIGGER,Circle
CU-ACT-1213,CU-SRC-0026,EVIDENCE_OF_TRIGGER,Circle
CU-ACT-1214,CU-SRC-0026,EVIDENCE_OF_TRIGGER,Circle
CU-ACT-1647,CU-SRC-0026,EVIDENCE_OF_TRIGGER,Circle
CU-ACT-1653,CU-SRC-0026,EVIDENCE_OF_TRIGGER,Circle
CU-ACT-1659,CU-SRC-0026,EVIDENCE_OF_TRIGGER,Circle
CU-ACT-1660,CU-SRC-0026,EVIDENCE_OF_TRIGGER,Circle
CU-ACT-1661,CU-SRC-0026,EVIDENCE_OF_TRIGGER,Circle
CU-ACT-1662,CU-SRC-0026,EVIDENCE_OF_TRIGGER,Circle
CU-ACT-1663,CU-SRC-0026,EVIDENCE_OF_TRIGGER,Circle
CU-ACT-1664,CU-SRC-0026,EVIDENCE_OF_TRIGGER,Circle
CU-ACT-1665,CU-SRC-0026,EVIDENCE_OF_TRIGGER,Circle
CU-ACT-1666,CU-SRC-0026,EVIDENCE_OF_TRIGGER,Circle
CU-ACT-2072,CU-SRC-0026,EVIDENCE_OF_TRIGGER,Circle
CU-ACT-2074,CU-SRC-0026,EVIDENCE_OF_TRIGGER,Circle
CU-ACT-2084,CU-SRC-0026,EVIDENCE_OF_TRIGGER,Circle
CU-ACT-2085,CU-SRC-0026,EVIDENCE_OF_TRIGGER,Circle
CU-ACT-2086,CU-SRC-0026,EVIDENCE_OF_TRIGGER,Circle
CU-ACT-2087,CU-SRC-0026,EVIDENCE_OF_TRIGGER,Circle
CU-ACT-2088,CU-SRC-0026,EVIDENCE_OF_TRIGGER,Circle
CU-ACT-2089,CU-SRC-0026,EVIDENCE_OF_TRIGGER,Circle
CU-ACT-2090,CU-SRC-0026,EVIDENCE_OF_TRIGGER,Circle
CU-ACT-2091,CU-SRC-0026,EVIDENCE_OF_TRIGGER,Circle
CU-ACT-2501,CU-SRC-0026,EVIDENCE_OF_TRIGGER,Circle
CU-ACT-2503,CU-SRC-0026,EVIDENCE_OF_TRIGGER,Circle
CU-ACT-2504,CU-SRC-0026,EVIDENCE_OF_TRIGGER,Circle
CU-ACT-2505,CU-SRC-0026,EVIDENCE_OF_TRIGGER,Circle
CU-ACT-2506,CU-SRC-0026,EVIDENCE_OF_TRIGGER,Circle
CU-ACT-2507,CU-SRC-0026,EVIDENCE_OF_TRIGGER,Circle
CU-ACT-2508,CU-SRC-0026,EVIDENCE_OF_TRIGGER,Circle
CU-ACT-2509,CU-SRC-0026,EVIDENCE_OF_TRIGGER,Circle
CU-ACT-2510,CU-SRC-0026,EVIDENCE_OF_TRIGGER,Circle
CU-ACT-2511,CU-SRC-0026,EVIDENCE_OF_TRIGGER,Circle
CU-ACT-2913,CU-SRC-0026,EVIDENCE_OF_TRIGGER,Circle
CU-ACT-2914,CU-SRC-0026,EVIDENCE_OF_TRIGGER,Circle
CU-ACT-2915,CU-SRC-0026,EVIDENCE_OF_TRIGGER,Circle
CU-ACT-2916,CU-SRC-0026,EVIDENCE_OF_TRIGGER,Circle
CU-ACT-2917,CU-SRC-0026,EVIDENCE_OF_TRIGGER,Circle
CU-ACT-2918,CU-SRC-0026,EVIDENCE_OF_TRIGGER,Circle
CU-ACT-2919,CU-SRC-0026,EVIDENCE_OF_TRIGGER,Circle
CU-ACT-2920,CU-SRC-0026,EVIDENCE_OF_TRIGGER,Circle
CU-ACT-2921,CU-SRC-0026,EVIDENCE_OF_TRIGGER,Circle
CU-ACT-2922,CU-SRC-0026,EVIDENCE_OF_TRIGGER,Circle
CU-ACT-0518,CU-SRC-0027,EVIDENCE_OF_TRIGGER,Circle
CU-ACT-0519,CU-SRC-0027,EVIDENCE_OF_TRIGGER,Circle
CU-ACT-0520,CU-SRC-0027,EVIDENCE_OF_TRIGGER,Circle
CU-ACT-0521,CU-SRC-0027,EVIDENCE_OF_TRIGGER,Circle
CU-ACT-0522,CU-SRC-0027,EVIDENCE_OF_TRIGGER,Circle
CU-ACT-0523,CU-SRC-0027,EVIDENCE_OF_TRIGGER,Circle
CU-ACT-0524,CU-SRC-0027,EVIDENCE_OF_TRIGGER,Circle
CU-ACT-0525,CU-SRC-0027,EVIDENCE_OF_TRIGGER,Circle
CU-ACT-0526,CU-SRC-0027,EVIDENCE_OF_TRIGGER,Circle
CU-ACT-0527,CU-SRC-0027,EVIDENCE_OF_TRIGGER,Circle
CU-ACT-0528,CU-SRC-0027,EVIDENCE_OF_TRIGGER,Circle
CU-ACT-0529,CU-SRC-0027,EVIDENCE_OF_TRIGGER,Circle
CU-ACT-0530,CU-SRC-0027,EVIDENCE_OF_TRIGGER,Circle
CU-ACT-0531,CU-SRC-0027,EVIDENCE_OF_TRIGGER,Circle
CU-ACT-0532,CU-SRC-0027,EVIDENCE_OF_TRIGGER,Circle
CU-ACT-0533,CU-SRC-0027,EVIDENCE_OF_TRIGGER,Circle
CU-ACT-0534,CU-SRC-0027,EVIDENCE_OF_TRIGGER,Circle
CU-ACT-0535,CU-SRC-0027,EVIDENCE_OF_TRIGGER,Circle
CU-ACT-0536,CU-SRC-0027,EVIDENCE_OF_TRIGGER,Circle
CU-ACT-0537,CU-SRC-0027,EVIDENCE_OF_TRIGGER,Circle
CU-ACT-0538,CU-SRC-0027,EVIDENCE_OF_TRIGGER,Circle
CU-ACT-0539,CU-SRC-0027,EVIDENCE_OF_TRIGGER,Circle
CU-ACT-0540,CU-SRC-0027,EVIDENCE_OF_TRIGGER,Circle
CU-ACT-0541,CU-SRC-0027,EVIDENCE_OF_TRIGGER,Circle
CU-ACT-0542,CU-SRC-0027,EVIDENCE_OF_TRIGGER,Circle
CU-ACT-0543,CU-SRC-0027,EVIDENCE_OF_TRIGGER,Circle
CU-ACT-0544,CU-SRC-0027,EVIDENCE_OF_TRIGGER,Circle
CU-ACT-0545,CU-SRC-0027,EVIDENCE_OF_TRIGGER,Circle
CU-ACT-0546,CU-SRC-0027,EVIDENCE_OF_TRIGGER,Circle
CU-ACT-0547,CU-SRC-0027,EVIDENCE_OF_TRIGGER,Circle
CU-ACT-0548,CU-SRC-0027,EVIDENCE_OF_TRIGGER,Circle
CU-ACT-0549,CU-SRC-0027,EVIDENCE_OF_TRIGGER,Circle
CU-ACT-0550,CU-SRC-0027,EVIDENCE_OF_TRIGGER,Circle
CU-ACT-0551,CU-SRC-0027,EVIDENCE_OF_TRIGGER,Circle
CU-ACT-0552,CU-SRC-0027,EVIDENCE_OF_TRIGGER,Circle
CU-ACT-0553,CU-SRC-0027,EVIDENCE_OF_TRIGGER,Circle
CU-ACT-0554,CU-SRC-0027,EVIDENCE_OF_TRIGGER,Circle
CU-ACT-0555,CU-SRC-0027,EVIDENCE_OF_TRIGGER,Circle
CU-ACT-0556,CU-SRC-0027,EVIDENCE_OF_TRIGGER,Circle
CU-ACT-0557,CU-SRC-0027,EVIDENCE_OF_TRIGGER,Circle
CU-ACT-0558,CU-SRC-0027,EVIDENCE_OF_TRIGGER,Circle
CU-ACT-0559,CU-SRC-0027,EVIDENCE_OF_TRIGGER,Circle
CU-ACT-0560,CU-SRC-0027,EVIDENCE_OF_TRIGGER,Circle
CU-ACT-0561,CU-SRC-0027,EVIDENCE_OF_TRIGGER,Circle
CU-ACT-0562,CU-SRC-0027,EVIDENCE_OF_TRIGGER,Circle
CU-ACT-0563,CU-SRC-0027,EVIDENCE_OF_TRIGGER,Circle
CU-ACT-0564,CU-SRC-0027,EVIDENCE_OF_TRIGGER,Circle
CU-ACT-0565,CU-SRC-0027,EVIDENCE_OF_TRIGGER,Circle
CU-ACT-0566,CU-SRC-0027,EVIDENCE_OF_TRIGGER,Circle
CU-ACT-0567,CU-SRC-0027,EVIDENCE_OF_TRIGGER,Circle
CU-ACT-0568,CU-SRC-0027,EVIDENCE_OF_TRIGGER,Circle
CU-ACT-0569,CU-SRC-0027,EVIDENCE_OF_TRIGGER,Circle
CU-ACT-0570,CU-SRC-0027,EVIDENCE_OF_TRIGGER,Circle
CU-ACT-0571,CU-SRC-0027,EVIDENCE_OF_TRIGGER,Circle
CU-ACT-0572,CU-SRC-0027,EVIDENCE_OF_TRIGGER,Circle
CU-ACT-0573,CU-SRC-0027,EVIDENCE_OF_TRIGGER,Circle
CU-ACT-0574,CU-SRC-0027,EVIDENCE_OF_TRIGGER,Circle
CU-ACT-0575,CU-SRC-0027,EVIDENCE_OF_TRIGGER,Circle
CU-ACT-0576,CU-SRC-0027,EVIDENCE_OF_TRIGGER,Circle
CU-ACT-0577,CU-SRC-0027,EVIDENCE_OF_TRIGGER,Circle
CU-ACT-0578,CU-SRC-0027,EVIDENCE_OF_TRIGGER,Circle
CU-ACT-0579,CU-SRC-0027,EVIDENCE_OF_TRIGGER,Circle
CU-ACT-0580,CU-SRC-0027,EVIDENCE_OF_TRIGGER,Circle
CU-ACT-0581,CU-SRC-0027,EVIDENCE_OF_TRIGGER,Circle
CU-ACT-0582,CU-SRC-0027,EVIDENCE_OF_TRIGGER,Circle
CU-ACT-0583,CU-SRC-0027,EVIDENCE_OF_TRIGGER,Circle
CU-ACT-0584,CU-SRC-0027,EVIDENCE_OF_TRIGGER,Circle
CU-ACT-0585,CU-SRC-0027,EVIDENCE_OF_TRIGGER,Circle
CU-ACT-0586,CU-SRC-0027,EVIDENCE_OF_TRIGGER,Circle
CU-ACT-0587,CU-SRC-0027,EVIDENCE_OF_TRIGGER,Circle
CU-ACT-0588,CU-SRC-0027,EVIDENCE_OF_TRIGGER,Circle
CU-ACT-0589,CU-SRC-0027,EVIDENCE_OF_TRIGGER,Circle
CU-ACT-0590,CU-SRC-0027,EVIDENCE_OF_TRIGGER,Circle
CU-ACT-0591,CU-SRC-0027,EVIDENCE_OF_TRIGGER,Circle
CU-ACT-1124,CU-SRC-0027,EVIDENCE_OF_TRIGGER,Circle
CU-ACT-1125,CU-SRC-0027,EVIDENCE_OF_TRIGGER,Circle
CU-ACT-1126,CU-SRC-0027,EVIDENCE_OF_TRIGGER,Circle
CU-ACT-1127,CU-SRC-0027,EVIDENCE_OF_TRIGGER,Circle
CU-ACT-1128,CU-SRC-0027,EVIDENCE_OF_TRIGGER,Circle
CU-ACT-1129,CU-SRC-0027,EVIDENCE_OF_TRIGGER,Circle
CU-ACT-1130,CU-SRC-0027,EVIDENCE_OF_TRIGGER,Circle
CU-ACT-1131,CU-SRC-0027,EVIDENCE_OF_TRIGGER,Circle
CU-ACT-1132,CU-SRC-0027,EVIDENCE_OF_TRIGGER,Circle
CU-ACT-1133,CU-SRC-0027,EVIDENCE_OF_TRIGGER,Circle
CU-ACT-1134,CU-SRC-0027,EVIDENCE_OF_TRIGGER,Circle
CU-ACT-1135,CU-SRC-0027,EVIDENCE_OF_TRIGGER,Circle
CU-ACT-1136,CU-SRC-0027,EVIDENCE_OF_TRIGGER,Circle
CU-ACT-1137,CU-SRC-0027,EVIDENCE_OF_TRIGGER,Circle
CU-ACT-1138,CU-SRC-0027,EVIDENCE_OF_TRIGGER,Circle
CU-ACT-1139,CU-SRC-0027,EVIDENCE_OF_TRIGGER,Circle
CU-ACT-1140,CU-SRC-0027,EVIDENCE_OF_TRIGGER,Circle
CU-ACT-1141,CU-SRC-0027,EVIDENCE_OF_TRIGGER,Circle
CU-ACT-1142,CU-SRC-0027,EVIDENCE_OF_TRIGGER,Circle
CU-ACT-1143,CU-SRC-0027,EVIDENCE_OF_TRIGGER,Circle
CU-ACT-1144,CU-SRC-0027,EVIDENCE_OF_TRIGGER,Circle
CU-ACT-1145,CU-SRC-0027,EVIDENCE_OF_TRIGGER,Circle
CU-ACT-1146,CU-SRC-0027,EVIDENCE_OF_TRIGGER,Circle
CU-ACT-1147,CU-SRC-0027,EVIDENCE_OF_TRIGGER,Circle
CU-ACT-1148,CU-SRC-0027,EVIDENCE_OF_TRIGGER,Circle
CU-ACT-1149,CU-SRC-0027,EVIDENCE_OF_TRIGGER,Circle
CU-ACT-1150,CU-SRC-0027,EVIDENCE_OF_TRIGGER,Circle
CU-ACT-1151,CU-SRC-0027,EVIDENCE_OF_TRIGGER,Circle
CU-ACT-1152,CU-SRC-0027,EVIDENCE_OF_TRIGGER,Circle
CU-ACT-1153,CU-SRC-0027,EVIDENCE_OF_TRIGGER,Circle
CU-ACT-1154,CU-SRC-0027,EVIDENCE_OF_TRIGGER,Circle
CU-ACT-1155,CU-SRC-0027,EVIDENCE_OF_TRIGGER,Circle
CU-ACT-1156,CU-SRC-0027,EVIDENCE_OF_TRIGGER,Circle
CU-ACT-1157,CU-SRC-0027,EVIDENCE_OF_TRIGGER,Circle
CU-ACT-1158,CU-SRC-0027,EVIDENCE_OF_TRIGGER,Circle
CU-ACT-1159,CU-SRC-0027,EVIDENCE_OF_TRIGGER,Circle
CU-ACT-1160,CU-SRC-0027,EVIDENCE_OF_TRIGGER,Circle
CU-ACT-1161,CU-SRC-0027,EVIDENCE_OF_TRIGGER,Circle
CU-ACT-1162,CU-SRC-0027,EVIDENCE_OF_TRIGGER,Circle
CU-ACT-1163,CU-SRC-0027,EVIDENCE_OF_TRIGGER,Circle
CU-ACT-1164,CU-SRC-0027,EVIDENCE_OF_TRIGGER,Circle
CU-ACT-1165,CU-SRC-0027,EVIDENCE_OF_TRIGGER,Circle
CU-ACT-1166,CU-SRC-0027,EVIDENCE_OF_TRIGGER,Circle
CU-ACT-1167,CU-SRC-0027,EVIDENCE_OF_TRIGGER,Circle
CU-ACT-1168,CU-SRC-0027,EVIDENCE_OF_TRIGGER,Circle
CU-ACT-1169,CU-SRC-0027,EVIDENCE_OF_TRIGGER,Circle
CU-ACT-1170,CU-SRC-0027,EVIDENCE_OF_TRIGGER,Circle
CU-ACT-1171,CU-SRC-0027,EVIDENCE_OF_TRIGGER,Circle
CU-ACT-1172,CU-SRC-0027,EVIDENCE_OF_TRIGGER,Circle
CU-ACT-1173,CU-SRC-0027,EVIDENCE_OF_TRIGGER,Circle
CU-ACT-1174,CU-SRC-0027,EVIDENCE_OF_TRIGGER,Circle
CU-ACT-1175,CU-SRC-0027,EVIDENCE_OF_TRIGGER,Circle
CU-ACT-1176,CU-SRC-0027,EVIDENCE_OF_TRIGGER,Circle
CU-ACT-1575,CU-SRC-0027,EVIDENCE_OF_TRIGGER,Circle
CU-ACT-1576,CU-SRC-0027,EVIDENCE_OF_TRIGGER,Circle
CU-ACT-1577,CU-SRC-0027,EVIDENCE_OF_TRIGGER,Circle
CU-ACT-1578,CU-SRC-0027,EVIDENCE_OF_TRIGGER,Circle
CU-ACT-1579,CU-SRC-0027,EVIDENCE_OF_TRIGGER,Circle
CU-ACT-1580,CU-SRC-0027,EVIDENCE_OF_TRIGGER,Circle
CU-ACT-1581,CU-SRC-0027,EVIDENCE_OF_TRIGGER,Circle
CU-ACT-1582,CU-SRC-0027,EVIDENCE_OF_TRIGGER,Circle
CU-ACT-1583,CU-SRC-0027,EVIDENCE_OF_TRIGGER,Circle
CU-ACT-1584,CU-SRC-0027,EVIDENCE_OF_TRIGGER,Circle
CU-ACT-1585,CU-SRC-0027,EVIDENCE_OF_TRIGGER,Circle
CU-ACT-1586,CU-SRC-0027,EVIDENCE_OF_TRIGGER,Circle
CU-ACT-1587,CU-SRC-0027,EVIDENCE_OF_TRIGGER,Circle
CU-ACT-1588,CU-SRC-0027,EVIDENCE_OF_TRIGGER,Circle
CU-ACT-1589,CU-SRC-0027,EVIDENCE_OF_TRIGGER,Circle
CU-ACT-1590,CU-SRC-0027,EVIDENCE_OF_TRIGGER,Circle
CU-ACT-1591,CU-SRC-0027,EVIDENCE_OF_TRIGGER,Circle
CU-ACT-1592,CU-SRC-0027,EVIDENCE_OF_TRIGGER,Circle
CU-ACT-1593,CU-SRC-0027,EVIDENCE_OF_TRIGGER,Circle
CU-ACT-1594,CU-SRC-0027,EVIDENCE_OF_TRIGGER,Circle
CU-ACT-1595,CU-SRC-0027,EVIDENCE_OF_TRIGGER,Circle
CU-ACT-1596,CU-SRC-0027,EVIDENCE_OF_TRIGGER,Circle
CU-ACT-1597,CU-SRC-0027,EVIDENCE_OF_TRIGGER,Circle
CU-ACT-1598,CU-SRC-0027,EVIDENCE_OF_TRIGGER,Circle
CU-ACT-1599,CU-SRC-0027,EVIDENCE_OF_TRIGGER,Circle
CU-ACT-1600,CU-SRC-0027,EVIDENCE_OF_TRIGGER,Circle
CU-ACT-1601,CU-SRC-0027,EVIDENCE_OF_TRIGGER,Circle
CU-ACT-1602,CU-SRC-0027,EVIDENCE_OF_TRIGGER,Circle
CU-ACT-1603,CU-SRC-0027,EVIDENCE_OF_TRIGGER,Circle
CU-ACT-1604,CU-SRC-0027,EVIDENCE_OF_TRIGGER,Circle
CU-ACT-1605,CU-SRC-0027,EVIDENCE_OF_TRIGGER,Circle
CU-ACT-1606,CU-SRC-0027,EVIDENCE_OF_TRIGGER,Circle
CU-ACT-1607,CU-SRC-0027,EVIDENCE_OF_TRIGGER,Circle
CU-ACT-1608,CU-SRC-0027,EVIDENCE_OF_TRIGGER,Circle
CU-ACT-1609,CU-SRC-0027,EVIDENCE_OF_TRIGGER,Circle
CU-ACT-1610,CU-SRC-0027,EVIDENCE_OF_TRIGGER,Circle
CU-ACT-1611,CU-SRC-0027,EVIDENCE_OF_TRIGGER,Circle
CU-ACT-1612,CU-SRC-0027,EVIDENCE_OF_TRIGGER,Circle
CU-ACT-1613,CU-SRC-0027,EVIDENCE_OF_TRIGGER,Circle
CU-ACT-1614,CU-SRC-0027,EVIDENCE_OF_TRIGGER,Circle
CU-ACT-1615,CU-SRC-0027,EVIDENCE_OF_TRIGGER,Circle
CU-ACT-1616,CU-SRC-0027,EVIDENCE_OF_TRIGGER,Circle
CU-ACT-1617,CU-SRC-0027,EVIDENCE_OF_TRIGGER,Circle
CU-ACT-1618,CU-SRC-0027,EVIDENCE_OF_TRIGGER,Circle
CU-ACT-1619,CU-SRC-0027,EVIDENCE_OF_TRIGGER,Circle
CU-ACT-1620,CU-SRC-0027,EVIDENCE_OF_TRIGGER,Circle
CU-ACT-1621,CU-SRC-0027,EVIDENCE_OF_TRIGGER,Circle
CU-ACT-1622,CU-SRC-0027,EVIDENCE_OF_TRIGGER,Circle
CU-ACT-1623,CU-SRC-0027,EVIDENCE_OF_TRIGGER,Circle
CU-ACT-1624,CU-SRC-0027,EVIDENCE_OF_TRIGGER,Circle
CU-ACT-1625,CU-SRC-0027,EVIDENCE_OF_TRIGGER,Circle
CU-ACT-1626,CU-SRC-0027,EVIDENCE_OF_TRIGGER,Circle
CU-ACT-1627,CU-SRC-0027,EVIDENCE_OF_TRIGGER,Circle
CU-ACT-2002,CU-SRC-0027,EVIDENCE_OF_TRIGGER,Circle
CU-ACT-2003,CU-SRC-0027,EVIDENCE_OF_TRIGGER,Circle
CU-ACT-2004,CU-SRC-0027,EVIDENCE_OF_TRIGGER,Circle
CU-ACT-2005,CU-SRC-0027,EVIDENCE_OF_TRIGGER,Circle
CU-ACT-2006,CU-SRC-0027,EVIDENCE_OF_TRIGGER,Circle
CU-ACT-2007,CU-SRC-0027,EVIDENCE_OF_TRIGGER,Circle
CU-ACT-2008,CU-SRC-0027,EVIDENCE_OF_TRIGGER,Circle
CU-ACT-2009,CU-SRC-0027,EVIDENCE_OF_TRIGGER,Circle
CU-ACT-2010,CU-SRC-0027,EVIDENCE_OF_TRIGGER,Circle
CU-ACT-2011,CU-SRC-0027,EVIDENCE_OF_TRIGGER,Circle
CU-ACT-2012,CU-SRC-0027,EVIDENCE_OF_TRIGGER,Circle
CU-ACT-2013,CU-SRC-0027,EVIDENCE_OF_TRIGGER,Circle
CU-ACT-2014,CU-SRC-0027,EVIDENCE_OF_TRIGGER,Circle
CU-ACT-2015,CU-SRC-0027,EVIDENCE_OF_TRIGGER,Circle
CU-ACT-2016,CU-SRC-0027,EVIDENCE_OF_TRIGGER,Circle
CU-ACT-2017,CU-SRC-0027,EVIDENCE_OF_TRIGGER,Circle
CU-ACT-2018,CU-SRC-0027,EVIDENCE_OF_TRIGGER,Circle
CU-ACT-2019,CU-SRC-0027,EVIDENCE_OF_TRIGGER,Circle
CU-ACT-2020,CU-SRC-0027,EVIDENCE_OF_TRIGGER,Circle
CU-ACT-2021,CU-SRC-0027,EVIDENCE_OF_TRIGGER,Circle
CU-ACT-2022,CU-SRC-0027,EVIDENCE_OF_TRIGGER,Circle
CU-ACT-2023,CU-SRC-0027,EVIDENCE_OF_TRIGGER,Circle
CU-ACT-2024,CU-SRC-0027,EVIDENCE_OF_TRIGGER,Circle
CU-ACT-2025,CU-SRC-0027,EVIDENCE_OF_TRIGGER,Circle
CU-ACT-2026,CU-SRC-0027,EVIDENCE_OF_TRIGGER,Circle
CU-ACT-2027,CU-SRC-0027,EVIDENCE_OF_TRIGGER,Circle
CU-ACT-2028,CU-SRC-0027,EVIDENCE_OF_TRIGGER,Circle
CU-ACT-2029,CU-SRC-0027,EVIDENCE_OF_TRIGGER,Circle
CU-ACT-2030,CU-SRC-0027,EVIDENCE_OF_TRIGGER,Circle
CU-ACT-2031,CU-SRC-0027,EVIDENCE_OF_TRIGGER,Circle
CU-ACT-2032,CU-SRC-0027,EVIDENCE_OF_TRIGGER,Circle
CU-ACT-2033,CU-SRC-0027,EVIDENCE_OF_TRIGGER,Circle
CU-ACT-2034,CU-SRC-0027,EVIDENCE_OF_TRIGGER,Circle
CU-ACT-2035,CU-SRC-0027,EVIDENCE_OF_TRIGGER,Circle
CU-ACT-2036,CU-SRC-0027,EVIDENCE_OF_TRIGGER,Circle
CU-ACT-2037,CU-SRC-0027,EVIDENCE_OF_TRIGGER,Circle
CU-ACT-2038,CU-SRC-0027,EVIDENCE_OF_TRIGGER,Circle
CU-ACT-2039,CU-SRC-0027,EVIDENCE_OF_TRIGGER,Circle
CU-ACT-2040,CU-SRC-0027,EVIDENCE_OF_TRIGGER,Circle
CU-ACT-2041,CU-SRC-0027,EVIDENCE_OF_TRIGGER,Circle
CU-ACT-2042,CU-SRC-0027,EVIDENCE_OF_TRIGGER,Circle
CU-ACT-2043,CU-SRC-0027,EVIDENCE_OF_TRIGGER,Circle
CU-ACT-2044,CU-SRC-0027,EVIDENCE_OF_TRIGGER,Circle
CU-ACT-2045,CU-SRC-0027,EVIDENCE_OF_TRIGGER,Circle
CU-ACT-2046,CU-SRC-0027,EVIDENCE_OF_TRIGGER,Circle
CU-ACT-2047,CU-SRC-0027,EVIDENCE_OF_TRIGGER,Circle
CU-ACT-2048,CU-SRC-0027,EVIDENCE_OF_TRIGGER,Circle
CU-ACT-2049,CU-SRC-0027,EVIDENCE_OF_TRIGGER,Circle
CU-ACT-2050,CU-SRC-0027,EVIDENCE_OF_TRIGGER,Circle
CU-ACT-2051,CU-SRC-0027,EVIDENCE_OF_TRIGGER,Circle
CU-ACT-2052,CU-SRC-0027,EVIDENCE_OF_TRIGGER,Circle
CU-ACT-2053,CU-SRC-0027,EVIDENCE_OF_TRIGGER,Circle
CU-ACT-2054,CU-SRC-0027,EVIDENCE_OF_TRIGGER,Circle
CU-ACT-2422,CU-SRC-0027,EVIDENCE_OF_TRIGGER,Circle
CU-ACT-2423,CU-SRC-0027,EVIDENCE_OF_TRIGGER,Circle
CU-ACT-2424,CU-SRC-0027,EVIDENCE_OF_TRIGGER,Circle
CU-ACT-2425,CU-SRC-0027,EVIDENCE_OF_TRIGGER,Circle
CU-ACT-2426,CU-SRC-0027,EVIDENCE_OF_TRIGGER,Circle
CU-ACT-2427,CU-SRC-0027,EVIDENCE_OF_TRIGGER,Circle
CU-ACT-2428,CU-SRC-0027,EVIDENCE_OF_TRIGGER,Circle
CU-ACT-2429,CU-SRC-0027,EVIDENCE_OF_TRIGGER,Circle
CU-ACT-2430,CU-SRC-0027,EVIDENCE_OF_TRIGGER,Circle
CU-ACT-2431,CU-SRC-0027,EVIDENCE_OF_TRIGGER,Circle
CU-ACT-2432,CU-SRC-0027,EVIDENCE_OF_TRIGGER,Circle
CU-ACT-2433,CU-SRC-0027,EVIDENCE_OF_TRIGGER,Circle
CU-ACT-2434,CU-SRC-0027,EVIDENCE_OF_TRIGGER,Circle
CU-ACT-2435,CU-SRC-0027,EVIDENCE_OF_TRIGGER,Circle
CU-ACT-2436,CU-SRC-0027,EVIDENCE_OF_TRIGGER,Circle
CU-ACT-2437,CU-SRC-0027,EVIDENCE_OF_TRIGGER,Circle
CU-ACT-2438,CU-SRC-0027,EVIDENCE_OF_TRIGGER,Circle
CU-ACT-2439,CU-SRC-0027,EVIDENCE_OF_TRIGGER,Circle
CU-ACT-2440,CU-SRC-0027,EVIDENCE_OF_TRIGGER,Circle
CU-ACT-2441,CU-SRC-0027,EVIDENCE_OF_TRIGGER,Circle
CU-ACT-2442,CU-SRC-0027,EVIDENCE_OF_TRIGGER,Circle
CU-ACT-2443,CU-SRC-0027,EVIDENCE_OF_TRIGGER,Circle
CU-ACT-2444,CU-SRC-0027,EVIDENCE_OF_TRIGGER,Circle
CU-ACT-2445,CU-SRC-0027,EVIDENCE_OF_TRIGGER,Circle
CU-ACT-2446,CU-SRC-0027,EVIDENCE_OF_TRIGGER,Circle
CU-ACT-2447,CU-SRC-0027,EVIDENCE_OF_TRIGGER,Circle
CU-ACT-2448,CU-SRC-0027,EVIDENCE_OF_TRIGGER,Circle
CU-ACT-2449,CU-SRC-0027,EVIDENCE_OF_TRIGGER,Circle
CU-ACT-2450,CU-SRC-0027,EVIDENCE_OF_TRIGGER,Circle
CU-ACT-2451,CU-SRC-0027,EVIDENCE_OF_TRIGGER,Circle
CU-ACT-2452,CU-SRC-0027,EVIDENCE_OF_TRIGGER,Circle
CU-ACT-2453,CU-SRC-0027,EVIDENCE_OF_TRIGGER,Circle
CU-ACT-2454,CU-SRC-0027,EVIDENCE_OF_TRIGGER,Circle
CU-ACT-2455,CU-SRC-0027,EVIDENCE_OF_TRIGGER,Circle
CU-ACT-2456,CU-SRC-0027,EVIDENCE_OF_TRIGGER,Circle
CU-ACT-2457,CU-SRC-0027,EVIDENCE_OF_TRIGGER,Circle
CU-ACT-2458,CU-SRC-0027,EVIDENCE_OF_TRIGGER,Circle
CU-ACT-2459,CU-SRC-0027,EVIDENCE_OF_TRIGGER,Circle
CU-ACT-2460,CU-SRC-0027,EVIDENCE_OF_TRIGGER,Circle
CU-ACT-2461,CU-SRC-0027,EVIDENCE_OF_TRIGGER,Circle
CU-ACT-2462,CU-SRC-0027,EVIDENCE_OF_TRIGGER,Circle
CU-ACT-2463,CU-SRC-0027,EVIDENCE_OF_TRIGGER,Circle
CU-ACT-2464,CU-SRC-0027,EVIDENCE_OF_TRIGGER,Circle
CU-ACT-2465,CU-SRC-0027,EVIDENCE_OF_TRIGGER,Circle
CU-ACT-2466,CU-SRC-0027,EVIDENCE_OF_TRIGGER,Circle
CU-ACT-2467,CU-SRC-0027,EVIDENCE_OF_TRIGGER,Circle
CU-ACT-2468,CU-SRC-0027,EVIDENCE_OF_TRIGGER,Circle
CU-ACT-2469,CU-SRC-0027,EVIDENCE_OF_TRIGGER,Circle
CU-ACT-2470,CU-SRC-0027,EVIDENCE_OF_TRIGGER,Circle
CU-ACT-2471,CU-SRC-0027,EVIDENCE_OF_TRIGGER,Circle
CU-ACT-2472,CU-SRC-0027,EVIDENCE_OF_TRIGGER,Circle
CU-ACT-2473,CU-SRC-0027,EVIDENCE_OF_TRIGGER,Circle
CU-ACT-2474,CU-SRC-0027,EVIDENCE_OF_TRIGGER,Circle
CU-ACT-2833,CU-SRC-0027,EVIDENCE_OF_TRIGGER,Circle
CU-ACT-2834,CU-SRC-0027,EVIDENCE_OF_TRIGGER,Circle
CU-ACT-2835,CU-SRC-0027,EVIDENCE_OF_TRIGGER,Circle
CU-ACT-2836,CU-SRC-0027,EVIDENCE_OF_TRIGGER,Circle
CU-ACT-2837,CU-SRC-0027,EVIDENCE_OF_TRIGGER,Circle
CU-ACT-2838,CU-SRC-0027,EVIDENCE_OF_TRIGGER,Circle
CU-ACT-2839,CU-SRC-0027,EVIDENCE_OF_TRIGGER,Circle
CU-ACT-2840,CU-SRC-0027,EVIDENCE_OF_TRIGGER,Circle
CU-ACT-2841,CU-SRC-0027,EVIDENCE_OF_TRIGGER,Circle
CU-ACT-2842,CU-SRC-0027,EVIDENCE_OF_TRIGGER,Circle
CU-ACT-2843,CU-SRC-0027,EVIDENCE_OF_TRIGGER,Circle
CU-ACT-2844,CU-SRC-0027,EVIDENCE_OF_TRIGGER,Circle
CU-ACT-2845,CU-SRC-0027,EVIDENCE_OF_TRIGGER,Circle
CU-ACT-2846,CU-SRC-0027,EVIDENCE_OF_TRIGGER,Circle
CU-ACT-2847,CU-SRC-0027,EVIDENCE_OF_TRIGGER,Circle
CU-ACT-2848,CU-SRC-0027,EVIDENCE_OF_TRIGGER,Circle
CU-ACT-2849,CU-SRC-0027,EVIDENCE_OF_TRIGGER,Circle
CU-ACT-2850,CU-SRC-0027,EVIDENCE_OF_TRIGGER,Circle
CU-ACT-2851,CU-SRC-0027,EVIDENCE_OF_TRIGGER,Circle
CU-ACT-2852,CU-SRC-0027,EVIDENCE_OF_TRIGGER,Circle
CU-ACT-2853,CU-SRC-0027,EVIDENCE_OF_TRIGGER,Circle
CU-ACT-2854,CU-SRC-0027,EVIDENCE_OF_TRIGGER,Circle
CU-ACT-2855,CU-SRC-0027,EVIDENCE_OF_TRIGGER,Circle
CU-ACT-2856,CU-SRC-0027,EVIDENCE_OF_TRIGGER,Circle
CU-ACT-2857,CU-SRC-0027,EVIDENCE_OF_TRIGGER,Circle
CU-ACT-2858,CU-SRC-0027,EVIDENCE_OF_TRIGGER,Circle
CU-ACT-2859,CU-SRC-0027,EVIDENCE_OF_TRIGGER,Circle
CU-ACT-2860,CU-SRC-0027,EVIDENCE_OF_TRIGGER,Circle
CU-ACT-2861,CU-SRC-0027,EVIDENCE_OF_TRIGGER,Circle
CU-ACT-2862,CU-SRC-0027,EVIDENCE_OF_TRIGGER,Circle
CU-ACT-2863,CU-SRC-0027,EVIDENCE_OF_TRIGGER,Circle
CU-ACT-2864,CU-SRC-0027,EVIDENCE_OF_TRIGGER,Circle
CU-ACT-2865,CU-SRC-0027,EVIDENCE_OF_TRIGGER,Circle
CU-ACT-2866,CU-SRC-0027,EVIDENCE_OF_TRIGGER,Circle
CU-ACT-2867,CU-SRC-0027,EVIDENCE_OF_TRIGGER,Circle
CU-ACT-2868,CU-SRC-0027,EVIDENCE_OF_TRIGGER,Circle
CU-ACT-2869,CU-SRC-0027,EVIDENCE_OF_TRIGGER,Circle
CU-ACT-2870,CU-SRC-0027,EVIDENCE_OF_TRIGGER,Circle
CU-ACT-2871,CU-SRC-0027,EVIDENCE_OF_TRIGGER,Circle
CU-ACT-2872,CU-SRC-0027,EVIDENCE_OF_TRIGGER,Circle
CU-ACT-2873,CU-SRC-0027,EVIDENCE_OF_TRIGGER,Circle
CU-ACT-2874,CU-SRC-0027,EVIDENCE_OF_TRIGGER,Circle
CU-ACT-2875,CU-SRC-0027,EVIDENCE_OF_TRIGGER,Circle
CU-ACT-2876,CU-SRC-0027,EVIDENCE_OF_TRIGGER,Circle
CU-ACT-2877,CU-SRC-0027,EVIDENCE_OF_TRIGGER,Circle
CU-ACT-2878,CU-SRC-0027,EVIDENCE_OF_TRIGGER,Circle
CU-ACT-2879,CU-SRC-0027,EVIDENCE_OF_TRIGGER,Circle
CU-ACT-2880,CU-SRC-0027,EVIDENCE_OF_TRIGGER,Circle
CU-ACT-2881,CU-SRC-0027,EVIDENCE_OF_TRIGGER,Circle
CU-ACT-2882,CU-SRC-0027,EVIDENCE_OF_TRIGGER,Circle
CU-ACT-2883,CU-SRC-0027,EVIDENCE_OF_TRIGGER,Circle
CU-ACT-2884,CU-SRC-0027,EVIDENCE_OF_TRIGGER,Circle
CU-ACT-2885,CU-SRC-0027,EVIDENCE_OF_TRIGGER,Circle
CU-ACT-0091,CU-SRC-0028,EVIDENCE_OF_TRIGGER,Circle
CU-ACT-0092,CU-SRC-0028,EVIDENCE_OF_TRIGGER,Circle
CU-ACT-0093,CU-SRC-0028,EVIDENCE_OF_TRIGGER,Circle
CU-ACT-0094,CU-SRC-0028,EVIDENCE_OF_TRIGGER,Circle
CU-ACT-0095,CU-SRC-0028,EVIDENCE_OF_TRIGGER,Circle
CU-ACT-0096,CU-SRC-0028,EVIDENCE_OF_TRIGGER,Circle
CU-ACT-0097,CU-SRC-0028,EVIDENCE_OF_TRIGGER,Circle
CU-ACT-0098,CU-SRC-0028,EVIDENCE_OF_TRIGGER,Circle
CU-ACT-0099,CU-SRC-0028,EVIDENCE_OF_TRIGGER,Circle
CU-ACT-0100,CU-SRC-0028,EVIDENCE_OF_TRIGGER,Circle
CU-ACT-0101,CU-SRC-0028,EVIDENCE_OF_TRIGGER,Circle
CU-ACT-0102,CU-SRC-0028,EVIDENCE_OF_TRIGGER,Circle
CU-ACT-0103,CU-SRC-0028,EVIDENCE_OF_TRIGGER,Circle
CU-ACT-0104,CU-SRC-0028,EVIDENCE_OF_TRIGGER,Circle
CU-ACT-0105,CU-SRC-0028,EVIDENCE_OF_TRIGGER,Circle
CU-ACT-0106,CU-SRC-0028,EVIDENCE_OF_TRIGGER,Circle
CU-ACT-0107,CU-SRC-0028,EVIDENCE_OF_TRIGGER,Circle
CU-ACT-0108,CU-SRC-0028,EVIDENCE_OF_TRIGGER,Circle
CU-ACT-0109,CU-SRC-0028,EVIDENCE_OF_TRIGGER,Circle
CU-ACT-0110,CU-SRC-0028,EVIDENCE_OF_TRIGGER,Circle
CU-ACT-0111,CU-SRC-0028,EVIDENCE_OF_TRIGGER,Circle
CU-ACT-0112,CU-SRC-0028,EVIDENCE_OF_TRIGGER,Circle
CU-ACT-0113,CU-SRC-0028,EVIDENCE_OF_TRIGGER,Circle
CU-ACT-0114,CU-SRC-0028,EVIDENCE_OF_TRIGGER,Circle
CU-ACT-0115,CU-SRC-0028,EVIDENCE_OF_TRIGGER,Circle
CU-ACT-0116,CU-SRC-0028,EVIDENCE_OF_TRIGGER,Circle
CU-ACT-0117,CU-SRC-0028,EVIDENCE_OF_TRIGGER,Circle
CU-ACT-0118,CU-SRC-0028,EVIDENCE_OF_TRIGGER,Circle
CU-ACT-0119,CU-SRC-0028,EVIDENCE_OF_TRIGGER,Circle
CU-ACT-0120,CU-SRC-0028,EVIDENCE_OF_TRIGGER,Circle
CU-ACT-0121,CU-SRC-0028,EVIDENCE_OF_TRIGGER,Circle
CU-ACT-0122,CU-SRC-0028,EVIDENCE_OF_TRIGGER,Circle
CU-ACT-0123,CU-SRC-0028,EVIDENCE_OF_TRIGGER,Circle
CU-ACT-0124,CU-SRC-0028,EVIDENCE_OF_TRIGGER,Circle
CU-ACT-0125,CU-SRC-0028,EVIDENCE_OF_TRIGGER,Circle
CU-ACT-0126,CU-SRC-0028,EVIDENCE_OF_TRIGGER,Circle
CU-ACT-0127,CU-SRC-0028,EVIDENCE_OF_TRIGGER,Circle
CU-ACT-0128,CU-SRC-0028,EVIDENCE_OF_TRIGGER,Circle
CU-ACT-0129,CU-SRC-0028,EVIDENCE_OF_TRIGGER,Circle
CU-ACT-0130,CU-SRC-0028,EVIDENCE_OF_TRIGGER,Circle
CU-ACT-0131,CU-SRC-0028,EVIDENCE_OF_TRIGGER,Circle
CU-ACT-0132,CU-SRC-0028,EVIDENCE_OF_TRIGGER,Circle
CU-ACT-0133,CU-SRC-0028,EVIDENCE_OF_TRIGGER,Circle
CU-ACT-0134,CU-SRC-0028,EVIDENCE_OF_TRIGGER,Circle
CU-ACT-0135,CU-SRC-0028,EVIDENCE_OF_TRIGGER,Circle
CU-ACT-0136,CU-SRC-0028,EVIDENCE_OF_TRIGGER,Circle
CU-ACT-0137,CU-SRC-0028,EVIDENCE_OF_TRIGGER,Circle
CU-ACT-0138,CU-SRC-0028,EVIDENCE_OF_TRIGGER,Circle
CU-ACT-0139,CU-SRC-0028,EVIDENCE_OF_TRIGGER,Circle
CU-ACT-0140,CU-SRC-0028,EVIDENCE_OF_TRIGGER,Circle
CU-ACT-0142,CU-SRC-0028,EVIDENCE_OF_TRIGGER,Circle
CU-ACT-0143,CU-SRC-0028,EVIDENCE_OF_TRIGGER,Circle
CU-ACT-0144,CU-SRC-0028,EVIDENCE_OF_TRIGGER,Circle
CU-ACT-1749,CU-SRC-0028,EVIDENCE_OF_TRIGGER,Circle
CU-ACT-1750,CU-SRC-0028,EVIDENCE_OF_TRIGGER,Circle
CU-ACT-1751,CU-SRC-0028,EVIDENCE_OF_TRIGGER,Circle
CU-ACT-1752,CU-SRC-0028,EVIDENCE_OF_TRIGGER,Circle
CU-ACT-1753,CU-SRC-0028,EVIDENCE_OF_TRIGGER,Circle
CU-ACT-1754,CU-SRC-0028,EVIDENCE_OF_TRIGGER,Circle
CU-ACT-1755,CU-SRC-0028,EVIDENCE_OF_TRIGGER,Circle
CU-ACT-1756,CU-SRC-0028,EVIDENCE_OF_TRIGGER,Circle
CU-ACT-1757,CU-SRC-0028,EVIDENCE_OF_TRIGGER,Circle
CU-ACT-1758,CU-SRC-0028,EVIDENCE_OF_TRIGGER,Circle
CU-ACT-1759,CU-SRC-0028,EVIDENCE_OF_TRIGGER,Circle
CU-ACT-1760,CU-SRC-0028,EVIDENCE_OF_TRIGGER,Circle
CU-ACT-1761,CU-SRC-0028,EVIDENCE_OF_TRIGGER,Circle
CU-ACT-1762,CU-SRC-0028,EVIDENCE_OF_TRIGGER,Circle
CU-ACT-1763,CU-SRC-0028,EVIDENCE_OF_TRIGGER,Circle
CU-ACT-1764,CU-SRC-0028,EVIDENCE_OF_TRIGGER,Circle
CU-ACT-1765,CU-SRC-0028,EVIDENCE_OF_TRIGGER,Circle
CU-ACT-1766,CU-SRC-0028,EVIDENCE_OF_TRIGGER,Circle
CU-ACT-1767,CU-SRC-0028,EVIDENCE_OF_TRIGGER,Circle
CU-ACT-1768,CU-SRC-0028,EVIDENCE_OF_TRIGGER,Circle
CU-ACT-1769,CU-SRC-0028,EVIDENCE_OF_TRIGGER,Circle
CU-ACT-1770,CU-SRC-0028,EVIDENCE_OF_TRIGGER,Circle
CU-ACT-1771,CU-SRC-0028,EVIDENCE_OF_TRIGGER,Circle
CU-ACT-1772,CU-SRC-0028,EVIDENCE_OF_TRIGGER,Circle
CU-ACT-1773,CU-SRC-0028,EVIDENCE_OF_TRIGGER,Circle
CU-ACT-1774,CU-SRC-0028,EVIDENCE_OF_TRIGGER,Circle
CU-ACT-1775,CU-SRC-0028,EVIDENCE_OF_TRIGGER,Circle
CU-ACT-1776,CU-SRC-0028,EVIDENCE_OF_TRIGGER,Circle
CU-ACT-1777,CU-SRC-0028,EVIDENCE_OF_TRIGGER,Circle
CU-ACT-1778,CU-SRC-0028,EVIDENCE_OF_TRIGGER,Circle
CU-ACT-1779,CU-SRC-0028,EVIDENCE_OF_TRIGGER,Circle
CU-ACT-1780,CU-SRC-0028,EVIDENCE_OF_TRIGGER,Circle
CU-ACT-1781,CU-SRC-0028,EVIDENCE_OF_TRIGGER,Circle
CU-ACT-1782,CU-SRC-0028,EVIDENCE_OF_TRIGGER,Circle
CU-ACT-1783,CU-SRC-0028,EVIDENCE_OF_TRIGGER,Circle
CU-ACT-1784,CU-SRC-0028,EVIDENCE_OF_TRIGGER,Circle
CU-ACT-1785,CU-SRC-0028,EVIDENCE_OF_TRIGGER,Circle
CU-ACT-1786,CU-SRC-0028,EVIDENCE_OF_TRIGGER,Circle
CU-ACT-1787,CU-SRC-0028,EVIDENCE_OF_TRIGGER,Circle
CU-ACT-1788,CU-SRC-0028,EVIDENCE_OF_TRIGGER,Circle
CU-ACT-1789,CU-SRC-0028,EVIDENCE_OF_TRIGGER,Circle
CU-ACT-1790,CU-SRC-0028,EVIDENCE_OF_TRIGGER,Circle
CU-ACT-1791,CU-SRC-0028,EVIDENCE_OF_TRIGGER,Circle
CU-ACT-1792,CU-SRC-0028,EVIDENCE_OF_TRIGGER,Circle
CU-ACT-1793,CU-SRC-0028,EVIDENCE_OF_TRIGGER,Circle
CU-ACT-1794,CU-SRC-0028,EVIDENCE_OF_TRIGGER,Circle
CU-ACT-1795,CU-SRC-0028,EVIDENCE_OF_TRIGGER,Circle
CU-ACT-1796,CU-SRC-0028,EVIDENCE_OF_TRIGGER,Circle
CU-ACT-1797,CU-SRC-0028,EVIDENCE_OF_TRIGGER,Circle
CU-ACT-1798,CU-SRC-0028,EVIDENCE_OF_TRIGGER,Circle
CU-ACT-1799,CU-SRC-0028,EVIDENCE_OF_TRIGGER,Circle
CU-ACT-1800,CU-SRC-0028,EVIDENCE_OF_TRIGGER,Circle
CU-ACT-1801,CU-SRC-0028,EVIDENCE_OF_TRIGGER,Circle
CU-ACT-0409,CU-SRC-0024,EVIDENCE_OF_TRIGGER,Circle
CU-ACT-0816,CU-SRC-0023,EVIDENCE_OF_TRIGGER,Circle
CU-ACT-0817,CU-SRC-0023,EVIDENCE_OF_TRIGGER,Circle
CU-ACT-0818,CU-SRC-0023,EVIDENCE_OF_TRIGGER,Circle
CU-ACT-0819,CU-SRC-0023,EVIDENCE_OF_TRIGGER,Circle
CU-ACT-0820,CU-SRC-0023,EVIDENCE_OF_TRIGGER,Circle
CU-ACT-0821,CU-SRC-0023,EVIDENCE_OF_TRIGGER,Circle
CU-ACT-0822,CU-SRC-0023,EVIDENCE_OF_TRIGGER,Circle
CU-ACT-0823,CU-SRC-0023,EVIDENCE_OF_TRIGGER,Circle
CU-ACT-0824,CU-SRC-0023,EVIDENCE_OF_TRIGGER,Circle
CU-ACT-0825,CU-SRC-0023,EVIDENCE_OF_TRIGGER,Circle
CU-ACT-0826,CU-SRC-0023,EVIDENCE_OF_TRIGGER,Circle
CU-ACT-0827,CU-SRC-0023,EVIDENCE_OF_TRIGGER,Circle
CU-ACT-0828,CU-SRC-0023,EVIDENCE_OF_TRIGGER,Circle
CU-ACT-0829,CU-SRC-0023,EVIDENCE_OF_TRIGGER,Circle
CU-ACT-0830,CU-SRC-0023,EVIDENCE_OF_TRIGGER,Circle
CU-ACT-0831,CU-SRC-0023,EVIDENCE_OF_TRIGGER,Circle
CU-ACT-0832,CU-SRC-0023,EVIDENCE_OF_TRIGGER,Circle
CU-ACT-0833,CU-SRC-0023,EVIDENCE_OF_TRIGGER,Circle
CU-ACT-0834,CU-SRC-0023,EVIDENCE_OF_TRIGGER,Circle
CU-ACT-0835,CU-SRC-0023,EVIDENCE_OF_TRIGGER,Circle
CU-ACT-0836,CU-SRC-0023,EVIDENCE_OF_TRIGGER,Circle
CU-ACT-0837,CU-SRC-0023,EVIDENCE_OF_TRIGGER,Circle
CU-ACT-0838,CU-SRC-0023,EVIDENCE_OF_TRIGGER,Circle
CU-ACT-0839,CU-SRC-0023,EVIDENCE_OF_TRIGGER,Circle
CU-ACT-0840,CU-SRC-0023,EVIDENCE_OF_TRIGGER,Circle
CU-ACT-0841,CU-SRC-0023,EVIDENCE_OF_TRIGGER,Circle
CU-ACT-0842,CU-SRC-0023,EVIDENCE_OF_TRIGGER,Circle
CU-ACT-0843,CU-SRC-0023,EVIDENCE_OF_TRIGGER,Circle
CU-ACT-0844,CU-SRC-0023,EVIDENCE_OF_TRIGGER,Circle
CU-ACT-0845,CU-SRC-0023,EVIDENCE_OF_TRIGGER,Circle
CU-ACT-0846,CU-SRC-0023,EVIDENCE_OF_TRIGGER,Circle
CU-ACT-0847,CU-SRC-0023,EVIDENCE_OF_TRIGGER,Circle
CU-ACT-0848,CU-SRC-0023,EVIDENCE_OF_TRIGGER,Circle
CU-ACT-0849,CU-SRC-0023,EVIDENCE_OF_TRIGGER,Circle
CU-ACT-0850,CU-SRC-0023,EVIDENCE_OF_TRIGGER,Circle
CU-ACT-0851,CU-SRC-0023,EVIDENCE_OF_TRIGGER,Circle
CU-ACT-0852,CU-SRC-0023,EVIDENCE_OF_TRIGGER,Circle
CU-ACT-0856,CU-SRC-0028,EVIDENCE_OF_TRIGGER,Circle
CU-ACT-0857,CU-SRC-0028,EVIDENCE_OF_TRIGGER,Circle
CU-ACT-0858,CU-SRC-0028,EVIDENCE_OF_TRIGGER,Circle
CU-ACT-0859,CU-SRC-0028,EVIDENCE_OF_TRIGGER,Circle
CU-ACT-0860,CU-SRC-0028,EVIDENCE_OF_TRIGGER,Circle
CU-ACT-0861,CU-SRC-0028,EVIDENCE_OF_TRIGGER,Circle
CU-ACT-0862,CU-SRC-0028,EVIDENCE_OF_TRIGGER,Circle
CU-ACT-0863,CU-SRC-0028,EVIDENCE_OF_TRIGGER,Circle
CU-ACT-0864,CU-SRC-0028,EVIDENCE_OF_TRIGGER,Circle
CU-ACT-0865,CU-SRC-0028,EVIDENCE_OF_TRIGGER,Circle
CU-ACT-0866,CU-SRC-0028,EVIDENCE_OF_TRIGGER,Circle
CU-ACT-0867,CU-SRC-0028,EVIDENCE_OF_TRIGGER,Circle
CU-ACT-0868,CU-SRC-0028,EVIDENCE_OF_TRIGGER,Circle
CU-ACT-0869,CU-SRC-0028,EVIDENCE_OF_TRIGGER,Circle
CU-ACT-0870,CU-SRC-0028,EVIDENCE_OF_TRIGGER,Circle
CU-ACT-0871,CU-SRC-0028,EVIDENCE_OF_TRIGGER,Circle
CU-ACT-0872,CU-SRC-0028,EVIDENCE_OF_TRIGGER,Circle
CU-ACT-0873,CU-SRC-0028,EVIDENCE_OF_TRIGGER,Circle
CU-ACT-0874,CU-SRC-0028,EVIDENCE_OF_TRIGGER,Circle
CU-ACT-0875,CU-SRC-0028,EVIDENCE_OF_TRIGGER,Circle
CU-ACT-0876,CU-SRC-0028,EVIDENCE_OF_TRIGGER,Circle
CU-ACT-0877,CU-SRC-0028,EVIDENCE_OF_TRIGGER,Circle
CU-ACT-0878,CU-SRC-0028,EVIDENCE_OF_TRIGGER,Circle
CU-ACT-0879,CU-SRC-0028,EVIDENCE_OF_TRIGGER,Circle
CU-ACT-0880,CU-SRC-0028,EVIDENCE_OF_TRIGGER,Circle
CU-ACT-0881,CU-SRC-0028,EVIDENCE_OF_TRIGGER,Circle
CU-ACT-0882,CU-SRC-0028,EVIDENCE_OF_TRIGGER,Circle
CU-ACT-0883,CU-SRC-0028,EVIDENCE_OF_TRIGGER,Circle
CU-ACT-0884,CU-SRC-0028,EVIDENCE_OF_TRIGGER,Circle
CU-ACT-0885,CU-SRC-0028,EVIDENCE_OF_TRIGGER,Circle
CU-ACT-0886,CU-SRC-0028,EVIDENCE_OF_TRIGGER,Circle
CU-ACT-0887,CU-SRC-0028,EVIDENCE_OF_TRIGGER,Circle
CU-ACT-0888,CU-SRC-0028,EVIDENCE_OF_TRIGGER,Circle
CU-ACT-0889,CU-SRC-0028,EVIDENCE_OF_TRIGGER,Circle
CU-ACT-0890,CU-SRC-0028,EVIDENCE_OF_TRIGGER,Circle
CU-ACT-0891,CU-SRC-0028,EVIDENCE_OF_TRIGGER,Circle
CU-ACT-0892,CU-SRC-0028,EVIDENCE_OF_TRIGGER,Circle
CU-ACT-0893,CU-SRC-0028,EVIDENCE_OF_TRIGGER,Circle
CU-ACT-0894,CU-SRC-0028,EVIDENCE_OF_TRIGGER,Circle
CU-ACT-0895,CU-SRC-0028,EVIDENCE_OF_TRIGGER,Circle
CU-ACT-0896,CU-SRC-0028,EVIDENCE_OF_TRIGGER,Circle
CU-ACT-0897,CU-SRC-0028,EVIDENCE_OF_TRIGGER,Circle
CU-ACT-0898,CU-SRC-0028,EVIDENCE_OF_TRIGGER,Circle
CU-ACT-0899,CU-SRC-0028,EVIDENCE_OF_TRIGGER,Circle
CU-ACT-0900,CU-SRC-0028,EVIDENCE_OF_TRIGGER,Circle
CU-ACT-0901,CU-SRC-0028,EVIDENCE_OF_TRIGGER,Circle
CU-ACT-0902,CU-SRC-0028,EVIDENCE_OF_TRIGGER,Circle
CU-ACT-0903,CU-SRC-0028,EVIDENCE_OF_TRIGGER,Circle
CU-ACT-0904,CU-SRC-0028,EVIDENCE_OF_TRIGGER,Circle
CU-ACT-0905,CU-SRC-0028,EVIDENCE_OF_TRIGGER,Circle
CU-ACT-0906,CU-SRC-0028,EVIDENCE_OF_TRIGGER,Circle
CU-ACT-0907,CU-SRC-0028,EVIDENCE_OF_TRIGGER,Circle
CU-ACT-0908,CU-SRC-0028,EVIDENCE_OF_TRIGGER,Circle
CU-ACT-1262,CU-SRC-0023,EVIDENCE_OF_TRIGGER,Circle
CU-ACT-1263,CU-SRC-0023,EVIDENCE_OF_TRIGGER,Circle
CU-ACT-1264,CU-SRC-0023,EVIDENCE_OF_TRIGGER,Circle
CU-ACT-1265,CU-SRC-0023,EVIDENCE_OF_TRIGGER,Circle
CU-ACT-1266,CU-SRC-0023,EVIDENCE_OF_TRIGGER,Circle
CU-ACT-1267,CU-SRC-0023,EVIDENCE_OF_TRIGGER,Circle
CU-ACT-1268,CU-SRC-0023,EVIDENCE_OF_TRIGGER,Circle
CU-ACT-1269,CU-SRC-0023,EVIDENCE_OF_TRIGGER,Circle
CU-ACT-1270,CU-SRC-0023,EVIDENCE_OF_TRIGGER,Circle
CU-ACT-1271,CU-SRC-0023,EVIDENCE_OF_TRIGGER,Circle
CU-ACT-1272,CU-SRC-0023,EVIDENCE_OF_TRIGGER,Circle
CU-ACT-1273,CU-SRC-0023,EVIDENCE_OF_TRIGGER,Circle
CU-ACT-1274,CU-SRC-0023,EVIDENCE_OF_TRIGGER,Circle
CU-ACT-1275,CU-SRC-0023,EVIDENCE_OF_TRIGGER,Circle
CU-ACT-1276,CU-SRC-0023,EVIDENCE_OF_TRIGGER,Circle
CU-ACT-1277,CU-SRC-0023,EVIDENCE_OF_TRIGGER,Circle
CU-ACT-1278,CU-SRC-0023,EVIDENCE_OF_TRIGGER,Circle
CU-ACT-1279,CU-SRC-0023,EVIDENCE_OF_TRIGGER,Circle
CU-ACT-1280,CU-SRC-0023,EVIDENCE_OF_TRIGGER,Circle
CU-ACT-1281,CU-SRC-0023,EVIDENCE_OF_TRIGGER,Circle
CU-ACT-1282,CU-SRC-0023,EVIDENCE_OF_TRIGGER,Circle
CU-ACT-1283,CU-SRC-0023,EVIDENCE_OF_TRIGGER,Circle
CU-ACT-1284,CU-SRC-0023,EVIDENCE_OF_TRIGGER,Circle
CU-ACT-1285,CU-SRC-0023,EVIDENCE_OF_TRIGGER,Circle
CU-ACT-1286,CU-SRC-0023,EVIDENCE_OF_TRIGGER,Circle
CU-ACT-1287,CU-SRC-0023,EVIDENCE_OF_TRIGGER,Circle
CU-ACT-1288,CU-SRC-0023,EVIDENCE_OF_TRIGGER,Circle
CU-ACT-1289,CU-SRC-0023,EVIDENCE_OF_TRIGGER,Circle
CU-ACT-1290,CU-SRC-0023,EVIDENCE_OF_TRIGGER,Circle
CU-ACT-1291,CU-SRC-0023,EVIDENCE_OF_TRIGGER,Circle
CU-ACT-1292,CU-SRC-0023,EVIDENCE_OF_TRIGGER,Circle
CU-ACT-1293,CU-SRC-0023,EVIDENCE_OF_TRIGGER,Circle
CU-ACT-1294,CU-SRC-0023,EVIDENCE_OF_TRIGGER,Circle
CU-ACT-1295,CU-SRC-0023,EVIDENCE_OF_TRIGGER,Circle
CU-ACT-1296,CU-SRC-0023,EVIDENCE_OF_TRIGGER,Circle
CU-ACT-1297,CU-SRC-0023,EVIDENCE_OF_TRIGGER,Circle
CU-ACT-1298,CU-SRC-0023,EVIDENCE_OF_TRIGGER,Circle
CU-ACT-1299,CU-SRC-0023,EVIDENCE_OF_TRIGGER,Circle
CU-ACT-1300,CU-SRC-0023,EVIDENCE_OF_TRIGGER,Circle
CU-ACT-1301,CU-SRC-0023,EVIDENCE_OF_TRIGGER,Circle
CU-ACT-1302,CU-SRC-0023,EVIDENCE_OF_TRIGGER,Circle
CU-ACT-1303,CU-SRC-0023,EVIDENCE_OF_TRIGGER,Circle
CU-ACT-1307,CU-SRC-0028,EVIDENCE_OF_TRIGGER,Circle
CU-ACT-1308,CU-SRC-0028,EVIDENCE_OF_TRIGGER,Circle
CU-ACT-1309,CU-SRC-0028,EVIDENCE_OF_TRIGGER,Circle
CU-ACT-1310,CU-SRC-0028,EVIDENCE_OF_TRIGGER,Circle
CU-ACT-1311,CU-SRC-0028,EVIDENCE_OF_TRIGGER,Circle
CU-ACT-1312,CU-SRC-0028,EVIDENCE_OF_TRIGGER,Circle
CU-ACT-1313,CU-SRC-0028,EVIDENCE_OF_TRIGGER,Circle
CU-ACT-1314,CU-SRC-0028,EVIDENCE_OF_TRIGGER,Circle
CU-ACT-1315,CU-SRC-0028,EVIDENCE_OF_TRIGGER,Circle
CU-ACT-1316,CU-SRC-0028,EVIDENCE_OF_TRIGGER,Circle
CU-ACT-1317,CU-SRC-0028,EVIDENCE_OF_TRIGGER,Circle
CU-ACT-1318,CU-SRC-0028,EVIDENCE_OF_TRIGGER,Circle
CU-ACT-1319,CU-SRC-0028,EVIDENCE_OF_TRIGGER,Circle
CU-ACT-1320,CU-SRC-0028,EVIDENCE_OF_TRIGGER,Circle
CU-ACT-1321,CU-SRC-0028,EVIDENCE_OF_TRIGGER,Circle
CU-ACT-1322,CU-SRC-0028,EVIDENCE_OF_TRIGGER,Circle
CU-ACT-1323,CU-SRC-0028,EVIDENCE_OF_TRIGGER,Circle
CU-ACT-1324,CU-SRC-0028,EVIDENCE_OF_TRIGGER,Circle
CU-ACT-1325,CU-SRC-0028,EVIDENCE_OF_TRIGGER,Circle
CU-ACT-1326,CU-SRC-0028,EVIDENCE_OF_TRIGGER,Circle
CU-ACT-1327,CU-SRC-0028,EVIDENCE_OF_TRIGGER,Circle
CU-ACT-1328,CU-SRC-0028,EVIDENCE_OF_TRIGGER,Circle
CU-ACT-1329,CU-SRC-0028,EVIDENCE_OF_TRIGGER,Circle
CU-ACT-1330,CU-SRC-0028,EVIDENCE_OF_TRIGGER,Circle
CU-ACT-1331,CU-SRC-0028,EVIDENCE_OF_TRIGGER,Circle
CU-ACT-1332,CU-SRC-0028,EVIDENCE_OF_TRIGGER,Circle
CU-ACT-1333,CU-SRC-0028,EVIDENCE_OF_TRIGGER,Circle
CU-ACT-1334,CU-SRC-0028,EVIDENCE_OF_TRIGGER,Circle
CU-ACT-1335,CU-SRC-0028,EVIDENCE_OF_TRIGGER,Circle
CU-ACT-1336,CU-SRC-0028,EVIDENCE_OF_TRIGGER,Circle
CU-ACT-1337,CU-SRC-0028,EVIDENCE_OF_TRIGGER,Circle
CU-ACT-1338,CU-SRC-0028,EVIDENCE_OF_TRIGGER,Circle
CU-ACT-1339,CU-SRC-0028,EVIDENCE_OF_TRIGGER,Circle
CU-ACT-1340,CU-SRC-0028,EVIDENCE_OF_TRIGGER,Circle
CU-ACT-1341,CU-SRC-0028,EVIDENCE_OF_TRIGGER,Circle
CU-ACT-1342,CU-SRC-0028,EVIDENCE_OF_TRIGGER,Circle
CU-ACT-1343,CU-SRC-0028,EVIDENCE_OF_TRIGGER,Circle
CU-ACT-1344,CU-SRC-0028,EVIDENCE_OF_TRIGGER,Circle
CU-ACT-1345,CU-SRC-0028,EVIDENCE_OF_TRIGGER,Circle
CU-ACT-1346,CU-SRC-0028,EVIDENCE_OF_TRIGGER,Circle
CU-ACT-1347,CU-SRC-0028,EVIDENCE_OF_TRIGGER,Circle
CU-ACT-1348,CU-SRC-0028,EVIDENCE_OF_TRIGGER,Circle
CU-ACT-1349,CU-SRC-0028,EVIDENCE_OF_TRIGGER,Circle
CU-ACT-1350,CU-SRC-0028,EVIDENCE_OF_TRIGGER,Circle
CU-ACT-1351,CU-SRC-0028,EVIDENCE_OF_TRIGGER,Circle
CU-ACT-1352,CU-SRC-0028,EVIDENCE_OF_TRIGGER,Circle
CU-ACT-1353,CU-SRC-0028,EVIDENCE_OF_TRIGGER,Circle
CU-ACT-1354,CU-SRC-0028,EVIDENCE_OF_TRIGGER,Circle
CU-ACT-1355,CU-SRC-0028,EVIDENCE_OF_TRIGGER,Circle
CU-ACT-1356,CU-SRC-0028,EVIDENCE_OF_TRIGGER,Circle
CU-ACT-1357,CU-SRC-0028,EVIDENCE_OF_TRIGGER,Circle
CU-ACT-1358,CU-SRC-0028,EVIDENCE_OF_TRIGGER,Circle
CU-ACT-1359,CU-SRC-0028,EVIDENCE_OF_TRIGGER,Circle
CU-ACT-1360,CU-SRC-0028,EVIDENCE_OF_TRIGGER,Circle
CU-ACT-1361,CU-SRC-0028,EVIDENCE_OF_TRIGGER,Circle
CU-ACT-1362,CU-SRC-0028,EVIDENCE_OF_TRIGGER,Circle
CU-ACT-1363,CU-SRC-0028,EVIDENCE_OF_TRIGGER,Circle
CU-ACT-1364,CU-SRC-0028,EVIDENCE_OF_TRIGGER,Circle
CU-ACT-1365,CU-SRC-0028,EVIDENCE_OF_TRIGGER,Circle
CU-ACT-1366,CU-SRC-0028,EVIDENCE_OF_TRIGGER,Circle
CU-ACT-1367,CU-SRC-0028,EVIDENCE_OF_TRIGGER,Circle
CU-ACT-1368,CU-SRC-0028,EVIDENCE_OF_TRIGGER,Circle
CU-ACT-1369,CU-SRC-0028,EVIDENCE_OF_TRIGGER,Circle
CU-ACT-1370,CU-SRC-0028,EVIDENCE_OF_TRIGGER,Circle
CU-ACT-1371,CU-SRC-0028,EVIDENCE_OF_TRIGGER,Circle
CU-ACT-1537,CU-SRC-0024,EVIDENCE_OF_TRIGGER,Circle
CU-ACT-2124,CU-SRC-0023,EVIDENCE_OF_TRIGGER,Circle
CU-ACT-2125,CU-SRC-0023,EVIDENCE_OF_TRIGGER,Circle
CU-ACT-2126,CU-SRC-0023,EVIDENCE_OF_TRIGGER,Circle
CU-ACT-2127,CU-SRC-0023,EVIDENCE_OF_TRIGGER,Circle
CU-ACT-2128,CU-SRC-0023,EVIDENCE_OF_TRIGGER,Circle
CU-ACT-2129,CU-SRC-0023,EVIDENCE_OF_TRIGGER,Circle
CU-ACT-2130,CU-SRC-0023,EVIDENCE_OF_TRIGGER,Circle
CU-ACT-2131,CU-SRC-0023,EVIDENCE_OF_TRIGGER,Circle
CU-ACT-2132,CU-SRC-0023,EVIDENCE_OF_TRIGGER,Circle
CU-ACT-2133,CU-SRC-0023,EVIDENCE_OF_TRIGGER,Circle
CU-ACT-2134,CU-SRC-0023,EVIDENCE_OF_TRIGGER,Circle
CU-ACT-2135,CU-SRC-0023,EVIDENCE_OF_TRIGGER,Circle
CU-ACT-2136,CU-SRC-0023,EVIDENCE_OF_TRIGGER,Circle
CU-ACT-2137,CU-SRC-0023,EVIDENCE_OF_TRIGGER,Circle
CU-ACT-2138,CU-SRC-0023,EVIDENCE_OF_TRIGGER,Circle
CU-ACT-2139,CU-SRC-0023,EVIDENCE_OF_TRIGGER,Circle
CU-ACT-2140,CU-SRC-0023,EVIDENCE_OF_TRIGGER,Circle
CU-ACT-2141,CU-SRC-0023,EVIDENCE_OF_TRIGGER,Circle
CU-ACT-2142,CU-SRC-0023,EVIDENCE_OF_TRIGGER,Circle
CU-ACT-2143,CU-SRC-0023,EVIDENCE_OF_TRIGGER,Circle
CU-ACT-2144,CU-SRC-0023,EVIDENCE_OF_TRIGGER,Circle
CU-ACT-2145,CU-SRC-0023,EVIDENCE_OF_TRIGGER,Circle
CU-ACT-2146,CU-SRC-0023,EVIDENCE_OF_TRIGGER,Circle
CU-ACT-2147,CU-SRC-0023,EVIDENCE_OF_TRIGGER,Circle
CU-ACT-2148,CU-SRC-0023,EVIDENCE_OF_TRIGGER,Circle
CU-ACT-2149,CU-SRC-0023,EVIDENCE_OF_TRIGGER,Circle
CU-ACT-2150,CU-SRC-0023,EVIDENCE_OF_TRIGGER,Circle
CU-ACT-2151,CU-SRC-0023,EVIDENCE_OF_TRIGGER,Circle
CU-ACT-2152,CU-SRC-0023,EVIDENCE_OF_TRIGGER,Circle
CU-ACT-2153,CU-SRC-0023,EVIDENCE_OF_TRIGGER,Circle
CU-ACT-2154,CU-SRC-0023,EVIDENCE_OF_TRIGGER,Circle
CU-ACT-2155,CU-SRC-0023,EVIDENCE_OF_TRIGGER,Circle
CU-ACT-2156,CU-SRC-0023,EVIDENCE_OF_TRIGGER,Circle
CU-ACT-2157,CU-SRC-0023,EVIDENCE_OF_TRIGGER,Circle
CU-ACT-2158,CU-SRC-0023,EVIDENCE_OF_TRIGGER,Circle
CU-ACT-2159,CU-SRC-0023,EVIDENCE_OF_TRIGGER,Circle
CU-ACT-2160,CU-SRC-0023,EVIDENCE_OF_TRIGGER,Circle
CU-ACT-2164,CU-SRC-0028,EVIDENCE_OF_TRIGGER,Circle
CU-ACT-2165,CU-SRC-0028,EVIDENCE_OF_TRIGGER,Circle
CU-ACT-2166,CU-SRC-0028,EVIDENCE_OF_TRIGGER,Circle
CU-ACT-2167,CU-SRC-0028,EVIDENCE_OF_TRIGGER,Circle
CU-ACT-2168,CU-SRC-0028,EVIDENCE_OF_TRIGGER,Circle
CU-ACT-2169,CU-SRC-0028,EVIDENCE_OF_TRIGGER,Circle
CU-ACT-2170,CU-SRC-0028,EVIDENCE_OF_TRIGGER,Circle
CU-ACT-2171,CU-SRC-0028,EVIDENCE_OF_TRIGGER,Circle
CU-ACT-2172,CU-SRC-0028,EVIDENCE_OF_TRIGGER,Circle
CU-ACT-2173,CU-SRC-0028,EVIDENCE_OF_TRIGGER,Circle
CU-ACT-2174,CU-SRC-0028,EVIDENCE_OF_TRIGGER,Circle
CU-ACT-2175,CU-SRC-0028,EVIDENCE_OF_TRIGGER,Circle
CU-ACT-2176,CU-SRC-0028,EVIDENCE_OF_TRIGGER,Circle
CU-ACT-2177,CU-SRC-0028,EVIDENCE_OF_TRIGGER,Circle
CU-ACT-2178,CU-SRC-0028,EVIDENCE_OF_TRIGGER,Circle
CU-ACT-2179,CU-SRC-0028,EVIDENCE_OF_TRIGGER,Circle
CU-ACT-2180,CU-SRC-0028,EVIDENCE_OF_TRIGGER,Circle
CU-ACT-2181,CU-SRC-0028,EVIDENCE_OF_TRIGGER,Circle
CU-ACT-2182,CU-SRC-0028,EVIDENCE_OF_TRIGGER,Circle
CU-ACT-2183,CU-SRC-0028,EVIDENCE_OF_TRIGGER,Circle
CU-ACT-2184,CU-SRC-0028,EVIDENCE_OF_TRIGGER,Circle
CU-ACT-2185,CU-SRC-0028,EVIDENCE_OF_TRIGGER,Circle
CU-ACT-2186,CU-SRC-0028,EVIDENCE_OF_TRIGGER,Circle
CU-ACT-2187,CU-SRC-0028,EVIDENCE_OF_TRIGGER,Circle
CU-ACT-2188,CU-SRC-0028,EVIDENCE_OF_TRIGGER,Circle
CU-ACT-2189,CU-SRC-0028,EVIDENCE_OF_TRIGGER,Circle
CU-ACT-2190,CU-SRC-0028,EVIDENCE_OF_TRIGGER,Circle
CU-ACT-2191,CU-SRC-0028,EVIDENCE_OF_TRIGGER,Circle
CU-ACT-2192,CU-SRC-0028,EVIDENCE_OF_TRIGGER,Circle
CU-ACT-2193,CU-SRC-0028,EVIDENCE_OF_TRIGGER,Circle
CU-ACT-2194,CU-SRC-0028,EVIDENCE_OF_TRIGGER,Circle
CU-ACT-2195,CU-SRC-0028,EVIDENCE_OF_TRIGGER,Circle
CU-ACT-2196,CU-SRC-0028,EVIDENCE_OF_TRIGGER,Circle
CU-ACT-2197,CU-SRC-0028,EVIDENCE_OF_TRIGGER,Circle
CU-ACT-2198,CU-SRC-0028,EVIDENCE_OF_TRIGGER,Circle
CU-ACT-2199,CU-SRC-0028,EVIDENCE_OF_TRIGGER,Circle
CU-ACT-2200,CU-SRC-0028,EVIDENCE_OF_TRIGGER,Circle
CU-ACT-2201,CU-SRC-0028,EVIDENCE_OF_TRIGGER,Circle
CU-ACT-2202,CU-SRC-0028,EVIDENCE_OF_TRIGGER,Circle
CU-ACT-2203,CU-SRC-0028,EVIDENCE_OF_TRIGGER,Circle
CU-ACT-2204,CU-SRC-0028,EVIDENCE_OF_TRIGGER,Circle
CU-ACT-2205,CU-SRC-0028,EVIDENCE_OF_TRIGGER,Circle
CU-ACT-2206,CU-SRC-0028,EVIDENCE_OF_TRIGGER,Circle
CU-ACT-2207,CU-SRC-0028,EVIDENCE_OF_TRIGGER,Circle
CU-ACT-2208,CU-SRC-0028,EVIDENCE_OF_TRIGGER,Circle
CU-ACT-2209,CU-SRC-0028,EVIDENCE_OF_TRIGGER,Circle
CU-ACT-2210,CU-SRC-0028,EVIDENCE_OF_TRIGGER,Circle
CU-ACT-2211,CU-SRC-0028,EVIDENCE_OF_TRIGGER,Circle
CU-ACT-2212,CU-SRC-0028,EVIDENCE_OF_TRIGGER,Circle
CU-ACT-2213,CU-SRC-0028,EVIDENCE_OF_TRIGGER,Circle
CU-ACT-2214,CU-SRC-0028,EVIDENCE_OF_TRIGGER,Circle
CU-ACT-2215,CU-SRC-0028,EVIDENCE_OF_TRIGGER,Circle
CU-ACT-2216,CU-SRC-0028,EVIDENCE_OF_TRIGGER,Circle
CU-ACT-2381,CU-SRC-0024,EVIDENCE_OF_TRIGGER,Circle
CU-ACT-2546,CU-SRC-0023,EVIDENCE_OF_TRIGGER,Circle
CU-ACT-2547,CU-SRC-0023,EVIDENCE_OF_TRIGGER,Circle
CU-ACT-2548,CU-SRC-0023,EVIDENCE_OF_TRIGGER,Circle
CU-ACT-2549,CU-SRC-0023,EVIDENCE_OF_TRIGGER,Circle
CU-ACT-2550,CU-SRC-0023,EVIDENCE_OF_TRIGGER,Circle
CU-ACT-2551,CU-SRC-0023,EVIDENCE_OF_TRIGGER,Circle
CU-ACT-2552,CU-SRC-0023,EVIDENCE_OF_TRIGGER,Circle
CU-ACT-2553,CU-SRC-0023,EVIDENCE_OF_TRIGGER,Circle
CU-ACT-2554,CU-SRC-0023,EVIDENCE_OF_TRIGGER,Circle
CU-ACT-2555,CU-SRC-0023,EVIDENCE_OF_TRIGGER,Circle
CU-ACT-2556,CU-SRC-0023,EVIDENCE_OF_TRIGGER,Circle
CU-ACT-2557,CU-SRC-0023,EVIDENCE_OF_TRIGGER,Circle
CU-ACT-2558,CU-SRC-0023,EVIDENCE_OF_TRIGGER,Circle
CU-ACT-2559,CU-SRC-0023,EVIDENCE_OF_TRIGGER,Circle
CU-ACT-2560,CU-SRC-0023,EVIDENCE_OF_TRIGGER,Circle
CU-ACT-2561,CU-SRC-0023,EVIDENCE_OF_TRIGGER,Circle
CU-ACT-2562,CU-SRC-0023,EVIDENCE_OF_TRIGGER,Circle
CU-ACT-2563,CU-SRC-0023,EVIDENCE_OF_TRIGGER,Circle
CU-ACT-2564,CU-SRC-0023,EVIDENCE_OF_TRIGGER,Circle
CU-ACT-2565,CU-SRC-0023,EVIDENCE_OF_TRIGGER,Circle
CU-ACT-2566,CU-SRC-0023,EVIDENCE_OF_TRIGGER,Circle
CU-ACT-2567,CU-SRC-0023,EVIDENCE_OF_TRIGGER,Circle
CU-ACT-2568,CU-SRC-0023,EVIDENCE_OF_TRIGGER,Circle
CU-ACT-2569,CU-SRC-0023,EVIDENCE_OF_TRIGGER,Circle
CU-ACT-2570,CU-SRC-0023,EVIDENCE_OF_TRIGGER,Circle
CU-ACT-2571,CU-SRC-0023,EVIDENCE_OF_TRIGGER,Circle
CU-ACT-2572,CU-SRC-0023,EVIDENCE_OF_TRIGGER,Circle
CU-ACT-2573,CU-SRC-0023,EVIDENCE_OF_TRIGGER,Circle
CU-ACT-2574,CU-SRC-0023,EVIDENCE_OF_TRIGGER,Circle
CU-ACT-2575,CU-SRC-0023,EVIDENCE_OF_TRIGGER,Circle
CU-ACT-2576,CU-SRC-0023,EVIDENCE_OF_TRIGGER,Circle
CU-ACT-2577,CU-SRC-0023,EVIDENCE_OF_TRIGGER,Circle
CU-ACT-2578,CU-SRC-0023,EVIDENCE_OF_TRIGGER,Circle
CU-ACT-2579,CU-SRC-0023,EVIDENCE_OF_TRIGGER,Circle
CU-ACT-2580,CU-SRC-0023,EVIDENCE_OF_TRIGGER,Circle
CU-ACT-2581,CU-SRC-0023,EVIDENCE_OF_TRIGGER,Circle
CU-ACT-2582,CU-SRC-0023,EVIDENCE_OF_TRIGGER,Circle
CU-ACT-2586,CU-SRC-0028,EVIDENCE_OF_TRIGGER,Circle
CU-ACT-2587,CU-SRC-0028,EVIDENCE_OF_TRIGGER,Circle
CU-ACT-2588,CU-SRC-0028,EVIDENCE_OF_TRIGGER,Circle
CU-ACT-2589,CU-SRC-0028,EVIDENCE_OF_TRIGGER,Circle
CU-ACT-2590,CU-SRC-0028,EVIDENCE_OF_TRIGGER,Circle
CU-ACT-2591,CU-SRC-0028,EVIDENCE_OF_TRIGGER,Circle
CU-ACT-2592,CU-SRC-0028,EVIDENCE_OF_TRIGGER,Circle
CU-ACT-2593,CU-SRC-0028,EVIDENCE_OF_TRIGGER,Circle
CU-ACT-2594,CU-SRC-0028,EVIDENCE_OF_TRIGGER,Circle
CU-ACT-2595,CU-SRC-0028,EVIDENCE_OF_TRIGGER,Circle
CU-ACT-2596,CU-SRC-0028,EVIDENCE_OF_TRIGGER,Circle
CU-ACT-2597,CU-SRC-0028,EVIDENCE_OF_TRIGGER,Circle
CU-ACT-2598,CU-SRC-0028,EVIDENCE_OF_TRIGGER,Circle
CU-ACT-2599,CU-SRC-0028,EVIDENCE_OF_TRIGGER,Circle
CU-ACT-2600,CU-SRC-0028,EVIDENCE_OF_TRIGGER,Circle
CU-ACT-2601,CU-SRC-0028,EVIDENCE_OF_TRIGGER,Circle
CU-ACT-2602,CU-SRC-0028,EVIDENCE_OF_TRIGGER,Circle
CU-ACT-2603,CU-SRC-0028,EVIDENCE_OF_TRIGGER,Circle
CU-ACT-2604,CU-SRC-0028,EVIDENCE_OF_TRIGGER,Circle
CU-ACT-2605,CU-SRC-0028,EVIDENCE_OF_TRIGGER,Circle
CU-ACT-2606,CU-SRC-0028,EVIDENCE_OF_TRIGGER,Circle
CU-ACT-2607,CU-SRC-0028,EVIDENCE_OF_TRIGGER,Circle
CU-ACT-2608,CU-SRC-0028,EVIDENCE_OF_TRIGGER,Circle
CU-ACT-2609,CU-SRC-0028,EVIDENCE_OF_TRIGGER,Circle
CU-ACT-2610,CU-SRC-0028,EVIDENCE_OF_TRIGGER,Circle
CU-ACT-2611,CU-SRC-0028,EVIDENCE_OF_TRIGGER,Circle
CU-ACT-2612,CU-SRC-0028,EVIDENCE_OF_TRIGGER,Circle
CU-ACT-2613,CU-SRC-0028,EVIDENCE_OF_TRIGGER,Circle
CU-ACT-2614,CU-SRC-0028,EVIDENCE_OF_TRIGGER,Circle
CU-ACT-2615,CU-SRC-0028,EVIDENCE_OF_TRIGGER,Circle
CU-ACT-2616,CU-SRC-0028,EVIDENCE_OF_TRIGGER,Circle
CU-ACT-2617,CU-SRC-0028,EVIDENCE_OF_TRIGGER,Circle
CU-ACT-2618,CU-SRC-0028,EVIDENCE_OF_TRIGGER,Circle
CU-ACT-2619,CU-SRC-0028,EVIDENCE_OF_TRIGGER,Circle
CU-ACT-2620,CU-SRC-0028,EVIDENCE_OF_TRIGGER,Circle
CU-ACT-2621,CU-SRC-0028,EVIDENCE_OF_TRIGGER,Circle
CU-ACT-2622,CU-SRC-0028,EVIDENCE_OF_TRIGGER,Circle
CU-ACT-2623,CU-SRC-0028,EVIDENCE_OF_TRIGGER,Circle
CU-ACT-2624,CU-SRC-0028,EVIDENCE_OF_TRIGGER,Circle
CU-ACT-2625,CU-SRC-0028,EVIDENCE_OF_TRIGGER,Circle
CU-ACT-2626,CU-SRC-0028,EVIDENCE_OF_TRIGGER,Circle
CU-ACT-2627,CU-SRC-0028,EVIDENCE_OF_TRIGGER,Circle
CU-ACT-2628,CU-SRC-0028,EVIDENCE_OF_TRIGGER,Circle
CU-ACT-2629,CU-SRC-0028,EVIDENCE_OF_TRIGGER,Circle
CU-ACT-2630,CU-SRC-0028,EVIDENCE_OF_TRIGGER,Circle
CU-ACT-2631,CU-SRC-0028,EVIDENCE_OF_TRIGGER,Circle
CU-ACT-2632,CU-SRC-0028,EVIDENCE_OF_TRIGGER,Circle
CU-ACT-2633,CU-SRC-0028,EVIDENCE_OF_TRIGGER,Circle
CU-ACT-2634,CU-SRC-0028,EVIDENCE_OF_TRIGGER,Circle
CU-ACT-2635,CU-SRC-0028,EVIDENCE_OF_TRIGGER,Circle
CU-ACT-2636,CU-SRC-0028,EVIDENCE_OF_TRIGGER,Circle
CU-ACT-2637,CU-SRC-0028,EVIDENCE_OF_TRIGGER,Circle
CU-ACT-2638,CU-SRC-0028,EVIDENCE_OF_TRIGGER,Circle
CU-ACT-0458,CU-SRC-0029,EVIDENCE_OF_TRIGGER,Circle
CU-ACT-0459,CU-SRC-0029,EVIDENCE_OF_TRIGGER,Circle
CU-ACT-0460,CU-SRC-0029,EVIDENCE_OF_TRIGGER,Circle
CU-ACT-0461,CU-SRC-0029,EVIDENCE_OF_TRIGGER,Circle
CU-ACT-0462,CU-SRC-0029,EVIDENCE_OF_TRIGGER,Circle
CU-ACT-0463,CU-SRC-0029,EVIDENCE_OF_TRIGGER,Circle
CU-ACT-0465,CU-SRC-0029,EVIDENCE_OF_TRIGGER,Circle
CU-ACT-0466,CU-SRC-0029,EVIDENCE_OF_TRIGGER,Circle
CU-ACT-0467,CU-SRC-0029,EVIDENCE_OF_TRIGGER,Circle
CU-ACT-0470,CU-SRC-0029,EVIDENCE_OF_TRIGGER,Circle
CU-ACT-0474,CU-SRC-0029,EVIDENCE_OF_TRIGGER,Circle
CU-ACT-0475,CU-SRC-0029,EVIDENCE_OF_TRIGGER,Circle
CU-ACT-0476,CU-SRC-0029,EVIDENCE_OF_TRIGGER,Circle
CU-ACT-0477,CU-SRC-0029,EVIDENCE_OF_TRIGGER,Circle
CU-ACT-1087,CU-SRC-0029,EVIDENCE_OF_TRIGGER,Circle
CU-ACT-1088,CU-SRC-0029,EVIDENCE_OF_TRIGGER,Circle
CU-ACT-1089,CU-SRC-0029,EVIDENCE_OF_TRIGGER,Circle
CU-ACT-1090,CU-SRC-0029,EVIDENCE_OF_TRIGGER,Circle
CU-ACT-1091,CU-SRC-0029,EVIDENCE_OF_TRIGGER,Circle
CU-ACT-1092,CU-SRC-0029,EVIDENCE_OF_TRIGGER,Circle
CU-ACT-1093,CU-SRC-0029,EVIDENCE_OF_TRIGGER,Circle
CU-ACT-1095,CU-SRC-0029,EVIDENCE_OF_TRIGGER,Circle
CU-ACT-1102,CU-SRC-0029,EVIDENCE_OF_TRIGGER,Circle
CU-ACT-1103,CU-SRC-0029,EVIDENCE_OF_TRIGGER,Circle
CU-ACT-1104,CU-SRC-0029,EVIDENCE_OF_TRIGGER,Circle
CU-ACT-1540,CU-SRC-0029,EVIDENCE_OF_TRIGGER,Circle
CU-ACT-1541,CU-SRC-0029,EVIDENCE_OF_TRIGGER,Circle
CU-ACT-1542,CU-SRC-0029,EVIDENCE_OF_TRIGGER,Circle
CU-ACT-1543,CU-SRC-0029,EVIDENCE_OF_TRIGGER,Circle
CU-ACT-1544,CU-SRC-0029,EVIDENCE_OF_TRIGGER,Circle
CU-ACT-1545,CU-SRC-0029,EVIDENCE_OF_TRIGGER,Circle
CU-ACT-1546,CU-SRC-0029,EVIDENCE_OF_TRIGGER,Circle
CU-ACT-1548,CU-SRC-0029,EVIDENCE_OF_TRIGGER,Circle
CU-ACT-1555,CU-SRC-0029,EVIDENCE_OF_TRIGGER,Circle
CU-ACT-1556,CU-SRC-0029,EVIDENCE_OF_TRIGGER,Circle
CU-ACT-1557,CU-SRC-0029,EVIDENCE_OF_TRIGGER,Circle
CU-ACT-1970,CU-SRC-0029,EVIDENCE_OF_TRIGGER,Circle
CU-ACT-1971,CU-SRC-0029,EVIDENCE_OF_TRIGGER,Circle
CU-ACT-1972,CU-SRC-0029,EVIDENCE_OF_TRIGGER,Circle
CU-ACT-1973,CU-SRC-0029,EVIDENCE_OF_TRIGGER,Circle
CU-ACT-1974,CU-SRC-0029,EVIDENCE_OF_TRIGGER,Circle
CU-ACT-1975,CU-SRC-0029,EVIDENCE_OF_TRIGGER,Circle
CU-ACT-1976,CU-SRC-0029,EVIDENCE_OF_TRIGGER,Circle
CU-ACT-1978,CU-SRC-0029,EVIDENCE_OF_TRIGGER,Circle
CU-ACT-1985,CU-SRC-0029,EVIDENCE_OF_TRIGGER,Circle
CU-ACT-1986,CU-SRC-0029,EVIDENCE_OF_TRIGGER,Circle
CU-ACT-1987,CU-SRC-0029,EVIDENCE_OF_TRIGGER,Circle
CU-ACT-2384,CU-SRC-0029,EVIDENCE_OF_TRIGGER,Circle
CU-ACT-2385,CU-SRC-0029,EVIDENCE_OF_TRIGGER,Circle
CU-ACT-2386,CU-SRC-0029,EVIDENCE_OF_TRIGGER,Circle
CU-ACT-2387,CU-SRC-0029,EVIDENCE_OF_TRIGGER,Circle
CU-ACT-2388,CU-SRC-0029,EVIDENCE_OF_TRIGGER,Circle
CU-ACT-2389,CU-SRC-0029,EVIDENCE_OF_TRIGGER,Circle
CU-ACT-2390,CU-SRC-0029,EVIDENCE_OF_TRIGGER,Circle
CU-ACT-2392,CU-SRC-0029,EVIDENCE_OF_TRIGGER,Circle
CU-ACT-2399,CU-SRC-0029,EVIDENCE_OF_TRIGGER,Circle
CU-ACT-2400,CU-SRC-0029,EVIDENCE_OF_TRIGGER,Circle
CU-ACT-2401,CU-SRC-0029,EVIDENCE_OF_TRIGGER,Circle
CU-ACT-2801,CU-SRC-0029,EVIDENCE_OF_TRIGGER,Circle
CU-ACT-2802,CU-SRC-0029,EVIDENCE_OF_TRIGGER,Circle
CU-ACT-2803,CU-SRC-0029,EVIDENCE_OF_TRIGGER,Circle
CU-ACT-2804,CU-SRC-0029,EVIDENCE_OF_TRIGGER,Circle
CU-ACT-2805,CU-SRC-0029,EVIDENCE_OF_TRIGGER,Circle
CU-ACT-2806,CU-SRC-0029,EVIDENCE_OF_TRIGGER,Circle
CU-ACT-2807,CU-SRC-0029,EVIDENCE_OF_TRIGGER,Circle
CU-ACT-2809,CU-SRC-0029,EVIDENCE_OF_TRIGGER,Circle
CU-ACT-2816,CU-SRC-0029,EVIDENCE_OF_TRIGGER,Circle
CU-ACT-2817,CU-SRC-0029,EVIDENCE_OF_TRIGGER,Circle
CU-ACT-2818,CU-SRC-0029,EVIDENCE_OF_TRIGGER,Circle
CU-ACT-0380,CU-SRC-0030,EVIDENCE_OF_TRIGGER,Circle
CU-ACT-0381,CU-SRC-0030,EVIDENCE_OF_TRIGGER,Circle
CU-ACT-0382,CU-SRC-0030,EVIDENCE_OF_TRIGGER,Circle
CU-ACT-0383,CU-SRC-0030,EVIDENCE_OF_TRIGGER,Circle
CU-ACT-0384,CU-SRC-0030,EVIDENCE_OF_TRIGGER,Circle
CU-ACT-0385,CU-SRC-0030,EVIDENCE_OF_TRIGGER,Circle
CU-ACT-0386,CU-SRC-0030,EVIDENCE_OF_TRIGGER,Circle
CU-ACT-0387,CU-SRC-0030,EVIDENCE_OF_TRIGGER,Circle
CU-ACT-1070,CU-SRC-0030,EVIDENCE_OF_TRIGGER,Circle
CU-ACT-1071,CU-SRC-0030,EVIDENCE_OF_TRIGGER,Circle
CU-ACT-1072,CU-SRC-0030,EVIDENCE_OF_TRIGGER,Circle
CU-ACT-1073,CU-SRC-0030,EVIDENCE_OF_TRIGGER,Circle
CU-ACT-1074,CU-SRC-0030,EVIDENCE_OF_TRIGGER,Circle
CU-ACT-1075,CU-SRC-0030,EVIDENCE_OF_TRIGGER,Circle
CU-ACT-1076,CU-SRC-0030,EVIDENCE_OF_TRIGGER,Circle
CU-ACT-1077,CU-SRC-0030,EVIDENCE_OF_TRIGGER,Circle
CU-ACT-1527,CU-SRC-0030,EVIDENCE_OF_TRIGGER,Circle
CU-ACT-1528,CU-SRC-0030,EVIDENCE_OF_TRIGGER,Circle
CU-ACT-1529,CU-SRC-0030,EVIDENCE_OF_TRIGGER,Circle
CU-ACT-1530,CU-SRC-0030,EVIDENCE_OF_TRIGGER,Circle
CU-ACT-1531,CU-SRC-0030,EVIDENCE_OF_TRIGGER,Circle
CU-ACT-1532,CU-SRC-0030,EVIDENCE_OF_TRIGGER,Circle
CU-ACT-1533,CU-SRC-0030,EVIDENCE_OF_TRIGGER,Circle
CU-ACT-1534,CU-SRC-0030,EVIDENCE_OF_TRIGGER,Circle
CU-ACT-1959,CU-SRC-0030,EVIDENCE_OF_TRIGGER,Circle
CU-ACT-1960,CU-SRC-0030,EVIDENCE_OF_TRIGGER,Circle
CU-ACT-1961,CU-SRC-0030,EVIDENCE_OF_TRIGGER,Circle
CU-ACT-1962,CU-SRC-0030,EVIDENCE_OF_TRIGGER,Circle
CU-ACT-1963,CU-SRC-0030,EVIDENCE_OF_TRIGGER,Circle
CU-ACT-1964,CU-SRC-0030,EVIDENCE_OF_TRIGGER,Circle
CU-ACT-1965,CU-SRC-0030,EVIDENCE_OF_TRIGGER,Circle
CU-ACT-1966,CU-SRC-0030,EVIDENCE_OF_TRIGGER,Circle
CU-ACT-2371,CU-SRC-0030,EVIDENCE_OF_TRIGGER,Circle
CU-ACT-2372,CU-SRC-0030,EVIDENCE_OF_TRIGGER,Circle
CU-ACT-2373,CU-SRC-0030,EVIDENCE_OF_TRIGGER,Circle
CU-ACT-2374,CU-SRC-0030,EVIDENCE_OF_TRIGGER,Circle
CU-ACT-2375,CU-SRC-0030,EVIDENCE_OF_TRIGGER,Circle
CU-ACT-2376,CU-SRC-0030,EVIDENCE_OF_TRIGGER,Circle
CU-ACT-2377,CU-SRC-0030,EVIDENCE_OF_TRIGGER,Circle
CU-ACT-2378,CU-SRC-0030,EVIDENCE_OF_TRIGGER,Circle
CU-ACT-2790,CU-SRC-0030,EVIDENCE_OF_TRIGGER,Circle
CU-ACT-2791,CU-SRC-0030,EVIDENCE_OF_TRIGGER,Circle
CU-ACT-2792,CU-SRC-0030,EVIDENCE_OF_TRIGGER,Circle
CU-ACT-2793,CU-SRC-0030,EVIDENCE_OF_TRIGGER,Circle
CU-ACT-2794,CU-SRC-0030,EVIDENCE_OF_TRIGGER,Circle
CU-ACT-2795,CU-SRC-0030,EVIDENCE_OF_TRIGGER,Circle
CU-ACT-2796,CU-SRC-0030,EVIDENCE_OF_TRIGGER,Circle
CU-ACT-2797,CU-SRC-0030,EVIDENCE_OF_TRIGGER,Circle
CU-ACT-0618,CU-SRC-0031,EVIDENCE_OF_TRIGGER,Circle
CU-ACT-0619,CU-SRC-0031,EVIDENCE_OF_TRIGGER,Circle
CU-ACT-0620,CU-SRC-0031,EVIDENCE_OF_TRIGGER,Circle
CU-ACT-0621,CU-SRC-0031,EVIDENCE_OF_TRIGGER,Circle
CU-ACT-0622,CU-SRC-0031,EVIDENCE_OF_TRIGGER,Circle
CU-ACT-0623,CU-SRC-0031,EVIDENCE_OF_TRIGGER,Circle
CU-ACT-0624,CU-SRC-0031,EVIDENCE_OF_TRIGGER,Circle
CU-ACT-0625,CU-SRC-0031,EVIDENCE_OF_TRIGGER,Circle
CU-ACT-0626,CU-SRC-0031,EVIDENCE_OF_TRIGGER,Circle
CU-ACT-0627,CU-SRC-0031,EVIDENCE_OF_TRIGGER,Circle
CU-ACT-1187,CU-SRC-0031,EVIDENCE_OF_TRIGGER,Circle
CU-ACT-1188,CU-SRC-0031,EVIDENCE_OF_TRIGGER,Circle
CU-ACT-1189,CU-SRC-0031,EVIDENCE_OF_TRIGGER,Circle
CU-ACT-1190,CU-SRC-0031,EVIDENCE_OF_TRIGGER,Circle
CU-ACT-1191,CU-SRC-0031,EVIDENCE_OF_TRIGGER,Circle
CU-ACT-1192,CU-SRC-0031,EVIDENCE_OF_TRIGGER,Circle
CU-ACT-1193,CU-SRC-0031,EVIDENCE_OF_TRIGGER,Circle
CU-ACT-1639,CU-SRC-0031,EVIDENCE_OF_TRIGGER,Circle
CU-ACT-1640,CU-SRC-0031,EVIDENCE_OF_TRIGGER,Circle
CU-ACT-1641,CU-SRC-0031,EVIDENCE_OF_TRIGGER,Circle
CU-ACT-1642,CU-SRC-0031,EVIDENCE_OF_TRIGGER,Circle
CU-ACT-1643,CU-SRC-0031,EVIDENCE_OF_TRIGGER,Circle
CU-ACT-1644,CU-SRC-0031,EVIDENCE_OF_TRIGGER,Circle
CU-ACT-1645,CU-SRC-0031,EVIDENCE_OF_TRIGGER,Circle
CU-ACT-2064,CU-SRC-0031,EVIDENCE_OF_TRIGGER,Circle
CU-ACT-2065,CU-SRC-0031,EVIDENCE_OF_TRIGGER,Circle
CU-ACT-2066,CU-SRC-0031,EVIDENCE_OF_TRIGGER,Circle
CU-ACT-2067,CU-SRC-0031,EVIDENCE_OF_TRIGGER,Circle
CU-ACT-2068,CU-SRC-0031,EVIDENCE_OF_TRIGGER,Circle
CU-ACT-2069,CU-SRC-0031,EVIDENCE_OF_TRIGGER,Circle
CU-ACT-2070,CU-SRC-0031,EVIDENCE_OF_TRIGGER,Circle
CU-ACT-2484,CU-SRC-0031,EVIDENCE_OF_TRIGGER,Circle
CU-ACT-2485,CU-SRC-0031,EVIDENCE_OF_TRIGGER,Circle
CU-ACT-2486,CU-SRC-0031,EVIDENCE_OF_TRIGGER,Circle
CU-ACT-2487,CU-SRC-0031,EVIDENCE_OF_TRIGGER,Circle
CU-ACT-2488,CU-SRC-0031,EVIDENCE_OF_TRIGGER,Circle
CU-ACT-2489,CU-SRC-0031,EVIDENCE_OF_TRIGGER,Circle
CU-ACT-2490,CU-SRC-0031,EVIDENCE_OF_TRIGGER,Circle
CU-ACT-2895,CU-SRC-0031,EVIDENCE_OF_TRIGGER,Circle
CU-ACT-2896,CU-SRC-0031,EVIDENCE_OF_TRIGGER,Circle
CU-ACT-2897,CU-SRC-0031,EVIDENCE_OF_TRIGGER,Circle
CU-ACT-2898,CU-SRC-0031,EVIDENCE_OF_TRIGGER,Circle
CU-ACT-2899,CU-SRC-0031,EVIDENCE_OF_TRIGGER,Circle
CU-ACT-2900,CU-SRC-0031,EVIDENCE_OF_TRIGGER,Circle
CU-ACT-2901,CU-SRC-0031,EVIDENCE_OF_TRIGGER,Circle
CU-ACT-0599,CU-SRC-0032,EVIDENCE_OF_TRIGGER,Circle
CU-ACT-0600,CU-SRC-0032,EVIDENCE_OF_TRIGGER,Circle
CU-ACT-0602,CU-SRC-0032,EVIDENCE_OF_TRIGGER,Circle
CU-ACT-0603,CU-SRC-0032,EVIDENCE_OF_TRIGGER,Circle
CU-ACT-0604,CU-SRC-0032,EVIDENCE_OF_TRIGGER,Circle
CU-ACT-1180,CU-SRC-0032,EVIDENCE_OF_TRIGGER,Circle
CU-ACT-1181,CU-SRC-0032,EVIDENCE_OF_TRIGGER,Circle
CU-ACT-1182,CU-SRC-0032,EVIDENCE_OF_TRIGGER,Circle
CU-ACT-1183,CU-SRC-0032,EVIDENCE_OF_TRIGGER,Circle
CU-ACT-1184,CU-SRC-0032,EVIDENCE_OF_TRIGGER,Circle
CU-ACT-1630,CU-SRC-0032,EVIDENCE_OF_TRIGGER,Circle
CU-ACT-1632,CU-SRC-0032,EVIDENCE_OF_TRIGGER,Circle
CU-ACT-1633,CU-SRC-0032,EVIDENCE_OF_TRIGGER,Circle
CU-ACT-1634,CU-SRC-0032,EVIDENCE_OF_TRIGGER,Circle
CU-ACT-1635,CU-SRC-0032,EVIDENCE_OF_TRIGGER,Circle
CU-ACT-1636,CU-SRC-0032,EVIDENCE_OF_TRIGGER,Circle
CU-ACT-1637,CU-SRC-0032,EVIDENCE_OF_TRIGGER,Circle
CU-ACT-2057,CU-SRC-0032,EVIDENCE_OF_TRIGGER,Circle
CU-ACT-2058,CU-SRC-0032,EVIDENCE_OF_TRIGGER,Circle
CU-ACT-2060,CU-SRC-0032,EVIDENCE_OF_TRIGGER,Circle
CU-ACT-2061,CU-SRC-0032,EVIDENCE_OF_TRIGGER,Circle
CU-ACT-2062,CU-SRC-0032,EVIDENCE_OF_TRIGGER,Circle
CU-ACT-2478,CU-SRC-0032,EVIDENCE_OF_TRIGGER,Circle
CU-ACT-2479,CU-SRC-0032,EVIDENCE_OF_TRIGGER,Circle
CU-ACT-2480,CU-SRC-0032,EVIDENCE_OF_TRIGGER,Circle
CU-ACT-2481,CU-SRC-0032,EVIDENCE_OF_TRIGGER,Circle
CU-ACT-2482,CU-SRC-0032,EVIDENCE_OF_TRIGGER,Circle
CU-ACT-2888,CU-SRC-0032,EVIDENCE_OF_TRIGGER,Circle
CU-ACT-2890,CU-SRC-0032,EVIDENCE_OF_TRIGGER,Circle
CU-ACT-2891,CU-SRC-0032,EVIDENCE_OF_TRIGGER,Circle
CU-ACT-2892,CU-SRC-0032,EVIDENCE_OF_TRIGGER,Circle
CU-ACT-2893,CU-SRC-0032,EVIDENCE_OF_TRIGGER,Circle
CU-ACT-0271,CU-SRC-0033,EVIDENCE_OF_TRIGGER,Circle
CU-ACT-0272,CU-SRC-0033,EVIDENCE_OF_TRIGGER,Circle
CU-ACT-0273,CU-SRC-0033,EVIDENCE_OF_TRIGGER,Circle
CU-ACT-0274,CU-SRC-0033,EVIDENCE_OF_TRIGGER,Circle
CU-ACT-0275,CU-SRC-0033,EVIDENCE_OF_TRIGGER,Circle
CU-ACT-0966,CU-SRC-0033,EVIDENCE_OF_TRIGGER,Circle
CU-ACT-0967,CU-SRC-0033,EVIDENCE_OF_TRIGGER,Circle
CU-ACT-0968,CU-SRC-0033,EVIDENCE_OF_TRIGGER,Circle
CU-ACT-0969,CU-SRC-0033,EVIDENCE_OF_TRIGGER,Circle
CU-ACT-0970,CU-SRC-0033,EVIDENCE_OF_TRIGGER,Circle
CU-ACT-1429,CU-SRC-0033,EVIDENCE_OF_TRIGGER,Circle
CU-ACT-1430,CU-SRC-0033,EVIDENCE_OF_TRIGGER,Circle
CU-ACT-1431,CU-SRC-0033,EVIDENCE_OF_TRIGGER,Circle
CU-ACT-1432,CU-SRC-0033,EVIDENCE_OF_TRIGGER,Circle
CU-ACT-1433,CU-SRC-0033,EVIDENCE_OF_TRIGGER,Circle
CU-ACT-1861,CU-SRC-0033,EVIDENCE_OF_TRIGGER,Circle
CU-ACT-1862,CU-SRC-0033,EVIDENCE_OF_TRIGGER,Circle
CU-ACT-1863,CU-SRC-0033,EVIDENCE_OF_TRIGGER,Circle
CU-ACT-1864,CU-SRC-0033,EVIDENCE_OF_TRIGGER,Circle
CU-ACT-1865,CU-SRC-0033,EVIDENCE_OF_TRIGGER,Circle
CU-ACT-2273,CU-SRC-0033,EVIDENCE_OF_TRIGGER,Circle
CU-ACT-2274,CU-SRC-0033,EVIDENCE_OF_TRIGGER,Circle
CU-ACT-2275,CU-SRC-0033,EVIDENCE_OF_TRIGGER,Circle
CU-ACT-2276,CU-SRC-0033,EVIDENCE_OF_TRIGGER,Circle
CU-ACT-2277,CU-SRC-0033,EVIDENCE_OF_TRIGGER,Circle
CU-ACT-2692,CU-SRC-0033,EVIDENCE_OF_TRIGGER,Circle
CU-ACT-2693,CU-SRC-0033,EVIDENCE_OF_TRIGGER,Circle
CU-ACT-2694,CU-SRC-0033,EVIDENCE_OF_TRIGGER,Circle
CU-ACT-2695,CU-SRC-0033,EVIDENCE_OF_TRIGGER,Circle
CU-ACT-2696,CU-SRC-0033,EVIDENCE_OF_TRIGGER,Circle
CU-ACT-0497,CU-SRC-0034,EVIDENCE_OF_TRIGGER,Circle
CU-ACT-0498,CU-SRC-0034,EVIDENCE_OF_TRIGGER,Circle
CU-ACT-0499,CU-SRC-0034,EVIDENCE_OF_TRIGGER,Circle
CU-ACT-0500,CU-SRC-0034,EVIDENCE_OF_TRIGGER,Circle
CU-ACT-0501,CU-SRC-0034,EVIDENCE_OF_TRIGGER,Circle
CU-ACT-0502,CU-SRC-0034,EVIDENCE_OF_TRIGGER,Circle
CU-ACT-0503,CU-SRC-0034,EVIDENCE_OF_TRIGGER,Circle
CU-ACT-0504,CU-SRC-0034,EVIDENCE_OF_TRIGGER,Circle
CU-ACT-1120,CU-SRC-0034,EVIDENCE_OF_TRIGGER,Circle
CU-ACT-1121,CU-SRC-0034,EVIDENCE_OF_TRIGGER,Circle
CU-ACT-1122,CU-SRC-0034,EVIDENCE_OF_TRIGGER,Circle
CU-ACT-1123,CU-SRC-0034,EVIDENCE_OF_TRIGGER,Circle
CU-ACT-1568,CU-SRC-0034,EVIDENCE_OF_TRIGGER,Circle
CU-ACT-1569,CU-SRC-0034,EVIDENCE_OF_TRIGGER,Circle
CU-ACT-1570,CU-SRC-0034,EVIDENCE_OF_TRIGGER,Circle
CU-ACT-1571,CU-SRC-0034,EVIDENCE_OF_TRIGGER,Circle
CU-ACT-1572,CU-SRC-0034,EVIDENCE_OF_TRIGGER,Circle
CU-ACT-1573,CU-SRC-0034,EVIDENCE_OF_TRIGGER,Circle
CU-ACT-1574,CU-SRC-0034,EVIDENCE_OF_TRIGGER,Circle
CU-ACT-1998,CU-SRC-0034,EVIDENCE_OF_TRIGGER,Circle
CU-ACT-1999,CU-SRC-0034,EVIDENCE_OF_TRIGGER,Circle
CU-ACT-2000,CU-SRC-0034,EVIDENCE_OF_TRIGGER,Circle
CU-ACT-2001,CU-SRC-0034,EVIDENCE_OF_TRIGGER,Circle
CU-ACT-2418,CU-SRC-0034,EVIDENCE_OF_TRIGGER,Circle
CU-ACT-2419,CU-SRC-0034,EVIDENCE_OF_TRIGGER,Circle
CU-ACT-2420,CU-SRC-0034,EVIDENCE_OF_TRIGGER,Circle
CU-ACT-2421,CU-SRC-0034,EVIDENCE_OF_TRIGGER,Circle
CU-ACT-2829,CU-SRC-0034,EVIDENCE_OF_TRIGGER,Circle
CU-ACT-2830,CU-SRC-0034,EVIDENCE_OF_TRIGGER,Circle
CU-ACT-2831,CU-SRC-0034,EVIDENCE_OF_TRIGGER,Circle
CU-ACT-2832,CU-SRC-0034,EVIDENCE_OF_TRIGGER,Circle
CU-ACT-0482,CU-SRC-0035,EVIDENCE_OF_TRIGGER,Circle
CU-ACT-0483,CU-SRC-0035,EVIDENCE_OF_TRIGGER,Circle
CU-ACT-0484,CU-SRC-0035,EVIDENCE_OF_TRIGGER,Circle
CU-ACT-0486,CU-SRC-0035,EVIDENCE_OF_TRIGGER,Circle
CU-ACT-1111,CU-SRC-0035,EVIDENCE_OF_TRIGGER,Circle
CU-ACT-1112,CU-SRC-0035,EVIDENCE_OF_TRIGGER,Circle
CU-ACT-1113,CU-SRC-0035,EVIDENCE_OF_TRIGGER,Circle
CU-ACT-1115,CU-SRC-0035,EVIDENCE_OF_TRIGGER,Circle
CU-ACT-1562,CU-SRC-0035,EVIDENCE_OF_TRIGGER,Circle
CU-ACT-1563,CU-SRC-0035,EVIDENCE_OF_TRIGGER,Circle
CU-ACT-1564,CU-SRC-0035,EVIDENCE_OF_TRIGGER,Circle
CU-ACT-1565,CU-SRC-0035,EVIDENCE_OF_TRIGGER,Circle
CU-ACT-1991,CU-SRC-0035,EVIDENCE_OF_TRIGGER,Circle
CU-ACT-1993,CU-SRC-0035,EVIDENCE_OF_TRIGGER,Circle
CU-ACT-1995,CU-SRC-0035,EVIDENCE_OF_TRIGGER,Circle
CU-ACT-1996,CU-SRC-0035,EVIDENCE_OF_TRIGGER,Circle
CU-ACT-2407,CU-SRC-0035,EVIDENCE_OF_TRIGGER,Circle
CU-ACT-2409,CU-SRC-0035,EVIDENCE_OF_TRIGGER,Circle
CU-ACT-2410,CU-SRC-0035,EVIDENCE_OF_TRIGGER,Circle
CU-ACT-2411,CU-SRC-0035,EVIDENCE_OF_TRIGGER,Circle
CU-ACT-2822,CU-SRC-0035,EVIDENCE_OF_TRIGGER,Circle
CU-ACT-2824,CU-SRC-0035,EVIDENCE_OF_TRIGGER,Circle
CU-ACT-2826,CU-SRC-0035,EVIDENCE_OF_TRIGGER,Circle
CU-ACT-2827,CU-SRC-0035,EVIDENCE_OF_TRIGGER,Circle
CU-ACT-0223,CU-SRC-0036,EVIDENCE_OF_TRIGGER,Circle
CU-ACT-0225,CU-SRC-0036,EVIDENCE_OF_TRIGGER,Circle
CU-ACT-0227,CU-SRC-0036,EVIDENCE_OF_TRIGGER,Circle
CU-ACT-0228,CU-SRC-0036,EVIDENCE_OF_TRIGGER,Circle
CU-ACT-0947,CU-SRC-0036,EVIDENCE_OF_TRIGGER,Circle
CU-ACT-0949,CU-SRC-0036,EVIDENCE_OF_TRIGGER,Circle
CU-ACT-0951,CU-SRC-0036,EVIDENCE_OF_TRIGGER,Circle
CU-ACT-0952,CU-SRC-0036,EVIDENCE_OF_TRIGGER,Circle
CU-ACT-1411,CU-SRC-0036,EVIDENCE_OF_TRIGGER,Circle
CU-ACT-1413,CU-SRC-0036,EVIDENCE_OF_TRIGGER,Circle
CU-ACT-1415,CU-SRC-0036,EVIDENCE_OF_TRIGGER,Circle
CU-ACT-1416,CU-SRC-0036,EVIDENCE_OF_TRIGGER,Circle
CU-ACT-1841,CU-SRC-0036,EVIDENCE_OF_TRIGGER,Circle
CU-ACT-1843,CU-SRC-0036,EVIDENCE_OF_TRIGGER,Circle
CU-ACT-1845,CU-SRC-0036,EVIDENCE_OF_TRIGGER,Circle
CU-ACT-1846,CU-SRC-0036,EVIDENCE_OF_TRIGGER,Circle
CU-ACT-2253,CU-SRC-0036,EVIDENCE_OF_TRIGGER,Circle
CU-ACT-2255,CU-SRC-0036,EVIDENCE_OF_TRIGGER,Circle
CU-ACT-2257,CU-SRC-0036,EVIDENCE_OF_TRIGGER,Circle
CU-ACT-2258,CU-SRC-0036,EVIDENCE_OF_TRIGGER,Circle
CU-ACT-2675,CU-SRC-0036,EVIDENCE_OF_TRIGGER,Circle
CU-ACT-2677,CU-SRC-0036,EVIDENCE_OF_TRIGGER,Circle
CU-ACT-2679,CU-SRC-0036,EVIDENCE_OF_TRIGGER,Circle
CU-ACT-2680,CU-SRC-0036,EVIDENCE_OF_TRIGGER,Circle
CU-ACT-0280,CU-SRC-0037,EVIDENCE_OF_TRIGGER,Circle
CU-ACT-0281,CU-SRC-0037,EVIDENCE_OF_TRIGGER,Circle
CU-ACT-0282,CU-SRC-0037,EVIDENCE_OF_TRIGGER,Circle
CU-ACT-0972,CU-SRC-0037,EVIDENCE_OF_TRIGGER,Circle
CU-ACT-0973,CU-SRC-0037,EVIDENCE_OF_TRIGGER,Circle
CU-ACT-0974,CU-SRC-0037,EVIDENCE_OF_TRIGGER,Circle
CU-ACT-1434,CU-SRC-0037,EVIDENCE_OF_TRIGGER,Circle
CU-ACT-1435,CU-SRC-0037,EVIDENCE_OF_TRIGGER,Circle
CU-ACT-1436,CU-SRC-0037,EVIDENCE_OF_TRIGGER,Circle
CU-ACT-1866,CU-SRC-0037,EVIDENCE_OF_TRIGGER,Circle
CU-ACT-1867,CU-SRC-0037,EVIDENCE_OF_TRIGGER,Circle
CU-ACT-1868,CU-SRC-0037,EVIDENCE_OF_TRIGGER,Circle
CU-ACT-2278,CU-SRC-0037,EVIDENCE_OF_TRIGGER,Circle
CU-ACT-2279,CU-SRC-0037,EVIDENCE_OF_TRIGGER,Circle
CU-ACT-2280,CU-SRC-0037,EVIDENCE_OF_TRIGGER,Circle
CU-ACT-2697,CU-SRC-0037,EVIDENCE_OF_TRIGGER,Circle
CU-ACT-2698,CU-SRC-0037,EVIDENCE_OF_TRIGGER,Circle
CU-ACT-2699,CU-SRC-0037,EVIDENCE_OF_TRIGGER,Circle
CU-ACT-0287,CU-SRC-0038,EVIDENCE_OF_TRIGGER,Circle
CU-ACT-0288,CU-SRC-0038,EVIDENCE_OF_TRIGGER,Circle
CU-ACT-0289,CU-SRC-0038,EVIDENCE_OF_TRIGGER,Circle
CU-ACT-0290,CU-SRC-0038,EVIDENCE_OF_TRIGGER,Circle
CU-ACT-0291,CU-SRC-0038,EVIDENCE_OF_TRIGGER,Circle
CU-ACT-0292,CU-SRC-0038,EVIDENCE_OF_TRIGGER,Circle
CU-ACT-0293,CU-SRC-0038,EVIDENCE_OF_TRIGGER,Circle
CU-ACT-0294,CU-SRC-0038,EVIDENCE_OF_TRIGGER,Circle
CU-ACT-0295,CU-SRC-0038,EVIDENCE_OF_TRIGGER,Circle
CU-ACT-0296,CU-SRC-0038,EVIDENCE_OF_TRIGGER,Circle
CU-ACT-0297,CU-SRC-0038,EVIDENCE_OF_TRIGGER,Circle
CU-ACT-0298,CU-SRC-0038,EVIDENCE_OF_TRIGGER,Circle
CU-ACT-0299,CU-SRC-0038,EVIDENCE_OF_TRIGGER,Circle
CU-ACT-0300,CU-SRC-0038,EVIDENCE_OF_TRIGGER,Circle
CU-ACT-0301,CU-SRC-0038,EVIDENCE_OF_TRIGGER,Circle
CU-ACT-0302,CU-SRC-0038,EVIDENCE_OF_TRIGGER,Circle
CU-ACT-0303,CU-SRC-0038,EVIDENCE_OF_TRIGGER,Circle
CU-ACT-0304,CU-SRC-0038,EVIDENCE_OF_TRIGGER,Circle
CU-ACT-0305,CU-SRC-0038,EVIDENCE_OF_TRIGGER,Circle
CU-ACT-0306,CU-SRC-0038,EVIDENCE_OF_TRIGGER,Circle
CU-ACT-0307,CU-SRC-0038,EVIDENCE_OF_TRIGGER,Circle
CU-ACT-0308,CU-SRC-0038,EVIDENCE_OF_TRIGGER,Circle
CU-ACT-0309,CU-SRC-0038,EVIDENCE_OF_TRIGGER,Circle
CU-ACT-0310,CU-SRC-0038,EVIDENCE_OF_TRIGGER,Circle
CU-ACT-0311,CU-SRC-0038,EVIDENCE_OF_TRIGGER,Circle
CU-ACT-0312,CU-SRC-0038,EVIDENCE_OF_TRIGGER,Circle
CU-ACT-0313,CU-SRC-0038,EVIDENCE_OF_TRIGGER,Circle
CU-ACT-0314,CU-SRC-0038,EVIDENCE_OF_TRIGGER,Circle
CU-ACT-0315,CU-SRC-0038,EVIDENCE_OF_TRIGGER,Circle
CU-ACT-0316,CU-SRC-0038,EVIDENCE_OF_TRIGGER,Circle
CU-ACT-0317,CU-SRC-0038,EVIDENCE_OF_TRIGGER,Circle
CU-ACT-0318,CU-SRC-0038,EVIDENCE_OF_TRIGGER,Circle
CU-ACT-0319,CU-SRC-0038,EVIDENCE_OF_TRIGGER,Circle
CU-ACT-0320,CU-SRC-0038,EVIDENCE_OF_TRIGGER,Circle
CU-ACT-0321,CU-SRC-0038,EVIDENCE_OF_TRIGGER,Circle
CU-ACT-0322,CU-SRC-0038,EVIDENCE_OF_TRIGGER,Circle
CU-ACT-0323,CU-SRC-0038,EVIDENCE_OF_TRIGGER,Circle
CU-ACT-0980,CU-SRC-0038,EVIDENCE_OF_TRIGGER,Circle
CU-ACT-0981,CU-SRC-0038,EVIDENCE_OF_TRIGGER,Circle
CU-ACT-0982,CU-SRC-0038,EVIDENCE_OF_TRIGGER,Circle
CU-ACT-0983,CU-SRC-0038,EVIDENCE_OF_TRIGGER,Circle
CU-ACT-0984,CU-SRC-0038,EVIDENCE_OF_TRIGGER,Circle
CU-ACT-0985,CU-SRC-0038,EVIDENCE_OF_TRIGGER,Circle
CU-ACT-0986,CU-SRC-0038,EVIDENCE_OF_TRIGGER,Circle
CU-ACT-0987,CU-SRC-0038,EVIDENCE_OF_TRIGGER,Circle
CU-ACT-0988,CU-SRC-0038,EVIDENCE_OF_TRIGGER,Circle
CU-ACT-0989,CU-SRC-0038,EVIDENCE_OF_TRIGGER,Circle
CU-ACT-0990,CU-SRC-0038,EVIDENCE_OF_TRIGGER,Circle
CU-ACT-0991,CU-SRC-0038,EVIDENCE_OF_TRIGGER,Circle
CU-ACT-0992,CU-SRC-0038,EVIDENCE_OF_TRIGGER,Circle
CU-ACT-0993,CU-SRC-0038,EVIDENCE_OF_TRIGGER,Circle
CU-ACT-0994,CU-SRC-0038,EVIDENCE_OF_TRIGGER,Circle
CU-ACT-0995,CU-SRC-0038,EVIDENCE_OF_TRIGGER,Circle
CU-ACT-0996,CU-SRC-0038,EVIDENCE_OF_TRIGGER,Circle
CU-ACT-0997,CU-SRC-0038,EVIDENCE_OF_TRIGGER,Circle
CU-ACT-0998,CU-SRC-0038,EVIDENCE_OF_TRIGGER,Circle
CU-ACT-0999,CU-SRC-0038,EVIDENCE_OF_TRIGGER,Circle
CU-ACT-1000,CU-SRC-0038,EVIDENCE_OF_TRIGGER,Circle
CU-ACT-1001,CU-SRC-0038,EVIDENCE_OF_TRIGGER,Circle
CU-ACT-1002,CU-SRC-0038,EVIDENCE_OF_TRIGGER,Circle
CU-ACT-1003,CU-SRC-0038,EVIDENCE_OF_TRIGGER,Circle
CU-ACT-1004,CU-SRC-0038,EVIDENCE_OF_TRIGGER,Circle
CU-ACT-1005,CU-SRC-0038,EVIDENCE_OF_TRIGGER,Circle
CU-ACT-1006,CU-SRC-0038,EVIDENCE_OF_TRIGGER,Circle
CU-ACT-1007,CU-SRC-0038,EVIDENCE_OF_TRIGGER,Circle
CU-ACT-1008,CU-SRC-0038,EVIDENCE_OF_TRIGGER,Circle
CU-ACT-1009,CU-SRC-0038,EVIDENCE_OF_TRIGGER,Circle
CU-ACT-1010,CU-SRC-0038,EVIDENCE_OF_TRIGGER,Circle
CU-ACT-1011,CU-SRC-0038,EVIDENCE_OF_TRIGGER,Circle
CU-ACT-1012,CU-SRC-0038,EVIDENCE_OF_TRIGGER,Circle
CU-ACT-1013,CU-SRC-0038,EVIDENCE_OF_TRIGGER,Circle
CU-ACT-1014,CU-SRC-0038,EVIDENCE_OF_TRIGGER,Circle
CU-ACT-1015,CU-SRC-0038,EVIDENCE_OF_TRIGGER,Circle
CU-ACT-1016,CU-SRC-0038,EVIDENCE_OF_TRIGGER,Circle
CU-ACT-1437,CU-SRC-0038,EVIDENCE_OF_TRIGGER,Circle
CU-ACT-1438,CU-SRC-0038,EVIDENCE_OF_TRIGGER,Circle
CU-ACT-1439,CU-SRC-0038,EVIDENCE_OF_TRIGGER,Circle
CU-ACT-1440,CU-SRC-0038,EVIDENCE_OF_TRIGGER,Circle
CU-ACT-1441,CU-SRC-0038,EVIDENCE_OF_TRIGGER,Circle
CU-ACT-1442,CU-SRC-0038,EVIDENCE_OF_TRIGGER,Circle
CU-ACT-1443,CU-SRC-0038,EVIDENCE_OF_TRIGGER,Circle
CU-ACT-1444,CU-SRC-0038,EVIDENCE_OF_TRIGGER,Circle
CU-ACT-1445,CU-SRC-0038,EVIDENCE_OF_TRIGGER,Circle
CU-ACT-1446,CU-SRC-0038,EVIDENCE_OF_TRIGGER,Circle
CU-ACT-1447,CU-SRC-0038,EVIDENCE_OF_TRIGGER,Circle
CU-ACT-1448,CU-SRC-0038,EVIDENCE_OF_TRIGGER,Circle
CU-ACT-1449,CU-SRC-0038,EVIDENCE_OF_TRIGGER,Circle
CU-ACT-1450,CU-SRC-0038,EVIDENCE_OF_TRIGGER,Circle
CU-ACT-1451,CU-SRC-0038,EVIDENCE_OF_TRIGGER,Circle
CU-ACT-1452,CU-SRC-0038,EVIDENCE_OF_TRIGGER,Circle
CU-ACT-1453,CU-SRC-0038,EVIDENCE_OF_TRIGGER,Circle
CU-ACT-1454,CU-SRC-0038,EVIDENCE_OF_TRIGGER,Circle
CU-ACT-1455,CU-SRC-0038,EVIDENCE_OF_TRIGGER,Circle
CU-ACT-1456,CU-SRC-0038,EVIDENCE_OF_TRIGGER,Circle
CU-ACT-1457,CU-SRC-0038,EVIDENCE_OF_TRIGGER,Circle
CU-ACT-1458,CU-SRC-0038,EVIDENCE_OF_TRIGGER,Circle
CU-ACT-1459,CU-SRC-0038,EVIDENCE_OF_TRIGGER,Circle
CU-ACT-1460,CU-SRC-0038,EVIDENCE_OF_TRIGGER,Circle
CU-ACT-1461,CU-SRC-0038,EVIDENCE_OF_TRIGGER,Circle
CU-ACT-1462,CU-SRC-0038,EVIDENCE_OF_TRIGGER,Circle
CU-ACT-1463,CU-SRC-0038,EVIDENCE_OF_TRIGGER,Circle
CU-ACT-1464,CU-SRC-0038,EVIDENCE_OF_TRIGGER,Circle
CU-ACT-1465,CU-SRC-0038,EVIDENCE_OF_TRIGGER,Circle
CU-ACT-1466,CU-SRC-0038,EVIDENCE_OF_TRIGGER,Circle
CU-ACT-1467,CU-SRC-0038,EVIDENCE_OF_TRIGGER,Circle
CU-ACT-1468,CU-SRC-0038,EVIDENCE_OF_TRIGGER,Circle
CU-ACT-1469,CU-SRC-0038,EVIDENCE_OF_TRIGGER,Circle
CU-ACT-1470,CU-SRC-0038,EVIDENCE_OF_TRIGGER,Circle
CU-ACT-1471,CU-SRC-0038,EVIDENCE_OF_TRIGGER,Circle
CU-ACT-1472,CU-SRC-0038,EVIDENCE_OF_TRIGGER,Circle
CU-ACT-1473,CU-SRC-0038,EVIDENCE_OF_TRIGGER,Circle
CU-ACT-1869,CU-SRC-0038,EVIDENCE_OF_TRIGGER,Circle
CU-ACT-1870,CU-SRC-0038,EVIDENCE_OF_TRIGGER,Circle
CU-ACT-1871,CU-SRC-0038,EVIDENCE_OF_TRIGGER,Circle
CU-ACT-1872,CU-SRC-0038,EVIDENCE_OF_TRIGGER,Circle
CU-ACT-1873,CU-SRC-0038,EVIDENCE_OF_TRIGGER,Circle
CU-ACT-1874,CU-SRC-0038,EVIDENCE_OF_TRIGGER,Circle
CU-ACT-1875,CU-SRC-0038,EVIDENCE_OF_TRIGGER,Circle
CU-ACT-1876,CU-SRC-0038,EVIDENCE_OF_TRIGGER,Circle
CU-ACT-1877,CU-SRC-0038,EVIDENCE_OF_TRIGGER,Circle
CU-ACT-1878,CU-SRC-0038,EVIDENCE_OF_TRIGGER,Circle
CU-ACT-1879,CU-SRC-0038,EVIDENCE_OF_TRIGGER,Circle
CU-ACT-1880,CU-SRC-0038,EVIDENCE_OF_TRIGGER,Circle
CU-ACT-1881,CU-SRC-0038,EVIDENCE_OF_TRIGGER,Circle
CU-ACT-1882,CU-SRC-0038,EVIDENCE_OF_TRIGGER,Circle
CU-ACT-1883,CU-SRC-0038,EVIDENCE_OF_TRIGGER,Circle
CU-ACT-1884,CU-SRC-0038,EVIDENCE_OF_TRIGGER,Circle
CU-ACT-1885,CU-SRC-0038,EVIDENCE_OF_TRIGGER,Circle
CU-ACT-1886,CU-SRC-0038,EVIDENCE_OF_TRIGGER,Circle
CU-ACT-1887,CU-SRC-0038,EVIDENCE_OF_TRIGGER,Circle
CU-ACT-1888,CU-SRC-0038,EVIDENCE_OF_TRIGGER,Circle
CU-ACT-1889,CU-SRC-0038,EVIDENCE_OF_TRIGGER,Circle
CU-ACT-1890,CU-SRC-0038,EVIDENCE_OF_TRIGGER,Circle
CU-ACT-1891,CU-SRC-0038,EVIDENCE_OF_TRIGGER,Circle
CU-ACT-1892,CU-SRC-0038,EVIDENCE_OF_TRIGGER,Circle
CU-ACT-1893,CU-SRC-0038,EVIDENCE_OF_TRIGGER,Circle
CU-ACT-1894,CU-SRC-0038,EVIDENCE_OF_TRIGGER,Circle
CU-ACT-1895,CU-SRC-0038,EVIDENCE_OF_TRIGGER,Circle
CU-ACT-1896,CU-SRC-0038,EVIDENCE_OF_TRIGGER,Circle
CU-ACT-1897,CU-SRC-0038,EVIDENCE_OF_TRIGGER,Circle
CU-ACT-1898,CU-SRC-0038,EVIDENCE_OF_TRIGGER,Circle
CU-ACT-1899,CU-SRC-0038,EVIDENCE_OF_TRIGGER,Circle
CU-ACT-1900,CU-SRC-0038,EVIDENCE_OF_TRIGGER,Circle
CU-ACT-1901,CU-SRC-0038,EVIDENCE_OF_TRIGGER,Circle
CU-ACT-1902,CU-SRC-0038,EVIDENCE_OF_TRIGGER,Circle
CU-ACT-1903,CU-SRC-0038,EVIDENCE_OF_TRIGGER,Circle
CU-ACT-1904,CU-SRC-0038,EVIDENCE_OF_TRIGGER,Circle
CU-ACT-1905,CU-SRC-0038,EVIDENCE_OF_TRIGGER,Circle
CU-ACT-2281,CU-SRC-0038,EVIDENCE_OF_TRIGGER,Circle
CU-ACT-2282,CU-SRC-0038,EVIDENCE_OF_TRIGGER,Circle
CU-ACT-2283,CU-SRC-0038,EVIDENCE_OF_TRIGGER,Circle
CU-ACT-2284,CU-SRC-0038,EVIDENCE_OF_TRIGGER,Circle
CU-ACT-2285,CU-SRC-0038,EVIDENCE_OF_TRIGGER,Circle
CU-ACT-2286,CU-SRC-0038,EVIDENCE_OF_TRIGGER,Circle
CU-ACT-2287,CU-SRC-0038,EVIDENCE_OF_TRIGGER,Circle
CU-ACT-2288,CU-SRC-0038,EVIDENCE_OF_TRIGGER,Circle
CU-ACT-2289,CU-SRC-0038,EVIDENCE_OF_TRIGGER,Circle
CU-ACT-2290,CU-SRC-0038,EVIDENCE_OF_TRIGGER,Circle
CU-ACT-2291,CU-SRC-0038,EVIDENCE_OF_TRIGGER,Circle
CU-ACT-2292,CU-SRC-0038,EVIDENCE_OF_TRIGGER,Circle
CU-ACT-2293,CU-SRC-0038,EVIDENCE_OF_TRIGGER,Circle
CU-ACT-2294,CU-SRC-0038,EVIDENCE_OF_TRIGGER,Circle
CU-ACT-2295,CU-SRC-0038,EVIDENCE_OF_TRIGGER,Circle
CU-ACT-2296,CU-SRC-0038,EVIDENCE_OF_TRIGGER,Circle
CU-ACT-2297,CU-SRC-0038,EVIDENCE_OF_TRIGGER,Circle
CU-ACT-2298,CU-SRC-0038,EVIDENCE_OF_TRIGGER,Circle
CU-ACT-2299,CU-SRC-0038,EVIDENCE_OF_TRIGGER,Circle
CU-ACT-2300,CU-SRC-0038,EVIDENCE_OF_TRIGGER,Circle
CU-ACT-2301,CU-SRC-0038,EVIDENCE_OF_TRIGGER,Circle
CU-ACT-2302,CU-SRC-0038,EVIDENCE_OF_TRIGGER,Circle
CU-ACT-2303,CU-SRC-0038,EVIDENCE_OF_TRIGGER,Circle
CU-ACT-2304,CU-SRC-0038,EVIDENCE_OF_TRIGGER,Circle
CU-ACT-2305,CU-SRC-0038,EVIDENCE_OF_TRIGGER,Circle
CU-ACT-2306,CU-SRC-0038,EVIDENCE_OF_TRIGGER,Circle
CU-ACT-2307,CU-SRC-0038,EVIDENCE_OF_TRIGGER,Circle
CU-ACT-2308,CU-SRC-0038,EVIDENCE_OF_TRIGGER,Circle
CU-ACT-2309,CU-SRC-0038,EVIDENCE_OF_TRIGGER,Circle
CU-ACT-2310,CU-SRC-0038,EVIDENCE_OF_TRIGGER,Circle
CU-ACT-2311,CU-SRC-0038,EVIDENCE_OF_TRIGGER,Circle
CU-ACT-2312,CU-SRC-0038,EVIDENCE_OF_TRIGGER,Circle
CU-ACT-2313,CU-SRC-0038,EVIDENCE_OF_TRIGGER,Circle
CU-ACT-2314,CU-SRC-0038,EVIDENCE_OF_TRIGGER,Circle
CU-ACT-2315,CU-SRC-0038,EVIDENCE_OF_TRIGGER,Circle
CU-ACT-2316,CU-SRC-0038,EVIDENCE_OF_TRIGGER,Circle
CU-ACT-2317,CU-SRC-0038,EVIDENCE_OF_TRIGGER,Circle
CU-ACT-2700,CU-SRC-0038,EVIDENCE_OF_TRIGGER,Circle
CU-ACT-2701,CU-SRC-0038,EVIDENCE_OF_TRIGGER,Circle
CU-ACT-2702,CU-SRC-0038,EVIDENCE_OF_TRIGGER,Circle
CU-ACT-2703,CU-SRC-0038,EVIDENCE_OF_TRIGGER,Circle
CU-ACT-2704,CU-SRC-0038,EVIDENCE_OF_TRIGGER,Circle
CU-ACT-2705,CU-SRC-0038,EVIDENCE_OF_TRIGGER,Circle
CU-ACT-2706,CU-SRC-0038,EVIDENCE_OF_TRIGGER,Circle
CU-ACT-2707,CU-SRC-0038,EVIDENCE_OF_TRIGGER,Circle
CU-ACT-2708,CU-SRC-0038,EVIDENCE_OF_TRIGGER,Circle
CU-ACT-2709,CU-SRC-0038,EVIDENCE_OF_TRIGGER,Circle
CU-ACT-2710,CU-SRC-0038,EVIDENCE_OF_TRIGGER,Circle
CU-ACT-2711,CU-SRC-0038,EVIDENCE_OF_TRIGGER,Circle
CU-ACT-2712,CU-SRC-0038,EVIDENCE_OF_TRIGGER,Circle
CU-ACT-2713,CU-SRC-0038,EVIDENCE_OF_TRIGGER,Circle
CU-ACT-2714,CU-SRC-0038,EVIDENCE_OF_TRIGGER,Circle
CU-ACT-2715,CU-SRC-0038,EVIDENCE_OF_TRIGGER,Circle
CU-ACT-2716,CU-SRC-0038,EVIDENCE_OF_TRIGGER,Circle
CU-ACT-2717,CU-SRC-0038,EVIDENCE_OF_TRIGGER,Circle
CU-ACT-2718,CU-SRC-0038,EVIDENCE_OF_TRIGGER,Circle
CU-ACT-2719,CU-SRC-0038,EVIDENCE_OF_TRIGGER,Circle
CU-ACT-2720,CU-SRC-0038,EVIDENCE_OF_TRIGGER,Circle
CU-ACT-2721,CU-SRC-0038,EVIDENCE_OF_TRIGGER,Circle
CU-ACT-2722,CU-SRC-0038,EVIDENCE_OF_TRIGGER,Circle
CU-ACT-2723,CU-SRC-0038,EVIDENCE_OF_TRIGGER,Circle
CU-ACT-2724,CU-SRC-0038,EVIDENCE_OF_TRIGGER,Circle
CU-ACT-2725,CU-SRC-0038,EVIDENCE_OF_TRIGGER,Circle
CU-ACT-2726,CU-SRC-0038,EVIDENCE_OF_TRIGGER,Circle
CU-ACT-2727,CU-SRC-0038,EVIDENCE_OF_TRIGGER,Circle
CU-ACT-2728,CU-SRC-0038,EVIDENCE_OF_TRIGGER,Circle
CU-ACT-2729,CU-SRC-0038,EVIDENCE_OF_TRIGGER,Circle
CU-ACT-2730,CU-SRC-0038,EVIDENCE_OF_TRIGGER,Circle
CU-ACT-2731,CU-SRC-0038,EVIDENCE_OF_TRIGGER,Circle
CU-ACT-2732,CU-SRC-0038,EVIDENCE_OF_TRIGGER,Circle
CU-ACT-2733,CU-SRC-0038,EVIDENCE_OF_TRIGGER,Circle
CU-ACT-2734,CU-SRC-0038,EVIDENCE_OF_TRIGGER,Circle
CU-ACT-2735,CU-SRC-0038,EVIDENCE_OF_TRIGGER,Circle
CU-ACT-2736,CU-SRC-0038,EVIDENCE_OF_TRIGGER,Circle
CU-ACT-0285,CU-SRC-0039,CONTEXT,Circle
CU-ACT-0406,CU-SRC-0039,CONTEXT,Circle
CU-ACT-0324,CU-SRC-0038,EVIDENCE_OF_TRIGGER,Circle
CU-ACT-0325,CU-SRC-0038,EVIDENCE_OF_TRIGGER,Circle
CU-ACT-0326,CU-SRC-0038,EVIDENCE_OF_TRIGGER,Circle
CU-ACT-0327,CU-SRC-0038,EVIDENCE_OF_TRIGGER,Circle
CU-ACT-0328,CU-SRC-0038,EVIDENCE_OF_TRIGGER,Circle
CU-ACT-0329,CU-SRC-0038,EVIDENCE_OF_TRIGGER,Circle
CU-ACT-0330,CU-SRC-0038,EVIDENCE_OF_TRIGGER,Circle
CU-ACT-0331,CU-SRC-0038,EVIDENCE_OF_TRIGGER,Circle
CU-ACT-0332,CU-SRC-0038,EVIDENCE_OF_TRIGGER,Circle
CU-ACT-0333,CU-SRC-0038,EVIDENCE_OF_TRIGGER,Circle
CU-ACT-0334,CU-SRC-0038,EVIDENCE_OF_TRIGGER,Circle
CU-ACT-0335,CU-SRC-0038,EVIDENCE_OF_TRIGGER,Circle
CU-ACT-0336,CU-SRC-0038,EVIDENCE_OF_TRIGGER,Circle
CU-ACT-0337,CU-SRC-0038,EVIDENCE_OF_TRIGGER,Circle
CU-ACT-0338,CU-SRC-0038,EVIDENCE_OF_TRIGGER,Circle
CU-ACT-0339,CU-SRC-0038,EVIDENCE_OF_TRIGGER,Circle
CU-ACT-0340,CU-SRC-0038,EVIDENCE_OF_TRIGGER,Circle
CU-ACT-0341,CU-SRC-0038,EVIDENCE_OF_TRIGGER,Circle
CU-ACT-0342,CU-SRC-0038,EVIDENCE_OF_TRIGGER,Circle
CU-ACT-0343,CU-SRC-0038,EVIDENCE_OF_TRIGGER,Circle
CU-ACT-0344,CU-SRC-0038,EVIDENCE_OF_TRIGGER,Circle
CU-ACT-0345,CU-SRC-0038,EVIDENCE_OF_TRIGGER,Circle
CU-ACT-0346,CU-SRC-0038,EVIDENCE_OF_TRIGGER,Circle
CU-ACT-0347,CU-SRC-0038,EVIDENCE_OF_TRIGGER,Circle
CU-ACT-0348,CU-SRC-0038,EVIDENCE_OF_TRIGGER,Circle
CU-ACT-0349,CU-SRC-0038,EVIDENCE_OF_TRIGGER,Circle
CU-ACT-0350,CU-SRC-0038,EVIDENCE_OF_TRIGGER,Circle
CU-ACT-0351,CU-SRC-0038,EVIDENCE_OF_TRIGGER,Circle
CU-ACT-0352,CU-SRC-0038,EVIDENCE_OF_TRIGGER,Circle
CU-ACT-0353,CU-SRC-0038,EVIDENCE_OF_TRIGGER,Circle
CU-ACT-0354,CU-SRC-0038,EVIDENCE_OF_TRIGGER,Circle
CU-ACT-0355,CU-SRC-0038,EVIDENCE_OF_TRIGGER,Circle
CU-ACT-0356,CU-SRC-0038,EVIDENCE_OF_TRIGGER,Circle
CU-ACT-0357,CU-SRC-0038,EVIDENCE_OF_TRIGGER,Circle
CU-ACT-0358,CU-SRC-0038,EVIDENCE_OF_TRIGGER,Circle
CU-ACT-0359,CU-SRC-0038,EVIDENCE_OF_TRIGGER,Circle
CU-ACT-0360,CU-SRC-0038,EVIDENCE_OF_TRIGGER,Circle
CU-ACT-0361,CU-SRC-0038,EVIDENCE_OF_TRIGGER,Circle
CU-ACT-0362,CU-SRC-0038,EVIDENCE_OF_TRIGGER,Circle
CU-ACT-0363,CU-SRC-0038,EVIDENCE_OF_TRIGGER,Circle
CU-ACT-0364,CU-SRC-0038,EVIDENCE_OF_TRIGGER,Circle
CU-ACT-0365,CU-SRC-0038,EVIDENCE_OF_TRIGGER,Circle
CU-ACT-0366,CU-SRC-0038,EVIDENCE_OF_TRIGGER,Circle
CU-ACT-0367,CU-SRC-0038,EVIDENCE_OF_TRIGGER,Circle
CU-ACT-0368,CU-SRC-0038,EVIDENCE_OF_TRIGGER,Circle
CU-ACT-0369,CU-SRC-0038,EVIDENCE_OF_TRIGGER,Circle
CU-ACT-0370,CU-SRC-0038,EVIDENCE_OF_TRIGGER,Circle
CU-ACT-0371,CU-SRC-0038,EVIDENCE_OF_TRIGGER,Circle
CU-ACT-0372,CU-SRC-0038,EVIDENCE_OF_TRIGGER,Circle
CU-ACT-0373,CU-SRC-0038,EVIDENCE_OF_TRIGGER,Circle
CU-ACT-0374,CU-SRC-0038,EVIDENCE_OF_TRIGGER,Circle
CU-ACT-0375,CU-SRC-0038,EVIDENCE_OF_TRIGGER,Circle
CU-ACT-0376,CU-SRC-0038,EVIDENCE_OF_TRIGGER,Circle
CU-ACT-1017,CU-SRC-0038,EVIDENCE_OF_TRIGGER,Circle
CU-ACT-1018,CU-SRC-0038,EVIDENCE_OF_TRIGGER,Circle
CU-ACT-1019,CU-SRC-0038,EVIDENCE_OF_TRIGGER,Circle
CU-ACT-1020,CU-SRC-0038,EVIDENCE_OF_TRIGGER,Circle
CU-ACT-1021,CU-SRC-0038,EVIDENCE_OF_TRIGGER,Circle
CU-ACT-1022,CU-SRC-0038,EVIDENCE_OF_TRIGGER,Circle
CU-ACT-1023,CU-SRC-0038,EVIDENCE_OF_TRIGGER,Circle
CU-ACT-1024,CU-SRC-0038,EVIDENCE_OF_TRIGGER,Circle
CU-ACT-1025,CU-SRC-0038,EVIDENCE_OF_TRIGGER,Circle
CU-ACT-1026,CU-SRC-0038,EVIDENCE_OF_TRIGGER,Circle
CU-ACT-1027,CU-SRC-0038,EVIDENCE_OF_TRIGGER,Circle
CU-ACT-1028,CU-SRC-0038,EVIDENCE_OF_TRIGGER,Circle
CU-ACT-1029,CU-SRC-0038,EVIDENCE_OF_TRIGGER,Circle
CU-ACT-1030,CU-SRC-0038,EVIDENCE_OF_TRIGGER,Circle
CU-ACT-1031,CU-SRC-0038,EVIDENCE_OF_TRIGGER,Circle
CU-ACT-1032,CU-SRC-0038,EVIDENCE_OF_TRIGGER,Circle
CU-ACT-1033,CU-SRC-0038,EVIDENCE_OF_TRIGGER,Circle
CU-ACT-1034,CU-SRC-0038,EVIDENCE_OF_TRIGGER,Circle
CU-ACT-1035,CU-SRC-0038,EVIDENCE_OF_TRIGGER,Circle
CU-ACT-1036,CU-SRC-0038,EVIDENCE_OF_TRIGGER,Circle
CU-ACT-1037,CU-SRC-0038,EVIDENCE_OF_TRIGGER,Circle
CU-ACT-1038,CU-SRC-0038,EVIDENCE_OF_TRIGGER,Circle
CU-ACT-1039,CU-SRC-0038,EVIDENCE_OF_TRIGGER,Circle
CU-ACT-1040,CU-SRC-0038,EVIDENCE_OF_TRIGGER,Circle
CU-ACT-1041,CU-SRC-0038,EVIDENCE_OF_TRIGGER,Circle
CU-ACT-1042,CU-SRC-0038,EVIDENCE_OF_TRIGGER,Circle
CU-ACT-1043,CU-SRC-0038,EVIDENCE_OF_TRIGGER,Circle
CU-ACT-1044,CU-SRC-0038,EVIDENCE_OF_TRIGGER,Circle
CU-ACT-1045,CU-SRC-0038,EVIDENCE_OF_TRIGGER,Circle
CU-ACT-1046,CU-SRC-0038,EVIDENCE_OF_TRIGGER,Circle
CU-ACT-1047,CU-SRC-0038,EVIDENCE_OF_TRIGGER,Circle
CU-ACT-1048,CU-SRC-0038,EVIDENCE_OF_TRIGGER,Circle
CU-ACT-1049,CU-SRC-0038,EVIDENCE_OF_TRIGGER,Circle
CU-ACT-1050,CU-SRC-0038,EVIDENCE_OF_TRIGGER,Circle
CU-ACT-1051,CU-SRC-0038,EVIDENCE_OF_TRIGGER,Circle
CU-ACT-1052,CU-SRC-0038,EVIDENCE_OF_TRIGGER,Circle
CU-ACT-1053,CU-SRC-0038,EVIDENCE_OF_TRIGGER,Circle
CU-ACT-1054,CU-SRC-0038,EVIDENCE_OF_TRIGGER,Circle
CU-ACT-1055,CU-SRC-0038,EVIDENCE_OF_TRIGGER,Circle
CU-ACT-1056,CU-SRC-0038,EVIDENCE_OF_TRIGGER,Circle
CU-ACT-1057,CU-SRC-0038,EVIDENCE_OF_TRIGGER,Circle
CU-ACT-1058,CU-SRC-0038,EVIDENCE_OF_TRIGGER,Circle
CU-ACT-1059,CU-SRC-0038,EVIDENCE_OF_TRIGGER,Circle
CU-ACT-1060,CU-SRC-0038,EVIDENCE_OF_TRIGGER,Circle
CU-ACT-1061,CU-SRC-0038,EVIDENCE_OF_TRIGGER,Circle
CU-ACT-1062,CU-SRC-0038,EVIDENCE_OF_TRIGGER,Circle
CU-ACT-1063,CU-SRC-0038,EVIDENCE_OF_TRIGGER,Circle
CU-ACT-1064,CU-SRC-0038,EVIDENCE_OF_TRIGGER,Circle
CU-ACT-1065,CU-SRC-0038,EVIDENCE_OF_TRIGGER,Circle
CU-ACT-1066,CU-SRC-0038,EVIDENCE_OF_TRIGGER,Circle
CU-ACT-1067,CU-SRC-0038,EVIDENCE_OF_TRIGGER,Circle
CU-ACT-1068,CU-SRC-0038,EVIDENCE_OF_TRIGGER,Circle
CU-ACT-1069,CU-SRC-0038,EVIDENCE_OF_TRIGGER,Circle
CU-ACT-1474,CU-SRC-0038,EVIDENCE_OF_TRIGGER,Circle
CU-ACT-1475,CU-SRC-0038,EVIDENCE_OF_TRIGGER,Circle
CU-ACT-1476,CU-SRC-0038,EVIDENCE_OF_TRIGGER,Circle
CU-ACT-1477,CU-SRC-0038,EVIDENCE_OF_TRIGGER,Circle
CU-ACT-1478,CU-SRC-0038,EVIDENCE_OF_TRIGGER,Circle
CU-ACT-1479,CU-SRC-0038,EVIDENCE_OF_TRIGGER,Circle
CU-ACT-1480,CU-SRC-0038,EVIDENCE_OF_TRIGGER,Circle
CU-ACT-1481,CU-SRC-0038,EVIDENCE_OF_TRIGGER,Circle
CU-ACT-1482,CU-SRC-0038,EVIDENCE_OF_TRIGGER,Circle
CU-ACT-1483,CU-SRC-0038,EVIDENCE_OF_TRIGGER,Circle
CU-ACT-1484,CU-SRC-0038,EVIDENCE_OF_TRIGGER,Circle
CU-ACT-1485,CU-SRC-0038,EVIDENCE_OF_TRIGGER,Circle
CU-ACT-1486,CU-SRC-0038,EVIDENCE_OF_TRIGGER,Circle
CU-ACT-1487,CU-SRC-0038,EVIDENCE_OF_TRIGGER,Circle
CU-ACT-1488,CU-SRC-0038,EVIDENCE_OF_TRIGGER,Circle
CU-ACT-1489,CU-SRC-0038,EVIDENCE_OF_TRIGGER,Circle
CU-ACT-1490,CU-SRC-0038,EVIDENCE_OF_TRIGGER,Circle
CU-ACT-1491,CU-SRC-0038,EVIDENCE_OF_TRIGGER,Circle
CU-ACT-1492,CU-SRC-0038,EVIDENCE_OF_TRIGGER,Circle
CU-ACT-1493,CU-SRC-0038,EVIDENCE_OF_TRIGGER,Circle
CU-ACT-1494,CU-SRC-0038,EVIDENCE_OF_TRIGGER,Circle
CU-ACT-1495,CU-SRC-0038,EVIDENCE_OF_TRIGGER,Circle
CU-ACT-1496,CU-SRC-0038,EVIDENCE_OF_TRIGGER,Circle
CU-ACT-1497,CU-SRC-0038,EVIDENCE_OF_TRIGGER,Circle
CU-ACT-1498,CU-SRC-0038,EVIDENCE_OF_TRIGGER,Circle
CU-ACT-1499,CU-SRC-0038,EVIDENCE_OF_TRIGGER,Circle
CU-ACT-1500,CU-SRC-0038,EVIDENCE_OF_TRIGGER,Circle
CU-ACT-1501,CU-SRC-0038,EVIDENCE_OF_TRIGGER,Circle
CU-ACT-1502,CU-SRC-0038,EVIDENCE_OF_TRIGGER,Circle
CU-ACT-1503,CU-SRC-0038,EVIDENCE_OF_TRIGGER,Circle
CU-ACT-1504,CU-SRC-0038,EVIDENCE_OF_TRIGGER,Circle
CU-ACT-1505,CU-SRC-0038,EVIDENCE_OF_TRIGGER,Circle
CU-ACT-1506,CU-SRC-0038,EVIDENCE_OF_TRIGGER,Circle
CU-ACT-1507,CU-SRC-0038,EVIDENCE_OF_TRIGGER,Circle
CU-ACT-1508,CU-SRC-0038,EVIDENCE_OF_TRIGGER,Circle
CU-ACT-1509,CU-SRC-0038,EVIDENCE_OF_TRIGGER,Circle
CU-ACT-1510,CU-SRC-0038,EVIDENCE_OF_TRIGGER,Circle
CU-ACT-1511,CU-SRC-0038,EVIDENCE_OF_TRIGGER,Circle
CU-ACT-1512,CU-SRC-0038,EVIDENCE_OF_TRIGGER,Circle
CU-ACT-1513,CU-SRC-0038,EVIDENCE_OF_TRIGGER,Circle
CU-ACT-1514,CU-SRC-0038,EVIDENCE_OF_TRIGGER,Circle
CU-ACT-1515,CU-SRC-0038,EVIDENCE_OF_TRIGGER,Circle
CU-ACT-1516,CU-SRC-0038,EVIDENCE_OF_TRIGGER,Circle
CU-ACT-1517,CU-SRC-0038,EVIDENCE_OF_TRIGGER,Circle
CU-ACT-1518,CU-SRC-0038,EVIDENCE_OF_TRIGGER,Circle
CU-ACT-1519,CU-SRC-0038,EVIDENCE_OF_TRIGGER,Circle
CU-ACT-1520,CU-SRC-0038,EVIDENCE_OF_TRIGGER,Circle
CU-ACT-1521,CU-SRC-0038,EVIDENCE_OF_TRIGGER,Circle
CU-ACT-1522,CU-SRC-0038,EVIDENCE_OF_TRIGGER,Circle
CU-ACT-1523,CU-SRC-0038,EVIDENCE_OF_TRIGGER,Circle
CU-ACT-1524,CU-SRC-0038,EVIDENCE_OF_TRIGGER,Circle
CU-ACT-1525,CU-SRC-0038,EVIDENCE_OF_TRIGGER,Circle
CU-ACT-1526,CU-SRC-0038,EVIDENCE_OF_TRIGGER,Circle
CU-ACT-1906,CU-SRC-0038,EVIDENCE_OF_TRIGGER,Circle
CU-ACT-1907,CU-SRC-0038,EVIDENCE_OF_TRIGGER,Circle
CU-ACT-1908,CU-SRC-0038,EVIDENCE_OF_TRIGGER,Circle
CU-ACT-1909,CU-SRC-0038,EVIDENCE_OF_TRIGGER,Circle
CU-ACT-1910,CU-SRC-0038,EVIDENCE_OF_TRIGGER,Circle
CU-ACT-1911,CU-SRC-0038,EVIDENCE_OF_TRIGGER,Circle
CU-ACT-1912,CU-SRC-0038,EVIDENCE_OF_TRIGGER,Circle
CU-ACT-1913,CU-SRC-0038,EVIDENCE_OF_TRIGGER,Circle
CU-ACT-1914,CU-SRC-0038,EVIDENCE_OF_TRIGGER,Circle
CU-ACT-1915,CU-SRC-0038,EVIDENCE_OF_TRIGGER,Circle
CU-ACT-1916,CU-SRC-0038,EVIDENCE_OF_TRIGGER,Circle
CU-ACT-1917,CU-SRC-0038,EVIDENCE_OF_TRIGGER,Circle
CU-ACT-1918,CU-SRC-0038,EVIDENCE_OF_TRIGGER,Circle
CU-ACT-1919,CU-SRC-0038,EVIDENCE_OF_TRIGGER,Circle
CU-ACT-1920,CU-SRC-0038,EVIDENCE_OF_TRIGGER,Circle
CU-ACT-1921,CU-SRC-0038,EVIDENCE_OF_TRIGGER,Circle
CU-ACT-1922,CU-SRC-0038,EVIDENCE_OF_TRIGGER,Circle
CU-ACT-1923,CU-SRC-0038,EVIDENCE_OF_TRIGGER,Circle
CU-ACT-1924,CU-SRC-0038,EVIDENCE_OF_TRIGGER,Circle
CU-ACT-1925,CU-SRC-0038,EVIDENCE_OF_TRIGGER,Circle
CU-ACT-1926,CU-SRC-0038,EVIDENCE_OF_TRIGGER,Circle
CU-ACT-1927,CU-SRC-0038,EVIDENCE_OF_TRIGGER,Circle
CU-ACT-1928,CU-SRC-0038,EVIDENCE_OF_TRIGGER,Circle
CU-ACT-1929,CU-SRC-0038,EVIDENCE_OF_TRIGGER,Circle
CU-ACT-1930,CU-SRC-0038,EVIDENCE_OF_TRIGGER,Circle
CU-ACT-1931,CU-SRC-0038,EVIDENCE_OF_TRIGGER,Circle
CU-ACT-1932,CU-SRC-0038,EVIDENCE_OF_TRIGGER,Circle
CU-ACT-1933,CU-SRC-0038,EVIDENCE_OF_TRIGGER,Circle
CU-ACT-1934,CU-SRC-0038,EVIDENCE_OF_TRIGGER,Circle
CU-ACT-1935,CU-SRC-0038,EVIDENCE_OF_TRIGGER,Circle
CU-ACT-1936,CU-SRC-0038,EVIDENCE_OF_TRIGGER,Circle
CU-ACT-1937,CU-SRC-0038,EVIDENCE_OF_TRIGGER,Circle
CU-ACT-1938,CU-SRC-0038,EVIDENCE_OF_TRIGGER,Circle
CU-ACT-1939,CU-SRC-0038,EVIDENCE_OF_TRIGGER,Circle
CU-ACT-1940,CU-SRC-0038,EVIDENCE_OF_TRIGGER,Circle
CU-ACT-1941,CU-SRC-0038,EVIDENCE_OF_TRIGGER,Circle
CU-ACT-1942,CU-SRC-0038,EVIDENCE_OF_TRIGGER,Circle
CU-ACT-1943,CU-SRC-0038,EVIDENCE_OF_TRIGGER,Circle
CU-ACT-1944,CU-SRC-0038,EVIDENCE_OF_TRIGGER,Circle
CU-ACT-1945,CU-SRC-0038,EVIDENCE_OF_TRIGGER,Circle
CU-ACT-1946,CU-SRC-0038,EVIDENCE_OF_TRIGGER,Circle
CU-ACT-1947,CU-SRC-0038,EVIDENCE_OF_TRIGGER,Circle
CU-ACT-1948,CU-SRC-0038,EVIDENCE_OF_TRIGGER,Circle
CU-ACT-1949,CU-SRC-0038,EVIDENCE_OF_TRIGGER,Circle
CU-ACT-1950,CU-SRC-0038,EVIDENCE_OF_TRIGGER,Circle
CU-ACT-1951,CU-SRC-0038,EVIDENCE_OF_TRIGGER,Circle
CU-ACT-1952,CU-SRC-0038,EVIDENCE_OF_TRIGGER,Circle
CU-ACT-1953,CU-SRC-0038,EVIDENCE_OF_TRIGGER,Circle
CU-ACT-1954,CU-SRC-0038,EVIDENCE_OF_TRIGGER,Circle
CU-ACT-1955,CU-SRC-0038,EVIDENCE_OF_TRIGGER,Circle
CU-ACT-1956,CU-SRC-0038,EVIDENCE_OF_TRIGGER,Circle
CU-ACT-1957,CU-SRC-0038,EVIDENCE_OF_TRIGGER,Circle
CU-ACT-1958,CU-SRC-0038,EVIDENCE_OF_TRIGGER,Circle
CU-ACT-2328,CU-SRC-0038,EVIDENCE_OF_TRIGGER,Circle
CU-ACT-2329,CU-SRC-0038,EVIDENCE_OF_TRIGGER,Circle
CU-ACT-2330,CU-SRC-0038,EVIDENCE_OF_TRIGGER,Circle
CU-ACT-2331,CU-SRC-0038,EVIDENCE_OF_TRIGGER,Circle
CU-ACT-2332,CU-SRC-0038,EVIDENCE_OF_TRIGGER,Circle
CU-ACT-2333,CU-SRC-0038,EVIDENCE_OF_TRIGGER,Circle
CU-ACT-2334,CU-SRC-0038,EVIDENCE_OF_TRIGGER,Circle
CU-ACT-2335,CU-SRC-0038,EVIDENCE_OF_TRIGGER,Circle
CU-ACT-2336,CU-SRC-0038,EVIDENCE_OF_TRIGGER,Circle
CU-ACT-2337,CU-SRC-0038,EVIDENCE_OF_TRIGGER,Circle
CU-ACT-2338,CU-SRC-0038,EVIDENCE_OF_TRIGGER,Circle
CU-ACT-2339,CU-SRC-0038,EVIDENCE_OF_TRIGGER,Circle
CU-ACT-2340,CU-SRC-0038,EVIDENCE_OF_TRIGGER,Circle
CU-ACT-2341,CU-SRC-0038,EVIDENCE_OF_TRIGGER,Circle
CU-ACT-2342,CU-SRC-0038,EVIDENCE_OF_TRIGGER,Circle
CU-ACT-2343,CU-SRC-0038,EVIDENCE_OF_TRIGGER,Circle
CU-ACT-2344,CU-SRC-0038,EVIDENCE_OF_TRIGGER,Circle
CU-ACT-2345,CU-SRC-0038,EVIDENCE_OF_TRIGGER,Circle
CU-ACT-2346,CU-SRC-0038,EVIDENCE_OF_TRIGGER,Circle
CU-ACT-2347,CU-SRC-0038,EVIDENCE_OF_TRIGGER,Circle
CU-ACT-2348,CU-SRC-0038,EVIDENCE_OF_TRIGGER,Circle
CU-ACT-2349,CU-SRC-0038,EVIDENCE_OF_TRIGGER,Circle
CU-ACT-2350,CU-SRC-0038,EVIDENCE_OF_TRIGGER,Circle
CU-ACT-2351,CU-SRC-0038,EVIDENCE_OF_TRIGGER,Circle
CU-ACT-2352,CU-SRC-0038,EVIDENCE_OF_TRIGGER,Circle
CU-ACT-2353,CU-SRC-0038,EVIDENCE_OF_TRIGGER,Circle
CU-ACT-2354,CU-SRC-0038,EVIDENCE_OF_TRIGGER,Circle
CU-ACT-2355,CU-SRC-0038,EVIDENCE_OF_TRIGGER,Circle
CU-ACT-2356,CU-SRC-0038,EVIDENCE_OF_TRIGGER,Circle
CU-ACT-2357,CU-SRC-0038,EVIDENCE_OF_TRIGGER,Circle
CU-ACT-2358,CU-SRC-0038,EVIDENCE_OF_TRIGGER,Circle
CU-ACT-2359,CU-SRC-0038,EVIDENCE_OF_TRIGGER,Circle
CU-ACT-2360,CU-SRC-0038,EVIDENCE_OF_TRIGGER,Circle
CU-ACT-2361,CU-SRC-0038,EVIDENCE_OF_TRIGGER,Circle
CU-ACT-2362,CU-SRC-0038,EVIDENCE_OF_TRIGGER,Circle
CU-ACT-2363,CU-SRC-0038,EVIDENCE_OF_TRIGGER,Circle
CU-ACT-2364,CU-SRC-0038,EVIDENCE_OF_TRIGGER,Circle
CU-ACT-2365,CU-SRC-0038,EVIDENCE_OF_TRIGGER,Circle
CU-ACT-2366,CU-SRC-0038,EVIDENCE_OF_TRIGGER,Circle
CU-ACT-2367,CU-SRC-0038,EVIDENCE_OF_TRIGGER,Circle
CU-ACT-2368,CU-SRC-0038,EVIDENCE_OF_TRIGGER,Circle
CU-ACT-2369,CU-SRC-0038,EVIDENCE_OF_TRIGGER,Circle
CU-ACT-2370,CU-SRC-0038,EVIDENCE_OF_TRIGGER,Circle
CU-ACT-2737,CU-SRC-0038,EVIDENCE_OF_TRIGGER,Circle
CU-ACT-2738,CU-SRC-0038,EVIDENCE_OF_TRIGGER,Circle
CU-ACT-2739,CU-SRC-0038,EVIDENCE_OF_TRIGGER,Circle
CU-ACT-2740,CU-SRC-0038,EVIDENCE_OF_TRIGGER,Circle
CU-ACT-2741,CU-SRC-0038,EVIDENCE_OF_TRIGGER,Circle
CU-ACT-2742,CU-SRC-0038,EVIDENCE_OF_TRIGGER,Circle
CU-ACT-2743,CU-SRC-0038,EVIDENCE_OF_TRIGGER,Circle
CU-ACT-2744,CU-SRC-0038,EVIDENCE_OF_TRIGGER,Circle
CU-ACT-2745,CU-SRC-0038,EVIDENCE_OF_TRIGGER,Circle
CU-ACT-2746,CU-SRC-0038,EVIDENCE_OF_TRIGGER,Circle
CU-ACT-2747,CU-SRC-0038,EVIDENCE_OF_TRIGGER,Circle
CU-ACT-2748,CU-SRC-0038,EVIDENCE_OF_TRIGGER,Circle
CU-ACT-2749,CU-SRC-0038,EVIDENCE_OF_TRIGGER,Circle
CU-ACT-2750,CU-SRC-0038,EVIDENCE_OF_TRIGGER,Circle
CU-ACT-2751,CU-SRC-0038,EVIDENCE_OF_TRIGGER,Circle
CU-ACT-2752,CU-SRC-0038,EVIDENCE_OF_TRIGGER,Circle
CU-ACT-2753,CU-SRC-0038,EVIDENCE_OF_TRIGGER,Circle
CU-ACT-2754,CU-SRC-0038,EVIDENCE_OF_TRIGGER,Circle
CU-ACT-2755,CU-SRC-0038,EVIDENCE_OF_TRIGGER,Circle
CU-ACT-2756,CU-SRC-0038,EVIDENCE_OF_TRIGGER,Circle
CU-ACT-2757,CU-SRC-0038,EVIDENCE_OF_TRIGGER,Circle
CU-ACT-2758,CU-SRC-0038,EVIDENCE_OF_TRIGGER,Circle
CU-ACT-2759,CU-SRC-0038,EVIDENCE_OF_TRIGGER,Circle
CU-ACT-2760,CU-SRC-0038,EVIDENCE_OF_TRIGGER,Circle
CU-ACT-2761,CU-SRC-0038,EVIDENCE_OF_TRIGGER,Circle
CU-ACT-2762,CU-SRC-0038,EVIDENCE_OF_TRIGGER,Circle
CU-ACT-2763,CU-SRC-0038,EVIDENCE_OF_TRIGGER,Circle
CU-ACT-2764,CU-SRC-0038,EVIDENCE_OF_TRIGGER,Circle
CU-ACT-2765,CU-SRC-0038,EVIDENCE_OF_TRIGGER,Circle
CU-ACT-2766,CU-SRC-0038,EVIDENCE_OF_TRIGGER,Circle
CU-ACT-2767,CU-SRC-0038,EVIDENCE_OF_TRIGGER,Circle
CU-ACT-2768,CU-SRC-0038,EVIDENCE_OF_TRIGGER,Circle
CU-ACT-2769,CU-SRC-0038,EVIDENCE_OF_TRIGGER,Circle
CU-ACT-2770,CU-SRC-0038,EVIDENCE_OF_TRIGGER,Circle
CU-ACT-2771,CU-SRC-0038,EVIDENCE_OF_TRIGGER,Circle
CU-ACT-2772,CU-SRC-0038,EVIDENCE_OF_TRIGGER,Circle
CU-ACT-2773,CU-SRC-0038,EVIDENCE_OF_TRIGGER,Circle
CU-ACT-2774,CU-SRC-0038,EVIDENCE_OF_TRIGGER,Circle
CU-ACT-2775,CU-SRC-0038,EVIDENCE_OF_TRIGGER,Circle
CU-ACT-2776,CU-SRC-0038,EVIDENCE_OF_TRIGGER,Circle
CU-ACT-2777,CU-SRC-0038,EVIDENCE_OF_TRIGGER,Circle
CU-ACT-2778,CU-SRC-0038,EVIDENCE_OF_TRIGGER,Circle
CU-ACT-2779,CU-SRC-0038,EVIDENCE_OF_TRIGGER,Circle
CU-ACT-2780,CU-SRC-0038,EVIDENCE_OF_TRIGGER,Circle
CU-ACT-2781,CU-SRC-0038,EVIDENCE_OF_TRIGGER,Circle
CU-ACT-2782,CU-SRC-0038,EVIDENCE_OF_TRIGGER,Circle
CU-ACT-2783,CU-SRC-0038,EVIDENCE_OF_TRIGGER,Circle
CU-ACT-2784,CU-SRC-0038,EVIDENCE_OF_TRIGGER,Circle
CU-ACT-2785,CU-SRC-0038,EVIDENCE_OF_TRIGGER,Circle
CU-ACT-2786,CU-SRC-0038,EVIDENCE_OF_TRIGGER,Circle
CU-ACT-2787,CU-SRC-0038,EVIDENCE_OF_TRIGGER,Circle
CU-ACT-2788,CU-SRC-0038,EVIDENCE_OF_TRIGGER,Circle
CU-ACT-2789,CU-SRC-0038,EVIDENCE_OF_TRIGGER,Circle
CU-ACT-3005,CU-SRC-0042,EVIDENCE_OF_TRIGGER,Circle
CU-ACT-3006,CU-SRC-0042,EVIDENCE_OF_TRIGGER,Circle
CU-ACT-3007,CU-SRC-0042,EVIDENCE_OF_TRIGGER,Circle
CU-ACT-3008,CU-SRC-0042,EVIDENCE_OF_TRIGGER,Circle
CU-ACT-3009,CU-SRC-0042,EVIDENCE_OF_TRIGGER,Circle
CU-ACT-3010,CU-SRC-0042,EVIDENCE_OF_TRIGGER,Circle
CU-ACT-3011,CU-SRC-0042,EVIDENCE_OF_TRIGGER,Circle
CU-ACT-3012,CU-SRC-0042,EVIDENCE_OF_TRIGGER,Circle
CU-ACT-3013,CU-SRC-0042,EVIDENCE_OF_TRIGGER,Circle
CU-ACT-3014,CU-SRC-0042,EVIDENCE_OF_TRIGGER,Circle
CU-ACT-3015,CU-SRC-0042,EVIDENCE_OF_TRIGGER,Circle
CU-ACT-3016,CU-SRC-0042,EVIDENCE_OF_TRIGGER,Circle
CU-ACT-3017,CU-SRC-0042,EVIDENCE_OF_TRIGGER,Circle
CU-ACT-3018,CU-SRC-0042,EVIDENCE_OF_TRIGGER,Circle
CU-ACT-3019,CU-SRC-0042,EVIDENCE_OF_TRIGGER,Circle
CU-ACT-3020,CU-SRC-0042,EVIDENCE_OF_TRIGGER,Circle
CU-ACT-3021,CU-SRC-0042,EVIDENCE_OF_TRIGGER,Circle
CU-ACT-3022,CU-SRC-0042,EVIDENCE_OF_TRIGGER,Circle
CU-ACT-3023,CU-SRC-0042,EVIDENCE_OF_TRIGGER,Circle
CU-ACT-3024,CU-SRC-0042,EVIDENCE_OF_TRIGGER,Circle
CU-ACT-3025,CU-SRC-0042,EVIDENCE_OF_TRIGGER,Circle
CU-ACT-3026,CU-SRC-0042,EVIDENCE_OF_TRIGGER,Circle
CU-ACT-3027,CU-SRC-0042,EVIDENCE_OF_TRIGGER,Circle
CU-ACT-3028,CU-SRC-0042,EVIDENCE_OF_TRIGGER,Circle
CU-ACT-3029,CU-SRC-0042,EVIDENCE_OF_TRIGGER,Circle
CU-ACT-3030,CU-SRC-0042,EVIDENCE_OF_TRIGGER,Circle
CU-ACT-3031,CU-SRC-0042,EVIDENCE_OF_TRIGGER,Circle
CU-ACT-3032,CU-SRC-0042,EVIDENCE_OF_TRIGGER,Circle
CU-ACT-3033,CU-SRC-0042,EVIDENCE_OF_TRIGGER,Circle
CU-ACT-3034,CU-SRC-0042,EVIDENCE_OF_TRIGGER,Circle
CU-ACT-3035,CU-SRC-0042,EVIDENCE_OF_TRIGGER,Circle
CU-ACT-3036,CU-SRC-0042,EVIDENCE_OF_TRIGGER,Circle
CU-ACT-3037,CU-SRC-0042,EVIDENCE_OF_TRIGGER,Circle
CU-ACT-3038,CU-SRC-0042,EVIDENCE_OF_TRIGGER,Circle
CU-ACT-3039,CU-SRC-0042,EVIDENCE_OF_TRIGGER,Circle
CU-ACT-3040,CU-SRC-0042,EVIDENCE_OF_TRIGGER,Circle
CU-ACT-3041,CU-SRC-0042,EVIDENCE_OF_TRIGGER,Circle
CU-ACT-3042,CU-SRC-0042,EVIDENCE_OF_TRIGGER,Circle
CU-ACT-3043,CU-SRC-0042,EVIDENCE_OF_TRIGGER,Circle
CU-ACT-3044,CU-SRC-0042,EVIDENCE_OF_TRIGGER,Circle
CU-ACT-3045,CU-SRC-0042,EVIDENCE_OF_TRIGGER,Circle
CU-ACT-3046,CU-SRC-0042,EVIDENCE_OF_TRIGGER,Circle
CU-ACT-3047,CU-SRC-0042,EVIDENCE_OF_TRIGGER,Circle
CU-ACT-3048,CU-SRC-0042,EVIDENCE_OF_TRIGGER,Circle
CU-ACT-3049,CU-SRC-0042,EVIDENCE_OF_TRIGGER,Circle
CU-ACT-3050,CU-SRC-0042,EVIDENCE_OF_TRIGGER,Circle
CU-ACT-3051,CU-SRC-0042,EVIDENCE_OF_TRIGGER,Circle
CU-ACT-3052,CU-SRC-0042,EVIDENCE_OF_TRIGGER,Circle
CU-ACT-3053,CU-SRC-0042,EVIDENCE_OF_TRIGGER,Circle
CU-ACT-3054,CU-SRC-0042,EVIDENCE_OF_TRIGGER,Circle
CU-ACT-3055,CU-SRC-0042,EVIDENCE_OF_TRIGGER,Circle
CU-ACT-3056,CU-SRC-0042,EVIDENCE_OF_TRIGGER,Circle
CU-ACT-3057,CU-SRC-0042,EVIDENCE_OF_TRIGGER,Circle
CU-ACT-3058,CU-SRC-0042,EVIDENCE_OF_TRIGGER,Circle
CU-ACT-3059,CU-SRC-0042,EVIDENCE_OF_TRIGGER,Circle
CU-ACT-3060,CU-SRC-0042,EVIDENCE_OF_TRIGGER,Circle
CU-ACT-3061,CU-SRC-0042,EVIDENCE_OF_TRIGGER,Circle
CU-ACT-3062,CU-SRC-0042,EVIDENCE_OF_TRIGGER,Circle
CU-ACT-3063,CU-SRC-0042,EVIDENCE_OF_TRIGGER,Circle
CU-ACT-3064,CU-SRC-0042,EVIDENCE_OF_TRIGGER,Circle
CU-ACT-3065,CU-SRC-0042,EVIDENCE_OF_TRIGGER,Circle
CU-ACT-3066,CU-SRC-0042,EVIDENCE_OF_TRIGGER,Circle
CU-ACT-3067,CU-SRC-0042,EVIDENCE_OF_TRIGGER,Circle
CU-ACT-3068,CU-SRC-0042,EVIDENCE_OF_TRIGGER,Circle
CU-ACT-3069,CU-SRC-0042,EVIDENCE_OF_TRIGGER,Circle
CU-ACT-3070,CU-SRC-0042,EVIDENCE_OF_TRIGGER,Circle
CU-ACT-3071,CU-SRC-0042,EVIDENCE_OF_TRIGGER,Circle
CU-ACT-3072,CU-SRC-0042,EVIDENCE_OF_TRIGGER,Circle
CU-ACT-3073,CU-SRC-0042,EVIDENCE_OF_TRIGGER,Circle
CU-ACT-3074,CU-SRC-0042,EVIDENCE_OF_TRIGGER,Circle
CU-ACT-3075,CU-SRC-0042,EVIDENCE_OF_TRIGGER,Circle
CU-ACT-3076,CU-SRC-0042,EVIDENCE_OF_TRIGGER,Circle
CU-ACT-3077,CU-SRC-0042,EVIDENCE_OF_TRIGGER,Circle
CU-ACT-3078,CU-SRC-0042,EVIDENCE_OF_TRIGGER,Circle
CU-ACT-3079,CU-SRC-0042,EVIDENCE_OF_TRIGGER,Circle
CU-ACT-3080,CU-SRC-0042,EVIDENCE_OF_TRIGGER,Circle
CU-ACT-3081,CU-SRC-0042,EVIDENCE_OF_TRIGGER,Circle
CU-ACT-3082,CU-SRC-0042,EVIDENCE_OF_TRIGGER,Circle
CU-ACT-3083,CU-SRC-0042,EVIDENCE_OF_TRIGGER,Circle
CU-ACT-3084,CU-SRC-0042,EVIDENCE_OF_TRIGGER,Circle
CU-ACT-3085,CU-SRC-0042,EVIDENCE_OF_TRIGGER,Circle
CU-ACT-3086,CU-SRC-0042,EVIDENCE_OF_TRIGGER,Circle
CU-ACT-3087,CU-SRC-0042,EVIDENCE_OF_TRIGGER,Circle
CU-ACT-3088,CU-SRC-0042,EVIDENCE_OF_TRIGGER,Circle
CU-ACT-3089,CU-SRC-0042,EVIDENCE_OF_TRIGGER,Circle
CU-ACT-3090,CU-SRC-0042,EVIDENCE_OF_TRIGGER,Circle
CU-ACT-3091,CU-SRC-0042,EVIDENCE_OF_TRIGGER,Circle
CU-ACT-3092,CU-SRC-0042,EVIDENCE_OF_TRIGGER,Circle
CU-ACT-3093,CU-SRC-0042,EVIDENCE_OF_TRIGGER,Circle
CU-ACT-3094,CU-SRC-0042,EVIDENCE_OF_TRIGGER,Circle
CU-ACT-3095,CU-SRC-0042,EVIDENCE_OF_TRIGGER,Circle
CU-ACT-3096,CU-SRC-0042,EVIDENCE_OF_TRIGGER,Circle
CU-ACT-3097,CU-SRC-0042,EVIDENCE_OF_TRIGGER,Circle
CU-ACT-3098,CU-SRC-0042,EVIDENCE_OF_TRIGGER,Circle
CU-ACT-3099,CU-SRC-0042,EVIDENCE_OF_TRIGGER,Circle
CU-ACT-3100,CU-SRC-0042,EVIDENCE_OF_TRIGGER,Circle
CU-ACT-3101,CU-SRC-0042,EVIDENCE_OF_TRIGGER,Circle
CU-ACT-3102,CU-SRC-0042,EVIDENCE_OF_TRIGGER,Circle
CU-ACT-3103,CU-SRC-0042,EVIDENCE_OF_TRIGGER,Circle
CU-ACT-3104,CU-SRC-0042,EVIDENCE_OF_TRIGGER,Circle
CU-ACT-3105,CU-SRC-0042,EVIDENCE_OF_TRIGGER,Circle
CU-ACT-3106,CU-SRC-0042,EVIDENCE_OF_TRIGGER,Circle
CU-ACT-3107,CU-SRC-0042,EVIDENCE_OF_TRIGGER,Circle
CU-ACT-3108,CU-SRC-0042,EVIDENCE_OF_TRIGGER,Circle
CU-ACT-3109,CU-SRC-0042,EVIDENCE_OF_TRIGGER,Circle
CU-ACT-3110,CU-SRC-0042,EVIDENCE_OF_TRIGGER,Circle
CU-ACT-3111,CU-SRC-0042,EVIDENCE_OF_TRIGGER,Circle
CU-ACT-3112,CU-SRC-0042,EVIDENCE_OF_TRIGGER,Circle
CU-ACT-3113,CU-SRC-0042,EVIDENCE_OF_TRIGGER,Circle
CU-ACT-3114,CU-SRC-0042,EVIDENCE_OF_TRIGGER,Circle
CU-ACT-3115,CU-SRC-0042,EVIDENCE_OF_TRIGGER,Circle
CU-ACT-3116,CU-SRC-0042,EVIDENCE_OF_TRIGGER,Circle
CU-ACT-3117,CU-SRC-0042,EVIDENCE_OF_TRIGGER,Circle
CU-ACT-3118,CU-SRC-0042,EVIDENCE_OF_TRIGGER,Circle
CU-ACT-3119,CU-SRC-0042,EVIDENCE_OF_TRIGGER,Circle
CU-ACT-3120,CU-SRC-0042,EVIDENCE_OF_TRIGGER,Circle
CU-ACT-3121,CU-SRC-0042,EVIDENCE_OF_TRIGGER,Circle
CU-ACT-3122,CU-SRC-0042,EVIDENCE_OF_TRIGGER,Circle
CU-ACT-3123,CU-SRC-0042,EVIDENCE_OF_TRIGGER,Circle
CU-ACT-3124,CU-SRC-0042,EVIDENCE_OF_TRIGGER,Circle
CU-ACT-3125,CU-SRC-0042,EVIDENCE_OF_TRIGGER,Circle
CU-ACT-3126,CU-SRC-0042,EVIDENCE_OF_TRIGGER,Circle
CU-ACT-3127,CU-SRC-0042,EVIDENCE_OF_TRIGGER,Circle
CU-ACT-3128,CU-SRC-0042,EVIDENCE_OF_TRIGGER,Circle
CU-ACT-3129,CU-SRC-0042,EVIDENCE_OF_TRIGGER,Circle
CU-ACT-3130,CU-SRC-0042,EVIDENCE_OF_TRIGGER,Circle
CU-ACT-3131,CU-SRC-0042,EVIDENCE_OF_TRIGGER,Circle
CU-ACT-3132,CU-SRC-0042,EVIDENCE_OF_TRIGGER,Circle
CU-ACT-3133,CU-SRC-0042,EVIDENCE_OF_TRIGGER,Circle
CU-ACT-3134,CU-SRC-0042,EVIDENCE_OF_TRIGGER,Circle
CU-ACT-3135,CU-SRC-0042,EVIDENCE_OF_TRIGGER,Circle
CU-ACT-3188,CU-SRC-0042,EVIDENCE_OF_TRIGGER,Circle
CU-ACT-3189,CU-SRC-0042,EVIDENCE_OF_TRIGGER,Circle
CU-ACT-3190,CU-SRC-0042,EVIDENCE_OF_TRIGGER,Circle
CU-ACT-3191,CU-SRC-0042,EVIDENCE_OF_TRIGGER,Circle
CU-ACT-3192,CU-SRC-0042,EVIDENCE_OF_TRIGGER,Circle
CU-ACT-3193,CU-SRC-0042,EVIDENCE_OF_TRIGGER,Circle
CU-ACT-3194,CU-SRC-0042,EVIDENCE_OF_TRIGGER,Circle
CU-ACT-3195,CU-SRC-0042,EVIDENCE_OF_TRIGGER,Circle
CU-ACT-3196,CU-SRC-0042,EVIDENCE_OF_TRIGGER,Circle
CU-ACT-3197,CU-SRC-0042,EVIDENCE_OF_TRIGGER,Circle
CU-ACT-3198,CU-SRC-0042,EVIDENCE_OF_TRIGGER,Circle
CU-ACT-3199,CU-SRC-0042,EVIDENCE_OF_TRIGGER,Circle
CU-ACT-3200,CU-SRC-0042,EVIDENCE_OF_TRIGGER,Circle
CU-ACT-3201,CU-SRC-0042,EVIDENCE_OF_TRIGGER,Circle
CU-ACT-3202,CU-SRC-0042,EVIDENCE_OF_TRIGGER,Circle
CU-ACT-3203,CU-SRC-0042,EVIDENCE_OF_TRIGGER,Circle
CU-ACT-3204,CU-SRC-0042,EVIDENCE_OF_TRIGGER,Circle
CU-ACT-3205,CU-SRC-0042,EVIDENCE_OF_TRIGGER,Circle
CU-ACT-3206,CU-SRC-0042,EVIDENCE_OF_TRIGGER,Circle
CU-ACT-3207,CU-SRC-0042,EVIDENCE_OF_TRIGGER,Circle
CU-ACT-3208,CU-SRC-0042,EVIDENCE_OF_TRIGGER,Circle
CU-ACT-3209,CU-SRC-0042,EVIDENCE_OF_TRIGGER,Circle
CU-ACT-3210,CU-SRC-0042,EVIDENCE_OF_TRIGGER,Circle
CU-ACT-3211,CU-SRC-0042,EVIDENCE_OF_TRIGGER,Circle
CU-ACT-3212,CU-SRC-0042,EVIDENCE_OF_TRIGGER,Circle
CU-ACT-3213,CU-SRC-0042,EVIDENCE_OF_TRIGGER,Circle
CU-ACT-3214,CU-SRC-0042,EVIDENCE_OF_TRIGGER,Circle
CU-ACT-3215,CU-SRC-0042,EVIDENCE_OF_TRIGGER,Circle
CU-ACT-3216,CU-SRC-0042,EVIDENCE_OF_TRIGGER,Circle
CU-ACT-3217,CU-SRC-0042,EVIDENCE_OF_TRIGGER,Circle
CU-ACT-3218,CU-SRC-0042,EVIDENCE_OF_TRIGGER,Circle
CU-ACT-3219,CU-SRC-0042,EVIDENCE_OF_TRIGGER,Circle
CU-ACT-3220,CU-SRC-0042,EVIDENCE_OF_TRIGGER,Circle
CU-ACT-3221,CU-SRC-0042,EVIDENCE_OF_TRIGGER,Circle
CU-ACT-3222,CU-SRC-0042,EVIDENCE_OF_TRIGGER,Circle
CU-ACT-3223,CU-SRC-0042,EVIDENCE_OF_TRIGGER,Circle
CU-ACT-3224,CU-SRC-0042,EVIDENCE_OF_TRIGGER,Circle
CU-ACT-3225,CU-SRC-0042,EVIDENCE_OF_TRIGGER,Circle
CU-ACT-3226,CU-SRC-0042,EVIDENCE_OF_TRIGGER,Circle
CU-ACT-3227,CU-SRC-0042,EVIDENCE_OF_TRIGGER,Circle
CU-ACT-3228,CU-SRC-0042,EVIDENCE_OF_TRIGGER,Circle
CU-ACT-3229,CU-SRC-0042,EVIDENCE_OF_TRIGGER,Circle
CU-ACT-3230,CU-SRC-0042,EVIDENCE_OF_TRIGGER,Circle
CU-ACT-3231,CU-SRC-0042,EVIDENCE_OF_TRIGGER,Circle
CU-ACT-3232,CU-SRC-0042,EVIDENCE_OF_TRIGGER,Circle
CU-ACT-3233,CU-SRC-0042,EVIDENCE_OF_TRIGGER,Circle
CU-ACT-3234,CU-SRC-0042,EVIDENCE_OF_TRIGGER,Circle
CU-ACT-3235,CU-SRC-0042,EVIDENCE_OF_TRIGGER,Circle
CU-ACT-3236,CU-SRC-0042,EVIDENCE_OF_TRIGGER,Circle
CU-ACT-3237,CU-SRC-0042,EVIDENCE_OF_TRIGGER,Circle
CU-ACT-3238,CU-SRC-0042,EVIDENCE_OF_TRIGGER,Circle
CU-ACT-3239,CU-SRC-0042,EVIDENCE_OF_TRIGGER,Circle
CU-ACT-3240,CU-SRC-0042,EVIDENCE_OF_TRIGGER,Circle
CU-ACT-3241,CU-SRC-0042,EVIDENCE_OF_TRIGGER,Circle
CU-ACT-3242,CU-SRC-0042,EVIDENCE_OF_TRIGGER,Circle
CU-ACT-3243,CU-SRC-0042,EVIDENCE_OF_TRIGGER,Circle
CU-ACT-3244,CU-SRC-0042,EVIDENCE_OF_TRIGGER,Circle
CU-ACT-3245,CU-SRC-0042,EVIDENCE_OF_TRIGGER,Circle
CU-ACT-3246,CU-SRC-0042,EVIDENCE_OF_TRIGGER,Circle
CU-ACT-3247,CU-SRC-0042,EVIDENCE_OF_TRIGGER,Circle
CU-ACT-3248,CU-SRC-0042,EVIDENCE_OF_TRIGGER,Circle
CU-ACT-3249,CU-SRC-0042,EVIDENCE_OF_TRIGGER,Circle
CU-ACT-3250,CU-SRC-0042,EVIDENCE_OF_TRIGGER,Circle
CU-ACT-3251,CU-SRC-0042,EVIDENCE_OF_TRIGGER,Circle
CU-ACT-3252,CU-SRC-0042,EVIDENCE_OF_TRIGGER,Circle
CU-ACT-3253,CU-SRC-0042,EVIDENCE_OF_TRIGGER,Circle
CU-ACT-3254,CU-SRC-0042,EVIDENCE_OF_TRIGGER,Circle
CU-ACT-3255,CU-SRC-0042,EVIDENCE_OF_TRIGGER,Circle
CU-ACT-3256,CU-SRC-0042,EVIDENCE_OF_TRIGGER,Circle
CU-ACT-3257,CU-SRC-0042,EVIDENCE_OF_TRIGGER,Circle
CU-ACT-3258,CU-SRC-0042,EVIDENCE_OF_TRIGGER,Circle
CU-ACT-3259,CU-SRC-0042,EVIDENCE_OF_TRIGGER,Circle
CU-ACT-3260,CU-SRC-0042,EVIDENCE_OF_TRIGGER,Circle
CU-ACT-3261,CU-SRC-0042,EVIDENCE_OF_TRIGGER,Circle
CU-ACT-3262,CU-SRC-0042,EVIDENCE_OF_TRIGGER,Circle
CU-ACT-3263,CU-SRC-0042,EVIDENCE_OF_TRIGGER,Circle
CU-ACT-3264,CU-SRC-0042,EVIDENCE_OF_TRIGGER,Circle
CU-ACT-3265,CU-SRC-0042,EVIDENCE_OF_TRIGGER,Circle
CU-ACT-3266,CU-SRC-0042,EVIDENCE_OF_TRIGGER,Circle
CU-ACT-3267,CU-SRC-0042,EVIDENCE_OF_TRIGGER,Circle
CU-ACT-3268,CU-SRC-0042,EVIDENCE_OF_TRIGGER,Circle
CU-ACT-3269,CU-SRC-0042,EVIDENCE_OF_TRIGGER,Circle
CU-ACT-3270,CU-SRC-0042,EVIDENCE_OF_TRIGGER,Circle
CU-ACT-3271,CU-SRC-0042,EVIDENCE_OF_TRIGGER,Circle
CU-ACT-3272,CU-SRC-0042,EVIDENCE_OF_TRIGGER,Circle
CU-ACT-3273,CU-SRC-0042,EVIDENCE_OF_TRIGGER,Circle
CU-ACT-3274,CU-SRC-0042,EVIDENCE_OF_TRIGGER,Circle
CU-ACT-3275,CU-SRC-0042,EVIDENCE_OF_TRIGGER,Circle
CU-ACT-3276,CU-SRC-0042,EVIDENCE_OF_TRIGGER,Circle
CU-ACT-3277,CU-SRC-0042,EVIDENCE_OF_TRIGGER,Circle
CU-ACT-3278,CU-SRC-0042,EVIDENCE_OF_TRIGGER,Circle
CU-ACT-3279,CU-SRC-0042,EVIDENCE_OF_TRIGGER,Circle
CU-ACT-3280,CU-SRC-0042,EVIDENCE_OF_TRIGGER,Circle
CU-ACT-3281,CU-SRC-0042,EVIDENCE_OF_TRIGGER,Circle
CU-ACT-3282,CU-SRC-0042,EVIDENCE_OF_TRIGGER,Circle
CU-ACT-3283,CU-SRC-0042,EVIDENCE_OF_TRIGGER,Circle
CU-ACT-3284,CU-SRC-0042,EVIDENCE_OF_TRIGGER,Circle
CU-ACT-3285,CU-SRC-0042,EVIDENCE_OF_TRIGGER,Circle
CU-ACT-3286,CU-SRC-0042,EVIDENCE_OF_TRIGGER,Circle
CU-ACT-3287,CU-SRC-0042,EVIDENCE_OF_TRIGGER,Circle
CU-ACT-3288,CU-SRC-0042,EVIDENCE_OF_TRIGGER,Circle
CU-ACT-3289,CU-SRC-0042,EVIDENCE_OF_TRIGGER,Circle
CU-ACT-3290,CU-SRC-0042,EVIDENCE_OF_TRIGGER,Circle
CU-ACT-3291,CU-SRC-0042,EVIDENCE_OF_TRIGGER,Circle
CU-ACT-3292,CU-SRC-0042,EVIDENCE_OF_TRIGGER,Circle
CU-ACT-3293,CU-SRC-0042,EVIDENCE_OF_TRIGGER,Circle
CU-ACT-3294,CU-SRC-0042,EVIDENCE_OF_TRIGGER,Circle
CU-ACT-3295,CU-SRC-0042,EVIDENCE_OF_TRIGGER,Circle
CU-ACT-3296,CU-SRC-0042,EVIDENCE_OF_TRIGGER,Circle
CU-ACT-3297,CU-SRC-0042,EVIDENCE_OF_TRIGGER,Circle
CU-ACT-3298,CU-SRC-0042,EVIDENCE_OF_TRIGGER,Circle
CU-ACT-3299,CU-SRC-0042,EVIDENCE_OF_TRIGGER,Circle
CU-ACT-3300,CU-SRC-0042,EVIDENCE_OF_TRIGGER,Circle
CU-ACT-3301,CU-SRC-0042,EVIDENCE_OF_TRIGGER,Circle
CU-ACT-3302,CU-SRC-0042,EVIDENCE_OF_TRIGGER,Circle
CU-ACT-3303,CU-SRC-0042,EVIDENCE_OF_TRIGGER,Circle
CU-ACT-3304,CU-SRC-0042,EVIDENCE_OF_TRIGGER,Circle
CU-ACT-3305,CU-SRC-0042,EVIDENCE_OF_TRIGGER,Circle
CU-ACT-3306,CU-SRC-0042,EVIDENCE_OF_TRIGGER,Circle
CU-ACT-3307,CU-SRC-0042,EVIDENCE_OF_TRIGGER,Circle
CU-ACT-3308,CU-SRC-0042,EVIDENCE_OF_TRIGGER,Circle
CU-ACT-3309,CU-SRC-0042,EVIDENCE_OF_TRIGGER,Circle
CU-ACT-3310,CU-SRC-0042,EVIDENCE_OF_TRIGGER,Circle
CU-ACT-3311,CU-SRC-0042,EVIDENCE_OF_TRIGGER,Circle
CU-ACT-3312,CU-SRC-0042,EVIDENCE_OF_TRIGGER,Circle
CU-ACT-3313,CU-SRC-0042,EVIDENCE_OF_TRIGGER,Circle
CU-ACT-3314,CU-SRC-0042,EVIDENCE_OF_TRIGGER,Circle
CU-ACT-3315,CU-SRC-0042,EVIDENCE_OF_TRIGGER,Circle
CU-ACT-3316,CU-SRC-0042,EVIDENCE_OF_TRIGGER,Circle
CU-ACT-3317,CU-SRC-0042,EVIDENCE_OF_TRIGGER,Circle
CU-ACT-3318,CU-SRC-0042,EVIDENCE_OF_TRIGGER,Circle
CU-ACT-3362,CU-SRC-0042,EVIDENCE_OF_TRIGGER,Circle
CU-ACT-3363,CU-SRC-0042,EVIDENCE_OF_TRIGGER,Circle
CU-ACT-3364,CU-SRC-0042,EVIDENCE_OF_TRIGGER,Circle
CU-ACT-3365,CU-SRC-0042,EVIDENCE_OF_TRIGGER,Circle
CU-ACT-3366,CU-SRC-0042,EVIDENCE_OF_TRIGGER,Circle
CU-ACT-3367,CU-SRC-0042,EVIDENCE_OF_TRIGGER,Circle
CU-ACT-3368,CU-SRC-0042,EVIDENCE_OF_TRIGGER,Circle
CU-ACT-3369,CU-SRC-0042,EVIDENCE_OF_TRIGGER,Circle
CU-ACT-3370,CU-SRC-0042,EVIDENCE_OF_TRIGGER,Circle
CU-ACT-3371,CU-SRC-0042,EVIDENCE_OF_TRIGGER,Circle
CU-ACT-3372,CU-SRC-0042,EVIDENCE_OF_TRIGGER,Circle
CU-ACT-3373,CU-SRC-0042,EVIDENCE_OF_TRIGGER,Circle
CU-ACT-3374,CU-SRC-0042,EVIDENCE_OF_TRIGGER,Circle
CU-ACT-3375,CU-SRC-0042,EVIDENCE_OF_TRIGGER,Circle
CU-ACT-3376,CU-SRC-0042,EVIDENCE_OF_TRIGGER,Circle
CU-ACT-3377,CU-SRC-0042,EVIDENCE_OF_TRIGGER,Circle
CU-ACT-3378,CU-SRC-0042,EVIDENCE_OF_TRIGGER,Circle
CU-ACT-3379,CU-SRC-0042,EVIDENCE_OF_TRIGGER,Circle
CU-ACT-3380,CU-SRC-0042,EVIDENCE_OF_TRIGGER,Circle
CU-ACT-3381,CU-SRC-0042,EVIDENCE_OF_TRIGGER,Circle
CU-ACT-3382,CU-SRC-0042,EVIDENCE_OF_TRIGGER,Circle
CU-ACT-3383,CU-SRC-0042,EVIDENCE_OF_TRIGGER,Circle
CU-ACT-3384,CU-SRC-0042,EVIDENCE_OF_TRIGGER,Circle
CU-ACT-3385,CU-SRC-0042,EVIDENCE_OF_TRIGGER,Circle
CU-ACT-3386,CU-SRC-0042,EVIDENCE_OF_TRIGGER,Circle
CU-ACT-3387,CU-SRC-0042,EVIDENCE_OF_TRIGGER,Circle
CU-ACT-3388,CU-SRC-0042,EVIDENCE_OF_TRIGGER,Circle
CU-ACT-3389,CU-SRC-0042,EVIDENCE_OF_TRIGGER,Circle
CU-ACT-3390,CU-SRC-0042,EVIDENCE_OF_TRIGGER,Circle
CU-ACT-3391,CU-SRC-0042,EVIDENCE_OF_TRIGGER,Circle
CU-ACT-3392,CU-SRC-0042,EVIDENCE_OF_TRIGGER,Circle
CU-ACT-3393,CU-SRC-0042,EVIDENCE_OF_TRIGGER,Circle
CU-ACT-3394,CU-SRC-0042,EVIDENCE_OF_TRIGGER,Circle
CU-ACT-3395,CU-SRC-0042,EVIDENCE_OF_TRIGGER,Circle
CU-ACT-3396,CU-SRC-0042,EVIDENCE_OF_TRIGGER,Circle
CU-ACT-3397,CU-SRC-0042,EVIDENCE_OF_TRIGGER,Circle
CU-ACT-3398,CU-SRC-0042,EVIDENCE_OF_TRIGGER,Circle
CU-ACT-3399,CU-SRC-0042,EVIDENCE_OF_TRIGGER,Circle
CU-ACT-3400,CU-SRC-0042,EVIDENCE_OF_TRIGGER,Circle
CU-ACT-3401,CU-SRC-0042,EVIDENCE_OF_TRIGGER,Circle
CU-ACT-3402,CU-SRC-0042,EVIDENCE_OF_TRIGGER,Circle
CU-ACT-3403,CU-SRC-0042,EVIDENCE_OF_TRIGGER,Circle
CU-ACT-3404,CU-SRC-0042,EVIDENCE_OF_TRIGGER,Circle
CU-ACT-3405,CU-SRC-0042,EVIDENCE_OF_TRIGGER,Circle
CU-ACT-3406,CU-SRC-0042,EVIDENCE_OF_TRIGGER,Circle
CU-ACT-3407,CU-SRC-0042,EVIDENCE_OF_TRIGGER,Circle
CU-ACT-3408,CU-SRC-0042,EVIDENCE_OF_TRIGGER,Circle
CU-ACT-3409,CU-SRC-0042,EVIDENCE_OF_TRIGGER,Circle
CU-ACT-3410,CU-SRC-0042,EVIDENCE_OF_TRIGGER,Circle
CU-ACT-3411,CU-SRC-0042,EVIDENCE_OF_TRIGGER,Circle
CU-ACT-3412,CU-SRC-0042,EVIDENCE_OF_TRIGGER,Circle
CU-ACT-3413,CU-SRC-0042,EVIDENCE_OF_TRIGGER,Circle
CU-ACT-3414,CU-SRC-0042,EVIDENCE_OF_TRIGGER,Circle
CU-ACT-3415,CU-SRC-0042,EVIDENCE_OF_TRIGGER,Circle
CU-ACT-3416,CU-SRC-0042,EVIDENCE_OF_TRIGGER,Circle
CU-ACT-3417,CU-SRC-0042,EVIDENCE_OF_TRIGGER,Circle
CU-ACT-3418,CU-SRC-0042,EVIDENCE_OF_TRIGGER,Circle
CU-ACT-3419,CU-SRC-0042,EVIDENCE_OF_TRIGGER,Circle
CU-ACT-3420,CU-SRC-0042,EVIDENCE_OF_TRIGGER,Circle
CU-ACT-3421,CU-SRC-0042,EVIDENCE_OF_TRIGGER,Circle
CU-ACT-3422,CU-SRC-0042,EVIDENCE_OF_TRIGGER,Circle
CU-ACT-3423,CU-SRC-0042,EVIDENCE_OF_TRIGGER,Circle
CU-ACT-3424,CU-SRC-0042,EVIDENCE_OF_TRIGGER,Circle
CU-ACT-3425,CU-SRC-0042,EVIDENCE_OF_TRIGGER,Circle
CU-ACT-3426,CU-SRC-0042,EVIDENCE_OF_TRIGGER,Circle
CU-ACT-3427,CU-SRC-0042,EVIDENCE_OF_TRIGGER,Circle
CU-ACT-3428,CU-SRC-0042,EVIDENCE_OF_TRIGGER,Circle
CU-ACT-3429,CU-SRC-0042,EVIDENCE_OF_TRIGGER,Circle
CU-ACT-3430,CU-SRC-0042,EVIDENCE_OF_TRIGGER,Circle
CU-ACT-3431,CU-SRC-0042,EVIDENCE_OF_TRIGGER,Circle
CU-ACT-3432,CU-SRC-0042,EVIDENCE_OF_TRIGGER,Circle
CU-ACT-3433,CU-SRC-0042,EVIDENCE_OF_TRIGGER,Circle
CU-ACT-3434,CU-SRC-0042,EVIDENCE_OF_TRIGGER,Circle
CU-ACT-3435,CU-SRC-0042,EVIDENCE_OF_TRIGGER,Circle
CU-ACT-3436,CU-SRC-0042,EVIDENCE_OF_TRIGGER,Circle
CU-ACT-3437,CU-SRC-0042,EVIDENCE_OF_TRIGGER,Circle
CU-ACT-3438,CU-SRC-0042,EVIDENCE_OF_TRIGGER,Circle
CU-ACT-3439,CU-SRC-0042,EVIDENCE_OF_TRIGGER,Circle
CU-ACT-3440,CU-SRC-0042,EVIDENCE_OF_TRIGGER,Circle
CU-ACT-3441,CU-SRC-0042,EVIDENCE_OF_TRIGGER,Circle
CU-ACT-3442,CU-SRC-0042,EVIDENCE_OF_TRIGGER,Circle
CU-ACT-3443,CU-SRC-0042,EVIDENCE_OF_TRIGGER,Circle
CU-ACT-3444,CU-SRC-0042,EVIDENCE_OF_TRIGGER,Circle
CU-ACT-3445,CU-SRC-0042,EVIDENCE_OF_TRIGGER,Circle
CU-ACT-3446,CU-SRC-0042,EVIDENCE_OF_TRIGGER,Circle
CU-ACT-3447,CU-SRC-0042,EVIDENCE_OF_TRIGGER,Circle
CU-ACT-3448,CU-SRC-0042,EVIDENCE_OF_TRIGGER,Circle
CU-ACT-3449,CU-SRC-0042,EVIDENCE_OF_TRIGGER,Circle
CU-ACT-3450,CU-SRC-0042,EVIDENCE_OF_TRIGGER,Circle
CU-ACT-3451,CU-SRC-0042,EVIDENCE_OF_TRIGGER,Circle
CU-ACT-3452,CU-SRC-0042,EVIDENCE_OF_TRIGGER,Circle
CU-ACT-3453,CU-SRC-0042,EVIDENCE_OF_TRIGGER,Circle
CU-ACT-3454,CU-SRC-0042,EVIDENCE_OF_TRIGGER,Circle
CU-ACT-3455,CU-SRC-0042,EVIDENCE_OF_TRIGGER,Circle
CU-ACT-3456,CU-SRC-0042,EVIDENCE_OF_TRIGGER,Circle
CU-ACT-3457,CU-SRC-0042,EVIDENCE_OF_TRIGGER,Circle
CU-ACT-3458,CU-SRC-0042,EVIDENCE_OF_TRIGGER,Circle
CU-ACT-3459,CU-SRC-0042,EVIDENCE_OF_TRIGGER,Circle
CU-ACT-3460,CU-SRC-0042,EVIDENCE_OF_TRIGGER,Circle
CU-ACT-3461,CU-SRC-0042,EVIDENCE_OF_TRIGGER,Circle
CU-ACT-3462,CU-SRC-0042,EVIDENCE_OF_TRIGGER,Circle
CU-ACT-3463,CU-SRC-0042,EVIDENCE_OF_TRIGGER,Circle
CU-ACT-3464,CU-SRC-0042,EVIDENCE_OF_TRIGGER,Circle
CU-ACT-3465,CU-SRC-0042,EVIDENCE_OF_TRIGGER,Circle
CU-ACT-3466,CU-SRC-0042,EVIDENCE_OF_TRIGGER,Circle
CU-ACT-3467,CU-SRC-0042,EVIDENCE_OF_TRIGGER,Circle
CU-ACT-3468,CU-SRC-0042,EVIDENCE_OF_TRIGGER,Circle
CU-ACT-3469,CU-SRC-0042,EVIDENCE_OF_TRIGGER,Circle
CU-ACT-3470,CU-SRC-0042,EVIDENCE_OF_TRIGGER,Circle
CU-ACT-3471,CU-SRC-0042,EVIDENCE_OF_TRIGGER,Circle
CU-ACT-3472,CU-SRC-0042,EVIDENCE_OF_TRIGGER,Circle
CU-ACT-3473,CU-SRC-0042,EVIDENCE_OF_TRIGGER,Circle
CU-ACT-3474,CU-SRC-0042,EVIDENCE_OF_TRIGGER,Circle
CU-ACT-3475,CU-SRC-0042,EVIDENCE_OF_TRIGGER,Circle
CU-ACT-3476,CU-SRC-0042,EVIDENCE_OF_TRIGGER,Circle
CU-ACT-3477,CU-SRC-0042,EVIDENCE_OF_TRIGGER,Circle
CU-ACT-3478,CU-SRC-0042,EVIDENCE_OF_TRIGGER,Circle
CU-ACT-3479,CU-SRC-0042,EVIDENCE_OF_TRIGGER,Circle
CU-ACT-3480,CU-SRC-0042,EVIDENCE_OF_TRIGGER,Circle
CU-ACT-3481,CU-SRC-0042,EVIDENCE_OF_TRIGGER,Circle
CU-ACT-3482,CU-SRC-0042,EVIDENCE_OF_TRIGGER,Circle
CU-ACT-3483,CU-SRC-0042,EVIDENCE_OF_TRIGGER,Circle
CU-ACT-3484,CU-SRC-0042,EVIDENCE_OF_TRIGGER,Circle
CU-ACT-3485,CU-SRC-0042,EVIDENCE_OF_TRIGGER,Circle
CU-ACT-3486,CU-SRC-0042,EVIDENCE_OF_TRIGGER,Circle
CU-ACT-3487,CU-SRC-0042,EVIDENCE_OF_TRIGGER,Circle
CU-ACT-3488,CU-SRC-0042,EVIDENCE_OF_TRIGGER,Circle
CU-ACT-3489,CU-SRC-0042,EVIDENCE_OF_TRIGGER,Circle
CU-ACT-3490,CU-SRC-0042,EVIDENCE_OF_TRIGGER,Circle
CU-ACT-3491,CU-SRC-0042,EVIDENCE_OF_TRIGGER,Circle
CU-ACT-3492,CU-SRC-0042,EVIDENCE_OF_TRIGGER,Circle
CU-ACT-3532,CU-SRC-0042,EVIDENCE_OF_TRIGGER,Circle
CU-ACT-3533,CU-SRC-0042,EVIDENCE_OF_TRIGGER,Circle
CU-ACT-3534,CU-SRC-0042,EVIDENCE_OF_TRIGGER,Circle
CU-ACT-3535,CU-SRC-0042,EVIDENCE_OF_TRIGGER,Circle
CU-ACT-3536,CU-SRC-0042,EVIDENCE_OF_TRIGGER,Circle
CU-ACT-3537,CU-SRC-0042,EVIDENCE_OF_TRIGGER,Circle
CU-ACT-3538,CU-SRC-0042,EVIDENCE_OF_TRIGGER,Circle
CU-ACT-3539,CU-SRC-0042,EVIDENCE_OF_TRIGGER,Circle
CU-ACT-3540,CU-SRC-0042,EVIDENCE_OF_TRIGGER,Circle
CU-ACT-3541,CU-SRC-0042,EVIDENCE_OF_TRIGGER,Circle
CU-ACT-3542,CU-SRC-0042,EVIDENCE_OF_TRIGGER,Circle
CU-ACT-3543,CU-SRC-0042,EVIDENCE_OF_TRIGGER,Circle
CU-ACT-3544,CU-SRC-0042,EVIDENCE_OF_TRIGGER,Circle
CU-ACT-3545,CU-SRC-0042,EVIDENCE_OF_TRIGGER,Circle
CU-ACT-3546,CU-SRC-0042,EVIDENCE_OF_TRIGGER,Circle
CU-ACT-3547,CU-SRC-0042,EVIDENCE_OF_TRIGGER,Circle
CU-ACT-3548,CU-SRC-0042,EVIDENCE_OF_TRIGGER,Circle
CU-ACT-3549,CU-SRC-0042,EVIDENCE_OF_TRIGGER,Circle
CU-ACT-3550,CU-SRC-0042,EVIDENCE_OF_TRIGGER,Circle
CU-ACT-3551,CU-SRC-0042,EVIDENCE_OF_TRIGGER,Circle
CU-ACT-3552,CU-SRC-0042,EVIDENCE_OF_TRIGGER,Circle
CU-ACT-3553,CU-SRC-0042,EVIDENCE_OF_TRIGGER,Circle
CU-ACT-3554,CU-SRC-0042,EVIDENCE_OF_TRIGGER,Circle
CU-ACT-3555,CU-SRC-0042,EVIDENCE_OF_TRIGGER,Circle
CU-ACT-3556,CU-SRC-0042,EVIDENCE_OF_TRIGGER,Circle
CU-ACT-3557,CU-SRC-0042,EVIDENCE_OF_TRIGGER,Circle
CU-ACT-3558,CU-SRC-0042,EVIDENCE_OF_TRIGGER,Circle
CU-ACT-3559,CU-SRC-0042,EVIDENCE_OF_TRIGGER,Circle
CU-ACT-3560,CU-SRC-0042,EVIDENCE_OF_TRIGGER,Circle
CU-ACT-3561,CU-SRC-0042,EVIDENCE_OF_TRIGGER,Circle
CU-ACT-3562,CU-SRC-0042,EVIDENCE_OF_TRIGGER,Circle
CU-ACT-3563,CU-SRC-0042,EVIDENCE_OF_TRIGGER,Circle
CU-ACT-3564,CU-SRC-0042,EVIDENCE_OF_TRIGGER,Circle
CU-ACT-3565,CU-SRC-0042,EVIDENCE_OF_TRIGGER,Circle
CU-ACT-3566,CU-SRC-0042,EVIDENCE_OF_TRIGGER,Circle
CU-ACT-3567,CU-SRC-0042,EVIDENCE_OF_TRIGGER,Circle
CU-ACT-3568,CU-SRC-0042,EVIDENCE_OF_TRIGGER,Circle
CU-ACT-3569,CU-SRC-0042,EVIDENCE_OF_TRIGGER,Circle
CU-ACT-3570,CU-SRC-0042,EVIDENCE_OF_TRIGGER,Circle
CU-ACT-3571,CU-SRC-0042,EVIDENCE_OF_TRIGGER,Circle
CU-ACT-3572,CU-SRC-0042,EVIDENCE_OF_TRIGGER,Circle
CU-ACT-3573,CU-SRC-0042,EVIDENCE_OF_TRIGGER,Circle
CU-ACT-3574,CU-SRC-0042,EVIDENCE_OF_TRIGGER,Circle
CU-ACT-3575,CU-SRC-0042,EVIDENCE_OF_TRIGGER,Circle
CU-ACT-3576,CU-SRC-0042,EVIDENCE_OF_TRIGGER,Circle
CU-ACT-3577,CU-SRC-0042,EVIDENCE_OF_TRIGGER,Circle
CU-ACT-3578,CU-SRC-0042,EVIDENCE_OF_TRIGGER,Circle
CU-ACT-3579,CU-SRC-0042,EVIDENCE_OF_TRIGGER,Circle
CU-ACT-3580,CU-SRC-0042,EVIDENCE_OF_TRIGGER,Circle
CU-ACT-3581,CU-SRC-0042,EVIDENCE_OF_TRIGGER,Circle
CU-ACT-3582,CU-SRC-0042,EVIDENCE_OF_TRIGGER,Circle
CU-ACT-3583,CU-SRC-0042,EVIDENCE_OF_TRIGGER,Circle
CU-ACT-3584,CU-SRC-0042,EVIDENCE_OF_TRIGGER,Circle
CU-ACT-3585,CU-SRC-0042,EVIDENCE_OF_TRIGGER,Circle
CU-ACT-3586,CU-SRC-0042,EVIDENCE_OF_TRIGGER,Circle
CU-ACT-3587,CU-SRC-0042,EVIDENCE_OF_TRIGGER,Circle
CU-ACT-3588,CU-SRC-0042,EVIDENCE_OF_TRIGGER,Circle
CU-ACT-3589,CU-SRC-0042,EVIDENCE_OF_TRIGGER,Circle
CU-ACT-3590,CU-SRC-0042,EVIDENCE_OF_TRIGGER,Circle
CU-ACT-3591,CU-SRC-0042,EVIDENCE_OF_TRIGGER,Circle
CU-ACT-3592,CU-SRC-0042,EVIDENCE_OF_TRIGGER,Circle
CU-ACT-3593,CU-SRC-0042,EVIDENCE_OF_TRIGGER,Circle
CU-ACT-3594,CU-SRC-0042,EVIDENCE_OF_TRIGGER,Circle
CU-ACT-3595,CU-SRC-0042,EVIDENCE_OF_TRIGGER,Circle
CU-ACT-3596,CU-SRC-0042,EVIDENCE_OF_TRIGGER,Circle
CU-ACT-3597,CU-SRC-0042,EVIDENCE_OF_TRIGGER,Circle
CU-ACT-3598,CU-SRC-0042,EVIDENCE_OF_TRIGGER,Circle
CU-ACT-3599,CU-SRC-0042,EVIDENCE_OF_TRIGGER,Circle
CU-ACT-3600,CU-SRC-0042,EVIDENCE_OF_TRIGGER,Circle
CU-ACT-3601,CU-SRC-0042,EVIDENCE_OF_TRIGGER,Circle
CU-ACT-3602,CU-SRC-0042,EVIDENCE_OF_TRIGGER,Circle
CU-ACT-3603,CU-SRC-0042,EVIDENCE_OF_TRIGGER,Circle
CU-ACT-3604,CU-SRC-0042,EVIDENCE_OF_TRIGGER,Circle
CU-ACT-3605,CU-SRC-0042,EVIDENCE_OF_TRIGGER,Circle
CU-ACT-3606,CU-SRC-0042,EVIDENCE_OF_TRIGGER,Circle
CU-ACT-3607,CU-SRC-0042,EVIDENCE_OF_TRIGGER,Circle
CU-ACT-3608,CU-SRC-0042,EVIDENCE_OF_TRIGGER,Circle
CU-ACT-3609,CU-SRC-0042,EVIDENCE_OF_TRIGGER,Circle
CU-ACT-3610,CU-SRC-0042,EVIDENCE_OF_TRIGGER,Circle
CU-ACT-3611,CU-SRC-0042,EVIDENCE_OF_TRIGGER,Circle
CU-ACT-3612,CU-SRC-0042,EVIDENCE_OF_TRIGGER,Circle
CU-ACT-3613,CU-SRC-0042,EVIDENCE_OF_TRIGGER,Circle
CU-ACT-3614,CU-SRC-0042,EVIDENCE_OF_TRIGGER,Circle
CU-ACT-3615,CU-SRC-0042,EVIDENCE_OF_TRIGGER,Circle
CU-ACT-3616,CU-SRC-0042,EVIDENCE_OF_TRIGGER,Circle
CU-ACT-3617,CU-SRC-0042,EVIDENCE_OF_TRIGGER,Circle
CU-ACT-3618,CU-SRC-0042,EVIDENCE_OF_TRIGGER,Circle
CU-ACT-3619,CU-SRC-0042,EVIDENCE_OF_TRIGGER,Circle
CU-ACT-3620,CU-SRC-0042,EVIDENCE_OF_TRIGGER,Circle
CU-ACT-3621,CU-SRC-0042,EVIDENCE_OF_TRIGGER,Circle
CU-ACT-3622,CU-SRC-0042,EVIDENCE_OF_TRIGGER,Circle
CU-ACT-3623,CU-SRC-0042,EVIDENCE_OF_TRIGGER,Circle
CU-ACT-3624,CU-SRC-0042,EVIDENCE_OF_TRIGGER,Circle
CU-ACT-3625,CU-SRC-0042,EVIDENCE_OF_TRIGGER,Circle
CU-ACT-3626,CU-SRC-0042,EVIDENCE_OF_TRIGGER,Circle
CU-ACT-3627,CU-SRC-0042,EVIDENCE_OF_TRIGGER,Circle
CU-ACT-3628,CU-SRC-0042,EVIDENCE_OF_TRIGGER,Circle
CU-ACT-3629,CU-SRC-0042,EVIDENCE_OF_TRIGGER,Circle
CU-ACT-3630,CU-SRC-0042,EVIDENCE_OF_TRIGGER,Circle
CU-ACT-3631,CU-SRC-0042,EVIDENCE_OF_TRIGGER,Circle
CU-ACT-3632,CU-SRC-0042,EVIDENCE_OF_TRIGGER,Circle
CU-ACT-3633,CU-SRC-0042,EVIDENCE_OF_TRIGGER,Circle
CU-ACT-3634,CU-SRC-0042,EVIDENCE_OF_TRIGGER,Circle
CU-ACT-3635,CU-SRC-0042,EVIDENCE_OF_TRIGGER,Circle
CU-ACT-3636,CU-SRC-0042,EVIDENCE_OF_TRIGGER,Circle
CU-ACT-3637,CU-SRC-0042,EVIDENCE_OF_TRIGGER,Circle
CU-ACT-3638,CU-SRC-0042,EVIDENCE_OF_TRIGGER,Circle
CU-ACT-3639,CU-SRC-0042,EVIDENCE_OF_TRIGGER,Circle
CU-ACT-3640,CU-SRC-0042,EVIDENCE_OF_TRIGGER,Circle
CU-ACT-3641,CU-SRC-0042,EVIDENCE_OF_TRIGGER,Circle
CU-ACT-3642,CU-SRC-0042,EVIDENCE_OF_TRIGGER,Circle
CU-ACT-3643,CU-SRC-0042,EVIDENCE_OF_TRIGGER,Circle
CU-ACT-3644,CU-SRC-0042,EVIDENCE_OF_TRIGGER,Circle
CU-ACT-3645,CU-SRC-0042,EVIDENCE_OF_TRIGGER,Circle
CU-ACT-3646,CU-SRC-0042,EVIDENCE_OF_TRIGGER,Circle
CU-ACT-3647,CU-SRC-0042,EVIDENCE_OF_TRIGGER,Circle
CU-ACT-3648,CU-SRC-0042,EVIDENCE_OF_TRIGGER,Circle
CU-ACT-3649,CU-SRC-0042,EVIDENCE_OF_TRIGGER,Circle
CU-ACT-3650,CU-SRC-0042,EVIDENCE_OF_TRIGGER,Circle
CU-ACT-3651,CU-SRC-0042,EVIDENCE_OF_TRIGGER,Circle
CU-ACT-3652,CU-SRC-0042,EVIDENCE_OF_TRIGGER,Circle
CU-ACT-3653,CU-SRC-0042,EVIDENCE_OF_TRIGGER,Circle
CU-ACT-3654,CU-SRC-0042,EVIDENCE_OF_TRIGGER,Circle
CU-ACT-3655,CU-SRC-0042,EVIDENCE_OF_TRIGGER,Circle
CU-ACT-3656,CU-SRC-0042,EVIDENCE_OF_TRIGGER,Circle
CU-ACT-3657,CU-SRC-0042,EVIDENCE_OF_TRIGGER,Circle
CU-ACT-3658,CU-SRC-0042,EVIDENCE_OF_TRIGGER,Circle
CU-ACT-3659,CU-SRC-0042,EVIDENCE_OF_TRIGGER,Circle
CU-ACT-3660,CU-SRC-0042,EVIDENCE_OF_TRIGGER,Circle
CU-ACT-3661,CU-SRC-0042,EVIDENCE_OF_TRIGGER,Circle
CU-ACT-3662,CU-SRC-0042,EVIDENCE_OF_TRIGGER,Circle
CU-ACT-3702,CU-SRC-0042,EVIDENCE_OF_TRIGGER,Circle
CU-ACT-3703,CU-SRC-0042,EVIDENCE_OF_TRIGGER,Circle
CU-ACT-3704,CU-SRC-0042,EVIDENCE_OF_TRIGGER,Circle
CU-ACT-3705,CU-SRC-0042,EVIDENCE_OF_TRIGGER,Circle
CU-ACT-3706,CU-SRC-0042,EVIDENCE_OF_TRIGGER,Circle
CU-ACT-3707,CU-SRC-0042,EVIDENCE_OF_TRIGGER,Circle
CU-ACT-3708,CU-SRC-0042,EVIDENCE_OF_TRIGGER,Circle
CU-ACT-3709,CU-SRC-0042,EVIDENCE_OF_TRIGGER,Circle
CU-ACT-3710,CU-SRC-0042,EVIDENCE_OF_TRIGGER,Circle
CU-ACT-3711,CU-SRC-0042,EVIDENCE_OF_TRIGGER,Circle
CU-ACT-3712,CU-SRC-0042,EVIDENCE_OF_TRIGGER,Circle
CU-ACT-3713,CU-SRC-0042,EVIDENCE_OF_TRIGGER,Circle
CU-ACT-3714,CU-SRC-0042,EVIDENCE_OF_TRIGGER,Circle
CU-ACT-3715,CU-SRC-0042,EVIDENCE_OF_TRIGGER,Circle
CU-ACT-3716,CU-SRC-0042,EVIDENCE_OF_TRIGGER,Circle
CU-ACT-3717,CU-SRC-0042,EVIDENCE_OF_TRIGGER,Circle
CU-ACT-3718,CU-SRC-0042,EVIDENCE_OF_TRIGGER,Circle
CU-ACT-3719,CU-SRC-0042,EVIDENCE_OF_TRIGGER,Circle
CU-ACT-3720,CU-SRC-0042,EVIDENCE_OF_TRIGGER,Circle
CU-ACT-3721,CU-SRC-0042,EVIDENCE_OF_TRIGGER,Circle
CU-ACT-3722,CU-SRC-0042,EVIDENCE_OF_TRIGGER,Circle
CU-ACT-3723,CU-SRC-0042,EVIDENCE_OF_TRIGGER,Circle
CU-ACT-3724,CU-SRC-0042,EVIDENCE_OF_TRIGGER,Circle
CU-ACT-3725,CU-SRC-0042,EVIDENCE_OF_TRIGGER,Circle
CU-ACT-3726,CU-SRC-0042,EVIDENCE_OF_TRIGGER,Circle
CU-ACT-3727,CU-SRC-0042,EVIDENCE_OF_TRIGGER,Circle
CU-ACT-3728,CU-SRC-0042,EVIDENCE_OF_TRIGGER,Circle
CU-ACT-3729,CU-SRC-0042,EVIDENCE_OF_TRIGGER,Circle
CU-ACT-3730,CU-SRC-0042,EVIDENCE_OF_TRIGGER,Circle
CU-ACT-3731,CU-SRC-0042,EVIDENCE_OF_TRIGGER,Circle
CU-ACT-3732,CU-SRC-0042,EVIDENCE_OF_TRIGGER,Circle
CU-ACT-3733,CU-SRC-0042,EVIDENCE_OF_TRIGGER,Circle
CU-ACT-3734,CU-SRC-0042,EVIDENCE_OF_TRIGGER,Circle
CU-ACT-3735,CU-SRC-0042,EVIDENCE_OF_TRIGGER,Circle
CU-ACT-3736,CU-SRC-0042,EVIDENCE_OF_TRIGGER,Circle
CU-ACT-3737,CU-SRC-0042,EVIDENCE_OF_TRIGGER,Circle
CU-ACT-3738,CU-SRC-0042,EVIDENCE_OF_TRIGGER,Circle
CU-ACT-3739,CU-SRC-0042,EVIDENCE_OF_TRIGGER,Circle
CU-ACT-3740,CU-SRC-0042,EVIDENCE_OF_TRIGGER,Circle
CU-ACT-3741,CU-SRC-0042,EVIDENCE_OF_TRIGGER,Circle
CU-ACT-3742,CU-SRC-0042,EVIDENCE_OF_TRIGGER,Circle
CU-ACT-3743,CU-SRC-0042,EVIDENCE_OF_TRIGGER,Circle
CU-ACT-3744,CU-SRC-0042,EVIDENCE_OF_TRIGGER,Circle
CU-ACT-3745,CU-SRC-0042,EVIDENCE_OF_TRIGGER,Circle
CU-ACT-3746,CU-SRC-0042,EVIDENCE_OF_TRIGGER,Circle
CU-ACT-3747,CU-SRC-0042,EVIDENCE_OF_TRIGGER,Circle
CU-ACT-3748,CU-SRC-0042,EVIDENCE_OF_TRIGGER,Circle
CU-ACT-3749,CU-SRC-0042,EVIDENCE_OF_TRIGGER,Circle
CU-ACT-3750,CU-SRC-0042,EVIDENCE_OF_TRIGGER,Circle
CU-ACT-3751,CU-SRC-0042,EVIDENCE_OF_TRIGGER,Circle
CU-ACT-3752,CU-SRC-0042,EVIDENCE_OF_TRIGGER,Circle
CU-ACT-3753,CU-SRC-0042,EVIDENCE_OF_TRIGGER,Circle
CU-ACT-3754,CU-SRC-0042,EVIDENCE_OF_TRIGGER,Circle
CU-ACT-3755,CU-SRC-0042,EVIDENCE_OF_TRIGGER,Circle
CU-ACT-3756,CU-SRC-0042,EVIDENCE_OF_TRIGGER,Circle
CU-ACT-3757,CU-SRC-0042,EVIDENCE_OF_TRIGGER,Circle
CU-ACT-3758,CU-SRC-0042,EVIDENCE_OF_TRIGGER,Circle
CU-ACT-3759,CU-SRC-0042,EVIDENCE_OF_TRIGGER,Circle
CU-ACT-3760,CU-SRC-0042,EVIDENCE_OF_TRIGGER,Circle
CU-ACT-3761,CU-SRC-0042,EVIDENCE_OF_TRIGGER,Circle
CU-ACT-3762,CU-SRC-0042,EVIDENCE_OF_TRIGGER,Circle
CU-ACT-3763,CU-SRC-0042,EVIDENCE_OF_TRIGGER,Circle
CU-ACT-3764,CU-SRC-0042,EVIDENCE_OF_TRIGGER,Circle
CU-ACT-3765,CU-SRC-0042,EVIDENCE_OF_TRIGGER,Circle
CU-ACT-3766,CU-SRC-0042,EVIDENCE_OF_TRIGGER,Circle
CU-ACT-3767,CU-SRC-0042,EVIDENCE_OF_TRIGGER,Circle
CU-ACT-3768,CU-SRC-0042,EVIDENCE_OF_TRIGGER,Circle
CU-ACT-3769,CU-SRC-0042,EVIDENCE_OF_TRIGGER,Circle
CU-ACT-3770,CU-SRC-0042,EVIDENCE_OF_TRIGGER,Circle
CU-ACT-3771,CU-SRC-0042,EVIDENCE_OF_TRIGGER,Circle
CU-ACT-3772,CU-SRC-0042,EVIDENCE_OF_TRIGGER,Circle
CU-ACT-3773,CU-SRC-0042,EVIDENCE_OF_TRIGGER,Circle
CU-ACT-3774,CU-SRC-0042,EVIDENCE_OF_TRIGGER,Circle
CU-ACT-3775,CU-SRC-0042,EVIDENCE_OF_TRIGGER,Circle
CU-ACT-3776,CU-SRC-0042,EVIDENCE_OF_TRIGGER,Circle
CU-ACT-3777,CU-SRC-0042,EVIDENCE_OF_TRIGGER,Circle
CU-ACT-3778,CU-SRC-0042,EVIDENCE_OF_TRIGGER,Circle
CU-ACT-3779,CU-SRC-0042,EVIDENCE_OF_TRIGGER,Circle
CU-ACT-3780,CU-SRC-0042,EVIDENCE_OF_TRIGGER,Circle
CU-ACT-3781,CU-SRC-0042,EVIDENCE_OF_TRIGGER,Circle
CU-ACT-3782,CU-SRC-0042,EVIDENCE_OF_TRIGGER,Circle
CU-ACT-3783,CU-SRC-0042,EVIDENCE_OF_TRIGGER,Circle
CU-ACT-3784,CU-SRC-0042,EVIDENCE_OF_TRIGGER,Circle
CU-ACT-3785,CU-SRC-0042,EVIDENCE_OF_TRIGGER,Circle
CU-ACT-3786,CU-SRC-0042,EVIDENCE_OF_TRIGGER,Circle
CU-ACT-3787,CU-SRC-0042,EVIDENCE_OF_TRIGGER,Circle
CU-ACT-3788,CU-SRC-0042,EVIDENCE_OF_TRIGGER,Circle
CU-ACT-3789,CU-SRC-0042,EVIDENCE_OF_TRIGGER,Circle
CU-ACT-3790,CU-SRC-0042,EVIDENCE_OF_TRIGGER,Circle
CU-ACT-3791,CU-SRC-0042,EVIDENCE_OF_TRIGGER,Circle
CU-ACT-3792,CU-SRC-0042,EVIDENCE_OF_TRIGGER,Circle
CU-ACT-3793,CU-SRC-0042,EVIDENCE_OF_TRIGGER,Circle
CU-ACT-3794,CU-SRC-0042,EVIDENCE_OF_TRIGGER,Circle
CU-ACT-3795,CU-SRC-0042,EVIDENCE_OF_TRIGGER,Circle
CU-ACT-3796,CU-SRC-0042,EVIDENCE_OF_TRIGGER,Circle
CU-ACT-3797,CU-SRC-0042,EVIDENCE_OF_TRIGGER,Circle
CU-ACT-3798,CU-SRC-0042,EVIDENCE_OF_TRIGGER,Circle
CU-ACT-3799,CU-SRC-0042,EVIDENCE_OF_TRIGGER,Circle
CU-ACT-3800,CU-SRC-0042,EVIDENCE_OF_TRIGGER,Circle
CU-ACT-3801,CU-SRC-0042,EVIDENCE_OF_TRIGGER,Circle
CU-ACT-3802,CU-SRC-0042,EVIDENCE_OF_TRIGGER,Circle
CU-ACT-3803,CU-SRC-0042,EVIDENCE_OF_TRIGGER,Circle
CU-ACT-3804,CU-SRC-0042,EVIDENCE_OF_TRIGGER,Circle
CU-ACT-3805,CU-SRC-0042,EVIDENCE_OF_TRIGGER,Circle
CU-ACT-3806,CU-SRC-0042,EVIDENCE_OF_TRIGGER,Circle
CU-ACT-3807,CU-SRC-0042,EVIDENCE_OF_TRIGGER,Circle
CU-ACT-3808,CU-SRC-0042,EVIDENCE_OF_TRIGGER,Circle
CU-ACT-3809,CU-SRC-0042,EVIDENCE_OF_TRIGGER,Circle
CU-ACT-3810,CU-SRC-0042,EVIDENCE_OF_TRIGGER,Circle
CU-ACT-3811,CU-SRC-0042,EVIDENCE_OF_TRIGGER,Circle
CU-ACT-3812,CU-SRC-0042,EVIDENCE_OF_TRIGGER,Circle
CU-ACT-3813,CU-SRC-0042,EVIDENCE_OF_TRIGGER,Circle
CU-ACT-3814,CU-SRC-0042,EVIDENCE_OF_TRIGGER,Circle
CU-ACT-3815,CU-SRC-0042,EVIDENCE_OF_TRIGGER,Circle
CU-ACT-3816,CU-SRC-0042,EVIDENCE_OF_TRIGGER,Circle
CU-ACT-3817,CU-SRC-0042,EVIDENCE_OF_TRIGGER,Circle
CU-ACT-3818,CU-SRC-0042,EVIDENCE_OF_TRIGGER,Circle
CU-ACT-3819,CU-SRC-0042,EVIDENCE_OF_TRIGGER,Circle
CU-ACT-3820,CU-SRC-0042,EVIDENCE_OF_TRIGGER,Circle
CU-ACT-3821,CU-SRC-0042,EVIDENCE_OF_TRIGGER,Circle
CU-ACT-3822,CU-SRC-0042,EVIDENCE_OF_TRIGGER,Circle
CU-ACT-3823,CU-SRC-0042,EVIDENCE_OF_TRIGGER,Circle
CU-ACT-3824,CU-SRC-0042,EVIDENCE_OF_TRIGGER,Circle
CU-ACT-3825,CU-SRC-0042,EVIDENCE_OF_TRIGGER,Circle
CU-ACT-3826,CU-SRC-0042,EVIDENCE_OF_TRIGGER,Circle
CU-ACT-3827,CU-SRC-0042,EVIDENCE_OF_TRIGGER,Circle
CU-ACT-3828,CU-SRC-0042,EVIDENCE_OF_TRIGGER,Circle
CU-ACT-3829,CU-SRC-0042,EVIDENCE_OF_TRIGGER,Circle
CU-ACT-3830,CU-SRC-0042,EVIDENCE_OF_TRIGGER,Circle
CU-ACT-3831,CU-SRC-0042,EVIDENCE_OF_TRIGGER,Circle
CU-ACT-3832,CU-SRC-0042,EVIDENCE_OF_TRIGGER,Circle
CU-ACT-3873,CU-SRC-0042,EVIDENCE_OF_TRIGGER,Circle
CU-ACT-3874,CU-SRC-0042,EVIDENCE_OF_TRIGGER,Circle
CU-ACT-3875,CU-SRC-0042,EVIDENCE_OF_TRIGGER,Circle
CU-ACT-3876,CU-SRC-0042,EVIDENCE_OF_TRIGGER,Circle
CU-ACT-3877,CU-SRC-0042,EVIDENCE_OF_TRIGGER,Circle
CU-ACT-3878,CU-SRC-0042,EVIDENCE_OF_TRIGGER,Circle
CU-ACT-3879,CU-SRC-0042,EVIDENCE_OF_TRIGGER,Circle
CU-ACT-3880,CU-SRC-0042,EVIDENCE_OF_TRIGGER,Circle
CU-ACT-3881,CU-SRC-0042,EVIDENCE_OF_TRIGGER,Circle
CU-ACT-3882,CU-SRC-0042,EVIDENCE_OF_TRIGGER,Circle
CU-ACT-3883,CU-SRC-0042,EVIDENCE_OF_TRIGGER,Circle
CU-ACT-3884,CU-SRC-0042,EVIDENCE_OF_TRIGGER,Circle
CU-ACT-3885,CU-SRC-0042,EVIDENCE_OF_TRIGGER,Circle
CU-ACT-3886,CU-SRC-0042,EVIDENCE_OF_TRIGGER,Circle
CU-ACT-3887,CU-SRC-0042,EVIDENCE_OF_TRIGGER,Circle
CU-ACT-3888,CU-SRC-0042,EVIDENCE_OF_TRIGGER,Circle
CU-ACT-3889,CU-SRC-0042,EVIDENCE_OF_TRIGGER,Circle
CU-ACT-3890,CU-SRC-0042,EVIDENCE_OF_TRIGGER,Circle
CU-ACT-3891,CU-SRC-0042,EVIDENCE_OF_TRIGGER,Circle
CU-ACT-3892,CU-SRC-0042,EVIDENCE_OF_TRIGGER,Circle
CU-ACT-3893,CU-SRC-0042,EVIDENCE_OF_TRIGGER,Circle
CU-ACT-3894,CU-SRC-0042,EVIDENCE_OF_TRIGGER,Circle
CU-ACT-3895,CU-SRC-0042,EVIDENCE_OF_TRIGGER,Circle
CU-ACT-3896,CU-SRC-0042,EVIDENCE_OF_TRIGGER,Circle
CU-ACT-3897,CU-SRC-0042,EVIDENCE_OF_TRIGGER,Circle
CU-ACT-3898,CU-SRC-0042,EVIDENCE_OF_TRIGGER,Circle
CU-ACT-3899,CU-SRC-0042,EVIDENCE_OF_TRIGGER,Circle
CU-ACT-3900,CU-SRC-0042,EVIDENCE_OF_TRIGGER,Circle
CU-ACT-3901,CU-SRC-0042,EVIDENCE_OF_TRIGGER,Circle
CU-ACT-3902,CU-SRC-0042,EVIDENCE_OF_TRIGGER,Circle
CU-ACT-3903,CU-SRC-0042,EVIDENCE_OF_TRIGGER,Circle
CU-ACT-3904,CU-SRC-0042,EVIDENCE_OF_TRIGGER,Circle
CU-ACT-3905,CU-SRC-0042,EVIDENCE_OF_TRIGGER,Circle
CU-ACT-3906,CU-SRC-0042,EVIDENCE_OF_TRIGGER,Circle
CU-ACT-3907,CU-SRC-0042,EVIDENCE_OF_TRIGGER,Circle
CU-ACT-3908,CU-SRC-0042,EVIDENCE_OF_TRIGGER,Circle
CU-ACT-3909,CU-SRC-0042,EVIDENCE_OF_TRIGGER,Circle
CU-ACT-3910,CU-SRC-0042,EVIDENCE_OF_TRIGGER,Circle
CU-ACT-3911,CU-SRC-0042,EVIDENCE_OF_TRIGGER,Circle
CU-ACT-3912,CU-SRC-0042,EVIDENCE_OF_TRIGGER,Circle
CU-ACT-3913,CU-SRC-0042,EVIDENCE_OF_TRIGGER,Circle
CU-ACT-3914,CU-SRC-0042,EVIDENCE_OF_TRIGGER,Circle
CU-ACT-3915,CU-SRC-0042,EVIDENCE_OF_TRIGGER,Circle
CU-ACT-3916,CU-SRC-0042,EVIDENCE_OF_TRIGGER,Circle
CU-ACT-3917,CU-SRC-0042,EVIDENCE_OF_TRIGGER,Circle
CU-ACT-3918,CU-SRC-0042,EVIDENCE_OF_TRIGGER,Circle
CU-ACT-3919,CU-SRC-0042,EVIDENCE_OF_TRIGGER,Circle
CU-ACT-3920,CU-SRC-0042,EVIDENCE_OF_TRIGGER,Circle
CU-ACT-3921,CU-SRC-0042,EVIDENCE_OF_TRIGGER,Circle
CU-ACT-3922,CU-SRC-0042,EVIDENCE_OF_TRIGGER,Circle
CU-ACT-3923,CU-SRC-0042,EVIDENCE_OF_TRIGGER,Circle
CU-ACT-3924,CU-SRC-0042,EVIDENCE_OF_TRIGGER,Circle
CU-ACT-3925,CU-SRC-0042,EVIDENCE_OF_TRIGGER,Circle
CU-ACT-3926,CU-SRC-0042,EVIDENCE_OF_TRIGGER,Circle
CU-ACT-3927,CU-SRC-0042,EVIDENCE_OF_TRIGGER,Circle
CU-ACT-3928,CU-SRC-0042,EVIDENCE_OF_TRIGGER,Circle
CU-ACT-3929,CU-SRC-0042,EVIDENCE_OF_TRIGGER,Circle
CU-ACT-3930,CU-SRC-0042,EVIDENCE_OF_TRIGGER,Circle
CU-ACT-3931,CU-SRC-0042,EVIDENCE_OF_TRIGGER,Circle
CU-ACT-3932,CU-SRC-0042,EVIDENCE_OF_TRIGGER,Circle
CU-ACT-3933,CU-SRC-0042,EVIDENCE_OF_TRIGGER,Circle
CU-ACT-3934,CU-SRC-0042,EVIDENCE_OF_TRIGGER,Circle
CU-ACT-3935,CU-SRC-0042,EVIDENCE_OF_TRIGGER,Circle
CU-ACT-3936,CU-SRC-0042,EVIDENCE_OF_TRIGGER,Circle
CU-ACT-3937,CU-SRC-0042,EVIDENCE_OF_TRIGGER,Circle
CU-ACT-3938,CU-SRC-0042,EVIDENCE_OF_TRIGGER,Circle
CU-ACT-3939,CU-SRC-0042,EVIDENCE_OF_TRIGGER,Circle
CU-ACT-3940,CU-SRC-0042,EVIDENCE_OF_TRIGGER,Circle
CU-ACT-3941,CU-SRC-0042,EVIDENCE_OF_TRIGGER,Circle
CU-ACT-3942,CU-SRC-0042,EVIDENCE_OF_TRIGGER,Circle
CU-ACT-3943,CU-SRC-0042,EVIDENCE_OF_TRIGGER,Circle
CU-ACT-3944,CU-SRC-0042,EVIDENCE_OF_TRIGGER,Circle
CU-ACT-3945,CU-SRC-0042,EVIDENCE_OF_TRIGGER,Circle
CU-ACT-3946,CU-SRC-0042,EVIDENCE_OF_TRIGGER,Circle
CU-ACT-3947,CU-SRC-0042,EVIDENCE_OF_TRIGGER,Circle
CU-ACT-3948,CU-SRC-0042,EVIDENCE_OF_TRIGGER,Circle
CU-ACT-3949,CU-SRC-0042,EVIDENCE_OF_TRIGGER,Circle
CU-ACT-3950,CU-SRC-0042,EVIDENCE_OF_TRIGGER,Circle
CU-ACT-3951,CU-SRC-0042,EVIDENCE_OF_TRIGGER,Circle
CU-ACT-3952,CU-SRC-0042,EVIDENCE_OF_TRIGGER,Circle
CU-ACT-3953,CU-SRC-0042,EVIDENCE_OF_TRIGGER,Circle
CU-ACT-3954,CU-SRC-0042,EVIDENCE_OF_TRIGGER,Circle
CU-ACT-3955,CU-SRC-0042,EVIDENCE_OF_TRIGGER,Circle
CU-ACT-3956,CU-SRC-0042,EVIDENCE_OF_TRIGGER,Circle
CU-ACT-3957,CU-SRC-0042,EVIDENCE_OF_TRIGGER,Circle
CU-ACT-3958,CU-SRC-0042,EVIDENCE_OF_TRIGGER,Circle
CU-ACT-3959,CU-SRC-0042,EVIDENCE_OF_TRIGGER,Circle
CU-ACT-3960,CU-SRC-0042,EVIDENCE_OF_TRIGGER,Circle
CU-ACT-3961,CU-SRC-0042,EVIDENCE_OF_TRIGGER,Circle
CU-ACT-3962,CU-SRC-0042,EVIDENCE_OF_TRIGGER,Circle
CU-ACT-3963,CU-SRC-0042,EVIDENCE_OF_TRIGGER,Circle
CU-ACT-3964,CU-SRC-0042,EVIDENCE_OF_TRIGGER,Circle
CU-ACT-3965,CU-SRC-0042,EVIDENCE_OF_TRIGGER,Circle
CU-ACT-3966,CU-SRC-0042,EVIDENCE_OF_TRIGGER,Circle
CU-ACT-3967,CU-SRC-0042,EVIDENCE_OF_TRIGGER,Circle
CU-ACT-3968,CU-SRC-0042,EVIDENCE_OF_TRIGGER,Circle
CU-ACT-3969,CU-SRC-0042,EVIDENCE_OF_TRIGGER,Circle
CU-ACT-3970,CU-SRC-0042,EVIDENCE_OF_TRIGGER,Circle
CU-ACT-3971,CU-SRC-0042,EVIDENCE_OF_TRIGGER,Circle
CU-ACT-3972,CU-SRC-0042,EVIDENCE_OF_TRIGGER,Circle
CU-ACT-3973,CU-SRC-0042,EVIDENCE_OF_TRIGGER,Circle
CU-ACT-3974,CU-SRC-0042,EVIDENCE_OF_TRIGGER,Circle
CU-ACT-3975,CU-SRC-0042,EVIDENCE_OF_TRIGGER,Circle
CU-ACT-3976,CU-SRC-0042,EVIDENCE_OF_TRIGGER,Circle
CU-ACT-3977,CU-SRC-0042,EVIDENCE_OF_TRIGGER,Circle
CU-ACT-3978,CU-SRC-0042,EVIDENCE_OF_TRIGGER,Circle
CU-ACT-3979,CU-SRC-0042,EVIDENCE_OF_TRIGGER,Circle
CU-ACT-3980,CU-SRC-0042,EVIDENCE_OF_TRIGGER,Circle
CU-ACT-3981,CU-SRC-0042,EVIDENCE_OF_TRIGGER,Circle
CU-ACT-3982,CU-SRC-0042,EVIDENCE_OF_TRIGGER,Circle
CU-ACT-3983,CU-SRC-0042,EVIDENCE_OF_TRIGGER,Circle
CU-ACT-3984,CU-SRC-0042,EVIDENCE_OF_TRIGGER,Circle
CU-ACT-3985,CU-SRC-0042,EVIDENCE_OF_TRIGGER,Circle
CU-ACT-3986,CU-SRC-0042,EVIDENCE_OF_TRIGGER,Circle
CU-ACT-3987,CU-SRC-0042,EVIDENCE_OF_TRIGGER,Circle
CU-ACT-3988,CU-SRC-0042,EVIDENCE_OF_TRIGGER,Circle
CU-ACT-3989,CU-SRC-0042,EVIDENCE_OF_TRIGGER,Circle
CU-ACT-3990,CU-SRC-0042,EVIDENCE_OF_TRIGGER,Circle
CU-ACT-3991,CU-SRC-0042,EVIDENCE_OF_TRIGGER,Circle
CU-ACT-3992,CU-SRC-0042,EVIDENCE_OF_TRIGGER,Circle
CU-ACT-3993,CU-SRC-0042,EVIDENCE_OF_TRIGGER,Circle
CU-ACT-3994,CU-SRC-0042,EVIDENCE_OF_TRIGGER,Circle
CU-ACT-3995,CU-SRC-0042,EVIDENCE_OF_TRIGGER,Circle
CU-ACT-3996,CU-SRC-0042,EVIDENCE_OF_TRIGGER,Circle
CU-ACT-3997,CU-SRC-0042,EVIDENCE_OF_TRIGGER,Circle
CU-ACT-3998,CU-SRC-0042,EVIDENCE_OF_TRIGGER,Circle
CU-ACT-3999,CU-SRC-0042,EVIDENCE_OF_TRIGGER,Circle
CU-ACT-4000,CU-SRC-0042,EVIDENCE_OF_TRIGGER,Circle
CU-ACT-4001,CU-SRC-0042,EVIDENCE_OF_TRIGGER,Circle
CU-ACT-4002,CU-SRC-0042,EVIDENCE_OF_TRIGGER,Circle
CU-ACT-4003,CU-SRC-0042,EVIDENCE_OF_TRIGGER,Circle
CU-ACT-3005,CU-SRC-0043,CONTEXT,Circle
CU-ACT-3006,CU-SRC-0043,CONTEXT,Circle
CU-ACT-3007,CU-SRC-0043,CONTEXT,Circle
CU-ACT-3008,CU-SRC-0043,CONTEXT,Circle
CU-ACT-3009,CU-SRC-0043,CONTEXT,Circle
CU-ACT-3010,CU-SRC-0043,CONTEXT,Circle
CU-ACT-3011,CU-SRC-0043,CONTEXT,Circle
CU-ACT-3012,CU-SRC-0043,CONTEXT,Circle
CU-ACT-3013,CU-SRC-0043,CONTEXT,Circle
CU-ACT-3014,CU-SRC-0043,CONTEXT,Circle
CU-ACT-3015,CU-SRC-0043,CONTEXT,Circle
CU-ACT-3016,CU-SRC-0043,CONTEXT,Circle
CU-ACT-3017,CU-SRC-0043,CONTEXT,Circle
CU-ACT-3018,CU-SRC-0043,CONTEXT,Circle
CU-ACT-3019,CU-SRC-0043,CONTEXT,Circle
CU-ACT-3020,CU-SRC-0043,CONTEXT,Circle
CU-ACT-3021,CU-SRC-0043,CONTEXT,Circle
CU-ACT-3022,CU-SRC-0043,CONTEXT,Circle
CU-ACT-3023,CU-SRC-0043,CONTEXT,Circle
CU-ACT-3024,CU-SRC-0043,CONTEXT,Circle
CU-ACT-3025,CU-SRC-0043,CONTEXT,Circle
CU-ACT-3026,CU-SRC-0043,CONTEXT,Circle
CU-ACT-3027,CU-SRC-0043,CONTEXT,Circle
CU-ACT-3028,CU-SRC-0043,CONTEXT,Circle
CU-ACT-3029,CU-SRC-0043,CONTEXT,Circle
CU-ACT-3030,CU-SRC-0043,CONTEXT,Circle
CU-ACT-3031,CU-SRC-0043,CONTEXT,Circle
CU-ACT-3032,CU-SRC-0043,CONTEXT,Circle
CU-ACT-3033,CU-SRC-0043,CONTEXT,Circle
CU-ACT-3034,CU-SRC-0043,CONTEXT,Circle
CU-ACT-3035,CU-SRC-0043,CONTEXT,Circle
CU-ACT-3036,CU-SRC-0043,CONTEXT,Circle
CU-ACT-3037,CU-SRC-0043,CONTEXT,Circle
CU-ACT-3038,CU-SRC-0043,CONTEXT,Circle
CU-ACT-3039,CU-SRC-0043,CONTEXT,Circle
CU-ACT-3040,CU-SRC-0043,CONTEXT,Circle
CU-ACT-3041,CU-SRC-0043,CONTEXT,Circle
CU-ACT-3042,CU-SRC-0043,CONTEXT,Circle
CU-ACT-3043,CU-SRC-0043,CONTEXT,Circle
CU-ACT-3044,CU-SRC-0043,CONTEXT,Circle
CU-ACT-3045,CU-SRC-0043,CONTEXT,Circle
CU-ACT-3046,CU-SRC-0043,CONTEXT,Circle
CU-ACT-3047,CU-SRC-0043,CONTEXT,Circle
CU-ACT-3048,CU-SRC-0043,CONTEXT,Circle
CU-ACT-3049,CU-SRC-0043,CONTEXT,Circle
CU-ACT-3050,CU-SRC-0043,CONTEXT,Circle
CU-ACT-3051,CU-SRC-0043,CONTEXT,Circle
CU-ACT-3052,CU-SRC-0043,CONTEXT,Circle
CU-ACT-3053,CU-SRC-0043,CONTEXT,Circle
CU-ACT-3054,CU-SRC-0043,CONTEXT,Circle
CU-ACT-3055,CU-SRC-0043,CONTEXT,Circle
CU-ACT-3056,CU-SRC-0043,CONTEXT,Circle
CU-ACT-3057,CU-SRC-0043,CONTEXT,Circle
CU-ACT-3058,CU-SRC-0043,CONTEXT,Circle
CU-ACT-3059,CU-SRC-0043,CONTEXT,Circle
CU-ACT-3060,CU-SRC-0043,CONTEXT,Circle
CU-ACT-3061,CU-SRC-0043,CONTEXT,Circle
CU-ACT-3062,CU-SRC-0043,CONTEXT,Circle
CU-ACT-3063,CU-SRC-0043,CONTEXT,Circle
CU-ACT-3064,CU-SRC-0043,CONTEXT,Circle
CU-ACT-3065,CU-SRC-0043,CONTEXT,Circle
CU-ACT-3066,CU-SRC-0043,CONTEXT,Circle
CU-ACT-3067,CU-SRC-0043,CONTEXT,Circle
CU-ACT-3068,CU-SRC-0043,CONTEXT,Circle
CU-ACT-3069,CU-SRC-0043,CONTEXT,Circle
CU-ACT-3070,CU-SRC-0043,CONTEXT,Circle
CU-ACT-3071,CU-SRC-0043,CONTEXT,Circle
CU-ACT-3072,CU-SRC-0043,CONTEXT,Circle
CU-ACT-3073,CU-SRC-0043,CONTEXT,Circle
CU-ACT-3074,CU-SRC-0043,CONTEXT,Circle
CU-ACT-3075,CU-SRC-0043,CONTEXT,Circle
CU-ACT-3076,CU-SRC-0043,CONTEXT,Circle
CU-ACT-3077,CU-SRC-0043,CONTEXT,Circle
CU-ACT-3078,CU-SRC-0043,CONTEXT,Circle
CU-ACT-3079,CU-SRC-0043,CONTEXT,Circle
CU-ACT-3080,CU-SRC-0043,CONTEXT,Circle
CU-ACT-3081,CU-SRC-0043,CONTEXT,Circle
CU-ACT-3082,CU-SRC-0043,CONTEXT,Circle
CU-ACT-3083,CU-SRC-0043,CONTEXT,Circle
CU-ACT-3084,CU-SRC-0043,CONTEXT,Circle
CU-ACT-3085,CU-SRC-0043,CONTEXT,Circle
CU-ACT-3086,CU-SRC-0043,CONTEXT,Circle
CU-ACT-3087,CU-SRC-0043,CONTEXT,Circle
CU-ACT-3088,CU-SRC-0043,CONTEXT,Circle
CU-ACT-3089,CU-SRC-0043,CONTEXT,Circle
CU-ACT-3090,CU-SRC-0043,CONTEXT,Circle
CU-ACT-3091,CU-SRC-0043,CONTEXT,Circle
CU-ACT-3092,CU-SRC-0043,CONTEXT,Circle
CU-ACT-3093,CU-SRC-0043,CONTEXT,Circle
CU-ACT-3094,CU-SRC-0043,CONTEXT,Circle
CU-ACT-3095,CU-SRC-0043,CONTEXT,Circle
CU-ACT-3096,CU-SRC-0043,CONTEXT,Circle
CU-ACT-3097,CU-SRC-0043,CONTEXT,Circle
CU-ACT-3098,CU-SRC-0043,CONTEXT,Circle
CU-ACT-3099,CU-SRC-0043,CONTEXT,Circle
CU-ACT-3100,CU-SRC-0043,CONTEXT,Circle
CU-ACT-3101,CU-SRC-0043,CONTEXT,Circle
CU-ACT-3102,CU-SRC-0043,CONTEXT,Circle
CU-ACT-3103,CU-SRC-0043,CONTEXT,Circle
CU-ACT-3104,CU-SRC-0043,CONTEXT,Circle
CU-ACT-3105,CU-SRC-0043,CONTEXT,Circle
CU-ACT-3106,CU-SRC-0043,CONTEXT,Circle
CU-ACT-3107,CU-SRC-0043,CONTEXT,Circle
CU-ACT-3108,CU-SRC-0043,CONTEXT,Circle
CU-ACT-3109,CU-SRC-0043,CONTEXT,Circle
CU-ACT-3110,CU-SRC-0043,CONTEXT,Circle
CU-ACT-3111,CU-SRC-0043,CONTEXT,Circle
CU-ACT-3112,CU-SRC-0043,CONTEXT,Circle
CU-ACT-3113,CU-SRC-0043,CONTEXT,Circle
CU-ACT-3114,CU-SRC-0043,CONTEXT,Circle
CU-ACT-3115,CU-SRC-0043,CONTEXT,Circle
CU-ACT-3116,CU-SRC-0043,CONTEXT,Circle
CU-ACT-3117,CU-SRC-0043,CONTEXT,Circle
CU-ACT-3118,CU-SRC-0043,CONTEXT,Circle
CU-ACT-3119,CU-SRC-0043,CONTEXT,Circle
CU-ACT-3120,CU-SRC-0043,CONTEXT,Circle
CU-ACT-3121,CU-SRC-0043,CONTEXT,Circle
CU-ACT-3122,CU-SRC-0043,CONTEXT,Circle
CU-ACT-3123,CU-SRC-0043,CONTEXT,Circle
CU-ACT-3124,CU-SRC-0043,CONTEXT,Circle
CU-ACT-3125,CU-SRC-0043,CONTEXT,Circle
CU-ACT-3126,CU-SRC-0043,CONTEXT,Circle
CU-ACT-3127,CU-SRC-0043,CONTEXT,Circle
CU-ACT-3128,CU-SRC-0043,CONTEXT,Circle
CU-ACT-3129,CU-SRC-0043,CONTEXT,Circle
CU-ACT-3130,CU-SRC-0043,CONTEXT,Circle
CU-ACT-3131,CU-SRC-0043,CONTEXT,Circle
CU-ACT-3132,CU-SRC-0043,CONTEXT,Circle
CU-ACT-3133,CU-SRC-0043,CONTEXT,Circle
CU-ACT-3134,CU-SRC-0043,CONTEXT,Circle
CU-ACT-3135,CU-SRC-0043,CONTEXT,Circle
CU-ACT-3188,CU-SRC-0043,CONTEXT,Circle
CU-ACT-3189,CU-SRC-0043,CONTEXT,Circle
CU-ACT-3190,CU-SRC-0043,CONTEXT,Circle
CU-ACT-3191,CU-SRC-0043,CONTEXT,Circle
CU-ACT-3192,CU-SRC-0043,CONTEXT,Circle
CU-ACT-3193,CU-SRC-0043,CONTEXT,Circle
CU-ACT-3194,CU-SRC-0043,CONTEXT,Circle
CU-ACT-3195,CU-SRC-0043,CONTEXT,Circle
CU-ACT-3196,CU-SRC-0043,CONTEXT,Circle
CU-ACT-3197,CU-SRC-0043,CONTEXT,Circle
CU-ACT-3198,CU-SRC-0043,CONTEXT,Circle
CU-ACT-3199,CU-SRC-0043,CONTEXT,Circle
CU-ACT-3200,CU-SRC-0043,CONTEXT,Circle
CU-ACT-3201,CU-SRC-0043,CONTEXT,Circle
CU-ACT-3202,CU-SRC-0043,CONTEXT,Circle
CU-ACT-3203,CU-SRC-0043,CONTEXT,Circle
CU-ACT-3204,CU-SRC-0043,CONTEXT,Circle
CU-ACT-3205,CU-SRC-0043,CONTEXT,Circle
CU-ACT-3206,CU-SRC-0043,CONTEXT,Circle
CU-ACT-3207,CU-SRC-0043,CONTEXT,Circle
CU-ACT-3208,CU-SRC-0043,CONTEXT,Circle
CU-ACT-3209,CU-SRC-0043,CONTEXT,Circle
CU-ACT-3210,CU-SRC-0043,CONTEXT,Circle
CU-ACT-3211,CU-SRC-0043,CONTEXT,Circle
CU-ACT-3212,CU-SRC-0043,CONTEXT,Circle
CU-ACT-3213,CU-SRC-0043,CONTEXT,Circle
CU-ACT-3214,CU-SRC-0043,CONTEXT,Circle
CU-ACT-3215,CU-SRC-0043,CONTEXT,Circle
CU-ACT-3216,CU-SRC-0043,CONTEXT,Circle
CU-ACT-3217,CU-SRC-0043,CONTEXT,Circle
CU-ACT-3218,CU-SRC-0043,CONTEXT,Circle
CU-ACT-3219,CU-SRC-0043,CONTEXT,Circle
CU-ACT-3220,CU-SRC-0043,CONTEXT,Circle
CU-ACT-3221,CU-SRC-0043,CONTEXT,Circle
CU-ACT-3222,CU-SRC-0043,CONTEXT,Circle
CU-ACT-3223,CU-SRC-0043,CONTEXT,Circle
CU-ACT-3224,CU-SRC-0043,CONTEXT,Circle
CU-ACT-3225,CU-SRC-0043,CONTEXT,Circle
CU-ACT-3226,CU-SRC-0043,CONTEXT,Circle
CU-ACT-3227,CU-SRC-0043,CONTEXT,Circle
CU-ACT-3228,CU-SRC-0043,CONTEXT,Circle
CU-ACT-3229,CU-SRC-0043,CONTEXT,Circle
CU-ACT-3230,CU-SRC-0043,CONTEXT,Circle
CU-ACT-3231,CU-SRC-0043,CONTEXT,Circle
CU-ACT-3232,CU-SRC-0043,CONTEXT,Circle
CU-ACT-3233,CU-SRC-0043,CONTEXT,Circle
CU-ACT-3234,CU-SRC-0043,CONTEXT,Circle
CU-ACT-3235,CU-SRC-0043,CONTEXT,Circle
CU-ACT-3236,CU-SRC-0043,CONTEXT,Circle
CU-ACT-3237,CU-SRC-0043,CONTEXT,Circle
CU-ACT-3238,CU-SRC-0043,CONTEXT,Circle
CU-ACT-3239,CU-SRC-0043,CONTEXT,Circle
CU-ACT-3240,CU-SRC-0043,CONTEXT,Circle
CU-ACT-3241,CU-SRC-0043,CONTEXT,Circle
CU-ACT-3242,CU-SRC-0043,CONTEXT,Circle
CU-ACT-3243,CU-SRC-0043,CONTEXT,Circle
CU-ACT-3244,CU-SRC-0043,CONTEXT,Circle
CU-ACT-3245,CU-SRC-0043,CONTEXT,Circle
CU-ACT-3246,CU-SRC-0043,CONTEXT,Circle
CU-ACT-3247,CU-SRC-0043,CONTEXT,Circle
CU-ACT-3248,CU-SRC-0043,CONTEXT,Circle
CU-ACT-3249,CU-SRC-0043,CONTEXT,Circle
CU-ACT-3250,CU-SRC-0043,CONTEXT,Circle
CU-ACT-3251,CU-SRC-0043,CONTEXT,Circle
CU-ACT-3252,CU-SRC-0043,CONTEXT,Circle
CU-ACT-3253,CU-SRC-0043,CONTEXT,Circle
CU-ACT-3254,CU-SRC-0043,CONTEXT,Circle
CU-ACT-3255,CU-SRC-0043,CONTEXT,Circle
CU-ACT-3256,CU-SRC-0043,CONTEXT,Circle
CU-ACT-3257,CU-SRC-0043,CONTEXT,Circle
CU-ACT-3258,CU-SRC-0043,CONTEXT,Circle
CU-ACT-3259,CU-SRC-0043,CONTEXT,Circle
CU-ACT-3260,CU-SRC-0043,CONTEXT,Circle
CU-ACT-3261,CU-SRC-0043,CONTEXT,Circle
CU-ACT-3262,CU-SRC-0043,CONTEXT,Circle
CU-ACT-3263,CU-SRC-0043,CONTEXT,Circle
CU-ACT-3264,CU-SRC-0043,CONTEXT,Circle
CU-ACT-3265,CU-SRC-0043,CONTEXT,Circle
CU-ACT-3266,CU-SRC-0043,CONTEXT,Circle
CU-ACT-3267,CU-SRC-0043,CONTEXT,Circle
CU-ACT-3268,CU-SRC-0043,CONTEXT,Circle
CU-ACT-3269,CU-SRC-0043,CONTEXT,Circle
CU-ACT-3270,CU-SRC-0043,CONTEXT,Circle
CU-ACT-3271,CU-SRC-0043,CONTEXT,Circle
CU-ACT-3272,CU-SRC-0043,CONTEXT,Circle
CU-ACT-3273,CU-SRC-0043,CONTEXT,Circle
CU-ACT-3274,CU-SRC-0043,CONTEXT,Circle
CU-ACT-3275,CU-SRC-0043,CONTEXT,Circle
CU-ACT-3276,CU-SRC-0043,CONTEXT,Circle
CU-ACT-3277,CU-SRC-0043,CONTEXT,Circle
CU-ACT-3278,CU-SRC-0043,CONTEXT,Circle
CU-ACT-3279,CU-SRC-0043,CONTEXT,Circle
CU-ACT-3280,CU-SRC-0043,CONTEXT,Circle
CU-ACT-3281,CU-SRC-0043,CONTEXT,Circle
CU-ACT-3282,CU-SRC-0043,CONTEXT,Circle
CU-ACT-3283,CU-SRC-0043,CONTEXT,Circle
CU-ACT-3284,CU-SRC-0043,CONTEXT,Circle
CU-ACT-3285,CU-SRC-0043,CONTEXT,Circle
CU-ACT-3286,CU-SRC-0043,CONTEXT,Circle
CU-ACT-3287,CU-SRC-0043,CONTEXT,Circle
CU-ACT-3288,CU-SRC-0043,CONTEXT,Circle
CU-ACT-3289,CU-SRC-0043,CONTEXT,Circle
CU-ACT-3290,CU-SRC-0043,CONTEXT,Circle
CU-ACT-3291,CU-SRC-0043,CONTEXT,Circle
CU-ACT-3292,CU-SRC-0043,CONTEXT,Circle
CU-ACT-3293,CU-SRC-0043,CONTEXT,Circle
CU-ACT-3294,CU-SRC-0043,CONTEXT,Circle
CU-ACT-3295,CU-SRC-0043,CONTEXT,Circle
CU-ACT-3296,CU-SRC-0043,CONTEXT,Circle
CU-ACT-3297,CU-SRC-0043,CONTEXT,Circle
CU-ACT-3298,CU-SRC-0043,CONTEXT,Circle
CU-ACT-3299,CU-SRC-0043,CONTEXT,Circle
CU-ACT-3300,CU-SRC-0043,CONTEXT,Circle
CU-ACT-3301,CU-SRC-0043,CONTEXT,Circle
CU-ACT-3302,CU-SRC-0043,CONTEXT,Circle
CU-ACT-3303,CU-SRC-0043,CONTEXT,Circle
CU-ACT-3304,CU-SRC-0043,CONTEXT,Circle
CU-ACT-3305,CU-SRC-0043,CONTEXT,Circle
CU-ACT-3306,CU-SRC-0043,CONTEXT,Circle
CU-ACT-3307,CU-SRC-0043,CONTEXT,Circle
CU-ACT-3308,CU-SRC-0043,CONTEXT,Circle
CU-ACT-3309,CU-SRC-0043,CONTEXT,Circle
CU-ACT-3310,CU-SRC-0043,CONTEXT,Circle
CU-ACT-3311,CU-SRC-0043,CONTEXT,Circle
CU-ACT-3312,CU-SRC-0043,CONTEXT,Circle
CU-ACT-3313,CU-SRC-0043,CONTEXT,Circle
CU-ACT-3314,CU-SRC-0043,CONTEXT,Circle
CU-ACT-3315,CU-SRC-0043,CONTEXT,Circle
CU-ACT-3316,CU-SRC-0043,CONTEXT,Circle
CU-ACT-3317,CU-SRC-0043,CONTEXT,Circle
CU-ACT-3318,CU-SRC-0043,CONTEXT,Circle
CU-ACT-3362,CU-SRC-0043,CONTEXT,Circle
CU-ACT-3363,CU-SRC-0043,CONTEXT,Circle
CU-ACT-3364,CU-SRC-0043,CONTEXT,Circle
CU-ACT-3365,CU-SRC-0043,CONTEXT,Circle
CU-ACT-3366,CU-SRC-0043,CONTEXT,Circle
CU-ACT-3367,CU-SRC-0043,CONTEXT,Circle
CU-ACT-3368,CU-SRC-0043,CONTEXT,Circle
CU-ACT-3369,CU-SRC-0043,CONTEXT,Circle
CU-ACT-3370,CU-SRC-0043,CONTEXT,Circle
CU-ACT-3371,CU-SRC-0043,CONTEXT,Circle
CU-ACT-3372,CU-SRC-0043,CONTEXT,Circle
CU-ACT-3373,CU-SRC-0043,CONTEXT,Circle
CU-ACT-3374,CU-SRC-0043,CONTEXT,Circle
CU-ACT-3375,CU-SRC-0043,CONTEXT,Circle
CU-ACT-3376,CU-SRC-0043,CONTEXT,Circle
CU-ACT-3377,CU-SRC-0043,CONTEXT,Circle
CU-ACT-3378,CU-SRC-0043,CONTEXT,Circle
CU-ACT-3379,CU-SRC-0043,CONTEXT,Circle
CU-ACT-3380,CU-SRC-0043,CONTEXT,Circle
CU-ACT-3381,CU-SRC-0043,CONTEXT,Circle
CU-ACT-3382,CU-SRC-0043,CONTEXT,Circle
CU-ACT-3383,CU-SRC-0043,CONTEXT,Circle
CU-ACT-3384,CU-SRC-0043,CONTEXT,Circle
CU-ACT-3385,CU-SRC-0043,CONTEXT,Circle
CU-ACT-3386,CU-SRC-0043,CONTEXT,Circle
CU-ACT-3387,CU-SRC-0043,CONTEXT,Circle
CU-ACT-3388,CU-SRC-0043,CONTEXT,Circle
CU-ACT-3389,CU-SRC-0043,CONTEXT,Circle
CU-ACT-3390,CU-SRC-0043,CONTEXT,Circle
CU-ACT-3391,CU-SRC-0043,CONTEXT,Circle
CU-ACT-3392,CU-SRC-0043,CONTEXT,Circle
CU-ACT-3393,CU-SRC-0043,CONTEXT,Circle
CU-ACT-3394,CU-SRC-0043,CONTEXT,Circle
CU-ACT-3395,CU-SRC-0043,CONTEXT,Circle
CU-ACT-3396,CU-SRC-0043,CONTEXT,Circle
CU-ACT-3397,CU-SRC-0043,CONTEXT,Circle
CU-ACT-3398,CU-SRC-0043,CONTEXT,Circle
CU-ACT-3399,CU-SRC-0043,CONTEXT,Circle
CU-ACT-3400,CU-SRC-0043,CONTEXT,Circle
CU-ACT-3401,CU-SRC-0043,CONTEXT,Circle
CU-ACT-3402,CU-SRC-0043,CONTEXT,Circle
CU-ACT-3403,CU-SRC-0043,CONTEXT,Circle
CU-ACT-3404,CU-SRC-0043,CONTEXT,Circle
CU-ACT-3405,CU-SRC-0043,CONTEXT,Circle
CU-ACT-3406,CU-SRC-0043,CONTEXT,Circle
CU-ACT-3407,CU-SRC-0043,CONTEXT,Circle
CU-ACT-3408,CU-SRC-0043,CONTEXT,Circle
CU-ACT-3409,CU-SRC-0043,CONTEXT,Circle
CU-ACT-3410,CU-SRC-0043,CONTEXT,Circle
CU-ACT-3411,CU-SRC-0043,CONTEXT,Circle
CU-ACT-3412,CU-SRC-0043,CONTEXT,Circle
CU-ACT-3413,CU-SRC-0043,CONTEXT,Circle
CU-ACT-3414,CU-SRC-0043,CONTEXT,Circle
CU-ACT-3415,CU-SRC-0043,CONTEXT,Circle
CU-ACT-3416,CU-SRC-0043,CONTEXT,Circle
CU-ACT-3417,CU-SRC-0043,CONTEXT,Circle
CU-ACT-3418,CU-SRC-0043,CONTEXT,Circle
CU-ACT-3419,CU-SRC-0043,CONTEXT,Circle
CU-ACT-3420,CU-SRC-0043,CONTEXT,Circle
CU-ACT-3421,CU-SRC-0043,CONTEXT,Circle
CU-ACT-3422,CU-SRC-0043,CONTEXT,Circle
CU-ACT-3423,CU-SRC-0043,CONTEXT,Circle
CU-ACT-3424,CU-SRC-0043,CONTEXT,Circle
CU-ACT-3425,CU-SRC-0043,CONTEXT,Circle
CU-ACT-3426,CU-SRC-0043,CONTEXT,Circle
CU-ACT-3427,CU-SRC-0043,CONTEXT,Circle
CU-ACT-3428,CU-SRC-0043,CONTEXT,Circle
CU-ACT-3429,CU-SRC-0043,CONTEXT,Circle
CU-ACT-3430,CU-SRC-0043,CONTEXT,Circle
CU-ACT-3431,CU-SRC-0043,CONTEXT,Circle
CU-ACT-3432,CU-SRC-0043,CONTEXT,Circle
CU-ACT-3433,CU-SRC-0043,CONTEXT,Circle
CU-ACT-3434,CU-SRC-0043,CONTEXT,Circle
CU-ACT-3435,CU-SRC-0043,CONTEXT,Circle
CU-ACT-3436,CU-SRC-0043,CONTEXT,Circle
CU-ACT-3437,CU-SRC-0043,CONTEXT,Circle
CU-ACT-3438,CU-SRC-0043,CONTEXT,Circle
CU-ACT-3439,CU-SRC-0043,CONTEXT,Circle
CU-ACT-3440,CU-SRC-0043,CONTEXT,Circle
CU-ACT-3441,CU-SRC-0043,CONTEXT,Circle
CU-ACT-3442,CU-SRC-0043,CONTEXT,Circle
CU-ACT-3443,CU-SRC-0043,CONTEXT,Circle
CU-ACT-3444,CU-SRC-0043,CONTEXT,Circle
CU-ACT-3445,CU-SRC-0043,CONTEXT,Circle
CU-ACT-3446,CU-SRC-0043,CONTEXT,Circle
CU-ACT-3447,CU-SRC-0043,CONTEXT,Circle
CU-ACT-3448,CU-SRC-0043,CONTEXT,Circle
CU-ACT-3449,CU-SRC-0043,CONTEXT,Circle
CU-ACT-3450,CU-SRC-0043,CONTEXT,Circle
CU-ACT-3451,CU-SRC-0043,CONTEXT,Circle
CU-ACT-3452,CU-SRC-0043,CONTEXT,Circle
CU-ACT-3453,CU-SRC-0043,CONTEXT,Circle
CU-ACT-3454,CU-SRC-0043,CONTEXT,Circle
CU-ACT-3455,CU-SRC-0043,CONTEXT,Circle
CU-ACT-3456,CU-SRC-0043,CONTEXT,Circle
CU-ACT-3457,CU-SRC-0043,CONTEXT,Circle
CU-ACT-3458,CU-SRC-0043,CONTEXT,Circle
CU-ACT-3459,CU-SRC-0043,CONTEXT,Circle
CU-ACT-3460,CU-SRC-0043,CONTEXT,Circle
CU-ACT-3461,CU-SRC-0043,CONTEXT,Circle
CU-ACT-3462,CU-SRC-0043,CONTEXT,Circle
CU-ACT-3463,CU-SRC-0043,CONTEXT,Circle
CU-ACT-3464,CU-SRC-0043,CONTEXT,Circle
CU-ACT-3465,CU-SRC-0043,CONTEXT,Circle
CU-ACT-3466,CU-SRC-0043,CONTEXT,Circle
CU-ACT-3467,CU-SRC-0043,CONTEXT,Circle
CU-ACT-3468,CU-SRC-0043,CONTEXT,Circle
CU-ACT-3469,CU-SRC-0043,CONTEXT,Circle
CU-ACT-3470,CU-SRC-0043,CONTEXT,Circle
CU-ACT-3471,CU-SRC-0043,CONTEXT,Circle
CU-ACT-3472,CU-SRC-0043,CONTEXT,Circle
CU-ACT-3473,CU-SRC-0043,CONTEXT,Circle
CU-ACT-3474,CU-SRC-0043,CONTEXT,Circle
CU-ACT-3475,CU-SRC-0043,CONTEXT,Circle
CU-ACT-3476,CU-SRC-0043,CONTEXT,Circle
CU-ACT-3477,CU-SRC-0043,CONTEXT,Circle
CU-ACT-3478,CU-SRC-0043,CONTEXT,Circle
CU-ACT-3479,CU-SRC-0043,CONTEXT,Circle
CU-ACT-3480,CU-SRC-0043,CONTEXT,Circle
CU-ACT-3481,CU-SRC-0043,CONTEXT,Circle
CU-ACT-3482,CU-SRC-0043,CONTEXT,Circle
CU-ACT-3483,CU-SRC-0043,CONTEXT,Circle
CU-ACT-3484,CU-SRC-0043,CONTEXT,Circle
CU-ACT-3485,CU-SRC-0043,CONTEXT,Circle
CU-ACT-3486,CU-SRC-0043,CONTEXT,Circle
CU-ACT-3487,CU-SRC-0043,CONTEXT,Circle
CU-ACT-3488,CU-SRC-0043,CONTEXT,Circle
CU-ACT-3489,CU-SRC-0043,CONTEXT,Circle
CU-ACT-3490,CU-SRC-0043,CONTEXT,Circle
CU-ACT-3491,CU-SRC-0043,CONTEXT,Circle
CU-ACT-3492,CU-SRC-0043,CONTEXT,Circle
CU-ACT-3532,CU-SRC-0043,CONTEXT,Circle
CU-ACT-3533,CU-SRC-0043,CONTEXT,Circle
CU-ACT-3534,CU-SRC-0043,CONTEXT,Circle
CU-ACT-3535,CU-SRC-0043,CONTEXT,Circle
CU-ACT-3536,CU-SRC-0043,CONTEXT,Circle
CU-ACT-3537,CU-SRC-0043,CONTEXT,Circle
CU-ACT-3538,CU-SRC-0043,CONTEXT,Circle
CU-ACT-3539,CU-SRC-0043,CONTEXT,Circle
CU-ACT-3540,CU-SRC-0043,CONTEXT,Circle
CU-ACT-3541,CU-SRC-0043,CONTEXT,Circle
CU-ACT-3542,CU-SRC-0043,CONTEXT,Circle
CU-ACT-3543,CU-SRC-0043,CONTEXT,Circle
CU-ACT-3544,CU-SRC-0043,CONTEXT,Circle
CU-ACT-3545,CU-SRC-0043,CONTEXT,Circle
CU-ACT-3546,CU-SRC-0043,CONTEXT,Circle
CU-ACT-3547,CU-SRC-0043,CONTEXT,Circle
CU-ACT-3548,CU-SRC-0043,CONTEXT,Circle
CU-ACT-3549,CU-SRC-0043,CONTEXT,Circle
CU-ACT-3550,CU-SRC-0043,CONTEXT,Circle
CU-ACT-3551,CU-SRC-0043,CONTEXT,Circle
CU-ACT-3552,CU-SRC-0043,CONTEXT,Circle
CU-ACT-3553,CU-SRC-0043,CONTEXT,Circle
CU-ACT-3554,CU-SRC-0043,CONTEXT,Circle
CU-ACT-3555,CU-SRC-0043,CONTEXT,Circle
CU-ACT-3556,CU-SRC-0043,CONTEXT,Circle
CU-ACT-3557,CU-SRC-0043,CONTEXT,Circle
CU-ACT-3558,CU-SRC-0043,CONTEXT,Circle
CU-ACT-3559,CU-SRC-0043,CONTEXT,Circle
CU-ACT-3560,CU-SRC-0043,CONTEXT,Circle
CU-ACT-3561,CU-SRC-0043,CONTEXT,Circle
CU-ACT-3562,CU-SRC-0043,CONTEXT,Circle
CU-ACT-3563,CU-SRC-0043,CONTEXT,Circle
CU-ACT-3564,CU-SRC-0043,CONTEXT,Circle
CU-ACT-3565,CU-SRC-0043,CONTEXT,Circle
CU-ACT-3566,CU-SRC-0043,CONTEXT,Circle
CU-ACT-3567,CU-SRC-0043,CONTEXT,Circle
CU-ACT-3568,CU-SRC-0043,CONTEXT,Circle
CU-ACT-3569,CU-SRC-0043,CONTEXT,Circle
CU-ACT-3570,CU-SRC-0043,CONTEXT,Circle
CU-ACT-3571,CU-SRC-0043,CONTEXT,Circle
CU-ACT-3572,CU-SRC-0043,CONTEXT,Circle
CU-ACT-3573,CU-SRC-0043,CONTEXT,Circle
CU-ACT-3574,CU-SRC-0043,CONTEXT,Circle
CU-ACT-3575,CU-SRC-0043,CONTEXT,Circle
CU-ACT-3576,CU-SRC-0043,CONTEXT,Circle
CU-ACT-3577,CU-SRC-0043,CONTEXT,Circle
CU-ACT-3578,CU-SRC-0043,CONTEXT,Circle
CU-ACT-3579,CU-SRC-0043,CONTEXT,Circle
CU-ACT-3580,CU-SRC-0043,CONTEXT,Circle
CU-ACT-3581,CU-SRC-0043,CONTEXT,Circle
CU-ACT-3582,CU-SRC-0043,CONTEXT,Circle
CU-ACT-3583,CU-SRC-0043,CONTEXT,Circle
CU-ACT-3584,CU-SRC-0043,CONTEXT,Circle
CU-ACT-3585,CU-SRC-0043,CONTEXT,Circle
CU-ACT-3586,CU-SRC-0043,CONTEXT,Circle
CU-ACT-3587,CU-SRC-0043,CONTEXT,Circle
CU-ACT-3588,CU-SRC-0043,CONTEXT,Circle
CU-ACT-3589,CU-SRC-0043,CONTEXT,Circle
CU-ACT-3590,CU-SRC-0043,CONTEXT,Circle
CU-ACT-3591,CU-SRC-0043,CONTEXT,Circle
CU-ACT-3592,CU-SRC-0043,CONTEXT,Circle
CU-ACT-3593,CU-SRC-0043,CONTEXT,Circle
CU-ACT-3594,CU-SRC-0043,CONTEXT,Circle
CU-ACT-3595,CU-SRC-0043,CONTEXT,Circle
CU-ACT-3596,CU-SRC-0043,CONTEXT,Circle
CU-ACT-3597,CU-SRC-0043,CONTEXT,Circle
CU-ACT-3598,CU-SRC-0043,CONTEXT,Circle
CU-ACT-3599,CU-SRC-0043,CONTEXT,Circle
CU-ACT-3600,CU-SRC-0043,CONTEXT,Circle
CU-ACT-3601,CU-SRC-0043,CONTEXT,Circle
CU-ACT-3602,CU-SRC-0043,CONTEXT,Circle
CU-ACT-3603,CU-SRC-0043,CONTEXT,Circle
CU-ACT-3604,CU-SRC-0043,CONTEXT,Circle
CU-ACT-3605,CU-SRC-0043,CONTEXT,Circle
CU-ACT-3606,CU-SRC-0043,CONTEXT,Circle
CU-ACT-3607,CU-SRC-0043,CONTEXT,Circle
CU-ACT-3608,CU-SRC-0043,CONTEXT,Circle
CU-ACT-3609,CU-SRC-0043,CONTEXT,Circle
CU-ACT-3610,CU-SRC-0043,CONTEXT,Circle
CU-ACT-3611,CU-SRC-0043,CONTEXT,Circle
CU-ACT-3612,CU-SRC-0043,CONTEXT,Circle
CU-ACT-3613,CU-SRC-0043,CONTEXT,Circle
CU-ACT-3614,CU-SRC-0043,CONTEXT,Circle
CU-ACT-3615,CU-SRC-0043,CONTEXT,Circle
CU-ACT-3616,CU-SRC-0043,CONTEXT,Circle
CU-ACT-3617,CU-SRC-0043,CONTEXT,Circle
CU-ACT-3618,CU-SRC-0043,CONTEXT,Circle
CU-ACT-3619,CU-SRC-0043,CONTEXT,Circle
CU-ACT-3620,CU-SRC-0043,CONTEXT,Circle
CU-ACT-3621,CU-SRC-0043,CONTEXT,Circle
CU-ACT-3622,CU-SRC-0043,CONTEXT,Circle
CU-ACT-3623,CU-SRC-0043,CONTEXT,Circle
CU-ACT-3624,CU-SRC-0043,CONTEXT,Circle
CU-ACT-3625,CU-SRC-0043,CONTEXT,Circle
CU-ACT-3626,CU-SRC-0043,CONTEXT,Circle
CU-ACT-3627,CU-SRC-0043,CONTEXT,Circle
CU-ACT-3628,CU-SRC-0043,CONTEXT,Circle
CU-ACT-3629,CU-SRC-0043,CONTEXT,Circle
CU-ACT-3630,CU-SRC-0043,CONTEXT,Circle
CU-ACT-3631,CU-SRC-0043,CONTEXT,Circle
CU-ACT-3632,CU-SRC-0043,CONTEXT,Circle
CU-ACT-3633,CU-SRC-0043,CONTEXT,Circle
CU-ACT-3634,CU-SRC-0043,CONTEXT,Circle
CU-ACT-3635,CU-SRC-0043,CONTEXT,Circle
CU-ACT-3636,CU-SRC-0043,CONTEXT,Circle
CU-ACT-3637,CU-SRC-0043,CONTEXT,Circle
CU-ACT-3638,CU-SRC-0043,CONTEXT,Circle
CU-ACT-3639,CU-SRC-0043,CONTEXT,Circle
CU-ACT-3640,CU-SRC-0043,CONTEXT,Circle
CU-ACT-3641,CU-SRC-0043,CONTEXT,Circle
CU-ACT-3642,CU-SRC-0043,CONTEXT,Circle
CU-ACT-3643,CU-SRC-0043,CONTEXT,Circle
CU-ACT-3644,CU-SRC-0043,CONTEXT,Circle
CU-ACT-3645,CU-SRC-0043,CONTEXT,Circle
CU-ACT-3646,CU-SRC-0043,CONTEXT,Circle
CU-ACT-3647,CU-SRC-0043,CONTEXT,Circle
CU-ACT-3648,CU-SRC-0043,CONTEXT,Circle
CU-ACT-3649,CU-SRC-0043,CONTEXT,Circle
CU-ACT-3650,CU-SRC-0043,CONTEXT,Circle
CU-ACT-3651,CU-SRC-0043,CONTEXT,Circle
CU-ACT-3652,CU-SRC-0043,CONTEXT,Circle
CU-ACT-3653,CU-SRC-0043,CONTEXT,Circle
CU-ACT-3654,CU-SRC-0043,CONTEXT,Circle
CU-ACT-3655,CU-SRC-0043,CONTEXT,Circle
CU-ACT-3656,CU-SRC-0043,CONTEXT,Circle
CU-ACT-3657,CU-SRC-0043,CONTEXT,Circle
CU-ACT-3658,CU-SRC-0043,CONTEXT,Circle
CU-ACT-3659,CU-SRC-0043,CONTEXT,Circle
CU-ACT-3660,CU-SRC-0043,CONTEXT,Circle
CU-ACT-3661,CU-SRC-0043,CONTEXT,Circle
CU-ACT-3662,CU-SRC-0043,CONTEXT,Circle
CU-ACT-3702,CU-SRC-0043,CONTEXT,Circle
CU-ACT-3703,CU-SRC-0043,CONTEXT,Circle
CU-ACT-3704,CU-SRC-0043,CONTEXT,Circle
CU-ACT-3705,CU-SRC-0043,CONTEXT,Circle
CU-ACT-3706,CU-SRC-0043,CONTEXT,Circle
CU-ACT-3707,CU-SRC-0043,CONTEXT,Circle
CU-ACT-3708,CU-SRC-0043,CONTEXT,Circle
CU-ACT-3709,CU-SRC-0043,CONTEXT,Circle
CU-ACT-3710,CU-SRC-0043,CONTEXT,Circle
CU-ACT-3711,CU-SRC-0043,CONTEXT,Circle
CU-ACT-3712,CU-SRC-0043,CONTEXT,Circle
CU-ACT-3713,CU-SRC-0043,CONTEXT,Circle
CU-ACT-3714,CU-SRC-0043,CONTEXT,Circle
CU-ACT-3715,CU-SRC-0043,CONTEXT,Circle
CU-ACT-3716,CU-SRC-0043,CONTEXT,Circle
CU-ACT-3717,CU-SRC-0043,CONTEXT,Circle
CU-ACT-3718,CU-SRC-0043,CONTEXT,Circle
CU-ACT-3719,CU-SRC-0043,CONTEXT,Circle
CU-ACT-3720,CU-SRC-0043,CONTEXT,Circle
CU-ACT-3721,CU-SRC-0043,CONTEXT,Circle
CU-ACT-3722,CU-SRC-0043,CONTEXT,Circle
CU-ACT-3723,CU-SRC-0043,CONTEXT,Circle
CU-ACT-3724,CU-SRC-0043,CONTEXT,Circle
CU-ACT-3725,CU-SRC-0043,CONTEXT,Circle
CU-ACT-3726,CU-SRC-0043,CONTEXT,Circle
CU-ACT-3727,CU-SRC-0043,CONTEXT,Circle
CU-ACT-3728,CU-SRC-0043,CONTEXT,Circle
CU-ACT-3729,CU-SRC-0043,CONTEXT,Circle
CU-ACT-3730,CU-SRC-0043,CONTEXT,Circle
CU-ACT-3731,CU-SRC-0043,CONTEXT,Circle
CU-ACT-3732,CU-SRC-0043,CONTEXT,Circle
CU-ACT-3733,CU-SRC-0043,CONTEXT,Circle
CU-ACT-3734,CU-SRC-0043,CONTEXT,Circle
CU-ACT-3735,CU-SRC-0043,CONTEXT,Circle
CU-ACT-3736,CU-SRC-0043,CONTEXT,Circle
CU-ACT-3737,CU-SRC-0043,CONTEXT,Circle
CU-ACT-3738,CU-SRC-0043,CONTEXT,Circle
CU-ACT-3739,CU-SRC-0043,CONTEXT,Circle
CU-ACT-3740,CU-SRC-0043,CONTEXT,Circle
CU-ACT-3741,CU-SRC-0043,CONTEXT,Circle
CU-ACT-3742,CU-SRC-0043,CONTEXT,Circle
CU-ACT-3743,CU-SRC-0043,CONTEXT,Circle
CU-ACT-3744,CU-SRC-0043,CONTEXT,Circle
CU-ACT-3745,CU-SRC-0043,CONTEXT,Circle
CU-ACT-3746,CU-SRC-0043,CONTEXT,Circle
CU-ACT-3747,CU-SRC-0043,CONTEXT,Circle
CU-ACT-3748,CU-SRC-0043,CONTEXT,Circle
CU-ACT-3749,CU-SRC-0043,CONTEXT,Circle
CU-ACT-3750,CU-SRC-0043,CONTEXT,Circle
CU-ACT-3751,CU-SRC-0043,CONTEXT,Circle
CU-ACT-3752,CU-SRC-0043,CONTEXT,Circle
CU-ACT-3753,CU-SRC-0043,CONTEXT,Circle
CU-ACT-3754,CU-SRC-0043,CONTEXT,Circle
CU-ACT-3755,CU-SRC-0043,CONTEXT,Circle
CU-ACT-3756,CU-SRC-0043,CONTEXT,Circle
CU-ACT-3757,CU-SRC-0043,CONTEXT,Circle
CU-ACT-3758,CU-SRC-0043,CONTEXT,Circle
CU-ACT-3759,CU-SRC-0043,CONTEXT,Circle
CU-ACT-3760,CU-SRC-0043,CONTEXT,Circle
CU-ACT-3761,CU-SRC-0043,CONTEXT,Circle
CU-ACT-3762,CU-SRC-0043,CONTEXT,Circle
CU-ACT-3763,CU-SRC-0043,CONTEXT,Circle
CU-ACT-3764,CU-SRC-0043,CONTEXT,Circle
CU-ACT-3765,CU-SRC-0043,CONTEXT,Circle
CU-ACT-3766,CU-SRC-0043,CONTEXT,Circle
CU-ACT-3767,CU-SRC-0043,CONTEXT,Circle
CU-ACT-3768,CU-SRC-0043,CONTEXT,Circle
CU-ACT-3769,CU-SRC-0043,CONTEXT,Circle
CU-ACT-3770,CU-SRC-0043,CONTEXT,Circle
CU-ACT-3771,CU-SRC-0043,CONTEXT,Circle
CU-ACT-3772,CU-SRC-0043,CONTEXT,Circle
CU-ACT-3773,CU-SRC-0043,CONTEXT,Circle
CU-ACT-3774,CU-SRC-0043,CONTEXT,Circle
CU-ACT-3775,CU-SRC-0043,CONTEXT,Circle
CU-ACT-3776,CU-SRC-0043,CONTEXT,Circle
CU-ACT-3777,CU-SRC-0043,CONTEXT,Circle
CU-ACT-3778,CU-SRC-0043,CONTEXT,Circle
CU-ACT-3779,CU-SRC-0043,CONTEXT,Circle
CU-ACT-3780,CU-SRC-0043,CONTEXT,Circle
CU-ACT-3781,CU-SRC-0043,CONTEXT,Circle
CU-ACT-3782,CU-SRC-0043,CONTEXT,Circle
CU-ACT-3783,CU-SRC-0043,CONTEXT,Circle
CU-ACT-3784,CU-SRC-0043,CONTEXT,Circle
CU-ACT-3785,CU-SRC-0043,CONTEXT,Circle
CU-ACT-3786,CU-SRC-0043,CONTEXT,Circle
CU-ACT-3787,CU-SRC-0043,CONTEXT,Circle
CU-ACT-3788,CU-SRC-0043,CONTEXT,Circle
CU-ACT-3789,CU-SRC-0043,CONTEXT,Circle
CU-ACT-3790,CU-SRC-0043,CONTEXT,Circle
CU-ACT-3791,CU-SRC-0043,CONTEXT,Circle
CU-ACT-3792,CU-SRC-0043,CONTEXT,Circle
CU-ACT-3793,CU-SRC-0043,CONTEXT,Circle
CU-ACT-3794,CU-SRC-0043,CONTEXT,Circle
CU-ACT-3795,CU-SRC-0043,CONTEXT,Circle
CU-ACT-3796,CU-SRC-0043,CONTEXT,Circle
CU-ACT-3797,CU-SRC-0043,CONTEXT,Circle
CU-ACT-3798,CU-SRC-0043,CONTEXT,Circle
CU-ACT-3799,CU-SRC-0043,CONTEXT,Circle
CU-ACT-3800,CU-SRC-0043,CONTEXT,Circle
CU-ACT-3801,CU-SRC-0043,CONTEXT,Circle
CU-ACT-3802,CU-SRC-0043,CONTEXT,Circle
CU-ACT-3803,CU-SRC-0043,CONTEXT,Circle
CU-ACT-3804,CU-SRC-0043,CONTEXT,Circle
CU-ACT-3805,CU-SRC-0043,CONTEXT,Circle
CU-ACT-3806,CU-SRC-0043,CONTEXT,Circle
CU-ACT-3807,CU-SRC-0043,CONTEXT,Circle
CU-ACT-3808,CU-SRC-0043,CONTEXT,Circle
CU-ACT-3809,CU-SRC-0043,CONTEXT,Circle
CU-ACT-3810,CU-SRC-0043,CONTEXT,Circle
CU-ACT-3811,CU-SRC-0043,CONTEXT,Circle
CU-ACT-3812,CU-SRC-0043,CONTEXT,Circle
CU-ACT-3813,CU-SRC-0043,CONTEXT,Circle
CU-ACT-3814,CU-SRC-0043,CONTEXT,Circle
CU-ACT-3815,CU-SRC-0043,CONTEXT,Circle
CU-ACT-3816,CU-SRC-0043,CONTEXT,Circle
CU-ACT-3817,CU-SRC-0043,CONTEXT,Circle
CU-ACT-3818,CU-SRC-0043,CONTEXT,Circle
CU-ACT-3819,CU-SRC-0043,CONTEXT,Circle
CU-ACT-3820,CU-SRC-0043,CONTEXT,Circle
CU-ACT-3821,CU-SRC-0043,CONTEXT,Circle
CU-ACT-3822,CU-SRC-0043,CONTEXT,Circle
CU-ACT-3823,CU-SRC-0043,CONTEXT,Circle
CU-ACT-3824,CU-SRC-0043,CONTEXT,Circle
CU-ACT-3825,CU-SRC-0043,CONTEXT,Circle
CU-ACT-3826,CU-SRC-0043,CONTEXT,Circle
CU-ACT-3827,CU-SRC-0043,CONTEXT,Circle
CU-ACT-3828,CU-SRC-0043,CONTEXT,Circle
CU-ACT-3829,CU-SRC-0043,CONTEXT,Circle
CU-ACT-3830,CU-SRC-0043,CONTEXT,Circle
CU-ACT-3831,CU-SRC-0043,CONTEXT,Circle
CU-ACT-3832,CU-SRC-0043,CONTEXT,Circle
CU-ACT-3873,CU-SRC-0043,CONTEXT,Circle
CU-ACT-3874,CU-SRC-0043,CONTEXT,Circle
CU-ACT-3875,CU-SRC-0043,CONTEXT,Circle
CU-ACT-3876,CU-SRC-0043,CONTEXT,Circle
CU-ACT-3877,CU-SRC-0043,CONTEXT,Circle
CU-ACT-3878,CU-SRC-0043,CONTEXT,Circle
CU-ACT-3879,CU-SRC-0043,CONTEXT,Circle
CU-ACT-3880,CU-SRC-0043,CONTEXT,Circle
CU-ACT-3881,CU-SRC-0043,CONTEXT,Circle
CU-ACT-3882,CU-SRC-0043,CONTEXT,Circle
CU-ACT-3883,CU-SRC-0043,CONTEXT,Circle
CU-ACT-3884,CU-SRC-0043,CONTEXT,Circle
CU-ACT-3885,CU-SRC-0043,CONTEXT,Circle
CU-ACT-3886,CU-SRC-0043,CONTEXT,Circle
CU-ACT-3887,CU-SRC-0043,CONTEXT,Circle
CU-ACT-3888,CU-SRC-0043,CONTEXT,Circle
CU-ACT-3889,CU-SRC-0043,CONTEXT,Circle
CU-ACT-3890,CU-SRC-0043,CONTEXT,Circle
CU-ACT-3891,CU-SRC-0043,CONTEXT,Circle
CU-ACT-3892,CU-SRC-0043,CONTEXT,Circle
CU-ACT-3893,CU-SRC-0043,CONTEXT,Circle
CU-ACT-3894,CU-SRC-0043,CONTEXT,Circle
CU-ACT-3895,CU-SRC-0043,CONTEXT,Circle
CU-ACT-3896,CU-SRC-0043,CONTEXT,Circle
CU-ACT-3897,CU-SRC-0043,CONTEXT,Circle
CU-ACT-3898,CU-SRC-0043,CONTEXT,Circle
CU-ACT-3899,CU-SRC-0043,CONTEXT,Circle
CU-ACT-3900,CU-SRC-0043,CONTEXT,Circle
CU-ACT-3901,CU-SRC-0043,CONTEXT,Circle
CU-ACT-3902,CU-SRC-0043,CONTEXT,Circle
CU-ACT-3903,CU-SRC-0043,CONTEXT,Circle
CU-ACT-3904,CU-SRC-0043,CONTEXT,Circle
CU-ACT-3905,CU-SRC-0043,CONTEXT,Circle
CU-ACT-3906,CU-SRC-0043,CONTEXT,Circle
CU-ACT-3907,CU-SRC-0043,CONTEXT,Circle
CU-ACT-3908,CU-SRC-0043,CONTEXT,Circle
CU-ACT-3909,CU-SRC-0043,CONTEXT,Circle
CU-ACT-3910,CU-SRC-0043,CONTEXT,Circle
CU-ACT-3911,CU-SRC-0043,CONTEXT,Circle
CU-ACT-3912,CU-SRC-0043,CONTEXT,Circle
CU-ACT-3913,CU-SRC-0043,CONTEXT,Circle
CU-ACT-3914,CU-SRC-0043,CONTEXT,Circle
CU-ACT-3915,CU-SRC-0043,CONTEXT,Circle
CU-ACT-3916,CU-SRC-0043,CONTEXT,Circle
CU-ACT-3917,CU-SRC-0043,CONTEXT,Circle
CU-ACT-3918,CU-SRC-0043,CONTEXT,Circle
CU-ACT-3919,CU-SRC-0043,CONTEXT,Circle
CU-ACT-3920,CU-SRC-0043,CONTEXT,Circle
CU-ACT-3921,CU-SRC-0043,CONTEXT,Circle
CU-ACT-3922,CU-SRC-0043,CONTEXT,Circle
CU-ACT-3923,CU-SRC-0043,CONTEXT,Circle
CU-ACT-3924,CU-SRC-0043,CONTEXT,Circle
CU-ACT-3925,CU-SRC-0043,CONTEXT,Circle
CU-ACT-3926,CU-SRC-0043,CONTEXT,Circle
CU-ACT-3927,CU-SRC-0043,CONTEXT,Circle
CU-ACT-3928,CU-SRC-0043,CONTEXT,Circle
CU-ACT-3929,CU-SRC-0043,CONTEXT,Circle
CU-ACT-3930,CU-SRC-0043,CONTEXT,Circle
CU-ACT-3931,CU-SRC-0043,CONTEXT,Circle
CU-ACT-3932,CU-SRC-0043,CONTEXT,Circle
CU-ACT-3933,CU-SRC-0043,CONTEXT,Circle
CU-ACT-3934,CU-SRC-0043,CONTEXT,Circle
CU-ACT-3935,CU-SRC-0043,CONTEXT,Circle
CU-ACT-3936,CU-SRC-0043,CONTEXT,Circle
CU-ACT-3937,CU-SRC-0043,CONTEXT,Circle
CU-ACT-3938,CU-SRC-0043,CONTEXT,Circle
CU-ACT-3939,CU-SRC-0043,CONTEXT,Circle
CU-ACT-3940,CU-SRC-0043,CONTEXT,Circle
CU-ACT-3941,CU-SRC-0043,CONTEXT,Circle
CU-ACT-3942,CU-SRC-0043,CONTEXT,Circle
CU-ACT-3943,CU-SRC-0043,CONTEXT,Circle
CU-ACT-3944,CU-SRC-0043,CONTEXT,Circle
CU-ACT-3945,CU-SRC-0043,CONTEXT,Circle
CU-ACT-3946,CU-SRC-0043,CONTEXT,Circle
CU-ACT-3947,CU-SRC-0043,CONTEXT,Circle
CU-ACT-3948,CU-SRC-0043,CONTEXT,Circle
CU-ACT-3949,CU-SRC-0043,CONTEXT,Circle
CU-ACT-3950,CU-SRC-0043,CONTEXT,Circle
CU-ACT-3951,CU-SRC-0043,CONTEXT,Circle
CU-ACT-3952,CU-SRC-0043,CONTEXT,Circle
CU-ACT-3953,CU-SRC-0043,CONTEXT,Circle
CU-ACT-3954,CU-SRC-0043,CONTEXT,Circle
CU-ACT-3955,CU-SRC-0043,CONTEXT,Circle
CU-ACT-3956,CU-SRC-0043,CONTEXT,Circle
CU-ACT-3957,CU-SRC-0043,CONTEXT,Circle
CU-ACT-3958,CU-SRC-0043,CONTEXT,Circle
CU-ACT-3959,CU-SRC-0043,CONTEXT,Circle
CU-ACT-3960,CU-SRC-0043,CONTEXT,Circle
CU-ACT-3961,CU-SRC-0043,CONTEXT,Circle
CU-ACT-3962,CU-SRC-0043,CONTEXT,Circle
CU-ACT-3963,CU-SRC-0043,CONTEXT,Circle
CU-ACT-3964,CU-SRC-0043,CONTEXT,Circle
CU-ACT-3965,CU-SRC-0043,CONTEXT,Circle
CU-ACT-3966,CU-SRC-0043,CONTEXT,Circle
CU-ACT-3967,CU-SRC-0043,CONTEXT,Circle
CU-ACT-3968,CU-SRC-0043,CONTEXT,Circle
CU-ACT-3969,CU-SRC-0043,CONTEXT,Circle
CU-ACT-3970,CU-SRC-0043,CONTEXT,Circle
CU-ACT-3971,CU-SRC-0043,CONTEXT,Circle
CU-ACT-3972,CU-SRC-0043,CONTEXT,Circle
CU-ACT-3973,CU-SRC-0043,CONTEXT,Circle
CU-ACT-3974,CU-SRC-0043,CONTEXT,Circle
CU-ACT-3975,CU-SRC-0043,CONTEXT,Circle
CU-ACT-3976,CU-SRC-0043,CONTEXT,Circle
CU-ACT-3977,CU-SRC-0043,CONTEXT,Circle
CU-ACT-3978,CU-SRC-0043,CONTEXT,Circle
CU-ACT-3979,CU-SRC-0043,CONTEXT,Circle
CU-ACT-3980,CU-SRC-0043,CONTEXT,Circle
CU-ACT-3981,CU-SRC-0043,CONTEXT,Circle
CU-ACT-3982,CU-SRC-0043,CONTEXT,Circle
CU-ACT-3983,CU-SRC-0043,CONTEXT,Circle
CU-ACT-3984,CU-SRC-0043,CONTEXT,Circle
CU-ACT-3985,CU-SRC-0043,CONTEXT,Circle
CU-ACT-3986,CU-SRC-0043,CONTEXT,Circle
CU-ACT-3987,CU-SRC-0043,CONTEXT,Circle
CU-ACT-3988,CU-SRC-0043,CONTEXT,Circle
CU-ACT-3989,CU-SRC-0043,CONTEXT,Circle
CU-ACT-3990,CU-SRC-0043,CONTEXT,Circle
CU-ACT-3991,CU-SRC-0043,CONTEXT,Circle
CU-ACT-3992,CU-SRC-0043,CONTEXT,Circle
CU-ACT-3993,CU-SRC-0043,CONTEXT,Circle
CU-ACT-3994,CU-SRC-0043,CONTEXT,Circle
CU-ACT-3995,CU-SRC-0043,CONTEXT,Circle
CU-ACT-3996,CU-SRC-0043,CONTEXT,Circle
CU-ACT-3997,CU-SRC-0043,CONTEXT,Circle
CU-ACT-3998,CU-SRC-0043,CONTEXT,Circle
CU-ACT-3999,CU-SRC-0043,CONTEXT,Circle
CU-ACT-4000,CU-SRC-0043,CONTEXT,Circle
CU-ACT-4001,CU-SRC-0043,CONTEXT,Circle
CU-ACT-4002,CU-SRC-0043,CONTEXT,Circle
CU-ACT-4003,CU-SRC-0043,CONTEXT,Circle
CU-ACT-3005,CU-SRC-0044,CONTEXT,Circle
CU-ACT-3006,CU-SRC-0044,CONTEXT,Circle
CU-ACT-3007,CU-SRC-0044,CONTEXT,Circle
CU-ACT-3008,CU-SRC-0044,CONTEXT,Circle
CU-ACT-3009,CU-SRC-0044,CONTEXT,Circle
CU-ACT-3010,CU-SRC-0044,CONTEXT,Circle
CU-ACT-3011,CU-SRC-0044,CONTEXT,Circle
CU-ACT-3012,CU-SRC-0044,CONTEXT,Circle
CU-ACT-3013,CU-SRC-0044,CONTEXT,Circle
CU-ACT-3014,CU-SRC-0044,CONTEXT,Circle
CU-ACT-3015,CU-SRC-0044,CONTEXT,Circle
CU-ACT-3016,CU-SRC-0044,CONTEXT,Circle
CU-ACT-3017,CU-SRC-0044,CONTEXT,Circle
CU-ACT-3018,CU-SRC-0044,CONTEXT,Circle
CU-ACT-3019,CU-SRC-0044,CONTEXT,Circle
CU-ACT-3020,CU-SRC-0044,CONTEXT,Circle
CU-ACT-3021,CU-SRC-0044,CONTEXT,Circle
CU-ACT-3022,CU-SRC-0044,CONTEXT,Circle
CU-ACT-3023,CU-SRC-0044,CONTEXT,Circle
CU-ACT-3024,CU-SRC-0044,CONTEXT,Circle
CU-ACT-3025,CU-SRC-0044,CONTEXT,Circle
CU-ACT-3026,CU-SRC-0044,CONTEXT,Circle
CU-ACT-3027,CU-SRC-0044,CONTEXT,Circle
CU-ACT-3028,CU-SRC-0044,CONTEXT,Circle
CU-ACT-3029,CU-SRC-0044,CONTEXT,Circle
CU-ACT-3030,CU-SRC-0044,CONTEXT,Circle
CU-ACT-3031,CU-SRC-0044,CONTEXT,Circle
CU-ACT-3032,CU-SRC-0044,CONTEXT,Circle
CU-ACT-3033,CU-SRC-0044,CONTEXT,Circle
CU-ACT-3034,CU-SRC-0044,CONTEXT,Circle
CU-ACT-3035,CU-SRC-0044,CONTEXT,Circle
CU-ACT-3036,CU-SRC-0044,CONTEXT,Circle
CU-ACT-3037,CU-SRC-0044,CONTEXT,Circle
CU-ACT-3038,CU-SRC-0044,CONTEXT,Circle
CU-ACT-3039,CU-SRC-0044,CONTEXT,Circle
CU-ACT-3040,CU-SRC-0044,CONTEXT,Circle
CU-ACT-3041,CU-SRC-0044,CONTEXT,Circle
CU-ACT-3042,CU-SRC-0044,CONTEXT,Circle
CU-ACT-3043,CU-SRC-0044,CONTEXT,Circle
CU-ACT-3044,CU-SRC-0044,CONTEXT,Circle
CU-ACT-3045,CU-SRC-0044,CONTEXT,Circle
CU-ACT-3046,CU-SRC-0044,CONTEXT,Circle
CU-ACT-3047,CU-SRC-0044,CONTEXT,Circle
CU-ACT-3048,CU-SRC-0044,CONTEXT,Circle
CU-ACT-3049,CU-SRC-0044,CONTEXT,Circle
CU-ACT-3050,CU-SRC-0044,CONTEXT,Circle
CU-ACT-3051,CU-SRC-0044,CONTEXT,Circle
CU-ACT-3052,CU-SRC-0044,CONTEXT,Circle
CU-ACT-3053,CU-SRC-0044,CONTEXT,Circle
CU-ACT-3054,CU-SRC-0044,CONTEXT,Circle
CU-ACT-3055,CU-SRC-0044,CONTEXT,Circle
CU-ACT-3056,CU-SRC-0044,CONTEXT,Circle
CU-ACT-3057,CU-SRC-0044,CONTEXT,Circle
CU-ACT-3058,CU-SRC-0044,CONTEXT,Circle
CU-ACT-3059,CU-SRC-0044,CONTEXT,Circle
CU-ACT-3060,CU-SRC-0044,CONTEXT,Circle
CU-ACT-3061,CU-SRC-0044,CONTEXT,Circle
CU-ACT-3062,CU-SRC-0044,CONTEXT,Circle
CU-ACT-3063,CU-SRC-0044,CONTEXT,Circle
CU-ACT-3064,CU-SRC-0044,CONTEXT,Circle
CU-ACT-3065,CU-SRC-0044,CONTEXT,Circle
CU-ACT-3066,CU-SRC-0044,CONTEXT,Circle
CU-ACT-3067,CU-SRC-0044,CONTEXT,Circle
CU-ACT-3068,CU-SRC-0044,CONTEXT,Circle
CU-ACT-3069,CU-SRC-0044,CONTEXT,Circle
CU-ACT-3070,CU-SRC-0044,CONTEXT,Circle
CU-ACT-3071,CU-SRC-0044,CONTEXT,Circle
CU-ACT-3072,CU-SRC-0044,CONTEXT,Circle
CU-ACT-3073,CU-SRC-0044,CONTEXT,Circle
CU-ACT-3074,CU-SRC-0044,CONTEXT,Circle
CU-ACT-3075,CU-SRC-0044,CONTEXT,Circle
CU-ACT-3076,CU-SRC-0044,CONTEXT,Circle
CU-ACT-3077,CU-SRC-0044,CONTEXT,Circle
CU-ACT-3078,CU-SRC-0044,CONTEXT,Circle
CU-ACT-3079,CU-SRC-0044,CONTEXT,Circle
CU-ACT-3080,CU-SRC-0044,CONTEXT,Circle
CU-ACT-3081,CU-SRC-0044,CONTEXT,Circle
CU-ACT-3082,CU-SRC-0044,CONTEXT,Circle
CU-ACT-3083,CU-SRC-0044,CONTEXT,Circle
CU-ACT-3084,CU-SRC-0044,CONTEXT,Circle
CU-ACT-3085,CU-SRC-0044,CONTEXT,Circle
CU-ACT-3086,CU-SRC-0044,CONTEXT,Circle
CU-ACT-3087,CU-SRC-0044,CONTEXT,Circle
CU-ACT-3088,CU-SRC-0044,CONTEXT,Circle
CU-ACT-3089,CU-SRC-0044,CONTEXT,Circle
CU-ACT-3090,CU-SRC-0044,CONTEXT,Circle
CU-ACT-3091,CU-SRC-0044,CONTEXT,Circle
CU-ACT-3092,CU-SRC-0044,CONTEXT,Circle
CU-ACT-3093,CU-SRC-0044,CONTEXT,Circle
CU-ACT-3094,CU-SRC-0044,CONTEXT,Circle
CU-ACT-3095,CU-SRC-0044,CONTEXT,Circle
CU-ACT-3096,CU-SRC-0044,CONTEXT,Circle
CU-ACT-3097,CU-SRC-0044,CONTEXT,Circle
CU-ACT-3098,CU-SRC-0044,CONTEXT,Circle
CU-ACT-3099,CU-SRC-0044,CONTEXT,Circle
CU-ACT-3100,CU-SRC-0044,CONTEXT,Circle
CU-ACT-3101,CU-SRC-0044,CONTEXT,Circle
CU-ACT-3102,CU-SRC-0044,CONTEXT,Circle
CU-ACT-3103,CU-SRC-0044,CONTEXT,Circle
CU-ACT-3104,CU-SRC-0044,CONTEXT,Circle
CU-ACT-3105,CU-SRC-0044,CONTEXT,Circle
CU-ACT-3106,CU-SRC-0044,CONTEXT,Circle
CU-ACT-3107,CU-SRC-0044,CONTEXT,Circle
CU-ACT-3108,CU-SRC-0044,CONTEXT,Circle
CU-ACT-3109,CU-SRC-0044,CONTEXT,Circle
CU-ACT-3110,CU-SRC-0044,CONTEXT,Circle
CU-ACT-3111,CU-SRC-0044,CONTEXT,Circle
CU-ACT-3112,CU-SRC-0044,CONTEXT,Circle
CU-ACT-3113,CU-SRC-0044,CONTEXT,Circle
CU-ACT-3114,CU-SRC-0044,CONTEXT,Circle
CU-ACT-3115,CU-SRC-0044,CONTEXT,Circle
CU-ACT-3116,CU-SRC-0044,CONTEXT,Circle
CU-ACT-3117,CU-SRC-0044,CONTEXT,Circle
CU-ACT-3118,CU-SRC-0044,CONTEXT,Circle
CU-ACT-3119,CU-SRC-0044,CONTEXT,Circle
CU-ACT-3120,CU-SRC-0044,CONTEXT,Circle
CU-ACT-3121,CU-SRC-0044,CONTEXT,Circle
CU-ACT-3122,CU-SRC-0044,CONTEXT,Circle
CU-ACT-3123,CU-SRC-0044,CONTEXT,Circle
CU-ACT-3124,CU-SRC-0044,CONTEXT,Circle
CU-ACT-3125,CU-SRC-0044,CONTEXT,Circle
CU-ACT-3126,CU-SRC-0044,CONTEXT,Circle
CU-ACT-3127,CU-SRC-0044,CONTEXT,Circle
CU-ACT-3128,CU-SRC-0044,CONTEXT,Circle
CU-ACT-3129,CU-SRC-0044,CONTEXT,Circle
CU-ACT-3130,CU-SRC-0044,CONTEXT,Circle
CU-ACT-3131,CU-SRC-0044,CONTEXT,Circle
CU-ACT-3132,CU-SRC-0044,CONTEXT,Circle
CU-ACT-3133,CU-SRC-0044,CONTEXT,Circle
CU-ACT-3134,CU-SRC-0044,CONTEXT,Circle
CU-ACT-3135,CU-SRC-0044,CONTEXT,Circle
CU-ACT-3188,CU-SRC-0044,CONTEXT,Circle
CU-ACT-3189,CU-SRC-0044,CONTEXT,Circle
CU-ACT-3190,CU-SRC-0044,CONTEXT,Circle
CU-ACT-3191,CU-SRC-0044,CONTEXT,Circle
CU-ACT-3192,CU-SRC-0044,CONTEXT,Circle
CU-ACT-3193,CU-SRC-0044,CONTEXT,Circle
CU-ACT-3194,CU-SRC-0044,CONTEXT,Circle
CU-ACT-3195,CU-SRC-0044,CONTEXT,Circle
CU-ACT-3196,CU-SRC-0044,CONTEXT,Circle
CU-ACT-3197,CU-SRC-0044,CONTEXT,Circle
CU-ACT-3198,CU-SRC-0044,CONTEXT,Circle
CU-ACT-3199,CU-SRC-0044,CONTEXT,Circle
CU-ACT-3200,CU-SRC-0044,CONTEXT,Circle
CU-ACT-3201,CU-SRC-0044,CONTEXT,Circle
CU-ACT-3202,CU-SRC-0044,CONTEXT,Circle
CU-ACT-3203,CU-SRC-0044,CONTEXT,Circle
CU-ACT-3204,CU-SRC-0044,CONTEXT,Circle
CU-ACT-3205,CU-SRC-0044,CONTEXT,Circle
CU-ACT-3206,CU-SRC-0044,CONTEXT,Circle
CU-ACT-3207,CU-SRC-0044,CONTEXT,Circle
CU-ACT-3208,CU-SRC-0044,CONTEXT,Circle
CU-ACT-3209,CU-SRC-0044,CONTEXT,Circle
CU-ACT-3210,CU-SRC-0044,CONTEXT,Circle
CU-ACT-3211,CU-SRC-0044,CONTEXT,Circle
CU-ACT-3212,CU-SRC-0044,CONTEXT,Circle
CU-ACT-3213,CU-SRC-0044,CONTEXT,Circle
CU-ACT-3214,CU-SRC-0044,CONTEXT,Circle
CU-ACT-3215,CU-SRC-0044,CONTEXT,Circle
CU-ACT-3216,CU-SRC-0044,CONTEXT,Circle
CU-ACT-3217,CU-SRC-0044,CONTEXT,Circle
CU-ACT-3218,CU-SRC-0044,CONTEXT,Circle
CU-ACT-3219,CU-SRC-0044,CONTEXT,Circle
CU-ACT-3220,CU-SRC-0044,CONTEXT,Circle
CU-ACT-3221,CU-SRC-0044,CONTEXT,Circle
CU-ACT-3222,CU-SRC-0044,CONTEXT,Circle
CU-ACT-3223,CU-SRC-0044,CONTEXT,Circle
CU-ACT-3224,CU-SRC-0044,CONTEXT,Circle
CU-ACT-3225,CU-SRC-0044,CONTEXT,Circle
CU-ACT-3226,CU-SRC-0044,CONTEXT,Circle
CU-ACT-3227,CU-SRC-0044,CONTEXT,Circle
CU-ACT-3228,CU-SRC-0044,CONTEXT,Circle
CU-ACT-3229,CU-SRC-0044,CONTEXT,Circle
CU-ACT-3230,CU-SRC-0044,CONTEXT,Circle
CU-ACT-3231,CU-SRC-0044,CONTEXT,Circle
CU-ACT-3232,CU-SRC-0044,CONTEXT,Circle
CU-ACT-3233,CU-SRC-0044,CONTEXT,Circle
CU-ACT-3234,CU-SRC-0044,CONTEXT,Circle
CU-ACT-3235,CU-SRC-0044,CONTEXT,Circle
CU-ACT-3236,CU-SRC-0044,CONTEXT,Circle
CU-ACT-3237,CU-SRC-0044,CONTEXT,Circle
CU-ACT-3238,CU-SRC-0044,CONTEXT,Circle
CU-ACT-3239,CU-SRC-0044,CONTEXT,Circle
CU-ACT-3240,CU-SRC-0044,CONTEXT,Circle
CU-ACT-3241,CU-SRC-0044,CONTEXT,Circle
CU-ACT-3242,CU-SRC-0044,CONTEXT,Circle
CU-ACT-3243,CU-SRC-0044,CONTEXT,Circle
CU-ACT-3244,CU-SRC-0044,CONTEXT,Circle
CU-ACT-3245,CU-SRC-0044,CONTEXT,Circle
CU-ACT-3246,CU-SRC-0044,CONTEXT,Circle
CU-ACT-3247,CU-SRC-0044,CONTEXT,Circle
CU-ACT-3248,CU-SRC-0044,CONTEXT,Circle
CU-ACT-3249,CU-SRC-0044,CONTEXT,Circle
CU-ACT-3250,CU-SRC-0044,CONTEXT,Circle
CU-ACT-3251,CU-SRC-0044,CONTEXT,Circle
CU-ACT-3252,CU-SRC-0044,CONTEXT,Circle
CU-ACT-3253,CU-SRC-0044,CONTEXT,Circle
CU-ACT-3254,CU-SRC-0044,CONTEXT,Circle
CU-ACT-3255,CU-SRC-0044,CONTEXT,Circle
CU-ACT-3256,CU-SRC-0044,CONTEXT,Circle
CU-ACT-3257,CU-SRC-0044,CONTEXT,Circle
CU-ACT-3258,CU-SRC-0044,CONTEXT,Circle
CU-ACT-3259,CU-SRC-0044,CONTEXT,Circle
CU-ACT-3260,CU-SRC-0044,CONTEXT,Circle
CU-ACT-3261,CU-SRC-0044,CONTEXT,Circle
CU-ACT-3262,CU-SRC-0044,CONTEXT,Circle
CU-ACT-3263,CU-SRC-0044,CONTEXT,Circle
CU-ACT-3264,CU-SRC-0044,CONTEXT,Circle
CU-ACT-3265,CU-SRC-0044,CONTEXT,Circle
CU-ACT-3266,CU-SRC-0044,CONTEXT,Circle
CU-ACT-3267,CU-SRC-0044,CONTEXT,Circle
CU-ACT-3268,CU-SRC-0044,CONTEXT,Circle
CU-ACT-3269,CU-SRC-0044,CONTEXT,Circle
CU-ACT-3270,CU-SRC-0044,CONTEXT,Circle
CU-ACT-3271,CU-SRC-0044,CONTEXT,Circle
CU-ACT-3272,CU-SRC-0044,CONTEXT,Circle
CU-ACT-3273,CU-SRC-0044,CONTEXT,Circle
CU-ACT-3274,CU-SRC-0044,CONTEXT,Circle
CU-ACT-3275,CU-SRC-0044,CONTEXT,Circle
CU-ACT-3276,CU-SRC-0044,CONTEXT,Circle
CU-ACT-3277,CU-SRC-0044,CONTEXT,Circle
CU-ACT-3278,CU-SRC-0044,CONTEXT,Circle
CU-ACT-3279,CU-SRC-0044,CONTEXT,Circle
CU-ACT-3280,CU-SRC-0044,CONTEXT,Circle
CU-ACT-3281,CU-SRC-0044,CONTEXT,Circle
CU-ACT-3282,CU-SRC-0044,CONTEXT,Circle
CU-ACT-3283,CU-SRC-0044,CONTEXT,Circle
CU-ACT-3284,CU-SRC-0044,CONTEXT,Circle
CU-ACT-3285,CU-SRC-0044,CONTEXT,Circle
CU-ACT-3286,CU-SRC-0044,CONTEXT,Circle
CU-ACT-3287,CU-SRC-0044,CONTEXT,Circle
CU-ACT-3288,CU-SRC-0044,CONTEXT,Circle
CU-ACT-3289,CU-SRC-0044,CONTEXT,Circle
CU-ACT-3290,CU-SRC-0044,CONTEXT,Circle
CU-ACT-3291,CU-SRC-0044,CONTEXT,Circle
CU-ACT-3292,CU-SRC-0044,CONTEXT,Circle
CU-ACT-3293,CU-SRC-0044,CONTEXT,Circle
CU-ACT-3294,CU-SRC-0044,CONTEXT,Circle
CU-ACT-3295,CU-SRC-0044,CONTEXT,Circle
CU-ACT-3296,CU-SRC-0044,CONTEXT,Circle
CU-ACT-3297,CU-SRC-0044,CONTEXT,Circle
CU-ACT-3298,CU-SRC-0044,CONTEXT,Circle
CU-ACT-3299,CU-SRC-0044,CONTEXT,Circle
CU-ACT-3300,CU-SRC-0044,CONTEXT,Circle
CU-ACT-3301,CU-SRC-0044,CONTEXT,Circle
CU-ACT-3302,CU-SRC-0044,CONTEXT,Circle
CU-ACT-3303,CU-SRC-0044,CONTEXT,Circle
CU-ACT-3304,CU-SRC-0044,CONTEXT,Circle
CU-ACT-3305,CU-SRC-0044,CONTEXT,Circle
CU-ACT-3306,CU-SRC-0044,CONTEXT,Circle
CU-ACT-3307,CU-SRC-0044,CONTEXT,Circle
CU-ACT-3308,CU-SRC-0044,CONTEXT,Circle
CU-ACT-3309,CU-SRC-0044,CONTEXT,Circle
CU-ACT-3310,CU-SRC-0044,CONTEXT,Circle
CU-ACT-3311,CU-SRC-0044,CONTEXT,Circle
CU-ACT-3312,CU-SRC-0044,CONTEXT,Circle
CU-ACT-3313,CU-SRC-0044,CONTEXT,Circle
CU-ACT-3314,CU-SRC-0044,CONTEXT,Circle
CU-ACT-3315,CU-SRC-0044,CONTEXT,Circle
CU-ACT-3316,CU-SRC-0044,CONTEXT,Circle
CU-ACT-3317,CU-SRC-0044,CONTEXT,Circle
CU-ACT-3318,CU-SRC-0044,CONTEXT,Circle
CU-ACT-3362,CU-SRC-0044,CONTEXT,Circle
CU-ACT-3363,CU-SRC-0044,CONTEXT,Circle
CU-ACT-3364,CU-SRC-0044,CONTEXT,Circle
CU-ACT-3365,CU-SRC-0044,CONTEXT,Circle
CU-ACT-3366,CU-SRC-0044,CONTEXT,Circle
CU-ACT-3367,CU-SRC-0044,CONTEXT,Circle
CU-ACT-3368,CU-SRC-0044,CONTEXT,Circle
CU-ACT-3369,CU-SRC-0044,CONTEXT,Circle
CU-ACT-3370,CU-SRC-0044,CONTEXT,Circle
CU-ACT-3371,CU-SRC-0044,CONTEXT,Circle
CU-ACT-3372,CU-SRC-0044,CONTEXT,Circle
CU-ACT-3373,CU-SRC-0044,CONTEXT,Circle
CU-ACT-3374,CU-SRC-0044,CONTEXT,Circle
CU-ACT-3375,CU-SRC-0044,CONTEXT,Circle
CU-ACT-3376,CU-SRC-0044,CONTEXT,Circle
CU-ACT-3377,CU-SRC-0044,CONTEXT,Circle
CU-ACT-3378,CU-SRC-0044,CONTEXT,Circle
CU-ACT-3379,CU-SRC-0044,CONTEXT,Circle
CU-ACT-3380,CU-SRC-0044,CONTEXT,Circle
CU-ACT-3381,CU-SRC-0044,CONTEXT,Circle
CU-ACT-3382,CU-SRC-0044,CONTEXT,Circle
CU-ACT-3383,CU-SRC-0044,CONTEXT,Circle
CU-ACT-3384,CU-SRC-0044,CONTEXT,Circle
CU-ACT-3385,CU-SRC-0044,CONTEXT,Circle
CU-ACT-3386,CU-SRC-0044,CONTEXT,Circle
CU-ACT-3387,CU-SRC-0044,CONTEXT,Circle
CU-ACT-3388,CU-SRC-0044,CONTEXT,Circle
CU-ACT-3389,CU-SRC-0044,CONTEXT,Circle
CU-ACT-3390,CU-SRC-0044,CONTEXT,Circle
CU-ACT-3391,CU-SRC-0044,CONTEXT,Circle
CU-ACT-3392,CU-SRC-0044,CONTEXT,Circle
CU-ACT-3393,CU-SRC-0044,CONTEXT,Circle
CU-ACT-3394,CU-SRC-0044,CONTEXT,Circle
CU-ACT-3395,CU-SRC-0044,CONTEXT,Circle
CU-ACT-3396,CU-SRC-0044,CONTEXT,Circle
CU-ACT-3397,CU-SRC-0044,CONTEXT,Circle
CU-ACT-3398,CU-SRC-0044,CONTEXT,Circle
CU-ACT-3399,CU-SRC-0044,CONTEXT,Circle
CU-ACT-3400,CU-SRC-0044,CONTEXT,Circle
CU-ACT-3401,CU-SRC-0044,CONTEXT,Circle
CU-ACT-3402,CU-SRC-0044,CONTEXT,Circle
CU-ACT-3403,CU-SRC-0044,CONTEXT,Circle
CU-ACT-3404,CU-SRC-0044,CONTEXT,Circle
CU-ACT-3405,CU-SRC-0044,CONTEXT,Circle
CU-ACT-3406,CU-SRC-0044,CONTEXT,Circle
CU-ACT-3407,CU-SRC-0044,CONTEXT,Circle
CU-ACT-3408,CU-SRC-0044,CONTEXT,Circle
CU-ACT-3409,CU-SRC-0044,CONTEXT,Circle
CU-ACT-3410,CU-SRC-0044,CONTEXT,Circle
CU-ACT-3411,CU-SRC-0044,CONTEXT,Circle
CU-ACT-3412,CU-SRC-0044,CONTEXT,Circle
CU-ACT-3413,CU-SRC-0044,CONTEXT,Circle
CU-ACT-3414,CU-SRC-0044,CONTEXT,Circle
CU-ACT-3415,CU-SRC-0044,CONTEXT,Circle
CU-ACT-3416,CU-SRC-0044,CONTEXT,Circle
CU-ACT-3417,CU-SRC-0044,CONTEXT,Circle
CU-ACT-3418,CU-SRC-0044,CONTEXT,Circle
CU-ACT-3419,CU-SRC-0044,CONTEXT,Circle
CU-ACT-3420,CU-SRC-0044,CONTEXT,Circle
CU-ACT-3421,CU-SRC-0044,CONTEXT,Circle
CU-ACT-3422,CU-SRC-0044,CONTEXT,Circle
CU-ACT-3423,CU-SRC-0044,CONTEXT,Circle
CU-ACT-3424,CU-SRC-0044,CONTEXT,Circle
CU-ACT-3425,CU-SRC-0044,CONTEXT,Circle
CU-ACT-3426,CU-SRC-0044,CONTEXT,Circle
CU-ACT-3427,CU-SRC-0044,CONTEXT,Circle
CU-ACT-3428,CU-SRC-0044,CONTEXT,Circle
CU-ACT-3429,CU-SRC-0044,CONTEXT,Circle
CU-ACT-3430,CU-SRC-0044,CONTEXT,Circle
CU-ACT-3431,CU-SRC-0044,CONTEXT,Circle
CU-ACT-3432,CU-SRC-0044,CONTEXT,Circle
CU-ACT-3433,CU-SRC-0044,CONTEXT,Circle
CU-ACT-3434,CU-SRC-0044,CONTEXT,Circle
CU-ACT-3435,CU-SRC-0044,CONTEXT,Circle
CU-ACT-3436,CU-SRC-0044,CONTEXT,Circle
CU-ACT-3437,CU-SRC-0044,CONTEXT,Circle
CU-ACT-3438,CU-SRC-0044,CONTEXT,Circle
CU-ACT-3439,CU-SRC-0044,CONTEXT,Circle
CU-ACT-3440,CU-SRC-0044,CONTEXT,Circle
CU-ACT-3441,CU-SRC-0044,CONTEXT,Circle
CU-ACT-3442,CU-SRC-0044,CONTEXT,Circle
CU-ACT-3443,CU-SRC-0044,CONTEXT,Circle
CU-ACT-3444,CU-SRC-0044,CONTEXT,Circle
CU-ACT-3445,CU-SRC-0044,CONTEXT,Circle
CU-ACT-3446,CU-SRC-0044,CONTEXT,Circle
CU-ACT-3447,CU-SRC-0044,CONTEXT,Circle
CU-ACT-3448,CU-SRC-0044,CONTEXT,Circle
CU-ACT-3449,CU-SRC-0044,CONTEXT,Circle
CU-ACT-3450,CU-SRC-0044,CONTEXT,Circle
CU-ACT-3451,CU-SRC-0044,CONTEXT,Circle
CU-ACT-3452,CU-SRC-0044,CONTEXT,Circle
CU-ACT-3453,CU-SRC-0044,CONTEXT,Circle
CU-ACT-3454,CU-SRC-0044,CONTEXT,Circle
CU-ACT-3455,CU-SRC-0044,CONTEXT,Circle
CU-ACT-3456,CU-SRC-0044,CONTEXT,Circle
CU-ACT-3457,CU-SRC-0044,CONTEXT,Circle
CU-ACT-3458,CU-SRC-0044,CONTEXT,Circle
CU-ACT-3459,CU-SRC-0044,CONTEXT,Circle
CU-ACT-3460,CU-SRC-0044,CONTEXT,Circle
CU-ACT-3461,CU-SRC-0044,CONTEXT,Circle
CU-ACT-3462,CU-SRC-0044,CONTEXT,Circle
CU-ACT-3463,CU-SRC-0044,CONTEXT,Circle
CU-ACT-3464,CU-SRC-0044,CONTEXT,Circle
CU-ACT-3465,CU-SRC-0044,CONTEXT,Circle
CU-ACT-3466,CU-SRC-0044,CONTEXT,Circle
CU-ACT-3467,CU-SRC-0044,CONTEXT,Circle
CU-ACT-3468,CU-SRC-0044,CONTEXT,Circle
CU-ACT-3469,CU-SRC-0044,CONTEXT,Circle
CU-ACT-3470,CU-SRC-0044,CONTEXT,Circle
CU-ACT-3471,CU-SRC-0044,CONTEXT,Circle
CU-ACT-3472,CU-SRC-0044,CONTEXT,Circle
CU-ACT-3473,CU-SRC-0044,CONTEXT,Circle
CU-ACT-3474,CU-SRC-0044,CONTEXT,Circle
CU-ACT-3475,CU-SRC-0044,CONTEXT,Circle
CU-ACT-3476,CU-SRC-0044,CONTEXT,Circle
CU-ACT-3477,CU-SRC-0044,CONTEXT,Circle
CU-ACT-3478,CU-SRC-0044,CONTEXT,Circle
CU-ACT-3479,CU-SRC-0044,CONTEXT,Circle
CU-ACT-3480,CU-SRC-0044,CONTEXT,Circle
CU-ACT-3481,CU-SRC-0044,CONTEXT,Circle
CU-ACT-3482,CU-SRC-0044,CONTEXT,Circle
CU-ACT-3483,CU-SRC-0044,CONTEXT,Circle
CU-ACT-3484,CU-SRC-0044,CONTEXT,Circle
CU-ACT-3485,CU-SRC-0044,CONTEXT,Circle
CU-ACT-3486,CU-SRC-0044,CONTEXT,Circle
CU-ACT-3487,CU-SRC-0044,CONTEXT,Circle
CU-ACT-3488,CU-SRC-0044,CONTEXT,Circle
CU-ACT-3489,CU-SRC-0044,CONTEXT,Circle
CU-ACT-3490,CU-SRC-0044,CONTEXT,Circle
CU-ACT-3491,CU-SRC-0044,CONTEXT,Circle
CU-ACT-3492,CU-SRC-0044,CONTEXT,Circle
CU-ACT-3532,CU-SRC-0044,CONTEXT,Circle
CU-ACT-3533,CU-SRC-0044,CONTEXT,Circle
CU-ACT-3534,CU-SRC-0044,CONTEXT,Circle
CU-ACT-3535,CU-SRC-0044,CONTEXT,Circle
CU-ACT-3536,CU-SRC-0044,CONTEXT,Circle
CU-ACT-3537,CU-SRC-0044,CONTEXT,Circle
CU-ACT-3538,CU-SRC-0044,CONTEXT,Circle
CU-ACT-3539,CU-SRC-0044,CONTEXT,Circle
CU-ACT-3540,CU-SRC-0044,CONTEXT,Circle
CU-ACT-3541,CU-SRC-0044,CONTEXT,Circle
CU-ACT-3542,CU-SRC-0044,CONTEXT,Circle
CU-ACT-3543,CU-SRC-0044,CONTEXT,Circle
CU-ACT-3544,CU-SRC-0044,CONTEXT,Circle
CU-ACT-3545,CU-SRC-0044,CONTEXT,Circle
CU-ACT-3546,CU-SRC-0044,CONTEXT,Circle
CU-ACT-3547,CU-SRC-0044,CONTEXT,Circle
CU-ACT-3548,CU-SRC-0044,CONTEXT,Circle
CU-ACT-3549,CU-SRC-0044,CONTEXT,Circle
CU-ACT-3550,CU-SRC-0044,CONTEXT,Circle
CU-ACT-3551,CU-SRC-0044,CONTEXT,Circle
CU-ACT-3552,CU-SRC-0044,CONTEXT,Circle
CU-ACT-3553,CU-SRC-0044,CONTEXT,Circle
CU-ACT-3554,CU-SRC-0044,CONTEXT,Circle
CU-ACT-3555,CU-SRC-0044,CONTEXT,Circle
CU-ACT-3556,CU-SRC-0044,CONTEXT,Circle
CU-ACT-3557,CU-SRC-0044,CONTEXT,Circle
CU-ACT-3558,CU-SRC-0044,CONTEXT,Circle
CU-ACT-3559,CU-SRC-0044,CONTEXT,Circle
CU-ACT-3560,CU-SRC-0044,CONTEXT,Circle
CU-ACT-3561,CU-SRC-0044,CONTEXT,Circle
CU-ACT-3562,CU-SRC-0044,CONTEXT,Circle
CU-ACT-3563,CU-SRC-0044,CONTEXT,Circle
CU-ACT-3564,CU-SRC-0044,CONTEXT,Circle
CU-ACT-3565,CU-SRC-0044,CONTEXT,Circle
CU-ACT-3566,CU-SRC-0044,CONTEXT,Circle
CU-ACT-3567,CU-SRC-0044,CONTEXT,Circle
CU-ACT-3568,CU-SRC-0044,CONTEXT,Circle
CU-ACT-3569,CU-SRC-0044,CONTEXT,Circle
CU-ACT-3570,CU-SRC-0044,CONTEXT,Circle
CU-ACT-3571,CU-SRC-0044,CONTEXT,Circle
CU-ACT-3572,CU-SRC-0044,CONTEXT,Circle
CU-ACT-3573,CU-SRC-0044,CONTEXT,Circle
CU-ACT-3574,CU-SRC-0044,CONTEXT,Circle
CU-ACT-3575,CU-SRC-0044,CONTEXT,Circle
CU-ACT-3576,CU-SRC-0044,CONTEXT,Circle
CU-ACT-3577,CU-SRC-0044,CONTEXT,Circle
CU-ACT-3578,CU-SRC-0044,CONTEXT,Circle
CU-ACT-3579,CU-SRC-0044,CONTEXT,Circle
CU-ACT-3580,CU-SRC-0044,CONTEXT,Circle
CU-ACT-3581,CU-SRC-0044,CONTEXT,Circle
CU-ACT-3582,CU-SRC-0044,CONTEXT,Circle
CU-ACT-3583,CU-SRC-0044,CONTEXT,Circle
CU-ACT-3584,CU-SRC-0044,CONTEXT,Circle
CU-ACT-3585,CU-SRC-0044,CONTEXT,Circle
CU-ACT-3586,CU-SRC-0044,CONTEXT,Circle
CU-ACT-3587,CU-SRC-0044,CONTEXT,Circle
CU-ACT-3588,CU-SRC-0044,CONTEXT,Circle
CU-ACT-3589,CU-SRC-0044,CONTEXT,Circle
CU-ACT-3590,CU-SRC-0044,CONTEXT,Circle
CU-ACT-3591,CU-SRC-0044,CONTEXT,Circle
CU-ACT-3592,CU-SRC-0044,CONTEXT,Circle
CU-ACT-3593,CU-SRC-0044,CONTEXT,Circle
CU-ACT-3594,CU-SRC-0044,CONTEXT,Circle
CU-ACT-3595,CU-SRC-0044,CONTEXT,Circle
CU-ACT-3596,CU-SRC-0044,CONTEXT,Circle
CU-ACT-3597,CU-SRC-0044,CONTEXT,Circle
CU-ACT-3598,CU-SRC-0044,CONTEXT,Circle
CU-ACT-3599,CU-SRC-0044,CONTEXT,Circle
CU-ACT-3600,CU-SRC-0044,CONTEXT,Circle
CU-ACT-3601,CU-SRC-0044,CONTEXT,Circle
CU-ACT-3602,CU-SRC-0044,CONTEXT,Circle
CU-ACT-3603,CU-SRC-0044,CONTEXT,Circle
CU-ACT-3604,CU-SRC-0044,CONTEXT,Circle
CU-ACT-3605,CU-SRC-0044,CONTEXT,Circle
CU-ACT-3606,CU-SRC-0044,CONTEXT,Circle
CU-ACT-3607,CU-SRC-0044,CONTEXT,Circle
CU-ACT-3608,CU-SRC-0044,CONTEXT,Circle
CU-ACT-3609,CU-SRC-0044,CONTEXT,Circle
CU-ACT-3610,CU-SRC-0044,CONTEXT,Circle
CU-ACT-3611,CU-SRC-0044,CONTEXT,Circle
CU-ACT-3612,CU-SRC-0044,CONTEXT,Circle
CU-ACT-3613,CU-SRC-0044,CONTEXT,Circle
CU-ACT-3614,CU-SRC-0044,CONTEXT,Circle
CU-ACT-3615,CU-SRC-0044,CONTEXT,Circle
CU-ACT-3616,CU-SRC-0044,CONTEXT,Circle
CU-ACT-3617,CU-SRC-0044,CONTEXT,Circle
CU-ACT-3618,CU-SRC-0044,CONTEXT,Circle
CU-ACT-3619,CU-SRC-0044,CONTEXT,Circle
CU-ACT-3620,CU-SRC-0044,CONTEXT,Circle
CU-ACT-3621,CU-SRC-0044,CONTEXT,Circle
CU-ACT-3622,CU-SRC-0044,CONTEXT,Circle
CU-ACT-3623,CU-SRC-0044,CONTEXT,Circle
CU-ACT-3624,CU-SRC-0044,CONTEXT,Circle
CU-ACT-3625,CU-SRC-0044,CONTEXT,Circle
CU-ACT-3626,CU-SRC-0044,CONTEXT,Circle
CU-ACT-3627,CU-SRC-0044,CONTEXT,Circle
CU-ACT-3628,CU-SRC-0044,CONTEXT,Circle
CU-ACT-3629,CU-SRC-0044,CONTEXT,Circle
CU-ACT-3630,CU-SRC-0044,CONTEXT,Circle
CU-ACT-3631,CU-SRC-0044,CONTEXT,Circle
CU-ACT-3632,CU-SRC-0044,CONTEXT,Circle
CU-ACT-3633,CU-SRC-0044,CONTEXT,Circle
CU-ACT-3634,CU-SRC-0044,CONTEXT,Circle
CU-ACT-3635,CU-SRC-0044,CONTEXT,Circle
CU-ACT-3636,CU-SRC-0044,CONTEXT,Circle
CU-ACT-3637,CU-SRC-0044,CONTEXT,Circle
CU-ACT-3638,CU-SRC-0044,CONTEXT,Circle
CU-ACT-3639,CU-SRC-0044,CONTEXT,Circle
CU-ACT-3640,CU-SRC-0044,CONTEXT,Circle
CU-ACT-3641,CU-SRC-0044,CONTEXT,Circle
CU-ACT-3642,CU-SRC-0044,CONTEXT,Circle
CU-ACT-3643,CU-SRC-0044,CONTEXT,Circle
CU-ACT-3644,CU-SRC-0044,CONTEXT,Circle
CU-ACT-3645,CU-SRC-0044,CONTEXT,Circle
CU-ACT-3646,CU-SRC-0044,CONTEXT,Circle
CU-ACT-3647,CU-SRC-0044,CONTEXT,Circle
CU-ACT-3648,CU-SRC-0044,CONTEXT,Circle
CU-ACT-3649,CU-SRC-0044,CONTEXT,Circle
CU-ACT-3650,CU-SRC-0044,CONTEXT,Circle
CU-ACT-3651,CU-SRC-0044,CONTEXT,Circle
CU-ACT-3652,CU-SRC-0044,CONTEXT,Circle
CU-ACT-3653,CU-SRC-0044,CONTEXT,Circle
CU-ACT-3654,CU-SRC-0044,CONTEXT,Circle
CU-ACT-3655,CU-SRC-0044,CONTEXT,Circle
CU-ACT-3656,CU-SRC-0044,CONTEXT,Circle
CU-ACT-3657,CU-SRC-0044,CONTEXT,Circle
CU-ACT-3658,CU-SRC-0044,CONTEXT,Circle
CU-ACT-3659,CU-SRC-0044,CONTEXT,Circle
CU-ACT-3660,CU-SRC-0044,CONTEXT,Circle
CU-ACT-3661,CU-SRC-0044,CONTEXT,Circle
CU-ACT-3662,CU-SRC-0044,CONTEXT,Circle
CU-ACT-3702,CU-SRC-0044,CONTEXT,Circle
CU-ACT-3703,CU-SRC-0044,CONTEXT,Circle
CU-ACT-3704,CU-SRC-0044,CONTEXT,Circle
CU-ACT-3705,CU-SRC-0044,CONTEXT,Circle
CU-ACT-3706,CU-SRC-0044,CONTEXT,Circle
CU-ACT-3707,CU-SRC-0044,CONTEXT,Circle
CU-ACT-3708,CU-SRC-0044,CONTEXT,Circle
CU-ACT-3709,CU-SRC-0044,CONTEXT,Circle
CU-ACT-3710,CU-SRC-0044,CONTEXT,Circle
CU-ACT-3711,CU-SRC-0044,CONTEXT,Circle
CU-ACT-3712,CU-SRC-0044,CONTEXT,Circle
CU-ACT-3713,CU-SRC-0044,CONTEXT,Circle
CU-ACT-3714,CU-SRC-0044,CONTEXT,Circle
CU-ACT-3715,CU-SRC-0044,CONTEXT,Circle
CU-ACT-3716,CU-SRC-0044,CONTEXT,Circle
CU-ACT-3717,CU-SRC-0044,CONTEXT,Circle
CU-ACT-3718,CU-SRC-0044,CONTEXT,Circle
CU-ACT-3719,CU-SRC-0044,CONTEXT,Circle
CU-ACT-3720,CU-SRC-0044,CONTEXT,Circle
CU-ACT-3721,CU-SRC-0044,CONTEXT,Circle
CU-ACT-3722,CU-SRC-0044,CONTEXT,Circle
CU-ACT-3723,CU-SRC-0044,CONTEXT,Circle
CU-ACT-3724,CU-SRC-0044,CONTEXT,Circle
CU-ACT-3725,CU-SRC-0044,CONTEXT,Circle
CU-ACT-3726,CU-SRC-0044,CONTEXT,Circle
CU-ACT-3727,CU-SRC-0044,CONTEXT,Circle
CU-ACT-3728,CU-SRC-0044,CONTEXT,Circle
CU-ACT-3729,CU-SRC-0044,CONTEXT,Circle
CU-ACT-3730,CU-SRC-0044,CONTEXT,Circle
CU-ACT-3731,CU-SRC-0044,CONTEXT,Circle
CU-ACT-3732,CU-SRC-0044,CONTEXT,Circle
CU-ACT-3733,CU-SRC-0044,CONTEXT,Circle
CU-ACT-3734,CU-SRC-0044,CONTEXT,Circle
CU-ACT-3735,CU-SRC-0044,CONTEXT,Circle
CU-ACT-3736,CU-SRC-0044,CONTEXT,Circle
CU-ACT-3737,CU-SRC-0044,CONTEXT,Circle
CU-ACT-3738,CU-SRC-0044,CONTEXT,Circle
CU-ACT-3739,CU-SRC-0044,CONTEXT,Circle
CU-ACT-3740,CU-SRC-0044,CONTEXT,Circle
CU-ACT-3741,CU-SRC-0044,CONTEXT,Circle
CU-ACT-3742,CU-SRC-0044,CONTEXT,Circle
CU-ACT-3743,CU-SRC-0044,CONTEXT,Circle
CU-ACT-3744,CU-SRC-0044,CONTEXT,Circle
CU-ACT-3745,CU-SRC-0044,CONTEXT,Circle
CU-ACT-3746,CU-SRC-0044,CONTEXT,Circle
CU-ACT-3747,CU-SRC-0044,CONTEXT,Circle
CU-ACT-3748,CU-SRC-0044,CONTEXT,Circle
CU-ACT-3749,CU-SRC-0044,CONTEXT,Circle
CU-ACT-3750,CU-SRC-0044,CONTEXT,Circle
CU-ACT-3751,CU-SRC-0044,CONTEXT,Circle
CU-ACT-3752,CU-SRC-0044,CONTEXT,Circle
CU-ACT-3753,CU-SRC-0044,CONTEXT,Circle
CU-ACT-3754,CU-SRC-0044,CONTEXT,Circle
CU-ACT-3755,CU-SRC-0044,CONTEXT,Circle
CU-ACT-3756,CU-SRC-0044,CONTEXT,Circle
CU-ACT-3757,CU-SRC-0044,CONTEXT,Circle
CU-ACT-3758,CU-SRC-0044,CONTEXT,Circle
CU-ACT-3759,CU-SRC-0044,CONTEXT,Circle
CU-ACT-3760,CU-SRC-0044,CONTEXT,Circle
CU-ACT-3761,CU-SRC-0044,CONTEXT,Circle
CU-ACT-3762,CU-SRC-0044,CONTEXT,Circle
CU-ACT-3763,CU-SRC-0044,CONTEXT,Circle
CU-ACT-3764,CU-SRC-0044,CONTEXT,Circle
CU-ACT-3765,CU-SRC-0044,CONTEXT,Circle
CU-ACT-3766,CU-SRC-0044,CONTEXT,Circle
CU-ACT-3767,CU-SRC-0044,CONTEXT,Circle
CU-ACT-3768,CU-SRC-0044,CONTEXT,Circle
CU-ACT-3769,CU-SRC-0044,CONTEXT,Circle
CU-ACT-3770,CU-SRC-0044,CONTEXT,Circle
CU-ACT-3771,CU-SRC-0044,CONTEXT,Circle
CU-ACT-3772,CU-SRC-0044,CONTEXT,Circle
CU-ACT-3773,CU-SRC-0044,CONTEXT,Circle
CU-ACT-3774,CU-SRC-0044,CONTEXT,Circle
CU-ACT-3775,CU-SRC-0044,CONTEXT,Circle
CU-ACT-3776,CU-SRC-0044,CONTEXT,Circle
CU-ACT-3777,CU-SRC-0044,CONTEXT,Circle
CU-ACT-3778,CU-SRC-0044,CONTEXT,Circle
CU-ACT-3779,CU-SRC-0044,CONTEXT,Circle
CU-ACT-3780,CU-SRC-0044,CONTEXT,Circle
CU-ACT-3781,CU-SRC-0044,CONTEXT,Circle
CU-ACT-3782,CU-SRC-0044,CONTEXT,Circle
CU-ACT-3783,CU-SRC-0044,CONTEXT,Circle
CU-ACT-3784,CU-SRC-0044,CONTEXT,Circle
CU-ACT-3785,CU-SRC-0044,CONTEXT,Circle
CU-ACT-3786,CU-SRC-0044,CONTEXT,Circle
CU-ACT-3787,CU-SRC-0044,CONTEXT,Circle
CU-ACT-3788,CU-SRC-0044,CONTEXT,Circle
CU-ACT-3789,CU-SRC-0044,CONTEXT,Circle
CU-ACT-3790,CU-SRC-0044,CONTEXT,Circle
CU-ACT-3791,CU-SRC-0044,CONTEXT,Circle
CU-ACT-3792,CU-SRC-0044,CONTEXT,Circle
CU-ACT-3793,CU-SRC-0044,CONTEXT,Circle
CU-ACT-3794,CU-SRC-0044,CONTEXT,Circle
CU-ACT-3795,CU-SRC-0044,CONTEXT,Circle
CU-ACT-3796,CU-SRC-0044,CONTEXT,Circle
CU-ACT-3797,CU-SRC-0044,CONTEXT,Circle
CU-ACT-3798,CU-SRC-0044,CONTEXT,Circle
CU-ACT-3799,CU-SRC-0044,CONTEXT,Circle
CU-ACT-3800,CU-SRC-0044,CONTEXT,Circle
CU-ACT-3801,CU-SRC-0044,CONTEXT,Circle
CU-ACT-3802,CU-SRC-0044,CONTEXT,Circle
CU-ACT-3803,CU-SRC-0044,CONTEXT,Circle
CU-ACT-3804,CU-SRC-0044,CONTEXT,Circle
CU-ACT-3805,CU-SRC-0044,CONTEXT,Circle
CU-ACT-3806,CU-SRC-0044,CONTEXT,Circle
CU-ACT-3807,CU-SRC-0044,CONTEXT,Circle
CU-ACT-3808,CU-SRC-0044,CONTEXT,Circle
CU-ACT-3809,CU-SRC-0044,CONTEXT,Circle
CU-ACT-3810,CU-SRC-0044,CONTEXT,Circle
CU-ACT-3811,CU-SRC-0044,CONTEXT,Circle
CU-ACT-3812,CU-SRC-0044,CONTEXT,Circle
CU-ACT-3813,CU-SRC-0044,CONTEXT,Circle
CU-ACT-3814,CU-SRC-0044,CONTEXT,Circle
CU-ACT-3815,CU-SRC-0044,CONTEXT,Circle
CU-ACT-3816,CU-SRC-0044,CONTEXT,Circle
CU-ACT-3817,CU-SRC-0044,CONTEXT,Circle
CU-ACT-3818,CU-SRC-0044,CONTEXT,Circle
CU-ACT-3819,CU-SRC-0044,CONTEXT,Circle
CU-ACT-3820,CU-SRC-0044,CONTEXT,Circle
CU-ACT-3821,CU-SRC-0044,CONTEXT,Circle
CU-ACT-3822,CU-SRC-0044,CONTEXT,Circle
CU-ACT-3823,CU-SRC-0044,CONTEXT,Circle
CU-ACT-3824,CU-SRC-0044,CONTEXT,Circle
CU-ACT-3825,CU-SRC-0044,CONTEXT,Circle
CU-ACT-3826,CU-SRC-0044,CONTEXT,Circle
CU-ACT-3827,CU-SRC-0044,CONTEXT,Circle
CU-ACT-3828,CU-SRC-0044,CONTEXT,Circle
CU-ACT-3829,CU-SRC-0044,CONTEXT,Circle
CU-ACT-3830,CU-SRC-0044,CONTEXT,Circle
CU-ACT-3831,CU-SRC-0044,CONTEXT,Circle
CU-ACT-3832,CU-SRC-0044,CONTEXT,Circle
CU-ACT-3873,CU-SRC-0044,CONTEXT,Circle
CU-ACT-3874,CU-SRC-0044,CONTEXT,Circle
CU-ACT-3875,CU-SRC-0044,CONTEXT,Circle
CU-ACT-3876,CU-SRC-0044,CONTEXT,Circle
CU-ACT-3877,CU-SRC-0044,CONTEXT,Circle
CU-ACT-3878,CU-SRC-0044,CONTEXT,Circle
CU-ACT-3879,CU-SRC-0044,CONTEXT,Circle
CU-ACT-3880,CU-SRC-0044,CONTEXT,Circle
CU-ACT-3881,CU-SRC-0044,CONTEXT,Circle
CU-ACT-3882,CU-SRC-0044,CONTEXT,Circle
CU-ACT-3883,CU-SRC-0044,CONTEXT,Circle
CU-ACT-3884,CU-SRC-0044,CONTEXT,Circle
CU-ACT-3885,CU-SRC-0044,CONTEXT,Circle
CU-ACT-3886,CU-SRC-0044,CONTEXT,Circle
CU-ACT-3887,CU-SRC-0044,CONTEXT,Circle
CU-ACT-3888,CU-SRC-0044,CONTEXT,Circle
CU-ACT-3889,CU-SRC-0044,CONTEXT,Circle
CU-ACT-3890,CU-SRC-0044,CONTEXT,Circle
CU-ACT-3891,CU-SRC-0044,CONTEXT,Circle
CU-ACT-3892,CU-SRC-0044,CONTEXT,Circle
CU-ACT-3893,CU-SRC-0044,CONTEXT,Circle
CU-ACT-3894,CU-SRC-0044,CONTEXT,Circle
CU-ACT-3895,CU-SRC-0044,CONTEXT,Circle
CU-ACT-3896,CU-SRC-0044,CONTEXT,Circle
CU-ACT-3897,CU-SRC-0044,CONTEXT,Circle
CU-ACT-3898,CU-SRC-0044,CONTEXT,Circle
CU-ACT-3899,CU-SRC-0044,CONTEXT,Circle
CU-ACT-3900,CU-SRC-0044,CONTEXT,Circle
CU-ACT-3901,CU-SRC-0044,CONTEXT,Circle
CU-ACT-3902,CU-SRC-0044,CONTEXT,Circle
CU-ACT-3903,CU-SRC-0044,CONTEXT,Circle
CU-ACT-3904,CU-SRC-0044,CONTEXT,Circle
CU-ACT-3905,CU-SRC-0044,CONTEXT,Circle
CU-ACT-3906,CU-SRC-0044,CONTEXT,Circle
CU-ACT-3907,CU-SRC-0044,CONTEXT,Circle
CU-ACT-3908,CU-SRC-0044,CONTEXT,Circle
CU-ACT-3909,CU-SRC-0044,CONTEXT,Circle
CU-ACT-3910,CU-SRC-0044,CONTEXT,Circle
CU-ACT-3911,CU-SRC-0044,CONTEXT,Circle
CU-ACT-3912,CU-SRC-0044,CONTEXT,Circle
CU-ACT-3913,CU-SRC-0044,CONTEXT,Circle
CU-ACT-3914,CU-SRC-0044,CONTEXT,Circle
CU-ACT-3915,CU-SRC-0044,CONTEXT,Circle
CU-ACT-3916,CU-SRC-0044,CONTEXT,Circle
CU-ACT-3917,CU-SRC-0044,CONTEXT,Circle
CU-ACT-3918,CU-SRC-0044,CONTEXT,Circle
CU-ACT-3919,CU-SRC-0044,CONTEXT,Circle
CU-ACT-3920,CU-SRC-0044,CONTEXT,Circle
CU-ACT-3921,CU-SRC-0044,CONTEXT,Circle
CU-ACT-3922,CU-SRC-0044,CONTEXT,Circle
CU-ACT-3923,CU-SRC-0044,CONTEXT,Circle
CU-ACT-3924,CU-SRC-0044,CONTEXT,Circle
CU-ACT-3925,CU-SRC-0044,CONTEXT,Circle
CU-ACT-3926,CU-SRC-0044,CONTEXT,Circle
CU-ACT-3927,CU-SRC-0044,CONTEXT,Circle
CU-ACT-3928,CU-SRC-0044,CONTEXT,Circle
CU-ACT-3929,CU-SRC-0044,CONTEXT,Circle
CU-ACT-3930,CU-SRC-0044,CONTEXT,Circle
CU-ACT-3931,CU-SRC-0044,CONTEXT,Circle
CU-ACT-3932,CU-SRC-0044,CONTEXT,Circle
CU-ACT-3933,CU-SRC-0044,CONTEXT,Circle
CU-ACT-3934,CU-SRC-0044,CONTEXT,Circle
CU-ACT-3935,CU-SRC-0044,CONTEXT,Circle
CU-ACT-3936,CU-SRC-0044,CONTEXT,Circle
CU-ACT-3937,CU-SRC-0044,CONTEXT,Circle
CU-ACT-3938,CU-SRC-0044,CONTEXT,Circle
CU-ACT-3939,CU-SRC-0044,CONTEXT,Circle
CU-ACT-3940,CU-SRC-0044,CONTEXT,Circle
CU-ACT-3941,CU-SRC-0044,CONTEXT,Circle
CU-ACT-3942,CU-SRC-0044,CONTEXT,Circle
CU-ACT-3943,CU-SRC-0044,CONTEXT,Circle
CU-ACT-3944,CU-SRC-0044,CONTEXT,Circle
CU-ACT-3945,CU-SRC-0044,CONTEXT,Circle
CU-ACT-3946,CU-SRC-0044,CONTEXT,Circle
CU-ACT-3947,CU-SRC-0044,CONTEXT,Circle
CU-ACT-3948,CU-SRC-0044,CONTEXT,Circle
CU-ACT-3949,CU-SRC-0044,CONTEXT,Circle
CU-ACT-3950,CU-SRC-0044,CONTEXT,Circle
CU-ACT-3951,CU-SRC-0044,CONTEXT,Circle
CU-ACT-3952,CU-SRC-0044,CONTEXT,Circle
CU-ACT-3953,CU-SRC-0044,CONTEXT,Circle
CU-ACT-3954,CU-SRC-0044,CONTEXT,Circle
CU-ACT-3955,CU-SRC-0044,CONTEXT,Circle
CU-ACT-3956,CU-SRC-0044,CONTEXT,Circle
CU-ACT-3957,CU-SRC-0044,CONTEXT,Circle
CU-ACT-3958,CU-SRC-0044,CONTEXT,Circle
CU-ACT-3959,CU-SRC-0044,CONTEXT,Circle
CU-ACT-3960,CU-SRC-0044,CONTEXT,Circle
CU-ACT-3961,CU-SRC-0044,CONTEXT,Circle
CU-ACT-3962,CU-SRC-0044,CONTEXT,Circle
CU-ACT-3963,CU-SRC-0044,CONTEXT,Circle
CU-ACT-3964,CU-SRC-0044,CONTEXT,Circle
CU-ACT-3965,CU-SRC-0044,CONTEXT,Circle
CU-ACT-3966,CU-SRC-0044,CONTEXT,Circle
CU-ACT-3967,CU-SRC-0044,CONTEXT,Circle
CU-ACT-3968,CU-SRC-0044,CONTEXT,Circle
CU-ACT-3969,CU-SRC-0044,CONTEXT,Circle
CU-ACT-3970,CU-SRC-0044,CONTEXT,Circle
CU-ACT-3971,CU-SRC-0044,CONTEXT,Circle
CU-ACT-3972,CU-SRC-0044,CONTEXT,Circle
CU-ACT-3973,CU-SRC-0044,CONTEXT,Circle
CU-ACT-3974,CU-SRC-0044,CONTEXT,Circle
CU-ACT-3975,CU-SRC-0044,CONTEXT,Circle
CU-ACT-3976,CU-SRC-0044,CONTEXT,Circle
CU-ACT-3977,CU-SRC-0044,CONTEXT,Circle
CU-ACT-3978,CU-SRC-0044,CONTEXT,Circle
CU-ACT-3979,CU-SRC-0044,CONTEXT,Circle
CU-ACT-3980,CU-SRC-0044,CONTEXT,Circle
CU-ACT-3981,CU-SRC-0044,CONTEXT,Circle
CU-ACT-3982,CU-SRC-0044,CONTEXT,Circle
CU-ACT-3983,CU-SRC-0044,CONTEXT,Circle
CU-ACT-3984,CU-SRC-0044,CONTEXT,Circle
CU-ACT-3985,CU-SRC-0044,CONTEXT,Circle
CU-ACT-3986,CU-SRC-0044,CONTEXT,Circle
CU-ACT-3987,CU-SRC-0044,CONTEXT,Circle
CU-ACT-3988,CU-SRC-0044,CONTEXT,Circle
CU-ACT-3989,CU-SRC-0044,CONTEXT,Circle
CU-ACT-3990,CU-SRC-0044,CONTEXT,Circle
CU-ACT-3991,CU-SRC-0044,CONTEXT,Circle
CU-ACT-3992,CU-SRC-0044,CONTEXT,Circle
CU-ACT-3993,CU-SRC-0044,CONTEXT,Circle
CU-ACT-3994,CU-SRC-0044,CONTEXT,Circle
CU-ACT-3995,CU-SRC-0044,CONTEXT,Circle
CU-ACT-3996,CU-SRC-0044,CONTEXT,Circle
CU-ACT-3997,CU-SRC-0044,CONTEXT,Circle
CU-ACT-3998,CU-SRC-0044,CONTEXT,Circle
CU-ACT-3999,CU-SRC-0044,CONTEXT,Circle
CU-ACT-4000,CU-SRC-0044,CONTEXT,Circle
CU-ACT-4001,CU-SRC-0044,CONTEXT,Circle
CU-ACT-4002,CU-SRC-0044,CONTEXT,Circle
CU-ACT-4003,CU-SRC-0044,CONTEXT,Circle
CU-ACT-2975,CU-SRC-0045,EVIDENCE_OF_TRIGGER,Circle
CU-ACT-2976,CU-SRC-0045,EVIDENCE_OF_TRIGGER,Circle
CU-ACT-2977,CU-SRC-0045,EVIDENCE_OF_TRIGGER,Circle
CU-ACT-2978,CU-SRC-0045,EVIDENCE_OF_TRIGGER,Circle
CU-ACT-2980,CU-SRC-0045,EVIDENCE_OF_TRIGGER,Circle
CU-ACT-3177,CU-SRC-0045,EVIDENCE_OF_TRIGGER,Circle
CU-ACT-3178,CU-SRC-0045,EVIDENCE_OF_TRIGGER,Circle
CU-ACT-3179,CU-SRC-0045,EVIDENCE_OF_TRIGGER,Circle
CU-ACT-3180,CU-SRC-0045,EVIDENCE_OF_TRIGGER,Circle
CU-ACT-3182,CU-SRC-0045,EVIDENCE_OF_TRIGGER,Circle
CU-ACT-3351,CU-SRC-0045,EVIDENCE_OF_TRIGGER,Circle
CU-ACT-3352,CU-SRC-0045,EVIDENCE_OF_TRIGGER,Circle
CU-ACT-3353,CU-SRC-0045,EVIDENCE_OF_TRIGGER,Circle
CU-ACT-3354,CU-SRC-0045,EVIDENCE_OF_TRIGGER,Circle
CU-ACT-3355,CU-SRC-0045,EVIDENCE_OF_TRIGGER,Circle
CU-ACT-3521,CU-SRC-0045,EVIDENCE_OF_TRIGGER,Circle
CU-ACT-3522,CU-SRC-0045,EVIDENCE_OF_TRIGGER,Circle
CU-ACT-3523,CU-SRC-0045,EVIDENCE_OF_TRIGGER,Circle
CU-ACT-3524,CU-SRC-0045,EVIDENCE_OF_TRIGGER,Circle
CU-ACT-3526,CU-SRC-0045,EVIDENCE_OF_TRIGGER,Circle
CU-ACT-3691,CU-SRC-0045,EVIDENCE_OF_TRIGGER,Circle
CU-ACT-3692,CU-SRC-0045,EVIDENCE_OF_TRIGGER,Circle
CU-ACT-3693,CU-SRC-0045,EVIDENCE_OF_TRIGGER,Circle
CU-ACT-3694,CU-SRC-0045,EVIDENCE_OF_TRIGGER,Circle
CU-ACT-3696,CU-SRC-0045,EVIDENCE_OF_TRIGGER,Circle
CU-ACT-3862,CU-SRC-0045,EVIDENCE_OF_TRIGGER,Circle
CU-ACT-3863,CU-SRC-0045,EVIDENCE_OF_TRIGGER,Circle
CU-ACT-3864,CU-SRC-0045,EVIDENCE_OF_TRIGGER,Circle
CU-ACT-3865,CU-SRC-0045,EVIDENCE_OF_TRIGGER,Circle
CU-ACT-3867,CU-SRC-0045,EVIDENCE_OF_TRIGGER,Circle
CU-ACT-2975,CU-SRC-0046,EVIDENCE_OF_TRIGGER,Circle
CU-ACT-2976,CU-SRC-0046,EVIDENCE_OF_TRIGGER,Circle
CU-ACT-2977,CU-SRC-0046,EVIDENCE_OF_TRIGGER,Circle
CU-ACT-2978,CU-SRC-0046,EVIDENCE_OF_TRIGGER,Circle
CU-ACT-2980,CU-SRC-0046,EVIDENCE_OF_TRIGGER,Circle
CU-ACT-3177,CU-SRC-0046,EVIDENCE_OF_TRIGGER,Circle
CU-ACT-3178,CU-SRC-0046,EVIDENCE_OF_TRIGGER,Circle
CU-ACT-3179,CU-SRC-0046,EVIDENCE_OF_TRIGGER,Circle
CU-ACT-3180,CU-SRC-0046,EVIDENCE_OF_TRIGGER,Circle
CU-ACT-3182,CU-SRC-0046,EVIDENCE_OF_TRIGGER,Circle
CU-ACT-3351,CU-SRC-0046,EVIDENCE_OF_TRIGGER,Circle
CU-ACT-3352,CU-SRC-0046,EVIDENCE_OF_TRIGGER,Circle
CU-ACT-3353,CU-SRC-0046,EVIDENCE_OF_TRIGGER,Circle
CU-ACT-3354,CU-SRC-0046,EVIDENCE_OF_TRIGGER,Circle
CU-ACT-3355,CU-SRC-0046,EVIDENCE_OF_TRIGGER,Circle
CU-ACT-3521,CU-SRC-0046,EVIDENCE_OF_TRIGGER,Circle
CU-ACT-3522,CU-SRC-0046,EVIDENCE_OF_TRIGGER,Circle
CU-ACT-3523,CU-SRC-0046,EVIDENCE_OF_TRIGGER,Circle
CU-ACT-3524,CU-SRC-0046,EVIDENCE_OF_TRIGGER,Circle
CU-ACT-3526,CU-SRC-0046,EVIDENCE_OF_TRIGGER,Circle
CU-ACT-3691,CU-SRC-0046,EVIDENCE_OF_TRIGGER,Circle
CU-ACT-3692,CU-SRC-0046,EVIDENCE_OF_TRIGGER,Circle
CU-ACT-3693,CU-SRC-0046,EVIDENCE_OF_TRIGGER,Circle
CU-ACT-3694,CU-SRC-0046,EVIDENCE_OF_TRIGGER,Circle
CU-ACT-3696,CU-SRC-0046,EVIDENCE_OF_TRIGGER,Circle
CU-ACT-3862,CU-SRC-0046,EVIDENCE_OF_TRIGGER,Circle
CU-ACT-3863,CU-SRC-0046,EVIDENCE_OF_TRIGGER,Circle
CU-ACT-3864,CU-SRC-0046,EVIDENCE_OF_TRIGGER,Circle
CU-ACT-3865,CU-SRC-0046,EVIDENCE_OF_TRIGGER,Circle
CU-ACT-3867,CU-SRC-0046,EVIDENCE_OF_TRIGGER,Circle
CU-ACT-2979,CU-SRC-0045,EVIDENCE_OF_TRIGGER,Circle
CU-ACT-3181,CU-SRC-0045,EVIDENCE_OF_TRIGGER,Circle
CU-ACT-3356,CU-SRC-0045,EVIDENCE_OF_TRIGGER,Circle
CU-ACT-3525,CU-SRC-0045,EVIDENCE_OF_TRIGGER,Circle
CU-ACT-3695,CU-SRC-0045,EVIDENCE_OF_TRIGGER,Circle
CU-ACT-3866,CU-SRC-0045,EVIDENCE_OF_TRIGGER,Circle
CU-ACT-2979,CU-SRC-0046,EVIDENCE_OF_TRIGGER,Circle
CU-ACT-3181,CU-SRC-0046,EVIDENCE_OF_TRIGGER,Circle
CU-ACT-3356,CU-SRC-0046,EVIDENCE_OF_TRIGGER,Circle
CU-ACT-3525,CU-SRC-0046,EVIDENCE_OF_TRIGGER,Circle
CU-ACT-3695,CU-SRC-0046,EVIDENCE_OF_TRIGGER,Circle
CU-ACT-3866,CU-SRC-0046,EVIDENCE_OF_TRIGGER,Circle
CU-ACT-3147,CU-SRC-0047,EVIDENCE_OF_TRIGGER,Circle
CU-ACT-3149,CU-SRC-0047,EVIDENCE_OF_TRIGGER,Circle
CU-ACT-3320,CU-SRC-0047,EVIDENCE_OF_TRIGGER,Circle
CU-ACT-3324,CU-SRC-0047,EVIDENCE_OF_TRIGGER,Circle
CU-ACT-3495,CU-SRC-0047,EVIDENCE_OF_TRIGGER,Circle
CU-ACT-3496,CU-SRC-0047,EVIDENCE_OF_TRIGGER,Circle
CU-ACT-3665,CU-SRC-0047,EVIDENCE_OF_TRIGGER,Circle
CU-ACT-3668,CU-SRC-0047,EVIDENCE_OF_TRIGGER,Circle
CU-ACT-3836,CU-SRC-0047,EVIDENCE_OF_TRIGGER,Circle
CU-ACT-3837,CU-SRC-0047,EVIDENCE_OF_TRIGGER,Circle
CU-ACT-4006,CU-SRC-0047,EVIDENCE_OF_TRIGGER,Circle
CU-ACT-4007,CU-SRC-0047,EVIDENCE_OF_TRIGGER,Circle
CU-ACT-3147,CU-SRC-0048,EVIDENCE_OF_TRIGGER,Circle
CU-ACT-3149,CU-SRC-0048,EVIDENCE_OF_TRIGGER,Circle
CU-ACT-3320,CU-SRC-0048,EVIDENCE_OF_TRIGGER,Circle
CU-ACT-3324,CU-SRC-0048,EVIDENCE_OF_TRIGGER,Circle
CU-ACT-3495,CU-SRC-0048,EVIDENCE_OF_TRIGGER,Circle
CU-ACT-3496,CU-SRC-0048,EVIDENCE_OF_TRIGGER,Circle
CU-ACT-3665,CU-SRC-0048,EVIDENCE_OF_TRIGGER,Circle
CU-ACT-3668,CU-SRC-0048,EVIDENCE_OF_TRIGGER,Circle
CU-ACT-3836,CU-SRC-0048,EVIDENCE_OF_TRIGGER,Circle
CU-ACT-3837,CU-SRC-0048,EVIDENCE_OF_TRIGGER,Circle
CU-ACT-4006,CU-SRC-0048,EVIDENCE_OF_TRIGGER,Circle
CU-ACT-4007,CU-SRC-0048,EVIDENCE_OF_TRIGGER,Circle
CU-ACT-3144,CU-SRC-0047,EVIDENCE_OF_TRIGGER,Circle
CU-ACT-3145,CU-SRC-0047,EVIDENCE_OF_TRIGGER,Circle
CU-ACT-3146,CU-SRC-0047,EVIDENCE_OF_TRIGGER,Circle
CU-ACT-3148,CU-SRC-0047,EVIDENCE_OF_TRIGGER,Circle
CU-ACT-3319,CU-SRC-0047,EVIDENCE_OF_TRIGGER,Circle
CU-ACT-3321,CU-SRC-0047,EVIDENCE_OF_TRIGGER,Circle
CU-ACT-3322,CU-SRC-0047,EVIDENCE_OF_TRIGGER,Circle
CU-ACT-3323,CU-SRC-0047,EVIDENCE_OF_TRIGGER,Circle
CU-ACT-3493,CU-SRC-0047,EVIDENCE_OF_TRIGGER,Circle
CU-ACT-3494,CU-SRC-0047,EVIDENCE_OF_TRIGGER,Circle
CU-ACT-3497,CU-SRC-0047,EVIDENCE_OF_TRIGGER,Circle
CU-ACT-3498,CU-SRC-0047,EVIDENCE_OF_TRIGGER,Circle
CU-ACT-3663,CU-SRC-0047,EVIDENCE_OF_TRIGGER,Circle
CU-ACT-3664,CU-SRC-0047,EVIDENCE_OF_TRIGGER,Circle
CU-ACT-3666,CU-SRC-0047,EVIDENCE_OF_TRIGGER,Circle
CU-ACT-3667,CU-SRC-0047,EVIDENCE_OF_TRIGGER,Circle
CU-ACT-3833,CU-SRC-0047,EVIDENCE_OF_TRIGGER,Circle
CU-ACT-3834,CU-SRC-0047,EVIDENCE_OF_TRIGGER,Circle
CU-ACT-3835,CU-SRC-0047,EVIDENCE_OF_TRIGGER,Circle
CU-ACT-3838,CU-SRC-0047,EVIDENCE_OF_TRIGGER,Circle
CU-ACT-4004,CU-SRC-0047,EVIDENCE_OF_TRIGGER,Circle
CU-ACT-4005,CU-SRC-0047,EVIDENCE_OF_TRIGGER,Circle
CU-ACT-4008,CU-SRC-0047,EVIDENCE_OF_TRIGGER,Circle
CU-ACT-4009,CU-SRC-0047,EVIDENCE_OF_TRIGGER,Circle
CU-ACT-3144,CU-SRC-0048,EVIDENCE_OF_TRIGGER,Circle
CU-ACT-3145,CU-SRC-0048,EVIDENCE_OF_TRIGGER,Circle
CU-ACT-3146,CU-SRC-0048,EVIDENCE_OF_TRIGGER,Circle
CU-ACT-3148,CU-SRC-0048,EVIDENCE_OF_TRIGGER,Circle
CU-ACT-3319,CU-SRC-0048,EVIDENCE_OF_TRIGGER,Circle
CU-ACT-3321,CU-SRC-0048,EVIDENCE_OF_TRIGGER,Circle
CU-ACT-3322,CU-SRC-0048,EVIDENCE_OF_TRIGGER,Circle
CU-ACT-3323,CU-SRC-0048,EVIDENCE_OF_TRIGGER,Circle
CU-ACT-3493,CU-SRC-0048,EVIDENCE_OF_TRIGGER,Circle
CU-ACT-3494,CU-SRC-0048,EVIDENCE_OF_TRIGGER,Circle
CU-ACT-3497,CU-SRC-0048,EVIDENCE_OF_TRIGGER,Circle
CU-ACT-3498,CU-SRC-0048,EVIDENCE_OF_TRIGGER,Circle
CU-ACT-3663,CU-SRC-0048,EVIDENCE_OF_TRIGGER,Circle
CU-ACT-3664,CU-SRC-0048,EVIDENCE_OF_TRIGGER,Circle
CU-ACT-3666,CU-SRC-0048,EVIDENCE_OF_TRIGGER,Circle
CU-ACT-3667,CU-SRC-0048,EVIDENCE_OF_TRIGGER,Circle
CU-ACT-3833,CU-SRC-0048,EVIDENCE_OF_TRIGGER,Circle
CU-ACT-3834,CU-SRC-0048,EVIDENCE_OF_TRIGGER,Circle
CU-ACT-3835,CU-SRC-0048,EVIDENCE_OF_TRIGGER,Circle
CU-ACT-3838,CU-SRC-0048,EVIDENCE_OF_TRIGGER,Circle
CU-ACT-4004,CU-SRC-0048,EVIDENCE_OF_TRIGGER,Circle
CU-ACT-4005,CU-SRC-0048,EVIDENCE_OF_TRIGGER,Circle
CU-ACT-4008,CU-SRC-0048,EVIDENCE_OF_TRIGGER,Circle
CU-ACT-4009,CU-SRC-0048,EVIDENCE_OF_TRIGGER,Circle
CU-ACT-3168,CU-SRC-0049,EVIDENCE_OF_TRIGGER,Circle
CU-ACT-3170,CU-SRC-0049,EVIDENCE_OF_TRIGGER,Circle
CU-ACT-3341,CU-SRC-0049,EVIDENCE_OF_TRIGGER,Circle
CU-ACT-3342,CU-SRC-0049,EVIDENCE_OF_TRIGGER,Circle
CU-ACT-3515,CU-SRC-0049,EVIDENCE_OF_TRIGGER,Circle
CU-ACT-3516,CU-SRC-0049,EVIDENCE_OF_TRIGGER,Circle
CU-ACT-3685,CU-SRC-0049,EVIDENCE_OF_TRIGGER,Circle
CU-ACT-3686,CU-SRC-0049,EVIDENCE_OF_TRIGGER,Circle
CU-ACT-3856,CU-SRC-0049,EVIDENCE_OF_TRIGGER,Circle
CU-ACT-3857,CU-SRC-0049,EVIDENCE_OF_TRIGGER,Circle
CU-ACT-4025,CU-SRC-0049,EVIDENCE_OF_TRIGGER,Circle
CU-ACT-4028,CU-SRC-0049,EVIDENCE_OF_TRIGGER,Circle
CU-ACT-3168,CU-SRC-0050,EVIDENCE_OF_TRIGGER,Circle
CU-ACT-3170,CU-SRC-0050,EVIDENCE_OF_TRIGGER,Circle
CU-ACT-3341,CU-SRC-0050,EVIDENCE_OF_TRIGGER,Circle
CU-ACT-3342,CU-SRC-0050,EVIDENCE_OF_TRIGGER,Circle
CU-ACT-3515,CU-SRC-0050,EVIDENCE_OF_TRIGGER,Circle
CU-ACT-3516,CU-SRC-0050,EVIDENCE_OF_TRIGGER,Circle
CU-ACT-3685,CU-SRC-0050,EVIDENCE_OF_TRIGGER,Circle
CU-ACT-3686,CU-SRC-0050,EVIDENCE_OF_TRIGGER,Circle
CU-ACT-3856,CU-SRC-0050,EVIDENCE_OF_TRIGGER,Circle
CU-ACT-3857,CU-SRC-0050,EVIDENCE_OF_TRIGGER,Circle
CU-ACT-4025,CU-SRC-0050,EVIDENCE_OF_TRIGGER,Circle
CU-ACT-4028,CU-SRC-0050,EVIDENCE_OF_TRIGGER,Circle
CU-ACT-3166,CU-SRC-0049,EVIDENCE_OF_TRIGGER,Circle
CU-ACT-3167,CU-SRC-0049,EVIDENCE_OF_TRIGGER,Circle
CU-ACT-3339,CU-SRC-0049,EVIDENCE_OF_TRIGGER,Circle
CU-ACT-3340,CU-SRC-0049,EVIDENCE_OF_TRIGGER,Circle
CU-ACT-3513,CU-SRC-0049,EVIDENCE_OF_TRIGGER,Circle
CU-ACT-3514,CU-SRC-0049,EVIDENCE_OF_TRIGGER,Circle
CU-ACT-3683,CU-SRC-0049,EVIDENCE_OF_TRIGGER,Circle
CU-ACT-3684,CU-SRC-0049,EVIDENCE_OF_TRIGGER,Circle
CU-ACT-3854,CU-SRC-0049,EVIDENCE_OF_TRIGGER,Circle
CU-ACT-3855,CU-SRC-0049,EVIDENCE_OF_TRIGGER,Circle
CU-ACT-4024,CU-SRC-0049,EVIDENCE_OF_TRIGGER,Circle
CU-ACT-4026,CU-SRC-0049,EVIDENCE_OF_TRIGGER,Circle
CU-ACT-3166,CU-SRC-0050,EVIDENCE_OF_TRIGGER,Circle
CU-ACT-3167,CU-SRC-0050,EVIDENCE_OF_TRIGGER,Circle
CU-ACT-3339,CU-SRC-0050,EVIDENCE_OF_TRIGGER,Circle
CU-ACT-3340,CU-SRC-0050,EVIDENCE_OF_TRIGGER,Circle
CU-ACT-3513,CU-SRC-0050,EVIDENCE_OF_TRIGGER,Circle
CU-ACT-3514,CU-SRC-0050,EVIDENCE_OF_TRIGGER,Circle
CU-ACT-3683,CU-SRC-0050,EVIDENCE_OF_TRIGGER,Circle
CU-ACT-3684,CU-SRC-0050,EVIDENCE_OF_TRIGGER,Circle
CU-ACT-3854,CU-SRC-0050,EVIDENCE_OF_TRIGGER,Circle
CU-ACT-3855,CU-SRC-0050,EVIDENCE_OF_TRIGGER,Circle
CU-ACT-4024,CU-SRC-0050,EVIDENCE_OF_TRIGGER,Circle
CU-ACT-4026,CU-SRC-0050,EVIDENCE_OF_TRIGGER,Circle
CU-ACT-3165,CU-SRC-0049,EVIDENCE_OF_TRIGGER,Circle
CU-ACT-3169,CU-SRC-0049,EVIDENCE_OF_TRIGGER,Circle
CU-ACT-3171,CU-SRC-0049,EVIDENCE_OF_TRIGGER,Circle
CU-ACT-3338,CU-SRC-0049,EVIDENCE_OF_TRIGGER,Circle
CU-ACT-3343,CU-SRC-0049,EVIDENCE_OF_TRIGGER,Circle
CU-ACT-3344,CU-SRC-0049,EVIDENCE_OF_TRIGGER,Circle
CU-ACT-3512,CU-SRC-0049,EVIDENCE_OF_TRIGGER,Circle
CU-ACT-3517,CU-SRC-0049,EVIDENCE_OF_TRIGGER,Circle
CU-ACT-3518,CU-SRC-0049,EVIDENCE_OF_TRIGGER,Circle
CU-ACT-3682,CU-SRC-0049,EVIDENCE_OF_TRIGGER,Circle
CU-ACT-3687,CU-SRC-0049,EVIDENCE_OF_TRIGGER,Circle
CU-ACT-3688,CU-SRC-0049,EVIDENCE_OF_TRIGGER,Circle
CU-ACT-3853,CU-SRC-0049,EVIDENCE_OF_TRIGGER,Circle
CU-ACT-3858,CU-SRC-0049,EVIDENCE_OF_TRIGGER,Circle
CU-ACT-3859,CU-SRC-0049,EVIDENCE_OF_TRIGGER,Circle
CU-ACT-4023,CU-SRC-0049,EVIDENCE_OF_TRIGGER,Circle
CU-ACT-4027,CU-SRC-0049,EVIDENCE_OF_TRIGGER,Circle
CU-ACT-4029,CU-SRC-0049,EVIDENCE_OF_TRIGGER,Circle
CU-ACT-3165,CU-SRC-0050,EVIDENCE_OF_TRIGGER,Circle
CU-ACT-3169,CU-SRC-0050,EVIDENCE_OF_TRIGGER,Circle
CU-ACT-3171,CU-SRC-0050,EVIDENCE_OF_TRIGGER,Circle
CU-ACT-3338,CU-SRC-0050,EVIDENCE_OF_TRIGGER,Circle
CU-ACT-3343,CU-SRC-0050,EVIDENCE_OF_TRIGGER,Circle
CU-ACT-3344,CU-SRC-0050,EVIDENCE_OF_TRIGGER,Circle
CU-ACT-3512,CU-SRC-0050,EVIDENCE_OF_TRIGGER,Circle
CU-ACT-3517,CU-SRC-0050,EVIDENCE_OF_TRIGGER,Circle
CU-ACT-3518,CU-SRC-0050,EVIDENCE_OF_TRIGGER,Circle
CU-ACT-3682,CU-SRC-0050,EVIDENCE_OF_TRIGGER,Circle
CU-ACT-3687,CU-SRC-0050,EVIDENCE_OF_TRIGGER,Circle
CU-ACT-3688,CU-SRC-0050,EVIDENCE_OF_TRIGGER,Circle
CU-ACT-3853,CU-SRC-0050,EVIDENCE_OF_TRIGGER,Circle
CU-ACT-3858,CU-SRC-0050,EVIDENCE_OF_TRIGGER,Circle
CU-ACT-3859,CU-SRC-0050,EVIDENCE_OF_TRIGGER,Circle
CU-ACT-4023,CU-SRC-0050,EVIDENCE_OF_TRIGGER,Circle
CU-ACT-4027,CU-SRC-0050,EVIDENCE_OF_TRIGGER,Circle
CU-ACT-4029,CU-SRC-0050,EVIDENCE_OF_TRIGGER,Circle
CU-ACT-3003,CU-SRC-0051,EVIDENCE_OF_TRIGGER,Circle
CU-ACT-3004,CU-SRC-0051,EVIDENCE_OF_TRIGGER,Circle
CU-ACT-3186,CU-SRC-0051,EVIDENCE_OF_TRIGGER,Circle
CU-ACT-3187,CU-SRC-0051,EVIDENCE_OF_TRIGGER,Circle
CU-ACT-3360,CU-SRC-0051,EVIDENCE_OF_TRIGGER,Circle
CU-ACT-3361,CU-SRC-0051,EVIDENCE_OF_TRIGGER,Circle
CU-ACT-3530,CU-SRC-0051,EVIDENCE_OF_TRIGGER,Circle
CU-ACT-3531,CU-SRC-0051,EVIDENCE_OF_TRIGGER,Circle
CU-ACT-3700,CU-SRC-0051,EVIDENCE_OF_TRIGGER,Circle
CU-ACT-3701,CU-SRC-0051,EVIDENCE_OF_TRIGGER,Circle
CU-ACT-3871,CU-SRC-0051,EVIDENCE_OF_TRIGGER,Circle
CU-ACT-3872,CU-SRC-0051,EVIDENCE_OF_TRIGGER,Circle
CU-ACT-3003,CU-SRC-0052,EVIDENCE_OF_TRIGGER,Circle
CU-ACT-3004,CU-SRC-0052,EVIDENCE_OF_TRIGGER,Circle
CU-ACT-3186,CU-SRC-0052,EVIDENCE_OF_TRIGGER,Circle
CU-ACT-3187,CU-SRC-0052,EVIDENCE_OF_TRIGGER,Circle
CU-ACT-3360,CU-SRC-0052,EVIDENCE_OF_TRIGGER,Circle
CU-ACT-3361,CU-SRC-0052,EVIDENCE_OF_TRIGGER,Circle
CU-ACT-3530,CU-SRC-0052,EVIDENCE_OF_TRIGGER,Circle
CU-ACT-3531,CU-SRC-0052,EVIDENCE_OF_TRIGGER,Circle
CU-ACT-3700,CU-SRC-0052,EVIDENCE_OF_TRIGGER,Circle
CU-ACT-3701,CU-SRC-0052,EVIDENCE_OF_TRIGGER,Circle
CU-ACT-3871,CU-SRC-0052,EVIDENCE_OF_TRIGGER,Circle
CU-ACT-3872,CU-SRC-0052,EVIDENCE_OF_TRIGGER,Circle
CU-ACT-3154,CU-SRC-0053,EVIDENCE_OF_TRIGGER,Circle
CU-ACT-3155,CU-SRC-0053,EVIDENCE_OF_TRIGGER,Circle
CU-ACT-3156,CU-SRC-0053,EVIDENCE_OF_TRIGGER,Circle
CU-ACT-3157,CU-SRC-0053,EVIDENCE_OF_TRIGGER,Circle
CU-ACT-3158,CU-SRC-0053,EVIDENCE_OF_TRIGGER,Circle
CU-ACT-3159,CU-SRC-0053,EVIDENCE_OF_TRIGGER,Circle
CU-ACT-3160,CU-SRC-0053,EVIDENCE_OF_TRIGGER,Circle
CU-ACT-3329,CU-SRC-0053,EVIDENCE_OF_TRIGGER,Circle
CU-ACT-3330,CU-SRC-0053,EVIDENCE_OF_TRIGGER,Circle
CU-ACT-3331,CU-SRC-0053,EVIDENCE_OF_TRIGGER,Circle
CU-ACT-3332,CU-SRC-0053,EVIDENCE_OF_TRIGGER,Circle
CU-ACT-3333,CU-SRC-0053,EVIDENCE_OF_TRIGGER,Circle
CU-ACT-3334,CU-SRC-0053,EVIDENCE_OF_TRIGGER,Circle
CU-ACT-3335,CU-SRC-0053,EVIDENCE_OF_TRIGGER,Circle
CU-ACT-3503,CU-SRC-0053,EVIDENCE_OF_TRIGGER,Circle
CU-ACT-3504,CU-SRC-0053,EVIDENCE_OF_TRIGGER,Circle
CU-ACT-3505,CU-SRC-0053,EVIDENCE_OF_TRIGGER,Circle
CU-ACT-3506,CU-SRC-0053,EVIDENCE_OF_TRIGGER,Circle
CU-ACT-3507,CU-SRC-0053,EVIDENCE_OF_TRIGGER,Circle
CU-ACT-3508,CU-SRC-0053,EVIDENCE_OF_TRIGGER,Circle
CU-ACT-3509,CU-SRC-0053,EVIDENCE_OF_TRIGGER,Circle
CU-ACT-3673,CU-SRC-0053,EVIDENCE_OF_TRIGGER,Circle
CU-ACT-3674,CU-SRC-0053,EVIDENCE_OF_TRIGGER,Circle
CU-ACT-3675,CU-SRC-0053,EVIDENCE_OF_TRIGGER,Circle
CU-ACT-3676,CU-SRC-0053,EVIDENCE_OF_TRIGGER,Circle
CU-ACT-3677,CU-SRC-0053,EVIDENCE_OF_TRIGGER,Circle
CU-ACT-3678,CU-SRC-0053,EVIDENCE_OF_TRIGGER,Circle
CU-ACT-3679,CU-SRC-0053,EVIDENCE_OF_TRIGGER,Circle
CU-ACT-3843,CU-SRC-0053,EVIDENCE_OF_TRIGGER,Circle
CU-ACT-3844,CU-SRC-0053,EVIDENCE_OF_TRIGGER,Circle
CU-ACT-3845,CU-SRC-0053,EVIDENCE_OF_TRIGGER,Circle
CU-ACT-3846,CU-SRC-0053,EVIDENCE_OF_TRIGGER,Circle
CU-ACT-3847,CU-SRC-0053,EVIDENCE_OF_TRIGGER,Circle
CU-ACT-3848,CU-SRC-0053,EVIDENCE_OF_TRIGGER,Circle
CU-ACT-3849,CU-SRC-0053,EVIDENCE_OF_TRIGGER,Circle
CU-ACT-4014,CU-SRC-0053,EVIDENCE_OF_TRIGGER,Circle
CU-ACT-4015,CU-SRC-0053,EVIDENCE_OF_TRIGGER,Circle
CU-ACT-4016,CU-SRC-0053,EVIDENCE_OF_TRIGGER,Circle
CU-ACT-4017,CU-SRC-0053,EVIDENCE_OF_TRIGGER,Circle
CU-ACT-4018,CU-SRC-0053,EVIDENCE_OF_TRIGGER,Circle
CU-ACT-4019,CU-SRC-0053,EVIDENCE_OF_TRIGGER,Circle
CU-ACT-4020,CU-SRC-0053,EVIDENCE_OF_TRIGGER,Circle
CU-ACT-3154,CU-SRC-0054,EVIDENCE_OF_TRIGGER,Circle
CU-ACT-3155,CU-SRC-0054,EVIDENCE_OF_TRIGGER,Circle
CU-ACT-3156,CU-SRC-0054,EVIDENCE_OF_TRIGGER,Circle
CU-ACT-3157,CU-SRC-0054,EVIDENCE_OF_TRIGGER,Circle
CU-ACT-3158,CU-SRC-0054,EVIDENCE_OF_TRIGGER,Circle
CU-ACT-3159,CU-SRC-0054,EVIDENCE_OF_TRIGGER,Circle
CU-ACT-3160,CU-SRC-0054,EVIDENCE_OF_TRIGGER,Circle
CU-ACT-3329,CU-SRC-0054,EVIDENCE_OF_TRIGGER,Circle
CU-ACT-3330,CU-SRC-0054,EVIDENCE_OF_TRIGGER,Circle
CU-ACT-3331,CU-SRC-0054,EVIDENCE_OF_TRIGGER,Circle
CU-ACT-3332,CU-SRC-0054,EVIDENCE_OF_TRIGGER,Circle
CU-ACT-3333,CU-SRC-0054,EVIDENCE_OF_TRIGGER,Circle
CU-ACT-3334,CU-SRC-0054,EVIDENCE_OF_TRIGGER,Circle
CU-ACT-3335,CU-SRC-0054,EVIDENCE_OF_TRIGGER,Circle
CU-ACT-3503,CU-SRC-0054,EVIDENCE_OF_TRIGGER,Circle
CU-ACT-3504,CU-SRC-0054,EVIDENCE_OF_TRIGGER,Circle
CU-ACT-3505,CU-SRC-0054,EVIDENCE_OF_TRIGGER,Circle
CU-ACT-3506,CU-SRC-0054,EVIDENCE_OF_TRIGGER,Circle
CU-ACT-3507,CU-SRC-0054,EVIDENCE_OF_TRIGGER,Circle
CU-ACT-3508,CU-SRC-0054,EVIDENCE_OF_TRIGGER,Circle
CU-ACT-3509,CU-SRC-0054,EVIDENCE_OF_TRIGGER,Circle
CU-ACT-3673,CU-SRC-0054,EVIDENCE_OF_TRIGGER,Circle
CU-ACT-3674,CU-SRC-0054,EVIDENCE_OF_TRIGGER,Circle
CU-ACT-3675,CU-SRC-0054,EVIDENCE_OF_TRIGGER,Circle
CU-ACT-3676,CU-SRC-0054,EVIDENCE_OF_TRIGGER,Circle
CU-ACT-3677,CU-SRC-0054,EVIDENCE_OF_TRIGGER,Circle
CU-ACT-3678,CU-SRC-0054,EVIDENCE_OF_TRIGGER,Circle
CU-ACT-3679,CU-SRC-0054,EVIDENCE_OF_TRIGGER,Circle
CU-ACT-3843,CU-SRC-0054,EVIDENCE_OF_TRIGGER,Circle
CU-ACT-3844,CU-SRC-0054,EVIDENCE_OF_TRIGGER,Circle
CU-ACT-3845,CU-SRC-0054,EVIDENCE_OF_TRIGGER,Circle
CU-ACT-3846,CU-SRC-0054,EVIDENCE_OF_TRIGGER,Circle
CU-ACT-3847,CU-SRC-0054,EVIDENCE_OF_TRIGGER,Circle
CU-ACT-3848,CU-SRC-0054,EVIDENCE_OF_TRIGGER,Circle
CU-ACT-3849,CU-SRC-0054,EVIDENCE_OF_TRIGGER,Circle
CU-ACT-4014,CU-SRC-0054,EVIDENCE_OF_TRIGGER,Circle
CU-ACT-4015,CU-SRC-0054,EVIDENCE_OF_TRIGGER,Circle
CU-ACT-4016,CU-SRC-0054,EVIDENCE_OF_TRIGGER,Circle
CU-ACT-4017,CU-SRC-0054,EVIDENCE_OF_TRIGGER,Circle
CU-ACT-4018,CU-SRC-0054,EVIDENCE_OF_TRIGGER,Circle
CU-ACT-4019,CU-SRC-0054,EVIDENCE_OF_TRIGGER,Circle
CU-ACT-4020,CU-SRC-0054,EVIDENCE_OF_TRIGGER,Circle
CU-ACT-2925,CU-SRC-0055,EVIDENCE_OF_TRIGGER,Circle
CU-ACT-2926,CU-SRC-0055,EVIDENCE_OF_TRIGGER,Circle
CU-ACT-3174,CU-SRC-0055,EVIDENCE_OF_TRIGGER,Circle
CU-ACT-3175,CU-SRC-0055,EVIDENCE_OF_TRIGGER,Circle
CU-ACT-3345,CU-SRC-0055,EVIDENCE_OF_TRIGGER,Circle
CU-ACT-3346,CU-SRC-0055,EVIDENCE_OF_TRIGGER,Circle
CU-ACT-3519,CU-SRC-0055,EVIDENCE_OF_TRIGGER,Circle
CU-ACT-3520,CU-SRC-0055,EVIDENCE_OF_TRIGGER,Circle
CU-ACT-3689,CU-SRC-0055,EVIDENCE_OF_TRIGGER,Circle
CU-ACT-3690,CU-SRC-0055,EVIDENCE_OF_TRIGGER,Circle
CU-ACT-3860,CU-SRC-0055,EVIDENCE_OF_TRIGGER,Circle
CU-ACT-3861,CU-SRC-0055,EVIDENCE_OF_TRIGGER,Circle
CU-ACT-3150,CU-SRC-0056,EVIDENCE_OF_TRIGGER,Circle
CU-ACT-3151,CU-SRC-0056,EVIDENCE_OF_TRIGGER,Circle
CU-ACT-3152,CU-SRC-0056,EVIDENCE_OF_TRIGGER,Circle
CU-ACT-3153,CU-SRC-0056,EVIDENCE_OF_TRIGGER,Circle
CU-ACT-3325,CU-SRC-0056,EVIDENCE_OF_TRIGGER,Circle
CU-ACT-3326,CU-SRC-0056,EVIDENCE_OF_TRIGGER,Circle
CU-ACT-3327,CU-SRC-0056,EVIDENCE_OF_TRIGGER,Circle
CU-ACT-3328,CU-SRC-0056,EVIDENCE_OF_TRIGGER,Circle
CU-ACT-3499,CU-SRC-0056,EVIDENCE_OF_TRIGGER,Circle
CU-ACT-3500,CU-SRC-0056,EVIDENCE_OF_TRIGGER,Circle
CU-ACT-3501,CU-SRC-0056,EVIDENCE_OF_TRIGGER,Circle
CU-ACT-3502,CU-SRC-0056,EVIDENCE_OF_TRIGGER,Circle
CU-ACT-3669,CU-SRC-0056,EVIDENCE_OF_TRIGGER,Circle
CU-ACT-3670,CU-SRC-0056,EVIDENCE_OF_TRIGGER,Circle
CU-ACT-3671,CU-SRC-0056,EVIDENCE_OF_TRIGGER,Circle
CU-ACT-3672,CU-SRC-0056,EVIDENCE_OF_TRIGGER,Circle
CU-ACT-3839,CU-SRC-0056,EVIDENCE_OF_TRIGGER,Circle
CU-ACT-3840,CU-SRC-0056,EVIDENCE_OF_TRIGGER,Circle
CU-ACT-3841,CU-SRC-0056,EVIDENCE_OF_TRIGGER,Circle
CU-ACT-3842,CU-SRC-0056,EVIDENCE_OF_TRIGGER,Circle
CU-ACT-4010,CU-SRC-0056,EVIDENCE_OF_TRIGGER,Circle
CU-ACT-4011,CU-SRC-0056,EVIDENCE_OF_TRIGGER,Circle
CU-ACT-4012,CU-SRC-0056,EVIDENCE_OF_TRIGGER,Circle
CU-ACT-4013,CU-SRC-0056,EVIDENCE_OF_TRIGGER,Circle
CU-ACT-2982,CU-SRC-0057,EVIDENCE_OF_TRIGGER,Circle
CU-ACT-2983,CU-SRC-0057,EVIDENCE_OF_TRIGGER,Circle
CU-ACT-2984,CU-SRC-0057,EVIDENCE_OF_TRIGGER,Circle
CU-ACT-3183,CU-SRC-0057,EVIDENCE_OF_TRIGGER,Circle
CU-ACT-3184,CU-SRC-0057,EVIDENCE_OF_TRIGGER,Circle
CU-ACT-3185,CU-SRC-0057,EVIDENCE_OF_TRIGGER,Circle
CU-ACT-3357,CU-SRC-0057,EVIDENCE_OF_TRIGGER,Circle
CU-ACT-3358,CU-SRC-0057,EVIDENCE_OF_TRIGGER,Circle
CU-ACT-3359,CU-SRC-0057,EVIDENCE_OF_TRIGGER,Circle
CU-ACT-3527,CU-SRC-0057,EVIDENCE_OF_TRIGGER,Circle
CU-ACT-3528,CU-SRC-0057,EVIDENCE_OF_TRIGGER,Circle
CU-ACT-3529,CU-SRC-0057,EVIDENCE_OF_TRIGGER,Circle
CU-ACT-3697,CU-SRC-0057,EVIDENCE_OF_TRIGGER,Circle
CU-ACT-3698,CU-SRC-0057,EVIDENCE_OF_TRIGGER,Circle
CU-ACT-3699,CU-SRC-0057,EVIDENCE_OF_TRIGGER,Circle
CU-ACT-3868,CU-SRC-0057,EVIDENCE_OF_TRIGGER,Circle
CU-ACT-3869,CU-SRC-0057,EVIDENCE_OF_TRIGGER,Circle
CU-ACT-3870,CU-SRC-0057,EVIDENCE_OF_TRIGGER,Circle
CU-ACT-3163,CU-SRC-0058,EVIDENCE_OF_TRIGGER,Circle
CU-ACT-3164,CU-SRC-0058,EVIDENCE_OF_TRIGGER,Circle
CU-ACT-3336,CU-SRC-0058,EVIDENCE_OF_TRIGGER,Circle
CU-ACT-3337,CU-SRC-0058,EVIDENCE_OF_TRIGGER,Circle
CU-ACT-3510,CU-SRC-0058,EVIDENCE_OF_TRIGGER,Circle
CU-ACT-3511,CU-SRC-0058,EVIDENCE_OF_TRIGGER,Circle
CU-ACT-3680,CU-SRC-0058,EVIDENCE_OF_TRIGGER,Circle
CU-ACT-3681,CU-SRC-0058,EVIDENCE_OF_TRIGGER,Circle
CU-ACT-3850,CU-SRC-0058,EVIDENCE_OF_TRIGGER,Circle
CU-ACT-3851,CU-SRC-0058,EVIDENCE_OF_TRIGGER,Circle
CU-ACT-4021,CU-SRC-0058,EVIDENCE_OF_TRIGGER,Circle
CU-ACT-4022,CU-SRC-0058,EVIDENCE_OF_TRIGGER,Circle
CU-ACT-0409,CU-SRC-0059,EVIDENCE_OF_TRIGGER,Circle
CU-ACT-0654,CU-SRC-0059,EVIDENCE_OF_TRIGGER,Circle
CU-ACT-0655,CU-SRC-0059,EVIDENCE_OF_TRIGGER,Circle
CU-ACT-0656,CU-SRC-0059,EVIDENCE_OF_TRIGGER,Circle
CU-ACT-0657,CU-SRC-0059,EVIDENCE_OF_TRIGGER,Circle
CU-ACT-0658,CU-SRC-0059,EVIDENCE_OF_TRIGGER,Circle
CU-ACT-0659,CU-SRC-0059,EVIDENCE_OF_TRIGGER,Circle
CU-ACT-0660,CU-SRC-0059,EVIDENCE_OF_TRIGGER,Circle
CU-ACT-0661,CU-SRC-0059,EVIDENCE_OF_TRIGGER,Circle
CU-ACT-0662,CU-SRC-0059,EVIDENCE_OF_TRIGGER,Circle
CU-ACT-0663,CU-SRC-0059,EVIDENCE_OF_TRIGGER,Circle
CU-ACT-0664,CU-SRC-0059,EVIDENCE_OF_TRIGGER,Circle
CU-ACT-0665,CU-SRC-0059,EVIDENCE_OF_TRIGGER,Circle
CU-ACT-0666,CU-SRC-0059,EVIDENCE_OF_TRIGGER,Circle
CU-ACT-0667,CU-SRC-0059,EVIDENCE_OF_TRIGGER,Circle
CU-ACT-0668,CU-SRC-0059,EVIDENCE_OF_TRIGGER,Circle
CU-ACT-0669,CU-SRC-0059,EVIDENCE_OF_TRIGGER,Circle
CU-ACT-0670,CU-SRC-0059,EVIDENCE_OF_TRIGGER,Circle
CU-ACT-0671,CU-SRC-0059,EVIDENCE_OF_TRIGGER,Circle
CU-ACT-0672,CU-SRC-0059,EVIDENCE_OF_TRIGGER,Circle
CU-ACT-0673,CU-SRC-0059,EVIDENCE_OF_TRIGGER,Circle
CU-ACT-0674,CU-SRC-0059,EVIDENCE_OF_TRIGGER,Circle
CU-ACT-0675,CU-SRC-0059,EVIDENCE_OF_TRIGGER,Circle
CU-ACT-0676,CU-SRC-0059,EVIDENCE_OF_TRIGGER,Circle
CU-ACT-0677,CU-SRC-0059,EVIDENCE_OF_TRIGGER,Circle
CU-ACT-0678,CU-SRC-0059,EVIDENCE_OF_TRIGGER,Circle
CU-ACT-0679,CU-SRC-0059,EVIDENCE_OF_TRIGGER,Circle
CU-ACT-0680,CU-SRC-0059,EVIDENCE_OF_TRIGGER,Circle
CU-ACT-0681,CU-SRC-0059,EVIDENCE_OF_TRIGGER,Circle
CU-ACT-0682,CU-SRC-0059,EVIDENCE_OF_TRIGGER,Circle
CU-ACT-0683,CU-SRC-0059,EVIDENCE_OF_TRIGGER,Circle
CU-ACT-0684,CU-SRC-0059,EVIDENCE_OF_TRIGGER,Circle
CU-ACT-0685,CU-SRC-0059,EVIDENCE_OF_TRIGGER,Circle
CU-ACT-0686,CU-SRC-0059,EVIDENCE_OF_TRIGGER,Circle
CU-ACT-0687,CU-SRC-0059,EVIDENCE_OF_TRIGGER,Circle
CU-ACT-0688,CU-SRC-0059,EVIDENCE_OF_TRIGGER,Circle
CU-ACT-0689,CU-SRC-0059,EVIDENCE_OF_TRIGGER,Circle
CU-ACT-0690,CU-SRC-0059,EVIDENCE_OF_TRIGGER,Circle
CU-ACT-0691,CU-SRC-0059,EVIDENCE_OF_TRIGGER,Circle
CU-ACT-0692,CU-SRC-0059,EVIDENCE_OF_TRIGGER,Circle
CU-ACT-0693,CU-SRC-0059,EVIDENCE_OF_TRIGGER,Circle
CU-ACT-0694,CU-SRC-0059,EVIDENCE_OF_TRIGGER,Circle
CU-ACT-0695,CU-SRC-0059,EVIDENCE_OF_TRIGGER,Circle
CU-ACT-0696,CU-SRC-0059,EVIDENCE_OF_TRIGGER,Circle
CU-ACT-0697,CU-SRC-0059,EVIDENCE_OF_TRIGGER,Circle
CU-ACT-0698,CU-SRC-0059,EVIDENCE_OF_TRIGGER,Circle
CU-ACT-0699,CU-SRC-0059,EVIDENCE_OF_TRIGGER,Circle
CU-ACT-0700,CU-SRC-0059,EVIDENCE_OF_TRIGGER,Circle
CU-ACT-0701,CU-SRC-0059,EVIDENCE_OF_TRIGGER,Circle
CU-ACT-0702,CU-SRC-0059,EVIDENCE_OF_TRIGGER,Circle
CU-ACT-0703,CU-SRC-0059,EVIDENCE_OF_TRIGGER,Circle
CU-ACT-0704,CU-SRC-0059,EVIDENCE_OF_TRIGGER,Circle
CU-ACT-0705,CU-SRC-0059,EVIDENCE_OF_TRIGGER,Circle
CU-ACT-0706,CU-SRC-0059,EVIDENCE_OF_TRIGGER,Circle
CU-ACT-0707,CU-SRC-0059,EVIDENCE_OF_TRIGGER,Circle
CU-ACT-0708,CU-SRC-0059,EVIDENCE_OF_TRIGGER,Circle
CU-ACT-0709,CU-SRC-0059,EVIDENCE_OF_TRIGGER,Circle
CU-ACT-0710,CU-SRC-0059,EVIDENCE_OF_TRIGGER,Circle
CU-ACT-0711,CU-SRC-0059,EVIDENCE_OF_TRIGGER,Circle
CU-ACT-0712,CU-SRC-0059,EVIDENCE_OF_TRIGGER,Circle
CU-ACT-0713,CU-SRC-0059,EVIDENCE_OF_TRIGGER,Circle
CU-ACT-0714,CU-SRC-0059,EVIDENCE_OF_TRIGGER,Circle
CU-ACT-0715,CU-SRC-0059,EVIDENCE_OF_TRIGGER,Circle
CU-ACT-0716,CU-SRC-0059,EVIDENCE_OF_TRIGGER,Circle
CU-ACT-0717,CU-SRC-0059,EVIDENCE_OF_TRIGGER,Circle
CU-ACT-0718,CU-SRC-0059,EVIDENCE_OF_TRIGGER,Circle
CU-ACT-0719,CU-SRC-0059,EVIDENCE_OF_TRIGGER,Circle
CU-ACT-0720,CU-SRC-0059,EVIDENCE_OF_TRIGGER,Circle
CU-ACT-0721,CU-SRC-0059,EVIDENCE_OF_TRIGGER,Circle
CU-ACT-0722,CU-SRC-0059,EVIDENCE_OF_TRIGGER,Circle
CU-ACT-0723,CU-SRC-0059,EVIDENCE_OF_TRIGGER,Circle
CU-ACT-0724,CU-SRC-0059,EVIDENCE_OF_TRIGGER,Circle
CU-ACT-0725,CU-SRC-0059,EVIDENCE_OF_TRIGGER,Circle
CU-ACT-0726,CU-SRC-0059,EVIDENCE_OF_TRIGGER,Circle
CU-ACT-0727,CU-SRC-0059,EVIDENCE_OF_TRIGGER,Circle
CU-ACT-0728,CU-SRC-0059,EVIDENCE_OF_TRIGGER,Circle
CU-ACT-0729,CU-SRC-0059,EVIDENCE_OF_TRIGGER,Circle
CU-ACT-0730,CU-SRC-0059,EVIDENCE_OF_TRIGGER,Circle
CU-ACT-0731,CU-SRC-0059,EVIDENCE_OF_TRIGGER,Circle
CU-ACT-0732,CU-SRC-0059,EVIDENCE_OF_TRIGGER,Circle
CU-ACT-0733,CU-SRC-0059,EVIDENCE_OF_TRIGGER,Circle
CU-ACT-1537,CU-SRC-0059,EVIDENCE_OF_TRIGGER,Circle
CU-ACT-1667,CU-SRC-0059,EVIDENCE_OF_TRIGGER,Circle
CU-ACT-1668,CU-SRC-0059,EVIDENCE_OF_TRIGGER,Circle
CU-ACT-1669,CU-SRC-0059,EVIDENCE_OF_TRIGGER,Circle
CU-ACT-1670,CU-SRC-0059,EVIDENCE_OF_TRIGGER,Circle
CU-ACT-2381,CU-SRC-0059,EVIDENCE_OF_TRIGGER,Circle
CU-ACT-0409,CU-SRC-0062,CONTEXT,Circle
CU-ACT-0654,CU-SRC-0062,CONTEXT,Circle
CU-ACT-0655,CU-SRC-0062,CONTEXT,Circle
CU-ACT-0656,CU-SRC-0062,CONTEXT,Circle
CU-ACT-0657,CU-SRC-0062,CONTEXT,Circle
CU-ACT-0658,CU-SRC-0062,CONTEXT,Circle
CU-ACT-0659,CU-SRC-0062,CONTEXT,Circle
CU-ACT-0660,CU-SRC-0062,CONTEXT,Circle
CU-ACT-0661,CU-SRC-0062,CONTEXT,Circle
CU-ACT-0662,CU-SRC-0062,CONTEXT,Circle
CU-ACT-0663,CU-SRC-0062,CONTEXT,Circle
CU-ACT-0664,CU-SRC-0062,CONTEXT,Circle
CU-ACT-0665,CU-SRC-0062,CONTEXT,Circle
CU-ACT-0666,CU-SRC-0062,CONTEXT,Circle
CU-ACT-0667,CU-SRC-0062,CONTEXT,Circle
CU-ACT-0668,CU-SRC-0062,CONTEXT,Circle
CU-ACT-0669,CU-SRC-0062,CONTEXT,Circle
CU-ACT-0670,CU-SRC-0062,CONTEXT,Circle
CU-ACT-0671,CU-SRC-0062,CONTEXT,Circle
CU-ACT-0672,CU-SRC-0062,CONTEXT,Circle
CU-ACT-0673,CU-SRC-0062,CONTEXT,Circle
CU-ACT-0674,CU-SRC-0062,CONTEXT,Circle
CU-ACT-0675,CU-SRC-0062,CONTEXT,Circle
CU-ACT-0676,CU-SRC-0062,CONTEXT,Circle
CU-ACT-0677,CU-SRC-0062,CONTEXT,Circle
CU-ACT-0678,CU-SRC-0062,CONTEXT,Circle
CU-ACT-0679,CU-SRC-0062,CONTEXT,Circle
CU-ACT-0680,CU-SRC-0062,CONTEXT,Circle
CU-ACT-0681,CU-SRC-0062,CONTEXT,Circle
CU-ACT-0682,CU-SRC-0062,CONTEXT,Circle
CU-ACT-0683,CU-SRC-0062,CONTEXT,Circle
CU-ACT-0684,CU-SRC-0062,CONTEXT,Circle
CU-ACT-0685,CU-SRC-0062,CONTEXT,Circle
CU-ACT-0686,CU-SRC-0062,CONTEXT,Circle
CU-ACT-0687,CU-SRC-0062,CONTEXT,Circle
CU-ACT-0688,CU-SRC-0062,CONTEXT,Circle
CU-ACT-0689,CU-SRC-0062,CONTEXT,Circle
CU-ACT-0690,CU-SRC-0062,CONTEXT,Circle
CU-ACT-0691,CU-SRC-0062,CONTEXT,Circle
CU-ACT-0692,CU-SRC-0062,CONTEXT,Circle
CU-ACT-0693,CU-SRC-0062,CONTEXT,Circle
CU-ACT-0694,CU-SRC-0062,CONTEXT,Circle
CU-ACT-0695,CU-SRC-0062,CONTEXT,Circle
CU-ACT-0696,CU-SRC-0062,CONTEXT,Circle
CU-ACT-0697,CU-SRC-0062,CONTEXT,Circle
CU-ACT-0698,CU-SRC-0062,CONTEXT,Circle
CU-ACT-0699,CU-SRC-0062,CONTEXT,Circle
CU-ACT-0700,CU-SRC-0062,CONTEXT,Circle
CU-ACT-0701,CU-SRC-0062,CONTEXT,Circle
CU-ACT-0702,CU-SRC-0062,CONTEXT,Circle
CU-ACT-0703,CU-SRC-0062,CONTEXT,Circle
CU-ACT-0704,CU-SRC-0062,CONTEXT,Circle
CU-ACT-0705,CU-SRC-0062,CONTEXT,Circle
CU-ACT-0706,CU-SRC-0062,CONTEXT,Circle
CU-ACT-0707,CU-SRC-0062,CONTEXT,Circle
CU-ACT-0708,CU-SRC-0062,CONTEXT,Circle
CU-ACT-0709,CU-SRC-0062,CONTEXT,Circle
CU-ACT-0710,CU-SRC-0062,CONTEXT,Circle
CU-ACT-0711,CU-SRC-0062,CONTEXT,Circle
CU-ACT-0712,CU-SRC-0062,CONTEXT,Circle
CU-ACT-0713,CU-SRC-0062,CONTEXT,Circle
CU-ACT-0714,CU-SRC-0062,CONTEXT,Circle
CU-ACT-0715,CU-SRC-0062,CONTEXT,Circle
CU-ACT-0716,CU-SRC-0062,CONTEXT,Circle
CU-ACT-0717,CU-SRC-0062,CONTEXT,Circle
CU-ACT-0718,CU-SRC-0062,CONTEXT,Circle
CU-ACT-0719,CU-SRC-0062,CONTEXT,Circle
CU-ACT-0720,CU-SRC-0062,CONTEXT,Circle
CU-ACT-0721,CU-SRC-0062,CONTEXT,Circle
CU-ACT-0722,CU-SRC-0062,CONTEXT,Circle
CU-ACT-0723,CU-SRC-0062,CONTEXT,Circle
CU-ACT-0724,CU-SRC-0062,CONTEXT,Circle
CU-ACT-0725,CU-SRC-0062,CONTEXT,Circle
CU-ACT-0726,CU-SRC-0062,CONTEXT,Circle
CU-ACT-0727,CU-SRC-0062,CONTEXT,Circle
CU-ACT-0728,CU-SRC-0062,CONTEXT,Circle
CU-ACT-0729,CU-SRC-0062,CONTEXT,Circle
CU-ACT-0730,CU-SRC-0062,CONTEXT,Circle
CU-ACT-0731,CU-SRC-0062,CONTEXT,Circle
CU-ACT-0732,CU-SRC-0062,CONTEXT,Circle
CU-ACT-0733,CU-SRC-0062,CONTEXT,Circle
CU-ACT-1537,CU-SRC-0062,CONTEXT,Circle
CU-ACT-1667,CU-SRC-0062,CONTEXT,Circle
CU-ACT-1668,CU-SRC-0062,CONTEXT,Circle
CU-ACT-1669,CU-SRC-0062,CONTEXT,Circle
CU-ACT-1670,CU-SRC-0062,CONTEXT,Circle
CU-ACT-2381,CU-SRC-0062,CONTEXT,Circle
CU-ACT-2932,CU-SRC-0060,EVIDENCE_OF_TRIGGER,Circle
CU-ACT-2933,CU-SRC-0060,EVIDENCE_OF_TRIGGER,Circle
CU-ACT-2934,CU-SRC-0060,EVIDENCE_OF_TRIGGER,Circle
CU-ACT-2935,CU-SRC-0060,EVIDENCE_OF_TRIGGER,Circle
CU-ACT-2936,CU-SRC-0060,EVIDENCE_OF_TRIGGER,Circle
CU-ACT-2937,CU-SRC-0060,EVIDENCE_OF_TRIGGER,Circle
CU-ACT-2938,CU-SRC-0060,EVIDENCE_OF_TRIGGER,Circle
CU-ACT-2939,CU-SRC-0060,EVIDENCE_OF_TRIGGER,Circle
CU-ACT-2940,CU-SRC-0060,EVIDENCE_OF_TRIGGER,Circle
CU-ACT-2941,CU-SRC-0060,EVIDENCE_OF_TRIGGER,Circle
CU-ACT-2942,CU-SRC-0060,EVIDENCE_OF_TRIGGER,Circle
CU-ACT-2943,CU-SRC-0060,EVIDENCE_OF_TRIGGER,Circle
CU-ACT-2944,CU-SRC-0060,EVIDENCE_OF_TRIGGER,Circle
CU-ACT-2945,CU-SRC-0060,EVIDENCE_OF_TRIGGER,Circle
CU-ACT-2946,CU-SRC-0060,EVIDENCE_OF_TRIGGER,Circle
CU-ACT-2947,CU-SRC-0060,EVIDENCE_OF_TRIGGER,Circle
CU-ACT-2948,CU-SRC-0060,EVIDENCE_OF_TRIGGER,Circle
CU-ACT-2949,CU-SRC-0060,EVIDENCE_OF_TRIGGER,Circle
CU-ACT-2950,CU-SRC-0060,EVIDENCE_OF_TRIGGER,Circle
CU-ACT-2951,CU-SRC-0060,EVIDENCE_OF_TRIGGER,Circle
CU-ACT-2952,CU-SRC-0060,EVIDENCE_OF_TRIGGER,Circle
CU-ACT-2953,CU-SRC-0060,EVIDENCE_OF_TRIGGER,Circle
CU-ACT-2954,CU-SRC-0060,EVIDENCE_OF_TRIGGER,Circle
CU-ACT-2955,CU-SRC-0060,EVIDENCE_OF_TRIGGER,Circle
CU-ACT-2956,CU-SRC-0060,EVIDENCE_OF_TRIGGER,Circle
CU-ACT-2957,CU-SRC-0060,EVIDENCE_OF_TRIGGER,Circle
CU-ACT-2958,CU-SRC-0060,EVIDENCE_OF_TRIGGER,Circle
CU-ACT-2959,CU-SRC-0060,EVIDENCE_OF_TRIGGER,Circle
CU-ACT-2960,CU-SRC-0060,EVIDENCE_OF_TRIGGER,Circle
CU-ACT-2961,CU-SRC-0060,EVIDENCE_OF_TRIGGER,Circle
CU-ACT-2962,CU-SRC-0060,EVIDENCE_OF_TRIGGER,Circle
CU-ACT-2963,CU-SRC-0060,EVIDENCE_OF_TRIGGER,Circle
CU-ACT-2964,CU-SRC-0060,EVIDENCE_OF_TRIGGER,Circle
CU-ACT-2965,CU-SRC-0060,EVIDENCE_OF_TRIGGER,Circle
CU-ACT-2966,CU-SRC-0060,EVIDENCE_OF_TRIGGER,Circle
CU-ACT-2967,CU-SRC-0060,EVIDENCE_OF_TRIGGER,Circle
CU-ACT-2968,CU-SRC-0060,EVIDENCE_OF_TRIGGER,Circle
CU-ACT-2969,CU-SRC-0060,EVIDENCE_OF_TRIGGER,Circle
CU-ACT-2970,CU-SRC-0060,EVIDENCE_OF_TRIGGER,Circle
CU-ACT-2971,CU-SRC-0060,EVIDENCE_OF_TRIGGER,Circle
CU-ACT-2972,CU-SRC-0060,EVIDENCE_OF_TRIGGER,Circle
CU-ACT-2973,CU-SRC-0060,EVIDENCE_OF_TRIGGER,Circle
CU-ACT-2986,CU-SRC-0060,EVIDENCE_OF_TRIGGER,Circle
CU-ACT-2987,CU-SRC-0060,EVIDENCE_OF_TRIGGER,Circle
CU-ACT-2988,CU-SRC-0060,EVIDENCE_OF_TRIGGER,Circle
CU-ACT-2989,CU-SRC-0060,EVIDENCE_OF_TRIGGER,Circle
CU-ACT-2990,CU-SRC-0060,EVIDENCE_OF_TRIGGER,Circle
CU-ACT-2991,CU-SRC-0060,EVIDENCE_OF_TRIGGER,Circle
CU-ACT-2992,CU-SRC-0060,EVIDENCE_OF_TRIGGER,Circle
CU-ACT-2993,CU-SRC-0060,EVIDENCE_OF_TRIGGER,Circle
CU-ACT-2994,CU-SRC-0060,EVIDENCE_OF_TRIGGER,Circle
CU-ACT-2995,CU-SRC-0060,EVIDENCE_OF_TRIGGER,Circle
CU-ACT-2996,CU-SRC-0060,EVIDENCE_OF_TRIGGER,Circle
CU-ACT-2997,CU-SRC-0060,EVIDENCE_OF_TRIGGER,Circle
CU-ACT-2998,CU-SRC-0060,EVIDENCE_OF_TRIGGER,Circle
CU-ACT-2999,CU-SRC-0060,EVIDENCE_OF_TRIGGER,Circle
CU-ACT-3347,CU-SRC-0060,EVIDENCE_OF_TRIGGER,Circle
CU-ACT-3348,CU-SRC-0060,EVIDENCE_OF_TRIGGER,Circle
CU-ACT-3349,CU-SRC-0060,EVIDENCE_OF_TRIGGER,Circle
CU-ACT-3350,CU-SRC-0060,EVIDENCE_OF_TRIGGER,Circle
CU-ACT-2932,CU-SRC-0061,CONTEXT,Circle
CU-ACT-2933,CU-SRC-0061,CONTEXT,Circle
CU-ACT-2934,CU-SRC-0061,CONTEXT,Circle
CU-ACT-2935,CU-SRC-0061,CONTEXT,Circle
CU-ACT-2936,CU-SRC-0061,CONTEXT,Circle
CU-ACT-2937,CU-SRC-0061,CONTEXT,Circle
CU-ACT-2938,CU-SRC-0061,CONTEXT,Circle
CU-ACT-2939,CU-SRC-0061,CONTEXT,Circle
CU-ACT-2940,CU-SRC-0061,CONTEXT,Circle
CU-ACT-2941,CU-SRC-0061,CONTEXT,Circle
CU-ACT-2942,CU-SRC-0061,CONTEXT,Circle
CU-ACT-2943,CU-SRC-0061,CONTEXT,Circle
CU-ACT-2944,CU-SRC-0061,CONTEXT,Circle
CU-ACT-2945,CU-SRC-0061,CONTEXT,Circle
CU-ACT-2946,CU-SRC-0061,CONTEXT,Circle
CU-ACT-2947,CU-SRC-0061,CONTEXT,Circle
CU-ACT-2948,CU-SRC-0061,CONTEXT,Circle
CU-ACT-2949,CU-SRC-0061,CONTEXT,Circle
CU-ACT-2950,CU-SRC-0061,CONTEXT,Circle
CU-ACT-2951,CU-SRC-0061,CONTEXT,Circle
CU-ACT-2952,CU-SRC-0061,CONTEXT,Circle
CU-ACT-2953,CU-SRC-0061,CONTEXT,Circle
CU-ACT-2954,CU-SRC-0061,CONTEXT,Circle
CU-ACT-2955,CU-SRC-0061,CONTEXT,Circle
CU-ACT-2956,CU-SRC-0061,CONTEXT,Circle
CU-ACT-2957,CU-SRC-0061,CONTEXT,Circle
CU-ACT-2958,CU-SRC-0061,CONTEXT,Circle
CU-ACT-2959,CU-SRC-0061,CONTEXT,Circle
CU-ACT-2960,CU-SRC-0061,CONTEXT,Circle
CU-ACT-2961,CU-SRC-0061,CONTEXT,Circle
CU-ACT-2962,CU-SRC-0061,CONTEXT,Circle
CU-ACT-2963,CU-SRC-0061,CONTEXT,Circle
CU-ACT-2964,CU-SRC-0061,CONTEXT,Circle
CU-ACT-2965,CU-SRC-0061,CONTEXT,Circle
CU-ACT-2966,CU-SRC-0061,CONTEXT,Circle
CU-ACT-2967,CU-SRC-0061,CONTEXT,Circle
CU-ACT-2968,CU-SRC-0061,CONTEXT,Circle
CU-ACT-2969,CU-SRC-0061,CONTEXT,Circle
CU-ACT-2970,CU-SRC-0061,CONTEXT,Circle
CU-ACT-2971,CU-SRC-0061,CONTEXT,Circle
CU-ACT-2972,CU-SRC-0061,CONTEXT,Circle
CU-ACT-2973,CU-SRC-0061,CONTEXT,Circle
CU-ACT-2986,CU-SRC-0061,CONTEXT,Circle
CU-ACT-2987,CU-SRC-0061,CONTEXT,Circle
CU-ACT-2988,CU-SRC-0061,CONTEXT,Circle
CU-ACT-2989,CU-SRC-0061,CONTEXT,Circle
CU-ACT-2990,CU-SRC-0061,CONTEXT,Circle
CU-ACT-2991,CU-SRC-0061,CONTEXT,Circle
CU-ACT-2992,CU-SRC-0061,CONTEXT,Circle
CU-ACT-2993,CU-SRC-0061,CONTEXT,Circle
CU-ACT-2994,CU-SRC-0061,CONTEXT,Circle
CU-ACT-2995,CU-SRC-0061,CONTEXT,Circle
CU-ACT-2996,CU-SRC-0061,CONTEXT,Circle
CU-ACT-2997,CU-SRC-0061,CONTEXT,Circle
CU-ACT-2998,CU-SRC-0061,CONTEXT,Circle
CU-ACT-2999,CU-SRC-0061,CONTEXT,Circle
CU-ACT-3347,CU-SRC-0061,CONTEXT,Circle
CU-ACT-3348,CU-SRC-0061,CONTEXT,Circle
CU-ACT-3349,CU-SRC-0061,CONTEXT,Circle
CU-ACT-3350,CU-SRC-0061,CONTEXT,Circle
CU-ACT-2932,CU-SRC-0062,CONTEXT,Circle
CU-ACT-2933,CU-SRC-0062,CONTEXT,Circle
CU-ACT-2934,CU-SRC-0062,CONTEXT,Circle
CU-ACT-2935,CU-SRC-0062,CONTEXT,Circle
CU-ACT-2936,CU-SRC-0062,CONTEXT,Circle
CU-ACT-2937,CU-SRC-0062,CONTEXT,Circle
CU-ACT-2938,CU-SRC-0062,CONTEXT,Circle
CU-ACT-2939,CU-SRC-0062,CONTEXT,Circle
CU-ACT-2940,CU-SRC-0062,CONTEXT,Circle
CU-ACT-2941,CU-SRC-0062,CONTEXT,Circle
CU-ACT-2942,CU-SRC-0062,CONTEXT,Circle
CU-ACT-2943,CU-SRC-0062,CONTEXT,Circle
CU-ACT-2944,CU-SRC-0062,CONTEXT,Circle
CU-ACT-2945,CU-SRC-0062,CONTEXT,Circle
CU-ACT-2946,CU-SRC-0062,CONTEXT,Circle
CU-ACT-2947,CU-SRC-0062,CONTEXT,Circle
CU-ACT-2948,CU-SRC-0062,CONTEXT,Circle
CU-ACT-2949,CU-SRC-0062,CONTEXT,Circle
CU-ACT-2950,CU-SRC-0062,CONTEXT,Circle
CU-ACT-2951,CU-SRC-0062,CONTEXT,Circle
CU-ACT-2952,CU-SRC-0062,CONTEXT,Circle
CU-ACT-2953,CU-SRC-0062,CONTEXT,Circle
CU-ACT-2954,CU-SRC-0062,CONTEXT,Circle
CU-ACT-2955,CU-SRC-0062,CONTEXT,Circle
CU-ACT-2956,CU-SRC-0062,CONTEXT,Circle
CU-ACT-2957,CU-SRC-0062,CONTEXT,Circle
CU-ACT-2958,CU-SRC-0062,CONTEXT,Circle
CU-ACT-2959,CU-SRC-0062,CONTEXT,Circle
CU-ACT-2960,CU-SRC-0062,CONTEXT,Circle
CU-ACT-2961,CU-SRC-0062,CONTEXT,Circle
CU-ACT-2962,CU-SRC-0062,CONTEXT,Circle
CU-ACT-2963,CU-SRC-0062,CONTEXT,Circle
CU-ACT-2964,CU-SRC-0062,CONTEXT,Circle
CU-ACT-2965,CU-SRC-0062,CONTEXT,Circle
CU-ACT-2966,CU-SRC-0062,CONTEXT,Circle
CU-ACT-2967,CU-SRC-0062,CONTEXT,Circle
CU-ACT-2968,CU-SRC-0062,CONTEXT,Circle
CU-ACT-2969,CU-SRC-0062,CONTEXT,Circle
CU-ACT-2970,CU-SRC-0062,CONTEXT,Circle
CU-ACT-2971,CU-SRC-0062,CONTEXT,Circle
CU-ACT-2972,CU-SRC-0062,CONTEXT,Circle
CU-ACT-2973,CU-SRC-0062,CONTEXT,Circle
CU-ACT-2986,CU-SRC-0062,CONTEXT,Circle
CU-ACT-2987,CU-SRC-0062,CONTEXT,Circle
CU-ACT-2988,CU-SRC-0062,CONTEXT,Circle
CU-ACT-2989,CU-SRC-0062,CONTEXT,Circle
CU-ACT-2990,CU-SRC-0062,CONTEXT,Circle
CU-ACT-2991,CU-SRC-0062,CONTEXT,Circle
CU-ACT-2992,CU-SRC-0062,CONTEXT,Circle
CU-ACT-2993,CU-SRC-0062,CONTEXT,Circle
CU-ACT-2994,CU-SRC-0062,CONTEXT,Circle
CU-ACT-2995,CU-SRC-0062,CONTEXT,Circle
CU-ACT-2996,CU-SRC-0062,CONTEXT,Circle
CU-ACT-2997,CU-SRC-0062,CONTEXT,Circle
CU-ACT-2998,CU-SRC-0062,CONTEXT,Circle
CU-ACT-2999,CU-SRC-0062,CONTEXT,Circle
CU-ACT-3347,CU-SRC-0062,CONTEXT,Circle
CU-ACT-3348,CU-SRC-0062,CONTEXT,Circle
CU-ACT-3349,CU-SRC-0062,CONTEXT,Circle
CU-ACT-3350,CU-SRC-0062,CONTEXT,Circle
CU-ACT-2923,CU-SRC-0062,CONTEXT,Circle
CU-ACT-0087,CU-SRC-0065,EVIDENCE_OF_TRIGGER,Circle
CU-ACT-0855,CU-SRC-0065,EVIDENCE_OF_TRIGGER,Circle
CU-ACT-1306,CU-SRC-0065,EVIDENCE_OF_TRIGGER,Circle
CU-ACT-1744,CU-SRC-0065,EVIDENCE_OF_TRIGGER,Circle
CU-ACT-2163,CU-SRC-0065,EVIDENCE_OF_TRIGGER,Circle
CU-ACT-2585,CU-SRC-0065,EVIDENCE_OF_TRIGGER,Circle
CU-ACT-0245,CU-SRC-0070,EVIDENCE_OF_TRIGGER,Circle
CU-ACT-0959,CU-SRC-0070,EVIDENCE_OF_TRIGGER,Circle
CU-ACT-1422,CU-SRC-0070,EVIDENCE_OF_TRIGGER,Circle
CU-ACT-1852,CU-SRC-0070,EVIDENCE_OF_TRIGGER,Circle
CU-ACT-2265,CU-SRC-0070,EVIDENCE_OF_TRIGGER,Circle
CU-ACT-2686,CU-SRC-0070,EVIDENCE_OF_TRIGGER,Circle
CU-ACT-0194,CU-SRC-0067,EVIDENCE_OF_TRIGGER,Circle
CU-ACT-0936,CU-SRC-0067,EVIDENCE_OF_TRIGGER,Circle
CU-ACT-1400,CU-SRC-0067,EVIDENCE_OF_TRIGGER,Circle
CU-ACT-1828,CU-SRC-0067,EVIDENCE_OF_TRIGGER,Circle
CU-ACT-2242,CU-SRC-0067,EVIDENCE_OF_TRIGGER,Circle
CU-ACT-2664,CU-SRC-0067,EVIDENCE_OF_TRIGGER,Circle
CU-ACT-0199,CU-SRC-0067,EVIDENCE_OF_TRIGGER,Circle
CU-ACT-0941,CU-SRC-0067,EVIDENCE_OF_TRIGGER,Circle
CU-ACT-1405,CU-SRC-0067,EVIDENCE_OF_TRIGGER,Circle
CU-ACT-1833,CU-SRC-0067,EVIDENCE_OF_TRIGGER,Circle
CU-ACT-2247,CU-SRC-0067,EVIDENCE_OF_TRIGGER,Circle
CU-ACT-2669,CU-SRC-0067,EVIDENCE_OF_TRIGGER,Circle
CU-ACT-0235,CU-SRC-0069,EVIDENCE_OF_TRIGGER,Circle
CU-ACT-0956,CU-SRC-0069,EVIDENCE_OF_TRIGGER,Circle
CU-ACT-1420,CU-SRC-0069,EVIDENCE_OF_TRIGGER,Circle
CU-ACT-1850,CU-SRC-0069,EVIDENCE_OF_TRIGGER,Circle
CU-ACT-2262,CU-SRC-0069,EVIDENCE_OF_TRIGGER,Circle
CU-ACT-2684,CU-SRC-0069,EVIDENCE_OF_TRIGGER,Circle
CU-ACT-0254,CU-SRC-0072,EVIDENCE_OF_TRIGGER,Circle
CU-ACT-0963,CU-SRC-0072,EVIDENCE_OF_TRIGGER,Circle
CU-ACT-1426,CU-SRC-0072,EVIDENCE_OF_TRIGGER,Circle
CU-ACT-1858,CU-SRC-0072,EVIDENCE_OF_TRIGGER,Circle
CU-ACT-2269,CU-SRC-0072,EVIDENCE_OF_TRIGGER,Circle
CU-ACT-2689,CU-SRC-0072,EVIDENCE_OF_TRIGGER,Circle
CU-ACT-0395,CU-SRC-0074,EVIDENCE_OF_TRIGGER,Circle
CU-ACT-1083,CU-SRC-0074,EVIDENCE_OF_TRIGGER,Circle
CU-ACT-1536,CU-SRC-0074,EVIDENCE_OF_TRIGGER,Circle
CU-ACT-1968,CU-SRC-0074,EVIDENCE_OF_TRIGGER,Circle
CU-ACT-2380,CU-SRC-0074,EVIDENCE_OF_TRIGGER,Circle
CU-ACT-2799,CU-SRC-0074,EVIDENCE_OF_TRIGGER,Circle
CU-ACT-0180,CU-SRC-0066,EVIDENCE_OF_TRIGGER,Circle
CU-ACT-0923,CU-SRC-0066,EVIDENCE_OF_TRIGGER,Circle
CU-ACT-1387,CU-SRC-0066,EVIDENCE_OF_TRIGGER,Circle
CU-ACT-1817,CU-SRC-0066,EVIDENCE_OF_TRIGGER,Circle
CU-ACT-2231,CU-SRC-0066,EVIDENCE_OF_TRIGGER,Circle
CU-ACT-2653,CU-SRC-0066,EVIDENCE_OF_TRIGGER,Circle
CU-ACT-0221,CU-SRC-0068,EVIDENCE_OF_TRIGGER,Circle
CU-ACT-0222,CU-SRC-0068,EVIDENCE_OF_TRIGGER,Circle
CU-ACT-0945,CU-SRC-0068,EVIDENCE_OF_TRIGGER,Circle
CU-ACT-0946,CU-SRC-0068,EVIDENCE_OF_TRIGGER,Circle
CU-ACT-1409,CU-SRC-0068,EVIDENCE_OF_TRIGGER,Circle
CU-ACT-1410,CU-SRC-0068,EVIDENCE_OF_TRIGGER,Circle
CU-ACT-1839,CU-SRC-0068,EVIDENCE_OF_TRIGGER,Circle
CU-ACT-1840,CU-SRC-0068,EVIDENCE_OF_TRIGGER,Circle
CU-ACT-2251,CU-SRC-0068,EVIDENCE_OF_TRIGGER,Circle
CU-ACT-2252,CU-SRC-0068,EVIDENCE_OF_TRIGGER,Circle
CU-ACT-2673,CU-SRC-0068,EVIDENCE_OF_TRIGGER,Circle
CU-ACT-2674,CU-SRC-0068,EVIDENCE_OF_TRIGGER,Circle
CU-ACT-0195,CU-SRC-0067,EVIDENCE_OF_TRIGGER,Circle
CU-ACT-0937,CU-SRC-0067,EVIDENCE_OF_TRIGGER,Circle
CU-ACT-1401,CU-SRC-0067,EVIDENCE_OF_TRIGGER,Circle
CU-ACT-1829,CU-SRC-0067,EVIDENCE_OF_TRIGGER,Circle
CU-ACT-2243,CU-SRC-0067,EVIDENCE_OF_TRIGGER,Circle
CU-ACT-2665,CU-SRC-0067,EVIDENCE_OF_TRIGGER,Circle
CU-ACT-0197,CU-SRC-0067,EVIDENCE_OF_TRIGGER,Circle
CU-ACT-0939,CU-SRC-0067,EVIDENCE_OF_TRIGGER,Circle
CU-ACT-1403,CU-SRC-0067,EVIDENCE_OF_TRIGGER,Circle
CU-ACT-1831,CU-SRC-0067,EVIDENCE_OF_TRIGGER,Circle
CU-ACT-2245,CU-SRC-0067,EVIDENCE_OF_TRIGGER,Circle
CU-ACT-2668,CU-SRC-0067,EVIDENCE_OF_TRIGGER,Circle
CU-ACT-0246,CU-SRC-0071,EVIDENCE_OF_TRIGGER,Circle
CU-ACT-0960,CU-SRC-0071,EVIDENCE_OF_TRIGGER,Circle
CU-ACT-1423,CU-SRC-0071,EVIDENCE_OF_TRIGGER,Circle
CU-ACT-1855,CU-SRC-0071,EVIDENCE_OF_TRIGGER,Circle
CU-ACT-2266,CU-SRC-0071,EVIDENCE_OF_TRIGGER,Circle
CU-ACT-2687,CU-SRC-0071,EVIDENCE_OF_TRIGGER,Circle
CU-ACT-0266,CU-SRC-0073,EVIDENCE_OF_TRIGGER,Circle
CU-ACT-0964,CU-SRC-0073,EVIDENCE_OF_TRIGGER,Circle
CU-ACT-1427,CU-SRC-0073,EVIDENCE_OF_TRIGGER,Circle
CU-ACT-1859,CU-SRC-0073,EVIDENCE_OF_TRIGGER,Circle
CU-ACT-2271,CU-SRC-0073,EVIDENCE_OF_TRIGGER,Circle
CU-ACT-2690,CU-SRC-0073,EVIDENCE_OF_TRIGGER,Circle
CU-ACT-0443,CU-SRC-0075,EVIDENCE_OF_TRIGGER,Circle
CU-ACT-1084,CU-SRC-0075,EVIDENCE_OF_TRIGGER,Circle
CU-ACT-1539,CU-SRC-0075,EVIDENCE_OF_TRIGGER,Circle
CU-ACT-1969,CU-SRC-0075,EVIDENCE_OF_TRIGGER,Circle
CU-ACT-2383,CU-SRC-0075,EVIDENCE_OF_TRIGGER,Circle
CU-ACT-2800,CU-SRC-0075,EVIDENCE_OF_TRIGGER,Circle
CU-ACT-0488,CU-SRC-0076,EVIDENCE_OF_TRIGGER,Circle
CU-ACT-0489,CU-SRC-0076,EVIDENCE_OF_TRIGGER,Circle
CU-ACT-1116,CU-SRC-0076,EVIDENCE_OF_TRIGGER,Circle
CU-ACT-1567,CU-SRC-0076,EVIDENCE_OF_TRIGGER,Circle
CU-ACT-1997,CU-SRC-0076,EVIDENCE_OF_TRIGGER,Circle
CU-ACT-2417,CU-SRC-0076,EVIDENCE_OF_TRIGGER,Circle
CU-ACT-2828,CU-SRC-0076,EVIDENCE_OF_TRIGGER,Circle
CU-ACT-3000,CU-SRC-0077,EVIDENCE_OF_TRIGGER,Circle
CU-ACT-3000,CU-SRC-0079,EVIDENCE_OF_ACTION,Circle
CU-ACT-3000,CU-SRC-0078,CONTEXT,Circle
CU-ACT-3001,CU-SRC-0077,EVIDENCE_OF_TRIGGER,Circle
CU-ACT-3001,CU-SRC-0080,EVIDENCE_OF_ACTION,Circle
