action_id,action_date,mechanism_type,target_identifier,target_type,target_category,target_entity_id,beneficiary_entity_id,status,reversal_action_id,amount_affected_usd,incident_id,request_id,trigger_id,policy_id,implementation_id,disclosure_date,discovery_source,confidence,notes_path,issuer
CU-ACT-0001,2020-06-16,BLACKLIST,0xaa05f7c7eb9af63d6cc03c36c4f4ef6c37431ee0,ADDRESS,stolen_funds,CU-ENT-0038,,ACTIVE,,100000.0,,,CU-TRG-0038,,CU-IMP-0001,2020-07-08,ONCHAIN_SCAN,HIGH,notes/CU-ACT-0001.md,Circle
CU-ACT-0002,2021-04-21,BLACKLIST,0x7f367cc41522ce07553e823bf3be79a889debe1b,ADDRESS,sanctioned_entity,CU-ENT-0001,,ACTIVE,,,,,CU-TRG-0001,,CU-IMP-0002,,ONCHAIN_SCAN,HIGH,,Circle
CU-ACT-0003,2021-04-21,BLACKLIST,0x1da5821544e25c636c1417ba96ade4cf6d2f9b5a,ADDRESS,sanctioned_entity,CU-ENT-0002,,ACTIVE,,,,,CU-TRG-0002,,CU-IMP-0003,,ONCHAIN_SCAN,HIGH,,Circle
CU-ACT-0004,2021-04-21,BLACKLIST,0x7f19720a857f834887fc9a7bc0a0fbe7fc7f8102,ADDRESS,sanctioned_entity,CU-ENT-0002,,ACTIVE,,,,,CU-TRG-0002,,CU-IMP-0004,,ONCHAIN_SCAN,HIGH,,Circle
CU-ACT-0005,2021-04-21,BLACKLIST,0xd882cfc20f52f2599d84b8e8d58c7fb62cfe344b,ADDRESS,sanctioned_entity,CU-ENT-0003,,ACTIVE,,,,,CU-TRG-0003,,CU-IMP-0005,,ONCHAIN_SCAN,HIGH,,Circle
CU-ACT-0006,2021-04-21,BLACKLIST,0x72a5843cc08275c8171e582972aa4fda8c397b2a,ADDRESS,sanctioned_entity,CU-ENT-0002,,ACTIVE,,,,,CU-TRG-0002,,CU-IMP-0006,,ONCHAIN_SCAN,HIGH,,Circle
CU-ACT-0007,2021-04-21,BLACKLIST,0x7db418b5d567a4e0e8c59ad71be1fce48f3e6107,ADDRESS,sanctioned_entity,CU-ENT-0002,,ACTIVE,,,,,CU-TRG-0002,,CU-IMP-0007,,ONCHAIN_SCAN,HIGH,,Circle
CU-ACT-0008,2021-04-21,BLACKLIST,0x9f4cda013e354b8fc285bf4b9a60460cee7f7ea9,ADDRESS,sanctioned_entity,CU-ENT-0004,,ACTIVE,,,,,CU-TRG-0004,,CU-IMP-0008,,ONCHAIN_SCAN,HIGH,,Circle
CU-ACT-0009,2021-09-23,BLACKLIST,0x308ed4b7b49797e1a98d3818bff6fe5385410370,ADDRESS,sanctioned_entity,CU-ENT-0005,,ACTIVE,,,,,CU-TRG-0005,,CU-IMP-0009,,ONCHAIN_SCAN,HIGH,,Circle
CU-ACT-0010,2021-09-23,BLACKLIST,0xe7aa314c77f4233c18c6cc84384a9247c0cf367b,ADDRESS,sanctioned_entity,CU-ENT-0005,,ACTIVE,,,,,CU-TRG-0005,,CU-IMP-0010,,ONCHAIN_SCAN,HIGH,,Circle
CU-ACT-0011,2021-09-23,BLACKLIST,0x2f389ce8bd8ff92de3402ffce4691d17fc4f6535,ADDRESS,sanctioned_entity,CU-ENT-0005,,ACTIVE,,,,,CU-TRG-0005,,CU-IMP-0011,,ONCHAIN_SCAN,HIGH,,Circle
CU-ACT-0012,2021-09-23,BLACKLIST,0x19aa5fe80d33a56d56c78e82ea5e50e5d80b4dff,ADDRESS,sanctioned_entity,CU-ENT-0005,,ACTIVE,,,,,CU-TRG-0005,,CU-IMP-0012,,ONCHAIN_SCAN,HIGH,,Circle
CU-ACT-0013,2021-11-09,BLACKLIST,0x67d40ee1a85bf4a4bb7ffae16de985e8427b6b45,ADDRESS,sanctioned_entity,CU-ENT-0006,,ACTIVE,,,,,CU-TRG-0006,,CU-IMP-0013,,ONCHAIN_SCAN,HIGH,,Circle
CU-ACT-0014,2021-11-09,BLACKLIST,0xa7e5d5a720f06526557c513402f2e6b5fa20b008,ADDRESS,sanctioned_entity,CU-ENT-0007,,ACTIVE,,,,,CU-TRG-0007,,CU-IMP-0014,,ONCHAIN_SCAN,HIGH,,Circle
CU-ACT-0015,2021-11-09,BLACKLIST,0x6acdfba02d390b97ac2b2d42a63e85293bcc160e,ADDRESS,,,,REVERSED,CU-ACT-0218,,,,,,CU-IMP-0015,,ONCHAIN_SCAN,HIGH,,Circle
CU-ACT-0016,2021-11-09,BLACKLIST,0x3cbded43efdaf0fc77b9c55f6fc9988fcc9b757d,ADDRESS,sanctioned_entity,CU-ENT-0004,,ACTIVE,,,,,CU-TRG-0004,,CU-IMP-0016,,ONCHAIN_SCAN,HIGH,,Circle
CU-ACT-0017,2021-11-09,BLACKLIST,0x6f1ca141a28907f78ebaa64fb83a9088b02a8352,ADDRESS,sanctioned_entity,CU-ENT-0006,,ACTIVE,,,,,CU-TRG-0006,,CU-IMP-0017,,ONCHAIN_SCAN,HIGH,,Circle
CU-ACT-0018,2021-11-09,BLACKLIST,0xc455f7fd3e0e12afd51fba5c106909934d8a0e4a,ADDRESS,sanctioned_entity,CU-ENT-0006,,ACTIVE,,,,,CU-TRG-0006,,CU-IMP-0018,,ONCHAIN_SCAN,HIGH,,Circle
CU-ACT-0019,2021-11-09,BLACKLIST,0x48549a34ae37b12f6a30566245176994e17c6b4a,ADDRESS,sanctioned_entity,CU-ENT-0006,,ACTIVE,,,,,CU-TRG-0006,,CU-IMP-0019,,ONCHAIN_SCAN,HIGH,,Circle
CU-ACT-0020,2021-11-09,BLACKLIST,0x5512d943ed1f7c8a43f3435c85f7ab68b30121b0,ADDRESS,sanctioned_entity,CU-ENT-0006,,ACTIVE,,,,,CU-TRG-0006,,CU-IMP-0020,,ONCHAIN_SCAN,HIGH,,Circle
CU-ACT-0021,2021-11-25,BLACKLIST,0x029c2c986222dca39843bf420a28646c25d55b6d,ADDRESS,,,,REVERSED,CU-ACT-0027,,,,,,CU-IMP-0021,,ONCHAIN_SCAN,HIGH,,Circle
CU-ACT-0022,2021-11-25,BLACKLIST,0xfae5a6d3bd9bd24a3ed2f2a8a6031c83976c19a2,ADDRESS,,,,ACTIVE,,,,,,,CU-IMP-0022,,ONCHAIN_SCAN,HIGH,,Circle
CU-ACT-0023,2021-11-25,BLACKLIST,0x35663b9a8e4563eefdf852018548b4947b20fce6,ADDRESS,,,,REVERSED,CU-ACT-0026,,,,,,CU-IMP-0023,,ONCHAIN_SCAN,HIGH,,Circle
CU-ACT-0024,2021-11-25,BLACKLIST,0x5eb95f30bd4409cfaadeba75cd8d9c2ce4ed992a,ADDRESS,,,,ACTIVE,,,,,,,CU-IMP-0024,,ONCHAIN_SCAN,HIGH,,Circle
CU-ACT-0025,2021-12-04,BLACKLIST,0x461270bd08dfa98edec980345fd56d578a2d8f49,ADDRESS,,,,ACTIVE,,,,,,,CU-IMP-0025,,ONCHAIN_SCAN,HIGH,,Circle
CU-ACT-0026,2021-12-23,UNBLACKLIST,0x35663b9a8e4563eefdf852018548b4947b20fce6,ADDRESS,,,,ACTIVE,,,,,,,CU-IMP-0026,,ONCHAIN_SCAN,HIGH,,Circle
CU-ACT-0027,2021-12-23,UNBLACKLIST,0x029c2c986222dca39843bf420a28646c25d55b6d,ADDRESS,,,,ACTIVE,,,,,,,CU-IMP-0027,,ONCHAIN_SCAN,HIGH,,Circle
CU-ACT-0028,2022-03-29,BLACKLIST,0xfec8a60023265364d066a1212fde3930f6ae8da7,ADDRESS,sanctioned_entity,CU-ENT-0008,,ACTIVE,,,,,CU-TRG-0008,,CU-IMP-0028,,ONCHAIN_SCAN,HIGH,,Circle
CU-ACT-0029,2022-03-29,BLACKLIST,0x8576acc5c05d6ce88f4e49bf65bdf0c62f91353c,ADDRESS,sanctioned_entity,CU-ENT-0009,,ACTIVE,,,,,CU-TRG-0009,,CU-IMP-0029,,ONCHAIN_SCAN,HIGH,,Circle
CU-ACT-0030,2022-03-29,BLACKLIST,0x901bb9583b24d97e995513c6778dc6888ab6870e,ADDRESS,sanctioned_entity,CU-ENT-0007,,ACTIVE,,,,,CU-TRG-0007,,CU-IMP-0030,,ONCHAIN_SCAN,HIGH,,Circle
CU-ACT-0031,2022-04-06,BLACKLIST,0x7ff9cfad3877f21d41da833e2f775db0569ee3d9,ADDRESS,sanctioned_entity,CU-ENT-0010,,ACTIVE,,,,,CU-TRG-0010,,CU-IMP-0031,,ONCHAIN_SCAN,HIGH,,Circle
CU-ACT-0032,2022-04-14,BLACKLIST,0x098b716b8aaf21512996dc57eb0615e2383e2f96,ADDRESS,sanctioned_entity,CU-ENT-0011,,ACTIVE,,,,,CU-TRG-0011,,CU-IMP-0032,,ONCHAIN_SCAN,HIGH,,Circle
CU-ACT-0033,2022-04-23,BLACKLIST,0xa0e1c89ef1a489c9c7de96311ed5ce5d32c20e4b,ADDRESS,sanctioned_entity,CU-ENT-0011,,ACTIVE,,,,,CU-TRG-0011,,CU-IMP-0033,,ONCHAIN_SCAN,HIGH,,Circle
CU-ACT-0034,2022-04-23,BLACKLIST,0x53b6936513e738f44fb50d2b9476730c0ab3bfc1,ADDRESS,sanctioned_entity,CU-ENT-0011,,ACTIVE,,,,,CU-TRG-0011,,CU-IMP-0034,,ONCHAIN_SCAN,HIGH,,Circle
CU-ACT-0035,2022-04-23,BLACKLIST,0xcce63fd31e9053c110c74cebc37c8e358a6aa5bd,ADDRESS,,,,ACTIVE,,,,,,,CU-IMP-0035,,ONCHAIN_SCAN,HIGH,,Circle
CU-ACT-0036,2022-04-23,BLACKLIST,0x3cffd56b47b7b41c56258d9c7731abadc360e073,ADDRESS,sanctioned_entity,CU-ENT-0011,,ACTIVE,,,,,CU-TRG-0011,,CU-IMP-0036,,ONCHAIN_SCAN,HIGH,,Circle
CU-ACT-0037,2022-05-06,BLACKLIST,0x35fb6f6db4fb05e6a4ce86f2c93691425626d4b1,ADDRESS,sanctioned_entity,CU-ENT-0011,,ACTIVE,,,,,CU-TRG-0011,,CU-IMP-0037,,ONCHAIN_SCAN,HIGH,,Circle
CU-ACT-0038,2022-05-06,BLACKLIST,0xf7b31119c2682c88d88d455dbb9d5932c65cf1be,ADDRESS,sanctioned_entity,CU-ENT-0011,,ACTIVE,,,,,CU-TRG-0011,,CU-IMP-0038,,ONCHAIN_SCAN,HIGH,,Circle
CU-ACT-0039,2022-05-06,BLACKLIST,0x3e37627deaa754090fbfbb8bd226c1ce66d255e9,ADDRESS,sanctioned_entity,CU-ENT-0011,,ACTIVE,,,,,CU-TRG-0011,,CU-IMP-0039,,ONCHAIN_SCAN,HIGH,,Circle
CU-ACT-0040,2022-05-06,BLACKLIST,0x08723392ed15743cc38513c4925f5e6be5c17243,ADDRESS,sanctioned_entity,CU-ENT-0011,,ACTIVE,,,,,CU-TRG-0011,,CU-IMP-0040,,ONCHAIN_SCAN,HIGH,,Circle
CU-ACT-0041,2022-06-02,BLACKLIST,0x29875bd49350ac3f2ca5ceeb1c1701708c795ff3,ADDRESS,,,,REVERSED,CU-ACT-0155,,,,,,CU-IMP-0041,,ONCHAIN_SCAN,HIGH,,Circle
CU-ACT-0042,2022-07-12,BLACKLIST,0x06caa9a5fd7e3dc3b3157973455cbe9b9c2b14d2,ADDRESS,,,,ACTIVE,,,,,,,CU-IMP-0042,,ONCHAIN_SCAN,HIGH,,Circle
CU-ACT-0043,2022-07-12,BLACKLIST,0xbfd88175e4ae6f7f2ee4b01bf96cf48d2bcb4196,ADDRESS,,,,ACTIVE,,,,,,,CU-IMP-0043,,ONCHAIN_SCAN,HIGH,,Circle
CU-ACT-0044,2022-07-12,BLACKLIST,0x2d66370666d7b9315e6e7fdb47f41ad722279833,ADDRESS,,,,ACTIVE,,,,,,,CU-IMP-0044,,ONCHAIN_SCAN,HIGH,,Circle
CU-ACT-0045,2022-07-12,BLACKLIST,0x9ff43bd969e8dbc383d1aca50584c14266f3d876,ADDRESS,,,,ACTIVE,,,,,,,CU-IMP-0045,,ONCHAIN_SCAN,HIGH,,Circle
CU-ACT-0046,2022-08-08,BLACKLIST,0xf60dd140cff0706bae9cd734ac3ae76ad9ebc32a,ADDRESS,tornado_cash_associated,,,REVERSED,CU-ACT-0297,,CU-INC-0001,,CU-TRG-0039,,CU-IMP-0046,,ONCHAIN_SCAN,HIGH,,Circle
CU-ACT-0047,2022-08-08,BLACKLIST,0xba214c1c1928a32bffe790263e38b4af9bfcd659,ADDRESS,tornado_cash_associated,,,REVERSED,CU-ACT-0299,,CU-INC-0001,,CU-TRG-0039,,CU-IMP-0047,,ONCHAIN_SCAN,HIGH,,Circle
CU-ACT-0048,2022-08-08,BLACKLIST,0xb1c8094b234dce6e03f10a5b673c1d8c69739a00,ADDRESS,tornado_cash_associated,,,REVERSED,CU-ACT-0300,,CU-INC-0001,,CU-TRG-0039,,CU-IMP-0048,,ONCHAIN_SCAN,HIGH,,Circle
CU-ACT-0049,2022-08-08,BLACKLIST,0x22aaa7720ddd5388a3c0a3333430953c68f1849b,ADDRESS,tornado_cash_associated,,,REVERSED,CU-ACT-0298,,CU-INC-0001,,CU-TRG-0039,,CU-IMP-0049,,ONCHAIN_SCAN,HIGH,,Circle
CU-ACT-0050,2022-08-08,BLACKLIST,0x722122df12d4e14e13ac3b6895a86e84145b6967,ADDRESS,tornado_cash_associated,,,REVERSED,CU-ACT-0288,,CU-INC-0001,,CU-TRG-0039,,CU-IMP-0050,,ONCHAIN_SCAN,HIGH,,Circle
CU-ACT-0051,2022-08-08,BLACKLIST,0xd90e2f925da726b50c4ed8d0fb90ad053324f31b,ADDRESS,tornado_cash_associated,,,REVERSED,CU-ACT-0290,,CU-INC-0001,,CU-TRG-0039,,CU-IMP-0051,,ONCHAIN_SCAN,HIGH,,Circle
CU-ACT-0052,2022-08-08,BLACKLIST,0x527653ea119f3e6a1f5bd18fbf4714081d7b31ce,ADDRESS,tornado_cash_associated,,,REVERSED,CU-ACT-0301,,CU-INC-0001,,CU-TRG-0039,,CU-IMP-0052,,ONCHAIN_SCAN,HIGH,,Circle
CU-ACT-0053,2022-08-08,BLACKLIST,0xfd8610d20aa15b7b2e3be39b396a1bc3516c7144,ADDRESS,tornado_cash_associated,,,REVERSED,CU-ACT-0296,,CU-INC-0001,,CU-TRG-0039,,CU-IMP-0053,,ONCHAIN_SCAN,HIGH,,Circle
CU-ACT-0054,2022-08-08,BLACKLIST,0x8589427373d6d84e98730d7795d8f6f8731fda16,ADDRESS,tornado_cash_associated,,,REVERSED,CU-ACT-0287,,CU-INC-0001,,CU-TRG-0039,,CU-IMP-0054,,ONCHAIN_SCAN,HIGH,,Circle
CU-ACT-0055,2022-08-08,BLACKLIST,0xd4b88df4d29f5cedd6857912842cff3b20c8cfa3,ADDRESS,tornado_cash_associated,,,REVERSED,CU-ACT-0293,,CU-INC-0001,,CU-TRG-0039,,CU-IMP-0055,,ONCHAIN_SCAN,HIGH,,Circle
CU-ACT-0056,2022-08-08,BLACKLIST,0x4736dcf1b7a3d580672cce6e7c65cd5cc9cfba9d,ADDRESS,tornado_cash_associated,,,REVERSED,CU-ACT-0292,,CU-INC-0001,,CU-TRG-0039,,CU-IMP-0056,,ONCHAIN_SCAN,HIGH,,Circle
CU-ACT-0057,2022-08-08,BLACKLIST,0xd96f2b1c14db8458374d9aca76e26c3d18364307,ADDRESS,tornado_cash_associated,,,REVERSED,CU-ACT-0291,,CU-INC-0001,,CU-TRG-0039,,CU-IMP-0057,,ONCHAIN_SCAN,HIGH,,Circle
CU-ACT-0058,2022-08-08,BLACKLIST,0x910cbd523d972eb0a6f4cae4618ad62622b39dbf,ADDRESS,tornado_cash_associated,,,REVERSED,CU-ACT-0294,,CU-INC-0001,,CU-TRG-0039,,CU-IMP-0058,,ONCHAIN_SCAN,HIGH,,Circle
CU-ACT-0059,2022-08-08,BLACKLIST,0xdd4c48c0b24039969fc16d1cdf626eab821d3384,ADDRESS,tornado_cash_associated,,,REVERSED,CU-ACT-0289,,CU-INC-0001,,CU-TRG-0039,,CU-IMP-0059,,ONCHAIN_SCAN,HIGH,,Circle
CU-ACT-0060,2022-08-08,BLACKLIST,0xa160cdab225685da1d56aa342ad8841c3b53f291,ADDRESS,tornado_cash_associated,,,REVERSED,CU-ACT-0295,,CU-INC-0001,,CU-TRG-0039,,CU-IMP-0060,,ONCHAIN_SCAN,HIGH,,Circle
CU-ACT-0061,2022-08-08,BLACKLIST,0xb541fc07bc7619fd4062a54d96268525cbc6ffef,ADDRESS,tornado_cash_associated,,,REVERSED,CU-ACT-0313,,CU-INC-0001,,CU-TRG-0039,,CU-IMP-0061,,ONCHAIN_SCAN,HIGH,,Circle
CU-ACT-0062,2022-08-08,BLACKLIST,0x94a1b5cdb22c43faab4abeb5c74999895464ddaf,ADDRESS,tornado_cash_associated,,,REVERSED,CU-ACT-0312,,CU-INC-0001,,CU-TRG-0039,,CU-IMP-0062,,ONCHAIN_SCAN,HIGH,,Circle
CU-ACT-0063,2022-08-08,BLACKLIST,0x07687e702b410fa43f4cb4af7fa097918ffd2730,ADDRESS,tornado_cash_associated,,,REVERSED,CU-ACT-0311,,CU-INC-0001,,CU-TRG-0039,,CU-IMP-0063,,ONCHAIN_SCAN,HIGH,,Circle
CU-ACT-0064,2022-08-08,BLACKLIST,0x47ce0c6ed5b0ce3d3a51fdb1c52dc66a7c3c2936,ADDRESS,tornado_cash_associated,,,REVERSED,CU-ACT-0315,,CU-INC-0001,,CU-TRG-0039,,CU-IMP-0064,,ONCHAIN_SCAN,HIGH,,Circle
CU-ACT-0065,2022-08-08,BLACKLIST,0x9ad122c22b14202b4490edaf288fdb3c7cb3ff5e,ADDRESS,tornado_cash_associated,,,REVERSED,CU-ACT-0310,,CU-INC-0001,,CU-TRG-0039,,CU-IMP-0065,,ONCHAIN_SCAN,HIGH,,Circle
CU-ACT-0066,2022-08-08,BLACKLIST,0xd691f27f38b395864ea86cfc7253969b409c362d,ADDRESS,tornado_cash_associated,,,REVERSED,CU-ACT-0303,,CU-INC-0001,,CU-TRG-0039,,CU-IMP-0066,,ONCHAIN_SCAN,HIGH,,Circle
CU-ACT-0067,2022-08-08,BLACKLIST,0x0836222f2b2b24a3f36f98668ed8f0b38d1a872f,ADDRESS,tornado_cash_associated,,,REVERSED,CU-ACT-0308,,CU-INC-0001,,CU-TRG-0039,,CU-IMP-0067,,ONCHAIN_SCAN,HIGH,,Circle
CU-ACT-0068,2022-08-08,BLACKLIST,0x169ad27a470d064dede56a2d3ff727986b15d52b,ADDRESS,tornado_cash_associated,,,REVERSED,CU-ACT-0307,,CU-INC-0001,,CU-TRG-0039,,CU-IMP-0068,,ONCHAIN_SCAN,HIGH,,Circle
CU-ACT-0069,2022-08-08,BLACKLIST,0x12d66f87a04a9e220743712ce6d9bb1b5616b8fc,ADDRESS,tornado_cash_associated,,,REVERSED,CU-ACT-0314,,CU-INC-0001,,CU-TRG-0039,,CU-IMP-0069,,ONCHAIN_SCAN,HIGH,,Circle
CU-ACT-0070,2022-08-08,BLACKLIST,0x1356c899d8c9467c7f71c195612f8a395abf2f0a,ADDRESS,tornado_cash_associated,,,REVERSED,CU-ACT-0305,,CU-INC-0001,,CU-TRG-0039,,CU-IMP-0070,,ONCHAIN_SCAN,HIGH,,Circle
CU-ACT-0071,2022-08-08,BLACKLIST,0xf67721a2d8f736e75a49fdd7fad2e31d8676542a,ADDRESS,tornado_cash_associated,,,REVERSED,CU-ACT-0309,,CU-INC-0001,,CU-TRG-0039,,CU-IMP-0071,,ONCHAIN_SCAN,HIGH,,Circle
CU-ACT-0072,2022-08-08,BLACKLIST,0x58e8dcc13be9780fc42e8723d8ead4cf46943df2,ADDRESS,tornado_cash_associated,,,REVERSED,CU-ACT-0302,,CU-INC-0001,,CU-TRG-0039,,CU-IMP-0072,,ONCHAIN_SCAN,HIGH,,Circle
CU-ACT-0073,2022-08-08,BLACKLIST,0xaeaac358560e11f52454d997aaff2c5731b6f8a6,ADDRESS,tornado_cash_associated,,,REVERSED,CU-ACT-0304,,CU-INC-0001,,CU-TRG-0039,,CU-IMP-0073,,ONCHAIN_SCAN,HIGH,,Circle
CU-ACT-0074,2022-08-08,BLACKLIST,0xa60c772958a3ed56c1f15dd055ba37ac8e523a0d,ADDRESS,tornado_cash_associated,,,REVERSED,CU-ACT-0306,,CU-INC-0001,,CU-TRG-0039,,CU-IMP-0074,,ONCHAIN_SCAN,HIGH,,Circle
CU-ACT-0075,2022-08-08,BLACKLIST,0x23773e65ed146a459791799d01336db287f25334,ADDRESS,tornado_cash_associated,,,REVERSED,CU-ACT-0316,,CU-INC-0001,,CU-TRG-0039,,CU-IMP-0075,,ONCHAIN_SCAN,HIGH,,Circle
CU-ACT-0076,2022-08-08,BLACKLIST,0xd21be7248e0197ee08e0c20d4a96debdac3d20af,ADDRESS,tornado_cash_associated,,,REVERSED,CU-ACT-0317,,CU-INC-0001,,CU-TRG-0039,,CU-IMP-0076,,ONCHAIN_SCAN,HIGH,,Circle
CU-ACT-0077,2022-08-08,BLACKLIST,0x610b717796ad172b316836ac95a2ffad065ceab4,ADDRESS,tornado_cash_associated,,,REVERSED,CU-ACT-0318,,CU-INC-0001,,CU-TRG-0039,,CU-IMP-0077,,ONCHAIN_SCAN,HIGH,,Circle
CU-ACT-0078,2022-08-08,BLACKLIST,0x03893a7c7463ae47d46bc7f091665f1893656003,ADDRESS,tornado_cash_associated,,,REVERSED,CU-ACT-0322,,CU-INC-0001,,CU-TRG-0039,,CU-IMP-0078,,ONCHAIN_SCAN,HIGH,,Circle
CU-ACT-0079,2022-08-08,BLACKLIST,0x178169b423a011fff22b9e3f3abea13414ddd0f1,ADDRESS,tornado_cash_associated,,,REVERSED,CU-ACT-0319,,CU-INC-0001,,CU-TRG-0039,,CU-IMP-0079,,ONCHAIN_SCAN,HIGH,,Circle
CU-ACT-0080,2022-08-08,BLACKLIST,0x2717c5e28cf931547b621a5dddb772ab6a35b701,ADDRESS,tornado_cash_associated,,,REVERSED,CU-ACT-0321,,CU-INC-0001,,CU-TRG-0039,,CU-IMP-0080,,ONCHAIN_SCAN,HIGH,,Circle
CU-ACT-0081,2022-08-08,BLACKLIST,0xbb93e510bbcd0b7beb5a853875f9ec60275cf498,ADDRESS,tornado_cash_associated,,,REVERSED,CU-ACT-0320,,CU-INC-0001,,CU-TRG-0039,,CU-IMP-0081,,ONCHAIN_SCAN,HIGH,,Circle
CU-ACT-0082,2022-08-08,BLACKLIST,0x905b63fff465b9ffbf41dea908ceb12478ec7601,ADDRESS,tornado_cash_associated,,,REVERSED,CU-ACT-0141,,CU-INC-0001,,CU-TRG-0039,,CU-IMP-0082,,ONCHAIN_SCAN,HIGH,,Circle
CU-ACT-0083,2022-08-08,BLACKLIST,0xca0840578f57fe71599d29375e16783424023357,ADDRESS,tornado_cash_associated,,,REVERSED,CU-ACT-0323,,CU-INC-0001,,CU-TRG-0039,,CU-IMP-0083,,ONCHAIN_SCAN,HIGH,,Circle
CU-ACT-0084,2022-08-12,BLACKLIST,0xd93a9c5c4d399dc5f67b67cdb30d16a7bb574915,ADDRESS,,,,ACTIVE,,,,,,,CU-IMP-0084,,ONCHAIN_SCAN,HIGH,,Circle
CU-ACT-0085,2022-09-15,BLACKLIST,0xc2a3829f459b3edd87791c74cd45402ba0a20be3,ADDRESS,sanctioned_entity,CU-ENT-0012,,ACTIVE,,,,,CU-TRG-0012,,CU-IMP-0085,,ONCHAIN_SCAN,HIGH,,Circle
CU-ACT-0086,2022-09-15,BLACKLIST,0x3ad9db589d201a710ed237c829c7860ba86510fc,ADDRESS,sanctioned_entity,CU-ENT-0012,,ACTIVE,,,,,CU-TRG-0012,,CU-IMP-0086,,ONCHAIN_SCAN,HIGH,,Circle
CU-ACT-0087,2022-09-15,BLACKLIST,0xe7800b61479695ec74e4b219f409f67bd1055a27,ADDRESS,SANCTIONED_ENTITY,CU-ENT-0012,,ACTIVE,,,,,CU-TRG-0012,,CU-IMP-0087,2022-09-15,ONCHAIN_SCAN,HIGH,,Circle
CU-ACT-0088,2022-09-30,BLACKLIST,0x815f335f976301f496167bfef237f0622f92ac38,ADDRESS,,,,ACTIVE,,,,,,,CU-IMP-0088,,ONCHAIN_SCAN,HIGH,,Circle
CU-ACT-0089,2022-09-30,BLACKLIST,0x81c4d8816b29147c542dde87485608204690acf2,ADDRESS,,,,ACTIVE,,,,,,,CU-IMP-0089,,ONCHAIN_SCAN,HIGH,,Circle
CU-ACT-0090,2022-10-07,BLACKLIST,0x489a8756c18c0b8b24ec2a2b9ff3d4d447f79bec,ADDRESS,,,,ACTIVE,,,,,,,CU-IMP-0090,,ONCHAIN_SCAN,HIGH,,Circle
CU-ACT-0091,2022-11-10,BLACKLIST,0x330bdfade01ee9bf63c209ee33102dd334618e0a,ADDRESS,SANCTIONED_ENTITY,CU-ENT-0049,,REVERSED,CU-ACT-0353,,,,CU-TRG-0043,,CU-IMP-0091,2022-11-09,ONCHAIN_SCAN,HIGH,,Circle
CU-ACT-0092,2022-11-10,BLACKLIST,0xd47438c816c9e7f2e2888e060936a499af9582b3,ADDRESS,SANCTIONED_ENTITY,CU-ENT-0049,,REVERSED,CU-ACT-0371,,,,CU-TRG-0043,,CU-IMP-0092,2022-11-09,ONCHAIN_SCAN,HIGH,,Circle
CU-ACT-0093,2022-11-10,BLACKLIST,0x84443cfd09a48af6ef360c6976c5392ac5023a1f,ADDRESS,SANCTIONED_ENTITY,CU-ENT-0049,,REVERSED,CU-ACT-0365,,,,CU-TRG-0043,,CU-IMP-0093,2022-11-09,ONCHAIN_SCAN,HIGH,,Circle
CU-ACT-0094,2022-11-10,BLACKLIST,0x5cab7692d4e94096462119ab7bf57319726eed2a,ADDRESS,SANCTIONED_ENTITY,CU-ENT-0049,,REVERSED,CU-ACT-0332,,,,CU-TRG-0043,,CU-IMP-0094,2022-11-09,ONCHAIN_SCAN,HIGH,,Circle
CU-ACT-0095,2022-11-10,BLACKLIST,0x756c4628e57f7e7f8a459ec2752968360cf4d1aa,ADDRESS,SANCTIONED_ENTITY,CU-ENT-0049,,REVERSED,CU-ACT-0337,,,,CU-TRG-0043,,CU-IMP-0095,2022-11-09,ONCHAIN_SCAN,HIGH,,Circle
CU-ACT-0096,2022-11-10,BLACKLIST,0xd82ed8786d7c69dc7e052f7a542ab047971e73d2,ADDRESS,SANCTIONED_ENTITY,CU-ENT-0049,,REVERSED,CU-ACT-0344,,,,CU-TRG-0043,,CU-IMP-0096,2022-11-09,ONCHAIN_SCAN,HIGH,,Circle
CU-ACT-0097,2022-11-10,BLACKLIST,0x88fd245fedec4a936e700f9173454d1931b4c307,ADDRESS,SANCTIONED_ENTITY,CU-ENT-0049,,REVERSED,CU-ACT-0339,,,,CU-TRG-0043,,CU-IMP-0097,2022-11-09,ONCHAIN_SCAN,HIGH,,Circle
CU-ACT-0098,2022-11-10,BLACKLIST,0x653477c392c16b0765603074f157314cc4f40c32,ADDRESS,SANCTIONED_ENTITY,CU-ENT-0049,,REVERSED,CU-ACT-0335,,,,CU-TRG-0043,,CU-IMP-0098,2022-11-09,ONCHAIN_SCAN,HIGH,,Circle
CU-ACT-0099,2022-11-10,BLACKLIST,0x09193888b3f38c82dedfda55259a82c0e7de875e,ADDRESS,SANCTIONED_ENTITY,CU-ENT-0049,,REVERSED,CU-ACT-0325,,,,CU-TRG-0043,,CU-IMP-0099,2022-11-09,ONCHAIN_SCAN,HIGH,,Circle
CU-ACT-0100,2022-11-10,BLACKLIST,0xb20c66c4de72433f3ce747b58b86830c459ca911,ADDRESS,SANCTIONED_ENTITY,CU-ENT-0049,,REVERSED,CU-ACT-0342,,,,CU-TRG-0043,,CU-IMP-0100,2022-11-09,ONCHAIN_SCAN,HIGH,,Circle
CU-ACT-0101,2022-11-10,BLACKLIST,0x26903a5a198d571422b2b4ea08b56a37cbd68c89,ADDRESS,SANCTIONED_ENTITY,CU-ENT-0049,,REVERSED,CU-ACT-0328,,,,CU-TRG-0043,,CU-IMP-0101,2022-11-09,ONCHAIN_SCAN,HIGH,,Circle
CU-ACT-0102,2022-11-10,BLACKLIST,0x2573bac39ebe2901b4389cd468f2872cf7767faf,ADDRESS,SANCTIONED_ENTITY,CU-ENT-0049,,REVERSED,CU-ACT-0327,,,,CU-TRG-0043,,CU-IMP-0102,2022-11-09,ONCHAIN_SCAN,HIGH,,Circle
CU-ACT-0103,2022-11-10,BLACKLIST,0x5f6c97c6ad7bdd0ae7e0dd4ca33a4ed3fdabd4d7,ADDRESS,SANCTIONED_ENTITY,CU-ENT-0049,,REVERSED,CU-ACT-0334,,,,CU-TRG-0043,,CU-IMP-0103,2022-11-09,ONCHAIN_SCAN,HIGH,,Circle
CU-ACT-0104,2022-11-10,BLACKLIST,0x2fc93484614a34f26f7970cbb94615ba109bb4bf,ADDRESS,SANCTIONED_ENTITY,CU-ENT-0049,,REVERSED,CU-ACT-0330,,,,CU-TRG-0043,,CU-IMP-0104,2022-11-09,ONCHAIN_SCAN,HIGH,,Circle
CU-ACT-0105,2022-11-10,BLACKLIST,0xf4b067dd14e95bab89be928c07cb22e3c94e0daa,ADDRESS,SANCTIONED_ENTITY,CU-ENT-0049,,REVERSED,CU-ACT-0345,,,,CU-TRG-0043,,CU-IMP-0105,2022-11-09,ONCHAIN_SCAN,HIGH,,Circle
CU-ACT-0106,2022-11-10,BLACKLIST,0x01e2919679362dfbc9ee1644ba9c6da6d6245bb1,ADDRESS,SANCTIONED_ENTITY,CU-ENT-0049,,REVERSED,CU-ACT-0324,,,,CU-TRG-0043,,CU-IMP-0106,2022-11-09,ONCHAIN_SCAN,HIGH,,Circle
CU-ACT-0107,2022-11-10,BLACKLIST,0x746aebc06d2ae31b71ac51429a19d54e797878e9,ADDRESS,SANCTIONED_ENTITY,CU-ENT-0049,,REVERSED,CU-ACT-0336,,,,CU-TRG-0043,,CU-IMP-0107,2022-11-09,ONCHAIN_SCAN,HIGH,,Circle
CU-ACT-0108,2022-11-10,BLACKLIST,0x3efa30704d2b8bbac821307230376556cf8cc39e,ADDRESS,SANCTIONED_ENTITY,CU-ENT-0049,,REVERSED,CU-ACT-0331,,,,CU-TRG-0043,,CU-IMP-0108,2022-11-09,ONCHAIN_SCAN,HIGH,,Circle
CU-ACT-0109,2022-11-10,BLACKLIST,0x77777feddddffc19ff86db637967013e6c6a116c,ADDRESS,SANCTIONED_ENTITY,CU-ENT-0049,,REVERSED,CU-ACT-0338,,,,CU-TRG-0043,,CU-IMP-0109,2022-11-09,ONCHAIN_SCAN,HIGH,,Circle
CU-ACT-0110,2022-11-10,BLACKLIST,0xffbac21a641dcfe4552920138d90f3638b3c9fba,ADDRESS,SANCTIONED_ENTITY,CU-ENT-0049,,REVERSED,CU-ACT-0346,,,,CU-TRG-0043,,CU-IMP-0110,2022-11-09,ONCHAIN_SCAN,HIGH,,Circle
CU-ACT-0111,2022-11-10,BLACKLIST,0xb04e030140b30c27bcdfaafffa98c57d80eda7b4,ADDRESS,SANCTIONED_ENTITY,CU-ENT-0049,,REVERSED,CU-ACT-0341,,,,CU-TRG-0043,,CU-IMP-0111,2022-11-09,ONCHAIN_SCAN,HIGH,,Circle
CU-ACT-0112,2022-11-10,BLACKLIST,0x2f50508a8a3d323b91336fa3ea6ae50e55f32185,ADDRESS,SANCTIONED_ENTITY,CU-ENT-0049,,REVERSED,CU-ACT-0329,,,,CU-TRG-0043,,CU-IMP-0112,2022-11-09,ONCHAIN_SCAN,HIGH,,Circle
CU-ACT-0113,2022-11-10,BLACKLIST,0xcee71753c9820f063b38fdbe4cfdaf1d3d928a80,ADDRESS,SANCTIONED_ENTITY,CU-ENT-0049,,REVERSED,CU-ACT-0343,,,,CU-TRG-0043,,CU-IMP-0113,2022-11-09,ONCHAIN_SCAN,HIGH,,Circle
CU-ACT-0114,2022-11-10,BLACKLIST,0x743494b60097a2230018079c02fe21a7b687eaa5,ADDRESS,SANCTIONED_ENTITY,CU-ENT-0049,,REVERSED,CU-ACT-0360,,,,CU-TRG-0043,,CU-IMP-0114,2022-11-09,ONCHAIN_SCAN,HIGH,,Circle
CU-ACT-0115,2022-11-10,BLACKLIST,0x94c92f096437ab9958fc0a37f09348f30389ae79,ADDRESS,SANCTIONED_ENTITY,CU-ENT-0049,,REVERSED,CU-ACT-0340,,,,CU-TRG-0043,,CU-IMP-0115,2022-11-09,ONCHAIN_SCAN,HIGH,,Circle
CU-ACT-0116,2022-11-10,BLACKLIST,0x5efda50f22d34f262c29268506c5fa42cb56a1ce,ADDRESS,SANCTIONED_ENTITY,CU-ENT-0049,,REVERSED,CU-ACT-0333,,,,CU-TRG-0043,,CU-IMP-0116,2022-11-09,ONCHAIN_SCAN,HIGH,,Circle
CU-ACT-0117,2022-11-10,BLACKLIST,0x179f48c78f57a3a78f0608cc9197b8972921d1d2,ADDRESS,SANCTIONED_ENTITY,CU-ENT-0049,,REVERSED,CU-ACT-0326,,,,CU-TRG-0043,,CU-IMP-0117,2022-11-09,ONCHAIN_SCAN,HIGH,,Circle
CU-ACT-0118,2022-11-10,BLACKLIST,0xdf3a408c53e5078af6e8fb2a85088d46ee09a61b,ADDRESS,SANCTIONED_ENTITY,CU-ENT-0049,,REVERSED,CU-ACT-0349,,,,CU-TRG-0043,,CU-IMP-0118,2022-11-09,ONCHAIN_SCAN,HIGH,,Circle
CU-ACT-0119,2022-11-10,BLACKLIST,0x776198ccf446dfa168347089d7338879273172cf,ADDRESS,SANCTIONED_ENTITY,CU-ENT-0049,,REVERSED,CU-ACT-0362,,,,CU-TRG-0043,,CU-IMP-0119,2022-11-09,ONCHAIN_SCAN,HIGH,,Circle
CU-ACT-0120,2022-11-10,BLACKLIST,0xedc5d01286f99a066559f60a585406f3878a033e,ADDRESS,SANCTIONED_ENTITY,CU-ENT-0049,,REVERSED,CU-ACT-0374,,,,CU-TRG-0043,,CU-IMP-0120,2022-11-09,ONCHAIN_SCAN,HIGH,,Circle
CU-ACT-0121,2022-11-10,BLACKLIST,0x94be88213a387e992dd87de56950a9aef34b9448,ADDRESS,SANCTIONED_ENTITY,CU-ENT-0049,,REVERSED,CU-ACT-0366,,,,CU-TRG-0043,,CU-IMP-0121,2022-11-09,ONCHAIN_SCAN,HIGH,,Circle
CU-ACT-0122,2022-11-10,BLACKLIST,0x242654336ca2205714071898f67e254eb49acdce,ADDRESS,SANCTIONED_ENTITY,CU-ENT-0049,,REVERSED,CU-ACT-0352,,,,CU-TRG-0043,,CU-IMP-0122,2022-11-09,ONCHAIN_SCAN,HIGH,,Circle
CU-ACT-0123,2022-11-10,BLACKLIST,0xd692fd2d0b2fbd2e52cfa5b5b9424bc981c30696,ADDRESS,SANCTIONED_ENTITY,CU-ENT-0049,,REVERSED,CU-ACT-0347,,,,CU-TRG-0043,,CU-IMP-0123,2022-11-09,ONCHAIN_SCAN,HIGH,,Circle
CU-ACT-0124,2022-11-10,BLACKLIST,0x05e0b5b40b7b66098c2161a5ee11c5740a3a7c45,ADDRESS,SANCTIONED_ENTITY,CU-ENT-0049,,REVERSED,CU-ACT-0376,,,,CU-TRG-0043,,CU-IMP-0124,2022-11-09,ONCHAIN_SCAN,HIGH,,Circle
CU-ACT-0125,2022-11-10,BLACKLIST,0x538ab61e8a9fc1b2f93b3dd9011d662d89be6fe6,ADDRESS,SANCTIONED_ENTITY,CU-ENT-0049,,REVERSED,CU-ACT-0356,,,,CU-TRG-0043,,CU-IMP-0125,2022-11-09,ONCHAIN_SCAN,HIGH,,Circle
CU-ACT-0126,2022-11-10,BLACKLIST,0x23173fe8b96a4ad8d2e17fb83ea5dcccdca1ae52,ADDRESS,SANCTIONED_ENTITY,CU-ENT-0049,,REVERSED,CU-ACT-0351,,,,CU-TRG-0043,,CU-IMP-0126,2022-11-09,ONCHAIN_SCAN,HIGH,,Circle
CU-ACT-0127,2022-11-10,BLACKLIST,0xd8d7de3349ccaa0fde6298fe6d7b7d0d34586193,ADDRESS,SANCTIONED_ENTITY,CU-ENT-0049,,REVERSED,CU-ACT-0348,,,,CU-TRG-0043,,CU-IMP-0127,2022-11-09,ONCHAIN_SCAN,HIGH,,Circle
CU-ACT-0128,2022-11-10,BLACKLIST,0x57b2b8c82f065de8ef5573f9730fc1449b403c9f,ADDRESS,SANCTIONED_ENTITY,CU-ENT-0049,,REVERSED,CU-ACT-0357,,,,CU-TRG-0043,,CU-IMP-0128,2022-11-09,ONCHAIN_SCAN,HIGH,,Circle
CU-ACT-0129,2022-11-10,BLACKLIST,0x407cceeaa7c95d2fe2250bf9f2c105aa7aafb512,ADDRESS,SANCTIONED_ENTITY,CU-ENT-0049,,REVERSED,CU-ACT-0355,,,,CU-TRG-0043,,CU-IMP-0129,2022-11-09,ONCHAIN_SCAN,HIGH,,Circle
CU-ACT-0130,2022-11-10,BLACKLIST,0x833481186f16cece3f1eeea1a694c42034c3a0db,ADDRESS,SANCTIONED_ENTITY,CU-ENT-0049,,REVERSED,CU-ACT-0364,,,,CU-TRG-0043,,CU-IMP-0130,2022-11-09,ONCHAIN_SCAN,HIGH,,Circle
CU-ACT-0131,2022-11-10,BLACKLIST,0x8281aa6795ade17c8973e1aedca380258bc124f9,ADDRESS,SANCTIONED_ENTITY,CU-ENT-0049,,REVERSED,CU-ACT-0363,,,,CU-TRG-0043,,CU-IMP-0131,2022-11-09,ONCHAIN_SCAN,HIGH,,Circle
CU-ACT-0132,2022-11-10,BLACKLIST,0x76d85b4c0fc497eecc38902397ac608000a06607,ADDRESS,SANCTIONED_ENTITY,CU-ENT-0049,,REVERSED,CU-ACT-0361,,,,CU-TRG-0043,,CU-IMP-0132,2022-11-09,ONCHAIN_SCAN,HIGH,,Circle
CU-ACT-0133,2022-11-10,BLACKLIST,0x0e3a09dda6b20afbb34ac7cd4a6881493f3e7bf7,ADDRESS,SANCTIONED_ENTITY,CU-ENT-0049,,REVERSED,CU-ACT-0375,,,,CU-TRG-0043,,CU-IMP-0133,2022-11-09,ONCHAIN_SCAN,HIGH,,Circle
CU-ACT-0134,2022-11-10,BLACKLIST,0xcc84179ffd19a1627e79f8648d09e095252bc418,ADDRESS,SANCTIONED_ENTITY,CU-ENT-0049,,REVERSED,CU-ACT-0370,,,,CU-TRG-0043,,CU-IMP-0134,2022-11-09,ONCHAIN_SCAN,HIGH,,Circle
CU-ACT-0135,2022-11-10,BLACKLIST,0xd5d6f8d9e784d0e26222ad3834500801a68d027d,ADDRESS,SANCTIONED_ENTITY,CU-ENT-0049,,REVERSED,CU-ACT-0372,,,,CU-TRG-0043,,CU-IMP-0135,2022-11-09,ONCHAIN_SCAN,HIGH,,Circle
CU-ACT-0136,2022-11-10,BLACKLIST,0x3aac1cc67c2ec5db4ea850957b967ba153ad6279,ADDRESS,SANCTIONED_ENTITY,CU-ENT-0049,,REVERSED,CU-ACT-0354,,,,CU-TRG-0043,,CU-IMP-0136,2022-11-09,ONCHAIN_SCAN,HIGH,,Circle
CU-ACT-0137,2022-11-10,BLACKLIST,0xa5c2254e4253490c54cef0a4347fddb8f75a4998,ADDRESS,SANCTIONED_ENTITY,CU-ENT-0049,,REVERSED,CU-ACT-0367,,,,CU-TRG-0043,,CU-IMP-0137,2022-11-09,ONCHAIN_SCAN,HIGH,,Circle
CU-ACT-0138,2022-11-10,BLACKLIST,0x723b78e67497e85279cb204544566f4dc5d2aca0,ADDRESS,SANCTIONED_ENTITY,CU-ENT-0049,,REVERSED,CU-ACT-0359,,,,CU-TRG-0043,,CU-IMP-0138,2022-11-09,ONCHAIN_SCAN,HIGH,,Circle
CU-ACT-0139,2022-11-10,BLACKLIST,0xaf8d1839c3c67cf571aa74b5c12398d4901147b3,ADDRESS,SANCTIONED_ENTITY,CU-ENT-0049,,REVERSED,CU-ACT-0369,,,,CU-TRG-0043,,CU-IMP-0139,2022-11-09,ONCHAIN_SCAN,HIGH,,Circle
CU-ACT-0140,2022-11-10,BLACKLIST,0x6bf694a291df3fec1f7e69701e3ab6c592435ae7,ADDRESS,SANCTIONED_ENTITY,CU-ENT-0049,,REVERSED,CU-ACT-0358,,,,CU-TRG-0043,,CU-IMP-0140,2022-11-09,ONCHAIN_SCAN,HIGH,,Circle
CU-ACT-0141,2022-11-10,UNBLACKLIST,0x905b63fff465b9ffbf41dea908ceb12478ec7601,ADDRESS,,,,ACTIVE,,,,,,,CU-IMP-0141,,ONCHAIN_SCAN,HIGH,,Circle
CU-ACT-0142,2022-11-10,BLACKLIST,0xdf231d99ff8b6c6cbf4e9b9a945cbacef9339178,ADDRESS,SANCTIONED_ENTITY,CU-ENT-0049,,REVERSED,CU-ACT-0373,,,,CU-TRG-0043,,CU-IMP-0142,2022-11-09,ONCHAIN_SCAN,HIGH,,Circle
CU-ACT-0143,2022-11-10,BLACKLIST,0xaf4c0b70b2ea9fb7487c7cbb37ada259579fe040,ADDRESS,SANCTIONED_ENTITY,CU-ENT-0049,,REVERSED,CU-ACT-0368,,,,CU-TRG-0043,,CU-IMP-0143,2022-11-09,ONCHAIN_SCAN,HIGH,,Circle
CU-ACT-0144,2022-11-10,BLACKLIST,0x1e34a77868e19a6647b1f2f47b51ed72dede95dd,ADDRESS,SANCTIONED_ENTITY,CU-ENT-0049,,REVERSED,CU-ACT-0350,,,,CU-TRG-0043,,CU-IMP-0144,2022-11-09,ONCHAIN_SCAN,HIGH,,Circle
CU-ACT-0145,2022-11-10,BLACKLIST,0x502371699497d08d5339c870851898d6d72521dd,ADDRESS,sanctioned_entity,CU-ENT-0013,,ACTIVE,,,,,CU-TRG-0013,,CU-IMP-0145,,ONCHAIN_SCAN,HIGH,,Circle
CU-ACT-0146,2022-11-10,BLACKLIST,0x5a14e72060c11313e38738009254a90968f58f51,ADDRESS,sanctioned_entity,CU-ENT-0013,,ACTIVE,,,,,CU-TRG-0013,,CU-IMP-0146,,ONCHAIN_SCAN,HIGH,,Circle
CU-ACT-0147,2022-11-10,BLACKLIST,0xefe301d259f525ca1ba74a7977b80d5b060b3cca,ADDRESS,sanctioned_entity,CU-ENT-0013,,ACTIVE,,,,,CU-TRG-0013,,CU-IMP-0147,,ONCHAIN_SCAN,HIGH,,Circle
CU-ACT-0148,2022-11-10,BLACKLIST,0xd0975b32cea532eadddfc9c60481976e39db3472,ADDRESS,sanctioned_entity,CU-ENT-0014,,ACTIVE,,,,,CU-TRG-0014,,CU-IMP-0148,,ONCHAIN_SCAN,HIGH,,Circle
CU-ACT-0149,2022-11-10,BLACKLIST,0x1967d8af5bd86a497fb3dd7899a020e47560daaf,ADDRESS,sanctioned_entity,CU-ENT-0014,,ACTIVE,,,,,CU-TRG-0014,,CU-IMP-0149,,ONCHAIN_SCAN,HIGH,,Circle
CU-ACT-0150,2022-11-10,BLACKLIST,0x83e5bc4ffa856bb84bb88581f5dd62a433a25e0d,ADDRESS,sanctioned_entity,CU-ENT-0013,,ACTIVE,,,,,CU-TRG-0013,,CU-IMP-0150,,ONCHAIN_SCAN,HIGH,,Circle
CU-ACT-0151,2022-11-10,BLACKLIST,0x08b2efdcdb8822efe5ad0eae55517cf5dc544251,ADDRESS,sanctioned_entity,CU-ENT-0013,,ACTIVE,,,,,CU-TRG-0013,,CU-IMP-0151,,ONCHAIN_SCAN,HIGH,,Circle
CU-ACT-0152,2022-11-10,BLACKLIST,0x04dba1194ee10112fe6c3207c0687def0e78bacf,ADDRESS,sanctioned_entity,CU-ENT-0013,,ACTIVE,,,,,CU-TRG-0013,,CU-IMP-0152,,ONCHAIN_SCAN,HIGH,,Circle
CU-ACT-0153,2022-11-10,BLACKLIST,0x0ee5067b06776a89ccc7dc8ee369984ad7db5e06,ADDRESS,sanctioned_entity,CU-ENT-0013,,ACTIVE,,,,,CU-TRG-0013,,CU-IMP-0153,,ONCHAIN_SCAN,HIGH,,Circle
CU-ACT-0154,2022-11-28,BLACKLIST,0x44b3d59fe4da798a43de3689be0a2ab508bc0067,ADDRESS,,,,REVERSED,CU-ACT-0264,,,,,,CU-IMP-0154,,ONCHAIN_SCAN,HIGH,,Circle
CU-ACT-0155,2022-12-01,UNBLACKLIST,0x29875bd49350ac3f2ca5ceeb1c1701708c795ff3,ADDRESS,,,,ACTIVE,,,,,,,CU-IMP-0155,,ONCHAIN_SCAN,HIGH,,Circle
CU-ACT-0156,2023-01-19,BLACKLIST,0xbf4f36efa3ac655a1d86f6c32b648a90271443f4,ADDRESS,,,,ACTIVE,,,,,,,CU-IMP-0156,,ONCHAIN_SCAN,HIGH,,Circle
CU-ACT-0157,2023-02-01,BLACKLIST,0x39d908dac893cbcb53cc86e0ecc369aa4def1a29,ADDRESS,sanctioned_entity,CU-ENT-0015,,ACTIVE,,,,,CU-TRG-0015,,CU-IMP-0157,,ONCHAIN_SCAN,HIGH,,Circle
CU-ACT-0158,2023-02-03,BLACKLIST,0x7f2863dc306fe5be920d311f5eeef842bae16ce8,ADDRESS,,,,ACTIVE,,,,,,,CU-IMP-0158,,ONCHAIN_SCAN,HIGH,,Circle
CU-ACT-0159,2023-02-03,BLACKLIST,0xf8a9ab377ce63592583767b34602e130e38ebdca,ADDRESS,,,,ACTIVE,,,,,,,CU-IMP-0159,,ONCHAIN_SCAN,HIGH,,Circle
CU-ACT-0160,2023-02-25,BLACKLIST,0x6572760df65696a671eb17575b995daca056237d,ADDRESS,,,,ACTIVE,,,,,,,CU-IMP-0160,,ONCHAIN_SCAN,HIGH,,Circle
CU-ACT-0161,2023-02-25,BLACKLIST,0x42b756987dee8a21508c4e470bfefb5e36a5e4e4,ADDRESS,,,,ACTIVE,,,,,,,CU-IMP-0161,,ONCHAIN_SCAN,HIGH,,Circle
CU-ACT-0162,2023-02-25,BLACKLIST,0x9253f800c8a03b9184ceb9280361e5055893192c,ADDRESS,,,,ACTIVE,,,,,,,CU-IMP-0162,,ONCHAIN_SCAN,HIGH,,Circle
CU-ACT-0163,2023-03-09,BLACKLIST,0x6e2bfa169667c0d9addde8d532a22e05b72e8911,ADDRESS,,,,REVERSED,CU-ACT-0176,,,,,,CU-IMP-0163,,ONCHAIN_SCAN,HIGH,,Circle
CU-ACT-0164,2023-04-24,BLACKLIST,0x4f47bc496083c727c5fbe3ce9cdf2b0f6496270c,ADDRESS,sanctioned_entity,CU-ENT-0016,,ACTIVE,,,,,CU-TRG-0016,,CU-IMP-0164,,ONCHAIN_SCAN,HIGH,,Circle
CU-ACT-0165,2023-05-01,BLACKLIST,0x8a8a2436fc920e6c73c3a9e9a00b8d937812ee0d,ADDRESS,,,,ACTIVE,,,,,,,CU-IMP-0165,,ONCHAIN_SCAN,HIGH,,Circle
CU-ACT-0166,2023-05-01,BLACKLIST,0xc34586a57d59fbd08865298203cf28cd10ad9708,ADDRESS,,,,ACTIVE,,,,,,,CU-IMP-0166,,ONCHAIN_SCAN,HIGH,,Circle
CU-ACT-0167,2023-05-01,BLACKLIST,0x088aaa322d955816d8a00b3ad58139543556cb61,ADDRESS,,,,ACTIVE,,,,,,,CU-IMP-0167,,ONCHAIN_SCAN,HIGH,,Circle
CU-ACT-0168,2023-05-19,BLACKLIST,0x38735f03b30fbc022ddd06abed01f0ca823c6a94,ADDRESS,sanctioned_entity,CU-ENT-0017,,ACTIVE,,,,,CU-TRG-0017,,CU-IMP-0168,,ONCHAIN_SCAN,HIGH,,Circle
CU-ACT-0169,2023-05-22,BLACKLIST,0x8bebb5bc4f8ee9d2978e70c5dc178543fb9dc0d9,ADDRESS,,,,ACTIVE,,,,,,,CU-IMP-0169,,ONCHAIN_SCAN,HIGH,,Circle
CU-ACT-0170,2023-05-22,BLACKLIST,0xeb53f63ff2c8f576de0752d0fb603ddc79318b26,ADDRESS,,,,ACTIVE,,,,,,,CU-IMP-0170,,ONCHAIN_SCAN,HIGH,,Circle
CU-ACT-0171,2023-05-22,BLACKLIST,0xfc672c73ca5c7234edc82552e4a0c8fc247d32ac,ADDRESS,,,,ACTIVE,,,,,,,CU-IMP-0171,,ONCHAIN_SCAN,HIGH,,Circle
CU-ACT-0172,2023-05-22,BLACKLIST,0x0c51498f3ae1a0cfe696820a1b4e9af85b918bc6,ADDRESS,,,,ACTIVE,,,,,,,CU-IMP-0172,,ONCHAIN_SCAN,HIGH,,Circle
CU-ACT-0173,2023-05-22,BLACKLIST,0x08c3fd4ae6a596083a528614d71e17c2ff2f4b8e,ADDRESS,,,,ACTIVE,,,,,,,CU-IMP-0173,,ONCHAIN_SCAN,HIGH,,Circle
CU-ACT-0174,2023-05-23,BLACKLIST,0x97b1043abd9e6fc31681635166d430a458d14f9c,ADDRESS,sanctioned_entity,CU-ENT-0018,,ACTIVE,,,,,CU-TRG-0018,,CU-IMP-0174,,ONCHAIN_SCAN,HIGH,,Circle
CU-ACT-0175,2023-05-23,BLACKLIST,0xb6f5ec1a0a9cd1526536d3f0426c429529471f40,ADDRESS,sanctioned_entity,CU-ENT-0018,,ACTIVE,,,,,CU-TRG-0018,,CU-IMP-0175,,ONCHAIN_SCAN,HIGH,,Circle
CU-ACT-0176,2023-06-22,UNBLACKLIST,0x6e2bfa169667c0d9addde8d532a22e05b72e8911,ADDRESS,,,,ACTIVE,,,,,,,CU-IMP-0176,,ONCHAIN_SCAN,HIGH,,Circle
CU-ACT-0177,2023-07-07,BLACKLIST,0x48bead89e696ee93b04913cb0006f35adb844537,ADDRESS,,,,ACTIVE,,,,,,,CU-IMP-0177,,ONCHAIN_SCAN,HIGH,,Circle
CU-ACT-0178,2023-07-07,BLACKLIST,0x027f1571aca57354223276722dc7b572a5b05cd8,ADDRESS,,,,ACTIVE,,,,,,,CU-IMP-0178,,ONCHAIN_SCAN,HIGH,,Circle
CU-ACT-0179,2023-07-07,BLACKLIST,0xefeef8e968a0db92781ac7b3b7c821909ef10c88,ADDRESS,,,,ACTIVE,,,,,,,CU-IMP-0179,,ONCHAIN_SCAN,HIGH,,Circle
CU-ACT-0180,2023-08-01,BLACKLIST,0xd71c94052989e209ba713deb66e0a8f72b913b70,ADDRESS,SANCTIONED_ENTITY,CU-ENT-0074,,ACTIVE,,,,,CU-TRG-0067,,CU-IMP-0180,2023-07-31,ONCHAIN_SCAN,HIGH,,Circle
CU-ACT-0181,2023-08-24,BLACKLIST,0xdcbeffbecce100cce9e4b153c4e15cb885643193,ADDRESS,sanctioned_entity,CU-ENT-0019,,ACTIVE,,,,,CU-TRG-0019,,CU-IMP-0181,,ONCHAIN_SCAN,HIGH,,Circle
CU-ACT-0182,2023-08-24,BLACKLIST,0x5f48c2a71b2cc96e3f0ccae4e39318ff0dc375b2,ADDRESS,sanctioned_entity,CU-ENT-0019,,ACTIVE,,,,,CU-TRG-0019,,CU-IMP-0182,,ONCHAIN_SCAN,HIGH,,Circle
CU-ACT-0183,2023-08-24,BLACKLIST,0x5a7a51bfb49f190e5a6060a5bc6052ac14a3b59f,ADDRESS,sanctioned_entity,CU-ENT-0019,,ACTIVE,,,,,CU-TRG-0019,,CU-IMP-0183,,ONCHAIN_SCAN,HIGH,,Circle
CU-ACT-0184,2023-08-24,BLACKLIST,0xed6e0a7e4ac94d976eebfb82ccf777a3c6bad921,ADDRESS,sanctioned_entity,CU-ENT-0019,,ACTIVE,,,,,CU-TRG-0019,,CU-IMP-0184,,ONCHAIN_SCAN,HIGH,,Circle
CU-ACT-0185,2023-08-24,BLACKLIST,0x797d7ae72ebddcdea2a346c1834e04d1f8df102b,ADDRESS,sanctioned_entity,CU-ENT-0019,,ACTIVE,,,,,CU-TRG-0019,,CU-IMP-0185,,ONCHAIN_SCAN,HIGH,,Circle
CU-ACT-0186,2023-08-24,BLACKLIST,0x931546d9e66836abf687d2bc64b30407bac8c568,ADDRESS,sanctioned_entity,CU-ENT-0019,,ACTIVE,,,,,CU-TRG-0019,,CU-IMP-0186,,ONCHAIN_SCAN,HIGH,,Circle
CU-ACT-0187,2023-08-24,BLACKLIST,0x43fa21d92141ba9db43052492e0deee5aa5f0a93,ADDRESS,sanctioned_entity,CU-ENT-0019,,ACTIVE,,,,,CU-TRG-0019,,CU-IMP-0187,,ONCHAIN_SCAN,HIGH,,Circle
CU-ACT-0188,2023-08-24,BLACKLIST,0x6be0ae71e6c41f2f9d0d1a3b8d0f75e6f6a0b46e,ADDRESS,sanctioned_entity,CU-ENT-0019,,ACTIVE,,,,,CU-TRG-0019,,CU-IMP-0188,,ONCHAIN_SCAN,HIGH,,Circle
CU-ACT-0189,2023-08-25,BLACKLIST,0x3d7cfda9254a05d3eeae06ab2a7c46b8e950d744,ADDRESS,,,,ACTIVE,,,,,,,CU-IMP-0189,,ONCHAIN_SCAN,HIGH,,Circle
CU-ACT-0190,2023-08-25,BLACKLIST,0x9c220048401fa6819e59a15e67d96ceffb9043ac,ADDRESS,,,,ACTIVE,,,,,,,CU-IMP-0190,,ONCHAIN_SCAN,HIGH,,Circle
CU-ACT-0191,2023-08-25,BLACKLIST,0x26e0d078aac76c9ba2b348825b413744a82a2cfd,ADDRESS,,,,ACTIVE,,,,,,,CU-IMP-0191,,ONCHAIN_SCAN,HIGH,,Circle
CU-ACT-0192,2023-09-27,BLACKLIST,0x9c2bc757b66f24d60f016b6237f8cdd414a879fa,ADDRESS,sanctioned_entity,CU-ENT-0020,,ACTIVE,,,,,CU-TRG-0020,,CU-IMP-0192,,ONCHAIN_SCAN,HIGH,,Circle
CU-ACT-0193,2023-10-04,BLACKLIST,0x530a64c0ce595026a4a556b703644228179e2d57,ADDRESS,sanctioned_entity,CU-ENT-0021,,ACTIVE,,,,,CU-TRG-0021,,CU-IMP-0193,,ONCHAIN_SCAN,HIGH,,Circle
CU-ACT-0194,2023-10-04,BLACKLIST,0x2e13ea767da12f504ceaaaebe5950488498dc2d2,ADDRESS,SANCTIONED_ENTITY,CU-ENT-0021,,ACTIVE,,,,,CU-TRG-0021,,CU-IMP-0194,2023-10-03,ONCHAIN_SCAN,HIGH,,Circle
CU-ACT-0195,2023-10-04,BLACKLIST,0x7de5ab1914e241177344936dc33b4a8157c98248,ADDRESS,SANCTIONED_ENTITY,CU-ENT-0076,,ACTIVE,,,,,CU-TRG-0069,,CU-IMP-0195,2023-10-03,ONCHAIN_SCAN,HIGH,,Circle
CU-ACT-0196,2023-10-04,BLACKLIST,0xfac583c0cf07ea434052c49115a4682172ab6b4f,ADDRESS,sanctioned_entity,CU-ENT-0022,,ACTIVE,,,,,CU-TRG-0022,,CU-IMP-0196,,ONCHAIN_SCAN,HIGH,,Circle
CU-ACT-0197,2023-10-04,BLACKLIST,0xbe5e683633ddd17d8a89b4e10860a0e426c5ed24,ADDRESS,SANCTIONED_ENTITY,CU-ENT-0077,,ACTIVE,,,,,CU-TRG-0070,,CU-IMP-0197,2023-10-03,ONCHAIN_SCAN,HIGH,,Circle
CU-ACT-0198,2023-10-04,BLACKLIST,0x961c5be54a2ffc17cf4cb021d863c42dacd47fc1,ADDRESS,sanctioned_entity,CU-ENT-0023,,ACTIVE,,,,,CU-TRG-0023,,CU-IMP-0198,,ONCHAIN_SCAN,HIGH,,Circle
CU-ACT-0199,2023-10-04,BLACKLIST,0xa6cc8ab881debc3c9e8adb32549d0cbe614168c5,ADDRESS,SANCTIONED_ENTITY,CU-ENT-0023,,ACTIVE,,,,,CU-TRG-0023,,CU-IMP-0199,2023-10-03,ONCHAIN_SCAN,HIGH,,Circle
CU-ACT-0200,2023-10-04,BLACKLIST,0x983a81ca6fb1e441266d2fbcb7d8e530ac2e05a2,ADDRESS,sanctioned_entity,CU-ENT-0024,,ACTIVE,,,,,CU-TRG-0024,,CU-IMP-0200,,ONCHAIN_SCAN,HIGH,,Circle
CU-ACT-0201,2023-11-15,BLACKLIST,0x5b93aadbd3e507bf2e3a68e8cd760c82fba541f1,ADDRESS,,,,ACTIVE,,,,,,,CU-IMP-0201,,ONCHAIN_SCAN,HIGH,,Circle
CU-ACT-0202,2023-11-15,BLACKLIST,0x3ac79da68cc906240f4c62d7b2bfe64fb992e22c,ADDRESS,,,,ACTIVE,,,,,,,CU-IMP-0202,,ONCHAIN_SCAN,HIGH,,Circle
CU-ACT-0203,2023-11-15,BLACKLIST,0x5095cbfc0ff59e63745ea01f5a722f9d7564b4f6,ADDRESS,,,,ACTIVE,,,,,,,CU-IMP-0203,,ONCHAIN_SCAN,HIGH,,Circle
CU-ACT-0204,2023-11-15,BLACKLIST,0x3ceab17d3fb1ee10e8424ca2b649c54a0643ed88,ADDRESS,,,,ACTIVE,,,,,,,CU-IMP-0204,,ONCHAIN_SCAN,HIGH,,Circle
CU-ACT-0205,2023-11-15,BLACKLIST,0x1ea6c03601ba054441709a4a345addc05937fd9c,ADDRESS,,,,ACTIVE,,,,,,,CU-IMP-0205,,ONCHAIN_SCAN,HIGH,,Circle
CU-ACT-0206,2023-11-15,BLACKLIST,0xd492e57806c0abd3f0932205c5bb3086aae49778,ADDRESS,,,,ACTIVE,,,,,,,CU-IMP-0206,,ONCHAIN_SCAN,HIGH,,Circle
CU-ACT-0207,2023-11-15,BLACKLIST,0x68b66ce34da6bf45110e0064f232acbd8e7a5531,ADDRESS,,,,ACTIVE,,,,,,,CU-IMP-0207,,ONCHAIN_SCAN,HIGH,,Circle
CU-ACT-0208,2023-11-15,BLACKLIST,0x7d7c4dddf9188d0c170d438d08eb94370c588630,ADDRESS,,,,ACTIVE,,,,,,,CU-IMP-0208,,ONCHAIN_SCAN,HIGH,,Circle
CU-ACT-0209,2023-11-15,BLACKLIST,0x9078b13962fbc7d93f624ab9395d60ff332a9af9,ADDRESS,,,,ACTIVE,,,,,,,CU-IMP-0209,,ONCHAIN_SCAN,HIGH,,Circle
CU-ACT-0210,2023-11-15,BLACKLIST,0xd6d47fcea370d6fbd78de05e458bcc5d2d38c390,ADDRESS,,,,ACTIVE,,,,,,,CU-IMP-0210,,ONCHAIN_SCAN,HIGH,,Circle
CU-ACT-0211,2023-11-15,BLACKLIST,0x25b903719548e94cb58907a0db4461ffd61deeb6,ADDRESS,,,,ACTIVE,,,,,,,CU-IMP-0211,,ONCHAIN_SCAN,HIGH,,Circle
CU-ACT-0212,2023-11-15,BLACKLIST,0x5ea884caf25a9d2b9fb1033cdd5300bd40c5d223,ADDRESS,,,,ACTIVE,,,,,,,CU-IMP-0212,,ONCHAIN_SCAN,HIGH,,Circle
CU-ACT-0213,2023-11-15,BLACKLIST,0xce5d11cc48eb1671a6e36829575578d2d4cca48f,ADDRESS,,,,ACTIVE,,,,,,,CU-IMP-0213,,ONCHAIN_SCAN,HIGH,,Circle
CU-ACT-0214,2023-11-15,BLACKLIST,0xe997bfc0f7a6fd834176b0c92eb845b6696b8d09,ADDRESS,,,,ACTIVE,,,,,,,CU-IMP-0214,,ONCHAIN_SCAN,HIGH,,Circle
CU-ACT-0215,2023-11-15,BLACKLIST,0xf44edc33a3c96e7e74ce9284a04db0d8af7eca4c,ADDRESS,,,,ACTIVE,,,,,,,CU-IMP-0215,,ONCHAIN_SCAN,HIGH,,Circle
CU-ACT-0216,2023-11-15,BLACKLIST,0x34aa48e296273872649ef8d3782813fe9a77dc72,ADDRESS,,,,ACTIVE,,,,,,,CU-IMP-0216,,ONCHAIN_SCAN,HIGH,,Circle
CU-ACT-0217,2024-01-23,BLACKLIST,0xfd03637733e810ed9a33e7658d06c80151fb0b61,ADDRESS,,,,ACTIVE,,,,,,,CU-IMP-0217,,ONCHAIN_SCAN,HIGH,,Circle
CU-ACT-0218,2024-02-06,UNBLACKLIST,0x6acdfba02d390b97ac2b2d42a63e85293bcc160e,ADDRESS,,,,ACTIVE,,,,,,,CU-IMP-0218,,ONCHAIN_SCAN,HIGH,,Circle
CU-ACT-0219,2024-02-21,BLACKLIST,0xf3701f445b6bdafedbca97d1e477357839e4120d,ADDRESS,sanctioned_entity,CU-ENT-0025,,ACTIVE,,,,,CU-TRG-0025,,CU-IMP-0219,,ONCHAIN_SCAN,HIGH,,Circle
CU-ACT-0220,2024-03-08,BLACKLIST,0x70f6d315a46bb7179a45e68d223a70f647ce493d,ADDRESS,,,,ACTIVE,,,,,,,CU-IMP-0220,,ONCHAIN_SCAN,HIGH,,Circle
CU-ACT-0221,2024-03-21,BLACKLIST,0x2f04f39923a77430eca036e14ce44dbd11175747,ADDRESS,SANCTIONED_ENTITY,CU-ENT-0075,,ACTIVE,,,,,CU-TRG-0068,,CU-IMP-0221,2024-03-20,ONCHAIN_SCAN,HIGH,,Circle
CU-ACT-0222,2024-03-21,BLACKLIST,0x7be6fe8c528273a3a072a538e12c08500bf4d328,ADDRESS,SANCTIONED_ENTITY,CU-ENT-0075,,ACTIVE,,,,,CU-TRG-0068,,CU-IMP-0222,2024-03-20,ONCHAIN_SCAN,HIGH,,Circle
CU-ACT-0223,2024-03-27,BLACKLIST,0xdda5554510366179ddb442b8a82bc737c3ac77c5,ADDRESS,SANCTIONED_ENTITY,CU-ENT-0057,,ACTIVE,,,,,CU-TRG-0051,,CU-IMP-0223,2024-03-27,ONCHAIN_SCAN,HIGH,,Circle
CU-ACT-0224,2024-03-27,BLACKLIST,0x175d44451403edf28469df03a9280c1197adb92c,ADDRESS,sanctioned_entity,CU-ENT-0026,,ACTIVE,,,,,CU-TRG-0026,,CU-IMP-0224,,ONCHAIN_SCAN,HIGH,,Circle
CU-ACT-0225,2024-03-27,BLACKLIST,0x4576847b1cf999843ba6620815e65a9c5e8a4021,ADDRESS,SANCTIONED_ENTITY,CU-ENT-0057,,ACTIVE,,,,,CU-TRG-0051,,CU-IMP-0225,2024-03-27,ONCHAIN_SCAN,HIGH,,Circle
CU-ACT-0226,2024-03-27,BLACKLIST,0xe950dc316b836e4eefb8308bf32bf7c72a1358ff,ADDRESS,sanctioned_entity,CU-ENT-0026,,ACTIVE,,,,,CU-TRG-0026,,CU-IMP-0226,,ONCHAIN_SCAN,HIGH,,Circle
CU-ACT-0227,2024-03-27,BLACKLIST,0x4ea7eefc2dcb250c1f069ecaf1e2ae3488059ac2,ADDRESS,SANCTIONED_ENTITY,CU-ENT-0057,,ACTIVE,,,,,CU-TRG-0051,,CU-IMP-0227,2024-03-27,ONCHAIN_SCAN,HIGH,,Circle
CU-ACT-0228,2024-03-27,BLACKLIST,0xc24ec5a84cae3d3418b34a1e30b3372c4b25bd0f,ADDRESS,SANCTIONED_ENTITY,CU-ENT-0057,,ACTIVE,,,,,CU-TRG-0051,,CU-IMP-0228,2024-03-27,ONCHAIN_SCAN,HIGH,,Circle
CU-ACT-0229,2024-03-27,BLACKLIST,0x21b8d56bda776bbe68655a16895afd96f5534fed,ADDRESS,sanctioned_entity,CU-ENT-0026,,ACTIVE,,,,,CU-TRG-0026,,CU-IMP-0229,,ONCHAIN_SCAN,HIGH,,Circle
CU-ACT-0230,2024-04-04,BLACKLIST,0xd7648fffa48e06b0107435a966f3f1e9dbe10b7d,ADDRESS,,,,ACTIVE,,,,,,,CU-IMP-0230,,ONCHAIN_SCAN,HIGH,,Circle
CU-ACT-0231,2024-04-04,BLACKLIST,0x409c4a8ec8eebf4132e33122164d57c5b7039e59,ADDRESS,,,,ACTIVE,,,,,,,CU-IMP-0231,,ONCHAIN_SCAN,HIGH,,Circle
CU-ACT-0232,2024-04-05,BLACKLIST,0x7ca6c4d4fc24417c79c91b4ddbf222cb6bac4c14,ADDRESS,,,,ACTIVE,,,,,,,CU-IMP-0232,,ONCHAIN_SCAN,HIGH,,Circle
CU-ACT-0233,2024-04-29,BLACKLIST,0x6a1544f72a2a275715e8d5924e6d8a017f0e41ed,ADDRESS,,,,ACTIVE,,,,,,,CU-IMP-0233,,ONCHAIN_SCAN,HIGH,,Circle
CU-ACT-0234,2024-05-02,BLACKLIST,0x19f8f2b0915daa12a3f5c9cf01df9e24d53794f7,ADDRESS,sanctioned_entity,CU-ENT-0027,,ACTIVE,,,,,CU-TRG-0027,,CU-IMP-0234,,ONCHAIN_SCAN,HIGH,,Circle
CU-ACT-0235,2024-05-02,BLACKLIST,0x3e14d41891a30ac7473556d7c3256a5ddf9ef1aa,ADDRESS,SANCTIONED_ENTITY,CU-ENT-0027,,ACTIVE,,,,,CU-TRG-0027,,CU-IMP-0235,2024-05-01,ONCHAIN_SCAN,HIGH,,Circle
CU-ACT-0236,2024-05-04,BLACKLIST,0xb65e9d4fb5e89c18b8fe77cc47f28b6c2c7b4aac,ADDRESS,,,,ACTIVE,,,,,,,CU-IMP-0236,,ONCHAIN_SCAN,HIGH,,Circle
CU-ACT-0237,2024-05-11,BLACKLIST,0xcfdffd028a987448a4ee4c4994a9e2dc3c7dc15f,ADDRESS,,,,ACTIVE,,,,,,,CU-IMP-0237,,ONCHAIN_SCAN,HIGH,,Circle
CU-ACT-0238,2024-05-11,BLACKLIST,0x00d7e7409bfe09a736d3e993de9b87d0baa314d5,ADDRESS,,,,ACTIVE,,,,,,,CU-IMP-0238,,ONCHAIN_SCAN,HIGH,,Circle
CU-ACT-0239,2024-05-25,BLACKLIST,0xf6527069fd7e3bdc80c8f92a8d1eadc7d433ea29,ADDRESS,,,,ACTIVE,,,,,,,CU-IMP-0239,,ONCHAIN_SCAN,HIGH,,Circle
CU-ACT-0240,2024-05-25,BLACKLIST,0xb5484440a0c14326fa4acfb25f2cae7a39c0e75b,ADDRESS,,,,ACTIVE,,,,,,,CU-IMP-0240,,ONCHAIN_SCAN,HIGH,,Circle
CU-ACT-0241,2024-05-25,BLACKLIST,0x0abf039dff7ff57d7a290362b64ffcd82009e8a9,ADDRESS,,,,ACTIVE,,,,,,,CU-IMP-0241,,ONCHAIN_SCAN,HIGH,,Circle
CU-ACT-0242,2024-05-25,BLACKLIST,0x8a0a9106cd583c9cab28dca615f2dfc75eccc5ae,ADDRESS,,,,ACTIVE,,,,,,,CU-IMP-0242,,ONCHAIN_SCAN,HIGH,,Circle
CU-ACT-0243,2024-05-26,BLACKLIST,0x62215c796d9cf4ced759ff06cbb8e712dd15eef6,ADDRESS,,,,ACTIVE,,,,,,,CU-IMP-0243,,ONCHAIN_SCAN,HIGH,,Circle
CU-ACT-0244,2024-05-29,BLACKLIST,0xe1d865c3d669dcc8c57c8d023140cb204e672ee4,ADDRESS,sanctioned_entity,CU-ENT-0028,,ACTIVE,,,,,CU-TRG-0028,,CU-IMP-0244,,ONCHAIN_SCAN,HIGH,,Circle
CU-ACT-0245,2024-05-29,BLACKLIST,0x0e6b8e34dc115a2848f585851af23d99d09b8463,ADDRESS,SANCTIONED_ENTITY,CU-ENT-0028,,ACTIVE,,,,,CU-TRG-0028,,CU-IMP-0245,2024-05-28,ONCHAIN_SCAN,HIGH,,Circle
CU-ACT-0246,2024-08-24,BLACKLIST,0x71d2e218a56a1c0c12e1ff4b4c2731a1c3a4f4ce,ADDRESS,SANCTIONED_ENTITY,CU-ENT-0078,,ACTIVE,,,,,CU-TRG-0071,,CU-IMP-0246,2024-08-23,ONCHAIN_SCAN,HIGH,,Circle
CU-ACT-0247,2024-09-06,BLACKLIST,0xb99e0f3b342fe502f376b72ae9782a6b89afb39b,ADDRESS,,,,ACTIVE,,,,,,,CU-IMP-0247,,ONCHAIN_SCAN,HIGH,,Circle
CU-ACT-0248,2024-09-13,BLACKLIST,0x500e9b90b1310b8dcf3f82e03344e0da79694857,ADDRESS,,,,ACTIVE,,,,,,,CU-IMP-0248,,ONCHAIN_SCAN,HIGH,,Circle
CU-ACT-0249,2024-09-14,BLACKLIST,0x36f2d3871edd59d5c06db8f0b12be928d5922a70,ADDRESS,,,,ACTIVE,,,,,,,CU-IMP-0249,,ONCHAIN_SCAN,HIGH,,Circle
CU-ACT-0250,2024-09-14,BLACKLIST,0x12ed7f6ed0491678764c2b222a58452926e44db6,ADDRESS,,,,ACTIVE,,,,,,,CU-IMP-0250,,ONCHAIN_SCAN,HIGH,,Circle
CU-ACT-0251,2024-09-14,BLACKLIST,0x290b6ebbdca04ee984fb8617e1b92deea23052e3,ADDRESS,,,,ACTIVE,,,,,,,CU-IMP-0251,,ONCHAIN_SCAN,HIGH,,Circle
CU-ACT-0252,2024-09-27,BLACKLIST,0x01baea860c7661561c31b1f765cfe8e064ff6de6,ADDRESS,,,,REVERSED,CU-ACT-0256,,,,,,CU-IMP-0252,,ONCHAIN_SCAN,HIGH,,Circle
CU-ACT-0253,2024-09-27,BLACKLIST,0x0931ca4d13bb4ba75d9b7132ab690265d749a5e7,ADDRESS,sanctioned_entity,CU-ENT-0029,,ACTIVE,,,,,CU-TRG-0029,,CU-IMP-0253,,ONCHAIN_SCAN,HIGH,,Circle
CU-ACT-0254,2024-09-27,BLACKLIST,0xbff703730a21167e430ff151128592a98786b9b4,ADDRESS,SANCTIONED_ENTITY,CU-ENT-0029,,ACTIVE,,,,,CU-TRG-0029,,CU-IMP-0254,2024-09-26,ONCHAIN_SCAN,HIGH,,Circle
CU-ACT-0255,2024-10-01,BLACKLIST,0xcb59151c8d160e68d7ba2051b78a75c44ada0eb5,ADDRESS,,,,ACTIVE,,,,,,,CU-IMP-0255,,ONCHAIN_SCAN,HIGH,,Circle
CU-ACT-0256,2024-10-01,UNBLACKLIST,0x01baea860c7661561c31b1f765cfe8e064ff6de6,ADDRESS,,,,ACTIVE,,,,,,,CU-IMP-0256,,ONCHAIN_SCAN,HIGH,,Circle
CU-ACT-0257,2024-10-05,BLACKLIST,0xbcdf9d0982379c4a3b2a5b6595924da1b92cff1d,ADDRESS,,,,REVERSED,CU-ACT-0269,,,,,,CU-IMP-0257,,ONCHAIN_SCAN,HIGH,,Circle
CU-ACT-0258,2024-10-05,BLACKLIST,0x4cafc3c640f7b06f51623a7225c3ca35c53be36a,ADDRESS,,,,ACTIVE,,,,,,,CU-IMP-0258,,ONCHAIN_SCAN,HIGH,,Circle
CU-ACT-0259,2024-10-05,BLACKLIST,0x7f2cc1fe8a4173c56d0ee9f156922921c12be259,ADDRESS,,,,ACTIVE,,,,,,,CU-IMP-0259,,ONCHAIN_SCAN,HIGH,,Circle
CU-ACT-0260,2024-10-08,BLACKLIST,0x0b7dd7d52fbb0f862ff81498f423f34904178088,ADDRESS,,,,ACTIVE,,,,,,,CU-IMP-0260,,ONCHAIN_SCAN,HIGH,,Circle
CU-ACT-0261,2024-10-08,BLACKLIST,0x87c899a8b71d8ca1b629aa6bb26a2ff0d6c7b2fb,ADDRESS,,,,ACTIVE,,,,,,,CU-IMP-0261,,ONCHAIN_SCAN,HIGH,,Circle
CU-ACT-0262,2024-11-21,BLACKLIST,0xa26fb92ff0611717b84599c7a772ba0a0b62d713,ADDRESS,,,,REVERSED,CU-ACT-0270,,,,,,CU-IMP-0262,,ONCHAIN_SCAN,HIGH,,Circle
CU-ACT-0263,2024-11-25,BLACKLIST,0xbc498da9268eb52a26ba49319ddcdedccb005d11,ADDRESS,,,,ACTIVE,,,,,,,CU-IMP-0263,,ONCHAIN_SCAN,HIGH,,Circle
CU-ACT-0264,2024-11-25,UNBLACKLIST,0x44b3d59fe4da798a43de3689be0a2ab508bc0067,ADDRESS,,,,ACTIVE,,,,,,,CU-IMP-0264,,ONCHAIN_SCAN,HIGH,,Circle
CU-ACT-0265,2024-11-26,BLACKLIST,0x8642d81d301d3205bb8d63c77718902a9b5f4444,ADDRESS,,,,REVERSED,CU-ACT-0268,,,,,,CU-IMP-0265,,ONCHAIN_SCAN,HIGH,,Circle
CU-ACT-0266,2024-12-05,BLACKLIST,0x282ae5965fe400f3cb929182e0963f3794df01fc,ADDRESS,SANCTIONED_ENTITY,CU-ENT-0079,,ACTIVE,,,,,CU-TRG-0072,,CU-IMP-0266,2024-12-04,ONCHAIN_SCAN,HIGH,,Circle
CU-ACT-0267,2024-12-05,BLACKLIST,0x1999ef52700c34de7ec2b68a28aafb37db0c5ade,ADDRESS,sanctioned_entity,CU-ENT-0030,,ACTIVE,,,,,CU-TRG-0030,,CU-IMP-0267,,ONCHAIN_SCAN,HIGH,,Circle
CU-ACT-0268,2024-12-05,UNBLACKLIST,0x8642d81d301d3205bb8d63c77718902a9b5f4444,ADDRESS,,,,ACTIVE,,,,,,,CU-IMP-0268,,ONCHAIN_SCAN,HIGH,,Circle
CU-ACT-0269,2024-12-11,UNBLACKLIST,0xbcdf9d0982379c4a3b2a5b6595924da1b92cff1d,ADDRESS,,,,ACTIVE,,,,,,,CU-IMP-0269,,ONCHAIN_SCAN,HIGH,,Circle
CU-ACT-0270,2024-12-11,UNBLACKLIST,0xa26fb92ff0611717b84599c7a772ba0a0b62d713,ADDRESS,,,,ACTIVE,,,,,,,CU-IMP-0270,,ONCHAIN_SCAN,HIGH,,Circle
CU-ACT-0271,2024-12-20,BLACKLIST,0x721537670ae01aa0d60585457b7534025b0041ac,ADDRESS,SANCTIONED_ENTITY,CU-ENT-0054,,ACTIVE,,,,,CU-TRG-0048,,CU-IMP-0271,2024-12-19,ONCHAIN_SCAN,HIGH,,Circle
CU-ACT-0272,2024-12-20,BLACKLIST,0x54b475ef92f861975945954bfa1080dda9cd346e,ADDRESS,SANCTIONED_ENTITY,CU-ENT-0054,,ACTIVE,,,,,CU-TRG-0048,,CU-IMP-0272,2024-12-19,ONCHAIN_SCAN,HIGH,,Circle
CU-ACT-0273,2024-12-20,BLACKLIST,0xd19df746fd2a145588b3a22672bacfd2e5454f61,ADDRESS,SANCTIONED_ENTITY,CU-ENT-0054,,ACTIVE,,,,,CU-TRG-0048,,CU-IMP-0273,2024-12-19,ONCHAIN_SCAN,HIGH,,Circle
CU-ACT-0274,2024-12-20,BLACKLIST,0xbc92595dd3e8f5092471c99b9084a72d333c7d07,ADDRESS,SANCTIONED_ENTITY,CU-ENT-0054,,ACTIVE,,,,,CU-TRG-0048,,CU-IMP-0274,2024-12-19,ONCHAIN_SCAN,HIGH,,Circle
CU-ACT-0275,2024-12-20,BLACKLIST,0x3a0245de38273e7852dce97de3bae18c0010013e,ADDRESS,SANCTIONED_ENTITY,CU-ENT-0054,,ACTIVE,,,,,CU-TRG-0048,,CU-IMP-0275,2024-12-19,ONCHAIN_SCAN,HIGH,,Circle
CU-ACT-0276,2024-12-31,BLACKLIST,0xd5f053ab62b8b75cccdec2967206b8a86906c437,ADDRESS,,,,ACTIVE,,,,,,,CU-IMP-0276,,ONCHAIN_SCAN,HIGH,,Circle
CU-ACT-0277,2025-01-02,BLACKLIST,0xd160ab0327b307a7b23436242198dc02f850cb7c,ADDRESS,,,,ACTIVE,,,,,,,CU-IMP-0277,,ONCHAIN_SCAN,HIGH,,Circle
CU-ACT-0278,2025-02-08,BLACKLIST,0xcaa7a770c783eca417da2fc978b0202bbd0bf6aa,ADDRESS,,,,ACTIVE,,,,,,,CU-IMP-0278,,ONCHAIN_SCAN,HIGH,,Circle
CU-ACT-0279,2025-02-08,BLACKLIST,0x1ba3af670b221a8c89c7b822424e642348544094,ADDRESS,,,,ACTIVE,,,,,,,CU-IMP-0279,,ONCHAIN_SCAN,HIGH,,Circle
CU-ACT-0280,2025-02-24,BLACKLIST,0x002471b8a185f9980708d0eaec5b289714f56f8d,ADDRESS,SANCTIONED_ENTITY,CU-ENT-0058,,ACTIVE,,,,,CU-TRG-0052,,CU-IMP-0280,2025-02-11,ONCHAIN_SCAN,MEDIUM,,Circle
CU-ACT-0281,2025-02-24,BLACKLIST,0x3051ca7cb7f6c599fa2f27385ad75010cf0f2bbf,ADDRESS,SANCTIONED_ENTITY,CU-ENT-0058,,ACTIVE,,,,,CU-TRG-0052,,CU-IMP-0281,2025-02-11,ONCHAIN_SCAN,MEDIUM,,Circle
CU-ACT-0282,2025-02-24,BLACKLIST,0x0078ef2d7baf87bf6c4ca49b19efd1e05f57ac30,ADDRESS,SANCTIONED_ENTITY,CU-ENT-0058,,ACTIVE,,,,,CU-TRG-0052,,CU-IMP-0282,2025-02-11,ONCHAIN_SCAN,MEDIUM,,Circle
CU-ACT-0283,2025-02-28,BLACKLIST,0x37857e63456d07f110a845ee701058f68f85c1e1,ADDRESS,,,,ACTIVE,,,,,,,CU-IMP-0283,,ONCHAIN_SCAN,HIGH,,Circle
CU-ACT-0284,2025-02-28,BLACKLIST,0xea97a63fa822c3e892e041eccc2d0e2482ad0d65,ADDRESS,,,,ACTIVE,,,,,,,CU-IMP-0284,,ONCHAIN_SCAN,HIGH,,Circle
CU-ACT-0285,2025-03-01,BLACKLIST,0xda2e12e94060720581994eec870f83d9c7200c2c,ADDRESS,stolen_funds,CU-ENT-0059,,ACTIVE,,,CU-INC-0004,,CU-TRG-0054,,CU-IMP-0285,,ONCHAIN_SCAN,HIGH,notes/zachxbt-thread-crossref.md,Circle
CU-ACT-0286,2025-03-13,BLACKLIST,0x6ec7b2d81d27dfc97b08f59cdc4f16df0ebe877a,ADDRESS,,,,ACTIVE,,,,,,,CU-IMP-0286,,ONCHAIN_SCAN,HIGH,,Circle
CU-ACT-0287,2025-03-22,UNBLACKLIST,0x8589427373d6d84e98730d7795d8f6f8731fda16,ADDRESS,,,,ACTIVE,,,,,CU-TRG-0053,,CU-IMP-0287,2025-03-21,ONCHAIN_SCAN,HIGH,,Circle
CU-ACT-0288,2025-03-22,UNBLACKLIST,0x722122df12d4e14e13ac3b6895a86e84145b6967,ADDRESS,,,,ACTIVE,,,,,CU-TRG-0053,,CU-IMP-0288,2025-03-21,ONCHAIN_SCAN,HIGH,,Circle
CU-ACT-0289,2025-03-22,UNBLACKLIST,0xdd4c48c0b24039969fc16d1cdf626eab821d3384,ADDRESS,,,,ACTIVE,,,,,CU-TRG-0053,,CU-IMP-0289,2025-03-21,ONCHAIN_SCAN,HIGH,,Circle
CU-ACT-0290,2025-03-22,UNBLACKLIST,0xd90e2f925da726b50c4ed8d0fb90ad053324f31b,ADDRESS,,,,ACTIVE,,,,,CU-TRG-0053,,CU-IMP-0290,2025-03-21,ONCHAIN_SCAN,HIGH,,Circle
CU-ACT-0291,2025-03-22,UNBLACKLIST,0xd96f2b1c14db8458374d9aca76e26c3d18364307,ADDRESS,,,,ACTIVE,,,,,CU-TRG-0053,,CU-IMP-0291,2025-03-21,ONCHAIN_SCAN,HIGH,,Circle
CU-ACT-0292,2025-03-22,UNBLACKLIST,0x4736dcf1b7a3d580672cce6e7c65cd5cc9cfba9d,ADDRESS,,,,ACTIVE,,,,,CU-TRG-0053,,CU-IMP-0292,2025-03-21,ONCHAIN_SCAN,HIGH,,Circle
CU-ACT-0293,2025-03-22,UNBLACKLIST,0xd4b88df4d29f5cedd6857912842cff3b20c8cfa3,ADDRESS,,,,ACTIVE,,,,,CU-TRG-0053,,CU-IMP-0293,2025-03-21,ONCHAIN_SCAN,HIGH,,Circle
CU-ACT-0294,2025-03-22,UNBLACKLIST,0x910cbd523d972eb0a6f4cae4618ad62622b39dbf,ADDRESS,,,,ACTIVE,,,,,CU-TRG-0053,,CU-IMP-0294,2025-03-21,ONCHAIN_SCAN,HIGH,,Circle
CU-ACT-0295,2025-03-22,UNBLACKLIST,0xa160cdab225685da1d56aa342ad8841c3b53f291,ADDRESS,,,,ACTIVE,,,,,CU-TRG-0053,,CU-IMP-0295,2025-03-21,ONCHAIN_SCAN,HIGH,,Circle
CU-ACT-0296,2025-03-22,UNBLACKLIST,0xfd8610d20aa15b7b2e3be39b396a1bc3516c7144,ADDRESS,,,,ACTIVE,,,,,CU-TRG-0053,,CU-IMP-0296,2025-03-21,ONCHAIN_SCAN,HIGH,,Circle
CU-ACT-0297,2025-03-22,UNBLACKLIST,0xf60dd140cff0706bae9cd734ac3ae76ad9ebc32a,ADDRESS,,,,ACTIVE,,,,,CU-TRG-0053,,CU-IMP-0297,2025-03-21,ONCHAIN_SCAN,HIGH,,Circle
CU-ACT-0298,2025-03-22,UNBLACKLIST,0x22aaa7720ddd5388a3c0a3333430953c68f1849b,ADDRESS,,,,ACTIVE,,,,,CU-TRG-0053,,CU-IMP-0298,2025-03-21,ONCHAIN_SCAN,HIGH,,Circle
CU-ACT-0299,2025-03-22,UNBLACKLIST,0xba214c1c1928a32bffe790263e38b4af9bfcd659,ADDRESS,,,,ACTIVE,,,,,CU-TRG-0053,,CU-IMP-0299,2025-03-21,ONCHAIN_SCAN,HIGH,,Circle
CU-ACT-0300,2025-03-22,UNBLACKLIST,0xb1c8094b234dce6e03f10a5b673c1d8c69739a00,ADDRESS,,,,ACTIVE,,,,,CU-TRG-0053,,CU-IMP-0300,2025-03-21,ONCHAIN_SCAN,HIGH,,Circle
CU-ACT-0301,2025-03-22,UNBLACKLIST,0x527653ea119f3e6a1f5bd18fbf4714081d7b31ce,ADDRESS,,,,ACTIVE,,,,,CU-TRG-0053,,CU-IMP-0301,2025-03-21,ONCHAIN_SCAN,HIGH,,Circle
CU-ACT-0302,2025-03-22,UNBLACKLIST,0x58e8dcc13be9780fc42e8723d8ead4cf46943df2,ADDRESS,,,,ACTIVE,,,,,CU-TRG-0053,,CU-IMP-0302,2025-03-21,ONCHAIN_SCAN,HIGH,,Circle
CU-ACT-0303,2025-03-22,UNBLACKLIST,0xd691f27f38b395864ea86cfc7253969b409c362d,ADDRESS,,,,ACTIVE,,,,,CU-TRG-0053,,CU-IMP-0303,2025-03-21,ONCHAIN_SCAN,HIGH,,Circle
CU-ACT-0304,2025-03-22,UNBLACKLIST,0xaeaac358560e11f52454d997aaff2c5731b6f8a6,ADDRESS,,,,ACTIVE,,,,,CU-TRG-0053,,CU-IMP-0304,2025-03-21,ONCHAIN_SCAN,HIGH,,Circle
CU-ACT-0305,2025-03-22,UNBLACKLIST,0x1356c899d8c9467c7f71c195612f8a395abf2f0a,ADDRESS,,,,ACTIVE,,,,,CU-TRG-0053,,CU-IMP-0305,2025-03-21,ONCHAIN_SCAN,HIGH,,Circle
CU-ACT-0306,2025-03-22,UNBLACKLIST,0xa60c772958a3ed56c1f15dd055ba37ac8e523a0d,ADDRESS,,,,ACTIVE,,,,,CU-TRG-0053,,CU-IMP-0306,2025-03-21,ONCHAIN_SCAN,HIGH,,Circle
CU-ACT-0307,2025-03-22,UNBLACKLIST,0x169ad27a470d064dede56a2d3ff727986b15d52b,ADDRESS,,,,ACTIVE,,,,,CU-TRG-0053,,CU-IMP-0307,2025-03-21,ONCHAIN_SCAN,HIGH,,Circle
CU-ACT-0308,2025-03-22,UNBLACKLIST,0x0836222f2b2b24a3f36f98668ed8f0b38d1a872f,ADDRESS,,,,ACTIVE,,,,,CU-TRG-0053,,CU-IMP-0308,2025-03-21,ONCHAIN_SCAN,HIGH,,Circle
CU-ACT-0309,2025-03-22,UNBLACKLIST,0xf67721a2d8f736e75a49fdd7fad2e31d8676542a,ADDRESS,,,,ACTIVE,,,,,CU-TRG-0053,,CU-IMP-0309,2025-03-21,ONCHAIN_SCAN,HIGH,,Circle
CU-ACT-0310,2025-03-22,UNBLACKLIST,0x9ad122c22b14202b4490edaf288fdb3c7cb3ff5e,ADDRESS,,,,ACTIVE,,,,,CU-TRG-0053,,CU-IMP-0310,2025-03-21,ONCHAIN_SCAN,HIGH,,Circle
CU-ACT-0311,2025-03-22,UNBLACKLIST,0x07687e702b410fa43f4cb4af7fa097918ffd2730,ADDRESS,,,,ACTIVE,,,,,CU-TRG-0053,,CU-IMP-0311,2025-03-21,ONCHAIN_SCAN,HIGH,,Circle
CU-ACT-0312,2025-03-22,UNBLACKLIST,0x94a1b5cdb22c43faab4abeb5c74999895464ddaf,ADDRESS,,,,ACTIVE,,,,,CU-TRG-0053,,CU-IMP-0312,2025-03-21,ONCHAIN_SCAN,HIGH,,Circle
CU-ACT-0313,2025-03-22,UNBLACKLIST,0xb541fc07bc7619fd4062a54d96268525cbc6ffef,ADDRESS,,,,ACTIVE,,,,,CU-TRG-0053,,CU-IMP-0313,2025-03-21,ONCHAIN_SCAN,HIGH,,Circle
CU-ACT-0314,2025-03-22,UNBLACKLIST,0x12d66f87a04a9e220743712ce6d9bb1b5616b8fc,ADDRESS,,,,ACTIVE,,,,,CU-TRG-0053,,CU-IMP-0314,2025-03-21,ONCHAIN_SCAN,HIGH,,Circle
CU-ACT-0315,2025-03-22,UNBLACKLIST,0x47ce0c6ed5b0ce3d3a51fdb1c52dc66a7c3c2936,ADDRESS,,,,ACTIVE,,,,,CU-TRG-0053,,CU-IMP-0315,2025-03-21,ONCHAIN_SCAN,HIGH,,Circle
CU-ACT-0316,2025-03-22,UNBLACKLIST,0x23773e65ed146a459791799d01336db287f25334,ADDRESS,,,,ACTIVE,,,,,CU-TRG-0053,,CU-IMP-0316,2025-03-21,ONCHAIN_SCAN,HIGH,,Circle
CU-ACT-0317,2025-03-22,UNBLACKLIST,0xd21be7248e0197ee08e0c20d4a96debdac3d20af,ADDRESS,,,,ACTIVE,,,,,CU-TRG-0053,,CU-IMP-0317,2025-03-21,ONCHAIN_SCAN,HIGH,,Circle
CU-ACT-0318,2025-03-22,UNBLACKLIST,0x610b717796ad172b316836ac95a2ffad065ceab4,ADDRESS,,,,ACTIVE,,,,,CU-TRG-0053,,CU-IMP-0318,2025-03-21,ONCHAIN_SCAN,HIGH,,Circle
CU-ACT-0319,2025-03-22,UNBLACKLIST,0x178169b423a011fff22b9e3f3abea13414ddd0f1,ADDRESS,,,,ACTIVE,,,,,CU-TRG-0053,,CU-IMP-0319,2025-03-21,ONCHAIN_SCAN,HIGH,,Circle
CU-ACT-0320,2025-03-22,UNBLACKLIST,0xbb93e510bbcd0b7beb5a853875f9ec60275cf498,ADDRESS,,,,ACTIVE,,,,,CU-TRG-0053,,CU-IMP-0320,2025-03-21,ONCHAIN_SCAN,HIGH,,Circle
CU-ACT-0321,2025-03-22,UNBLACKLIST,0x2717c5e28cf931547b621a5dddb772ab6a35b701,ADDRESS,,,,ACTIVE,,,,,CU-TRG-0053,,CU-IMP-0321,2025-03-21,ONCHAIN_SCAN,HIGH,,Circle
CU-ACT-0322,2025-03-22,UNBLACKLIST,0x03893a7c7463ae47d46bc7f091665f1893656003,ADDRESS,,,,ACTIVE,,,,,CU-TRG-0053,,CU-IMP-0322,2025-03-21,ONCHAIN_SCAN,HIGH,,Circle
CU-ACT-0323,2025-03-22,UNBLACKLIST,0xca0840578f57fe71599d29375e16783424023357,ADDRESS,,,,ACTIVE,,,,,CU-TRG-0053,,CU-IMP-0323,2025-03-21,ONCHAIN_SCAN,HIGH,,Circle
CU-ACT-0324,2025-03-22,UNBLACKLIST,0x01e2919679362dfbc9ee1644ba9c6da6d6245bb1,ADDRESS,,,,ACTIVE,,,,,CU-TRG-0053,,CU-IMP-0324,,ONCHAIN_SCAN,HIGH,,Circle
CU-ACT-0325,2025-03-22,UNBLACKLIST,0x09193888b3f38c82dedfda55259a82c0e7de875e,ADDRESS,,,,ACTIVE,,,,,CU-TRG-0053,,CU-IMP-0325,,ONCHAIN_SCAN,HIGH,,Circle
CU-ACT-0326,2025-03-22,UNBLACKLIST,0x179f48c78f57a3a78f0608cc9197b8972921d1d2,ADDRESS,,,,ACTIVE,,,,,CU-TRG-0053,,CU-IMP-0326,,ONCHAIN_SCAN,HIGH,,Circle
CU-ACT-0327,2025-03-22,UNBLACKLIST,0x2573bac39ebe2901b4389cd468f2872cf7767faf,ADDRESS,,,,ACTIVE,,,,,CU-TRG-0053,,CU-IMP-0327,,ONCHAIN_SCAN,HIGH,,Circle
CU-ACT-0328,2025-03-22,UNBLACKLIST,0x26903a5a198d571422b2b4ea08b56a37cbd68c89,ADDRESS,,,,ACTIVE,,,,,CU-TRG-0053,,CU-IMP-0328,,ONCHAIN_SCAN,HIGH,,Circle
CU-ACT-0329,2025-03-22,UNBLACKLIST,0x2f50508a8a3d323b91336fa3ea6ae50e55f32185,ADDRESS,,,,ACTIVE,,,,,CU-TRG-0053,,CU-IMP-0329,,ONCHAIN_SCAN,HIGH,,Circle
CU-ACT-0330,2025-03-22,UNBLACKLIST,0x2fc93484614a34f26f7970cbb94615ba109bb4bf,ADDRESS,,,,ACTIVE,,,,,CU-TRG-0053,,CU-IMP-0330,,ONCHAIN_SCAN,HIGH,,Circle
CU-ACT-0331,2025-03-22,UNBLACKLIST,0x3efa30704d2b8bbac821307230376556cf8cc39e,ADDRESS,,,,ACTIVE,,,,,CU-TRG-0053,,CU-IMP-0331,,ONCHAIN_SCAN,HIGH,,Circle
CU-ACT-0332,2025-03-22,UNBLACKLIST,0x5cab7692d4e94096462119ab7bf57319726eed2a,ADDRESS,,,,ACTIVE,,,,,CU-TRG-0053,,CU-IMP-0332,,ONCHAIN_SCAN,HIGH,,Circle
CU-ACT-0333,2025-03-22,UNBLACKLIST,0x5efda50f22d34f262c29268506c5fa42cb56a1ce,ADDRESS,,,,ACTIVE,,,,,CU-TRG-0053,,CU-IMP-0333,,ONCHAIN_SCAN,HIGH,,Circle
CU-ACT-0334,2025-03-22,UNBLACKLIST,0x5f6c97c6ad7bdd0ae7e0dd4ca33a4ed3fdabd4d7,ADDRESS,,,,ACTIVE,,,,,CU-TRG-0053,,CU-IMP-0334,,ONCHAIN_SCAN,HIGH,,Circle
CU-ACT-0335,2025-03-22,UNBLACKLIST,0x653477c392c16b0765603074f157314cc4f40c32,ADDRESS,,,,ACTIVE,,,,,CU-TRG-0053,,CU-IMP-0335,,ONCHAIN_SCAN,HIGH,,Circle
CU-ACT-0336,2025-03-22,UNBLACKLIST,0x746aebc06d2ae31b71ac51429a19d54e797878e9,ADDRESS,,,,ACTIVE,,,,,CU-TRG-0053,,CU-IMP-0336,,ONCHAIN_SCAN,HIGH,,Circle
CU-ACT-0337,2025-03-22,UNBLACKLIST,0x756c4628e57f7e7f8a459ec2752968360cf4d1aa,ADDRESS,,,,ACTIVE,,,,,CU-TRG-0053,,CU-IMP-0337,,ONCHAIN_SCAN,HIGH,,Circle
CU-ACT-0338,2025-03-22,UNBLACKLIST,0x77777feddddffc19ff86db637967013e6c6a116c,ADDRESS,,,,ACTIVE,,,,,CU-TRG-0053,,CU-IMP-0338,,ONCHAIN_SCAN,HIGH,,Circle
CU-ACT-0339,2025-03-22,UNBLACKLIST,0x88fd245fedec4a936e700f9173454d1931b4c307,ADDRESS,,,,ACTIVE,,,,,CU-TRG-0053,,CU-IMP-0339,,ONCHAIN_SCAN,HIGH,,Circle
CU-ACT-0340,2025-03-22,UNBLACKLIST,0x94c92f096437ab9958fc0a37f09348f30389ae79,ADDRESS,,,,ACTIVE,,,,,CU-TRG-0053,,CU-IMP-0340,,ONCHAIN_SCAN,HIGH,,Circle
CU-ACT-0341,2025-03-22,UNBLACKLIST,0xb04e030140b30c27bcdfaafffa98c57d80eda7b4,ADDRESS,,,,ACTIVE,,,,,CU-TRG-0053,,CU-IMP-0341,,ONCHAIN_SCAN,HIGH,,Circle
CU-ACT-0342,2025-03-22,UNBLACKLIST,0xb20c66c4de72433f3ce747b58b86830c459ca911,ADDRESS,,,,ACTIVE,,,,,CU-TRG-0053,,CU-IMP-0342,,ONCHAIN_SCAN,HIGH,,Circle
CU-ACT-0343,2025-03-22,UNBLACKLIST,0xcee71753c9820f063b38fdbe4cfdaf1d3d928a80,ADDRESS,,,,ACTIVE,,,,,CU-TRG-0053,,CU-IMP-0343,,ONCHAIN_SCAN,HIGH,,Circle
CU-ACT-0344,2025-03-22,UNBLACKLIST,0xd82ed8786d7c69dc7e052f7a542ab047971e73d2,ADDRESS,,,,ACTIVE,,,,,CU-TRG-0053,,CU-IMP-0344,,ONCHAIN_SCAN,HIGH,,Circle
CU-ACT-0345,2025-03-22,UNBLACKLIST,0xf4b067dd14e95bab89be928c07cb22e3c94e0daa,ADDRESS,,,,ACTIVE,,,,,CU-TRG-0053,,CU-IMP-0345,,ONCHAIN_SCAN,HIGH,,Circle
CU-ACT-0346,2025-03-22,UNBLACKLIST,0xffbac21a641dcfe4552920138d90f3638b3c9fba,ADDRESS,,,,ACTIVE,,,,,CU-TRG-0053,,CU-IMP-0346,,ONCHAIN_SCAN,HIGH,,Circle
CU-ACT-0347,2025-03-22,UNBLACKLIST,0xd692fd2d0b2fbd2e52cfa5b5b9424bc981c30696,ADDRESS,,,,ACTIVE,,,,,CU-TRG-0053,,CU-IMP-0347,,ONCHAIN_SCAN,HIGH,,Circle
CU-ACT-0348,2025-03-22,UNBLACKLIST,0xd8d7de3349ccaa0fde6298fe6d7b7d0d34586193,ADDRESS,,,,ACTIVE,,,,,CU-TRG-0053,,CU-IMP-0348,,ONCHAIN_SCAN,HIGH,,Circle
CU-ACT-0349,2025-03-22,UNBLACKLIST,0xdf3a408c53e5078af6e8fb2a85088d46ee09a61b,ADDRESS,,,,ACTIVE,,,,,CU-TRG-0053,,CU-IMP-0349,,ONCHAIN_SCAN,HIGH,,Circle
CU-ACT-0350,2025-03-22,UNBLACKLIST,0x1e34a77868e19a6647b1f2f47b51ed72dede95dd,ADDRESS,,,,ACTIVE,,,,,CU-TRG-0053,,CU-IMP-0350,,ONCHAIN_SCAN,HIGH,,Circle
CU-ACT-0351,2025-03-22,UNBLACKLIST,0x23173fe8b96a4ad8d2e17fb83ea5dcccdca1ae52,ADDRESS,,,,ACTIVE,,,,,CU-TRG-0053,,CU-IMP-0351,,ONCHAIN_SCAN,HIGH,,Circle
CU-ACT-0352,2025-03-22,UNBLACKLIST,0x242654336ca2205714071898f67e254eb49acdce,ADDRESS,,,,ACTIVE,,,,,CU-TRG-0053,,CU-IMP-0352,,ONCHAIN_SCAN,HIGH,,Circle
CU-ACT-0353,2025-03-22,UNBLACKLIST,0x330bdfade01ee9bf63c209ee33102dd334618e0a,ADDRESS,,,,ACTIVE,,,,,CU-TRG-0053,,CU-IMP-0353,,ONCHAIN_SCAN,HIGH,,Circle
CU-ACT-0354,2025-03-22,UNBLACKLIST,0x3aac1cc67c2ec5db4ea850957b967ba153ad6279,ADDRESS,,,,ACTIVE,,,,,CU-TRG-0053,,CU-IMP-0354,,ONCHAIN_SCAN,HIGH,,Circle
CU-ACT-0355,2025-03-22,UNBLACKLIST,0x407cceeaa7c95d2fe2250bf9f2c105aa7aafb512,ADDRESS,,,,ACTIVE,,,,,CU-TRG-0053,,CU-IMP-0355,,ONCHAIN_SCAN,HIGH,,Circle
CU-ACT-0356,2025-03-22,UNBLACKLIST,0x538ab61e8a9fc1b2f93b3dd9011d662d89be6fe6,ADDRESS,,,,ACTIVE,,,,,CU-TRG-0053,,CU-IMP-0356,,ONCHAIN_SCAN,HIGH,,Circle
CU-ACT-0357,2025-03-22,UNBLACKLIST,0x57b2b8c82f065de8ef5573f9730fc1449b403c9f,ADDRESS,,,,ACTIVE,,,,,CU-TRG-0053,,CU-IMP-0357,,ONCHAIN_SCAN,HIGH,,Circle
CU-ACT-0358,2025-03-22,UNBLACKLIST,0x6bf694a291df3fec1f7e69701e3ab6c592435ae7,ADDRESS,,,,ACTIVE,,,,,CU-TRG-0053,,CU-IMP-0358,,ONCHAIN_SCAN,HIGH,,Circle
CU-ACT-0359,2025-03-22,UNBLACKLIST,0x723b78e67497e85279cb204544566f4dc5d2aca0,ADDRESS,,,,ACTIVE,,,,,CU-TRG-0053,,CU-IMP-0359,,ONCHAIN_SCAN,HIGH,,Circle
CU-ACT-0360,2025-03-22,UNBLACKLIST,0x743494b60097a2230018079c02fe21a7b687eaa5,ADDRESS,,,,ACTIVE,,,,,CU-TRG-0053,,CU-IMP-0360,,ONCHAIN_SCAN,HIGH,,Circle
CU-ACT-0361,2025-03-22,UNBLACKLIST,0x76d85b4c0fc497eecc38902397ac608000a06607,ADDRESS,,,,ACTIVE,,,,,CU-TRG-0053,,CU-IMP-0361,,ONCHAIN_SCAN,HIGH,,Circle
CU-ACT-0362,2025-03-22,UNBLACKLIST,0x776198ccf446dfa168347089d7338879273172cf,ADDRESS,,,,ACTIVE,,,,,CU-TRG-0053,,CU-IMP-0362,,ONCHAIN_SCAN,HIGH,,Circle
CU-ACT-0363,2025-03-22,UNBLACKLIST,0x8281aa6795ade17c8973e1aedca380258bc124f9,ADDRESS,,,,ACTIVE,,,,,CU-TRG-0053,,CU-IMP-0363,,ONCHAIN_SCAN,HIGH,,Circle
CU-ACT-0364,2025-03-22,UNBLACKLIST,0x833481186f16cece3f1eeea1a694c42034c3a0db,ADDRESS,,,,ACTIVE,,,,,CU-TRG-0053,,CU-IMP-0364,,ONCHAIN_SCAN,HIGH,,Circle
CU-ACT-0365,2025-03-22,UNBLACKLIST,0x84443cfd09a48af6ef360c6976c5392ac5023a1f,ADDRESS,,,,ACTIVE,,,,,CU-TRG-0053,,CU-IMP-0365,,ONCHAIN_SCAN,HIGH,,Circle
CU-ACT-0366,2025-03-22,UNBLACKLIST,0x94be88213a387e992dd87de56950a9aef34b9448,ADDRESS,,,,ACTIVE,,,,,CU-TRG-0053,,CU-IMP-0366,,ONCHAIN_SCAN,HIGH,,Circle
CU-ACT-0367,2025-03-22,UNBLACKLIST,0xa5c2254e4253490c54cef0a4347fddb8f75a4998,ADDRESS,,,,ACTIVE,,,,,CU-TRG-0053,,CU-IMP-0367,,ONCHAIN_SCAN,HIGH,,Circle
CU-ACT-0368,2025-03-22,UNBLACKLIST,0xaf4c0b70b2ea9fb7487c7cbb37ada259579fe040,ADDRESS,,,,ACTIVE,,,,,CU-TRG-0053,,CU-IMP-0368,,ONCHAIN_SCAN,HIGH,,Circle
CU-ACT-0369,2025-03-22,UNBLACKLIST,0xaf8d1839c3c67cf571aa74b5c12398d4901147b3,ADDRESS,,,,ACTIVE,,,,,CU-TRG-0053,,CU-IMP-0369,,ONCHAIN_SCAN,HIGH,,Circle
CU-ACT-0370,2025-03-22,UNBLACKLIST,0xcc84179ffd19a1627e79f8648d09e095252bc418,ADDRESS,,,,ACTIVE,,,,,CU-TRG-0053,,CU-IMP-0370,,ONCHAIN_SCAN,HIGH,,Circle
CU-ACT-0371,2025-03-22,UNBLACKLIST,0xd47438c816c9e7f2e2888e060936a499af9582b3,ADDRESS,,,,ACTIVE,,,,,CU-TRG-0053,,CU-IMP-0371,,ONCHAIN_SCAN,HIGH,,Circle
CU-ACT-0372,2025-03-22,UNBLACKLIST,0xd5d6f8d9e784d0e26222ad3834500801a68d027d,ADDRESS,,,,ACTIVE,,,,,CU-TRG-0053,,CU-IMP-0372,,ONCHAIN_SCAN,HIGH,,Circle
CU-ACT-0373,2025-03-22,UNBLACKLIST,0xdf231d99ff8b6c6cbf4e9b9a945cbacef9339178,ADDRESS,,,,ACTIVE,,,,,CU-TRG-0053,,CU-IMP-0373,,ONCHAIN_SCAN,HIGH,,Circle
CU-ACT-0374,2025-03-22,UNBLACKLIST,0xedc5d01286f99a066559f60a585406f3878a033e,ADDRESS,,,,ACTIVE,,,,,CU-TRG-0053,,CU-IMP-0374,,ONCHAIN_SCAN,HIGH,,Circle
CU-ACT-0375,2025-03-22,UNBLACKLIST,0x0e3a09dda6b20afbb34ac7cd4a6881493f3e7bf7,ADDRESS,,,,ACTIVE,,,,,CU-TRG-0053,,CU-IMP-0375,,ONCHAIN_SCAN,HIGH,,Circle
CU-ACT-0376,2025-03-22,UNBLACKLIST,0x05e0b5b40b7b66098c2161a5ee11c5740a3a7c45,ADDRESS,,,,ACTIVE,,,,,CU-TRG-0053,,CU-IMP-0376,,ONCHAIN_SCAN,HIGH,,Circle
CU-ACT-0377,2025-03-26,BLACKLIST,0x8244dc80a19fc68e4f26d2f41992409d2a0bb2bb,ADDRESS,,,,ACTIVE,,,,,,,CU-IMP-0377,,ONCHAIN_SCAN,HIGH,,Circle
CU-ACT-0378,2025-03-26,BLACKLIST,0xbe10a20daf62e499d73b3e2009612a54ce4439ea,ADDRESS,,,,ACTIVE,,,,,,,CU-IMP-0378,,ONCHAIN_SCAN,HIGH,,Circle
CU-ACT-0379,2025-03-27,BLACKLIST,0x02c7861d81d95827a0453ce0de50794102dc6365,ADDRESS,,,,ACTIVE,,,,,,,CU-IMP-0379,,ONCHAIN_SCAN,HIGH,,Circle
CU-ACT-0380,2025-04-02,BLACKLIST,0x16f068ea913a912c62114a873b678b1aa9236585,ADDRESS,SANCTIONED_ENTITY,CU-ENT-0051,,ACTIVE,,,,,CU-TRG-0045,,CU-IMP-0380,2025-04-02,ONCHAIN_SCAN,HIGH,,Circle
CU-ACT-0381,2025-04-02,BLACKLIST,0x9acfa7136bd9ee19fc2c4517e2033705262f938c,ADDRESS,SANCTIONED_ENTITY,CU-ENT-0051,,ACTIVE,,,,,CU-TRG-0045,,CU-IMP-0381,2025-04-02,ONCHAIN_SCAN,HIGH,,Circle
CU-ACT-0382,2025-04-02,BLACKLIST,0xe942adb085bdc3cd49ad2ddaea53934f12a7e0a5,ADDRESS,SANCTIONED_ENTITY,CU-ENT-0051,,ACTIVE,,,,,CU-TRG-0045,,CU-IMP-0382,2025-04-02,ONCHAIN_SCAN,HIGH,,Circle
CU-ACT-0383,2025-04-02,BLACKLIST,0x4755da10f30da425a1b5f12166bec82600c48c79,ADDRESS,SANCTIONED_ENTITY,CU-ENT-0051,,ACTIVE,,,,,CU-TRG-0045,,CU-IMP-0383,2025-04-02,ONCHAIN_SCAN,HIGH,,Circle
CU-ACT-0384,2025-04-02,BLACKLIST,0x2b872fc6d0614e39150d078db0e2ff56650f2b4b,ADDRESS,SANCTIONED_ENTITY,CU-ENT-0051,,ACTIVE,,,,,CU-TRG-0045,,CU-IMP-0384,2025-04-02,ONCHAIN_SCAN,HIGH,,Circle
CU-ACT-0385,2025-04-02,BLACKLIST,0x7a01e8268bbb7b5b7403b673aa0b9d7b36f651aa,ADDRESS,SANCTIONED_ENTITY,CU-ENT-0051,,ACTIVE,,,,,CU-TRG-0045,,CU-IMP-0385,2025-04-02,ONCHAIN_SCAN,HIGH,,Circle
CU-ACT-0386,2025-04-02,BLACKLIST,0x2a4c4406a0495116aa880c57486cb876658d8aa1,ADDRESS,SANCTIONED_ENTITY,CU-ENT-0051,,ACTIVE,,,,,CU-TRG-0045,,CU-IMP-0386,2025-04-02,ONCHAIN_SCAN,HIGH,,Circle
CU-ACT-0387,2025-04-02,BLACKLIST,0xd9471e6c644756e845e4a10260362ab9a3a9845a,ADDRESS,SANCTIONED_ENTITY,CU-ENT-0051,,ACTIVE,,,,,CU-TRG-0045,,CU-IMP-0387,2025-04-02,ONCHAIN_SCAN,HIGH,,Circle
CU-ACT-0388,2025-04-11,BLACKLIST,0x59a16c427f3a3584ae9fab84f47a3a9518c04272,ADDRESS,,,,ACTIVE,,,,,,,CU-IMP-0388,,ONCHAIN_SCAN,HIGH,,Circle
CU-ACT-0389,2025-04-24,BLACKLIST,0x072cc4898cabe51a937f2bf4265c69c4203c0d8c,ADDRESS,,,,ACTIVE,,,,,,,CU-IMP-0389,,ONCHAIN_SCAN,HIGH,,Circle
CU-ACT-0390,2025-04-24,BLACKLIST,0xde787f609e75513a86d53b2a15011db78fb5f2bc,ADDRESS,,,,ACTIVE,,,,,,,CU-IMP-0390,,ONCHAIN_SCAN,HIGH,,Circle
CU-ACT-0391,2025-04-26,BLACKLIST,0xdbb512422e1efec898ff5ec00739b3ff8bc7caef,ADDRESS,,,,ACTIVE,,,,,,,CU-IMP-0391,,ONCHAIN_SCAN,HIGH,,Circle
CU-ACT-0392,2025-04-26,BLACKLIST,0xe883711e2fcf199727a9dabfe48b7d90ef9aa6af,ADDRESS,,,,ACTIVE,,,,,,,CU-IMP-0392,,ONCHAIN_SCAN,HIGH,,Circle
CU-ACT-0393,2025-05-15,BLACKLIST,0xd360752c7f5df88c6b42391940e11a6fd491e645,ADDRESS,,,,REVERSED,CU-ACT-0628,,,,,,CU-IMP-0393,,ONCHAIN_SCAN,HIGH,,Circle
CU-ACT-0394,2025-05-29,BLACKLIST,0xd5ed34b52ac4ab84d8fa8a231a3218bbf01ed510,ADDRESS,sanctioned_entity,CU-ENT-0031,,ACTIVE,,,,,CU-TRG-0031,,CU-IMP-0394,,ONCHAIN_SCAN,HIGH,,Circle
CU-ACT-0395,2025-05-29,BLACKLIST,0x8c5f37d4db13967643e33d5404f66f86569221ca,ADDRESS,SANCTIONED_ENTITY,CU-ENT-0031,,ACTIVE,,,,,CU-TRG-0031,,CU-IMP-0395,2025-05-29,ONCHAIN_SCAN,HIGH,,Circle
CU-ACT-0396,2025-05-30,BLACKLIST,0x037823d2320c81a62721c0444160e053b19f45c4,ADDRESS,,,,REVERSED,CU-ACT-0750,,,,,,CU-IMP-0396,,ONCHAIN_SCAN,HIGH,,Circle
CU-ACT-0397,2025-05-30,BLACKLIST,0xe6a52b4829dee5ae37e383087f5bf1fac6983b44,ADDRESS,,,,REVERSED,CU-ACT-0751,,,,,,CU-IMP-0397,,ONCHAIN_SCAN,HIGH,,Circle
CU-ACT-0398,2025-05-30,BLACKLIST,0xbf73b75c821b3fc656b4e6f33e36013fbaa036e3,ADDRESS,,,,REVERSED,CU-ACT-0757,,,,,,CU-IMP-0398,,ONCHAIN_SCAN,HIGH,,Circle
CU-ACT-0399,2025-05-30,BLACKLIST,0x5b34604cad96abc062ca93b895da102281c8940f,ADDRESS,,,,REVERSED,CU-ACT-0759,,,,,,CU-IMP-0399,,ONCHAIN_SCAN,HIGH,,Circle
CU-ACT-0400,2025-05-30,BLACKLIST,0xb62d9e45688a40f101645351a6cee269cba5a5b9,ADDRESS,,,,REVERSED,CU-ACT-0758,,,,,,CU-IMP-0400,,ONCHAIN_SCAN,HIGH,,Circle
CU-ACT-0401,2025-05-30,BLACKLIST,0x20b575570a487024fa8fd26bf7be29ce91b58af0,ADDRESS,,,,REVERSED,CU-ACT-0756,,,,,,CU-IMP-0401,,ONCHAIN_SCAN,HIGH,,Circle
CU-ACT-0402,2025-06-01,BLACKLIST,0xa86cb571904577001427711f3e03133b5279090f,ADDRESS,,,,ACTIVE,,,,,,,CU-IMP-0402,,ONCHAIN_SCAN,HIGH,,Circle
CU-ACT-0403,2025-06-01,BLACKLIST,0x802f0bf20331540aa880b3dec2e4aa3ab59b969e,ADDRESS,,,,ACTIVE,,,,,,,CU-IMP-0403,,ONCHAIN_SCAN,HIGH,,Circle
CU-ACT-0404,2025-06-12,BLACKLIST,0x2dbdaed0c4344b884f69857cab554c8de83fa4c6,ADDRESS,,,,ACTIVE,,,,,,,CU-IMP-0404,,ONCHAIN_SCAN,HIGH,,Circle
CU-ACT-0405,2025-06-13,BLACKLIST,0xe6d328eb45bd03b2cbb801a0c4a93c993f735b76,ADDRESS,,,,ACTIVE,,,,,,,CU-IMP-0405,,ONCHAIN_SCAN,HIGH,,Circle
CU-ACT-0406,2025-06-20,BLACKLIST,0x89012a55cd6b88e407c9d4ae9b3425f55924919b,ADDRESS,stolen_funds,CU-ENT-0060,,ACTIVE,,,CU-INC-0005,,CU-TRG-0055,,CU-IMP-0406,,ONCHAIN_SCAN,HIGH,notes/zachxbt-thread-crossref.md,Circle
CU-ACT-0407,2025-06-25,BLACKLIST,0xb1fcda2d2dd445eeeb09c1d03b73519a1956f311,ADDRESS,,,,ACTIVE,,,,,,,CU-IMP-0407,,ONCHAIN_SCAN,HIGH,,Circle
CU-ACT-0408,2025-06-26,BLACKLIST,0x5ad59bc969beef5afc862ceb2e00f563bcd29ae6,ADDRESS,,,,ACTIVE,,,,,,,CU-IMP-0408,,ONCHAIN_SCAN,HIGH,,Circle
CU-ACT-0409,2025-06-27,BLACKLIST,0x53b9b72dc6f96eb4b54143b211b22e2548e4cf5c,ADDRESS,,,,ACTIVE,,,,,CU-TRG-0040,,CU-IMP-0409,2026-03-25,ONCHAIN_SCAN,HIGH,,Circle
CU-ACT-0410,2025-06-28,BLACKLIST,0xe3740c1b2fcda407027e2c80906306604e5260e7,ADDRESS,,,,ACTIVE,,,,,,,CU-IMP-0410,,ONCHAIN_SCAN,HIGH,,Circle
CU-ACT-0411,2025-06-30,BLACKLIST,0xfa3576591b710cd8a68f22fc10281f39f88d8cb1,ADDRESS,,,,REVERSED,CU-ACT-0412,,,,,,CU-IMP-0411,,ONCHAIN_SCAN,HIGH,,Circle
CU-ACT-0412,2025-06-30,UNBLACKLIST,0xfa3576591b710cd8a68f22fc10281f39f88d8cb1,ADDRESS,,,,ACTIVE,,,,,,,CU-IMP-0412,,ONCHAIN_SCAN,HIGH,,Circle
CU-ACT-0413,2025-06-30,UNBLACKLIST,0xfa3576591b710cd8a68f22fc10281f39f88d8cb1,ADDRESS,,,,ACTIVE,,,,,,,CU-IMP-0413,,ONCHAIN_SCAN,HIGH,,Circle
CU-ACT-0414,2025-06-30,UNBLACKLIST,0xfa3576591b710cd8a68f22fc10281f39f88d8cb1,ADDRESS,,,,ACTIVE,,,,,,,CU-IMP-0414,,ONCHAIN_SCAN,HIGH,,Circle
CU-ACT-0415,2025-06-30,UNBLACKLIST,0xfa3576591b710cd8a68f22fc10281f39f88d8cb1,ADDRESS,,,,ACTIVE,,,,,,,CU-IMP-0415,,ONCHAIN_SCAN,HIGH,,Circle
CU-ACT-0416,2025-06-30,UNBLACKLIST,0xfa3576591b710cd8a68f22fc10281f39f88d8cb1,ADDRESS,,,,ACTIVE,,,,,,,CU-IMP-0416,,ONCHAIN_SCAN,HIGH,,Circle
CU-ACT-0417,2025-06-30,UNBLACKLIST,0xfa3576591b710cd8a68f22fc10281f39f88d8cb1,ADDRESS,,,,ACTIVE,,,,,,,CU-IMP-0417,,ONCHAIN_SCAN,HIGH,,Circle
CU-ACT-0418,2025-06-30,UNBLACKLIST,0xfa3576591b710cd8a68f22fc10281f39f88d8cb1,ADDRESS,,,,ACTIVE,,,,,,,CU-IMP-0418,,ONCHAIN_SCAN,HIGH,,Circle
CU-ACT-0419,2025-06-30,UNBLACKLIST,0xfa3576591b710cd8a68f22fc10281f39f88d8cb1,ADDRESS,,,,ACTIVE,,,,,,,CU-IMP-0419,,ONCHAIN_SCAN,HIGH,,Circle
CU-ACT-0420,2025-06-30,UNBLACKLIST,0xfa3576591b710cd8a68f22fc10281f39f88d8cb1,ADDRESS,,,,ACTIVE,,,,,,,CU-IMP-0420,,ONCHAIN_SCAN,HIGH,,Circle
CU-ACT-0421,2025-06-30,UNBLACKLIST,0xfa3576591b710cd8a68f22fc10281f39f88d8cb1,ADDRESS,,,,ACTIVE,,,,,,,CU-IMP-0421,,ONCHAIN_SCAN,HIGH,,Circle
CU-ACT-0422,2025-06-30,UNBLACKLIST,0xfa3576591b710cd8a68f22fc10281f39f88d8cb1,ADDRESS,,,,ACTIVE,,,,,,,CU-IMP-0422,,ONCHAIN_SCAN,HIGH,,Circle
CU-ACT-0423,2025-06-30,UNBLACKLIST,0xfa3576591b710cd8a68f22fc10281f39f88d8cb1,ADDRESS,,,,ACTIVE,,,,,,,CU-IMP-0423,,ONCHAIN_SCAN,HIGH,,Circle
CU-ACT-0424,2025-06-30,UNBLACKLIST,0xfa3576591b710cd8a68f22fc10281f39f88d8cb1,ADDRESS,,,,ACTIVE,,,,,,,CU-IMP-0424,,ONCHAIN_SCAN,HIGH,,Circle
CU-ACT-0425,2025-06-30,UNBLACKLIST,0xfa3576591b710cd8a68f22fc10281f39f88d8cb1,ADDRESS,,,,ACTIVE,,,,,,,CU-IMP-0425,,ONCHAIN_SCAN,HIGH,,Circle
CU-ACT-0426,2025-06-30,UNBLACKLIST,0xfa3576591b710cd8a68f22fc10281f39f88d8cb1,ADDRESS,,,,ACTIVE,,,,,,,CU-IMP-0426,,ONCHAIN_SCAN,HIGH,,Circle
CU-ACT-0427,2025-06-30,UNBLACKLIST,0xfa3576591b710cd8a68f22fc10281f39f88d8cb1,ADDRESS,,,,ACTIVE,,,,,,,CU-IMP-0427,,ONCHAIN_SCAN,HIGH,,Circle
CU-ACT-0428,2025-06-30,UNBLACKLIST,0xfa3576591b710cd8a68f22fc10281f39f88d8cb1,ADDRESS,,,,ACTIVE,,,,,,,CU-IMP-0428,,ONCHAIN_SCAN,HIGH,,Circle
CU-ACT-0429,2025-06-30,UNBLACKLIST,0xfa3576591b710cd8a68f22fc10281f39f88d8cb1,ADDRESS,,,,ACTIVE,,,,,,,CU-IMP-0429,,ONCHAIN_SCAN,HIGH,,Circle
CU-ACT-0430,2025-06-30,UNBLACKLIST,0xfa3576591b710cd8a68f22fc10281f39f88d8cb1,ADDRESS,,,,ACTIVE,,,,,,,CU-IMP-0430,,ONCHAIN_SCAN,HIGH,,Circle
CU-ACT-0431,2025-06-30,UNBLACKLIST,0xfa3576591b710cd8a68f22fc10281f39f88d8cb1,ADDRESS,,,,ACTIVE,,,,,,,CU-IMP-0431,,ONCHAIN_SCAN,HIGH,,Circle
CU-ACT-0432,2025-06-30,UNBLACKLIST,0xfa3576591b710cd8a68f22fc10281f39f88d8cb1,ADDRESS,,,,ACTIVE,,,,,,,CU-IMP-0432,,ONCHAIN_SCAN,HIGH,,Circle
CU-ACT-0433,2025-06-30,UNBLACKLIST,0xfa3576591b710cd8a68f22fc10281f39f88d8cb1,ADDRESS,,,,ACTIVE,,,,,,,CU-IMP-0433,,ONCHAIN_SCAN,HIGH,,Circle
CU-ACT-0434,2025-06-30,UNBLACKLIST,0xfa3576591b710cd8a68f22fc10281f39f88d8cb1,ADDRESS,,,,ACTIVE,,,,,,,CU-IMP-0434,,ONCHAIN_SCAN,HIGH,,Circle
CU-ACT-0435,2025-06-30,UNBLACKLIST,0xfa3576591b710cd8a68f22fc10281f39f88d8cb1,ADDRESS,,,,ACTIVE,,,,,,,CU-IMP-0435,,ONCHAIN_SCAN,HIGH,,Circle
CU-ACT-0436,2025-06-30,UNBLACKLIST,0xfa3576591b710cd8a68f22fc10281f39f88d8cb1,ADDRESS,,,,ACTIVE,,,,,,,CU-IMP-0436,,ONCHAIN_SCAN,HIGH,,Circle
CU-ACT-0437,2025-06-30,UNBLACKLIST,0xfa3576591b710cd8a68f22fc10281f39f88d8cb1,ADDRESS,,,,ACTIVE,,,,,,,CU-IMP-0437,,ONCHAIN_SCAN,HIGH,,Circle
CU-ACT-0438,2025-06-30,UNBLACKLIST,0xfa3576591b710cd8a68f22fc10281f39f88d8cb1,ADDRESS,,,,ACTIVE,,,,,,,CU-IMP-0438,,ONCHAIN_SCAN,HIGH,,Circle
CU-ACT-0439,2025-06-30,UNBLACKLIST,0xfa3576591b710cd8a68f22fc10281f39f88d8cb1,ADDRESS,,,,ACTIVE,,,,,,,CU-IMP-0439,,ONCHAIN_SCAN,HIGH,,Circle
CU-ACT-0440,2025-06-30,UNBLACKLIST,0xfa3576591b710cd8a68f22fc10281f39f88d8cb1,ADDRESS,,,,ACTIVE,,,,,,,CU-IMP-0440,,ONCHAIN_SCAN,HIGH,,Circle
CU-ACT-0441,2025-06-30,UNBLACKLIST,0xfa3576591b710cd8a68f22fc10281f39f88d8cb1,ADDRESS,,,,ACTIVE,,,,,,,CU-IMP-0441,,ONCHAIN_SCAN,HIGH,,Circle
CU-ACT-0442,2025-06-30,UNBLACKLIST,0xfa3576591b710cd8a68f22fc10281f39f88d8cb1,ADDRESS,,,,ACTIVE,,,,,,,CU-IMP-0442,,ONCHAIN_SCAN,HIGH,,Circle
CU-ACT-0443,2025-07-01,BLACKLIST,0xc685132e908cce284c063415ea353af5f555c6c6,ADDRESS,SANCTIONED_ENTITY,CU-ENT-0080,,ACTIVE,,,,,CU-TRG-0073,,CU-IMP-0443,2025-07-01,ONCHAIN_SCAN,HIGH,,Circle
CU-ACT-0444,2025-07-03,BLACKLIST,0xe1724299cc4da9776a2c04723d9fd3d7c4afa27e,ADDRESS,,,,ACTIVE,,,,,,,CU-IMP-0444,,ONCHAIN_SCAN,HIGH,,Circle
CU-ACT-0445,2025-07-09,BLACKLIST,0x5b49e41bbbbed24ef90d54f0abd59e14722021db,ADDRESS,,,,REVERSED,CU-ACT-3173,,,,,,CU-IMP-0445,,ONCHAIN_SCAN,HIGH,,Circle
CU-ACT-0446,2025-07-09,BLACKLIST,0x408b130d722c730045b4305f369e6ff629b1c8fa,ADDRESS,,,,ACTIVE,,,,,,,CU-IMP-0446,,ONCHAIN_SCAN,HIGH,,Circle
CU-ACT-0447,2025-07-18,BLACKLIST,0xaf5bbb89f8fdf594cd73cb4f5508439a8356aef1,ADDRESS,,,,ACTIVE,,,,,,,CU-IMP-0447,,ONCHAIN_SCAN,HIGH,,Circle
CU-ACT-0448,2025-07-18,BLACKLIST,0xaf5bbb89f8fdf594cd73cb4f5508439a8356aef1,ADDRESS,,,,ACTIVE,,,,,,,CU-IMP-0448,,ONCHAIN_SCAN,HIGH,,Circle
CU-ACT-0449,2025-07-18,BLACKLIST,0xaf5bbb89f8fdf594cd73cb4f5508439a8356aef1,ADDRESS,,,,ACTIVE,,,,,,,CU-IMP-0449,,ONCHAIN_SCAN,HIGH,,Circle
CU-ACT-0450,2025-07-31,BLACKLIST,0x74dacbaaa824555af9a84d54f6f0fbf5fe225268,ADDRESS,,,,ACTIVE,,,,,,,CU-IMP-0450,,ONCHAIN_SCAN,HIGH,,Circle
CU-ACT-0451,2025-07-31,BLACKLIST,0x920b6ce057056ba751a482410604b0d534b57afe,ADDRESS,,,,ACTIVE,,,,,,,CU-IMP-0451,,ONCHAIN_SCAN,HIGH,,Circle
CU-ACT-0452,2025-07-31,BLACKLIST,0xd25d375e18d2a2bfe8555b70279ec2dc931d397e,ADDRESS,,,,ACTIVE,,,,,,,CU-IMP-0452,,ONCHAIN_SCAN,HIGH,,Circle
CU-ACT-0453,2025-07-31,BLACKLIST,0xd25d375e18d2a2bfe8555b70279ec2dc931d397e,ADDRESS,,,,ACTIVE,,,,,,,CU-IMP-0453,,ONCHAIN_SCAN,HIGH,,Circle
CU-ACT-0454,2025-08-06,BLACKLIST,0x3f77a61034da59ffa924c20ee68f868956bca3e6,ADDRESS,,,,ACTIVE,,,,,,,CU-IMP-0454,,ONCHAIN_SCAN,HIGH,,Circle
CU-ACT-0455,2025-08-06,BLACKLIST,0x3f77a61034da59ffa924c20ee68f868956bca3e6,ADDRESS,,,,ACTIVE,,,,,,,CU-IMP-0455,,ONCHAIN_SCAN,HIGH,,Circle
CU-ACT-0456,2025-08-06,BLACKLIST,0xde8d23aa01e47069f494b14d008b7cb606a51add,ADDRESS,,,,ACTIVE,,,,,,,CU-IMP-0456,,ONCHAIN_SCAN,HIGH,,Circle
CU-ACT-0457,2025-08-07,BLACKLIST,0x8e2fce87ecd6e648a4ec8c99a161f66ea32df18c,ADDRESS,,,,ACTIVE,,,,,,,CU-IMP-0457,,ONCHAIN_SCAN,HIGH,,Circle
CU-ACT-0458,2025-08-14,BLACKLIST,0x25697a529646d0427e3341303564a9fc280168cf,ADDRESS,SANCTIONED_ENTITY,CU-ENT-0050,,ACTIVE,,,,,CU-TRG-0044,,CU-IMP-0458,2025-08-14,ONCHAIN_SCAN,HIGH,,Circle
CU-ACT-0459,2025-08-14,BLACKLIST,0x25697a529646d0427e3341303564a9fc280168cf,ADDRESS,SANCTIONED_ENTITY,CU-ENT-0050,,ACTIVE,,,,,CU-TRG-0044,,CU-IMP-0459,2025-08-14,ONCHAIN_SCAN,HIGH,,Circle
CU-ACT-0460,2025-08-14,BLACKLIST,0x8a33c4dccc7e840e536c1abc9af4612f876f54de,ADDRESS,SANCTIONED_ENTITY,CU-ENT-0050,,ACTIVE,,,,,CU-TRG-0044,,CU-IMP-0460,2025-08-14,ONCHAIN_SCAN,HIGH,,Circle
CU-ACT-0461,2025-08-14,BLACKLIST,0x3301843d4d8c3314706a6526940bc2a38ed29475,ADDRESS,SANCTIONED_ENTITY,CU-ENT-0050,,ACTIVE,,,,,CU-TRG-0044,,CU-IMP-0461,2025-08-14,ONCHAIN_SCAN,HIGH,,Circle
CU-ACT-0462,2025-08-14,BLACKLIST,0x0655b7211f302b42a7bfa16a6c45284ab82fd85b,ADDRESS,SANCTIONED_ENTITY,CU-ENT-0050,,ACTIVE,,,,,CU-TRG-0044,,CU-IMP-0462,2025-08-14,ONCHAIN_SCAN,HIGH,,Circle
CU-ACT-0463,2025-08-14,BLACKLIST,0x6e2bf91ff62095e759301a1e46df3278f7d6bf07,ADDRESS,SANCTIONED_ENTITY,CU-ENT-0050,,ACTIVE,,,,,CU-TRG-0044,,CU-IMP-0463,2025-08-14,ONCHAIN_SCAN,HIGH,,Circle
CU-ACT-0464,2025-08-14,BLACKLIST,0x8dce2aac0de82bdcaf6b4373b79f94331b8e4995,ADDRESS,sanctioned_entity,CU-ENT-0010,,ACTIVE,,,,,CU-TRG-0010,,CU-IMP-0464,,ONCHAIN_SCAN,HIGH,,Circle
CU-ACT-0465,2025-08-14,BLACKLIST,0x82df92ebaa039dd6c9e0689390d7298a5ca1f59c,ADDRESS,SANCTIONED_ENTITY,CU-ENT-0050,,ACTIVE,,,,,CU-TRG-0044,,CU-IMP-0465,2025-08-14,ONCHAIN_SCAN,HIGH,,Circle
CU-ACT-0466,2025-08-14,BLACKLIST,0x18f703184349667cdae85a07e7f2efac36052b89,ADDRESS,SANCTIONED_ENTITY,CU-ENT-0050,,ACTIVE,,,,,CU-TRG-0044,,CU-IMP-0466,2025-08-14,ONCHAIN_SCAN,HIGH,,Circle
CU-ACT-0467,2025-08-14,BLACKLIST,0x17b65262f73d2a8668dededc6a40274c3e0ea058,ADDRESS,SANCTIONED_ENTITY,CU-ENT-0050,,ACTIVE,,,,,CU-TRG-0044,,CU-IMP-0467,2025-08-14,ONCHAIN_SCAN,HIGH,,Circle
CU-ACT-0468,2025-08-14,BLACKLIST,0x12de548f79a50d2bd05481c8515c1ef5183666a9,ADDRESS,sanctioned_entity,CU-ENT-0032,,ACTIVE,,,,,CU-TRG-0032,,CU-IMP-0468,,ONCHAIN_SCAN,HIGH,,Circle
CU-ACT-0469,2025-08-14,BLACKLIST,0xd8500c631dc32fa18645b7436344a99e4825e10e,ADDRESS,sanctioned_entity,CU-ENT-0010,,ACTIVE,,,,,CU-TRG-0010,,CU-IMP-0469,,ONCHAIN_SCAN,HIGH,,Circle
CU-ACT-0470,2025-08-14,BLACKLIST,0x6042c2f32769454c5ff226fdae52b81e49cd922f,ADDRESS,SANCTIONED_ENTITY,CU-ENT-0050,,ACTIVE,,,,,CU-TRG-0044,,CU-IMP-0470,2025-08-14,ONCHAIN_SCAN,HIGH,,Circle
CU-ACT-0471,2025-08-14,BLACKLIST,0x57ec89a0c056163a0314e413320f9b3abe761259,ADDRESS,sanctioned_entity,CU-ENT-0010,,ACTIVE,,,,,CU-TRG-0010,,CU-IMP-0471,,ONCHAIN_SCAN,HIGH,,Circle
CU-ACT-0472,2025-08-14,BLACKLIST,0xb338962b92cd818d6aef0a32a9ecd01212a71f33,ADDRESS,sanctioned_entity,CU-ENT-0010,,ACTIVE,,,,,CU-TRG-0010,,CU-IMP-0472,,ONCHAIN_SCAN,HIGH,,Circle
CU-ACT-0473,2025-08-14,BLACKLIST,0xf4377eda661e04b6dda78969796ed31658d602d4,ADDRESS,sanctioned_entity,CU-ENT-0010,,ACTIVE,,,,,CU-TRG-0010,,CU-IMP-0473,,ONCHAIN_SCAN,HIGH,,Circle
CU-ACT-0474,2025-08-14,BLACKLIST,0x8660f3ab5285f9e497ffbf2997285c24466aa2a1,ADDRESS,SANCTIONED_ENTITY,CU-ENT-0050,,ACTIVE,,,,,CU-TRG-0044,,CU-IMP-0474,2025-08-14,ONCHAIN_SCAN,HIGH,,Circle
CU-ACT-0475,2025-08-14,BLACKLIST,0x48ea81d8db01cc3f551be8ecc8627b5a803eb075,ADDRESS,SANCTIONED_ENTITY,CU-ENT-0050,,ACTIVE,,,,,CU-TRG-0044,,CU-IMP-0475,2025-08-14,ONCHAIN_SCAN,HIGH,,Circle
CU-ACT-0476,2025-08-14,BLACKLIST,0x48ea81d8db01cc3f551be8ecc8627b5a803eb075,ADDRESS,SANCTIONED_ENTITY,CU-ENT-0050,,ACTIVE,,,,,CU-TRG-0044,,CU-IMP-0476,2025-08-14,ONCHAIN_SCAN,HIGH,,Circle
CU-ACT-0477,2025-08-14,BLACKLIST,0x418949a4a7da9e07192909722072dded8f670d58,ADDRESS,SANCTIONED_ENTITY,CU-ENT-0050,,ACTIVE,,,,,CU-TRG-0044,,CU-IMP-0477,2025-08-14,ONCHAIN_SCAN,HIGH,,Circle
CU-ACT-0478,2025-08-14,BLACKLIST,0x7ced75026204ac29c34bea98905d4c949f27361e,ADDRESS,sanctioned_entity,CU-ENT-0010,,ACTIVE,,,,,CU-TRG-0010,,CU-IMP-0478,,ONCHAIN_SCAN,HIGH,,Circle
CU-ACT-0479,2025-08-20,BLACKLIST,0x3ffb0d9687327b3a2c6e701068dbfd09b46313f7,ADDRESS,,,,ACTIVE,,,,,,,CU-IMP-0479,,ONCHAIN_SCAN,HIGH,,Circle
CU-ACT-0480,2025-09-16,BLACKLIST,0x532b77b33a040587e9fd1800088225f99b8b0e8a,ADDRESS,sanctioned_entity,CU-ENT-0033,,ACTIVE,,,,,CU-TRG-0033,,CU-IMP-0480,,ONCHAIN_SCAN,HIGH,,Circle
CU-ACT-0481,2025-09-16,BLACKLIST,0xe3d35f68383732649669aa990832e017340dbca5,ADDRESS,sanctioned_entity,CU-ENT-0033,,ACTIVE,,,,,CU-TRG-0033,,CU-IMP-0481,,ONCHAIN_SCAN,HIGH,,Circle
CU-ACT-0482,2025-09-16,BLACKLIST,0xf405df57cc3a2df4dd262b6494d76e346ca778f1,ADDRESS,SANCTIONED_ENTITY,CU-ENT-0056,,ACTIVE,,,,,CU-TRG-0050,,CU-IMP-0482,2025-09-16,ONCHAIN_SCAN,HIGH,,Circle
CU-ACT-0483,2025-09-16,BLACKLIST,0xab4302cfcf1c2337c1b59af1d23bd97189fe962c,ADDRESS,SANCTIONED_ENTITY,CU-ENT-0056,,ACTIVE,,,,,CU-TRG-0050,,CU-IMP-0483,2025-09-16,ONCHAIN_SCAN,HIGH,,Circle
CU-ACT-0484,2025-09-16,BLACKLIST,0x9ab7a3e606677ddf6f3538dd4472ec770c282b3e,ADDRESS,SANCTIONED_ENTITY,CU-ENT-0056,,ACTIVE,,,,,CU-TRG-0050,,CU-IMP-0484,2025-09-16,ONCHAIN_SCAN,HIGH,,Circle
CU-ACT-0485,2025-09-16,BLACKLIST,0xdb2720ebad55399117ddb4c4a4afd9a4ccada8fe,ADDRESS,sanctioned_entity,CU-ENT-0034,,ACTIVE,,,,,CU-TRG-0034,,CU-IMP-0485,,ONCHAIN_SCAN,HIGH,,Circle
CU-ACT-0486,2025-09-16,BLACKLIST,0xba475bb43ee21013fd14c85e2c74b24bcf5a54c1,ADDRESS,SANCTIONED_ENTITY,CU-ENT-0056,,ACTIVE,,,,,CU-TRG-0050,,CU-IMP-0486,2025-09-16,ONCHAIN_SCAN,HIGH,,Circle
CU-ACT-0487,2025-09-20,BLACKLIST,0x062907a2dc226af2b1155b61a2d82cdb2b8ef86e,ADDRESS,,,,ACTIVE,,,,,,,CU-IMP-0487,,ONCHAIN_SCAN,HIGH,,Circle
CU-ACT-0488,2025-09-24,BLACKLIST,0x240fd853e1509a975bd95348d49c923fb0b5d43c,ADDRESS,SANCTIONED_ENTITY,CU-ENT-0081,,ACTIVE,,,,,CU-TRG-0074,,CU-IMP-0488,2025-09-24,ONCHAIN_SCAN,HIGH,,Circle
CU-ACT-0489,2025-09-24,BLACKLIST,0x240fd853e1509a975bd95348d49c923fb0b5d43c,ADDRESS,SANCTIONED_ENTITY,CU-ENT-0081,,ACTIVE,,,,,CU-TRG-0074,,CU-IMP-0489,2025-09-24,ONCHAIN_SCAN,HIGH,,Circle
CU-ACT-0490,2025-09-27,BLACKLIST,0xf4a8a04536d7590d62eb6d20a97db05b9e641a32,ADDRESS,,,,ACTIVE,,,,,,,CU-IMP-0490,,ONCHAIN_SCAN,HIGH,,Circle
CU-ACT-0491,2025-10-10,BLACKLIST,0xe9d67c08eb4607f55375c42032f2e9e0979b0da0,ADDRESS,,,,ACTIVE,,,,,,,CU-IMP-0491,,ONCHAIN_SCAN,HIGH,,Circle
CU-ACT-0492,2025-10-10,BLACKLIST,0xe9d67c08eb4607f55375c42032f2e9e0979b0da0,ADDRESS,,,,ACTIVE,,,,,,,CU-IMP-0492,,ONCHAIN_SCAN,HIGH,,Circle
CU-ACT-0493,2025-10-10,BLACKLIST,0x995135faa6fec4a2901503d731ba8abf2fcd0a28,ADDRESS,,,,ACTIVE,,,,,,,CU-IMP-0493,,ONCHAIN_SCAN,HIGH,,Circle
CU-ACT-0494,2025-10-10,BLACKLIST,0x9b2a4fd4373ec0e5218395eb8f7116600c43a494,ADDRESS,,,,ACTIVE,,,,,,,CU-IMP-0494,,ONCHAIN_SCAN,HIGH,,Circle
CU-ACT-0495,2025-10-10,BLACKLIST,0x9b2a4fd4373ec0e5218395eb8f7116600c43a494,ADDRESS,,,,ACTIVE,,,,,,,CU-IMP-0495,,ONCHAIN_SCAN,HIGH,,Circle
CU-ACT-0496,2025-10-10,BLACKLIST,0x9b2a4fd4373ec0e5218395eb8f7116600c43a494,ADDRESS,,,,ACTIVE,,,,,,,CU-IMP-0496,,ONCHAIN_SCAN,HIGH,,Circle
CU-ACT-0497,2025-10-14,BLACKLIST,0x1c453fd449356e07661372859b7d6a6591987f72,ADDRESS,SANCTIONED_ENTITY,CU-ENT-0055,,REVERSED,CU-ACT-0507,,,,CU-TRG-0049,,CU-IMP-0497,2025-10-14,ONCHAIN_SCAN,HIGH,,Circle
CU-ACT-0498,2025-10-14,BLACKLIST,0xa0168e235ac6f2b9fca3d2f2e8461785b89facb6,ADDRESS,SANCTIONED_ENTITY,CU-ENT-0055,,REVERSED,CU-ACT-0506,,,,CU-TRG-0049,,CU-IMP-0498,2025-10-14,ONCHAIN_SCAN,HIGH,,Circle
CU-ACT-0499,2025-10-14,BLACKLIST,0x5edf5716ceba7a7e8ad9a2a43c491b2a429193ae,ADDRESS,SANCTIONED_ENTITY,CU-ENT-0055,,REVERSED,CU-ACT-0505,,,,CU-TRG-0049,,CU-IMP-0499,2025-10-14,ONCHAIN_SCAN,HIGH,,Circle
CU-ACT-0500,2025-10-14,BLACKLIST,0xa1eaf29f7a661b499703246fc2376ce7e69badf7,ADDRESS,SANCTIONED_ENTITY,CU-ENT-0055,,REVERSED,CU-ACT-0508,,,,CU-TRG-0049,,CU-IMP-0500,2025-10-14,ONCHAIN_SCAN,HIGH,,Circle
CU-ACT-0501,2025-10-14,BLACKLIST,0x2a4ff8bc97d3faef20ca9aa3c8dac93450695434,ADDRESS,SANCTIONED_ENTITY,CU-ENT-0055,,ACTIVE,,,,,CU-TRG-0049,,CU-IMP-0501,2025-10-14,ONCHAIN_SCAN,HIGH,,Circle
CU-ACT-0502,2025-10-14,BLACKLIST,0xd599ac04a1c786972b81e0fef6fb0c3e7b52f8a7,ADDRESS,SANCTIONED_ENTITY,CU-ENT-0055,,ACTIVE,,,,,CU-TRG-0049,,CU-IMP-0502,2025-10-14,ONCHAIN_SCAN,HIGH,,Circle
CU-ACT-0503,2025-10-14,BLACKLIST,0xae05eb856cb28c156d9722094f5eefd5693bc181,ADDRESS,SANCTIONED_ENTITY,CU-ENT-0055,,ACTIVE,,,,,CU-TRG-0049,,CU-IMP-0503,2025-10-14,ONCHAIN_SCAN,HIGH,,Circle
CU-ACT-0504,2025-10-14,BLACKLIST,0x500aa554ed27a6c94fe0d5eb5df3482b528a5efe,ADDRESS,SANCTIONED_ENTITY,CU-ENT-0055,,ACTIVE,,,,,CU-TRG-0049,,CU-IMP-0504,2025-10-14,ONCHAIN_SCAN,HIGH,,Circle
CU-ACT-0505,2025-10-17,UNBLACKLIST,0x5edf5716ceba7a7e8ad9a2a43c491b2a429193ae,ADDRESS,,,,ACTIVE,,,,,,,CU-IMP-0505,,ONCHAIN_SCAN,HIGH,,Circle
CU-ACT-0506,2025-10-17,UNBLACKLIST,0xa0168e235ac6f2b9fca3d2f2e8461785b89facb6,ADDRESS,,,,ACTIVE,,,,,,,CU-IMP-0506,,ONCHAIN_SCAN,HIGH,,Circle
CU-ACT-0507,2025-10-17,UNBLACKLIST,0x1c453fd449356e07661372859b7d6a6591987f72,ADDRESS,,,,ACTIVE,,,,,,,CU-IMP-0507,,ONCHAIN_SCAN,HIGH,,Circle
CU-ACT-0508,2025-10-17,UNBLACKLIST,0xa1eaf29f7a661b499703246fc2376ce7e69badf7,ADDRESS,,,,ACTIVE,,,,,,,CU-IMP-0508,,ONCHAIN_SCAN,HIGH,,Circle
CU-ACT-0509,2025-10-21,BLACKLIST,0x6627b98c99e996caa10d0708fa79bdedd21a93d5,ADDRESS,,,,ACTIVE,,,,,,,CU-IMP-0509,,ONCHAIN_SCAN,HIGH,,Circle
CU-ACT-0510,2025-10-21,BLACKLIST,0x6627b98c99e996caa10d0708fa79bdedd21a93d5,ADDRESS,,,,ACTIVE,,,,,,,CU-IMP-0510,,ONCHAIN_SCAN,HIGH,,Circle
CU-ACT-0511,2025-10-21,BLACKLIST,0x6627b98c99e996caa10d0708fa79bdedd21a93d5,ADDRESS,,,,ACTIVE,,,,,,,CU-IMP-0511,,ONCHAIN_SCAN,HIGH,,Circle
CU-ACT-0512,2025-10-21,BLACKLIST,0x6627b98c99e996caa10d0708fa79bdedd21a93d5,ADDRESS,,,,ACTIVE,,,,,,,CU-IMP-0512,,ONCHAIN_SCAN,HIGH,,Circle
CU-ACT-0513,2025-10-21,BLACKLIST,0x6627b98c99e996caa10d0708fa79bdedd21a93d5,ADDRESS,,,,ACTIVE,,,,,,,CU-IMP-0513,,ONCHAIN_SCAN,HIGH,,Circle
CU-ACT-0514,2025-10-24,BLACKLIST,0x03e1dfd01a7b29858b894842028fbeb9e7ebd45d,ADDRESS,,,,ACTIVE,,,,,,,CU-IMP-0514,,ONCHAIN_SCAN,HIGH,,Circle
CU-ACT-0515,2025-10-29,BLACKLIST,0xc79fa8c6ba8defef8d811de003d15219cb1564fd,ADDRESS,,,,ACTIVE,,,,,,,CU-IMP-0515,,ONCHAIN_SCAN,HIGH,,Circle
CU-ACT-0516,2025-10-29,BLACKLIST,0xa772bdd20209202600860720fd2f235dc92bfc3b,ADDRESS,,,,ACTIVE,,,,,,,CU-IMP-0516,,ONCHAIN_SCAN,HIGH,,Circle
CU-ACT-0517,2025-11-01,BLACKLIST,0x7d01ef362822856c1e1d094f6a4b0c1b08256a85,ADDRESS,,,,ACTIVE,,,,,,,CU-IMP-0517,,ONCHAIN_SCAN,HIGH,,Circle
CU-ACT-0518,2025-11-04,BLACKLIST,0x00be5e0c85be35948d97ad37f62d108243f89ae0,ADDRESS,SANCTIONED_ENTITY,CU-ENT-0047,,ACTIVE,,,CU-INC-0003,,CU-TRG-0042,,CU-IMP-0518,2025-11-04,ONCHAIN_SCAN,HIGH,,Circle
CU-ACT-0519,2025-11-04,BLACKLIST,0x00bf03f87539214307207c61b7f729ddc22977b8,ADDRESS,SANCTIONED_ENTITY,CU-ENT-0047,,ACTIVE,,,CU-INC-0003,,CU-TRG-0042,,CU-IMP-0519,2025-11-04,ONCHAIN_SCAN,HIGH,,Circle
CU-ACT-0520,2025-11-04,BLACKLIST,0x55ef531216bd8077fb1acb8e61be532214b33b76,ADDRESS,SANCTIONED_ENTITY,CU-ENT-0047,,ACTIVE,,,CU-INC-0003,,CU-TRG-0042,,CU-IMP-0520,2025-11-04,ONCHAIN_SCAN,HIGH,,Circle
CU-ACT-0521,2025-11-04,BLACKLIST,0x596ac03ba123b802325bf62ceff98e5608ac48e9,ADDRESS,SANCTIONED_ENTITY,CU-ENT-0047,,ACTIVE,,,CU-INC-0003,,CU-TRG-0042,,CU-IMP-0521,2025-11-04,ONCHAIN_SCAN,HIGH,,Circle
CU-ACT-0522,2025-11-04,BLACKLIST,0x80865644f47925223c7e12014e9b11f0f05212bc,ADDRESS,SANCTIONED_ENTITY,CU-ENT-0047,,ACTIVE,,,CU-INC-0003,,CU-TRG-0042,,CU-IMP-0522,2025-11-04,ONCHAIN_SCAN,HIGH,,Circle
CU-ACT-0523,2025-11-04,BLACKLIST,0x00bf03f87539214307207c61b7f729ddc22977b8,ADDRESS,SANCTIONED_ENTITY,CU-ENT-0047,,ACTIVE,,,CU-INC-0003,,CU-TRG-0042,,CU-IMP-0523,2025-11-04,ONCHAIN_SCAN,HIGH,,Circle
CU-ACT-0524,2025-11-04,BLACKLIST,0x5042cca9d00c44733ebaf550851b9a65cc98d58f,ADDRESS,SANCTIONED_ENTITY,CU-ENT-0047,,ACTIVE,,,CU-INC-0003,,CU-TRG-0042,,CU-IMP-0524,2025-11-04,ONCHAIN_SCAN,HIGH,,Circle
CU-ACT-0525,2025-11-04,BLACKLIST,0x80865644f47925223c7e12014e9b11f0f05212bc,ADDRESS,SANCTIONED_ENTITY,CU-ENT-0047,,ACTIVE,,,CU-INC-0003,,CU-TRG-0042,,CU-IMP-0525,2025-11-04,ONCHAIN_SCAN,HIGH,,Circle
CU-ACT-0526,2025-11-04,BLACKLIST,0x95a603c86ec4a585e4359d1f07e6949567491fc9,ADDRESS,SANCTIONED_ENTITY,CU-ENT-0047,,ACTIVE,,,CU-INC-0003,,CU-TRG-0042,,CU-IMP-0526,2025-11-04,ONCHAIN_SCAN,HIGH,,Circle
CU-ACT-0527,2025-11-04,BLACKLIST,0x5263b1aa550f70bd9753ec558c631eaadd2ae98c,ADDRESS,SANCTIONED_ENTITY,CU-ENT-0047,,ACTIVE,,,CU-INC-0003,,CU-TRG-0042,,CU-IMP-0527,2025-11-04,ONCHAIN_SCAN,HIGH,,Circle
CU-ACT-0528,2025-11-04,BLACKLIST,0x55ef531216bd8077fb1acb8e61be532214b33b76,ADDRESS,SANCTIONED_ENTITY,CU-ENT-0047,,ACTIVE,,,CU-INC-0003,,CU-TRG-0042,,CU-IMP-0528,2025-11-04,ONCHAIN_SCAN,HIGH,,Circle
CU-ACT-0529,2025-11-04,BLACKLIST,0x10df38a923a660965d098f24a618b0d1b5d99cba,ADDRESS,SANCTIONED_ENTITY,CU-ENT-0047,,ACTIVE,,,CU-INC-0003,,CU-TRG-0042,,CU-IMP-0529,2025-11-04,ONCHAIN_SCAN,HIGH,,Circle
CU-ACT-0530,2025-11-04,BLACKLIST,0x0d1891dd69efe614918e989b5ebd68d6e5f18ff5,ADDRESS,SANCTIONED_ENTITY,CU-ENT-0047,,ACTIVE,,,CU-INC-0003,,CU-TRG-0042,,CU-IMP-0530,2025-11-04,ONCHAIN_SCAN,HIGH,,Circle
CU-ACT-0531,2025-11-04,BLACKLIST,0x5263b1aa550f70bd9753ec558c631eaadd2ae98c,ADDRESS,SANCTIONED_ENTITY,CU-ENT-0047,,ACTIVE,,,CU-INC-0003,,CU-TRG-0042,,CU-IMP-0531,2025-11-04,ONCHAIN_SCAN,HIGH,,Circle
CU-ACT-0532,2025-11-04,BLACKLIST,0x15a68a9ffa2a94bdad8468d93af4db24251af772,ADDRESS,SANCTIONED_ENTITY,CU-ENT-0047,,ACTIVE,,,CU-INC-0003,,CU-TRG-0042,,CU-IMP-0532,2025-11-04,ONCHAIN_SCAN,HIGH,,Circle
CU-ACT-0533,2025-11-04,BLACKLIST,0x171f95410bc65dfc8549c287cd475dc8b82df192,ADDRESS,SANCTIONED_ENTITY,CU-ENT-0047,,ACTIVE,,,CU-INC-0003,,CU-TRG-0042,,CU-IMP-0533,2025-11-04,ONCHAIN_SCAN,HIGH,,Circle
CU-ACT-0534,2025-11-04,BLACKLIST,0x114074ff655d0643a4ff70411ffca618cb7edca1,ADDRESS,SANCTIONED_ENTITY,CU-ENT-0047,,ACTIVE,,,CU-INC-0003,,CU-TRG-0042,,CU-IMP-0534,2025-11-04,ONCHAIN_SCAN,HIGH,,Circle
CU-ACT-0535,2025-11-04,BLACKLIST,0x117bb0cfee7ce8f842967537fbcd92fc504d68ab,ADDRESS,SANCTIONED_ENTITY,CU-ENT-0047,,ACTIVE,,,CU-INC-0003,,CU-TRG-0042,,CU-IMP-0535,2025-11-04,ONCHAIN_SCAN,HIGH,,Circle
CU-ACT-0536,2025-11-04,BLACKLIST,0x17fff4f3364fa6dfa25cf37bebbff62bc47232f7,ADDRESS,SANCTIONED_ENTITY,CU-ENT-0047,,ACTIVE,,,CU-INC-0003,,CU-TRG-0042,,CU-IMP-0536,2025-11-04,ONCHAIN_SCAN,HIGH,,Circle
CU-ACT-0537,2025-11-04,BLACKLIST,0x2cbd0ba5b15bde90d5252d8ac1ed2aa121d2d62a,ADDRESS,SANCTIONED_ENTITY,CU-ENT-0047,,ACTIVE,,,CU-INC-0003,,CU-TRG-0042,,CU-IMP-0537,2025-11-04,ONCHAIN_SCAN,HIGH,,Circle
CU-ACT-0538,2025-11-04,BLACKLIST,0x2547ad3f4b0d37881101885addd1cedf753af9aa,ADDRESS,SANCTIONED_ENTITY,CU-ENT-0047,,ACTIVE,,,CU-INC-0003,,CU-TRG-0042,,CU-IMP-0538,2025-11-04,ONCHAIN_SCAN,HIGH,,Circle
CU-ACT-0539,2025-11-04,BLACKLIST,0x40813812bb5a22be798d7f4cf227a584f4f87bc9,ADDRESS,SANCTIONED_ENTITY,CU-ENT-0047,,ACTIVE,,,CU-INC-0003,,CU-TRG-0042,,CU-IMP-0539,2025-11-04,ONCHAIN_SCAN,HIGH,,Circle
CU-ACT-0540,2025-11-04,BLACKLIST,0x37cefc817a4582773b26835910127ba24f284bb4,ADDRESS,SANCTIONED_ENTITY,CU-ENT-0047,,ACTIVE,,,CU-INC-0003,,CU-TRG-0042,,CU-IMP-0540,2025-11-04,ONCHAIN_SCAN,HIGH,,Circle
CU-ACT-0541,2025-11-04,BLACKLIST,0x3e0c892556da529a0c03a28f763964bdf25ca88c,ADDRESS,SANCTIONED_ENTITY,CU-ENT-0047,,ACTIVE,,,CU-INC-0003,,CU-TRG-0042,,CU-IMP-0541,2025-11-04,ONCHAIN_SCAN,HIGH,,Circle
CU-ACT-0542,2025-11-04,BLACKLIST,0x37cefc817a4582773b26835910127ba24f284bb4,ADDRESS,SANCTIONED_ENTITY,CU-ENT-0047,,ACTIVE,,,CU-INC-0003,,CU-TRG-0042,,CU-IMP-0542,2025-11-04,ONCHAIN_SCAN,HIGH,,Circle
CU-ACT-0543,2025-11-04,BLACKLIST,0x45afe4b7e98b6ef450e7b5f53bc1763f3be83e69,ADDRESS,SANCTIONED_ENTITY,CU-ENT-0047,,ACTIVE,,,CU-INC-0003,,CU-TRG-0042,,CU-IMP-0543,2025-11-04,ONCHAIN_SCAN,HIGH,,Circle
CU-ACT-0544,2025-11-04,BLACKLIST,0x3e0c892556da529a0c03a28f763964bdf25ca88c,ADDRESS,SANCTIONED_ENTITY,CU-ENT-0047,,ACTIVE,,,CU-INC-0003,,CU-TRG-0042,,CU-IMP-0544,2025-11-04,ONCHAIN_SCAN,HIGH,,Circle
CU-ACT-0545,2025-11-04,BLACKLIST,0x44888f0a128a21872c38aa44bede1e31137ba85f,ADDRESS,SANCTIONED_ENTITY,CU-ENT-0047,,ACTIVE,,,CU-INC-0003,,CU-TRG-0042,,CU-IMP-0545,2025-11-04,ONCHAIN_SCAN,HIGH,,Circle
CU-ACT-0546,2025-11-04,BLACKLIST,0x45afe4b7e98b6ef450e7b5f53bc1763f3be83e69,ADDRESS,SANCTIONED_ENTITY,CU-ENT-0047,,ACTIVE,,,CU-INC-0003,,CU-TRG-0042,,CU-IMP-0546,2025-11-04,ONCHAIN_SCAN,HIGH,,Circle
CU-ACT-0547,2025-11-04,BLACKLIST,0x412e673fb7cce4e031b9a02277b1aeb599f62bc1,ADDRESS,SANCTIONED_ENTITY,CU-ENT-0047,,ACTIVE,,,CU-INC-0003,,CU-TRG-0042,,CU-IMP-0547,2025-11-04,ONCHAIN_SCAN,HIGH,,Circle
CU-ACT-0548,2025-11-04,BLACKLIST,0x4b1d7ad9f0cbff66d194ba1e9f0da31635f23f0e,ADDRESS,SANCTIONED_ENTITY,CU-ENT-0047,,ACTIVE,,,CU-INC-0003,,CU-TRG-0042,,CU-IMP-0548,2025-11-04,ONCHAIN_SCAN,HIGH,,Circle
CU-ACT-0549,2025-11-04,BLACKLIST,0x46ccbcaf10b406a85a412ab713ad451caef9a950,ADDRESS,SANCTIONED_ENTITY,CU-ENT-0047,,ACTIVE,,,CU-INC-0003,,CU-TRG-0042,,CU-IMP-0549,2025-11-04,ONCHAIN_SCAN,HIGH,,Circle
CU-ACT-0550,2025-11-04,BLACKLIST,0x45fc0d462a6473905024a10f756feadf8e6c2d08,ADDRESS,SANCTIONED_ENTITY,CU-ENT-0047,,ACTIVE,,,CU-INC-0003,,CU-TRG-0042,,CU-IMP-0550,2025-11-04,ONCHAIN_SCAN,HIGH,,Circle
CU-ACT-0551,2025-11-04,BLACKLIST,0x491e68c8464e39723c304aef5cea9543f37ee607,ADDRESS,SANCTIONED_ENTITY,CU-ENT-0047,,ACTIVE,,,CU-INC-0003,,CU-TRG-0042,,CU-IMP-0551,2025-11-04,ONCHAIN_SCAN,HIGH,,Circle
CU-ACT-0552,2025-11-04,BLACKLIST,0x7b7f0d8f53e16faee4cf90aedf50c7073f17beff,ADDRESS,SANCTIONED_ENTITY,CU-ENT-0047,,ACTIVE,,,CU-INC-0003,,CU-TRG-0042,,CU-IMP-0552,2025-11-04,ONCHAIN_SCAN,HIGH,,Circle
CU-ACT-0553,2025-11-04,BLACKLIST,0x80d658d0d767de04a4379fee4a2fdf10d9bfbf03,ADDRESS,SANCTIONED_ENTITY,CU-ENT-0047,,ACTIVE,,,CU-INC-0003,,CU-TRG-0042,,CU-IMP-0553,2025-11-04,ONCHAIN_SCAN,HIGH,,Circle
CU-ACT-0554,2025-11-04,BLACKLIST,0x4fa8b02fd04a8ed74b2c77d7efdfffbcc884e3f2,ADDRESS,SANCTIONED_ENTITY,CU-ENT-0047,,ACTIVE,,,CU-INC-0003,,CU-TRG-0042,,CU-IMP-0554,2025-11-04,ONCHAIN_SCAN,HIGH,,Circle
CU-ACT-0555,2025-11-04,BLACKLIST,0x72a2fc69c5a3025d9d79bb01335860aaf2a4a948,ADDRESS,SANCTIONED_ENTITY,CU-ENT-0047,,ACTIVE,,,CU-INC-0003,,CU-TRG-0042,,CU-IMP-0555,2025-11-04,ONCHAIN_SCAN,HIGH,,Circle
CU-ACT-0556,2025-11-04,BLACKLIST,0x5a1ca8328b9da53c6c11c8745ea8da29a9cd36c1,ADDRESS,SANCTIONED_ENTITY,CU-ENT-0047,,ACTIVE,,,CU-INC-0003,,CU-TRG-0042,,CU-IMP-0556,2025-11-04,ONCHAIN_SCAN,HIGH,,Circle
CU-ACT-0557,2025-11-04,BLACKLIST,0x4fa8b02fd04a8ed74b2c77d7efdfffbcc884e3f2,ADDRESS,SANCTIONED_ENTITY,CU-ENT-0047,,ACTIVE,,,CU-INC-0003,,CU-TRG-0042,,CU-IMP-0557,2025-11-04,ONCHAIN_SCAN,HIGH,,Circle
CU-ACT-0558,2025-11-04,BLACKLIST,0x5a1ca8328b9da53c6c11c8745ea8da29a9cd36c1,ADDRESS,SANCTIONED_ENTITY,CU-ENT-0047,,ACTIVE,,,CU-INC-0003,,CU-TRG-0042,,CU-IMP-0558,2025-11-04,ONCHAIN_SCAN,HIGH,,Circle
CU-ACT-0559,2025-11-04,BLACKLIST,0x5a1ca8328b9da53c6c11c8745ea8da29a9cd36c1,ADDRESS,SANCTIONED_ENTITY,CU-ENT-0047,,ACTIVE,,,CU-INC-0003,,CU-TRG-0042,,CU-IMP-0559,2025-11-04,ONCHAIN_SCAN,HIGH,,Circle
CU-ACT-0560,2025-11-04,BLACKLIST,0x932dbae7c0493923c2643efc52b9faadfc3109a6,ADDRESS,SANCTIONED_ENTITY,CU-ENT-0047,,ACTIVE,,,CU-INC-0003,,CU-TRG-0042,,CU-IMP-0560,2025-11-04,ONCHAIN_SCAN,HIGH,,Circle
CU-ACT-0561,2025-11-04,BLACKLIST,0x919d585e07ab0926832753eb43fd6fb2b8488051,ADDRESS,SANCTIONED_ENTITY,CU-ENT-0047,,ACTIVE,,,CU-INC-0003,,CU-TRG-0042,,CU-IMP-0561,2025-11-04,ONCHAIN_SCAN,HIGH,,Circle
CU-ACT-0562,2025-11-04,BLACKLIST,0x9d6350f74c811ca9e9c9adc35227a1193d5984b0,ADDRESS,SANCTIONED_ENTITY,CU-ENT-0047,,ACTIVE,,,CU-INC-0003,,CU-TRG-0042,,CU-IMP-0562,2025-11-04,ONCHAIN_SCAN,HIGH,,Circle
CU-ACT-0563,2025-11-04,BLACKLIST,0x97a582fff8b54e501f584dcd828fd1200f6f9e6b,ADDRESS,SANCTIONED_ENTITY,CU-ENT-0047,,ACTIVE,,,CU-INC-0003,,CU-TRG-0042,,CU-IMP-0563,2025-11-04,ONCHAIN_SCAN,HIGH,,Circle
CU-ACT-0564,2025-11-04,BLACKLIST,0xad0fd006d311c33da60c180603316a813a3f68d4,ADDRESS,SANCTIONED_ENTITY,CU-ENT-0047,,ACTIVE,,,CU-INC-0003,,CU-TRG-0042,,CU-IMP-0564,2025-11-04,ONCHAIN_SCAN,HIGH,,Circle
CU-ACT-0565,2025-11-04,BLACKLIST,0x97a582fff8b54e501f584dcd828fd1200f6f9e6b,ADDRESS,SANCTIONED_ENTITY,CU-ENT-0047,,ACTIVE,,,CU-INC-0003,,CU-TRG-0042,,CU-IMP-0565,2025-11-04,ONCHAIN_SCAN,HIGH,,Circle
CU-ACT-0566,2025-11-04,BLACKLIST,0xc014eb917fb0689844b31347c7556c18a319bbbf,ADDRESS,SANCTIONED_ENTITY,CU-ENT-0047,,ACTIVE,,,CU-INC-0003,,CU-TRG-0042,,CU-IMP-0566,2025-11-04,ONCHAIN_SCAN,HIGH,,Circle
CU-ACT-0567,2025-11-04,BLACKLIST,0xda9809eaca62c7d52978045007f26817c425875f,ADDRESS,SANCTIONED_ENTITY,CU-ENT-0047,,ACTIVE,,,CU-INC-0003,,CU-TRG-0042,,CU-IMP-0567,2025-11-04,ONCHAIN_SCAN,HIGH,,Circle
CU-ACT-0568,2025-11-04,BLACKLIST,0xd3301fc40c118a14ba8c15370e6dd3746656d287,ADDRESS,SANCTIONED_ENTITY,CU-ENT-0047,,ACTIVE,,,CU-INC-0003,,CU-TRG-0042,,CU-IMP-0568,2025-11-04,ONCHAIN_SCAN,HIGH,,Circle
CU-ACT-0569,2025-11-04,BLACKLIST,0xa4e740b001ea51cd90988b19cfb9da7a52e91c47,ADDRESS,SANCTIONED_ENTITY,CU-ENT-0047,,ACTIVE,,,CU-INC-0003,,CU-TRG-0042,,CU-IMP-0569,2025-11-04,ONCHAIN_SCAN,HIGH,,Circle
CU-ACT-0570,2025-11-04,BLACKLIST,0xda9809eaca62c7d52978045007f26817c425875f,ADDRESS,SANCTIONED_ENTITY,CU-ENT-0047,,ACTIVE,,,CU-INC-0003,,CU-TRG-0042,,CU-IMP-0570,2025-11-04,ONCHAIN_SCAN,HIGH,,Circle
CU-ACT-0571,2025-11-04,BLACKLIST,0xa4e740b001ea51cd90988b19cfb9da7a52e91c47,ADDRESS,SANCTIONED_ENTITY,CU-ENT-0047,,ACTIVE,,,CU-INC-0003,,CU-TRG-0042,,CU-IMP-0571,2025-11-04,ONCHAIN_SCAN,HIGH,,Circle
CU-ACT-0572,2025-11-04,BLACKLIST,0xfc3def4dc3bac88f7e80d53c2499a02d65ae7e66,ADDRESS,SANCTIONED_ENTITY,CU-ENT-0047,,ACTIVE,,,CU-INC-0003,,CU-TRG-0042,,CU-IMP-0572,2025-11-04,ONCHAIN_SCAN,HIGH,,Circle
CU-ACT-0573,2025-11-04,BLACKLIST,0xe61c235a51cf48a554c60005d936d424d0d76397,ADDRESS,SANCTIONED_ENTITY,CU-ENT-0047,,ACTIVE,,,CU-INC-0003,,CU-TRG-0042,,CU-IMP-0573,2025-11-04,ONCHAIN_SCAN,HIGH,,Circle
CU-ACT-0574,2025-11-04,BLACKLIST,0xda9809eaca62c7d52978045007f26817c425875f,ADDRESS,SANCTIONED_ENTITY,CU-ENT-0047,,ACTIVE,,,CU-INC-0003,,CU-TRG-0042,,CU-IMP-0574,2025-11-04,ONCHAIN_SCAN,HIGH,,Circle
CU-ACT-0575,2025-11-04,BLACKLIST,0xfc3def4dc3bac88f7e80d53c2499a02d65ae7e66,ADDRESS,SANCTIONED_ENTITY,CU-ENT-0047,,ACTIVE,,,CU-INC-0003,,CU-TRG-0042,,CU-IMP-0575,2025-11-04,ONCHAIN_SCAN,HIGH,,Circle
CU-ACT-0576,2025-11-04,BLACKLIST,0xed5324b5482a3eef2eb4263d1c386d86bfda5d4b,ADDRESS,SANCTIONED_ENTITY,CU-ENT-0047,,ACTIVE,,,CU-INC-0003,,CU-TRG-0042,,CU-IMP-0576,2025-11-04,ONCHAIN_SCAN,HIGH,,Circle
CU-ACT-0577,2025-11-04,BLACKLIST,0xc95b0eaad3ed1c1505fc9b1a50c160afe3594036,ADDRESS,SANCTIONED_ENTITY,CU-ENT-0047,,ACTIVE,,,CU-INC-0003,,CU-TRG-0042,,CU-IMP-0577,2025-11-04,ONCHAIN_SCAN,HIGH,,Circle
CU-ACT-0578,2025-11-04,BLACKLIST,0xa3afa16728fc3a16072a7a00ec4508fafe02a34a,ADDRESS,SANCTIONED_ENTITY,CU-ENT-0047,,ACTIVE,,,CU-INC-0003,,CU-TRG-0042,,CU-IMP-0578,2025-11-04,ONCHAIN_SCAN,HIGH,,Circle
CU-ACT-0579,2025-11-04,BLACKLIST,0xc5aa13f464851d92fd59f1ef6a1c719e5e6d2d4a,ADDRESS,SANCTIONED_ENTITY,CU-ENT-0047,,ACTIVE,,,CU-INC-0003,,CU-TRG-0042,,CU-IMP-0579,2025-11-04,ONCHAIN_SCAN,HIGH,,Circle
CU-ACT-0580,2025-11-04,BLACKLIST,0xe96e4483bc3f3abfea3213cd8a094ce5b26b117c,ADDRESS,SANCTIONED_ENTITY,CU-ENT-0047,,ACTIVE,,,CU-INC-0003,,CU-TRG-0042,,CU-IMP-0580,2025-11-04,ONCHAIN_SCAN,HIGH,,Circle
CU-ACT-0581,2025-11-04,BLACKLIST,0xc5aa13f464851d92fd59f1ef6a1c719e5e6d2d4a,ADDRESS,SANCTIONED_ENTITY,CU-ENT-0047,,ACTIVE,,,CU-INC-0003,,CU-TRG-0042,,CU-IMP-0581,2025-11-04,ONCHAIN_SCAN,HIGH,,Circle
CU-ACT-0582,2025-11-04,BLACKLIST,0xdb7ae6b7a2153fe0062be5d1d90a8be5ec8aaa50,ADDRESS,SANCTIONED_ENTITY,CU-ENT-0047,,ACTIVE,,,CU-INC-0003,,CU-TRG-0042,,CU-IMP-0582,2025-11-04,ONCHAIN_SCAN,HIGH,,Circle
CU-ACT-0583,2025-11-04,BLACKLIST,0xc5aa13f464851d92fd59f1ef6a1c719e5e6d2d4a,ADDRESS,SANCTIONED_ENTITY,CU-ENT-0047,,ACTIVE,,,CU-INC-0003,,CU-TRG-0042,,CU-IMP-0583,2025-11-04,ONCHAIN_SCAN,HIGH,,Circle
CU-ACT-0584,2025-11-04,BLACKLIST,0xdb7ae6b7a2153fe0062be5d1d90a8be5ec8aaa50,ADDRESS,SANCTIONED_ENTITY,CU-ENT-0047,,ACTIVE,,,CU-INC-0003,,CU-TRG-0042,,CU-IMP-0584,2025-11-04,ONCHAIN_SCAN,HIGH,,Circle
CU-ACT-0585,2025-11-04,BLACKLIST,0xdb7ae6b7a2153fe0062be5d1d90a8be5ec8aaa50,ADDRESS,SANCTIONED_ENTITY,CU-ENT-0047,,ACTIVE,,,CU-INC-0003,,CU-TRG-0042,,CU-IMP-0585,2025-11-04,ONCHAIN_SCAN,HIGH,,Circle
CU-ACT-0586,2025-11-04,BLACKLIST,0xf512078e07f61a2e28081c8ea86c6056788d18b4,ADDRESS,SANCTIONED_ENTITY,CU-ENT-0047,,ACTIVE,,,CU-INC-0003,,CU-TRG-0042,,CU-IMP-0586,2025-11-04,ONCHAIN_SCAN,HIGH,,Circle
CU-ACT-0587,2025-11-04,BLACKLIST,0xdc2ec40485f23d6268fe9f4fde8c390051f4766a,ADDRESS,SANCTIONED_ENTITY,CU-ENT-0047,,ACTIVE,,,CU-INC-0003,,CU-TRG-0042,,CU-IMP-0587,2025-11-04,ONCHAIN_SCAN,HIGH,,Circle
CU-ACT-0588,2025-11-04,BLACKLIST,0xf3f338ec1c5e17ab45377e78308ace9a6338242c,ADDRESS,SANCTIONED_ENTITY,CU-ENT-0047,,ACTIVE,,,CU-INC-0003,,CU-TRG-0042,,CU-IMP-0588,2025-11-04,ONCHAIN_SCAN,HIGH,,Circle
CU-ACT-0589,2025-11-04,BLACKLIST,0xc19a1636cf379ce180a61946a990d743bd2ee3d1,ADDRESS,SANCTIONED_ENTITY,CU-ENT-0047,,ACTIVE,,,CU-INC-0003,,CU-TRG-0042,,CU-IMP-0589,2025-11-04,ONCHAIN_SCAN,HIGH,,Circle
CU-ACT-0590,2025-11-04,BLACKLIST,0xdb7ae6b7a2153fe0062be5d1d90a8be5ec8aaa50,ADDRESS,SANCTIONED_ENTITY,CU-ENT-0047,,ACTIVE,,,CU-INC-0003,,CU-TRG-0042,,CU-IMP-0590,2025-11-04,ONCHAIN_SCAN,HIGH,,Circle
CU-ACT-0591,2025-11-04,BLACKLIST,0xdc2ec40485f23d6268fe9f4fde8c390051f4766a,ADDRESS,SANCTIONED_ENTITY,CU-ENT-0047,,ACTIVE,,,CU-INC-0003,,CU-TRG-0042,,CU-IMP-0591,2025-11-04,ONCHAIN_SCAN,HIGH,,Circle
CU-ACT-0592,2025-11-05,BLACKLIST,0x917ed0b811f4aafab02ec61128b2d964e2f87d8f,ADDRESS,,,,ACTIVE,,,,,,,CU-IMP-0592,,ONCHAIN_SCAN,HIGH,,Circle
CU-ACT-0593,2025-11-05,BLACKLIST,0x917ed0b811f4aafab02ec61128b2d964e2f87d8f,ADDRESS,,,,ACTIVE,,,,,,,CU-IMP-0593,,ONCHAIN_SCAN,HIGH,,Circle
CU-ACT-0594,2025-11-05,BLACKLIST,0x917ed0b811f4aafab02ec61128b2d964e2f87d8f,ADDRESS,,,,ACTIVE,,,,,,,CU-IMP-0594,,ONCHAIN_SCAN,HIGH,,Circle
CU-ACT-0595,2025-11-05,BLACKLIST,0x917ed0b811f4aafab02ec61128b2d964e2f87d8f,ADDRESS,,,,ACTIVE,,,,,,,CU-IMP-0595,,ONCHAIN_SCAN,HIGH,,Circle
CU-ACT-0596,2025-11-05,BLACKLIST,0x917ed0b811f4aafab02ec61128b2d964e2f87d8f,ADDRESS,,,,ACTIVE,,,,,,,CU-IMP-0596,,ONCHAIN_SCAN,HIGH,,Circle
CU-ACT-0597,2025-11-19,BLACKLIST,0x5d5b5dafecbf31bdb08bfd3edad4f2694372d0ef,ADDRESS,sanctioned_entity,CU-ENT-0035,,ACTIVE,,,,,CU-TRG-0035,,CU-IMP-0597,,ONCHAIN_SCAN,HIGH,,Circle
CU-ACT-0598,2025-11-19,BLACKLIST,0xc103b7dc095c904b92081eef0c1640081ec01c10,ADDRESS,sanctioned_entity,CU-ENT-0035,,ACTIVE,,,,,CU-TRG-0035,,CU-IMP-0598,,ONCHAIN_SCAN,HIGH,,Circle
CU-ACT-0599,2025-11-19,BLACKLIST,0x2020b536fd363c82fc3f6ab26aeea94b4ffa1404,ADDRESS,SANCTIONED_ENTITY,CU-ENT-0053,,ACTIVE,,,,,CU-TRG-0047,,CU-IMP-0599,2025-11-19,ONCHAIN_SCAN,HIGH,,Circle
CU-ACT-0600,2025-11-19,BLACKLIST,0x11fe0fd1a9fb17746eb9877a396ddf1b3a632838,ADDRESS,SANCTIONED_ENTITY,CU-ENT-0053,,ACTIVE,,,,,CU-TRG-0047,,CU-IMP-0600,2025-11-19,ONCHAIN_SCAN,HIGH,,Circle
CU-ACT-0601,2025-11-19,BLACKLIST,0xe1e4c5e5ed8f03ae61b581e2def126025f2b9401,ADDRESS,sanctioned_entity,CU-ENT-0035,,ACTIVE,,,,,CU-TRG-0035,,CU-IMP-0601,,ONCHAIN_SCAN,HIGH,,Circle
CU-ACT-0602,2025-11-19,BLACKLIST,0x9227c54226014afcb588dc49818e28a3a2367557,ADDRESS,SANCTIONED_ENTITY,CU-ENT-0053,,ACTIVE,,,,,CU-TRG-0047,,CU-IMP-0602,2025-11-19,ONCHAIN_SCAN,HIGH,,Circle
CU-ACT-0603,2025-11-19,BLACKLIST,0x091a964948da0f8f638c8b688e391e5a3df1a43e,ADDRESS,SANCTIONED_ENTITY,CU-ENT-0053,,ACTIVE,,,,,CU-TRG-0047,,CU-IMP-0603,2025-11-19,ONCHAIN_SCAN,HIGH,,Circle
CU-ACT-0604,2025-11-19,BLACKLIST,0xd4e976441a1cad72ee5cbd2fd1b677fe7ce8afdf,ADDRESS,SANCTIONED_ENTITY,CU-ENT-0053,,ACTIVE,,,,,CU-TRG-0047,,CU-IMP-0604,2025-11-19,ONCHAIN_SCAN,HIGH,,Circle
CU-ACT-0605,2025-11-21,BLACKLIST,0x2066f9c78e3fe8c3a76ab8e4056e22ccd280340e,ADDRESS,,,,ACTIVE,,,,,,,CU-IMP-0605,,ONCHAIN_SCAN,HIGH,,Circle
CU-ACT-0606,2025-11-22,BLACKLIST,0x0be213a5cfd544feacbd4b9831e46d01c24f889a,ADDRESS,,,,ACTIVE,,,,,,,CU-IMP-0606,,ONCHAIN_SCAN,HIGH,,Circle
CU-ACT-0607,2025-11-24,BLACKLIST,0x66395ac274efad06bcfa78c882c9c4988833823b,ADDRESS,,,,ACTIVE,,,,,,,CU-IMP-0607,,ONCHAIN_SCAN,HIGH,,Circle
CU-ACT-0608,2025-11-26,BLACKLIST,0xdc0629676cf1b08b859fbd1782b52fa269b36b22,ADDRESS,,,,ACTIVE,,,,,,,CU-IMP-0608,,ONCHAIN_SCAN,HIGH,,Circle
CU-ACT-0609,2025-12-02,BLACKLIST,0x3f77a61034da59ffa924c20ee68f868956bca3e6,ADDRESS,,,,ACTIVE,,,,,,,CU-IMP-0609,,ONCHAIN_SCAN,HIGH,,Circle
CU-ACT-0610,2025-12-19,BLACKLIST,0x7b214d3b8ce325c73cde66803f296252dbc7a33a,ADDRESS,,,,ACTIVE,,,,,,,CU-IMP-0610,,ONCHAIN_SCAN,HIGH,,Circle
CU-ACT-0611,2025-12-19,BLACKLIST,0x7b214d3b8ce325c73cde66803f296252dbc7a33a,ADDRESS,,,,ACTIVE,,,,,,,CU-IMP-0611,,ONCHAIN_SCAN,HIGH,,Circle
CU-ACT-0612,2025-12-23,BLACKLIST,0x9def24cc410924a617cfdc2b70a1854f2edbd17b,ADDRESS,,,,ACTIVE,,,,,,,CU-IMP-0612,,ONCHAIN_SCAN,HIGH,,Circle
CU-ACT-0613,2025-12-23,BLACKLIST,0x9def24cc410924a617cfdc2b70a1854f2edbd17b,ADDRESS,,,,ACTIVE,,,,,,,CU-IMP-0613,,ONCHAIN_SCAN,HIGH,,Circle
CU-ACT-0614,2025-12-23,BLACKLIST,0x9def24cc410924a617cfdc2b70a1854f2edbd17b,ADDRESS,,,,ACTIVE,,,,,,,CU-IMP-0614,,ONCHAIN_SCAN,HIGH,,Circle
CU-ACT-0615,2025-12-23,BLACKLIST,0x9def24cc410924a617cfdc2b70a1854f2edbd17b,ADDRESS,,,,ACTIVE,,,,,,,CU-IMP-0615,,ONCHAIN_SCAN,HIGH,,Circle
CU-ACT-0616,2025-12-23,BLACKLIST,0x9def24cc410924a617cfdc2b70a1854f2edbd17b,ADDRESS,,,,ACTIVE,,,,,,,CU-IMP-0616,,ONCHAIN_SCAN,HIGH,,Circle
CU-ACT-0617,2026-01-28,BLACKLIST,0x583317aff859976e029ef662c770ad375f910131,ADDRESS,,,,ACTIVE,,,,,,,CU-IMP-0617,,ONCHAIN_SCAN,HIGH,,Circle
CU-ACT-0618,2026-01-30,BLACKLIST,0xbf92b14aa9fd088182178e2ebf208da946521ee5,ADDRESS,SANCTIONED_ENTITY,CU-ENT-0052,,ACTIVE,,,,,CU-TRG-0046,,CU-IMP-0618,2026-01-30,ONCHAIN_SCAN,HIGH,,Circle
CU-ACT-0619,2026-01-30,BLACKLIST,0x2136ed3902c1d7217d9b19cf313bbb035ed9bfd7,ADDRESS,SANCTIONED_ENTITY,CU-ENT-0052,,ACTIVE,,,,,CU-TRG-0046,,CU-IMP-0619,2026-01-30,ONCHAIN_SCAN,HIGH,,Circle
CU-ACT-0620,2026-01-30,BLACKLIST,0x180242dc6b95c786c2d9c397532c679a956a1d12,ADDRESS,SANCTIONED_ENTITY,CU-ENT-0052,,ACTIVE,,,,,CU-TRG-0046,,CU-IMP-0620,2026-01-30,ONCHAIN_SCAN,HIGH,,Circle
CU-ACT-0621,2026-01-30,BLACKLIST,0x180242dc6b95c786c2d9c397532c679a956a1d12,ADDRESS,SANCTIONED_ENTITY,CU-ENT-0052,,ACTIVE,,,,,CU-TRG-0046,,CU-IMP-0621,2026-01-30,ONCHAIN_SCAN,HIGH,,Circle
CU-ACT-0622,2026-01-30,BLACKLIST,0x4bae1c4b2167fe4ebcd6d7baac1138d943a2609f,ADDRESS,SANCTIONED_ENTITY,CU-ENT-0052,,ACTIVE,,,,,CU-TRG-0046,,CU-IMP-0622,2026-01-30,ONCHAIN_SCAN,HIGH,,Circle
CU-ACT-0623,2026-01-30,BLACKLIST,0x0529ebc9ff01a4d390f91687d7c7406bf0dab24e,ADDRESS,SANCTIONED_ENTITY,CU-ENT-0052,,ACTIVE,,,,,CU-TRG-0046,,CU-IMP-0623,2026-01-30,ONCHAIN_SCAN,HIGH,,Circle
CU-ACT-0624,2026-01-30,BLACKLIST,0x783a4cc2478f1b44f37052bac72abaa3fc6f992a,ADDRESS,SANCTIONED_ENTITY,CU-ENT-0052,,ACTIVE,,,,,CU-TRG-0046,,CU-IMP-0624,2026-01-30,ONCHAIN_SCAN,HIGH,,Circle
CU-ACT-0625,2026-01-30,BLACKLIST,0x0529ebc9ff01a4d390f91687d7c7406bf0dab24e,ADDRESS,SANCTIONED_ENTITY,CU-ENT-0052,,ACTIVE,,,,,CU-TRG-0046,,CU-IMP-0625,2026-01-30,ONCHAIN_SCAN,HIGH,,Circle
CU-ACT-0626,2026-01-30,BLACKLIST,0x0529ebc9ff01a4d390f91687d7c7406bf0dab24e,ADDRESS,SANCTIONED_ENTITY,CU-ENT-0052,,ACTIVE,,,,,CU-TRG-0046,,CU-IMP-0626,2026-01-30,ONCHAIN_SCAN,HIGH,,Circle
CU-ACT-0627,2026-01-30,BLACKLIST,0x8dd586d12164a98e319607295935ee968919608e,ADDRESS,SANCTIONED_ENTITY,CU-ENT-0052,,ACTIVE,,,,,CU-TRG-0046,,CU-IMP-0627,2026-01-30,ONCHAIN_SCAN,HIGH,,Circle
CU-ACT-0628,2026-02-09,UNBLACKLIST,0xd360752c7f5df88c6b42391940e11a6fd491e645,ADDRESS,,,,ACTIVE,,,,,,,CU-IMP-0628,,ONCHAIN_SCAN,HIGH,,Circle
CU-ACT-0629,2026-02-11,BLACKLIST,0xd5f053ab62b8b75cccdec2967206b8a86906c437,ADDRESS,,,,ACTIVE,,,,,,,CU-IMP-0629,,ONCHAIN_SCAN,HIGH,,Circle
CU-ACT-0630,2026-03-03,BLACKLIST,0x12c353bb5dad2083d93b11b2deba72c01200d63e,ADDRESS,,,,ACTIVE,,,,,,,CU-IMP-0630,,ONCHAIN_SCAN,HIGH,,Circle
CU-ACT-0631,2026-03-11,BLACKLIST,0x5cd0d96ec259d84b3f792390783247372b4c7cee,ADDRESS,,,,ACTIVE,,,,,,,CU-IMP-0631,,ONCHAIN_SCAN,HIGH,,Circle
CU-ACT-0632,2026-03-12,BLACKLIST,0xb637f84b66876ebf609c2a4208905f9ddac9d075,ADDRESS,sanctioned_entity,CU-ENT-0036,,ACTIVE,,,,,CU-TRG-0036,,CU-IMP-0632,,ONCHAIN_SCAN,HIGH,,Circle
CU-ACT-0633,2026-03-12,BLACKLIST,0x6315bdc714ebb7a08e5ec10f351b6ca61d052bee,ADDRESS,SANCTIONED_ENTITY,CU-ENT-0046,,ACTIVE,,,CU-INC-0002,,CU-TRG-0041,,CU-IMP-0633,2026-03-12,ONCHAIN_SCAN,MEDIUM,,Circle
CU-ACT-0634,2026-03-12,BLACKLIST,0xcb74874f1e06fcf80a306e06e5379a44b488ba2d,ADDRESS,sanctioned_entity,CU-ENT-0037,,ACTIVE,,,,,CU-TRG-0037,,CU-IMP-0634,,ONCHAIN_SCAN,HIGH,,Circle
CU-ACT-0635,2026-03-12,BLACKLIST,0x95584c303fcd48af5c6b9873015f2ad0ca84eae3,ADDRESS,sanctioned_entity,CU-ENT-0036,,ACTIVE,,,,,CU-TRG-0036,,CU-IMP-0635,,ONCHAIN_SCAN,HIGH,,Circle
CU-ACT-0636,2026-03-12,BLACKLIST,0x9be599d7867f5e1a2d7ec6db9710df2b98a15573,ADDRESS,sanctioned_entity,CU-ENT-0037,,ACTIVE,,,,,CU-TRG-0037,,CU-IMP-0636,,ONCHAIN_SCAN,HIGH,,Circle
CU-ACT-0637,2026-03-12,BLACKLIST,0x88ef69134150f35b1e91fa2d8bfbb44ba2c51e62,ADDRESS,SANCTIONED_ENTITY,CU-ENT-0046,,ACTIVE,,,CU-INC-0002,,CU-TRG-0041,,CU-IMP-0637,2026-03-12,ONCHAIN_SCAN,MEDIUM,,Circle
CU-ACT-0638,2026-03-12,BLACKLIST,0x0330070fd38ec3bb94f58fa55d40368271e9e54a,ADDRESS,sanctioned_entity,CU-ENT-0037,,ACTIVE,,,,,CU-TRG-0037,,CU-IMP-0638,,ONCHAIN_SCAN,HIGH,,Circle
CU-ACT-0639,2026-03-12,BLACKLIST,0x76ea76ca4eb727f18956ab93445a94c5280412b9,ADDRESS,sanctioned_entity,CU-ENT-0016,,ACTIVE,,,,,CU-TRG-0016,,CU-IMP-0639,,ONCHAIN_SCAN,HIGH,,Circle
CU-ACT-0640,2026-03-12,BLACKLIST,0xfb3eff152ea55d1bfa04dbdd509a80fd7b72cdeb,ADDRESS,sanctioned_entity,CU-ENT-0016,,ACTIVE,,,,,CU-TRG-0016,,CU-IMP-0640,,ONCHAIN_SCAN,HIGH,,Circle
CU-ACT-0641,2026-03-12,BLACKLIST,0x747afb5c7a7fc34b547cd0fdebf9b91759c5a52b,ADDRESS,sanctioned_entity,CU-ENT-0016,,ACTIVE,,,,,CU-TRG-0016,,CU-IMP-0641,,ONCHAIN_SCAN,HIGH,,Circle
CU-ACT-0642,2026-03-12,BLACKLIST,0xd04e33461fea8302c5e1e13895b60cee8aefda7f,ADDRESS,sanctioned_entity,CU-ENT-0016,,ACTIVE,,,,,CU-TRG-0016,,CU-IMP-0642,,ONCHAIN_SCAN,HIGH,,Circle
CU-ACT-0643,2026-03-12,BLACKLIST,0x4f47bc496083c727c5fbe3ce9cdf2b0f6496270c,ADDRESS,sanctioned_entity,CU-ENT-0016,,ACTIVE,,,,,CU-TRG-0016,,CU-IMP-0643,,ONCHAIN_SCAN,HIGH,,Circle
CU-ACT-0644,2026-03-12,BLACKLIST,0xfe88af78cfc99bea57f2fb708489cfc0f0b7f704,ADDRESS,SANCTIONED_ENTITY,CU-ENT-0046,,ACTIVE,,,CU-INC-0002,,CU-TRG-0041,,CU-IMP-0644,2026-03-12,ONCHAIN_SCAN,MEDIUM,,Circle
CU-ACT-0645,2026-03-12,BLACKLIST,0x8d55c4306745f05a31af596c6bfa19374073e797,ADDRESS,SANCTIONED_ENTITY,CU-ENT-0046,,ACTIVE,,,CU-INC-0002,,CU-TRG-0041,,CU-IMP-0645,2026-03-12,ONCHAIN_SCAN,MEDIUM,,Circle
CU-ACT-0646,2026-03-12,BLACKLIST,0x283fcf7f260da7c3c9aad91beab58882990a66eb,ADDRESS,SANCTIONED_ENTITY,CU-ENT-0046,,ACTIVE,,,CU-INC-0002,,CU-TRG-0041,,CU-IMP-0646,2026-03-12,ONCHAIN_SCAN,MEDIUM,,Circle
CU-ACT-0647,2026-03-12,BLACKLIST,0xfda1ec4a6178d4916b001a065422d31ebe5f62ff,ADDRESS,sanctioned_entity,CU-ENT-0016,,ACTIVE,,,,,CU-TRG-0016,,CU-IMP-0647,,ONCHAIN_SCAN,HIGH,,Circle
CU-ACT-0648,2026-03-12,BLACKLIST,0x2ec6c5fe3d7acd8e2e6185c17d9acb136e66f3e0,ADDRESS,SANCTIONED_ENTITY,CU-ENT-0046,,ACTIVE,,,CU-INC-0002,,CU-TRG-0041,,CU-IMP-0648,2026-03-12,ONCHAIN_SCAN,MEDIUM,,Circle
CU-ACT-0649,2026-03-12,BLACKLIST,0xee61f0eeee09eed3583baab61fa2e64b96207478,ADDRESS,SANCTIONED_ENTITY,CU-ENT-0046,,ACTIVE,,,CU-INC-0002,,CU-TRG-0041,,CU-IMP-0649,2026-03-12,ONCHAIN_SCAN,MEDIUM,,Circle
CU-ACT-0650,2026-03-12,BLACKLIST,0xf8bc582628cd0c721b554161a1cb59ea003742c0,ADDRESS,SANCTIONED_ENTITY,CU-ENT-0046,,ACTIVE,,,CU-INC-0002,,CU-TRG-0041,,CU-IMP-0650,2026-03-12,ONCHAIN_SCAN,MEDIUM,,Circle
CU-ACT-0651,2026-03-12,BLACKLIST,0x47df0606a84a52763887d7aa280cc4f068326b16,ADDRESS,SANCTIONED_ENTITY,CU-ENT-0046,,ACTIVE,,,CU-INC-0002,,CU-TRG-0041,,CU-IMP-0651,2026-03-12,ONCHAIN_SCAN,MEDIUM,,Circle
CU-ACT-0652,2026-03-12,BLACKLIST,0x9145fc390e71e3b56da4bfe51460cbdbb1a8a3f9,ADDRESS,SANCTIONED_ENTITY,CU-ENT-0046,,ACTIVE,,,CU-INC-0002,,CU-TRG-0041,,CU-IMP-0652,2026-03-12,ONCHAIN_SCAN,MEDIUM,,Circle
CU-ACT-0653,2026-03-17,BLACKLIST,0x099f6083cf8bd3af686ffb7153589e0b11b70a8a,ADDRESS,,,,ACTIVE,,,,,,,CU-IMP-0653,,ONCHAIN_SCAN,HIGH,,Circle
CU-ACT-0654,2026-03-23,BLACKLIST,0x1485fe2d36d075ff794c11d306d3da5be7fc124c,ADDRESS,,,,REVERSED,CU-ACT-2989,,,,CU-TRG-0040,,CU-IMP-0654,2026-03-25,ONCHAIN_SCAN,HIGH,,Circle
CU-ACT-0655,2026-03-23,BLACKLIST,0x05c0a0d48e7e96d954e620fa133a4e010b119067,ADDRESS,,,,REVERSED,CU-ACT-2941,,,,CU-TRG-0040,,CU-IMP-0655,2026-03-25,ONCHAIN_SCAN,HIGH,,Circle
CU-ACT-0656,2026-03-23,BLACKLIST,0x2704ba2d5d3544e6292d9aca536b6bbbfebd80e9,ADDRESS,,,,REVERSED,CU-ACT-2986,,,,CU-TRG-0040,,CU-IMP-0656,2026-03-25,ONCHAIN_SCAN,HIGH,,Circle
CU-ACT-0657,2026-03-23,BLACKLIST,0x22face80f43b857141e9752c3bae8c3309fcdd0f,ADDRESS,,,,REVERSED,CU-ACT-0753,,,,CU-TRG-0040,,CU-IMP-0657,2026-03-25,ONCHAIN_SCAN,HIGH,,Circle
CU-ACT-0658,2026-03-23,BLACKLIST,0x753f38c1c61ebcb0d47fd65168e0be7906574e41,ADDRESS,,,,REVERSED,CU-ACT-0748,,,,CU-TRG-0040,,CU-IMP-0658,2026-03-25,ONCHAIN_SCAN,HIGH,,Circle
CU-ACT-0659,2026-03-23,BLACKLIST,0x4c55bc87e4dd8c1e1f4f79ec0ac8d1913d319eb9,ADDRESS,,,,REVERSED,CU-ACT-0776,,,,CU-TRG-0040,,CU-IMP-0659,2026-03-25,ONCHAIN_SCAN,HIGH,,Circle
CU-ACT-0660,2026-03-23,BLACKLIST,0x2e15d7aa0650de1009710fdd45c3468d75ae1392,ADDRESS,,,,REVERSED,CU-ACT-2934,,,,CU-TRG-0040,,CU-IMP-0660,2026-03-25,ONCHAIN_SCAN,HIGH,,Circle
CU-ACT-0661,2026-03-23,BLACKLIST,0x4ea2466cff0689dcd26c3b1ca554ca49bb22f483,ADDRESS,,,,REVERSED,CU-ACT-2935,,,,CU-TRG-0040,,CU-IMP-0661,2026-03-25,ONCHAIN_SCAN,HIGH,,Circle
CU-ACT-0662,2026-03-23,BLACKLIST,0x06dd6450370c980f4f0f563b0ca17cb2ff8c8954,ADDRESS,,,,REVERSED,CU-ACT-2949,,,,CU-TRG-0040,,CU-IMP-0662,2026-03-25,ONCHAIN_SCAN,HIGH,,Circle
CU-ACT-0663,2026-03-23,BLACKLIST,0x53b9b72dc6f96eb4b54143b211b22e2548e4cf5c,ADDRESS,,,,ACTIVE,,,,,CU-TRG-0040,,CU-IMP-0663,2026-03-25,ONCHAIN_SCAN,HIGH,,Circle
CU-ACT-0664,2026-03-23,BLACKLIST,0x4dd00a697a0a8e32415c1e8d4b39e3cdc9a9c636,ADDRESS,,,,REVERSED,CU-ACT-2964,,,,CU-TRG-0040,,CU-IMP-0664,2026-03-25,ONCHAIN_SCAN,HIGH,,Circle
CU-ACT-0665,2026-03-23,BLACKLIST,0x05ecaf39376088d7c8bf1acc06015f71e35bfe35,ADDRESS,,,,REVERSED,CU-ACT-0752,,,,CU-TRG-0040,,CU-IMP-0665,2026-03-25,ONCHAIN_SCAN,HIGH,,Circle
CU-ACT-0666,2026-03-23,BLACKLIST,0xb25ea1d493b49a1ded42ac5b1208cc618f9a9b80,ADDRESS,BRIDGE,CU-ENT-0039,,REVERSED,CU-ACT-0744,,,,CU-TRG-0040,,CU-IMP-0666,2026-03-25,ONCHAIN_SCAN,HIGH,notes/CU-ACT-0666.md,Circle
CU-ACT-0667,2026-03-23,BLACKLIST,0x846770cff61bddcd8f0948ff0b1376ff3c1ec152,ADDRESS,,,,REVERSED,CU-ACT-2956,,,,CU-TRG-0040,,CU-IMP-0667,2026-03-25,ONCHAIN_SCAN,HIGH,,Circle
CU-ACT-0668,2026-03-23,BLACKLIST,0x355da2de8f9d7da89d92f392e517406a158c90ed,ADDRESS,,,,REVERSED,CU-ACT-2923,,,,CU-TRG-0040,,CU-IMP-0668,2026-03-25,ONCHAIN_SCAN,HIGH,,Circle
CU-ACT-0669,2026-03-23,BLACKLIST,0x7520cad39e6143297d0487ff9933399e3e43646d,ADDRESS,,,,REVERSED,CU-ACT-2972,,,,CU-TRG-0040,,CU-IMP-0669,2026-03-25,ONCHAIN_SCAN,HIGH,,Circle
CU-ACT-0670,2026-03-23,BLACKLIST,0x090aac31fca0d19f91e30e02ec8217098a3a4446,ADDRESS,,,,REVERSED,CU-ACT-2938,,,,CU-TRG-0040,,CU-IMP-0670,2026-03-25,ONCHAIN_SCAN,HIGH,,Circle
CU-ACT-0671,2026-03-23,BLACKLIST,0x5943cbf095e7451c53f96bceba02f68fd0220667,ADDRESS,,,,REVERSED,CU-ACT-2939,,,,CU-TRG-0040,,CU-IMP-0671,2026-03-25,ONCHAIN_SCAN,HIGH,,Circle
CU-ACT-0672,2026-03-23,BLACKLIST,0x59d9812f3ad9139d314e48d160b79aea0d80d90e,ADDRESS,,,,REVERSED,CU-ACT-0755,,,,CU-TRG-0040,,CU-IMP-0672,2026-03-25,ONCHAIN_SCAN,HIGH,,Circle
CU-ACT-0673,2026-03-23,BLACKLIST,0x42ac6a768801027f43067e8f0cf0425273f9ae7f,ADDRESS,,,,REVERSED,CU-ACT-2942,,,,CU-TRG-0040,,CU-IMP-0673,2026-03-25,ONCHAIN_SCAN,HIGH,,Circle
CU-ACT-0674,2026-03-23,BLACKLIST,0xb272c40c7cd964b35094b512448777314169d234,ADDRESS,,,,REVERSED,CU-ACT-2958,,,,CU-TRG-0040,,CU-IMP-0674,2026-03-25,ONCHAIN_SCAN,HIGH,,Circle
CU-ACT-0675,2026-03-23,BLACKLIST,0x3584887728d869cc5d3522fe04df25bedca77766,ADDRESS,,,,REVERSED,CU-ACT-0734,,,,CU-TRG-0040,,CU-IMP-0675,2026-03-25,ONCHAIN_SCAN,HIGH,,Circle
CU-ACT-0676,2026-03-23,BLACKLIST,0x09231680e3ac21c18213f1c1bb9c4bc35988a213,ADDRESS,,,,REVERSED,CU-ACT-2946,,,,CU-TRG-0040,,CU-IMP-0676,2026-03-25,ONCHAIN_SCAN,HIGH,,Circle
CU-ACT-0677,2026-03-23,BLACKLIST,0x75a80101bbe1a0f5cc92bbff40cdc16faf4b492c,ADDRESS,,,,REVERSED,CU-ACT-2993,,,,CU-TRG-0040,,CU-IMP-0677,2026-03-25,ONCHAIN_SCAN,HIGH,,Circle
CU-ACT-0678,2026-03-23,BLACKLIST,0xbfca3e2097baa1eb354e9d915180707dde1027f2,ADDRESS,,,,REVERSED,CU-ACT-0777,,,,CU-TRG-0040,,CU-IMP-0678,2026-03-25,ONCHAIN_SCAN,HIGH,,Circle
CU-ACT-0679,2026-03-23,BLACKLIST,0xb5a1e5910644669b0503d2edd41c25515b8e320d,ADDRESS,,,,REVERSED,CU-ACT-2961,,,,CU-TRG-0040,,CU-IMP-0679,2026-03-25,ONCHAIN_SCAN,HIGH,,Circle
CU-ACT-0680,2026-03-23,BLACKLIST,0x2ce60c7abced6a24a859a8728d9278a0c5cc6625,ADDRESS,,,,REVERSED,CU-ACT-0778,,,,CU-TRG-0040,,CU-IMP-0680,2026-03-25,ONCHAIN_SCAN,HIGH,,Circle
CU-ACT-0681,2026-03-23,BLACKLIST,0xd8f39f3a20b764669a5c8839d4cb94639a642af4,ADDRESS,,,,REVERSED,CU-ACT-2962,,,,CU-TRG-0040,,CU-IMP-0681,2026-03-25,ONCHAIN_SCAN,HIGH,,Circle
CU-ACT-0682,2026-03-23,BLACKLIST,0x55bb2ea134e8e38759ce5d96924c288b873828a7,ADDRESS,,,,REVERSED,CU-ACT-2991,,,,CU-TRG-0040,,CU-IMP-0682,2026-03-25,ONCHAIN_SCAN,HIGH,,Circle
CU-ACT-0683,2026-03-23,BLACKLIST,0x6926408f55c4f322ebe1a3cc7e4fff380c5543df,ADDRESS,,,,REVERSED,CU-ACT-2987,,,,CU-TRG-0040,,CU-IMP-0683,2026-03-25,ONCHAIN_SCAN,HIGH,,Circle
CU-ACT-0684,2026-03-23,BLACKLIST,0x87d18ee84e8f4f5709cbf3500179a4c601da12ce,ADDRESS,,,,REVERSED,CU-ACT-2951,,,,CU-TRG-0040,,CU-IMP-0684,2026-03-25,ONCHAIN_SCAN,HIGH,,Circle
CU-ACT-0685,2026-03-23,BLACKLIST,0xad36fdcbb692d4b38f427590e8e5f4f7e07070f9,ADDRESS,,,,REVERSED,CU-ACT-0779,,,,CU-TRG-0040,,CU-IMP-0685,2026-03-25,ONCHAIN_SCAN,HIGH,,Circle
CU-ACT-0686,2026-03-23,BLACKLIST,0x44ffbce179e41cccc28d68e7fd112ae8e637d85c,ADDRESS,,,,REVERSED,CU-ACT-2933,,,,CU-TRG-0040,,CU-IMP-0686,2026-03-25,ONCHAIN_SCAN,HIGH,,Circle
CU-ACT-0687,2026-03-23,BLACKLIST,0x49ba71a10832a0b987e2ebaed3e58e90441a8ce3,ADDRESS,,,,REVERSED,CU-ACT-2995,,,,CU-TRG-0040,,CU-IMP-0687,2026-03-25,ONCHAIN_SCAN,HIGH,,Circle
CU-ACT-0688,2026-03-23,BLACKLIST,0xd4f4699c61ff4307292d22093caebb8e2320178a,ADDRESS,,,,REVERSED,CU-ACT-2952,,,,CU-TRG-0040,,CU-IMP-0688,2026-03-25,ONCHAIN_SCAN,HIGH,,Circle
CU-ACT-0689,2026-03-23,BLACKLIST,0x4bd282c083d9ec35aa6c3e0f366d79f12f3a1630,ADDRESS,,,,REVERSED,CU-ACT-0737,,,,CU-TRG-0040,,CU-IMP-0689,2026-03-25,ONCHAIN_SCAN,HIGH,,Circle
CU-ACT-0690,2026-03-23,BLACKLIST,0xd5c1c8b411b26628db9063a732f61f64dbe55038,ADDRESS,,,,REVERSED,CU-ACT-2954,,,,CU-TRG-0040,,CU-IMP-0690,2026-03-25,ONCHAIN_SCAN,HIGH,,Circle
CU-ACT-0691,2026-03-23,BLACKLIST,0x00e84a0b678cd4584a9a377d334c810025970873,ADDRESS,,,,REVERSED,CU-ACT-0745,,,,CU-TRG-0040,,CU-IMP-0691,2026-03-25,ONCHAIN_SCAN,HIGH,,Circle
CU-ACT-0692,2026-03-23,BLACKLIST,0xa1e9e989b72715b642799c80022a30a99e8ae5a1,ADDRESS,,,,REVERSED,CU-ACT-2959,,,,CU-TRG-0040,,CU-IMP-0692,2026-03-25,ONCHAIN_SCAN,HIGH,,Circle
CU-ACT-0693,2026-03-23,BLACKLIST,0x2af2b381804fbc311308789caee6ebe6b5a561b6,ADDRESS,,,,REVERSED,CU-ACT-2932,,,,CU-TRG-0040,,CU-IMP-0693,2026-03-25,ONCHAIN_SCAN,HIGH,,Circle
CU-ACT-0694,2026-03-23,BLACKLIST,0xa8b2553f32304176be624bc4f58c18ec01051018,ADDRESS,,,,REVERSED,CU-ACT-2955,,,,CU-TRG-0040,,CU-IMP-0694,2026-03-25,ONCHAIN_SCAN,HIGH,,Circle
CU-ACT-0695,2026-03-23,BLACKLIST,0xaa46e346e545d27bc154cba97cd91c45e64fda7e,ADDRESS,,,,REVERSED,CU-ACT-2948,,,,CU-TRG-0040,,CU-IMP-0695,2026-03-25,ONCHAIN_SCAN,HIGH,,Circle
CU-ACT-0696,2026-03-23,BLACKLIST,0x693243a75b6fa13995ca7aec56ab5c5dbef23c37,ADDRESS,,,,REVERSED,CU-ACT-0762,,,,CU-TRG-0040,,CU-IMP-0696,2026-03-25,ONCHAIN_SCAN,HIGH,,Circle
CU-ACT-0697,2026-03-23,BLACKLIST,0x5f9acf4e85aa7283e0c16dd94cbc942f9d625151,ADDRESS,,,,REVERSED,CU-ACT-0754,,,,CU-TRG-0040,,CU-IMP-0697,2026-03-25,ONCHAIN_SCAN,HIGH,,Circle
CU-ACT-0698,2026-03-23,BLACKLIST,0x6bea07d3e1854e43e426bfde54c8315ad4acadf1,ADDRESS,,,,REVERSED,CU-ACT-2998,,,,CU-TRG-0040,,CU-IMP-0698,2026-03-25,ONCHAIN_SCAN,HIGH,,Circle
CU-ACT-0699,2026-03-23,BLACKLIST,0x61e1eb45661d344cd472590d45893ff1ff190dd7,ADDRESS,,,,REVERSED,CU-ACT-0746,,,,CU-TRG-0040,,CU-IMP-0699,2026-03-25,ONCHAIN_SCAN,HIGH,,Circle
CU-ACT-0700,2026-03-23,BLACKLIST,0x634c9732c8f368b6c5e200c4152f28b2568aa7f9,ADDRESS,,,,REVERSED,CU-ACT-2960,,,,CU-TRG-0040,,CU-IMP-0700,2026-03-25,ONCHAIN_SCAN,HIGH,,Circle
CU-ACT-0701,2026-03-23,BLACKLIST,0xb33f36032c8a194cbea04644313e0a37f7b4a5f8,ADDRESS,,,,REVERSED,CU-ACT-2968,,,,CU-TRG-0040,,CU-IMP-0701,2026-03-25,ONCHAIN_SCAN,HIGH,,Circle
CU-ACT-0702,2026-03-23,BLACKLIST,0xff63723f6831e0f39bf85a2a80b61d4f3cea455a,ADDRESS,,,,REVERSED,CU-ACT-2997,,,,CU-TRG-0040,,CU-IMP-0702,2026-03-25,ONCHAIN_SCAN,HIGH,,Circle
CU-ACT-0703,2026-03-23,BLACKLIST,0xdb913173921931e3fa0578462c0eed0f9de8839e,ADDRESS,,,,REVERSED,CU-ACT-2967,,,,CU-TRG-0040,,CU-IMP-0703,2026-03-25,ONCHAIN_SCAN,HIGH,,Circle
CU-ACT-0704,2026-03-23,BLACKLIST,0xe47f743c2ddd0a1b83c3b0fb3b1d508a5adf0507,ADDRESS,,,,REVERSED,CU-ACT-2990,,,,CU-TRG-0040,,CU-IMP-0704,2026-03-25,ONCHAIN_SCAN,HIGH,,Circle
CU-ACT-0705,2026-03-23,BLACKLIST,0x8badd8b59ddaf9a12c4910ca1b2e8ea750a71594,ADDRESS,,,,REVERSED,CU-ACT-2944,,,,CU-TRG-0040,,CU-IMP-0705,2026-03-25,ONCHAIN_SCAN,HIGH,,Circle
CU-ACT-0706,2026-03-23,BLACKLIST,0xcfa1cbc4fe4892e2c121851d97419b7691abd2f2,ADDRESS,,,,REVERSED,CU-ACT-2965,,,,CU-TRG-0040,,CU-IMP-0706,2026-03-25,ONCHAIN_SCAN,HIGH,,Circle
CU-ACT-0707,2026-03-23,BLACKLIST,0xf9e83020cccbd1a95f0f257a5a9e3d58149762f8,ADDRESS,,,,REVERSED,CU-ACT-2969,,,,CU-TRG-0040,,CU-IMP-0707,2026-03-25,ONCHAIN_SCAN,HIGH,,Circle
CU-ACT-0708,2026-03-23,BLACKLIST,0xfb3a175ce3cb33d9f464a3c5ea0b834dae2aaaf6,ADDRESS,,,,REVERSED,CU-ACT-0739,,,,CU-TRG-0040,,CU-IMP-0708,2026-03-25,ONCHAIN_SCAN,HIGH,,Circle
CU-ACT-0709,2026-03-23,BLACKLIST,0x7541f8a7f8d6b173cc54ed4548c8d730db883f99,ADDRESS,,,,REVERSED,CU-ACT-2953,,,,CU-TRG-0040,,CU-IMP-0709,2026-03-25,ONCHAIN_SCAN,HIGH,,Circle
CU-ACT-0710,2026-03-23,BLACKLIST,0x3b848ac300b9e0d260e812b628b87a03d278db95,ADDRESS,,,,REVERSED,CU-ACT-2970,,,,CU-TRG-0040,,CU-IMP-0710,2026-03-25,ONCHAIN_SCAN,HIGH,,Circle
CU-ACT-0711,2026-03-23,BLACKLIST,0xb781d13efb4dec7b9dd1285ace100919dd21c434,ADDRESS,,,,REVERSED,CU-ACT-2936,,,,CU-TRG-0040,,CU-IMP-0711,2026-03-25,ONCHAIN_SCAN,HIGH,,Circle
CU-ACT-0712,2026-03-23,BLACKLIST,0x61f08d119974a3d9915f06765d83fe1aa677e543,ADDRESS,CORPORATION,CU-ENT-0040,,REVERSED,CU-ACT-0735,,,,CU-TRG-0040,,CU-IMP-0712,2026-03-25,ONCHAIN_SCAN,HIGH,,Circle
CU-ACT-0713,2026-03-23,BLACKLIST,0x9e2a58d257963a276452fff1be94c0eb7e2775cc,ADDRESS,,,,REVERSED,CU-ACT-2945,,,,CU-TRG-0040,,CU-IMP-0713,2026-03-25,ONCHAIN_SCAN,HIGH,,Circle
CU-ACT-0714,2026-03-23,BLACKLIST,0xe646786ba5e3de20820cdb89e9b2d8c3aa869aab,ADDRESS,,,,REVERSED,CU-ACT-0763,,,,CU-TRG-0040,,CU-IMP-0714,2026-03-25,ONCHAIN_SCAN,HIGH,,Circle
CU-ACT-0715,2026-03-23,BLACKLIST,0x0ba9bf6ece534ef7d43ec50f6f08c899ddecebbe,ADDRESS,,,,REVERSED,CU-ACT-0761,,,,CU-TRG-0040,,CU-IMP-0715,2026-03-25,ONCHAIN_SCAN,HIGH,,Circle
CU-ACT-0716,2026-03-23,BLACKLIST,0x6b43ac16dba34950bd7a624989cddfb82eea81b2,ADDRESS,,,,REVERSED,CU-ACT-2943,,,,CU-TRG-0040,,CU-IMP-0716,2026-03-25,ONCHAIN_SCAN,HIGH,,Circle
CU-ACT-0717,2026-03-23,BLACKLIST,0xd8f7016927ad44db6f1a0db051a5a6b884562122,ADDRESS,,,,REVERSED,CU-ACT-2950,,,,CU-TRG-0040,,CU-IMP-0717,2026-03-25,ONCHAIN_SCAN,HIGH,,Circle
CU-ACT-0718,2026-03-23,BLACKLIST,0x50fe09c1e4c7debd0c3d42e63427bc49752564f7,ADDRESS,,,,REVERSED,CU-ACT-2971,,,,CU-TRG-0040,,CU-IMP-0718,2026-03-25,ONCHAIN_SCAN,HIGH,,Circle
CU-ACT-0719,2026-03-23,BLACKLIST,0xb386dff391830280763869d8f416206d16289e31,ADDRESS,,,,REVERSED,CU-ACT-2957,,,,CU-TRG-0040,,CU-IMP-0719,2026-03-25,ONCHAIN_SCAN,HIGH,,Circle
CU-ACT-0720,2026-03-23,BLACKLIST,0x6138d5e437c75bda6001764893eae040d1b9c775,ADDRESS,,,,REVERSED,CU-ACT-2947,,,,CU-TRG-0040,,CU-IMP-0720,2026-03-25,ONCHAIN_SCAN,HIGH,,Circle
CU-ACT-0721,2026-03-23,BLACKLIST,0xcc43932dc902ef1affe4bdb124ab2212ce18bb73,ADDRESS,,,,REVERSED,CU-ACT-0747,,,,CU-TRG-0040,,CU-IMP-0721,2026-03-25,ONCHAIN_SCAN,HIGH,,Circle
CU-ACT-0722,2026-03-23,BLACKLIST,0xb77230243b06f7c8e313755b965f2026497ed3e2,ADDRESS,,,,REVERSED,CU-ACT-2994,,,,CU-TRG-0040,,CU-IMP-0722,2026-03-25,ONCHAIN_SCAN,HIGH,,Circle
CU-ACT-0723,2026-03-23,BLACKLIST,0xd2687ebffd715ee8f23971745979b558a78f5ea0,ADDRESS,,,,REVERSED,CU-ACT-2966,,,,CU-TRG-0040,,CU-IMP-0723,2026-03-25,ONCHAIN_SCAN,HIGH,,Circle
CU-ACT-0724,2026-03-23,BLACKLIST,0xe7eb4d9a633d65d1a6ac61ac8a2327346c0fb14a,ADDRESS,,,,REVERSED,CU-ACT-2988,,,,CU-TRG-0040,,CU-IMP-0724,2026-03-25,ONCHAIN_SCAN,HIGH,,Circle
CU-ACT-0725,2026-03-23,BLACKLIST,0xb5f3cb721fc2b534aca67fbcfed1c1b1f3c08216,ADDRESS,,,,REVERSED,CU-ACT-2940,,,,CU-TRG-0040,,CU-IMP-0725,2026-03-25,ONCHAIN_SCAN,HIGH,,Circle
CU-ACT-0726,2026-03-23,BLACKLIST,0xa833a3ec095d9ec58ac7d1b9182c57d67887b8b9,ADDRESS,,,,REVERSED,CU-ACT-2992,,,,CU-TRG-0040,,CU-IMP-0726,2026-03-25,ONCHAIN_SCAN,HIGH,,Circle
CU-ACT-0727,2026-03-23,BLACKLIST,0x18779e0200a1a716e785cfe2c6f52bb763242cab,ADDRESS,,,,REVERSED,CU-ACT-2999,,,,CU-TRG-0040,,CU-IMP-0727,2026-03-25,ONCHAIN_SCAN,HIGH,,Circle
CU-ACT-0728,2026-03-23,BLACKLIST,0x258494a21d9ea90fcbcb9e22bd57c6899de0d995,ADDRESS,,,,REVERSED,CU-ACT-0749,,,,CU-TRG-0040,,CU-IMP-0728,2026-03-25,ONCHAIN_SCAN,HIGH,,Circle
CU-ACT-0729,2026-03-23,BLACKLIST,0x68416debc20d13e5ef694cdcac9506f4c1a20184,ADDRESS,,,,REVERSED,CU-ACT-0738,,,,CU-TRG-0040,,CU-IMP-0729,2026-03-25,ONCHAIN_SCAN,HIGH,,Circle
CU-ACT-0730,2026-03-23,BLACKLIST,0x827253f62f0325a3818053f2682ebb19f89d0df2,ADDRESS,,,,REVERSED,CU-ACT-2973,,,,CU-TRG-0040,,CU-IMP-0730,2026-03-25,ONCHAIN_SCAN,HIGH,,Circle
CU-ACT-0731,2026-03-23,BLACKLIST,0xab61ee0f6ce3f72cac142a75869847642db19f0e,ADDRESS,,,,REVERSED,CU-ACT-2963,,,,CU-TRG-0040,,CU-IMP-0731,2026-03-25,ONCHAIN_SCAN,HIGH,,Circle
CU-ACT-0732,2026-03-23,BLACKLIST,0xc125abc00522891535f130d402e8d889b606432a,ADDRESS,,,,REVERSED,CU-ACT-2996,,,,CU-TRG-0040,,CU-IMP-0732,2026-03-25,ONCHAIN_SCAN,HIGH,,Circle
CU-ACT-0733,2026-03-23,BLACKLIST,0xca7ff863e10ca26865cfb84f8a5f96e7baa59aab,ADDRESS,,,,REVERSED,CU-ACT-2937,,,,CU-TRG-0040,,CU-IMP-0733,2026-03-25,ONCHAIN_SCAN,HIGH,,Circle
CU-ACT-0734,2026-03-26,UNBLACKLIST,0x3584887728d869cc5d3522fe04df25bedca77766,ADDRESS,,,,ACTIVE,,,,,,,CU-IMP-0734,,ONCHAIN_SCAN,HIGH,,Circle
CU-ACT-0735,2026-03-26,UNBLACKLIST,0x61f08d119974a3d9915f06765d83fe1aa677e543,ADDRESS,,,,ACTIVE,,,,,,,CU-IMP-0735,,ONCHAIN_SCAN,HIGH,,Circle
CU-ACT-0736,2026-03-26,BLACKLIST,0xbab2b54a76af17a75886762c6f23c88da6c824d8,ADDRESS,,,,ACTIVE,,,,,,,CU-IMP-0736,,ONCHAIN_SCAN,HIGH,,Circle
CU-ACT-0737,2026-03-26,UNBLACKLIST,0x4bd282c083d9ec35aa6c3e0f366d79f12f3a1630,ADDRESS,,,,ACTIVE,,,,,,,CU-IMP-0737,,ONCHAIN_SCAN,HIGH,,Circle
CU-ACT-0738,2026-03-26,UNBLACKLIST,0x68416debc20d13e5ef694cdcac9506f4c1a20184,ADDRESS,,,,ACTIVE,,,,,,,CU-IMP-0738,,ONCHAIN_SCAN,HIGH,,Circle
CU-ACT-0739,2026-03-27,UNBLACKLIST,0xfb3a175ce3cb33d9f464a3c5ea0b834dae2aaaf6,ADDRESS,,,,ACTIVE,,,,,,,CU-IMP-0739,,ONCHAIN_SCAN,HIGH,,Circle
CU-ACT-0740,2026-03-27,BLACKLIST,0x70306d1e8a01da8e5f18aaeb4ef1c525cabe83dc,ADDRESS,,,,ACTIVE,,,,,,,CU-IMP-0740,,ONCHAIN_SCAN,HIGH,,Circle
CU-ACT-0741,2026-03-27,BLACKLIST,0x7c710d6b106b451d84e29d5172400847133d4e69,ADDRESS,,,,ACTIVE,,,,,,,CU-IMP-0741,,ONCHAIN_SCAN,HIGH,,Circle
CU-ACT-0742,2026-03-27,BLACKLIST,0x18e2fa20b3893de47066f5c39ed88397e05cf537,ADDRESS,,,,ACTIVE,,,,,,,CU-IMP-0742,,ONCHAIN_SCAN,HIGH,,Circle
CU-ACT-0743,2026-03-27,BLACKLIST,0x48e6f245d6c8accb3a0b47b750455ab78d1b113d,ADDRESS,,,,ACTIVE,,,,,,,CU-IMP-0743,,ONCHAIN_SCAN,HIGH,,Circle
CU-ACT-0744,2026-03-28,UNBLACKLIST,0xb25ea1d493b49a1ded42ac5b1208cc618f9a9b80,ADDRESS,BRIDGE,CU-ENT-0039,,ACTIVE,,,,,,,CU-IMP-0744,2026-03-28,ONCHAIN_SCAN,HIGH,,Circle
CU-ACT-0745,2026-03-28,UNBLACKLIST,0x00e84a0b678cd4584a9a377d334c810025970873,ADDRESS,,,,ACTIVE,,,,,,,CU-IMP-0745,,ONCHAIN_SCAN,HIGH,,Circle
CU-ACT-0746,2026-03-30,UNBLACKLIST,0x61e1eb45661d344cd472590d45893ff1ff190dd7,ADDRESS,,,,ACTIVE,,,,,,,CU-IMP-0746,,ONCHAIN_SCAN,HIGH,,Circle
CU-ACT-0747,2026-03-30,UNBLACKLIST,0xcc43932dc902ef1affe4bdb124ab2212ce18bb73,ADDRESS,,,,ACTIVE,,,,,,,CU-IMP-0747,,ONCHAIN_SCAN,HIGH,,Circle
CU-ACT-0748,2026-03-31,UNBLACKLIST,0x753f38c1c61ebcb0d47fd65168e0be7906574e41,ADDRESS,,,,ACTIVE,,,,,,,CU-IMP-0748,,ONCHAIN_SCAN,HIGH,,Circle
CU-ACT-0749,2026-03-31,UNBLACKLIST,0x258494a21d9ea90fcbcb9e22bd57c6899de0d995,ADDRESS,,,,ACTIVE,,,,,,,CU-IMP-0749,,ONCHAIN_SCAN,HIGH,,Circle
CU-ACT-0750,2026-03-31,UNBLACKLIST,0x037823d2320c81a62721c0444160e053b19f45c4,ADDRESS,,,,ACTIVE,,,,,,,CU-IMP-0750,,ONCHAIN_SCAN,HIGH,,Circle
CU-ACT-0751,2026-03-31,UNBLACKLIST,0xe6a52b4829dee5ae37e383087f5bf1fac6983b44,ADDRESS,,,,ACTIVE,,,,,,,CU-IMP-0751,,ONCHAIN_SCAN,HIGH,,Circle
CU-ACT-0752,2026-04-01,UNBLACKLIST,0x05ecaf39376088d7c8bf1acc06015f71e35bfe35,ADDRESS,,,,ACTIVE,,,,,,,CU-IMP-0752,,ONCHAIN_SCAN,HIGH,,Circle
CU-ACT-0753,2026-04-02,UNBLACKLIST,0x22face80f43b857141e9752c3bae8c3309fcdd0f,ADDRESS,,,,ACTIVE,,,,,,,CU-IMP-0753,,ONCHAIN_SCAN,HIGH,,Circle
CU-ACT-0754,2026-04-02,UNBLACKLIST,0x5f9acf4e85aa7283e0c16dd94cbc942f9d625151,ADDRESS,,,,ACTIVE,,,,,,,CU-IMP-0754,,ONCHAIN_SCAN,HIGH,,Circle
CU-ACT-0755,2026-04-02,UNBLACKLIST,0x59d9812f3ad9139d314e48d160b79aea0d80d90e,ADDRESS,,,,ACTIVE,,,,,,,CU-IMP-0755,,ONCHAIN_SCAN,HIGH,,Circle
CU-ACT-0756,2026-04-02,UNBLACKLIST,0x20b575570a487024fa8fd26bf7be29ce91b58af0,ADDRESS,,,,ACTIVE,,,,,,,CU-IMP-0756,,ONCHAIN_SCAN,HIGH,,Circle
CU-ACT-0757,2026-04-02,UNBLACKLIST,0xbf73b75c821b3fc656b4e6f33e36013fbaa036e3,ADDRESS,,,,ACTIVE,,,,,,,CU-IMP-0757,,ONCHAIN_SCAN,HIGH,,Circle
CU-ACT-0758,2026-04-02,UNBLACKLIST,0xb62d9e45688a40f101645351a6cee269cba5a5b9,ADDRESS,,,,ACTIVE,,,,,,,CU-IMP-0758,,ONCHAIN_SCAN,HIGH,,Circle
CU-ACT-0759,2026-04-02,UNBLACKLIST,0x5b34604cad96abc062ca93b895da102281c8940f,ADDRESS,,,,ACTIVE,,,,,,,CU-IMP-0759,,ONCHAIN_SCAN,HIGH,,Circle
CU-ACT-0760,2026-04-03,BLACKLIST,0x12c353bb5dad2083d93b11b2deba72c01200d63e,ADDRESS,,,,ACTIVE,,,,,,,CU-IMP-0760,,ONCHAIN_SCAN,HIGH,,Circle
CU-ACT-0761,2026-04-04,UNBLACKLIST,0x0ba9bf6ece534ef7d43ec50f6f08c899ddecebbe,ADDRESS,,,,ACTIVE,,,,,,,CU-IMP-0761,,ONCHAIN_SCAN,HIGH,,Circle
CU-ACT-0762,2026-04-06,UNBLACKLIST,0x693243a75b6fa13995ca7aec56ab5c5dbef23c37,ADDRESS,,,,ACTIVE,,,,,,,CU-IMP-0762,,ONCHAIN_SCAN,HIGH,,Circle
CU-ACT-0763,2026-04-07,UNBLACKLIST,0xe646786ba5e3de20820cdb89e9b2d8c3aa869aab,ADDRESS,,,,ACTIVE,,,,,,,CU-IMP-0763,,ONCHAIN_SCAN,HIGH,,Circle
CU-ACT-0764,2026-04-11,BLACKLIST,0xe38c9bfc757d6c1607126a63e7e98a21032c47a6,ADDRESS,,,,ACTIVE,,,,,,,CU-IMP-0764,,ONCHAIN_SCAN,HIGH,,Circle
CU-ACT-0765,2026-04-11,BLACKLIST,0x0a232683648f83e48af7c5b91ca6c580cd060c79,ADDRESS,,,,ACTIVE,,,,,,,CU-IMP-0765,,ONCHAIN_SCAN,HIGH,,Circle
CU-ACT-0766,2026-04-11,BLACKLIST,0x10e9f6063cecd1d1d475e943e1952abedd58f275,ADDRESS,,,,ACTIVE,,,,,,,CU-IMP-0766,,ONCHAIN_SCAN,HIGH,,Circle
CU-ACT-0767,2026-04-11,BLACKLIST,0x2ec48bde7ab622863824b1408d6bb68e188f9db2,ADDRESS,,,,ACTIVE,,,,,,,CU-IMP-0767,,ONCHAIN_SCAN,HIGH,,Circle
CU-ACT-0768,2026-04-11,BLACKLIST,0x073fb97a1b7da715a5ccd00a257c7e1cbae6e309,ADDRESS,,,,ACTIVE,,,,,,,CU-IMP-0768,,ONCHAIN_SCAN,HIGH,,Circle
CU-ACT-0769,2026-04-11,BLACKLIST,0x1f954c350eed5c27569cde6dee83aebb007b346e,ADDRESS,,,,ACTIVE,,,,,,,CU-IMP-0769,,ONCHAIN_SCAN,HIGH,,Circle
CU-ACT-0770,2026-04-11,BLACKLIST,0xc8bdd5c269e8c105ad29d78894875068c60269f6,ADDRESS,,,,ACTIVE,,,,,,,CU-IMP-0770,,ONCHAIN_SCAN,HIGH,,Circle
CU-ACT-0771,2026-04-11,BLACKLIST,0xeecfb175eec3172aad557332aaaa3fb9b06da48f,ADDRESS,,,,ACTIVE,,,,,,,CU-IMP-0771,,ONCHAIN_SCAN,HIGH,,Circle
CU-ACT-0772,2026-04-11,BLACKLIST,0x0b844cb8f826a9fb44918be44b1abe01c3ddc16b,ADDRESS,,,,ACTIVE,,,,,,,CU-IMP-0772,,ONCHAIN_SCAN,HIGH,,Circle
CU-ACT-0773,2026-04-11,BLACKLIST,0x618ddf95d334685aea70608fa0888b0bc2d3809f,ADDRESS,,,,ACTIVE,,,,,,,CU-IMP-0773,,ONCHAIN_SCAN,HIGH,,Circle
CU-ACT-0774,2026-04-11,BLACKLIST,0xcc9468dc0070ada8e12feeffaf2a1edab5aff12c,ADDRESS,,,,ACTIVE,,,,,,,CU-IMP-0774,,ONCHAIN_SCAN,HIGH,,Circle
CU-ACT-0775,2026-04-11,BLACKLIST,0xf76788730307c465012bda3fa2280dde823054b4,ADDRESS,,,,ACTIVE,,,,,,,CU-IMP-0775,,ONCHAIN_SCAN,HIGH,,Circle
CU-ACT-0776,2026-04-14,UNBLACKLIST,0x4c55bc87e4dd8c1e1f4f79ec0ac8d1913d319eb9,ADDRESS,,,,ACTIVE,,,,,,,CU-IMP-0776,,ONCHAIN_SCAN,HIGH,,Circle
CU-ACT-0777,2026-04-14,UNBLACKLIST,0xbfca3e2097baa1eb354e9d915180707dde1027f2,ADDRESS,,,,ACTIVE,,,,,,,CU-IMP-0777,,ONCHAIN_SCAN,HIGH,,Circle
CU-ACT-0778,2026-04-14,UNBLACKLIST,0x2ce60c7abced6a24a859a8728d9278a0c5cc6625,ADDRESS,,,,ACTIVE,,,,,,,CU-IMP-0778,,ONCHAIN_SCAN,HIGH,,Circle
CU-ACT-0779,2026-04-14,UNBLACKLIST,0xad36fdcbb692d4b38f427590e8e5f4f7e07070f9,ADDRESS,,,,ACTIVE,,,,,,,CU-IMP-0779,,ONCHAIN_SCAN,HIGH,,Circle
CU-ACT-0780,2026-04-15,BLACKLIST,0x364f80ca7898dc578399d2c28b1436a357841118,ADDRESS,,,,ACTIVE,,,,,,,CU-IMP-0780,,ONCHAIN_SCAN,HIGH,,Circle
CU-ACT-0781,2026-04-15,BLACKLIST,0xec3145c5f138baf26722f1f909f6189ce81680fb,ADDRESS,,,,ACTIVE,,,,,,,CU-IMP-0781,,ONCHAIN_SCAN,HIGH,,Circle
CU-ACT-0782,2026-04-15,BLACKLIST,0xa251a3f2395bb53711095d2fc2890ae16a4d4387,ADDRESS,,,,ACTIVE,,,,,,,CU-IMP-0782,,ONCHAIN_SCAN,HIGH,,Circle
CU-ACT-0783,2023-08-18,BLACKLIST,0xd882cfc20f52f2599d84b8e8d58c7fb62cfe344b,ADDRESS,sanctioned_entity,CU-ENT-0003,,ACTIVE,,,,,CU-TRG-0003,,CU-IMP-0783,,ONCHAIN_SCAN,HIGH,,Circle
CU-ACT-0784,2023-08-18,BLACKLIST,0x7f367cc41522ce07553e823bf3be79a889debe1b,ADDRESS,sanctioned_entity,CU-ENT-0001,,ACTIVE,,,,,CU-TRG-0001,,CU-IMP-0784,,ONCHAIN_SCAN,HIGH,,Circle
CU-ACT-0785,2023-08-18,BLACKLIST,0x1da5821544e25c636c1417ba96ade4cf6d2f9b5a,ADDRESS,sanctioned_entity,CU-ENT-0002,,ACTIVE,,,,,CU-TRG-0002,,CU-IMP-0785,,ONCHAIN_SCAN,HIGH,,Circle
CU-ACT-0786,2023-08-18,BLACKLIST,0x7db418b5d567a4e0e8c59ad71be1fce48f3e6107,ADDRESS,sanctioned_entity,CU-ENT-0002,,ACTIVE,,,,,CU-TRG-0002,,CU-IMP-0786,,ONCHAIN_SCAN,HIGH,,Circle
CU-ACT-0787,2023-08-18,BLACKLIST,0x72a5843cc08275c8171e582972aa4fda8c397b2a,ADDRESS,sanctioned_entity,CU-ENT-0002,,ACTIVE,,,,,CU-TRG-0002,,CU-IMP-0787,,ONCHAIN_SCAN,HIGH,,Circle
CU-ACT-0788,2023-08-18,BLACKLIST,0x7f19720a857f834887fc9a7bc0a0fbe7fc7f8102,ADDRESS,sanctioned_entity,CU-ENT-0002,,ACTIVE,,,,,CU-TRG-0002,,CU-IMP-0788,,ONCHAIN_SCAN,HIGH,,Circle
CU-ACT-0789,2023-08-18,BLACKLIST,0x9f4cda013e354b8fc285bf4b9a60460cee7f7ea9,ADDRESS,sanctioned_entity,CU-ENT-0004,,ACTIVE,,,,,CU-TRG-0004,,CU-IMP-0789,,ONCHAIN_SCAN,HIGH,,Circle
CU-ACT-0790,2023-08-18,BLACKLIST,0xa7e5d5a720f06526557c513402f2e6b5fa20b008,ADDRESS,sanctioned_entity,CU-ENT-0007,,ACTIVE,,,,,CU-TRG-0007,,CU-IMP-0790,,ONCHAIN_SCAN,HIGH,,Circle
CU-ACT-0791,2023-08-18,BLACKLIST,0x3cbded43efdaf0fc77b9c55f6fc9988fcc9b757d,ADDRESS,sanctioned_entity,CU-ENT-0004,,ACTIVE,,,,,CU-TRG-0004,,CU-IMP-0791,,ONCHAIN_SCAN,HIGH,,Circle
CU-ACT-0792,2023-08-18,BLACKLIST,0x67d40ee1a85bf4a4bb7ffae16de985e8427b6b45,ADDRESS,sanctioned_entity,CU-ENT-0006,,ACTIVE,,,,,CU-TRG-0006,,CU-IMP-0792,,ONCHAIN_SCAN,HIGH,,Circle
CU-ACT-0793,2023-08-18,BLACKLIST,0x6f1ca141a28907f78ebaa64fb83a9088b02a8352,ADDRESS,sanctioned_entity,CU-ENT-0006,,ACTIVE,,,,,CU-TRG-0006,,CU-IMP-0793,,ONCHAIN_SCAN,HIGH,,Circle
CU-ACT-0794,2023-08-18,BLACKLIST,0x6acdfba02d390b97ac2b2d42a63e85293bcc160e,ADDRESS,,,,REVERSED,CU-ACT-0943,,,,,,CU-IMP-0794,,ONCHAIN_SCAN,HIGH,,Circle
CU-ACT-0795,2023-08-18,BLACKLIST,0x48549a34ae37b12f6a30566245176994e17c6b4a,ADDRESS,sanctioned_entity,CU-ENT-0006,,ACTIVE,,,,,CU-TRG-0006,,CU-IMP-0795,,ONCHAIN_SCAN,HIGH,,Circle
CU-ACT-0796,2023-08-18,BLACKLIST,0x5512d943ed1f7c8a43f3435c85f7ab68b30121b0,ADDRESS,sanctioned_entity,CU-ENT-0006,,ACTIVE,,,,,CU-TRG-0006,,CU-IMP-0796,,ONCHAIN_SCAN,HIGH,,Circle
CU-ACT-0797,2023-08-18,BLACKLIST,0x5512d943ed1f7c8a43f3435c85f7ab68b30121b0,ADDRESS,sanctioned_entity,CU-ENT-0006,,ACTIVE,,,,,CU-TRG-0006,,CU-IMP-0797,,ONCHAIN_SCAN,HIGH,,Circle
CU-ACT-0798,2023-08-18,BLACKLIST,0xc455f7fd3e0e12afd51fba5c106909934d8a0e4a,ADDRESS,sanctioned_entity,CU-ENT-0006,,ACTIVE,,,,,CU-TRG-0006,,CU-IMP-0798,,ONCHAIN_SCAN,HIGH,,Circle
CU-ACT-0799,2023-08-18,BLACKLIST,0x2f389ce8bd8ff92de3402ffce4691d17fc4f6535,ADDRESS,sanctioned_entity,CU-ENT-0005,,ACTIVE,,,,,CU-TRG-0005,,CU-IMP-0799,,ONCHAIN_SCAN,HIGH,,Circle
CU-ACT-0800,2023-08-18,BLACKLIST,0x19aa5fe80d33a56d56c78e82ea5e50e5d80b4dff,ADDRESS,sanctioned_entity,CU-ENT-0005,,ACTIVE,,,,,CU-TRG-0005,,CU-IMP-0800,,ONCHAIN_SCAN,HIGH,,Circle
CU-ACT-0801,2023-08-18,BLACKLIST,0xe7aa314c77f4233c18c6cc84384a9247c0cf367b,ADDRESS,sanctioned_entity,CU-ENT-0005,,ACTIVE,,,,,CU-TRG-0005,,CU-IMP-0801,,ONCHAIN_SCAN,HIGH,,Circle
CU-ACT-0802,2023-08-18,BLACKLIST,0x308ed4b7b49797e1a98d3818bff6fe5385410370,ADDRESS,sanctioned_entity,CU-ENT-0005,,ACTIVE,,,,,CU-TRG-0005,,CU-IMP-0802,,ONCHAIN_SCAN,HIGH,,Circle
CU-ACT-0803,2023-08-18,BLACKLIST,0xfec8a60023265364d066a1212fde3930f6ae8da7,ADDRESS,sanctioned_entity,CU-ENT-0008,,ACTIVE,,,,,CU-TRG-0008,,CU-IMP-0803,,ONCHAIN_SCAN,HIGH,,Circle
CU-ACT-0804,2023-08-18,BLACKLIST,0x8576acc5c05d6ce88f4e49bf65bdf0c62f91353c,ADDRESS,sanctioned_entity,CU-ENT-0009,,ACTIVE,,,,,CU-TRG-0009,,CU-IMP-0804,,ONCHAIN_SCAN,HIGH,,Circle
CU-ACT-0805,2023-08-18,BLACKLIST,0x901bb9583b24d97e995513c6778dc6888ab6870e,ADDRESS,sanctioned_entity,CU-ENT-0007,,ACTIVE,,,,,CU-TRG-0007,,CU-IMP-0805,,ONCHAIN_SCAN,HIGH,,Circle
CU-ACT-0806,2023-08-18,BLACKLIST,0x7ff9cfad3877f21d41da833e2f775db0569ee3d9,ADDRESS,sanctioned_entity,CU-ENT-0010,,ACTIVE,,,,,CU-TRG-0010,,CU-IMP-0806,,ONCHAIN_SCAN,HIGH,,Circle
CU-ACT-0807,2023-08-18,BLACKLIST,0x098b716b8aaf21512996dc57eb0615e2383e2f96,ADDRESS,sanctioned_entity,CU-ENT-0011,,ACTIVE,,,,,CU-TRG-0011,,CU-IMP-0807,,ONCHAIN_SCAN,HIGH,,Circle
CU-ACT-0808,2023-08-18,BLACKLIST,0xa0e1c89ef1a489c9c7de96311ed5ce5d32c20e4b,ADDRESS,sanctioned_entity,CU-ENT-0011,,ACTIVE,,,,,CU-TRG-0011,,CU-IMP-0808,,ONCHAIN_SCAN,HIGH,,Circle
CU-ACT-0809,2023-08-18,BLACKLIST,0x3cffd56b47b7b41c56258d9c7731abadc360e073,ADDRESS,sanctioned_entity,CU-ENT-0011,,ACTIVE,,,,,CU-TRG-0011,,CU-IMP-0809,,ONCHAIN_SCAN,HIGH,,Circle
CU-ACT-0810,2023-08-18,BLACKLIST,0x53b6936513e738f44fb50d2b9476730c0ab3bfc1,ADDRESS,sanctioned_entity,CU-ENT-0011,,ACTIVE,,,,,CU-TRG-0011,,CU-IMP-0810,,ONCHAIN_SCAN,HIGH,,Circle
CU-ACT-0811,2023-08-18,BLACKLIST,0xcce63fd31e9053c110c74cebc37c8e358a6aa5bd,ADDRESS,,,,ACTIVE,,,,,,,CU-IMP-0811,,ONCHAIN_SCAN,HIGH,,Circle
CU-ACT-0812,2023-08-18,BLACKLIST,0x35fb6f6db4fb05e6a4ce86f2c93691425626d4b1,ADDRESS,sanctioned_entity,CU-ENT-0011,,ACTIVE,,,,,CU-TRG-0011,,CU-IMP-0812,,ONCHAIN_SCAN,HIGH,,Circle
CU-ACT-0813,2023-08-18,BLACKLIST,0xf7b31119c2682c88d88d455dbb9d5932c65cf1be,ADDRESS,sanctioned_entity,CU-ENT-0011,,ACTIVE,,,,,CU-TRG-0011,,CU-IMP-0813,,ONCHAIN_SCAN,HIGH,,Circle
CU-ACT-0814,2023-08-18,BLACKLIST,0x3e37627deaa754090fbfbb8bd226c1ce66d255e9,ADDRESS,sanctioned_entity,CU-ENT-0011,,ACTIVE,,,,,CU-TRG-0011,,CU-IMP-0814,,ONCHAIN_SCAN,HIGH,,Circle
CU-ACT-0815,2023-08-18,BLACKLIST,0x08723392ed15743cc38513c4925f5e6be5c17243,ADDRESS,sanctioned_entity,CU-ENT-0011,,ACTIVE,,,,,CU-TRG-0011,,CU-IMP-0815,,ONCHAIN_SCAN,HIGH,,Circle
CU-ACT-0816,2023-08-18,BLACKLIST,0x8589427373d6d84e98730d7795d8f6f8731fda16,ADDRESS,tornado_cash_associated,,,REVERSED,CU-ACT-0980,,CU-INC-0001,,CU-TRG-0039,,CU-IMP-0816,,ONCHAIN_SCAN,HIGH,,Circle
CU-ACT-0817,2023-08-18,BLACKLIST,0x722122df12d4e14e13ac3b6895a86e84145b6967,ADDRESS,tornado_cash_associated,,,REVERSED,CU-ACT-0981,,CU-INC-0001,,CU-TRG-0039,,CU-IMP-0817,,ONCHAIN_SCAN,HIGH,,Circle
CU-ACT-0818,2023-08-18,BLACKLIST,0xdd4c48c0b24039969fc16d1cdf626eab821d3384,ADDRESS,tornado_cash_associated,,,REVERSED,CU-ACT-0982,,CU-INC-0001,,CU-TRG-0039,,CU-IMP-0818,,ONCHAIN_SCAN,HIGH,,Circle
CU-ACT-0819,2023-08-18,BLACKLIST,0xd90e2f925da726b50c4ed8d0fb90ad053324f31b,ADDRESS,tornado_cash_associated,,,REVERSED,CU-ACT-0983,,CU-INC-0001,,CU-TRG-0039,,CU-IMP-0819,,ONCHAIN_SCAN,HIGH,,Circle
CU-ACT-0820,2023-08-18,BLACKLIST,0xd96f2b1c14db8458374d9aca76e26c3d18364307,ADDRESS,tornado_cash_associated,,,REVERSED,CU-ACT-0984,,CU-INC-0001,,CU-TRG-0039,,CU-IMP-0820,,ONCHAIN_SCAN,HIGH,,Circle
CU-ACT-0821,2023-08-18,BLACKLIST,0x4736dcf1b7a3d580672cce6e7c65cd5cc9cfba9d,ADDRESS,tornado_cash_associated,,,REVERSED,CU-ACT-0985,,CU-INC-0001,,CU-TRG-0039,,CU-IMP-0821,,ONCHAIN_SCAN,HIGH,,Circle
CU-ACT-0822,2023-08-18,BLACKLIST,0xd4b88df4d29f5cedd6857912842cff3b20c8cfa3,ADDRESS,tornado_cash_associated,,,REVERSED,CU-ACT-0986,,CU-INC-0001,,CU-TRG-0039,,CU-IMP-0822,,ONCHAIN_SCAN,HIGH,,Circle
CU-ACT-0823,2023-08-18,BLACKLIST,0x910cbd523d972eb0a6f4cae4618ad62622b39dbf,ADDRESS,tornado_cash_associated,,,REVERSED,CU-ACT-0987,,CU-INC-0001,,CU-TRG-0039,,CU-IMP-0823,,ONCHAIN_SCAN,HIGH,,Circle
CU-ACT-0824,2023-08-18,BLACKLIST,0xa160cdab225685da1d56aa342ad8841c3b53f291,ADDRESS,tornado_cash_associated,,,REVERSED,CU-ACT-0988,,CU-INC-0001,,CU-TRG-0039,,CU-IMP-0824,,ONCHAIN_SCAN,HIGH,,Circle
CU-ACT-0825,2023-08-18,BLACKLIST,0xfd8610d20aa15b7b2e3be39b396a1bc3516c7144,ADDRESS,tornado_cash_associated,,,REVERSED,CU-ACT-0989,,CU-INC-0001,,CU-TRG-0039,,CU-IMP-0825,,ONCHAIN_SCAN,HIGH,,Circle
CU-ACT-0826,2023-08-18,BLACKLIST,0xf60dd140cff0706bae9cd734ac3ae76ad9ebc32a,ADDRESS,tornado_cash_associated,,,REVERSED,CU-ACT-0990,,CU-INC-0001,,CU-TRG-0039,,CU-IMP-0826,,ONCHAIN_SCAN,HIGH,,Circle
CU-ACT-0827,2023-08-18,BLACKLIST,0x22aaa7720ddd5388a3c0a3333430953c68f1849b,ADDRESS,tornado_cash_associated,,,REVERSED,CU-ACT-0991,,CU-INC-0001,,CU-TRG-0039,,CU-IMP-0827,,ONCHAIN_SCAN,HIGH,,Circle
CU-ACT-0828,2023-08-18,BLACKLIST,0xba214c1c1928a32bffe790263e38b4af9bfcd659,ADDRESS,tornado_cash_associated,,,REVERSED,CU-ACT-0992,,CU-INC-0001,,CU-TRG-0039,,CU-IMP-0828,,ONCHAIN_SCAN,HIGH,,Circle
CU-ACT-0829,2023-08-18,BLACKLIST,0xb1c8094b234dce6e03f10a5b673c1d8c69739a00,ADDRESS,tornado_cash_associated,,,REVERSED,CU-ACT-0993,,CU-INC-0001,,CU-TRG-0039,,CU-IMP-0829,,ONCHAIN_SCAN,HIGH,,Circle
CU-ACT-0830,2023-08-18,BLACKLIST,0x527653ea119f3e6a1f5bd18fbf4714081d7b31ce,ADDRESS,tornado_cash_associated,,,REVERSED,CU-ACT-0994,,CU-INC-0001,,CU-TRG-0039,,CU-IMP-0830,,ONCHAIN_SCAN,HIGH,,Circle
CU-ACT-0831,2023-08-18,BLACKLIST,0x58e8dcc13be9780fc42e8723d8ead4cf46943df2,ADDRESS,tornado_cash_associated,,,REVERSED,CU-ACT-0995,,CU-INC-0001,,CU-TRG-0039,,CU-IMP-0831,,ONCHAIN_SCAN,HIGH,,Circle
CU-ACT-0832,2023-08-18,BLACKLIST,0xd691f27f38b395864ea86cfc7253969b409c362d,ADDRESS,tornado_cash_associated,,,REVERSED,CU-ACT-0996,,CU-INC-0001,,CU-TRG-0039,,CU-IMP-0832,,ONCHAIN_SCAN,HIGH,,Circle
CU-ACT-0833,2023-08-18,BLACKLIST,0xaeaac358560e11f52454d997aaff2c5731b6f8a6,ADDRESS,tornado_cash_associated,,,REVERSED,CU-ACT-0997,,CU-INC-0001,,CU-TRG-0039,,CU-IMP-0833,,ONCHAIN_SCAN,HIGH,,Circle
CU-ACT-0834,2023-08-18,BLACKLIST,0x1356c899d8c9467c7f71c195612f8a395abf2f0a,ADDRESS,tornado_cash_associated,,,REVERSED,CU-ACT-0998,,CU-INC-0001,,CU-TRG-0039,,CU-IMP-0834,,ONCHAIN_SCAN,HIGH,,Circle
CU-ACT-0835,2023-08-18,BLACKLIST,0xa60c772958a3ed56c1f15dd055ba37ac8e523a0d,ADDRESS,tornado_cash_associated,,,REVERSED,CU-ACT-0999,,CU-INC-0001,,CU-TRG-0039,,CU-IMP-0835,,ONCHAIN_SCAN,HIGH,,Circle
CU-ACT-0836,2023-08-18,BLACKLIST,0x169ad27a470d064dede56a2d3ff727986b15d52b,ADDRESS,tornado_cash_associated,,,REVERSED,CU-ACT-1000,,CU-INC-0001,,CU-TRG-0039,,CU-IMP-0836,,ONCHAIN_SCAN,HIGH,,Circle
CU-ACT-0837,2023-08-18,BLACKLIST,0x0836222f2b2b24a3f36f98668ed8f0b38d1a872f,ADDRESS,tornado_cash_associated,,,REVERSED,CU-ACT-1001,,CU-INC-0001,,CU-TRG-0039,,CU-IMP-0837,,ONCHAIN_SCAN,HIGH,,Circle
CU-ACT-0838,2023-08-18,BLACKLIST,0xf67721a2d8f736e75a49fdd7fad2e31d8676542a,ADDRESS,tornado_cash_associated,,,REVERSED,CU-ACT-1002,,CU-INC-0001,,CU-TRG-0039,,CU-IMP-0838,,ONCHAIN_SCAN,HIGH,,Circle
CU-ACT-0839,2023-08-18,BLACKLIST,0x9ad122c22b14202b4490edaf288fdb3c7cb3ff5e,ADDRESS,tornado_cash_associated,,,REVERSED,CU-ACT-1003,,CU-INC-0001,,CU-TRG-0039,,CU-IMP-0839,,ONCHAIN_SCAN,HIGH,,Circle
CU-ACT-0840,2023-08-18,BLACKLIST,0x07687e702b410fa43f4cb4af7fa097918ffd2730,ADDRESS,tornado_cash_associated,,,REVERSED,CU-ACT-1004,,CU-INC-0001,,CU-TRG-0039,,CU-IMP-0840,,ONCHAIN_SCAN,HIGH,,Circle
CU-ACT-0841,2023-08-18,BLACKLIST,0x94a1b5cdb22c43faab4abeb5c74999895464ddaf,ADDRESS,tornado_cash_associated,,,REVERSED,CU-ACT-1005,,CU-INC-0001,,CU-TRG-0039,,CU-IMP-0841,,ONCHAIN_SCAN,HIGH,,Circle
CU-ACT-0842,2023-08-18,BLACKLIST,0xb541fc07bc7619fd4062a54d96268525cbc6ffef,ADDRESS,tornado_cash_associated,,,REVERSED,CU-ACT-1006,,CU-INC-0001,,CU-TRG-0039,,CU-IMP-0842,,ONCHAIN_SCAN,HIGH,,Circle
CU-ACT-0843,2023-08-18,BLACKLIST,0x12d66f87a04a9e220743712ce6d9bb1b5616b8fc,ADDRESS,tornado_cash_associated,,,REVERSED,CU-ACT-1007,,CU-INC-0001,,CU-TRG-0039,,CU-IMP-0843,,ONCHAIN_SCAN,HIGH,,Circle
CU-ACT-0844,2023-08-18,BLACKLIST,0x47ce0c6ed5b0ce3d3a51fdb1c52dc66a7c3c2936,ADDRESS,tornado_cash_associated,,,REVERSED,CU-ACT-1008,,CU-INC-0001,,CU-TRG-0039,,CU-IMP-0844,,ONCHAIN_SCAN,HIGH,,Circle
CU-ACT-0845,2023-08-18,BLACKLIST,0x23773e65ed146a459791799d01336db287f25334,ADDRESS,tornado_cash_associated,,,REVERSED,CU-ACT-1009,,CU-INC-0001,,CU-TRG-0039,,CU-IMP-0845,,ONCHAIN_SCAN,HIGH,,Circle
CU-ACT-0846,2023-08-18,BLACKLIST,0xd21be7248e0197ee08e0c20d4a96debdac3d20af,ADDRESS,tornado_cash_associated,,,REVERSED,CU-ACT-1010,,CU-INC-0001,,CU-TRG-0039,,CU-IMP-0846,,ONCHAIN_SCAN,HIGH,,Circle
CU-ACT-0847,2023-08-18,BLACKLIST,0x610b717796ad172b316836ac95a2ffad065ceab4,ADDRESS,tornado_cash_associated,,,REVERSED,CU-ACT-1011,,CU-INC-0001,,CU-TRG-0039,,CU-IMP-0847,,ONCHAIN_SCAN,HIGH,,Circle
CU-ACT-0848,2023-08-18,BLACKLIST,0x178169b423a011fff22b9e3f3abea13414ddd0f1,ADDRESS,tornado_cash_associated,,,REVERSED,CU-ACT-1012,,CU-INC-0001,,CU-TRG-0039,,CU-IMP-0848,,ONCHAIN_SCAN,HIGH,,Circle
CU-ACT-0849,2023-08-18,BLACKLIST,0xbb93e510bbcd0b7beb5a853875f9ec60275cf498,ADDRESS,tornado_cash_associated,,,REVERSED,CU-ACT-1013,,CU-INC-0001,,CU-TRG-0039,,CU-IMP-0849,,ONCHAIN_SCAN,HIGH,,Circle
CU-ACT-0850,2023-08-18,BLACKLIST,0x2717c5e28cf931547b621a5dddb772ab6a35b701,ADDRESS,tornado_cash_associated,,,REVERSED,CU-ACT-1014,,CU-INC-0001,,CU-TRG-0039,,CU-IMP-0850,,ONCHAIN_SCAN,HIGH,,Circle
CU-ACT-0851,2023-08-18,BLACKLIST,0x03893a7c7463ae47d46bc7f091665f1893656003,ADDRESS,tornado_cash_associated,,,REVERSED,CU-ACT-1015,,CU-INC-0001,,CU-TRG-0039,,CU-IMP-0851,,ONCHAIN_SCAN,HIGH,,Circle
CU-ACT-0852,2023-08-18,BLACKLIST,0xca0840578f57fe71599d29375e16783424023357,ADDRESS,tornado_cash_associated,,,REVERSED,CU-ACT-1016,,CU-INC-0001,,CU-TRG-0039,,CU-IMP-0852,,ONCHAIN_SCAN,HIGH,,Circle
CU-ACT-0853,2023-08-18,BLACKLIST,0xc2a3829f459b3edd87791c74cd45402ba0a20be3,ADDRESS,sanctioned_entity,CU-ENT-0012,,ACTIVE,,,,,CU-TRG-0012,,CU-IMP-0853,,ONCHAIN_SCAN,HIGH,,Circle
CU-ACT-0854,2023-08-18,BLACKLIST,0x3ad9db589d201a710ed237c829c7860ba86510fc,ADDRESS,sanctioned_entity,CU-ENT-0012,,ACTIVE,,,,,CU-TRG-0012,,CU-IMP-0854,,ONCHAIN_SCAN,HIGH,,Circle
CU-ACT-0855,2023-08-18,BLACKLIST,0xe7800b61479695ec74e4b219f409f67bd1055a27,ADDRESS,SANCTIONED_ENTITY,CU-ENT-0012,,ACTIVE,,,,,CU-TRG-0012,,CU-IMP-0855,2022-09-15,ONCHAIN_SCAN,HIGH,,Circle
CU-ACT-0856,2023-08-18,BLACKLIST,0x01e2919679362dfbc9ee1644ba9c6da6d6245bb1,ADDRESS,SANCTIONED_ENTITY,CU-ENT-0049,,REVERSED,CU-ACT-1017,,,,CU-TRG-0043,,CU-IMP-0856,2022-11-09,ONCHAIN_SCAN,HIGH,,Circle
CU-ACT-0857,2023-08-18,BLACKLIST,0x09193888b3f38c82dedfda55259a82c0e7de875e,ADDRESS,SANCTIONED_ENTITY,CU-ENT-0049,,REVERSED,CU-ACT-1018,,,,CU-TRG-0043,,CU-IMP-0857,2022-11-09,ONCHAIN_SCAN,HIGH,,Circle
CU-ACT-0858,2023-08-18,BLACKLIST,0x179f48c78f57a3a78f0608cc9197b8972921d1d2,ADDRESS,SANCTIONED_ENTITY,CU-ENT-0049,,REVERSED,CU-ACT-1019,,,,CU-TRG-0043,,CU-IMP-0858,2022-11-09,ONCHAIN_SCAN,HIGH,,Circle
CU-ACT-0859,2023-08-18,BLACKLIST,0x2573bac39ebe2901b4389cd468f2872cf7767faf,ADDRESS,SANCTIONED_ENTITY,CU-ENT-0049,,REVERSED,CU-ACT-1020,,,,CU-TRG-0043,,CU-IMP-0859,2022-11-09,ONCHAIN_SCAN,HIGH,,Circle
CU-ACT-0860,2023-08-18,BLACKLIST,0x26903a5a198d571422b2b4ea08b56a37cbd68c89,ADDRESS,SANCTIONED_ENTITY,CU-ENT-0049,,REVERSED,CU-ACT-1021,,,,CU-TRG-0043,,CU-IMP-0860,2022-11-09,ONCHAIN_SCAN,HIGH,,Circle
CU-ACT-0861,2023-08-18,BLACKLIST,0x2f50508a8a3d323b91336fa3ea6ae50e55f32185,ADDRESS,SANCTIONED_ENTITY,CU-ENT-0049,,REVERSED,CU-ACT-1022,,,,CU-TRG-0043,,CU-IMP-0861,2022-11-09,ONCHAIN_SCAN,HIGH,,Circle
CU-ACT-0862,2023-08-18,BLACKLIST,0x2fc93484614a34f26f7970cbb94615ba109bb4bf,ADDRESS,SANCTIONED_ENTITY,CU-ENT-0049,,REVERSED,CU-ACT-1023,,,,CU-TRG-0043,,CU-IMP-0862,2022-11-09,ONCHAIN_SCAN,HIGH,,Circle
CU-ACT-0863,2023-08-18,BLACKLIST,0x3efa30704d2b8bbac821307230376556cf8cc39e,ADDRESS,SANCTIONED_ENTITY,CU-ENT-0049,,REVERSED,CU-ACT-1024,,,,CU-TRG-0043,,CU-IMP-0863,2022-11-09,ONCHAIN_SCAN,HIGH,,Circle
CU-ACT-0864,2023-08-18,BLACKLIST,0x5cab7692d4e94096462119ab7bf57319726eed2a,ADDRESS,SANCTIONED_ENTITY,CU-ENT-0049,,REVERSED,CU-ACT-1025,,,,CU-TRG-0043,,CU-IMP-0864,2022-11-09,ONCHAIN_SCAN,HIGH,,Circle
CU-ACT-0865,2023-08-18,BLACKLIST,0x5efda50f22d34f262c29268506c5fa42cb56a1ce,ADDRESS,SANCTIONED_ENTITY,CU-ENT-0049,,REVERSED,CU-ACT-1026,,,,CU-TRG-0043,,CU-IMP-0865,2022-11-09,ONCHAIN_SCAN,HIGH,,Circle
CU-ACT-0866,2023-08-18,BLACKLIST,0x5f6c97c6ad7bdd0ae7e0dd4ca33a4ed3fdabd4d7,ADDRESS,SANCTIONED_ENTITY,CU-ENT-0049,,REVERSED,CU-ACT-1027,,,,CU-TRG-0043,,CU-IMP-0866,2022-11-09,ONCHAIN_SCAN,HIGH,,Circle
CU-ACT-0867,2023-08-18,BLACKLIST,0x653477c392c16b0765603074f157314cc4f40c32,ADDRESS,SANCTIONED_ENTITY,CU-ENT-0049,,REVERSED,CU-ACT-1028,,,,CU-TRG-0043,,CU-IMP-0867,2022-11-09,ONCHAIN_SCAN,HIGH,,Circle
CU-ACT-0868,2023-08-18,BLACKLIST,0x746aebc06d2ae31b71ac51429a19d54e797878e9,ADDRESS,SANCTIONED_ENTITY,CU-ENT-0049,,REVERSED,CU-ACT-1029,,,,CU-TRG-0043,,CU-IMP-0868,2022-11-09,ONCHAIN_SCAN,HIGH,,Circle
CU-ACT-0869,2023-08-18,BLACKLIST,0x756c4628e57f7e7f8a459ec2752968360cf4d1aa,ADDRESS,SANCTIONED_ENTITY,CU-ENT-0049,,REVERSED,CU-ACT-1030,,,,CU-TRG-0043,,CU-IMP-0869,2022-11-09,ONCHAIN_SCAN,HIGH,,Circle
CU-ACT-0870,2023-08-18,BLACKLIST,0x77777feddddffc19ff86db637967013e6c6a116c,ADDRESS,SANCTIONED_ENTITY,CU-ENT-0049,,REVERSED,CU-ACT-1031,,,,CU-TRG-0043,,CU-IMP-0870,2022-11-09,ONCHAIN_SCAN,HIGH,,Circle
CU-ACT-0871,2023-08-18,BLACKLIST,0x88fd245fedec4a936e700f9173454d1931b4c307,ADDRESS,SANCTIONED_ENTITY,CU-ENT-0049,,REVERSED,CU-ACT-1032,,,,CU-TRG-0043,,CU-IMP-0871,2022-11-09,ONCHAIN_SCAN,HIGH,,Circle
CU-ACT-0872,2023-08-18,BLACKLIST,0x94c92f096437ab9958fc0a37f09348f30389ae79,ADDRESS,SANCTIONED_ENTITY,CU-ENT-0049,,REVERSED,CU-ACT-1033,,,,CU-TRG-0043,,CU-IMP-0872,2022-11-09,ONCHAIN_SCAN,HIGH,,Circle
CU-ACT-0873,2023-08-18,BLACKLIST,0xb04e030140b30c27bcdfaafffa98c57d80eda7b4,ADDRESS,SANCTIONED_ENTITY,CU-ENT-0049,,REVERSED,CU-ACT-1034,,,,CU-TRG-0043,,CU-IMP-0873,2022-11-09,ONCHAIN_SCAN,HIGH,,Circle
CU-ACT-0874,2023-08-18,BLACKLIST,0xb20c66c4de72433f3ce747b58b86830c459ca911,ADDRESS,SANCTIONED_ENTITY,CU-ENT-0049,,REVERSED,CU-ACT-1035,,,,CU-TRG-0043,,CU-IMP-0874,2022-11-09,ONCHAIN_SCAN,HIGH,,Circle
CU-ACT-0875,2023-08-18,BLACKLIST,0xcee71753c9820f063b38fdbe4cfdaf1d3d928a80,ADDRESS,SANCTIONED_ENTITY,CU-ENT-0049,,REVERSED,CU-ACT-1036,,,,CU-TRG-0043,,CU-IMP-0875,2022-11-09,ONCHAIN_SCAN,HIGH,,Circle
CU-ACT-0876,2023-08-18,BLACKLIST,0xd82ed8786d7c69dc7e052f7a542ab047971e73d2,ADDRESS,SANCTIONED_ENTITY,CU-ENT-0049,,REVERSED,CU-ACT-1037,,,,CU-TRG-0043,,CU-IMP-0876,2022-11-09,ONCHAIN_SCAN,HIGH,,Circle
CU-ACT-0877,2023-08-18,BLACKLIST,0xf4b067dd14e95bab89be928c07cb22e3c94e0daa,ADDRESS,SANCTIONED_ENTITY,CU-ENT-0049,,REVERSED,CU-ACT-1038,,,,CU-TRG-0043,,CU-IMP-0877,2022-11-09,ONCHAIN_SCAN,HIGH,,Circle
CU-ACT-0878,2023-08-18,BLACKLIST,0xffbac21a641dcfe4552920138d90f3638b3c9fba,ADDRESS,SANCTIONED_ENTITY,CU-ENT-0049,,REVERSED,CU-ACT-1039,,,,CU-TRG-0043,,CU-IMP-0878,2022-11-09,ONCHAIN_SCAN,HIGH,,Circle
CU-ACT-0879,2023-08-18,BLACKLIST,0xd692fd2d0b2fbd2e52cfa5b5b9424bc981c30696,ADDRESS,SANCTIONED_ENTITY,CU-ENT-0049,,REVERSED,CU-ACT-1040,,,,CU-TRG-0043,,CU-IMP-0879,2022-11-09,ONCHAIN_SCAN,HIGH,,Circle
CU-ACT-0880,2023-08-18,BLACKLIST,0xd8d7de3349ccaa0fde6298fe6d7b7d0d34586193,ADDRESS,SANCTIONED_ENTITY,CU-ENT-0049,,REVERSED,CU-ACT-1041,,,,CU-TRG-0043,,CU-IMP-0880,2022-11-09,ONCHAIN_SCAN,HIGH,,Circle
CU-ACT-0881,2023-08-18,BLACKLIST,0xdf3a408c53e5078af6e8fb2a85088d46ee09a61b,ADDRESS,SANCTIONED_ENTITY,CU-ENT-0049,,REVERSED,CU-ACT-1042,,,,CU-TRG-0043,,CU-IMP-0881,2022-11-09,ONCHAIN_SCAN,HIGH,,Circle
CU-ACT-0882,2023-08-18,BLACKLIST,0x1e34a77868e19a6647b1f2f47b51ed72dede95dd,ADDRESS,SANCTIONED_ENTITY,CU-ENT-0049,,REVERSED,CU-ACT-1043,,,,CU-TRG-0043,,CU-IMP-0882,2022-11-09,ONCHAIN_SCAN,HIGH,,Circle
CU-ACT-0883,2023-08-18,BLACKLIST,0x23173fe8b96a4ad8d2e17fb83ea5dcccdca1ae52,ADDRESS,SANCTIONED_ENTITY,CU-ENT-0049,,REVERSED,CU-ACT-1044,,,,CU-TRG-0043,,CU-IMP-0883,2022-11-09,ONCHAIN_SCAN,HIGH,,Circle
CU-ACT-0884,2023-08-18,BLACKLIST,0x242654336ca2205714071898f67e254eb49acdce,ADDRESS,SANCTIONED_ENTITY,CU-ENT-0049,,REVERSED,CU-ACT-1045,,,,CU-TRG-0043,,CU-IMP-0884,2022-11-09,ONCHAIN_SCAN,HIGH,,Circle
CU-ACT-0885,2023-08-18,BLACKLIST,0x330bdfade01ee9bf63c209ee33102dd334618e0a,ADDRESS,SANCTIONED_ENTITY,CU-ENT-0049,,REVERSED,CU-ACT-1046,,,,CU-TRG-0043,,CU-IMP-0885,2022-11-09,ONCHAIN_SCAN,HIGH,,Circle
CU-ACT-0886,2023-08-18,BLACKLIST,0x3aac1cc67c2ec5db4ea850957b967ba153ad6279,ADDRESS,SANCTIONED_ENTITY,CU-ENT-0049,,REVERSED,CU-ACT-1047,,,,CU-TRG-0043,,CU-IMP-0886,2022-11-09,ONCHAIN_SCAN,HIGH,,Circle
CU-ACT-0887,2023-08-18,BLACKLIST,0x407cceeaa7c95d2fe2250bf9f2c105aa7aafb512,ADDRESS,SANCTIONED_ENTITY,CU-ENT-0049,,REVERSED,CU-ACT-1048,,,,CU-TRG-0043,,CU-IMP-0887,2022-11-09,ONCHAIN_SCAN,HIGH,,Circle
CU-ACT-0888,2023-08-18,BLACKLIST,0x538ab61e8a9fc1b2f93b3dd9011d662d89be6fe6,ADDRESS,SANCTIONED_ENTITY,CU-ENT-0049,,REVERSED,CU-ACT-1049,,,,CU-TRG-0043,,CU-IMP-0888,2022-11-09,ONCHAIN_SCAN,HIGH,,Circle
CU-ACT-0889,2023-08-18,BLACKLIST,0x57b2b8c82f065de8ef5573f9730fc1449b403c9f,ADDRESS,SANCTIONED_ENTITY,CU-ENT-0049,,REVERSED,CU-ACT-1050,,,,CU-TRG-0043,,CU-IMP-0889,2022-11-09,ONCHAIN_SCAN,HIGH,,Circle
CU-ACT-0890,2023-08-18,BLACKLIST,0x6bf694a291df3fec1f7e69701e3ab6c592435ae7,ADDRESS,SANCTIONED_ENTITY,CU-ENT-0049,,REVERSED,CU-ACT-1051,,,,CU-TRG-0043,,CU-IMP-0890,2022-11-09,ONCHAIN_SCAN,HIGH,,Circle
CU-ACT-0891,2023-08-18,BLACKLIST,0x723b78e67497e85279cb204544566f4dc5d2aca0,ADDRESS,SANCTIONED_ENTITY,CU-ENT-0049,,REVERSED,CU-ACT-1052,,,,CU-TRG-0043,,CU-IMP-0891,2022-11-09,ONCHAIN_SCAN,HIGH,,Circle
CU-ACT-0892,2023-08-18,BLACKLIST,0x743494b60097a2230018079c02fe21a7b687eaa5,ADDRESS,SANCTIONED_ENTITY,CU-ENT-0049,,REVERSED,CU-ACT-1053,,,,CU-TRG-0043,,CU-IMP-0892,2022-11-09,ONCHAIN_SCAN,HIGH,,Circle
CU-ACT-0893,2023-08-18,BLACKLIST,0x76d85b4c0fc497eecc38902397ac608000a06607,ADDRESS,SANCTIONED_ENTITY,CU-ENT-0049,,REVERSED,CU-ACT-1054,,,,CU-TRG-0043,,CU-IMP-0893,2022-11-09,ONCHAIN_SCAN,HIGH,,Circle
CU-ACT-0894,2023-08-18,BLACKLIST,0x776198ccf446dfa168347089d7338879273172cf,ADDRESS,SANCTIONED_ENTITY,CU-ENT-0049,,REVERSED,CU-ACT-1055,,,,CU-TRG-0043,,CU-IMP-0894,2022-11-09,ONCHAIN_SCAN,HIGH,,Circle
CU-ACT-0895,2023-08-18,BLACKLIST,0x8281aa6795ade17c8973e1aedca380258bc124f9,ADDRESS,SANCTIONED_ENTITY,CU-ENT-0049,,REVERSED,CU-ACT-1056,,,,CU-TRG-0043,,CU-IMP-0895,2022-11-09,ONCHAIN_SCAN,HIGH,,Circle
CU-ACT-0896,2023-08-18,BLACKLIST,0x833481186f16cece3f1eeea1a694c42034c3a0db,ADDRESS,SANCTIONED_ENTITY,CU-ENT-0049,,REVERSED,CU-ACT-1057,,,,CU-TRG-0043,,CU-IMP-0896,2022-11-09,ONCHAIN_SCAN,HIGH,,Circle
CU-ACT-0897,2023-08-18,BLACKLIST,0x84443cfd09a48af6ef360c6976c5392ac5023a1f,ADDRESS,SANCTIONED_ENTITY,CU-ENT-0049,,REVERSED,CU-ACT-1058,,,,CU-TRG-0043,,CU-IMP-0897,2022-11-09,ONCHAIN_SCAN,HIGH,,Circle
CU-ACT-0898,2023-08-18,BLACKLIST,0x94be88213a387e992dd87de56950a9aef34b9448,ADDRESS,SANCTIONED_ENTITY,CU-ENT-0049,,REVERSED,CU-ACT-1059,,,,CU-TRG-0043,,CU-IMP-0898,2022-11-09,ONCHAIN_SCAN,HIGH,,Circle
CU-ACT-0899,2023-08-18,BLACKLIST,0xa5c2254e4253490c54cef0a4347fddb8f75a4998,ADDRESS,SANCTIONED_ENTITY,CU-ENT-0049,,REVERSED,CU-ACT-1060,,,,CU-TRG-0043,,CU-IMP-0899,2022-11-09,ONCHAIN_SCAN,HIGH,,Circle
CU-ACT-0900,2023-08-18,BLACKLIST,0xaf4c0b70b2ea9fb7487c7cbb37ada259579fe040,ADDRESS,SANCTIONED_ENTITY,CU-ENT-0049,,REVERSED,CU-ACT-1061,,,,CU-TRG-0043,,CU-IMP-0900,2022-11-09,ONCHAIN_SCAN,HIGH,,Circle
CU-ACT-0901,2023-08-18,BLACKLIST,0xaf8d1839c3c67cf571aa74b5c12398d4901147b3,ADDRESS,SANCTIONED_ENTITY,CU-ENT-0049,,REVERSED,CU-ACT-1062,,,,CU-TRG-0043,,CU-IMP-0901,2022-11-09,ONCHAIN_SCAN,HIGH,,Circle
CU-ACT-0902,2023-08-18,BLACKLIST,0xcc84179ffd19a1627e79f8648d09e095252bc418,ADDRESS,SANCTIONED_ENTITY,CU-ENT-0049,,REVERSED,CU-ACT-1063,,,,CU-TRG-0043,,CU-IMP-0902,2022-11-09,ONCHAIN_SCAN,HIGH,,Circle
CU-ACT-0903,2023-08-18,BLACKLIST,0xd47438c816c9e7f2e2888e060936a499af9582b3,ADDRESS,SANCTIONED_ENTITY,CU-ENT-0049,,REVERSED,CU-ACT-1064,,,,CU-TRG-0043,,CU-IMP-0903,2022-11-09,ONCHAIN_SCAN,HIGH,,Circle
CU-ACT-0904,2023-08-18,BLACKLIST,0xd5d6f8d9e784d0e26222ad3834500801a68d027d,ADDRESS,SANCTIONED_ENTITY,CU-ENT-0049,,REVERSED,CU-ACT-1065,,,,CU-TRG-0043,,CU-IMP-0904,2022-11-09,ONCHAIN_SCAN,HIGH,,Circle
CU-ACT-0905,2023-08-18,BLACKLIST,0xdf231d99ff8b6c6cbf4e9b9a945cbacef9339178,ADDRESS,SANCTIONED_ENTITY,CU-ENT-0049,,REVERSED,CU-ACT-1066,,,,CU-TRG-0043,,CU-IMP-0905,2022-11-09,ONCHAIN_SCAN,HIGH,,Circle
CU-ACT-0906,2023-08-18,BLACKLIST,0xedc5d01286f99a066559f60a585406f3878a033e,ADDRESS,SANCTIONED_ENTITY,CU-ENT-0049,,REVERSED,CU-ACT-1067,,,,CU-TRG-0043,,CU-IMP-0906,2022-11-09,ONCHAIN_SCAN,HIGH,,Circle
CU-ACT-0907,2023-08-18,BLACKLIST,0x0e3a09dda6b20afbb34ac7cd4a6881493f3e7bf7,ADDRESS,SANCTIONED_ENTITY,CU-ENT-0049,,REVERSED,CU-ACT-1068,,,,CU-TRG-0043,,CU-IMP-0907,2022-11-09,ONCHAIN_SCAN,HIGH,,Circle
CU-ACT-0908,2023-08-18,BLACKLIST,0x05e0b5b40b7b66098c2161a5ee11c5740a3a7c45,ADDRESS,SANCTIONED_ENTITY,CU-ENT-0049,,REVERSED,CU-ACT-1069,,,,CU-TRG-0043,,CU-IMP-0908,2022-11-09,ONCHAIN_SCAN,HIGH,,Circle
CU-ACT-0909,2023-08-18,BLACKLIST,0xd0975b32cea532eadddfc9c60481976e39db3472,ADDRESS,sanctioned_entity,CU-ENT-0014,,ACTIVE,,,,,CU-TRG-0014,,CU-IMP-0909,,ONCHAIN_SCAN,HIGH,,Circle
CU-ACT-0910,2023-08-18,BLACKLIST,0x1967d8af5bd86a497fb3dd7899a020e47560daaf,ADDRESS,sanctioned_entity,CU-ENT-0014,,ACTIVE,,,,,CU-TRG-0014,,CU-IMP-0910,,ONCHAIN_SCAN,HIGH,,Circle
CU-ACT-0911,2023-08-18,BLACKLIST,0x83e5bc4ffa856bb84bb88581f5dd62a433a25e0d,ADDRESS,sanctioned_entity,CU-ENT-0013,,ACTIVE,,,,,CU-TRG-0013,,CU-IMP-0911,,ONCHAIN_SCAN,HIGH,,Circle
CU-ACT-0912,2023-08-18,BLACKLIST,0x08b2efdcdb8822efe5ad0eae55517cf5dc544251,ADDRESS,sanctioned_entity,CU-ENT-0013,,ACTIVE,,,,,CU-TRG-0013,,CU-IMP-0912,,ONCHAIN_SCAN,HIGH,,Circle
CU-ACT-0913,2023-08-18,BLACKLIST,0x04dba1194ee10112fe6c3207c0687def0e78bacf,ADDRESS,sanctioned_entity,CU-ENT-0013,,ACTIVE,,,,,CU-TRG-0013,,CU-IMP-0913,,ONCHAIN_SCAN,HIGH,,Circle
CU-ACT-0914,2023-08-18,BLACKLIST,0x0ee5067b06776a89ccc7dc8ee369984ad7db5e06,ADDRESS,sanctioned_entity,CU-ENT-0013,,ACTIVE,,,,,CU-TRG-0013,,CU-IMP-0914,,ONCHAIN_SCAN,HIGH,,Circle
CU-ACT-0915,2023-08-18,BLACKLIST,0x502371699497d08d5339c870851898d6d72521dd,ADDRESS,sanctioned_entity,CU-ENT-0013,,ACTIVE,,,,,CU-TRG-0013,,CU-IMP-0915,,ONCHAIN_SCAN,HIGH,,Circle
CU-ACT-0916,2023-08-18,BLACKLIST,0x5a14e72060c11313e38738009254a90968f58f51,ADDRESS,sanctioned_entity,CU-ENT-0013,,ACTIVE,,,,,CU-TRG-0013,,CU-IMP-0916,,ONCHAIN_SCAN,HIGH,,Circle
CU-ACT-0917,2023-08-18,BLACKLIST,0xefe301d259f525ca1ba74a7977b80d5b060b3cca,ADDRESS,sanctioned_entity,CU-ENT-0013,,ACTIVE,,,,,CU-TRG-0013,,CU-IMP-0917,,ONCHAIN_SCAN,HIGH,,Circle
CU-ACT-0918,2023-08-18,BLACKLIST,0x39d908dac893cbcb53cc86e0ecc369aa4def1a29,ADDRESS,sanctioned_entity,CU-ENT-0015,,ACTIVE,,,,,CU-TRG-0015,,CU-IMP-0918,,ONCHAIN_SCAN,HIGH,,Circle
CU-ACT-0919,2023-08-18,BLACKLIST,0x4f47bc496083c727c5fbe3ce9cdf2b0f6496270c,ADDRESS,sanctioned_entity,CU-ENT-0016,,ACTIVE,,,,,CU-TRG-0016,,CU-IMP-0919,,ONCHAIN_SCAN,HIGH,,Circle
CU-ACT-0920,2023-08-18,BLACKLIST,0x38735f03b30fbc022ddd06abed01f0ca823c6a94,ADDRESS,sanctioned_entity,CU-ENT-0017,,ACTIVE,,,,,CU-TRG-0017,,CU-IMP-0920,,ONCHAIN_SCAN,HIGH,,Circle
CU-ACT-0921,2023-08-18,BLACKLIST,0x97b1043abd9e6fc31681635166d430a458d14f9c,ADDRESS,sanctioned_entity,CU-ENT-0018,,ACTIVE,,,,,CU-TRG-0018,,CU-IMP-0921,,ONCHAIN_SCAN,HIGH,,Circle
CU-ACT-0922,2023-08-18,BLACKLIST,0xb6f5ec1a0a9cd1526536d3f0426c429529471f40,ADDRESS,sanctioned_entity,CU-ENT-0018,,ACTIVE,,,,,CU-TRG-0018,,CU-IMP-0922,,ONCHAIN_SCAN,HIGH,,Circle
CU-ACT-0923,2023-08-18,BLACKLIST,0xd71c94052989e209ba713deb66e0a8f72b913b70,ADDRESS,SANCTIONED_ENTITY,CU-ENT-0074,,ACTIVE,,,,,CU-TRG-0067,,CU-IMP-0923,2023-07-31,ONCHAIN_SCAN,HIGH,,Circle
CU-ACT-0924,2023-08-23,BLACKLIST,0x21b743e73d63d300d986910681d45387880b334b,ADDRESS,,,,REVERSED,CU-ACT-0925,,,,,,CU-IMP-0924,,ONCHAIN_SCAN,HIGH,,Circle
CU-ACT-0925,2023-08-23,UNBLACKLIST,0x21b743e73d63d300d986910681d45387880b334b,ADDRESS,,,,ACTIVE,,,,,,,CU-IMP-0925,,ONCHAIN_SCAN,HIGH,,Circle
CU-ACT-0926,2023-08-24,BLACKLIST,0xdcbeffbecce100cce9e4b153c4e15cb885643193,ADDRESS,sanctioned_entity,CU-ENT-0019,,ACTIVE,,,,,CU-TRG-0019,,CU-IMP-0926,,ONCHAIN_SCAN,HIGH,,Circle
CU-ACT-0927,2023-08-24,BLACKLIST,0x5f48c2a71b2cc96e3f0ccae4e39318ff0dc375b2,ADDRESS,sanctioned_entity,CU-ENT-0019,,ACTIVE,,,,,CU-TRG-0019,,CU-IMP-0927,,ONCHAIN_SCAN,HIGH,,Circle
CU-ACT-0928,2023-08-24,BLACKLIST,0x5a7a51bfb49f190e5a6060a5bc6052ac14a3b59f,ADDRESS,sanctioned_entity,CU-ENT-0019,,ACTIVE,,,,,CU-TRG-0019,,CU-IMP-0928,,ONCHAIN_SCAN,HIGH,,Circle
CU-ACT-0929,2023-08-24,BLACKLIST,0xed6e0a7e4ac94d976eebfb82ccf777a3c6bad921,ADDRESS,sanctioned_entity,CU-ENT-0019,,ACTIVE,,,,,CU-TRG-0019,,CU-IMP-0929,,ONCHAIN_SCAN,HIGH,,Circle
CU-ACT-0930,2023-08-24,BLACKLIST,0x797d7ae72ebddcdea2a346c1834e04d1f8df102b,ADDRESS,sanctioned_entity,CU-ENT-0019,,ACTIVE,,,,,CU-TRG-0019,,CU-IMP-0930,,ONCHAIN_SCAN,HIGH,,Circle
CU-ACT-0931,2023-08-24,BLACKLIST,0x931546d9e66836abf687d2bc64b30407bac8c568,ADDRESS,sanctioned_entity,CU-ENT-0019,,ACTIVE,,,,,CU-TRG-0019,,CU-IMP-0931,,ONCHAIN_SCAN,HIGH,,Circle
CU-ACT-0932,2023-08-24,BLACKLIST,0x43fa21d92141ba9db43052492e0deee5aa5f0a93,ADDRESS,sanctioned_entity,CU-ENT-0019,,ACTIVE,,,,,CU-TRG-0019,,CU-IMP-0932,,ONCHAIN_SCAN,HIGH,,Circle
CU-ACT-0933,2023-08-24,BLACKLIST,0x6be0ae71e6c41f2f9d0d1a3b8d0f75e6f6a0b46e,ADDRESS,sanctioned_entity,CU-ENT-0019,,ACTIVE,,,,,CU-TRG-0019,,CU-IMP-0933,,ONCHAIN_SCAN,HIGH,,Circle
CU-ACT-0934,2023-09-27,BLACKLIST,0x9c2bc757b66f24d60f016b6237f8cdd414a879fa,ADDRESS,sanctioned_entity,CU-ENT-0020,,ACTIVE,,,,,CU-TRG-0020,,CU-IMP-0934,,ONCHAIN_SCAN,HIGH,,Circle
CU-ACT-0935,2023-10-04,BLACKLIST,0x530a64c0ce595026a4a556b703644228179e2d57,ADDRESS,sanctioned_entity,CU-ENT-0021,,ACTIVE,,,,,CU-TRG-0021,,CU-IMP-0935,,ONCHAIN_SCAN,HIGH,,Circle
CU-ACT-0936,2023-10-04,BLACKLIST,0x2e13ea767da12f504ceaaaebe5950488498dc2d2,ADDRESS,SANCTIONED_ENTITY,CU-ENT-0021,,ACTIVE,,,,,CU-TRG-0021,,CU-IMP-0936,2023-10-03,ONCHAIN_SCAN,HIGH,,Circle
CU-ACT-0937,2023-10-04,BLACKLIST,0x7de5ab1914e241177344936dc33b4a8157c98248,ADDRESS,SANCTIONED_ENTITY,CU-ENT-0076,,ACTIVE,,,,,CU-TRG-0069,,CU-IMP-0937,2023-10-03,ONCHAIN_SCAN,HIGH,,Circle
CU-ACT-0938,2023-10-04,BLACKLIST,0xfac583c0cf07ea434052c49115a4682172ab6b4f,ADDRESS,sanctioned_entity,CU-ENT-0022,,ACTIVE,,,,,CU-TRG-0022,,CU-IMP-0938,,ONCHAIN_SCAN,HIGH,,Circle
CU-ACT-0939,2023-10-04,BLACKLIST,0xbe5e683633ddd17d8a89b4e10860a0e426c5ed24,ADDRESS,SANCTIONED_ENTITY,CU-ENT-0077,,ACTIVE,,,,,CU-TRG-0070,,CU-IMP-0939,2023-10-03,ONCHAIN_SCAN,HIGH,,Circle
CU-ACT-0940,2023-10-04,BLACKLIST,0x961c5be54a2ffc17cf4cb021d863c42dacd47fc1,ADDRESS,sanctioned_entity,CU-ENT-0023,,ACTIVE,,,,,CU-TRG-0023,,CU-IMP-0940,,ONCHAIN_SCAN,HIGH,,Circle
CU-ACT-0941,2023-10-04,BLACKLIST,0xa6cc8ab881debc3c9e8adb32549d0cbe614168c5,ADDRESS,SANCTIONED_ENTITY,CU-ENT-0023,,ACTIVE,,,,,CU-TRG-0023,,CU-IMP-0941,2023-10-03,ONCHAIN_SCAN,HIGH,,Circle
CU-ACT-0942,2023-10-04,BLACKLIST,0x983a81ca6fb1e441266d2fbcb7d8e530ac2e05a2,ADDRESS,sanctioned_entity,CU-ENT-0024,,ACTIVE,,,,,CU-TRG-0024,,CU-IMP-0942,,ONCHAIN_SCAN,HIGH,,Circle
CU-ACT-0943,2024-02-06,UNBLACKLIST,0x6acdfba02d390b97ac2b2d42a63e85293bcc160e,ADDRESS,,,,ACTIVE,,,,,,,CU-IMP-0943,,ONCHAIN_SCAN,HIGH,,Circle
CU-ACT-0944,2024-02-21,BLACKLIST,0xf3701f445b6bdafedbca97d1e477357839e4120d,ADDRESS,sanctioned_entity,CU-ENT-0025,,ACTIVE,,,,,CU-TRG-0025,,CU-IMP-0944,,ONCHAIN_SCAN,HIGH,,Circle
CU-ACT-0945,2024-03-21,BLACKLIST,0x2f04f39923a77430eca036e14ce44dbd11175747,ADDRESS,SANCTIONED_ENTITY,CU-ENT-0075,,ACTIVE,,,,,CU-TRG-0068,,CU-IMP-0945,2024-03-20,ONCHAIN_SCAN,HIGH,,Circle
CU-ACT-0946,2024-03-21,BLACKLIST,0x7be6fe8c528273a3a072a538e12c08500bf4d328,ADDRESS,SANCTIONED_ENTITY,CU-ENT-0075,,ACTIVE,,,,,CU-TRG-0068,,CU-IMP-0946,2024-03-20,ONCHAIN_SCAN,HIGH,,Circle
CU-ACT-0947,2024-03-27,BLACKLIST,0xdda5554510366179ddb442b8a82bc737c3ac77c5,ADDRESS,SANCTIONED_ENTITY,CU-ENT-0057,,ACTIVE,,,,,CU-TRG-0051,,CU-IMP-0947,2024-03-27,ONCHAIN_SCAN,HIGH,,Circle
CU-ACT-0948,2024-03-27,BLACKLIST,0x175d44451403edf28469df03a9280c1197adb92c,ADDRESS,sanctioned_entity,CU-ENT-0026,,ACTIVE,,,,,CU-TRG-0026,,CU-IMP-0948,,ONCHAIN_SCAN,HIGH,,Circle
CU-ACT-0949,2024-03-27,BLACKLIST,0x4576847b1cf999843ba6620815e65a9c5e8a4021,ADDRESS,SANCTIONED_ENTITY,CU-ENT-0057,,ACTIVE,,,,,CU-TRG-0051,,CU-IMP-0949,2024-03-27,ONCHAIN_SCAN,HIGH,,Circle
CU-ACT-0950,2024-03-27,BLACKLIST,0xe950dc316b836e4eefb8308bf32bf7c72a1358ff,ADDRESS,sanctioned_entity,CU-ENT-0026,,ACTIVE,,,,,CU-TRG-0026,,CU-IMP-0950,,ONCHAIN_SCAN,HIGH,,Circle
CU-ACT-0951,2024-03-27,BLACKLIST,0x4ea7eefc2dcb250c1f069ecaf1e2ae3488059ac2,ADDRESS,SANCTIONED_ENTITY,CU-ENT-0057,,ACTIVE,,,,,CU-TRG-0051,,CU-IMP-0951,2024-03-27,ONCHAIN_SCAN,HIGH,,Circle
CU-ACT-0952,2024-03-27,BLACKLIST,0xc24ec5a84cae3d3418b34a1e30b3372c4b25bd0f,ADDRESS,SANCTIONED_ENTITY,CU-ENT-0057,,ACTIVE,,,,,CU-TRG-0051,,CU-IMP-0952,2024-03-27,ONCHAIN_SCAN,HIGH,,Circle
CU-ACT-0953,2024-03-27,BLACKLIST,0x21b8d56bda776bbe68655a16895afd96f5534fed,ADDRESS,sanctioned_entity,CU-ENT-0026,,ACTIVE,,,,,CU-TRG-0026,,CU-IMP-0953,,ONCHAIN_SCAN,HIGH,,Circle
CU-ACT-0954,2024-04-29,BLACKLIST,0x6a1544f72a2a275715e8d5924e6d8a017f0e41ed,ADDRESS,,,,ACTIVE,,,,,,,CU-IMP-0954,,ONCHAIN_SCAN,HIGH,,Circle
CU-ACT-0955,2024-05-02,BLACKLIST,0x19f8f2b0915daa12a3f5c9cf01df9e24d53794f7,ADDRESS,sanctioned_entity,CU-ENT-0027,,ACTIVE,,,,,CU-TRG-0027,,CU-IMP-0955,,ONCHAIN_SCAN,HIGH,,Circle
CU-ACT-0956,2024-05-02,BLACKLIST,0x3e14d41891a30ac7473556d7c3256a5ddf9ef1aa,ADDRESS,SANCTIONED_ENTITY,CU-ENT-0027,,ACTIVE,,,,,CU-TRG-0027,,CU-IMP-0956,2024-05-01,ONCHAIN_SCAN,HIGH,,Circle
CU-ACT-0957,2024-05-11,BLACKLIST,0x00d7e7409bfe09a736d3e993de9b87d0baa314d5,ADDRESS,,,,ACTIVE,,,,,,,CU-IMP-0957,,ONCHAIN_SCAN,HIGH,,Circle
CU-ACT-0958,2024-05-29,BLACKLIST,0xe1d865c3d669dcc8c57c8d023140cb204e672ee4,ADDRESS,sanctioned_entity,CU-ENT-0028,,ACTIVE,,,,,CU-TRG-0028,,CU-IMP-0958,,ONCHAIN_SCAN,HIGH,,Circle
CU-ACT-0959,2024-05-29,BLACKLIST,0x0e6b8e34dc115a2848f585851af23d99d09b8463,ADDRESS,SANCTIONED_ENTITY,CU-ENT-0028,,ACTIVE,,,,,CU-TRG-0028,,CU-IMP-0959,2024-05-28,ONCHAIN_SCAN,HIGH,,Circle
CU-ACT-0960,2024-08-24,BLACKLIST,0x71d2e218a56a1c0c12e1ff4b4c2731a1c3a4f4ce,ADDRESS,SANCTIONED_ENTITY,CU-ENT-0078,,ACTIVE,,,,,CU-TRG-0071,,CU-IMP-0960,2024-08-23,ONCHAIN_SCAN,HIGH,,Circle
CU-ACT-0961,2024-09-14,BLACKLIST,0x290b6ebbdca04ee984fb8617e1b92deea23052e3,ADDRESS,,,,ACTIVE,,,,,,,CU-IMP-0961,,ONCHAIN_SCAN,HIGH,,Circle
CU-ACT-0962,2024-09-27,BLACKLIST,0x0931ca4d13bb4ba75d9b7132ab690265d749a5e7,ADDRESS,sanctioned_entity,CU-ENT-0029,,ACTIVE,,,,,CU-TRG-0029,,CU-IMP-0962,,ONCHAIN_SCAN,HIGH,,Circle
CU-ACT-0963,2024-09-27,BLACKLIST,0xbff703730a21167e430ff151128592a98786b9b4,ADDRESS,SANCTIONED_ENTITY,CU-ENT-0029,,ACTIVE,,,,,CU-TRG-0029,,CU-IMP-0963,2024-09-26,ONCHAIN_SCAN,HIGH,,Circle
CU-ACT-0964,2024-12-05,BLACKLIST,0x282ae5965fe400f3cb929182e0963f3794df01fc,ADDRESS,SANCTIONED_ENTITY,CU-ENT-0079,,ACTIVE,,,,,CU-TRG-0072,,CU-IMP-0964,2024-12-04,ONCHAIN_SCAN,HIGH,,Circle
CU-ACT-0965,2024-12-05,BLACKLIST,0x1999ef52700c34de7ec2b68a28aafb37db0c5ade,ADDRESS,sanctioned_entity,CU-ENT-0030,,ACTIVE,,,,,CU-TRG-0030,,CU-IMP-0965,,ONCHAIN_SCAN,HIGH,,Circle
CU-ACT-0966,2024-12-20,BLACKLIST,0x721537670ae01aa0d60585457b7534025b0041ac,ADDRESS,SANCTIONED_ENTITY,CU-ENT-0054,,ACTIVE,,,,,CU-TRG-0048,,CU-IMP-0966,2024-12-19,ONCHAIN_SCAN,HIGH,,Circle
CU-ACT-0967,2024-12-20,BLACKLIST,0x54b475ef92f861975945954bfa1080dda9cd346e,ADDRESS,SANCTIONED_ENTITY,CU-ENT-0054,,ACTIVE,,,,,CU-TRG-0048,,CU-IMP-0967,2024-12-19,ONCHAIN_SCAN,HIGH,,Circle
CU-ACT-0968,2024-12-20,BLACKLIST,0xd19df746fd2a145588b3a22672bacfd2e5454f61,ADDRESS,SANCTIONED_ENTITY,CU-ENT-0054,,ACTIVE,,,,,CU-TRG-0048,,CU-IMP-0968,2024-12-19,ONCHAIN_SCAN,HIGH,,Circle
CU-ACT-0969,2024-12-20,BLACKLIST,0xbc92595dd3e8f5092471c99b9084a72d333c7d07,ADDRESS,SANCTIONED_ENTITY,CU-ENT-0054,,ACTIVE,,,,,CU-TRG-0048,,CU-IMP-0969,2024-12-19,ONCHAIN_SCAN,HIGH,,Circle
CU-ACT-0970,2024-12-20,BLACKLIST,0x3a0245de38273e7852dce97de3bae18c0010013e,ADDRESS,SANCTIONED_ENTITY,CU-ENT-0054,,ACTIVE,,,,,CU-TRG-0048,,CU-IMP-0970,2024-12-19,ONCHAIN_SCAN,HIGH,,Circle
CU-ACT-0971,2025-02-08,BLACKLIST,0xcaa7a770c783eca417da2fc978b0202bbd0bf6aa,ADDRESS,,,,ACTIVE,,,,,,,CU-IMP-0971,,ONCHAIN_SCAN,HIGH,,Circle
CU-ACT-0972,2025-02-24,BLACKLIST,0x002471b8a185f9980708d0eaec5b289714f56f8d,ADDRESS,SANCTIONED_ENTITY,CU-ENT-0058,,ACTIVE,,,,,CU-TRG-0052,,CU-IMP-0972,2025-02-11,ONCHAIN_SCAN,MEDIUM,,Circle
CU-ACT-0973,2025-02-24,BLACKLIST,0x3051ca7cb7f6c599fa2f27385ad75010cf0f2bbf,ADDRESS,SANCTIONED_ENTITY,CU-ENT-0058,,ACTIVE,,,,,CU-TRG-0052,,CU-IMP-0973,2025-02-11,ONCHAIN_SCAN,MEDIUM,,Circle
CU-ACT-0974,2025-02-24,BLACKLIST,0x0078ef2d7baf87bf6c4ca49b19efd1e05f57ac30,ADDRESS,SANCTIONED_ENTITY,CU-ENT-0058,,ACTIVE,,,,,CU-TRG-0052,,CU-IMP-0974,2025-02-11,ONCHAIN_SCAN,MEDIUM,,Circle
CU-ACT-0975,2025-03-13,BLACKLIST,0x1ace6aedb2a6226ecec7d5e3882bb8c3591a410d,ADDRESS,,,,ACTIVE,,,,,,,CU-IMP-0975,,ONCHAIN_SCAN,HIGH,,Circle
CU-ACT-0976,2025-03-13,BLACKLIST,0xc04f51b32208a8a8e5d1c1cf4a97f97f666b036f,ADDRESS,,,,ACTIVE,,,,,,,CU-IMP-0976,,ONCHAIN_SCAN,HIGH,,Circle
CU-ACT-0977,2025-03-13,BLACKLIST,0x78439bf19ba8346ac941930abf8bb0ce9242891b,ADDRESS,,,,ACTIVE,,,,,,,CU-IMP-0977,,ONCHAIN_SCAN,HIGH,,Circle
CU-ACT-0978,2025-03-13,BLACKLIST,0x3f870e2ac52665c09ce254e24343d38007d3f749,ADDRESS,,,,ACTIVE,,,,,,,CU-IMP-0978,,ONCHAIN_SCAN,HIGH,,Circle
CU-ACT-0979,2025-03-13,BLACKLIST,0xb920c14cb36a76c20f7e15fc0e58758b3da3910b,ADDRESS,,,,ACTIVE,,,,,,,CU-IMP-0979,,ONCHAIN_SCAN,HIGH,,Circle
CU-ACT-0980,2025-03-22,UNBLACKLIST,0x8589427373d6d84e98730d7795d8f6f8731fda16,ADDRESS,,,,ACTIVE,,,,,CU-TRG-0053,,CU-IMP-0980,2025-03-21,ONCHAIN_SCAN,HIGH,,Circle
CU-ACT-0981,2025-03-22,UNBLACKLIST,0x722122df12d4e14e13ac3b6895a86e84145b6967,ADDRESS,,,,ACTIVE,,,,,CU-TRG-0053,,CU-IMP-0981,2025-03-21,ONCHAIN_SCAN,HIGH,,Circle
CU-ACT-0982,2025-03-22,UNBLACKLIST,0xdd4c48c0b24039969fc16d1cdf626eab821d3384,ADDRESS,,,,ACTIVE,,,,,CU-TRG-0053,,CU-IMP-0982,2025-03-21,ONCHAIN_SCAN,HIGH,,Circle
CU-ACT-0983,2025-03-22,UNBLACKLIST,0xd90e2f925da726b50c4ed8d0fb90ad053324f31b,ADDRESS,,,,ACTIVE,,,,,CU-TRG-0053,,CU-IMP-0983,2025-03-21,ONCHAIN_SCAN,HIGH,,Circle
CU-ACT-0984,2025-03-22,UNBLACKLIST,0xd96f2b1c14db8458374d9aca76e26c3d18364307,ADDRESS,,,,ACTIVE,,,,,CU-TRG-0053,,CU-IMP-0984,2025-03-21,ONCHAIN_SCAN,HIGH,,Circle
CU-ACT-0985,2025-03-22,UNBLACKLIST,0x4736dcf1b7a3d580672cce6e7c65cd5cc9cfba9d,ADDRESS,,,,ACTIVE,,,,,CU-TRG-0053,,CU-IMP-0985,2025-03-21,ONCHAIN_SCAN,HIGH,,Circle
CU-ACT-0986,2025-03-22,UNBLACKLIST,0xd4b88df4d29f5cedd6857912842cff3b20c8cfa3,ADDRESS,,,,ACTIVE,,,,,CU-TRG-0053,,CU-IMP-0986,2025-03-21,ONCHAIN_SCAN,HIGH,,Circle
CU-ACT-0987,2025-03-22,UNBLACKLIST,0x910cbd523d972eb0a6f4cae4618ad62622b39dbf,ADDRESS,,,,ACTIVE,,,,,CU-TRG-0053,,CU-IMP-0987,2025-03-21,ONCHAIN_SCAN,HIGH,,Circle
CU-ACT-0988,2025-03-22,UNBLACKLIST,0xa160cdab225685da1d56aa342ad8841c3b53f291,ADDRESS,,,,ACTIVE,,,,,CU-TRG-0053,,CU-IMP-0988,2025-03-21,ONCHAIN_SCAN,HIGH,,Circle
CU-ACT-0989,2025-03-22,UNBLACKLIST,0xfd8610d20aa15b7b2e3be39b396a1bc3516c7144,ADDRESS,,,,ACTIVE,,,,,CU-TRG-0053,,CU-IMP-0989,2025-03-21,ONCHAIN_SCAN,HIGH,,Circle
CU-ACT-0990,2025-03-22,UNBLACKLIST,0xf60dd140cff0706bae9cd734ac3ae76ad9ebc32a,ADDRESS,,,,ACTIVE,,,,,CU-TRG-0053,,CU-IMP-0990,2025-03-21,ONCHAIN_SCAN,HIGH,,Circle
CU-ACT-0991,2025-03-22,UNBLACKLIST,0x22aaa7720ddd5388a3c0a3333430953c68f1849b,ADDRESS,,,,ACTIVE,,,,,CU-TRG-0053,,CU-IMP-0991,2025-03-21,ONCHAIN_SCAN,HIGH,,Circle
CU-ACT-0992,2025-03-22,UNBLACKLIST,0xba214c1c1928a32bffe790263e38b4af9bfcd659,ADDRESS,,,,ACTIVE,,,,,CU-TRG-0053,,CU-IMP-0992,2025-03-21,ONCHAIN_SCAN,HIGH,,Circle
CU-ACT-0993,2025-03-22,UNBLACKLIST,0xb1c8094b234dce6e03f10a5b673c1d8c69739a00,ADDRESS,,,,ACTIVE,,,,,CU-TRG-0053,,CU-IMP-0993,2025-03-21,ONCHAIN_SCAN,HIGH,,Circle
CU-ACT-0994,2025-03-22,UNBLACKLIST,0x527653ea119f3e6a1f5bd18fbf4714081d7b31ce,ADDRESS,,,,ACTIVE,,,,,CU-TRG-0053,,CU-IMP-0994,2025-03-21,ONCHAIN_SCAN,HIGH,,Circle
CU-ACT-0995,2025-03-22,UNBLACKLIST,0x58e8dcc13be9780fc42e8723d8ead4cf46943df2,ADDRESS,,,,ACTIVE,,,,,CU-TRG-0053,,CU-IMP-0995,2025-03-21,ONCHAIN_SCAN,HIGH,,Circle
CU-ACT-0996,2025-03-22,UNBLACKLIST,0xd691f27f38b395864ea86cfc7253969b409c362d,ADDRESS,,,,ACTIVE,,,,,CU-TRG-0053,,CU-IMP-0996,2025-03-21,ONCHAIN_SCAN,HIGH,,Circle
CU-ACT-0997,2025-03-22,UNBLACKLIST,0xaeaac358560e11f52454d997aaff2c5731b6f8a6,ADDRESS,,,,ACTIVE,,,,,CU-TRG-0053,,CU-IMP-0997,2025-03-21,ONCHAIN_SCAN,HIGH,,Circle
CU-ACT-0998,2025-03-22,UNBLACKLIST,0x1356c899d8c9467c7f71c195612f8a395abf2f0a,ADDRESS,,,,ACTIVE,,,,,CU-TRG-0053,,CU-IMP-0998,2025-03-21,ONCHAIN_SCAN,HIGH,,Circle
CU-ACT-0999,2025-03-22,UNBLACKLIST,0xa60c772958a3ed56c1f15dd055ba37ac8e523a0d,ADDRESS,,,,ACTIVE,,,,,CU-TRG-0053,,CU-IMP-0999,2025-03-21,ONCHAIN_SCAN,HIGH,,Circle
CU-ACT-1000,2025-03-22,UNBLACKLIST,0x169ad27a470d064dede56a2d3ff727986b15d52b,ADDRESS,,,,ACTIVE,,,,,CU-TRG-0053,,CU-IMP-1000,2025-03-21,ONCHAIN_SCAN,HIGH,,Circle
CU-ACT-1001,2025-03-22,UNBLACKLIST,0x0836222f2b2b24a3f36f98668ed8f0b38d1a872f,ADDRESS,,,,ACTIVE,,,,,CU-TRG-0053,,CU-IMP-1001,2025-03-21,ONCHAIN_SCAN,HIGH,,Circle
CU-ACT-1002,2025-03-22,UNBLACKLIST,0xf67721a2d8f736e75a49fdd7fad2e31d8676542a,ADDRESS,,,,ACTIVE,,,,,CU-TRG-0053,,CU-IMP-1002,2025-03-21,ONCHAIN_SCAN,HIGH,,Circle
CU-ACT-1003,2025-03-22,UNBLACKLIST,0x9ad122c22b14202b4490edaf288fdb3c7cb3ff5e,ADDRESS,,,,ACTIVE,,,,,CU-TRG-0053,,CU-IMP-1003,2025-03-21,ONCHAIN_SCAN,HIGH,,Circle
CU-ACT-1004,2025-03-22,UNBLACKLIST,0x07687e702b410fa43f4cb4af7fa097918ffd2730,ADDRESS,,,,ACTIVE,,,,,CU-TRG-0053,,CU-IMP-1004,2025-03-21,ONCHAIN_SCAN,HIGH,,Circle
CU-ACT-1005,2025-03-22,UNBLACKLIST,0x94a1b5cdb22c43faab4abeb5c74999895464ddaf,ADDRESS,,,,ACTIVE,,,,,CU-TRG-0053,,CU-IMP-1005,2025-03-21,ONCHAIN_SCAN,HIGH,,Circle
CU-ACT-1006,2025-03-22,UNBLACKLIST,0xb541fc07bc7619fd4062a54d96268525cbc6ffef,ADDRESS,,,,ACTIVE,,,,,CU-TRG-0053,,CU-IMP-1006,2025-03-21,ONCHAIN_SCAN,HIGH,,Circle
CU-ACT-1007,2025-03-22,UNBLACKLIST,0x12d66f87a04a9e220743712ce6d9bb1b5616b8fc,ADDRESS,,,,ACTIVE,,,,,CU-TRG-0053,,CU-IMP-1007,2025-03-21,ONCHAIN_SCAN,HIGH,,Circle
CU-ACT-1008,2025-03-22,UNBLACKLIST,0x47ce0c6ed5b0ce3d3a51fdb1c52dc66a7c3c2936,ADDRESS,,,,ACTIVE,,,,,CU-TRG-0053,,CU-IMP-1008,2025-03-21,ONCHAIN_SCAN,HIGH,,Circle
CU-ACT-1009,2025-03-22,UNBLACKLIST,0x23773e65ed146a459791799d01336db287f25334,ADDRESS,,,,ACTIVE,,,,,CU-TRG-0053,,CU-IMP-1009,2025-03-21,ONCHAIN_SCAN,HIGH,,Circle
CU-ACT-1010,2025-03-22,UNBLACKLIST,0xd21be7248e0197ee08e0c20d4a96debdac3d20af,ADDRESS,,,,ACTIVE,,,,,CU-TRG-0053,,CU-IMP-1010,2025-03-21,ONCHAIN_SCAN,HIGH,,Circle
CU-ACT-1011,2025-03-22,UNBLACKLIST,0x610b717796ad172b316836ac95a2ffad065ceab4,ADDRESS,,,,ACTIVE,,,,,CU-TRG-0053,,CU-IMP-1011,2025-03-21,ONCHAIN_SCAN,HIGH,,Circle
CU-ACT-1012,2025-03-22,UNBLACKLIST,0x178169b423a011fff22b9e3f3abea13414ddd0f1,ADDRESS,,,,ACTIVE,,,,,CU-TRG-0053,,CU-IMP-1012,2025-03-21,ONCHAIN_SCAN,HIGH,,Circle
CU-ACT-1013,2025-03-22,UNBLACKLIST,0xbb93e510bbcd0b7beb5a853875f9ec60275cf498,ADDRESS,,,,ACTIVE,,,,,CU-TRG-0053,,CU-IMP-1013,2025-03-21,ONCHAIN_SCAN,HIGH,,Circle
CU-ACT-1014,2025-03-22,UNBLACKLIST,0x2717c5e28cf931547b621a5dddb772ab6a35b701,ADDRESS,,,,ACTIVE,,,,,CU-TRG-0053,,CU-IMP-1014,2025-03-21,ONCHAIN_SCAN,HIGH,,Circle
CU-ACT-1015,2025-03-22,UNBLACKLIST,0x03893a7c7463ae47d46bc7f091665f1893656003,ADDRESS,,,,ACTIVE,,,,,CU-TRG-0053,,CU-IMP-1015,2025-03-21,ONCHAIN_SCAN,HIGH,,Circle
CU-ACT-1016,2025-03-22,UNBLACKLIST,0xca0840578f57fe71599d29375e16783424023357,ADDRESS,,,,ACTIVE,,,,,CU-TRG-0053,,CU-IMP-1016,2025-03-21,ONCHAIN_SCAN,HIGH,,Circle
CU-ACT-1017,2025-03-22,UNBLACKLIST,0x01e2919679362dfbc9ee1644ba9c6da6d6245bb1,ADDRESS,,,,ACTIVE,,,,,CU-TRG-0053,,CU-IMP-1017,,ONCHAIN_SCAN,HIGH,,Circle
CU-ACT-1018,2025-03-22,UNBLACKLIST,0x09193888b3f38c82dedfda55259a82c0e7de875e,ADDRESS,,,,ACTIVE,,,,,CU-TRG-0053,,CU-IMP-1018,,ONCHAIN_SCAN,HIGH,,Circle
CU-ACT-1019,2025-03-22,UNBLACKLIST,0x179f48c78f57a3a78f0608cc9197b8972921d1d2,ADDRESS,,,,ACTIVE,,,,,CU-TRG-0053,,CU-IMP-1019,,ONCHAIN_SCAN,HIGH,,Circle
CU-ACT-1020,2025-03-22,UNBLACKLIST,0x2573bac39ebe2901b4389cd468f2872cf7767faf,ADDRESS,,,,ACTIVE,,,,,CU-TRG-0053,,CU-IMP-1020,,ONCHAIN_SCAN,HIGH,,Circle
CU-ACT-1021,2025-03-22,UNBLACKLIST,0x26903a5a198d571422b2b4ea08b56a37cbd68c89,ADDRESS,,,,ACTIVE,,,,,CU-TRG-0053,,CU-IMP-1021,,ONCHAIN_SCAN,HIGH,,Circle
CU-ACT-1022,2025-03-22,UNBLACKLIST,0x2f50508a8a3d323b91336fa3ea6ae50e55f32185,ADDRESS,,,,ACTIVE,,,,,CU-TRG-0053,,CU-IMP-1022,,ONCHAIN_SCAN,HIGH,,Circle
CU-ACT-1023,2025-03-22,UNBLACKLIST,0x2fc93484614a34f26f7970cbb94615ba109bb4bf,ADDRESS,,,,ACTIVE,,,,,CU-TRG-0053,,CU-IMP-1023,,ONCHAIN_SCAN,HIGH,,Circle
CU-ACT-1024,2025-03-22,UNBLACKLIST,0x3efa30704d2b8bbac821307230376556cf8cc39e,ADDRESS,,,,ACTIVE,,,,,CU-TRG-0053,,CU-IMP-1024,,ONCHAIN_SCAN,HIGH,,Circle
CU-ACT-1025,2025-03-22,UNBLACKLIST,0x5cab7692d4e94096462119ab7bf57319726eed2a,ADDRESS,,,,ACTIVE,,,,,CU-TRG-0053,,CU-IMP-1025,,ONCHAIN_SCAN,HIGH,,Circle
CU-ACT-1026,2025-03-22,UNBLACKLIST,0x5efda50f22d34f262c29268506c5fa42cb56a1ce,ADDRESS,,,,ACTIVE,,,,,CU-TRG-0053,,CU-IMP-1026,,ONCHAIN_SCAN,HIGH,,Circle
CU-ACT-1027,2025-03-22,UNBLACKLIST,0x5f6c97c6ad7bdd0ae7e0dd4ca33a4ed3fdabd4d7,ADDRESS,,,,ACTIVE,,,,,CU-TRG-0053,,CU-IMP-1027,,ONCHAIN_SCAN,HIGH,,Circle
CU-ACT-1028,2025-03-22,UNBLACKLIST,0x653477c392c16b0765603074f157314cc4f40c32,ADDRESS,,,,ACTIVE,,,,,CU-TRG-0053,,CU-IMP-1028,,ONCHAIN_SCAN,HIGH,,Circle
CU-ACT-1029,2025-03-22,UNBLACKLIST,0x746aebc06d2ae31b71ac51429a19d54e797878e9,ADDRESS,,,,ACTIVE,,,,,CU-TRG-0053,,CU-IMP-1029,,ONCHAIN_SCAN,HIGH,,Circle
CU-ACT-1030,2025-03-22,UNBLACKLIST,0x756c4628e57f7e7f8a459ec2752968360cf4d1aa,ADDRESS,,,,ACTIVE,,,,,CU-TRG-0053,,CU-IMP-1030,,ONCHAIN_SCAN,HIGH,,Circle
CU-ACT-1031,2025-03-22,UNBLACKLIST,0x77777feddddffc19ff86db637967013e6c6a116c,ADDRESS,,,,ACTIVE,,,,,CU-TRG-0053,,CU-IMP-1031,,ONCHAIN_SCAN,HIGH,,Circle
CU-ACT-1032,2025-03-22,UNBLACKLIST,0x88fd245fedec4a936e700f9173454d1931b4c307,ADDRESS,,,,ACTIVE,,,,,CU-TRG-0053,,CU-IMP-1032,,ONCHAIN_SCAN,HIGH,,Circle
CU-ACT-1033,2025-03-22,UNBLACKLIST,0x94c92f096437ab9958fc0a37f09348f30389ae79,ADDRESS,,,,ACTIVE,,,,,CU-TRG-0053,,CU-IMP-1033,,ONCHAIN_SCAN,HIGH,,Circle
CU-ACT-1034,2025-03-22,UNBLACKLIST,0xb04e030140b30c27bcdfaafffa98c57d80eda7b4,ADDRESS,,,,ACTIVE,,,,,CU-TRG-0053,,CU-IMP-1034,,ONCHAIN_SCAN,HIGH,,Circle
CU-ACT-1035,2025-03-22,UNBLACKLIST,0xb20c66c4de72433f3ce747b58b86830c459ca911,ADDRESS,,,,ACTIVE,,,,,CU-TRG-0053,,CU-IMP-1035,,ONCHAIN_SCAN,HIGH,,Circle
CU-ACT-1036,2025-03-22,UNBLACKLIST,0xcee71753c9820f063b38fdbe4cfdaf1d3d928a80,ADDRESS,,,,ACTIVE,,,,,CU-TRG-0053,,CU-IMP-1036,,ONCHAIN_SCAN,HIGH,,Circle
CU-ACT-1037,2025-03-22,UNBLACKLIST,0xd82ed8786d7c69dc7e052f7a542ab047971e73d2,ADDRESS,,,,ACTIVE,,,,,CU-TRG-0053,,CU-IMP-1037,,ONCHAIN_SCAN,HIGH,,Circle
CU-ACT-1038,2025-03-22,UNBLACKLIST,0xf4b067dd14e95bab89be928c07cb22e3c94e0daa,ADDRESS,,,,ACTIVE,,,,,CU-TRG-0053,,CU-IMP-1038,,ONCHAIN_SCAN,HIGH,,Circle
CU-ACT-1039,2025-03-22,UNBLACKLIST,0xffbac21a641dcfe4552920138d90f3638b3c9fba,ADDRESS,,,,ACTIVE,,,,,CU-TRG-0053,,CU-IMP-1039,,ONCHAIN_SCAN,HIGH,,Circle
CU-ACT-1040,2025-03-22,UNBLACKLIST,0xd692fd2d0b2fbd2e52cfa5b5b9424bc981c30696,ADDRESS,,,,ACTIVE,,,,,CU-TRG-0053,,CU-IMP-1040,,ONCHAIN_SCAN,HIGH,,Circle
CU-ACT-1041,2025-03-22,UNBLACKLIST,0xd8d7de3349ccaa0fde6298fe6d7b7d0d34586193,ADDRESS,,,,ACTIVE,,,,,CU-TRG-0053,,CU-IMP-1041,,ONCHAIN_SCAN,HIGH,,Circle
CU-ACT-1042,2025-03-22,UNBLACKLIST,0xdf3a408c53e5078af6e8fb2a85088d46ee09a61b,ADDRESS,,,,ACTIVE,,,,,CU-TRG-0053,,CU-IMP-1042,,ONCHAIN_SCAN,HIGH,,Circle
CU-ACT-1043,2025-03-22,UNBLACKLIST,0x1e34a77868e19a6647b1f2f47b51ed72dede95dd,ADDRESS,,,,ACTIVE,,,,,CU-TRG-0053,,CU-IMP-1043,,ONCHAIN_SCAN,HIGH,,Circle
CU-ACT-1044,2025-03-22,UNBLACKLIST,0x23173fe8b96a4ad8d2e17fb83ea5dcccdca1ae52,ADDRESS,,,,ACTIVE,,,,,CU-TRG-0053,,CU-IMP-1044,,ONCHAIN_SCAN,HIGH,,Circle
CU-ACT-1045,2025-03-22,UNBLACKLIST,0x242654336ca2205714071898f67e254eb49acdce,ADDRESS,,,,ACTIVE,,,,,CU-TRG-0053,,CU-IMP-1045,,ONCHAIN_SCAN,HIGH,,Circle
CU-ACT-1046,2025-03-22,UNBLACKLIST,0x330bdfade01ee9bf63c209ee33102dd334618e0a,ADDRESS,,,,ACTIVE,,,,,CU-TRG-0053,,CU-IMP-1046,,ONCHAIN_SCAN,HIGH,,Circle
CU-ACT-1047,2025-03-22,UNBLACKLIST,0x3aac1cc67c2ec5db4ea850957b967ba153ad6279,ADDRESS,,,,ACTIVE,,,,,CU-TRG-0053,,CU-IMP-1047,,ONCHAIN_SCAN,HIGH,,Circle
CU-ACT-1048,2025-03-22,UNBLACKLIST,0x407cceeaa7c95d2fe2250bf9f2c105aa7aafb512,ADDRESS,,,,ACTIVE,,,,,CU-TRG-0053,,CU-IMP-1048,,ONCHAIN_SCAN,HIGH,,Circle
CU-ACT-1049,2025-03-22,UNBLACKLIST,0x538ab61e8a9fc1b2f93b3dd9011d662d89be6fe6,ADDRESS,,,,ACTIVE,,,,,CU-TRG-0053,,CU-IMP-1049,,ONCHAIN_SCAN,HIGH,,Circle
CU-ACT-1050,2025-03-22,UNBLACKLIST,0x57b2b8c82f065de8ef5573f9730fc1449b403c9f,ADDRESS,,,,ACTIVE,,,,,CU-TRG-0053,,CU-IMP-1050,,ONCHAIN_SCAN,HIGH,,Circle
CU-ACT-1051,2025-03-22,UNBLACKLIST,0x6bf694a291df3fec1f7e69701e3ab6c592435ae7,ADDRESS,,,,ACTIVE,,,,,CU-TRG-0053,,CU-IMP-1051,,ONCHAIN_SCAN,HIGH,,Circle
CU-ACT-1052,2025-03-22,UNBLACKLIST,0x723b78e67497e85279cb204544566f4dc5d2aca0,ADDRESS,,,,ACTIVE,,,,,CU-TRG-0053,,CU-IMP-1052,,ONCHAIN_SCAN,HIGH,,Circle
CU-ACT-1053,2025-03-22,UNBLACKLIST,0x743494b60097a2230018079c02fe21a7b687eaa5,ADDRESS,,,,ACTIVE,,,,,CU-TRG-0053,,CU-IMP-1053,,ONCHAIN_SCAN,HIGH,,Circle
CU-ACT-1054,2025-03-22,UNBLACKLIST,0x76d85b4c0fc497eecc38902397ac608000a06607,ADDRESS,,,,ACTIVE,,,,,CU-TRG-0053,,CU-IMP-1054,,ONCHAIN_SCAN,HIGH,,Circle
CU-ACT-1055,2025-03-22,UNBLACKLIST,0x776198ccf446dfa168347089d7338879273172cf,ADDRESS,,,,ACTIVE,,,,,CU-TRG-0053,,CU-IMP-1055,,ONCHAIN_SCAN,HIGH,,Circle
CU-ACT-1056,2025-03-22,UNBLACKLIST,0x8281aa6795ade17c8973e1aedca380258bc124f9,ADDRESS,,,,ACTIVE,,,,,CU-TRG-0053,,CU-IMP-1056,,ONCHAIN_SCAN,HIGH,,Circle
CU-ACT-1057,2025-03-22,UNBLACKLIST,0x833481186f16cece3f1eeea1a694c42034c3a0db,ADDRESS,,,,ACTIVE,,,,,CU-TRG-0053,,CU-IMP-1057,,ONCHAIN_SCAN,HIGH,,Circle
CU-ACT-1058,2025-03-22,UNBLACKLIST,0x84443cfd09a48af6ef360c6976c5392ac5023a1f,ADDRESS,,,,ACTIVE,,,,,CU-TRG-0053,,CU-IMP-1058,,ONCHAIN_SCAN,HIGH,,Circle
CU-ACT-1059,2025-03-22,UNBLACKLIST,0x94be88213a387e992dd87de56950a9aef34b9448,ADDRESS,,,,ACTIVE,,,,,CU-TRG-0053,,CU-IMP-1059,,ONCHAIN_SCAN,HIGH,,Circle
CU-ACT-1060,2025-03-22,UNBLACKLIST,0xa5c2254e4253490c54cef0a4347fddb8f75a4998,ADDRESS,,,,ACTIVE,,,,,CU-TRG-0053,,CU-IMP-1060,,ONCHAIN_SCAN,HIGH,,Circle
CU-ACT-1061,2025-03-22,UNBLACKLIST,0xaf4c0b70b2ea9fb7487c7cbb37ada259579fe040,ADDRESS,,,,ACTIVE,,,,,CU-TRG-0053,,CU-IMP-1061,,ONCHAIN_SCAN,HIGH,,Circle
CU-ACT-1062,2025-03-22,UNBLACKLIST,0xaf8d1839c3c67cf571aa74b5c12398d4901147b3,ADDRESS,,,,ACTIVE,,,,,CU-TRG-0053,,CU-IMP-1062,,ONCHAIN_SCAN,HIGH,,Circle
CU-ACT-1063,2025-03-22,UNBLACKLIST,0xcc84179ffd19a1627e79f8648d09e095252bc418,ADDRESS,,,,ACTIVE,,,,,CU-TRG-0053,,CU-IMP-1063,,ONCHAIN_SCAN,HIGH,,Circle
CU-ACT-1064,2025-03-22,UNBLACKLIST,0xd47438c816c9e7f2e2888e060936a499af9582b3,ADDRESS,,,,ACTIVE,,,,,CU-TRG-0053,,CU-IMP-1064,,ONCHAIN_SCAN,HIGH,,Circle
CU-ACT-1065,2025-03-22,UNBLACKLIST,0xd5d6f8d9e784d0e26222ad3834500801a68d027d,ADDRESS,,,,ACTIVE,,,,,CU-TRG-0053,,CU-IMP-1065,,ONCHAIN_SCAN,HIGH,,Circle
CU-ACT-1066,2025-03-22,UNBLACKLIST,0xdf231d99ff8b6c6cbf4e9b9a945cbacef9339178,ADDRESS,,,,ACTIVE,,,,,CU-TRG-0053,,CU-IMP-1066,,ONCHAIN_SCAN,HIGH,,Circle
CU-ACT-1067,2025-03-22,UNBLACKLIST,0xedc5d01286f99a066559f60a585406f3878a033e,ADDRESS,,,,ACTIVE,,,,,CU-TRG-0053,,CU-IMP-1067,,ONCHAIN_SCAN,HIGH,,Circle
CU-ACT-1068,2025-03-22,UNBLACKLIST,0x0e3a09dda6b20afbb34ac7cd4a6881493f3e7bf7,ADDRESS,,,,ACTIVE,,,,,CU-TRG-0053,,CU-IMP-1068,,ONCHAIN_SCAN,HIGH,,Circle
CU-ACT-1069,2025-03-22,UNBLACKLIST,0x05e0b5b40b7b66098c2161a5ee11c5740a3a7c45,ADDRESS,,,,ACTIVE,,,,,CU-TRG-0053,,CU-IMP-1069,,ONCHAIN_SCAN,HIGH,,Circle
CU-ACT-1070,2025-04-02,BLACKLIST,0x16f068ea913a912c62114a873b678b1aa9236585,ADDRESS,SANCTIONED_ENTITY,CU-ENT-0051,,ACTIVE,,,,,CU-TRG-0045,,CU-IMP-1070,2025-04-02,ONCHAIN_SCAN,HIGH,,Circle
CU-ACT-1071,2025-04-02,BLACKLIST,0x9acfa7136bd9ee19fc2c4517e2033705262f938c,ADDRESS,SANCTIONED_ENTITY,CU-ENT-0051,,ACTIVE,,,,,CU-TRG-0045,,CU-IMP-1071,2025-04-02,ONCHAIN_SCAN,HIGH,,Circle
CU-ACT-1072,2025-04-02,BLACKLIST,0xe942adb085bdc3cd49ad2ddaea53934f12a7e0a5,ADDRESS,SANCTIONED_ENTITY,CU-ENT-0051,,ACTIVE,,,,,CU-TRG-0045,,CU-IMP-1072,2025-04-02,ONCHAIN_SCAN,HIGH,,Circle
CU-ACT-1073,2025-04-02,BLACKLIST,0x4755da10f30da425a1b5f12166bec82600c48c79,ADDRESS,SANCTIONED_ENTITY,CU-ENT-0051,,ACTIVE,,,,,CU-TRG-0045,,CU-IMP-1073,2025-04-02,ONCHAIN_SCAN,HIGH,,Circle
CU-ACT-1074,2025-04-02,BLACKLIST,0x2b872fc6d0614e39150d078db0e2ff56650f2b4b,ADDRESS,SANCTIONED_ENTITY,CU-ENT-0051,,ACTIVE,,,,,CU-TRG-0045,,CU-IMP-1074,2025-04-02,ONCHAIN_SCAN,HIGH,,Circle
CU-ACT-1075,2025-04-02,BLACKLIST,0x7a01e8268bbb7b5b7403b673aa0b9d7b36f651aa,ADDRESS,SANCTIONED_ENTITY,CU-ENT-0051,,ACTIVE,,,,,CU-TRG-0045,,CU-IMP-1075,2025-04-02,ONCHAIN_SCAN,HIGH,,Circle
CU-ACT-1076,2025-04-02,BLACKLIST,0x2a4c4406a0495116aa880c57486cb876658d8aa1,ADDRESS,SANCTIONED_ENTITY,CU-ENT-0051,,ACTIVE,,,,,CU-TRG-0045,,CU-IMP-1076,2025-04-02,ONCHAIN_SCAN,HIGH,,Circle
CU-ACT-1077,2025-04-02,BLACKLIST,0xd9471e6c644756e845e4a10260362ab9a3a9845a,ADDRESS,SANCTIONED_ENTITY,CU-ENT-0051,,ACTIVE,,,,,CU-TRG-0045,,CU-IMP-1077,2025-04-02,ONCHAIN_SCAN,HIGH,,Circle
CU-ACT-1078,2025-04-11,BLACKLIST,0x59a16c427f3a3584ae9fab84f47a3a9518c04272,ADDRESS,,,,ACTIVE,,,,,,,CU-IMP-1078,,ONCHAIN_SCAN,HIGH,,Circle
CU-ACT-1079,2025-04-18,BLACKLIST,0xb8344dd3631eef0cdd1dcf01eeaaad953d0172a7,ADDRESS,,,,ACTIVE,,,,,,,CU-IMP-1079,,ONCHAIN_SCAN,HIGH,,Circle
CU-ACT-1080,2025-05-13,BLACKLIST,0xc0addb0f2bd5d09965133cb60a87ce310c98f64e,ADDRESS,,,,ACTIVE,,,,,,,CU-IMP-1080,,ONCHAIN_SCAN,HIGH,,Circle
CU-ACT-1081,2025-05-14,BLACKLIST,0xc4d1de2300360cdb188bbd46ec5600ec51a0dd24,ADDRESS,,,,ACTIVE,,,,,,,CU-IMP-1081,,ONCHAIN_SCAN,HIGH,,Circle
CU-ACT-1082,2025-05-29,BLACKLIST,0xd5ed34b52ac4ab84d8fa8a231a3218bbf01ed510,ADDRESS,sanctioned_entity,CU-ENT-0031,,ACTIVE,,,,,CU-TRG-0031,,CU-IMP-1082,,ONCHAIN_SCAN,HIGH,,Circle
CU-ACT-1083,2025-05-29,BLACKLIST,0x8c5f37d4db13967643e33d5404f66f86569221ca,ADDRESS,SANCTIONED_ENTITY,CU-ENT-0031,,ACTIVE,,,,,CU-TRG-0031,,CU-IMP-1083,2025-05-29,ONCHAIN_SCAN,HIGH,,Circle
CU-ACT-1084,2025-07-01,BLACKLIST,0xc685132e908cce284c063415ea353af5f555c6c6,ADDRESS,SANCTIONED_ENTITY,CU-ENT-0080,,ACTIVE,,,,,CU-TRG-0073,,CU-IMP-1084,2025-07-01,ONCHAIN_SCAN,HIGH,,Circle
CU-ACT-1085,2025-07-16,BLACKLIST,0xb1fcda2d2dd445eeeb09c1d03b73519a1956f311,ADDRESS,,,,ACTIVE,,,,,,,CU-IMP-1085,,ONCHAIN_SCAN,HIGH,,Circle
CU-ACT-1086,2025-08-05,BLACKLIST,0xa01c6a115fa2779b1c740521b5362dac472f4e04,ADDRESS,,,,ACTIVE,,,,,,,CU-IMP-1086,,ONCHAIN_SCAN,HIGH,,Circle
CU-ACT-1087,2025-08-14,BLACKLIST,0x3301843d4d8c3314706a6526940bc2a38ed29475,ADDRESS,SANCTIONED_ENTITY,CU-ENT-0050,,ACTIVE,,,,,CU-TRG-0044,,CU-IMP-1087,2025-08-14,ONCHAIN_SCAN,HIGH,,Circle
CU-ACT-1088,2025-08-14,BLACKLIST,0x6e2bf91ff62095e759301a1e46df3278f7d6bf07,ADDRESS,SANCTIONED_ENTITY,CU-ENT-0050,,ACTIVE,,,,,CU-TRG-0044,,CU-IMP-1088,2025-08-14,ONCHAIN_SCAN,HIGH,,Circle
CU-ACT-1089,2025-08-14,BLACKLIST,0x8a33c4dccc7e840e536c1abc9af4612f876f54de,ADDRESS,SANCTIONED_ENTITY,CU-ENT-0050,,ACTIVE,,,,,CU-TRG-0044,,CU-IMP-1089,2025-08-14,ONCHAIN_SCAN,HIGH,,Circle
CU-ACT-1090,2025-08-14,BLACKLIST,0x17b65262f73d2a8668dededc6a40274c3e0ea058,ADDRESS,SANCTIONED_ENTITY,CU-ENT-0050,,ACTIVE,,,,,CU-TRG-0044,,CU-IMP-1090,2025-08-14,ONCHAIN_SCAN,HIGH,,Circle
CU-ACT-1091,2025-08-14,BLACKLIST,0x0655b7211f302b42a7bfa16a6c45284ab82fd85b,ADDRESS,SANCTIONED_ENTITY,CU-ENT-0050,,ACTIVE,,,,,CU-TRG-0044,,CU-IMP-1091,2025-08-14,ONCHAIN_SCAN,HIGH,,Circle
CU-ACT-1092,2025-08-14,BLACKLIST,0x82df92ebaa039dd6c9e0689390d7298a5ca1f59c,ADDRESS,SANCTIONED_ENTITY,CU-ENT-0050,,ACTIVE,,,,,CU-TRG-0044,,CU-IMP-1092,2025-08-14,ONCHAIN_SCAN,HIGH,,Circle
CU-ACT-1093,2025-08-14,BLACKLIST,0x48ea81d8db01cc3f551be8ecc8627b5a803eb075,ADDRESS,SANCTIONED_ENTITY,CU-ENT-0050,,ACTIVE,,,,,CU-TRG-0044,,CU-IMP-1093,2025-08-14,ONCHAIN_SCAN,HIGH,,Circle
CU-ACT-1094,2025-08-14,BLACKLIST,0x12de548f79a50d2bd05481c8515c1ef5183666a9,ADDRESS,sanctioned_entity,CU-ENT-0032,,ACTIVE,,,,,CU-TRG-0032,,CU-IMP-1094,,ONCHAIN_SCAN,HIGH,,Circle
CU-ACT-1095,2025-08-14,BLACKLIST,0x18f703184349667cdae85a07e7f2efac36052b89,ADDRESS,SANCTIONED_ENTITY,CU-ENT-0050,,ACTIVE,,,,,CU-TRG-0044,,CU-IMP-1095,2025-08-14,ONCHAIN_SCAN,HIGH,,Circle
CU-ACT-1096,2025-08-14,BLACKLIST,0x8dce2aac0de82bdcaf6b4373b79f94331b8e4995,ADDRESS,sanctioned_entity,CU-ENT-0010,,ACTIVE,,,,,CU-TRG-0010,,CU-IMP-1096,,ONCHAIN_SCAN,HIGH,,Circle
CU-ACT-1097,2025-08-14,BLACKLIST,0xf4377eda661e04b6dda78969796ed31658d602d4,ADDRESS,sanctioned_entity,CU-ENT-0010,,ACTIVE,,,,,CU-TRG-0010,,CU-IMP-1097,,ONCHAIN_SCAN,HIGH,,Circle
CU-ACT-1098,2025-08-14,BLACKLIST,0xb338962b92cd818d6aef0a32a9ecd01212a71f33,ADDRESS,sanctioned_entity,CU-ENT-0010,,ACTIVE,,,,,CU-TRG-0010,,CU-IMP-1098,,ONCHAIN_SCAN,HIGH,,Circle
CU-ACT-1099,2025-08-14,BLACKLIST,0x57ec89a0c056163a0314e413320f9b3abe761259,ADDRESS,sanctioned_entity,CU-ENT-0010,,ACTIVE,,,,,CU-TRG-0010,,CU-IMP-1099,,ONCHAIN_SCAN,HIGH,,Circle
CU-ACT-1100,2025-08-14,BLACKLIST,0xd8500c631dc32fa18645b7436344a99e4825e10e,ADDRESS,sanctioned_entity,CU-ENT-0010,,ACTIVE,,,,,CU-TRG-0010,,CU-IMP-1100,,ONCHAIN_SCAN,HIGH,,Circle
CU-ACT-1101,2025-08-14,BLACKLIST,0x7ced75026204ac29c34bea98905d4c949f27361e,ADDRESS,sanctioned_entity,CU-ENT-0010,,ACTIVE,,,,,CU-TRG-0010,,CU-IMP-1101,,ONCHAIN_SCAN,HIGH,,Circle
CU-ACT-1102,2025-08-14,BLACKLIST,0x418949a4a7da9e07192909722072dded8f670d58,ADDRESS,SANCTIONED_ENTITY,CU-ENT-0050,,ACTIVE,,,,,CU-TRG-0044,,CU-IMP-1102,2025-08-14,ONCHAIN_SCAN,HIGH,,Circle
CU-ACT-1103,2025-08-14,BLACKLIST,0x6042c2f32769454c5ff226fdae52b81e49cd922f,ADDRESS,SANCTIONED_ENTITY,CU-ENT-0050,,ACTIVE,,,,,CU-TRG-0044,,CU-IMP-1103,2025-08-14,ONCHAIN_SCAN,HIGH,,Circle
CU-ACT-1104,2025-08-14,BLACKLIST,0x8660f3ab5285f9e497ffbf2997285c24466aa2a1,ADDRESS,SANCTIONED_ENTITY,CU-ENT-0050,,ACTIVE,,,,,CU-TRG-0044,,CU-IMP-1104,2025-08-14,ONCHAIN_SCAN,HIGH,,Circle
CU-ACT-1105,2025-08-19,BLACKLIST,0xaf5f1bf01aabc9eaeb4c6b3ab92ac1c67d61c749,ADDRESS,,,,ACTIVE,,,,,,,CU-IMP-1105,,ONCHAIN_SCAN,HIGH,,Circle
CU-ACT-1106,2025-08-19,BLACKLIST,0xdf5783a62a6bb474e0a5741c833d729e4fc9d64d,ADDRESS,,,,ACTIVE,,,,,,,CU-IMP-1106,,ONCHAIN_SCAN,HIGH,,Circle
CU-ACT-1107,2025-09-12,BLACKLIST,0xfa3576591b710cd8a68f22fc10281f39f88d8cb1,ADDRESS,,,,REVERSED,CU-ACT-1108,,,,,,CU-IMP-1107,,ONCHAIN_SCAN,HIGH,,Circle
CU-ACT-1108,2025-09-12,UNBLACKLIST,0xfa3576591b710cd8a68f22fc10281f39f88d8cb1,ADDRESS,,,,ACTIVE,,,,,,,CU-IMP-1108,,ONCHAIN_SCAN,HIGH,,Circle
CU-ACT-1109,2025-09-16,BLACKLIST,0xe3d35f68383732649669aa990832e017340dbca5,ADDRESS,sanctioned_entity,CU-ENT-0033,,ACTIVE,,,,,CU-TRG-0033,,CU-IMP-1109,,ONCHAIN_SCAN,HIGH,,Circle
CU-ACT-1110,2025-09-16,BLACKLIST,0x532b77b33a040587e9fd1800088225f99b8b0e8a,ADDRESS,sanctioned_entity,CU-ENT-0033,,ACTIVE,,,,,CU-TRG-0033,,CU-IMP-1110,,ONCHAIN_SCAN,HIGH,,Circle
CU-ACT-1111,2025-09-16,BLACKLIST,0xf405df57cc3a2df4dd262b6494d76e346ca778f1,ADDRESS,SANCTIONED_ENTITY,CU-ENT-0056,,ACTIVE,,,,,CU-TRG-0050,,CU-IMP-1111,2025-09-16,ONCHAIN_SCAN,HIGH,,Circle
CU-ACT-1112,2025-09-16,BLACKLIST,0xab4302cfcf1c2337c1b59af1d23bd97189fe962c,ADDRESS,SANCTIONED_ENTITY,CU-ENT-0056,,ACTIVE,,,,,CU-TRG-0050,,CU-IMP-1112,2025-09-16,ONCHAIN_SCAN,HIGH,,Circle
CU-ACT-1113,2025-09-16,BLACKLIST,0x9ab7a3e606677ddf6f3538dd4472ec770c282b3e,ADDRESS,SANCTIONED_ENTITY,CU-ENT-0056,,ACTIVE,,,,,CU-TRG-0050,,CU-IMP-1113,2025-09-16,ONCHAIN_SCAN,HIGH,,Circle
CU-ACT-1114,2025-09-16,BLACKLIST,0xdb2720ebad55399117ddb4c4a4afd9a4ccada8fe,ADDRESS,sanctioned_entity,CU-ENT-0034,,ACTIVE,,,,,CU-TRG-0034,,CU-IMP-1114,,ONCHAIN_SCAN,HIGH,,Circle
CU-ACT-1115,2025-09-16,BLACKLIST,0xba475bb43ee21013fd14c85e2c74b24bcf5a54c1,ADDRESS,SANCTIONED_ENTITY,CU-ENT-0056,,ACTIVE,,,,,CU-TRG-0050,,CU-IMP-1115,2025-09-16,ONCHAIN_SCAN,HIGH,,Circle
CU-ACT-1116,2025-09-24,BLACKLIST,0x240fd853e1509a975bd95348d49c923fb0b5d43c,ADDRESS,SANCTIONED_ENTITY,CU-ENT-0081,,ACTIVE,,,,,CU-TRG-0074,,CU-IMP-1116,2025-09-24,ONCHAIN_SCAN,HIGH,,Circle
CU-ACT-1117,2025-10-09,BLACKLIST,0x246ad63418848c22df091d5e3409faba68a34380,ADDRESS,,,,ACTIVE,,,,,,,CU-IMP-1117,,ONCHAIN_SCAN,HIGH,,Circle
CU-ACT-1118,2025-10-10,BLACKLIST,0xe9d67c08eb4607f55375c42032f2e9e0979b0da0,ADDRESS,,,,ACTIVE,,,,,,,CU-IMP-1118,,ONCHAIN_SCAN,HIGH,,Circle
CU-ACT-1119,2025-10-10,BLACKLIST,0x9b2a4fd4373ec0e5218395eb8f7116600c43a494,ADDRESS,,,,ACTIVE,,,,,,,CU-IMP-1119,,ONCHAIN_SCAN,HIGH,,Circle
CU-ACT-1120,2025-10-14,BLACKLIST,0xae05eb856cb28c156d9722094f5eefd5693bc181,ADDRESS,SANCTIONED_ENTITY,CU-ENT-0055,,ACTIVE,,,,,CU-TRG-0049,,CU-IMP-1120,2025-10-14,ONCHAIN_SCAN,HIGH,,Circle
CU-ACT-1121,2025-10-14,BLACKLIST,0xd599ac04a1c786972b81e0fef6fb0c3e7b52f8a7,ADDRESS,SANCTIONED_ENTITY,CU-ENT-0055,,ACTIVE,,,,,CU-TRG-0049,,CU-IMP-1121,2025-10-14,ONCHAIN_SCAN,HIGH,,Circle
CU-ACT-1122,2025-10-14,BLACKLIST,0x500aa554ed27a6c94fe0d5eb5df3482b528a5efe,ADDRESS,SANCTIONED_ENTITY,CU-ENT-0055,,ACTIVE,,,,,CU-TRG-0049,,CU-IMP-1122,2025-10-14,ONCHAIN_SCAN,HIGH,,Circle
CU-ACT-1123,2025-10-14,BLACKLIST,0x2a4ff8bc97d3faef20ca9aa3c8dac93450695434,ADDRESS,SANCTIONED_ENTITY,CU-ENT-0055,,ACTIVE,,,,,CU-TRG-0049,,CU-IMP-1123,2025-10-14,ONCHAIN_SCAN,HIGH,,Circle
CU-ACT-1124,2025-11-04,BLACKLIST,0x00be5e0c85be35948d97ad37f62d108243f89ae0,ADDRESS,SANCTIONED_ENTITY,CU-ENT-0047,,ACTIVE,,,CU-INC-0003,,CU-TRG-0042,,CU-IMP-1124,2025-11-04,ONCHAIN_SCAN,HIGH,,Circle
CU-ACT-1125,2025-11-04,BLACKLIST,0x5263b1aa550f70bd9753ec558c631eaadd2ae98c,ADDRESS,SANCTIONED_ENTITY,CU-ENT-0047,,ACTIVE,,,CU-INC-0003,,CU-TRG-0042,,CU-IMP-1125,2025-11-04,ONCHAIN_SCAN,HIGH,,Circle
CU-ACT-1126,2025-11-04,BLACKLIST,0x00bf03f87539214307207c61b7f729ddc22977b8,ADDRESS,SANCTIONED_ENTITY,CU-ENT-0047,,ACTIVE,,,CU-INC-0003,,CU-TRG-0042,,CU-IMP-1126,2025-11-04,ONCHAIN_SCAN,HIGH,,Circle
CU-ACT-1127,2025-11-04,BLACKLIST,0x72a2fc69c5a3025d9d79bb01335860aaf2a4a948,ADDRESS,SANCTIONED_ENTITY,CU-ENT-0047,,ACTIVE,,,CU-INC-0003,,CU-TRG-0042,,CU-IMP-1127,2025-11-04,ONCHAIN_SCAN,HIGH,,Circle
CU-ACT-1128,2025-11-04,BLACKLIST,0x7b7f0d8f53e16faee4cf90aedf50c7073f17beff,ADDRESS,SANCTIONED_ENTITY,CU-ENT-0047,,ACTIVE,,,CU-INC-0003,,CU-TRG-0042,,CU-IMP-1128,2025-11-04,ONCHAIN_SCAN,HIGH,,Circle
CU-ACT-1129,2025-11-04,BLACKLIST,0x5a1ca8328b9da53c6c11c8745ea8da29a9cd36c1,ADDRESS,SANCTIONED_ENTITY,CU-ENT-0047,,ACTIVE,,,CU-INC-0003,,CU-TRG-0042,,CU-IMP-1129,2025-11-04,ONCHAIN_SCAN,HIGH,,Circle
CU-ACT-1130,2025-11-04,BLACKLIST,0x0d1891dd69efe614918e989b5ebd68d6e5f18ff5,ADDRESS,SANCTIONED_ENTITY,CU-ENT-0047,,ACTIVE,,,CU-INC-0003,,CU-TRG-0042,,CU-IMP-1130,2025-11-04,ONCHAIN_SCAN,HIGH,,Circle
CU-ACT-1131,2025-11-04,BLACKLIST,0x10df38a923a660965d098f24a618b0d1b5d99cba,ADDRESS,SANCTIONED_ENTITY,CU-ENT-0047,,ACTIVE,,,CU-INC-0003,,CU-TRG-0042,,CU-IMP-1131,2025-11-04,ONCHAIN_SCAN,HIGH,,Circle
CU-ACT-1132,2025-11-04,BLACKLIST,0x114074ff655d0643a4ff70411ffca618cb7edca1,ADDRESS,SANCTIONED_ENTITY,CU-ENT-0047,,ACTIVE,,,CU-INC-0003,,CU-TRG-0042,,CU-IMP-1132,2025-11-04,ONCHAIN_SCAN,HIGH,,Circle
CU-ACT-1133,2025-11-04,BLACKLIST,0x117bb0cfee7ce8f842967537fbcd92fc504d68ab,ADDRESS,SANCTIONED_ENTITY,CU-ENT-0047,,ACTIVE,,,CU-INC-0003,,CU-TRG-0042,,CU-IMP-1133,2025-11-04,ONCHAIN_SCAN,HIGH,,Circle
CU-ACT-1134,2025-11-04,BLACKLIST,0x15a68a9ffa2a94bdad8468d93af4db24251af772,ADDRESS,SANCTIONED_ENTITY,CU-ENT-0047,,ACTIVE,,,CU-INC-0003,,CU-TRG-0042,,CU-IMP-1134,2025-11-04,ONCHAIN_SCAN,HIGH,,Circle
CU-ACT-1135,2025-11-04,BLACKLIST,0x17fff4f3364fa6dfa25cf37bebbff62bc47232f7,ADDRESS,SANCTIONED_ENTITY,CU-ENT-0047,,ACTIVE,,,CU-INC-0003,,CU-TRG-0042,,CU-IMP-1135,2025-11-04,ONCHAIN_SCAN,HIGH,,Circle
CU-ACT-1136,2025-11-04,BLACKLIST,0x2547ad3f4b0d37881101885addd1cedf753af9aa,ADDRESS,SANCTIONED_ENTITY,CU-ENT-0047,,ACTIVE,,,CU-INC-0003,,CU-TRG-0042,,CU-IMP-1136,2025-11-04,ONCHAIN_SCAN,HIGH,,Circle
CU-ACT-1137,2025-11-04,BLACKLIST,0x171f95410bc65dfc8549c287cd475dc8b82df192,ADDRESS,SANCTIONED_ENTITY,CU-ENT-0047,,ACTIVE,,,CU-INC-0003,,CU-TRG-0042,,CU-IMP-1137,2025-11-04,ONCHAIN_SCAN,HIGH,,Circle
CU-ACT-1138,2025-11-04,BLACKLIST,0x2cbd0ba5b15bde90d5252d8ac1ed2aa121d2d62a,ADDRESS,SANCTIONED_ENTITY,CU-ENT-0047,,ACTIVE,,,CU-INC-0003,,CU-TRG-0042,,CU-IMP-1138,2025-11-04,ONCHAIN_SCAN,HIGH,,Circle
CU-ACT-1139,2025-11-04,BLACKLIST,0x37cefc817a4582773b26835910127ba24f284bb4,ADDRESS,SANCTIONED_ENTITY,CU-ENT-0047,,ACTIVE,,,CU-INC-0003,,CU-TRG-0042,,CU-IMP-1139,2025-11-04,ONCHAIN_SCAN,HIGH,,Circle
CU-ACT-1140,2025-11-04,BLACKLIST,0x3e0c892556da529a0c03a28f763964bdf25ca88c,ADDRESS,SANCTIONED_ENTITY,CU-ENT-0047,,ACTIVE,,,CU-INC-0003,,CU-TRG-0042,,CU-IMP-1140,2025-11-04,ONCHAIN_SCAN,HIGH,,Circle
CU-ACT-1141,2025-11-04,BLACKLIST,0x412e673fb7cce4e031b9a02277b1aeb599f62bc1,ADDRESS,SANCTIONED_ENTITY,CU-ENT-0047,,ACTIVE,,,CU-INC-0003,,CU-TRG-0042,,CU-IMP-1141,2025-11-04,ONCHAIN_SCAN,HIGH,,Circle
CU-ACT-1142,2025-11-04,BLACKLIST,0x40813812bb5a22be798d7f4cf227a584f4f87bc9,ADDRESS,SANCTIONED_ENTITY,CU-ENT-0047,,ACTIVE,,,CU-INC-0003,,CU-TRG-0042,,CU-IMP-1142,2025-11-04,ONCHAIN_SCAN,HIGH,,Circle
CU-ACT-1143,2025-11-04,BLACKLIST,0x491e68c8464e39723c304aef5cea9543f37ee607,ADDRESS,SANCTIONED_ENTITY,CU-ENT-0047,,ACTIVE,,,CU-INC-0003,,CU-TRG-0042,,CU-IMP-1143,2025-11-04,ONCHAIN_SCAN,HIGH,,Circle
CU-ACT-1144,2025-11-04,BLACKLIST,0x45fc0d462a6473905024a10f756feadf8e6c2d08,ADDRESS,SANCTIONED_ENTITY,CU-ENT-0047,,ACTIVE,,,CU-INC-0003,,CU-TRG-0042,,CU-IMP-1144,2025-11-04,ONCHAIN_SCAN,HIGH,,Circle
CU-ACT-1145,2025-11-04,BLACKLIST,0x44888f0a128a21872c38aa44bede1e31137ba85f,ADDRESS,SANCTIONED_ENTITY,CU-ENT-0047,,ACTIVE,,,CU-INC-0003,,CU-TRG-0042,,CU-IMP-1145,2025-11-04,ONCHAIN_SCAN,HIGH,,Circle
CU-ACT-1146,2025-11-04,BLACKLIST,0x46ccbcaf10b406a85a412ab713ad451caef9a950,ADDRESS,SANCTIONED_ENTITY,CU-ENT-0047,,ACTIVE,,,CU-INC-0003,,CU-TRG-0042,,CU-IMP-1146,2025-11-04,ONCHAIN_SCAN,HIGH,,Circle
CU-ACT-1147,2025-11-04,BLACKLIST,0x55ef531216bd8077fb1acb8e61be532214b33b76,ADDRESS,SANCTIONED_ENTITY,CU-ENT-0047,,ACTIVE,,,CU-INC-0003,,CU-TRG-0042,,CU-IMP-1147,2025-11-04,ONCHAIN_SCAN,HIGH,,Circle
CU-ACT-1148,2025-11-04,BLACKLIST,0x5042cca9d00c44733ebaf550851b9a65cc98d58f,ADDRESS,SANCTIONED_ENTITY,CU-ENT-0047,,ACTIVE,,,CU-INC-0003,,CU-TRG-0042,,CU-IMP-1148,2025-11-04,ONCHAIN_SCAN,HIGH,,Circle
CU-ACT-1149,2025-11-04,BLACKLIST,0x4fa8b02fd04a8ed74b2c77d7efdfffbcc884e3f2,ADDRESS,SANCTIONED_ENTITY,CU-ENT-0047,,ACTIVE,,,CU-INC-0003,,CU-TRG-0042,,CU-IMP-1149,2025-11-04,ONCHAIN_SCAN,HIGH,,Circle
CU-ACT-1150,2025-11-04,BLACKLIST,0x45afe4b7e98b6ef450e7b5f53bc1763f3be83e69,ADDRESS,SANCTIONED_ENTITY,CU-ENT-0047,,ACTIVE,,,CU-INC-0003,,CU-TRG-0042,,CU-IMP-1150,2025-11-04,ONCHAIN_SCAN,HIGH,,Circle
CU-ACT-1151,2025-11-04,BLACKLIST,0xa4e740b001ea51cd90988b19cfb9da7a52e91c47,ADDRESS,SANCTIONED_ENTITY,CU-ENT-0047,,ACTIVE,,,CU-INC-0003,,CU-TRG-0042,,CU-IMP-1151,2025-11-04,ONCHAIN_SCAN,HIGH,,Circle
CU-ACT-1152,2025-11-04,BLACKLIST,0x95a603c86ec4a585e4359d1f07e6949567491fc9,ADDRESS,SANCTIONED_ENTITY,CU-ENT-0047,,ACTIVE,,,CU-INC-0003,,CU-TRG-0042,,CU-IMP-1152,2025-11-04,ONCHAIN_SCAN,HIGH,,Circle
CU-ACT-1153,2025-11-04,BLACKLIST,0x4b1d7ad9f0cbff66d194ba1e9f0da31635f23f0e,ADDRESS,SANCTIONED_ENTITY,CU-ENT-0047,,ACTIVE,,,CU-INC-0003,,CU-TRG-0042,,CU-IMP-1153,2025-11-04,ONCHAIN_SCAN,HIGH,,Circle
CU-ACT-1154,2025-11-04,BLACKLIST,0x932dbae7c0493923c2643efc52b9faadfc3109a6,ADDRESS,SANCTIONED_ENTITY,CU-ENT-0047,,ACTIVE,,,CU-INC-0003,,CU-TRG-0042,,CU-IMP-1154,2025-11-04,ONCHAIN_SCAN,HIGH,,Circle
CU-ACT-1155,2025-11-04,BLACKLIST,0x97a582fff8b54e501f584dcd828fd1200f6f9e6b,ADDRESS,SANCTIONED_ENTITY,CU-ENT-0047,,ACTIVE,,,CU-INC-0003,,CU-TRG-0042,,CU-IMP-1155,2025-11-04,ONCHAIN_SCAN,HIGH,,Circle
CU-ACT-1156,2025-11-04,BLACKLIST,0x80d658d0d767de04a4379fee4a2fdf10d9bfbf03,ADDRESS,SANCTIONED_ENTITY,CU-ENT-0047,,ACTIVE,,,CU-INC-0003,,CU-TRG-0042,,CU-IMP-1156,2025-11-04,ONCHAIN_SCAN,HIGH,,Circle
CU-ACT-1157,2025-11-04,BLACKLIST,0x596ac03ba123b802325bf62ceff98e5608ac48e9,ADDRESS,SANCTIONED_ENTITY,CU-ENT-0047,,ACTIVE,,,CU-INC-0003,,CU-TRG-0042,,CU-IMP-1157,2025-11-04,ONCHAIN_SCAN,HIGH,,Circle
CU-ACT-1158,2025-11-04,BLACKLIST,0x80865644f47925223c7e12014e9b11f0f05212bc,ADDRESS,SANCTIONED_ENTITY,CU-ENT-0047,,ACTIVE,,,CU-INC-0003,,CU-TRG-0042,,CU-IMP-1158,2025-11-04,ONCHAIN_SCAN,HIGH,,Circle
CU-ACT-1159,2025-11-04,BLACKLIST,0x919d585e07ab0926832753eb43fd6fb2b8488051,ADDRESS,SANCTIONED_ENTITY,CU-ENT-0047,,ACTIVE,,,CU-INC-0003,,CU-TRG-0042,,CU-IMP-1159,2025-11-04,ONCHAIN_SCAN,HIGH,,Circle
CU-ACT-1160,2025-11-04,BLACKLIST,0xa3afa16728fc3a16072a7a00ec4508fafe02a34a,ADDRESS,SANCTIONED_ENTITY,CU-ENT-0047,,ACTIVE,,,CU-INC-0003,,CU-TRG-0042,,CU-IMP-1160,2025-11-04,ONCHAIN_SCAN,HIGH,,Circle
CU-ACT-1161,2025-11-04,BLACKLIST,0xad0fd006d311c33da60c180603316a813a3f68d4,ADDRESS,SANCTIONED_ENTITY,CU-ENT-0047,,ACTIVE,,,CU-INC-0003,,CU-TRG-0042,,CU-IMP-1161,2025-11-04,ONCHAIN_SCAN,HIGH,,Circle
CU-ACT-1162,2025-11-04,BLACKLIST,0xc5aa13f464851d92fd59f1ef6a1c719e5e6d2d4a,ADDRESS,SANCTIONED_ENTITY,CU-ENT-0047,,ACTIVE,,,CU-INC-0003,,CU-TRG-0042,,CU-IMP-1162,2025-11-04,ONCHAIN_SCAN,HIGH,,Circle
CU-ACT-1163,2025-11-04,BLACKLIST,0x9d6350f74c811ca9e9c9adc35227a1193d5984b0,ADDRESS,SANCTIONED_ENTITY,CU-ENT-0047,,ACTIVE,,,CU-INC-0003,,CU-TRG-0042,,CU-IMP-1163,2025-11-04,ONCHAIN_SCAN,HIGH,,Circle
CU-ACT-1164,2025-11-04,BLACKLIST,0xc19a1636cf379ce180a61946a990d743bd2ee3d1,ADDRESS,SANCTIONED_ENTITY,CU-ENT-0047,,ACTIVE,,,CU-INC-0003,,CU-TRG-0042,,CU-IMP-1164,2025-11-04,ONCHAIN_SCAN,HIGH,,Circle
CU-ACT-1165,2025-11-04,BLACKLIST,0xdb7ae6b7a2153fe0062be5d1d90a8be5ec8aaa50,ADDRESS,SANCTIONED_ENTITY,CU-ENT-0047,,ACTIVE,,,CU-INC-0003,,CU-TRG-0042,,CU-IMP-1165,2025-11-04,ONCHAIN_SCAN,HIGH,,Circle
CU-ACT-1166,2025-11-04,BLACKLIST,0xfc3def4dc3bac88f7e80d53c2499a02d65ae7e66,ADDRESS,SANCTIONED_ENTITY,CU-ENT-0047,,ACTIVE,,,CU-INC-0003,,CU-TRG-0042,,CU-IMP-1166,2025-11-04,ONCHAIN_SCAN,HIGH,,Circle
CU-ACT-1167,2025-11-04,BLACKLIST,0xc014eb917fb0689844b31347c7556c18a319bbbf,ADDRESS,SANCTIONED_ENTITY,CU-ENT-0047,,ACTIVE,,,CU-INC-0003,,CU-TRG-0042,,CU-IMP-1167,2025-11-04,ONCHAIN_SCAN,HIGH,,Circle
CU-ACT-1168,2025-11-04,BLACKLIST,0xf512078e07f61a2e28081c8ea86c6056788d18b4,ADDRESS,SANCTIONED_ENTITY,CU-ENT-0047,,ACTIVE,,,CU-INC-0003,,CU-TRG-0042,,CU-IMP-1168,2025-11-04,ONCHAIN_SCAN,HIGH,,Circle
CU-ACT-1169,2025-11-04,BLACKLIST,0xda9809eaca62c7d52978045007f26817c425875f,ADDRESS,SANCTIONED_ENTITY,CU-ENT-0047,,ACTIVE,,,CU-INC-0003,,CU-TRG-0042,,CU-IMP-1169,2025-11-04,ONCHAIN_SCAN,HIGH,,Circle
CU-ACT-1170,2025-11-04,BLACKLIST,0xe61c235a51cf48a554c60005d936d424d0d76397,ADDRESS,SANCTIONED_ENTITY,CU-ENT-0047,,ACTIVE,,,CU-INC-0003,,CU-TRG-0042,,CU-IMP-1170,2025-11-04,ONCHAIN_SCAN,HIGH,,Circle
CU-ACT-1171,2025-11-04,BLACKLIST,0xc95b0eaad3ed1c1505fc9b1a50c160afe3594036,ADDRESS,SANCTIONED_ENTITY,CU-ENT-0047,,ACTIVE,,,CU-INC-0003,,CU-TRG-0042,,CU-IMP-1171,2025-11-04,ONCHAIN_SCAN,HIGH,,Circle
CU-ACT-1172,2025-11-04,BLACKLIST,0xe96e4483bc3f3abfea3213cd8a094ce5b26b117c,ADDRESS,SANCTIONED_ENTITY,CU-ENT-0047,,ACTIVE,,,CU-INC-0003,,CU-TRG-0042,,CU-IMP-1172,2025-11-04,ONCHAIN_SCAN,HIGH,,Circle
CU-ACT-1173,2025-11-04,BLACKLIST,0xed5324b5482a3eef2eb4263d1c386d86bfda5d4b,ADDRESS,SANCTIONED_ENTITY,CU-ENT-0047,,ACTIVE,,,CU-INC-0003,,CU-TRG-0042,,CU-IMP-1173,2025-11-04,ONCHAIN_SCAN,HIGH,,Circle
CU-ACT-1174,2025-11-04,BLACKLIST,0xd3301fc40c118a14ba8c15370e6dd3746656d287,ADDRESS,SANCTIONED_ENTITY,CU-ENT-0047,,ACTIVE,,,CU-INC-0003,,CU-TRG-0042,,CU-IMP-1174,2025-11-04,ONCHAIN_SCAN,HIGH,,Circle
CU-ACT-1175,2025-11-04,BLACKLIST,0xdc2ec40485f23d6268fe9f4fde8c390051f4766a,ADDRESS,SANCTIONED_ENTITY,CU-ENT-0047,,ACTIVE,,,CU-INC-0003,,CU-TRG-0042,,CU-IMP-1175,2025-11-04,ONCHAIN_SCAN,HIGH,,Circle
CU-ACT-1176,2025-11-04,BLACKLIST,0xf3f338ec1c5e17ab45377e78308ace9a6338242c,ADDRESS,SANCTIONED_ENTITY,CU-ENT-0047,,ACTIVE,,,CU-INC-0003,,CU-TRG-0042,,CU-IMP-1176,2025-11-04,ONCHAIN_SCAN,HIGH,,Circle
CU-ACT-1177,2025-11-19,BLACKLIST,0x5d5b5dafecbf31bdb08bfd3edad4f2694372d0ef,ADDRESS,sanctioned_entity,CU-ENT-0035,,ACTIVE,,,,,CU-TRG-0035,,CU-IMP-1177,,ONCHAIN_SCAN,HIGH,,Circle
CU-ACT-1178,2025-11-19,BLACKLIST,0xc103b7dc095c904b92081eef0c1640081ec01c10,ADDRESS,sanctioned_entity,CU-ENT-0035,,ACTIVE,,,,,CU-TRG-0035,,CU-IMP-1178,,ONCHAIN_SCAN,HIGH,,Circle
CU-ACT-1179,2025-11-19,BLACKLIST,0xe1e4c5e5ed8f03ae61b581e2def126025f2b9401,ADDRESS,sanctioned_entity,CU-ENT-0035,,ACTIVE,,,,,CU-TRG-0035,,CU-IMP-1179,,ONCHAIN_SCAN,HIGH,,Circle
CU-ACT-1180,2025-11-19,BLACKLIST,0x11fe0fd1a9fb17746eb9877a396ddf1b3a632838,ADDRESS,SANCTIONED_ENTITY,CU-ENT-0053,,ACTIVE,,,,,CU-TRG-0047,,CU-IMP-1180,2025-11-19,ONCHAIN_SCAN,HIGH,,Circle
CU-ACT-1181,2025-11-19,BLACKLIST,0x091a964948da0f8f638c8b688e391e5a3df1a43e,ADDRESS,SANCTIONED_ENTITY,CU-ENT-0053,,ACTIVE,,,,,CU-TRG-0047,,CU-IMP-1181,2025-11-19,ONCHAIN_SCAN,HIGH,,Circle
CU-ACT-1182,2025-11-19,BLACKLIST,0xd4e976441a1cad72ee5cbd2fd1b677fe7ce8afdf,ADDRESS,SANCTIONED_ENTITY,CU-ENT-0053,,ACTIVE,,,,,CU-TRG-0047,,CU-IMP-1182,2025-11-19,ONCHAIN_SCAN,HIGH,,Circle
CU-ACT-1183,2025-11-19,BLACKLIST,0x2020b536fd363c82fc3f6ab26aeea94b4ffa1404,ADDRESS,SANCTIONED_ENTITY,CU-ENT-0053,,ACTIVE,,,,,CU-TRG-0047,,CU-IMP-1183,2025-11-19,ONCHAIN_SCAN,HIGH,,Circle
CU-ACT-1184,2025-11-19,BLACKLIST,0x9227c54226014afcb588dc49818e28a3a2367557,ADDRESS,SANCTIONED_ENTITY,CU-ENT-0053,,ACTIVE,,,,,CU-TRG-0047,,CU-IMP-1184,2025-11-19,ONCHAIN_SCAN,HIGH,,Circle
CU-ACT-1185,2025-11-26,BLACKLIST,0x66395ac274efad06bcfa78c882c9c4988833823b,ADDRESS,,,,ACTIVE,,,,,,,CU-IMP-1185,,ONCHAIN_SCAN,HIGH,,Circle
CU-ACT-1186,2025-12-02,BLACKLIST,0x324f99b1a09ad378d4b6372be7632105ddeeac56,ADDRESS,,,,ACTIVE,,,,,,,CU-IMP-1186,,ONCHAIN_SCAN,HIGH,,Circle
CU-ACT-1187,2026-01-30,BLACKLIST,0xbf92b14aa9fd088182178e2ebf208da946521ee5,ADDRESS,SANCTIONED_ENTITY,CU-ENT-0052,,ACTIVE,,,,,CU-TRG-0046,,CU-IMP-1187,2026-01-30,ONCHAIN_SCAN,HIGH,,Circle
CU-ACT-1188,2026-01-30,BLACKLIST,0x2136ed3902c1d7217d9b19cf313bbb035ed9bfd7,ADDRESS,SANCTIONED_ENTITY,CU-ENT-0052,,ACTIVE,,,,,CU-TRG-0046,,CU-IMP-1188,2026-01-30,ONCHAIN_SCAN,HIGH,,Circle
CU-ACT-1189,2026-01-30,BLACKLIST,0x783a4cc2478f1b44f37052bac72abaa3fc6f992a,ADDRESS,SANCTIONED_ENTITY,CU-ENT-0052,,ACTIVE,,,,,CU-TRG-0046,,CU-IMP-1189,2026-01-30,ONCHAIN_SCAN,HIGH,,Circle
CU-ACT-1190,2026-01-30,BLACKLIST,0x4bae1c4b2167fe4ebcd6d7baac1138d943a2609f,ADDRESS,SANCTIONED_ENTITY,CU-ENT-0052,,ACTIVE,,,,,CU-TRG-0046,,CU-IMP-1190,2026-01-30,ONCHAIN_SCAN,HIGH,,Circle
CU-ACT-1191,2026-01-30,BLACKLIST,0x180242dc6b95c786c2d9c397532c679a956a1d12,ADDRESS,SANCTIONED_ENTITY,CU-ENT-0052,,ACTIVE,,,,,CU-TRG-0046,,CU-IMP-1191,2026-01-30,ONCHAIN_SCAN,HIGH,,Circle
CU-ACT-1192,2026-01-30,BLACKLIST,0x0529ebc9ff01a4d390f91687d7c7406bf0dab24e,ADDRESS,SANCTIONED_ENTITY,CU-ENT-0052,,ACTIVE,,,,,CU-TRG-0046,,CU-IMP-1192,2026-01-30,ONCHAIN_SCAN,HIGH,,Circle
CU-ACT-1193,2026-01-30,BLACKLIST,0x8dd586d12164a98e319607295935ee968919608e,ADDRESS,SANCTIONED_ENTITY,CU-ENT-0052,,ACTIVE,,,,,CU-TRG-0046,,CU-IMP-1193,2026-01-30,ONCHAIN_SCAN,HIGH,,Circle
CU-ACT-1194,2026-03-12,BLACKLIST,0xb637f84b66876ebf609c2a4208905f9ddac9d075,ADDRESS,sanctioned_entity,CU-ENT-0036,,ACTIVE,,,,,CU-TRG-0036,,CU-IMP-1194,,ONCHAIN_SCAN,HIGH,,Circle
CU-ACT-1195,2026-03-12,BLACKLIST,0x0330070fd38ec3bb94f58fa55d40368271e9e54a,ADDRESS,sanctioned_entity,CU-ENT-0037,,ACTIVE,,,,,CU-TRG-0037,,CU-IMP-1195,,ONCHAIN_SCAN,HIGH,,Circle
CU-ACT-1196,2026-03-12,BLACKLIST,0x95584c303fcd48af5c6b9873015f2ad0ca84eae3,ADDRESS,sanctioned_entity,CU-ENT-0036,,ACTIVE,,,,,CU-TRG-0036,,CU-IMP-1196,,ONCHAIN_SCAN,HIGH,,Circle
CU-ACT-1197,2026-03-12,BLACKLIST,0xcb74874f1e06fcf80a306e06e5379a44b488ba2d,ADDRESS,sanctioned_entity,CU-ENT-0037,,ACTIVE,,,,,CU-TRG-0037,,CU-IMP-1197,,ONCHAIN_SCAN,HIGH,,Circle
CU-ACT-1198,2026-03-12,BLACKLIST,0x9be599d7867f5e1a2d7ec6db9710df2b98a15573,ADDRESS,sanctioned_entity,CU-ENT-0037,,ACTIVE,,,,,CU-TRG-0037,,CU-IMP-1198,,ONCHAIN_SCAN,HIGH,,Circle
CU-ACT-1199,2026-03-12,BLACKLIST,0xd04e33461fea8302c5e1e13895b60cee8aefda7f,ADDRESS,sanctioned_entity,CU-ENT-0016,,ACTIVE,,,,,CU-TRG-0016,,CU-IMP-1199,,ONCHAIN_SCAN,HIGH,,Circle
CU-ACT-1200,2026-03-12,BLACKLIST,0xfda1ec4a6178d4916b001a065422d31ebe5f62ff,ADDRESS,sanctioned_entity,CU-ENT-0016,,ACTIVE,,,,,CU-TRG-0016,,CU-IMP-1200,,ONCHAIN_SCAN,HIGH,,Circle
CU-ACT-1201,2026-03-12,BLACKLIST,0x76ea76ca4eb727f18956ab93445a94c5280412b9,ADDRESS,sanctioned_entity,CU-ENT-0016,,ACTIVE,,,,,CU-TRG-0016,,CU-IMP-1201,,ONCHAIN_SCAN,HIGH,,Circle
CU-ACT-1202,2026-03-12,BLACKLIST,0x4f47bc496083c727c5fbe3ce9cdf2b0f6496270c,ADDRESS,sanctioned_entity,CU-ENT-0016,,ACTIVE,,,,,CU-TRG-0016,,CU-IMP-1202,,ONCHAIN_SCAN,HIGH,,Circle
CU-ACT-1203,2026-03-12,BLACKLIST,0x2ec6c5fe3d7acd8e2e6185c17d9acb136e66f3e0,ADDRESS,SANCTIONED_ENTITY,CU-ENT-0046,,ACTIVE,,,CU-INC-0002,,CU-TRG-0041,,CU-IMP-1203,2026-03-12,ONCHAIN_SCAN,MEDIUM,,Circle
CU-ACT-1204,2026-03-12,BLACKLIST,0xfb3eff152ea55d1bfa04dbdd509a80fd7b72cdeb,ADDRESS,sanctioned_entity,CU-ENT-0016,,ACTIVE,,,,,CU-TRG-0016,,CU-IMP-1204,,ONCHAIN_SCAN,HIGH,,Circle
CU-ACT-1205,2026-03-12,BLACKLIST,0x283fcf7f260da7c3c9aad91beab58882990a66eb,ADDRESS,SANCTIONED_ENTITY,CU-ENT-0046,,ACTIVE,,,CU-INC-0002,,CU-TRG-0041,,CU-IMP-1205,2026-03-12,ONCHAIN_SCAN,MEDIUM,,Circle
CU-ACT-1206,2026-03-12,BLACKLIST,0xfe88af78cfc99bea57f2fb708489cfc0f0b7f704,ADDRESS,SANCTIONED_ENTITY,CU-ENT-0046,,ACTIVE,,,CU-INC-0002,,CU-TRG-0041,,CU-IMP-1206,2026-03-12,ONCHAIN_SCAN,MEDIUM,,Circle
CU-ACT-1207,2026-03-12,BLACKLIST,0x747afb5c7a7fc34b547cd0fdebf9b91759c5a52b,ADDRESS,sanctioned_entity,CU-ENT-0016,,ACTIVE,,,,,CU-TRG-0016,,CU-IMP-1207,,ONCHAIN_SCAN,HIGH,,Circle
CU-ACT-1208,2026-03-12,BLACKLIST,0x8d55c4306745f05a31af596c6bfa19374073e797,ADDRESS,SANCTIONED_ENTITY,CU-ENT-0046,,ACTIVE,,,CU-INC-0002,,CU-TRG-0041,,CU-IMP-1208,2026-03-12,ONCHAIN_SCAN,MEDIUM,,Circle
CU-ACT-1209,2026-03-12,BLACKLIST,0xee61f0eeee09eed3583baab61fa2e64b96207478,ADDRESS,SANCTIONED_ENTITY,CU-ENT-0046,,ACTIVE,,,CU-INC-0002,,CU-TRG-0041,,CU-IMP-1209,2026-03-12,ONCHAIN_SCAN,MEDIUM,,Circle
CU-ACT-1210,2026-03-12,BLACKLIST,0x9145fc390e71e3b56da4bfe51460cbdbb1a8a3f9,ADDRESS,SANCTIONED_ENTITY,CU-ENT-0046,,ACTIVE,,,CU-INC-0002,,CU-TRG-0041,,CU-IMP-1210,2026-03-12,ONCHAIN_SCAN,MEDIUM,,Circle
CU-ACT-1211,2026-03-12,BLACKLIST,0x88ef69134150f35b1e91fa2d8bfbb44ba2c51e62,ADDRESS,SANCTIONED_ENTITY,CU-ENT-0046,,ACTIVE,,,CU-INC-0002,,CU-TRG-0041,,CU-IMP-1211,2026-03-12,ONCHAIN_SCAN,MEDIUM,,Circle
CU-ACT-1212,2026-03-12,BLACKLIST,0x47df0606a84a52763887d7aa280cc4f068326b16,ADDRESS,SANCTIONED_ENTITY,CU-ENT-0046,,ACTIVE,,,CU-INC-0002,,CU-TRG-0041,,CU-IMP-1212,2026-03-12,ONCHAIN_SCAN,MEDIUM,,Circle
CU-ACT-1213,2026-03-12,BLACKLIST,0xf8bc582628cd0c721b554161a1cb59ea003742c0,ADDRESS,SANCTIONED_ENTITY,CU-ENT-0046,,ACTIVE,,,CU-INC-0002,,CU-TRG-0041,,CU-IMP-1213,2026-03-12,ONCHAIN_SCAN,MEDIUM,,Circle
CU-ACT-1214,2026-03-12,BLACKLIST,0x6315bdc714ebb7a08e5ec10f351b6ca61d052bee,ADDRESS,SANCTIONED_ENTITY,CU-ENT-0046,,ACTIVE,,,CU-INC-0002,,CU-TRG-0041,,CU-IMP-1214,2026-03-12,ONCHAIN_SCAN,MEDIUM,,Circle
CU-ACT-1215,2026-04-01,BLACKLIST,0xdcf282000dfd0f5c04c41b258c452748e7d2ad97,ADDRESS,,,,ACTIVE,,,,,,,CU-IMP-1215,,ONCHAIN_SCAN,HIGH,,Circle
CU-ACT-1216,2023-07-21,BLACKLIST,0xd882cfc20f52f2599d84b8e8d58c7fb62cfe344b,ADDRESS,sanctioned_entity,CU-ENT-0003,,ACTIVE,,,,,CU-TRG-0003,,CU-IMP-1216,,ONCHAIN_SCAN,HIGH,,Circle
CU-ACT-1217,2023-07-21,BLACKLIST,0x7f367cc41522ce07553e823bf3be79a889debe1b,ADDRESS,sanctioned_entity,CU-ENT-0001,,ACTIVE,,,,,CU-TRG-0001,,CU-IMP-1217,,ONCHAIN_SCAN,HIGH,,Circle
CU-ACT-1218,2023-07-21,BLACKLIST,0x1da5821544e25c636c1417ba96ade4cf6d2f9b5a,ADDRESS,sanctioned_entity,CU-ENT-0002,,ACTIVE,,,,,CU-TRG-0002,,CU-IMP-1218,,ONCHAIN_SCAN,HIGH,,Circle
CU-ACT-1219,2023-07-21,BLACKLIST,0x7db418b5d567a4e0e8c59ad71be1fce48f3e6107,ADDRESS,sanctioned_entity,CU-ENT-0002,,ACTIVE,,,,,CU-TRG-0002,,CU-IMP-1219,,ONCHAIN_SCAN,HIGH,,Circle
CU-ACT-1220,2023-07-21,BLACKLIST,0x72a5843cc08275c8171e582972aa4fda8c397b2a,ADDRESS,sanctioned_entity,CU-ENT-0002,,ACTIVE,,,,,CU-TRG-0002,,CU-IMP-1220,,ONCHAIN_SCAN,HIGH,,Circle
CU-ACT-1221,2023-07-21,BLACKLIST,0x7f19720a857f834887fc9a7bc0a0fbe7fc7f8102,ADDRESS,sanctioned_entity,CU-ENT-0002,,ACTIVE,,,,,CU-TRG-0002,,CU-IMP-1221,,ONCHAIN_SCAN,HIGH,,Circle
CU-ACT-1222,2023-07-21,BLACKLIST,0xd882cfc20f52f2599d84b8e8d58c7fb62cfe344b,ADDRESS,sanctioned_entity,CU-ENT-0003,,ACTIVE,,,,,CU-TRG-0003,,CU-IMP-1222,,ONCHAIN_SCAN,HIGH,,Circle
CU-ACT-1223,2023-07-21,BLACKLIST,0xd882cfc20f52f2599d84b8e8d58c7fb62cfe344b,ADDRESS,sanctioned_entity,CU-ENT-0003,,ACTIVE,,,,,CU-TRG-0003,,CU-IMP-1223,,ONCHAIN_SCAN,HIGH,,Circle
CU-ACT-1224,2023-07-21,BLACKLIST,0x7f367cc41522ce07553e823bf3be79a889debe1b,ADDRESS,sanctioned_entity,CU-ENT-0001,,ACTIVE,,,,,CU-TRG-0001,,CU-IMP-1224,,ONCHAIN_SCAN,HIGH,,Circle
CU-ACT-1225,2023-07-21,BLACKLIST,0x1da5821544e25c636c1417ba96ade4cf6d2f9b5a,ADDRESS,sanctioned_entity,CU-ENT-0002,,ACTIVE,,,,,CU-TRG-0002,,CU-IMP-1225,,ONCHAIN_SCAN,HIGH,,Circle
CU-ACT-1226,2023-07-21,BLACKLIST,0x7db418b5d567a4e0e8c59ad71be1fce48f3e6107,ADDRESS,sanctioned_entity,CU-ENT-0002,,ACTIVE,,,,,CU-TRG-0002,,CU-IMP-1226,,ONCHAIN_SCAN,HIGH,,Circle
CU-ACT-1227,2023-07-21,BLACKLIST,0xd882cfc20f52f2599d84b8e8d58c7fb62cfe344b,ADDRESS,sanctioned_entity,CU-ENT-0003,,ACTIVE,,,,,CU-TRG-0003,,CU-IMP-1227,,ONCHAIN_SCAN,HIGH,,Circle
CU-ACT-1228,2023-07-21,BLACKLIST,0x7f367cc41522ce07553e823bf3be79a889debe1b,ADDRESS,sanctioned_entity,CU-ENT-0001,,ACTIVE,,,,,CU-TRG-0001,,CU-IMP-1228,,ONCHAIN_SCAN,HIGH,,Circle
CU-ACT-1229,2023-07-21,BLACKLIST,0x1da5821544e25c636c1417ba96ade4cf6d2f9b5a,ADDRESS,sanctioned_entity,CU-ENT-0002,,ACTIVE,,,,,CU-TRG-0002,,CU-IMP-1229,,ONCHAIN_SCAN,HIGH,,Circle
CU-ACT-1230,2023-07-21,BLACKLIST,0x7db418b5d567a4e0e8c59ad71be1fce48f3e6107,ADDRESS,sanctioned_entity,CU-ENT-0002,,ACTIVE,,,,,CU-TRG-0002,,CU-IMP-1230,,ONCHAIN_SCAN,HIGH,,Circle
CU-ACT-1231,2023-07-21,BLACKLIST,0x72a5843cc08275c8171e582972aa4fda8c397b2a,ADDRESS,sanctioned_entity,CU-ENT-0002,,ACTIVE,,,,,CU-TRG-0002,,CU-IMP-1231,,ONCHAIN_SCAN,HIGH,,Circle
CU-ACT-1232,2023-07-21,BLACKLIST,0x72a5843cc08275c8171e582972aa4fda8c397b2a,ADDRESS,sanctioned_entity,CU-ENT-0002,,ACTIVE,,,,,CU-TRG-0002,,CU-IMP-1232,,ONCHAIN_SCAN,HIGH,,Circle
CU-ACT-1233,2023-07-21,BLACKLIST,0x7f19720a857f834887fc9a7bc0a0fbe7fc7f8102,ADDRESS,sanctioned_entity,CU-ENT-0002,,ACTIVE,,,,,CU-TRG-0002,,CU-IMP-1233,,ONCHAIN_SCAN,HIGH,,Circle
CU-ACT-1234,2023-07-21,BLACKLIST,0x9f4cda013e354b8fc285bf4b9a60460cee7f7ea9,ADDRESS,sanctioned_entity,CU-ENT-0004,,ACTIVE,,,,,CU-TRG-0004,,CU-IMP-1234,,ONCHAIN_SCAN,HIGH,,Circle
CU-ACT-1235,2023-07-21,BLACKLIST,0xa7e5d5a720f06526557c513402f2e6b5fa20b008,ADDRESS,sanctioned_entity,CU-ENT-0007,,ACTIVE,,,,,CU-TRG-0007,,CU-IMP-1235,,ONCHAIN_SCAN,HIGH,,Circle
CU-ACT-1236,2023-07-21,BLACKLIST,0x3cbded43efdaf0fc77b9c55f6fc9988fcc9b757d,ADDRESS,sanctioned_entity,CU-ENT-0004,,ACTIVE,,,,,CU-TRG-0004,,CU-IMP-1236,,ONCHAIN_SCAN,HIGH,,Circle
CU-ACT-1237,2023-07-21,BLACKLIST,0x67d40ee1a85bf4a4bb7ffae16de985e8427b6b45,ADDRESS,sanctioned_entity,CU-ENT-0006,,ACTIVE,,,,,CU-TRG-0006,,CU-IMP-1237,,ONCHAIN_SCAN,HIGH,,Circle
CU-ACT-1238,2023-07-21,BLACKLIST,0x6f1ca141a28907f78ebaa64fb83a9088b02a8352,ADDRESS,sanctioned_entity,CU-ENT-0006,,ACTIVE,,,,,CU-TRG-0006,,CU-IMP-1238,,ONCHAIN_SCAN,HIGH,,Circle
CU-ACT-1239,2023-07-21,BLACKLIST,0x6acdfba02d390b97ac2b2d42a63e85293bcc160e,ADDRESS,,,,ACTIVE,,,,,,,CU-IMP-1239,,ONCHAIN_SCAN,HIGH,,Circle
CU-ACT-1240,2023-07-21,BLACKLIST,0x48549a34ae37b12f6a30566245176994e17c6b4a,ADDRESS,sanctioned_entity,CU-ENT-0006,,ACTIVE,,,,,CU-TRG-0006,,CU-IMP-1240,,ONCHAIN_SCAN,HIGH,,Circle
CU-ACT-1241,2023-07-21,BLACKLIST,0x6acdfba02d390b97ac2b2d42a63e85293bcc160e,ADDRESS,,,,REVERSED,CU-ACT-1407,,,,,,CU-IMP-1241,,ONCHAIN_SCAN,HIGH,,Circle
CU-ACT-1242,2023-07-21,BLACKLIST,0x48549a34ae37b12f6a30566245176994e17c6b4a,ADDRESS,sanctioned_entity,CU-ENT-0006,,ACTIVE,,,,,CU-TRG-0006,,CU-IMP-1242,,ONCHAIN_SCAN,HIGH,,Circle
CU-ACT-1243,2023-07-21,BLACKLIST,0x5512d943ed1f7c8a43f3435c85f7ab68b30121b0,ADDRESS,sanctioned_entity,CU-ENT-0006,,ACTIVE,,,,,CU-TRG-0006,,CU-IMP-1243,,ONCHAIN_SCAN,HIGH,,Circle
CU-ACT-1244,2023-07-21,BLACKLIST,0xc455f7fd3e0e12afd51fba5c106909934d8a0e4a,ADDRESS,sanctioned_entity,CU-ENT-0006,,ACTIVE,,,,,CU-TRG-0006,,CU-IMP-1244,,ONCHAIN_SCAN,HIGH,,Circle
CU-ACT-1245,2023-07-21,BLACKLIST,0x2f389ce8bd8ff92de3402ffce4691d17fc4f6535,ADDRESS,sanctioned_entity,CU-ENT-0005,,ACTIVE,,,,,CU-TRG-0005,,CU-IMP-1245,,ONCHAIN_SCAN,HIGH,,Circle
CU-ACT-1246,2023-07-21,BLACKLIST,0x19aa5fe80d33a56d56c78e82ea5e50e5d80b4dff,ADDRESS,sanctioned_entity,CU-ENT-0005,,ACTIVE,,,,,CU-TRG-0005,,CU-IMP-1246,,ONCHAIN_SCAN,HIGH,,Circle
CU-ACT-1247,2023-07-21,BLACKLIST,0xe7aa314c77f4233c18c6cc84384a9247c0cf367b,ADDRESS,sanctioned_entity,CU-ENT-0005,,ACTIVE,,,,,CU-TRG-0005,,CU-IMP-1247,,ONCHAIN_SCAN,HIGH,,Circle
CU-ACT-1248,2023-07-21,BLACKLIST,0x308ed4b7b49797e1a98d3818bff6fe5385410370,ADDRESS,sanctioned_entity,CU-ENT-0005,,ACTIVE,,,,,CU-TRG-0005,,CU-IMP-1248,,ONCHAIN_SCAN,HIGH,,Circle
CU-ACT-1249,2023-07-21,BLACKLIST,0xfec8a60023265364d066a1212fde3930f6ae8da7,ADDRESS,sanctioned_entity,CU-ENT-0008,,ACTIVE,,,,,CU-TRG-0008,,CU-IMP-1249,,ONCHAIN_SCAN,HIGH,,Circle
CU-ACT-1250,2023-07-21,BLACKLIST,0x8576acc5c05d6ce88f4e49bf65bdf0c62f91353c,ADDRESS,sanctioned_entity,CU-ENT-0009,,ACTIVE,,,,,CU-TRG-0009,,CU-IMP-1250,,ONCHAIN_SCAN,HIGH,,Circle
CU-ACT-1251,2023-07-21,BLACKLIST,0x901bb9583b24d97e995513c6778dc6888ab6870e,ADDRESS,sanctioned_entity,CU-ENT-0007,,ACTIVE,,,,,CU-TRG-0007,,CU-IMP-1251,,ONCHAIN_SCAN,HIGH,,Circle
CU-ACT-1252,2023-07-21,BLACKLIST,0x7ff9cfad3877f21d41da833e2f775db0569ee3d9,ADDRESS,sanctioned_entity,CU-ENT-0010,,ACTIVE,,,,,CU-TRG-0010,,CU-IMP-1252,,ONCHAIN_SCAN,HIGH,,Circle
CU-ACT-1253,2023-07-21,BLACKLIST,0x098b716b8aaf21512996dc57eb0615e2383e2f96,ADDRESS,sanctioned_entity,CU-ENT-0011,,ACTIVE,,,,,CU-TRG-0011,,CU-IMP-1253,,ONCHAIN_SCAN,HIGH,,Circle
CU-ACT-1254,2023-07-21,BLACKLIST,0xa0e1c89ef1a489c9c7de96311ed5ce5d32c20e4b,ADDRESS,sanctioned_entity,CU-ENT-0011,,ACTIVE,,,,,CU-TRG-0011,,CU-IMP-1254,,ONCHAIN_SCAN,HIGH,,Circle
CU-ACT-1255,2023-07-21,BLACKLIST,0x3cffd56b47b7b41c56258d9c7731abadc360e073,ADDRESS,sanctioned_entity,CU-ENT-0011,,ACTIVE,,,,,CU-TRG-0011,,CU-IMP-1255,,ONCHAIN_SCAN,HIGH,,Circle
CU-ACT-1256,2023-07-21,BLACKLIST,0x53b6936513e738f44fb50d2b9476730c0ab3bfc1,ADDRESS,sanctioned_entity,CU-ENT-0011,,ACTIVE,,,,,CU-TRG-0011,,CU-IMP-1256,,ONCHAIN_SCAN,HIGH,,Circle
CU-ACT-1257,2023-07-21,BLACKLIST,0xcce63fd31e9053c110c74cebc37c8e358a6aa5bd,ADDRESS,,,,ACTIVE,,,,,,,CU-IMP-1257,,ONCHAIN_SCAN,HIGH,,Circle
CU-ACT-1258,2023-07-21,BLACKLIST,0x35fb6f6db4fb05e6a4ce86f2c93691425626d4b1,ADDRESS,sanctioned_entity,CU-ENT-0011,,ACTIVE,,,,,CU-TRG-0011,,CU-IMP-1258,,ONCHAIN_SCAN,HIGH,,Circle
CU-ACT-1259,2023-07-21,BLACKLIST,0xf7b31119c2682c88d88d455dbb9d5932c65cf1be,ADDRESS,sanctioned_entity,CU-ENT-0011,,ACTIVE,,,,,CU-TRG-0011,,CU-IMP-1259,,ONCHAIN_SCAN,HIGH,,Circle
CU-ACT-1260,2023-07-21,BLACKLIST,0x3e37627deaa754090fbfbb8bd226c1ce66d255e9,ADDRESS,sanctioned_entity,CU-ENT-0011,,ACTIVE,,,,,CU-TRG-0011,,CU-IMP-1260,,ONCHAIN_SCAN,HIGH,,Circle
CU-ACT-1261,2023-07-21,BLACKLIST,0x08723392ed15743cc38513c4925f5e6be5c17243,ADDRESS,sanctioned_entity,CU-ENT-0011,,ACTIVE,,,,,CU-TRG-0011,,CU-IMP-1261,,ONCHAIN_SCAN,HIGH,,Circle
CU-ACT-1262,2023-07-21,BLACKLIST,0x8589427373d6d84e98730d7795d8f6f8731fda16,ADDRESS,tornado_cash_associated,,,ACTIVE,,,CU-INC-0001,,CU-TRG-0039,,CU-IMP-1262,,ONCHAIN_SCAN,HIGH,,Circle
CU-ACT-1263,2023-07-21,BLACKLIST,0x8589427373d6d84e98730d7795d8f6f8731fda16,ADDRESS,tornado_cash_associated,,,REVERSED,CU-ACT-1437,,CU-INC-0001,,CU-TRG-0039,,CU-IMP-1263,,ONCHAIN_SCAN,HIGH,,Circle
CU-ACT-1264,2023-07-21,BLACKLIST,0x722122df12d4e14e13ac3b6895a86e84145b6967,ADDRESS,tornado_cash_associated,,,REVERSED,CU-ACT-1438,,CU-INC-0001,,CU-TRG-0039,,CU-IMP-1264,,ONCHAIN_SCAN,HIGH,,Circle
CU-ACT-1265,2023-07-21,BLACKLIST,0xdd4c48c0b24039969fc16d1cdf626eab821d3384,ADDRESS,tornado_cash_associated,,,ACTIVE,,,CU-INC-0001,,CU-TRG-0039,,CU-IMP-1265,,ONCHAIN_SCAN,HIGH,,Circle
CU-ACT-1266,2023-07-21,BLACKLIST,0xdd4c48c0b24039969fc16d1cdf626eab821d3384,ADDRESS,tornado_cash_associated,,,REVERSED,CU-ACT-1439,,CU-INC-0001,,CU-TRG-0039,,CU-IMP-1266,,ONCHAIN_SCAN,HIGH,,Circle
CU-ACT-1267,2023-07-21,BLACKLIST,0xd90e2f925da726b50c4ed8d0fb90ad053324f31b,ADDRESS,tornado_cash_associated,,,REVERSED,CU-ACT-1440,,CU-INC-0001,,CU-TRG-0039,,CU-IMP-1267,,ONCHAIN_SCAN,HIGH,,Circle
CU-ACT-1268,2023-07-21,BLACKLIST,0xd96f2b1c14db8458374d9aca76e26c3d18364307,ADDRESS,tornado_cash_associated,,,REVERSED,CU-ACT-1441,,CU-INC-0001,,CU-TRG-0039,,CU-IMP-1268,,ONCHAIN_SCAN,HIGH,,Circle
CU-ACT-1269,2023-07-21,BLACKLIST,0x4736dcf1b7a3d580672cce6e7c65cd5cc9cfba9d,ADDRESS,tornado_cash_associated,,,REVERSED,CU-ACT-1442,,CU-INC-0001,,CU-TRG-0039,,CU-IMP-1269,,ONCHAIN_SCAN,HIGH,,Circle
CU-ACT-1270,2023-07-21,BLACKLIST,0xd4b88df4d29f5cedd6857912842cff3b20c8cfa3,ADDRESS,tornado_cash_associated,,,REVERSED,CU-ACT-1443,,CU-INC-0001,,CU-TRG-0039,,CU-IMP-1270,,ONCHAIN_SCAN,HIGH,,Circle
CU-ACT-1271,2023-07-21,BLACKLIST,0x910cbd523d972eb0a6f4cae4618ad62622b39dbf,ADDRESS,tornado_cash_associated,,,REVERSED,CU-ACT-1444,,CU-INC-0001,,CU-TRG-0039,,CU-IMP-1271,,ONCHAIN_SCAN,HIGH,,Circle
CU-ACT-1272,2023-07-21,BLACKLIST,0xa160cdab225685da1d56aa342ad8841c3b53f291,ADDRESS,tornado_cash_associated,,,REVERSED,CU-ACT-1445,,CU-INC-0001,,CU-TRG-0039,,CU-IMP-1272,,ONCHAIN_SCAN,HIGH,,Circle
CU-ACT-1273,2023-07-21,BLACKLIST,0xfd8610d20aa15b7b2e3be39b396a1bc3516c7144,ADDRESS,tornado_cash_associated,,,REVERSED,CU-ACT-1446,,CU-INC-0001,,CU-TRG-0039,,CU-IMP-1273,,ONCHAIN_SCAN,HIGH,,Circle
CU-ACT-1274,2023-07-21,BLACKLIST,0xf60dd140cff0706bae9cd734ac3ae76ad9ebc32a,ADDRESS,tornado_cash_associated,,,REVERSED,CU-ACT-1447,,CU-INC-0001,,CU-TRG-0039,,CU-IMP-1274,,ONCHAIN_SCAN,HIGH,,Circle
CU-ACT-1275,2023-07-21,BLACKLIST,0x22aaa7720ddd5388a3c0a3333430953c68f1849b,ADDRESS,tornado_cash_associated,,,REVERSED,CU-ACT-1448,,CU-INC-0001,,CU-TRG-0039,,CU-IMP-1275,,ONCHAIN_SCAN,HIGH,,Circle
CU-ACT-1276,2023-07-21,BLACKLIST,0xba214c1c1928a32bffe790263e38b4af9bfcd659,ADDRESS,tornado_cash_associated,,,REVERSED,CU-ACT-1449,,CU-INC-0001,,CU-TRG-0039,,CU-IMP-1276,,ONCHAIN_SCAN,HIGH,,Circle
CU-ACT-1277,2023-07-21,BLACKLIST,0xb1c8094b234dce6e03f10a5b673c1d8c69739a00,ADDRESS,tornado_cash_associated,,,REVERSED,CU-ACT-1450,,CU-INC-0001,,CU-TRG-0039,,CU-IMP-1277,,ONCHAIN_SCAN,HIGH,,Circle
CU-ACT-1278,2023-07-21,BLACKLIST,0x527653ea119f3e6a1f5bd18fbf4714081d7b31ce,ADDRESS,tornado_cash_associated,,,REVERSED,CU-ACT-1451,,CU-INC-0001,,CU-TRG-0039,,CU-IMP-1278,,ONCHAIN_SCAN,HIGH,,Circle
CU-ACT-1279,2023-07-21,BLACKLIST,0x58e8dcc13be9780fc42e8723d8ead4cf46943df2,ADDRESS,tornado_cash_associated,,,REVERSED,CU-ACT-1452,,CU-INC-0001,,CU-TRG-0039,,CU-IMP-1279,,ONCHAIN_SCAN,HIGH,,Circle
CU-ACT-1280,2023-07-21,BLACKLIST,0xd691f27f38b395864ea86cfc7253969b409c362d,ADDRESS,tornado_cash_associated,,,REVERSED,CU-ACT-1453,,CU-INC-0001,,CU-TRG-0039,,CU-IMP-1280,,ONCHAIN_SCAN,HIGH,,Circle
CU-ACT-1281,2023-07-21,BLACKLIST,0xaeaac358560e11f52454d997aaff2c5731b6f8a6,ADDRESS,tornado_cash_associated,,,REVERSED,CU-ACT-1454,,CU-INC-0001,,CU-TRG-0039,,CU-IMP-1281,,ONCHAIN_SCAN,HIGH,,Circle
CU-ACT-1282,2023-07-21,BLACKLIST,0x1356c899d8c9467c7f71c195612f8a395abf2f0a,ADDRESS,tornado_cash_associated,,,REVERSED,CU-ACT-1455,,CU-INC-0001,,CU-TRG-0039,,CU-IMP-1282,,ONCHAIN_SCAN,HIGH,,Circle
CU-ACT-1283,2023-07-21,BLACKLIST,0xa60c772958a3ed56c1f15dd055ba37ac8e523a0d,ADDRESS,tornado_cash_associated,,,REVERSED,CU-ACT-1456,,CU-INC-0001,,CU-TRG-0039,,CU-IMP-1283,,ONCHAIN_SCAN,HIGH,,Circle
CU-ACT-1284,2023-07-21,BLACKLIST,0x169ad27a470d064dede56a2d3ff727986b15d52b,ADDRESS,tornado_cash_associated,,,ACTIVE,,,CU-INC-0001,,CU-TRG-0039,,CU-IMP-1284,,ONCHAIN_SCAN,HIGH,,Circle
CU-ACT-1285,2023-07-21,BLACKLIST,0x0836222f2b2b24a3f36f98668ed8f0b38d1a872f,ADDRESS,tornado_cash_associated,,,ACTIVE,,,CU-INC-0001,,CU-TRG-0039,,CU-IMP-1285,,ONCHAIN_SCAN,HIGH,,Circle
CU-ACT-1286,2023-07-21,BLACKLIST,0x169ad27a470d064dede56a2d3ff727986b15d52b,ADDRESS,tornado_cash_associated,,,REVERSED,CU-ACT-1457,,CU-INC-0001,,CU-TRG-0039,,CU-IMP-1286,,ONCHAIN_SCAN,HIGH,,Circle
CU-ACT-1287,2023-07-21,BLACKLIST,0x0836222f2b2b24a3f36f98668ed8f0b38d1a872f,ADDRESS,tornado_cash_associated,,,REVERSED,CU-ACT-1458,,CU-INC-0001,,CU-TRG-0039,,CU-IMP-1287,,ONCHAIN_SCAN,HIGH,,Circle
CU-ACT-1288,2023-07-21,BLACKLIST,0xf67721a2d8f736e75a49fdd7fad2e31d8676542a,ADDRESS,tornado_cash_associated,,,REVERSED,CU-ACT-1459,,CU-INC-0001,,CU-TRG-0039,,CU-IMP-1288,,ONCHAIN_SCAN,HIGH,,Circle
CU-ACT-1289,2023-07-21,BLACKLIST,0x9ad122c22b14202b4490edaf288fdb3c7cb3ff5e,ADDRESS,tornado_cash_associated,,,REVERSED,CU-ACT-1460,,CU-INC-0001,,CU-TRG-0039,,CU-IMP-1289,,ONCHAIN_SCAN,HIGH,,Circle
CU-ACT-1290,2023-07-21,BLACKLIST,0x07687e702b410fa43f4cb4af7fa097918ffd2730,ADDRESS,tornado_cash_associated,,,REVERSED,CU-ACT-1461,,CU-INC-0001,,CU-TRG-0039,,CU-IMP-1290,,ONCHAIN_SCAN,HIGH,,Circle
CU-ACT-1291,2023-07-21,BLACKLIST,0x94a1b5cdb22c43faab4abeb5c74999895464ddaf,ADDRESS,tornado_cash_associated,,,REVERSED,CU-ACT-1462,,CU-INC-0001,,CU-TRG-0039,,CU-IMP-1291,,ONCHAIN_SCAN,HIGH,,Circle
CU-ACT-1292,2023-07-21,BLACKLIST,0xb541fc07bc7619fd4062a54d96268525cbc6ffef,ADDRESS,tornado_cash_associated,,,REVERSED,CU-ACT-1463,,CU-INC-0001,,CU-TRG-0039,,CU-IMP-1292,,ONCHAIN_SCAN,HIGH,,Circle
CU-ACT-1293,2023-07-21,BLACKLIST,0x12d66f87a04a9e220743712ce6d9bb1b5616b8fc,ADDRESS,tornado_cash_associated,,,ACTIVE,,,CU-INC-0001,,CU-TRG-0039,,CU-IMP-1293,,ONCHAIN_SCAN,HIGH,,Circle
CU-ACT-1294,2023-07-21,BLACKLIST,0x12d66f87a04a9e220743712ce6d9bb1b5616b8fc,ADDRESS,tornado_cash_associated,,,REVERSED,CU-ACT-1464,,CU-INC-0001,,CU-TRG-0039,,CU-IMP-1294,,ONCHAIN_SCAN,HIGH,,Circle
CU-ACT-1295,2023-07-21,BLACKLIST,0x47ce0c6ed5b0ce3d3a51fdb1c52dc66a7c3c2936,ADDRESS,tornado_cash_associated,,,REVERSED,CU-ACT-1465,,CU-INC-0001,,CU-TRG-0039,,CU-IMP-1295,,ONCHAIN_SCAN,HIGH,,Circle
CU-ACT-1296,2023-07-21,BLACKLIST,0x23773e65ed146a459791799d01336db287f25334,ADDRESS,tornado_cash_associated,,,REVERSED,CU-ACT-1466,,CU-INC-0001,,CU-TRG-0039,,CU-IMP-1296,,ONCHAIN_SCAN,HIGH,,Circle
CU-ACT-1297,2023-07-21,BLACKLIST,0xd21be7248e0197ee08e0c20d4a96debdac3d20af,ADDRESS,tornado_cash_associated,,,REVERSED,CU-ACT-1467,,CU-INC-0001,,CU-TRG-0039,,CU-IMP-1297,,ONCHAIN_SCAN,HIGH,,Circle
CU-ACT-1298,2023-07-21,BLACKLIST,0x610b717796ad172b316836ac95a2ffad065ceab4,ADDRESS,tornado_cash_associated,,,REVERSED,CU-ACT-1468,,CU-INC-0001,,CU-TRG-0039,,CU-IMP-1298,,ONCHAIN_SCAN,HIGH,,Circle
CU-ACT-1299,2023-07-21,BLACKLIST,0x178169b423a011fff22b9e3f3abea13414ddd0f1,ADDRESS,tornado_cash_associated,,,REVERSED,CU-ACT-1469,,CU-INC-0001,,CU-TRG-0039,,CU-IMP-1299,,ONCHAIN_SCAN,HIGH,,Circle
CU-ACT-1300,2023-07-21,BLACKLIST,0xbb93e510bbcd0b7beb5a853875f9ec60275cf498,ADDRESS,tornado_cash_associated,,,REVERSED,CU-ACT-1470,,CU-INC-0001,,CU-TRG-0039,,CU-IMP-1300,,ONCHAIN_SCAN,HIGH,,Circle
CU-ACT-1301,2023-07-21,BLACKLIST,0x2717c5e28cf931547b621a5dddb772ab6a35b701,ADDRESS,tornado_cash_associated,,,REVERSED,CU-ACT-1471,,CU-INC-0001,,CU-TRG-0039,,CU-IMP-1301,,ONCHAIN_SCAN,HIGH,,Circle
CU-ACT-1302,2023-07-21,BLACKLIST,0x03893a7c7463ae47d46bc7f091665f1893656003,ADDRESS,tornado_cash_associated,,,REVERSED,CU-ACT-1472,,CU-INC-0001,,CU-TRG-0039,,CU-IMP-1302,,ONCHAIN_SCAN,HIGH,,Circle
CU-ACT-1303,2023-07-21,BLACKLIST,0xca0840578f57fe71599d29375e16783424023357,ADDRESS,tornado_cash_associated,,,REVERSED,CU-ACT-1473,,CU-INC-0001,,CU-TRG-0039,,CU-IMP-1303,,ONCHAIN_SCAN,HIGH,,Circle
CU-ACT-1304,2023-07-21,BLACKLIST,0xc2a3829f459b3edd87791c74cd45402ba0a20be3,ADDRESS,sanctioned_entity,CU-ENT-0012,,ACTIVE,,,,,CU-TRG-0012,,CU-IMP-1304,,ONCHAIN_SCAN,HIGH,,Circle
CU-ACT-1305,2023-07-21,BLACKLIST,0x3ad9db589d201a710ed237c829c7860ba86510fc,ADDRESS,sanctioned_entity,CU-ENT-0012,,ACTIVE,,,,,CU-TRG-0012,,CU-IMP-1305,,ONCHAIN_SCAN,HIGH,,Circle
CU-ACT-1306,2023-07-21,BLACKLIST,0xe7800b61479695ec74e4b219f409f67bd1055a27,ADDRESS,SANCTIONED_ENTITY,CU-ENT-0012,,ACTIVE,,,,,CU-TRG-0012,,CU-IMP-1306,2022-09-15,ONCHAIN_SCAN,HIGH,,Circle
CU-ACT-1307,2023-07-21,BLACKLIST,0x01e2919679362dfbc9ee1644ba9c6da6d6245bb1,ADDRESS,SANCTIONED_ENTITY,CU-ENT-0049,,REVERSED,CU-ACT-1474,,,,CU-TRG-0043,,CU-IMP-1307,2022-11-09,ONCHAIN_SCAN,HIGH,,Circle
CU-ACT-1308,2023-07-21,BLACKLIST,0x09193888b3f38c82dedfda55259a82c0e7de875e,ADDRESS,SANCTIONED_ENTITY,CU-ENT-0049,,REVERSED,CU-ACT-1475,,,,CU-TRG-0043,,CU-IMP-1308,2022-11-09,ONCHAIN_SCAN,HIGH,,Circle
CU-ACT-1309,2023-07-21,BLACKLIST,0x179f48c78f57a3a78f0608cc9197b8972921d1d2,ADDRESS,SANCTIONED_ENTITY,CU-ENT-0049,,REVERSED,CU-ACT-1476,,,,CU-TRG-0043,,CU-IMP-1309,2022-11-09,ONCHAIN_SCAN,HIGH,,Circle
CU-ACT-1310,2023-07-21,BLACKLIST,0x2573bac39ebe2901b4389cd468f2872cf7767faf,ADDRESS,SANCTIONED_ENTITY,CU-ENT-0049,,REVERSED,CU-ACT-1477,,,,CU-TRG-0043,,CU-IMP-1310,2022-11-09,ONCHAIN_SCAN,HIGH,,Circle
CU-ACT-1311,2023-07-21,BLACKLIST,0x26903a5a198d571422b2b4ea08b56a37cbd68c89,ADDRESS,SANCTIONED_ENTITY,CU-ENT-0049,,REVERSED,CU-ACT-1478,,,,CU-TRG-0043,,CU-IMP-1311,2022-11-09,ONCHAIN_SCAN,HIGH,,Circle
CU-ACT-1312,2023-07-21,BLACKLIST,0x2f50508a8a3d323b91336fa3ea6ae50e55f32185,ADDRESS,SANCTIONED_ENTITY,CU-ENT-0049,,REVERSED,CU-ACT-1479,,,,CU-TRG-0043,,CU-IMP-1312,2022-11-09,ONCHAIN_SCAN,HIGH,,Circle
CU-ACT-1313,2023-07-21,BLACKLIST,0x2fc93484614a34f26f7970cbb94615ba109bb4bf,ADDRESS,SANCTIONED_ENTITY,CU-ENT-0049,,ACTIVE,,,,,CU-TRG-0043,,CU-IMP-1313,2022-11-09,ONCHAIN_SCAN,HIGH,,Circle
CU-ACT-1314,2023-07-21,BLACKLIST,0x2fc93484614a34f26f7970cbb94615ba109bb4bf,ADDRESS,SANCTIONED_ENTITY,CU-ENT-0049,,ACTIVE,,,,,CU-TRG-0043,,CU-IMP-1314,2022-11-09,ONCHAIN_SCAN,HIGH,,Circle
CU-ACT-1315,2023-07-21,BLACKLIST,0x3efa30704d2b8bbac821307230376556cf8cc39e,ADDRESS,SANCTIONED_ENTITY,CU-ENT-0049,,ACTIVE,,,,,CU-TRG-0043,,CU-IMP-1315,2022-11-09,ONCHAIN_SCAN,HIGH,,Circle
CU-ACT-1316,2023-07-21,BLACKLIST,0x2fc93484614a34f26f7970cbb94615ba109bb4bf,ADDRESS,SANCTIONED_ENTITY,CU-ENT-0049,,REVERSED,CU-ACT-1480,,,,CU-TRG-0043,,CU-IMP-1316,2022-11-09,ONCHAIN_SCAN,HIGH,,Circle
CU-ACT-1317,2023-07-21,BLACKLIST,0x3efa30704d2b8bbac821307230376556cf8cc39e,ADDRESS,SANCTIONED_ENTITY,CU-ENT-0049,,ACTIVE,,,,,CU-TRG-0043,,CU-IMP-1317,2022-11-09,ONCHAIN_SCAN,HIGH,,Circle
CU-ACT-1318,2023-07-21,BLACKLIST,0x3efa30704d2b8bbac821307230376556cf8cc39e,ADDRESS,SANCTIONED_ENTITY,CU-ENT-0049,,REVERSED,CU-ACT-1481,,,,CU-TRG-0043,,CU-IMP-1318,2022-11-09,ONCHAIN_SCAN,HIGH,,Circle
CU-ACT-1319,2023-07-21,BLACKLIST,0x5cab7692d4e94096462119ab7bf57319726eed2a,ADDRESS,SANCTIONED_ENTITY,CU-ENT-0049,,REVERSED,CU-ACT-1482,,,,CU-TRG-0043,,CU-IMP-1319,2022-11-09,ONCHAIN_SCAN,HIGH,,Circle
CU-ACT-1320,2023-07-21,BLACKLIST,0x5efda50f22d34f262c29268506c5fa42cb56a1ce,ADDRESS,SANCTIONED_ENTITY,CU-ENT-0049,,REVERSED,CU-ACT-1483,,,,CU-TRG-0043,,CU-IMP-1320,2022-11-09,ONCHAIN_SCAN,HIGH,,Circle
CU-ACT-1321,2023-07-21,BLACKLIST,0x5f6c97c6ad7bdd0ae7e0dd4ca33a4ed3fdabd4d7,ADDRESS,SANCTIONED_ENTITY,CU-ENT-0049,,ACTIVE,,,,,CU-TRG-0043,,CU-IMP-1321,2022-11-09,ONCHAIN_SCAN,HIGH,,Circle
CU-ACT-1322,2023-07-21,BLACKLIST,0x653477c392c16b0765603074f157314cc4f40c32,ADDRESS,SANCTIONED_ENTITY,CU-ENT-0049,,ACTIVE,,,,,CU-TRG-0043,,CU-IMP-1322,2022-11-09,ONCHAIN_SCAN,HIGH,,Circle
CU-ACT-1323,2023-07-21,BLACKLIST,0x5f6c97c6ad7bdd0ae7e0dd4ca33a4ed3fdabd4d7,ADDRESS,SANCTIONED_ENTITY,CU-ENT-0049,,ACTIVE,,,,,CU-TRG-0043,,CU-IMP-1323,2022-11-09,ONCHAIN_SCAN,HIGH,,Circle
CU-ACT-1324,2023-07-21,BLACKLIST,0x653477c392c16b0765603074f157314cc4f40c32,ADDRESS,SANCTIONED_ENTITY,CU-ENT-0049,,ACTIVE,,,,,CU-TRG-0043,,CU-IMP-1324,2022-11-09,ONCHAIN_SCAN,HIGH,,Circle
CU-ACT-1325,2023-07-21,BLACKLIST,0x5f6c97c6ad7bdd0ae7e0dd4ca33a4ed3fdabd4d7,ADDRESS,SANCTIONED_ENTITY,CU-ENT-0049,,REVERSED,CU-ACT-1484,,,,CU-TRG-0043,,CU-IMP-1325,2022-11-09,ONCHAIN_SCAN,HIGH,,Circle
CU-ACT-1326,2023-07-21,BLACKLIST,0x653477c392c16b0765603074f157314cc4f40c32,ADDRESS,SANCTIONED_ENTITY,CU-ENT-0049,,REVERSED,CU-ACT-1485,,,,CU-TRG-0043,,CU-IMP-1326,2022-11-09,ONCHAIN_SCAN,HIGH,,Circle
CU-ACT-1327,2023-07-21,BLACKLIST,0x746aebc06d2ae31b71ac51429a19d54e797878e9,ADDRESS,SANCTIONED_ENTITY,CU-ENT-0049,,REVERSED,CU-ACT-1486,,,,CU-TRG-0043,,CU-IMP-1327,2022-11-09,ONCHAIN_SCAN,HIGH,,Circle
CU-ACT-1328,2023-07-21,BLACKLIST,0x756c4628e57f7e7f8a459ec2752968360cf4d1aa,ADDRESS,SANCTIONED_ENTITY,CU-ENT-0049,,REVERSED,CU-ACT-1487,,,,CU-TRG-0043,,CU-IMP-1328,2022-11-09,ONCHAIN_SCAN,HIGH,,Circle
CU-ACT-1329,2023-07-21,BLACKLIST,0x77777feddddffc19ff86db637967013e6c6a116c,ADDRESS,SANCTIONED_ENTITY,CU-ENT-0049,,ACTIVE,,,,,CU-TRG-0043,,CU-IMP-1329,2022-11-09,ONCHAIN_SCAN,HIGH,,Circle
CU-ACT-1330,2023-07-21,BLACKLIST,0x77777feddddffc19ff86db637967013e6c6a116c,ADDRESS,SANCTIONED_ENTITY,CU-ENT-0049,,REVERSED,CU-ACT-1488,,,,CU-TRG-0043,,CU-IMP-1330,2022-11-09,ONCHAIN_SCAN,HIGH,,Circle
CU-ACT-1331,2023-07-21,BLACKLIST,0x88fd245fedec4a936e700f9173454d1931b4c307,ADDRESS,SANCTIONED_ENTITY,CU-ENT-0049,,REVERSED,CU-ACT-1489,,,,CU-TRG-0043,,CU-IMP-1331,2022-11-09,ONCHAIN_SCAN,HIGH,,Circle
CU-ACT-1332,2023-07-21,BLACKLIST,0x94c92f096437ab9958fc0a37f09348f30389ae79,ADDRESS,SANCTIONED_ENTITY,CU-ENT-0049,,REVERSED,CU-ACT-1490,,,,CU-TRG-0043,,CU-IMP-1332,2022-11-09,ONCHAIN_SCAN,HIGH,,Circle
CU-ACT-1333,2023-07-21,BLACKLIST,0xb04e030140b30c27bcdfaafffa98c57d80eda7b4,ADDRESS,SANCTIONED_ENTITY,CU-ENT-0049,,REVERSED,CU-ACT-1491,,,,CU-TRG-0043,,CU-IMP-1333,2022-11-09,ONCHAIN_SCAN,HIGH,,Circle
CU-ACT-1334,2023-07-21,BLACKLIST,0xb20c66c4de72433f3ce747b58b86830c459ca911,ADDRESS,SANCTIONED_ENTITY,CU-ENT-0049,,REVERSED,CU-ACT-1492,,,,CU-TRG-0043,,CU-IMP-1334,2022-11-09,ONCHAIN_SCAN,HIGH,,Circle
CU-ACT-1335,2023-07-21,BLACKLIST,0xcee71753c9820f063b38fdbe4cfdaf1d3d928a80,ADDRESS,SANCTIONED_ENTITY,CU-ENT-0049,,REVERSED,CU-ACT-1493,,,,CU-TRG-0043,,CU-IMP-1335,2022-11-09,ONCHAIN_SCAN,HIGH,,Circle
CU-ACT-1336,2023-07-21,BLACKLIST,0xd82ed8786d7c69dc7e052f7a542ab047971e73d2,ADDRESS,SANCTIONED_ENTITY,CU-ENT-0049,,REVERSED,CU-ACT-1494,,,,CU-TRG-0043,,CU-IMP-1336,2022-11-09,ONCHAIN_SCAN,HIGH,,Circle
CU-ACT-1337,2023-07-21,BLACKLIST,0xf4b067dd14e95bab89be928c07cb22e3c94e0daa,ADDRESS,SANCTIONED_ENTITY,CU-ENT-0049,,REVERSED,CU-ACT-1495,,,,CU-TRG-0043,,CU-IMP-1337,2022-11-09,ONCHAIN_SCAN,HIGH,,Circle
CU-ACT-1338,2023-07-21,BLACKLIST,0xffbac21a641dcfe4552920138d90f3638b3c9fba,ADDRESS,SANCTIONED_ENTITY,CU-ENT-0049,,REVERSED,CU-ACT-1496,,,,CU-TRG-0043,,CU-IMP-1338,2022-11-09,ONCHAIN_SCAN,HIGH,,Circle
CU-ACT-1339,2023-07-21,BLACKLIST,0xd692fd2d0b2fbd2e52cfa5b5b9424bc981c30696,ADDRESS,SANCTIONED_ENTITY,CU-ENT-0049,,REVERSED,CU-ACT-1497,,,,CU-TRG-0043,,CU-IMP-1339,2022-11-09,ONCHAIN_SCAN,HIGH,,Circle
CU-ACT-1340,2023-07-21,BLACKLIST,0xd8d7de3349ccaa0fde6298fe6d7b7d0d34586193,ADDRESS,SANCTIONED_ENTITY,CU-ENT-0049,,ACTIVE,,,,,CU-TRG-0043,,CU-IMP-1340,2022-11-09,ONCHAIN_SCAN,HIGH,,Circle
CU-ACT-1341,2023-07-21,BLACKLIST,0xd8d7de3349ccaa0fde6298fe6d7b7d0d34586193,ADDRESS,SANCTIONED_ENTITY,CU-ENT-0049,,REVERSED,CU-ACT-1498,,,,CU-TRG-0043,,CU-IMP-1341,2022-11-09,ONCHAIN_SCAN,HIGH,,Circle
CU-ACT-1342,2023-07-21,BLACKLIST,0xdf3a408c53e5078af6e8fb2a85088d46ee09a61b,ADDRESS,SANCTIONED_ENTITY,CU-ENT-0049,,REVERSED,CU-ACT-1499,,,,CU-TRG-0043,,CU-IMP-1342,2022-11-09,ONCHAIN_SCAN,HIGH,,Circle
CU-ACT-1343,2023-07-21,BLACKLIST,0x1e34a77868e19a6647b1f2f47b51ed72dede95dd,ADDRESS,SANCTIONED_ENTITY,CU-ENT-0049,,REVERSED,CU-ACT-1500,,,,CU-TRG-0043,,CU-IMP-1343,2022-11-09,ONCHAIN_SCAN,HIGH,,Circle
CU-ACT-1344,2023-07-21,BLACKLIST,0x23173fe8b96a4ad8d2e17fb83ea5dcccdca1ae52,ADDRESS,SANCTIONED_ENTITY,CU-ENT-0049,,REVERSED,CU-ACT-1501,,,,CU-TRG-0043,,CU-IMP-1344,2022-11-09,ONCHAIN_SCAN,HIGH,,Circle
CU-ACT-1345,2023-07-21,BLACKLIST,0x242654336ca2205714071898f67e254eb49acdce,ADDRESS,SANCTIONED_ENTITY,CU-ENT-0049,,REVERSED,CU-ACT-1502,,,,CU-TRG-0043,,CU-IMP-1345,2022-11-09,ONCHAIN_SCAN,HIGH,,Circle
CU-ACT-1346,2023-07-21,BLACKLIST,0x330bdfade01ee9bf63c209ee33102dd334618e0a,ADDRESS,SANCTIONED_ENTITY,CU-ENT-0049,,REVERSED,CU-ACT-1503,,,,CU-TRG-0043,,CU-IMP-1346,2022-11-09,ONCHAIN_SCAN,HIGH,,Circle
CU-ACT-1347,2023-07-21,BLACKLIST,0x3aac1cc67c2ec5db4ea850957b967ba153ad6279,ADDRESS,SANCTIONED_ENTITY,CU-ENT-0049,,REVERSED,CU-ACT-1504,,,,CU-TRG-0043,,CU-IMP-1347,2022-11-09,ONCHAIN_SCAN,HIGH,,Circle
CU-ACT-1348,2023-07-21,BLACKLIST,0x407cceeaa7c95d2fe2250bf9f2c105aa7aafb512,ADDRESS,SANCTIONED_ENTITY,CU-ENT-0049,,REVERSED,CU-ACT-1505,,,,CU-TRG-0043,,CU-IMP-1348,2022-11-09,ONCHAIN_SCAN,HIGH,,Circle
CU-ACT-1349,2023-07-21,BLACKLIST,0x538ab61e8a9fc1b2f93b3dd9011d662d89be6fe6,ADDRESS,SANCTIONED_ENTITY,CU-ENT-0049,,REVERSED,CU-ACT-1506,,,,CU-TRG-0043,,CU-IMP-1349,2022-11-09,ONCHAIN_SCAN,HIGH,,Circle
CU-ACT-1350,2023-07-21,BLACKLIST,0x57b2b8c82f065de8ef5573f9730fc1449b403c9f,ADDRESS,SANCTIONED_ENTITY,CU-ENT-0049,,REVERSED,CU-ACT-1507,,,,CU-TRG-0043,,CU-IMP-1350,2022-11-09,ONCHAIN_SCAN,HIGH,,Circle
CU-ACT-1351,2023-07-21,BLACKLIST,0x6bf694a291df3fec1f7e69701e3ab6c592435ae7,ADDRESS,SANCTIONED_ENTITY,CU-ENT-0049,,REVERSED,CU-ACT-1508,,,,CU-TRG-0043,,CU-IMP-1351,2022-11-09,ONCHAIN_SCAN,HIGH,,Circle
CU-ACT-1352,2023-07-21,BLACKLIST,0x723b78e67497e85279cb204544566f4dc5d2aca0,ADDRESS,SANCTIONED_ENTITY,CU-ENT-0049,,REVERSED,CU-ACT-1509,,,,CU-TRG-0043,,CU-IMP-1352,2022-11-09,ONCHAIN_SCAN,HIGH,,Circle
CU-ACT-1353,2023-07-21,BLACKLIST,0x743494b60097a2230018079c02fe21a7b687eaa5,ADDRESS,SANCTIONED_ENTITY,CU-ENT-0049,,REVERSED,CU-ACT-1510,,,,CU-TRG-0043,,CU-IMP-1353,2022-11-09,ONCHAIN_SCAN,HIGH,,Circle
CU-ACT-1354,2023-07-21,BLACKLIST,0x76d85b4c0fc497eecc38902397ac608000a06607,ADDRESS,SANCTIONED_ENTITY,CU-ENT-0049,,ACTIVE,,,,,CU-TRG-0043,,CU-IMP-1354,2022-11-09,ONCHAIN_SCAN,HIGH,,Circle
CU-ACT-1355,2023-07-21,BLACKLIST,0x76d85b4c0fc497eecc38902397ac608000a06607,ADDRESS,SANCTIONED_ENTITY,CU-ENT-0049,,REVERSED,CU-ACT-1511,,,,CU-TRG-0043,,CU-IMP-1355,2022-11-09,ONCHAIN_SCAN,HIGH,,Circle
CU-ACT-1356,2023-07-21,BLACKLIST,0x776198ccf446dfa168347089d7338879273172cf,ADDRESS,SANCTIONED_ENTITY,CU-ENT-0049,,ACTIVE,,,,,CU-TRG-0043,,CU-IMP-1356,2022-11-09,ONCHAIN_SCAN,HIGH,,Circle
CU-ACT-1357,2023-07-21,BLACKLIST,0x776198ccf446dfa168347089d7338879273172cf,ADDRESS,SANCTIONED_ENTITY,CU-ENT-0049,,REVERSED,CU-ACT-1512,,,,CU-TRG-0043,,CU-IMP-1357,2022-11-09,ONCHAIN_SCAN,HIGH,,Circle
CU-ACT-1358,2023-07-21,BLACKLIST,0x8281aa6795ade17c8973e1aedca380258bc124f9,ADDRESS,SANCTIONED_ENTITY,CU-ENT-0049,,REVERSED,CU-ACT-1513,,,,CU-TRG-0043,,CU-IMP-1358,2022-11-09,ONCHAIN_SCAN,HIGH,,Circle
CU-ACT-1359,2023-07-21,BLACKLIST,0x833481186f16cece3f1eeea1a694c42034c3a0db,ADDRESS,SANCTIONED_ENTITY,CU-ENT-0049,,REVERSED,CU-ACT-1514,,,,CU-TRG-0043,,CU-IMP-1359,2022-11-09,ONCHAIN_SCAN,HIGH,,Circle
CU-ACT-1360,2023-07-21,BLACKLIST,0x84443cfd09a48af6ef360c6976c5392ac5023a1f,ADDRESS,SANCTIONED_ENTITY,CU-ENT-0049,,REVERSED,CU-ACT-1515,,,,CU-TRG-0043,,CU-IMP-1360,2022-11-09,ONCHAIN_SCAN,HIGH,,Circle
CU-ACT-1361,2023-07-21,BLACKLIST,0x94be88213a387e992dd87de56950a9aef34b9448,ADDRESS,SANCTIONED_ENTITY,CU-ENT-0049,,REVERSED,CU-ACT-1516,,,,CU-TRG-0043,,CU-IMP-1361,2022-11-09,ONCHAIN_SCAN,HIGH,,Circle
CU-ACT-1362,2023-07-21,BLACKLIST,0xa5c2254e4253490c54cef0a4347fddb8f75a4998,ADDRESS,SANCTIONED_ENTITY,CU-ENT-0049,,REVERSED,CU-ACT-1517,,,,CU-TRG-0043,,CU-IMP-1362,2022-11-09,ONCHAIN_SCAN,HIGH,,Circle
CU-ACT-1363,2023-07-21,BLACKLIST,0xaf4c0b70b2ea9fb7487c7cbb37ada259579fe040,ADDRESS,SANCTIONED_ENTITY,CU-ENT-0049,,REVERSED,CU-ACT-1518,,,,CU-TRG-0043,,CU-IMP-1363,2022-11-09,ONCHAIN_SCAN,HIGH,,Circle
CU-ACT-1364,2023-07-21,BLACKLIST,0xaf8d1839c3c67cf571aa74b5c12398d4901147b3,ADDRESS,SANCTIONED_ENTITY,CU-ENT-0049,,REVERSED,CU-ACT-1519,,,,CU-TRG-0043,,CU-IMP-1364,2022-11-09,ONCHAIN_SCAN,HIGH,,Circle
CU-ACT-1365,2023-07-21,BLACKLIST,0xcc84179ffd19a1627e79f8648d09e095252bc418,ADDRESS,SANCTIONED_ENTITY,CU-ENT-0049,,REVERSED,CU-ACT-1520,,,,CU-TRG-0043,,CU-IMP-1365,2022-11-09,ONCHAIN_SCAN,HIGH,,Circle
CU-ACT-1366,2023-07-21,BLACKLIST,0xd47438c816c9e7f2e2888e060936a499af9582b3,ADDRESS,SANCTIONED_ENTITY,CU-ENT-0049,,REVERSED,CU-ACT-1521,,,,CU-TRG-0043,,CU-IMP-1366,2022-11-09,ONCHAIN_SCAN,HIGH,,Circle
CU-ACT-1367,2023-07-21,BLACKLIST,0xd5d6f8d9e784d0e26222ad3834500801a68d027d,ADDRESS,SANCTIONED_ENTITY,CU-ENT-0049,,REVERSED,CU-ACT-1522,,,,CU-TRG-0043,,CU-IMP-1367,2022-11-09,ONCHAIN_SCAN,HIGH,,Circle
CU-ACT-1368,2023-07-21,BLACKLIST,0xdf231d99ff8b6c6cbf4e9b9a945cbacef9339178,ADDRESS,SANCTIONED_ENTITY,CU-ENT-0049,,REVERSED,CU-ACT-1523,,,,CU-TRG-0043,,CU-IMP-1368,2022-11-09,ONCHAIN_SCAN,HIGH,,Circle
CU-ACT-1369,2023-07-21,BLACKLIST,0xedc5d01286f99a066559f60a585406f3878a033e,ADDRESS,SANCTIONED_ENTITY,CU-ENT-0049,,REVERSED,CU-ACT-1524,,,,CU-TRG-0043,,CU-IMP-1369,2022-11-09,ONCHAIN_SCAN,HIGH,,Circle
CU-ACT-1370,2023-07-21,BLACKLIST,0x0e3a09dda6b20afbb34ac7cd4a6881493f3e7bf7,ADDRESS,SANCTIONED_ENTITY,CU-ENT-0049,,REVERSED,CU-ACT-1525,,,,CU-TRG-0043,,CU-IMP-1370,2022-11-09,ONCHAIN_SCAN,HIGH,,Circle
CU-ACT-1371,2023-07-21,BLACKLIST,0x05e0b5b40b7b66098c2161a5ee11c5740a3a7c45,ADDRESS,SANCTIONED_ENTITY,CU-ENT-0049,,REVERSED,CU-ACT-1526,,,,CU-TRG-0043,,CU-IMP-1371,2022-11-09,ONCHAIN_SCAN,HIGH,,Circle
CU-ACT-1372,2023-07-21,BLACKLIST,0xd0975b32cea532eadddfc9c60481976e39db3472,ADDRESS,sanctioned_entity,CU-ENT-0014,,ACTIVE,,,,,CU-TRG-0014,,CU-IMP-1372,,ONCHAIN_SCAN,HIGH,,Circle
CU-ACT-1373,2023-07-21,BLACKLIST,0x1967d8af5bd86a497fb3dd7899a020e47560daaf,ADDRESS,sanctioned_entity,CU-ENT-0014,,ACTIVE,,,,,CU-TRG-0014,,CU-IMP-1373,,ONCHAIN_SCAN,HIGH,,Circle
CU-ACT-1374,2023-07-21,BLACKLIST,0x1967d8af5bd86a497fb3dd7899a020e47560daaf,ADDRESS,sanctioned_entity,CU-ENT-0014,,ACTIVE,,,,,CU-TRG-0014,,CU-IMP-1374,,ONCHAIN_SCAN,HIGH,,Circle
CU-ACT-1375,2023-07-21,BLACKLIST,0x83e5bc4ffa856bb84bb88581f5dd62a433a25e0d,ADDRESS,sanctioned_entity,CU-ENT-0013,,ACTIVE,,,,,CU-TRG-0013,,CU-IMP-1375,,ONCHAIN_SCAN,HIGH,,Circle
CU-ACT-1376,2023-07-21,BLACKLIST,0x08b2efdcdb8822efe5ad0eae55517cf5dc544251,ADDRESS,sanctioned_entity,CU-ENT-0013,,ACTIVE,,,,,CU-TRG-0013,,CU-IMP-1376,,ONCHAIN_SCAN,HIGH,,Circle
CU-ACT-1377,2023-07-21,BLACKLIST,0x04dba1194ee10112fe6c3207c0687def0e78bacf,ADDRESS,sanctioned_entity,CU-ENT-0013,,ACTIVE,,,,,CU-TRG-0013,,CU-IMP-1377,,ONCHAIN_SCAN,HIGH,,Circle
CU-ACT-1378,2023-07-21,BLACKLIST,0x0ee5067b06776a89ccc7dc8ee369984ad7db5e06,ADDRESS,sanctioned_entity,CU-ENT-0013,,ACTIVE,,,,,CU-TRG-0013,,CU-IMP-1378,,ONCHAIN_SCAN,HIGH,,Circle
CU-ACT-1379,2023-07-21,BLACKLIST,0x502371699497d08d5339c870851898d6d72521dd,ADDRESS,sanctioned_entity,CU-ENT-0013,,ACTIVE,,,,,CU-TRG-0013,,CU-IMP-1379,,ONCHAIN_SCAN,HIGH,,Circle
CU-ACT-1380,2023-07-21,BLACKLIST,0x5a14e72060c11313e38738009254a90968f58f51,ADDRESS,sanctioned_entity,CU-ENT-0013,,ACTIVE,,,,,CU-TRG-0013,,CU-IMP-1380,,ONCHAIN_SCAN,HIGH,,Circle
CU-ACT-1381,2023-07-21,BLACKLIST,0xefe301d259f525ca1ba74a7977b80d5b060b3cca,ADDRESS,sanctioned_entity,CU-ENT-0013,,ACTIVE,,,,,CU-TRG-0013,,CU-IMP-1381,,ONCHAIN_SCAN,HIGH,,Circle
CU-ACT-1382,2023-07-24,BLACKLIST,0x39d908dac893cbcb53cc86e0ecc369aa4def1a29,ADDRESS,sanctioned_entity,CU-ENT-0015,,ACTIVE,,,,,CU-TRG-0015,,CU-IMP-1382,,ONCHAIN_SCAN,HIGH,,Circle
CU-ACT-1383,2023-07-24,BLACKLIST,0x4f47bc496083c727c5fbe3ce9cdf2b0f6496270c,ADDRESS,sanctioned_entity,CU-ENT-0016,,ACTIVE,,,,,CU-TRG-0016,,CU-IMP-1383,,ONCHAIN_SCAN,HIGH,,Circle
CU-ACT-1384,2023-07-24,BLACKLIST,0x38735f03b30fbc022ddd06abed01f0ca823c6a94,ADDRESS,sanctioned_entity,CU-ENT-0017,,ACTIVE,,,,,CU-TRG-0017,,CU-IMP-1384,,ONCHAIN_SCAN,HIGH,,Circle
CU-ACT-1385,2023-07-24,BLACKLIST,0x97b1043abd9e6fc31681635166d430a458d14f9c,ADDRESS,sanctioned_entity,CU-ENT-0018,,ACTIVE,,,,,CU-TRG-0018,,CU-IMP-1385,,ONCHAIN_SCAN,HIGH,,Circle
CU-ACT-1386,2023-07-24,BLACKLIST,0xb6f5ec1a0a9cd1526536d3f0426c429529471f40,ADDRESS,sanctioned_entity,CU-ENT-0018,,ACTIVE,,,,,CU-TRG-0018,,CU-IMP-1386,,ONCHAIN_SCAN,HIGH,,Circle
CU-ACT-1387,2023-07-31,BLACKLIST,0xd71c94052989e209ba713deb66e0a8f72b913b70,ADDRESS,SANCTIONED_ENTITY,CU-ENT-0074,,ACTIVE,,,,,CU-TRG-0067,,CU-IMP-1387,2023-07-31,ONCHAIN_SCAN,HIGH,,Circle
CU-ACT-1388,2023-08-16,BLACKLIST,0xf3d6c185f4c4dbda02590a22e2c56923ba39aec0,ADDRESS,,,,REVERSED,CU-ACT-1389,,,,,,CU-IMP-1388,,ONCHAIN_SCAN,HIGH,,Circle
CU-ACT-1389,2023-08-16,UNBLACKLIST,0xf3d6c185f4c4dbda02590a22e2c56923ba39aec0,ADDRESS,,,,ACTIVE,,,,,,,CU-IMP-1389,,ONCHAIN_SCAN,HIGH,,Circle
CU-ACT-1390,2023-08-24,BLACKLIST,0xdcbeffbecce100cce9e4b153c4e15cb885643193,ADDRESS,sanctioned_entity,CU-ENT-0019,,ACTIVE,,,,,CU-TRG-0019,,CU-IMP-1390,,ONCHAIN_SCAN,HIGH,,Circle
CU-ACT-1391,2023-08-24,BLACKLIST,0x5f48c2a71b2cc96e3f0ccae4e39318ff0dc375b2,ADDRESS,sanctioned_entity,CU-ENT-0019,,ACTIVE,,,,,CU-TRG-0019,,CU-IMP-1391,,ONCHAIN_SCAN,HIGH,,Circle
CU-ACT-1392,2023-08-24,BLACKLIST,0x5a7a51bfb49f190e5a6060a5bc6052ac14a3b59f,ADDRESS,sanctioned_entity,CU-ENT-0019,,ACTIVE,,,,,CU-TRG-0019,,CU-IMP-1392,,ONCHAIN_SCAN,HIGH,,Circle
CU-ACT-1393,2023-08-24,BLACKLIST,0xed6e0a7e4ac94d976eebfb82ccf777a3c6bad921,ADDRESS,sanctioned_entity,CU-ENT-0019,,ACTIVE,,,,,CU-TRG-0019,,CU-IMP-1393,,ONCHAIN_SCAN,HIGH,,Circle
CU-ACT-1394,2023-08-24,BLACKLIST,0x797d7ae72ebddcdea2a346c1834e04d1f8df102b,ADDRESS,sanctioned_entity,CU-ENT-0019,,ACTIVE,,,,,CU-TRG-0019,,CU-IMP-1394,,ONCHAIN_SCAN,HIGH,,Circle
CU-ACT-1395,2023-08-24,BLACKLIST,0x931546d9e66836abf687d2bc64b30407bac8c568,ADDRESS,sanctioned_entity,CU-ENT-0019,,ACTIVE,,,,,CU-TRG-0019,,CU-IMP-1395,,ONCHAIN_SCAN,HIGH,,Circle
CU-ACT-1396,2023-08-24,BLACKLIST,0x43fa21d92141ba9db43052492e0deee5aa5f0a93,ADDRESS,sanctioned_entity,CU-ENT-0019,,ACTIVE,,,,,CU-TRG-0019,,CU-IMP-1396,,ONCHAIN_SCAN,HIGH,,Circle
CU-ACT-1397,2023-08-24,BLACKLIST,0x6be0ae71e6c41f2f9d0d1a3b8d0f75e6f6a0b46e,ADDRESS,sanctioned_entity,CU-ENT-0019,,ACTIVE,,,,,CU-TRG-0019,,CU-IMP-1397,,ONCHAIN_SCAN,HIGH,,Circle
CU-ACT-1398,2023-09-27,BLACKLIST,0x9c2bc757b66f24d60f016b6237f8cdd414a879fa,ADDRESS,sanctioned_entity,CU-ENT-0020,,ACTIVE,,,,,CU-TRG-0020,,CU-IMP-1398,,ONCHAIN_SCAN,HIGH,,Circle
CU-ACT-1399,2023-10-04,BLACKLIST,0x530a64c0ce595026a4a556b703644228179e2d57,ADDRESS,sanctioned_entity,CU-ENT-0021,,ACTIVE,,,,,CU-TRG-0021,,CU-IMP-1399,,ONCHAIN_SCAN,HIGH,,Circle
CU-ACT-1400,2023-10-04,BLACKLIST,0x2e13ea767da12f504ceaaaebe5950488498dc2d2,ADDRESS,SANCTIONED_ENTITY,CU-ENT-0021,,ACTIVE,,,,,CU-TRG-0021,,CU-IMP-1400,2023-10-03,ONCHAIN_SCAN,HIGH,,Circle
CU-ACT-1401,2023-10-04,BLACKLIST,0x7de5ab1914e241177344936dc33b4a8157c98248,ADDRESS,SANCTIONED_ENTITY,CU-ENT-0076,,ACTIVE,,,,,CU-TRG-0069,,CU-IMP-1401,2023-10-03,ONCHAIN_SCAN,HIGH,,Circle
CU-ACT-1402,2023-10-04,BLACKLIST,0xfac583c0cf07ea434052c49115a4682172ab6b4f,ADDRESS,sanctioned_entity,CU-ENT-0022,,ACTIVE,,,,,CU-TRG-0022,,CU-IMP-1402,,ONCHAIN_SCAN,HIGH,,Circle
CU-ACT-1403,2023-10-04,BLACKLIST,0xbe5e683633ddd17d8a89b4e10860a0e426c5ed24,ADDRESS,SANCTIONED_ENTITY,CU-ENT-0077,,ACTIVE,,,,,CU-TRG-0070,,CU-IMP-1403,2023-10-03,ONCHAIN_SCAN,HIGH,,Circle
CU-ACT-1404,2023-10-04,BLACKLIST,0x961c5be54a2ffc17cf4cb021d863c42dacd47fc1,ADDRESS,sanctioned_entity,CU-ENT-0023,,ACTIVE,,,,,CU-TRG-0023,,CU-IMP-1404,,ONCHAIN_SCAN,HIGH,,Circle
CU-ACT-1405,2023-10-04,BLACKLIST,0xa6cc8ab881debc3c9e8adb32549d0cbe614168c5,ADDRESS,SANCTIONED_ENTITY,CU-ENT-0023,,ACTIVE,,,,,CU-TRG-0023,,CU-IMP-1405,2023-10-03,ONCHAIN_SCAN,HIGH,,Circle
CU-ACT-1406,2023-10-04,BLACKLIST,0x983a81ca6fb1e441266d2fbcb7d8e530ac2e05a2,ADDRESS,sanctioned_entity,CU-ENT-0024,,ACTIVE,,,,,CU-TRG-0024,,CU-IMP-1406,,ONCHAIN_SCAN,HIGH,,Circle
CU-ACT-1407,2024-02-06,UNBLACKLIST,0x6acdfba02d390b97ac2b2d42a63e85293bcc160e,ADDRESS,,,,ACTIVE,,,,,,,CU-IMP-1407,,ONCHAIN_SCAN,HIGH,,Circle
CU-ACT-1408,2024-02-21,BLACKLIST,0xf3701f445b6bdafedbca97d1e477357839e4120d,ADDRESS,sanctioned_entity,CU-ENT-0025,,ACTIVE,,,,,CU-TRG-0025,,CU-IMP-1408,,ONCHAIN_SCAN,HIGH,,Circle
CU-ACT-1409,2024-03-21,BLACKLIST,0x2f04f39923a77430eca036e14ce44dbd11175747,ADDRESS,SANCTIONED_ENTITY,CU-ENT-0075,,ACTIVE,,,,,CU-TRG-0068,,CU-IMP-1409,2024-03-20,ONCHAIN_SCAN,HIGH,,Circle
CU-ACT-1410,2024-03-21,BLACKLIST,0x7be6fe8c528273a3a072a538e12c08500bf4d328,ADDRESS,SANCTIONED_ENTITY,CU-ENT-0075,,ACTIVE,,,,,CU-TRG-0068,,CU-IMP-1410,2024-03-20,ONCHAIN_SCAN,HIGH,,Circle
CU-ACT-1411,2024-03-27,BLACKLIST,0xdda5554510366179ddb442b8a82bc737c3ac77c5,ADDRESS,SANCTIONED_ENTITY,CU-ENT-0057,,ACTIVE,,,,,CU-TRG-0051,,CU-IMP-1411,2024-03-27,ONCHAIN_SCAN,HIGH,,Circle
CU-ACT-1412,2024-03-27,BLACKLIST,0x175d44451403edf28469df03a9280c1197adb92c,ADDRESS,sanctioned_entity,CU-ENT-0026,,ACTIVE,,,,,CU-TRG-0026,,CU-IMP-1412,,ONCHAIN_SCAN,HIGH,,Circle
CU-ACT-1413,2024-03-27,BLACKLIST,0x4576847b1cf999843ba6620815e65a9c5e8a4021,ADDRESS,SANCTIONED_ENTITY,CU-ENT-0057,,ACTIVE,,,,,CU-TRG-0051,,CU-IMP-1413,2024-03-27,ONCHAIN_SCAN,HIGH,,Circle
CU-ACT-1414,2024-03-27,BLACKLIST,0xe950dc316b836e4eefb8308bf32bf7c72a1358ff,ADDRESS,sanctioned_entity,CU-ENT-0026,,ACTIVE,,,,,CU-TRG-0026,,CU-IMP-1414,,ONCHAIN_SCAN,HIGH,,Circle
CU-ACT-1415,2024-03-27,BLACKLIST,0x4ea7eefc2dcb250c1f069ecaf1e2ae3488059ac2,ADDRESS,SANCTIONED_ENTITY,CU-ENT-0057,,ACTIVE,,,,,CU-TRG-0051,,CU-IMP-1415,2024-03-27,ONCHAIN_SCAN,HIGH,,Circle
CU-ACT-1416,2024-03-27,BLACKLIST,0xc24ec5a84cae3d3418b34a1e30b3372c4b25bd0f,ADDRESS,SANCTIONED_ENTITY,CU-ENT-0057,,ACTIVE,,,,,CU-TRG-0051,,CU-IMP-1416,2024-03-27,ONCHAIN_SCAN,HIGH,,Circle
CU-ACT-1417,2024-03-27,BLACKLIST,0x21b8d56bda776bbe68655a16895afd96f5534fed,ADDRESS,sanctioned_entity,CU-ENT-0026,,ACTIVE,,,,,CU-TRG-0026,,CU-IMP-1417,,ONCHAIN_SCAN,HIGH,,Circle
CU-ACT-1418,2024-04-29,BLACKLIST,0x6a1544f72a2a275715e8d5924e6d8a017f0e41ed,ADDRESS,,,,ACTIVE,,,,,,,CU-IMP-1418,,ONCHAIN_SCAN,HIGH,,Circle
CU-ACT-1419,2024-05-02,BLACKLIST,0x19f8f2b0915daa12a3f5c9cf01df9e24d53794f7,ADDRESS,sanctioned_entity,CU-ENT-0027,,ACTIVE,,,,,CU-TRG-0027,,CU-IMP-1419,,ONCHAIN_SCAN,HIGH,,Circle
CU-ACT-1420,2024-05-02,BLACKLIST,0x3e14d41891a30ac7473556d7c3256a5ddf9ef1aa,ADDRESS,SANCTIONED_ENTITY,CU-ENT-0027,,ACTIVE,,,,,CU-TRG-0027,,CU-IMP-1420,2024-05-01,ONCHAIN_SCAN,HIGH,,Circle
CU-ACT-1421,2024-05-29,BLACKLIST,0xe1d865c3d669dcc8c57c8d023140cb204e672ee4,ADDRESS,sanctioned_entity,CU-ENT-0028,,ACTIVE,,,,,CU-TRG-0028,,CU-IMP-1421,,ONCHAIN_SCAN,HIGH,,Circle
CU-ACT-1422,2024-05-29,BLACKLIST,0x0e6b8e34dc115a2848f585851af23d99d09b8463,ADDRESS,SANCTIONED_ENTITY,CU-ENT-0028,,ACTIVE,,,,,CU-TRG-0028,,CU-IMP-1422,2024-05-28,ONCHAIN_SCAN,HIGH,,Circle
CU-ACT-1423,2024-08-24,BLACKLIST,0x71d2e218a56a1c0c12e1ff4b4c2731a1c3a4f4ce,ADDRESS,SANCTIONED_ENTITY,CU-ENT-0078,,ACTIVE,,,,,CU-TRG-0071,,CU-IMP-1423,2024-08-23,ONCHAIN_SCAN,HIGH,,Circle
CU-ACT-1424,2024-09-14,BLACKLIST,0x290b6ebbdca04ee984fb8617e1b92deea23052e3,ADDRESS,,,,ACTIVE,,,,,,,CU-IMP-1424,,ONCHAIN_SCAN,HIGH,,Circle
CU-ACT-1425,2024-09-30,BLACKLIST,0x0931ca4d13bb4ba75d9b7132ab690265d749a5e7,ADDRESS,sanctioned_entity,CU-ENT-0029,,ACTIVE,,,,,CU-TRG-0029,,CU-IMP-1425,,ONCHAIN_SCAN,HIGH,,Circle
CU-ACT-1426,2024-09-30,BLACKLIST,0xbff703730a21167e430ff151128592a98786b9b4,ADDRESS,SANCTIONED_ENTITY,CU-ENT-0029,,ACTIVE,,,,,CU-TRG-0029,,CU-IMP-1426,2024-09-26,ONCHAIN_SCAN,HIGH,,Circle
CU-ACT-1427,2024-12-05,BLACKLIST,0x282ae5965fe400f3cb929182e0963f3794df01fc,ADDRESS,SANCTIONED_ENTITY,CU-ENT-0079,,ACTIVE,,,,,CU-TRG-0072,,CU-IMP-1427,2024-12-04,ONCHAIN_SCAN,HIGH,,Circle
CU-ACT-1428,2024-12-05,BLACKLIST,0x1999ef52700c34de7ec2b68a28aafb37db0c5ade,ADDRESS,sanctioned_entity,CU-ENT-0030,,ACTIVE,,,,,CU-TRG-0030,,CU-IMP-1428,,ONCHAIN_SCAN,HIGH,,Circle
CU-ACT-1429,2024-12-20,BLACKLIST,0x721537670ae01aa0d60585457b7534025b0041ac,ADDRESS,SANCTIONED_ENTITY,CU-ENT-0054,,ACTIVE,,,,,CU-TRG-0048,,CU-IMP-1429,2024-12-19,ONCHAIN_SCAN,HIGH,,Circle
CU-ACT-1430,2024-12-20,BLACKLIST,0x54b475ef92f861975945954bfa1080dda9cd346e,ADDRESS,SANCTIONED_ENTITY,CU-ENT-0054,,ACTIVE,,,,,CU-TRG-0048,,CU-IMP-1430,2024-12-19,ONCHAIN_SCAN,HIGH,,Circle
CU-ACT-1431,2024-12-20,BLACKLIST,0xd19df746fd2a145588b3a22672bacfd2e5454f61,ADDRESS,SANCTIONED_ENTITY,CU-ENT-0054,,ACTIVE,,,,,CU-TRG-0048,,CU-IMP-1431,2024-12-19,ONCHAIN_SCAN,HIGH,,Circle
CU-ACT-1432,2024-12-20,BLACKLIST,0xbc92595dd3e8f5092471c99b9084a72d333c7d07,ADDRESS,SANCTIONED_ENTITY,CU-ENT-0054,,ACTIVE,,,,,CU-TRG-0048,,CU-IMP-1432,2024-12-19,ONCHAIN_SCAN,HIGH,,Circle
CU-ACT-1433,2024-12-20,BLACKLIST,0x3a0245de38273e7852dce97de3bae18c0010013e,ADDRESS,SANCTIONED_ENTITY,CU-ENT-0054,,ACTIVE,,,,,CU-TRG-0048,,CU-IMP-1433,2024-12-19,ONCHAIN_SCAN,HIGH,,Circle
CU-ACT-1434,2025-02-24,BLACKLIST,0x002471b8a185f9980708d0eaec5b289714f56f8d,ADDRESS,SANCTIONED_ENTITY,CU-ENT-0058,,ACTIVE,,,,,CU-TRG-0052,,CU-IMP-1434,2025-02-11,ONCHAIN_SCAN,MEDIUM,,Circle
CU-ACT-1435,2025-02-24,BLACKLIST,0x3051ca7cb7f6c599fa2f27385ad75010cf0f2bbf,ADDRESS,SANCTIONED_ENTITY,CU-ENT-0058,,ACTIVE,,,,,CU-TRG-0052,,CU-IMP-1435,2025-02-11,ONCHAIN_SCAN,MEDIUM,,Circle
CU-ACT-1436,2025-02-24,BLACKLIST,0x0078ef2d7baf87bf6c4ca49b19efd1e05f57ac30,ADDRESS,SANCTIONED_ENTITY,CU-ENT-0058,,ACTIVE,,,,,CU-TRG-0052,,CU-IMP-1436,2025-02-11,ONCHAIN_SCAN,MEDIUM,,Circle
CU-ACT-1437,2025-03-22,UNBLACKLIST,0x8589427373d6d84e98730d7795d8f6f8731fda16,ADDRESS,,,,ACTIVE,,,,,CU-TRG-0053,,CU-IMP-1437,2025-03-21,ONCHAIN_SCAN,HIGH,,Circle
CU-ACT-1438,2025-03-22,UNBLACKLIST,0x722122df12d4e14e13ac3b6895a86e84145b6967,ADDRESS,,,,ACTIVE,,,,,CU-TRG-0053,,CU-IMP-1438,2025-03-21,ONCHAIN_SCAN,HIGH,,Circle
CU-ACT-1439,2025-03-22,UNBLACKLIST,0xdd4c48c0b24039969fc16d1cdf626eab821d3384,ADDRESS,,,,ACTIVE,,,,,CU-TRG-0053,,CU-IMP-1439,2025-03-21,ONCHAIN_SCAN,HIGH,,Circle
CU-ACT-1440,2025-03-22,UNBLACKLIST,0xd90e2f925da726b50c4ed8d0fb90ad053324f31b,ADDRESS,,,,ACTIVE,,,,,CU-TRG-0053,,CU-IMP-1440,2025-03-21,ONCHAIN_SCAN,HIGH,,Circle
CU-ACT-1441,2025-03-22,UNBLACKLIST,0xd96f2b1c14db8458374d9aca76e26c3d18364307,ADDRESS,,,,ACTIVE,,,,,CU-TRG-0053,,CU-IMP-1441,2025-03-21,ONCHAIN_SCAN,HIGH,,Circle
CU-ACT-1442,2025-03-22,UNBLACKLIST,0x4736dcf1b7a3d580672cce6e7c65cd5cc9cfba9d,ADDRESS,,,,ACTIVE,,,,,CU-TRG-0053,,CU-IMP-1442,2025-03-21,ONCHAIN_SCAN,HIGH,,Circle
CU-ACT-1443,2025-03-22,UNBLACKLIST,0xd4b88df4d29f5cedd6857912842cff3b20c8cfa3,ADDRESS,,,,ACTIVE,,,,,CU-TRG-0053,,CU-IMP-1443,2025-03-21,ONCHAIN_SCAN,HIGH,,Circle
CU-ACT-1444,2025-03-22,UNBLACKLIST,0x910cbd523d972eb0a6f4cae4618ad62622b39dbf,ADDRESS,,,,ACTIVE,,,,,CU-TRG-0053,,CU-IMP-1444,2025-03-21,ONCHAIN_SCAN,HIGH,,Circle
CU-ACT-1445,2025-03-22,UNBLACKLIST,0xa160cdab225685da1d56aa342ad8841c3b53f291,ADDRESS,,,,ACTIVE,,,,,CU-TRG-0053,,CU-IMP-1445,2025-03-21,ONCHAIN_SCAN,HIGH,,Circle
CU-ACT-1446,2025-03-22,UNBLACKLIST,0xfd8610d20aa15b7b2e3be39b396a1bc3516c7144,ADDRESS,,,,ACTIVE,,,,,CU-TRG-0053,,CU-IMP-1446,2025-03-21,ONCHAIN_SCAN,HIGH,,Circle
CU-ACT-1447,2025-03-22,UNBLACKLIST,0xf60dd140cff0706bae9cd734ac3ae76ad9ebc32a,ADDRESS,,,,ACTIVE,,,,,CU-TRG-0053,,CU-IMP-1447,2025-03-21,ONCHAIN_SCAN,HIGH,,Circle
CU-ACT-1448,2025-03-22,UNBLACKLIST,0x22aaa7720ddd5388a3c0a3333430953c68f1849b,ADDRESS,,,,ACTIVE,,,,,CU-TRG-0053,,CU-IMP-1448,2025-03-21,ONCHAIN_SCAN,HIGH,,Circle
CU-ACT-1449,2025-03-22,UNBLACKLIST,0xba214c1c1928a32bffe790263e38b4af9bfcd659,ADDRESS,,,,ACTIVE,,,,,CU-TRG-0053,,CU-IMP-1449,2025-03-21,ONCHAIN_SCAN,HIGH,,Circle
CU-ACT-1450,2025-03-22,UNBLACKLIST,0xb1c8094b234dce6e03f10a5b673c1d8c69739a00,ADDRESS,,,,ACTIVE,,,,,CU-TRG-0053,,CU-IMP-1450,2025-03-21,ONCHAIN_SCAN,HIGH,,Circle
CU-ACT-1451,2025-03-22,UNBLACKLIST,0x527653ea119f3e6a1f5bd18fbf4714081d7b31ce,ADDRESS,,,,ACTIVE,,,,,CU-TRG-0053,,CU-IMP-1451,2025-03-21,ONCHAIN_SCAN,HIGH,,Circle
CU-ACT-1452,2025-03-22,UNBLACKLIST,0x58e8dcc13be9780fc42e8723d8ead4cf46943df2,ADDRESS,,,,ACTIVE,,,,,CU-TRG-0053,,CU-IMP-1452,2025-03-21,ONCHAIN_SCAN,HIGH,,Circle
CU-ACT-1453,2025-03-22,UNBLACKLIST,0xd691f27f38b395864ea86cfc7253969b409c362d,ADDRESS,,,,ACTIVE,,,,,CU-TRG-0053,,CU-IMP-1453,2025-03-21,ONCHAIN_SCAN,HIGH,,Circle
CU-ACT-1454,2025-03-22,UNBLACKLIST,0xaeaac358560e11f52454d997aaff2c5731b6f8a6,ADDRESS,,,,ACTIVE,,,,,CU-TRG-0053,,CU-IMP-1454,2025-03-21,ONCHAIN_SCAN,HIGH,,Circle
CU-ACT-1455,2025-03-22,UNBLACKLIST,0x1356c899d8c9467c7f71c195612f8a395abf2f0a,ADDRESS,,,,ACTIVE,,,,,CU-TRG-0053,,CU-IMP-1455,2025-03-21,ONCHAIN_SCAN,HIGH,,Circle
CU-ACT-1456,2025-03-22,UNBLACKLIST,0xa60c772958a3ed56c1f15dd055ba37ac8e523a0d,ADDRESS,,,,ACTIVE,,,,,CU-TRG-0053,,CU-IMP-1456,2025-03-21,ONCHAIN_SCAN,HIGH,,Circle
CU-ACT-1457,2025-03-22,UNBLACKLIST,0x169ad27a470d064dede56a2d3ff727986b15d52b,ADDRESS,,,,ACTIVE,,,,,CU-TRG-0053,,CU-IMP-1457,2025-03-21,ONCHAIN_SCAN,HIGH,,Circle
CU-ACT-1458,2025-03-22,UNBLACKLIST,0x0836222f2b2b24a3f36f98668ed8f0b38d1a872f,ADDRESS,,,,ACTIVE,,,,,CU-TRG-0053,,CU-IMP-1458,2025-03-21,ONCHAIN_SCAN,HIGH,,Circle
CU-ACT-1459,2025-03-22,UNBLACKLIST,0xf67721a2d8f736e75a49fdd7fad2e31d8676542a,ADDRESS,,,,ACTIVE,,,,,CU-TRG-0053,,CU-IMP-1459,2025-03-21,ONCHAIN_SCAN,HIGH,,Circle
CU-ACT-1460,2025-03-22,UNBLACKLIST,0x9ad122c22b14202b4490edaf288fdb3c7cb3ff5e,ADDRESS,,,,ACTIVE,,,,,CU-TRG-0053,,CU-IMP-1460,2025-03-21,ONCHAIN_SCAN,HIGH,,Circle
CU-ACT-1461,2025-03-22,UNBLACKLIST,0x07687e702b410fa43f4cb4af7fa097918ffd2730,ADDRESS,,,,ACTIVE,,,,,CU-TRG-0053,,CU-IMP-1461,2025-03-21,ONCHAIN_SCAN,HIGH,,Circle
CU-ACT-1462,2025-03-22,UNBLACKLIST,0x94a1b5cdb22c43faab4abeb5c74999895464ddaf,ADDRESS,,,,ACTIVE,,,,,CU-TRG-0053,,CU-IMP-1462,2025-03-21,ONCHAIN_SCAN,HIGH,,Circle
CU-ACT-1463,2025-03-22,UNBLACKLIST,0xb541fc07bc7619fd4062a54d96268525cbc6ffef,ADDRESS,,,,ACTIVE,,,,,CU-TRG-0053,,CU-IMP-1463,2025-03-21,ONCHAIN_SCAN,HIGH,,Circle
CU-ACT-1464,2025-03-22,UNBLACKLIST,0x12d66f87a04a9e220743712ce6d9bb1b5616b8fc,ADDRESS,,,,ACTIVE,,,,,CU-TRG-0053,,CU-IMP-1464,2025-03-21,ONCHAIN_SCAN,HIGH,,Circle
CU-ACT-1465,2025-03-22,UNBLACKLIST,0x47ce0c6ed5b0ce3d3a51fdb1c52dc66a7c3c2936,ADDRESS,,,,ACTIVE,,,,,CU-TRG-0053,,CU-IMP-1465,2025-03-21,ONCHAIN_SCAN,HIGH,,Circle
CU-ACT-1466,2025-03-22,UNBLACKLIST,0x23773e65ed146a459791799d01336db287f25334,ADDRESS,,,,ACTIVE,,,,,CU-TRG-0053,,CU-IMP-1466,2025-03-21,ONCHAIN_SCAN,HIGH,,Circle
CU-ACT-1467,2025-03-22,UNBLACKLIST,0xd21be7248e0197ee08e0c20d4a96debdac3d20af,ADDRESS,,,,ACTIVE,,,,,CU-TRG-0053,,CU-IMP-1467,2025-03-21,ONCHAIN_SCAN,HIGH,,Circle
CU-ACT-1468,2025-03-22,UNBLACKLIST,0x610b717796ad172b316836ac95a2ffad065ceab4,ADDRESS,,,,ACTIVE,,,,,CU-TRG-0053,,CU-IMP-1468,2025-03-21,ONCHAIN_SCAN,HIGH,,Circle
CU-ACT-1469,2025-03-22,UNBLACKLIST,0x178169b423a011fff22b9e3f3abea13414ddd0f1,ADDRESS,,,,ACTIVE,,,,,CU-TRG-0053,,CU-IMP-1469,2025-03-21,ONCHAIN_SCAN,HIGH,,Circle
CU-ACT-1470,2025-03-22,UNBLACKLIST,0xbb93e510bbcd0b7beb5a853875f9ec60275cf498,ADDRESS,,,,ACTIVE,,,,,CU-TRG-0053,,CU-IMP-1470,2025-03-21,ONCHAIN_SCAN,HIGH,,Circle
CU-ACT-1471,2025-03-22,UNBLACKLIST,0x2717c5e28cf931547b621a5dddb772ab6a35b701,ADDRESS,,,,ACTIVE,,,,,CU-TRG-0053,,CU-IMP-1471,2025-03-21,ONCHAIN_SCAN,HIGH,,Circle
CU-ACT-1472,2025-03-22,UNBLACKLIST,0x03893a7c7463ae47d46bc7f091665f1893656003,ADDRESS,,,,ACTIVE,,,,,CU-TRG-0053,,CU-IMP-1472,2025-03-21,ONCHAIN_SCAN,HIGH,,Circle
CU-ACT-1473,2025-03-22,UNBLACKLIST,0xca0840578f57fe71599d29375e16783424023357,ADDRESS,,,,ACTIVE,,,,,CU-TRG-0053,,CU-IMP-1473,2025-03-21,ONCHAIN_SCAN,HIGH,,Circle
CU-ACT-1474,2025-03-22,UNBLACKLIST,0x01e2919679362dfbc9ee1644ba9c6da6d6245bb1,ADDRESS,,,,ACTIVE,,,,,CU-TRG-0053,,CU-IMP-1474,,ONCHAIN_SCAN,HIGH,,Circle
CU-ACT-1475,2025-03-22,UNBLACKLIST,0x09193888b3f38c82dedfda55259a82c0e7de875e,ADDRESS,,,,ACTIVE,,,,,CU-TRG-0053,,CU-IMP-1475,,ONCHAIN_SCAN,HIGH,,Circle
CU-ACT-1476,2025-03-22,UNBLACKLIST,0x179f48c78f57a3a78f0608cc9197b8972921d1d2,ADDRESS,,,,ACTIVE,,,,,CU-TRG-0053,,CU-IMP-1476,,ONCHAIN_SCAN,HIGH,,Circle
CU-ACT-1477,2025-03-22,UNBLACKLIST,0x2573bac39ebe2901b4389cd468f2872cf7767faf,ADDRESS,,,,ACTIVE,,,,,CU-TRG-0053,,CU-IMP-1477,,ONCHAIN_SCAN,HIGH,,Circle
CU-ACT-1478,2025-03-22,UNBLACKLIST,0x26903a5a198d571422b2b4ea08b56a37cbd68c89,ADDRESS,,,,ACTIVE,,,,,CU-TRG-0053,,CU-IMP-1478,,ONCHAIN_SCAN,HIGH,,Circle
CU-ACT-1479,2025-03-22,UNBLACKLIST,0x2f50508a8a3d323b91336fa3ea6ae50e55f32185,ADDRESS,,,,ACTIVE,,,,,CU-TRG-0053,,CU-IMP-1479,,ONCHAIN_SCAN,HIGH,,Circle
CU-ACT-1480,2025-03-22,UNBLACKLIST,0x2fc93484614a34f26f7970cbb94615ba109bb4bf,ADDRESS,,,,ACTIVE,,,,,CU-TRG-0053,,CU-IMP-1480,,ONCHAIN_SCAN,HIGH,,Circle
CU-ACT-1481,2025-03-22,UNBLACKLIST,0x3efa30704d2b8bbac821307230376556cf8cc39e,ADDRESS,,,,ACTIVE,,,,,CU-TRG-0053,,CU-IMP-1481,,ONCHAIN_SCAN,HIGH,,Circle
CU-ACT-1482,2025-03-22,UNBLACKLIST,0x5cab7692d4e94096462119ab7bf57319726eed2a,ADDRESS,,,,ACTIVE,,,,,CU-TRG-0053,,CU-IMP-1482,,ONCHAIN_SCAN,HIGH,,Circle
CU-ACT-1483,2025-03-22,UNBLACKLIST,0x5efda50f22d34f262c29268506c5fa42cb56a1ce,ADDRESS,,,,ACTIVE,,,,,CU-TRG-0053,,CU-IMP-1483,,ONCHAIN_SCAN,HIGH,,Circle
CU-ACT-1484,2025-03-22,UNBLACKLIST,0x5f6c97c6ad7bdd0ae7e0dd4ca33a4ed3fdabd4d7,ADDRESS,,,,ACTIVE,,,,,CU-TRG-0053,,CU-IMP-1484,,ONCHAIN_SCAN,HIGH,,Circle
CU-ACT-1485,2025-03-22,UNBLACKLIST,0x653477c392c16b0765603074f157314cc4f40c32,ADDRESS,,,,ACTIVE,,,,,CU-TRG-0053,,CU-IMP-1485,,ONCHAIN_SCAN,HIGH,,Circle
CU-ACT-1486,2025-03-22,UNBLACKLIST,0x746aebc06d2ae31b71ac51429a19d54e797878e9,ADDRESS,,,,ACTIVE,,,,,CU-TRG-0053,,CU-IMP-1486,,ONCHAIN_SCAN,HIGH,,Circle
CU-ACT-1487,2025-03-22,UNBLACKLIST,0x756c4628e57f7e7f8a459ec2752968360cf4d1aa,ADDRESS,,,,ACTIVE,,,,,CU-TRG-0053,,CU-IMP-1487,,ONCHAIN_SCAN,HIGH,,Circle
CU-ACT-1488,2025-03-22,UNBLACKLIST,0x77777feddddffc19ff86db637967013e6c6a116c,ADDRESS,,,,ACTIVE,,,,,CU-TRG-0053,,CU-IMP-1488,,ONCHAIN_SCAN,HIGH,,Circle
CU-ACT-1489,2025-03-22,UNBLACKLIST,0x88fd245fedec4a936e700f9173454d1931b4c307,ADDRESS,,,,ACTIVE,,,,,CU-TRG-0053,,CU-IMP-1489,,ONCHAIN_SCAN,HIGH,,Circle
CU-ACT-1490,2025-03-22,UNBLACKLIST,0x94c92f096437ab9958fc0a37f09348f30389ae79,ADDRESS,,,,ACTIVE,,,,,CU-TRG-0053,,CU-IMP-1490,,ONCHAIN_SCAN,HIGH,,Circle
CU-ACT-1491,2025-03-22,UNBLACKLIST,0xb04e030140b30c27bcdfaafffa98c57d80eda7b4,ADDRESS,,,,ACTIVE,,,,,CU-TRG-0053,,CU-IMP-1491,,ONCHAIN_SCAN,HIGH,,Circle
CU-ACT-1492,2025-03-22,UNBLACKLIST,0xb20c66c4de72433f3ce747b58b86830c459ca911,ADDRESS,,,,ACTIVE,,,,,CU-TRG-0053,,CU-IMP-1492,,ONCHAIN_SCAN,HIGH,,Circle
CU-ACT-1493,2025-03-22,UNBLACKLIST,0xcee71753c9820f063b38fdbe4cfdaf1d3d928a80,ADDRESS,,,,ACTIVE,,,,,CU-TRG-0053,,CU-IMP-1493,,ONCHAIN_SCAN,HIGH,,Circle
CU-ACT-1494,2025-03-22,UNBLACKLIST,0xd82ed8786d7c69dc7e052f7a542ab047971e73d2,ADDRESS,,,,ACTIVE,,,,,CU-TRG-0053,,CU-IMP-1494,,ONCHAIN_SCAN,HIGH,,Circle
CU-ACT-1495,2025-03-22,UNBLACKLIST,0xf4b067dd14e95bab89be928c07cb22e3c94e0daa,ADDRESS,,,,ACTIVE,,,,,CU-TRG-0053,,CU-IMP-1495,,ONCHAIN_SCAN,HIGH,,Circle
CU-ACT-1496,2025-03-22,UNBLACKLIST,0xffbac21a641dcfe4552920138d90f3638b3c9fba,ADDRESS,,,,ACTIVE,,,,,CU-TRG-0053,,CU-IMP-1496,,ONCHAIN_SCAN,HIGH,,Circle
CU-ACT-1497,2025-03-22,UNBLACKLIST,0xd692fd2d0b2fbd2e52cfa5b5b9424bc981c30696,ADDRESS,,,,ACTIVE,,,,,CU-TRG-0053,,CU-IMP-1497,,ONCHAIN_SCAN,HIGH,,Circle
CU-ACT-1498,2025-03-22,UNBLACKLIST,0xd8d7de3349ccaa0fde6298fe6d7b7d0d34586193,ADDRESS,,,,ACTIVE,,,,,CU-TRG-0053,,CU-IMP-1498,,ONCHAIN_SCAN,HIGH,,Circle
CU-ACT-1499,2025-03-22,UNBLACKLIST,0xdf3a408c53e5078af6e8fb2a85088d46ee09a61b,ADDRESS,,,,ACTIVE,,,,,CU-TRG-0053,,CU-IMP-1499,,ONCHAIN_SCAN,HIGH,,Circle
CU-ACT-1500,2025-03-22,UNBLACKLIST,0x1e34a77868e19a6647b1f2f47b51ed72dede95dd,ADDRESS,,,,ACTIVE,,,,,CU-TRG-0053,,CU-IMP-1500,,ONCHAIN_SCAN,HIGH,,Circle
CU-ACT-1501,2025-03-22,UNBLACKLIST,0x23173fe8b96a4ad8d2e17fb83ea5dcccdca1ae52,ADDRESS,,,,ACTIVE,,,,,CU-TRG-0053,,CU-IMP-1501,,ONCHAIN_SCAN,HIGH,,Circle
CU-ACT-1502,2025-03-22,UNBLACKLIST,0x242654336ca2205714071898f67e254eb49acdce,ADDRESS,,,,ACTIVE,,,,,CU-TRG-0053,,CU-IMP-1502,,ONCHAIN_SCAN,HIGH,,Circle
CU-ACT-1503,2025-03-22,UNBLACKLIST,0x330bdfade01ee9bf63c209ee33102dd334618e0a,ADDRESS,,,,ACTIVE,,,,,CU-TRG-0053,,CU-IMP-1503,,ONCHAIN_SCAN,HIGH,,Circle
CU-ACT-1504,2025-03-22,UNBLACKLIST,0x3aac1cc67c2ec5db4ea850957b967ba153ad6279,ADDRESS,,,,ACTIVE,,,,,CU-TRG-0053,,CU-IMP-1504,,ONCHAIN_SCAN,HIGH,,Circle
CU-ACT-1505,2025-03-22,UNBLACKLIST,0x407cceeaa7c95d2fe2250bf9f2c105aa7aafb512,ADDRESS,,,,ACTIVE,,,,,CU-TRG-0053,,CU-IMP-1505,,ONCHAIN_SCAN,HIGH,,Circle
CU-ACT-1506,2025-03-22,UNBLACKLIST,0x538ab61e8a9fc1b2f93b3dd9011d662d89be6fe6,ADDRESS,,,,ACTIVE,,,,,CU-TRG-0053,,CU-IMP-1506,,ONCHAIN_SCAN,HIGH,,Circle
CU-ACT-1507,2025-03-22,UNBLACKLIST,0x57b2b8c82f065de8ef5573f9730fc1449b403c9f,ADDRESS,,,,ACTIVE,,,,,CU-TRG-0053,,CU-IMP-1507,,ONCHAIN_SCAN,HIGH,,Circle
CU-ACT-1508,2025-03-22,UNBLACKLIST,0x6bf694a291df3fec1f7e69701e3ab6c592435ae7,ADDRESS,,,,ACTIVE,,,,,CU-TRG-0053,,CU-IMP-1508,,ONCHAIN_SCAN,HIGH,,Circle
CU-ACT-1509,2025-03-22,UNBLACKLIST,0x723b78e67497e85279cb204544566f4dc5d2aca0,ADDRESS,,,,ACTIVE,,,,,CU-TRG-0053,,CU-IMP-1509,,ONCHAIN_SCAN,HIGH,,Circle
CU-ACT-1510,2025-03-22,UNBLACKLIST,0x743494b60097a2230018079c02fe21a7b687eaa5,ADDRESS,,,,ACTIVE,,,,,CU-TRG-0053,,CU-IMP-1510,,ONCHAIN_SCAN,HIGH,,Circle
CU-ACT-1511,2025-03-22,UNBLACKLIST,0x76d85b4c0fc497eecc38902397ac608000a06607,ADDRESS,,,,ACTIVE,,,,,CU-TRG-0053,,CU-IMP-1511,,ONCHAIN_SCAN,HIGH,,Circle
CU-ACT-1512,2025-03-22,UNBLACKLIST,0x776198ccf446dfa168347089d7338879273172cf,ADDRESS,,,,ACTIVE,,,,,CU-TRG-0053,,CU-IMP-1512,,ONCHAIN_SCAN,HIGH,,Circle
CU-ACT-1513,2025-03-22,UNBLACKLIST,0x8281aa6795ade17c8973e1aedca380258bc124f9,ADDRESS,,,,ACTIVE,,,,,CU-TRG-0053,,CU-IMP-1513,,ONCHAIN_SCAN,HIGH,,Circle
CU-ACT-1514,2025-03-22,UNBLACKLIST,0x833481186f16cece3f1eeea1a694c42034c3a0db,ADDRESS,,,,ACTIVE,,,,,CU-TRG-0053,,CU-IMP-1514,,ONCHAIN_SCAN,HIGH,,Circle
CU-ACT-1515,2025-03-22,UNBLACKLIST,0x84443cfd09a48af6ef360c6976c5392ac5023a1f,ADDRESS,,,,ACTIVE,,,,,CU-TRG-0053,,CU-IMP-1515,,ONCHAIN_SCAN,HIGH,,Circle
CU-ACT-1516,2025-03-22,UNBLACKLIST,0x94be88213a387e992dd87de56950a9aef34b9448,ADDRESS,,,,ACTIVE,,,,,CU-TRG-0053,,CU-IMP-1516,,ONCHAIN_SCAN,HIGH,,Circle
CU-ACT-1517,2025-03-22,UNBLACKLIST,0xa5c2254e4253490c54cef0a4347fddb8f75a4998,ADDRESS,,,,ACTIVE,,,,,CU-TRG-0053,,CU-IMP-1517,,ONCHAIN_SCAN,HIGH,,Circle
CU-ACT-1518,2025-03-22,UNBLACKLIST,0xaf4c0b70b2ea9fb7487c7cbb37ada259579fe040,ADDRESS,,,,ACTIVE,,,,,CU-TRG-0053,,CU-IMP-1518,,ONCHAIN_SCAN,HIGH,,Circle
CU-ACT-1519,2025-03-22,UNBLACKLIST,0xaf8d1839c3c67cf571aa74b5c12398d4901147b3,ADDRESS,,,,ACTIVE,,,,,CU-TRG-0053,,CU-IMP-1519,,ONCHAIN_SCAN,HIGH,,Circle
CU-ACT-1520,2025-03-22,UNBLACKLIST,0xcc84179ffd19a1627e79f8648d09e095252bc418,ADDRESS,,,,ACTIVE,,,,,CU-TRG-0053,,CU-IMP-1520,,ONCHAIN_SCAN,HIGH,,Circle
CU-ACT-1521,2025-03-22,UNBLACKLIST,0xd47438c816c9e7f2e2888e060936a499af9582b3,ADDRESS,,,,ACTIVE,,,,,CU-TRG-0053,,CU-IMP-1521,,ONCHAIN_SCAN,HIGH,,Circle
CU-ACT-1522,2025-03-22,UNBLACKLIST,0xd5d6f8d9e784d0e26222ad3834500801a68d027d,ADDRESS,,,,ACTIVE,,,,,CU-TRG-0053,,CU-IMP-1522,,ONCHAIN_SCAN,HIGH,,Circle
CU-ACT-1523,2025-03-22,UNBLACKLIST,0xdf231d99ff8b6c6cbf4e9b9a945cbacef9339178,ADDRESS,,,,ACTIVE,,,,,CU-TRG-0053,,CU-IMP-1523,,ONCHAIN_SCAN,HIGH,,Circle
CU-ACT-1524,2025-03-22,UNBLACKLIST,0xedc5d01286f99a066559f60a585406f3878a033e,ADDRESS,,,,ACTIVE,,,,,CU-TRG-0053,,CU-IMP-1524,,ONCHAIN_SCAN,HIGH,,Circle
CU-ACT-1525,2025-03-22,UNBLACKLIST,0x0e3a09dda6b20afbb34ac7cd4a6881493f3e7bf7,ADDRESS,,,,ACTIVE,,,,,CU-TRG-0053,,CU-IMP-1525,,ONCHAIN_SCAN,HIGH,,Circle
CU-ACT-1526,2025-03-22,UNBLACKLIST,0x05e0b5b40b7b66098c2161a5ee11c5740a3a7c45,ADDRESS,,,,ACTIVE,,,,,CU-TRG-0053,,CU-IMP-1526,,ONCHAIN_SCAN,HIGH,,Circle
CU-ACT-1527,2025-04-02,BLACKLIST,0x16f068ea913a912c62114a873b678b1aa9236585,ADDRESS,SANCTIONED_ENTITY,CU-ENT-0051,,ACTIVE,,,,,CU-TRG-0045,,CU-IMP-1527,2025-04-02,ONCHAIN_SCAN,HIGH,,Circle
CU-ACT-1528,2025-04-02,BLACKLIST,0x9acfa7136bd9ee19fc2c4517e2033705262f938c,ADDRESS,SANCTIONED_ENTITY,CU-ENT-0051,,ACTIVE,,,,,CU-TRG-0045,,CU-IMP-1528,2025-04-02,ONCHAIN_SCAN,HIGH,,Circle
CU-ACT-1529,2025-04-02,BLACKLIST,0xe942adb085bdc3cd49ad2ddaea53934f12a7e0a5,ADDRESS,SANCTIONED_ENTITY,CU-ENT-0051,,ACTIVE,,,,,CU-TRG-0045,,CU-IMP-1529,2025-04-02,ONCHAIN_SCAN,HIGH,,Circle
CU-ACT-1530,2025-04-02,BLACKLIST,0x4755da10f30da425a1b5f12166bec82600c48c79,ADDRESS,SANCTIONED_ENTITY,CU-ENT-0051,,ACTIVE,,,,,CU-TRG-0045,,CU-IMP-1530,2025-04-02,ONCHAIN_SCAN,HIGH,,Circle
CU-ACT-1531,2025-04-02,BLACKLIST,0x2b872fc6d0614e39150d078db0e2ff56650f2b4b,ADDRESS,SANCTIONED_ENTITY,CU-ENT-0051,,ACTIVE,,,,,CU-TRG-0045,,CU-IMP-1531,2025-04-02,ONCHAIN_SCAN,HIGH,,Circle
CU-ACT-1532,2025-04-02,BLACKLIST,0x7a01e8268bbb7b5b7403b673aa0b9d7b36f651aa,ADDRESS,SANCTIONED_ENTITY,CU-ENT-0051,,ACTIVE,,,,,CU-TRG-0045,,CU-IMP-1532,2025-04-02,ONCHAIN_SCAN,HIGH,,Circle
CU-ACT-1533,2025-04-02,BLACKLIST,0x2a4c4406a0495116aa880c57486cb876658d8aa1,ADDRESS,SANCTIONED_ENTITY,CU-ENT-0051,,ACTIVE,,,,,CU-TRG-0045,,CU-IMP-1533,2025-04-02,ONCHAIN_SCAN,HIGH,,Circle
CU-ACT-1534,2025-04-02,BLACKLIST,0xd9471e6c644756e845e4a10260362ab9a3a9845a,ADDRESS,SANCTIONED_ENTITY,CU-ENT-0051,,ACTIVE,,,,,CU-TRG-0045,,CU-IMP-1534,2025-04-02,ONCHAIN_SCAN,HIGH,,Circle
CU-ACT-1535,2025-05-29,BLACKLIST,0xd5ed34b52ac4ab84d8fa8a231a3218bbf01ed510,ADDRESS,sanctioned_entity,CU-ENT-0031,,ACTIVE,,,,,CU-TRG-0031,,CU-IMP-1535,,ONCHAIN_SCAN,HIGH,,Circle
CU-ACT-1536,2025-05-29,BLACKLIST,0x8c5f37d4db13967643e33d5404f66f86569221ca,ADDRESS,SANCTIONED_ENTITY,CU-ENT-0031,,ACTIVE,,,,,CU-TRG-0031,,CU-IMP-1536,2025-05-29,ONCHAIN_SCAN,HIGH,,Circle
CU-ACT-1537,2025-06-27,BLACKLIST,0x53b9b72dc6f96eb4b54143b211b22e2548e4cf5c,ADDRESS,,,,ACTIVE,,,,,CU-TRG-0040,,CU-IMP-1537,2026-03-25,ONCHAIN_SCAN,HIGH,,Circle
CU-ACT-1538,2025-06-28,BLACKLIST,0xe3740c1b2fcda407027e2c80906306604e5260e7,ADDRESS,,,,ACTIVE,,,,,,,CU-IMP-1538,,ONCHAIN_SCAN,HIGH,,Circle
CU-ACT-1539,2025-07-01,BLACKLIST,0xc685132e908cce284c063415ea353af5f555c6c6,ADDRESS,SANCTIONED_ENTITY,CU-ENT-0080,,ACTIVE,,,,,CU-TRG-0073,,CU-IMP-1539,2025-07-01,ONCHAIN_SCAN,HIGH,,Circle
CU-ACT-1540,2025-08-14,BLACKLIST,0x3301843d4d8c3314706a6526940bc2a38ed29475,ADDRESS,SANCTIONED_ENTITY,CU-ENT-0050,,ACTIVE,,,,,CU-TRG-0044,,CU-IMP-1540,2025-08-14,ONCHAIN_SCAN,HIGH,,Circle
CU-ACT-1541,2025-08-14,BLACKLIST,0x6e2bf91ff62095e759301a1e46df3278f7d6bf07,ADDRESS,SANCTIONED_ENTITY,CU-ENT-0050,,ACTIVE,,,,,CU-TRG-0044,,CU-IMP-1541,2025-08-14,ONCHAIN_SCAN,HIGH,,Circle
CU-ACT-1542,2025-08-14,BLACKLIST,0x8a33c4dccc7e840e536c1abc9af4612f876f54de,ADDRESS,SANCTIONED_ENTITY,CU-ENT-0050,,ACTIVE,,,,,CU-TRG-0044,,CU-IMP-1542,2025-08-14,ONCHAIN_SCAN,HIGH,,Circle
CU-ACT-1543,2025-08-14,BLACKLIST,0x17b65262f73d2a8668dededc6a40274c3e0ea058,ADDRESS,SANCTIONED_ENTITY,CU-ENT-0050,,ACTIVE,,,,,CU-TRG-0044,,CU-IMP-1543,2025-08-14,ONCHAIN_SCAN,HIGH,,Circle
CU-ACT-1544,2025-08-14,BLACKLIST,0x0655b7211f302b42a7bfa16a6c45284ab82fd85b,ADDRESS,SANCTIONED_ENTITY,CU-ENT-0050,,ACTIVE,,,,,CU-TRG-0044,,CU-IMP-1544,2025-08-14,ONCHAIN_SCAN,HIGH,,Circle
CU-ACT-1545,2025-08-14,BLACKLIST,0x82df92ebaa039dd6c9e0689390d7298a5ca1f59c,ADDRESS,SANCTIONED_ENTITY,CU-ENT-0050,,ACTIVE,,,,,CU-TRG-0044,,CU-IMP-1545,2025-08-14,ONCHAIN_SCAN,HIGH,,Circle
CU-ACT-1546,2025-08-14,BLACKLIST,0x48ea81d8db01cc3f551be8ecc8627b5a803eb075,ADDRESS,SANCTIONED_ENTITY,CU-ENT-0050,,ACTIVE,,,,,CU-TRG-0044,,CU-IMP-1546,2025-08-14,ONCHAIN_SCAN,HIGH,,Circle
CU-ACT-1547,2025-08-14,BLACKLIST,0x12de548f79a50d2bd05481c8515c1ef5183666a9,ADDRESS,sanctioned_entity,CU-ENT-0032,,ACTIVE,,,,,CU-TRG-0032,,CU-IMP-1547,,ONCHAIN_SCAN,HIGH,,Circle
CU-ACT-1548,2025-08-14,BLACKLIST,0x18f703184349667cdae85a07e7f2efac36052b89,ADDRESS,SANCTIONED_ENTITY,CU-ENT-0050,,ACTIVE,,,,,CU-TRG-0044,,CU-IMP-1548,2025-08-14,ONCHAIN_SCAN,HIGH,,Circle
CU-ACT-1549,2025-08-14,BLACKLIST,0x8dce2aac0de82bdcaf6b4373b79f94331b8e4995,ADDRESS,sanctioned_entity,CU-ENT-0010,,ACTIVE,,,,,CU-TRG-0010,,CU-IMP-1549,,ONCHAIN_SCAN,HIGH,,Circle
CU-ACT-1550,2025-08-14,BLACKLIST,0xf4377eda661e04b6dda78969796ed31658d602d4,ADDRESS,sanctioned_entity,CU-ENT-0010,,ACTIVE,,,,,CU-TRG-0010,,CU-IMP-1550,,ONCHAIN_SCAN,HIGH,,Circle
CU-ACT-1551,2025-08-14,BLACKLIST,0xb338962b92cd818d6aef0a32a9ecd01212a71f33,ADDRESS,sanctioned_entity,CU-ENT-0010,,ACTIVE,,,,,CU-TRG-0010,,CU-IMP-1551,,ONCHAIN_SCAN,HIGH,,Circle
CU-ACT-1552,2025-08-14,BLACKLIST,0x57ec89a0c056163a0314e413320f9b3abe761259,ADDRESS,sanctioned_entity,CU-ENT-0010,,ACTIVE,,,,,CU-TRG-0010,,CU-IMP-1552,,ONCHAIN_SCAN,HIGH,,Circle
CU-ACT-1553,2025-08-14,BLACKLIST,0xd8500c631dc32fa18645b7436344a99e4825e10e,ADDRESS,sanctioned_entity,CU-ENT-0010,,ACTIVE,,,,,CU-TRG-0010,,CU-IMP-1553,,ONCHAIN_SCAN,HIGH,,Circle
CU-ACT-1554,2025-08-14,BLACKLIST,0x7ced75026204ac29c34bea98905d4c949f27361e,ADDRESS,sanctioned_entity,CU-ENT-0010,,ACTIVE,,,,,CU-TRG-0010,,CU-IMP-1554,,ONCHAIN_SCAN,HIGH,,Circle
CU-ACT-1555,2025-08-14,BLACKLIST,0x418949a4a7da9e07192909722072dded8f670d58,ADDRESS,SANCTIONED_ENTITY,CU-ENT-0050,,ACTIVE,,,,,CU-TRG-0044,,CU-IMP-1555,2025-08-14,ONCHAIN_SCAN,HIGH,,Circle
CU-ACT-1556,2025-08-14,BLACKLIST,0x6042c2f32769454c5ff226fdae52b81e49cd922f,ADDRESS,SANCTIONED_ENTITY,CU-ENT-0050,,ACTIVE,,,,,CU-TRG-0044,,CU-IMP-1556,2025-08-14,ONCHAIN_SCAN,HIGH,,Circle
CU-ACT-1557,2025-08-14,BLACKLIST,0x8660f3ab5285f9e497ffbf2997285c24466aa2a1,ADDRESS,SANCTIONED_ENTITY,CU-ENT-0050,,ACTIVE,,,,,CU-TRG-0044,,CU-IMP-1557,2025-08-14,ONCHAIN_SCAN,HIGH,,Circle
CU-ACT-1558,2025-09-12,BLACKLIST,0xfa3576591b710cd8a68f22fc10281f39f88d8cb1,ADDRESS,,,,REVERSED,CU-ACT-1559,,,,,,CU-IMP-1558,,ONCHAIN_SCAN,HIGH,,Circle
CU-ACT-1559,2025-09-12,UNBLACKLIST,0xfa3576591b710cd8a68f22fc10281f39f88d8cb1,ADDRESS,,,,ACTIVE,,,,,,,CU-IMP-1559,,ONCHAIN_SCAN,HIGH,,Circle
CU-ACT-1560,2025-09-16,BLACKLIST,0xe3d35f68383732649669aa990832e017340dbca5,ADDRESS,sanctioned_entity,CU-ENT-0033,,ACTIVE,,,,,CU-TRG-0033,,CU-IMP-1560,,ONCHAIN_SCAN,HIGH,,Circle
CU-ACT-1561,2025-09-16,BLACKLIST,0x532b77b33a040587e9fd1800088225f99b8b0e8a,ADDRESS,sanctioned_entity,CU-ENT-0033,,ACTIVE,,,,,CU-TRG-0033,,CU-IMP-1561,,ONCHAIN_SCAN,HIGH,,Circle
CU-ACT-1562,2025-09-16,BLACKLIST,0xf405df57cc3a2df4dd262b6494d76e346ca778f1,ADDRESS,SANCTIONED_ENTITY,CU-ENT-0056,,ACTIVE,,,,,CU-TRG-0050,,CU-IMP-1562,2025-09-16,ONCHAIN_SCAN,HIGH,,Circle
CU-ACT-1563,2025-09-16,BLACKLIST,0xab4302cfcf1c2337c1b59af1d23bd97189fe962c,ADDRESS,SANCTIONED_ENTITY,CU-ENT-0056,,ACTIVE,,,,,CU-TRG-0050,,CU-IMP-1563,2025-09-16,ONCHAIN_SCAN,HIGH,,Circle
CU-ACT-1564,2025-09-16,BLACKLIST,0x9ab7a3e606677ddf6f3538dd4472ec770c282b3e,ADDRESS,SANCTIONED_ENTITY,CU-ENT-0056,,ACTIVE,,,,,CU-TRG-0050,,CU-IMP-1564,2025-09-16,ONCHAIN_SCAN,HIGH,,Circle
CU-ACT-1565,2025-09-16,BLACKLIST,0xba475bb43ee21013fd14c85e2c74b24bcf5a54c1,ADDRESS,SANCTIONED_ENTITY,CU-ENT-0056,,ACTIVE,,,,,CU-TRG-0050,,CU-IMP-1565,2025-09-16,ONCHAIN_SCAN,HIGH,,Circle
CU-ACT-1566,2025-09-16,BLACKLIST,0xdb2720ebad55399117ddb4c4a4afd9a4ccada8fe,ADDRESS,sanctioned_entity,CU-ENT-0034,,ACTIVE,,,,,CU-TRG-0034,,CU-IMP-1566,,ONCHAIN_SCAN,HIGH,,Circle
CU-ACT-1567,2025-09-24,BLACKLIST,0x240fd853e1509a975bd95348d49c923fb0b5d43c,ADDRESS,SANCTIONED_ENTITY,CU-ENT-0081,,ACTIVE,,,,,CU-TRG-0074,,CU-IMP-1567,2025-09-24,ONCHAIN_SCAN,HIGH,,Circle
CU-ACT-1568,2025-10-14,BLACKLIST,0xd599ac04a1c786972b81e0fef6fb0c3e7b52f8a7,ADDRESS,SANCTIONED_ENTITY,CU-ENT-0055,,ACTIVE,,,,,CU-TRG-0049,,CU-IMP-1568,2025-10-14,ONCHAIN_SCAN,HIGH,,Circle
CU-ACT-1569,2025-10-14,BLACKLIST,0xae05eb856cb28c156d9722094f5eefd5693bc181,ADDRESS,SANCTIONED_ENTITY,CU-ENT-0055,,ACTIVE,,,,,CU-TRG-0049,,CU-IMP-1569,2025-10-14,ONCHAIN_SCAN,HIGH,,Circle
CU-ACT-1570,2025-10-14,BLACKLIST,0x2a4ff8bc97d3faef20ca9aa3c8dac93450695434,ADDRESS,SANCTIONED_ENTITY,CU-ENT-0055,,ACTIVE,,,,,CU-TRG-0049,,CU-IMP-1570,2025-10-14,ONCHAIN_SCAN,HIGH,,Circle
CU-ACT-1571,2025-10-14,BLACKLIST,0xae05eb856cb28c156d9722094f5eefd5693bc181,ADDRESS,SANCTIONED_ENTITY,CU-ENT-0055,,ACTIVE,,,,,CU-TRG-0049,,CU-IMP-1571,2025-10-14,ONCHAIN_SCAN,HIGH,,Circle
CU-ACT-1572,2025-10-14,BLACKLIST,0x500aa554ed27a6c94fe0d5eb5df3482b528a5efe,ADDRESS,SANCTIONED_ENTITY,CU-ENT-0055,,ACTIVE,,,,,CU-TRG-0049,,CU-IMP-1572,2025-10-14,ONCHAIN_SCAN,HIGH,,Circle
CU-ACT-1573,2025-10-14,BLACKLIST,0x500aa554ed27a6c94fe0d5eb5df3482b528a5efe,ADDRESS,SANCTIONED_ENTITY,CU-ENT-0055,,ACTIVE,,,,,CU-TRG-0049,,CU-IMP-1573,2025-10-14,ONCHAIN_SCAN,HIGH,,Circle
CU-ACT-1574,2025-10-14,BLACKLIST,0x500aa554ed27a6c94fe0d5eb5df3482b528a5efe,ADDRESS,SANCTIONED_ENTITY,CU-ENT-0055,,ACTIVE,,,,,CU-TRG-0049,,CU-IMP-1574,2025-10-14,ONCHAIN_SCAN,HIGH,,Circle
CU-ACT-1575,2025-11-04,BLACKLIST,0x00be5e0c85be35948d97ad37f62d108243f89ae0,ADDRESS,SANCTIONED_ENTITY,CU-ENT-0047,,ACTIVE,,,CU-INC-0003,,CU-TRG-0042,,CU-IMP-1575,2025-11-04,ONCHAIN_SCAN,HIGH,,Circle
CU-ACT-1576,2025-11-04,BLACKLIST,0x95a603c86ec4a585e4359d1f07e6949567491fc9,ADDRESS,SANCTIONED_ENTITY,CU-ENT-0047,,ACTIVE,,,CU-INC-0003,,CU-TRG-0042,,CU-IMP-1576,2025-11-04,ONCHAIN_SCAN,HIGH,,Circle
CU-ACT-1577,2025-11-04,BLACKLIST,0x7b7f0d8f53e16faee4cf90aedf50c7073f17beff,ADDRESS,SANCTIONED_ENTITY,CU-ENT-0047,,ACTIVE,,,CU-INC-0003,,CU-TRG-0042,,CU-IMP-1577,2025-11-04,ONCHAIN_SCAN,HIGH,,Circle
CU-ACT-1578,2025-11-04,BLACKLIST,0x00bf03f87539214307207c61b7f729ddc22977b8,ADDRESS,SANCTIONED_ENTITY,CU-ENT-0047,,ACTIVE,,,CU-INC-0003,,CU-TRG-0042,,CU-IMP-1578,2025-11-04,ONCHAIN_SCAN,HIGH,,Circle
CU-ACT-1579,2025-11-04,BLACKLIST,0x0d1891dd69efe614918e989b5ebd68d6e5f18ff5,ADDRESS,SANCTIONED_ENTITY,CU-ENT-0047,,ACTIVE,,,CU-INC-0003,,CU-TRG-0042,,CU-IMP-1579,2025-11-04,ONCHAIN_SCAN,HIGH,,Circle
CU-ACT-1580,2025-11-04,BLACKLIST,0x10df38a923a660965d098f24a618b0d1b5d99cba,ADDRESS,SANCTIONED_ENTITY,CU-ENT-0047,,ACTIVE,,,CU-INC-0003,,CU-TRG-0042,,CU-IMP-1580,2025-11-04,ONCHAIN_SCAN,HIGH,,Circle
CU-ACT-1581,2025-11-04,BLACKLIST,0x15a68a9ffa2a94bdad8468d93af4db24251af772,ADDRESS,SANCTIONED_ENTITY,CU-ENT-0047,,ACTIVE,,,CU-INC-0003,,CU-TRG-0042,,CU-IMP-1581,2025-11-04,ONCHAIN_SCAN,HIGH,,Circle
CU-ACT-1582,2025-11-04,BLACKLIST,0x117bb0cfee7ce8f842967537fbcd92fc504d68ab,ADDRESS,SANCTIONED_ENTITY,CU-ENT-0047,,ACTIVE,,,CU-INC-0003,,CU-TRG-0042,,CU-IMP-1582,2025-11-04,ONCHAIN_SCAN,HIGH,,Circle
CU-ACT-1583,2025-11-04,BLACKLIST,0x171f95410bc65dfc8549c287cd475dc8b82df192,ADDRESS,SANCTIONED_ENTITY,CU-ENT-0047,,ACTIVE,,,CU-INC-0003,,CU-TRG-0042,,CU-IMP-1583,2025-11-04,ONCHAIN_SCAN,HIGH,,Circle
CU-ACT-1584,2025-11-04,BLACKLIST,0x114074ff655d0643a4ff70411ffca618cb7edca1,ADDRESS,SANCTIONED_ENTITY,CU-ENT-0047,,ACTIVE,,,CU-INC-0003,,CU-TRG-0042,,CU-IMP-1584,2025-11-04,ONCHAIN_SCAN,HIGH,,Circle
CU-ACT-1585,2025-11-04,BLACKLIST,0x17fff4f3364fa6dfa25cf37bebbff62bc47232f7,ADDRESS,SANCTIONED_ENTITY,CU-ENT-0047,,ACTIVE,,,CU-INC-0003,,CU-TRG-0042,,CU-IMP-1585,2025-11-04,ONCHAIN_SCAN,HIGH,,Circle
CU-ACT-1586,2025-11-04,BLACKLIST,0x2547ad3f4b0d37881101885addd1cedf753af9aa,ADDRESS,SANCTIONED_ENTITY,CU-ENT-0047,,ACTIVE,,,CU-INC-0003,,CU-TRG-0042,,CU-IMP-1586,2025-11-04,ONCHAIN_SCAN,HIGH,,Circle
CU-ACT-1587,2025-11-04,BLACKLIST,0x3e0c892556da529a0c03a28f763964bdf25ca88c,ADDRESS,SANCTIONED_ENTITY,CU-ENT-0047,,ACTIVE,,,CU-INC-0003,,CU-TRG-0042,,CU-IMP-1587,2025-11-04,ONCHAIN_SCAN,HIGH,,Circle
CU-ACT-1588,2025-11-04,BLACKLIST,0x2cbd0ba5b15bde90d5252d8ac1ed2aa121d2d62a,ADDRESS,SANCTIONED_ENTITY,CU-ENT-0047,,ACTIVE,,,CU-INC-0003,,CU-TRG-0042,,CU-IMP-1588,2025-11-04,ONCHAIN_SCAN,HIGH,,Circle
CU-ACT-1589,2025-11-04,BLACKLIST,0x40813812bb5a22be798d7f4cf227a584f4f87bc9,ADDRESS,SANCTIONED_ENTITY,CU-ENT-0047,,ACTIVE,,,CU-INC-0003,,CU-TRG-0042,,CU-IMP-1589,2025-11-04,ONCHAIN_SCAN,HIGH,,Circle
CU-ACT-1590,2025-11-04,BLACKLIST,0x37cefc817a4582773b26835910127ba24f284bb4,ADDRESS,SANCTIONED_ENTITY,CU-ENT-0047,,ACTIVE,,,CU-INC-0003,,CU-TRG-0042,,CU-IMP-1590,2025-11-04,ONCHAIN_SCAN,HIGH,,Circle
CU-ACT-1591,2025-11-04,BLACKLIST,0x412e673fb7cce4e031b9a02277b1aeb599f62bc1,ADDRESS,SANCTIONED_ENTITY,CU-ENT-0047,,ACTIVE,,,CU-INC-0003,,CU-TRG-0042,,CU-IMP-1591,2025-11-04,ONCHAIN_SCAN,HIGH,,Circle
CU-ACT-1592,2025-11-04,BLACKLIST,0x491e68c8464e39723c304aef5cea9543f37ee607,ADDRESS,SANCTIONED_ENTITY,CU-ENT-0047,,ACTIVE,,,CU-INC-0003,,CU-TRG-0042,,CU-IMP-1592,2025-11-04,ONCHAIN_SCAN,HIGH,,Circle
CU-ACT-1593,2025-11-04,BLACKLIST,0x44888f0a128a21872c38aa44bede1e31137ba85f,ADDRESS,SANCTIONED_ENTITY,CU-ENT-0047,,ACTIVE,,,CU-INC-0003,,CU-TRG-0042,,CU-IMP-1593,2025-11-04,ONCHAIN_SCAN,HIGH,,Circle
CU-ACT-1594,2025-11-04,BLACKLIST,0x46ccbcaf10b406a85a412ab713ad451caef9a950,ADDRESS,SANCTIONED_ENTITY,CU-ENT-0047,,ACTIVE,,,CU-INC-0003,,CU-TRG-0042,,CU-IMP-1594,2025-11-04,ONCHAIN_SCAN,HIGH,,Circle
CU-ACT-1595,2025-11-04,BLACKLIST,0x45fc0d462a6473905024a10f756feadf8e6c2d08,ADDRESS,SANCTIONED_ENTITY,CU-ENT-0047,,ACTIVE,,,CU-INC-0003,,CU-TRG-0042,,CU-IMP-1595,2025-11-04,ONCHAIN_SCAN,HIGH,,Circle
CU-ACT-1596,2025-11-04,BLACKLIST,0x4fa8b02fd04a8ed74b2c77d7efdfffbcc884e3f2,ADDRESS,SANCTIONED_ENTITY,CU-ENT-0047,,ACTIVE,,,CU-INC-0003,,CU-TRG-0042,,CU-IMP-1596,2025-11-04,ONCHAIN_SCAN,HIGH,,Circle
CU-ACT-1597,2025-11-04,BLACKLIST,0x80865644f47925223c7e12014e9b11f0f05212bc,ADDRESS,SANCTIONED_ENTITY,CU-ENT-0047,,ACTIVE,,,CU-INC-0003,,CU-TRG-0042,,CU-IMP-1597,2025-11-04,ONCHAIN_SCAN,HIGH,,Circle
CU-ACT-1598,2025-11-04,BLACKLIST,0x45afe4b7e98b6ef450e7b5f53bc1763f3be83e69,ADDRESS,SANCTIONED_ENTITY,CU-ENT-0047,,ACTIVE,,,CU-INC-0003,,CU-TRG-0042,,CU-IMP-1598,2025-11-04,ONCHAIN_SCAN,HIGH,,Circle
CU-ACT-1599,2025-11-04,BLACKLIST,0x5263b1aa550f70bd9753ec558c631eaadd2ae98c,ADDRESS,SANCTIONED_ENTITY,CU-ENT-0047,,ACTIVE,,,CU-INC-0003,,CU-TRG-0042,,CU-IMP-1599,2025-11-04,ONCHAIN_SCAN,HIGH,,Circle
CU-ACT-1600,2025-11-04,BLACKLIST,0x5042cca9d00c44733ebaf550851b9a65cc98d58f,ADDRESS,SANCTIONED_ENTITY,CU-ENT-0047,,ACTIVE,,,CU-INC-0003,,CU-TRG-0042,,CU-IMP-1600,2025-11-04,ONCHAIN_SCAN,HIGH,,Circle
CU-ACT-1601,2025-11-04,BLACKLIST,0x4b1d7ad9f0cbff66d194ba1e9f0da31635f23f0e,ADDRESS,SANCTIONED_ENTITY,CU-ENT-0047,,ACTIVE,,,CU-INC-0003,,CU-TRG-0042,,CU-IMP-1601,2025-11-04,ONCHAIN_SCAN,HIGH,,Circle
CU-ACT-1602,2025-11-04,BLACKLIST,0x5a1ca8328b9da53c6c11c8745ea8da29a9cd36c1,ADDRESS,SANCTIONED_ENTITY,CU-ENT-0047,,ACTIVE,,,CU-INC-0003,,CU-TRG-0042,,CU-IMP-1602,2025-11-04,ONCHAIN_SCAN,HIGH,,Circle
CU-ACT-1603,2025-11-04,BLACKLIST,0x72a2fc69c5a3025d9d79bb01335860aaf2a4a948,ADDRESS,SANCTIONED_ENTITY,CU-ENT-0047,,ACTIVE,,,CU-INC-0003,,CU-TRG-0042,,CU-IMP-1603,2025-11-04,ONCHAIN_SCAN,HIGH,,Circle
CU-ACT-1604,2025-11-04,BLACKLIST,0x55ef531216bd8077fb1acb8e61be532214b33b76,ADDRESS,SANCTIONED_ENTITY,CU-ENT-0047,,ACTIVE,,,CU-INC-0003,,CU-TRG-0042,,CU-IMP-1604,2025-11-04,ONCHAIN_SCAN,HIGH,,Circle
CU-ACT-1605,2025-11-04,BLACKLIST,0x80d658d0d767de04a4379fee4a2fdf10d9bfbf03,ADDRESS,SANCTIONED_ENTITY,CU-ENT-0047,,ACTIVE,,,CU-INC-0003,,CU-TRG-0042,,CU-IMP-1605,2025-11-04,ONCHAIN_SCAN,HIGH,,Circle
CU-ACT-1606,2025-11-04,BLACKLIST,0x932dbae7c0493923c2643efc52b9faadfc3109a6,ADDRESS,SANCTIONED_ENTITY,CU-ENT-0047,,ACTIVE,,,CU-INC-0003,,CU-TRG-0042,,CU-IMP-1606,2025-11-04,ONCHAIN_SCAN,HIGH,,Circle
CU-ACT-1607,2025-11-04,BLACKLIST,0x596ac03ba123b802325bf62ceff98e5608ac48e9,ADDRESS,SANCTIONED_ENTITY,CU-ENT-0047,,ACTIVE,,,CU-INC-0003,,CU-TRG-0042,,CU-IMP-1607,2025-11-04,ONCHAIN_SCAN,HIGH,,Circle
CU-ACT-1608,2025-11-04,BLACKLIST,0xad0fd006d311c33da60c180603316a813a3f68d4,ADDRESS,SANCTIONED_ENTITY,CU-ENT-0047,,ACTIVE,,,CU-INC-0003,,CU-TRG-0042,,CU-IMP-1608,2025-11-04,ONCHAIN_SCAN,HIGH,,Circle
CU-ACT-1609,2025-11-04,BLACKLIST,0x919d585e07ab0926832753eb43fd6fb2b8488051,ADDRESS,SANCTIONED_ENTITY,CU-ENT-0047,,ACTIVE,,,CU-INC-0003,,CU-TRG-0042,,CU-IMP-1609,2025-11-04,ONCHAIN_SCAN,HIGH,,Circle
CU-ACT-1610,2025-11-04,BLACKLIST,0xa4e740b001ea51cd90988b19cfb9da7a52e91c47,ADDRESS,SANCTIONED_ENTITY,CU-ENT-0047,,ACTIVE,,,CU-INC-0003,,CU-TRG-0042,,CU-IMP-1610,2025-11-04,ONCHAIN_SCAN,HIGH,,Circle
CU-ACT-1611,2025-11-04,BLACKLIST,0x97a582fff8b54e501f584dcd828fd1200f6f9e6b,ADDRESS,SANCTIONED_ENTITY,CU-ENT-0047,,ACTIVE,,,CU-INC-0003,,CU-TRG-0042,,CU-IMP-1611,2025-11-04,ONCHAIN_SCAN,HIGH,,Circle
CU-ACT-1612,2025-11-04,BLACKLIST,0xc19a1636cf379ce180a61946a990d743bd2ee3d1,ADDRESS,SANCTIONED_ENTITY,CU-ENT-0047,,ACTIVE,,,CU-INC-0003,,CU-TRG-0042,,CU-IMP-1612,2025-11-04,ONCHAIN_SCAN,HIGH,,Circle
CU-ACT-1613,2025-11-04,BLACKLIST,0x9d6350f74c811ca9e9c9adc35227a1193d5984b0,ADDRESS,SANCTIONED_ENTITY,CU-ENT-0047,,ACTIVE,,,CU-INC-0003,,CU-TRG-0042,,CU-IMP-1613,2025-11-04,ONCHAIN_SCAN,HIGH,,Circle
CU-ACT-1614,2025-11-04,BLACKLIST,0xe61c235a51cf48a554c60005d936d424d0d76397,ADDRESS,SANCTIONED_ENTITY,CU-ENT-0047,,ACTIVE,,,CU-INC-0003,,CU-TRG-0042,,CU-IMP-1614,2025-11-04,ONCHAIN_SCAN,HIGH,,Circle
CU-ACT-1615,2025-11-04,BLACKLIST,0xc95b0eaad3ed1c1505fc9b1a50c160afe3594036,ADDRESS,SANCTIONED_ENTITY,CU-ENT-0047,,ACTIVE,,,CU-INC-0003,,CU-TRG-0042,,CU-IMP-1615,2025-11-04,ONCHAIN_SCAN,HIGH,,Circle
CU-ACT-1616,2025-11-04,BLACKLIST,0xa3afa16728fc3a16072a7a00ec4508fafe02a34a,ADDRESS,SANCTIONED_ENTITY,CU-ENT-0047,,ACTIVE,,,CU-INC-0003,,CU-TRG-0042,,CU-IMP-1616,2025-11-04,ONCHAIN_SCAN,HIGH,,Circle
CU-ACT-1617,2025-11-04,BLACKLIST,0xc5aa13f464851d92fd59f1ef6a1c719e5e6d2d4a,ADDRESS,SANCTIONED_ENTITY,CU-ENT-0047,,ACTIVE,,,CU-INC-0003,,CU-TRG-0042,,CU-IMP-1617,2025-11-04,ONCHAIN_SCAN,HIGH,,Circle
CU-ACT-1618,2025-11-04,BLACKLIST,0xd3301fc40c118a14ba8c15370e6dd3746656d287,ADDRESS,SANCTIONED_ENTITY,CU-ENT-0047,,ACTIVE,,,CU-INC-0003,,CU-TRG-0042,,CU-IMP-1618,2025-11-04,ONCHAIN_SCAN,HIGH,,Circle
CU-ACT-1619,2025-11-04,BLACKLIST,0xda9809eaca62c7d52978045007f26817c425875f,ADDRESS,SANCTIONED_ENTITY,CU-ENT-0047,,ACTIVE,,,CU-INC-0003,,CU-TRG-0042,,CU-IMP-1619,2025-11-04,ONCHAIN_SCAN,HIGH,,Circle
CU-ACT-1620,2025-11-04,BLACKLIST,0xdc2ec40485f23d6268fe9f4fde8c390051f4766a,ADDRESS,SANCTIONED_ENTITY,CU-ENT-0047,,ACTIVE,,,CU-INC-0003,,CU-TRG-0042,,CU-IMP-1620,2025-11-04,ONCHAIN_SCAN,HIGH,,Circle
CU-ACT-1621,2025-11-04,BLACKLIST,0xc014eb917fb0689844b31347c7556c18a319bbbf,ADDRESS,SANCTIONED_ENTITY,CU-ENT-0047,,ACTIVE,,,CU-INC-0003,,CU-TRG-0042,,CU-IMP-1621,2025-11-04,ONCHAIN_SCAN,HIGH,,Circle
CU-ACT-1622,2025-11-04,BLACKLIST,0xe96e4483bc3f3abfea3213cd8a094ce5b26b117c,ADDRESS,SANCTIONED_ENTITY,CU-ENT-0047,,ACTIVE,,,CU-INC-0003,,CU-TRG-0042,,CU-IMP-1622,2025-11-04,ONCHAIN_SCAN,HIGH,,Circle
CU-ACT-1623,2025-11-04,BLACKLIST,0xf3f338ec1c5e17ab45377e78308ace9a6338242c,ADDRESS,SANCTIONED_ENTITY,CU-ENT-0047,,ACTIVE,,,CU-INC-0003,,CU-TRG-0042,,CU-IMP-1623,2025-11-04,ONCHAIN_SCAN,HIGH,,Circle
CU-ACT-1624,2025-11-04,BLACKLIST,0xdb7ae6b7a2153fe0062be5d1d90a8be5ec8aaa50,ADDRESS,SANCTIONED_ENTITY,CU-ENT-0047,,ACTIVE,,,CU-INC-0003,,CU-TRG-0042,,CU-IMP-1624,2025-11-04,ONCHAIN_SCAN,HIGH,,Circle
CU-ACT-1625,2025-11-04,BLACKLIST,0xed5324b5482a3eef2eb4263d1c386d86bfda5d4b,ADDRESS,SANCTIONED_ENTITY,CU-ENT-0047,,ACTIVE,,,CU-INC-0003,,CU-TRG-0042,,CU-IMP-1625,2025-11-04,ONCHAIN_SCAN,HIGH,,Circle
CU-ACT-1626,2025-11-04,BLACKLIST,0xf512078e07f61a2e28081c8ea86c6056788d18b4,ADDRESS,SANCTIONED_ENTITY,CU-ENT-0047,,ACTIVE,,,CU-INC-0003,,CU-TRG-0042,,CU-IMP-1626,2025-11-04,ONCHAIN_SCAN,HIGH,,Circle
CU-ACT-1627,2025-11-04,BLACKLIST,0xfc3def4dc3bac88f7e80d53c2499a02d65ae7e66,ADDRESS,SANCTIONED_ENTITY,CU-ENT-0047,,ACTIVE,,,CU-INC-0003,,CU-TRG-0042,,CU-IMP-1627,2025-11-04,ONCHAIN_SCAN,HIGH,,Circle
CU-ACT-1628,2025-11-19,BLACKLIST,0x5d5b5dafecbf31bdb08bfd3edad4f2694372d0ef,ADDRESS,sanctioned_entity,CU-ENT-0035,,ACTIVE,,,,,CU-TRG-0035,,CU-IMP-1628,,ONCHAIN_SCAN,HIGH,,Circle
CU-ACT-1629,2025-11-19,BLACKLIST,0xe1e4c5e5ed8f03ae61b581e2def126025f2b9401,ADDRESS,sanctioned_entity,CU-ENT-0035,,ACTIVE,,,,,CU-TRG-0035,,CU-IMP-1629,,ONCHAIN_SCAN,HIGH,,Circle
CU-ACT-1630,2025-11-19,BLACKLIST,0x2020b536fd363c82fc3f6ab26aeea94b4ffa1404,ADDRESS,SANCTIONED_ENTITY,CU-ENT-0053,,ACTIVE,,,,,CU-TRG-0047,,CU-IMP-1630,2025-11-19,ONCHAIN_SCAN,HIGH,,Circle
CU-ACT-1631,2025-11-19,BLACKLIST,0xc103b7dc095c904b92081eef0c1640081ec01c10,ADDRESS,sanctioned_entity,CU-ENT-0035,,ACTIVE,,,,,CU-TRG-0035,,CU-IMP-1631,,ONCHAIN_SCAN,HIGH,,Circle
CU-ACT-1632,2025-11-19,BLACKLIST,0x2020b536fd363c82fc3f6ab26aeea94b4ffa1404,ADDRESS,SANCTIONED_ENTITY,CU-ENT-0053,,ACTIVE,,,,,CU-TRG-0047,,CU-IMP-1632,2025-11-19,ONCHAIN_SCAN,HIGH,,Circle
CU-ACT-1633,2025-11-19,BLACKLIST,0x091a964948da0f8f638c8b688e391e5a3df1a43e,ADDRESS,SANCTIONED_ENTITY,CU-ENT-0053,,ACTIVE,,,,,CU-TRG-0047,,CU-IMP-1633,2025-11-19,ONCHAIN_SCAN,HIGH,,Circle
CU-ACT-1634,2025-11-19,BLACKLIST,0x2020b536fd363c82fc3f6ab26aeea94b4ffa1404,ADDRESS,SANCTIONED_ENTITY,CU-ENT-0053,,ACTIVE,,,,,CU-TRG-0047,,CU-IMP-1634,2025-11-19,ONCHAIN_SCAN,HIGH,,Circle
CU-ACT-1635,2025-11-19,BLACKLIST,0x11fe0fd1a9fb17746eb9877a396ddf1b3a632838,ADDRESS,SANCTIONED_ENTITY,CU-ENT-0053,,ACTIVE,,,,,CU-TRG-0047,,CU-IMP-1635,2025-11-19,ONCHAIN_SCAN,HIGH,,Circle
CU-ACT-1636,2025-11-19,BLACKLIST,0x9227c54226014afcb588dc49818e28a3a2367557,ADDRESS,SANCTIONED_ENTITY,CU-ENT-0053,,ACTIVE,,,,,CU-TRG-0047,,CU-IMP-1636,2025-11-19,ONCHAIN_SCAN,HIGH,,Circle
CU-ACT-1637,2025-11-19,BLACKLIST,0xd4e976441a1cad72ee5cbd2fd1b677fe7ce8afdf,ADDRESS,SANCTIONED_ENTITY,CU-ENT-0053,,ACTIVE,,,,,CU-TRG-0047,,CU-IMP-1637,2025-11-19,ONCHAIN_SCAN,HIGH,,Circle
CU-ACT-1638,2025-11-26,BLACKLIST,0x66395ac274efad06bcfa78c882c9c4988833823b,ADDRESS,,,,ACTIVE,,,,,,,CU-IMP-1638,,ONCHAIN_SCAN,HIGH,,Circle
CU-ACT-1639,2026-01-30,BLACKLIST,0x0529ebc9ff01a4d390f91687d7c7406bf0dab24e,ADDRESS,SANCTIONED_ENTITY,CU-ENT-0052,,ACTIVE,,,,,CU-TRG-0046,,CU-IMP-1639,2026-01-30,ONCHAIN_SCAN,HIGH,,Circle
CU-ACT-1640,2026-01-30,BLACKLIST,0xbf92b14aa9fd088182178e2ebf208da946521ee5,ADDRESS,SANCTIONED_ENTITY,CU-ENT-0052,,ACTIVE,,,,,CU-TRG-0046,,CU-IMP-1640,2026-01-30,ONCHAIN_SCAN,HIGH,,Circle
CU-ACT-1641,2026-01-30,BLACKLIST,0x2136ed3902c1d7217d9b19cf313bbb035ed9bfd7,ADDRESS,SANCTIONED_ENTITY,CU-ENT-0052,,ACTIVE,,,,,CU-TRG-0046,,CU-IMP-1641,2026-01-30,ONCHAIN_SCAN,HIGH,,Circle
CU-ACT-1642,2026-01-30,BLACKLIST,0x180242dc6b95c786c2d9c397532c679a956a1d12,ADDRESS,SANCTIONED_ENTITY,CU-ENT-0052,,ACTIVE,,,,,CU-TRG-0046,,CU-IMP-1642,2026-01-30,ONCHAIN_SCAN,HIGH,,Circle
CU-ACT-1643,2026-01-30,BLACKLIST,0x4bae1c4b2167fe4ebcd6d7baac1138d943a2609f,ADDRESS,SANCTIONED_ENTITY,CU-ENT-0052,,ACTIVE,,,,,CU-TRG-0046,,CU-IMP-1643,2026-01-30,ONCHAIN_SCAN,HIGH,,Circle
CU-ACT-1644,2026-01-30,BLACKLIST,0x783a4cc2478f1b44f37052bac72abaa3fc6f992a,ADDRESS,SANCTIONED_ENTITY,CU-ENT-0052,,ACTIVE,,,,,CU-TRG-0046,,CU-IMP-1644,2026-01-30,ONCHAIN_SCAN,HIGH,,Circle
CU-ACT-1645,2026-01-30,BLACKLIST,0x8dd586d12164a98e319607295935ee968919608e,ADDRESS,SANCTIONED_ENTITY,CU-ENT-0052,,ACTIVE,,,,,CU-TRG-0046,,CU-IMP-1645,2026-01-30,ONCHAIN_SCAN,HIGH,,Circle
CU-ACT-1646,2026-03-12,BLACKLIST,0x95584c303fcd48af5c6b9873015f2ad0ca84eae3,ADDRESS,sanctioned_entity,CU-ENT-0036,,ACTIVE,,,,,CU-TRG-0036,,CU-IMP-1646,,ONCHAIN_SCAN,HIGH,,Circle
CU-ACT-1647,2026-03-12,BLACKLIST,0xee61f0eeee09eed3583baab61fa2e64b96207478,ADDRESS,SANCTIONED_ENTITY,CU-ENT-0046,,ACTIVE,,,CU-INC-0002,,CU-TRG-0041,,CU-IMP-1647,2026-03-12,ONCHAIN_SCAN,MEDIUM,,Circle
CU-ACT-1648,2026-03-12,BLACKLIST,0xcb74874f1e06fcf80a306e06e5379a44b488ba2d,ADDRESS,sanctioned_entity,CU-ENT-0037,,ACTIVE,,,,,CU-TRG-0037,,CU-IMP-1648,,ONCHAIN_SCAN,HIGH,,Circle
CU-ACT-1649,2026-03-12,BLACKLIST,0xb637f84b66876ebf609c2a4208905f9ddac9d075,ADDRESS,sanctioned_entity,CU-ENT-0036,,ACTIVE,,,,,CU-TRG-0036,,CU-IMP-1649,,ONCHAIN_SCAN,HIGH,,Circle
CU-ACT-1650,2026-03-12,BLACKLIST,0x0330070fd38ec3bb94f58fa55d40368271e9e54a,ADDRESS,sanctioned_entity,CU-ENT-0037,,ACTIVE,,,,,CU-TRG-0037,,CU-IMP-1650,,ONCHAIN_SCAN,HIGH,,Circle
CU-ACT-1651,2026-03-12,BLACKLIST,0x4f47bc496083c727c5fbe3ce9cdf2b0f6496270c,ADDRESS,sanctioned_entity,CU-ENT-0016,,ACTIVE,,,,,CU-TRG-0016,,CU-IMP-1651,,ONCHAIN_SCAN,HIGH,,Circle
CU-ACT-1652,2026-03-12,BLACKLIST,0x9be599d7867f5e1a2d7ec6db9710df2b98a15573,ADDRESS,sanctioned_entity,CU-ENT-0037,,ACTIVE,,,,,CU-TRG-0037,,CU-IMP-1652,,ONCHAIN_SCAN,HIGH,,Circle
CU-ACT-1653,2026-03-12,BLACKLIST,0x6315bdc714ebb7a08e5ec10f351b6ca61d052bee,ADDRESS,SANCTIONED_ENTITY,CU-ENT-0046,,ACTIVE,,,CU-INC-0002,,CU-TRG-0041,,CU-IMP-1653,2026-03-12,ONCHAIN_SCAN,MEDIUM,,Circle
CU-ACT-1654,2026-03-12,BLACKLIST,0xfb3eff152ea55d1bfa04dbdd509a80fd7b72cdeb,ADDRESS,sanctioned_entity,CU-ENT-0016,,ACTIVE,,,,,CU-TRG-0016,,CU-IMP-1654,,ONCHAIN_SCAN,HIGH,,Circle
CU-ACT-1655,2026-03-12,BLACKLIST,0x76ea76ca4eb727f18956ab93445a94c5280412b9,ADDRESS,sanctioned_entity,CU-ENT-0016,,ACTIVE,,,,,CU-TRG-0016,,CU-IMP-1655,,ONCHAIN_SCAN,HIGH,,Circle
CU-ACT-1656,2026-03-12,BLACKLIST,0x747afb5c7a7fc34b547cd0fdebf9b91759c5a52b,ADDRESS,sanctioned_entity,CU-ENT-0016,,ACTIVE,,,,,CU-TRG-0016,,CU-IMP-1656,,ONCHAIN_SCAN,HIGH,,Circle
CU-ACT-1657,2026-03-12,BLACKLIST,0xd04e33461fea8302c5e1e13895b60cee8aefda7f,ADDRESS,sanctioned_entity,CU-ENT-0016,,ACTIVE,,,,,CU-TRG-0016,,CU-IMP-1657,,ONCHAIN_SCAN,HIGH,,Circle
CU-ACT-1658,2026-03-12,BLACKLIST,0xfda1ec4a6178d4916b001a065422d31ebe5f62ff,ADDRESS,sanctioned_entity,CU-ENT-0016,,ACTIVE,,,,,CU-TRG-0016,,CU-IMP-1658,,ONCHAIN_SCAN,HIGH,,Circle
CU-ACT-1659,2026-03-12,BLACKLIST,0x8d55c4306745f05a31af596c6bfa19374073e797,ADDRESS,SANCTIONED_ENTITY,CU-ENT-0046,,ACTIVE,,,CU-INC-0002,,CU-TRG-0041,,CU-IMP-1659,2026-03-12,ONCHAIN_SCAN,MEDIUM,,Circle
CU-ACT-1660,2026-03-12,BLACKLIST,0xfe88af78cfc99bea57f2fb708489cfc0f0b7f704,ADDRESS,SANCTIONED_ENTITY,CU-ENT-0046,,ACTIVE,,,CU-INC-0002,,CU-TRG-0041,,CU-IMP-1660,2026-03-12,ONCHAIN_SCAN,MEDIUM,,Circle
CU-ACT-1661,2026-03-12,BLACKLIST,0x283fcf7f260da7c3c9aad91beab58882990a66eb,ADDRESS,SANCTIONED_ENTITY,CU-ENT-0046,,ACTIVE,,,CU-INC-0002,,CU-TRG-0041,,CU-IMP-1661,2026-03-12,ONCHAIN_SCAN,MEDIUM,,Circle
CU-ACT-1662,2026-03-12,BLACKLIST,0x2ec6c5fe3d7acd8e2e6185c17d9acb136e66f3e0,ADDRESS,SANCTIONED_ENTITY,CU-ENT-0046,,ACTIVE,,,CU-INC-0002,,CU-TRG-0041,,CU-IMP-1662,2026-03-12,ONCHAIN_SCAN,MEDIUM,,Circle
CU-ACT-1663,2026-03-12,BLACKLIST,0x9145fc390e71e3b56da4bfe51460cbdbb1a8a3f9,ADDRESS,SANCTIONED_ENTITY,CU-ENT-0046,,ACTIVE,,,CU-INC-0002,,CU-TRG-0041,,CU-IMP-1663,2026-03-12,ONCHAIN_SCAN,MEDIUM,,Circle
CU-ACT-1664,2026-03-12,BLACKLIST,0x88ef69134150f35b1e91fa2d8bfbb44ba2c51e62,ADDRESS,SANCTIONED_ENTITY,CU-ENT-0046,,ACTIVE,,,CU-INC-0002,,CU-TRG-0041,,CU-IMP-1664,2026-03-12,ONCHAIN_SCAN,MEDIUM,,Circle
CU-ACT-1665,2026-03-12,BLACKLIST,0x47df0606a84a52763887d7aa280cc4f068326b16,ADDRESS,SANCTIONED_ENTITY,CU-ENT-0046,,ACTIVE,,,CU-INC-0002,,CU-TRG-0041,,CU-IMP-1665,2026-03-12,ONCHAIN_SCAN,MEDIUM,,Circle
CU-ACT-1666,2026-03-12,BLACKLIST,0xf8bc582628cd0c721b554161a1cb59ea003742c0,ADDRESS,SANCTIONED_ENTITY,CU-ENT-0046,,ACTIVE,,,CU-INC-0002,,CU-TRG-0041,,CU-IMP-1666,2026-03-12,ONCHAIN_SCAN,MEDIUM,,Circle
CU-ACT-1667,2026-03-23,BLACKLIST,0x2ac3edd31755a9fa84dbc8befa7ea587c0967901,ADDRESS,,,,REVERSED,CU-ACT-1671,,,,CU-TRG-0040,,CU-IMP-1667,2026-03-25,ONCHAIN_SCAN,HIGH,,Circle
CU-ACT-1668,2026-03-23,BLACKLIST,0x4d108a579b0d001e2494901a1ee44280c3d516cd,ADDRESS,,,,REVERSED,CU-ACT-3348,,,,CU-TRG-0040,,CU-IMP-1668,2026-03-25,ONCHAIN_SCAN,HIGH,,Circle
CU-ACT-1669,2026-03-23,BLACKLIST,0x5197df5e822a35acb4e01dcb8b38cc212bbe1aa3,ADDRESS,,,,REVERSED,CU-ACT-3349,,,,CU-TRG-0040,,CU-IMP-1669,2026-03-25,ONCHAIN_SCAN,HIGH,,Circle
CU-ACT-1670,2026-03-23,BLACKLIST,0x7da0a7ce31f89b353e51985cf77388b29574e278,ADDRESS,,,,REVERSED,CU-ACT-3350,,,,CU-TRG-0040,,CU-IMP-1670,2026-03-25,ONCHAIN_SCAN,HIGH,,Circle
CU-ACT-1671,2026-03-27,UNBLACKLIST,0x2ac3edd31755a9fa84dbc8befa7ea587c0967901,ADDRESS,,,,ACTIVE,,,,,,,CU-IMP-1671,,ONCHAIN_SCAN,HIGH,,Circle
CU-ACT-1672,2022-03-30,BLACKLIST,0xd882cfc20f52f2599d84b8e8d58c7fb62cfe344b,ADDRESS,sanctioned_entity,CU-ENT-0003,,ACTIVE,,,,,CU-TRG-0003,,CU-IMP-1672,,ONCHAIN_SCAN,HIGH,,Circle
CU-ACT-1673,2022-03-30,BLACKLIST,0x7f367cc41522ce07553e823bf3be79a889debe1b,ADDRESS,sanctioned_entity,CU-ENT-0001,,ACTIVE,,,,,CU-TRG-0001,,CU-IMP-1673,,ONCHAIN_SCAN,HIGH,,Circle
CU-ACT-1674,2022-03-30,BLACKLIST,0x1da5821544e25c636c1417ba96ade4cf6d2f9b5a,ADDRESS,sanctioned_entity,CU-ENT-0002,,ACTIVE,,,,,CU-TRG-0002,,CU-IMP-1674,,ONCHAIN_SCAN,HIGH,,Circle
CU-ACT-1675,2022-03-30,BLACKLIST,0x7db418b5d567a4e0e8c59ad71be1fce48f3e6107,ADDRESS,sanctioned_entity,CU-ENT-0002,,ACTIVE,,,,,CU-TRG-0002,,CU-IMP-1675,,ONCHAIN_SCAN,HIGH,,Circle
CU-ACT-1676,2022-03-30,BLACKLIST,0x72a5843cc08275c8171e582972aa4fda8c397b2a,ADDRESS,sanctioned_entity,CU-ENT-0002,,ACTIVE,,,,,CU-TRG-0002,,CU-IMP-1676,,ONCHAIN_SCAN,HIGH,,Circle
CU-ACT-1677,2022-03-30,BLACKLIST,0x7f19720a857f834887fc9a7bc0a0fbe7fc7f8102,ADDRESS,sanctioned_entity,CU-ENT-0002,,ACTIVE,,,,,CU-TRG-0002,,CU-IMP-1677,,ONCHAIN_SCAN,HIGH,,Circle
CU-ACT-1678,2022-03-30,BLACKLIST,0x9f4cda013e354b8fc285bf4b9a60460cee7f7ea9,ADDRESS,sanctioned_entity,CU-ENT-0004,,ACTIVE,,,,,CU-TRG-0004,,CU-IMP-1678,,ONCHAIN_SCAN,HIGH,,Circle
CU-ACT-1679,2022-03-30,BLACKLIST,0xa7e5d5a720f06526557c513402f2e6b5fa20b008,ADDRESS,sanctioned_entity,CU-ENT-0007,,ACTIVE,,,,,CU-TRG-0007,,CU-IMP-1679,,ONCHAIN_SCAN,HIGH,,Circle
CU-ACT-1680,2022-03-30,BLACKLIST,0x3cbded43efdaf0fc77b9c55f6fc9988fcc9b757d,ADDRESS,sanctioned_entity,CU-ENT-0004,,ACTIVE,,,,,CU-TRG-0004,,CU-IMP-1680,,ONCHAIN_SCAN,HIGH,,Circle
CU-ACT-1681,2022-03-30,BLACKLIST,0x67d40ee1a85bf4a4bb7ffae16de985e8427b6b45,ADDRESS,sanctioned_entity,CU-ENT-0006,,ACTIVE,,,,,CU-TRG-0006,,CU-IMP-1681,,ONCHAIN_SCAN,HIGH,,Circle
CU-ACT-1682,2022-03-30,BLACKLIST,0x6f1ca141a28907f78ebaa64fb83a9088b02a8352,ADDRESS,sanctioned_entity,CU-ENT-0006,,ACTIVE,,,,,CU-TRG-0006,,CU-IMP-1682,,ONCHAIN_SCAN,HIGH,,Circle
CU-ACT-1683,2022-03-30,BLACKLIST,0x48549a34ae37b12f6a30566245176994e17c6b4a,ADDRESS,sanctioned_entity,CU-ENT-0006,,ACTIVE,,,,,CU-TRG-0006,,CU-IMP-1683,,ONCHAIN_SCAN,HIGH,,Circle
CU-ACT-1684,2022-03-30,BLACKLIST,0x6acdfba02d390b97ac2b2d42a63e85293bcc160e,ADDRESS,,,,REVERSED,CU-ACT-1837,,,,,,CU-IMP-1684,,ONCHAIN_SCAN,HIGH,,Circle
CU-ACT-1685,2022-03-30,BLACKLIST,0x5512d943ed1f7c8a43f3435c85f7ab68b30121b0,ADDRESS,sanctioned_entity,CU-ENT-0006,,ACTIVE,,,,,CU-TRG-0006,,CU-IMP-1685,,ONCHAIN_SCAN,HIGH,,Circle
CU-ACT-1686,2022-03-30,BLACKLIST,0xc455f7fd3e0e12afd51fba5c106909934d8a0e4a,ADDRESS,sanctioned_entity,CU-ENT-0006,,ACTIVE,,,,,CU-TRG-0006,,CU-IMP-1686,,ONCHAIN_SCAN,HIGH,,Circle
CU-ACT-1687,2022-03-30,BLACKLIST,0x2f389ce8bd8ff92de3402ffce4691d17fc4f6535,ADDRESS,sanctioned_entity,CU-ENT-0005,,ACTIVE,,,,,CU-TRG-0005,,CU-IMP-1687,,ONCHAIN_SCAN,HIGH,,Circle
CU-ACT-1688,2022-03-30,BLACKLIST,0x19aa5fe80d33a56d56c78e82ea5e50e5d80b4dff,ADDRESS,sanctioned_entity,CU-ENT-0005,,ACTIVE,,,,,CU-TRG-0005,,CU-IMP-1688,,ONCHAIN_SCAN,HIGH,,Circle
CU-ACT-1689,2022-03-30,BLACKLIST,0xe7aa314c77f4233c18c6cc84384a9247c0cf367b,ADDRESS,sanctioned_entity,CU-ENT-0005,,ACTIVE,,,,,CU-TRG-0005,,CU-IMP-1689,,ONCHAIN_SCAN,HIGH,,Circle
CU-ACT-1690,2022-03-30,BLACKLIST,0x308ed4b7b49797e1a98d3818bff6fe5385410370,ADDRESS,sanctioned_entity,CU-ENT-0005,,ACTIVE,,,,,CU-TRG-0005,,CU-IMP-1690,,ONCHAIN_SCAN,HIGH,,Circle
CU-ACT-1691,2022-03-30,BLACKLIST,0xfec8a60023265364d066a1212fde3930f6ae8da7,ADDRESS,sanctioned_entity,CU-ENT-0008,,ACTIVE,,,,,CU-TRG-0008,,CU-IMP-1691,,ONCHAIN_SCAN,HIGH,,Circle
CU-ACT-1692,2022-03-30,BLACKLIST,0x8576acc5c05d6ce88f4e49bf65bdf0c62f91353c,ADDRESS,sanctioned_entity,CU-ENT-0009,,ACTIVE,,,,,CU-TRG-0009,,CU-IMP-1692,,ONCHAIN_SCAN,HIGH,,Circle
CU-ACT-1693,2022-03-30,BLACKLIST,0x901bb9583b24d97e995513c6778dc6888ab6870e,ADDRESS,sanctioned_entity,CU-ENT-0007,,ACTIVE,,,,,CU-TRG-0007,,CU-IMP-1693,,ONCHAIN_SCAN,HIGH,,Circle
CU-ACT-1694,2022-04-07,BLACKLIST,0x7ff9cfad3877f21d41da833e2f775db0569ee3d9,ADDRESS,sanctioned_entity,CU-ENT-0010,,ACTIVE,,,,,CU-TRG-0010,,CU-IMP-1694,,ONCHAIN_SCAN,HIGH,,Circle
CU-ACT-1695,2022-04-14,BLACKLIST,0x098b716b8aaf21512996dc57eb0615e2383e2f96,ADDRESS,sanctioned_entity,CU-ENT-0011,,ACTIVE,,,,,CU-TRG-0011,,CU-IMP-1695,,ONCHAIN_SCAN,HIGH,,Circle
CU-ACT-1696,2022-04-23,BLACKLIST,0xa0e1c89ef1a489c9c7de96311ed5ce5d32c20e4b,ADDRESS,sanctioned_entity,CU-ENT-0011,,ACTIVE,,,,,CU-TRG-0011,,CU-IMP-1696,,ONCHAIN_SCAN,HIGH,,Circle
CU-ACT-1697,2022-04-23,BLACKLIST,0x3cffd56b47b7b41c56258d9c7731abadc360e073,ADDRESS,sanctioned_entity,CU-ENT-0011,,ACTIVE,,,,,CU-TRG-0011,,CU-IMP-1697,,ONCHAIN_SCAN,HIGH,,Circle
CU-ACT-1698,2022-04-23,BLACKLIST,0x53b6936513e738f44fb50d2b9476730c0ab3bfc1,ADDRESS,sanctioned_entity,CU-ENT-0011,,ACTIVE,,,,,CU-TRG-0011,,CU-IMP-1698,,ONCHAIN_SCAN,HIGH,,Circle
CU-ACT-1699,2022-04-23,BLACKLIST,0xcce63fd31e9053c110c74cebc37c8e358a6aa5bd,ADDRESS,,,,ACTIVE,,,,,,,CU-IMP-1699,,ONCHAIN_SCAN,HIGH,,Circle
CU-ACT-1700,2022-05-06,BLACKLIST,0x35fb6f6db4fb05e6a4ce86f2c93691425626d4b1,ADDRESS,sanctioned_entity,CU-ENT-0011,,ACTIVE,,,,,CU-TRG-0011,,CU-IMP-1700,,ONCHAIN_SCAN,HIGH,,Circle
CU-ACT-1701,2022-05-06,BLACKLIST,0xf7b31119c2682c88d88d455dbb9d5932c65cf1be,ADDRESS,sanctioned_entity,CU-ENT-0011,,ACTIVE,,,,,CU-TRG-0011,,CU-IMP-1701,,ONCHAIN_SCAN,HIGH,,Circle
CU-ACT-1702,2022-05-06,BLACKLIST,0x3e37627deaa754090fbfbb8bd226c1ce66d255e9,ADDRESS,sanctioned_entity,CU-ENT-0011,,ACTIVE,,,,,CU-TRG-0011,,CU-IMP-1702,,ONCHAIN_SCAN,HIGH,,Circle
CU-ACT-1703,2022-05-06,BLACKLIST,0x08723392ed15743cc38513c4925f5e6be5c17243,ADDRESS,sanctioned_entity,CU-ENT-0011,,ACTIVE,,,,,CU-TRG-0011,,CU-IMP-1703,,ONCHAIN_SCAN,HIGH,,Circle
CU-ACT-1704,2022-08-09,BLACKLIST,0x8589427373d6d84e98730d7795d8f6f8731fda16,ADDRESS,tornado_cash_associated,,,REVERSED,CU-ACT-1869,,CU-INC-0001,,CU-TRG-0039,,CU-IMP-1704,,ONCHAIN_SCAN,HIGH,,Circle
CU-ACT-1705,2022-08-09,BLACKLIST,0x722122df12d4e14e13ac3b6895a86e84145b6967,ADDRESS,tornado_cash_associated,,,REVERSED,CU-ACT-1870,,CU-INC-0001,,CU-TRG-0039,,CU-IMP-1705,,ONCHAIN_SCAN,HIGH,,Circle
CU-ACT-1706,2022-08-09,BLACKLIST,0xdd4c48c0b24039969fc16d1cdf626eab821d3384,ADDRESS,tornado_cash_associated,,,REVERSED,CU-ACT-1871,,CU-INC-0001,,CU-TRG-0039,,CU-IMP-1706,,ONCHAIN_SCAN,HIGH,,Circle
CU-ACT-1707,2022-08-09,BLACKLIST,0xd90e2f925da726b50c4ed8d0fb90ad053324f31b,ADDRESS,tornado_cash_associated,,,REVERSED,CU-ACT-1872,,CU-INC-0001,,CU-TRG-0039,,CU-IMP-1707,,ONCHAIN_SCAN,HIGH,,Circle
CU-ACT-1708,2022-08-09,BLACKLIST,0xd96f2b1c14db8458374d9aca76e26c3d18364307,ADDRESS,tornado_cash_associated,,,REVERSED,CU-ACT-1873,,CU-INC-0001,,CU-TRG-0039,,CU-IMP-1708,,ONCHAIN_SCAN,HIGH,,Circle
CU-ACT-1709,2022-08-09,BLACKLIST,0x4736dcf1b7a3d580672cce6e7c65cd5cc9cfba9d,ADDRESS,tornado_cash_associated,,,REVERSED,CU-ACT-1874,,CU-INC-0001,,CU-TRG-0039,,CU-IMP-1709,,ONCHAIN_SCAN,HIGH,,Circle
CU-ACT-1710,2022-08-09,BLACKLIST,0xd4b88df4d29f5cedd6857912842cff3b20c8cfa3,ADDRESS,tornado_cash_associated,,,REVERSED,CU-ACT-1875,,CU-INC-0001,,CU-TRG-0039,,CU-IMP-1710,,ONCHAIN_SCAN,HIGH,,Circle
CU-ACT-1711,2022-08-09,BLACKLIST,0x910cbd523d972eb0a6f4cae4618ad62622b39dbf,ADDRESS,tornado_cash_associated,,,REVERSED,CU-ACT-1876,,CU-INC-0001,,CU-TRG-0039,,CU-IMP-1711,,ONCHAIN_SCAN,HIGH,,Circle
CU-ACT-1712,2022-08-09,BLACKLIST,0xa160cdab225685da1d56aa342ad8841c3b53f291,ADDRESS,tornado_cash_associated,,,REVERSED,CU-ACT-1877,,CU-INC-0001,,CU-TRG-0039,,CU-IMP-1712,,ONCHAIN_SCAN,HIGH,,Circle
CU-ACT-1713,2022-08-09,BLACKLIST,0xfd8610d20aa15b7b2e3be39b396a1bc3516c7144,ADDRESS,tornado_cash_associated,,,REVERSED,CU-ACT-1878,,CU-INC-0001,,CU-TRG-0039,,CU-IMP-1713,,ONCHAIN_SCAN,HIGH,,Circle
CU-ACT-1714,2022-08-09,BLACKLIST,0xf60dd140cff0706bae9cd734ac3ae76ad9ebc32a,ADDRESS,tornado_cash_associated,,,REVERSED,CU-ACT-1879,,CU-INC-0001,,CU-TRG-0039,,CU-IMP-1714,,ONCHAIN_SCAN,HIGH,,Circle
CU-ACT-1715,2022-08-09,BLACKLIST,0x22aaa7720ddd5388a3c0a3333430953c68f1849b,ADDRESS,tornado_cash_associated,,,REVERSED,CU-ACT-1880,,CU-INC-0001,,CU-TRG-0039,,CU-IMP-1715,,ONCHAIN_SCAN,HIGH,,Circle
CU-ACT-1716,2022-08-09,BLACKLIST,0xba214c1c1928a32bffe790263e38b4af9bfcd659,ADDRESS,tornado_cash_associated,,,REVERSED,CU-ACT-1881,,CU-INC-0001,,CU-TRG-0039,,CU-IMP-1716,,ONCHAIN_SCAN,HIGH,,Circle
CU-ACT-1717,2022-08-09,BLACKLIST,0xb1c8094b234dce6e03f10a5b673c1d8c69739a00,ADDRESS,tornado_cash_associated,,,REVERSED,CU-ACT-1882,,CU-INC-0001,,CU-TRG-0039,,CU-IMP-1717,,ONCHAIN_SCAN,HIGH,,Circle
CU-ACT-1718,2022-08-09,BLACKLIST,0x527653ea119f3e6a1f5bd18fbf4714081d7b31ce,ADDRESS,tornado_cash_associated,,,REVERSED,CU-ACT-1883,,CU-INC-0001,,CU-TRG-0039,,CU-IMP-1718,,ONCHAIN_SCAN,HIGH,,Circle
CU-ACT-1719,2022-08-09,BLACKLIST,0x58e8dcc13be9780fc42e8723d8ead4cf46943df2,ADDRESS,tornado_cash_associated,,,REVERSED,CU-ACT-1884,,CU-INC-0001,,CU-TRG-0039,,CU-IMP-1719,,ONCHAIN_SCAN,HIGH,,Circle
CU-ACT-1720,2022-08-09,BLACKLIST,0xd691f27f38b395864ea86cfc7253969b409c362d,ADDRESS,tornado_cash_associated,,,REVERSED,CU-ACT-1885,,CU-INC-0001,,CU-TRG-0039,,CU-IMP-1720,,ONCHAIN_SCAN,HIGH,,Circle
CU-ACT-1721,2022-08-09,BLACKLIST,0xaeaac358560e11f52454d997aaff2c5731b6f8a6,ADDRESS,tornado_cash_associated,,,REVERSED,CU-ACT-1886,,CU-INC-0001,,CU-TRG-0039,,CU-IMP-1721,,ONCHAIN_SCAN,HIGH,,Circle
CU-ACT-1722,2022-08-09,BLACKLIST,0x1356c899d8c9467c7f71c195612f8a395abf2f0a,ADDRESS,tornado_cash_associated,,,REVERSED,CU-ACT-1887,,CU-INC-0001,,CU-TRG-0039,,CU-IMP-1722,,ONCHAIN_SCAN,HIGH,,Circle
CU-ACT-1723,2022-08-09,BLACKLIST,0xa60c772958a3ed56c1f15dd055ba37ac8e523a0d,ADDRESS,tornado_cash_associated,,,REVERSED,CU-ACT-1888,,CU-INC-0001,,CU-TRG-0039,,CU-IMP-1723,,ONCHAIN_SCAN,HIGH,,Circle
CU-ACT-1724,2022-08-09,BLACKLIST,0x169ad27a470d064dede56a2d3ff727986b15d52b,ADDRESS,tornado_cash_associated,,,REVERSED,CU-ACT-1889,,CU-INC-0001,,CU-TRG-0039,,CU-IMP-1724,,ONCHAIN_SCAN,HIGH,,Circle
CU-ACT-1725,2022-08-09,BLACKLIST,0x0836222f2b2b24a3f36f98668ed8f0b38d1a872f,ADDRESS,tornado_cash_associated,,,REVERSED,CU-ACT-1890,,CU-INC-0001,,CU-TRG-0039,,CU-IMP-1725,,ONCHAIN_SCAN,HIGH,,Circle
CU-ACT-1726,2022-08-09,BLACKLIST,0xf67721a2d8f736e75a49fdd7fad2e31d8676542a,ADDRESS,tornado_cash_associated,,,REVERSED,CU-ACT-1891,,CU-INC-0001,,CU-TRG-0039,,CU-IMP-1726,,ONCHAIN_SCAN,HIGH,,Circle
CU-ACT-1727,2022-08-09,BLACKLIST,0x9ad122c22b14202b4490edaf288fdb3c7cb3ff5e,ADDRESS,tornado_cash_associated,,,REVERSED,CU-ACT-1892,,CU-INC-0001,,CU-TRG-0039,,CU-IMP-1727,,ONCHAIN_SCAN,HIGH,,Circle
CU-ACT-1728,2022-08-09,BLACKLIST,0x905b63fff465b9ffbf41dea908ceb12478ec7601,ADDRESS,tornado_cash_associated,,,REVERSED,CU-ACT-1811,,CU-INC-0001,,CU-TRG-0039,,CU-IMP-1728,,ONCHAIN_SCAN,HIGH,,Circle
CU-ACT-1729,2022-08-09,BLACKLIST,0x07687e702b410fa43f4cb4af7fa097918ffd2730,ADDRESS,tornado_cash_associated,,,REVERSED,CU-ACT-1893,,CU-INC-0001,,CU-TRG-0039,,CU-IMP-1729,,ONCHAIN_SCAN,HIGH,,Circle
CU-ACT-1730,2022-08-09,BLACKLIST,0x94a1b5cdb22c43faab4abeb5c74999895464ddaf,ADDRESS,tornado_cash_associated,,,REVERSED,CU-ACT-1894,,CU-INC-0001,,CU-TRG-0039,,CU-IMP-1730,,ONCHAIN_SCAN,HIGH,,Circle
CU-ACT-1731,2022-08-09,BLACKLIST,0xb541fc07bc7619fd4062a54d96268525cbc6ffef,ADDRESS,tornado_cash_associated,,,REVERSED,CU-ACT-1895,,CU-INC-0001,,CU-TRG-0039,,CU-IMP-1731,,ONCHAIN_SCAN,HIGH,,Circle
CU-ACT-1732,2022-08-09,BLACKLIST,0x12d66f87a04a9e220743712ce6d9bb1b5616b8fc,ADDRESS,tornado_cash_associated,,,REVERSED,CU-ACT-1896,,CU-INC-0001,,CU-TRG-0039,,CU-IMP-1732,,ONCHAIN_SCAN,HIGH,,Circle
CU-ACT-1733,2022-08-09,BLACKLIST,0x47ce0c6ed5b0ce3d3a51fdb1c52dc66a7c3c2936,ADDRESS,tornado_cash_associated,,,REVERSED,CU-ACT-1897,,CU-INC-0001,,CU-TRG-0039,,CU-IMP-1733,,ONCHAIN_SCAN,HIGH,,Circle
CU-ACT-1734,2022-08-09,BLACKLIST,0x23773e65ed146a459791799d01336db287f25334,ADDRESS,tornado_cash_associated,,,REVERSED,CU-ACT-1898,,CU-INC-0001,,CU-TRG-0039,,CU-IMP-1734,,ONCHAIN_SCAN,HIGH,,Circle
CU-ACT-1735,2022-08-09,BLACKLIST,0xd21be7248e0197ee08e0c20d4a96debdac3d20af,ADDRESS,tornado_cash_associated,,,REVERSED,CU-ACT-1899,,CU-INC-0001,,CU-TRG-0039,,CU-IMP-1735,,ONCHAIN_SCAN,HIGH,,Circle
CU-ACT-1736,2022-08-09,BLACKLIST,0x610b717796ad172b316836ac95a2ffad065ceab4,ADDRESS,tornado_cash_associated,,,REVERSED,CU-ACT-1900,,CU-INC-0001,,CU-TRG-0039,,CU-IMP-1736,,ONCHAIN_SCAN,HIGH,,Circle
CU-ACT-1737,2022-08-09,BLACKLIST,0x178169b423a011fff22b9e3f3abea13414ddd0f1,ADDRESS,tornado_cash_associated,,,REVERSED,CU-ACT-1901,,CU-INC-0001,,CU-TRG-0039,,CU-IMP-1737,,ONCHAIN_SCAN,HIGH,,Circle
CU-ACT-1738,2022-08-09,BLACKLIST,0xbb93e510bbcd0b7beb5a853875f9ec60275cf498,ADDRESS,tornado_cash_associated,,,REVERSED,CU-ACT-1902,,CU-INC-0001,,CU-TRG-0039,,CU-IMP-1738,,ONCHAIN_SCAN,HIGH,,Circle
CU-ACT-1739,2022-08-09,BLACKLIST,0x2717c5e28cf931547b621a5dddb772ab6a35b701,ADDRESS,tornado_cash_associated,,,REVERSED,CU-ACT-1903,,CU-INC-0001,,CU-TRG-0039,,CU-IMP-1739,,ONCHAIN_SCAN,HIGH,,Circle
CU-ACT-1740,2022-08-09,BLACKLIST,0x03893a7c7463ae47d46bc7f091665f1893656003,ADDRESS,tornado_cash_associated,,,REVERSED,CU-ACT-1904,,CU-INC-0001,,CU-TRG-0039,,CU-IMP-1740,,ONCHAIN_SCAN,HIGH,,Circle
CU-ACT-1741,2022-08-09,BLACKLIST,0xca0840578f57fe71599d29375e16783424023357,ADDRESS,tornado_cash_associated,,,REVERSED,CU-ACT-1905,,CU-INC-0001,,CU-TRG-0039,,CU-IMP-1741,,ONCHAIN_SCAN,HIGH,,Circle
CU-ACT-1742,2022-09-16,BLACKLIST,0xc2a3829f459b3edd87791c74cd45402ba0a20be3,ADDRESS,sanctioned_entity,CU-ENT-0012,,ACTIVE,,,,,CU-TRG-0012,,CU-IMP-1742,,ONCHAIN_SCAN,HIGH,,Circle
CU-ACT-1743,2022-09-16,BLACKLIST,0x3ad9db589d201a710ed237c829c7860ba86510fc,ADDRESS,sanctioned_entity,CU-ENT-0012,,ACTIVE,,,,,CU-TRG-0012,,CU-IMP-1743,,ONCHAIN_SCAN,HIGH,,Circle
CU-ACT-1744,2022-09-16,BLACKLIST,0xe7800b61479695ec74e4b219f409f67bd1055a27,ADDRESS,SANCTIONED_ENTITY,CU-ENT-0012,,ACTIVE,,,,,CU-TRG-0012,,CU-IMP-1744,2022-09-15,ONCHAIN_SCAN,HIGH,,Circle
CU-ACT-1745,2022-10-01,BLACKLIST,0x815f335f976301f496167bfef237f0622f92ac38,ADDRESS,,,,ACTIVE,,,,,,,CU-IMP-1745,,ONCHAIN_SCAN,HIGH,,Circle
CU-ACT-1746,2022-10-01,BLACKLIST,0x81c4d8816b29147c542dde87485608204690acf2,ADDRESS,,,,ACTIVE,,,,,,,CU-IMP-1746,,ONCHAIN_SCAN,HIGH,,Circle
CU-ACT-1747,2022-10-07,BLACKLIST,0x489a8756c18c0b8b24ec2a2b9ff3d4d447f79bec,ADDRESS,,,,REVERSED,CU-ACT-1748,,,,,,CU-IMP-1747,,ONCHAIN_SCAN,HIGH,,Circle
CU-ACT-1748,2022-11-08,UNBLACKLIST,0x489a8756c18c0b8b24ec2a2b9ff3d4d447f79bec,ADDRESS,,,,ACTIVE,,,,,,,CU-IMP-1748,,ONCHAIN_SCAN,HIGH,,Circle
CU-ACT-1749,2022-11-11,BLACKLIST,0x01e2919679362dfbc9ee1644ba9c6da6d6245bb1,ADDRESS,SANCTIONED_ENTITY,CU-ENT-0049,,REVERSED,CU-ACT-1906,,,,CU-TRG-0043,,CU-IMP-1749,2022-11-09,ONCHAIN_SCAN,HIGH,,Circle
CU-ACT-1750,2022-11-11,BLACKLIST,0x09193888b3f38c82dedfda55259a82c0e7de875e,ADDRESS,SANCTIONED_ENTITY,CU-ENT-0049,,REVERSED,CU-ACT-1907,,,,CU-TRG-0043,,CU-IMP-1750,2022-11-09,ONCHAIN_SCAN,HIGH,,Circle
CU-ACT-1751,2022-11-11,BLACKLIST,0x05e0b5b40b7b66098c2161a5ee11c5740a3a7c45,ADDRESS,SANCTIONED_ENTITY,CU-ENT-0049,,REVERSED,CU-ACT-1958,,,,CU-TRG-0043,,CU-IMP-1751,2022-11-09,ONCHAIN_SCAN,HIGH,,Circle
CU-ACT-1752,2022-11-11,BLACKLIST,0x0e3a09dda6b20afbb34ac7cd4a6881493f3e7bf7,ADDRESS,SANCTIONED_ENTITY,CU-ENT-0049,,REVERSED,CU-ACT-1957,,,,CU-TRG-0043,,CU-IMP-1752,2022-11-09,ONCHAIN_SCAN,HIGH,,Circle
CU-ACT-1753,2022-11-11,BLACKLIST,0x179f48c78f57a3a78f0608cc9197b8972921d1d2,ADDRESS,SANCTIONED_ENTITY,CU-ENT-0049,,REVERSED,CU-ACT-1908,,,,CU-TRG-0043,,CU-IMP-1753,2022-11-09,ONCHAIN_SCAN,HIGH,,Circle
CU-ACT-1754,2022-11-11,BLACKLIST,0x1e34a77868e19a6647b1f2f47b51ed72dede95dd,ADDRESS,SANCTIONED_ENTITY,CU-ENT-0049,,REVERSED,CU-ACT-1932,,,,CU-TRG-0043,,CU-IMP-1754,2022-11-09,ONCHAIN_SCAN,HIGH,,Circle
CU-ACT-1755,2022-11-11,BLACKLIST,0x23173fe8b96a4ad8d2e17fb83ea5dcccdca1ae52,ADDRESS,SANCTIONED_ENTITY,CU-ENT-0049,,REVERSED,CU-ACT-1933,,,,CU-TRG-0043,,CU-IMP-1755,2022-11-09,ONCHAIN_SCAN,HIGH,,Circle
CU-ACT-1756,2022-11-11,BLACKLIST,0x242654336ca2205714071898f67e254eb49acdce,ADDRESS,SANCTIONED_ENTITY,CU-ENT-0049,,REVERSED,CU-ACT-1934,,,,CU-TRG-0043,,CU-IMP-1756,2022-11-09,ONCHAIN_SCAN,HIGH,,Circle
CU-ACT-1757,2022-11-11,BLACKLIST,0x2573bac39ebe2901b4389cd468f2872cf7767faf,ADDRESS,SANCTIONED_ENTITY,CU-ENT-0049,,REVERSED,CU-ACT-1909,,,,CU-TRG-0043,,CU-IMP-1757,2022-11-09,ONCHAIN_SCAN,HIGH,,Circle
CU-ACT-1758,2022-11-11,BLACKLIST,0x26903a5a198d571422b2b4ea08b56a37cbd68c89,ADDRESS,SANCTIONED_ENTITY,CU-ENT-0049,,REVERSED,CU-ACT-1910,,,,CU-TRG-0043,,CU-IMP-1758,2022-11-09,ONCHAIN_SCAN,HIGH,,Circle
CU-ACT-1759,2022-11-11,BLACKLIST,0x330bdfade01ee9bf63c209ee33102dd334618e0a,ADDRESS,SANCTIONED_ENTITY,CU-ENT-0049,,REVERSED,CU-ACT-1935,,,,CU-TRG-0043,,CU-IMP-1759,2022-11-09,ONCHAIN_SCAN,HIGH,,Circle
CU-ACT-1760,2022-11-11,BLACKLIST,0x2f50508a8a3d323b91336fa3ea6ae50e55f32185,ADDRESS,SANCTIONED_ENTITY,CU-ENT-0049,,REVERSED,CU-ACT-1911,,,,CU-TRG-0043,,CU-IMP-1760,2022-11-09,ONCHAIN_SCAN,HIGH,,Circle
CU-ACT-1761,2022-11-11,BLACKLIST,0x2fc93484614a34f26f7970cbb94615ba109bb4bf,ADDRESS,SANCTIONED_ENTITY,CU-ENT-0049,,REVERSED,CU-ACT-1912,,,,CU-TRG-0043,,CU-IMP-1761,2022-11-09,ONCHAIN_SCAN,HIGH,,Circle
CU-ACT-1762,2022-11-11,BLACKLIST,0x3efa30704d2b8bbac821307230376556cf8cc39e,ADDRESS,SANCTIONED_ENTITY,CU-ENT-0049,,REVERSED,CU-ACT-1913,,,,CU-TRG-0043,,CU-IMP-1762,2022-11-09,ONCHAIN_SCAN,HIGH,,Circle
CU-ACT-1763,2022-11-11,BLACKLIST,0x3aac1cc67c2ec5db4ea850957b967ba153ad6279,ADDRESS,SANCTIONED_ENTITY,CU-ENT-0049,,REVERSED,CU-ACT-1936,,,,CU-TRG-0043,,CU-IMP-1763,2022-11-09,ONCHAIN_SCAN,HIGH,,Circle
CU-ACT-1764,2022-11-11,BLACKLIST,0x407cceeaa7c95d2fe2250bf9f2c105aa7aafb512,ADDRESS,SANCTIONED_ENTITY,CU-ENT-0049,,REVERSED,CU-ACT-1937,,,,CU-TRG-0043,,CU-IMP-1764,2022-11-09,ONCHAIN_SCAN,HIGH,,Circle
CU-ACT-1765,2022-11-11,BLACKLIST,0x538ab61e8a9fc1b2f93b3dd9011d662d89be6fe6,ADDRESS,SANCTIONED_ENTITY,CU-ENT-0049,,REVERSED,CU-ACT-1938,,,,CU-TRG-0043,,CU-IMP-1765,2022-11-09,ONCHAIN_SCAN,HIGH,,Circle
CU-ACT-1766,2022-11-11,BLACKLIST,0x57b2b8c82f065de8ef5573f9730fc1449b403c9f,ADDRESS,SANCTIONED_ENTITY,CU-ENT-0049,,REVERSED,CU-ACT-1939,,,,CU-TRG-0043,,CU-IMP-1766,2022-11-09,ONCHAIN_SCAN,HIGH,,Circle
CU-ACT-1767,2022-11-11,BLACKLIST,0x5efda50f22d34f262c29268506c5fa42cb56a1ce,ADDRESS,SANCTIONED_ENTITY,CU-ENT-0049,,REVERSED,CU-ACT-1915,,,,CU-TRG-0043,,CU-IMP-1767,2022-11-09,ONCHAIN_SCAN,HIGH,,Circle
CU-ACT-1768,2022-11-11,BLACKLIST,0x5f6c97c6ad7bdd0ae7e0dd4ca33a4ed3fdabd4d7,ADDRESS,SANCTIONED_ENTITY,CU-ENT-0049,,REVERSED,CU-ACT-1916,,,,CU-TRG-0043,,CU-IMP-1768,2022-11-09,ONCHAIN_SCAN,HIGH,,Circle
CU-ACT-1769,2022-11-11,BLACKLIST,0x5cab7692d4e94096462119ab7bf57319726eed2a,ADDRESS,SANCTIONED_ENTITY,CU-ENT-0049,,REVERSED,CU-ACT-1914,,,,CU-TRG-0043,,CU-IMP-1769,2022-11-09,ONCHAIN_SCAN,HIGH,,Circle
CU-ACT-1770,2022-11-11,BLACKLIST,0x653477c392c16b0765603074f157314cc4f40c32,ADDRESS,SANCTIONED_ENTITY,CU-ENT-0049,,REVERSED,CU-ACT-1917,,,,CU-TRG-0043,,CU-IMP-1770,2022-11-09,ONCHAIN_SCAN,HIGH,,Circle
CU-ACT-1771,2022-11-11,BLACKLIST,0x6bf694a291df3fec1f7e69701e3ab6c592435ae7,ADDRESS,SANCTIONED_ENTITY,CU-ENT-0049,,REVERSED,CU-ACT-1940,,,,CU-TRG-0043,,CU-IMP-1771,2022-11-09,ONCHAIN_SCAN,HIGH,,Circle
CU-ACT-1772,2022-11-11,BLACKLIST,0x746aebc06d2ae31b71ac51429a19d54e797878e9,ADDRESS,SANCTIONED_ENTITY,CU-ENT-0049,,REVERSED,CU-ACT-1918,,,,CU-TRG-0043,,CU-IMP-1772,2022-11-09,ONCHAIN_SCAN,HIGH,,Circle
CU-ACT-1773,2022-11-11,BLACKLIST,0x756c4628e57f7e7f8a459ec2752968360cf4d1aa,ADDRESS,SANCTIONED_ENTITY,CU-ENT-0049,,REVERSED,CU-ACT-1919,,,,CU-TRG-0043,,CU-IMP-1773,2022-11-09,ONCHAIN_SCAN,HIGH,,Circle
CU-ACT-1774,2022-11-11,BLACKLIST,0x76d85b4c0fc497eecc38902397ac608000a06607,ADDRESS,SANCTIONED_ENTITY,CU-ENT-0049,,REVERSED,CU-ACT-1943,,,,CU-TRG-0043,,CU-IMP-1774,2022-11-09,ONCHAIN_SCAN,HIGH,,Circle
CU-ACT-1775,2022-11-11,BLACKLIST,0x723b78e67497e85279cb204544566f4dc5d2aca0,ADDRESS,SANCTIONED_ENTITY,CU-ENT-0049,,REVERSED,CU-ACT-1941,,,,CU-TRG-0043,,CU-IMP-1775,2022-11-09,ONCHAIN_SCAN,HIGH,,Circle
CU-ACT-1776,2022-11-11,BLACKLIST,0x776198ccf446dfa168347089d7338879273172cf,ADDRESS,SANCTIONED_ENTITY,CU-ENT-0049,,REVERSED,CU-ACT-1944,,,,CU-TRG-0043,,CU-IMP-1776,2022-11-09,ONCHAIN_SCAN,HIGH,,Circle
CU-ACT-1777,2022-11-11,BLACKLIST,0x77777feddddffc19ff86db637967013e6c6a116c,ADDRESS,SANCTIONED_ENTITY,CU-ENT-0049,,REVERSED,CU-ACT-1920,,,,CU-TRG-0043,,CU-IMP-1777,2022-11-09,ONCHAIN_SCAN,HIGH,,Circle
CU-ACT-1778,2022-11-11,BLACKLIST,0x743494b60097a2230018079c02fe21a7b687eaa5,ADDRESS,SANCTIONED_ENTITY,CU-ENT-0049,,REVERSED,CU-ACT-1942,,,,CU-TRG-0043,,CU-IMP-1778,2022-11-09,ONCHAIN_SCAN,HIGH,,Circle
CU-ACT-1779,2022-11-11,BLACKLIST,0x8281aa6795ade17c8973e1aedca380258bc124f9,ADDRESS,SANCTIONED_ENTITY,CU-ENT-0049,,REVERSED,CU-ACT-1945,,,,CU-TRG-0043,,CU-IMP-1779,2022-11-09,ONCHAIN_SCAN,HIGH,,Circle
CU-ACT-1780,2022-11-11,BLACKLIST,0x833481186f16cece3f1eeea1a694c42034c3a0db,ADDRESS,SANCTIONED_ENTITY,CU-ENT-0049,,REVERSED,CU-ACT-1946,,,,CU-TRG-0043,,CU-IMP-1780,2022-11-09,ONCHAIN_SCAN,HIGH,,Circle
CU-ACT-1781,2022-11-11,BLACKLIST,0x84443cfd09a48af6ef360c6976c5392ac5023a1f,ADDRESS,SANCTIONED_ENTITY,CU-ENT-0049,,REVERSED,CU-ACT-1947,,,,CU-TRG-0043,,CU-IMP-1781,2022-11-09,ONCHAIN_SCAN,HIGH,,Circle
CU-ACT-1782,2022-11-11,BLACKLIST,0x88fd245fedec4a936e700f9173454d1931b4c307,ADDRESS,SANCTIONED_ENTITY,CU-ENT-0049,,REVERSED,CU-ACT-1921,,,,CU-TRG-0043,,CU-IMP-1782,2022-11-09,ONCHAIN_SCAN,HIGH,,Circle
CU-ACT-1783,2022-11-11,BLACKLIST,0x94be88213a387e992dd87de56950a9aef34b9448,ADDRESS,SANCTIONED_ENTITY,CU-ENT-0049,,REVERSED,CU-ACT-1948,,,,CU-TRG-0043,,CU-IMP-1783,2022-11-09,ONCHAIN_SCAN,HIGH,,Circle
CU-ACT-1784,2022-11-11,BLACKLIST,0x94c92f096437ab9958fc0a37f09348f30389ae79,ADDRESS,SANCTIONED_ENTITY,CU-ENT-0049,,REVERSED,CU-ACT-1922,,,,CU-TRG-0043,,CU-IMP-1784,2022-11-09,ONCHAIN_SCAN,HIGH,,Circle
CU-ACT-1785,2022-11-11,BLACKLIST,0xa5c2254e4253490c54cef0a4347fddb8f75a4998,ADDRESS,SANCTIONED_ENTITY,CU-ENT-0049,,REVERSED,CU-ACT-1949,,,,CU-TRG-0043,,CU-IMP-1785,2022-11-09,ONCHAIN_SCAN,HIGH,,Circle
CU-ACT-1786,2022-11-11,BLACKLIST,0xaf4c0b70b2ea9fb7487c7cbb37ada259579fe040,ADDRESS,SANCTIONED_ENTITY,CU-ENT-0049,,REVERSED,CU-ACT-1950,,,,CU-TRG-0043,,CU-IMP-1786,2022-11-09,ONCHAIN_SCAN,HIGH,,Circle
CU-ACT-1787,2022-11-11,BLACKLIST,0xaf8d1839c3c67cf571aa74b5c12398d4901147b3,ADDRESS,SANCTIONED_ENTITY,CU-ENT-0049,,REVERSED,CU-ACT-1951,,,,CU-TRG-0043,,CU-IMP-1787,2022-11-09,ONCHAIN_SCAN,HIGH,,Circle
CU-ACT-1788,2022-11-11,BLACKLIST,0xb04e030140b30c27bcdfaafffa98c57d80eda7b4,ADDRESS,SANCTIONED_ENTITY,CU-ENT-0049,,REVERSED,CU-ACT-1923,,,,CU-TRG-0043,,CU-IMP-1788,2022-11-09,ONCHAIN_SCAN,HIGH,,Circle
CU-ACT-1789,2022-11-11,BLACKLIST,0xb20c66c4de72433f3ce747b58b86830c459ca911,ADDRESS,SANCTIONED_ENTITY,CU-ENT-0049,,REVERSED,CU-ACT-1924,,,,CU-TRG-0043,,CU-IMP-1789,2022-11-09,ONCHAIN_SCAN,HIGH,,Circle
CU-ACT-1790,2022-11-11,BLACKLIST,0xcc84179ffd19a1627e79f8648d09e095252bc418,ADDRESS,SANCTIONED_ENTITY,CU-ENT-0049,,REVERSED,CU-ACT-1952,,,,CU-TRG-0043,,CU-IMP-1790,2022-11-09,ONCHAIN_SCAN,HIGH,,Circle
CU-ACT-1791,2022-11-11,BLACKLIST,0xd82ed8786d7c69dc7e052f7a542ab047971e73d2,ADDRESS,SANCTIONED_ENTITY,CU-ENT-0049,,REVERSED,CU-ACT-1926,,,,CU-TRG-0043,,CU-IMP-1791,2022-11-09,ONCHAIN_SCAN,HIGH,,Circle
CU-ACT-1792,2022-11-11,BLACKLIST,0xcee71753c9820f063b38fdbe4cfdaf1d3d928a80,ADDRESS,SANCTIONED_ENTITY,CU-ENT-0049,,REVERSED,CU-ACT-1925,,,,CU-TRG-0043,,CU-IMP-1792,2022-11-09,ONCHAIN_SCAN,HIGH,,Circle
CU-ACT-1793,2022-11-11,BLACKLIST,0xd47438c816c9e7f2e2888e060936a499af9582b3,ADDRESS,SANCTIONED_ENTITY,CU-ENT-0049,,REVERSED,CU-ACT-1953,,,,CU-TRG-0043,,CU-IMP-1793,2022-11-09,ONCHAIN_SCAN,HIGH,,Circle
CU-ACT-1794,2022-11-11,BLACKLIST,0xd8d7de3349ccaa0fde6298fe6d7b7d0d34586193,ADDRESS,SANCTIONED_ENTITY,CU-ENT-0049,,REVERSED,CU-ACT-1930,,,,CU-TRG-0043,,CU-IMP-1794,2022-11-09,ONCHAIN_SCAN,HIGH,,Circle
CU-ACT-1795,2022-11-11,BLACKLIST,0xd5d6f8d9e784d0e26222ad3834500801a68d027d,ADDRESS,SANCTIONED_ENTITY,CU-ENT-0049,,REVERSED,CU-ACT-1954,,,,CU-TRG-0043,,CU-IMP-1795,2022-11-09,ONCHAIN_SCAN,HIGH,,Circle
CU-ACT-1796,2022-11-11,BLACKLIST,0xd692fd2d0b2fbd2e52cfa5b5b9424bc981c30696,ADDRESS,SANCTIONED_ENTITY,CU-ENT-0049,,REVERSED,CU-ACT-1929,,,,CU-TRG-0043,,CU-IMP-1796,2022-11-09,ONCHAIN_SCAN,HIGH,,Circle
CU-ACT-1797,2022-11-11,BLACKLIST,0xdf231d99ff8b6c6cbf4e9b9a945cbacef9339178,ADDRESS,SANCTIONED_ENTITY,CU-ENT-0049,,REVERSED,CU-ACT-1955,,,,CU-TRG-0043,,CU-IMP-1797,2022-11-09,ONCHAIN_SCAN,HIGH,,Circle
CU-ACT-1798,2022-11-11,BLACKLIST,0xdf3a408c53e5078af6e8fb2a85088d46ee09a61b,ADDRESS,SANCTIONED_ENTITY,CU-ENT-0049,,REVERSED,CU-ACT-1931,,,,CU-TRG-0043,,CU-IMP-1798,2022-11-09,ONCHAIN_SCAN,HIGH,,Circle
CU-ACT-1799,2022-11-11,BLACKLIST,0xedc5d01286f99a066559f60a585406f3878a033e,ADDRESS,SANCTIONED_ENTITY,CU-ENT-0049,,REVERSED,CU-ACT-1956,,,,CU-TRG-0043,,CU-IMP-1799,2022-11-09,ONCHAIN_SCAN,HIGH,,Circle
CU-ACT-1800,2022-11-11,BLACKLIST,0xf4b067dd14e95bab89be928c07cb22e3c94e0daa,ADDRESS,SANCTIONED_ENTITY,CU-ENT-0049,,REVERSED,CU-ACT-1927,,,,CU-TRG-0043,,CU-IMP-1800,2022-11-09,ONCHAIN_SCAN,HIGH,,Circle
CU-ACT-1801,2022-11-11,BLACKLIST,0xffbac21a641dcfe4552920138d90f3638b3c9fba,ADDRESS,SANCTIONED_ENTITY,CU-ENT-0049,,REVERSED,CU-ACT-1928,,,,CU-TRG-0043,,CU-IMP-1801,2022-11-09,ONCHAIN_SCAN,HIGH,,Circle
CU-ACT-1802,2022-11-11,BLACKLIST,0xd0975b32cea532eadddfc9c60481976e39db3472,ADDRESS,sanctioned_entity,CU-ENT-0014,,ACTIVE,,,,,CU-TRG-0014,,CU-IMP-1802,,ONCHAIN_SCAN,HIGH,,Circle
CU-ACT-1803,2022-11-11,BLACKLIST,0x1967d8af5bd86a497fb3dd7899a020e47560daaf,ADDRESS,sanctioned_entity,CU-ENT-0014,,ACTIVE,,,,,CU-TRG-0014,,CU-IMP-1803,,ONCHAIN_SCAN,HIGH,,Circle
CU-ACT-1804,2022-11-11,BLACKLIST,0x83e5bc4ffa856bb84bb88581f5dd62a433a25e0d,ADDRESS,sanctioned_entity,CU-ENT-0013,,ACTIVE,,,,,CU-TRG-0013,,CU-IMP-1804,,ONCHAIN_SCAN,HIGH,,Circle
CU-ACT-1805,2022-11-11,BLACKLIST,0x08b2efdcdb8822efe5ad0eae55517cf5dc544251,ADDRESS,sanctioned_entity,CU-ENT-0013,,ACTIVE,,,,,CU-TRG-0013,,CU-IMP-1805,,ONCHAIN_SCAN,HIGH,,Circle
CU-ACT-1806,2022-11-11,BLACKLIST,0x04dba1194ee10112fe6c3207c0687def0e78bacf,ADDRESS,sanctioned_entity,CU-ENT-0013,,ACTIVE,,,,,CU-TRG-0013,,CU-IMP-1806,,ONCHAIN_SCAN,HIGH,,Circle
CU-ACT-1807,2022-11-11,BLACKLIST,0x0ee5067b06776a89ccc7dc8ee369984ad7db5e06,ADDRESS,sanctioned_entity,CU-ENT-0013,,ACTIVE,,,,,CU-TRG-0013,,CU-IMP-1807,,ONCHAIN_SCAN,HIGH,,Circle
CU-ACT-1808,2022-11-11,BLACKLIST,0x502371699497d08d5339c870851898d6d72521dd,ADDRESS,sanctioned_entity,CU-ENT-0013,,ACTIVE,,,,,CU-TRG-0013,,CU-IMP-1808,,ONCHAIN_SCAN,HIGH,,Circle
CU-ACT-1809,2022-11-11,BLACKLIST,0x5a14e72060c11313e38738009254a90968f58f51,ADDRESS,sanctioned_entity,CU-ENT-0013,,ACTIVE,,,,,CU-TRG-0013,,CU-IMP-1809,,ONCHAIN_SCAN,HIGH,,Circle
CU-ACT-1810,2022-11-11,BLACKLIST,0xefe301d259f525ca1ba74a7977b80d5b060b3cca,ADDRESS,sanctioned_entity,CU-ENT-0013,,ACTIVE,,,,,CU-TRG-0013,,CU-IMP-1810,,ONCHAIN_SCAN,HIGH,,Circle
CU-ACT-1811,2022-11-11,UNBLACKLIST,0x905b63fff465b9ffbf41dea908ceb12478ec7601,ADDRESS,,,,ACTIVE,,,,,,,CU-IMP-1811,,ONCHAIN_SCAN,HIGH,,Circle
CU-ACT-1812,2023-02-02,BLACKLIST,0x39d908dac893cbcb53cc86e0ecc369aa4def1a29,ADDRESS,sanctioned_entity,CU-ENT-0015,,ACTIVE,,,,,CU-TRG-0015,,CU-IMP-1812,,ONCHAIN_SCAN,HIGH,,Circle
CU-ACT-1813,2023-04-25,BLACKLIST,0x4f47bc496083c727c5fbe3ce9cdf2b0f6496270c,ADDRESS,sanctioned_entity,CU-ENT-0016,,ACTIVE,,,,,CU-TRG-0016,,CU-IMP-1813,,ONCHAIN_SCAN,HIGH,,Circle
CU-ACT-1814,2023-05-20,BLACKLIST,0x38735f03b30fbc022ddd06abed01f0ca823c6a94,ADDRESS,sanctioned_entity,CU-ENT-0017,,ACTIVE,,,,,CU-TRG-0017,,CU-IMP-1814,,ONCHAIN_SCAN,HIGH,,Circle
CU-ACT-1815,2023-05-24,BLACKLIST,0x97b1043abd9e6fc31681635166d430a458d14f9c,ADDRESS,sanctioned_entity,CU-ENT-0018,,ACTIVE,,,,,CU-TRG-0018,,CU-IMP-1815,,ONCHAIN_SCAN,HIGH,,Circle
CU-ACT-1816,2023-05-24,BLACKLIST,0xb6f5ec1a0a9cd1526536d3f0426c429529471f40,ADDRESS,sanctioned_entity,CU-ENT-0018,,ACTIVE,,,,,CU-TRG-0018,,CU-IMP-1816,,ONCHAIN_SCAN,HIGH,,Circle
CU-ACT-1817,2023-08-01,BLACKLIST,0xd71c94052989e209ba713deb66e0a8f72b913b70,ADDRESS,SANCTIONED_ENTITY,CU-ENT-0074,,ACTIVE,,,,,CU-TRG-0067,,CU-IMP-1817,2023-07-31,ONCHAIN_SCAN,HIGH,,Circle
CU-ACT-1818,2023-08-24,BLACKLIST,0xdcbeffbecce100cce9e4b153c4e15cb885643193,ADDRESS,sanctioned_entity,CU-ENT-0019,,ACTIVE,,,,,CU-TRG-0019,,CU-IMP-1818,,ONCHAIN_SCAN,HIGH,,Circle
CU-ACT-1819,2023-08-24,BLACKLIST,0x5f48c2a71b2cc96e3f0ccae4e39318ff0dc375b2,ADDRESS,sanctioned_entity,CU-ENT-0019,,ACTIVE,,,,,CU-TRG-0019,,CU-IMP-1819,,ONCHAIN_SCAN,HIGH,,Circle
CU-ACT-1820,2023-08-24,BLACKLIST,0x5a7a51bfb49f190e5a6060a5bc6052ac14a3b59f,ADDRESS,sanctioned_entity,CU-ENT-0019,,ACTIVE,,,,,CU-TRG-0019,,CU-IMP-1820,,ONCHAIN_SCAN,HIGH,,Circle
CU-ACT-1821,2023-08-24,BLACKLIST,0xed6e0a7e4ac94d976eebfb82ccf777a3c6bad921,ADDRESS,sanctioned_entity,CU-ENT-0019,,ACTIVE,,,,,CU-TRG-0019,,CU-IMP-1821,,ONCHAIN_SCAN,HIGH,,Circle
CU-ACT-1822,2023-08-24,BLACKLIST,0x797d7ae72ebddcdea2a346c1834e04d1f8df102b,ADDRESS,sanctioned_entity,CU-ENT-0019,,ACTIVE,,,,,CU-TRG-0019,,CU-IMP-1822,,ONCHAIN_SCAN,HIGH,,Circle
CU-ACT-1823,2023-08-24,BLACKLIST,0x931546d9e66836abf687d2bc64b30407bac8c568,ADDRESS,sanctioned_entity,CU-ENT-0019,,ACTIVE,,,,,CU-TRG-0019,,CU-IMP-1823,,ONCHAIN_SCAN,HIGH,,Circle
CU-ACT-1824,2023-08-24,BLACKLIST,0x43fa21d92141ba9db43052492e0deee5aa5f0a93,ADDRESS,sanctioned_entity,CU-ENT-0019,,ACTIVE,,,,,CU-TRG-0019,,CU-IMP-1824,,ONCHAIN_SCAN,HIGH,,Circle
CU-ACT-1825,2023-08-24,BLACKLIST,0x6be0ae71e6c41f2f9d0d1a3b8d0f75e6f6a0b46e,ADDRESS,sanctioned_entity,CU-ENT-0019,,ACTIVE,,,,,CU-TRG-0019,,CU-IMP-1825,,ONCHAIN_SCAN,HIGH,,Circle
CU-ACT-1826,2023-09-27,BLACKLIST,0x9c2bc757b66f24d60f016b6237f8cdd414a879fa,ADDRESS,sanctioned_entity,CU-ENT-0020,,ACTIVE,,,,,CU-TRG-0020,,CU-IMP-1826,,ONCHAIN_SCAN,HIGH,,Circle
CU-ACT-1827,2023-10-04,BLACKLIST,0x530a64c0ce595026a4a556b703644228179e2d57,ADDRESS,sanctioned_entity,CU-ENT-0021,,ACTIVE,,,,,CU-TRG-0021,,CU-IMP-1827,,ONCHAIN_SCAN,HIGH,,Circle
CU-ACT-1828,2023-10-04,BLACKLIST,0x2e13ea767da12f504ceaaaebe5950488498dc2d2,ADDRESS,SANCTIONED_ENTITY,CU-ENT-0021,,ACTIVE,,,,,CU-TRG-0021,,CU-IMP-1828,2023-10-03,ONCHAIN_SCAN,HIGH,,Circle
CU-ACT-1829,2023-10-04,BLACKLIST,0x7de5ab1914e241177344936dc33b4a8157c98248,ADDRESS,SANCTIONED_ENTITY,CU-ENT-0076,,ACTIVE,,,,,CU-TRG-0069,,CU-IMP-1829,2023-10-03,ONCHAIN_SCAN,HIGH,,Circle
CU-ACT-1830,2023-10-04,BLACKLIST,0xfac583c0cf07ea434052c49115a4682172ab6b4f,ADDRESS,sanctioned_entity,CU-ENT-0022,,ACTIVE,,,,,CU-TRG-0022,,CU-IMP-1830,,ONCHAIN_SCAN,HIGH,,Circle
CU-ACT-1831,2023-10-04,BLACKLIST,0xbe5e683633ddd17d8a89b4e10860a0e426c5ed24,ADDRESS,SANCTIONED_ENTITY,CU-ENT-0077,,ACTIVE,,,,,CU-TRG-0070,,CU-IMP-1831,2023-10-03,ONCHAIN_SCAN,HIGH,,Circle
CU-ACT-1832,2023-10-04,BLACKLIST,0x961c5be54a2ffc17cf4cb021d863c42dacd47fc1,ADDRESS,sanctioned_entity,CU-ENT-0023,,ACTIVE,,,,,CU-TRG-0023,,CU-IMP-1832,,ONCHAIN_SCAN,HIGH,,Circle
CU-ACT-1833,2023-10-04,BLACKLIST,0xa6cc8ab881debc3c9e8adb32549d0cbe614168c5,ADDRESS,SANCTIONED_ENTITY,CU-ENT-0023,,ACTIVE,,,,,CU-TRG-0023,,CU-IMP-1833,2023-10-03,ONCHAIN_SCAN,HIGH,,Circle
CU-ACT-1834,2023-10-04,BLACKLIST,0x983a81ca6fb1e441266d2fbcb7d8e530ac2e05a2,ADDRESS,sanctioned_entity,CU-ENT-0024,,ACTIVE,,,,,CU-TRG-0024,,CU-IMP-1834,,ONCHAIN_SCAN,HIGH,,Circle
CU-ACT-1835,2023-11-30,BLACKLIST,0x21b743e73d63d300d986910681d45387880b334b,ADDRESS,,,,REVERSED,CU-ACT-1836,,,,,,CU-IMP-1835,,ONCHAIN_SCAN,HIGH,,Circle
CU-ACT-1836,2023-11-30,UNBLACKLIST,0x21b743e73d63d300d986910681d45387880b334b,ADDRESS,,,,ACTIVE,,,,,,,CU-IMP-1836,,ONCHAIN_SCAN,HIGH,,Circle
CU-ACT-1837,2024-02-06,UNBLACKLIST,0x6acdfba02d390b97ac2b2d42a63e85293bcc160e,ADDRESS,,,,ACTIVE,,,,,,,CU-IMP-1837,,ONCHAIN_SCAN,HIGH,,Circle
CU-ACT-1838,2024-02-21,BLACKLIST,0xf3701f445b6bdafedbca97d1e477357839e4120d,ADDRESS,sanctioned_entity,CU-ENT-0025,,ACTIVE,,,,,CU-TRG-0025,,CU-IMP-1838,,ONCHAIN_SCAN,HIGH,,Circle
CU-ACT-1839,2024-03-21,BLACKLIST,0x2f04f39923a77430eca036e14ce44dbd11175747,ADDRESS,SANCTIONED_ENTITY,CU-ENT-0075,,ACTIVE,,,,,CU-TRG-0068,,CU-IMP-1839,2024-03-20,ONCHAIN_SCAN,HIGH,,Circle
CU-ACT-1840,2024-03-21,BLACKLIST,0x7be6fe8c528273a3a072a538e12c08500bf4d328,ADDRESS,SANCTIONED_ENTITY,CU-ENT-0075,,ACTIVE,,,,,CU-TRG-0068,,CU-IMP-1840,2024-03-20,ONCHAIN_SCAN,HIGH,,Circle
CU-ACT-1841,2024-03-27,BLACKLIST,0xdda5554510366179ddb442b8a82bc737c3ac77c5,ADDRESS,SANCTIONED_ENTITY,CU-ENT-0057,,ACTIVE,,,,,CU-TRG-0051,,CU-IMP-1841,2024-03-27,ONCHAIN_SCAN,HIGH,,Circle
CU-ACT-1842,2024-03-27,BLACKLIST,0x175d44451403edf28469df03a9280c1197adb92c,ADDRESS,sanctioned_entity,CU-ENT-0026,,ACTIVE,,,,,CU-TRG-0026,,CU-IMP-1842,,ONCHAIN_SCAN,HIGH,,Circle
CU-ACT-1843,2024-03-27,BLACKLIST,0x4576847b1cf999843ba6620815e65a9c5e8a4021,ADDRESS,SANCTIONED_ENTITY,CU-ENT-0057,,ACTIVE,,,,,CU-TRG-0051,,CU-IMP-1843,2024-03-27,ONCHAIN_SCAN,HIGH,,Circle
CU-ACT-1844,2024-03-27,BLACKLIST,0xe950dc316b836e4eefb8308bf32bf7c72a1358ff,ADDRESS,sanctioned_entity,CU-ENT-0026,,ACTIVE,,,,,CU-TRG-0026,,CU-IMP-1844,,ONCHAIN_SCAN,HIGH,,Circle
CU-ACT-1845,2024-03-27,BLACKLIST,0x4ea7eefc2dcb250c1f069ecaf1e2ae3488059ac2,ADDRESS,SANCTIONED_ENTITY,CU-ENT-0057,,ACTIVE,,,,,CU-TRG-0051,,CU-IMP-1845,2024-03-27,ONCHAIN_SCAN,HIGH,,Circle
CU-ACT-1846,2024-03-27,BLACKLIST,0xc24ec5a84cae3d3418b34a1e30b3372c4b25bd0f,ADDRESS,SANCTIONED_ENTITY,CU-ENT-0057,,ACTIVE,,,,,CU-TRG-0051,,CU-IMP-1846,2024-03-27,ONCHAIN_SCAN,HIGH,,Circle
CU-ACT-1847,2024-03-27,BLACKLIST,0x21b8d56bda776bbe68655a16895afd96f5534fed,ADDRESS,sanctioned_entity,CU-ENT-0026,,ACTIVE,,,,,CU-TRG-0026,,CU-IMP-1847,,ONCHAIN_SCAN,HIGH,,Circle
CU-ACT-1848,2024-04-29,BLACKLIST,0x6a1544f72a2a275715e8d5924e6d8a017f0e41ed,ADDRESS,,,,ACTIVE,,,,,,,CU-IMP-1848,,ONCHAIN_SCAN,HIGH,,Circle
CU-ACT-1849,2024-05-02,BLACKLIST,0x19f8f2b0915daa12a3f5c9cf01df9e24d53794f7,ADDRESS,sanctioned_entity,CU-ENT-0027,,ACTIVE,,,,,CU-TRG-0027,,CU-IMP-1849,,ONCHAIN_SCAN,HIGH,,Circle
CU-ACT-1850,2024-05-02,BLACKLIST,0x3e14d41891a30ac7473556d7c3256a5ddf9ef1aa,ADDRESS,SANCTIONED_ENTITY,CU-ENT-0027,,ACTIVE,,,,,CU-TRG-0027,,CU-IMP-1850,2024-05-01,ONCHAIN_SCAN,HIGH,,Circle
CU-ACT-1851,2024-05-29,BLACKLIST,0xe1d865c3d669dcc8c57c8d023140cb204e672ee4,ADDRESS,sanctioned_entity,CU-ENT-0028,,ACTIVE,,,,,CU-TRG-0028,,CU-IMP-1851,,ONCHAIN_SCAN,HIGH,,Circle
CU-ACT-1852,2024-05-29,BLACKLIST,0x0e6b8e34dc115a2848f585851af23d99d09b8463,ADDRESS,SANCTIONED_ENTITY,CU-ENT-0028,,ACTIVE,,,,,CU-TRG-0028,,CU-IMP-1852,2024-05-28,ONCHAIN_SCAN,HIGH,,Circle
CU-ACT-1853,2024-06-12,BLACKLIST,0x87b5d4b7ac3ab28a17a1beeb80c7b4eed79e2ffe,ADDRESS,,,,REVERSED,CU-ACT-1854,,,,,,CU-IMP-1853,,ONCHAIN_SCAN,HIGH,,Circle
CU-ACT-1854,2024-07-17,UNBLACKLIST,0x87b5d4b7ac3ab28a17a1beeb80c7b4eed79e2ffe,ADDRESS,,,,ACTIVE,,,,,,,CU-IMP-1854,,ONCHAIN_SCAN,HIGH,,Circle
CU-ACT-1855,2024-08-24,BLACKLIST,0x71d2e218a56a1c0c12e1ff4b4c2731a1c3a4f4ce,ADDRESS,SANCTIONED_ENTITY,CU-ENT-0078,,ACTIVE,,,,,CU-TRG-0071,,CU-IMP-1855,2024-08-23,ONCHAIN_SCAN,HIGH,,Circle
CU-ACT-1856,2024-09-14,BLACKLIST,0x290b6ebbdca04ee984fb8617e1b92deea23052e3,ADDRESS,,,,ACTIVE,,,,,,,CU-IMP-1856,,ONCHAIN_SCAN,HIGH,,Circle
CU-ACT-1857,2024-09-27,BLACKLIST,0x0931ca4d13bb4ba75d9b7132ab690265d749a5e7,ADDRESS,sanctioned_entity,CU-ENT-0029,,ACTIVE,,,,,CU-TRG-0029,,CU-IMP-1857,,ONCHAIN_SCAN,HIGH,,Circle
CU-ACT-1858,2024-09-27,BLACKLIST,0xbff703730a21167e430ff151128592a98786b9b4,ADDRESS,SANCTIONED_ENTITY,CU-ENT-0029,,ACTIVE,,,,,CU-TRG-0029,,CU-IMP-1858,2024-09-26,ONCHAIN_SCAN,HIGH,,Circle
CU-ACT-1859,2024-12-05,BLACKLIST,0x282ae5965fe400f3cb929182e0963f3794df01fc,ADDRESS,SANCTIONED_ENTITY,CU-ENT-0079,,ACTIVE,,,,,CU-TRG-0072,,CU-IMP-1859,2024-12-04,ONCHAIN_SCAN,HIGH,,Circle
CU-ACT-1860,2024-12-05,BLACKLIST,0x1999ef52700c34de7ec2b68a28aafb37db0c5ade,ADDRESS,sanctioned_entity,CU-ENT-0030,,ACTIVE,,,,,CU-TRG-0030,,CU-IMP-1860,,ONCHAIN_SCAN,HIGH,,Circle
CU-ACT-1861,2024-12-20,BLACKLIST,0x721537670ae01aa0d60585457b7534025b0041ac,ADDRESS,SANCTIONED_ENTITY,CU-ENT-0054,,ACTIVE,,,,,CU-TRG-0048,,CU-IMP-1861,2024-12-19,ONCHAIN_SCAN,HIGH,,Circle
CU-ACT-1862,2024-12-20,BLACKLIST,0x54b475ef92f861975945954bfa1080dda9cd346e,ADDRESS,SANCTIONED_ENTITY,CU-ENT-0054,,ACTIVE,,,,,CU-TRG-0048,,CU-IMP-1862,2024-12-19,ONCHAIN_SCAN,HIGH,,Circle
CU-ACT-1863,2024-12-20,BLACKLIST,0xd19df746fd2a145588b3a22672bacfd2e5454f61,ADDRESS,SANCTIONED_ENTITY,CU-ENT-0054,,ACTIVE,,,,,CU-TRG-0048,,CU-IMP-1863,2024-12-19,ONCHAIN_SCAN,HIGH,,Circle
CU-ACT-1864,2024-12-20,BLACKLIST,0xbc92595dd3e8f5092471c99b9084a72d333c7d07,ADDRESS,SANCTIONED_ENTITY,CU-ENT-0054,,ACTIVE,,,,,CU-TRG-0048,,CU-IMP-1864,2024-12-19,ONCHAIN_SCAN,HIGH,,Circle
CU-ACT-1865,2024-12-20,BLACKLIST,0x3a0245de38273e7852dce97de3bae18c0010013e,ADDRESS,SANCTIONED_ENTITY,CU-ENT-0054,,ACTIVE,,,,,CU-TRG-0048,,CU-IMP-1865,2024-12-19,ONCHAIN_SCAN,HIGH,,Circle
CU-ACT-1866,2025-02-24,BLACKLIST,0x002471b8a185f9980708d0eaec5b289714f56f8d,ADDRESS,SANCTIONED_ENTITY,CU-ENT-0058,,ACTIVE,,,,,CU-TRG-0052,,CU-IMP-1866,2025-02-11,ONCHAIN_SCAN,MEDIUM,,Circle
CU-ACT-1867,2025-02-24,BLACKLIST,0x3051ca7cb7f6c599fa2f27385ad75010cf0f2bbf,ADDRESS,SANCTIONED_ENTITY,CU-ENT-0058,,ACTIVE,,,,,CU-TRG-0052,,CU-IMP-1867,2025-02-11,ONCHAIN_SCAN,MEDIUM,,Circle
CU-ACT-1868,2025-02-24,BLACKLIST,0x0078ef2d7baf87bf6c4ca49b19efd1e05f57ac30,ADDRESS,SANCTIONED_ENTITY,CU-ENT-0058,,ACTIVE,,,,,CU-TRG-0052,,CU-IMP-1868,2025-02-11,ONCHAIN_SCAN,MEDIUM,,Circle
CU-ACT-1869,2025-03-22,UNBLACKLIST,0x8589427373d6d84e98730d7795d8f6f8731fda16,ADDRESS,,,,ACTIVE,,,,,CU-TRG-0053,,CU-IMP-1869,2025-03-21,ONCHAIN_SCAN,HIGH,,Circle
CU-ACT-1870,2025-03-22,UNBLACKLIST,0x722122df12d4e14e13ac3b6895a86e84145b6967,ADDRESS,,,,ACTIVE,,,,,CU-TRG-0053,,CU-IMP-1870,2025-03-21,ONCHAIN_SCAN,HIGH,,Circle
CU-ACT-1871,2025-03-22,UNBLACKLIST,0xdd4c48c0b24039969fc16d1cdf626eab821d3384,ADDRESS,,,,ACTIVE,,,,,CU-TRG-0053,,CU-IMP-1871,2025-03-21,ONCHAIN_SCAN,HIGH,,Circle
CU-ACT-1872,2025-03-22,UNBLACKLIST,0xd90e2f925da726b50c4ed8d0fb90ad053324f31b,ADDRESS,,,,ACTIVE,,,,,CU-TRG-0053,,CU-IMP-1872,2025-03-21,ONCHAIN_SCAN,HIGH,,Circle
CU-ACT-1873,2025-03-22,UNBLACKLIST,0xd96f2b1c14db8458374d9aca76e26c3d18364307,ADDRESS,,,,ACTIVE,,,,,CU-TRG-0053,,CU-IMP-1873,2025-03-21,ONCHAIN_SCAN,HIGH,,Circle
CU-ACT-1874,2025-03-22,UNBLACKLIST,0x4736dcf1b7a3d580672cce6e7c65cd5cc9cfba9d,ADDRESS,,,,ACTIVE,,,,,CU-TRG-0053,,CU-IMP-1874,2025-03-21,ONCHAIN_SCAN,HIGH,,Circle
CU-ACT-1875,2025-03-22,UNBLACKLIST,0xd4b88df4d29f5cedd6857912842cff3b20c8cfa3,ADDRESS,,,,ACTIVE,,,,,CU-TRG-0053,,CU-IMP-1875,2025-03-21,ONCHAIN_SCAN,HIGH,,Circle
CU-ACT-1876,2025-03-22,UNBLACKLIST,0x910cbd523d972eb0a6f4cae4618ad62622b39dbf,ADDRESS,,,,ACTIVE,,,,,CU-TRG-0053,,CU-IMP-1876,2025-03-21,ONCHAIN_SCAN,HIGH,,Circle
CU-ACT-1877,2025-03-22,UNBLACKLIST,0xa160cdab225685da1d56aa342ad8841c3b53f291,ADDRESS,,,,ACTIVE,,,,,CU-TRG-0053,,CU-IMP-1877,2025-03-21,ONCHAIN_SCAN,HIGH,,Circle
CU-ACT-1878,2025-03-22,UNBLACKLIST,0xfd8610d20aa15b7b2e3be39b396a1bc3516c7144,ADDRESS,,,,ACTIVE,,,,,CU-TRG-0053,,CU-IMP-1878,2025-03-21,ONCHAIN_SCAN,HIGH,,Circle
CU-ACT-1879,2025-03-22,UNBLACKLIST,0xf60dd140cff0706bae9cd734ac3ae76ad9ebc32a,ADDRESS,,,,ACTIVE,,,,,CU-TRG-0053,,CU-IMP-1879,2025-03-21,ONCHAIN_SCAN,HIGH,,Circle
CU-ACT-1880,2025-03-22,UNBLACKLIST,0x22aaa7720ddd5388a3c0a3333430953c68f1849b,ADDRESS,,,,ACTIVE,,,,,CU-TRG-0053,,CU-IMP-1880,2025-03-21,ONCHAIN_SCAN,HIGH,,Circle
CU-ACT-1881,2025-03-22,UNBLACKLIST,0xba214c1c1928a32bffe790263e38b4af9bfcd659,ADDRESS,,,,ACTIVE,,,,,CU-TRG-0053,,CU-IMP-1881,2025-03-21,ONCHAIN_SCAN,HIGH,,Circle
CU-ACT-1882,2025-03-22,UNBLACKLIST,0xb1c8094b234dce6e03f10a5b673c1d8c69739a00,ADDRESS,,,,ACTIVE,,,,,CU-TRG-0053,,CU-IMP-1882,2025-03-21,ONCHAIN_SCAN,HIGH,,Circle
CU-ACT-1883,2025-03-22,UNBLACKLIST,0x527653ea119f3e6a1f5bd18fbf4714081d7b31ce,ADDRESS,,,,ACTIVE,,,,,CU-TRG-0053,,CU-IMP-1883,2025-03-21,ONCHAIN_SCAN,HIGH,,Circle
CU-ACT-1884,2025-03-22,UNBLACKLIST,0x58e8dcc13be9780fc42e8723d8ead4cf46943df2,ADDRESS,,,,ACTIVE,,,,,CU-TRG-0053,,CU-IMP-1884,2025-03-21,ONCHAIN_SCAN,HIGH,,Circle
CU-ACT-1885,2025-03-22,UNBLACKLIST,0xd691f27f38b395864ea86cfc7253969b409c362d,ADDRESS,,,,ACTIVE,,,,,CU-TRG-0053,,CU-IMP-1885,2025-03-21,ONCHAIN_SCAN,HIGH,,Circle
CU-ACT-1886,2025-03-22,UNBLACKLIST,0xaeaac358560e11f52454d997aaff2c5731b6f8a6,ADDRESS,,,,ACTIVE,,,,,CU-TRG-0053,,CU-IMP-1886,2025-03-21,ONCHAIN_SCAN,HIGH,,Circle
CU-ACT-1887,2025-03-22,UNBLACKLIST,0x1356c899d8c9467c7f71c195612f8a395abf2f0a,ADDRESS,,,,ACTIVE,,,,,CU-TRG-0053,,CU-IMP-1887,2025-03-21,ONCHAIN_SCAN,HIGH,,Circle
CU-ACT-1888,2025-03-22,UNBLACKLIST,0xa60c772958a3ed56c1f15dd055ba37ac8e523a0d,ADDRESS,,,,ACTIVE,,,,,CU-TRG-0053,,CU-IMP-1888,2025-03-21,ONCHAIN_SCAN,HIGH,,Circle
CU-ACT-1889,2025-03-22,UNBLACKLIST,0x169ad27a470d064dede56a2d3ff727986b15d52b,ADDRESS,,,,ACTIVE,,,,,CU-TRG-0053,,CU-IMP-1889,2025-03-21,ONCHAIN_SCAN,HIGH,,Circle
CU-ACT-1890,2025-03-22,UNBLACKLIST,0x0836222f2b2b24a3f36f98668ed8f0b38d1a872f,ADDRESS,,,,ACTIVE,,,,,CU-TRG-0053,,CU-IMP-1890,2025-03-21,ONCHAIN_SCAN,HIGH,,Circle
CU-ACT-1891,2025-03-22,UNBLACKLIST,0xf67721a2d8f736e75a49fdd7fad2e31d8676542a,ADDRESS,,,,ACTIVE,,,,,CU-TRG-0053,,CU-IMP-1891,2025-03-21,ONCHAIN_SCAN,HIGH,,Circle
CU-ACT-1892,2025-03-22,UNBLACKLIST,0x9ad122c22b14202b4490edaf288fdb3c7cb3ff5e,ADDRESS,,,,ACTIVE,,,,,CU-TRG-0053,,CU-IMP-1892,2025-03-21,ONCHAIN_SCAN,HIGH,,Circle
CU-ACT-1893,2025-03-22,UNBLACKLIST,0x07687e702b410fa43f4cb4af7fa097918ffd2730,ADDRESS,,,,ACTIVE,,,,,CU-TRG-0053,,CU-IMP-1893,2025-03-21,ONCHAIN_SCAN,HIGH,,Circle
CU-ACT-1894,2025-03-22,UNBLACKLIST,0x94a1b5cdb22c43faab4abeb5c74999895464ddaf,ADDRESS,,,,ACTIVE,,,,,CU-TRG-0053,,CU-IMP-1894,2025-03-21,ONCHAIN_SCAN,HIGH,,Circle
CU-ACT-1895,2025-03-22,UNBLACKLIST,0xb541fc07bc7619fd4062a54d96268525cbc6ffef,ADDRESS,,,,ACTIVE,,,,,CU-TRG-0053,,CU-IMP-1895,2025-03-21,ONCHAIN_SCAN,HIGH,,Circle
CU-ACT-1896,2025-03-22,UNBLACKLIST,0x12d66f87a04a9e220743712ce6d9bb1b5616b8fc,ADDRESS,,,,ACTIVE,,,,,CU-TRG-0053,,CU-IMP-1896,2025-03-21,ONCHAIN_SCAN,HIGH,,Circle
CU-ACT-1897,2025-03-22,UNBLACKLIST,0x47ce0c6ed5b0ce3d3a51fdb1c52dc66a7c3c2936,ADDRESS,,,,ACTIVE,,,,,CU-TRG-0053,,CU-IMP-1897,2025-03-21,ONCHAIN_SCAN,HIGH,,Circle
CU-ACT-1898,2025-03-22,UNBLACKLIST,0x23773e65ed146a459791799d01336db287f25334,ADDRESS,,,,ACTIVE,,,,,CU-TRG-0053,,CU-IMP-1898,2025-03-21,ONCHAIN_SCAN,HIGH,,Circle
CU-ACT-1899,2025-03-22,UNBLACKLIST,0xd21be7248e0197ee08e0c20d4a96debdac3d20af,ADDRESS,,,,ACTIVE,,,,,CU-TRG-0053,,CU-IMP-1899,2025-03-21,ONCHAIN_SCAN,HIGH,,Circle
CU-ACT-1900,2025-03-22,UNBLACKLIST,0x610b717796ad172b316836ac95a2ffad065ceab4,ADDRESS,,,,ACTIVE,,,,,CU-TRG-0053,,CU-IMP-1900,2025-03-21,ONCHAIN_SCAN,HIGH,,Circle
CU-ACT-1901,2025-03-22,UNBLACKLIST,0x178169b423a011fff22b9e3f3abea13414ddd0f1,ADDRESS,,,,ACTIVE,,,,,CU-TRG-0053,,CU-IMP-1901,2025-03-21,ONCHAIN_SCAN,HIGH,,Circle
CU-ACT-1902,2025-03-22,UNBLACKLIST,0xbb93e510bbcd0b7beb5a853875f9ec60275cf498,ADDRESS,,,,ACTIVE,,,,,CU-TRG-0053,,CU-IMP-1902,2025-03-21,ONCHAIN_SCAN,HIGH,,Circle
CU-ACT-1903,2025-03-22,UNBLACKLIST,0x2717c5e28cf931547b621a5dddb772ab6a35b701,ADDRESS,,,,ACTIVE,,,,,CU-TRG-0053,,CU-IMP-1903,2025-03-21,ONCHAIN_SCAN,HIGH,,Circle
CU-ACT-1904,2025-03-22,UNBLACKLIST,0x03893a7c7463ae47d46bc7f091665f1893656003,ADDRESS,,,,ACTIVE,,,,,CU-TRG-0053,,CU-IMP-1904,2025-03-21,ONCHAIN_SCAN,HIGH,,Circle
CU-ACT-1905,2025-03-22,UNBLACKLIST,0xca0840578f57fe71599d29375e16783424023357,ADDRESS,,,,ACTIVE,,,,,CU-TRG-0053,,CU-IMP-1905,2025-03-21,ONCHAIN_SCAN,HIGH,,Circle
CU-ACT-1906,2025-03-22,UNBLACKLIST,0x01e2919679362dfbc9ee1644ba9c6da6d6245bb1,ADDRESS,,,,ACTIVE,,,,,CU-TRG-0053,,CU-IMP-1906,,ONCHAIN_SCAN,HIGH,,Circle
CU-ACT-1907,2025-03-22,UNBLACKLIST,0x09193888b3f38c82dedfda55259a82c0e7de875e,ADDRESS,,,,ACTIVE,,,,,CU-TRG-0053,,CU-IMP-1907,,ONCHAIN_SCAN,HIGH,,Circle
CU-ACT-1908,2025-03-22,UNBLACKLIST,0x179f48c78f57a3a78f0608cc9197b8972921d1d2,ADDRESS,,,,ACTIVE,,,,,CU-TRG-0053,,CU-IMP-1908,,ONCHAIN_SCAN,HIGH,,Circle
CU-ACT-1909,2025-03-22,UNBLACKLIST,0x2573bac39ebe2901b4389cd468f2872cf7767faf,ADDRESS,,,,ACTIVE,,,,,CU-TRG-0053,,CU-IMP-1909,,ONCHAIN_SCAN,HIGH,,Circle
CU-ACT-1910,2025-03-22,UNBLACKLIST,0x26903a5a198d571422b2b4ea08b56a37cbd68c89,ADDRESS,,,,ACTIVE,,,,,CU-TRG-0053,,CU-IMP-1910,,ONCHAIN_SCAN,HIGH,,Circle
CU-ACT-1911,2025-03-22,UNBLACKLIST,0x2f50508a8a3d323b91336fa3ea6ae50e55f32185,ADDRESS,,,,ACTIVE,,,,,CU-TRG-0053,,CU-IMP-1911,,ONCHAIN_SCAN,HIGH,,Circle
CU-ACT-1912,2025-03-22,UNBLACKLIST,0x2fc93484614a34f26f7970cbb94615ba109bb4bf,ADDRESS,,,,ACTIVE,,,,,CU-TRG-0053,,CU-IMP-1912,,ONCHAIN_SCAN,HIGH,,Circle
CU-ACT-1913,2025-03-22,UNBLACKLIST,0x3efa30704d2b8bbac821307230376556cf8cc39e,ADDRESS,,,,ACTIVE,,,,,CU-TRG-0053,,CU-IMP-1913,,ONCHAIN_SCAN,HIGH,,Circle
CU-ACT-1914,2025-03-22,UNBLACKLIST,0x5cab7692d4e94096462119ab7bf57319726eed2a,ADDRESS,,,,ACTIVE,,,,,CU-TRG-0053,,CU-IMP-1914,,ONCHAIN_SCAN,HIGH,,Circle
CU-ACT-1915,2025-03-22,UNBLACKLIST,0x5efda50f22d34f262c29268506c5fa42cb56a1ce,ADDRESS,,,,ACTIVE,,,,,CU-TRG-0053,,CU-IMP-1915,,ONCHAIN_SCAN,HIGH,,Circle
CU-ACT-1916,2025-03-22,UNBLACKLIST,0x5f6c97c6ad7bdd0ae7e0dd4ca33a4ed3fdabd4d7,ADDRESS,,,,ACTIVE,,,,,CU-TRG-0053,,CU-IMP-1916,,ONCHAIN_SCAN,HIGH,,Circle
CU-ACT-1917,2025-03-22,UNBLACKLIST,0x653477c392c16b0765603074f157314cc4f40c32,ADDRESS,,,,ACTIVE,,,,,CU-TRG-0053,,CU-IMP-1917,,ONCHAIN_SCAN,HIGH,,Circle
CU-ACT-1918,2025-03-22,UNBLACKLIST,0x746aebc06d2ae31b71ac51429a19d54e797878e9,ADDRESS,,,,ACTIVE,,,,,CU-TRG-0053,,CU-IMP-1918,,ONCHAIN_SCAN,HIGH,,Circle
CU-ACT-1919,2025-03-22,UNBLACKLIST,0x756c4628e57f7e7f8a459ec2752968360cf4d1aa,ADDRESS,,,,ACTIVE,,,,,CU-TRG-0053,,CU-IMP-1919,,ONCHAIN_SCAN,HIGH,,Circle
CU-ACT-1920,2025-03-22,UNBLACKLIST,0x77777feddddffc19ff86db637967013e6c6a116c,ADDRESS,,,,ACTIVE,,,,,CU-TRG-0053,,CU-IMP-1920,,ONCHAIN_SCAN,HIGH,,Circle
CU-ACT-1921,2025-03-22,UNBLACKLIST,0x88fd245fedec4a936e700f9173454d1931b4c307,ADDRESS,,,,ACTIVE,,,,,CU-TRG-0053,,CU-IMP-1921,,ONCHAIN_SCAN,HIGH,,Circle
CU-ACT-1922,2025-03-22,UNBLACKLIST,0x94c92f096437ab9958fc0a37f09348f30389ae79,ADDRESS,,,,ACTIVE,,,,,CU-TRG-0053,,CU-IMP-1922,,ONCHAIN_SCAN,HIGH,,Circle
CU-ACT-1923,2025-03-22,UNBLACKLIST,0xb04e030140b30c27bcdfaafffa98c57d80eda7b4,ADDRESS,,,,ACTIVE,,,,,CU-TRG-0053,,CU-IMP-1923,,ONCHAIN_SCAN,HIGH,,Circle
CU-ACT-1924,2025-03-22,UNBLACKLIST,0xb20c66c4de72433f3ce747b58b86830c459ca911,ADDRESS,,,,ACTIVE,,,,,CU-TRG-0053,,CU-IMP-1924,,ONCHAIN_SCAN,HIGH,,Circle
CU-ACT-1925,2025-03-22,UNBLACKLIST,0xcee71753c9820f063b38fdbe4cfdaf1d3d928a80,ADDRESS,,,,ACTIVE,,,,,CU-TRG-0053,,CU-IMP-1925,,ONCHAIN_SCAN,HIGH,,Circle
CU-ACT-1926,2025-03-22,UNBLACKLIST,0xd82ed8786d7c69dc7e052f7a542ab047971e73d2,ADDRESS,,,,ACTIVE,,,,,CU-TRG-0053,,CU-IMP-1926,,ONCHAIN_SCAN,HIGH,,Circle
CU-ACT-1927,2025-03-22,UNBLACKLIST,0xf4b067dd14e95bab89be928c07cb22e3c94e0daa,ADDRESS,,,,ACTIVE,,,,,CU-TRG-0053,,CU-IMP-1927,,ONCHAIN_SCAN,HIGH,,Circle
CU-ACT-1928,2025-03-22,UNBLACKLIST,0xffbac21a641dcfe4552920138d90f3638b3c9fba,ADDRESS,,,,ACTIVE,,,,,CU-TRG-0053,,CU-IMP-1928,,ONCHAIN_SCAN,HIGH,,Circle
CU-ACT-1929,2025-03-22,UNBLACKLIST,0xd692fd2d0b2fbd2e52cfa5b5b9424bc981c30696,ADDRESS,,,,ACTIVE,,,,,CU-TRG-0053,,CU-IMP-1929,,ONCHAIN_SCAN,HIGH,,Circle
CU-ACT-1930,2025-03-22,UNBLACKLIST,0xd8d7de3349ccaa0fde6298fe6d7b7d0d34586193,ADDRESS,,,,ACTIVE,,,,,CU-TRG-0053,,CU-IMP-1930,,ONCHAIN_SCAN,HIGH,,Circle
CU-ACT-1931,2025-03-22,UNBLACKLIST,0xdf3a408c53e5078af6e8fb2a85088d46ee09a61b,ADDRESS,,,,ACTIVE,,,,,CU-TRG-0053,,CU-IMP-1931,,ONCHAIN_SCAN,HIGH,,Circle
CU-ACT-1932,2025-03-22,UNBLACKLIST,0x1e34a77868e19a6647b1f2f47b51ed72dede95dd,ADDRESS,,,,ACTIVE,,,,,CU-TRG-0053,,CU-IMP-1932,,ONCHAIN_SCAN,HIGH,,Circle
CU-ACT-1933,2025-03-22,UNBLACKLIST,0x23173fe8b96a4ad8d2e17fb83ea5dcccdca1ae52,ADDRESS,,,,ACTIVE,,,,,CU-TRG-0053,,CU-IMP-1933,,ONCHAIN_SCAN,HIGH,,Circle
CU-ACT-1934,2025-03-22,UNBLACKLIST,0x242654336ca2205714071898f67e254eb49acdce,ADDRESS,,,,ACTIVE,,,,,CU-TRG-0053,,CU-IMP-1934,,ONCHAIN_SCAN,HIGH,,Circle
CU-ACT-1935,2025-03-22,UNBLACKLIST,0x330bdfade01ee9bf63c209ee33102dd334618e0a,ADDRESS,,,,ACTIVE,,,,,CU-TRG-0053,,CU-IMP-1935,,ONCHAIN_SCAN,HIGH,,Circle
CU-ACT-1936,2025-03-22,UNBLACKLIST,0x3aac1cc67c2ec5db4ea850957b967ba153ad6279,ADDRESS,,,,ACTIVE,,,,,CU-TRG-0053,,CU-IMP-1936,,ONCHAIN_SCAN,HIGH,,Circle
CU-ACT-1937,2025-03-22,UNBLACKLIST,0x407cceeaa7c95d2fe2250bf9f2c105aa7aafb512,ADDRESS,,,,ACTIVE,,,,,CU-TRG-0053,,CU-IMP-1937,,ONCHAIN_SCAN,HIGH,,Circle
CU-ACT-1938,2025-03-22,UNBLACKLIST,0x538ab61e8a9fc1b2f93b3dd9011d662d89be6fe6,ADDRESS,,,,ACTIVE,,,,,CU-TRG-0053,,CU-IMP-1938,,ONCHAIN_SCAN,HIGH,,Circle
CU-ACT-1939,2025-03-22,UNBLACKLIST,0x57b2b8c82f065de8ef5573f9730fc1449b403c9f,ADDRESS,,,,ACTIVE,,,,,CU-TRG-0053,,CU-IMP-1939,,ONCHAIN_SCAN,HIGH,,Circle
CU-ACT-1940,2025-03-22,UNBLACKLIST,0x6bf694a291df3fec1f7e69701e3ab6c592435ae7,ADDRESS,,,,ACTIVE,,,,,CU-TRG-0053,,CU-IMP-1940,,ONCHAIN_SCAN,HIGH,,Circle
CU-ACT-1941,2025-03-22,UNBLACKLIST,0x723b78e67497e85279cb204544566f4dc5d2aca0,ADDRESS,,,,ACTIVE,,,,,CU-TRG-0053,,CU-IMP-1941,,ONCHAIN_SCAN,HIGH,,Circle
CU-ACT-1942,2025-03-22,UNBLACKLIST,0x743494b60097a2230018079c02fe21a7b687eaa5,ADDRESS,,,,ACTIVE,,,,,CU-TRG-0053,,CU-IMP-1942,,ONCHAIN_SCAN,HIGH,,Circle
CU-ACT-1943,2025-03-22,UNBLACKLIST,0x76d85b4c0fc497eecc38902397ac608000a06607,ADDRESS,,,,ACTIVE,,,,,CU-TRG-0053,,CU-IMP-1943,,ONCHAIN_SCAN,HIGH,,Circle
CU-ACT-1944,2025-03-22,UNBLACKLIST,0x776198ccf446dfa168347089d7338879273172cf,ADDRESS,,,,ACTIVE,,,,,CU-TRG-0053,,CU-IMP-1944,,ONCHAIN_SCAN,HIGH,,Circle
CU-ACT-1945,2025-03-22,UNBLACKLIST,0x8281aa6795ade17c8973e1aedca380258bc124f9,ADDRESS,,,,ACTIVE,,,,,CU-TRG-0053,,CU-IMP-1945,,ONCHAIN_SCAN,HIGH,,Circle
CU-ACT-1946,2025-03-22,UNBLACKLIST,0x833481186f16cece3f1eeea1a694c42034c3a0db,ADDRESS,,,,ACTIVE,,,,,CU-TRG-0053,,CU-IMP-1946,,ONCHAIN_SCAN,HIGH,,Circle
CU-ACT-1947,2025-03-22,UNBLACKLIST,0x84443cfd09a48af6ef360c6976c5392ac5023a1f,ADDRESS,,,,ACTIVE,,,,,CU-TRG-0053,,CU-IMP-1947,,ONCHAIN_SCAN,HIGH,,Circle
CU-ACT-1948,2025-03-22,UNBLACKLIST,0x94be88213a387e992dd87de56950a9aef34b9448,ADDRESS,,,,ACTIVE,,,,,CU-TRG-0053,,CU-IMP-1948,,ONCHAIN_SCAN,HIGH,,Circle
CU-ACT-1949,2025-03-22,UNBLACKLIST,0xa5c2254e4253490c54cef0a4347fddb8f75a4998,ADDRESS,,,,ACTIVE,,,,,CU-TRG-0053,,CU-IMP-1949,,ONCHAIN_SCAN,HIGH,,Circle
CU-ACT-1950,2025-03-22,UNBLACKLIST,0xaf4c0b70b2ea9fb7487c7cbb37ada259579fe040,ADDRESS,,,,ACTIVE,,,,,CU-TRG-0053,,CU-IMP-1950,,ONCHAIN_SCAN,HIGH,,Circle
CU-ACT-1951,2025-03-22,UNBLACKLIST,0xaf8d1839c3c67cf571aa74b5c12398d4901147b3,ADDRESS,,,,ACTIVE,,,,,CU-TRG-0053,,CU-IMP-1951,,ONCHAIN_SCAN,HIGH,,Circle
CU-ACT-1952,2025-03-22,UNBLACKLIST,0xcc84179ffd19a1627e79f8648d09e095252bc418,ADDRESS,,,,ACTIVE,,,,,CU-TRG-0053,,CU-IMP-1952,,ONCHAIN_SCAN,HIGH,,Circle
CU-ACT-1953,2025-03-22,UNBLACKLIST,0xd47438c816c9e7f2e2888e060936a499af9582b3,ADDRESS,,,,ACTIVE,,,,,CU-TRG-0053,,CU-IMP-1953,,ONCHAIN_SCAN,HIGH,,Circle
CU-ACT-1954,2025-03-22,UNBLACKLIST,0xd5d6f8d9e784d0e26222ad3834500801a68d027d,ADDRESS,,,,ACTIVE,,,,,CU-TRG-0053,,CU-IMP-1954,,ONCHAIN_SCAN,HIGH,,Circle
CU-ACT-1955,2025-03-22,UNBLACKLIST,0xdf231d99ff8b6c6cbf4e9b9a945cbacef9339178,ADDRESS,,,,ACTIVE,,,,,CU-TRG-0053,,CU-IMP-1955,,ONCHAIN_SCAN,HIGH,,Circle
CU-ACT-1956,2025-03-22,UNBLACKLIST,0xedc5d01286f99a066559f60a585406f3878a033e,ADDRESS,,,,ACTIVE,,,,,CU-TRG-0053,,CU-IMP-1956,,ONCHAIN_SCAN,HIGH,,Circle
CU-ACT-1957,2025-03-22,UNBLACKLIST,0x0e3a09dda6b20afbb34ac7cd4a6881493f3e7bf7,ADDRESS,,,,ACTIVE,,,,,CU-TRG-0053,,CU-IMP-1957,,ONCHAIN_SCAN,HIGH,,Circle
CU-ACT-1958,2025-03-22,UNBLACKLIST,0x05e0b5b40b7b66098c2161a5ee11c5740a3a7c45,ADDRESS,,,,ACTIVE,,,,,CU-TRG-0053,,CU-IMP-1958,,ONCHAIN_SCAN,HIGH,,Circle
CU-ACT-1959,2025-04-02,BLACKLIST,0x16f068ea913a912c62114a873b678b1aa9236585,ADDRESS,SANCTIONED_ENTITY,CU-ENT-0051,,ACTIVE,,,,,CU-TRG-0045,,CU-IMP-1959,2025-04-02,ONCHAIN_SCAN,HIGH,,Circle
CU-ACT-1960,2025-04-02,BLACKLIST,0x9acfa7136bd9ee19fc2c4517e2033705262f938c,ADDRESS,SANCTIONED_ENTITY,CU-ENT-0051,,ACTIVE,,,,,CU-TRG-0045,,CU-IMP-1960,2025-04-02,ONCHAIN_SCAN,HIGH,,Circle
CU-ACT-1961,2025-04-02,BLACKLIST,0xe942adb085bdc3cd49ad2ddaea53934f12a7e0a5,ADDRESS,SANCTIONED_ENTITY,CU-ENT-0051,,ACTIVE,,,,,CU-TRG-0045,,CU-IMP-1961,2025-04-02,ONCHAIN_SCAN,HIGH,,Circle
CU-ACT-1962,2025-04-02,BLACKLIST,0x4755da10f30da425a1b5f12166bec82600c48c79,ADDRESS,SANCTIONED_ENTITY,CU-ENT-0051,,ACTIVE,,,,,CU-TRG-0045,,CU-IMP-1962,2025-04-02,ONCHAIN_SCAN,HIGH,,Circle
CU-ACT-1963,2025-04-02,BLACKLIST,0x2b872fc6d0614e39150d078db0e2ff56650f2b4b,ADDRESS,SANCTIONED_ENTITY,CU-ENT-0051,,ACTIVE,,,,,CU-TRG-0045,,CU-IMP-1963,2025-04-02,ONCHAIN_SCAN,HIGH,,Circle
CU-ACT-1964,2025-04-02,BLACKLIST,0x7a01e8268bbb7b5b7403b673aa0b9d7b36f651aa,ADDRESS,SANCTIONED_ENTITY,CU-ENT-0051,,ACTIVE,,,,,CU-TRG-0045,,CU-IMP-1964,2025-04-02,ONCHAIN_SCAN,HIGH,,Circle
CU-ACT-1965,2025-04-02,BLACKLIST,0x2a4c4406a0495116aa880c57486cb876658d8aa1,ADDRESS,SANCTIONED_ENTITY,CU-ENT-0051,,ACTIVE,,,,,CU-TRG-0045,,CU-IMP-1965,2025-04-02,ONCHAIN_SCAN,HIGH,,Circle
CU-ACT-1966,2025-04-02,BLACKLIST,0xd9471e6c644756e845e4a10260362ab9a3a9845a,ADDRESS,SANCTIONED_ENTITY,CU-ENT-0051,,ACTIVE,,,,,CU-TRG-0045,,CU-IMP-1966,2025-04-02,ONCHAIN_SCAN,HIGH,,Circle
CU-ACT-1967,2025-05-29,BLACKLIST,0xd5ed34b52ac4ab84d8fa8a231a3218bbf01ed510,ADDRESS,sanctioned_entity,CU-ENT-0031,,ACTIVE,,,,,CU-TRG-0031,,CU-IMP-1967,,ONCHAIN_SCAN,HIGH,,Circle
CU-ACT-1968,2025-05-29,BLACKLIST,0x8c5f37d4db13967643e33d5404f66f86569221ca,ADDRESS,SANCTIONED_ENTITY,CU-ENT-0031,,ACTIVE,,,,,CU-TRG-0031,,CU-IMP-1968,2025-05-29,ONCHAIN_SCAN,HIGH,,Circle
CU-ACT-1969,2025-07-01,BLACKLIST,0xc685132e908cce284c063415ea353af5f555c6c6,ADDRESS,SANCTIONED_ENTITY,CU-ENT-0080,,ACTIVE,,,,,CU-TRG-0073,,CU-IMP-1969,2025-07-01,ONCHAIN_SCAN,HIGH,,Circle
CU-ACT-1970,2025-08-14,BLACKLIST,0x3301843d4d8c3314706a6526940bc2a38ed29475,ADDRESS,SANCTIONED_ENTITY,CU-ENT-0050,,ACTIVE,,,,,CU-TRG-0044,,CU-IMP-1970,2025-08-14,ONCHAIN_SCAN,HIGH,,Circle
CU-ACT-1971,2025-08-14,BLACKLIST,0x6e2bf91ff62095e759301a1e46df3278f7d6bf07,ADDRESS,SANCTIONED_ENTITY,CU-ENT-0050,,ACTIVE,,,,,CU-TRG-0044,,CU-IMP-1971,2025-08-14,ONCHAIN_SCAN,HIGH,,Circle
CU-ACT-1972,2025-08-14,BLACKLIST,0x8a33c4dccc7e840e536c1abc9af4612f876f54de,ADDRESS,SANCTIONED_ENTITY,CU-ENT-0050,,ACTIVE,,,,,CU-TRG-0044,,CU-IMP-1972,2025-08-14,ONCHAIN_SCAN,HIGH,,Circle
CU-ACT-1973,2025-08-14,BLACKLIST,0x17b65262f73d2a8668dededc6a40274c3e0ea058,ADDRESS,SANCTIONED_ENTITY,CU-ENT-0050,,ACTIVE,,,,,CU-TRG-0044,,CU-IMP-1973,2025-08-14,ONCHAIN_SCAN,HIGH,,Circle
CU-ACT-1974,2025-08-14,BLACKLIST,0x0655b7211f302b42a7bfa16a6c45284ab82fd85b,ADDRESS,SANCTIONED_ENTITY,CU-ENT-0050,,ACTIVE,,,,,CU-TRG-0044,,CU-IMP-1974,2025-08-14,ONCHAIN_SCAN,HIGH,,Circle
CU-ACT-1975,2025-08-14,BLACKLIST,0x82df92ebaa039dd6c9e0689390d7298a5ca1f59c,ADDRESS,SANCTIONED_ENTITY,CU-ENT-0050,,ACTIVE,,,,,CU-TRG-0044,,CU-IMP-1975,2025-08-14,ONCHAIN_SCAN,HIGH,,Circle
CU-ACT-1976,2025-08-14,BLACKLIST,0x48ea81d8db01cc3f551be8ecc8627b5a803eb075,ADDRESS,SANCTIONED_ENTITY,CU-ENT-0050,,ACTIVE,,,,,CU-TRG-0044,,CU-IMP-1976,2025-08-14,ONCHAIN_SCAN,HIGH,,Circle
CU-ACT-1977,2025-08-14,BLACKLIST,0x12de548f79a50d2bd05481c8515c1ef5183666a9,ADDRESS,sanctioned_entity,CU-ENT-0032,,ACTIVE,,,,,CU-TRG-0032,,CU-IMP-1977,,ONCHAIN_SCAN,HIGH,,Circle
CU-ACT-1978,2025-08-14,BLACKLIST,0x18f703184349667cdae85a07e7f2efac36052b89,ADDRESS,SANCTIONED_ENTITY,CU-ENT-0050,,ACTIVE,,,,,CU-TRG-0044,,CU-IMP-1978,2025-08-14,ONCHAIN_SCAN,HIGH,,Circle
CU-ACT-1979,2025-08-14,BLACKLIST,0x8dce2aac0de82bdcaf6b4373b79f94331b8e4995,ADDRESS,sanctioned_entity,CU-ENT-0010,,ACTIVE,,,,,CU-TRG-0010,,CU-IMP-1979,,ONCHAIN_SCAN,HIGH,,Circle
CU-ACT-1980,2025-08-14,BLACKLIST,0xf4377eda661e04b6dda78969796ed31658d602d4,ADDRESS,sanctioned_entity,CU-ENT-0010,,ACTIVE,,,,,CU-TRG-0010,,CU-IMP-1980,,ONCHAIN_SCAN,HIGH,,Circle
CU-ACT-1981,2025-08-14,BLACKLIST,0xb338962b92cd818d6aef0a32a9ecd01212a71f33,ADDRESS,sanctioned_entity,CU-ENT-0010,,ACTIVE,,,,,CU-TRG-0010,,CU-IMP-1981,,ONCHAIN_SCAN,HIGH,,Circle
CU-ACT-1982,2025-08-14,BLACKLIST,0x57ec89a0c056163a0314e413320f9b3abe761259,ADDRESS,sanctioned_entity,CU-ENT-0010,,ACTIVE,,,,,CU-TRG-0010,,CU-IMP-1982,,ONCHAIN_SCAN,HIGH,,Circle
CU-ACT-1983,2025-08-14,BLACKLIST,0xd8500c631dc32fa18645b7436344a99e4825e10e,ADDRESS,sanctioned_entity,CU-ENT-0010,,ACTIVE,,,,,CU-TRG-0010,,CU-IMP-1983,,ONCHAIN_SCAN,HIGH,,Circle
CU-ACT-1984,2025-08-14,BLACKLIST,0x7ced75026204ac29c34bea98905d4c949f27361e,ADDRESS,sanctioned_entity,CU-ENT-0010,,ACTIVE,,,,,CU-TRG-0010,,CU-IMP-1984,,ONCHAIN_SCAN,HIGH,,Circle
CU-ACT-1985,2025-08-14,BLACKLIST,0x418949a4a7da9e07192909722072dded8f670d58,ADDRESS,SANCTIONED_ENTITY,CU-ENT-0050,,ACTIVE,,,,,CU-TRG-0044,,CU-IMP-1985,2025-08-14,ONCHAIN_SCAN,HIGH,,Circle
CU-ACT-1986,2025-08-14,BLACKLIST,0x6042c2f32769454c5ff226fdae52b81e49cd922f,ADDRESS,SANCTIONED_ENTITY,CU-ENT-0050,,ACTIVE,,,,,CU-TRG-0044,,CU-IMP-1986,2025-08-14,ONCHAIN_SCAN,HIGH,,Circle
CU-ACT-1987,2025-08-14,BLACKLIST,0x8660f3ab5285f9e497ffbf2997285c24466aa2a1,ADDRESS,SANCTIONED_ENTITY,CU-ENT-0050,,ACTIVE,,,,,CU-TRG-0044,,CU-IMP-1987,2025-08-14,ONCHAIN_SCAN,HIGH,,Circle
CU-ACT-1988,2025-09-12,BLACKLIST,0xfa3576591b710cd8a68f22fc10281f39f88d8cb1,ADDRESS,,,,REVERSED,CU-ACT-1989,,,,,,CU-IMP-1988,,ONCHAIN_SCAN,HIGH,,Circle
CU-ACT-1989,2025-09-12,UNBLACKLIST,0xfa3576591b710cd8a68f22fc10281f39f88d8cb1,ADDRESS,,,,ACTIVE,,,,,,,CU-IMP-1989,,ONCHAIN_SCAN,HIGH,,Circle
CU-ACT-1990,2025-09-16,BLACKLIST,0xe3d35f68383732649669aa990832e017340dbca5,ADDRESS,sanctioned_entity,CU-ENT-0033,,ACTIVE,,,,,CU-TRG-0033,,CU-IMP-1990,,ONCHAIN_SCAN,HIGH,,Circle
CU-ACT-1991,2025-09-16,BLACKLIST,0xf405df57cc3a2df4dd262b6494d76e346ca778f1,ADDRESS,SANCTIONED_ENTITY,CU-ENT-0056,,ACTIVE,,,,,CU-TRG-0050,,CU-IMP-1991,2025-09-16,ONCHAIN_SCAN,HIGH,,Circle
CU-ACT-1992,2025-09-16,BLACKLIST,0x532b77b33a040587e9fd1800088225f99b8b0e8a,ADDRESS,sanctioned_entity,CU-ENT-0033,,ACTIVE,,,,,CU-TRG-0033,,CU-IMP-1992,,ONCHAIN_SCAN,HIGH,,Circle
CU-ACT-1993,2025-09-16,BLACKLIST,0xab4302cfcf1c2337c1b59af1d23bd97189fe962c,ADDRESS,SANCTIONED_ENTITY,CU-ENT-0056,,ACTIVE,,,,,CU-TRG-0050,,CU-IMP-1993,2025-09-16,ONCHAIN_SCAN,HIGH,,Circle
CU-ACT-1994,2025-09-16,BLACKLIST,0xdb2720ebad55399117ddb4c4a4afd9a4ccada8fe,ADDRESS,sanctioned_entity,CU-ENT-0034,,ACTIVE,,,,,CU-TRG-0034,,CU-IMP-1994,,ONCHAIN_SCAN,HIGH,,Circle
CU-ACT-1995,2025-09-16,BLACKLIST,0x9ab7a3e606677ddf6f3538dd4472ec770c282b3e,ADDRESS,SANCTIONED_ENTITY,CU-ENT-0056,,ACTIVE,,,,,CU-TRG-0050,,CU-IMP-1995,2025-09-16,ONCHAIN_SCAN,HIGH,,Circle
CU-ACT-1996,2025-09-16,BLACKLIST,0xba475bb43ee21013fd14c85e2c74b24bcf5a54c1,ADDRESS,SANCTIONED_ENTITY,CU-ENT-0056,,ACTIVE,,,,,CU-TRG-0050,,CU-IMP-1996,2025-09-16,ONCHAIN_SCAN,HIGH,,Circle
CU-ACT-1997,2025-09-24,BLACKLIST,0x240fd853e1509a975bd95348d49c923fb0b5d43c,ADDRESS,SANCTIONED_ENTITY,CU-ENT-0081,,ACTIVE,,,,,CU-TRG-0074,,CU-IMP-1997,2025-09-24,ONCHAIN_SCAN,HIGH,,Circle
CU-ACT-1998,2025-10-14,BLACKLIST,0xd599ac04a1c786972b81e0fef6fb0c3e7b52f8a7,ADDRESS,SANCTIONED_ENTITY,CU-ENT-0055,,ACTIVE,,,,,CU-TRG-0049,,CU-IMP-1998,2025-10-14,ONCHAIN_SCAN,HIGH,,Circle
CU-ACT-1999,2025-10-14,BLACKLIST,0xae05eb856cb28c156d9722094f5eefd5693bc181,ADDRESS,SANCTIONED_ENTITY,CU-ENT-0055,,ACTIVE,,,,,CU-TRG-0049,,CU-IMP-1999,2025-10-14,ONCHAIN_SCAN,HIGH,,Circle
CU-ACT-2000,2025-10-14,BLACKLIST,0x2a4ff8bc97d3faef20ca9aa3c8dac93450695434,ADDRESS,SANCTIONED_ENTITY,CU-ENT-0055,,ACTIVE,,,,,CU-TRG-0049,,CU-IMP-2000,2025-10-14,ONCHAIN_SCAN,HIGH,,Circle
CU-ACT-2001,2025-10-14,BLACKLIST,0x500aa554ed27a6c94fe0d5eb5df3482b528a5efe,ADDRESS,SANCTIONED_ENTITY,CU-ENT-0055,,ACTIVE,,,,,CU-TRG-0049,,CU-IMP-2001,2025-10-14,ONCHAIN_SCAN,HIGH,,Circle
CU-ACT-2002,2025-11-04,BLACKLIST,0x00be5e0c85be35948d97ad37f62d108243f89ae0,ADDRESS,SANCTIONED_ENTITY,CU-ENT-0047,,ACTIVE,,,CU-INC-0003,,CU-TRG-0042,,CU-IMP-2002,2025-11-04,ONCHAIN_SCAN,HIGH,,Circle
CU-ACT-2003,2025-11-04,BLACKLIST,0x5a1ca8328b9da53c6c11c8745ea8da29a9cd36c1,ADDRESS,SANCTIONED_ENTITY,CU-ENT-0047,,ACTIVE,,,CU-INC-0003,,CU-TRG-0042,,CU-IMP-2003,2025-11-04,ONCHAIN_SCAN,HIGH,,Circle
CU-ACT-2004,2025-11-04,BLACKLIST,0x596ac03ba123b802325bf62ceff98e5608ac48e9,ADDRESS,SANCTIONED_ENTITY,CU-ENT-0047,,ACTIVE,,,CU-INC-0003,,CU-TRG-0042,,CU-IMP-2004,2025-11-04,ONCHAIN_SCAN,HIGH,,Circle
CU-ACT-2005,2025-11-04,BLACKLIST,0x55ef531216bd8077fb1acb8e61be532214b33b76,ADDRESS,SANCTIONED_ENTITY,CU-ENT-0047,,ACTIVE,,,CU-INC-0003,,CU-TRG-0042,,CU-IMP-2005,2025-11-04,ONCHAIN_SCAN,HIGH,,Circle
CU-ACT-2006,2025-11-04,BLACKLIST,0x15a68a9ffa2a94bdad8468d93af4db24251af772,ADDRESS,SANCTIONED_ENTITY,CU-ENT-0047,,ACTIVE,,,CU-INC-0003,,CU-TRG-0042,,CU-IMP-2006,2025-11-04,ONCHAIN_SCAN,HIGH,,Circle
CU-ACT-2007,2025-11-04,BLACKLIST,0x00bf03f87539214307207c61b7f729ddc22977b8,ADDRESS,SANCTIONED_ENTITY,CU-ENT-0047,,ACTIVE,,,CU-INC-0003,,CU-TRG-0042,,CU-IMP-2007,2025-11-04,ONCHAIN_SCAN,HIGH,,Circle
CU-ACT-2008,2025-11-04,BLACKLIST,0x0d1891dd69efe614918e989b5ebd68d6e5f18ff5,ADDRESS,SANCTIONED_ENTITY,CU-ENT-0047,,ACTIVE,,,CU-INC-0003,,CU-TRG-0042,,CU-IMP-2008,2025-11-04,ONCHAIN_SCAN,HIGH,,Circle
CU-ACT-2009,2025-11-04,BLACKLIST,0x10df38a923a660965d098f24a618b0d1b5d99cba,ADDRESS,SANCTIONED_ENTITY,CU-ENT-0047,,ACTIVE,,,CU-INC-0003,,CU-TRG-0042,,CU-IMP-2009,2025-11-04,ONCHAIN_SCAN,HIGH,,Circle
CU-ACT-2010,2025-11-04,BLACKLIST,0x114074ff655d0643a4ff70411ffca618cb7edca1,ADDRESS,SANCTIONED_ENTITY,CU-ENT-0047,,ACTIVE,,,CU-INC-0003,,CU-TRG-0042,,CU-IMP-2010,2025-11-04,ONCHAIN_SCAN,HIGH,,Circle
CU-ACT-2011,2025-11-04,BLACKLIST,0x171f95410bc65dfc8549c287cd475dc8b82df192,ADDRESS,SANCTIONED_ENTITY,CU-ENT-0047,,ACTIVE,,,CU-INC-0003,,CU-TRG-0042,,CU-IMP-2011,2025-11-04,ONCHAIN_SCAN,HIGH,,Circle
CU-ACT-2012,2025-11-04,BLACKLIST,0x17fff4f3364fa6dfa25cf37bebbff62bc47232f7,ADDRESS,SANCTIONED_ENTITY,CU-ENT-0047,,ACTIVE,,,CU-INC-0003,,CU-TRG-0042,,CU-IMP-2012,2025-11-04,ONCHAIN_SCAN,HIGH,,Circle
CU-ACT-2013,2025-11-04,BLACKLIST,0x2cbd0ba5b15bde90d5252d8ac1ed2aa121d2d62a,ADDRESS,SANCTIONED_ENTITY,CU-ENT-0047,,ACTIVE,,,CU-INC-0003,,CU-TRG-0042,,CU-IMP-2013,2025-11-04,ONCHAIN_SCAN,HIGH,,Circle
CU-ACT-2014,2025-11-04,BLACKLIST,0x37cefc817a4582773b26835910127ba24f284bb4,ADDRESS,SANCTIONED_ENTITY,CU-ENT-0047,,ACTIVE,,,CU-INC-0003,,CU-TRG-0042,,CU-IMP-2014,2025-11-04,ONCHAIN_SCAN,HIGH,,Circle
CU-ACT-2015,2025-11-04,BLACKLIST,0x117bb0cfee7ce8f842967537fbcd92fc504d68ab,ADDRESS,SANCTIONED_ENTITY,CU-ENT-0047,,ACTIVE,,,CU-INC-0003,,CU-TRG-0042,,CU-IMP-2015,2025-11-04,ONCHAIN_SCAN,HIGH,,Circle
CU-ACT-2016,2025-11-04,BLACKLIST,0x3e0c892556da529a0c03a28f763964bdf25ca88c,ADDRESS,SANCTIONED_ENTITY,CU-ENT-0047,,ACTIVE,,,CU-INC-0003,,CU-TRG-0042,,CU-IMP-2016,2025-11-04,ONCHAIN_SCAN,HIGH,,Circle
CU-ACT-2017,2025-11-04,BLACKLIST,0x412e673fb7cce4e031b9a02277b1aeb599f62bc1,ADDRESS,SANCTIONED_ENTITY,CU-ENT-0047,,ACTIVE,,,CU-INC-0003,,CU-TRG-0042,,CU-IMP-2017,2025-11-04,ONCHAIN_SCAN,HIGH,,Circle
CU-ACT-2018,2025-11-04,BLACKLIST,0x2547ad3f4b0d37881101885addd1cedf753af9aa,ADDRESS,SANCTIONED_ENTITY,CU-ENT-0047,,ACTIVE,,,CU-INC-0003,,CU-TRG-0042,,CU-IMP-2018,2025-11-04,ONCHAIN_SCAN,HIGH,,Circle
CU-ACT-2019,2025-11-04,BLACKLIST,0x44888f0a128a21872c38aa44bede1e31137ba85f,ADDRESS,SANCTIONED_ENTITY,CU-ENT-0047,,ACTIVE,,,CU-INC-0003,,CU-TRG-0042,,CU-IMP-2019,2025-11-04,ONCHAIN_SCAN,HIGH,,Circle
CU-ACT-2020,2025-11-04,BLACKLIST,0x40813812bb5a22be798d7f4cf227a584f4f87bc9,ADDRESS,SANCTIONED_ENTITY,CU-ENT-0047,,ACTIVE,,,CU-INC-0003,,CU-TRG-0042,,CU-IMP-2020,2025-11-04,ONCHAIN_SCAN,HIGH,,Circle
CU-ACT-2021,2025-11-04,BLACKLIST,0x45afe4b7e98b6ef450e7b5f53bc1763f3be83e69,ADDRESS,SANCTIONED_ENTITY,CU-ENT-0047,,ACTIVE,,,CU-INC-0003,,CU-TRG-0042,,CU-IMP-2021,2025-11-04,ONCHAIN_SCAN,HIGH,,Circle
CU-ACT-2022,2025-11-04,BLACKLIST,0x45fc0d462a6473905024a10f756feadf8e6c2d08,ADDRESS,SANCTIONED_ENTITY,CU-ENT-0047,,ACTIVE,,,CU-INC-0003,,CU-TRG-0042,,CU-IMP-2022,2025-11-04,ONCHAIN_SCAN,HIGH,,Circle
CU-ACT-2023,2025-11-04,BLACKLIST,0x491e68c8464e39723c304aef5cea9543f37ee607,ADDRESS,SANCTIONED_ENTITY,CU-ENT-0047,,ACTIVE,,,CU-INC-0003,,CU-TRG-0042,,CU-IMP-2023,2025-11-04,ONCHAIN_SCAN,HIGH,,Circle
CU-ACT-2024,2025-11-04,BLACKLIST,0x4fa8b02fd04a8ed74b2c77d7efdfffbcc884e3f2,ADDRESS,SANCTIONED_ENTITY,CU-ENT-0047,,ACTIVE,,,CU-INC-0003,,CU-TRG-0042,,CU-IMP-2024,2025-11-04,ONCHAIN_SCAN,HIGH,,Circle
CU-ACT-2025,2025-11-04,BLACKLIST,0x4b1d7ad9f0cbff66d194ba1e9f0da31635f23f0e,ADDRESS,SANCTIONED_ENTITY,CU-ENT-0047,,ACTIVE,,,CU-INC-0003,,CU-TRG-0042,,CU-IMP-2025,2025-11-04,ONCHAIN_SCAN,HIGH,,Circle
CU-ACT-2026,2025-11-04,BLACKLIST,0x46ccbcaf10b406a85a412ab713ad451caef9a950,ADDRESS,SANCTIONED_ENTITY,CU-ENT-0047,,ACTIVE,,,CU-INC-0003,,CU-TRG-0042,,CU-IMP-2026,2025-11-04,ONCHAIN_SCAN,HIGH,,Circle
CU-ACT-2027,2025-11-04,BLACKLIST,0x5263b1aa550f70bd9753ec558c631eaadd2ae98c,ADDRESS,SANCTIONED_ENTITY,CU-ENT-0047,,ACTIVE,,,CU-INC-0003,,CU-TRG-0042,,CU-IMP-2027,2025-11-04,ONCHAIN_SCAN,HIGH,,Circle
CU-ACT-2028,2025-11-04,BLACKLIST,0x7b7f0d8f53e16faee4cf90aedf50c7073f17beff,ADDRESS,SANCTIONED_ENTITY,CU-ENT-0047,,ACTIVE,,,CU-INC-0003,,CU-TRG-0042,,CU-IMP-2028,2025-11-04,ONCHAIN_SCAN,HIGH,,Circle
CU-ACT-2029,2025-11-04,BLACKLIST,0x932dbae7c0493923c2643efc52b9faadfc3109a6,ADDRESS,SANCTIONED_ENTITY,CU-ENT-0047,,ACTIVE,,,CU-INC-0003,,CU-TRG-0042,,CU-IMP-2029,2025-11-04,ONCHAIN_SCAN,HIGH,,Circle
CU-ACT-2030,2025-11-04,BLACKLIST,0x5042cca9d00c44733ebaf550851b9a65cc98d58f,ADDRESS,SANCTIONED_ENTITY,CU-ENT-0047,,ACTIVE,,,CU-INC-0003,,CU-TRG-0042,,CU-IMP-2030,2025-11-04,ONCHAIN_SCAN,HIGH,,Circle
CU-ACT-2031,2025-11-04,BLACKLIST,0x80d658d0d767de04a4379fee4a2fdf10d9bfbf03,ADDRESS,SANCTIONED_ENTITY,CU-ENT-0047,,ACTIVE,,,CU-INC-0003,,CU-TRG-0042,,CU-IMP-2031,2025-11-04,ONCHAIN_SCAN,HIGH,,Circle
CU-ACT-2032,2025-11-04,BLACKLIST,0x72a2fc69c5a3025d9d79bb01335860aaf2a4a948,ADDRESS,SANCTIONED_ENTITY,CU-ENT-0047,,ACTIVE,,,CU-INC-0003,,CU-TRG-0042,,CU-IMP-2032,2025-11-04,ONCHAIN_SCAN,HIGH,,Circle
CU-ACT-2033,2025-11-04,BLACKLIST,0xa3afa16728fc3a16072a7a00ec4508fafe02a34a,ADDRESS,SANCTIONED_ENTITY,CU-ENT-0047,,ACTIVE,,,CU-INC-0003,,CU-TRG-0042,,CU-IMP-2033,2025-11-04,ONCHAIN_SCAN,HIGH,,Circle
CU-ACT-2034,2025-11-04,BLACKLIST,0x80865644f47925223c7e12014e9b11f0f05212bc,ADDRESS,SANCTIONED_ENTITY,CU-ENT-0047,,ACTIVE,,,CU-INC-0003,,CU-TRG-0042,,CU-IMP-2034,2025-11-04,ONCHAIN_SCAN,HIGH,,Circle
CU-ACT-2035,2025-11-04,BLACKLIST,0x97a582fff8b54e501f584dcd828fd1200f6f9e6b,ADDRESS,SANCTIONED_ENTITY,CU-ENT-0047,,ACTIVE,,,CU-INC-0003,,CU-TRG-0042,,CU-IMP-2035,2025-11-04,ONCHAIN_SCAN,HIGH,,Circle
CU-ACT-2036,2025-11-04,BLACKLIST,0x95a603c86ec4a585e4359d1f07e6949567491fc9,ADDRESS,SANCTIONED_ENTITY,CU-ENT-0047,,ACTIVE,,,CU-INC-0003,,CU-TRG-0042,,CU-IMP-2036,2025-11-04,ONCHAIN_SCAN,HIGH,,Circle
CU-ACT-2037,2025-11-04,BLACKLIST,0x919d585e07ab0926832753eb43fd6fb2b8488051,ADDRESS,SANCTIONED_ENTITY,CU-ENT-0047,,ACTIVE,,,CU-INC-0003,,CU-TRG-0042,,CU-IMP-2037,2025-11-04,ONCHAIN_SCAN,HIGH,,Circle
CU-ACT-2038,2025-11-04,BLACKLIST,0xc19a1636cf379ce180a61946a990d743bd2ee3d1,ADDRESS,SANCTIONED_ENTITY,CU-ENT-0047,,ACTIVE,,,CU-INC-0003,,CU-TRG-0042,,CU-IMP-2038,2025-11-04,ONCHAIN_SCAN,HIGH,,Circle
CU-ACT-2039,2025-11-04,BLACKLIST,0xa4e740b001ea51cd90988b19cfb9da7a52e91c47,ADDRESS,SANCTIONED_ENTITY,CU-ENT-0047,,ACTIVE,,,CU-INC-0003,,CU-TRG-0042,,CU-IMP-2039,2025-11-04,ONCHAIN_SCAN,HIGH,,Circle
CU-ACT-2040,2025-11-04,BLACKLIST,0xc014eb917fb0689844b31347c7556c18a319bbbf,ADDRESS,SANCTIONED_ENTITY,CU-ENT-0047,,ACTIVE,,,CU-INC-0003,,CU-TRG-0042,,CU-IMP-2040,2025-11-04,ONCHAIN_SCAN,HIGH,,Circle
CU-ACT-2041,2025-11-04,BLACKLIST,0xda9809eaca62c7d52978045007f26817c425875f,ADDRESS,SANCTIONED_ENTITY,CU-ENT-0047,,ACTIVE,,,CU-INC-0003,,CU-TRG-0042,,CU-IMP-2041,2025-11-04,ONCHAIN_SCAN,HIGH,,Circle
CU-ACT-2042,2025-11-04,BLACKLIST,0xc95b0eaad3ed1c1505fc9b1a50c160afe3594036,ADDRESS,SANCTIONED_ENTITY,CU-ENT-0047,,ACTIVE,,,CU-INC-0003,,CU-TRG-0042,,CU-IMP-2042,2025-11-04,ONCHAIN_SCAN,HIGH,,Circle
CU-ACT-2043,2025-11-04,BLACKLIST,0x9d6350f74c811ca9e9c9adc35227a1193d5984b0,ADDRESS,SANCTIONED_ENTITY,CU-ENT-0047,,ACTIVE,,,CU-INC-0003,,CU-TRG-0042,,CU-IMP-2043,2025-11-04,ONCHAIN_SCAN,HIGH,,Circle
CU-ACT-2044,2025-11-04,BLACKLIST,0xdc2ec40485f23d6268fe9f4fde8c390051f4766a,ADDRESS,SANCTIONED_ENTITY,CU-ENT-0047,,ACTIVE,,,CU-INC-0003,,CU-TRG-0042,,CU-IMP-2044,2025-11-04,ONCHAIN_SCAN,HIGH,,Circle
CU-ACT-2045,2025-11-04,BLACKLIST,0xd3301fc40c118a14ba8c15370e6dd3746656d287,ADDRESS,SANCTIONED_ENTITY,CU-ENT-0047,,ACTIVE,,,CU-INC-0003,,CU-TRG-0042,,CU-IMP-2045,2025-11-04,ONCHAIN_SCAN,HIGH,,Circle
CU-ACT-2046,2025-11-04,BLACKLIST,0xed5324b5482a3eef2eb4263d1c386d86bfda5d4b,ADDRESS,SANCTIONED_ENTITY,CU-ENT-0047,,ACTIVE,,,CU-INC-0003,,CU-TRG-0042,,CU-IMP-2046,2025-11-04,ONCHAIN_SCAN,HIGH,,Circle
CU-ACT-2047,2025-11-04,BLACKLIST,0xdb7ae6b7a2153fe0062be5d1d90a8be5ec8aaa50,ADDRESS,SANCTIONED_ENTITY,CU-ENT-0047,,ACTIVE,,,CU-INC-0003,,CU-TRG-0042,,CU-IMP-2047,2025-11-04,ONCHAIN_SCAN,HIGH,,Circle
CU-ACT-2048,2025-11-04,BLACKLIST,0xe61c235a51cf48a554c60005d936d424d0d76397,ADDRESS,SANCTIONED_ENTITY,CU-ENT-0047,,ACTIVE,,,CU-INC-0003,,CU-TRG-0042,,CU-IMP-2048,2025-11-04,ONCHAIN_SCAN,HIGH,,Circle
CU-ACT-2049,2025-11-04,BLACKLIST,0xad0fd006d311c33da60c180603316a813a3f68d4,ADDRESS,SANCTIONED_ENTITY,CU-ENT-0047,,ACTIVE,,,CU-INC-0003,,CU-TRG-0042,,CU-IMP-2049,2025-11-04,ONCHAIN_SCAN,HIGH,,Circle
CU-ACT-2050,2025-11-04,BLACKLIST,0xe96e4483bc3f3abfea3213cd8a094ce5b26b117c,ADDRESS,SANCTIONED_ENTITY,CU-ENT-0047,,ACTIVE,,,CU-INC-0003,,CU-TRG-0042,,CU-IMP-2050,2025-11-04,ONCHAIN_SCAN,HIGH,,Circle
CU-ACT-2051,2025-11-04,BLACKLIST,0xc5aa13f464851d92fd59f1ef6a1c719e5e6d2d4a,ADDRESS,SANCTIONED_ENTITY,CU-ENT-0047,,ACTIVE,,,CU-INC-0003,,CU-TRG-0042,,CU-IMP-2051,2025-11-04,ONCHAIN_SCAN,HIGH,,Circle
CU-ACT-2052,2025-11-04,BLACKLIST,0xf3f338ec1c5e17ab45377e78308ace9a6338242c,ADDRESS,SANCTIONED_ENTITY,CU-ENT-0047,,ACTIVE,,,CU-INC-0003,,CU-TRG-0042,,CU-IMP-2052,2025-11-04,ONCHAIN_SCAN,HIGH,,Circle
CU-ACT-2053,2025-11-04,BLACKLIST,0xfc3def4dc3bac88f7e80d53c2499a02d65ae7e66,ADDRESS,SANCTIONED_ENTITY,CU-ENT-0047,,ACTIVE,,,CU-INC-0003,,CU-TRG-0042,,CU-IMP-2053,2025-11-04,ONCHAIN_SCAN,HIGH,,Circle
CU-ACT-2054,2025-11-04,BLACKLIST,0xf512078e07f61a2e28081c8ea86c6056788d18b4,ADDRESS,SANCTIONED_ENTITY,CU-ENT-0047,,ACTIVE,,,CU-INC-0003,,CU-TRG-0042,,CU-IMP-2054,2025-11-04,ONCHAIN_SCAN,HIGH,,Circle
CU-ACT-2055,2025-11-19,BLACKLIST,0x5d5b5dafecbf31bdb08bfd3edad4f2694372d0ef,ADDRESS,sanctioned_entity,CU-ENT-0035,,ACTIVE,,,,,CU-TRG-0035,,CU-IMP-2055,,ONCHAIN_SCAN,HIGH,,Circle
CU-ACT-2056,2025-11-19,BLACKLIST,0xc103b7dc095c904b92081eef0c1640081ec01c10,ADDRESS,sanctioned_entity,CU-ENT-0035,,ACTIVE,,,,,CU-TRG-0035,,CU-IMP-2056,,ONCHAIN_SCAN,HIGH,,Circle
CU-ACT-2057,2025-11-19,BLACKLIST,0x2020b536fd363c82fc3f6ab26aeea94b4ffa1404,ADDRESS,SANCTIONED_ENTITY,CU-ENT-0053,,ACTIVE,,,,,CU-TRG-0047,,CU-IMP-2057,2025-11-19,ONCHAIN_SCAN,HIGH,,Circle
CU-ACT-2058,2025-11-19,BLACKLIST,0x11fe0fd1a9fb17746eb9877a396ddf1b3a632838,ADDRESS,SANCTIONED_ENTITY,CU-ENT-0053,,ACTIVE,,,,,CU-TRG-0047,,CU-IMP-2058,2025-11-19,ONCHAIN_SCAN,HIGH,,Circle
CU-ACT-2059,2025-11-19,BLACKLIST,0xe1e4c5e5ed8f03ae61b581e2def126025f2b9401,ADDRESS,sanctioned_entity,CU-ENT-0035,,ACTIVE,,,,,CU-TRG-0035,,CU-IMP-2059,,ONCHAIN_SCAN,HIGH,,Circle
CU-ACT-2060,2025-11-19,BLACKLIST,0x091a964948da0f8f638c8b688e391e5a3df1a43e,ADDRESS,SANCTIONED_ENTITY,CU-ENT-0053,,ACTIVE,,,,,CU-TRG-0047,,CU-IMP-2060,2025-11-19,ONCHAIN_SCAN,HIGH,,Circle
CU-ACT-2061,2025-11-19,BLACKLIST,0xd4e976441a1cad72ee5cbd2fd1b677fe7ce8afdf,ADDRESS,SANCTIONED_ENTITY,CU-ENT-0053,,ACTIVE,,,,,CU-TRG-0047,,CU-IMP-2061,2025-11-19,ONCHAIN_SCAN,HIGH,,Circle
CU-ACT-2062,2025-11-19,BLACKLIST,0x9227c54226014afcb588dc49818e28a3a2367557,ADDRESS,SANCTIONED_ENTITY,CU-ENT-0053,,ACTIVE,,,,,CU-TRG-0047,,CU-IMP-2062,2025-11-19,ONCHAIN_SCAN,HIGH,,Circle
CU-ACT-2063,2025-11-26,BLACKLIST,0x66395ac274efad06bcfa78c882c9c4988833823b,ADDRESS,,,,ACTIVE,,,,,,,CU-IMP-2063,,ONCHAIN_SCAN,HIGH,,Circle
CU-ACT-2064,2026-01-30,BLACKLIST,0x180242dc6b95c786c2d9c397532c679a956a1d12,ADDRESS,SANCTIONED_ENTITY,CU-ENT-0052,,ACTIVE,,,,,CU-TRG-0046,,CU-IMP-2064,2026-01-30,ONCHAIN_SCAN,HIGH,,Circle
CU-ACT-2065,2026-01-30,BLACKLIST,0xbf92b14aa9fd088182178e2ebf208da946521ee5,ADDRESS,SANCTIONED_ENTITY,CU-ENT-0052,,ACTIVE,,,,,CU-TRG-0046,,CU-IMP-2065,2026-01-30,ONCHAIN_SCAN,HIGH,,Circle
CU-ACT-2066,2026-01-30,BLACKLIST,0x2136ed3902c1d7217d9b19cf313bbb035ed9bfd7,ADDRESS,SANCTIONED_ENTITY,CU-ENT-0052,,ACTIVE,,,,,CU-TRG-0046,,CU-IMP-2066,2026-01-30,ONCHAIN_SCAN,HIGH,,Circle
CU-ACT-2067,2026-01-30,BLACKLIST,0x0529ebc9ff01a4d390f91687d7c7406bf0dab24e,ADDRESS,SANCTIONED_ENTITY,CU-ENT-0052,,ACTIVE,,,,,CU-TRG-0046,,CU-IMP-2067,2026-01-30,ONCHAIN_SCAN,HIGH,,Circle
CU-ACT-2068,2026-01-30,BLACKLIST,0x4bae1c4b2167fe4ebcd6d7baac1138d943a2609f,ADDRESS,SANCTIONED_ENTITY,CU-ENT-0052,,ACTIVE,,,,,CU-TRG-0046,,CU-IMP-2068,2026-01-30,ONCHAIN_SCAN,HIGH,,Circle
CU-ACT-2069,2026-01-30,BLACKLIST,0x8dd586d12164a98e319607295935ee968919608e,ADDRESS,SANCTIONED_ENTITY,CU-ENT-0052,,ACTIVE,,,,,CU-TRG-0046,,CU-IMP-2069,2026-01-30,ONCHAIN_SCAN,HIGH,,Circle
CU-ACT-2070,2026-01-30,BLACKLIST,0x783a4cc2478f1b44f37052bac72abaa3fc6f992a,ADDRESS,SANCTIONED_ENTITY,CU-ENT-0052,,ACTIVE,,,,,CU-TRG-0046,,CU-IMP-2070,2026-01-30,ONCHAIN_SCAN,HIGH,,Circle
CU-ACT-2071,2026-03-12,BLACKLIST,0xb637f84b66876ebf609c2a4208905f9ddac9d075,ADDRESS,sanctioned_entity,CU-ENT-0036,,ACTIVE,,,,,CU-TRG-0036,,CU-IMP-2071,,ONCHAIN_SCAN,HIGH,,Circle
CU-ACT-2072,2026-03-12,BLACKLIST,0xf8bc582628cd0c721b554161a1cb59ea003742c0,ADDRESS,SANCTIONED_ENTITY,CU-ENT-0046,,ACTIVE,,,CU-INC-0002,,CU-TRG-0041,,CU-IMP-2072,2026-03-12,ONCHAIN_SCAN,MEDIUM,,Circle
CU-ACT-2073,2026-03-12,BLACKLIST,0x95584c303fcd48af5c6b9873015f2ad0ca84eae3,ADDRESS,sanctioned_entity,CU-ENT-0036,,ACTIVE,,,,,CU-TRG-0036,,CU-IMP-2073,,ONCHAIN_SCAN,HIGH,,Circle
CU-ACT-2074,2026-03-12,BLACKLIST,0xee61f0eeee09eed3583baab61fa2e64b96207478,ADDRESS,SANCTIONED_ENTITY,CU-ENT-0046,,ACTIVE,,,CU-INC-0002,,CU-TRG-0041,,CU-IMP-2074,2026-03-12,ONCHAIN_SCAN,MEDIUM,,Circle
CU-ACT-2075,2026-03-12,BLACKLIST,0x0330070fd38ec3bb94f58fa55d40368271e9e54a,ADDRESS,sanctioned_entity,CU-ENT-0037,,ACTIVE,,,,,CU-TRG-0037,,CU-IMP-2075,,ONCHAIN_SCAN,HIGH,,Circle
CU-ACT-2076,2026-03-12,BLACKLIST,0xcb74874f1e06fcf80a306e06e5379a44b488ba2d,ADDRESS,sanctioned_entity,CU-ENT-0037,,ACTIVE,,,,,CU-TRG-0037,,CU-IMP-2076,,ONCHAIN_SCAN,HIGH,,Circle
CU-ACT-2077,2026-03-12,BLACKLIST,0x9be599d7867f5e1a2d7ec6db9710df2b98a15573,ADDRESS,sanctioned_entity,CU-ENT-0037,,ACTIVE,,,,,CU-TRG-0037,,CU-IMP-2077,,ONCHAIN_SCAN,HIGH,,Circle
CU-ACT-2078,2026-03-12,BLACKLIST,0x4f47bc496083c727c5fbe3ce9cdf2b0f6496270c,ADDRESS,sanctioned_entity,CU-ENT-0016,,ACTIVE,,,,,CU-TRG-0016,,CU-IMP-2078,,ONCHAIN_SCAN,HIGH,,Circle
CU-ACT-2079,2026-03-12,BLACKLIST,0xd04e33461fea8302c5e1e13895b60cee8aefda7f,ADDRESS,sanctioned_entity,CU-ENT-0016,,ACTIVE,,,,,CU-TRG-0016,,CU-IMP-2079,,ONCHAIN_SCAN,HIGH,,Circle
CU-ACT-2080,2026-03-12,BLACKLIST,0xfb3eff152ea55d1bfa04dbdd509a80fd7b72cdeb,ADDRESS,sanctioned_entity,CU-ENT-0016,,ACTIVE,,,,,CU-TRG-0016,,CU-IMP-2080,,ONCHAIN_SCAN,HIGH,,Circle
CU-ACT-2081,2026-03-12,BLACKLIST,0xfda1ec4a6178d4916b001a065422d31ebe5f62ff,ADDRESS,sanctioned_entity,CU-ENT-0016,,ACTIVE,,,,,CU-TRG-0016,,CU-IMP-2081,,ONCHAIN_SCAN,HIGH,,Circle
CU-ACT-2082,2026-03-12,BLACKLIST,0x76ea76ca4eb727f18956ab93445a94c5280412b9,ADDRESS,sanctioned_entity,CU-ENT-0016,,ACTIVE,,,,,CU-TRG-0016,,CU-IMP-2082,,ONCHAIN_SCAN,HIGH,,Circle
CU-ACT-2083,2026-03-12,BLACKLIST,0x747afb5c7a7fc34b547cd0fdebf9b91759c5a52b,ADDRESS,sanctioned_entity,CU-ENT-0016,,ACTIVE,,,,,CU-TRG-0016,,CU-IMP-2083,,ONCHAIN_SCAN,HIGH,,Circle
CU-ACT-2084,2026-03-12,BLACKLIST,0x2ec6c5fe3d7acd8e2e6185c17d9acb136e66f3e0,ADDRESS,SANCTIONED_ENTITY,CU-ENT-0046,,ACTIVE,,,CU-INC-0002,,CU-TRG-0041,,CU-IMP-2084,2026-03-12,ONCHAIN_SCAN,MEDIUM,,Circle
CU-ACT-2085,2026-03-12,BLACKLIST,0x8d55c4306745f05a31af596c6bfa19374073e797,ADDRESS,SANCTIONED_ENTITY,CU-ENT-0046,,ACTIVE,,,CU-INC-0002,,CU-TRG-0041,,CU-IMP-2085,2026-03-12,ONCHAIN_SCAN,MEDIUM,,Circle
CU-ACT-2086,2026-03-12,BLACKLIST,0x283fcf7f260da7c3c9aad91beab58882990a66eb,ADDRESS,SANCTIONED_ENTITY,CU-ENT-0046,,ACTIVE,,,CU-INC-0002,,CU-TRG-0041,,CU-IMP-2086,2026-03-12,ONCHAIN_SCAN,MEDIUM,,Circle
CU-ACT-2087,2026-03-12,BLACKLIST,0xfe88af78cfc99bea57f2fb708489cfc0f0b7f704,ADDRESS,SANCTIONED_ENTITY,CU-ENT-0046,,ACTIVE,,,CU-INC-0002,,CU-TRG-0041,,CU-IMP-2087,2026-03-12,ONCHAIN_SCAN,MEDIUM,,Circle
CU-ACT-2088,2026-03-12,BLACKLIST,0x88ef69134150f35b1e91fa2d8bfbb44ba2c51e62,ADDRESS,SANCTIONED_ENTITY,CU-ENT-0046,,ACTIVE,,,CU-INC-0002,,CU-TRG-0041,,CU-IMP-2088,2026-03-12,ONCHAIN_SCAN,MEDIUM,,Circle
CU-ACT-2089,2026-03-12,BLACKLIST,0x6315bdc714ebb7a08e5ec10f351b6ca61d052bee,ADDRESS,SANCTIONED_ENTITY,CU-ENT-0046,,ACTIVE,,,CU-INC-0002,,CU-TRG-0041,,CU-IMP-2089,2026-03-12,ONCHAIN_SCAN,MEDIUM,,Circle
CU-ACT-2090,2026-03-12,BLACKLIST,0x9145fc390e71e3b56da4bfe51460cbdbb1a8a3f9,ADDRESS,SANCTIONED_ENTITY,CU-ENT-0046,,ACTIVE,,,CU-INC-0002,,CU-TRG-0041,,CU-IMP-2090,2026-03-12,ONCHAIN_SCAN,MEDIUM,,Circle
CU-ACT-2091,2026-03-12,BLACKLIST,0x47df0606a84a52763887d7aa280cc4f068326b16,ADDRESS,SANCTIONED_ENTITY,CU-ENT-0046,,ACTIVE,,,CU-INC-0002,,CU-TRG-0041,,CU-IMP-2091,2026-03-12,ONCHAIN_SCAN,MEDIUM,,Circle
CU-ACT-2092,2023-06-08,BLACKLIST,0xd882cfc20f52f2599d84b8e8d58c7fb62cfe344b,ADDRESS,sanctioned_entity,CU-ENT-0003,,ACTIVE,,,,,CU-TRG-0003,,CU-IMP-2092,,ONCHAIN_SCAN,HIGH,,Circle
CU-ACT-2093,2023-06-08,BLACKLIST,0x7f367cc41522ce07553e823bf3be79a889debe1b,ADDRESS,sanctioned_entity,CU-ENT-0001,,ACTIVE,,,,,CU-TRG-0001,,CU-IMP-2093,,ONCHAIN_SCAN,HIGH,,Circle
CU-ACT-2094,2023-06-08,BLACKLIST,0x1da5821544e25c636c1417ba96ade4cf6d2f9b5a,ADDRESS,sanctioned_entity,CU-ENT-0002,,ACTIVE,,,,,CU-TRG-0002,,CU-IMP-2094,,ONCHAIN_SCAN,HIGH,,Circle
CU-ACT-2095,2023-06-08,BLACKLIST,0x7db418b5d567a4e0e8c59ad71be1fce48f3e6107,ADDRESS,sanctioned_entity,CU-ENT-0002,,ACTIVE,,,,,CU-TRG-0002,,CU-IMP-2095,,ONCHAIN_SCAN,HIGH,,Circle
CU-ACT-2096,2023-06-08,BLACKLIST,0x72a5843cc08275c8171e582972aa4fda8c397b2a,ADDRESS,sanctioned_entity,CU-ENT-0002,,ACTIVE,,,,,CU-TRG-0002,,CU-IMP-2096,,ONCHAIN_SCAN,HIGH,,Circle
CU-ACT-2097,2023-06-08,BLACKLIST,0x7f19720a857f834887fc9a7bc0a0fbe7fc7f8102,ADDRESS,sanctioned_entity,CU-ENT-0002,,ACTIVE,,,,,CU-TRG-0002,,CU-IMP-2097,,ONCHAIN_SCAN,HIGH,,Circle
CU-ACT-2098,2023-06-08,BLACKLIST,0x9f4cda013e354b8fc285bf4b9a60460cee7f7ea9,ADDRESS,sanctioned_entity,CU-ENT-0004,,ACTIVE,,,,,CU-TRG-0004,,CU-IMP-2098,,ONCHAIN_SCAN,HIGH,,Circle
CU-ACT-2099,2023-06-08,BLACKLIST,0xa7e5d5a720f06526557c513402f2e6b5fa20b008,ADDRESS,sanctioned_entity,CU-ENT-0007,,ACTIVE,,,,,CU-TRG-0007,,CU-IMP-2099,,ONCHAIN_SCAN,HIGH,,Circle
CU-ACT-2100,2023-06-08,BLACKLIST,0x3cbded43efdaf0fc77b9c55f6fc9988fcc9b757d,ADDRESS,sanctioned_entity,CU-ENT-0004,,ACTIVE,,,,,CU-TRG-0004,,CU-IMP-2100,,ONCHAIN_SCAN,HIGH,,Circle
CU-ACT-2101,2023-06-08,BLACKLIST,0x67d40ee1a85bf4a4bb7ffae16de985e8427b6b45,ADDRESS,sanctioned_entity,CU-ENT-0006,,ACTIVE,,,,,CU-TRG-0006,,CU-IMP-2101,,ONCHAIN_SCAN,HIGH,,Circle
CU-ACT-2102,2023-06-08,BLACKLIST,0x6f1ca141a28907f78ebaa64fb83a9088b02a8352,ADDRESS,sanctioned_entity,CU-ENT-0006,,ACTIVE,,,,,CU-TRG-0006,,CU-IMP-2102,,ONCHAIN_SCAN,HIGH,,Circle
CU-ACT-2103,2023-06-08,BLACKLIST,0x6acdfba02d390b97ac2b2d42a63e85293bcc160e,ADDRESS,,,,REVERSED,CU-ACT-2249,,,,,,CU-IMP-2103,,ONCHAIN_SCAN,HIGH,,Circle
CU-ACT-2104,2023-06-08,BLACKLIST,0x48549a34ae37b12f6a30566245176994e17c6b4a,ADDRESS,sanctioned_entity,CU-ENT-0006,,ACTIVE,,,,,CU-TRG-0006,,CU-IMP-2104,,ONCHAIN_SCAN,HIGH,,Circle
CU-ACT-2105,2023-06-08,BLACKLIST,0x5512d943ed1f7c8a43f3435c85f7ab68b30121b0,ADDRESS,sanctioned_entity,CU-ENT-0006,,ACTIVE,,,,,CU-TRG-0006,,CU-IMP-2105,,ONCHAIN_SCAN,HIGH,,Circle
CU-ACT-2106,2023-06-08,BLACKLIST,0xc455f7fd3e0e12afd51fba5c106909934d8a0e4a,ADDRESS,sanctioned_entity,CU-ENT-0006,,ACTIVE,,,,,CU-TRG-0006,,CU-IMP-2106,,ONCHAIN_SCAN,HIGH,,Circle
CU-ACT-2107,2023-06-08,BLACKLIST,0x2f389ce8bd8ff92de3402ffce4691d17fc4f6535,ADDRESS,sanctioned_entity,CU-ENT-0005,,ACTIVE,,,,,CU-TRG-0005,,CU-IMP-2107,,ONCHAIN_SCAN,HIGH,,Circle
CU-ACT-2108,2023-06-08,BLACKLIST,0x19aa5fe80d33a56d56c78e82ea5e50e5d80b4dff,ADDRESS,sanctioned_entity,CU-ENT-0005,,ACTIVE,,,,,CU-TRG-0005,,CU-IMP-2108,,ONCHAIN_SCAN,HIGH,,Circle
CU-ACT-2109,2023-06-08,BLACKLIST,0xe7aa314c77f4233c18c6cc84384a9247c0cf367b,ADDRESS,sanctioned_entity,CU-ENT-0005,,ACTIVE,,,,,CU-TRG-0005,,CU-IMP-2109,,ONCHAIN_SCAN,HIGH,,Circle
CU-ACT-2110,2023-06-08,BLACKLIST,0x308ed4b7b49797e1a98d3818bff6fe5385410370,ADDRESS,sanctioned_entity,CU-ENT-0005,,ACTIVE,,,,,CU-TRG-0005,,CU-IMP-2110,,ONCHAIN_SCAN,HIGH,,Circle
CU-ACT-2111,2023-06-08,BLACKLIST,0xfec8a60023265364d066a1212fde3930f6ae8da7,ADDRESS,sanctioned_entity,CU-ENT-0008,,ACTIVE,,,,,CU-TRG-0008,,CU-IMP-2111,,ONCHAIN_SCAN,HIGH,,Circle
CU-ACT-2112,2023-06-08,BLACKLIST,0x8576acc5c05d6ce88f4e49bf65bdf0c62f91353c,ADDRESS,sanctioned_entity,CU-ENT-0009,,ACTIVE,,,,,CU-TRG-0009,,CU-IMP-2112,,ONCHAIN_SCAN,HIGH,,Circle
CU-ACT-2113,2023-06-08,BLACKLIST,0x901bb9583b24d97e995513c6778dc6888ab6870e,ADDRESS,sanctioned_entity,CU-ENT-0007,,ACTIVE,,,,,CU-TRG-0007,,CU-IMP-2113,,ONCHAIN_SCAN,HIGH,,Circle
CU-ACT-2114,2023-06-08,BLACKLIST,0x7ff9cfad3877f21d41da833e2f775db0569ee3d9,ADDRESS,sanctioned_entity,CU-ENT-0010,,ACTIVE,,,,,CU-TRG-0010,,CU-IMP-2114,,ONCHAIN_SCAN,HIGH,,Circle
CU-ACT-2115,2023-06-08,BLACKLIST,0x098b716b8aaf21512996dc57eb0615e2383e2f96,ADDRESS,sanctioned_entity,CU-ENT-0011,,ACTIVE,,,,,CU-TRG-0011,,CU-IMP-2115,,ONCHAIN_SCAN,HIGH,,Circle
CU-ACT-2116,2023-06-08,BLACKLIST,0xa0e1c89ef1a489c9c7de96311ed5ce5d32c20e4b,ADDRESS,sanctioned_entity,CU-ENT-0011,,ACTIVE,,,,,CU-TRG-0011,,CU-IMP-2116,,ONCHAIN_SCAN,HIGH,,Circle
CU-ACT-2117,2023-06-08,BLACKLIST,0x3cffd56b47b7b41c56258d9c7731abadc360e073,ADDRESS,sanctioned_entity,CU-ENT-0011,,ACTIVE,,,,,CU-TRG-0011,,CU-IMP-2117,,ONCHAIN_SCAN,HIGH,,Circle
CU-ACT-2118,2023-06-08,BLACKLIST,0x53b6936513e738f44fb50d2b9476730c0ab3bfc1,ADDRESS,sanctioned_entity,CU-ENT-0011,,ACTIVE,,,,,CU-TRG-0011,,CU-IMP-2118,,ONCHAIN_SCAN,HIGH,,Circle
CU-ACT-2119,2023-06-08,BLACKLIST,0xcce63fd31e9053c110c74cebc37c8e358a6aa5bd,ADDRESS,,,,ACTIVE,,,,,,,CU-IMP-2119,,ONCHAIN_SCAN,HIGH,,Circle
CU-ACT-2120,2023-06-08,BLACKLIST,0x35fb6f6db4fb05e6a4ce86f2c93691425626d4b1,ADDRESS,sanctioned_entity,CU-ENT-0011,,ACTIVE,,,,,CU-TRG-0011,,CU-IMP-2120,,ONCHAIN_SCAN,HIGH,,Circle
CU-ACT-2121,2023-06-08,BLACKLIST,0xf7b31119c2682c88d88d455dbb9d5932c65cf1be,ADDRESS,sanctioned_entity,CU-ENT-0011,,ACTIVE,,,,,CU-TRG-0011,,CU-IMP-2121,,ONCHAIN_SCAN,HIGH,,Circle
CU-ACT-2122,2023-06-08,BLACKLIST,0x3e37627deaa754090fbfbb8bd226c1ce66d255e9,ADDRESS,sanctioned_entity,CU-ENT-0011,,ACTIVE,,,,,CU-TRG-0011,,CU-IMP-2122,,ONCHAIN_SCAN,HIGH,,Circle
CU-ACT-2123,2023-06-08,BLACKLIST,0x08723392ed15743cc38513c4925f5e6be5c17243,ADDRESS,sanctioned_entity,CU-ENT-0011,,ACTIVE,,,,,CU-TRG-0011,,CU-IMP-2123,,ONCHAIN_SCAN,HIGH,,Circle
CU-ACT-2124,2023-06-08,BLACKLIST,0x8589427373d6d84e98730d7795d8f6f8731fda16,ADDRESS,tornado_cash_associated,,,REVERSED,CU-ACT-2281,,CU-INC-0001,,CU-TRG-0039,,CU-IMP-2124,,ONCHAIN_SCAN,HIGH,,Circle
CU-ACT-2125,2023-06-08,BLACKLIST,0x722122df12d4e14e13ac3b6895a86e84145b6967,ADDRESS,tornado_cash_associated,,,REVERSED,CU-ACT-2282,,CU-INC-0001,,CU-TRG-0039,,CU-IMP-2125,,ONCHAIN_SCAN,HIGH,,Circle
CU-ACT-2126,2023-06-08,BLACKLIST,0xdd4c48c0b24039969fc16d1cdf626eab821d3384,ADDRESS,tornado_cash_associated,,,REVERSED,CU-ACT-2283,,CU-INC-0001,,CU-TRG-0039,,CU-IMP-2126,,ONCHAIN_SCAN,HIGH,,Circle
CU-ACT-2127,2023-06-08,BLACKLIST,0xd90e2f925da726b50c4ed8d0fb90ad053324f31b,ADDRESS,tornado_cash_associated,,,REVERSED,CU-ACT-2284,,CU-INC-0001,,CU-TRG-0039,,CU-IMP-2127,,ONCHAIN_SCAN,HIGH,,Circle
CU-ACT-2128,2023-06-08,BLACKLIST,0xd96f2b1c14db8458374d9aca76e26c3d18364307,ADDRESS,tornado_cash_associated,,,REVERSED,CU-ACT-2285,,CU-INC-0001,,CU-TRG-0039,,CU-IMP-2128,,ONCHAIN_SCAN,HIGH,,Circle
CU-ACT-2129,2023-06-08,BLACKLIST,0x4736dcf1b7a3d580672cce6e7c65cd5cc9cfba9d,ADDRESS,tornado_cash_associated,,,REVERSED,CU-ACT-2286,,CU-INC-0001,,CU-TRG-0039,,CU-IMP-2129,,ONCHAIN_SCAN,HIGH,,Circle
CU-ACT-2130,2023-06-08,BLACKLIST,0xd4b88df4d29f5cedd6857912842cff3b20c8cfa3,ADDRESS,tornado_cash_associated,,,REVERSED,CU-ACT-2287,,CU-INC-0001,,CU-TRG-0039,,CU-IMP-2130,,ONCHAIN_SCAN,HIGH,,Circle
CU-ACT-2131,2023-06-08,BLACKLIST,0x910cbd523d972eb0a6f4cae4618ad62622b39dbf,ADDRESS,tornado_cash_associated,,,REVERSED,CU-ACT-2288,,CU-INC-0001,,CU-TRG-0039,,CU-IMP-2131,,ONCHAIN_SCAN,HIGH,,Circle
CU-ACT-2132,2023-06-08,BLACKLIST,0xa160cdab225685da1d56aa342ad8841c3b53f291,ADDRESS,tornado_cash_associated,,,REVERSED,CU-ACT-2289,,CU-INC-0001,,CU-TRG-0039,,CU-IMP-2132,,ONCHAIN_SCAN,HIGH,,Circle
CU-ACT-2133,2023-06-08,BLACKLIST,0xfd8610d20aa15b7b2e3be39b396a1bc3516c7144,ADDRESS,tornado_cash_associated,,,REVERSED,CU-ACT-2290,,CU-INC-0001,,CU-TRG-0039,,CU-IMP-2133,,ONCHAIN_SCAN,HIGH,,Circle
CU-ACT-2134,2023-06-08,BLACKLIST,0xf60dd140cff0706bae9cd734ac3ae76ad9ebc32a,ADDRESS,tornado_cash_associated,,,REVERSED,CU-ACT-2291,,CU-INC-0001,,CU-TRG-0039,,CU-IMP-2134,,ONCHAIN_SCAN,HIGH,,Circle
CU-ACT-2135,2023-06-08,BLACKLIST,0x22aaa7720ddd5388a3c0a3333430953c68f1849b,ADDRESS,tornado_cash_associated,,,REVERSED,CU-ACT-2292,,CU-INC-0001,,CU-TRG-0039,,CU-IMP-2135,,ONCHAIN_SCAN,HIGH,,Circle
CU-ACT-2136,2023-06-08,BLACKLIST,0xba214c1c1928a32bffe790263e38b4af9bfcd659,ADDRESS,tornado_cash_associated,,,REVERSED,CU-ACT-2293,,CU-INC-0001,,CU-TRG-0039,,CU-IMP-2136,,ONCHAIN_SCAN,HIGH,,Circle
CU-ACT-2137,2023-06-08,BLACKLIST,0xb1c8094b234dce6e03f10a5b673c1d8c69739a00,ADDRESS,tornado_cash_associated,,,REVERSED,CU-ACT-2294,,CU-INC-0001,,CU-TRG-0039,,CU-IMP-2137,,ONCHAIN_SCAN,HIGH,,Circle
CU-ACT-2138,2023-06-08,BLACKLIST,0x527653ea119f3e6a1f5bd18fbf4714081d7b31ce,ADDRESS,tornado_cash_associated,,,REVERSED,CU-ACT-2295,,CU-INC-0001,,CU-TRG-0039,,CU-IMP-2138,,ONCHAIN_SCAN,HIGH,,Circle
CU-ACT-2139,2023-06-08,BLACKLIST,0x58e8dcc13be9780fc42e8723d8ead4cf46943df2,ADDRESS,tornado_cash_associated,,,REVERSED,CU-ACT-2296,,CU-INC-0001,,CU-TRG-0039,,CU-IMP-2139,,ONCHAIN_SCAN,HIGH,,Circle
CU-ACT-2140,2023-06-08,BLACKLIST,0xd691f27f38b395864ea86cfc7253969b409c362d,ADDRESS,tornado_cash_associated,,,REVERSED,CU-ACT-2297,,CU-INC-0001,,CU-TRG-0039,,CU-IMP-2140,,ONCHAIN_SCAN,HIGH,,Circle
CU-ACT-2141,2023-06-08,BLACKLIST,0xaeaac358560e11f52454d997aaff2c5731b6f8a6,ADDRESS,tornado_cash_associated,,,REVERSED,CU-ACT-2298,,CU-INC-0001,,CU-TRG-0039,,CU-IMP-2141,,ONCHAIN_SCAN,HIGH,,Circle
CU-ACT-2142,2023-06-08,BLACKLIST,0x1356c899d8c9467c7f71c195612f8a395abf2f0a,ADDRESS,tornado_cash_associated,,,REVERSED,CU-ACT-2299,,CU-INC-0001,,CU-TRG-0039,,CU-IMP-2142,,ONCHAIN_SCAN,HIGH,,Circle
CU-ACT-2143,2023-06-08,BLACKLIST,0xa60c772958a3ed56c1f15dd055ba37ac8e523a0d,ADDRESS,tornado_cash_associated,,,REVERSED,CU-ACT-2300,,CU-INC-0001,,CU-TRG-0039,,CU-IMP-2143,,ONCHAIN_SCAN,HIGH,,Circle
CU-ACT-2144,2023-06-08,BLACKLIST,0x169ad27a470d064dede56a2d3ff727986b15d52b,ADDRESS,tornado_cash_associated,,,REVERSED,CU-ACT-2301,,CU-INC-0001,,CU-TRG-0039,,CU-IMP-2144,,ONCHAIN_SCAN,HIGH,,Circle
CU-ACT-2145,2023-06-08,BLACKLIST,0x0836222f2b2b24a3f36f98668ed8f0b38d1a872f,ADDRESS,tornado_cash_associated,,,REVERSED,CU-ACT-2302,,CU-INC-0001,,CU-TRG-0039,,CU-IMP-2145,,ONCHAIN_SCAN,HIGH,,Circle
CU-ACT-2146,2023-06-08,BLACKLIST,0xf67721a2d8f736e75a49fdd7fad2e31d8676542a,ADDRESS,tornado_cash_associated,,,REVERSED,CU-ACT-2303,,CU-INC-0001,,CU-TRG-0039,,CU-IMP-2146,,ONCHAIN_SCAN,HIGH,,Circle
CU-ACT-2147,2023-06-08,BLACKLIST,0x9ad122c22b14202b4490edaf288fdb3c7cb3ff5e,ADDRESS,tornado_cash_associated,,,REVERSED,CU-ACT-2304,,CU-INC-0001,,CU-TRG-0039,,CU-IMP-2147,,ONCHAIN_SCAN,HIGH,,Circle
CU-ACT-2148,2023-06-08,BLACKLIST,0x07687e702b410fa43f4cb4af7fa097918ffd2730,ADDRESS,tornado_cash_associated,,,REVERSED,CU-ACT-2305,,CU-INC-0001,,CU-TRG-0039,,CU-IMP-2148,,ONCHAIN_SCAN,HIGH,,Circle
CU-ACT-2149,2023-06-08,BLACKLIST,0x94a1b5cdb22c43faab4abeb5c74999895464ddaf,ADDRESS,tornado_cash_associated,,,REVERSED,CU-ACT-2306,,CU-INC-0001,,CU-TRG-0039,,CU-IMP-2149,,ONCHAIN_SCAN,HIGH,,Circle
CU-ACT-2150,2023-06-08,BLACKLIST,0xb541fc07bc7619fd4062a54d96268525cbc6ffef,ADDRESS,tornado_cash_associated,,,REVERSED,CU-ACT-2307,,CU-INC-0001,,CU-TRG-0039,,CU-IMP-2150,,ONCHAIN_SCAN,HIGH,,Circle
CU-ACT-2151,2023-06-08,BLACKLIST,0x12d66f87a04a9e220743712ce6d9bb1b5616b8fc,ADDRESS,tornado_cash_associated,,,REVERSED,CU-ACT-2308,,CU-INC-0001,,CU-TRG-0039,,CU-IMP-2151,,ONCHAIN_SCAN,HIGH,,Circle
CU-ACT-2152,2023-06-08,BLACKLIST,0x47ce0c6ed5b0ce3d3a51fdb1c52dc66a7c3c2936,ADDRESS,tornado_cash_associated,,,REVERSED,CU-ACT-2309,,CU-INC-0001,,CU-TRG-0039,,CU-IMP-2152,,ONCHAIN_SCAN,HIGH,,Circle
CU-ACT-2153,2023-06-08,BLACKLIST,0x23773e65ed146a459791799d01336db287f25334,ADDRESS,tornado_cash_associated,,,REVERSED,CU-ACT-2310,,CU-INC-0001,,CU-TRG-0039,,CU-IMP-2153,,ONCHAIN_SCAN,HIGH,,Circle
CU-ACT-2154,2023-06-08,BLACKLIST,0xd21be7248e0197ee08e0c20d4a96debdac3d20af,ADDRESS,tornado_cash_associated,,,REVERSED,CU-ACT-2311,,CU-INC-0001,,CU-TRG-0039,,CU-IMP-2154,,ONCHAIN_SCAN,HIGH,,Circle
CU-ACT-2155,2023-06-08,BLACKLIST,0x610b717796ad172b316836ac95a2ffad065ceab4,ADDRESS,tornado_cash_associated,,,REVERSED,CU-ACT-2312,,CU-INC-0001,,CU-TRG-0039,,CU-IMP-2155,,ONCHAIN_SCAN,HIGH,,Circle
CU-ACT-2156,2023-06-08,BLACKLIST,0x178169b423a011fff22b9e3f3abea13414ddd0f1,ADDRESS,tornado_cash_associated,,,REVERSED,CU-ACT-2313,,CU-INC-0001,,CU-TRG-0039,,CU-IMP-2156,,ONCHAIN_SCAN,HIGH,,Circle
CU-ACT-2157,2023-06-08,BLACKLIST,0xbb93e510bbcd0b7beb5a853875f9ec60275cf498,ADDRESS,tornado_cash_associated,,,REVERSED,CU-ACT-2314,,CU-INC-0001,,CU-TRG-0039,,CU-IMP-2157,,ONCHAIN_SCAN,HIGH,,Circle
CU-ACT-2158,2023-06-08,BLACKLIST,0x2717c5e28cf931547b621a5dddb772ab6a35b701,ADDRESS,tornado_cash_associated,,,REVERSED,CU-ACT-2315,,CU-INC-0001,,CU-TRG-0039,,CU-IMP-2158,,ONCHAIN_SCAN,HIGH,,Circle
CU-ACT-2159,2023-06-08,BLACKLIST,0x03893a7c7463ae47d46bc7f091665f1893656003,ADDRESS,tornado_cash_associated,,,REVERSED,CU-ACT-2316,,CU-INC-0001,,CU-TRG-0039,,CU-IMP-2159,,ONCHAIN_SCAN,HIGH,,Circle
CU-ACT-2160,2023-06-08,BLACKLIST,0xca0840578f57fe71599d29375e16783424023357,ADDRESS,tornado_cash_associated,,,REVERSED,CU-ACT-2317,,CU-INC-0001,,CU-TRG-0039,,CU-IMP-2160,,ONCHAIN_SCAN,HIGH,,Circle
CU-ACT-2161,2023-06-08,BLACKLIST,0xc2a3829f459b3edd87791c74cd45402ba0a20be3,ADDRESS,sanctioned_entity,CU-ENT-0012,,ACTIVE,,,,,CU-TRG-0012,,CU-IMP-2161,,ONCHAIN_SCAN,HIGH,,Circle
CU-ACT-2162,2023-06-08,BLACKLIST,0x3ad9db589d201a710ed237c829c7860ba86510fc,ADDRESS,sanctioned_entity,CU-ENT-0012,,ACTIVE,,,,,CU-TRG-0012,,CU-IMP-2162,,ONCHAIN_SCAN,HIGH,,Circle
CU-ACT-2163,2023-06-08,BLACKLIST,0xe7800b61479695ec74e4b219f409f67bd1055a27,ADDRESS,SANCTIONED_ENTITY,CU-ENT-0012,,ACTIVE,,,,,CU-TRG-0012,,CU-IMP-2163,2022-09-15,ONCHAIN_SCAN,HIGH,,Circle
CU-ACT-2164,2023-06-08,BLACKLIST,0x01e2919679362dfbc9ee1644ba9c6da6d6245bb1,ADDRESS,SANCTIONED_ENTITY,CU-ENT-0049,,REVERSED,CU-ACT-2318,,,,CU-TRG-0043,,CU-IMP-2164,2022-11-09,ONCHAIN_SCAN,HIGH,,Circle
CU-ACT-2165,2023-06-08,BLACKLIST,0x09193888b3f38c82dedfda55259a82c0e7de875e,ADDRESS,SANCTIONED_ENTITY,CU-ENT-0049,,REVERSED,CU-ACT-2319,,,,CU-TRG-0043,,CU-IMP-2165,2022-11-09,ONCHAIN_SCAN,HIGH,,Circle
CU-ACT-2166,2023-06-08,BLACKLIST,0x179f48c78f57a3a78f0608cc9197b8972921d1d2,ADDRESS,SANCTIONED_ENTITY,CU-ENT-0049,,REVERSED,CU-ACT-2320,,,,CU-TRG-0043,,CU-IMP-2166,2022-11-09,ONCHAIN_SCAN,HIGH,,Circle
CU-ACT-2167,2023-06-08,BLACKLIST,0x2573bac39ebe2901b4389cd468f2872cf7767faf,ADDRESS,SANCTIONED_ENTITY,CU-ENT-0049,,REVERSED,CU-ACT-2321,,,,CU-TRG-0043,,CU-IMP-2167,2022-11-09,ONCHAIN_SCAN,HIGH,,Circle
CU-ACT-2168,2023-06-08,BLACKLIST,0x26903a5a198d571422b2b4ea08b56a37cbd68c89,ADDRESS,SANCTIONED_ENTITY,CU-ENT-0049,,REVERSED,CU-ACT-2322,,,,CU-TRG-0043,,CU-IMP-2168,2022-11-09,ONCHAIN_SCAN,HIGH,,Circle
CU-ACT-2169,2023-06-08,BLACKLIST,0x2f50508a8a3d323b91336fa3ea6ae50e55f32185,ADDRESS,SANCTIONED_ENTITY,CU-ENT-0049,,REVERSED,CU-ACT-2323,,,,CU-TRG-0043,,CU-IMP-2169,2022-11-09,ONCHAIN_SCAN,HIGH,,Circle
CU-ACT-2170,2023-06-08,BLACKLIST,0x2fc93484614a34f26f7970cbb94615ba109bb4bf,ADDRESS,SANCTIONED_ENTITY,CU-ENT-0049,,REVERSED,CU-ACT-2324,,,,CU-TRG-0043,,CU-IMP-2170,2022-11-09,ONCHAIN_SCAN,HIGH,,Circle
CU-ACT-2171,2023-06-08,BLACKLIST,0x3efa30704d2b8bbac821307230376556cf8cc39e,ADDRESS,SANCTIONED_ENTITY,CU-ENT-0049,,REVERSED,CU-ACT-2325,,,,CU-TRG-0043,,CU-IMP-2171,2022-11-09,ONCHAIN_SCAN,HIGH,,Circle
CU-ACT-2172,2023-06-08,BLACKLIST,0x5cab7692d4e94096462119ab7bf57319726eed2a,ADDRESS,SANCTIONED_ENTITY,CU-ENT-0049,,REVERSED,CU-ACT-2326,,,,CU-TRG-0043,,CU-IMP-2172,2022-11-09,ONCHAIN_SCAN,HIGH,,Circle
CU-ACT-2173,2023-06-08,BLACKLIST,0x5efda50f22d34f262c29268506c5fa42cb56a1ce,ADDRESS,SANCTIONED_ENTITY,CU-ENT-0049,,REVERSED,CU-ACT-2327,,,,CU-TRG-0043,,CU-IMP-2173,2022-11-09,ONCHAIN_SCAN,HIGH,,Circle
CU-ACT-2174,2023-06-08,BLACKLIST,0x5f6c97c6ad7bdd0ae7e0dd4ca33a4ed3fdabd4d7,ADDRESS,SANCTIONED_ENTITY,CU-ENT-0049,,REVERSED,CU-ACT-2328,,,,CU-TRG-0043,,CU-IMP-2174,2022-11-09,ONCHAIN_SCAN,HIGH,,Circle
CU-ACT-2175,2023-06-08,BLACKLIST,0x653477c392c16b0765603074f157314cc4f40c32,ADDRESS,SANCTIONED_ENTITY,CU-ENT-0049,,REVERSED,CU-ACT-2329,,,,CU-TRG-0043,,CU-IMP-2175,2022-11-09,ONCHAIN_SCAN,HIGH,,Circle
CU-ACT-2176,2023-06-08,BLACKLIST,0x746aebc06d2ae31b71ac51429a19d54e797878e9,ADDRESS,SANCTIONED_ENTITY,CU-ENT-0049,,REVERSED,CU-ACT-2330,,,,CU-TRG-0043,,CU-IMP-2176,2022-11-09,ONCHAIN_SCAN,HIGH,,Circle
CU-ACT-2177,2023-06-08,BLACKLIST,0x756c4628e57f7e7f8a459ec2752968360cf4d1aa,ADDRESS,SANCTIONED_ENTITY,CU-ENT-0049,,REVERSED,CU-ACT-2331,,,,CU-TRG-0043,,CU-IMP-2177,2022-11-09,ONCHAIN_SCAN,HIGH,,Circle
CU-ACT-2178,2023-06-08,BLACKLIST,0x77777feddddffc19ff86db637967013e6c6a116c,ADDRESS,SANCTIONED_ENTITY,CU-ENT-0049,,REVERSED,CU-ACT-2332,,,,CU-TRG-0043,,CU-IMP-2178,2022-11-09,ONCHAIN_SCAN,HIGH,,Circle
CU-ACT-2179,2023-06-08,BLACKLIST,0x88fd245fedec4a936e700f9173454d1931b4c307,ADDRESS,SANCTIONED_ENTITY,CU-ENT-0049,,REVERSED,CU-ACT-2333,,,,CU-TRG-0043,,CU-IMP-2179,2022-11-09,ONCHAIN_SCAN,HIGH,,Circle
CU-ACT-2180,2023-06-08,BLACKLIST,0x94c92f096437ab9958fc0a37f09348f30389ae79,ADDRESS,SANCTIONED_ENTITY,CU-ENT-0049,,REVERSED,CU-ACT-2334,,,,CU-TRG-0043,,CU-IMP-2180,2022-11-09,ONCHAIN_SCAN,HIGH,,Circle
CU-ACT-2181,2023-06-08,BLACKLIST,0xb04e030140b30c27bcdfaafffa98c57d80eda7b4,ADDRESS,SANCTIONED_ENTITY,CU-ENT-0049,,REVERSED,CU-ACT-2335,,,,CU-TRG-0043,,CU-IMP-2181,2022-11-09,ONCHAIN_SCAN,HIGH,,Circle
CU-ACT-2182,2023-06-08,BLACKLIST,0xb20c66c4de72433f3ce747b58b86830c459ca911,ADDRESS,SANCTIONED_ENTITY,CU-ENT-0049,,REVERSED,CU-ACT-2336,,,,CU-TRG-0043,,CU-IMP-2182,2022-11-09,ONCHAIN_SCAN,HIGH,,Circle
CU-ACT-2183,2023-06-08,BLACKLIST,0xcee71753c9820f063b38fdbe4cfdaf1d3d928a80,ADDRESS,SANCTIONED_ENTITY,CU-ENT-0049,,REVERSED,CU-ACT-2337,,,,CU-TRG-0043,,CU-IMP-2183,2022-11-09,ONCHAIN_SCAN,HIGH,,Circle
CU-ACT-2184,2023-06-08,BLACKLIST,0xd82ed8786d7c69dc7e052f7a542ab047971e73d2,ADDRESS,SANCTIONED_ENTITY,CU-ENT-0049,,REVERSED,CU-ACT-2338,,,,CU-TRG-0043,,CU-IMP-2184,2022-11-09,ONCHAIN_SCAN,HIGH,,Circle
CU-ACT-2185,2023-06-08,BLACKLIST,0xf4b067dd14e95bab89be928c07cb22e3c94e0daa,ADDRESS,SANCTIONED_ENTITY,CU-ENT-0049,,REVERSED,CU-ACT-2339,,,,CU-TRG-0043,,CU-IMP-2185,2022-11-09,ONCHAIN_SCAN,HIGH,,Circle
CU-ACT-2186,2023-06-08,BLACKLIST,0xffbac21a641dcfe4552920138d90f3638b3c9fba,ADDRESS,SANCTIONED_ENTITY,CU-ENT-0049,,REVERSED,CU-ACT-2340,,,,CU-TRG-0043,,CU-IMP-2186,2022-11-09,ONCHAIN_SCAN,HIGH,,Circle
CU-ACT-2187,2023-06-08,BLACKLIST,0xd692fd2d0b2fbd2e52cfa5b5b9424bc981c30696,ADDRESS,SANCTIONED_ENTITY,CU-ENT-0049,,REVERSED,CU-ACT-2341,,,,CU-TRG-0043,,CU-IMP-2187,2022-11-09,ONCHAIN_SCAN,HIGH,,Circle
CU-ACT-2188,2023-06-08,BLACKLIST,0xd8d7de3349ccaa0fde6298fe6d7b7d0d34586193,ADDRESS,SANCTIONED_ENTITY,CU-ENT-0049,,REVERSED,CU-ACT-2342,,,,CU-TRG-0043,,CU-IMP-2188,2022-11-09,ONCHAIN_SCAN,HIGH,,Circle
CU-ACT-2189,2023-06-08,BLACKLIST,0xdf3a408c53e5078af6e8fb2a85088d46ee09a61b,ADDRESS,SANCTIONED_ENTITY,CU-ENT-0049,,REVERSED,CU-ACT-2343,,,,CU-TRG-0043,,CU-IMP-2189,2022-11-09,ONCHAIN_SCAN,HIGH,,Circle
CU-ACT-2190,2023-06-08,BLACKLIST,0x1e34a77868e19a6647b1f2f47b51ed72dede95dd,ADDRESS,SANCTIONED_ENTITY,CU-ENT-0049,,REVERSED,CU-ACT-2344,,,,CU-TRG-0043,,CU-IMP-2190,2022-11-09,ONCHAIN_SCAN,HIGH,,Circle
CU-ACT-2191,2023-06-08,BLACKLIST,0x23173fe8b96a4ad8d2e17fb83ea5dcccdca1ae52,ADDRESS,SANCTIONED_ENTITY,CU-ENT-0049,,REVERSED,CU-ACT-2345,,,,CU-TRG-0043,,CU-IMP-2191,2022-11-09,ONCHAIN_SCAN,HIGH,,Circle
CU-ACT-2192,2023-06-08,BLACKLIST,0x242654336ca2205714071898f67e254eb49acdce,ADDRESS,SANCTIONED_ENTITY,CU-ENT-0049,,REVERSED,CU-ACT-2346,,,,CU-TRG-0043,,CU-IMP-2192,2022-11-09,ONCHAIN_SCAN,HIGH,,Circle
CU-ACT-2193,2023-06-08,BLACKLIST,0x330bdfade01ee9bf63c209ee33102dd334618e0a,ADDRESS,SANCTIONED_ENTITY,CU-ENT-0049,,REVERSED,CU-ACT-2347,,,,CU-TRG-0043,,CU-IMP-2193,2022-11-09,ONCHAIN_SCAN,HIGH,,Circle
CU-ACT-2194,2023-06-08,BLACKLIST,0x3aac1cc67c2ec5db4ea850957b967ba153ad6279,ADDRESS,SANCTIONED_ENTITY,CU-ENT-0049,,REVERSED,CU-ACT-2348,,,,CU-TRG-0043,,CU-IMP-2194,2022-11-09,ONCHAIN_SCAN,HIGH,,Circle
CU-ACT-2195,2023-06-08,BLACKLIST,0x407cceeaa7c95d2fe2250bf9f2c105aa7aafb512,ADDRESS,SANCTIONED_ENTITY,CU-ENT-0049,,REVERSED,CU-ACT-2349,,,,CU-TRG-0043,,CU-IMP-2195,2022-11-09,ONCHAIN_SCAN,HIGH,,Circle
CU-ACT-2196,2023-06-08,BLACKLIST,0x538ab61e8a9fc1b2f93b3dd9011d662d89be6fe6,ADDRESS,SANCTIONED_ENTITY,CU-ENT-0049,,REVERSED,CU-ACT-2350,,,,CU-TRG-0043,,CU-IMP-2196,2022-11-09,ONCHAIN_SCAN,HIGH,,Circle
CU-ACT-2197,2023-06-08,BLACKLIST,0x57b2b8c82f065de8ef5573f9730fc1449b403c9f,ADDRESS,SANCTIONED_ENTITY,CU-ENT-0049,,REVERSED,CU-ACT-2351,,,,CU-TRG-0043,,CU-IMP-2197,2022-11-09,ONCHAIN_SCAN,HIGH,,Circle
CU-ACT-2198,2023-06-08,BLACKLIST,0x6bf694a291df3fec1f7e69701e3ab6c592435ae7,ADDRESS,SANCTIONED_ENTITY,CU-ENT-0049,,REVERSED,CU-ACT-2352,,,,CU-TRG-0043,,CU-IMP-2198,2022-11-09,ONCHAIN_SCAN,HIGH,,Circle
CU-ACT-2199,2023-06-08,BLACKLIST,0x723b78e67497e85279cb204544566f4dc5d2aca0,ADDRESS,SANCTIONED_ENTITY,CU-ENT-0049,,REVERSED,CU-ACT-2353,,,,CU-TRG-0043,,CU-IMP-2199,2022-11-09,ONCHAIN_SCAN,HIGH,,Circle
CU-ACT-2200,2023-06-08,BLACKLIST,0x743494b60097a2230018079c02fe21a7b687eaa5,ADDRESS,SANCTIONED_ENTITY,CU-ENT-0049,,REVERSED,CU-ACT-2354,,,,CU-TRG-0043,,CU-IMP-2200,2022-11-09,ONCHAIN_SCAN,HIGH,,Circle
CU-ACT-2201,2023-06-08,BLACKLIST,0x76d85b4c0fc497eecc38902397ac608000a06607,ADDRESS,SANCTIONED_ENTITY,CU-ENT-0049,,REVERSED,CU-ACT-2355,,,,CU-TRG-0043,,CU-IMP-2201,2022-11-09,ONCHAIN_SCAN,HIGH,,Circle
CU-ACT-2202,2023-06-08,BLACKLIST,0x776198ccf446dfa168347089d7338879273172cf,ADDRESS,SANCTIONED_ENTITY,CU-ENT-0049,,REVERSED,CU-ACT-2356,,,,CU-TRG-0043,,CU-IMP-2202,2022-11-09,ONCHAIN_SCAN,HIGH,,Circle
CU-ACT-2203,2023-06-08,BLACKLIST,0x8281aa6795ade17c8973e1aedca380258bc124f9,ADDRESS,SANCTIONED_ENTITY,CU-ENT-0049,,REVERSED,CU-ACT-2357,,,,CU-TRG-0043,,CU-IMP-2203,2022-11-09,ONCHAIN_SCAN,HIGH,,Circle
CU-ACT-2204,2023-06-08,BLACKLIST,0x833481186f16cece3f1eeea1a694c42034c3a0db,ADDRESS,SANCTIONED_ENTITY,CU-ENT-0049,,REVERSED,CU-ACT-2358,,,,CU-TRG-0043,,CU-IMP-2204,2022-11-09,ONCHAIN_SCAN,HIGH,,Circle
CU-ACT-2205,2023-06-08,BLACKLIST,0x84443cfd09a48af6ef360c6976c5392ac5023a1f,ADDRESS,SANCTIONED_ENTITY,CU-ENT-0049,,REVERSED,CU-ACT-2359,,,,CU-TRG-0043,,CU-IMP-2205,2022-11-09,ONCHAIN_SCAN,HIGH,,Circle
CU-ACT-2206,2023-06-08,BLACKLIST,0x94be88213a387e992dd87de56950a9aef34b9448,ADDRESS,SANCTIONED_ENTITY,CU-ENT-0049,,REVERSED,CU-ACT-2360,,,,CU-TRG-0043,,CU-IMP-2206,2022-11-09,ONCHAIN_SCAN,HIGH,,Circle
CU-ACT-2207,2023-06-08,BLACKLIST,0xa5c2254e4253490c54cef0a4347fddb8f75a4998,ADDRESS,SANCTIONED_ENTITY,CU-ENT-0049,,REVERSED,CU-ACT-2361,,,,CU-TRG-0043,,CU-IMP-2207,2022-11-09,ONCHAIN_SCAN,HIGH,,Circle
CU-ACT-2208,2023-06-08,BLACKLIST,0xaf4c0b70b2ea9fb7487c7cbb37ada259579fe040,ADDRESS,SANCTIONED_ENTITY,CU-ENT-0049,,REVERSED,CU-ACT-2362,,,,CU-TRG-0043,,CU-IMP-2208,2022-11-09,ONCHAIN_SCAN,HIGH,,Circle
CU-ACT-2209,2023-06-08,BLACKLIST,0xaf8d1839c3c67cf571aa74b5c12398d4901147b3,ADDRESS,SANCTIONED_ENTITY,CU-ENT-0049,,REVERSED,CU-ACT-2363,,,,CU-TRG-0043,,CU-IMP-2209,2022-11-09,ONCHAIN_SCAN,HIGH,,Circle
CU-ACT-2210,2023-06-08,BLACKLIST,0xcc84179ffd19a1627e79f8648d09e095252bc418,ADDRESS,SANCTIONED_ENTITY,CU-ENT-0049,,REVERSED,CU-ACT-2364,,,,CU-TRG-0043,,CU-IMP-2210,2022-11-09,ONCHAIN_SCAN,HIGH,,Circle
CU-ACT-2211,2023-06-08,BLACKLIST,0xd47438c816c9e7f2e2888e060936a499af9582b3,ADDRESS,SANCTIONED_ENTITY,CU-ENT-0049,,REVERSED,CU-ACT-2365,,,,CU-TRG-0043,,CU-IMP-2211,2022-11-09,ONCHAIN_SCAN,HIGH,,Circle
CU-ACT-2212,2023-06-08,BLACKLIST,0xd5d6f8d9e784d0e26222ad3834500801a68d027d,ADDRESS,SANCTIONED_ENTITY,CU-ENT-0049,,REVERSED,CU-ACT-2366,,,,CU-TRG-0043,,CU-IMP-2212,2022-11-09,ONCHAIN_SCAN,HIGH,,Circle
CU-ACT-2213,2023-06-08,BLACKLIST,0xdf231d99ff8b6c6cbf4e9b9a945cbacef9339178,ADDRESS,SANCTIONED_ENTITY,CU-ENT-0049,,REVERSED,CU-ACT-2367,,,,CU-TRG-0043,,CU-IMP-2213,2022-11-09,ONCHAIN_SCAN,HIGH,,Circle
CU-ACT-2214,2023-06-08,BLACKLIST,0xedc5d01286f99a066559f60a585406f3878a033e,ADDRESS,SANCTIONED_ENTITY,CU-ENT-0049,,REVERSED,CU-ACT-2368,,,,CU-TRG-0043,,CU-IMP-2214,2022-11-09,ONCHAIN_SCAN,HIGH,,Circle
CU-ACT-2215,2023-06-08,BLACKLIST,0x0e3a09dda6b20afbb34ac7cd4a6881493f3e7bf7,ADDRESS,SANCTIONED_ENTITY,CU-ENT-0049,,REVERSED,CU-ACT-2369,,,,CU-TRG-0043,,CU-IMP-2215,2022-11-09,ONCHAIN_SCAN,HIGH,,Circle
CU-ACT-2216,2023-06-08,BLACKLIST,0x05e0b5b40b7b66098c2161a5ee11c5740a3a7c45,ADDRESS,SANCTIONED_ENTITY,CU-ENT-0049,,REVERSED,CU-ACT-2370,,,,CU-TRG-0043,,CU-IMP-2216,2022-11-09,ONCHAIN_SCAN,HIGH,,Circle
CU-ACT-2217,2023-06-08,BLACKLIST,0xd0975b32cea532eadddfc9c60481976e39db3472,ADDRESS,sanctioned_entity,CU-ENT-0014,,ACTIVE,,,,,CU-TRG-0014,,CU-IMP-2217,,ONCHAIN_SCAN,HIGH,,Circle
CU-ACT-2218,2023-06-08,BLACKLIST,0x1967d8af5bd86a497fb3dd7899a020e47560daaf,ADDRESS,sanctioned_entity,CU-ENT-0014,,ACTIVE,,,,,CU-TRG-0014,,CU-IMP-2218,,ONCHAIN_SCAN,HIGH,,Circle
CU-ACT-2219,2023-06-08,BLACKLIST,0x83e5bc4ffa856bb84bb88581f5dd62a433a25e0d,ADDRESS,sanctioned_entity,CU-ENT-0013,,ACTIVE,,,,,CU-TRG-0013,,CU-IMP-2219,,ONCHAIN_SCAN,HIGH,,Circle
CU-ACT-2220,2023-06-08,BLACKLIST,0x08b2efdcdb8822efe5ad0eae55517cf5dc544251,ADDRESS,sanctioned_entity,CU-ENT-0013,,ACTIVE,,,,,CU-TRG-0013,,CU-IMP-2220,,ONCHAIN_SCAN,HIGH,,Circle
CU-ACT-2221,2023-06-08,BLACKLIST,0x04dba1194ee10112fe6c3207c0687def0e78bacf,ADDRESS,sanctioned_entity,CU-ENT-0013,,ACTIVE,,,,,CU-TRG-0013,,CU-IMP-2221,,ONCHAIN_SCAN,HIGH,,Circle
CU-ACT-2222,2023-06-08,BLACKLIST,0x0ee5067b06776a89ccc7dc8ee369984ad7db5e06,ADDRESS,sanctioned_entity,CU-ENT-0013,,ACTIVE,,,,,CU-TRG-0013,,CU-IMP-2222,,ONCHAIN_SCAN,HIGH,,Circle
CU-ACT-2223,2023-06-08,BLACKLIST,0x502371699497d08d5339c870851898d6d72521dd,ADDRESS,sanctioned_entity,CU-ENT-0013,,ACTIVE,,,,,CU-TRG-0013,,CU-IMP-2223,,ONCHAIN_SCAN,HIGH,,Circle
CU-ACT-2224,2023-06-08,BLACKLIST,0x5a14e72060c11313e38738009254a90968f58f51,ADDRESS,sanctioned_entity,CU-ENT-0013,,ACTIVE,,,,,CU-TRG-0013,,CU-IMP-2224,,ONCHAIN_SCAN,HIGH,,Circle
CU-ACT-2225,2023-06-08,BLACKLIST,0xefe301d259f525ca1ba74a7977b80d5b060b3cca,ADDRESS,sanctioned_entity,CU-ENT-0013,,ACTIVE,,,,,CU-TRG-0013,,CU-IMP-2225,,ONCHAIN_SCAN,HIGH,,Circle
CU-ACT-2226,2023-06-08,BLACKLIST,0x39d908dac893cbcb53cc86e0ecc369aa4def1a29,ADDRESS,sanctioned_entity,CU-ENT-0015,,ACTIVE,,,,,CU-TRG-0015,,CU-IMP-2226,,ONCHAIN_SCAN,HIGH,,Circle
CU-ACT-2227,2023-06-08,BLACKLIST,0x4f47bc496083c727c5fbe3ce9cdf2b0f6496270c,ADDRESS,sanctioned_entity,CU-ENT-0016,,ACTIVE,,,,,CU-TRG-0016,,CU-IMP-2227,,ONCHAIN_SCAN,HIGH,,Circle
CU-ACT-2228,2023-06-08,BLACKLIST,0x38735f03b30fbc022ddd06abed01f0ca823c6a94,ADDRESS,sanctioned_entity,CU-ENT-0017,,ACTIVE,,,,,CU-TRG-0017,,CU-IMP-2228,,ONCHAIN_SCAN,HIGH,,Circle
CU-ACT-2229,2023-06-08,BLACKLIST,0x97b1043abd9e6fc31681635166d430a458d14f9c,ADDRESS,sanctioned_entity,CU-ENT-0018,,ACTIVE,,,,,CU-TRG-0018,,CU-IMP-2229,,ONCHAIN_SCAN,HIGH,,Circle
CU-ACT-2230,2023-06-08,BLACKLIST,0xb6f5ec1a0a9cd1526536d3f0426c429529471f40,ADDRESS,sanctioned_entity,CU-ENT-0018,,ACTIVE,,,,,CU-TRG-0018,,CU-IMP-2230,,ONCHAIN_SCAN,HIGH,,Circle
CU-ACT-2231,2023-08-01,BLACKLIST,0xd71c94052989e209ba713deb66e0a8f72b913b70,ADDRESS,SANCTIONED_ENTITY,CU-ENT-0074,,ACTIVE,,,,,CU-TRG-0067,,CU-IMP-2231,2023-07-31,ONCHAIN_SCAN,HIGH,,Circle
CU-ACT-2232,2023-08-24,BLACKLIST,0xdcbeffbecce100cce9e4b153c4e15cb885643193,ADDRESS,sanctioned_entity,CU-ENT-0019,,ACTIVE,,,,,CU-TRG-0019,,CU-IMP-2232,,ONCHAIN_SCAN,HIGH,,Circle
CU-ACT-2233,2023-08-24,BLACKLIST,0x5f48c2a71b2cc96e3f0ccae4e39318ff0dc375b2,ADDRESS,sanctioned_entity,CU-ENT-0019,,ACTIVE,,,,,CU-TRG-0019,,CU-IMP-2233,,ONCHAIN_SCAN,HIGH,,Circle
CU-ACT-2234,2023-08-24,BLACKLIST,0x5a7a51bfb49f190e5a6060a5bc6052ac14a3b59f,ADDRESS,sanctioned_entity,CU-ENT-0019,,ACTIVE,,,,,CU-TRG-0019,,CU-IMP-2234,,ONCHAIN_SCAN,HIGH,,Circle
CU-ACT-2235,2023-08-24,BLACKLIST,0xed6e0a7e4ac94d976eebfb82ccf777a3c6bad921,ADDRESS,sanctioned_entity,CU-ENT-0019,,ACTIVE,,,,,CU-TRG-0019,,CU-IMP-2235,,ONCHAIN_SCAN,HIGH,,Circle
CU-ACT-2236,2023-08-24,BLACKLIST,0x797d7ae72ebddcdea2a346c1834e04d1f8df102b,ADDRESS,sanctioned_entity,CU-ENT-0019,,ACTIVE,,,,,CU-TRG-0019,,CU-IMP-2236,,ONCHAIN_SCAN,HIGH,,Circle
CU-ACT-2237,2023-08-24,BLACKLIST,0x931546d9e66836abf687d2bc64b30407bac8c568,ADDRESS,sanctioned_entity,CU-ENT-0019,,ACTIVE,,,,,CU-TRG-0019,,CU-IMP-2237,,ONCHAIN_SCAN,HIGH,,Circle
CU-ACT-2238,2023-08-24,BLACKLIST,0x43fa21d92141ba9db43052492e0deee5aa5f0a93,ADDRESS,sanctioned_entity,CU-ENT-0019,,ACTIVE,,,,,CU-TRG-0019,,CU-IMP-2238,,ONCHAIN_SCAN,HIGH,,Circle
CU-ACT-2239,2023-08-24,BLACKLIST,0x6be0ae71e6c41f2f9d0d1a3b8d0f75e6f6a0b46e,ADDRESS,sanctioned_entity,CU-ENT-0019,,ACTIVE,,,,,CU-TRG-0019,,CU-IMP-2239,,ONCHAIN_SCAN,HIGH,,Circle
CU-ACT-2240,2023-09-27,BLACKLIST,0x9c2bc757b66f24d60f016b6237f8cdd414a879fa,ADDRESS,sanctioned_entity,CU-ENT-0020,,ACTIVE,,,,,CU-TRG-0020,,CU-IMP-2240,,ONCHAIN_SCAN,HIGH,,Circle
CU-ACT-2241,2023-10-04,BLACKLIST,0x530a64c0ce595026a4a556b703644228179e2d57,ADDRESS,sanctioned_entity,CU-ENT-0021,,ACTIVE,,,,,CU-TRG-0021,,CU-IMP-2241,,ONCHAIN_SCAN,HIGH,,Circle
CU-ACT-2242,2023-10-04,BLACKLIST,0x2e13ea767da12f504ceaaaebe5950488498dc2d2,ADDRESS,SANCTIONED_ENTITY,CU-ENT-0021,,ACTIVE,,,,,CU-TRG-0021,,CU-IMP-2242,2023-10-03,ONCHAIN_SCAN,HIGH,,Circle
CU-ACT-2243,2023-10-04,BLACKLIST,0x7de5ab1914e241177344936dc33b4a8157c98248,ADDRESS,SANCTIONED_ENTITY,CU-ENT-0076,,ACTIVE,,,,,CU-TRG-0069,,CU-IMP-2243,2023-10-03,ONCHAIN_SCAN,HIGH,,Circle
CU-ACT-2244,2023-10-04,BLACKLIST,0xfac583c0cf07ea434052c49115a4682172ab6b4f,ADDRESS,sanctioned_entity,CU-ENT-0022,,ACTIVE,,,,,CU-TRG-0022,,CU-IMP-2244,,ONCHAIN_SCAN,HIGH,,Circle
CU-ACT-2245,2023-10-04,BLACKLIST,0xbe5e683633ddd17d8a89b4e10860a0e426c5ed24,ADDRESS,SANCTIONED_ENTITY,CU-ENT-0077,,ACTIVE,,,,,CU-TRG-0070,,CU-IMP-2245,2023-10-03,ONCHAIN_SCAN,HIGH,,Circle
CU-ACT-2246,2023-10-04,BLACKLIST,0x961c5be54a2ffc17cf4cb021d863c42dacd47fc1,ADDRESS,sanctioned_entity,CU-ENT-0023,,ACTIVE,,,,,CU-TRG-0023,,CU-IMP-2246,,ONCHAIN_SCAN,HIGH,,Circle
CU-ACT-2247,2023-10-04,BLACKLIST,0xa6cc8ab881debc3c9e8adb32549d0cbe614168c5,ADDRESS,SANCTIONED_ENTITY,CU-ENT-0023,,ACTIVE,,,,,CU-TRG-0023,,CU-IMP-2247,2023-10-03,ONCHAIN_SCAN,HIGH,,Circle
CU-ACT-2248,2023-10-04,BLACKLIST,0x983a81ca6fb1e441266d2fbcb7d8e530ac2e05a2,ADDRESS,sanctioned_entity,CU-ENT-0024,,ACTIVE,,,,,CU-TRG-0024,,CU-IMP-2248,,ONCHAIN_SCAN,HIGH,,Circle
CU-ACT-2249,2024-02-06,UNBLACKLIST,0x6acdfba02d390b97ac2b2d42a63e85293bcc160e,ADDRESS,,,,ACTIVE,,,,,,,CU-IMP-2249,,ONCHAIN_SCAN,HIGH,,Circle
CU-ACT-2250,2024-02-21,BLACKLIST,0xf3701f445b6bdafedbca97d1e477357839e4120d,ADDRESS,sanctioned_entity,CU-ENT-0025,,ACTIVE,,,,,CU-TRG-0025,,CU-IMP-2250,,ONCHAIN_SCAN,HIGH,,Circle
CU-ACT-2251,2024-03-21,BLACKLIST,0x2f04f39923a77430eca036e14ce44dbd11175747,ADDRESS,SANCTIONED_ENTITY,CU-ENT-0075,,ACTIVE,,,,,CU-TRG-0068,,CU-IMP-2251,2024-03-20,ONCHAIN_SCAN,HIGH,,Circle
CU-ACT-2252,2024-03-21,BLACKLIST,0x7be6fe8c528273a3a072a538e12c08500bf4d328,ADDRESS,SANCTIONED_ENTITY,CU-ENT-0075,,ACTIVE,,,,,CU-TRG-0068,,CU-IMP-2252,2024-03-20,ONCHAIN_SCAN,HIGH,,Circle
CU-ACT-2253,2024-03-27,BLACKLIST,0xdda5554510366179ddb442b8a82bc737c3ac77c5,ADDRESS,SANCTIONED_ENTITY,CU-ENT-0057,,ACTIVE,,,,,CU-TRG-0051,,CU-IMP-2253,2024-03-27,ONCHAIN_SCAN,HIGH,,Circle
CU-ACT-2254,2024-03-27,BLACKLIST,0x175d44451403edf28469df03a9280c1197adb92c,ADDRESS,sanctioned_entity,CU-ENT-0026,,ACTIVE,,,,,CU-TRG-0026,,CU-IMP-2254,,ONCHAIN_SCAN,HIGH,,Circle
CU-ACT-2255,2024-03-27,BLACKLIST,0x4576847b1cf999843ba6620815e65a9c5e8a4021,ADDRESS,SANCTIONED_ENTITY,CU-ENT-0057,,ACTIVE,,,,,CU-TRG-0051,,CU-IMP-2255,2024-03-27,ONCHAIN_SCAN,HIGH,,Circle
CU-ACT-2256,2024-03-27,BLACKLIST,0xe950dc316b836e4eefb8308bf32bf7c72a1358ff,ADDRESS,sanctioned_entity,CU-ENT-0026,,ACTIVE,,,,,CU-TRG-0026,,CU-IMP-2256,,ONCHAIN_SCAN,HIGH,,Circle
CU-ACT-2257,2024-03-27,BLACKLIST,0x4ea7eefc2dcb250c1f069ecaf1e2ae3488059ac2,ADDRESS,SANCTIONED_ENTITY,CU-ENT-0057,,ACTIVE,,,,,CU-TRG-0051,,CU-IMP-2257,2024-03-27,ONCHAIN_SCAN,HIGH,,Circle
CU-ACT-2258,2024-03-27,BLACKLIST,0xc24ec5a84cae3d3418b34a1e30b3372c4b25bd0f,ADDRESS,SANCTIONED_ENTITY,CU-ENT-0057,,ACTIVE,,,,,CU-TRG-0051,,CU-IMP-2258,2024-03-27,ONCHAIN_SCAN,HIGH,,Circle
CU-ACT-2259,2024-03-27,BLACKLIST,0x21b8d56bda776bbe68655a16895afd96f5534fed,ADDRESS,sanctioned_entity,CU-ENT-0026,,ACTIVE,,,,,CU-TRG-0026,,CU-IMP-2259,,ONCHAIN_SCAN,HIGH,,Circle
CU-ACT-2260,2024-04-29,BLACKLIST,0x6a1544f72a2a275715e8d5924e6d8a017f0e41ed,ADDRESS,,,,ACTIVE,,,,,,,CU-IMP-2260,,ONCHAIN_SCAN,HIGH,,Circle
CU-ACT-2261,2024-05-02,BLACKLIST,0x19f8f2b0915daa12a3f5c9cf01df9e24d53794f7,ADDRESS,sanctioned_entity,CU-ENT-0027,,ACTIVE,,,,,CU-TRG-0027,,CU-IMP-2261,,ONCHAIN_SCAN,HIGH,,Circle
CU-ACT-2262,2024-05-02,BLACKLIST,0x3e14d41891a30ac7473556d7c3256a5ddf9ef1aa,ADDRESS,SANCTIONED_ENTITY,CU-ENT-0027,,ACTIVE,,,,,CU-TRG-0027,,CU-IMP-2262,2024-05-01,ONCHAIN_SCAN,HIGH,,Circle
CU-ACT-2263,2024-05-11,BLACKLIST,0x00d7e7409bfe09a736d3e993de9b87d0baa314d5,ADDRESS,,,,ACTIVE,,,,,,,CU-IMP-2263,,ONCHAIN_SCAN,HIGH,,Circle
CU-ACT-2264,2024-05-29,BLACKLIST,0xe1d865c3d669dcc8c57c8d023140cb204e672ee4,ADDRESS,sanctioned_entity,CU-ENT-0028,,ACTIVE,,,,,CU-TRG-0028,,CU-IMP-2264,,ONCHAIN_SCAN,HIGH,,Circle
CU-ACT-2265,2024-05-29,BLACKLIST,0x0e6b8e34dc115a2848f585851af23d99d09b8463,ADDRESS,SANCTIONED_ENTITY,CU-ENT-0028,,ACTIVE,,,,,CU-TRG-0028,,CU-IMP-2265,2024-05-28,ONCHAIN_SCAN,HIGH,,Circle
CU-ACT-2266,2024-08-24,BLACKLIST,0x71d2e218a56a1c0c12e1ff4b4c2731a1c3a4f4ce,ADDRESS,SANCTIONED_ENTITY,CU-ENT-0078,,ACTIVE,,,,,CU-TRG-0071,,CU-IMP-2266,2024-08-23,ONCHAIN_SCAN,HIGH,,Circle
CU-ACT-2267,2024-09-14,BLACKLIST,0x290b6ebbdca04ee984fb8617e1b92deea23052e3,ADDRESS,,,,ACTIVE,,,,,,,CU-IMP-2267,,ONCHAIN_SCAN,HIGH,,Circle
CU-ACT-2268,2024-09-27,BLACKLIST,0x0931ca4d13bb4ba75d9b7132ab690265d749a5e7,ADDRESS,sanctioned_entity,CU-ENT-0029,,ACTIVE,,,,,CU-TRG-0029,,CU-IMP-2268,,ONCHAIN_SCAN,HIGH,,Circle
CU-ACT-2269,2024-09-27,BLACKLIST,0xbff703730a21167e430ff151128592a98786b9b4,ADDRESS,SANCTIONED_ENTITY,CU-ENT-0029,,ACTIVE,,,,,CU-TRG-0029,,CU-IMP-2269,2024-09-26,ONCHAIN_SCAN,HIGH,,Circle
CU-ACT-2270,2024-11-14,BLACKLIST,0xcc47af4deb357882331e0776f0d7a7a495a40bfa,ADDRESS,,,,ACTIVE,,,,,,,CU-IMP-2270,,ONCHAIN_SCAN,HIGH,,Circle
CU-ACT-2271,2024-12-05,BLACKLIST,0x282ae5965fe400f3cb929182e0963f3794df01fc,ADDRESS,SANCTIONED_ENTITY,CU-ENT-0079,,ACTIVE,,,,,CU-TRG-0072,,CU-IMP-2271,2024-12-04,ONCHAIN_SCAN,HIGH,,Circle
CU-ACT-2272,2024-12-05,BLACKLIST,0x1999ef52700c34de7ec2b68a28aafb37db0c5ade,ADDRESS,sanctioned_entity,CU-ENT-0030,,ACTIVE,,,,,CU-TRG-0030,,CU-IMP-2272,,ONCHAIN_SCAN,HIGH,,Circle
CU-ACT-2273,2024-12-20,BLACKLIST,0x721537670ae01aa0d60585457b7534025b0041ac,ADDRESS,SANCTIONED_ENTITY,CU-ENT-0054,,ACTIVE,,,,,CU-TRG-0048,,CU-IMP-2273,2024-12-19,ONCHAIN_SCAN,HIGH,,Circle
CU-ACT-2274,2024-12-20,BLACKLIST,0x54b475ef92f861975945954bfa1080dda9cd346e,ADDRESS,SANCTIONED_ENTITY,CU-ENT-0054,,ACTIVE,,,,,CU-TRG-0048,,CU-IMP-2274,2024-12-19,ONCHAIN_SCAN,HIGH,,Circle
CU-ACT-2275,2024-12-20,BLACKLIST,0xd19df746fd2a145588b3a22672bacfd2e5454f61,ADDRESS,SANCTIONED_ENTITY,CU-ENT-0054,,ACTIVE,,,,,CU-TRG-0048,,CU-IMP-2275,2024-12-19,ONCHAIN_SCAN,HIGH,,Circle
CU-ACT-2276,2024-12-20,BLACKLIST,0xbc92595dd3e8f5092471c99b9084a72d333c7d07,ADDRESS,SANCTIONED_ENTITY,CU-ENT-0054,,ACTIVE,,,,,CU-TRG-0048,,CU-IMP-2276,2024-12-19,ONCHAIN_SCAN,HIGH,,Circle
CU-ACT-2277,2024-12-20,BLACKLIST,0x3a0245de38273e7852dce97de3bae18c0010013e,ADDRESS,SANCTIONED_ENTITY,CU-ENT-0054,,ACTIVE,,,,,CU-TRG-0048,,CU-IMP-2277,2024-12-19,ONCHAIN_SCAN,HIGH,,Circle
CU-ACT-2278,2025-02-24,BLACKLIST,0x002471b8a185f9980708d0eaec5b289714f56f8d,ADDRESS,SANCTIONED_ENTITY,CU-ENT-0058,,ACTIVE,,,,,CU-TRG-0052,,CU-IMP-2278,2025-02-11,ONCHAIN_SCAN,MEDIUM,,Circle
CU-ACT-2279,2025-02-24,BLACKLIST,0x3051ca7cb7f6c599fa2f27385ad75010cf0f2bbf,ADDRESS,SANCTIONED_ENTITY,CU-ENT-0058,,ACTIVE,,,,,CU-TRG-0052,,CU-IMP-2279,2025-02-11,ONCHAIN_SCAN,MEDIUM,,Circle
CU-ACT-2280,2025-02-24,BLACKLIST,0x0078ef2d7baf87bf6c4ca49b19efd1e05f57ac30,ADDRESS,SANCTIONED_ENTITY,CU-ENT-0058,,ACTIVE,,,,,CU-TRG-0052,,CU-IMP-2280,2025-02-11,ONCHAIN_SCAN,MEDIUM,,Circle
CU-ACT-2281,2025-03-21,UNBLACKLIST,0x8589427373d6d84e98730d7795d8f6f8731fda16,ADDRESS,,,,ACTIVE,,,,,CU-TRG-0053,,CU-IMP-2281,2025-03-21,ONCHAIN_SCAN,HIGH,,Circle
CU-ACT-2282,2025-03-21,UNBLACKLIST,0x722122df12d4e14e13ac3b6895a86e84145b6967,ADDRESS,,,,ACTIVE,,,,,CU-TRG-0053,,CU-IMP-2282,2025-03-21,ONCHAIN_SCAN,HIGH,,Circle
CU-ACT-2283,2025-03-21,UNBLACKLIST,0xdd4c48c0b24039969fc16d1cdf626eab821d3384,ADDRESS,,,,ACTIVE,,,,,CU-TRG-0053,,CU-IMP-2283,2025-03-21,ONCHAIN_SCAN,HIGH,,Circle
CU-ACT-2284,2025-03-21,UNBLACKLIST,0xd90e2f925da726b50c4ed8d0fb90ad053324f31b,ADDRESS,,,,ACTIVE,,,,,CU-TRG-0053,,CU-IMP-2284,2025-03-21,ONCHAIN_SCAN,HIGH,,Circle
CU-ACT-2285,2025-03-21,UNBLACKLIST,0xd96f2b1c14db8458374d9aca76e26c3d18364307,ADDRESS,,,,ACTIVE,,,,,CU-TRG-0053,,CU-IMP-2285,2025-03-21,ONCHAIN_SCAN,HIGH,,Circle
CU-ACT-2286,2025-03-21,UNBLACKLIST,0x4736dcf1b7a3d580672cce6e7c65cd5cc9cfba9d,ADDRESS,,,,ACTIVE,,,,,CU-TRG-0053,,CU-IMP-2286,2025-03-21,ONCHAIN_SCAN,HIGH,,Circle
CU-ACT-2287,2025-03-21,UNBLACKLIST,0xd4b88df4d29f5cedd6857912842cff3b20c8cfa3,ADDRESS,,,,ACTIVE,,,,,CU-TRG-0053,,CU-IMP-2287,2025-03-21,ONCHAIN_SCAN,HIGH,,Circle
CU-ACT-2288,2025-03-21,UNBLACKLIST,0x910cbd523d972eb0a6f4cae4618ad62622b39dbf,ADDRESS,,,,ACTIVE,,,,,CU-TRG-0053,,CU-IMP-2288,2025-03-21,ONCHAIN_SCAN,HIGH,,Circle
CU-ACT-2289,2025-03-21,UNBLACKLIST,0xa160cdab225685da1d56aa342ad8841c3b53f291,ADDRESS,,,,ACTIVE,,,,,CU-TRG-0053,,CU-IMP-2289,2025-03-21,ONCHAIN_SCAN,HIGH,,Circle
CU-ACT-2290,2025-03-21,UNBLACKLIST,0xfd8610d20aa15b7b2e3be39b396a1bc3516c7144,ADDRESS,,,,ACTIVE,,,,,CU-TRG-0053,,CU-IMP-2290,2025-03-21,ONCHAIN_SCAN,HIGH,,Circle
CU-ACT-2291,2025-03-21,UNBLACKLIST,0xf60dd140cff0706bae9cd734ac3ae76ad9ebc32a,ADDRESS,,,,ACTIVE,,,,,CU-TRG-0053,,CU-IMP-2291,2025-03-21,ONCHAIN_SCAN,HIGH,,Circle
CU-ACT-2292,2025-03-21,UNBLACKLIST,0x22aaa7720ddd5388a3c0a3333430953c68f1849b,ADDRESS,,,,ACTIVE,,,,,CU-TRG-0053,,CU-IMP-2292,2025-03-21,ONCHAIN_SCAN,HIGH,,Circle
CU-ACT-2293,2025-03-21,UNBLACKLIST,0xba214c1c1928a32bffe790263e38b4af9bfcd659,ADDRESS,,,,ACTIVE,,,,,CU-TRG-0053,,CU-IMP-2293,2025-03-21,ONCHAIN_SCAN,HIGH,,Circle
CU-ACT-2294,2025-03-21,UNBLACKLIST,0xb1c8094b234dce6e03f10a5b673c1d8c69739a00,ADDRESS,,,,ACTIVE,,,,,CU-TRG-0053,,CU-IMP-2294,2025-03-21,ONCHAIN_SCAN,HIGH,,Circle
CU-ACT-2295,2025-03-21,UNBLACKLIST,0x527653ea119f3e6a1f5bd18fbf4714081d7b31ce,ADDRESS,,,,ACTIVE,,,,,CU-TRG-0053,,CU-IMP-2295,2025-03-21,ONCHAIN_SCAN,HIGH,,Circle
CU-ACT-2296,2025-03-21,UNBLACKLIST,0x58e8dcc13be9780fc42e8723d8ead4cf46943df2,ADDRESS,,,,ACTIVE,,,,,CU-TRG-0053,,CU-IMP-2296,2025-03-21,ONCHAIN_SCAN,HIGH,,Circle
CU-ACT-2297,2025-03-21,UNBLACKLIST,0xd691f27f38b395864ea86cfc7253969b409c362d,ADDRESS,,,,ACTIVE,,,,,CU-TRG-0053,,CU-IMP-2297,2025-03-21,ONCHAIN_SCAN,HIGH,,Circle
CU-ACT-2298,2025-03-21,UNBLACKLIST,0xaeaac358560e11f52454d997aaff2c5731b6f8a6,ADDRESS,,,,ACTIVE,,,,,CU-TRG-0053,,CU-IMP-2298,2025-03-21,ONCHAIN_SCAN,HIGH,,Circle
CU-ACT-2299,2025-03-21,UNBLACKLIST,0x1356c899d8c9467c7f71c195612f8a395abf2f0a,ADDRESS,,,,ACTIVE,,,,,CU-TRG-0053,,CU-IMP-2299,2025-03-21,ONCHAIN_SCAN,HIGH,,Circle
CU-ACT-2300,2025-03-21,UNBLACKLIST,0xa60c772958a3ed56c1f15dd055ba37ac8e523a0d,ADDRESS,,,,ACTIVE,,,,,CU-TRG-0053,,CU-IMP-2300,2025-03-21,ONCHAIN_SCAN,HIGH,,Circle
CU-ACT-2301,2025-03-21,UNBLACKLIST,0x169ad27a470d064dede56a2d3ff727986b15d52b,ADDRESS,,,,ACTIVE,,,,,CU-TRG-0053,,CU-IMP-2301,2025-03-21,ONCHAIN_SCAN,HIGH,,Circle
CU-ACT-2302,2025-03-21,UNBLACKLIST,0x0836222f2b2b24a3f36f98668ed8f0b38d1a872f,ADDRESS,,,,ACTIVE,,,,,CU-TRG-0053,,CU-IMP-2302,2025-03-21,ONCHAIN_SCAN,HIGH,,Circle
CU-ACT-2303,2025-03-21,UNBLACKLIST,0xf67721a2d8f736e75a49fdd7fad2e31d8676542a,ADDRESS,,,,ACTIVE,,,,,CU-TRG-0053,,CU-IMP-2303,2025-03-21,ONCHAIN_SCAN,HIGH,,Circle
CU-ACT-2304,2025-03-21,UNBLACKLIST,0x9ad122c22b14202b4490edaf288fdb3c7cb3ff5e,ADDRESS,,,,ACTIVE,,,,,CU-TRG-0053,,CU-IMP-2304,2025-03-21,ONCHAIN_SCAN,HIGH,,Circle
CU-ACT-2305,2025-03-21,UNBLACKLIST,0x07687e702b410fa43f4cb4af7fa097918ffd2730,ADDRESS,,,,ACTIVE,,,,,CU-TRG-0053,,CU-IMP-2305,2025-03-21,ONCHAIN_SCAN,HIGH,,Circle
CU-ACT-2306,2025-03-21,UNBLACKLIST,0x94a1b5cdb22c43faab4abeb5c74999895464ddaf,ADDRESS,,,,ACTIVE,,,,,CU-TRG-0053,,CU-IMP-2306,2025-03-21,ONCHAIN_SCAN,HIGH,,Circle
CU-ACT-2307,2025-03-21,UNBLACKLIST,0xb541fc07bc7619fd4062a54d96268525cbc6ffef,ADDRESS,,,,ACTIVE,,,,,CU-TRG-0053,,CU-IMP-2307,2025-03-21,ONCHAIN_SCAN,HIGH,,Circle
CU-ACT-2308,2025-03-21,UNBLACKLIST,0x12d66f87a04a9e220743712ce6d9bb1b5616b8fc,ADDRESS,,,,ACTIVE,,,,,CU-TRG-0053,,CU-IMP-2308,2025-03-21,ONCHAIN_SCAN,HIGH,,Circle
CU-ACT-2309,2025-03-21,UNBLACKLIST,0x47ce0c6ed5b0ce3d3a51fdb1c52dc66a7c3c2936,ADDRESS,,,,ACTIVE,,,,,CU-TRG-0053,,CU-IMP-2309,2025-03-21,ONCHAIN_SCAN,HIGH,,Circle
CU-ACT-2310,2025-03-21,UNBLACKLIST,0x23773e65ed146a459791799d01336db287f25334,ADDRESS,,,,ACTIVE,,,,,CU-TRG-0053,,CU-IMP-2310,2025-03-21,ONCHAIN_SCAN,HIGH,,Circle
CU-ACT-2311,2025-03-21,UNBLACKLIST,0xd21be7248e0197ee08e0c20d4a96debdac3d20af,ADDRESS,,,,ACTIVE,,,,,CU-TRG-0053,,CU-IMP-2311,2025-03-21,ONCHAIN_SCAN,HIGH,,Circle
CU-ACT-2312,2025-03-21,UNBLACKLIST,0x610b717796ad172b316836ac95a2ffad065ceab4,ADDRESS,,,,ACTIVE,,,,,CU-TRG-0053,,CU-IMP-2312,2025-03-21,ONCHAIN_SCAN,HIGH,,Circle
CU-ACT-2313,2025-03-21,UNBLACKLIST,0x178169b423a011fff22b9e3f3abea13414ddd0f1,ADDRESS,,,,ACTIVE,,,,,CU-TRG-0053,,CU-IMP-2313,2025-03-21,ONCHAIN_SCAN,HIGH,,Circle
CU-ACT-2314,2025-03-21,UNBLACKLIST,0xbb93e510bbcd0b7beb5a853875f9ec60275cf498,ADDRESS,,,,ACTIVE,,,,,CU-TRG-0053,,CU-IMP-2314,2025-03-21,ONCHAIN_SCAN,HIGH,,Circle
CU-ACT-2315,2025-03-21,UNBLACKLIST,0x2717c5e28cf931547b621a5dddb772ab6a35b701,ADDRESS,,,,ACTIVE,,,,,CU-TRG-0053,,CU-IMP-2315,2025-03-21,ONCHAIN_SCAN,HIGH,,Circle
CU-ACT-2316,2025-03-21,UNBLACKLIST,0x03893a7c7463ae47d46bc7f091665f1893656003,ADDRESS,,,,ACTIVE,,,,,CU-TRG-0053,,CU-IMP-2316,2025-03-21,ONCHAIN_SCAN,HIGH,,Circle
CU-ACT-2317,2025-03-21,UNBLACKLIST,0xca0840578f57fe71599d29375e16783424023357,ADDRESS,,,,ACTIVE,,,,,CU-TRG-0053,,CU-IMP-2317,2025-03-21,ONCHAIN_SCAN,HIGH,,Circle
CU-ACT-2318,2025-03-21,UNBLACKLIST,0x01e2919679362dfbc9ee1644ba9c6da6d6245bb1,ADDRESS,,,,ACTIVE,,,,,,,CU-IMP-2318,,ONCHAIN_SCAN,HIGH,,Circle
CU-ACT-2319,2025-03-21,UNBLACKLIST,0x09193888b3f38c82dedfda55259a82c0e7de875e,ADDRESS,,,,ACTIVE,,,,,,,CU-IMP-2319,,ONCHAIN_SCAN,HIGH,,Circle
CU-ACT-2320,2025-03-21,UNBLACKLIST,0x179f48c78f57a3a78f0608cc9197b8972921d1d2,ADDRESS,,,,ACTIVE,,,,,,,CU-IMP-2320,,ONCHAIN_SCAN,HIGH,,Circle
CU-ACT-2321,2025-03-21,UNBLACKLIST,0x2573bac39ebe2901b4389cd468f2872cf7767faf,ADDRESS,,,,ACTIVE,,,,,,,CU-IMP-2321,,ONCHAIN_SCAN,HIGH,,Circle
CU-ACT-2322,2025-03-21,UNBLACKLIST,0x26903a5a198d571422b2b4ea08b56a37cbd68c89,ADDRESS,,,,ACTIVE,,,,,,,CU-IMP-2322,,ONCHAIN_SCAN,HIGH,,Circle
CU-ACT-2323,2025-03-21,UNBLACKLIST,0x2f50508a8a3d323b91336fa3ea6ae50e55f32185,ADDRESS,,,,ACTIVE,,,,,,,CU-IMP-2323,,ONCHAIN_SCAN,HIGH,,Circle
CU-ACT-2324,2025-03-21,UNBLACKLIST,0x2fc93484614a34f26f7970cbb94615ba109bb4bf,ADDRESS,,,,ACTIVE,,,,,,,CU-IMP-2324,,ONCHAIN_SCAN,HIGH,,Circle
CU-ACT-2325,2025-03-21,UNBLACKLIST,0x3efa30704d2b8bbac821307230376556cf8cc39e,ADDRESS,,,,ACTIVE,,,,,,,CU-IMP-2325,,ONCHAIN_SCAN,HIGH,,Circle
CU-ACT-2326,2025-03-21,UNBLACKLIST,0x5cab7692d4e94096462119ab7bf57319726eed2a,ADDRESS,,,,ACTIVE,,,,,,,CU-IMP-2326,,ONCHAIN_SCAN,HIGH,,Circle
CU-ACT-2327,2025-03-21,UNBLACKLIST,0x5efda50f22d34f262c29268506c5fa42cb56a1ce,ADDRESS,,,,ACTIVE,,,,,,,CU-IMP-2327,,ONCHAIN_SCAN,HIGH,,Circle
CU-ACT-2328,2025-03-22,UNBLACKLIST,0x5f6c97c6ad7bdd0ae7e0dd4ca33a4ed3fdabd4d7,ADDRESS,,,,ACTIVE,,,,,CU-TRG-0053,,CU-IMP-2328,,ONCHAIN_SCAN,HIGH,,Circle
CU-ACT-2329,2025-03-22,UNBLACKLIST,0x653477c392c16b0765603074f157314cc4f40c32,ADDRESS,,,,ACTIVE,,,,,CU-TRG-0053,,CU-IMP-2329,,ONCHAIN_SCAN,HIGH,,Circle
CU-ACT-2330,2025-03-22,UNBLACKLIST,0x746aebc06d2ae31b71ac51429a19d54e797878e9,ADDRESS,,,,ACTIVE,,,,,CU-TRG-0053,,CU-IMP-2330,,ONCHAIN_SCAN,HIGH,,Circle
CU-ACT-2331,2025-03-22,UNBLACKLIST,0x756c4628e57f7e7f8a459ec2752968360cf4d1aa,ADDRESS,,,,ACTIVE,,,,,CU-TRG-0053,,CU-IMP-2331,,ONCHAIN_SCAN,HIGH,,Circle
CU-ACT-2332,2025-03-22,UNBLACKLIST,0x77777feddddffc19ff86db637967013e6c6a116c,ADDRESS,,,,ACTIVE,,,,,CU-TRG-0053,,CU-IMP-2332,,ONCHAIN_SCAN,HIGH,,Circle
CU-ACT-2333,2025-03-22,UNBLACKLIST,0x88fd245fedec4a936e700f9173454d1931b4c307,ADDRESS,,,,ACTIVE,,,,,CU-TRG-0053,,CU-IMP-2333,,ONCHAIN_SCAN,HIGH,,Circle
CU-ACT-2334,2025-03-22,UNBLACKLIST,0x94c92f096437ab9958fc0a37f09348f30389ae79,ADDRESS,,,,ACTIVE,,,,,CU-TRG-0053,,CU-IMP-2334,,ONCHAIN_SCAN,HIGH,,Circle
CU-ACT-2335,2025-03-22,UNBLACKLIST,0xb04e030140b30c27bcdfaafffa98c57d80eda7b4,ADDRESS,,,,ACTIVE,,,,,CU-TRG-0053,,CU-IMP-2335,,ONCHAIN_SCAN,HIGH,,Circle
CU-ACT-2336,2025-03-22,UNBLACKLIST,0xb20c66c4de72433f3ce747b58b86830c459ca911,ADDRESS,,,,ACTIVE,,,,,CU-TRG-0053,,CU-IMP-2336,,ONCHAIN_SCAN,HIGH,,Circle
CU-ACT-2337,2025-03-22,UNBLACKLIST,0xcee71753c9820f063b38fdbe4cfdaf1d3d928a80,ADDRESS,,,,ACTIVE,,,,,CU-TRG-0053,,CU-IMP-2337,,ONCHAIN_SCAN,HIGH,,Circle
CU-ACT-2338,2025-03-22,UNBLACKLIST,0xd82ed8786d7c69dc7e052f7a542ab047971e73d2,ADDRESS,,,,ACTIVE,,,,,CU-TRG-0053,,CU-IMP-2338,,ONCHAIN_SCAN,HIGH,,Circle
CU-ACT-2339,2025-03-22,UNBLACKLIST,0xf4b067dd14e95bab89be928c07cb22e3c94e0daa,ADDRESS,,,,ACTIVE,,,,,CU-TRG-0053,,CU-IMP-2339,,ONCHAIN_SCAN,HIGH,,Circle
CU-ACT-2340,2025-03-22,UNBLACKLIST,0xffbac21a641dcfe4552920138d90f3638b3c9fba,ADDRESS,,,,ACTIVE,,,,,CU-TRG-0053,,CU-IMP-2340,,ONCHAIN_SCAN,HIGH,,Circle
CU-ACT-2341,2025-03-22,UNBLACKLIST,0xd692fd2d0b2fbd2e52cfa5b5b9424bc981c30696,ADDRESS,,,,ACTIVE,,,,,CU-TRG-0053,,CU-IMP-2341,,ONCHAIN_SCAN,HIGH,,Circle
CU-ACT-2342,2025-03-22,UNBLACKLIST,0xd8d7de3349ccaa0fde6298fe6d7b7d0d34586193,ADDRESS,,,,ACTIVE,,,,,CU-TRG-0053,,CU-IMP-2342,,ONCHAIN_SCAN,HIGH,,Circle
CU-ACT-2343,2025-03-22,UNBLACKLIST,0xdf3a408c53e5078af6e8fb2a85088d46ee09a61b,ADDRESS,,,,ACTIVE,,,,,CU-TRG-0053,,CU-IMP-2343,,ONCHAIN_SCAN,HIGH,,Circle
CU-ACT-2344,2025-03-22,UNBLACKLIST,0x1e34a77868e19a6647b1f2f47b51ed72dede95dd,ADDRESS,,,,ACTIVE,,,,,CU-TRG-0053,,CU-IMP-2344,,ONCHAIN_SCAN,HIGH,,Circle
CU-ACT-2345,2025-03-22,UNBLACKLIST,0x23173fe8b96a4ad8d2e17fb83ea5dcccdca1ae52,ADDRESS,,,,ACTIVE,,,,,CU-TRG-0053,,CU-IMP-2345,,ONCHAIN_SCAN,HIGH,,Circle
CU-ACT-2346,2025-03-22,UNBLACKLIST,0x242654336ca2205714071898f67e254eb49acdce,ADDRESS,,,,ACTIVE,,,,,CU-TRG-0053,,CU-IMP-2346,,ONCHAIN_SCAN,HIGH,,Circle
CU-ACT-2347,2025-03-22,UNBLACKLIST,0x330bdfade01ee9bf63c209ee33102dd334618e0a,ADDRESS,,,,ACTIVE,,,,,CU-TRG-0053,,CU-IMP-2347,,ONCHAIN_SCAN,HIGH,,Circle
CU-ACT-2348,2025-03-22,UNBLACKLIST,0x3aac1cc67c2ec5db4ea850957b967ba153ad6279,ADDRESS,,,,ACTIVE,,,,,CU-TRG-0053,,CU-IMP-2348,,ONCHAIN_SCAN,HIGH,,Circle
CU-ACT-2349,2025-03-22,UNBLACKLIST,0x407cceeaa7c95d2fe2250bf9f2c105aa7aafb512,ADDRESS,,,,ACTIVE,,,,,CU-TRG-0053,,CU-IMP-2349,,ONCHAIN_SCAN,HIGH,,Circle
CU-ACT-2350,2025-03-22,UNBLACKLIST,0x538ab61e8a9fc1b2f93b3dd9011d662d89be6fe6,ADDRESS,,,,ACTIVE,,,,,CU-TRG-0053,,CU-IMP-2350,,ONCHAIN_SCAN,HIGH,,Circle
CU-ACT-2351,2025-03-22,UNBLACKLIST,0x57b2b8c82f065de8ef5573f9730fc1449b403c9f,ADDRESS,,,,ACTIVE,,,,,CU-TRG-0053,,CU-IMP-2351,,ONCHAIN_SCAN,HIGH,,Circle
CU-ACT-2352,2025-03-22,UNBLACKLIST,0x6bf694a291df3fec1f7e69701e3ab6c592435ae7,ADDRESS,,,,ACTIVE,,,,,CU-TRG-0053,,CU-IMP-2352,,ONCHAIN_SCAN,HIGH,,Circle
CU-ACT-2353,2025-03-22,UNBLACKLIST,0x723b78e67497e85279cb204544566f4dc5d2aca0,ADDRESS,,,,ACTIVE,,,,,CU-TRG-0053,,CU-IMP-2353,,ONCHAIN_SCAN,HIGH,,Circle
CU-ACT-2354,2025-03-22,UNBLACKLIST,0x743494b60097a2230018079c02fe21a7b687eaa5,ADDRESS,,,,ACTIVE,,,,,CU-TRG-0053,,CU-IMP-2354,,ONCHAIN_SCAN,HIGH,,Circle
CU-ACT-2355,2025-03-22,UNBLACKLIST,0x76d85b4c0fc497eecc38902397ac608000a06607,ADDRESS,,,,ACTIVE,,,,,CU-TRG-0053,,CU-IMP-2355,,ONCHAIN_SCAN,HIGH,,Circle
CU-ACT-2356,2025-03-22,UNBLACKLIST,0x776198ccf446dfa168347089d7338879273172cf,ADDRESS,,,,ACTIVE,,,,,CU-TRG-0053,,CU-IMP-2356,,ONCHAIN_SCAN,HIGH,,Circle
CU-ACT-2357,2025-03-22,UNBLACKLIST,0x8281aa6795ade17c8973e1aedca380258bc124f9,ADDRESS,,,,ACTIVE,,,,,CU-TRG-0053,,CU-IMP-2357,,ONCHAIN_SCAN,HIGH,,Circle
CU-ACT-2358,2025-03-22,UNBLACKLIST,0x833481186f16cece3f1eeea1a694c42034c3a0db,ADDRESS,,,,ACTIVE,,,,,CU-TRG-0053,,CU-IMP-2358,,ONCHAIN_SCAN,HIGH,,Circle
CU-ACT-2359,2025-03-22,UNBLACKLIST,0x84443cfd09a48af6ef360c6976c5392ac5023a1f,ADDRESS,,,,ACTIVE,,,,,CU-TRG-0053,,CU-IMP-2359,,ONCHAIN_SCAN,HIGH,,Circle
CU-ACT-2360,2025-03-22,UNBLACKLIST,0x94be88213a387e992dd87de56950a9aef34b9448,ADDRESS,,,,ACTIVE,,,,,CU-TRG-0053,,CU-IMP-2360,,ONCHAIN_SCAN,HIGH,,Circle
CU-ACT-2361,2025-03-22,UNBLACKLIST,0xa5c2254e4253490c54cef0a4347fddb8f75a4998,ADDRESS,,,,ACTIVE,,,,,CU-TRG-0053,,CU-IMP-2361,,ONCHAIN_SCAN,HIGH,,Circle
CU-ACT-2362,2025-03-22,UNBLACKLIST,0xaf4c0b70b2ea9fb7487c7cbb37ada259579fe040,ADDRESS,,,,ACTIVE,,,,,CU-TRG-0053,,CU-IMP-2362,,ONCHAIN_SCAN,HIGH,,Circle
CU-ACT-2363,2025-03-22,UNBLACKLIST,0xaf8d1839c3c67cf571aa74b5c12398d4901147b3,ADDRESS,,,,ACTIVE,,,,,CU-TRG-0053,,CU-IMP-2363,,ONCHAIN_SCAN,HIGH,,Circle
CU-ACT-2364,2025-03-22,UNBLACKLIST,0xcc84179ffd19a1627e79f8648d09e095252bc418,ADDRESS,,,,ACTIVE,,,,,CU-TRG-0053,,CU-IMP-2364,,ONCHAIN_SCAN,HIGH,,Circle
CU-ACT-2365,2025-03-22,UNBLACKLIST,0xd47438c816c9e7f2e2888e060936a499af9582b3,ADDRESS,,,,ACTIVE,,,,,CU-TRG-0053,,CU-IMP-2365,,ONCHAIN_SCAN,HIGH,,Circle
CU-ACT-2366,2025-03-22,UNBLACKLIST,0xd5d6f8d9e784d0e26222ad3834500801a68d027d,ADDRESS,,,,ACTIVE,,,,,CU-TRG-0053,,CU-IMP-2366,,ONCHAIN_SCAN,HIGH,,Circle
CU-ACT-2367,2025-03-22,UNBLACKLIST,0xdf231d99ff8b6c6cbf4e9b9a945cbacef9339178,ADDRESS,,,,ACTIVE,,,,,CU-TRG-0053,,CU-IMP-2367,,ONCHAIN_SCAN,HIGH,,Circle
CU-ACT-2368,2025-03-22,UNBLACKLIST,0xedc5d01286f99a066559f60a585406f3878a033e,ADDRESS,,,,ACTIVE,,,,,CU-TRG-0053,,CU-IMP-2368,,ONCHAIN_SCAN,HIGH,,Circle
CU-ACT-2369,2025-03-22,UNBLACKLIST,0x0e3a09dda6b20afbb34ac7cd4a6881493f3e7bf7,ADDRESS,,,,ACTIVE,,,,,CU-TRG-0053,,CU-IMP-2369,,ONCHAIN_SCAN,HIGH,,Circle
CU-ACT-2370,2025-03-22,UNBLACKLIST,0x05e0b5b40b7b66098c2161a5ee11c5740a3a7c45,ADDRESS,,,,ACTIVE,,,,,CU-TRG-0053,,CU-IMP-2370,,ONCHAIN_SCAN,HIGH,,Circle
CU-ACT-2371,2025-04-02,BLACKLIST,0x16f068ea913a912c62114a873b678b1aa9236585,ADDRESS,SANCTIONED_ENTITY,CU-ENT-0051,,ACTIVE,,,,,CU-TRG-0045,,CU-IMP-2371,2025-04-02,ONCHAIN_SCAN,HIGH,,Circle
CU-ACT-2372,2025-04-02,BLACKLIST,0x9acfa7136bd9ee19fc2c4517e2033705262f938c,ADDRESS,SANCTIONED_ENTITY,CU-ENT-0051,,ACTIVE,,,,,CU-TRG-0045,,CU-IMP-2372,2025-04-02,ONCHAIN_SCAN,HIGH,,Circle
CU-ACT-2373,2025-04-02,BLACKLIST,0xe942adb085bdc3cd49ad2ddaea53934f12a7e0a5,ADDRESS,SANCTIONED_ENTITY,CU-ENT-0051,,ACTIVE,,,,,CU-TRG-0045,,CU-IMP-2373,2025-04-02,ONCHAIN_SCAN,HIGH,,Circle
CU-ACT-2374,2025-04-02,BLACKLIST,0x4755da10f30da425a1b5f12166bec82600c48c79,ADDRESS,SANCTIONED_ENTITY,CU-ENT-0051,,ACTIVE,,,,,CU-TRG-0045,,CU-IMP-2374,2025-04-02,ONCHAIN_SCAN,HIGH,,Circle
CU-ACT-2375,2025-04-02,BLACKLIST,0x2b872fc6d0614e39150d078db0e2ff56650f2b4b,ADDRESS,SANCTIONED_ENTITY,CU-ENT-0051,,ACTIVE,,,,,CU-TRG-0045,,CU-IMP-2375,2025-04-02,ONCHAIN_SCAN,HIGH,,Circle
CU-ACT-2376,2025-04-02,BLACKLIST,0x7a01e8268bbb7b5b7403b673aa0b9d7b36f651aa,ADDRESS,SANCTIONED_ENTITY,CU-ENT-0051,,ACTIVE,,,,,CU-TRG-0045,,CU-IMP-2376,2025-04-02,ONCHAIN_SCAN,HIGH,,Circle
CU-ACT-2377,2025-04-02,BLACKLIST,0x2a4c4406a0495116aa880c57486cb876658d8aa1,ADDRESS,SANCTIONED_ENTITY,CU-ENT-0051,,ACTIVE,,,,,CU-TRG-0045,,CU-IMP-2377,2025-04-02,ONCHAIN_SCAN,HIGH,,Circle
CU-ACT-2378,2025-04-02,BLACKLIST,0xd9471e6c644756e845e4a10260362ab9a3a9845a,ADDRESS,SANCTIONED_ENTITY,CU-ENT-0051,,ACTIVE,,,,,CU-TRG-0045,,CU-IMP-2378,2025-04-02,ONCHAIN_SCAN,HIGH,,Circle
CU-ACT-2379,2025-05-29,BLACKLIST,0xd5ed34b52ac4ab84d8fa8a231a3218bbf01ed510,ADDRESS,sanctioned_entity,CU-ENT-0031,,ACTIVE,,,,,CU-TRG-0031,,CU-IMP-2379,,ONCHAIN_SCAN,HIGH,,Circle
CU-ACT-2380,2025-05-29,BLACKLIST,0x8c5f37d4db13967643e33d5404f66f86569221ca,ADDRESS,SANCTIONED_ENTITY,CU-ENT-0031,,ACTIVE,,,,,CU-TRG-0031,,CU-IMP-2380,2025-05-29,ONCHAIN_SCAN,HIGH,,Circle
CU-ACT-2381,2025-06-27,BLACKLIST,0x53b9b72dc6f96eb4b54143b211b22e2548e4cf5c,ADDRESS,,,,ACTIVE,,,,,CU-TRG-0040,,CU-IMP-2381,2026-03-25,ONCHAIN_SCAN,HIGH,,Circle
CU-ACT-2382,2025-06-28,BLACKLIST,0xe3740c1b2fcda407027e2c80906306604e5260e7,ADDRESS,,,,ACTIVE,,,,,,,CU-IMP-2382,,ONCHAIN_SCAN,HIGH,,Circle
CU-ACT-2383,2025-07-01,BLACKLIST,0xc685132e908cce284c063415ea353af5f555c6c6,ADDRESS,SANCTIONED_ENTITY,CU-ENT-0080,,ACTIVE,,,,,CU-TRG-0073,,CU-IMP-2383,2025-07-01,ONCHAIN_SCAN,HIGH,,Circle
CU-ACT-2384,2025-08-14,BLACKLIST,0x3301843d4d8c3314706a6526940bc2a38ed29475,ADDRESS,SANCTIONED_ENTITY,CU-ENT-0050,,ACTIVE,,,,,CU-TRG-0044,,CU-IMP-2384,2025-08-14,ONCHAIN_SCAN,HIGH,,Circle
CU-ACT-2385,2025-08-14,BLACKLIST,0x6e2bf91ff62095e759301a1e46df3278f7d6bf07,ADDRESS,SANCTIONED_ENTITY,CU-ENT-0050,,ACTIVE,,,,,CU-TRG-0044,,CU-IMP-2385,2025-08-14,ONCHAIN_SCAN,HIGH,,Circle
CU-ACT-2386,2025-08-14,BLACKLIST,0x8a33c4dccc7e840e536c1abc9af4612f876f54de,ADDRESS,SANCTIONED_ENTITY,CU-ENT-0050,,ACTIVE,,,,,CU-TRG-0044,,CU-IMP-2386,2025-08-14,ONCHAIN_SCAN,HIGH,,Circle
CU-ACT-2387,2025-08-14,BLACKLIST,0x17b65262f73d2a8668dededc6a40274c3e0ea058,ADDRESS,SANCTIONED_ENTITY,CU-ENT-0050,,ACTIVE,,,,,CU-TRG-0044,,CU-IMP-2387,2025-08-14,ONCHAIN_SCAN,HIGH,,Circle
CU-ACT-2388,2025-08-14,BLACKLIST,0x0655b7211f302b42a7bfa16a6c45284ab82fd85b,ADDRESS,SANCTIONED_ENTITY,CU-ENT-0050,,ACTIVE,,,,,CU-TRG-0044,,CU-IMP-2388,2025-08-14,ONCHAIN_SCAN,HIGH,,Circle
CU-ACT-2389,2025-08-14,BLACKLIST,0x82df92ebaa039dd6c9e0689390d7298a5ca1f59c,ADDRESS,SANCTIONED_ENTITY,CU-ENT-0050,,ACTIVE,,,,,CU-TRG-0044,,CU-IMP-2389,2025-08-14,ONCHAIN_SCAN,HIGH,,Circle
CU-ACT-2390,2025-08-14,BLACKLIST,0x48ea81d8db01cc3f551be8ecc8627b5a803eb075,ADDRESS,SANCTIONED_ENTITY,CU-ENT-0050,,ACTIVE,,,,,CU-TRG-0044,,CU-IMP-2390,2025-08-14,ONCHAIN_SCAN,HIGH,,Circle
CU-ACT-2391,2025-08-14,BLACKLIST,0x12de548f79a50d2bd05481c8515c1ef5183666a9,ADDRESS,sanctioned_entity,CU-ENT-0032,,ACTIVE,,,,,CU-TRG-0032,,CU-IMP-2391,,ONCHAIN_SCAN,HIGH,,Circle
CU-ACT-2392,2025-08-14,BLACKLIST,0x18f703184349667cdae85a07e7f2efac36052b89,ADDRESS,SANCTIONED_ENTITY,CU-ENT-0050,,ACTIVE,,,,,CU-TRG-0044,,CU-IMP-2392,2025-08-14,ONCHAIN_SCAN,HIGH,,Circle
CU-ACT-2393,2025-08-14,BLACKLIST,0x8dce2aac0de82bdcaf6b4373b79f94331b8e4995,ADDRESS,sanctioned_entity,CU-ENT-0010,,ACTIVE,,,,,CU-TRG-0010,,CU-IMP-2393,,ONCHAIN_SCAN,HIGH,,Circle
CU-ACT-2394,2025-08-14,BLACKLIST,0xf4377eda661e04b6dda78969796ed31658d602d4,ADDRESS,sanctioned_entity,CU-ENT-0010,,ACTIVE,,,,,CU-TRG-0010,,CU-IMP-2394,,ONCHAIN_SCAN,HIGH,,Circle
CU-ACT-2395,2025-08-14,BLACKLIST,0xb338962b92cd818d6aef0a32a9ecd01212a71f33,ADDRESS,sanctioned_entity,CU-ENT-0010,,ACTIVE,,,,,CU-TRG-0010,,CU-IMP-2395,,ONCHAIN_SCAN,HIGH,,Circle
CU-ACT-2396,2025-08-14,BLACKLIST,0x57ec89a0c056163a0314e413320f9b3abe761259,ADDRESS,sanctioned_entity,CU-ENT-0010,,ACTIVE,,,,,CU-TRG-0010,,CU-IMP-2396,,ONCHAIN_SCAN,HIGH,,Circle
CU-ACT-2397,2025-08-14,BLACKLIST,0xd8500c631dc32fa18645b7436344a99e4825e10e,ADDRESS,sanctioned_entity,CU-ENT-0010,,ACTIVE,,,,,CU-TRG-0010,,CU-IMP-2397,,ONCHAIN_SCAN,HIGH,,Circle
CU-ACT-2398,2025-08-14,BLACKLIST,0x7ced75026204ac29c34bea98905d4c949f27361e,ADDRESS,sanctioned_entity,CU-ENT-0010,,ACTIVE,,,,,CU-TRG-0010,,CU-IMP-2398,,ONCHAIN_SCAN,HIGH,,Circle
CU-ACT-2399,2025-08-14,BLACKLIST,0x418949a4a7da9e07192909722072dded8f670d58,ADDRESS,SANCTIONED_ENTITY,CU-ENT-0050,,ACTIVE,,,,,CU-TRG-0044,,CU-IMP-2399,2025-08-14,ONCHAIN_SCAN,HIGH,,Circle
CU-ACT-2400,2025-08-14,BLACKLIST,0x6042c2f32769454c5ff226fdae52b81e49cd922f,ADDRESS,SANCTIONED_ENTITY,CU-ENT-0050,,ACTIVE,,,,,CU-TRG-0044,,CU-IMP-2400,2025-08-14,ONCHAIN_SCAN,HIGH,,Circle
CU-ACT-2401,2025-08-14,BLACKLIST,0x8660f3ab5285f9e497ffbf2997285c24466aa2a1,ADDRESS,SANCTIONED_ENTITY,CU-ENT-0050,,ACTIVE,,,,,CU-TRG-0044,,CU-IMP-2401,2025-08-14,ONCHAIN_SCAN,HIGH,,Circle
CU-ACT-2402,2025-08-26,BLACKLIST,0xdbb1e229f79a6e9eedfeba9db6e984a674c8bb52,ADDRESS,,,,REVERSED,CU-ACT-2403,,,,,,CU-IMP-2402,,ONCHAIN_SCAN,HIGH,,Circle
CU-ACT-2403,2025-08-27,UNBLACKLIST,0xdbb1e229f79a6e9eedfeba9db6e984a674c8bb52,ADDRESS,,,,ACTIVE,,,,,,,CU-IMP-2403,,ONCHAIN_SCAN,HIGH,,Circle
CU-ACT-2404,2025-09-12,BLACKLIST,0xfa3576591b710cd8a68f22fc10281f39f88d8cb1,ADDRESS,,,,REVERSED,CU-ACT-2405,,,,,,CU-IMP-2404,,ONCHAIN_SCAN,HIGH,,Circle
CU-ACT-2405,2025-09-12,UNBLACKLIST,0xfa3576591b710cd8a68f22fc10281f39f88d8cb1,ADDRESS,,,,ACTIVE,,,,,,,CU-IMP-2405,,ONCHAIN_SCAN,HIGH,,Circle
CU-ACT-2406,2025-09-16,BLACKLIST,0xe3d35f68383732649669aa990832e017340dbca5,ADDRESS,sanctioned_entity,CU-ENT-0033,,ACTIVE,,,,,CU-TRG-0033,,CU-IMP-2406,,ONCHAIN_SCAN,HIGH,,Circle
CU-ACT-2407,2025-09-16,BLACKLIST,0xf405df57cc3a2df4dd262b6494d76e346ca778f1,ADDRESS,SANCTIONED_ENTITY,CU-ENT-0056,,ACTIVE,,,,,CU-TRG-0050,,CU-IMP-2407,2025-09-16,ONCHAIN_SCAN,HIGH,,Circle
CU-ACT-2408,2025-09-16,BLACKLIST,0x532b77b33a040587e9fd1800088225f99b8b0e8a,ADDRESS,sanctioned_entity,CU-ENT-0033,,ACTIVE,,,,,CU-TRG-0033,,CU-IMP-2408,,ONCHAIN_SCAN,HIGH,,Circle
CU-ACT-2409,2025-09-16,BLACKLIST,0x9ab7a3e606677ddf6f3538dd4472ec770c282b3e,ADDRESS,SANCTIONED_ENTITY,CU-ENT-0056,,ACTIVE,,,,,CU-TRG-0050,,CU-IMP-2409,2025-09-16,ONCHAIN_SCAN,HIGH,,Circle
CU-ACT-2410,2025-09-16,BLACKLIST,0xab4302cfcf1c2337c1b59af1d23bd97189fe962c,ADDRESS,SANCTIONED_ENTITY,CU-ENT-0056,,ACTIVE,,,,,CU-TRG-0050,,CU-IMP-2410,2025-09-16,ONCHAIN_SCAN,HIGH,,Circle
CU-ACT-2411,2025-09-16,BLACKLIST,0xba475bb43ee21013fd14c85e2c74b24bcf5a54c1,ADDRESS,SANCTIONED_ENTITY,CU-ENT-0056,,ACTIVE,,,,,CU-TRG-0050,,CU-IMP-2411,2025-09-16,ONCHAIN_SCAN,HIGH,,Circle
CU-ACT-2412,2025-09-16,BLACKLIST,0xdb2720ebad55399117ddb4c4a4afd9a4ccada8fe,ADDRESS,sanctioned_entity,CU-ENT-0034,,ACTIVE,,,,,CU-TRG-0034,,CU-IMP-2412,,ONCHAIN_SCAN,HIGH,,Circle
CU-ACT-2413,2025-09-17,BLACKLIST,0x9bb44f1803dedacfa7c1d913c3f75e4accd0e4c2,ADDRESS,,,,ACTIVE,,,,,,,CU-IMP-2413,,ONCHAIN_SCAN,HIGH,,Circle
CU-ACT-2414,2025-09-17,BLACKLIST,0xc12986eb140ecc92b11d897661f66768e021294e,ADDRESS,,,,ACTIVE,,,,,,,CU-IMP-2414,,ONCHAIN_SCAN,HIGH,,Circle
CU-ACT-2415,2025-09-17,BLACKLIST,0x30c02968ecd245a3934e7abb8f7c308bd931852b,ADDRESS,,,,ACTIVE,,,,,,,CU-IMP-2415,,ONCHAIN_SCAN,HIGH,,Circle
CU-ACT-2416,2025-09-23,BLACKLIST,0xd69b944680b749d1d048873d6b61745bed146846,ADDRESS,,,,ACTIVE,,,,,,,CU-IMP-2416,,ONCHAIN_SCAN,HIGH,,Circle
CU-ACT-2417,2025-09-24,BLACKLIST,0x240fd853e1509a975bd95348d49c923fb0b5d43c,ADDRESS,SANCTIONED_ENTITY,CU-ENT-0081,,ACTIVE,,,,,CU-TRG-0074,,CU-IMP-2417,2025-09-24,ONCHAIN_SCAN,HIGH,,Circle
CU-ACT-2418,2025-10-14,BLACKLIST,0xd599ac04a1c786972b81e0fef6fb0c3e7b52f8a7,ADDRESS,SANCTIONED_ENTITY,CU-ENT-0055,,ACTIVE,,,,,CU-TRG-0049,,CU-IMP-2418,2025-10-14,ONCHAIN_SCAN,HIGH,,Circle
CU-ACT-2419,2025-10-14,BLACKLIST,0xae05eb856cb28c156d9722094f5eefd5693bc181,ADDRESS,SANCTIONED_ENTITY,CU-ENT-0055,,ACTIVE,,,,,CU-TRG-0049,,CU-IMP-2419,2025-10-14,ONCHAIN_SCAN,HIGH,,Circle
CU-ACT-2420,2025-10-14,BLACKLIST,0x500aa554ed27a6c94fe0d5eb5df3482b528a5efe,ADDRESS,SANCTIONED_ENTITY,CU-ENT-0055,,ACTIVE,,,,,CU-TRG-0049,,CU-IMP-2420,2025-10-14,ONCHAIN_SCAN,HIGH,,Circle
CU-ACT-2421,2025-10-14,BLACKLIST,0x2a4ff8bc97d3faef20ca9aa3c8dac93450695434,ADDRESS,SANCTIONED_ENTITY,CU-ENT-0055,,ACTIVE,,,,,CU-TRG-0049,,CU-IMP-2421,2025-10-14,ONCHAIN_SCAN,HIGH,,Circle
CU-ACT-2422,2025-11-04,BLACKLIST,0x00be5e0c85be35948d97ad37f62d108243f89ae0,ADDRESS,SANCTIONED_ENTITY,CU-ENT-0047,,ACTIVE,,,CU-INC-0003,,CU-TRG-0042,,CU-IMP-2422,2025-11-04,ONCHAIN_SCAN,HIGH,,Circle
CU-ACT-2423,2025-11-04,BLACKLIST,0x00bf03f87539214307207c61b7f729ddc22977b8,ADDRESS,SANCTIONED_ENTITY,CU-ENT-0047,,ACTIVE,,,CU-INC-0003,,CU-TRG-0042,,CU-IMP-2423,2025-11-04,ONCHAIN_SCAN,HIGH,,Circle
CU-ACT-2424,2025-11-04,BLACKLIST,0x0d1891dd69efe614918e989b5ebd68d6e5f18ff5,ADDRESS,SANCTIONED_ENTITY,CU-ENT-0047,,ACTIVE,,,CU-INC-0003,,CU-TRG-0042,,CU-IMP-2424,2025-11-04,ONCHAIN_SCAN,HIGH,,Circle
CU-ACT-2425,2025-11-04,BLACKLIST,0x5a1ca8328b9da53c6c11c8745ea8da29a9cd36c1,ADDRESS,SANCTIONED_ENTITY,CU-ENT-0047,,ACTIVE,,,CU-INC-0003,,CU-TRG-0042,,CU-IMP-2425,2025-11-04,ONCHAIN_SCAN,HIGH,,Circle
CU-ACT-2426,2025-11-04,BLACKLIST,0x5042cca9d00c44733ebaf550851b9a65cc98d58f,ADDRESS,SANCTIONED_ENTITY,CU-ENT-0047,,ACTIVE,,,CU-INC-0003,,CU-TRG-0042,,CU-IMP-2426,2025-11-04,ONCHAIN_SCAN,HIGH,,Circle
CU-ACT-2427,2025-11-04,BLACKLIST,0x596ac03ba123b802325bf62ceff98e5608ac48e9,ADDRESS,SANCTIONED_ENTITY,CU-ENT-0047,,ACTIVE,,,CU-INC-0003,,CU-TRG-0042,,CU-IMP-2427,2025-11-04,ONCHAIN_SCAN,HIGH,,Circle
CU-ACT-2428,2025-11-04,BLACKLIST,0x55ef531216bd8077fb1acb8e61be532214b33b76,ADDRESS,SANCTIONED_ENTITY,CU-ENT-0047,,ACTIVE,,,CU-INC-0003,,CU-TRG-0042,,CU-IMP-2428,2025-11-04,ONCHAIN_SCAN,HIGH,,Circle
CU-ACT-2429,2025-11-04,BLACKLIST,0x114074ff655d0643a4ff70411ffca618cb7edca1,ADDRESS,SANCTIONED_ENTITY,CU-ENT-0047,,ACTIVE,,,CU-INC-0003,,CU-TRG-0042,,CU-IMP-2429,2025-11-04,ONCHAIN_SCAN,HIGH,,Circle
CU-ACT-2430,2025-11-04,BLACKLIST,0x117bb0cfee7ce8f842967537fbcd92fc504d68ab,ADDRESS,SANCTIONED_ENTITY,CU-ENT-0047,,ACTIVE,,,CU-INC-0003,,CU-TRG-0042,,CU-IMP-2430,2025-11-04,ONCHAIN_SCAN,HIGH,,Circle
CU-ACT-2431,2025-11-04,BLACKLIST,0x15a68a9ffa2a94bdad8468d93af4db24251af772,ADDRESS,SANCTIONED_ENTITY,CU-ENT-0047,,ACTIVE,,,CU-INC-0003,,CU-TRG-0042,,CU-IMP-2431,2025-11-04,ONCHAIN_SCAN,HIGH,,Circle
CU-ACT-2432,2025-11-04,BLACKLIST,0x10df38a923a660965d098f24a618b0d1b5d99cba,ADDRESS,SANCTIONED_ENTITY,CU-ENT-0047,,ACTIVE,,,CU-INC-0003,,CU-TRG-0042,,CU-IMP-2432,2025-11-04,ONCHAIN_SCAN,HIGH,,Circle
CU-ACT-2433,2025-11-04,BLACKLIST,0x171f95410bc65dfc8549c287cd475dc8b82df192,ADDRESS,SANCTIONED_ENTITY,CU-ENT-0047,,ACTIVE,,,CU-INC-0003,,CU-TRG-0042,,CU-IMP-2433,2025-11-04,ONCHAIN_SCAN,HIGH,,Circle
CU-ACT-2434,2025-11-04,BLACKLIST,0x17fff4f3364fa6dfa25cf37bebbff62bc47232f7,ADDRESS,SANCTIONED_ENTITY,CU-ENT-0047,,ACTIVE,,,CU-INC-0003,,CU-TRG-0042,,CU-IMP-2434,2025-11-04,ONCHAIN_SCAN,HIGH,,Circle
CU-ACT-2435,2025-11-04,BLACKLIST,0x2547ad3f4b0d37881101885addd1cedf753af9aa,ADDRESS,SANCTIONED_ENTITY,CU-ENT-0047,,ACTIVE,,,CU-INC-0003,,CU-TRG-0042,,CU-IMP-2435,2025-11-04,ONCHAIN_SCAN,HIGH,,Circle
CU-ACT-2436,2025-11-04,BLACKLIST,0x2cbd0ba5b15bde90d5252d8ac1ed2aa121d2d62a,ADDRESS,SANCTIONED_ENTITY,CU-ENT-0047,,ACTIVE,,,CU-INC-0003,,CU-TRG-0042,,CU-IMP-2436,2025-11-04,ONCHAIN_SCAN,HIGH,,Circle
CU-ACT-2437,2025-11-04,BLACKLIST,0x37cefc817a4582773b26835910127ba24f284bb4,ADDRESS,SANCTIONED_ENTITY,CU-ENT-0047,,ACTIVE,,,CU-INC-0003,,CU-TRG-0042,,CU-IMP-2437,2025-11-04,ONCHAIN_SCAN,HIGH,,Circle
CU-ACT-2438,2025-11-04,BLACKLIST,0x40813812bb5a22be798d7f4cf227a584f4f87bc9,ADDRESS,SANCTIONED_ENTITY,CU-ENT-0047,,ACTIVE,,,CU-INC-0003,,CU-TRG-0042,,CU-IMP-2438,2025-11-04,ONCHAIN_SCAN,HIGH,,Circle
CU-ACT-2439,2025-11-04,BLACKLIST,0x44888f0a128a21872c38aa44bede1e31137ba85f,ADDRESS,SANCTIONED_ENTITY,CU-ENT-0047,,ACTIVE,,,CU-INC-0003,,CU-TRG-0042,,CU-IMP-2439,2025-11-04,ONCHAIN_SCAN,HIGH,,Circle
CU-ACT-2440,2025-11-04,BLACKLIST,0x491e68c8464e39723c304aef5cea9543f37ee607,ADDRESS,SANCTIONED_ENTITY,CU-ENT-0047,,ACTIVE,,,CU-INC-0003,,CU-TRG-0042,,CU-IMP-2440,2025-11-04,ONCHAIN_SCAN,HIGH,,Circle
CU-ACT-2441,2025-11-04,BLACKLIST,0x412e673fb7cce4e031b9a02277b1aeb599f62bc1,ADDRESS,SANCTIONED_ENTITY,CU-ENT-0047,,ACTIVE,,,CU-INC-0003,,CU-TRG-0042,,CU-IMP-2441,2025-11-04,ONCHAIN_SCAN,HIGH,,Circle
CU-ACT-2442,2025-11-04,BLACKLIST,0x3e0c892556da529a0c03a28f763964bdf25ca88c,ADDRESS,SANCTIONED_ENTITY,CU-ENT-0047,,ACTIVE,,,CU-INC-0003,,CU-TRG-0042,,CU-IMP-2442,2025-11-04,ONCHAIN_SCAN,HIGH,,Circle
CU-ACT-2443,2025-11-04,BLACKLIST,0x45fc0d462a6473905024a10f756feadf8e6c2d08,ADDRESS,SANCTIONED_ENTITY,CU-ENT-0047,,ACTIVE,,,CU-INC-0003,,CU-TRG-0042,,CU-IMP-2443,2025-11-04,ONCHAIN_SCAN,HIGH,,Circle
CU-ACT-2444,2025-11-04,BLACKLIST,0x45afe4b7e98b6ef450e7b5f53bc1763f3be83e69,ADDRESS,SANCTIONED_ENTITY,CU-ENT-0047,,ACTIVE,,,CU-INC-0003,,CU-TRG-0042,,CU-IMP-2444,2025-11-04,ONCHAIN_SCAN,HIGH,,Circle
CU-ACT-2445,2025-11-04,BLACKLIST,0x4b1d7ad9f0cbff66d194ba1e9f0da31635f23f0e,ADDRESS,SANCTIONED_ENTITY,CU-ENT-0047,,ACTIVE,,,CU-INC-0003,,CU-TRG-0042,,CU-IMP-2445,2025-11-04,ONCHAIN_SCAN,HIGH,,Circle
CU-ACT-2446,2025-11-04,BLACKLIST,0x4fa8b02fd04a8ed74b2c77d7efdfffbcc884e3f2,ADDRESS,SANCTIONED_ENTITY,CU-ENT-0047,,ACTIVE,,,CU-INC-0003,,CU-TRG-0042,,CU-IMP-2446,2025-11-04,ONCHAIN_SCAN,HIGH,,Circle
CU-ACT-2447,2025-11-04,BLACKLIST,0x95a603c86ec4a585e4359d1f07e6949567491fc9,ADDRESS,SANCTIONED_ENTITY,CU-ENT-0047,,ACTIVE,,,CU-INC-0003,,CU-TRG-0042,,CU-IMP-2447,2025-11-04,ONCHAIN_SCAN,HIGH,,Circle
CU-ACT-2448,2025-11-04,BLACKLIST,0x80865644f47925223c7e12014e9b11f0f05212bc,ADDRESS,SANCTIONED_ENTITY,CU-ENT-0047,,ACTIVE,,,CU-INC-0003,,CU-TRG-0042,,CU-IMP-2448,2025-11-04,ONCHAIN_SCAN,HIGH,,Circle
CU-ACT-2449,2025-11-04,BLACKLIST,0x46ccbcaf10b406a85a412ab713ad451caef9a950,ADDRESS,SANCTIONED_ENTITY,CU-ENT-0047,,ACTIVE,,,CU-INC-0003,,CU-TRG-0042,,CU-IMP-2449,2025-11-04,ONCHAIN_SCAN,HIGH,,Circle
CU-ACT-2450,2025-11-04,BLACKLIST,0x5263b1aa550f70bd9753ec558c631eaadd2ae98c,ADDRESS,SANCTIONED_ENTITY,CU-ENT-0047,,ACTIVE,,,CU-INC-0003,,CU-TRG-0042,,CU-IMP-2450,2025-11-04,ONCHAIN_SCAN,HIGH,,Circle
CU-ACT-2451,2025-11-04,BLACKLIST,0xdc2ec40485f23d6268fe9f4fde8c390051f4766a,ADDRESS,SANCTIONED_ENTITY,CU-ENT-0047,,ACTIVE,,,CU-INC-0003,,CU-TRG-0042,,CU-IMP-2451,2025-11-04,ONCHAIN_SCAN,HIGH,,Circle
CU-ACT-2452,2025-11-04,BLACKLIST,0xa3afa16728fc3a16072a7a00ec4508fafe02a34a,ADDRESS,SANCTIONED_ENTITY,CU-ENT-0047,,ACTIVE,,,CU-INC-0003,,CU-TRG-0042,,CU-IMP-2452,2025-11-04,ONCHAIN_SCAN,HIGH,,Circle
CU-ACT-2453,2025-11-04,BLACKLIST,0x72a2fc69c5a3025d9d79bb01335860aaf2a4a948,ADDRESS,SANCTIONED_ENTITY,CU-ENT-0047,,ACTIVE,,,CU-INC-0003,,CU-TRG-0042,,CU-IMP-2453,2025-11-04,ONCHAIN_SCAN,HIGH,,Circle
CU-ACT-2454,2025-11-04,BLACKLIST,0x7b7f0d8f53e16faee4cf90aedf50c7073f17beff,ADDRESS,SANCTIONED_ENTITY,CU-ENT-0047,,ACTIVE,,,CU-INC-0003,,CU-TRG-0042,,CU-IMP-2454,2025-11-04,ONCHAIN_SCAN,HIGH,,Circle
CU-ACT-2455,2025-11-04,BLACKLIST,0x919d585e07ab0926832753eb43fd6fb2b8488051,ADDRESS,SANCTIONED_ENTITY,CU-ENT-0047,,ACTIVE,,,CU-INC-0003,,CU-TRG-0042,,CU-IMP-2455,2025-11-04,ONCHAIN_SCAN,HIGH,,Circle
CU-ACT-2456,2025-11-04,BLACKLIST,0x932dbae7c0493923c2643efc52b9faadfc3109a6,ADDRESS,SANCTIONED_ENTITY,CU-ENT-0047,,ACTIVE,,,CU-INC-0003,,CU-TRG-0042,,CU-IMP-2456,2025-11-04,ONCHAIN_SCAN,HIGH,,Circle
CU-ACT-2457,2025-11-04,BLACKLIST,0x80d658d0d767de04a4379fee4a2fdf10d9bfbf03,ADDRESS,SANCTIONED_ENTITY,CU-ENT-0047,,ACTIVE,,,CU-INC-0003,,CU-TRG-0042,,CU-IMP-2457,2025-11-04,ONCHAIN_SCAN,HIGH,,Circle
CU-ACT-2458,2025-11-04,BLACKLIST,0xad0fd006d311c33da60c180603316a813a3f68d4,ADDRESS,SANCTIONED_ENTITY,CU-ENT-0047,,ACTIVE,,,CU-INC-0003,,CU-TRG-0042,,CU-IMP-2458,2025-11-04,ONCHAIN_SCAN,HIGH,,Circle
CU-ACT-2459,2025-11-04,BLACKLIST,0x9d6350f74c811ca9e9c9adc35227a1193d5984b0,ADDRESS,SANCTIONED_ENTITY,CU-ENT-0047,,ACTIVE,,,CU-INC-0003,,CU-TRG-0042,,CU-IMP-2459,2025-11-04,ONCHAIN_SCAN,HIGH,,Circle
CU-ACT-2460,2025-11-04,BLACKLIST,0xc014eb917fb0689844b31347c7556c18a319bbbf,ADDRESS,SANCTIONED_ENTITY,CU-ENT-0047,,ACTIVE,,,CU-INC-0003,,CU-TRG-0042,,CU-IMP-2460,2025-11-04,ONCHAIN_SCAN,HIGH,,Circle
CU-ACT-2461,2025-11-04,BLACKLIST,0xc19a1636cf379ce180a61946a990d743bd2ee3d1,ADDRESS,SANCTIONED_ENTITY,CU-ENT-0047,,ACTIVE,,,CU-INC-0003,,CU-TRG-0042,,CU-IMP-2461,2025-11-04,ONCHAIN_SCAN,HIGH,,Circle
CU-ACT-2462,2025-11-04,BLACKLIST,0xda9809eaca62c7d52978045007f26817c425875f,ADDRESS,SANCTIONED_ENTITY,CU-ENT-0047,,ACTIVE,,,CU-INC-0003,,CU-TRG-0042,,CU-IMP-2462,2025-11-04,ONCHAIN_SCAN,HIGH,,Circle
CU-ACT-2463,2025-11-04,BLACKLIST,0x97a582fff8b54e501f584dcd828fd1200f6f9e6b,ADDRESS,SANCTIONED_ENTITY,CU-ENT-0047,,ACTIVE,,,CU-INC-0003,,CU-TRG-0042,,CU-IMP-2463,2025-11-04,ONCHAIN_SCAN,HIGH,,Circle
CU-ACT-2464,2025-11-04,BLACKLIST,0xc95b0eaad3ed1c1505fc9b1a50c160afe3594036,ADDRESS,SANCTIONED_ENTITY,CU-ENT-0047,,ACTIVE,,,CU-INC-0003,,CU-TRG-0042,,CU-IMP-2464,2025-11-04,ONCHAIN_SCAN,HIGH,,Circle
CU-ACT-2465,2025-11-04,BLACKLIST,0xe61c235a51cf48a554c60005d936d424d0d76397,ADDRESS,SANCTIONED_ENTITY,CU-ENT-0047,,ACTIVE,,,CU-INC-0003,,CU-TRG-0042,,CU-IMP-2465,2025-11-04,ONCHAIN_SCAN,HIGH,,Circle
CU-ACT-2466,2025-11-04,BLACKLIST,0xa4e740b001ea51cd90988b19cfb9da7a52e91c47,ADDRESS,SANCTIONED_ENTITY,CU-ENT-0047,,ACTIVE,,,CU-INC-0003,,CU-TRG-0042,,CU-IMP-2466,2025-11-04,ONCHAIN_SCAN,HIGH,,Circle
CU-ACT-2467,2025-11-04,BLACKLIST,0xc5aa13f464851d92fd59f1ef6a1c719e5e6d2d4a,ADDRESS,SANCTIONED_ENTITY,CU-ENT-0047,,ACTIVE,,,CU-INC-0003,,CU-TRG-0042,,CU-IMP-2467,2025-11-04,ONCHAIN_SCAN,HIGH,,Circle
CU-ACT-2468,2025-11-04,BLACKLIST,0xd3301fc40c118a14ba8c15370e6dd3746656d287,ADDRESS,SANCTIONED_ENTITY,CU-ENT-0047,,ACTIVE,,,CU-INC-0003,,CU-TRG-0042,,CU-IMP-2468,2025-11-04,ONCHAIN_SCAN,HIGH,,Circle
CU-ACT-2469,2025-11-04,BLACKLIST,0xf3f338ec1c5e17ab45377e78308ace9a6338242c,ADDRESS,SANCTIONED_ENTITY,CU-ENT-0047,,ACTIVE,,,CU-INC-0003,,CU-TRG-0042,,CU-IMP-2469,2025-11-04,ONCHAIN_SCAN,HIGH,,Circle
CU-ACT-2470,2025-11-04,BLACKLIST,0xdb7ae6b7a2153fe0062be5d1d90a8be5ec8aaa50,ADDRESS,SANCTIONED_ENTITY,CU-ENT-0047,,ACTIVE,,,CU-INC-0003,,CU-TRG-0042,,CU-IMP-2470,2025-11-04,ONCHAIN_SCAN,HIGH,,Circle
CU-ACT-2471,2025-11-04,BLACKLIST,0xfc3def4dc3bac88f7e80d53c2499a02d65ae7e66,ADDRESS,SANCTIONED_ENTITY,CU-ENT-0047,,ACTIVE,,,CU-INC-0003,,CU-TRG-0042,,CU-IMP-2471,2025-11-04,ONCHAIN_SCAN,HIGH,,Circle
CU-ACT-2472,2025-11-04,BLACKLIST,0xe96e4483bc3f3abfea3213cd8a094ce5b26b117c,ADDRESS,SANCTIONED_ENTITY,CU-ENT-0047,,ACTIVE,,,CU-INC-0003,,CU-TRG-0042,,CU-IMP-2472,2025-11-04,ONCHAIN_SCAN,HIGH,,Circle
CU-ACT-2473,2025-11-04,BLACKLIST,0xed5324b5482a3eef2eb4263d1c386d86bfda5d4b,ADDRESS,SANCTIONED_ENTITY,CU-ENT-0047,,ACTIVE,,,CU-INC-0003,,CU-TRG-0042,,CU-IMP-2473,2025-11-04,ONCHAIN_SCAN,HIGH,,Circle
CU-ACT-2474,2025-11-04,BLACKLIST,0xf512078e07f61a2e28081c8ea86c6056788d18b4,ADDRESS,SANCTIONED_ENTITY,CU-ENT-0047,,ACTIVE,,,CU-INC-0003,,CU-TRG-0042,,CU-IMP-2474,2025-11-04,ONCHAIN_SCAN,HIGH,,Circle
CU-ACT-2475,2025-11-19,BLACKLIST,0x5d5b5dafecbf31bdb08bfd3edad4f2694372d0ef,ADDRESS,sanctioned_entity,CU-ENT-0035,,ACTIVE,,,,,CU-TRG-0035,,CU-IMP-2475,,ONCHAIN_SCAN,HIGH,,Circle
CU-ACT-2476,2025-11-19,BLACKLIST,0xc103b7dc095c904b92081eef0c1640081ec01c10,ADDRESS,sanctioned_entity,CU-ENT-0035,,ACTIVE,,,,,CU-TRG-0035,,CU-IMP-2476,,ONCHAIN_SCAN,HIGH,,Circle
CU-ACT-2477,2025-11-19,BLACKLIST,0xe1e4c5e5ed8f03ae61b581e2def126025f2b9401,ADDRESS,sanctioned_entity,CU-ENT-0035,,ACTIVE,,,,,CU-TRG-0035,,CU-IMP-2477,,ONCHAIN_SCAN,HIGH,,Circle
CU-ACT-2478,2025-11-19,BLACKLIST,0x11fe0fd1a9fb17746eb9877a396ddf1b3a632838,ADDRESS,SANCTIONED_ENTITY,CU-ENT-0053,,ACTIVE,,,,,CU-TRG-0047,,CU-IMP-2478,2025-11-19,ONCHAIN_SCAN,HIGH,,Circle
CU-ACT-2479,2025-11-19,BLACKLIST,0x2020b536fd363c82fc3f6ab26aeea94b4ffa1404,ADDRESS,SANCTIONED_ENTITY,CU-ENT-0053,,ACTIVE,,,,,CU-TRG-0047,,CU-IMP-2479,2025-11-19,ONCHAIN_SCAN,HIGH,,Circle
CU-ACT-2480,2025-11-19,BLACKLIST,0xd4e976441a1cad72ee5cbd2fd1b677fe7ce8afdf,ADDRESS,SANCTIONED_ENTITY,CU-ENT-0053,,ACTIVE,,,,,CU-TRG-0047,,CU-IMP-2480,2025-11-19,ONCHAIN_SCAN,HIGH,,Circle
CU-ACT-2481,2025-11-19,BLACKLIST,0x091a964948da0f8f638c8b688e391e5a3df1a43e,ADDRESS,SANCTIONED_ENTITY,CU-ENT-0053,,ACTIVE,,,,,CU-TRG-0047,,CU-IMP-2481,2025-11-19,ONCHAIN_SCAN,HIGH,,Circle
CU-ACT-2482,2025-11-19,BLACKLIST,0x9227c54226014afcb588dc49818e28a3a2367557,ADDRESS,SANCTIONED_ENTITY,CU-ENT-0053,,ACTIVE,,,,,CU-TRG-0047,,CU-IMP-2482,2025-11-19,ONCHAIN_SCAN,HIGH,,Circle
CU-ACT-2483,2025-11-26,BLACKLIST,0x66395ac274efad06bcfa78c882c9c4988833823b,ADDRESS,,,,ACTIVE,,,,,,,CU-IMP-2483,,ONCHAIN_SCAN,HIGH,,Circle
CU-ACT-2484,2026-01-30,BLACKLIST,0x0529ebc9ff01a4d390f91687d7c7406bf0dab24e,ADDRESS,SANCTIONED_ENTITY,CU-ENT-0052,,ACTIVE,,,,,CU-TRG-0046,,CU-IMP-2484,2026-01-30,ONCHAIN_SCAN,HIGH,,Circle
CU-ACT-2485,2026-01-30,BLACKLIST,0xbf92b14aa9fd088182178e2ebf208da946521ee5,ADDRESS,SANCTIONED_ENTITY,CU-ENT-0052,,ACTIVE,,,,,CU-TRG-0046,,CU-IMP-2485,2026-01-30,ONCHAIN_SCAN,HIGH,,Circle
CU-ACT-2486,2026-01-30,BLACKLIST,0x180242dc6b95c786c2d9c397532c679a956a1d12,ADDRESS,SANCTIONED_ENTITY,CU-ENT-0052,,ACTIVE,,,,,CU-TRG-0046,,CU-IMP-2486,2026-01-30,ONCHAIN_SCAN,HIGH,,Circle
CU-ACT-2487,2026-01-30,BLACKLIST,0x2136ed3902c1d7217d9b19cf313bbb035ed9bfd7,ADDRESS,SANCTIONED_ENTITY,CU-ENT-0052,,ACTIVE,,,,,CU-TRG-0046,,CU-IMP-2487,2026-01-30,ONCHAIN_SCAN,HIGH,,Circle
CU-ACT-2488,2026-01-30,BLACKLIST,0x4bae1c4b2167fe4ebcd6d7baac1138d943a2609f,ADDRESS,SANCTIONED_ENTITY,CU-ENT-0052,,ACTIVE,,,,,CU-TRG-0046,,CU-IMP-2488,2026-01-30,ONCHAIN_SCAN,HIGH,,Circle
CU-ACT-2489,2026-01-30,BLACKLIST,0x8dd586d12164a98e319607295935ee968919608e,ADDRESS,SANCTIONED_ENTITY,CU-ENT-0052,,ACTIVE,,,,,CU-TRG-0046,,CU-IMP-2489,2026-01-30,ONCHAIN_SCAN,HIGH,,Circle
CU-ACT-2490,2026-01-30,BLACKLIST,0x783a4cc2478f1b44f37052bac72abaa3fc6f992a,ADDRESS,SANCTIONED_ENTITY,CU-ENT-0052,,ACTIVE,,,,,CU-TRG-0046,,CU-IMP-2490,2026-01-30,ONCHAIN_SCAN,HIGH,,Circle
CU-ACT-2491,2026-03-12,BLACKLIST,0xb637f84b66876ebf609c2a4208905f9ddac9d075,ADDRESS,sanctioned_entity,CU-ENT-0036,,ACTIVE,,,,,CU-TRG-0036,,CU-IMP-2491,,ONCHAIN_SCAN,HIGH,,Circle
CU-ACT-2492,2026-03-12,BLACKLIST,0x95584c303fcd48af5c6b9873015f2ad0ca84eae3,ADDRESS,sanctioned_entity,CU-ENT-0036,,ACTIVE,,,,,CU-TRG-0036,,CU-IMP-2492,,ONCHAIN_SCAN,HIGH,,Circle
CU-ACT-2493,2026-03-12,BLACKLIST,0xcb74874f1e06fcf80a306e06e5379a44b488ba2d,ADDRESS,sanctioned_entity,CU-ENT-0037,,ACTIVE,,,,,CU-TRG-0037,,CU-IMP-2493,,ONCHAIN_SCAN,HIGH,,Circle
CU-ACT-2494,2026-03-12,BLACKLIST,0x4f47bc496083c727c5fbe3ce9cdf2b0f6496270c,ADDRESS,sanctioned_entity,CU-ENT-0016,,ACTIVE,,,,,CU-TRG-0016,,CU-IMP-2494,,ONCHAIN_SCAN,HIGH,,Circle
CU-ACT-2495,2026-03-12,BLACKLIST,0xd04e33461fea8302c5e1e13895b60cee8aefda7f,ADDRESS,sanctioned_entity,CU-ENT-0016,,ACTIVE,,,,,CU-TRG-0016,,CU-IMP-2495,,ONCHAIN_SCAN,HIGH,,Circle
CU-ACT-2496,2026-03-12,BLACKLIST,0x76ea76ca4eb727f18956ab93445a94c5280412b9,ADDRESS,sanctioned_entity,CU-ENT-0016,,ACTIVE,,,,,CU-TRG-0016,,CU-IMP-2496,,ONCHAIN_SCAN,HIGH,,Circle
CU-ACT-2497,2026-03-12,BLACKLIST,0x0330070fd38ec3bb94f58fa55d40368271e9e54a,ADDRESS,sanctioned_entity,CU-ENT-0037,,ACTIVE,,,,,CU-TRG-0037,,CU-IMP-2497,,ONCHAIN_SCAN,HIGH,,Circle
CU-ACT-2498,2026-03-12,BLACKLIST,0x9be599d7867f5e1a2d7ec6db9710df2b98a15573,ADDRESS,sanctioned_entity,CU-ENT-0037,,ACTIVE,,,,,CU-TRG-0037,,CU-IMP-2498,,ONCHAIN_SCAN,HIGH,,Circle
CU-ACT-2499,2026-03-12,BLACKLIST,0x747afb5c7a7fc34b547cd0fdebf9b91759c5a52b,ADDRESS,sanctioned_entity,CU-ENT-0016,,ACTIVE,,,,,CU-TRG-0016,,CU-IMP-2499,,ONCHAIN_SCAN,HIGH,,Circle
CU-ACT-2500,2026-03-12,BLACKLIST,0xfb3eff152ea55d1bfa04dbdd509a80fd7b72cdeb,ADDRESS,sanctioned_entity,CU-ENT-0016,,ACTIVE,,,,,CU-TRG-0016,,CU-IMP-2500,,ONCHAIN_SCAN,HIGH,,Circle
CU-ACT-2501,2026-03-12,BLACKLIST,0x2ec6c5fe3d7acd8e2e6185c17d9acb136e66f3e0,ADDRESS,SANCTIONED_ENTITY,CU-ENT-0046,,ACTIVE,,,CU-INC-0002,,CU-TRG-0041,,CU-IMP-2501,2026-03-12,ONCHAIN_SCAN,MEDIUM,,Circle
CU-ACT-2502,2026-03-12,BLACKLIST,0xfda1ec4a6178d4916b001a065422d31ebe5f62ff,ADDRESS,sanctioned_entity,CU-ENT-0016,,ACTIVE,,,,,CU-TRG-0016,,CU-IMP-2502,,ONCHAIN_SCAN,HIGH,,Circle
CU-ACT-2503,2026-03-12,BLACKLIST,0xee61f0eeee09eed3583baab61fa2e64b96207478,ADDRESS,SANCTIONED_ENTITY,CU-ENT-0046,,ACTIVE,,,CU-INC-0002,,CU-TRG-0041,,CU-IMP-2503,2026-03-12,ONCHAIN_SCAN,MEDIUM,,Circle
CU-ACT-2504,2026-03-12,BLACKLIST,0xfe88af78cfc99bea57f2fb708489cfc0f0b7f704,ADDRESS,SANCTIONED_ENTITY,CU-ENT-0046,,ACTIVE,,,CU-INC-0002,,CU-TRG-0041,,CU-IMP-2504,2026-03-12,ONCHAIN_SCAN,MEDIUM,,Circle
CU-ACT-2505,2026-03-12,BLACKLIST,0x47df0606a84a52763887d7aa280cc4f068326b16,ADDRESS,SANCTIONED_ENTITY,CU-ENT-0046,,ACTIVE,,,CU-INC-0002,,CU-TRG-0041,,CU-IMP-2505,2026-03-12,ONCHAIN_SCAN,MEDIUM,,Circle
CU-ACT-2506,2026-03-12,BLACKLIST,0x283fcf7f260da7c3c9aad91beab58882990a66eb,ADDRESS,SANCTIONED_ENTITY,CU-ENT-0046,,ACTIVE,,,CU-INC-0002,,CU-TRG-0041,,CU-IMP-2506,2026-03-12,ONCHAIN_SCAN,MEDIUM,,Circle
CU-ACT-2507,2026-03-12,BLACKLIST,0x8d55c4306745f05a31af596c6bfa19374073e797,ADDRESS,SANCTIONED_ENTITY,CU-ENT-0046,,ACTIVE,,,CU-INC-0002,,CU-TRG-0041,,CU-IMP-2507,2026-03-12,ONCHAIN_SCAN,MEDIUM,,Circle
CU-ACT-2508,2026-03-12,BLACKLIST,0x6315bdc714ebb7a08e5ec10f351b6ca61d052bee,ADDRESS,SANCTIONED_ENTITY,CU-ENT-0046,,ACTIVE,,,CU-INC-0002,,CU-TRG-0041,,CU-IMP-2508,2026-03-12,ONCHAIN_SCAN,MEDIUM,,Circle
CU-ACT-2509,2026-03-12,BLACKLIST,0x9145fc390e71e3b56da4bfe51460cbdbb1a8a3f9,ADDRESS,SANCTIONED_ENTITY,CU-ENT-0046,,ACTIVE,,,CU-INC-0002,,CU-TRG-0041,,CU-IMP-2509,2026-03-12,ONCHAIN_SCAN,MEDIUM,,Circle
CU-ACT-2510,2026-03-12,BLACKLIST,0x88ef69134150f35b1e91fa2d8bfbb44ba2c51e62,ADDRESS,SANCTIONED_ENTITY,CU-ENT-0046,,ACTIVE,,,CU-INC-0002,,CU-TRG-0041,,CU-IMP-2510,2026-03-12,ONCHAIN_SCAN,MEDIUM,,Circle
CU-ACT-2511,2026-03-12,BLACKLIST,0xf8bc582628cd0c721b554161a1cb59ea003742c0,ADDRESS,SANCTIONED_ENTITY,CU-ENT-0046,,ACTIVE,,,CU-INC-0002,,CU-TRG-0041,,CU-IMP-2511,2026-03-12,ONCHAIN_SCAN,MEDIUM,,Circle
CU-ACT-2512,2023-07-28,BLACKLIST,0x8f261486f21078f223cd7a09d293aa0f6802e27c,ADDRESS,,,,REVERSED,CU-ACT-2513,,,,,,CU-IMP-2512,,ONCHAIN_SCAN,HIGH,,Circle
CU-ACT-2513,2023-07-28,UNBLACKLIST,0x8f261486f21078f223cd7a09d293aa0f6802e27c,ADDRESS,,,,ACTIVE,,,,,,,CU-IMP-2513,,ONCHAIN_SCAN,HIGH,,Circle
CU-ACT-2514,2023-07-31,BLACKLIST,0xd882cfc20f52f2599d84b8e8d58c7fb62cfe344b,ADDRESS,sanctioned_entity,CU-ENT-0003,,ACTIVE,,,,,CU-TRG-0003,,CU-IMP-2514,,ONCHAIN_SCAN,HIGH,,Circle
CU-ACT-2515,2023-07-31,BLACKLIST,0x7f367cc41522ce07553e823bf3be79a889debe1b,ADDRESS,sanctioned_entity,CU-ENT-0001,,ACTIVE,,,,,CU-TRG-0001,,CU-IMP-2515,,ONCHAIN_SCAN,HIGH,,Circle
CU-ACT-2516,2023-07-31,BLACKLIST,0x1da5821544e25c636c1417ba96ade4cf6d2f9b5a,ADDRESS,sanctioned_entity,CU-ENT-0002,,ACTIVE,,,,,CU-TRG-0002,,CU-IMP-2516,,ONCHAIN_SCAN,HIGH,,Circle
CU-ACT-2517,2023-07-31,BLACKLIST,0x7db418b5d567a4e0e8c59ad71be1fce48f3e6107,ADDRESS,sanctioned_entity,CU-ENT-0002,,ACTIVE,,,,,CU-TRG-0002,,CU-IMP-2517,,ONCHAIN_SCAN,HIGH,,Circle
CU-ACT-2518,2023-07-31,BLACKLIST,0x72a5843cc08275c8171e582972aa4fda8c397b2a,ADDRESS,sanctioned_entity,CU-ENT-0002,,ACTIVE,,,,,CU-TRG-0002,,CU-IMP-2518,,ONCHAIN_SCAN,HIGH,,Circle
CU-ACT-2519,2023-07-31,BLACKLIST,0x7f19720a857f834887fc9a7bc0a0fbe7fc7f8102,ADDRESS,sanctioned_entity,CU-ENT-0002,,ACTIVE,,,,,CU-TRG-0002,,CU-IMP-2519,,ONCHAIN_SCAN,HIGH,,Circle
CU-ACT-2520,2023-07-31,BLACKLIST,0x9f4cda013e354b8fc285bf4b9a60460cee7f7ea9,ADDRESS,sanctioned_entity,CU-ENT-0004,,ACTIVE,,,,,CU-TRG-0004,,CU-IMP-2520,,ONCHAIN_SCAN,HIGH,,Circle
CU-ACT-2521,2023-07-31,BLACKLIST,0xa7e5d5a720f06526557c513402f2e6b5fa20b008,ADDRESS,sanctioned_entity,CU-ENT-0007,,ACTIVE,,,,,CU-TRG-0007,,CU-IMP-2521,,ONCHAIN_SCAN,HIGH,,Circle
CU-ACT-2522,2023-07-31,BLACKLIST,0x3cbded43efdaf0fc77b9c55f6fc9988fcc9b757d,ADDRESS,sanctioned_entity,CU-ENT-0004,,ACTIVE,,,,,CU-TRG-0004,,CU-IMP-2522,,ONCHAIN_SCAN,HIGH,,Circle
CU-ACT-2523,2023-07-31,BLACKLIST,0x67d40ee1a85bf4a4bb7ffae16de985e8427b6b45,ADDRESS,sanctioned_entity,CU-ENT-0006,,ACTIVE,,,,,CU-TRG-0006,,CU-IMP-2523,,ONCHAIN_SCAN,HIGH,,Circle
CU-ACT-2524,2023-07-31,BLACKLIST,0x6f1ca141a28907f78ebaa64fb83a9088b02a8352,ADDRESS,sanctioned_entity,CU-ENT-0006,,ACTIVE,,,,,CU-TRG-0006,,CU-IMP-2524,,ONCHAIN_SCAN,HIGH,,Circle
CU-ACT-2525,2023-07-31,BLACKLIST,0x6acdfba02d390b97ac2b2d42a63e85293bcc160e,ADDRESS,,,,REVERSED,CU-ACT-2671,,,,,,CU-IMP-2525,,ONCHAIN_SCAN,HIGH,,Circle
CU-ACT-2526,2023-07-31,BLACKLIST,0x48549a34ae37b12f6a30566245176994e17c6b4a,ADDRESS,sanctioned_entity,CU-ENT-0006,,ACTIVE,,,,,CU-TRG-0006,,CU-IMP-2526,,ONCHAIN_SCAN,HIGH,,Circle
CU-ACT-2527,2023-07-31,BLACKLIST,0x5512d943ed1f7c8a43f3435c85f7ab68b30121b0,ADDRESS,sanctioned_entity,CU-ENT-0006,,ACTIVE,,,,,CU-TRG-0006,,CU-IMP-2527,,ONCHAIN_SCAN,HIGH,,Circle
CU-ACT-2528,2023-07-31,BLACKLIST,0xc455f7fd3e0e12afd51fba5c106909934d8a0e4a,ADDRESS,sanctioned_entity,CU-ENT-0006,,ACTIVE,,,,,CU-TRG-0006,,CU-IMP-2528,,ONCHAIN_SCAN,HIGH,,Circle
CU-ACT-2529,2023-07-31,BLACKLIST,0x2f389ce8bd8ff92de3402ffce4691d17fc4f6535,ADDRESS,sanctioned_entity,CU-ENT-0005,,ACTIVE,,,,,CU-TRG-0005,,CU-IMP-2529,,ONCHAIN_SCAN,HIGH,,Circle
CU-ACT-2530,2023-07-31,BLACKLIST,0x19aa5fe80d33a56d56c78e82ea5e50e5d80b4dff,ADDRESS,sanctioned_entity,CU-ENT-0005,,ACTIVE,,,,,CU-TRG-0005,,CU-IMP-2530,,ONCHAIN_SCAN,HIGH,,Circle
CU-ACT-2531,2023-07-31,BLACKLIST,0xe7aa314c77f4233c18c6cc84384a9247c0cf367b,ADDRESS,sanctioned_entity,CU-ENT-0005,,ACTIVE,,,,,CU-TRG-0005,,CU-IMP-2531,,ONCHAIN_SCAN,HIGH,,Circle
CU-ACT-2532,2023-07-31,BLACKLIST,0x308ed4b7b49797e1a98d3818bff6fe5385410370,ADDRESS,sanctioned_entity,CU-ENT-0005,,ACTIVE,,,,,CU-TRG-0005,,CU-IMP-2532,,ONCHAIN_SCAN,HIGH,,Circle
CU-ACT-2533,2023-07-31,BLACKLIST,0xfec8a60023265364d066a1212fde3930f6ae8da7,ADDRESS,sanctioned_entity,CU-ENT-0008,,ACTIVE,,,,,CU-TRG-0008,,CU-IMP-2533,,ONCHAIN_SCAN,HIGH,,Circle
CU-ACT-2534,2023-07-31,BLACKLIST,0x8576acc5c05d6ce88f4e49bf65bdf0c62f91353c,ADDRESS,sanctioned_entity,CU-ENT-0009,,ACTIVE,,,,,CU-TRG-0009,,CU-IMP-2534,,ONCHAIN_SCAN,HIGH,,Circle
CU-ACT-2535,2023-07-31,BLACKLIST,0x901bb9583b24d97e995513c6778dc6888ab6870e,ADDRESS,sanctioned_entity,CU-ENT-0007,,ACTIVE,,,,,CU-TRG-0007,,CU-IMP-2535,,ONCHAIN_SCAN,HIGH,,Circle
CU-ACT-2536,2023-07-31,BLACKLIST,0x7ff9cfad3877f21d41da833e2f775db0569ee3d9,ADDRESS,sanctioned_entity,CU-ENT-0010,,ACTIVE,,,,,CU-TRG-0010,,CU-IMP-2536,,ONCHAIN_SCAN,HIGH,,Circle
CU-ACT-2537,2023-07-31,BLACKLIST,0x098b716b8aaf21512996dc57eb0615e2383e2f96,ADDRESS,sanctioned_entity,CU-ENT-0011,,ACTIVE,,,,,CU-TRG-0011,,CU-IMP-2537,,ONCHAIN_SCAN,HIGH,,Circle
CU-ACT-2538,2023-07-31,BLACKLIST,0xa0e1c89ef1a489c9c7de96311ed5ce5d32c20e4b,ADDRESS,sanctioned_entity,CU-ENT-0011,,ACTIVE,,,,,CU-TRG-0011,,CU-IMP-2538,,ONCHAIN_SCAN,HIGH,,Circle
CU-ACT-2539,2023-07-31,BLACKLIST,0x3cffd56b47b7b41c56258d9c7731abadc360e073,ADDRESS,sanctioned_entity,CU-ENT-0011,,ACTIVE,,,,,CU-TRG-0011,,CU-IMP-2539,,ONCHAIN_SCAN,HIGH,,Circle
CU-ACT-2540,2023-07-31,BLACKLIST,0x53b6936513e738f44fb50d2b9476730c0ab3bfc1,ADDRESS,sanctioned_entity,CU-ENT-0011,,ACTIVE,,,,,CU-TRG-0011,,CU-IMP-2540,,ONCHAIN_SCAN,HIGH,,Circle
CU-ACT-2541,2023-07-31,BLACKLIST,0xcce63fd31e9053c110c74cebc37c8e358a6aa5bd,ADDRESS,,,,ACTIVE,,,,,,,CU-IMP-2541,,ONCHAIN_SCAN,HIGH,,Circle
CU-ACT-2542,2023-07-31,BLACKLIST,0x35fb6f6db4fb05e6a4ce86f2c93691425626d4b1,ADDRESS,sanctioned_entity,CU-ENT-0011,,ACTIVE,,,,,CU-TRG-0011,,CU-IMP-2542,,ONCHAIN_SCAN,HIGH,,Circle
CU-ACT-2543,2023-07-31,BLACKLIST,0xf7b31119c2682c88d88d455dbb9d5932c65cf1be,ADDRESS,sanctioned_entity,CU-ENT-0011,,ACTIVE,,,,,CU-TRG-0011,,CU-IMP-2543,,ONCHAIN_SCAN,HIGH,,Circle
CU-ACT-2544,2023-07-31,BLACKLIST,0x3e37627deaa754090fbfbb8bd226c1ce66d255e9,ADDRESS,sanctioned_entity,CU-ENT-0011,,ACTIVE,,,,,CU-TRG-0011,,CU-IMP-2544,,ONCHAIN_SCAN,HIGH,,Circle
CU-ACT-2545,2023-07-31,BLACKLIST,0x08723392ed15743cc38513c4925f5e6be5c17243,ADDRESS,sanctioned_entity,CU-ENT-0011,,ACTIVE,,,,,CU-TRG-0011,,CU-IMP-2545,,ONCHAIN_SCAN,HIGH,,Circle
CU-ACT-2546,2023-07-31,BLACKLIST,0x8589427373d6d84e98730d7795d8f6f8731fda16,ADDRESS,tornado_cash_associated,,,REVERSED,CU-ACT-2700,,CU-INC-0001,,CU-TRG-0039,,CU-IMP-2546,,ONCHAIN_SCAN,HIGH,,Circle
CU-ACT-2547,2023-07-31,BLACKLIST,0x722122df12d4e14e13ac3b6895a86e84145b6967,ADDRESS,tornado_cash_associated,,,REVERSED,CU-ACT-2701,,CU-INC-0001,,CU-TRG-0039,,CU-IMP-2547,,ONCHAIN_SCAN,HIGH,,Circle
CU-ACT-2548,2023-07-31,BLACKLIST,0xdd4c48c0b24039969fc16d1cdf626eab821d3384,ADDRESS,tornado_cash_associated,,,REVERSED,CU-ACT-2702,,CU-INC-0001,,CU-TRG-0039,,CU-IMP-2548,,ONCHAIN_SCAN,HIGH,,Circle
CU-ACT-2549,2023-07-31,BLACKLIST,0xd90e2f925da726b50c4ed8d0fb90ad053324f31b,ADDRESS,tornado_cash_associated,,,REVERSED,CU-ACT-2703,,CU-INC-0001,,CU-TRG-0039,,CU-IMP-2549,,ONCHAIN_SCAN,HIGH,,Circle
CU-ACT-2550,2023-07-31,BLACKLIST,0xd96f2b1c14db8458374d9aca76e26c3d18364307,ADDRESS,tornado_cash_associated,,,REVERSED,CU-ACT-2704,,CU-INC-0001,,CU-TRG-0039,,CU-IMP-2550,,ONCHAIN_SCAN,HIGH,,Circle
CU-ACT-2551,2023-07-31,BLACKLIST,0x4736dcf1b7a3d580672cce6e7c65cd5cc9cfba9d,ADDRESS,tornado_cash_associated,,,REVERSED,CU-ACT-2705,,CU-INC-0001,,CU-TRG-0039,,CU-IMP-2551,,ONCHAIN_SCAN,HIGH,,Circle
CU-ACT-2552,2023-07-31,BLACKLIST,0xd4b88df4d29f5cedd6857912842cff3b20c8cfa3,ADDRESS,tornado_cash_associated,,,REVERSED,CU-ACT-2706,,CU-INC-0001,,CU-TRG-0039,,CU-IMP-2552,,ONCHAIN_SCAN,HIGH,,Circle
CU-ACT-2553,2023-07-31,BLACKLIST,0x910cbd523d972eb0a6f4cae4618ad62622b39dbf,ADDRESS,tornado_cash_associated,,,REVERSED,CU-ACT-2707,,CU-INC-0001,,CU-TRG-0039,,CU-IMP-2553,,ONCHAIN_SCAN,HIGH,,Circle
CU-ACT-2554,2023-07-31,BLACKLIST,0xa160cdab225685da1d56aa342ad8841c3b53f291,ADDRESS,tornado_cash_associated,,,REVERSED,CU-ACT-2708,,CU-INC-0001,,CU-TRG-0039,,CU-IMP-2554,,ONCHAIN_SCAN,HIGH,,Circle
CU-ACT-2555,2023-07-31,BLACKLIST,0xfd8610d20aa15b7b2e3be39b396a1bc3516c7144,ADDRESS,tornado_cash_associated,,,REVERSED,CU-ACT-2709,,CU-INC-0001,,CU-TRG-0039,,CU-IMP-2555,,ONCHAIN_SCAN,HIGH,,Circle
CU-ACT-2556,2023-07-31,BLACKLIST,0xf60dd140cff0706bae9cd734ac3ae76ad9ebc32a,ADDRESS,tornado_cash_associated,,,REVERSED,CU-ACT-2710,,CU-INC-0001,,CU-TRG-0039,,CU-IMP-2556,,ONCHAIN_SCAN,HIGH,,Circle
CU-ACT-2557,2023-07-31,BLACKLIST,0x22aaa7720ddd5388a3c0a3333430953c68f1849b,ADDRESS,tornado_cash_associated,,,REVERSED,CU-ACT-2711,,CU-INC-0001,,CU-TRG-0039,,CU-IMP-2557,,ONCHAIN_SCAN,HIGH,,Circle
CU-ACT-2558,2023-07-31,BLACKLIST,0xba214c1c1928a32bffe790263e38b4af9bfcd659,ADDRESS,tornado_cash_associated,,,REVERSED,CU-ACT-2712,,CU-INC-0001,,CU-TRG-0039,,CU-IMP-2558,,ONCHAIN_SCAN,HIGH,,Circle
CU-ACT-2559,2023-07-31,BLACKLIST,0xb1c8094b234dce6e03f10a5b673c1d8c69739a00,ADDRESS,tornado_cash_associated,,,REVERSED,CU-ACT-2713,,CU-INC-0001,,CU-TRG-0039,,CU-IMP-2559,,ONCHAIN_SCAN,HIGH,,Circle
CU-ACT-2560,2023-07-31,BLACKLIST,0x527653ea119f3e6a1f5bd18fbf4714081d7b31ce,ADDRESS,tornado_cash_associated,,,REVERSED,CU-ACT-2714,,CU-INC-0001,,CU-TRG-0039,,CU-IMP-2560,,ONCHAIN_SCAN,HIGH,,Circle
CU-ACT-2561,2023-07-31,BLACKLIST,0x58e8dcc13be9780fc42e8723d8ead4cf46943df2,ADDRESS,tornado_cash_associated,,,REVERSED,CU-ACT-2715,,CU-INC-0001,,CU-TRG-0039,,CU-IMP-2561,,ONCHAIN_SCAN,HIGH,,Circle
CU-ACT-2562,2023-07-31,BLACKLIST,0xd691f27f38b395864ea86cfc7253969b409c362d,ADDRESS,tornado_cash_associated,,,REVERSED,CU-ACT-2716,,CU-INC-0001,,CU-TRG-0039,,CU-IMP-2562,,ONCHAIN_SCAN,HIGH,,Circle
CU-ACT-2563,2023-07-31,BLACKLIST,0xaeaac358560e11f52454d997aaff2c5731b6f8a6,ADDRESS,tornado_cash_associated,,,REVERSED,CU-ACT-2717,,CU-INC-0001,,CU-TRG-0039,,CU-IMP-2563,,ONCHAIN_SCAN,HIGH,,Circle
CU-ACT-2564,2023-07-31,BLACKLIST,0x1356c899d8c9467c7f71c195612f8a395abf2f0a,ADDRESS,tornado_cash_associated,,,REVERSED,CU-ACT-2718,,CU-INC-0001,,CU-TRG-0039,,CU-IMP-2564,,ONCHAIN_SCAN,HIGH,,Circle
CU-ACT-2565,2023-07-31,BLACKLIST,0xa60c772958a3ed56c1f15dd055ba37ac8e523a0d,ADDRESS,tornado_cash_associated,,,REVERSED,CU-ACT-2719,,CU-INC-0001,,CU-TRG-0039,,CU-IMP-2565,,ONCHAIN_SCAN,HIGH,,Circle
CU-ACT-2566,2023-07-31,BLACKLIST,0x169ad27a470d064dede56a2d3ff727986b15d52b,ADDRESS,tornado_cash_associated,,,REVERSED,CU-ACT-2720,,CU-INC-0001,,CU-TRG-0039,,CU-IMP-2566,,ONCHAIN_SCAN,HIGH,,Circle
CU-ACT-2567,2023-07-31,BLACKLIST,0x0836222f2b2b24a3f36f98668ed8f0b38d1a872f,ADDRESS,tornado_cash_associated,,,REVERSED,CU-ACT-2721,,CU-INC-0001,,CU-TRG-0039,,CU-IMP-2567,,ONCHAIN_SCAN,HIGH,,Circle
CU-ACT-2568,2023-07-31,BLACKLIST,0xf67721a2d8f736e75a49fdd7fad2e31d8676542a,ADDRESS,tornado_cash_associated,,,REVERSED,CU-ACT-2722,,CU-INC-0001,,CU-TRG-0039,,CU-IMP-2568,,ONCHAIN_SCAN,HIGH,,Circle
CU-ACT-2569,2023-07-31,BLACKLIST,0x9ad122c22b14202b4490edaf288fdb3c7cb3ff5e,ADDRESS,tornado_cash_associated,,,REVERSED,CU-ACT-2723,,CU-INC-0001,,CU-TRG-0039,,CU-IMP-2569,,ONCHAIN_SCAN,HIGH,,Circle
CU-ACT-2570,2023-07-31,BLACKLIST,0x07687e702b410fa43f4cb4af7fa097918ffd2730,ADDRESS,tornado_cash_associated,,,REVERSED,CU-ACT-2724,,CU-INC-0001,,CU-TRG-0039,,CU-IMP-2570,,ONCHAIN_SCAN,HIGH,,Circle
CU-ACT-2571,2023-07-31,BLACKLIST,0x94a1b5cdb22c43faab4abeb5c74999895464ddaf,ADDRESS,tornado_cash_associated,,,REVERSED,CU-ACT-2725,,CU-INC-0001,,CU-TRG-0039,,CU-IMP-2571,,ONCHAIN_SCAN,HIGH,,Circle
CU-ACT-2572,2023-07-31,BLACKLIST,0xb541fc07bc7619fd4062a54d96268525cbc6ffef,ADDRESS,tornado_cash_associated,,,REVERSED,CU-ACT-2726,,CU-INC-0001,,CU-TRG-0039,,CU-IMP-2572,,ONCHAIN_SCAN,HIGH,,Circle
CU-ACT-2573,2023-07-31,BLACKLIST,0x12d66f87a04a9e220743712ce6d9bb1b5616b8fc,ADDRESS,tornado_cash_associated,,,REVERSED,CU-ACT-2727,,CU-INC-0001,,CU-TRG-0039,,CU-IMP-2573,,ONCHAIN_SCAN,HIGH,,Circle
CU-ACT-2574,2023-07-31,BLACKLIST,0x47ce0c6ed5b0ce3d3a51fdb1c52dc66a7c3c2936,ADDRESS,tornado_cash_associated,,,REVERSED,CU-ACT-2728,,CU-INC-0001,,CU-TRG-0039,,CU-IMP-2574,,ONCHAIN_SCAN,HIGH,,Circle
CU-ACT-2575,2023-07-31,BLACKLIST,0x23773e65ed146a459791799d01336db287f25334,ADDRESS,tornado_cash_associated,,,REVERSED,CU-ACT-2729,,CU-INC-0001,,CU-TRG-0039,,CU-IMP-2575,,ONCHAIN_SCAN,HIGH,,Circle
CU-ACT-2576,2023-07-31,BLACKLIST,0xd21be7248e0197ee08e0c20d4a96debdac3d20af,ADDRESS,tornado_cash_associated,,,REVERSED,CU-ACT-2730,,CU-INC-0001,,CU-TRG-0039,,CU-IMP-2576,,ONCHAIN_SCAN,HIGH,,Circle
CU-ACT-2577,2023-07-31,BLACKLIST,0x610b717796ad172b316836ac95a2ffad065ceab4,ADDRESS,tornado_cash_associated,,,REVERSED,CU-ACT-2731,,CU-INC-0001,,CU-TRG-0039,,CU-IMP-2577,,ONCHAIN_SCAN,HIGH,,Circle
CU-ACT-2578,2023-07-31,BLACKLIST,0x178169b423a011fff22b9e3f3abea13414ddd0f1,ADDRESS,tornado_cash_associated,,,REVERSED,CU-ACT-2732,,CU-INC-0001,,CU-TRG-0039,,CU-IMP-2578,,ONCHAIN_SCAN,HIGH,,Circle
CU-ACT-2579,2023-07-31,BLACKLIST,0xbb93e510bbcd0b7beb5a853875f9ec60275cf498,ADDRESS,tornado_cash_associated,,,REVERSED,CU-ACT-2733,,CU-INC-0001,,CU-TRG-0039,,CU-IMP-2579,,ONCHAIN_SCAN,HIGH,,Circle
CU-ACT-2580,2023-07-31,BLACKLIST,0x2717c5e28cf931547b621a5dddb772ab6a35b701,ADDRESS,tornado_cash_associated,,,REVERSED,CU-ACT-2734,,CU-INC-0001,,CU-TRG-0039,,CU-IMP-2580,,ONCHAIN_SCAN,HIGH,,Circle
CU-ACT-2581,2023-07-31,BLACKLIST,0x03893a7c7463ae47d46bc7f091665f1893656003,ADDRESS,tornado_cash_associated,,,REVERSED,CU-ACT-2735,,CU-INC-0001,,CU-TRG-0039,,CU-IMP-2581,,ONCHAIN_SCAN,HIGH,,Circle
CU-ACT-2582,2023-07-31,BLACKLIST,0xca0840578f57fe71599d29375e16783424023357,ADDRESS,tornado_cash_associated,,,REVERSED,CU-ACT-2736,,CU-INC-0001,,CU-TRG-0039,,CU-IMP-2582,,ONCHAIN_SCAN,HIGH,,Circle
CU-ACT-2583,2023-07-31,BLACKLIST,0xc2a3829f459b3edd87791c74cd45402ba0a20be3,ADDRESS,sanctioned_entity,CU-ENT-0012,,ACTIVE,,,,,CU-TRG-0012,,CU-IMP-2583,,ONCHAIN_SCAN,HIGH,,Circle
CU-ACT-2584,2023-07-31,BLACKLIST,0x3ad9db589d201a710ed237c829c7860ba86510fc,ADDRESS,sanctioned_entity,CU-ENT-0012,,ACTIVE,,,,,CU-TRG-0012,,CU-IMP-2584,,ONCHAIN_SCAN,HIGH,,Circle
CU-ACT-2585,2023-07-31,BLACKLIST,0xe7800b61479695ec74e4b219f409f67bd1055a27,ADDRESS,SANCTIONED_ENTITY,CU-ENT-0012,,ACTIVE,,,,,CU-TRG-0012,,CU-IMP-2585,2022-09-15,ONCHAIN_SCAN,HIGH,,Circle
CU-ACT-2586,2023-07-31,BLACKLIST,0x01e2919679362dfbc9ee1644ba9c6da6d6245bb1,ADDRESS,SANCTIONED_ENTITY,CU-ENT-0049,,REVERSED,CU-ACT-2737,,,,CU-TRG-0043,,CU-IMP-2586,2022-11-09,ONCHAIN_SCAN,HIGH,,Circle
CU-ACT-2587,2023-07-31,BLACKLIST,0x09193888b3f38c82dedfda55259a82c0e7de875e,ADDRESS,SANCTIONED_ENTITY,CU-ENT-0049,,REVERSED,CU-ACT-2738,,,,CU-TRG-0043,,CU-IMP-2587,2022-11-09,ONCHAIN_SCAN,HIGH,,Circle
CU-ACT-2588,2023-07-31,BLACKLIST,0x179f48c78f57a3a78f0608cc9197b8972921d1d2,ADDRESS,SANCTIONED_ENTITY,CU-ENT-0049,,REVERSED,CU-ACT-2739,,,,CU-TRG-0043,,CU-IMP-2588,2022-11-09,ONCHAIN_SCAN,HIGH,,Circle
CU-ACT-2589,2023-07-31,BLACKLIST,0x2573bac39ebe2901b4389cd468f2872cf7767faf,ADDRESS,SANCTIONED_ENTITY,CU-ENT-0049,,REVERSED,CU-ACT-2740,,,,CU-TRG-0043,,CU-IMP-2589,2022-11-09,ONCHAIN_SCAN,HIGH,,Circle
CU-ACT-2590,2023-07-31,BLACKLIST,0x26903a5a198d571422b2b4ea08b56a37cbd68c89,ADDRESS,SANCTIONED_ENTITY,CU-ENT-0049,,REVERSED,CU-ACT-2741,,,,CU-TRG-0043,,CU-IMP-2590,2022-11-09,ONCHAIN_SCAN,HIGH,,Circle
CU-ACT-2591,2023-07-31,BLACKLIST,0x2f50508a8a3d323b91336fa3ea6ae50e55f32185,ADDRESS,SANCTIONED_ENTITY,CU-ENT-0049,,REVERSED,CU-ACT-2742,,,,CU-TRG-0043,,CU-IMP-2591,2022-11-09,ONCHAIN_SCAN,HIGH,,Circle
CU-ACT-2592,2023-07-31,BLACKLIST,0x2fc93484614a34f26f7970cbb94615ba109bb4bf,ADDRESS,SANCTIONED_ENTITY,CU-ENT-0049,,REVERSED,CU-ACT-2743,,,,CU-TRG-0043,,CU-IMP-2592,2022-11-09,ONCHAIN_SCAN,HIGH,,Circle
CU-ACT-2593,2023-07-31,BLACKLIST,0x3efa30704d2b8bbac821307230376556cf8cc39e,ADDRESS,SANCTIONED_ENTITY,CU-ENT-0049,,REVERSED,CU-ACT-2744,,,,CU-TRG-0043,,CU-IMP-2593,2022-11-09,ONCHAIN_SCAN,HIGH,,Circle
CU-ACT-2594,2023-07-31,BLACKLIST,0x5cab7692d4e94096462119ab7bf57319726eed2a,ADDRESS,SANCTIONED_ENTITY,CU-ENT-0049,,REVERSED,CU-ACT-2745,,,,CU-TRG-0043,,CU-IMP-2594,2022-11-09,ONCHAIN_SCAN,HIGH,,Circle
CU-ACT-2595,2023-07-31,BLACKLIST,0x5efda50f22d34f262c29268506c5fa42cb56a1ce,ADDRESS,SANCTIONED_ENTITY,CU-ENT-0049,,REVERSED,CU-ACT-2746,,,,CU-TRG-0043,,CU-IMP-2595,2022-11-09,ONCHAIN_SCAN,HIGH,,Circle
CU-ACT-2596,2023-07-31,BLACKLIST,0x5f6c97c6ad7bdd0ae7e0dd4ca33a4ed3fdabd4d7,ADDRESS,SANCTIONED_ENTITY,CU-ENT-0049,,REVERSED,CU-ACT-2747,,,,CU-TRG-0043,,CU-IMP-2596,2022-11-09,ONCHAIN_SCAN,HIGH,,Circle
CU-ACT-2597,2023-07-31,BLACKLIST,0x653477c392c16b0765603074f157314cc4f40c32,ADDRESS,SANCTIONED_ENTITY,CU-ENT-0049,,REVERSED,CU-ACT-2748,,,,CU-TRG-0043,,CU-IMP-2597,2022-11-09,ONCHAIN_SCAN,HIGH,,Circle
CU-ACT-2598,2023-07-31,BLACKLIST,0x746aebc06d2ae31b71ac51429a19d54e797878e9,ADDRESS,SANCTIONED_ENTITY,CU-ENT-0049,,REVERSED,CU-ACT-2749,,,,CU-TRG-0043,,CU-IMP-2598,2022-11-09,ONCHAIN_SCAN,HIGH,,Circle
CU-ACT-2599,2023-07-31,BLACKLIST,0x756c4628e57f7e7f8a459ec2752968360cf4d1aa,ADDRESS,SANCTIONED_ENTITY,CU-ENT-0049,,REVERSED,CU-ACT-2750,,,,CU-TRG-0043,,CU-IMP-2599,2022-11-09,ONCHAIN_SCAN,HIGH,,Circle
CU-ACT-2600,2023-07-31,BLACKLIST,0x77777feddddffc19ff86db637967013e6c6a116c,ADDRESS,SANCTIONED_ENTITY,CU-ENT-0049,,REVERSED,CU-ACT-2751,,,,CU-TRG-0043,,CU-IMP-2600,2022-11-09,ONCHAIN_SCAN,HIGH,,Circle
CU-ACT-2601,2023-07-31,BLACKLIST,0x88fd245fedec4a936e700f9173454d1931b4c307,ADDRESS,SANCTIONED_ENTITY,CU-ENT-0049,,REVERSED,CU-ACT-2752,,,,CU-TRG-0043,,CU-IMP-2601,2022-11-09,ONCHAIN_SCAN,HIGH,,Circle
CU-ACT-2602,2023-07-31,BLACKLIST,0x94c92f096437ab9958fc0a37f09348f30389ae79,ADDRESS,SANCTIONED_ENTITY,CU-ENT-0049,,REVERSED,CU-ACT-2753,,,,CU-TRG-0043,,CU-IMP-2602,2022-11-09,ONCHAIN_SCAN,HIGH,,Circle
CU-ACT-2603,2023-07-31,BLACKLIST,0xb04e030140b30c27bcdfaafffa98c57d80eda7b4,ADDRESS,SANCTIONED_ENTITY,CU-ENT-0049,,REVERSED,CU-ACT-2754,,,,CU-TRG-0043,,CU-IMP-2603,2022-11-09,ONCHAIN_SCAN,HIGH,,Circle
CU-ACT-2604,2023-07-31,BLACKLIST,0xb20c66c4de72433f3ce747b58b86830c459ca911,ADDRESS,SANCTIONED_ENTITY,CU-ENT-0049,,REVERSED,CU-ACT-2755,,,,CU-TRG-0043,,CU-IMP-2604,2022-11-09,ONCHAIN_SCAN,HIGH,,Circle
CU-ACT-2605,2023-07-31,BLACKLIST,0xcee71753c9820f063b38fdbe4cfdaf1d3d928a80,ADDRESS,SANCTIONED_ENTITY,CU-ENT-0049,,REVERSED,CU-ACT-2756,,,,CU-TRG-0043,,CU-IMP-2605,2022-11-09,ONCHAIN_SCAN,HIGH,,Circle
CU-ACT-2606,2023-07-31,BLACKLIST,0xd82ed8786d7c69dc7e052f7a542ab047971e73d2,ADDRESS,SANCTIONED_ENTITY,CU-ENT-0049,,REVERSED,CU-ACT-2757,,,,CU-TRG-0043,,CU-IMP-2606,2022-11-09,ONCHAIN_SCAN,HIGH,,Circle
CU-ACT-2607,2023-07-31,BLACKLIST,0xf4b067dd14e95bab89be928c07cb22e3c94e0daa,ADDRESS,SANCTIONED_ENTITY,CU-ENT-0049,,REVERSED,CU-ACT-2758,,,,CU-TRG-0043,,CU-IMP-2607,2022-11-09,ONCHAIN_SCAN,HIGH,,Circle
CU-ACT-2608,2023-07-31,BLACKLIST,0xffbac21a641dcfe4552920138d90f3638b3c9fba,ADDRESS,SANCTIONED_ENTITY,CU-ENT-0049,,REVERSED,CU-ACT-2759,,,,CU-TRG-0043,,CU-IMP-2608,2022-11-09,ONCHAIN_SCAN,HIGH,,Circle
CU-ACT-2609,2023-07-31,BLACKLIST,0xd692fd2d0b2fbd2e52cfa5b5b9424bc981c30696,ADDRESS,SANCTIONED_ENTITY,CU-ENT-0049,,REVERSED,CU-ACT-2760,,,,CU-TRG-0043,,CU-IMP-2609,2022-11-09,ONCHAIN_SCAN,HIGH,,Circle
CU-ACT-2610,2023-07-31,BLACKLIST,0xd8d7de3349ccaa0fde6298fe6d7b7d0d34586193,ADDRESS,SANCTIONED_ENTITY,CU-ENT-0049,,REVERSED,CU-ACT-2761,,,,CU-TRG-0043,,CU-IMP-2610,2022-11-09,ONCHAIN_SCAN,HIGH,,Circle
CU-ACT-2611,2023-07-31,BLACKLIST,0xdf3a408c53e5078af6e8fb2a85088d46ee09a61b,ADDRESS,SANCTIONED_ENTITY,CU-ENT-0049,,REVERSED,CU-ACT-2762,,,,CU-TRG-0043,,CU-IMP-2611,2022-11-09,ONCHAIN_SCAN,HIGH,,Circle
CU-ACT-2612,2023-07-31,BLACKLIST,0x1e34a77868e19a6647b1f2f47b51ed72dede95dd,ADDRESS,SANCTIONED_ENTITY,CU-ENT-0049,,REVERSED,CU-ACT-2763,,,,CU-TRG-0043,,CU-IMP-2612,2022-11-09,ONCHAIN_SCAN,HIGH,,Circle
CU-ACT-2613,2023-07-31,BLACKLIST,0x23173fe8b96a4ad8d2e17fb83ea5dcccdca1ae52,ADDRESS,SANCTIONED_ENTITY,CU-ENT-0049,,REVERSED,CU-ACT-2764,,,,CU-TRG-0043,,CU-IMP-2613,2022-11-09,ONCHAIN_SCAN,HIGH,,Circle
CU-ACT-2614,2023-07-31,BLACKLIST,0x242654336ca2205714071898f67e254eb49acdce,ADDRESS,SANCTIONED_ENTITY,CU-ENT-0049,,REVERSED,CU-ACT-2765,,,,CU-TRG-0043,,CU-IMP-2614,2022-11-09,ONCHAIN_SCAN,HIGH,,Circle
CU-ACT-2615,2023-07-31,BLACKLIST,0x330bdfade01ee9bf63c209ee33102dd334618e0a,ADDRESS,SANCTIONED_ENTITY,CU-ENT-0049,,REVERSED,CU-ACT-2766,,,,CU-TRG-0043,,CU-IMP-2615,2022-11-09,ONCHAIN_SCAN,HIGH,,Circle
CU-ACT-2616,2023-07-31,BLACKLIST,0x3aac1cc67c2ec5db4ea850957b967ba153ad6279,ADDRESS,SANCTIONED_ENTITY,CU-ENT-0049,,REVERSED,CU-ACT-2767,,,,CU-TRG-0043,,CU-IMP-2616,2022-11-09,ONCHAIN_SCAN,HIGH,,Circle
CU-ACT-2617,2023-07-31,BLACKLIST,0x407cceeaa7c95d2fe2250bf9f2c105aa7aafb512,ADDRESS,SANCTIONED_ENTITY,CU-ENT-0049,,REVERSED,CU-ACT-2768,,,,CU-TRG-0043,,CU-IMP-2617,2022-11-09,ONCHAIN_SCAN,HIGH,,Circle
CU-ACT-2618,2023-07-31,BLACKLIST,0x538ab61e8a9fc1b2f93b3dd9011d662d89be6fe6,ADDRESS,SANCTIONED_ENTITY,CU-ENT-0049,,REVERSED,CU-ACT-2769,,,,CU-TRG-0043,,CU-IMP-2618,2022-11-09,ONCHAIN_SCAN,HIGH,,Circle
CU-ACT-2619,2023-07-31,BLACKLIST,0x57b2b8c82f065de8ef5573f9730fc1449b403c9f,ADDRESS,SANCTIONED_ENTITY,CU-ENT-0049,,REVERSED,CU-ACT-2770,,,,CU-TRG-0043,,CU-IMP-2619,2022-11-09,ONCHAIN_SCAN,HIGH,,Circle
CU-ACT-2620,2023-07-31,BLACKLIST,0x6bf694a291df3fec1f7e69701e3ab6c592435ae7,ADDRESS,SANCTIONED_ENTITY,CU-ENT-0049,,REVERSED,CU-ACT-2771,,,,CU-TRG-0043,,CU-IMP-2620,2022-11-09,ONCHAIN_SCAN,HIGH,,Circle
CU-ACT-2621,2023-07-31,BLACKLIST,0x723b78e67497e85279cb204544566f4dc5d2aca0,ADDRESS,SANCTIONED_ENTITY,CU-ENT-0049,,REVERSED,CU-ACT-2772,,,,CU-TRG-0043,,CU-IMP-2621,2022-11-09,ONCHAIN_SCAN,HIGH,,Circle
CU-ACT-2622,2023-07-31,BLACKLIST,0x743494b60097a2230018079c02fe21a7b687eaa5,ADDRESS,SANCTIONED_ENTITY,CU-ENT-0049,,REVERSED,CU-ACT-2773,,,,CU-TRG-0043,,CU-IMP-2622,2022-11-09,ONCHAIN_SCAN,HIGH,,Circle
CU-ACT-2623,2023-07-31,BLACKLIST,0x76d85b4c0fc497eecc38902397ac608000a06607,ADDRESS,SANCTIONED_ENTITY,CU-ENT-0049,,REVERSED,CU-ACT-2774,,,,CU-TRG-0043,,CU-IMP-2623,2022-11-09,ONCHAIN_SCAN,HIGH,,Circle
CU-ACT-2624,2023-07-31,BLACKLIST,0x776198ccf446dfa168347089d7338879273172cf,ADDRESS,SANCTIONED_ENTITY,CU-ENT-0049,,REVERSED,CU-ACT-2775,,,,CU-TRG-0043,,CU-IMP-2624,2022-11-09,ONCHAIN_SCAN,HIGH,,Circle
CU-ACT-2625,2023-07-31,BLACKLIST,0x8281aa6795ade17c8973e1aedca380258bc124f9,ADDRESS,SANCTIONED_ENTITY,CU-ENT-0049,,REVERSED,CU-ACT-2776,,,,CU-TRG-0043,,CU-IMP-2625,2022-11-09,ONCHAIN_SCAN,HIGH,,Circle
CU-ACT-2626,2023-07-31,BLACKLIST,0x833481186f16cece3f1eeea1a694c42034c3a0db,ADDRESS,SANCTIONED_ENTITY,CU-ENT-0049,,REVERSED,CU-ACT-2777,,,,CU-TRG-0043,,CU-IMP-2626,2022-11-09,ONCHAIN_SCAN,HIGH,,Circle
CU-ACT-2627,2023-07-31,BLACKLIST,0x84443cfd09a48af6ef360c6976c5392ac5023a1f,ADDRESS,SANCTIONED_ENTITY,CU-ENT-0049,,REVERSED,CU-ACT-2778,,,,CU-TRG-0043,,CU-IMP-2627,2022-11-09,ONCHAIN_SCAN,HIGH,,Circle
CU-ACT-2628,2023-07-31,BLACKLIST,0x94be88213a387e992dd87de56950a9aef34b9448,ADDRESS,SANCTIONED_ENTITY,CU-ENT-0049,,REVERSED,CU-ACT-2779,,,,CU-TRG-0043,,CU-IMP-2628,2022-11-09,ONCHAIN_SCAN,HIGH,,Circle
CU-ACT-2629,2023-07-31,BLACKLIST,0xa5c2254e4253490c54cef0a4347fddb8f75a4998,ADDRESS,SANCTIONED_ENTITY,CU-ENT-0049,,REVERSED,CU-ACT-2780,,,,CU-TRG-0043,,CU-IMP-2629,2022-11-09,ONCHAIN_SCAN,HIGH,,Circle
CU-ACT-2630,2023-07-31,BLACKLIST,0xaf4c0b70b2ea9fb7487c7cbb37ada259579fe040,ADDRESS,SANCTIONED_ENTITY,CU-ENT-0049,,REVERSED,CU-ACT-2781,,,,CU-TRG-0043,,CU-IMP-2630,2022-11-09,ONCHAIN_SCAN,HIGH,,Circle
CU-ACT-2631,2023-07-31,BLACKLIST,0xaf8d1839c3c67cf571aa74b5c12398d4901147b3,ADDRESS,SANCTIONED_ENTITY,CU-ENT-0049,,REVERSED,CU-ACT-2782,,,,CU-TRG-0043,,CU-IMP-2631,2022-11-09,ONCHAIN_SCAN,HIGH,,Circle
CU-ACT-2632,2023-07-31,BLACKLIST,0xcc84179ffd19a1627e79f8648d09e095252bc418,ADDRESS,SANCTIONED_ENTITY,CU-ENT-0049,,REVERSED,CU-ACT-2783,,,,CU-TRG-0043,,CU-IMP-2632,2022-11-09,ONCHAIN_SCAN,HIGH,,Circle
CU-ACT-2633,2023-07-31,BLACKLIST,0xd47438c816c9e7f2e2888e060936a499af9582b3,ADDRESS,SANCTIONED_ENTITY,CU-ENT-0049,,REVERSED,CU-ACT-2784,,,,CU-TRG-0043,,CU-IMP-2633,2022-11-09,ONCHAIN_SCAN,HIGH,,Circle
CU-ACT-2634,2023-07-31,BLACKLIST,0xd5d6f8d9e784d0e26222ad3834500801a68d027d,ADDRESS,SANCTIONED_ENTITY,CU-ENT-0049,,REVERSED,CU-ACT-2785,,,,CU-TRG-0043,,CU-IMP-2634,2022-11-09,ONCHAIN_SCAN,HIGH,,Circle
CU-ACT-2635,2023-07-31,BLACKLIST,0xdf231d99ff8b6c6cbf4e9b9a945cbacef9339178,ADDRESS,SANCTIONED_ENTITY,CU-ENT-0049,,REVERSED,CU-ACT-2786,,,,CU-TRG-0043,,CU-IMP-2635,2022-11-09,ONCHAIN_SCAN,HIGH,,Circle
CU-ACT-2636,2023-07-31,BLACKLIST,0xedc5d01286f99a066559f60a585406f3878a033e,ADDRESS,SANCTIONED_ENTITY,CU-ENT-0049,,REVERSED,CU-ACT-2787,,,,CU-TRG-0043,,CU-IMP-2636,2022-11-09,ONCHAIN_SCAN,HIGH,,Circle
CU-ACT-2637,2023-07-31,BLACKLIST,0x05e0b5b40b7b66098c2161a5ee11c5740a3a7c45,ADDRESS,SANCTIONED_ENTITY,CU-ENT-0049,,REVERSED,CU-ACT-2789,,,,CU-TRG-0043,,CU-IMP-2637,2022-11-09,ONCHAIN_SCAN,HIGH,,Circle
CU-ACT-2638,2023-07-31,BLACKLIST,0x0e3a09dda6b20afbb34ac7cd4a6881493f3e7bf7,ADDRESS,SANCTIONED_ENTITY,CU-ENT-0049,,REVERSED,CU-ACT-2788,,,,CU-TRG-0043,,CU-IMP-2638,2022-11-09,ONCHAIN_SCAN,HIGH,,Circle
CU-ACT-2639,2023-07-31,BLACKLIST,0xd0975b32cea532eadddfc9c60481976e39db3472,ADDRESS,sanctioned_entity,CU-ENT-0014,,ACTIVE,,,,,CU-TRG-0014,,CU-IMP-2639,,ONCHAIN_SCAN,HIGH,,Circle
CU-ACT-2640,2023-07-31,BLACKLIST,0x1967d8af5bd86a497fb3dd7899a020e47560daaf,ADDRESS,sanctioned_entity,CU-ENT-0014,,ACTIVE,,,,,CU-TRG-0014,,CU-IMP-2640,,ONCHAIN_SCAN,HIGH,,Circle
CU-ACT-2641,2023-07-31,BLACKLIST,0x83e5bc4ffa856bb84bb88581f5dd62a433a25e0d,ADDRESS,sanctioned_entity,CU-ENT-0013,,ACTIVE,,,,,CU-TRG-0013,,CU-IMP-2641,,ONCHAIN_SCAN,HIGH,,Circle
CU-ACT-2642,2023-07-31,BLACKLIST,0x08b2efdcdb8822efe5ad0eae55517cf5dc544251,ADDRESS,sanctioned_entity,CU-ENT-0013,,ACTIVE,,,,,CU-TRG-0013,,CU-IMP-2642,,ONCHAIN_SCAN,HIGH,,Circle
CU-ACT-2643,2023-07-31,BLACKLIST,0x04dba1194ee10112fe6c3207c0687def0e78bacf,ADDRESS,sanctioned_entity,CU-ENT-0013,,ACTIVE,,,,,CU-TRG-0013,,CU-IMP-2643,,ONCHAIN_SCAN,HIGH,,Circle
CU-ACT-2644,2023-07-31,BLACKLIST,0x0ee5067b06776a89ccc7dc8ee369984ad7db5e06,ADDRESS,sanctioned_entity,CU-ENT-0013,,ACTIVE,,,,,CU-TRG-0013,,CU-IMP-2644,,ONCHAIN_SCAN,HIGH,,Circle
CU-ACT-2645,2023-07-31,BLACKLIST,0x502371699497d08d5339c870851898d6d72521dd,ADDRESS,sanctioned_entity,CU-ENT-0013,,ACTIVE,,,,,CU-TRG-0013,,CU-IMP-2645,,ONCHAIN_SCAN,HIGH,,Circle
CU-ACT-2646,2023-07-31,BLACKLIST,0x5a14e72060c11313e38738009254a90968f58f51,ADDRESS,sanctioned_entity,CU-ENT-0013,,ACTIVE,,,,,CU-TRG-0013,,CU-IMP-2646,,ONCHAIN_SCAN,HIGH,,Circle
CU-ACT-2647,2023-07-31,BLACKLIST,0xefe301d259f525ca1ba74a7977b80d5b060b3cca,ADDRESS,sanctioned_entity,CU-ENT-0013,,ACTIVE,,,,,CU-TRG-0013,,CU-IMP-2647,,ONCHAIN_SCAN,HIGH,,Circle
CU-ACT-2648,2023-07-31,BLACKLIST,0x39d908dac893cbcb53cc86e0ecc369aa4def1a29,ADDRESS,sanctioned_entity,CU-ENT-0015,,ACTIVE,,,,,CU-TRG-0015,,CU-IMP-2648,,ONCHAIN_SCAN,HIGH,,Circle
CU-ACT-2649,2023-07-31,BLACKLIST,0x4f47bc496083c727c5fbe3ce9cdf2b0f6496270c,ADDRESS,sanctioned_entity,CU-ENT-0016,,ACTIVE,,,,,CU-TRG-0016,,CU-IMP-2649,,ONCHAIN_SCAN,HIGH,,Circle
CU-ACT-2650,2023-07-31,BLACKLIST,0x38735f03b30fbc022ddd06abed01f0ca823c6a94,ADDRESS,sanctioned_entity,CU-ENT-0017,,ACTIVE,,,,,CU-TRG-0017,,CU-IMP-2650,,ONCHAIN_SCAN,HIGH,,Circle
CU-ACT-2651,2023-07-31,BLACKLIST,0x97b1043abd9e6fc31681635166d430a458d14f9c,ADDRESS,sanctioned_entity,CU-ENT-0018,,ACTIVE,,,,,CU-TRG-0018,,CU-IMP-2651,,ONCHAIN_SCAN,HIGH,,Circle
CU-ACT-2652,2023-07-31,BLACKLIST,0xb6f5ec1a0a9cd1526536d3f0426c429529471f40,ADDRESS,sanctioned_entity,CU-ENT-0018,,ACTIVE,,,,,CU-TRG-0018,,CU-IMP-2652,,ONCHAIN_SCAN,HIGH,,Circle
CU-ACT-2653,2023-08-01,BLACKLIST,0xd71c94052989e209ba713deb66e0a8f72b913b70,ADDRESS,SANCTIONED_ENTITY,CU-ENT-0074,,ACTIVE,,,,,CU-TRG-0067,,CU-IMP-2653,2023-07-31,ONCHAIN_SCAN,HIGH,,Circle
CU-ACT-2654,2023-08-24,BLACKLIST,0xdcbeffbecce100cce9e4b153c4e15cb885643193,ADDRESS,sanctioned_entity,CU-ENT-0019,,ACTIVE,,,,,CU-TRG-0019,,CU-IMP-2654,,ONCHAIN_SCAN,HIGH,,Circle
CU-ACT-2655,2023-08-24,BLACKLIST,0x5f48c2a71b2cc96e3f0ccae4e39318ff0dc375b2,ADDRESS,sanctioned_entity,CU-ENT-0019,,ACTIVE,,,,,CU-TRG-0019,,CU-IMP-2655,,ONCHAIN_SCAN,HIGH,,Circle
CU-ACT-2656,2023-08-24,BLACKLIST,0x5a7a51bfb49f190e5a6060a5bc6052ac14a3b59f,ADDRESS,sanctioned_entity,CU-ENT-0019,,ACTIVE,,,,,CU-TRG-0019,,CU-IMP-2656,,ONCHAIN_SCAN,HIGH,,Circle
CU-ACT-2657,2023-08-24,BLACKLIST,0xed6e0a7e4ac94d976eebfb82ccf777a3c6bad921,ADDRESS,sanctioned_entity,CU-ENT-0019,,ACTIVE,,,,,CU-TRG-0019,,CU-IMP-2657,,ONCHAIN_SCAN,HIGH,,Circle
CU-ACT-2658,2023-08-24,BLACKLIST,0x797d7ae72ebddcdea2a346c1834e04d1f8df102b,ADDRESS,sanctioned_entity,CU-ENT-0019,,ACTIVE,,,,,CU-TRG-0019,,CU-IMP-2658,,ONCHAIN_SCAN,HIGH,,Circle
CU-ACT-2659,2023-08-24,BLACKLIST,0x931546d9e66836abf687d2bc64b30407bac8c568,ADDRESS,sanctioned_entity,CU-ENT-0019,,ACTIVE,,,,,CU-TRG-0019,,CU-IMP-2659,,ONCHAIN_SCAN,HIGH,,Circle
CU-ACT-2660,2023-08-24,BLACKLIST,0x43fa21d92141ba9db43052492e0deee5aa5f0a93,ADDRESS,sanctioned_entity,CU-ENT-0019,,ACTIVE,,,,,CU-TRG-0019,,CU-IMP-2660,,ONCHAIN_SCAN,HIGH,,Circle
CU-ACT-2661,2023-08-24,BLACKLIST,0x6be0ae71e6c41f2f9d0d1a3b8d0f75e6f6a0b46e,ADDRESS,sanctioned_entity,CU-ENT-0019,,ACTIVE,,,,,CU-TRG-0019,,CU-IMP-2661,,ONCHAIN_SCAN,HIGH,,Circle
CU-ACT-2662,2023-09-27,BLACKLIST,0x9c2bc757b66f24d60f016b6237f8cdd414a879fa,ADDRESS,sanctioned_entity,CU-ENT-0020,,ACTIVE,,,,,CU-TRG-0020,,CU-IMP-2662,,ONCHAIN_SCAN,HIGH,,Circle
CU-ACT-2663,2023-10-04,BLACKLIST,0x530a64c0ce595026a4a556b703644228179e2d57,ADDRESS,sanctioned_entity,CU-ENT-0021,,ACTIVE,,,,,CU-TRG-0021,,CU-IMP-2663,,ONCHAIN_SCAN,HIGH,,Circle
CU-ACT-2664,2023-10-04,BLACKLIST,0x2e13ea767da12f504ceaaaebe5950488498dc2d2,ADDRESS,SANCTIONED_ENTITY,CU-ENT-0021,,ACTIVE,,,,,CU-TRG-0021,,CU-IMP-2664,2023-10-03,ONCHAIN_SCAN,HIGH,,Circle
CU-ACT-2665,2023-10-04,BLACKLIST,0x7de5ab1914e241177344936dc33b4a8157c98248,ADDRESS,SANCTIONED_ENTITY,CU-ENT-0076,,ACTIVE,,,,,CU-TRG-0069,,CU-IMP-2665,2023-10-03,ONCHAIN_SCAN,HIGH,,Circle
CU-ACT-2666,2023-10-04,BLACKLIST,0xfac583c0cf07ea434052c49115a4682172ab6b4f,ADDRESS,sanctioned_entity,CU-ENT-0022,,ACTIVE,,,,,CU-TRG-0022,,CU-IMP-2666,,ONCHAIN_SCAN,HIGH,,Circle
CU-ACT-2667,2023-10-04,BLACKLIST,0x961c5be54a2ffc17cf4cb021d863c42dacd47fc1,ADDRESS,sanctioned_entity,CU-ENT-0023,,ACTIVE,,,,,CU-TRG-0023,,CU-IMP-2667,,ONCHAIN_SCAN,HIGH,,Circle
CU-ACT-2668,2023-10-04,BLACKLIST,0xbe5e683633ddd17d8a89b4e10860a0e426c5ed24,ADDRESS,SANCTIONED_ENTITY,CU-ENT-0077,,ACTIVE,,,,,CU-TRG-0070,,CU-IMP-2668,2023-10-03,ONCHAIN_SCAN,HIGH,,Circle
CU-ACT-2669,2023-10-04,BLACKLIST,0xa6cc8ab881debc3c9e8adb32549d0cbe614168c5,ADDRESS,SANCTIONED_ENTITY,CU-ENT-0023,,ACTIVE,,,,,CU-TRG-0023,,CU-IMP-2669,2023-10-03,ONCHAIN_SCAN,HIGH,,Circle
CU-ACT-2670,2023-10-04,BLACKLIST,0x983a81ca6fb1e441266d2fbcb7d8e530ac2e05a2,ADDRESS,sanctioned_entity,CU-ENT-0024,,ACTIVE,,,,,CU-TRG-0024,,CU-IMP-2670,,ONCHAIN_SCAN,HIGH,,Circle
CU-ACT-2671,2024-02-06,UNBLACKLIST,0x6acdfba02d390b97ac2b2d42a63e85293bcc160e,ADDRESS,,,,ACTIVE,,,,,,,CU-IMP-2671,,ONCHAIN_SCAN,HIGH,,Circle
CU-ACT-2672,2024-02-21,BLACKLIST,0xf3701f445b6bdafedbca97d1e477357839e4120d,ADDRESS,sanctioned_entity,CU-ENT-0025,,ACTIVE,,,,,CU-TRG-0025,,CU-IMP-2672,,ONCHAIN_SCAN,HIGH,,Circle
CU-ACT-2673,2024-03-21,BLACKLIST,0x2f04f39923a77430eca036e14ce44dbd11175747,ADDRESS,SANCTIONED_ENTITY,CU-ENT-0075,,ACTIVE,,,,,CU-TRG-0068,,CU-IMP-2673,2024-03-20,ONCHAIN_SCAN,HIGH,,Circle
CU-ACT-2674,2024-03-21,BLACKLIST,0x7be6fe8c528273a3a072a538e12c08500bf4d328,ADDRESS,SANCTIONED_ENTITY,CU-ENT-0075,,ACTIVE,,,,,CU-TRG-0068,,CU-IMP-2674,2024-03-20,ONCHAIN_SCAN,HIGH,,Circle
CU-ACT-2675,2024-03-27,BLACKLIST,0xdda5554510366179ddb442b8a82bc737c3ac77c5,ADDRESS,SANCTIONED_ENTITY,CU-ENT-0057,,ACTIVE,,,,,CU-TRG-0051,,CU-IMP-2675,2024-03-27,ONCHAIN_SCAN,HIGH,,Circle
CU-ACT-2676,2024-03-27,BLACKLIST,0x175d44451403edf28469df03a9280c1197adb92c,ADDRESS,sanctioned_entity,CU-ENT-0026,,ACTIVE,,,,,CU-TRG-0026,,CU-IMP-2676,,ONCHAIN_SCAN,HIGH,,Circle
CU-ACT-2677,2024-03-27,BLACKLIST,0x4576847b1cf999843ba6620815e65a9c5e8a4021,ADDRESS,SANCTIONED_ENTITY,CU-ENT-0057,,ACTIVE,,,,,CU-TRG-0051,,CU-IMP-2677,2024-03-27,ONCHAIN_SCAN,HIGH,,Circle
CU-ACT-2678,2024-03-27,BLACKLIST,0xe950dc316b836e4eefb8308bf32bf7c72a1358ff,ADDRESS,sanctioned_entity,CU-ENT-0026,,ACTIVE,,,,,CU-TRG-0026,,CU-IMP-2678,,ONCHAIN_SCAN,HIGH,,Circle
CU-ACT-2679,2024-03-27,BLACKLIST,0x4ea7eefc2dcb250c1f069ecaf1e2ae3488059ac2,ADDRESS,SANCTIONED_ENTITY,CU-ENT-0057,,ACTIVE,,,,,CU-TRG-0051,,CU-IMP-2679,2024-03-27,ONCHAIN_SCAN,HIGH,,Circle
CU-ACT-2680,2024-03-27,BLACKLIST,0xc24ec5a84cae3d3418b34a1e30b3372c4b25bd0f,ADDRESS,SANCTIONED_ENTITY,CU-ENT-0057,,ACTIVE,,,,,CU-TRG-0051,,CU-IMP-2680,2024-03-27,ONCHAIN_SCAN,HIGH,,Circle
CU-ACT-2681,2024-03-27,BLACKLIST,0x21b8d56bda776bbe68655a16895afd96f5534fed,ADDRESS,sanctioned_entity,CU-ENT-0026,,ACTIVE,,,,,CU-TRG-0026,,CU-IMP-2681,,ONCHAIN_SCAN,HIGH,,Circle
CU-ACT-2682,2024-04-29,BLACKLIST,0x6a1544f72a2a275715e8d5924e6d8a017f0e41ed,ADDRESS,,,,ACTIVE,,,,,,,CU-IMP-2682,,ONCHAIN_SCAN,HIGH,,Circle
CU-ACT-2683,2024-05-02,BLACKLIST,0x19f8f2b0915daa12a3f5c9cf01df9e24d53794f7,ADDRESS,sanctioned_entity,CU-ENT-0027,,ACTIVE,,,,,CU-TRG-0027,,CU-IMP-2683,,ONCHAIN_SCAN,HIGH,,Circle
CU-ACT-2684,2024-05-02,BLACKLIST,0x3e14d41891a30ac7473556d7c3256a5ddf9ef1aa,ADDRESS,SANCTIONED_ENTITY,CU-ENT-0027,,ACTIVE,,,,,CU-TRG-0027,,CU-IMP-2684,2024-05-01,ONCHAIN_SCAN,HIGH,,Circle
CU-ACT-2685,2024-05-29,BLACKLIST,0xe1d865c3d669dcc8c57c8d023140cb204e672ee4,ADDRESS,sanctioned_entity,CU-ENT-0028,,ACTIVE,,,,,CU-TRG-0028,,CU-IMP-2685,,ONCHAIN_SCAN,HIGH,,Circle
CU-ACT-2686,2024-05-29,BLACKLIST,0x0e6b8e34dc115a2848f585851af23d99d09b8463,ADDRESS,SANCTIONED_ENTITY,CU-ENT-0028,,ACTIVE,,,,,CU-TRG-0028,,CU-IMP-2686,2024-05-28,ONCHAIN_SCAN,HIGH,,Circle
CU-ACT-2687,2024-08-24,BLACKLIST,0x71d2e218a56a1c0c12e1ff4b4c2731a1c3a4f4ce,ADDRESS,SANCTIONED_ENTITY,CU-ENT-0078,,ACTIVE,,,,,CU-TRG-0071,,CU-IMP-2687,2024-08-23,ONCHAIN_SCAN,HIGH,,Circle
CU-ACT-2688,2024-09-27,BLACKLIST,0x0931ca4d13bb4ba75d9b7132ab690265d749a5e7,ADDRESS,sanctioned_entity,CU-ENT-0029,,ACTIVE,,,,,CU-TRG-0029,,CU-IMP-2688,,ONCHAIN_SCAN,HIGH,,Circle
CU-ACT-2689,2024-09-27,BLACKLIST,0xbff703730a21167e430ff151128592a98786b9b4,ADDRESS,SANCTIONED_ENTITY,CU-ENT-0029,,ACTIVE,,,,,CU-TRG-0029,,CU-IMP-2689,2024-09-26,ONCHAIN_SCAN,HIGH,,Circle
CU-ACT-2690,2024-12-05,BLACKLIST,0x282ae5965fe400f3cb929182e0963f3794df01fc,ADDRESS,SANCTIONED_ENTITY,CU-ENT-0079,,ACTIVE,,,,,CU-TRG-0072,,CU-IMP-2690,2024-12-04,ONCHAIN_SCAN,HIGH,,Circle
CU-ACT-2691,2024-12-05,BLACKLIST,0x1999ef52700c34de7ec2b68a28aafb37db0c5ade,ADDRESS,sanctioned_entity,CU-ENT-0030,,ACTIVE,,,,,CU-TRG-0030,,CU-IMP-2691,,ONCHAIN_SCAN,HIGH,,Circle
CU-ACT-2692,2024-12-20,BLACKLIST,0x721537670ae01aa0d60585457b7534025b0041ac,ADDRESS,SANCTIONED_ENTITY,CU-ENT-0054,,ACTIVE,,,,,CU-TRG-0048,,CU-IMP-2692,2024-12-19,ONCHAIN_SCAN,HIGH,,Circle
CU-ACT-2693,2024-12-20,BLACKLIST,0x54b475ef92f861975945954bfa1080dda9cd346e,ADDRESS,SANCTIONED_ENTITY,CU-ENT-0054,,ACTIVE,,,,,CU-TRG-0048,,CU-IMP-2693,2024-12-19,ONCHAIN_SCAN,HIGH,,Circle
CU-ACT-2694,2024-12-20,BLACKLIST,0xd19df746fd2a145588b3a22672bacfd2e5454f61,ADDRESS,SANCTIONED_ENTITY,CU-ENT-0054,,ACTIVE,,,,,CU-TRG-0048,,CU-IMP-2694,2024-12-19,ONCHAIN_SCAN,HIGH,,Circle
CU-ACT-2695,2024-12-20,BLACKLIST,0xbc92595dd3e8f5092471c99b9084a72d333c7d07,ADDRESS,SANCTIONED_ENTITY,CU-ENT-0054,,ACTIVE,,,,,CU-TRG-0048,,CU-IMP-2695,2024-12-19,ONCHAIN_SCAN,HIGH,,Circle
CU-ACT-2696,2024-12-20,BLACKLIST,0x3a0245de38273e7852dce97de3bae18c0010013e,ADDRESS,SANCTIONED_ENTITY,CU-ENT-0054,,ACTIVE,,,,,CU-TRG-0048,,CU-IMP-2696,2024-12-19,ONCHAIN_SCAN,HIGH,,Circle
CU-ACT-2697,2025-02-24,BLACKLIST,0x002471b8a185f9980708d0eaec5b289714f56f8d,ADDRESS,SANCTIONED_ENTITY,CU-ENT-0058,,ACTIVE,,,,,CU-TRG-0052,,CU-IMP-2697,2025-02-11,ONCHAIN_SCAN,MEDIUM,,Circle
CU-ACT-2698,2025-02-24,BLACKLIST,0x3051ca7cb7f6c599fa2f27385ad75010cf0f2bbf,ADDRESS,SANCTIONED_ENTITY,CU-ENT-0058,,ACTIVE,,,,,CU-TRG-0052,,CU-IMP-2698,2025-02-11,ONCHAIN_SCAN,MEDIUM,,Circle
CU-ACT-2699,2025-02-24,BLACKLIST,0x0078ef2d7baf87bf6c4ca49b19efd1e05f57ac30,ADDRESS,SANCTIONED_ENTITY,CU-ENT-0058,,ACTIVE,,,,,CU-TRG-0052,,CU-IMP-2699,2025-02-11,ONCHAIN_SCAN,MEDIUM,,Circle
CU-ACT-2700,2025-03-22,UNBLACKLIST,0x8589427373d6d84e98730d7795d8f6f8731fda16,ADDRESS,,,,ACTIVE,,,,,CU-TRG-0053,,CU-IMP-2700,2025-03-21,ONCHAIN_SCAN,HIGH,,Circle
CU-ACT-2701,2025-03-22,UNBLACKLIST,0x722122df12d4e14e13ac3b6895a86e84145b6967,ADDRESS,,,,ACTIVE,,,,,CU-TRG-0053,,CU-IMP-2701,2025-03-21,ONCHAIN_SCAN,HIGH,,Circle
CU-ACT-2702,2025-03-22,UNBLACKLIST,0xdd4c48c0b24039969fc16d1cdf626eab821d3384,ADDRESS,,,,ACTIVE,,,,,CU-TRG-0053,,CU-IMP-2702,2025-03-21,ONCHAIN_SCAN,HIGH,,Circle
CU-ACT-2703,2025-03-22,UNBLACKLIST,0xd90e2f925da726b50c4ed8d0fb90ad053324f31b,ADDRESS,,,,ACTIVE,,,,,CU-TRG-0053,,CU-IMP-2703,2025-03-21,ONCHAIN_SCAN,HIGH,,Circle
CU-ACT-2704,2025-03-22,UNBLACKLIST,0xd96f2b1c14db8458374d9aca76e26c3d18364307,ADDRESS,,,,ACTIVE,,,,,CU-TRG-0053,,CU-IMP-2704,2025-03-21,ONCHAIN_SCAN,HIGH,,Circle
CU-ACT-2705,2025-03-22,UNBLACKLIST,0x4736dcf1b7a3d580672cce6e7c65cd5cc9cfba9d,ADDRESS,,,,ACTIVE,,,,,CU-TRG-0053,,CU-IMP-2705,2025-03-21,ONCHAIN_SCAN,HIGH,,Circle
CU-ACT-2706,2025-03-22,UNBLACKLIST,0xd4b88df4d29f5cedd6857912842cff3b20c8cfa3,ADDRESS,,,,ACTIVE,,,,,CU-TRG-0053,,CU-IMP-2706,2025-03-21,ONCHAIN_SCAN,HIGH,,Circle
CU-ACT-2707,2025-03-22,UNBLACKLIST,0x910cbd523d972eb0a6f4cae4618ad62622b39dbf,ADDRESS,,,,ACTIVE,,,,,CU-TRG-0053,,CU-IMP-2707,2025-03-21,ONCHAIN_SCAN,HIGH,,Circle
CU-ACT-2708,2025-03-22,UNBLACKLIST,0xa160cdab225685da1d56aa342ad8841c3b53f291,ADDRESS,,,,ACTIVE,,,,,CU-TRG-0053,,CU-IMP-2708,2025-03-21,ONCHAIN_SCAN,HIGH,,Circle
CU-ACT-2709,2025-03-22,UNBLACKLIST,0xfd8610d20aa15b7b2e3be39b396a1bc3516c7144,ADDRESS,,,,ACTIVE,,,,,CU-TRG-0053,,CU-IMP-2709,2025-03-21,ONCHAIN_SCAN,HIGH,,Circle
CU-ACT-2710,2025-03-22,UNBLACKLIST,0xf60dd140cff0706bae9cd734ac3ae76ad9ebc32a,ADDRESS,,,,ACTIVE,,,,,CU-TRG-0053,,CU-IMP-2710,2025-03-21,ONCHAIN_SCAN,HIGH,,Circle
CU-ACT-2711,2025-03-22,UNBLACKLIST,0x22aaa7720ddd5388a3c0a3333430953c68f1849b,ADDRESS,,,,ACTIVE,,,,,CU-TRG-0053,,CU-IMP-2711,2025-03-21,ONCHAIN_SCAN,HIGH,,Circle
CU-ACT-2712,2025-03-22,UNBLACKLIST,0xba214c1c1928a32bffe790263e38b4af9bfcd659,ADDRESS,,,,ACTIVE,,,,,CU-TRG-0053,,CU-IMP-2712,2025-03-21,ONCHAIN_SCAN,HIGH,,Circle
CU-ACT-2713,2025-03-22,UNBLACKLIST,0xb1c8094b234dce6e03f10a5b673c1d8c69739a00,ADDRESS,,,,ACTIVE,,,,,CU-TRG-0053,,CU-IMP-2713,2025-03-21,ONCHAIN_SCAN,HIGH,,Circle
CU-ACT-2714,2025-03-22,UNBLACKLIST,0x527653ea119f3e6a1f5bd18fbf4714081d7b31ce,ADDRESS,,,,ACTIVE,,,,,CU-TRG-0053,,CU-IMP-2714,2025-03-21,ONCHAIN_SCAN,HIGH,,Circle
CU-ACT-2715,2025-03-22,UNBLACKLIST,0x58e8dcc13be9780fc42e8723d8ead4cf46943df2,ADDRESS,,,,ACTIVE,,,,,CU-TRG-0053,,CU-IMP-2715,2025-03-21,ONCHAIN_SCAN,HIGH,,Circle
CU-ACT-2716,2025-03-22,UNBLACKLIST,0xd691f27f38b395864ea86cfc7253969b409c362d,ADDRESS,,,,ACTIVE,,,,,CU-TRG-0053,,CU-IMP-2716,2025-03-21,ONCHAIN_SCAN,HIGH,,Circle
CU-ACT-2717,2025-03-22,UNBLACKLIST,0xaeaac358560e11f52454d997aaff2c5731b6f8a6,ADDRESS,,,,ACTIVE,,,,,CU-TRG-0053,,CU-IMP-2717,2025-03-21,ONCHAIN_SCAN,HIGH,,Circle
CU-ACT-2718,2025-03-22,UNBLACKLIST,0x1356c899d8c9467c7f71c195612f8a395abf2f0a,ADDRESS,,,,ACTIVE,,,,,CU-TRG-0053,,CU-IMP-2718,2025-03-21,ONCHAIN_SCAN,HIGH,,Circle
CU-ACT-2719,2025-03-22,UNBLACKLIST,0xa60c772958a3ed56c1f15dd055ba37ac8e523a0d,ADDRESS,,,,ACTIVE,,,,,CU-TRG-0053,,CU-IMP-2719,2025-03-21,ONCHAIN_SCAN,HIGH,,Circle
CU-ACT-2720,2025-03-22,UNBLACKLIST,0x169ad27a470d064dede56a2d3ff727986b15d52b,ADDRESS,,,,ACTIVE,,,,,CU-TRG-0053,,CU-IMP-2720,2025-03-21,ONCHAIN_SCAN,HIGH,,Circle
CU-ACT-2721,2025-03-22,UNBLACKLIST,0x0836222f2b2b24a3f36f98668ed8f0b38d1a872f,ADDRESS,,,,ACTIVE,,,,,CU-TRG-0053,,CU-IMP-2721,2025-03-21,ONCHAIN_SCAN,HIGH,,Circle
CU-ACT-2722,2025-03-22,UNBLACKLIST,0xf67721a2d8f736e75a49fdd7fad2e31d8676542a,ADDRESS,,,,ACTIVE,,,,,CU-TRG-0053,,CU-IMP-2722,2025-03-21,ONCHAIN_SCAN,HIGH,,Circle
CU-ACT-2723,2025-03-22,UNBLACKLIST,0x9ad122c22b14202b4490edaf288fdb3c7cb3ff5e,ADDRESS,,,,ACTIVE,,,,,CU-TRG-0053,,CU-IMP-2723,2025-03-21,ONCHAIN_SCAN,HIGH,,Circle
CU-ACT-2724,2025-03-22,UNBLACKLIST,0x07687e702b410fa43f4cb4af7fa097918ffd2730,ADDRESS,,,,ACTIVE,,,,,CU-TRG-0053,,CU-IMP-2724,2025-03-21,ONCHAIN_SCAN,HIGH,,Circle
CU-ACT-2725,2025-03-22,UNBLACKLIST,0x94a1b5cdb22c43faab4abeb5c74999895464ddaf,ADDRESS,,,,ACTIVE,,,,,CU-TRG-0053,,CU-IMP-2725,2025-03-21,ONCHAIN_SCAN,HIGH,,Circle
CU-ACT-2726,2025-03-22,UNBLACKLIST,0xb541fc07bc7619fd4062a54d96268525cbc6ffef,ADDRESS,,,,ACTIVE,,,,,CU-TRG-0053,,CU-IMP-2726,2025-03-21,ONCHAIN_SCAN,HIGH,,Circle
CU-ACT-2727,2025-03-22,UNBLACKLIST,0x12d66f87a04a9e220743712ce6d9bb1b5616b8fc,ADDRESS,,,,ACTIVE,,,,,CU-TRG-0053,,CU-IMP-2727,2025-03-21,ONCHAIN_SCAN,HIGH,,Circle
CU-ACT-2728,2025-03-22,UNBLACKLIST,0x47ce0c6ed5b0ce3d3a51fdb1c52dc66a7c3c2936,ADDRESS,,,,ACTIVE,,,,,CU-TRG-0053,,CU-IMP-2728,2025-03-21,ONCHAIN_SCAN,HIGH,,Circle
CU-ACT-2729,2025-03-22,UNBLACKLIST,0x23773e65ed146a459791799d01336db287f25334,ADDRESS,,,,ACTIVE,,,,,CU-TRG-0053,,CU-IMP-2729,2025-03-21,ONCHAIN_SCAN,HIGH,,Circle
CU-ACT-2730,2025-03-22,UNBLACKLIST,0xd21be7248e0197ee08e0c20d4a96debdac3d20af,ADDRESS,,,,ACTIVE,,,,,CU-TRG-0053,,CU-IMP-2730,2025-03-21,ONCHAIN_SCAN,HIGH,,Circle
CU-ACT-2731,2025-03-22,UNBLACKLIST,0x610b717796ad172b316836ac95a2ffad065ceab4,ADDRESS,,,,ACTIVE,,,,,CU-TRG-0053,,CU-IMP-2731,2025-03-21,ONCHAIN_SCAN,HIGH,,Circle
CU-ACT-2732,2025-03-22,UNBLACKLIST,0x178169b423a011fff22b9e3f3abea13414ddd0f1,ADDRESS,,,,ACTIVE,,,,,CU-TRG-0053,,CU-IMP-2732,2025-03-21,ONCHAIN_SCAN,HIGH,,Circle
CU-ACT-2733,2025-03-22,UNBLACKLIST,0xbb93e510bbcd0b7beb5a853875f9ec60275cf498,ADDRESS,,,,ACTIVE,,,,,CU-TRG-0053,,CU-IMP-2733,2025-03-21,ONCHAIN_SCAN,HIGH,,Circle
CU-ACT-2734,2025-03-22,UNBLACKLIST,0x2717c5e28cf931547b621a5dddb772ab6a35b701,ADDRESS,,,,ACTIVE,,,,,CU-TRG-0053,,CU-IMP-2734,2025-03-21,ONCHAIN_SCAN,HIGH,,Circle
CU-ACT-2735,2025-03-22,UNBLACKLIST,0x03893a7c7463ae47d46bc7f091665f1893656003,ADDRESS,,,,ACTIVE,,,,,CU-TRG-0053,,CU-IMP-2735,2025-03-21,ONCHAIN_SCAN,HIGH,,Circle
CU-ACT-2736,2025-03-22,UNBLACKLIST,0xca0840578f57fe71599d29375e16783424023357,ADDRESS,,,,ACTIVE,,,,,CU-TRG-0053,,CU-IMP-2736,2025-03-21,ONCHAIN_SCAN,HIGH,,Circle
CU-ACT-2737,2025-03-22,UNBLACKLIST,0x01e2919679362dfbc9ee1644ba9c6da6d6245bb1,ADDRESS,,,,ACTIVE,,,,,CU-TRG-0053,,CU-IMP-2737,,ONCHAIN_SCAN,HIGH,,Circle
CU-ACT-2738,2025-03-22,UNBLACKLIST,0x09193888b3f38c82dedfda55259a82c0e7de875e,ADDRESS,,,,ACTIVE,,,,,CU-TRG-0053,,CU-IMP-2738,,ONCHAIN_SCAN,HIGH,,Circle
CU-ACT-2739,2025-03-22,UNBLACKLIST,0x179f48c78f57a3a78f0608cc9197b8972921d1d2,ADDRESS,,,,ACTIVE,,,,,CU-TRG-0053,,CU-IMP-2739,,ONCHAIN_SCAN,HIGH,,Circle
CU-ACT-2740,2025-03-22,UNBLACKLIST,0x2573bac39ebe2901b4389cd468f2872cf7767faf,ADDRESS,,,,ACTIVE,,,,,CU-TRG-0053,,CU-IMP-2740,,ONCHAIN_SCAN,HIGH,,Circle
CU-ACT-2741,2025-03-22,UNBLACKLIST,0x26903a5a198d571422b2b4ea08b56a37cbd68c89,ADDRESS,,,,ACTIVE,,,,,CU-TRG-0053,,CU-IMP-2741,,ONCHAIN_SCAN,HIGH,,Circle
CU-ACT-2742,2025-03-22,UNBLACKLIST,0x2f50508a8a3d323b91336fa3ea6ae50e55f32185,ADDRESS,,,,ACTIVE,,,,,CU-TRG-0053,,CU-IMP-2742,,ONCHAIN_SCAN,HIGH,,Circle
CU-ACT-2743,2025-03-22,UNBLACKLIST,0x2fc93484614a34f26f7970cbb94615ba109bb4bf,ADDRESS,,,,ACTIVE,,,,,CU-TRG-0053,,CU-IMP-2743,,ONCHAIN_SCAN,HIGH,,Circle
CU-ACT-2744,2025-03-22,UNBLACKLIST,0x3efa30704d2b8bbac821307230376556cf8cc39e,ADDRESS,,,,ACTIVE,,,,,CU-TRG-0053,,CU-IMP-2744,,ONCHAIN_SCAN,HIGH,,Circle
CU-ACT-2745,2025-03-22,UNBLACKLIST,0x5cab7692d4e94096462119ab7bf57319726eed2a,ADDRESS,,,,ACTIVE,,,,,CU-TRG-0053,,CU-IMP-2745,,ONCHAIN_SCAN,HIGH,,Circle
CU-ACT-2746,2025-03-22,UNBLACKLIST,0x5efda50f22d34f262c29268506c5fa42cb56a1ce,ADDRESS,,,,ACTIVE,,,,,CU-TRG-0053,,CU-IMP-2746,,ONCHAIN_SCAN,HIGH,,Circle
CU-ACT-2747,2025-03-22,UNBLACKLIST,0x5f6c97c6ad7bdd0ae7e0dd4ca33a4ed3fdabd4d7,ADDRESS,,,,ACTIVE,,,,,CU-TRG-0053,,CU-IMP-2747,,ONCHAIN_SCAN,HIGH,,Circle
CU-ACT-2748,2025-03-22,UNBLACKLIST,0x653477c392c16b0765603074f157314cc4f40c32,ADDRESS,,,,ACTIVE,,,,,CU-TRG-0053,,CU-IMP-2748,,ONCHAIN_SCAN,HIGH,,Circle
CU-ACT-2749,2025-03-22,UNBLACKLIST,0x746aebc06d2ae31b71ac51429a19d54e797878e9,ADDRESS,,,,ACTIVE,,,,,CU-TRG-0053,,CU-IMP-2749,,ONCHAIN_SCAN,HIGH,,Circle
CU-ACT-2750,2025-03-22,UNBLACKLIST,0x756c4628e57f7e7f8a459ec2752968360cf4d1aa,ADDRESS,,,,ACTIVE,,,,,CU-TRG-0053,,CU-IMP-2750,,ONCHAIN_SCAN,HIGH,,Circle
CU-ACT-2751,2025-03-22,UNBLACKLIST,0x77777feddddffc19ff86db637967013e6c6a116c,ADDRESS,,,,ACTIVE,,,,,CU-TRG-0053,,CU-IMP-2751,,ONCHAIN_SCAN,HIGH,,Circle
CU-ACT-2752,2025-03-22,UNBLACKLIST,0x88fd245fedec4a936e700f9173454d1931b4c307,ADDRESS,,,,ACTIVE,,,,,CU-TRG-0053,,CU-IMP-2752,,ONCHAIN_SCAN,HIGH,,Circle
CU-ACT-2753,2025-03-22,UNBLACKLIST,0x94c92f096437ab9958fc0a37f09348f30389ae79,ADDRESS,,,,ACTIVE,,,,,CU-TRG-0053,,CU-IMP-2753,,ONCHAIN_SCAN,HIGH,,Circle
CU-ACT-2754,2025-03-22,UNBLACKLIST,0xb04e030140b30c27bcdfaafffa98c57d80eda7b4,ADDRESS,,,,ACTIVE,,,,,CU-TRG-0053,,CU-IMP-2754,,ONCHAIN_SCAN,HIGH,,Circle
CU-ACT-2755,2025-03-22,UNBLACKLIST,0xb20c66c4de72433f3ce747b58b86830c459ca911,ADDRESS,,,,ACTIVE,,,,,CU-TRG-0053,,CU-IMP-2755,,ONCHAIN_SCAN,HIGH,,Circle
CU-ACT-2756,2025-03-22,UNBLACKLIST,0xcee71753c9820f063b38fdbe4cfdaf1d3d928a80,ADDRESS,,,,ACTIVE,,,,,CU-TRG-0053,,CU-IMP-2756,,ONCHAIN_SCAN,HIGH,,Circle
CU-ACT-2757,2025-03-22,UNBLACKLIST,0xd82ed8786d7c69dc7e052f7a542ab047971e73d2,ADDRESS,,,,ACTIVE,,,,,CU-TRG-0053,,CU-IMP-2757,,ONCHAIN_SCAN,HIGH,,Circle
CU-ACT-2758,2025-03-22,UNBLACKLIST,0xf4b067dd14e95bab89be928c07cb22e3c94e0daa,ADDRESS,,,,ACTIVE,,,,,CU-TRG-0053,,CU-IMP-2758,,ONCHAIN_SCAN,HIGH,,Circle
CU-ACT-2759,2025-03-22,UNBLACKLIST,0xffbac21a641dcfe4552920138d90f3638b3c9fba,ADDRESS,,,,ACTIVE,,,,,CU-TRG-0053,,CU-IMP-2759,,ONCHAIN_SCAN,HIGH,,Circle
CU-ACT-2760,2025-03-22,UNBLACKLIST,0xd692fd2d0b2fbd2e52cfa5b5b9424bc981c30696,ADDRESS,,,,ACTIVE,,,,,CU-TRG-0053,,CU-IMP-2760,,ONCHAIN_SCAN,HIGH,,Circle
CU-ACT-2761,2025-03-22,UNBLACKLIST,0xd8d7de3349ccaa0fde6298fe6d7b7d0d34586193,ADDRESS,,,,ACTIVE,,,,,CU-TRG-0053,,CU-IMP-2761,,ONCHAIN_SCAN,HIGH,,Circle
CU-ACT-2762,2025-03-22,UNBLACKLIST,0xdf3a408c53e5078af6e8fb2a85088d46ee09a61b,ADDRESS,,,,ACTIVE,,,,,CU-TRG-0053,,CU-IMP-2762,,ONCHAIN_SCAN,HIGH,,Circle
CU-ACT-2763,2025-03-22,UNBLACKLIST,0x1e34a77868e19a6647b1f2f47b51ed72dede95dd,ADDRESS,,,,ACTIVE,,,,,CU-TRG-0053,,CU-IMP-2763,,ONCHAIN_SCAN,HIGH,,Circle
CU-ACT-2764,2025-03-22,UNBLACKLIST,0x23173fe8b96a4ad8d2e17fb83ea5dcccdca1ae52,ADDRESS,,,,ACTIVE,,,,,CU-TRG-0053,,CU-IMP-2764,,ONCHAIN_SCAN,HIGH,,Circle
CU-ACT-2765,2025-03-22,UNBLACKLIST,0x242654336ca2205714071898f67e254eb49acdce,ADDRESS,,,,ACTIVE,,,,,CU-TRG-0053,,CU-IMP-2765,,ONCHAIN_SCAN,HIGH,,Circle
CU-ACT-2766,2025-03-22,UNBLACKLIST,0x330bdfade01ee9bf63c209ee33102dd334618e0a,ADDRESS,,,,ACTIVE,,,,,CU-TRG-0053,,CU-IMP-2766,,ONCHAIN_SCAN,HIGH,,Circle
CU-ACT-2767,2025-03-22,UNBLACKLIST,0x3aac1cc67c2ec5db4ea850957b967ba153ad6279,ADDRESS,,,,ACTIVE,,,,,CU-TRG-0053,,CU-IMP-2767,,ONCHAIN_SCAN,HIGH,,Circle
CU-ACT-2768,2025-03-22,UNBLACKLIST,0x407cceeaa7c95d2fe2250bf9f2c105aa7aafb512,ADDRESS,,,,ACTIVE,,,,,CU-TRG-0053,,CU-IMP-2768,,ONCHAIN_SCAN,HIGH,,Circle
CU-ACT-2769,2025-03-22,UNBLACKLIST,0x538ab61e8a9fc1b2f93b3dd9011d662d89be6fe6,ADDRESS,,,,ACTIVE,,,,,CU-TRG-0053,,CU-IMP-2769,,ONCHAIN_SCAN,HIGH,,Circle
CU-ACT-2770,2025-03-22,UNBLACKLIST,0x57b2b8c82f065de8ef5573f9730fc1449b403c9f,ADDRESS,,,,ACTIVE,,,,,CU-TRG-0053,,CU-IMP-2770,,ONCHAIN_SCAN,HIGH,,Circle
CU-ACT-2771,2025-03-22,UNBLACKLIST,0x6bf694a291df3fec1f7e69701e3ab6c592435ae7,ADDRESS,,,,ACTIVE,,,,,CU-TRG-0053,,CU-IMP-2771,,ONCHAIN_SCAN,HIGH,,Circle
CU-ACT-2772,2025-03-22,UNBLACKLIST,0x723b78e67497e85279cb204544566f4dc5d2aca0,ADDRESS,,,,ACTIVE,,,,,CU-TRG-0053,,CU-IMP-2772,,ONCHAIN_SCAN,HIGH,,Circle
CU-ACT-2773,2025-03-22,UNBLACKLIST,0x743494b60097a2230018079c02fe21a7b687eaa5,ADDRESS,,,,ACTIVE,,,,,CU-TRG-0053,,CU-IMP-2773,,ONCHAIN_SCAN,HIGH,,Circle
CU-ACT-2774,2025-03-22,UNBLACKLIST,0x76d85b4c0fc497eecc38902397ac608000a06607,ADDRESS,,,,ACTIVE,,,,,CU-TRG-0053,,CU-IMP-2774,,ONCHAIN_SCAN,HIGH,,Circle
CU-ACT-2775,2025-03-22,UNBLACKLIST,0x776198ccf446dfa168347089d7338879273172cf,ADDRESS,,,,ACTIVE,,,,,CU-TRG-0053,,CU-IMP-2775,,ONCHAIN_SCAN,HIGH,,Circle
CU-ACT-2776,2025-03-22,UNBLACKLIST,0x8281aa6795ade17c8973e1aedca380258bc124f9,ADDRESS,,,,ACTIVE,,,,,CU-TRG-0053,,CU-IMP-2776,,ONCHAIN_SCAN,HIGH,,Circle
CU-ACT-2777,2025-03-22,UNBLACKLIST,0x833481186f16cece3f1eeea1a694c42034c3a0db,ADDRESS,,,,ACTIVE,,,,,CU-TRG-0053,,CU-IMP-2777,,ONCHAIN_SCAN,HIGH,,Circle
CU-ACT-2778,2025-03-22,UNBLACKLIST,0x84443cfd09a48af6ef360c6976c5392ac5023a1f,ADDRESS,,,,ACTIVE,,,,,CU-TRG-0053,,CU-IMP-2778,,ONCHAIN_SCAN,HIGH,,Circle
CU-ACT-2779,2025-03-22,UNBLACKLIST,0x94be88213a387e992dd87de56950a9aef34b9448,ADDRESS,,,,ACTIVE,,,,,CU-TRG-0053,,CU-IMP-2779,,ONCHAIN_SCAN,HIGH,,Circle
CU-ACT-2780,2025-03-22,UNBLACKLIST,0xa5c2254e4253490c54cef0a4347fddb8f75a4998,ADDRESS,,,,ACTIVE,,,,,CU-TRG-0053,,CU-IMP-2780,,ONCHAIN_SCAN,HIGH,,Circle
CU-ACT-2781,2025-03-22,UNBLACKLIST,0xaf4c0b70b2ea9fb7487c7cbb37ada259579fe040,ADDRESS,,,,ACTIVE,,,,,CU-TRG-0053,,CU-IMP-2781,,ONCHAIN_SCAN,HIGH,,Circle
CU-ACT-2782,2025-03-22,UNBLACKLIST,0xaf8d1839c3c67cf571aa74b5c12398d4901147b3,ADDRESS,,,,ACTIVE,,,,,CU-TRG-0053,,CU-IMP-2782,,ONCHAIN_SCAN,HIGH,,Circle
CU-ACT-2783,2025-03-22,UNBLACKLIST,0xcc84179ffd19a1627e79f8648d09e095252bc418,ADDRESS,,,,ACTIVE,,,,,CU-TRG-0053,,CU-IMP-2783,,ONCHAIN_SCAN,HIGH,,Circle
CU-ACT-2784,2025-03-22,UNBLACKLIST,0xd47438c816c9e7f2e2888e060936a499af9582b3,ADDRESS,,,,ACTIVE,,,,,CU-TRG-0053,,CU-IMP-2784,,ONCHAIN_SCAN,HIGH,,Circle
CU-ACT-2785,2025-03-22,UNBLACKLIST,0xd5d6f8d9e784d0e26222ad3834500801a68d027d,ADDRESS,,,,ACTIVE,,,,,CU-TRG-0053,,CU-IMP-2785,,ONCHAIN_SCAN,HIGH,,Circle
CU-ACT-2786,2025-03-22,UNBLACKLIST,0xdf231d99ff8b6c6cbf4e9b9a945cbacef9339178,ADDRESS,,,,ACTIVE,,,,,CU-TRG-0053,,CU-IMP-2786,,ONCHAIN_SCAN,HIGH,,Circle
CU-ACT-2787,2025-03-22,UNBLACKLIST,0xedc5d01286f99a066559f60a585406f3878a033e,ADDRESS,,,,ACTIVE,,,,,CU-TRG-0053,,CU-IMP-2787,,ONCHAIN_SCAN,HIGH,,Circle
CU-ACT-2788,2025-03-22,UNBLACKLIST,0x0e3a09dda6b20afbb34ac7cd4a6881493f3e7bf7,ADDRESS,,,,ACTIVE,,,,,CU-TRG-0053,,CU-IMP-2788,,ONCHAIN_SCAN,HIGH,,Circle
CU-ACT-2789,2025-03-22,UNBLACKLIST,0x05e0b5b40b7b66098c2161a5ee11c5740a3a7c45,ADDRESS,,,,ACTIVE,,,,,CU-TRG-0053,,CU-IMP-2789,,ONCHAIN_SCAN,HIGH,,Circle
CU-ACT-2790,2025-04-02,BLACKLIST,0x16f068ea913a912c62114a873b678b1aa9236585,ADDRESS,SANCTIONED_ENTITY,CU-ENT-0051,,ACTIVE,,,,,CU-TRG-0045,,CU-IMP-2790,2025-04-02,ONCHAIN_SCAN,HIGH,,Circle
CU-ACT-2791,2025-04-02,BLACKLIST,0x9acfa7136bd9ee19fc2c4517e2033705262f938c,ADDRESS,SANCTIONED_ENTITY,CU-ENT-0051,,ACTIVE,,,,,CU-TRG-0045,,CU-IMP-2791,2025-04-02,ONCHAIN_SCAN,HIGH,,Circle
CU-ACT-2792,2025-04-02,BLACKLIST,0xe942adb085bdc3cd49ad2ddaea53934f12a7e0a5,ADDRESS,SANCTIONED_ENTITY,CU-ENT-0051,,ACTIVE,,,,,CU-TRG-0045,,CU-IMP-2792,2025-04-02,ONCHAIN_SCAN,HIGH,,Circle
CU-ACT-2793,2025-04-02,BLACKLIST,0x4755da10f30da425a1b5f12166bec82600c48c79,ADDRESS,SANCTIONED_ENTITY,CU-ENT-0051,,ACTIVE,,,,,CU-TRG-0045,,CU-IMP-2793,2025-04-02,ONCHAIN_SCAN,HIGH,,Circle
CU-ACT-2794,2025-04-02,BLACKLIST,0x2b872fc6d0614e39150d078db0e2ff56650f2b4b,ADDRESS,SANCTIONED_ENTITY,CU-ENT-0051,,ACTIVE,,,,,CU-TRG-0045,,CU-IMP-2794,2025-04-02,ONCHAIN_SCAN,HIGH,,Circle
CU-ACT-2795,2025-04-02,BLACKLIST,0x7a01e8268bbb7b5b7403b673aa0b9d7b36f651aa,ADDRESS,SANCTIONED_ENTITY,CU-ENT-0051,,ACTIVE,,,,,CU-TRG-0045,,CU-IMP-2795,2025-04-02,ONCHAIN_SCAN,HIGH,,Circle
CU-ACT-2796,2025-04-02,BLACKLIST,0x2a4c4406a0495116aa880c57486cb876658d8aa1,ADDRESS,SANCTIONED_ENTITY,CU-ENT-0051,,ACTIVE,,,,,CU-TRG-0045,,CU-IMP-2796,2025-04-02,ONCHAIN_SCAN,HIGH,,Circle
CU-ACT-2797,2025-04-02,BLACKLIST,0xd9471e6c644756e845e4a10260362ab9a3a9845a,ADDRESS,SANCTIONED_ENTITY,CU-ENT-0051,,ACTIVE,,,,,CU-TRG-0045,,CU-IMP-2797,2025-04-02,ONCHAIN_SCAN,HIGH,,Circle
CU-ACT-2798,2025-05-29,BLACKLIST,0xd5ed34b52ac4ab84d8fa8a231a3218bbf01ed510,ADDRESS,sanctioned_entity,CU-ENT-0031,,ACTIVE,,,,,CU-TRG-0031,,CU-IMP-2798,,ONCHAIN_SCAN,HIGH,,Circle
CU-ACT-2799,2025-05-29,BLACKLIST,0x8c5f37d4db13967643e33d5404f66f86569221ca,ADDRESS,SANCTIONED_ENTITY,CU-ENT-0031,,ACTIVE,,,,,CU-TRG-0031,,CU-IMP-2799,2025-05-29,ONCHAIN_SCAN,HIGH,,Circle
CU-ACT-2800,2025-07-01,BLACKLIST,0xc685132e908cce284c063415ea353af5f555c6c6,ADDRESS,SANCTIONED_ENTITY,CU-ENT-0080,,ACTIVE,,,,,CU-TRG-0073,,CU-IMP-2800,2025-07-01,ONCHAIN_SCAN,HIGH,,Circle
CU-ACT-2801,2025-08-14,BLACKLIST,0x3301843d4d8c3314706a6526940bc2a38ed29475,ADDRESS,SANCTIONED_ENTITY,CU-ENT-0050,,ACTIVE,,,,,CU-TRG-0044,,CU-IMP-2801,2025-08-14,ONCHAIN_SCAN,HIGH,,Circle
CU-ACT-2802,2025-08-14,BLACKLIST,0x6e2bf91ff62095e759301a1e46df3278f7d6bf07,ADDRESS,SANCTIONED_ENTITY,CU-ENT-0050,,ACTIVE,,,,,CU-TRG-0044,,CU-IMP-2802,2025-08-14,ONCHAIN_SCAN,HIGH,,Circle
CU-ACT-2803,2025-08-14,BLACKLIST,0x8a33c4dccc7e840e536c1abc9af4612f876f54de,ADDRESS,SANCTIONED_ENTITY,CU-ENT-0050,,ACTIVE,,,,,CU-TRG-0044,,CU-IMP-2803,2025-08-14,ONCHAIN_SCAN,HIGH,,Circle
CU-ACT-2804,2025-08-14,BLACKLIST,0x17b65262f73d2a8668dededc6a40274c3e0ea058,ADDRESS,SANCTIONED_ENTITY,CU-ENT-0050,,ACTIVE,,,,,CU-TRG-0044,,CU-IMP-2804,2025-08-14,ONCHAIN_SCAN,HIGH,,Circle
CU-ACT-2805,2025-08-14,BLACKLIST,0x0655b7211f302b42a7bfa16a6c45284ab82fd85b,ADDRESS,SANCTIONED_ENTITY,CU-ENT-0050,,ACTIVE,,,,,CU-TRG-0044,,CU-IMP-2805,2025-08-14,ONCHAIN_SCAN,HIGH,,Circle
CU-ACT-2806,2025-08-14,BLACKLIST,0x82df92ebaa039dd6c9e0689390d7298a5ca1f59c,ADDRESS,SANCTIONED_ENTITY,CU-ENT-0050,,ACTIVE,,,,,CU-TRG-0044,,CU-IMP-2806,2025-08-14,ONCHAIN_SCAN,HIGH,,Circle
CU-ACT-2807,2025-08-14,BLACKLIST,0x48ea81d8db01cc3f551be8ecc8627b5a803eb075,ADDRESS,SANCTIONED_ENTITY,CU-ENT-0050,,ACTIVE,,,,,CU-TRG-0044,,CU-IMP-2807,2025-08-14,ONCHAIN_SCAN,HIGH,,Circle
CU-ACT-2808,2025-08-14,BLACKLIST,0x12de548f79a50d2bd05481c8515c1ef5183666a9,ADDRESS,sanctioned_entity,CU-ENT-0032,,ACTIVE,,,,,CU-TRG-0032,,CU-IMP-2808,,ONCHAIN_SCAN,HIGH,,Circle
CU-ACT-2809,2025-08-14,BLACKLIST,0x18f703184349667cdae85a07e7f2efac36052b89,ADDRESS,SANCTIONED_ENTITY,CU-ENT-0050,,ACTIVE,,,,,CU-TRG-0044,,CU-IMP-2809,2025-08-14,ONCHAIN_SCAN,HIGH,,Circle
CU-ACT-2810,2025-08-14,BLACKLIST,0x8dce2aac0de82bdcaf6b4373b79f94331b8e4995,ADDRESS,sanctioned_entity,CU-ENT-0010,,ACTIVE,,,,,CU-TRG-0010,,CU-IMP-2810,,ONCHAIN_SCAN,HIGH,,Circle
CU-ACT-2811,2025-08-14,BLACKLIST,0xf4377eda661e04b6dda78969796ed31658d602d4,ADDRESS,sanctioned_entity,CU-ENT-0010,,ACTIVE,,,,,CU-TRG-0010,,CU-IMP-2811,,ONCHAIN_SCAN,HIGH,,Circle
CU-ACT-2812,2025-08-14,BLACKLIST,0xb338962b92cd818d6aef0a32a9ecd01212a71f33,ADDRESS,sanctioned_entity,CU-ENT-0010,,ACTIVE,,,,,CU-TRG-0010,,CU-IMP-2812,,ONCHAIN_SCAN,HIGH,,Circle
CU-ACT-2813,2025-08-14,BLACKLIST,0x57ec89a0c056163a0314e413320f9b3abe761259,ADDRESS,sanctioned_entity,CU-ENT-0010,,ACTIVE,,,,,CU-TRG-0010,,CU-IMP-2813,,ONCHAIN_SCAN,HIGH,,Circle
CU-ACT-2814,2025-08-14,BLACKLIST,0xd8500c631dc32fa18645b7436344a99e4825e10e,ADDRESS,sanctioned_entity,CU-ENT-0010,,ACTIVE,,,,,CU-TRG-0010,,CU-IMP-2814,,ONCHAIN_SCAN,HIGH,,Circle
CU-ACT-2815,2025-08-14,BLACKLIST,0x7ced75026204ac29c34bea98905d4c949f27361e,ADDRESS,sanctioned_entity,CU-ENT-0010,,ACTIVE,,,,,CU-TRG-0010,,CU-IMP-2815,,ONCHAIN_SCAN,HIGH,,Circle
CU-ACT-2816,2025-08-14,BLACKLIST,0x418949a4a7da9e07192909722072dded8f670d58,ADDRESS,SANCTIONED_ENTITY,CU-ENT-0050,,ACTIVE,,,,,CU-TRG-0044,,CU-IMP-2816,2025-08-14,ONCHAIN_SCAN,HIGH,,Circle
CU-ACT-2817,2025-08-14,BLACKLIST,0x6042c2f32769454c5ff226fdae52b81e49cd922f,ADDRESS,SANCTIONED_ENTITY,CU-ENT-0050,,ACTIVE,,,,,CU-TRG-0044,,CU-IMP-2817,2025-08-14,ONCHAIN_SCAN,HIGH,,Circle
CU-ACT-2818,2025-08-14,BLACKLIST,0x8660f3ab5285f9e497ffbf2997285c24466aa2a1,ADDRESS,SANCTIONED_ENTITY,CU-ENT-0050,,ACTIVE,,,,,CU-TRG-0044,,CU-IMP-2818,2025-08-14,ONCHAIN_SCAN,HIGH,,Circle
CU-ACT-2819,2025-09-12,BLACKLIST,0xfa3576591b710cd8a68f22fc10281f39f88d8cb1,ADDRESS,,,,REVERSED,CU-ACT-2820,,,,,,CU-IMP-2819,,ONCHAIN_SCAN,HIGH,,Circle
CU-ACT-2820,2025-09-12,UNBLACKLIST,0xfa3576591b710cd8a68f22fc10281f39f88d8cb1,ADDRESS,,,,ACTIVE,,,,,,,CU-IMP-2820,,ONCHAIN_SCAN,HIGH,,Circle
CU-ACT-2821,2025-09-16,BLACKLIST,0xe3d35f68383732649669aa990832e017340dbca5,ADDRESS,sanctioned_entity,CU-ENT-0033,,ACTIVE,,,,,CU-TRG-0033,,CU-IMP-2821,,ONCHAIN_SCAN,HIGH,,Circle
CU-ACT-2822,2025-09-16,BLACKLIST,0xf405df57cc3a2df4dd262b6494d76e346ca778f1,ADDRESS,SANCTIONED_ENTITY,CU-ENT-0056,,ACTIVE,,,,,CU-TRG-0050,,CU-IMP-2822,2025-09-16,ONCHAIN_SCAN,HIGH,,Circle
CU-ACT-2823,2025-09-16,BLACKLIST,0x532b77b33a040587e9fd1800088225f99b8b0e8a,ADDRESS,sanctioned_entity,CU-ENT-0033,,ACTIVE,,,,,CU-TRG-0033,,CU-IMP-2823,,ONCHAIN_SCAN,HIGH,,Circle
CU-ACT-2824,2025-09-16,BLACKLIST,0xab4302cfcf1c2337c1b59af1d23bd97189fe962c,ADDRESS,SANCTIONED_ENTITY,CU-ENT-0056,,ACTIVE,,,,,CU-TRG-0050,,CU-IMP-2824,2025-09-16,ONCHAIN_SCAN,HIGH,,Circle
CU-ACT-2825,2025-09-16,BLACKLIST,0xdb2720ebad55399117ddb4c4a4afd9a4ccada8fe,ADDRESS,sanctioned_entity,CU-ENT-0034,,ACTIVE,,,,,CU-TRG-0034,,CU-IMP-2825,,ONCHAIN_SCAN,HIGH,,Circle
CU-ACT-2826,2025-09-16,BLACKLIST,0x9ab7a3e606677ddf6f3538dd4472ec770c282b3e,ADDRESS,SANCTIONED_ENTITY,CU-ENT-0056,,ACTIVE,,,,,CU-TRG-0050,,CU-IMP-2826,2025-09-16,ONCHAIN_SCAN,HIGH,,Circle
CU-ACT-2827,2025-09-16,BLACKLIST,0xba475bb43ee21013fd14c85e2c74b24bcf5a54c1,ADDRESS,SANCTIONED_ENTITY,CU-ENT-0056,,ACTIVE,,,,,CU-TRG-0050,,CU-IMP-2827,2025-09-16,ONCHAIN_SCAN,HIGH,,Circle
CU-ACT-2828,2025-09-24,BLACKLIST,0x240fd853e1509a975bd95348d49c923fb0b5d43c,ADDRESS,SANCTIONED_ENTITY,CU-ENT-0081,,ACTIVE,,,,,CU-TRG-0074,,CU-IMP-2828,2025-09-24,ONCHAIN_SCAN,HIGH,,Circle
CU-ACT-2829,2025-10-14,BLACKLIST,0xae05eb856cb28c156d9722094f5eefd5693bc181,ADDRESS,SANCTIONED_ENTITY,CU-ENT-0055,,ACTIVE,,,,,CU-TRG-0049,,CU-IMP-2829,2025-10-14,ONCHAIN_SCAN,HIGH,,Circle
CU-ACT-2830,2025-10-14,BLACKLIST,0x2a4ff8bc97d3faef20ca9aa3c8dac93450695434,ADDRESS,SANCTIONED_ENTITY,CU-ENT-0055,,ACTIVE,,,,,CU-TRG-0049,,CU-IMP-2830,2025-10-14,ONCHAIN_SCAN,HIGH,,Circle
CU-ACT-2831,2025-10-14,BLACKLIST,0xd599ac04a1c786972b81e0fef6fb0c3e7b52f8a7,ADDRESS,SANCTIONED_ENTITY,CU-ENT-0055,,ACTIVE,,,,,CU-TRG-0049,,CU-IMP-2831,2025-10-14,ONCHAIN_SCAN,HIGH,,Circle
CU-ACT-2832,2025-10-14,BLACKLIST,0x500aa554ed27a6c94fe0d5eb5df3482b528a5efe,ADDRESS,SANCTIONED_ENTITY,CU-ENT-0055,,ACTIVE,,,,,CU-TRG-0049,,CU-IMP-2832,2025-10-14,ONCHAIN_SCAN,HIGH,,Circle
CU-ACT-2833,2025-11-04,BLACKLIST,0x00be5e0c85be35948d97ad37f62d108243f89ae0,ADDRESS,SANCTIONED_ENTITY,CU-ENT-0047,,ACTIVE,,,CU-INC-0003,,CU-TRG-0042,,CU-IMP-2833,2025-11-04,ONCHAIN_SCAN,HIGH,,Circle
CU-ACT-2834,2025-11-04,BLACKLIST,0x00bf03f87539214307207c61b7f729ddc22977b8,ADDRESS,SANCTIONED_ENTITY,CU-ENT-0047,,ACTIVE,,,CU-INC-0003,,CU-TRG-0042,,CU-IMP-2834,2025-11-04,ONCHAIN_SCAN,HIGH,,Circle
CU-ACT-2835,2025-11-04,BLACKLIST,0x596ac03ba123b802325bf62ceff98e5608ac48e9,ADDRESS,SANCTIONED_ENTITY,CU-ENT-0047,,ACTIVE,,,CU-INC-0003,,CU-TRG-0042,,CU-IMP-2835,2025-11-04,ONCHAIN_SCAN,HIGH,,Circle
CU-ACT-2836,2025-11-04,BLACKLIST,0x5263b1aa550f70bd9753ec558c631eaadd2ae98c,ADDRESS,SANCTIONED_ENTITY,CU-ENT-0047,,ACTIVE,,,CU-INC-0003,,CU-TRG-0042,,CU-IMP-2836,2025-11-04,ONCHAIN_SCAN,HIGH,,Circle
CU-ACT-2837,2025-11-04,BLACKLIST,0x0d1891dd69efe614918e989b5ebd68d6e5f18ff5,ADDRESS,SANCTIONED_ENTITY,CU-ENT-0047,,ACTIVE,,,CU-INC-0003,,CU-TRG-0042,,CU-IMP-2837,2025-11-04,ONCHAIN_SCAN,HIGH,,Circle
CU-ACT-2838,2025-11-04,BLACKLIST,0x10df38a923a660965d098f24a618b0d1b5d99cba,ADDRESS,SANCTIONED_ENTITY,CU-ENT-0047,,ACTIVE,,,CU-INC-0003,,CU-TRG-0042,,CU-IMP-2838,2025-11-04,ONCHAIN_SCAN,HIGH,,Circle
CU-ACT-2839,2025-11-04,BLACKLIST,0x114074ff655d0643a4ff70411ffca618cb7edca1,ADDRESS,SANCTIONED_ENTITY,CU-ENT-0047,,ACTIVE,,,CU-INC-0003,,CU-TRG-0042,,CU-IMP-2839,2025-11-04,ONCHAIN_SCAN,HIGH,,Circle
CU-ACT-2840,2025-11-04,BLACKLIST,0x117bb0cfee7ce8f842967537fbcd92fc504d68ab,ADDRESS,SANCTIONED_ENTITY,CU-ENT-0047,,ACTIVE,,,CU-INC-0003,,CU-TRG-0042,,CU-IMP-2840,2025-11-04,ONCHAIN_SCAN,HIGH,,Circle
CU-ACT-2841,2025-11-04,BLACKLIST,0x17fff4f3364fa6dfa25cf37bebbff62bc47232f7,ADDRESS,SANCTIONED_ENTITY,CU-ENT-0047,,ACTIVE,,,CU-INC-0003,,CU-TRG-0042,,CU-IMP-2841,2025-11-04,ONCHAIN_SCAN,HIGH,,Circle
CU-ACT-2842,2025-11-04,BLACKLIST,0x15a68a9ffa2a94bdad8468d93af4db24251af772,ADDRESS,SANCTIONED_ENTITY,CU-ENT-0047,,ACTIVE,,,CU-INC-0003,,CU-TRG-0042,,CU-IMP-2842,2025-11-04,ONCHAIN_SCAN,HIGH,,Circle
CU-ACT-2843,2025-11-04,BLACKLIST,0x2547ad3f4b0d37881101885addd1cedf753af9aa,ADDRESS,SANCTIONED_ENTITY,CU-ENT-0047,,ACTIVE,,,CU-INC-0003,,CU-TRG-0042,,CU-IMP-2843,2025-11-04,ONCHAIN_SCAN,HIGH,,Circle
CU-ACT-2844,2025-11-04,BLACKLIST,0x2cbd0ba5b15bde90d5252d8ac1ed2aa121d2d62a,ADDRESS,SANCTIONED_ENTITY,CU-ENT-0047,,ACTIVE,,,CU-INC-0003,,CU-TRG-0042,,CU-IMP-2844,2025-11-04,ONCHAIN_SCAN,HIGH,,Circle
CU-ACT-2845,2025-11-04,BLACKLIST,0x171f95410bc65dfc8549c287cd475dc8b82df192,ADDRESS,SANCTIONED_ENTITY,CU-ENT-0047,,ACTIVE,,,CU-INC-0003,,CU-TRG-0042,,CU-IMP-2845,2025-11-04,ONCHAIN_SCAN,HIGH,,Circle
CU-ACT-2846,2025-11-04,BLACKLIST,0x37cefc817a4582773b26835910127ba24f284bb4,ADDRESS,SANCTIONED_ENTITY,CU-ENT-0047,,ACTIVE,,,CU-INC-0003,,CU-TRG-0042,,CU-IMP-2846,2025-11-04,ONCHAIN_SCAN,HIGH,,Circle
CU-ACT-2847,2025-11-04,BLACKLIST,0x3e0c892556da529a0c03a28f763964bdf25ca88c,ADDRESS,SANCTIONED_ENTITY,CU-ENT-0047,,ACTIVE,,,CU-INC-0003,,CU-TRG-0042,,CU-IMP-2847,2025-11-04,ONCHAIN_SCAN,HIGH,,Circle
CU-ACT-2848,2025-11-04,BLACKLIST,0x45afe4b7e98b6ef450e7b5f53bc1763f3be83e69,ADDRESS,SANCTIONED_ENTITY,CU-ENT-0047,,ACTIVE,,,CU-INC-0003,,CU-TRG-0042,,CU-IMP-2848,2025-11-04,ONCHAIN_SCAN,HIGH,,Circle
CU-ACT-2849,2025-11-04,BLACKLIST,0x40813812bb5a22be798d7f4cf227a584f4f87bc9,ADDRESS,SANCTIONED_ENTITY,CU-ENT-0047,,ACTIVE,,,CU-INC-0003,,CU-TRG-0042,,CU-IMP-2849,2025-11-04,ONCHAIN_SCAN,HIGH,,Circle
CU-ACT-2850,2025-11-04,BLACKLIST,0x44888f0a128a21872c38aa44bede1e31137ba85f,ADDRESS,SANCTIONED_ENTITY,CU-ENT-0047,,ACTIVE,,,CU-INC-0003,,CU-TRG-0042,,CU-IMP-2850,2025-11-04,ONCHAIN_SCAN,HIGH,,Circle
CU-ACT-2851,2025-11-04,BLACKLIST,0x491e68c8464e39723c304aef5cea9543f37ee607,ADDRESS,SANCTIONED_ENTITY,CU-ENT-0047,,ACTIVE,,,CU-INC-0003,,CU-TRG-0042,,CU-IMP-2851,2025-11-04,ONCHAIN_SCAN,HIGH,,Circle
CU-ACT-2852,2025-11-04,BLACKLIST,0x45fc0d462a6473905024a10f756feadf8e6c2d08,ADDRESS,SANCTIONED_ENTITY,CU-ENT-0047,,ACTIVE,,,CU-INC-0003,,CU-TRG-0042,,CU-IMP-2852,2025-11-04,ONCHAIN_SCAN,HIGH,,Circle
CU-ACT-2853,2025-11-04,BLACKLIST,0x4b1d7ad9f0cbff66d194ba1e9f0da31635f23f0e,ADDRESS,SANCTIONED_ENTITY,CU-ENT-0047,,ACTIVE,,,CU-INC-0003,,CU-TRG-0042,,CU-IMP-2853,2025-11-04,ONCHAIN_SCAN,HIGH,,Circle
CU-ACT-2854,2025-11-04,BLACKLIST,0x412e673fb7cce4e031b9a02277b1aeb599f62bc1,ADDRESS,SANCTIONED_ENTITY,CU-ENT-0047,,ACTIVE,,,CU-INC-0003,,CU-TRG-0042,,CU-IMP-2854,2025-11-04,ONCHAIN_SCAN,HIGH,,Circle
CU-ACT-2855,2025-11-04,BLACKLIST,0x46ccbcaf10b406a85a412ab713ad451caef9a950,ADDRESS,SANCTIONED_ENTITY,CU-ENT-0047,,ACTIVE,,,CU-INC-0003,,CU-TRG-0042,,CU-IMP-2855,2025-11-04,ONCHAIN_SCAN,HIGH,,Circle
CU-ACT-2856,2025-11-04,BLACKLIST,0x4fa8b02fd04a8ed74b2c77d7efdfffbcc884e3f2,ADDRESS,SANCTIONED_ENTITY,CU-ENT-0047,,ACTIVE,,,CU-INC-0003,,CU-TRG-0042,,CU-IMP-2856,2025-11-04,ONCHAIN_SCAN,HIGH,,Circle
CU-ACT-2857,2025-11-04,BLACKLIST,0x5042cca9d00c44733ebaf550851b9a65cc98d58f,ADDRESS,SANCTIONED_ENTITY,CU-ENT-0047,,ACTIVE,,,CU-INC-0003,,CU-TRG-0042,,CU-IMP-2857,2025-11-04,ONCHAIN_SCAN,HIGH,,Circle
CU-ACT-2858,2025-11-04,BLACKLIST,0x55ef531216bd8077fb1acb8e61be532214b33b76,ADDRESS,SANCTIONED_ENTITY,CU-ENT-0047,,ACTIVE,,,CU-INC-0003,,CU-TRG-0042,,CU-IMP-2858,2025-11-04,ONCHAIN_SCAN,HIGH,,Circle
CU-ACT-2859,2025-11-04,BLACKLIST,0x80865644f47925223c7e12014e9b11f0f05212bc,ADDRESS,SANCTIONED_ENTITY,CU-ENT-0047,,ACTIVE,,,CU-INC-0003,,CU-TRG-0042,,CU-IMP-2859,2025-11-04,ONCHAIN_SCAN,HIGH,,Circle
CU-ACT-2860,2025-11-04,BLACKLIST,0x7b7f0d8f53e16faee4cf90aedf50c7073f17beff,ADDRESS,SANCTIONED_ENTITY,CU-ENT-0047,,ACTIVE,,,CU-INC-0003,,CU-TRG-0042,,CU-IMP-2860,2025-11-04,ONCHAIN_SCAN,HIGH,,Circle
CU-ACT-2861,2025-11-04,BLACKLIST,0x72a2fc69c5a3025d9d79bb01335860aaf2a4a948,ADDRESS,SANCTIONED_ENTITY,CU-ENT-0047,,ACTIVE,,,CU-INC-0003,,CU-TRG-0042,,CU-IMP-2861,2025-11-04,ONCHAIN_SCAN,HIGH,,Circle
CU-ACT-2862,2025-11-04,BLACKLIST,0x95a603c86ec4a585e4359d1f07e6949567491fc9,ADDRESS,SANCTIONED_ENTITY,CU-ENT-0047,,ACTIVE,,,CU-INC-0003,,CU-TRG-0042,,CU-IMP-2862,2025-11-04,ONCHAIN_SCAN,HIGH,,Circle
CU-ACT-2863,2025-11-04,BLACKLIST,0x5a1ca8328b9da53c6c11c8745ea8da29a9cd36c1,ADDRESS,SANCTIONED_ENTITY,CU-ENT-0047,,ACTIVE,,,CU-INC-0003,,CU-TRG-0042,,CU-IMP-2863,2025-11-04,ONCHAIN_SCAN,HIGH,,Circle
CU-ACT-2864,2025-11-04,BLACKLIST,0xfc3def4dc3bac88f7e80d53c2499a02d65ae7e66,ADDRESS,SANCTIONED_ENTITY,CU-ENT-0047,,ACTIVE,,,CU-INC-0003,,CU-TRG-0042,,CU-IMP-2864,2025-11-04,ONCHAIN_SCAN,HIGH,,Circle
CU-ACT-2865,2025-11-04,BLACKLIST,0x9d6350f74c811ca9e9c9adc35227a1193d5984b0,ADDRESS,SANCTIONED_ENTITY,CU-ENT-0047,,ACTIVE,,,CU-INC-0003,,CU-TRG-0042,,CU-IMP-2865,2025-11-04,ONCHAIN_SCAN,HIGH,,Circle
CU-ACT-2866,2025-11-04,BLACKLIST,0xa4e740b001ea51cd90988b19cfb9da7a52e91c47,ADDRESS,SANCTIONED_ENTITY,CU-ENT-0047,,ACTIVE,,,CU-INC-0003,,CU-TRG-0042,,CU-IMP-2866,2025-11-04,ONCHAIN_SCAN,HIGH,,Circle
CU-ACT-2867,2025-11-04,BLACKLIST,0x97a582fff8b54e501f584dcd828fd1200f6f9e6b,ADDRESS,SANCTIONED_ENTITY,CU-ENT-0047,,ACTIVE,,,CU-INC-0003,,CU-TRG-0042,,CU-IMP-2867,2025-11-04,ONCHAIN_SCAN,HIGH,,Circle
CU-ACT-2868,2025-11-04,BLACKLIST,0x919d585e07ab0926832753eb43fd6fb2b8488051,ADDRESS,SANCTIONED_ENTITY,CU-ENT-0047,,ACTIVE,,,CU-INC-0003,,CU-TRG-0042,,CU-IMP-2868,2025-11-04,ONCHAIN_SCAN,HIGH,,Circle
CU-ACT-2869,2025-11-04,BLACKLIST,0xad0fd006d311c33da60c180603316a813a3f68d4,ADDRESS,SANCTIONED_ENTITY,CU-ENT-0047,,ACTIVE,,,CU-INC-0003,,CU-TRG-0042,,CU-IMP-2869,2025-11-04,ONCHAIN_SCAN,HIGH,,Circle
CU-ACT-2870,2025-11-04,BLACKLIST,0xc19a1636cf379ce180a61946a990d743bd2ee3d1,ADDRESS,SANCTIONED_ENTITY,CU-ENT-0047,,ACTIVE,,,CU-INC-0003,,CU-TRG-0042,,CU-IMP-2870,2025-11-04,ONCHAIN_SCAN,HIGH,,Circle
CU-ACT-2871,2025-11-04,BLACKLIST,0x932dbae7c0493923c2643efc52b9faadfc3109a6,ADDRESS,SANCTIONED_ENTITY,CU-ENT-0047,,ACTIVE,,,CU-INC-0003,,CU-TRG-0042,,CU-IMP-2871,2025-11-04,ONCHAIN_SCAN,HIGH,,Circle
CU-ACT-2872,2025-11-04,BLACKLIST,0xa3afa16728fc3a16072a7a00ec4508fafe02a34a,ADDRESS,SANCTIONED_ENTITY,CU-ENT-0047,,ACTIVE,,,CU-INC-0003,,CU-TRG-0042,,CU-IMP-2872,2025-11-04,ONCHAIN_SCAN,HIGH,,Circle
CU-ACT-2873,2025-11-04,BLACKLIST,0x80d658d0d767de04a4379fee4a2fdf10d9bfbf03,ADDRESS,SANCTIONED_ENTITY,CU-ENT-0047,,ACTIVE,,,CU-INC-0003,,CU-TRG-0042,,CU-IMP-2873,2025-11-04,ONCHAIN_SCAN,HIGH,,Circle
CU-ACT-2874,2025-11-04,BLACKLIST,0xda9809eaca62c7d52978045007f26817c425875f,ADDRESS,SANCTIONED_ENTITY,CU-ENT-0047,,ACTIVE,,,CU-INC-0003,,CU-TRG-0042,,CU-IMP-2874,2025-11-04,ONCHAIN_SCAN,HIGH,,Circle
CU-ACT-2875,2025-11-04,BLACKLIST,0xf3f338ec1c5e17ab45377e78308ace9a6338242c,ADDRESS,SANCTIONED_ENTITY,CU-ENT-0047,,ACTIVE,,,CU-INC-0003,,CU-TRG-0042,,CU-IMP-2875,2025-11-04,ONCHAIN_SCAN,HIGH,,Circle
CU-ACT-2876,2025-11-04,BLACKLIST,0xdb7ae6b7a2153fe0062be5d1d90a8be5ec8aaa50,ADDRESS,SANCTIONED_ENTITY,CU-ENT-0047,,ACTIVE,,,CU-INC-0003,,CU-TRG-0042,,CU-IMP-2876,2025-11-04,ONCHAIN_SCAN,HIGH,,Circle
CU-ACT-2877,2025-11-04,BLACKLIST,0xc5aa13f464851d92fd59f1ef6a1c719e5e6d2d4a,ADDRESS,SANCTIONED_ENTITY,CU-ENT-0047,,ACTIVE,,,CU-INC-0003,,CU-TRG-0042,,CU-IMP-2877,2025-11-04,ONCHAIN_SCAN,HIGH,,Circle
CU-ACT-2878,2025-11-04,BLACKLIST,0xed5324b5482a3eef2eb4263d1c386d86bfda5d4b,ADDRESS,SANCTIONED_ENTITY,CU-ENT-0047,,ACTIVE,,,CU-INC-0003,,CU-TRG-0042,,CU-IMP-2878,2025-11-04,ONCHAIN_SCAN,HIGH,,Circle
CU-ACT-2879,2025-11-04,BLACKLIST,0xc014eb917fb0689844b31347c7556c18a319bbbf,ADDRESS,SANCTIONED_ENTITY,CU-ENT-0047,,ACTIVE,,,CU-INC-0003,,CU-TRG-0042,,CU-IMP-2879,2025-11-04,ONCHAIN_SCAN,HIGH,,Circle
CU-ACT-2880,2025-11-04,BLACKLIST,0xf512078e07f61a2e28081c8ea86c6056788d18b4,ADDRESS,SANCTIONED_ENTITY,CU-ENT-0047,,ACTIVE,,,CU-INC-0003,,CU-TRG-0042,,CU-IMP-2880,2025-11-04,ONCHAIN_SCAN,HIGH,,Circle
CU-ACT-2881,2025-11-04,BLACKLIST,0xd3301fc40c118a14ba8c15370e6dd3746656d287,ADDRESS,SANCTIONED_ENTITY,CU-ENT-0047,,ACTIVE,,,CU-INC-0003,,CU-TRG-0042,,CU-IMP-2881,2025-11-04,ONCHAIN_SCAN,HIGH,,Circle
CU-ACT-2882,2025-11-04,BLACKLIST,0xc95b0eaad3ed1c1505fc9b1a50c160afe3594036,ADDRESS,SANCTIONED_ENTITY,CU-ENT-0047,,ACTIVE,,,CU-INC-0003,,CU-TRG-0042,,CU-IMP-2882,2025-11-04,ONCHAIN_SCAN,HIGH,,Circle
CU-ACT-2883,2025-11-04,BLACKLIST,0xe96e4483bc3f3abfea3213cd8a094ce5b26b117c,ADDRESS,SANCTIONED_ENTITY,CU-ENT-0047,,ACTIVE,,,CU-INC-0003,,CU-TRG-0042,,CU-IMP-2883,2025-11-04,ONCHAIN_SCAN,HIGH,,Circle
CU-ACT-2884,2025-11-04,BLACKLIST,0xe61c235a51cf48a554c60005d936d424d0d76397,ADDRESS,SANCTIONED_ENTITY,CU-ENT-0047,,ACTIVE,,,CU-INC-0003,,CU-TRG-0042,,CU-IMP-2884,2025-11-04,ONCHAIN_SCAN,HIGH,,Circle
CU-ACT-2885,2025-11-04,BLACKLIST,0xdc2ec40485f23d6268fe9f4fde8c390051f4766a,ADDRESS,SANCTIONED_ENTITY,CU-ENT-0047,,ACTIVE,,,CU-INC-0003,,CU-TRG-0042,,CU-IMP-2885,2025-11-04,ONCHAIN_SCAN,HIGH,,Circle
CU-ACT-2886,2025-11-19,BLACKLIST,0x5d5b5dafecbf31bdb08bfd3edad4f2694372d0ef,ADDRESS,sanctioned_entity,CU-ENT-0035,,ACTIVE,,,,,CU-TRG-0035,,CU-IMP-2886,,ONCHAIN_SCAN,HIGH,,Circle
CU-ACT-2887,2025-11-19,BLACKLIST,0xe1e4c5e5ed8f03ae61b581e2def126025f2b9401,ADDRESS,sanctioned_entity,CU-ENT-0035,,ACTIVE,,,,,CU-TRG-0035,,CU-IMP-2887,,ONCHAIN_SCAN,HIGH,,Circle
CU-ACT-2888,2025-11-19,BLACKLIST,0x2020b536fd363c82fc3f6ab26aeea94b4ffa1404,ADDRESS,SANCTIONED_ENTITY,CU-ENT-0053,,ACTIVE,,,,,CU-TRG-0047,,CU-IMP-2888,2025-11-19,ONCHAIN_SCAN,HIGH,,Circle
CU-ACT-2889,2025-11-19,BLACKLIST,0xc103b7dc095c904b92081eef0c1640081ec01c10,ADDRESS,sanctioned_entity,CU-ENT-0035,,ACTIVE,,,,,CU-TRG-0035,,CU-IMP-2889,,ONCHAIN_SCAN,HIGH,,Circle
CU-ACT-2890,2025-11-19,BLACKLIST,0x091a964948da0f8f638c8b688e391e5a3df1a43e,ADDRESS,SANCTIONED_ENTITY,CU-ENT-0053,,ACTIVE,,,,,CU-TRG-0047,,CU-IMP-2890,2025-11-19,ONCHAIN_SCAN,HIGH,,Circle
CU-ACT-2891,2025-11-19,BLACKLIST,0x9227c54226014afcb588dc49818e28a3a2367557,ADDRESS,SANCTIONED_ENTITY,CU-ENT-0053,,ACTIVE,,,,,CU-TRG-0047,,CU-IMP-2891,2025-11-19,ONCHAIN_SCAN,HIGH,,Circle
CU-ACT-2892,2025-11-19,BLACKLIST,0x11fe0fd1a9fb17746eb9877a396ddf1b3a632838,ADDRESS,SANCTIONED_ENTITY,CU-ENT-0053,,ACTIVE,,,,,CU-TRG-0047,,CU-IMP-2892,2025-11-19,ONCHAIN_SCAN,HIGH,,Circle
CU-ACT-2893,2025-11-19,BLACKLIST,0xd4e976441a1cad72ee5cbd2fd1b677fe7ce8afdf,ADDRESS,SANCTIONED_ENTITY,CU-ENT-0053,,ACTIVE,,,,,CU-TRG-0047,,CU-IMP-2893,2025-11-19,ONCHAIN_SCAN,HIGH,,Circle
CU-ACT-2894,2025-11-26,BLACKLIST,0x66395ac274efad06bcfa78c882c9c4988833823b,ADDRESS,,,,ACTIVE,,,,,,,CU-IMP-2894,,ONCHAIN_SCAN,HIGH,,Circle
CU-ACT-2895,2026-01-30,BLACKLIST,0x0529ebc9ff01a4d390f91687d7c7406bf0dab24e,ADDRESS,SANCTIONED_ENTITY,CU-ENT-0052,,ACTIVE,,,,,CU-TRG-0046,,CU-IMP-2895,2026-01-30,ONCHAIN_SCAN,HIGH,,Circle
CU-ACT-2896,2026-01-30,BLACKLIST,0xbf92b14aa9fd088182178e2ebf208da946521ee5,ADDRESS,SANCTIONED_ENTITY,CU-ENT-0052,,ACTIVE,,,,,CU-TRG-0046,,CU-IMP-2896,2026-01-30,ONCHAIN_SCAN,HIGH,,Circle
CU-ACT-2897,2026-01-30,BLACKLIST,0x4bae1c4b2167fe4ebcd6d7baac1138d943a2609f,ADDRESS,SANCTIONED_ENTITY,CU-ENT-0052,,ACTIVE,,,,,CU-TRG-0046,,CU-IMP-2897,2026-01-30,ONCHAIN_SCAN,HIGH,,Circle
CU-ACT-2898,2026-01-30,BLACKLIST,0x2136ed3902c1d7217d9b19cf313bbb035ed9bfd7,ADDRESS,SANCTIONED_ENTITY,CU-ENT-0052,,ACTIVE,,,,,CU-TRG-0046,,CU-IMP-2898,2026-01-30,ONCHAIN_SCAN,HIGH,,Circle
CU-ACT-2899,2026-01-30,BLACKLIST,0x180242dc6b95c786c2d9c397532c679a956a1d12,ADDRESS,SANCTIONED_ENTITY,CU-ENT-0052,,ACTIVE,,,,,CU-TRG-0046,,CU-IMP-2899,2026-01-30,ONCHAIN_SCAN,HIGH,,Circle
CU-ACT-2900,2026-01-30,BLACKLIST,0x8dd586d12164a98e319607295935ee968919608e,ADDRESS,SANCTIONED_ENTITY,CU-ENT-0052,,ACTIVE,,,,,CU-TRG-0046,,CU-IMP-2900,2026-01-30,ONCHAIN_SCAN,HIGH,,Circle
CU-ACT-2901,2026-01-30,BLACKLIST,0x783a4cc2478f1b44f37052bac72abaa3fc6f992a,ADDRESS,SANCTIONED_ENTITY,CU-ENT-0052,,ACTIVE,,,,,CU-TRG-0046,,CU-IMP-2901,2026-01-30,ONCHAIN_SCAN,HIGH,,Circle
CU-ACT-2902,2026-03-12,BLACKLIST,0xb637f84b66876ebf609c2a4208905f9ddac9d075,ADDRESS,sanctioned_entity,CU-ENT-0036,,ACTIVE,,,,,CU-TRG-0036,,CU-IMP-2902,,ONCHAIN_SCAN,HIGH,,Circle
CU-ACT-2903,2026-03-12,BLACKLIST,0x95584c303fcd48af5c6b9873015f2ad0ca84eae3,ADDRESS,sanctioned_entity,CU-ENT-0036,,ACTIVE,,,,,CU-TRG-0036,,CU-IMP-2903,,ONCHAIN_SCAN,HIGH,,Circle
CU-ACT-2904,2026-03-12,BLACKLIST,0xcb74874f1e06fcf80a306e06e5379a44b488ba2d,ADDRESS,sanctioned_entity,CU-ENT-0037,,ACTIVE,,,,,CU-TRG-0037,,CU-IMP-2904,,ONCHAIN_SCAN,HIGH,,Circle
CU-ACT-2905,2026-03-12,BLACKLIST,0x0330070fd38ec3bb94f58fa55d40368271e9e54a,ADDRESS,sanctioned_entity,CU-ENT-0037,,ACTIVE,,,,,CU-TRG-0037,,CU-IMP-2905,,ONCHAIN_SCAN,HIGH,,Circle
CU-ACT-2906,2026-03-12,BLACKLIST,0x4f47bc496083c727c5fbe3ce9cdf2b0f6496270c,ADDRESS,sanctioned_entity,CU-ENT-0016,,ACTIVE,,,,,CU-TRG-0016,,CU-IMP-2906,,ONCHAIN_SCAN,HIGH,,Circle
CU-ACT-2907,2026-03-12,BLACKLIST,0xd04e33461fea8302c5e1e13895b60cee8aefda7f,ADDRESS,sanctioned_entity,CU-ENT-0016,,ACTIVE,,,,,CU-TRG-0016,,CU-IMP-2907,,ONCHAIN_SCAN,HIGH,,Circle
CU-ACT-2908,2026-03-12,BLACKLIST,0x9be599d7867f5e1a2d7ec6db9710df2b98a15573,ADDRESS,sanctioned_entity,CU-ENT-0037,,ACTIVE,,,,,CU-TRG-0037,,CU-IMP-2908,,ONCHAIN_SCAN,HIGH,,Circle
CU-ACT-2909,2026-03-12,BLACKLIST,0x76ea76ca4eb727f18956ab93445a94c5280412b9,ADDRESS,sanctioned_entity,CU-ENT-0016,,ACTIVE,,,,,CU-TRG-0016,,CU-IMP-2909,,ONCHAIN_SCAN,HIGH,,Circle
CU-ACT-2910,2026-03-12,BLACKLIST,0xfb3eff152ea55d1bfa04dbdd509a80fd7b72cdeb,ADDRESS,sanctioned_entity,CU-ENT-0016,,ACTIVE,,,,,CU-TRG-0016,,CU-IMP-2910,,ONCHAIN_SCAN,HIGH,,Circle
CU-ACT-2911,2026-03-12,BLACKLIST,0x747afb5c7a7fc34b547cd0fdebf9b91759c5a52b,ADDRESS,sanctioned_entity,CU-ENT-0016,,ACTIVE,,,,,CU-TRG-0016,,CU-IMP-2911,,ONCHAIN_SCAN,HIGH,,Circle
CU-ACT-2912,2026-03-12,BLACKLIST,0xfda1ec4a6178d4916b001a065422d31ebe5f62ff,ADDRESS,sanctioned_entity,CU-ENT-0016,,ACTIVE,,,,,CU-TRG-0016,,CU-IMP-2912,,ONCHAIN_SCAN,HIGH,,Circle
CU-ACT-2913,2026-03-12,BLACKLIST,0x8d55c4306745f05a31af596c6bfa19374073e797,ADDRESS,SANCTIONED_ENTITY,CU-ENT-0046,,ACTIVE,,,CU-INC-0002,,CU-TRG-0041,,CU-IMP-2913,2026-03-12,ONCHAIN_SCAN,MEDIUM,,Circle
CU-ACT-2914,2026-03-12,BLACKLIST,0x2ec6c5fe3d7acd8e2e6185c17d9acb136e66f3e0,ADDRESS,SANCTIONED_ENTITY,CU-ENT-0046,,ACTIVE,,,CU-INC-0002,,CU-TRG-0041,,CU-IMP-2914,2026-03-12,ONCHAIN_SCAN,MEDIUM,,Circle
CU-ACT-2915,2026-03-12,BLACKLIST,0xfe88af78cfc99bea57f2fb708489cfc0f0b7f704,ADDRESS,SANCTIONED_ENTITY,CU-ENT-0046,,ACTIVE,,,CU-INC-0002,,CU-TRG-0041,,CU-IMP-2915,2026-03-12,ONCHAIN_SCAN,MEDIUM,,Circle
CU-ACT-2916,2026-03-12,BLACKLIST,0xee61f0eeee09eed3583baab61fa2e64b96207478,ADDRESS,SANCTIONED_ENTITY,CU-ENT-0046,,ACTIVE,,,CU-INC-0002,,CU-TRG-0041,,CU-IMP-2916,2026-03-12,ONCHAIN_SCAN,MEDIUM,,Circle
CU-ACT-2917,2026-03-12,BLACKLIST,0x9145fc390e71e3b56da4bfe51460cbdbb1a8a3f9,ADDRESS,SANCTIONED_ENTITY,CU-ENT-0046,,ACTIVE,,,CU-INC-0002,,CU-TRG-0041,,CU-IMP-2917,2026-03-12,ONCHAIN_SCAN,MEDIUM,,Circle
CU-ACT-2918,2026-03-12,BLACKLIST,0x283fcf7f260da7c3c9aad91beab58882990a66eb,ADDRESS,SANCTIONED_ENTITY,CU-ENT-0046,,ACTIVE,,,CU-INC-0002,,CU-TRG-0041,,CU-IMP-2918,2026-03-12,ONCHAIN_SCAN,MEDIUM,,Circle
CU-ACT-2919,2026-03-12,BLACKLIST,0x47df0606a84a52763887d7aa280cc4f068326b16,ADDRESS,SANCTIONED_ENTITY,CU-ENT-0046,,ACTIVE,,,CU-INC-0002,,CU-TRG-0041,,CU-IMP-2919,2026-03-12,ONCHAIN_SCAN,MEDIUM,,Circle
CU-ACT-2920,2026-03-12,BLACKLIST,0x88ef69134150f35b1e91fa2d8bfbb44ba2c51e62,ADDRESS,SANCTIONED_ENTITY,CU-ENT-0046,,ACTIVE,,,CU-INC-0002,,CU-TRG-0041,,CU-IMP-2920,2026-03-12,ONCHAIN_SCAN,MEDIUM,,Circle
CU-ACT-2921,2026-03-12,BLACKLIST,0x6315bdc714ebb7a08e5ec10f351b6ca61d052bee,ADDRESS,SANCTIONED_ENTITY,CU-ENT-0046,,ACTIVE,,,CU-INC-0002,,CU-TRG-0041,,CU-IMP-2921,2026-03-12,ONCHAIN_SCAN,MEDIUM,,Circle
CU-ACT-2922,2026-03-12,BLACKLIST,0xf8bc582628cd0c721b554161a1cb59ea003742c0,ADDRESS,SANCTIONED_ENTITY,CU-ENT-0046,,ACTIVE,,,CU-INC-0002,,CU-TRG-0041,,CU-IMP-2922,2026-03-12,ONCHAIN_SCAN,MEDIUM,,Circle
CU-ACT-2923,2026-04-22,UNBLACKLIST,0x355da2de8f9d7da89d92f392e517406a158c90ed,ADDRESS,,,,ACTIVE,,,,,,,CU-IMP-2923,,ONCHAIN_SCAN,HIGH,,Circle
CU-ACT-2924,2026-04-23,BLACKLIST,0x2551ce7f5cc1e2c92247729adf1a858c92739f5d,ADDRESS,,,,ACTIVE,,,,,,,CU-IMP-2924,,ONCHAIN_SCAN,HIGH,,Circle
CU-ACT-2925,2026-04-24,BLACKLIST,0x8be1904f7e8d196ef670835e2893be5f75c1e63e,ADDRESS,SANCTIONED_ENTITY,CU-ENT-0071,,ACTIVE,,,,,CU-TRG-0062,,CU-IMP-2925,2026-04-24,ONCHAIN_SCAN,HIGH,,Circle
CU-ACT-2926,2026-04-24,BLACKLIST,0xc29c4df7111a39030a037a3abc8dc68c8d1d8ceb,ADDRESS,SANCTIONED_ENTITY,CU-ENT-0071,,ACTIVE,,,,,CU-TRG-0062,,CU-IMP-2926,2026-04-24,ONCHAIN_SCAN,HIGH,,Circle
CU-ACT-2927,2026-05-01,BLACKLIST,0x15f9c7149dae4d04e66e031f4cab8cb358a86909,ADDRESS,,,,ACTIVE,,,,,,,CU-IMP-2927,,ONCHAIN_SCAN,HIGH,,Circle
CU-ACT-2928,2026-05-01,BLACKLIST,0xd463e1aeff100780d6f653b2e6234d1beae1e562,ADDRESS,,,,ACTIVE,,,,,,,CU-IMP-2928,,ONCHAIN_SCAN,HIGH,,Circle
CU-ACT-2929,2026-05-01,BLACKLIST,0xc633553c1f32e9a84ba54134a9352ec567f668c6,ADDRESS,,,,ACTIVE,,,,,,,CU-IMP-2929,,ONCHAIN_SCAN,HIGH,,Circle
CU-ACT-2930,2026-05-11,BLACKLIST,0x284b181ecb4bc6678370044cfe64d6f3254e9a7a,ADDRESS,,,,ACTIVE,,,,,,,CU-IMP-2930,,ONCHAIN_SCAN,HIGH,,Circle
CU-ACT-2931,2026-05-11,BLACKLIST,0x754edac1af5363fd84c6f0ccda2896a7a4f8fee9,ADDRESS,,,,ACTIVE,,,,,,,CU-IMP-2931,,ONCHAIN_SCAN,HIGH,,Circle
CU-ACT-2932,2026-05-12,UNBLACKLIST,0x2af2b381804fbc311308789caee6ebe6b5a561b6,ADDRESS,,,,ACTIVE,,,,,CU-TRG-0066,,CU-IMP-2932,2026-05-22,ONCHAIN_SCAN,HIGH,,Circle
CU-ACT-2933,2026-05-12,UNBLACKLIST,0x44ffbce179e41cccc28d68e7fd112ae8e637d85c,ADDRESS,,,,ACTIVE,,,,,CU-TRG-0066,,CU-IMP-2933,2026-05-22,ONCHAIN_SCAN,HIGH,,Circle
CU-ACT-2934,2026-05-12,UNBLACKLIST,0x2e15d7aa0650de1009710fdd45c3468d75ae1392,ADDRESS,,,,ACTIVE,,,,,CU-TRG-0066,,CU-IMP-2934,2026-05-22,ONCHAIN_SCAN,HIGH,,Circle
CU-ACT-2935,2026-05-12,UNBLACKLIST,0x4ea2466cff0689dcd26c3b1ca554ca49bb22f483,ADDRESS,,,,ACTIVE,,,,,CU-TRG-0066,,CU-IMP-2935,2026-05-22,ONCHAIN_SCAN,HIGH,,Circle
CU-ACT-2936,2026-05-12,UNBLACKLIST,0xb781d13efb4dec7b9dd1285ace100919dd21c434,ADDRESS,,,,ACTIVE,,,,,CU-TRG-0066,,CU-IMP-2936,2026-05-22,ONCHAIN_SCAN,HIGH,,Circle
CU-ACT-2937,2026-05-12,UNBLACKLIST,0xca7ff863e10ca26865cfb84f8a5f96e7baa59aab,ADDRESS,,,,ACTIVE,,,,,CU-TRG-0066,,CU-IMP-2937,2026-05-22,ONCHAIN_SCAN,HIGH,,Circle
CU-ACT-2938,2026-05-12,UNBLACKLIST,0x090aac31fca0d19f91e30e02ec8217098a3a4446,ADDRESS,,,,ACTIVE,,,,,CU-TRG-0066,,CU-IMP-2938,2026-05-22,ONCHAIN_SCAN,HIGH,,Circle
CU-ACT-2939,2026-05-12,UNBLACKLIST,0x5943cbf095e7451c53f96bceba02f68fd0220667,ADDRESS,,,,ACTIVE,,,,,CU-TRG-0066,,CU-IMP-2939,2026-05-22,ONCHAIN_SCAN,HIGH,,Circle
CU-ACT-2940,2026-05-12,UNBLACKLIST,0xb5f3cb721fc2b534aca67fbcfed1c1b1f3c08216,ADDRESS,,,,ACTIVE,,,,,CU-TRG-0066,,CU-IMP-2940,2026-05-22,ONCHAIN_SCAN,HIGH,,Circle
CU-ACT-2941,2026-05-12,UNBLACKLIST,0x05c0a0d48e7e96d954e620fa133a4e010b119067,ADDRESS,,,,ACTIVE,,,,,CU-TRG-0066,,CU-IMP-2941,2026-05-22,ONCHAIN_SCAN,HIGH,,Circle
CU-ACT-2942,2026-05-12,UNBLACKLIST,0x42ac6a768801027f43067e8f0cf0425273f9ae7f,ADDRESS,,,,ACTIVE,,,,,CU-TRG-0066,,CU-IMP-2942,2026-05-22,ONCHAIN_SCAN,HIGH,,Circle
CU-ACT-2943,2026-05-12,UNBLACKLIST,0x6b43ac16dba34950bd7a624989cddfb82eea81b2,ADDRESS,,,,ACTIVE,,,,,CU-TRG-0066,,CU-IMP-2943,2026-05-22,ONCHAIN_SCAN,HIGH,,Circle
CU-ACT-2944,2026-05-12,UNBLACKLIST,0x8badd8b59ddaf9a12c4910ca1b2e8ea750a71594,ADDRESS,,,,ACTIVE,,,,,CU-TRG-0066,,CU-IMP-2944,2026-05-22,ONCHAIN_SCAN,HIGH,,Circle
CU-ACT-2945,2026-05-12,UNBLACKLIST,0x9e2a58d257963a276452fff1be94c0eb7e2775cc,ADDRESS,,,,ACTIVE,,,,,CU-TRG-0066,,CU-IMP-2945,2026-05-22,ONCHAIN_SCAN,HIGH,,Circle
CU-ACT-2946,2026-05-12,UNBLACKLIST,0x09231680e3ac21c18213f1c1bb9c4bc35988a213,ADDRESS,,,,ACTIVE,,,,,CU-TRG-0066,,CU-IMP-2946,2026-05-22,ONCHAIN_SCAN,HIGH,,Circle
CU-ACT-2947,2026-05-12,UNBLACKLIST,0x6138d5e437c75bda6001764893eae040d1b9c775,ADDRESS,,,,ACTIVE,,,,,CU-TRG-0066,,CU-IMP-2947,2026-05-22,ONCHAIN_SCAN,HIGH,,Circle
CU-ACT-2948,2026-05-12,UNBLACKLIST,0xaa46e346e545d27bc154cba97cd91c45e64fda7e,ADDRESS,,,,ACTIVE,,,,,CU-TRG-0066,,CU-IMP-2948,2026-05-22,ONCHAIN_SCAN,HIGH,,Circle
CU-ACT-2949,2026-05-12,UNBLACKLIST,0x06dd6450370c980f4f0f563b0ca17cb2ff8c8954,ADDRESS,,,,ACTIVE,,,,,CU-TRG-0066,,CU-IMP-2949,2026-05-22,ONCHAIN_SCAN,HIGH,,Circle
CU-ACT-2950,2026-05-12,UNBLACKLIST,0xd8f7016927ad44db6f1a0db051a5a6b884562122,ADDRESS,,,,ACTIVE,,,,,CU-TRG-0066,,CU-IMP-2950,2026-05-22,ONCHAIN_SCAN,HIGH,,Circle
CU-ACT-2951,2026-05-12,UNBLACKLIST,0x87d18ee84e8f4f5709cbf3500179a4c601da12ce,ADDRESS,,,,ACTIVE,,,,,CU-TRG-0066,,CU-IMP-2951,2026-05-22,ONCHAIN_SCAN,HIGH,,Circle
CU-ACT-2952,2026-05-12,UNBLACKLIST,0xd4f4699c61ff4307292d22093caebb8e2320178a,ADDRESS,,,,ACTIVE,,,,,CU-TRG-0066,,CU-IMP-2952,2026-05-22,ONCHAIN_SCAN,HIGH,,Circle
CU-ACT-2953,2026-05-12,UNBLACKLIST,0x7541f8a7f8d6b173cc54ed4548c8d730db883f99,ADDRESS,,,,ACTIVE,,,,,CU-TRG-0066,,CU-IMP-2953,2026-05-22,ONCHAIN_SCAN,HIGH,,Circle
CU-ACT-2954,2026-05-12,UNBLACKLIST,0xd5c1c8b411b26628db9063a732f61f64dbe55038,ADDRESS,,,,ACTIVE,,,,,CU-TRG-0066,,CU-IMP-2954,2026-05-22,ONCHAIN_SCAN,HIGH,,Circle
CU-ACT-2955,2026-05-12,UNBLACKLIST,0xa8b2553f32304176be624bc4f58c18ec01051018,ADDRESS,,,,ACTIVE,,,,,CU-TRG-0066,,CU-IMP-2955,2026-05-22,ONCHAIN_SCAN,HIGH,,Circle
CU-ACT-2956,2026-05-12,UNBLACKLIST,0x846770cff61bddcd8f0948ff0b1376ff3c1ec152,ADDRESS,,,,ACTIVE,,,,,CU-TRG-0066,,CU-IMP-2956,2026-05-22,ONCHAIN_SCAN,HIGH,,Circle
CU-ACT-2957,2026-05-12,UNBLACKLIST,0xb386dff391830280763869d8f416206d16289e31,ADDRESS,,,,ACTIVE,,,,,CU-TRG-0066,,CU-IMP-2957,2026-05-22,ONCHAIN_SCAN,HIGH,,Circle
CU-ACT-2958,2026-05-12,UNBLACKLIST,0xb272c40c7cd964b35094b512448777314169d234,ADDRESS,,,,ACTIVE,,,,,CU-TRG-0066,,CU-IMP-2958,2026-05-22,ONCHAIN_SCAN,HIGH,,Circle
CU-ACT-2959,2026-05-12,UNBLACKLIST,0xa1e9e989b72715b642799c80022a30a99e8ae5a1,ADDRESS,,,,ACTIVE,,,,,CU-TRG-0066,,CU-IMP-2959,2026-05-22,ONCHAIN_SCAN,HIGH,,Circle
CU-ACT-2960,2026-05-12,UNBLACKLIST,0x634c9732c8f368b6c5e200c4152f28b2568aa7f9,ADDRESS,,,,ACTIVE,,,,,CU-TRG-0066,,CU-IMP-2960,2026-05-22,ONCHAIN_SCAN,HIGH,,Circle
CU-ACT-2961,2026-05-12,UNBLACKLIST,0xb5a1e5910644669b0503d2edd41c25515b8e320d,ADDRESS,,,,ACTIVE,,,,,CU-TRG-0066,,CU-IMP-2961,2026-05-22,ONCHAIN_SCAN,HIGH,,Circle
CU-ACT-2962,2026-05-12,UNBLACKLIST,0xd8f39f3a20b764669a5c8839d4cb94639a642af4,ADDRESS,,,,ACTIVE,,,,,CU-TRG-0066,,CU-IMP-2962,2026-05-22,ONCHAIN_SCAN,HIGH,,Circle
CU-ACT-2963,2026-05-12,UNBLACKLIST,0xab61ee0f6ce3f72cac142a75869847642db19f0e,ADDRESS,,,,ACTIVE,,,,,CU-TRG-0066,,CU-IMP-2963,2026-05-22,ONCHAIN_SCAN,HIGH,,Circle
CU-ACT-2964,2026-05-12,UNBLACKLIST,0x4dd00a697a0a8e32415c1e8d4b39e3cdc9a9c636,ADDRESS,,,,ACTIVE,,,,,CU-TRG-0066,,CU-IMP-2964,2026-05-22,ONCHAIN_SCAN,HIGH,,Circle
CU-ACT-2965,2026-05-12,UNBLACKLIST,0xcfa1cbc4fe4892e2c121851d97419b7691abd2f2,ADDRESS,,,,ACTIVE,,,,,CU-TRG-0066,,CU-IMP-2965,2026-05-22,ONCHAIN_SCAN,HIGH,,Circle
CU-ACT-2966,2026-05-12,UNBLACKLIST,0xd2687ebffd715ee8f23971745979b558a78f5ea0,ADDRESS,,,,ACTIVE,,,,,CU-TRG-0066,,CU-IMP-2966,2026-05-22,ONCHAIN_SCAN,HIGH,,Circle
CU-ACT-2967,2026-05-12,UNBLACKLIST,0xdb913173921931e3fa0578462c0eed0f9de8839e,ADDRESS,,,,ACTIVE,,,,,CU-TRG-0066,,CU-IMP-2967,2026-05-22,ONCHAIN_SCAN,HIGH,,Circle
CU-ACT-2968,2026-05-12,UNBLACKLIST,0xb33f36032c8a194cbea04644313e0a37f7b4a5f8,ADDRESS,,,,ACTIVE,,,,,CU-TRG-0066,,CU-IMP-2968,2026-05-22,ONCHAIN_SCAN,HIGH,,Circle
CU-ACT-2969,2026-05-12,UNBLACKLIST,0xf9e83020cccbd1a95f0f257a5a9e3d58149762f8,ADDRESS,,,,ACTIVE,,,,,CU-TRG-0066,,CU-IMP-2969,2026-05-22,ONCHAIN_SCAN,HIGH,,Circle
CU-ACT-2970,2026-05-12,UNBLACKLIST,0x3b848ac300b9e0d260e812b628b87a03d278db95,ADDRESS,,,,ACTIVE,,,,,CU-TRG-0066,,CU-IMP-2970,2026-05-22,ONCHAIN_SCAN,HIGH,,Circle
CU-ACT-2971,2026-05-12,UNBLACKLIST,0x50fe09c1e4c7debd0c3d42e63427bc49752564f7,ADDRESS,,,,ACTIVE,,,,,CU-TRG-0066,,CU-IMP-2971,2026-05-22,ONCHAIN_SCAN,HIGH,,Circle
CU-ACT-2972,2026-05-12,UNBLACKLIST,0x7520cad39e6143297d0487ff9933399e3e43646d,ADDRESS,,,,ACTIVE,,,,,CU-TRG-0066,,CU-IMP-2972,2026-05-22,ONCHAIN_SCAN,HIGH,,Circle
CU-ACT-2973,2026-05-12,UNBLACKLIST,0x827253f62f0325a3818053f2682ebb19f89d0df2,ADDRESS,,,,ACTIVE,,,,,CU-TRG-0066,,CU-IMP-2973,2026-05-22,ONCHAIN_SCAN,HIGH,,Circle
CU-ACT-2974,2026-05-15,BLACKLIST,0x13b44e416e0f66359502e843af2e1191f1260daf,ADDRESS,,,,ACTIVE,,,,,,,CU-IMP-2974,,ONCHAIN_SCAN,HIGH,,Circle
CU-ACT-2975,2026-05-20,BLACKLIST,0x038989cbb1710c72b9920dc4fa529158f463e72c,ADDRESS,SANCTIONED_ENTITY,CU-ENT-0062,,ACTIVE,,,,,CU-TRG-0057,,CU-IMP-2975,2026-05-20,ONCHAIN_SCAN,HIGH,,Circle
CU-ACT-2976,2026-05-20,BLACKLIST,0x14779cec0b117d5194c750c55ea1f42086631964,ADDRESS,SANCTIONED_ENTITY,CU-ENT-0062,,ACTIVE,,,,,CU-TRG-0057,,CU-IMP-2976,2026-05-20,ONCHAIN_SCAN,HIGH,,Circle
CU-ACT-2977,2026-05-20,BLACKLIST,0x32da24ca413f3e7b53145d4737e172c3bdf81e3e,ADDRESS,SANCTIONED_ENTITY,CU-ENT-0062,,ACTIVE,,,,,CU-TRG-0057,,CU-IMP-2977,2026-05-20,ONCHAIN_SCAN,HIGH,,Circle
CU-ACT-2978,2026-05-20,BLACKLIST,0x4f428c11dc82388fa5136d636e613ad923eb700b,ADDRESS,SANCTIONED_ENTITY,CU-ENT-0062,,ACTIVE,,,,,CU-TRG-0057,,CU-IMP-2978,2026-05-20,ONCHAIN_SCAN,HIGH,,Circle
CU-ACT-2979,2026-05-20,BLACKLIST,0xac4cc4b68ea24bbfaac8fd127b67ed445accce22,ADDRESS,SANCTIONED_ENTITY,CU-ENT-0063,,ACTIVE,,,,,CU-TRG-0057,,CU-IMP-2979,2026-05-20,ONCHAIN_SCAN,HIGH,,Circle
CU-ACT-2980,2026-05-20,BLACKLIST,0xf2235d55b2950a0b1317469d72d07ae65b2e27cb,ADDRESS,SANCTIONED_ENTITY,CU-ENT-0062,,ACTIVE,,,,,CU-TRG-0057,,CU-IMP-2980,2026-05-20,ONCHAIN_SCAN,HIGH,,Circle
CU-ACT-2981,2026-05-20,BLACKLIST,0x6d3ca488b86fcc12f8ce08857ef1bb8b473a9d81,ADDRESS,,,,ACTIVE,,,,,,,CU-IMP-2981,,ONCHAIN_SCAN,HIGH,,Circle
CU-ACT-2982,2026-05-26,BLACKLIST,0x61427bf615ef615cae4314ca4fe16d5142217443,ADDRESS,SANCTIONED_ENTITY,CU-ENT-0072,,ACTIVE,,,,,CU-TRG-0064,,CU-IMP-2982,2026-05-26,ONCHAIN_SCAN,HIGH,,Circle
CU-ACT-2983,2026-05-26,BLACKLIST,0x1ac8d4e4d1418a66f5891de2519693c797a2683b,ADDRESS,SANCTIONED_ENTITY,CU-ENT-0072,,ACTIVE,,,,,CU-TRG-0064,,CU-IMP-2983,2026-05-26,ONCHAIN_SCAN,HIGH,,Circle
CU-ACT-2984,2026-05-26,BLACKLIST,0xd6ff9ba2aa8a3afd1e3d4a133449b9142ce52df5,ADDRESS,SANCTIONED_ENTITY,CU-ENT-0072,,ACTIVE,,,,,CU-TRG-0064,,CU-IMP-2984,2026-05-26,ONCHAIN_SCAN,HIGH,,Circle
CU-ACT-2985,2026-05-26,BLACKLIST,0x552acf535b735662959563d36d80405e7ae745ef,ADDRESS,,,,ACTIVE,,,,,,,CU-IMP-2985,,ONCHAIN_SCAN,HIGH,,Circle
CU-ACT-2986,2026-05-28,UNBLACKLIST,0x2704ba2d5d3544e6292d9aca536b6bbbfebd80e9,ADDRESS,,,,ACTIVE,,,,,CU-TRG-0066,,CU-IMP-2986,2026-05-22,ONCHAIN_SCAN,HIGH,,Circle
CU-ACT-2987,2026-05-28,UNBLACKLIST,0x6926408f55c4f322ebe1a3cc7e4fff380c5543df,ADDRESS,,,,ACTIVE,,,,,CU-TRG-0066,,CU-IMP-2987,2026-05-22,ONCHAIN_SCAN,HIGH,,Circle
CU-ACT-2988,2026-05-28,UNBLACKLIST,0xe7eb4d9a633d65d1a6ac61ac8a2327346c0fb14a,ADDRESS,,,,ACTIVE,,,,,CU-TRG-0066,,CU-IMP-2988,2026-05-22,ONCHAIN_SCAN,HIGH,,Circle
CU-ACT-2989,2026-05-28,UNBLACKLIST,0x1485fe2d36d075ff794c11d306d3da5be7fc124c,ADDRESS,,,,ACTIVE,,,,,CU-TRG-0066,,CU-IMP-2989,2026-05-22,ONCHAIN_SCAN,HIGH,,Circle
CU-ACT-2990,2026-05-28,UNBLACKLIST,0xe47f743c2ddd0a1b83c3b0fb3b1d508a5adf0507,ADDRESS,,,,ACTIVE,,,,,CU-TRG-0066,,CU-IMP-2990,2026-05-22,ONCHAIN_SCAN,HIGH,,Circle
CU-ACT-2991,2026-05-28,UNBLACKLIST,0x55bb2ea134e8e38759ce5d96924c288b873828a7,ADDRESS,,,,ACTIVE,,,,,CU-TRG-0066,,CU-IMP-2991,2026-05-22,ONCHAIN_SCAN,HIGH,,Circle
CU-ACT-2992,2026-05-28,UNBLACKLIST,0xa833a3ec095d9ec58ac7d1b9182c57d67887b8b9,ADDRESS,,,,ACTIVE,,,,,CU-TRG-0066,,CU-IMP-2992,2026-05-22,ONCHAIN_SCAN,HIGH,,Circle
CU-ACT-2993,2026-05-28,UNBLACKLIST,0x75a80101bbe1a0f5cc92bbff40cdc16faf4b492c,ADDRESS,,,,ACTIVE,,,,,CU-TRG-0066,,CU-IMP-2993,2026-05-22,ONCHAIN_SCAN,HIGH,,Circle
CU-ACT-2994,2026-05-28,UNBLACKLIST,0xb77230243b06f7c8e313755b965f2026497ed3e2,ADDRESS,,,,ACTIVE,,,,,CU-TRG-0066,,CU-IMP-2994,2026-05-22,ONCHAIN_SCAN,HIGH,,Circle
CU-ACT-2995,2026-05-28,UNBLACKLIST,0x49ba71a10832a0b987e2ebaed3e58e90441a8ce3,ADDRESS,,,,ACTIVE,,,,,CU-TRG-0066,,CU-IMP-2995,2026-05-22,ONCHAIN_SCAN,HIGH,,Circle
CU-ACT-2996,2026-05-28,UNBLACKLIST,0xc125abc00522891535f130d402e8d889b606432a,ADDRESS,,,,ACTIVE,,,,,CU-TRG-0066,,CU-IMP-2996,2026-05-22,ONCHAIN_SCAN,HIGH,,Circle
CU-ACT-2997,2026-05-28,UNBLACKLIST,0xff63723f6831e0f39bf85a2a80b61d4f3cea455a,ADDRESS,,,,ACTIVE,,,,,CU-TRG-0066,,CU-IMP-2997,2026-05-22,ONCHAIN_SCAN,HIGH,,Circle
CU-ACT-2998,2026-05-28,UNBLACKLIST,0x6bea07d3e1854e43e426bfde54c8315ad4acadf1,ADDRESS,,,,ACTIVE,,,,,CU-TRG-0066,,CU-IMP-2998,2026-05-22,ONCHAIN_SCAN,HIGH,,Circle
CU-ACT-2999,2026-05-28,UNBLACKLIST,0x18779e0200a1a716e785cfe2c6f52bb763242cab,ADDRESS,,,,ACTIVE,,,,,CU-TRG-0066,,CU-IMP-2999,2026-05-22,ONCHAIN_SCAN,HIGH,,Circle
CU-ACT-3000,2026-05-30,BLACKLIST,0xe978f22157048e5db8e5d07971376e86671672b2,ADDRESS,DEFI_CONTRACT,CU-ENT-0082,,REVERSED,CU-ACT-3001,,CU-INC-0007,,CU-TRG-0075,,CU-IMP-3000,2026-05-30,ONCHAIN_SCAN,HIGH,notes/CU-ACT-3000.md,Circle
CU-ACT-3001,2026-06-01,UNBLACKLIST,0xe978f22157048e5db8e5d07971376e86671672b2,ADDRESS,DEFI_CONTRACT,CU-ENT-0082,,ACTIVE,,,CU-INC-0007,,CU-TRG-0076,,CU-IMP-3001,2026-06-01,ONCHAIN_SCAN,HIGH,notes/CU-ACT-3000.md,Circle
CU-ACT-3002,2026-06-10,BLACKLIST,0x375c16ddeb488944ab8f470fe89d29ce1c6575ac,ADDRESS,,,,ACTIVE,,,,,,,CU-IMP-3002,,ONCHAIN_SCAN,HIGH,,Circle
CU-ACT-3003,2026-06-22,BLACKLIST,0x110cb5c5089fc35ba0deb718a291dd64f6d1bec8,ADDRESS,SANCTIONED_ENTITY,CU-ENT-0069,,ACTIVE,,,,,CU-TRG-0060,,CU-IMP-3003,2026-06-22,ONCHAIN_SCAN,HIGH,,Circle
CU-ACT-3004,2026-06-22,BLACKLIST,0x2408302c960af24d6df5dee325b59ac59b2e55ce,ADDRESS,SANCTIONED_ENTITY,CU-ENT-0069,,ACTIVE,,,,,CU-TRG-0060,,CU-IMP-3004,2026-06-22,ONCHAIN_SCAN,HIGH,,Circle
CU-ACT-3005,2026-07-01,BLACKLIST,0x1508e3c339f9e916595bfa6ea169aee265acf90c,ADDRESS,SANCTIONED_ENTITY,CU-ENT-0061,,ACTIVE,,,CU-INC-0006,,CU-TRG-0056,,CU-IMP-3005,2026-07-01,ONCHAIN_SCAN,HIGH,notes/CU-ACT-3005.md,Circle
CU-ACT-3006,2026-07-01,BLACKLIST,0xce9f3bc87000393f625088ed40280a74682396cf,ADDRESS,SANCTIONED_ENTITY,CU-ENT-0061,,ACTIVE,,,CU-INC-0006,,CU-TRG-0056,,CU-IMP-3006,2026-07-01,ONCHAIN_SCAN,HIGH,,Circle
CU-ACT-3007,2026-07-01,BLACKLIST,0x0eaea039d805c9600de19d5a9aa6daf4d51979ed,ADDRESS,SANCTIONED_ENTITY,CU-ENT-0061,,ACTIVE,,,CU-INC-0006,,CU-TRG-0056,,CU-IMP-3007,2026-07-01,ONCHAIN_SCAN,HIGH,,Circle
CU-ACT-3008,2026-07-01,BLACKLIST,0xc44b0630645bdf681c775df334cbd7530da813fa,ADDRESS,SANCTIONED_ENTITY,CU-ENT-0061,,ACTIVE,,,CU-INC-0006,,CU-TRG-0056,,CU-IMP-3008,2026-07-01,ONCHAIN_SCAN,HIGH,,Circle
CU-ACT-3009,2026-07-01,BLACKLIST,0x1f6aa4cd73fe9faf58727800b075d43caa106d46,ADDRESS,SANCTIONED_ENTITY,CU-ENT-0061,,ACTIVE,,,CU-INC-0006,,CU-TRG-0056,,CU-IMP-3009,2026-07-01,ONCHAIN_SCAN,HIGH,,Circle
CU-ACT-3010,2026-07-01,BLACKLIST,0xda916a1c12989829fb02a0241a7e70b5a1a4e905,ADDRESS,SANCTIONED_ENTITY,CU-ENT-0061,,ACTIVE,,,CU-INC-0006,,CU-TRG-0056,,CU-IMP-3010,2026-07-01,ONCHAIN_SCAN,HIGH,,Circle
CU-ACT-3011,2026-07-01,BLACKLIST,0xd67bb799b7d2dded7dd85802c5a6affec1108b94,ADDRESS,SANCTIONED_ENTITY,CU-ENT-0061,,ACTIVE,,,CU-INC-0006,,CU-TRG-0056,,CU-IMP-3011,2026-07-01,ONCHAIN_SCAN,HIGH,,Circle
CU-ACT-3012,2026-07-01,BLACKLIST,0xb654159bc14f208000ec9e0ad287b321c7a3bf5c,ADDRESS,SANCTIONED_ENTITY,CU-ENT-0061,,ACTIVE,,,CU-INC-0006,,CU-TRG-0056,,CU-IMP-3012,2026-07-01,ONCHAIN_SCAN,HIGH,,Circle
CU-ACT-3013,2026-07-01,BLACKLIST,0xb4a69b8228c1621eb22d9c6f1ef33926616f8218,ADDRESS,SANCTIONED_ENTITY,CU-ENT-0061,,ACTIVE,,,CU-INC-0006,,CU-TRG-0056,,CU-IMP-3013,2026-07-01,ONCHAIN_SCAN,HIGH,,Circle
CU-ACT-3014,2026-07-01,BLACKLIST,0xe2b0c8cd5516cf733013712408add325081225ca,ADDRESS,SANCTIONED_ENTITY,CU-ENT-0061,,ACTIVE,,,CU-INC-0006,,CU-TRG-0056,,CU-IMP-3014,2026-07-01,ONCHAIN_SCAN,HIGH,,Circle
CU-ACT-3015,2026-07-01,BLACKLIST,0x9b571ef4731f0c8539a629cc4c44fa4fd280c10d,ADDRESS,SANCTIONED_ENTITY,CU-ENT-0061,,ACTIVE,,,CU-INC-0006,,CU-TRG-0056,,CU-IMP-3015,2026-07-01,ONCHAIN_SCAN,HIGH,,Circle
CU-ACT-3016,2026-07-01,BLACKLIST,0xe6e1d9098b08fff5f8b3e27a02d4dca8ffcdf0a9,ADDRESS,SANCTIONED_ENTITY,CU-ENT-0061,,ACTIVE,,,CU-INC-0006,,CU-TRG-0056,,CU-IMP-3016,2026-07-01,ONCHAIN_SCAN,HIGH,,Circle
CU-ACT-3017,2026-07-01,BLACKLIST,0xd1d1443c710b2f295f72ef3bc8be04a28be3e0db,ADDRESS,SANCTIONED_ENTITY,CU-ENT-0061,,ACTIVE,,,CU-INC-0006,,CU-TRG-0056,,CU-IMP-3017,2026-07-01,ONCHAIN_SCAN,HIGH,,Circle
CU-ACT-3018,2026-07-01,BLACKLIST,0xcd211408b46bdbf03abb2eac205a01ceb1d86288,ADDRESS,SANCTIONED_ENTITY,CU-ENT-0061,,ACTIVE,,,CU-INC-0006,,CU-TRG-0056,,CU-IMP-3018,2026-07-01,ONCHAIN_SCAN,HIGH,,Circle
CU-ACT-3019,2026-07-01,BLACKLIST,0x18db649c1400f3dfbbf71b8b99419edcb12a0947,ADDRESS,SANCTIONED_ENTITY,CU-ENT-0061,,ACTIVE,,,CU-INC-0006,,CU-TRG-0056,,CU-IMP-3019,2026-07-01,ONCHAIN_SCAN,HIGH,,Circle
CU-ACT-3020,2026-07-01,BLACKLIST,0xb2880d55b128cfa10cc32411e2311f59500e130b,ADDRESS,SANCTIONED_ENTITY,CU-ENT-0061,,ACTIVE,,,CU-INC-0006,,CU-TRG-0056,,CU-IMP-3020,2026-07-01,ONCHAIN_SCAN,HIGH,,Circle
CU-ACT-3021,2026-07-01,BLACKLIST,0x203b0053ccb42ca09357dde941d251d888ec1044,ADDRESS,SANCTIONED_ENTITY,CU-ENT-0061,,ACTIVE,,,CU-INC-0006,,CU-TRG-0056,,CU-IMP-3021,2026-07-01,ONCHAIN_SCAN,HIGH,,Circle
CU-ACT-3022,2026-07-01,BLACKLIST,0x545fd777d462df0acc99a188f2532a962e00df74,ADDRESS,SANCTIONED_ENTITY,CU-ENT-0061,,ACTIVE,,,CU-INC-0006,,CU-TRG-0056,,CU-IMP-3022,2026-07-01,ONCHAIN_SCAN,HIGH,,Circle
CU-ACT-3023,2026-07-01,BLACKLIST,0xe9d48628d685e121f48181616c71f88ec4020bf9,ADDRESS,SANCTIONED_ENTITY,CU-ENT-0061,,ACTIVE,,,CU-INC-0006,,CU-TRG-0056,,CU-IMP-3023,2026-07-01,ONCHAIN_SCAN,HIGH,,Circle
CU-ACT-3024,2026-07-01,BLACKLIST,0x6ee2a4ab3befdcfcd8c0844e853491f08971d899,ADDRESS,SANCTIONED_ENTITY,CU-ENT-0061,,ACTIVE,,,CU-INC-0006,,CU-TRG-0056,,CU-IMP-3024,2026-07-01,ONCHAIN_SCAN,HIGH,,Circle
CU-ACT-3025,2026-07-01,BLACKLIST,0x1e6983848eca149f9fc68b0a1616a1c4f62945aa,ADDRESS,SANCTIONED_ENTITY,CU-ENT-0061,,ACTIVE,,,CU-INC-0006,,CU-TRG-0056,,CU-IMP-3025,2026-07-01,ONCHAIN_SCAN,HIGH,,Circle
CU-ACT-3026,2026-07-01,BLACKLIST,0x84be9d8d09cb26f31bb37771ecb06ebdd91101f9,ADDRESS,SANCTIONED_ENTITY,CU-ENT-0061,,ACTIVE,,,CU-INC-0006,,CU-TRG-0056,,CU-IMP-3026,2026-07-01,ONCHAIN_SCAN,HIGH,,Circle
CU-ACT-3027,2026-07-01,BLACKLIST,0xc73da1e718a4fbd1ce023d412ab34433922fba58,ADDRESS,SANCTIONED_ENTITY,CU-ENT-0061,,ACTIVE,,,CU-INC-0006,,CU-TRG-0056,,CU-IMP-3027,2026-07-01,ONCHAIN_SCAN,HIGH,,Circle
CU-ACT-3028,2026-07-01,BLACKLIST,0x2bbf8e01ef1349da89eb6d423a217582430e6dbc,ADDRESS,SANCTIONED_ENTITY,CU-ENT-0061,,ACTIVE,,,CU-INC-0006,,CU-TRG-0056,,CU-IMP-3028,2026-07-01,ONCHAIN_SCAN,HIGH,,Circle
CU-ACT-3029,2026-07-01,BLACKLIST,0xd68022dc9dde9c9e1a613a1fb04a1de5758b563e,ADDRESS,SANCTIONED_ENTITY,CU-ENT-0061,,ACTIVE,,,CU-INC-0006,,CU-TRG-0056,,CU-IMP-3029,2026-07-01,ONCHAIN_SCAN,HIGH,,Circle
CU-ACT-3030,2026-07-01,BLACKLIST,0x9789e42918dec6442a155fd2ba064d05d6db0ed2,ADDRESS,SANCTIONED_ENTITY,CU-ENT-0061,,ACTIVE,,,CU-INC-0006,,CU-TRG-0056,,CU-IMP-3030,2026-07-01,ONCHAIN_SCAN,HIGH,,Circle
CU-ACT-3031,2026-07-01,BLACKLIST,0xe5b46834ab6831f5d27c72237da310fef4552911,ADDRESS,SANCTIONED_ENTITY,CU-ENT-0061,,ACTIVE,,,CU-INC-0006,,CU-TRG-0056,,CU-IMP-3031,2026-07-01,ONCHAIN_SCAN,HIGH,,Circle
CU-ACT-3032,2026-07-01,BLACKLIST,0xef7c470bbcdd524c299304627180d6074ccbfdfd,ADDRESS,SANCTIONED_ENTITY,CU-ENT-0061,,ACTIVE,,,CU-INC-0006,,CU-TRG-0056,,CU-IMP-3032,2026-07-01,ONCHAIN_SCAN,HIGH,,Circle
CU-ACT-3033,2026-07-01,BLACKLIST,0x2277d63319a5d529c0ffecf1d4d93343713d9802,ADDRESS,SANCTIONED_ENTITY,CU-ENT-0061,,ACTIVE,,,CU-INC-0006,,CU-TRG-0056,,CU-IMP-3033,2026-07-01,ONCHAIN_SCAN,HIGH,,Circle
CU-ACT-3034,2026-07-01,BLACKLIST,0x2fbe2388dca7d240ebc72617fb2dd5890fea4dd2,ADDRESS,SANCTIONED_ENTITY,CU-ENT-0061,,ACTIVE,,,CU-INC-0006,,CU-TRG-0056,,CU-IMP-3034,2026-07-01,ONCHAIN_SCAN,HIGH,,Circle
CU-ACT-3035,2026-07-01,BLACKLIST,0xb0fc46592a0795a23df08b2b25e953a5461805fb,ADDRESS,SANCTIONED_ENTITY,CU-ENT-0061,,ACTIVE,,,CU-INC-0006,,CU-TRG-0056,,CU-IMP-3035,2026-07-01,ONCHAIN_SCAN,HIGH,,Circle
CU-ACT-3036,2026-07-01,BLACKLIST,0x30c7c36cb08138b620bc21611e18264c6a222583,ADDRESS,SANCTIONED_ENTITY,CU-ENT-0061,,ACTIVE,,,CU-INC-0006,,CU-TRG-0056,,CU-IMP-3036,2026-07-01,ONCHAIN_SCAN,HIGH,,Circle
CU-ACT-3037,2026-07-01,BLACKLIST,0xdd6184d750a5610e1094cc5b02a8ec1c7dc14be2,ADDRESS,SANCTIONED_ENTITY,CU-ENT-0061,,ACTIVE,,,CU-INC-0006,,CU-TRG-0056,,CU-IMP-3037,2026-07-01,ONCHAIN_SCAN,HIGH,,Circle
CU-ACT-3038,2026-07-01,BLACKLIST,0x35ecfdb165bbc06d2cc19af466465c7ac9c3f7eb,ADDRESS,SANCTIONED_ENTITY,CU-ENT-0061,,ACTIVE,,,CU-INC-0006,,CU-TRG-0056,,CU-IMP-3038,2026-07-01,ONCHAIN_SCAN,HIGH,,Circle
CU-ACT-3039,2026-07-01,BLACKLIST,0x160ad9cb8202fe697e5b0991b65032787ce23dff,ADDRESS,SANCTIONED_ENTITY,CU-ENT-0061,,ACTIVE,,,CU-INC-0006,,CU-TRG-0056,,CU-IMP-3039,2026-07-01,ONCHAIN_SCAN,HIGH,,Circle
CU-ACT-3040,2026-07-01,BLACKLIST,0xc4b13cf26d06bd15db5b8efe9553710b9aae8acd,ADDRESS,SANCTIONED_ENTITY,CU-ENT-0061,,ACTIVE,,,CU-INC-0006,,CU-TRG-0056,,CU-IMP-3040,2026-07-01,ONCHAIN_SCAN,HIGH,,Circle
CU-ACT-3041,2026-07-01,BLACKLIST,0x45e8fcd87cefd8f53a1775c9781f50e8ca7e8b62,ADDRESS,SANCTIONED_ENTITY,CU-ENT-0061,,ACTIVE,,,CU-INC-0006,,CU-TRG-0056,,CU-IMP-3041,2026-07-01,ONCHAIN_SCAN,HIGH,,Circle
CU-ACT-3042,2026-07-01,BLACKLIST,0xd82ffef8cb4f0f6a56fc2dd275879985307d1d3a,ADDRESS,SANCTIONED_ENTITY,CU-ENT-0061,,ACTIVE,,,CU-INC-0006,,CU-TRG-0056,,CU-IMP-3042,2026-07-01,ONCHAIN_SCAN,HIGH,,Circle
CU-ACT-3043,2026-07-01,BLACKLIST,0x464da77310220c0c1596f8339129907b16cd896f,ADDRESS,SANCTIONED_ENTITY,CU-ENT-0061,,ACTIVE,,,CU-INC-0006,,CU-TRG-0056,,CU-IMP-3043,2026-07-01,ONCHAIN_SCAN,HIGH,,Circle
CU-ACT-3044,2026-07-01,BLACKLIST,0x8c5a5d9b5bd20cea93295e0f12909d6ebf2f1989,ADDRESS,SANCTIONED_ENTITY,CU-ENT-0061,,ACTIVE,,,CU-INC-0006,,CU-TRG-0056,,CU-IMP-3044,2026-07-01,ONCHAIN_SCAN,HIGH,,Circle
CU-ACT-3045,2026-07-01,BLACKLIST,0x97248ad2ee8453b901c646bddc256e4dca165452,ADDRESS,SANCTIONED_ENTITY,CU-ENT-0061,,ACTIVE,,,CU-INC-0006,,CU-TRG-0056,,CU-IMP-3045,2026-07-01,ONCHAIN_SCAN,HIGH,,Circle
CU-ACT-3046,2026-07-01,BLACKLIST,0x0a9f2460bd9357ebc0e24654b83d43d701560500,ADDRESS,SANCTIONED_ENTITY,CU-ENT-0061,,ACTIVE,,,CU-INC-0006,,CU-TRG-0056,,CU-IMP-3046,2026-07-01,ONCHAIN_SCAN,HIGH,,Circle
CU-ACT-3047,2026-07-01,BLACKLIST,0x8960c337bb1bc8618e8c022277ca0d34d26ce06c,ADDRESS,SANCTIONED_ENTITY,CU-ENT-0061,,ACTIVE,,,CU-INC-0006,,CU-TRG-0056,,CU-IMP-3047,2026-07-01,ONCHAIN_SCAN,HIGH,,Circle
CU-ACT-3048,2026-07-01,BLACKLIST,0x2606d9411d6a4cab5b9e0bbd3cdef05f3f35854e,ADDRESS,SANCTIONED_ENTITY,CU-ENT-0061,,ACTIVE,,,CU-INC-0006,,CU-TRG-0056,,CU-IMP-3048,2026-07-01,ONCHAIN_SCAN,HIGH,,Circle
CU-ACT-3049,2026-07-01,BLACKLIST,0x75fd59164d2af087af5a90f7e1b7c3d05de93dee,ADDRESS,SANCTIONED_ENTITY,CU-ENT-0061,,ACTIVE,,,CU-INC-0006,,CU-TRG-0056,,CU-IMP-3049,2026-07-01,ONCHAIN_SCAN,HIGH,,Circle
CU-ACT-3050,2026-07-01,BLACKLIST,0xf72202e113a400891e8f91e1fec0c1cc9065d735,ADDRESS,SANCTIONED_ENTITY,CU-ENT-0061,,ACTIVE,,,CU-INC-0006,,CU-TRG-0056,,CU-IMP-3050,2026-07-01,ONCHAIN_SCAN,HIGH,,Circle
CU-ACT-3051,2026-07-01,BLACKLIST,0xf37ffa0e4829aa159af625c48276c4e632f4400c,ADDRESS,SANCTIONED_ENTITY,CU-ENT-0061,,ACTIVE,,,CU-INC-0006,,CU-TRG-0056,,CU-IMP-3051,2026-07-01,ONCHAIN_SCAN,HIGH,,Circle
CU-ACT-3052,2026-07-01,BLACKLIST,0x00e0c79525c9f846ee27f8ecf3dcfebb3a335dc7,ADDRESS,SANCTIONED_ENTITY,CU-ENT-0061,,ACTIVE,,,CU-INC-0006,,CU-TRG-0056,,CU-IMP-3052,2026-07-01,ONCHAIN_SCAN,HIGH,,Circle
CU-ACT-3053,2026-07-01,BLACKLIST,0xad5c8f4ba4bb0b94feb63e97bb821f808d44507b,ADDRESS,SANCTIONED_ENTITY,CU-ENT-0061,,ACTIVE,,,CU-INC-0006,,CU-TRG-0056,,CU-IMP-3053,2026-07-01,ONCHAIN_SCAN,HIGH,,Circle
CU-ACT-3054,2026-07-01,BLACKLIST,0x0b57cde36e6e0c31a10442076dfd03ff8038507d,ADDRESS,SANCTIONED_ENTITY,CU-ENT-0061,,ACTIVE,,,CU-INC-0006,,CU-TRG-0056,,CU-IMP-3054,2026-07-01,ONCHAIN_SCAN,HIGH,,Circle
CU-ACT-3055,2026-07-01,BLACKLIST,0x7db839f22e388b5c427ef1ae4f1fe558012904bf,ADDRESS,SANCTIONED_ENTITY,CU-ENT-0061,,ACTIVE,,,CU-INC-0006,,CU-TRG-0056,,CU-IMP-3055,2026-07-01,ONCHAIN_SCAN,HIGH,,Circle
CU-ACT-3056,2026-07-01,BLACKLIST,0x0ede87dc2bf535ebc2682340dfc33cc50363bc2b,ADDRESS,SANCTIONED_ENTITY,CU-ENT-0061,,ACTIVE,,,CU-INC-0006,,CU-TRG-0056,,CU-IMP-3056,2026-07-01,ONCHAIN_SCAN,HIGH,,Circle
CU-ACT-3057,2026-07-01,BLACKLIST,0x2d415662ce7ddd1e89c4bbf8f527f7e06811248e,ADDRESS,SANCTIONED_ENTITY,CU-ENT-0061,,ACTIVE,,,CU-INC-0006,,CU-TRG-0056,,CU-IMP-3057,2026-07-01,ONCHAIN_SCAN,HIGH,,Circle
CU-ACT-3058,2026-07-01,BLACKLIST,0xddc63d69ed992e2617d54950a8cea70e2127c412,ADDRESS,SANCTIONED_ENTITY,CU-ENT-0061,,ACTIVE,,,CU-INC-0006,,CU-TRG-0056,,CU-IMP-3058,2026-07-01,ONCHAIN_SCAN,HIGH,,Circle
CU-ACT-3059,2026-07-01,BLACKLIST,0x6440312463c98262b0768ac4f8e7232fb58caced,ADDRESS,SANCTIONED_ENTITY,CU-ENT-0061,,ACTIVE,,,CU-INC-0006,,CU-TRG-0056,,CU-IMP-3059,2026-07-01,ONCHAIN_SCAN,HIGH,,Circle
CU-ACT-3060,2026-07-01,BLACKLIST,0xd1b4671abd7c3db9f5d99b98918ebf8cbd41ea33,ADDRESS,SANCTIONED_ENTITY,CU-ENT-0061,,ACTIVE,,,CU-INC-0006,,CU-TRG-0056,,CU-IMP-3060,2026-07-01,ONCHAIN_SCAN,HIGH,,Circle
CU-ACT-3061,2026-07-01,BLACKLIST,0xa112c8cb691f58754269ce81c73a9dc92e63159f,ADDRESS,SANCTIONED_ENTITY,CU-ENT-0061,,ACTIVE,,,CU-INC-0006,,CU-TRG-0056,,CU-IMP-3061,2026-07-01,ONCHAIN_SCAN,HIGH,,Circle
CU-ACT-3062,2026-07-01,BLACKLIST,0x5b05ac96e74161c8edffb7e6368df33b4167583a,ADDRESS,SANCTIONED_ENTITY,CU-ENT-0061,,ACTIVE,,,CU-INC-0006,,CU-TRG-0056,,CU-IMP-3062,2026-07-01,ONCHAIN_SCAN,HIGH,,Circle
CU-ACT-3063,2026-07-01,BLACKLIST,0x0b1da2038535de65831e81f6fdc40f40b222e2b1,ADDRESS,SANCTIONED_ENTITY,CU-ENT-0061,,ACTIVE,,,CU-INC-0006,,CU-TRG-0056,,CU-IMP-3063,2026-07-01,ONCHAIN_SCAN,HIGH,,Circle
CU-ACT-3064,2026-07-01,BLACKLIST,0xb251e1f30c697905287d3e1be1fb0fffc01ce633,ADDRESS,SANCTIONED_ENTITY,CU-ENT-0061,,ACTIVE,,,CU-INC-0006,,CU-TRG-0056,,CU-IMP-3064,2026-07-01,ONCHAIN_SCAN,HIGH,,Circle
CU-ACT-3065,2026-07-01,BLACKLIST,0xe646c85afde30e55d7196612efd37e5b058e9717,ADDRESS,SANCTIONED_ENTITY,CU-ENT-0061,,ACTIVE,,,CU-INC-0006,,CU-TRG-0056,,CU-IMP-3065,2026-07-01,ONCHAIN_SCAN,HIGH,,Circle
CU-ACT-3066,2026-07-01,BLACKLIST,0x1c165affe280c786303cce84f1eda9957de87779,ADDRESS,SANCTIONED_ENTITY,CU-ENT-0061,,ACTIVE,,,CU-INC-0006,,CU-TRG-0056,,CU-IMP-3066,2026-07-01,ONCHAIN_SCAN,HIGH,,Circle
CU-ACT-3067,2026-07-01,BLACKLIST,0x0c1ee706f91a56fc96e2f260c670bd4bf3002696,ADDRESS,SANCTIONED_ENTITY,CU-ENT-0061,,ACTIVE,,,CU-INC-0006,,CU-TRG-0056,,CU-IMP-3067,2026-07-01,ONCHAIN_SCAN,HIGH,,Circle
CU-ACT-3068,2026-07-01,BLACKLIST,0x28facff64babe25658bb4635af41aaa019f9deee,ADDRESS,SANCTIONED_ENTITY,CU-ENT-0061,,ACTIVE,,,CU-INC-0006,,CU-TRG-0056,,CU-IMP-3068,2026-07-01,ONCHAIN_SCAN,HIGH,,Circle
CU-ACT-3069,2026-07-01,BLACKLIST,0xdd8cf42ff365caebbed4f48190ca79286b0e66c7,ADDRESS,SANCTIONED_ENTITY,CU-ENT-0061,,ACTIVE,,,CU-INC-0006,,CU-TRG-0056,,CU-IMP-3069,2026-07-01,ONCHAIN_SCAN,HIGH,,Circle
CU-ACT-3070,2026-07-01,BLACKLIST,0x68c15054d74c86ffca1e23a3802a27bab1735395,ADDRESS,SANCTIONED_ENTITY,CU-ENT-0061,,ACTIVE,,,CU-INC-0006,,CU-TRG-0056,,CU-IMP-3070,2026-07-01,ONCHAIN_SCAN,HIGH,,Circle
CU-ACT-3071,2026-07-01,BLACKLIST,0xd086c684646d4eba389c5d97e57d5b2bee3826b7,ADDRESS,SANCTIONED_ENTITY,CU-ENT-0061,,ACTIVE,,,CU-INC-0006,,CU-TRG-0056,,CU-IMP-3071,2026-07-01,ONCHAIN_SCAN,HIGH,,Circle
CU-ACT-3072,2026-07-01,BLACKLIST,0x24545819f879db1a8df28fe0fd7f8ee4b7025977,ADDRESS,SANCTIONED_ENTITY,CU-ENT-0061,,ACTIVE,,,CU-INC-0006,,CU-TRG-0056,,CU-IMP-3072,2026-07-01,ONCHAIN_SCAN,HIGH,,Circle
CU-ACT-3073,2026-07-01,BLACKLIST,0x56bf68cd5ad0cafc5e3cb7da826914359592eb62,ADDRESS,SANCTIONED_ENTITY,CU-ENT-0061,,ACTIVE,,,CU-INC-0006,,CU-TRG-0056,,CU-IMP-3073,2026-07-01,ONCHAIN_SCAN,HIGH,,Circle
CU-ACT-3074,2026-07-01,BLACKLIST,0x803a9bd5e917e32bd7bcde526e656254417c5a86,ADDRESS,SANCTIONED_ENTITY,CU-ENT-0061,,ACTIVE,,,CU-INC-0006,,CU-TRG-0056,,CU-IMP-3074,2026-07-01,ONCHAIN_SCAN,HIGH,,Circle
CU-ACT-3075,2026-07-01,BLACKLIST,0x1b78a412cc1078fd5719a3379085647ca4ba0e5f,ADDRESS,SANCTIONED_ENTITY,CU-ENT-0061,,ACTIVE,,,CU-INC-0006,,CU-TRG-0056,,CU-IMP-3075,2026-07-01,ONCHAIN_SCAN,HIGH,,Circle
CU-ACT-3076,2026-07-01,BLACKLIST,0x12f3acd05ddc70d333ca7e8d9a36513997cfb08f,ADDRESS,SANCTIONED_ENTITY,CU-ENT-0061,,ACTIVE,,,CU-INC-0006,,CU-TRG-0056,,CU-IMP-3076,2026-07-01,ONCHAIN_SCAN,HIGH,,Circle
CU-ACT-3077,2026-07-01,BLACKLIST,0xe4814881a36d2c543b5acc30a7ee9868b0c810da,ADDRESS,SANCTIONED_ENTITY,CU-ENT-0061,,ACTIVE,,,CU-INC-0006,,CU-TRG-0056,,CU-IMP-3077,2026-07-01,ONCHAIN_SCAN,HIGH,,Circle
CU-ACT-3078,2026-07-01,BLACKLIST,0xfbc3ca4a4b808bef72c54b872caa59e5e69c783e,ADDRESS,SANCTIONED_ENTITY,CU-ENT-0061,,ACTIVE,,,CU-INC-0006,,CU-TRG-0056,,CU-IMP-3078,2026-07-01,ONCHAIN_SCAN,HIGH,,Circle
CU-ACT-3079,2026-07-01,BLACKLIST,0x2907a4de925af9434bcf176957dcbfeac49afc46,ADDRESS,SANCTIONED_ENTITY,CU-ENT-0061,,ACTIVE,,,CU-INC-0006,,CU-TRG-0056,,CU-IMP-3079,2026-07-01,ONCHAIN_SCAN,HIGH,,Circle
CU-ACT-3080,2026-07-01,BLACKLIST,0x81d0eac7c2e42b221bd2e5bd5f9ddc0dcc9f6f30,ADDRESS,SANCTIONED_ENTITY,CU-ENT-0061,,ACTIVE,,,CU-INC-0006,,CU-TRG-0056,,CU-IMP-3080,2026-07-01,ONCHAIN_SCAN,HIGH,,Circle
CU-ACT-3081,2026-07-01,BLACKLIST,0x9f4f225d3fa34d498adbfd6898e2b30850859059,ADDRESS,SANCTIONED_ENTITY,CU-ENT-0061,,ACTIVE,,,CU-INC-0006,,CU-TRG-0056,,CU-IMP-3081,2026-07-01,ONCHAIN_SCAN,HIGH,,Circle
CU-ACT-3082,2026-07-01,BLACKLIST,0x2e2983271415c0aa7950277186f10c0676f5cac2,ADDRESS,SANCTIONED_ENTITY,CU-ENT-0061,,ACTIVE,,,CU-INC-0006,,CU-TRG-0056,,CU-IMP-3082,2026-07-01,ONCHAIN_SCAN,HIGH,,Circle
CU-ACT-3083,2026-07-01,BLACKLIST,0xa05b377f4ae52727a59bcb7a82d6a20356f6b0b4,ADDRESS,SANCTIONED_ENTITY,CU-ENT-0061,,ACTIVE,,,CU-INC-0006,,CU-TRG-0056,,CU-IMP-3083,2026-07-01,ONCHAIN_SCAN,HIGH,,Circle
CU-ACT-3084,2026-07-01,BLACKLIST,0x20e60fa8673fa61d574b42a13ae805c312777241,ADDRESS,SANCTIONED_ENTITY,CU-ENT-0061,,ACTIVE,,,CU-INC-0006,,CU-TRG-0056,,CU-IMP-3084,2026-07-01,ONCHAIN_SCAN,HIGH,,Circle
CU-ACT-3085,2026-07-01,BLACKLIST,0xa570df663c1b522f3dacd6f96320e65f8206ed0d,ADDRESS,SANCTIONED_ENTITY,CU-ENT-0061,,ACTIVE,,,CU-INC-0006,,CU-TRG-0056,,CU-IMP-3085,2026-07-01,ONCHAIN_SCAN,HIGH,,Circle
CU-ACT-3086,2026-07-01,BLACKLIST,0x878ebd5e809aca3dc01856d5fa924a405e34dad6,ADDRESS,SANCTIONED_ENTITY,CU-ENT-0061,,ACTIVE,,,CU-INC-0006,,CU-TRG-0056,,CU-IMP-3086,2026-07-01,ONCHAIN_SCAN,HIGH,,Circle
CU-ACT-3087,2026-07-01,BLACKLIST,0xd3faecadc1f752234b6079299f570def99976f7c,ADDRESS,SANCTIONED_ENTITY,CU-ENT-0061,,ACTIVE,,,CU-INC-0006,,CU-TRG-0056,,CU-IMP-3087,2026-07-01,ONCHAIN_SCAN,HIGH,,Circle
CU-ACT-3088,2026-07-01,BLACKLIST,0x07d28de0bbd45f2ef8f89621f9f504ed72f34d92,ADDRESS,SANCTIONED_ENTITY,CU-ENT-0061,,ACTIVE,,,CU-INC-0006,,CU-TRG-0056,,CU-IMP-3088,2026-07-01,ONCHAIN_SCAN,HIGH,,Circle
CU-ACT-3089,2026-07-01,BLACKLIST,0xb79a667da76ba369583ba333c4eb4b005c5b657a,ADDRESS,SANCTIONED_ENTITY,CU-ENT-0061,,ACTIVE,,,CU-INC-0006,,CU-TRG-0056,,CU-IMP-3089,2026-07-01,ONCHAIN_SCAN,HIGH,,Circle
CU-ACT-3090,2026-07-01,BLACKLIST,0x95bcc8bbd8f91b255baf9ecf54f15e74b9959af2,ADDRESS,SANCTIONED_ENTITY,CU-ENT-0061,,ACTIVE,,,CU-INC-0006,,CU-TRG-0056,,CU-IMP-3090,2026-07-01,ONCHAIN_SCAN,HIGH,,Circle
CU-ACT-3091,2026-07-01,BLACKLIST,0x31424423746e69795da87d93bef987cc9aebe8d6,ADDRESS,SANCTIONED_ENTITY,CU-ENT-0061,,ACTIVE,,,CU-INC-0006,,CU-TRG-0056,,CU-IMP-3091,2026-07-01,ONCHAIN_SCAN,HIGH,,Circle
CU-ACT-3092,2026-07-01,BLACKLIST,0x5a43b964288ce2b4b7de0cae544531bf94a8b79f,ADDRESS,SANCTIONED_ENTITY,CU-ENT-0061,,ACTIVE,,,CU-INC-0006,,CU-TRG-0056,,CU-IMP-3092,2026-07-01,ONCHAIN_SCAN,HIGH,,Circle
CU-ACT-3093,2026-07-01,BLACKLIST,0x3e4b5fa3fe3fdb48f0865b2088e3beafe915eb63,ADDRESS,SANCTIONED_ENTITY,CU-ENT-0061,,ACTIVE,,,CU-INC-0006,,CU-TRG-0056,,CU-IMP-3093,2026-07-01,ONCHAIN_SCAN,HIGH,,Circle
CU-ACT-3094,2026-07-01,BLACKLIST,0x26eddc84e46104b944f871c0f3fbd8256197d5ca,ADDRESS,SANCTIONED_ENTITY,CU-ENT-0061,,ACTIVE,,,CU-INC-0006,,CU-TRG-0056,,CU-IMP-3094,2026-07-01,ONCHAIN_SCAN,HIGH,,Circle
CU-ACT-3095,2026-07-01,BLACKLIST,0xa6358db3812ce9a11eb8aa2f954e36711ed015f6,ADDRESS,SANCTIONED_ENTITY,CU-ENT-0061,,ACTIVE,,,CU-INC-0006,,CU-TRG-0056,,CU-IMP-3095,2026-07-01,ONCHAIN_SCAN,HIGH,,Circle
CU-ACT-3096,2026-07-01,BLACKLIST,0x12f59283c23ff1b2ad7a8730b6cf41df25435570,ADDRESS,SANCTIONED_ENTITY,CU-ENT-0061,,ACTIVE,,,CU-INC-0006,,CU-TRG-0056,,CU-IMP-3096,2026-07-01,ONCHAIN_SCAN,HIGH,,Circle
CU-ACT-3097,2026-07-01,BLACKLIST,0xf0eaf0fa72283fb86ebd5d462cc5c7e97d640308,ADDRESS,SANCTIONED_ENTITY,CU-ENT-0061,,ACTIVE,,,CU-INC-0006,,CU-TRG-0056,,CU-IMP-3097,2026-07-01,ONCHAIN_SCAN,HIGH,,Circle
CU-ACT-3098,2026-07-01,BLACKLIST,0xcc8b73b5a7b3c88478c1a3d0eb34c7c5dc9f686f,ADDRESS,SANCTIONED_ENTITY,CU-ENT-0061,,ACTIVE,,,CU-INC-0006,,CU-TRG-0056,,CU-IMP-3098,2026-07-01,ONCHAIN_SCAN,HIGH,,Circle
CU-ACT-3099,2026-07-01,BLACKLIST,0x7077f6f05c0c435bde0d145613425fc17ce10a5a,ADDRESS,SANCTIONED_ENTITY,CU-ENT-0061,,ACTIVE,,,CU-INC-0006,,CU-TRG-0056,,CU-IMP-3099,2026-07-01,ONCHAIN_SCAN,HIGH,,Circle
CU-ACT-3100,2026-07-01,BLACKLIST,0x701f00ebbcd4c09d6a7a9f89023cbf400c318504,ADDRESS,SANCTIONED_ENTITY,CU-ENT-0061,,ACTIVE,,,CU-INC-0006,,CU-TRG-0056,,CU-IMP-3100,2026-07-01,ONCHAIN_SCAN,HIGH,,Circle
CU-ACT-3101,2026-07-01,BLACKLIST,0xa38ffbe2722007f682e4985420acfce172c8b421,ADDRESS,SANCTIONED_ENTITY,CU-ENT-0061,,ACTIVE,,,CU-INC-0006,,CU-TRG-0056,,CU-IMP-3101,2026-07-01,ONCHAIN_SCAN,HIGH,,Circle
CU-ACT-3102,2026-07-01,BLACKLIST,0x2d0d0dcf83adde53fcde96af5fbcd1367944a2d8,ADDRESS,SANCTIONED_ENTITY,CU-ENT-0061,,ACTIVE,,,CU-INC-0006,,CU-TRG-0056,,CU-IMP-3102,2026-07-01,ONCHAIN_SCAN,HIGH,,Circle
CU-ACT-3103,2026-07-01,BLACKLIST,0x18855af93d521cf39fa8a1342a06562661725420,ADDRESS,SANCTIONED_ENTITY,CU-ENT-0061,,ACTIVE,,,CU-INC-0006,,CU-TRG-0056,,CU-IMP-3103,2026-07-01,ONCHAIN_SCAN,HIGH,,Circle
CU-ACT-3104,2026-07-01,BLACKLIST,0xcc0bf752565564606f37c647249da56838671a7d,ADDRESS,SANCTIONED_ENTITY,CU-ENT-0061,,ACTIVE,,,CU-INC-0006,,CU-TRG-0056,,CU-IMP-3104,2026-07-01,ONCHAIN_SCAN,HIGH,,Circle
CU-ACT-3105,2026-07-01,BLACKLIST,0xae1174ea8e2ce28b7db322f675be24507a37aabd,ADDRESS,SANCTIONED_ENTITY,CU-ENT-0061,,ACTIVE,,,CU-INC-0006,,CU-TRG-0056,,CU-IMP-3105,2026-07-01,ONCHAIN_SCAN,HIGH,,Circle
CU-ACT-3106,2026-07-01,BLACKLIST,0x12964e45547b54b00faab3f8babc22ff7fe45609,ADDRESS,SANCTIONED_ENTITY,CU-ENT-0061,,ACTIVE,,,CU-INC-0006,,CU-TRG-0056,,CU-IMP-3106,2026-07-01,ONCHAIN_SCAN,HIGH,,Circle
CU-ACT-3107,2026-07-01,BLACKLIST,0x1796486b359f2084f9e1585a491545d38d6db391,ADDRESS,SANCTIONED_ENTITY,CU-ENT-0061,,ACTIVE,,,CU-INC-0006,,CU-TRG-0056,,CU-IMP-3107,2026-07-01,ONCHAIN_SCAN,HIGH,,Circle
CU-ACT-3108,2026-07-01,BLACKLIST,0x8eec746c6fc6dda84f44c82ca94818281c23e1f1,ADDRESS,SANCTIONED_ENTITY,CU-ENT-0061,,ACTIVE,,,CU-INC-0006,,CU-TRG-0056,,CU-IMP-3108,2026-07-01,ONCHAIN_SCAN,HIGH,,Circle
CU-ACT-3109,2026-07-01,BLACKLIST,0x01ab57e94386817f1d3d3549c2e3ad5d2622de2b,ADDRESS,SANCTIONED_ENTITY,CU-ENT-0061,,ACTIVE,,,CU-INC-0006,,CU-TRG-0056,,CU-IMP-3109,2026-07-01,ONCHAIN_SCAN,HIGH,,Circle
CU-ACT-3110,2026-07-01,BLACKLIST,0xcc794fdec285f2b5461b6b2aee7d0511cde8cda7,ADDRESS,SANCTIONED_ENTITY,CU-ENT-0061,,ACTIVE,,,CU-INC-0006,,CU-TRG-0056,,CU-IMP-3110,2026-07-01,ONCHAIN_SCAN,HIGH,,Circle
CU-ACT-3111,2026-07-01,BLACKLIST,0x93e7a8bfd6c1f4af81db2ae9ea6b02e69a6da2bf,ADDRESS,SANCTIONED_ENTITY,CU-ENT-0061,,ACTIVE,,,CU-INC-0006,,CU-TRG-0056,,CU-IMP-3111,2026-07-01,ONCHAIN_SCAN,HIGH,,Circle
CU-ACT-3112,2026-07-01,BLACKLIST,0x3beaf4486e9c6a4feae23ed9296844588a61604c,ADDRESS,SANCTIONED_ENTITY,CU-ENT-0061,,ACTIVE,,,CU-INC-0006,,CU-TRG-0056,,CU-IMP-3112,2026-07-01,ONCHAIN_SCAN,HIGH,,Circle
CU-ACT-3113,2026-07-01,BLACKLIST,0x8711522cdb2f89df2d99dea0c1cb68ce2ee3016a,ADDRESS,SANCTIONED_ENTITY,CU-ENT-0061,,ACTIVE,,,CU-INC-0006,,CU-TRG-0056,,CU-IMP-3113,2026-07-01,ONCHAIN_SCAN,HIGH,,Circle
CU-ACT-3114,2026-07-01,BLACKLIST,0xaa678643e6c27b8508d91bf152b581b94b8c6cbf,ADDRESS,SANCTIONED_ENTITY,CU-ENT-0061,,ACTIVE,,,CU-INC-0006,,CU-TRG-0056,,CU-IMP-3114,2026-07-01,ONCHAIN_SCAN,HIGH,,Circle
CU-ACT-3115,2026-07-01,BLACKLIST,0xeb3c18a88bd40c776cdf6c3986edbc39f30a731d,ADDRESS,SANCTIONED_ENTITY,CU-ENT-0061,,ACTIVE,,,CU-INC-0006,,CU-TRG-0056,,CU-IMP-3115,2026-07-01,ONCHAIN_SCAN,HIGH,,Circle
CU-ACT-3116,2026-07-01,BLACKLIST,0x1ed13e7c465a3850f8f9e0b503587ba514017536,ADDRESS,SANCTIONED_ENTITY,CU-ENT-0061,,ACTIVE,,,CU-INC-0006,,CU-TRG-0056,,CU-IMP-3116,2026-07-01,ONCHAIN_SCAN,HIGH,,Circle
CU-ACT-3117,2026-07-01,BLACKLIST,0x410450013674ad6e67c8c0c0d4cf71656cf1e4b4,ADDRESS,SANCTIONED_ENTITY,CU-ENT-0061,,ACTIVE,,,CU-INC-0006,,CU-TRG-0056,,CU-IMP-3117,2026-07-01,ONCHAIN_SCAN,HIGH,,Circle
CU-ACT-3118,2026-07-01,BLACKLIST,0x81c483bf9bcdc0a31864ae7c1762425b67c2c467,ADDRESS,SANCTIONED_ENTITY,CU-ENT-0061,,ACTIVE,,,CU-INC-0006,,CU-TRG-0056,,CU-IMP-3118,2026-07-01,ONCHAIN_SCAN,HIGH,,Circle
CU-ACT-3119,2026-07-01,BLACKLIST,0xc4244fe10b9365766efa5a4f0baa124a750c8b4f,ADDRESS,SANCTIONED_ENTITY,CU-ENT-0061,,ACTIVE,,,CU-INC-0006,,CU-TRG-0056,,CU-IMP-3119,2026-07-01,ONCHAIN_SCAN,HIGH,,Circle
CU-ACT-3120,2026-07-01,BLACKLIST,0xd5f14e80acaf51d5970eba2851685b32f5a97e00,ADDRESS,SANCTIONED_ENTITY,CU-ENT-0061,,ACTIVE,,,CU-INC-0006,,CU-TRG-0056,,CU-IMP-3120,2026-07-01,ONCHAIN_SCAN,HIGH,,Circle
CU-ACT-3121,2026-07-01,BLACKLIST,0xee366d650af5599f86289109ffb37ff0a2178b2f,ADDRESS,SANCTIONED_ENTITY,CU-ENT-0061,,ACTIVE,,,CU-INC-0006,,CU-TRG-0056,,CU-IMP-3121,2026-07-01,ONCHAIN_SCAN,HIGH,,Circle
CU-ACT-3122,2026-07-01,BLACKLIST,0x912b64c34d4c048c403d588df0fdae3b9b93b543,ADDRESS,SANCTIONED_ENTITY,CU-ENT-0061,,ACTIVE,,,CU-INC-0006,,CU-TRG-0056,,CU-IMP-3122,2026-07-01,ONCHAIN_SCAN,HIGH,,Circle
CU-ACT-3123,2026-07-01,BLACKLIST,0x26f4376ef74562f92876577e86b0bbb4fc05cdd6,ADDRESS,SANCTIONED_ENTITY,CU-ENT-0061,,ACTIVE,,,CU-INC-0006,,CU-TRG-0056,,CU-IMP-3123,2026-07-01,ONCHAIN_SCAN,HIGH,,Circle
CU-ACT-3124,2026-07-01,BLACKLIST,0x4069dffc23210e939075300d5e50161d0cf868c7,ADDRESS,SANCTIONED_ENTITY,CU-ENT-0061,,ACTIVE,,,CU-INC-0006,,CU-TRG-0056,,CU-IMP-3124,2026-07-01,ONCHAIN_SCAN,HIGH,,Circle
CU-ACT-3125,2026-07-01,BLACKLIST,0x91f7a5a79c0c660744496dd498a1601bfe670494,ADDRESS,SANCTIONED_ENTITY,CU-ENT-0061,,ACTIVE,,,CU-INC-0006,,CU-TRG-0056,,CU-IMP-3125,2026-07-01,ONCHAIN_SCAN,HIGH,,Circle
CU-ACT-3126,2026-07-01,BLACKLIST,0x2d20b1d77f2f663f7fe745f8493d6744683544b8,ADDRESS,SANCTIONED_ENTITY,CU-ENT-0061,,ACTIVE,,,CU-INC-0006,,CU-TRG-0056,,CU-IMP-3126,2026-07-01,ONCHAIN_SCAN,HIGH,,Circle
CU-ACT-3127,2026-07-01,BLACKLIST,0x8d7e10e5fa9ce28f5a7f49760b59f5ad992bddce,ADDRESS,SANCTIONED_ENTITY,CU-ENT-0061,,ACTIVE,,,CU-INC-0006,,CU-TRG-0056,,CU-IMP-3127,2026-07-01,ONCHAIN_SCAN,HIGH,,Circle
CU-ACT-3128,2026-07-01,BLACKLIST,0x5168da75329bca67a2c75642b7cab4f14482cb9d,ADDRESS,SANCTIONED_ENTITY,CU-ENT-0061,,ACTIVE,,,CU-INC-0006,,CU-TRG-0056,,CU-IMP-3128,2026-07-01,ONCHAIN_SCAN,HIGH,,Circle
CU-ACT-3129,2026-07-01,BLACKLIST,0xc868071a9602dd0c8e8f277432c742fdac78442b,ADDRESS,SANCTIONED_ENTITY,CU-ENT-0061,,ACTIVE,,,CU-INC-0006,,CU-TRG-0056,,CU-IMP-3129,2026-07-01,ONCHAIN_SCAN,HIGH,,Circle
CU-ACT-3130,2026-07-01,BLACKLIST,0x13c9c13507282550061c367f8f10527df835afc5,ADDRESS,SANCTIONED_ENTITY,CU-ENT-0061,,ACTIVE,,,CU-INC-0006,,CU-TRG-0056,,CU-IMP-3130,2026-07-01,ONCHAIN_SCAN,HIGH,,Circle
CU-ACT-3131,2026-07-01,BLACKLIST,0xab1a8d5e41dc0223973dbdfd1de14e3d567d81fb,ADDRESS,SANCTIONED_ENTITY,CU-ENT-0061,,ACTIVE,,,CU-INC-0006,,CU-TRG-0056,,CU-IMP-3131,2026-07-01,ONCHAIN_SCAN,HIGH,,Circle
CU-ACT-3132,2026-07-01,BLACKLIST,0x82def3990129e73531ad7a737ba54c76d34e507d,ADDRESS,SANCTIONED_ENTITY,CU-ENT-0061,,ACTIVE,,,CU-INC-0006,,CU-TRG-0056,,CU-IMP-3132,2026-07-01,ONCHAIN_SCAN,HIGH,,Circle
CU-ACT-3133,2026-07-01,BLACKLIST,0x994aa9e584fdbe4df7934db56941fc19e70bb336,ADDRESS,SANCTIONED_ENTITY,CU-ENT-0061,,ACTIVE,,,CU-INC-0006,,CU-TRG-0056,,CU-IMP-3133,2026-07-01,ONCHAIN_SCAN,HIGH,,Circle
CU-ACT-3134,2026-07-01,BLACKLIST,0x70d6292f5b971c82fb6587a3cd740f64e98009c3,ADDRESS,SANCTIONED_ENTITY,CU-ENT-0061,,ACTIVE,,,CU-INC-0006,,CU-TRG-0056,,CU-IMP-3134,2026-07-01,ONCHAIN_SCAN,HIGH,,Circle
CU-ACT-3135,2026-07-01,BLACKLIST,0x3ec58d2b0bce77282f2e415ac6596dc3f626f436,ADDRESS,SANCTIONED_ENTITY,CU-ENT-0061,,ACTIVE,,,CU-INC-0006,,CU-TRG-0056,,CU-IMP-3135,2026-07-01,ONCHAIN_SCAN,HIGH,,Circle
CU-ACT-3136,2026-07-09,BLACKLIST,0x3e140e2db21d0aec7fde9f0e134c02c5321f0cd3,ADDRESS,,,,ACTIVE,,,,,,,CU-IMP-3136,,ONCHAIN_SCAN,HIGH,,Circle
CU-ACT-3137,2026-07-10,BLACKLIST,0x186e6139cd55902faa3d70b4cd866e7237d2f6ed,ADDRESS,,,,ACTIVE,,,,,,,CU-IMP-3137,,ONCHAIN_SCAN,HIGH,,Circle
CU-ACT-3138,2026-07-10,BLACKLIST,0x8766fe4aa2208afd9a5b050acfcdbb4ad4d3d8ee,ADDRESS,,,,ACTIVE,,,,,,,CU-IMP-3138,,ONCHAIN_SCAN,HIGH,,Circle
CU-ACT-3139,2026-07-10,BLACKLIST,0xe39d2aa8983d125beae388ab72415bc5d2b5616d,ADDRESS,,,,ACTIVE,,,,,,,CU-IMP-3139,,ONCHAIN_SCAN,HIGH,,Circle
CU-ACT-3140,2026-07-10,BLACKLIST,0x5d36df85b8b7d306c9e49f03c5f34f80f8eade44,ADDRESS,,,,ACTIVE,,,,,,,CU-IMP-3140,,ONCHAIN_SCAN,HIGH,,Circle
CU-ACT-3141,2026-07-10,BLACKLIST,0xe7d7945b4e93e11adb9738021e965a921a2e16a2,ADDRESS,,,,ACTIVE,,,,,,,CU-IMP-3141,,ONCHAIN_SCAN,HIGH,,Circle
CU-ACT-3142,2026-07-10,BLACKLIST,0x754252e95d2167dce45e032cddfe6b02e0649a35,ADDRESS,,,,ACTIVE,,,,,,,CU-IMP-3142,,ONCHAIN_SCAN,HIGH,,Circle
CU-ACT-3143,2026-07-10,BLACKLIST,0x9c138832c04c581427fbac8245432009704484b3,ADDRESS,,,,ACTIVE,,,,,,,CU-IMP-3143,,ONCHAIN_SCAN,HIGH,,Circle
CU-ACT-3144,2026-07-13,BLACKLIST,0x1d19b52b54e7ef5ea1a4b40b616165e798eac9f8,ADDRESS,SANCTIONED_ENTITY,CU-ENT-0065,,ACTIVE,,,,,CU-TRG-0058,,CU-IMP-3144,2026-07-13,ONCHAIN_SCAN,HIGH,,Circle
CU-ACT-3145,2026-07-13,BLACKLIST,0x2c7dcd774b33e10367f7d6385479e04f97d179dc,ADDRESS,SANCTIONED_ENTITY,CU-ENT-0065,,ACTIVE,,,,,CU-TRG-0058,,CU-IMP-3145,2026-07-13,ONCHAIN_SCAN,HIGH,,Circle
CU-ACT-3146,2026-07-13,BLACKLIST,0xbe7d33a802487f0b51e0191dc0c3772fa11a8f70,ADDRESS,SANCTIONED_ENTITY,CU-ENT-0065,,ACTIVE,,,,,CU-TRG-0058,,CU-IMP-3146,2026-07-13,ONCHAIN_SCAN,HIGH,,Circle
CU-ACT-3147,2026-07-13,BLACKLIST,0x2711d73d559f62f4f855ee21f38378f528e07985,ADDRESS,SANCTIONED_ENTITY,CU-ENT-0064,,ACTIVE,,,,,CU-TRG-0058,,CU-IMP-3147,2026-07-13,ONCHAIN_SCAN,HIGH,,Circle
CU-ACT-3148,2026-07-13,BLACKLIST,0x0e0d1899d3a6a9362bc215f1c5a9acaccb0de882,ADDRESS,SANCTIONED_ENTITY,CU-ENT-0065,,ACTIVE,,,,,CU-TRG-0058,,CU-IMP-3148,2026-07-13,ONCHAIN_SCAN,HIGH,,Circle
CU-ACT-3149,2026-07-13,BLACKLIST,0xcfbb0c9a2a99777b46211b380869f82cf20a635e,ADDRESS,SANCTIONED_ENTITY,CU-ENT-0064,,ACTIVE,,,,,CU-TRG-0058,,CU-IMP-3149,2026-07-13,ONCHAIN_SCAN,HIGH,,Circle
CU-ACT-3150,2026-07-14,BLACKLIST,0x08151bd98c00015de698408de9405aa62115b5ee,ADDRESS,SANCTIONED_ENTITY,CU-ENT-0071,,ACTIVE,,,,,CU-TRG-0063,,CU-IMP-3150,2026-07-14,ONCHAIN_SCAN,HIGH,,Circle
CU-ACT-3151,2026-07-14,BLACKLIST,0xe995da05f4e51871d5d2ef8496536a052138bc6a,ADDRESS,SANCTIONED_ENTITY,CU-ENT-0071,,ACTIVE,,,,,CU-TRG-0063,,CU-IMP-3151,2026-07-14,ONCHAIN_SCAN,HIGH,,Circle
CU-ACT-3152,2026-07-14,BLACKLIST,0x3ba6174651e3a0c3c6a7d42a75e6e00b039304d1,ADDRESS,SANCTIONED_ENTITY,CU-ENT-0071,,ACTIVE,,,,,CU-TRG-0063,,CU-IMP-3152,2026-07-14,ONCHAIN_SCAN,HIGH,,Circle
CU-ACT-3153,2026-07-14,BLACKLIST,0x5f077e9b16f30b9ecfaf5dc09294dcc98b8d395a,ADDRESS,SANCTIONED_ENTITY,CU-ENT-0071,,ACTIVE,,,,,CU-TRG-0063,,CU-IMP-3153,2026-07-14,ONCHAIN_SCAN,HIGH,,Circle
CU-ACT-3154,2026-07-23,BLACKLIST,0x07f57fafbd3055737c778184cdb7b30c65fb7a6e,ADDRESS,SANCTIONED_ENTITY,CU-ENT-0070,,ACTIVE,,,,,CU-TRG-0061,,CU-IMP-3154,2026-07-23,ONCHAIN_SCAN,HIGH,,Circle
CU-ACT-3155,2026-07-23,BLACKLIST,0x4b6d60a69a1386992e18f89241d183429ebc3a56,ADDRESS,SANCTIONED_ENTITY,CU-ENT-0070,,ACTIVE,,,,,CU-TRG-0061,,CU-IMP-3155,2026-07-23,ONCHAIN_SCAN,HIGH,,Circle
CU-ACT-3156,2026-07-23,BLACKLIST,0x506d8d7c56a06723a52fde594638eeda23461d15,ADDRESS,SANCTIONED_ENTITY,CU-ENT-0070,,ACTIVE,,,,,CU-TRG-0061,,CU-IMP-3156,2026-07-23,ONCHAIN_SCAN,HIGH,,Circle
CU-ACT-3157,2026-07-23,BLACKLIST,0x76c7c4ff99ab9791d4e358e33a3f51c2c5d3ac8e,ADDRESS,SANCTIONED_ENTITY,CU-ENT-0070,,ACTIVE,,,,,CU-TRG-0061,,CU-IMP-3157,2026-07-23,ONCHAIN_SCAN,HIGH,,Circle
CU-ACT-3158,2026-07-23,BLACKLIST,0x99929eed7638ac0f031a5d925409741f86f98be6,ADDRESS,SANCTIONED_ENTITY,CU-ENT-0070,,ACTIVE,,,,,CU-TRG-0061,,CU-IMP-3158,2026-07-23,ONCHAIN_SCAN,HIGH,,Circle
CU-ACT-3159,2026-07-23,BLACKLIST,0xd838b11133085016bc31ca78571067b0d77dc290,ADDRESS,SANCTIONED_ENTITY,CU-ENT-0070,,ACTIVE,,,,,CU-TRG-0061,,CU-IMP-3159,2026-07-23,ONCHAIN_SCAN,HIGH,,Circle
CU-ACT-3160,2026-07-23,BLACKLIST,0xb690e524695f909e7dac090ff30b1fcfe557f597,ADDRESS,SANCTIONED_ENTITY,CU-ENT-0070,,ACTIVE,,,,,CU-TRG-0061,,CU-IMP-3160,2026-07-23,ONCHAIN_SCAN,HIGH,,Circle
CU-ACT-3161,2026-07-23,BLACKLIST,0x4f7d86931540a497ecac58c4b5320eca93df26b6,ADDRESS,,,,ACTIVE,,,,,,,CU-IMP-3161,,ONCHAIN_SCAN,HIGH,,Circle
CU-ACT-3162,2026-07-24,BLACKLIST,0x5051da1c714dbf1183ca015edcd82836d9dbb9af,ADDRESS,,,,ACTIVE,,,,,,,CU-IMP-3162,,ONCHAIN_SCAN,HIGH,,Circle
CU-ACT-3163,2026-07-29,BLACKLIST,0x0ede564e315f8e1803161a22e8404c624c35b1fb,ADDRESS,SANCTIONED_ENTITY,CU-ENT-0073,,ACTIVE,,,,,CU-TRG-0065,,CU-IMP-3163,2026-03-26,ONCHAIN_SCAN,HIGH,,Circle
CU-ACT-3164,2026-07-29,BLACKLIST,0xdca63d36e326fdcde1c6403ff3edf5d8ba7699ad,ADDRESS,SANCTIONED_ENTITY,CU-ENT-0073,,ACTIVE,,,,,CU-TRG-0065,,CU-IMP-3164,2026-03-26,ONCHAIN_SCAN,HIGH,,Circle
CU-ACT-3165,2026-08-07,BLACKLIST,0x6b69e2a7545c166417a80c61a77562052bffa9c5,ADDRESS,SANCTIONED_ENTITY,CU-ENT-0068,,ACTIVE,,,,,CU-TRG-0059,,CU-IMP-3165,2026-08-07,ONCHAIN_SCAN,HIGH,,Circle
CU-ACT-3166,2026-08-07,BLACKLIST,0x8d79c73daae8630c88de372ba8f57592fa987607,ADDRESS,SANCTIONED_ENTITY,CU-ENT-0067,,ACTIVE,,,,,CU-TRG-0059,,CU-IMP-3166,2026-08-07,ONCHAIN_SCAN,HIGH,,Circle
CU-ACT-3167,2026-08-07,BLACKLIST,0x967f32c544b6547f366123927d6dc0a3c6dcdfb9,ADDRESS,SANCTIONED_ENTITY,CU-ENT-0067,,ACTIVE,,,,,CU-TRG-0059,,CU-IMP-3167,2026-08-07,ONCHAIN_SCAN,HIGH,,Circle
CU-ACT-3168,2026-08-07,BLACKLIST,0xbb69e01921b17cd22080968bcc96ba6115da6062,ADDRESS,SANCTIONED_ENTITY,CU-ENT-0066,,ACTIVE,,,,,CU-TRG-0059,,CU-IMP-3168,2026-08-07,ONCHAIN_SCAN,HIGH,,Circle
CU-ACT-3169,2026-08-07,BLACKLIST,0xe05f529f5284d75624eba386cb716928c3b54a2a,ADDRESS,SANCTIONED_ENTITY,CU-ENT-0068,,ACTIVE,,,,,CU-TRG-0059,,CU-IMP-3169,2026-08-07,ONCHAIN_SCAN,HIGH,,Circle
CU-ACT-3170,2026-08-07,BLACKLIST,0xc02b8bcd6cea7162274b939410d466b755553175,ADDRESS,SANCTIONED_ENTITY,CU-ENT-0066,,ACTIVE,,,,,CU-TRG-0059,,CU-IMP-3170,2026-08-07,ONCHAIN_SCAN,HIGH,,Circle
CU-ACT-3171,2026-08-07,BLACKLIST,0xeaac716a919f3a032a7e5f4d803c799569c32bd4,ADDRESS,SANCTIONED_ENTITY,CU-ENT-0068,,ACTIVE,,,,,CU-TRG-0059,,CU-IMP-3171,2026-08-07,ONCHAIN_SCAN,HIGH,,Circle
CU-ACT-3172,2026-08-18,BLACKLIST,0x6e02b63fe60caa0372d96e687c045677053c7d7e,ADDRESS,,,,ACTIVE,,,,,,,CU-IMP-3172,,ONCHAIN_SCAN,HIGH,,Circle
CU-ACT-3173,2026-08-19,UNBLACKLIST,0x5b49e41bbbbed24ef90d54f0abd59e14722021db,ADDRESS,,,,ACTIVE,,,,,,,CU-IMP-3173,,ONCHAIN_SCAN,HIGH,,Circle
CU-ACT-3174,2026-04-24,BLACKLIST,0x8be1904f7e8d196ef670835e2893be5f75c1e63e,ADDRESS,SANCTIONED_ENTITY,CU-ENT-0071,,ACTIVE,,,,,CU-TRG-0062,,CU-IMP-3174,2026-04-24,ONCHAIN_SCAN,HIGH,,Circle
CU-ACT-3175,2026-04-24,BLACKLIST,0xc29c4df7111a39030a037a3abc8dc68c8d1d8ceb,ADDRESS,SANCTIONED_ENTITY,CU-ENT-0071,,ACTIVE,,,,,CU-TRG-0062,,CU-IMP-3175,2026-04-24,ONCHAIN_SCAN,HIGH,,Circle
CU-ACT-3176,2026-05-14,BLACKLIST,0x591e996b404d90435dedb949c82894c842e54851,ADDRESS,,,,ACTIVE,,,,,,,CU-IMP-3176,,ONCHAIN_SCAN,HIGH,,Circle
CU-ACT-3177,2026-05-20,BLACKLIST,0x038989cbb1710c72b9920dc4fa529158f463e72c,ADDRESS,SANCTIONED_ENTITY,CU-ENT-0062,,ACTIVE,,,,,CU-TRG-0057,,CU-IMP-3177,2026-05-20,ONCHAIN_SCAN,HIGH,,Circle
CU-ACT-3178,2026-05-20,BLACKLIST,0x14779cec0b117d5194c750c55ea1f42086631964,ADDRESS,SANCTIONED_ENTITY,CU-ENT-0062,,ACTIVE,,,,,CU-TRG-0057,,CU-IMP-3178,2026-05-20,ONCHAIN_SCAN,HIGH,,Circle
CU-ACT-3179,2026-05-20,BLACKLIST,0x32da24ca413f3e7b53145d4737e172c3bdf81e3e,ADDRESS,SANCTIONED_ENTITY,CU-ENT-0062,,ACTIVE,,,,,CU-TRG-0057,,CU-IMP-3179,2026-05-20,ONCHAIN_SCAN,HIGH,,Circle
CU-ACT-3180,2026-05-20,BLACKLIST,0x4f428c11dc82388fa5136d636e613ad923eb700b,ADDRESS,SANCTIONED_ENTITY,CU-ENT-0062,,ACTIVE,,,,,CU-TRG-0057,,CU-IMP-3180,2026-05-20,ONCHAIN_SCAN,HIGH,,Circle
CU-ACT-3181,2026-05-20,BLACKLIST,0xac4cc4b68ea24bbfaac8fd127b67ed445accce22,ADDRESS,SANCTIONED_ENTITY,CU-ENT-0063,,ACTIVE,,,,,CU-TRG-0057,,CU-IMP-3181,2026-05-20,ONCHAIN_SCAN,HIGH,,Circle
CU-ACT-3182,2026-05-20,BLACKLIST,0xf2235d55b2950a0b1317469d72d07ae65b2e27cb,ADDRESS,SANCTIONED_ENTITY,CU-ENT-0062,,ACTIVE,,,,,CU-TRG-0057,,CU-IMP-3182,2026-05-20,ONCHAIN_SCAN,HIGH,,Circle
CU-ACT-3183,2026-05-26,BLACKLIST,0x61427bf615ef615cae4314ca4fe16d5142217443,ADDRESS,SANCTIONED_ENTITY,CU-ENT-0072,,ACTIVE,,,,,CU-TRG-0064,,CU-IMP-3183,2026-05-26,ONCHAIN_SCAN,HIGH,,Circle
CU-ACT-3184,2026-05-26,BLACKLIST,0xd6ff9ba2aa8a3afd1e3d4a133449b9142ce52df5,ADDRESS,SANCTIONED_ENTITY,CU-ENT-0072,,ACTIVE,,,,,CU-TRG-0064,,CU-IMP-3184,2026-05-26,ONCHAIN_SCAN,HIGH,,Circle
CU-ACT-3185,2026-05-26,BLACKLIST,0x1ac8d4e4d1418a66f5891de2519693c797a2683b,ADDRESS,SANCTIONED_ENTITY,CU-ENT-0072,,ACTIVE,,,,,CU-TRG-0064,,CU-IMP-3185,2026-05-26,ONCHAIN_SCAN,HIGH,,Circle
CU-ACT-3186,2026-06-22,BLACKLIST,0x110cb5c5089fc35ba0deb718a291dd64f6d1bec8,ADDRESS,SANCTIONED_ENTITY,CU-ENT-0069,,ACTIVE,,,,,CU-TRG-0060,,CU-IMP-3186,2026-06-22,ONCHAIN_SCAN,HIGH,,Circle
CU-ACT-3187,2026-06-22,BLACKLIST,0x2408302c960af24d6df5dee325b59ac59b2e55ce,ADDRESS,SANCTIONED_ENTITY,CU-ENT-0069,,ACTIVE,,,,,CU-TRG-0060,,CU-IMP-3187,2026-06-22,ONCHAIN_SCAN,HIGH,,Circle
CU-ACT-3188,2026-07-01,BLACKLIST,0xce9f3bc87000393f625088ed40280a74682396cf,ADDRESS,SANCTIONED_ENTITY,CU-ENT-0061,,ACTIVE,,,CU-INC-0006,,CU-TRG-0056,,CU-IMP-3188,2026-07-01,ONCHAIN_SCAN,HIGH,,Circle
CU-ACT-3189,2026-07-01,BLACKLIST,0x1508e3c339f9e916595bfa6ea169aee265acf90c,ADDRESS,SANCTIONED_ENTITY,CU-ENT-0061,,ACTIVE,,,CU-INC-0006,,CU-TRG-0056,,CU-IMP-3189,2026-07-01,ONCHAIN_SCAN,HIGH,,Circle
CU-ACT-3190,2026-07-01,BLACKLIST,0xc44b0630645bdf681c775df334cbd7530da813fa,ADDRESS,SANCTIONED_ENTITY,CU-ENT-0061,,ACTIVE,,,CU-INC-0006,,CU-TRG-0056,,CU-IMP-3190,2026-07-01,ONCHAIN_SCAN,HIGH,,Circle
CU-ACT-3191,2026-07-01,BLACKLIST,0xda916a1c12989829fb02a0241a7e70b5a1a4e905,ADDRESS,SANCTIONED_ENTITY,CU-ENT-0061,,ACTIVE,,,CU-INC-0006,,CU-TRG-0056,,CU-IMP-3191,2026-07-01,ONCHAIN_SCAN,HIGH,,Circle
CU-ACT-3192,2026-07-01,BLACKLIST,0x1f6aa4cd73fe9faf58727800b075d43caa106d46,ADDRESS,SANCTIONED_ENTITY,CU-ENT-0061,,ACTIVE,,,CU-INC-0006,,CU-TRG-0056,,CU-IMP-3192,2026-07-01,ONCHAIN_SCAN,HIGH,,Circle
CU-ACT-3193,2026-07-01,BLACKLIST,0xb654159bc14f208000ec9e0ad287b321c7a3bf5c,ADDRESS,SANCTIONED_ENTITY,CU-ENT-0061,,ACTIVE,,,CU-INC-0006,,CU-TRG-0056,,CU-IMP-3193,2026-07-01,ONCHAIN_SCAN,HIGH,,Circle
CU-ACT-3194,2026-07-01,BLACKLIST,0x9b571ef4731f0c8539a629cc4c44fa4fd280c10d,ADDRESS,SANCTIONED_ENTITY,CU-ENT-0061,,ACTIVE,,,CU-INC-0006,,CU-TRG-0056,,CU-IMP-3194,2026-07-01,ONCHAIN_SCAN,HIGH,,Circle
CU-ACT-3195,2026-07-01,BLACKLIST,0xd67bb799b7d2dded7dd85802c5a6affec1108b94,ADDRESS,SANCTIONED_ENTITY,CU-ENT-0061,,ACTIVE,,,CU-INC-0006,,CU-TRG-0056,,CU-IMP-3195,2026-07-01,ONCHAIN_SCAN,HIGH,,Circle
CU-ACT-3196,2026-07-01,BLACKLIST,0xe6e1d9098b08fff5f8b3e27a02d4dca8ffcdf0a9,ADDRESS,SANCTIONED_ENTITY,CU-ENT-0061,,ACTIVE,,,CU-INC-0006,,CU-TRG-0056,,CU-IMP-3196,2026-07-01,ONCHAIN_SCAN,HIGH,,Circle
CU-ACT-3197,2026-07-01,BLACKLIST,0xe2b0c8cd5516cf733013712408add325081225ca,ADDRESS,SANCTIONED_ENTITY,CU-ENT-0061,,ACTIVE,,,CU-INC-0006,,CU-TRG-0056,,CU-IMP-3197,2026-07-01,ONCHAIN_SCAN,HIGH,,Circle
CU-ACT-3198,2026-07-01,BLACKLIST,0xcd211408b46bdbf03abb2eac205a01ceb1d86288,ADDRESS,SANCTIONED_ENTITY,CU-ENT-0061,,ACTIVE,,,CU-INC-0006,,CU-TRG-0056,,CU-IMP-3198,2026-07-01,ONCHAIN_SCAN,HIGH,,Circle
CU-ACT-3199,2026-07-01,BLACKLIST,0xb4a69b8228c1621eb22d9c6f1ef33926616f8218,ADDRESS,SANCTIONED_ENTITY,CU-ENT-0061,,ACTIVE,,,CU-INC-0006,,CU-TRG-0056,,CU-IMP-3199,2026-07-01,ONCHAIN_SCAN,HIGH,,Circle
CU-ACT-3200,2026-07-01,BLACKLIST,0x18db649c1400f3dfbbf71b8b99419edcb12a0947,ADDRESS,SANCTIONED_ENTITY,CU-ENT-0061,,ACTIVE,,,CU-INC-0006,,CU-TRG-0056,,CU-IMP-3200,2026-07-01,ONCHAIN_SCAN,HIGH,,Circle
CU-ACT-3201,2026-07-01,BLACKLIST,0x203b0053ccb42ca09357dde941d251d888ec1044,ADDRESS,SANCTIONED_ENTITY,CU-ENT-0061,,ACTIVE,,,CU-INC-0006,,CU-TRG-0056,,CU-IMP-3201,2026-07-01,ONCHAIN_SCAN,HIGH,,Circle
CU-ACT-3202,2026-07-01,BLACKLIST,0x1e6983848eca149f9fc68b0a1616a1c4f62945aa,ADDRESS,SANCTIONED_ENTITY,CU-ENT-0061,,ACTIVE,,,CU-INC-0006,,CU-TRG-0056,,CU-IMP-3202,2026-07-01,ONCHAIN_SCAN,HIGH,,Circle
CU-ACT-3203,2026-07-01,BLACKLIST,0x0eaea039d805c9600de19d5a9aa6daf4d51979ed,ADDRESS,SANCTIONED_ENTITY,CU-ENT-0061,,ACTIVE,,,CU-INC-0006,,CU-TRG-0056,,CU-IMP-3203,2026-07-01,ONCHAIN_SCAN,HIGH,,Circle
CU-ACT-3204,2026-07-01,BLACKLIST,0xd1d1443c710b2f295f72ef3bc8be04a28be3e0db,ADDRESS,SANCTIONED_ENTITY,CU-ENT-0061,,ACTIVE,,,CU-INC-0006,,CU-TRG-0056,,CU-IMP-3204,2026-07-01,ONCHAIN_SCAN,HIGH,,Circle
CU-ACT-3205,2026-07-01,BLACKLIST,0x545fd777d462df0acc99a188f2532a962e00df74,ADDRESS,SANCTIONED_ENTITY,CU-ENT-0061,,ACTIVE,,,CU-INC-0006,,CU-TRG-0056,,CU-IMP-3205,2026-07-01,ONCHAIN_SCAN,HIGH,,Circle
CU-ACT-3206,2026-07-01,BLACKLIST,0x9789e42918dec6442a155fd2ba064d05d6db0ed2,ADDRESS,SANCTIONED_ENTITY,CU-ENT-0061,,ACTIVE,,,CU-INC-0006,,CU-TRG-0056,,CU-IMP-3206,2026-07-01,ONCHAIN_SCAN,HIGH,,Circle
CU-ACT-3207,2026-07-01,BLACKLIST,0xe9d48628d685e121f48181616c71f88ec4020bf9,ADDRESS,SANCTIONED_ENTITY,CU-ENT-0061,,ACTIVE,,,CU-INC-0006,,CU-TRG-0056,,CU-IMP-3207,2026-07-01,ONCHAIN_SCAN,HIGH,,Circle
CU-ACT-3208,2026-07-01,BLACKLIST,0xb2880d55b128cfa10cc32411e2311f59500e130b,ADDRESS,SANCTIONED_ENTITY,CU-ENT-0061,,ACTIVE,,,CU-INC-0006,,CU-TRG-0056,,CU-IMP-3208,2026-07-01,ONCHAIN_SCAN,HIGH,,Circle
CU-ACT-3209,2026-07-01,BLACKLIST,0x6ee2a4ab3befdcfcd8c0844e853491f08971d899,ADDRESS,SANCTIONED_ENTITY,CU-ENT-0061,,ACTIVE,,,CU-INC-0006,,CU-TRG-0056,,CU-IMP-3209,2026-07-01,ONCHAIN_SCAN,HIGH,,Circle
CU-ACT-3210,2026-07-01,BLACKLIST,0xc73da1e718a4fbd1ce023d412ab34433922fba58,ADDRESS,SANCTIONED_ENTITY,CU-ENT-0061,,ACTIVE,,,CU-INC-0006,,CU-TRG-0056,,CU-IMP-3210,2026-07-01,ONCHAIN_SCAN,HIGH,,Circle
CU-ACT-3211,2026-07-01,BLACKLIST,0xd68022dc9dde9c9e1a613a1fb04a1de5758b563e,ADDRESS,SANCTIONED_ENTITY,CU-ENT-0061,,ACTIVE,,,CU-INC-0006,,CU-TRG-0056,,CU-IMP-3211,2026-07-01,ONCHAIN_SCAN,HIGH,,Circle
CU-ACT-3212,2026-07-01,BLACKLIST,0x84be9d8d09cb26f31bb37771ecb06ebdd91101f9,ADDRESS,SANCTIONED_ENTITY,CU-ENT-0061,,ACTIVE,,,CU-INC-0006,,CU-TRG-0056,,CU-IMP-3212,2026-07-01,ONCHAIN_SCAN,HIGH,,Circle
CU-ACT-3213,2026-07-01,BLACKLIST,0xb0fc46592a0795a23df08b2b25e953a5461805fb,ADDRESS,SANCTIONED_ENTITY,CU-ENT-0061,,ACTIVE,,,CU-INC-0006,,CU-TRG-0056,,CU-IMP-3213,2026-07-01,ONCHAIN_SCAN,HIGH,,Circle
CU-ACT-3214,2026-07-01,BLACKLIST,0x2bbf8e01ef1349da89eb6d423a217582430e6dbc,ADDRESS,SANCTIONED_ENTITY,CU-ENT-0061,,ACTIVE,,,CU-INC-0006,,CU-TRG-0056,,CU-IMP-3214,2026-07-01,ONCHAIN_SCAN,HIGH,,Circle
CU-ACT-3215,2026-07-01,BLACKLIST,0xc4b13cf26d06bd15db5b8efe9553710b9aae8acd,ADDRESS,SANCTIONED_ENTITY,CU-ENT-0061,,ACTIVE,,,CU-INC-0006,,CU-TRG-0056,,CU-IMP-3215,2026-07-01,ONCHAIN_SCAN,HIGH,,Circle
CU-ACT-3216,2026-07-01,BLACKLIST,0x2277d63319a5d529c0ffecf1d4d93343713d9802,ADDRESS,SANCTIONED_ENTITY,CU-ENT-0061,,ACTIVE,,,CU-INC-0006,,CU-TRG-0056,,CU-IMP-3216,2026-07-01,ONCHAIN_SCAN,HIGH,,Circle
CU-ACT-3217,2026-07-01,BLACKLIST,0x2fbe2388dca7d240ebc72617fb2dd5890fea4dd2,ADDRESS,SANCTIONED_ENTITY,CU-ENT-0061,,ACTIVE,,,CU-INC-0006,,CU-TRG-0056,,CU-IMP-3217,2026-07-01,ONCHAIN_SCAN,HIGH,,Circle
CU-ACT-3218,2026-07-01,BLACKLIST,0xdd6184d750a5610e1094cc5b02a8ec1c7dc14be2,ADDRESS,SANCTIONED_ENTITY,CU-ENT-0061,,ACTIVE,,,CU-INC-0006,,CU-TRG-0056,,CU-IMP-3218,2026-07-01,ONCHAIN_SCAN,HIGH,,Circle
CU-ACT-3219,2026-07-01,BLACKLIST,0xef7c470bbcdd524c299304627180d6074ccbfdfd,ADDRESS,SANCTIONED_ENTITY,CU-ENT-0061,,ACTIVE,,,CU-INC-0006,,CU-TRG-0056,,CU-IMP-3219,2026-07-01,ONCHAIN_SCAN,HIGH,,Circle
CU-ACT-3220,2026-07-01,BLACKLIST,0xe5b46834ab6831f5d27c72237da310fef4552911,ADDRESS,SANCTIONED_ENTITY,CU-ENT-0061,,ACTIVE,,,CU-INC-0006,,CU-TRG-0056,,CU-IMP-3220,2026-07-01,ONCHAIN_SCAN,HIGH,,Circle
CU-ACT-3221,2026-07-01,BLACKLIST,0xd82ffef8cb4f0f6a56fc2dd275879985307d1d3a,ADDRESS,SANCTIONED_ENTITY,CU-ENT-0061,,ACTIVE,,,CU-INC-0006,,CU-TRG-0056,,CU-IMP-3221,2026-07-01,ONCHAIN_SCAN,HIGH,,Circle
CU-ACT-3222,2026-07-01,BLACKLIST,0x160ad9cb8202fe697e5b0991b65032787ce23dff,ADDRESS,SANCTIONED_ENTITY,CU-ENT-0061,,ACTIVE,,,CU-INC-0006,,CU-TRG-0056,,CU-IMP-3222,2026-07-01,ONCHAIN_SCAN,HIGH,,Circle
CU-ACT-3223,2026-07-01,BLACKLIST,0x35ecfdb165bbc06d2cc19af466465c7ac9c3f7eb,ADDRESS,SANCTIONED_ENTITY,CU-ENT-0061,,ACTIVE,,,CU-INC-0006,,CU-TRG-0056,,CU-IMP-3223,2026-07-01,ONCHAIN_SCAN,HIGH,,Circle
CU-ACT-3224,2026-07-01,BLACKLIST,0x8c5a5d9b5bd20cea93295e0f12909d6ebf2f1989,ADDRESS,SANCTIONED_ENTITY,CU-ENT-0061,,ACTIVE,,,CU-INC-0006,,CU-TRG-0056,,CU-IMP-3224,2026-07-01,ONCHAIN_SCAN,HIGH,,Circle
CU-ACT-3225,2026-07-01,BLACKLIST,0xf37ffa0e4829aa159af625c48276c4e632f4400c,ADDRESS,SANCTIONED_ENTITY,CU-ENT-0061,,ACTIVE,,,CU-INC-0006,,CU-TRG-0056,,CU-IMP-3225,2026-07-01,ONCHAIN_SCAN,HIGH,,Circle
CU-ACT-3226,2026-07-01,BLACKLIST,0x0ede87dc2bf535ebc2682340dfc33cc50363bc2b,ADDRESS,SANCTIONED_ENTITY,CU-ENT-0061,,ACTIVE,,,CU-INC-0006,,CU-TRG-0056,,CU-IMP-3226,2026-07-01,ONCHAIN_SCAN,HIGH,,Circle
CU-ACT-3227,2026-07-01,BLACKLIST,0x8960c337bb1bc8618e8c022277ca0d34d26ce06c,ADDRESS,SANCTIONED_ENTITY,CU-ENT-0061,,ACTIVE,,,CU-INC-0006,,CU-TRG-0056,,CU-IMP-3227,2026-07-01,ONCHAIN_SCAN,HIGH,,Circle
CU-ACT-3228,2026-07-01,BLACKLIST,0x30c7c36cb08138b620bc21611e18264c6a222583,ADDRESS,SANCTIONED_ENTITY,CU-ENT-0061,,ACTIVE,,,CU-INC-0006,,CU-TRG-0056,,CU-IMP-3228,2026-07-01,ONCHAIN_SCAN,HIGH,,Circle
CU-ACT-3229,2026-07-01,BLACKLIST,0x45e8fcd87cefd8f53a1775c9781f50e8ca7e8b62,ADDRESS,SANCTIONED_ENTITY,CU-ENT-0061,,ACTIVE,,,CU-INC-0006,,CU-TRG-0056,,CU-IMP-3229,2026-07-01,ONCHAIN_SCAN,HIGH,,Circle
CU-ACT-3230,2026-07-01,BLACKLIST,0x97248ad2ee8453b901c646bddc256e4dca165452,ADDRESS,SANCTIONED_ENTITY,CU-ENT-0061,,ACTIVE,,,CU-INC-0006,,CU-TRG-0056,,CU-IMP-3230,2026-07-01,ONCHAIN_SCAN,HIGH,,Circle
CU-ACT-3231,2026-07-01,BLACKLIST,0x75fd59164d2af087af5a90f7e1b7c3d05de93dee,ADDRESS,SANCTIONED_ENTITY,CU-ENT-0061,,ACTIVE,,,CU-INC-0006,,CU-TRG-0056,,CU-IMP-3231,2026-07-01,ONCHAIN_SCAN,HIGH,,Circle
CU-ACT-3232,2026-07-01,BLACKLIST,0x2606d9411d6a4cab5b9e0bbd3cdef05f3f35854e,ADDRESS,SANCTIONED_ENTITY,CU-ENT-0061,,ACTIVE,,,CU-INC-0006,,CU-TRG-0056,,CU-IMP-3232,2026-07-01,ONCHAIN_SCAN,HIGH,,Circle
CU-ACT-3233,2026-07-01,BLACKLIST,0x6440312463c98262b0768ac4f8e7232fb58caced,ADDRESS,SANCTIONED_ENTITY,CU-ENT-0061,,ACTIVE,,,CU-INC-0006,,CU-TRG-0056,,CU-IMP-3233,2026-07-01,ONCHAIN_SCAN,HIGH,,Circle
CU-ACT-3234,2026-07-01,BLACKLIST,0x7db839f22e388b5c427ef1ae4f1fe558012904bf,ADDRESS,SANCTIONED_ENTITY,CU-ENT-0061,,ACTIVE,,,CU-INC-0006,,CU-TRG-0056,,CU-IMP-3234,2026-07-01,ONCHAIN_SCAN,HIGH,,Circle
CU-ACT-3235,2026-07-01,BLACKLIST,0xad5c8f4ba4bb0b94feb63e97bb821f808d44507b,ADDRESS,SANCTIONED_ENTITY,CU-ENT-0061,,ACTIVE,,,CU-INC-0006,,CU-TRG-0056,,CU-IMP-3235,2026-07-01,ONCHAIN_SCAN,HIGH,,Circle
CU-ACT-3236,2026-07-01,BLACKLIST,0x0a9f2460bd9357ebc0e24654b83d43d701560500,ADDRESS,SANCTIONED_ENTITY,CU-ENT-0061,,ACTIVE,,,CU-INC-0006,,CU-TRG-0056,,CU-IMP-3236,2026-07-01,ONCHAIN_SCAN,HIGH,,Circle
CU-ACT-3237,2026-07-01,BLACKLIST,0x464da77310220c0c1596f8339129907b16cd896f,ADDRESS,SANCTIONED_ENTITY,CU-ENT-0061,,ACTIVE,,,CU-INC-0006,,CU-TRG-0056,,CU-IMP-3237,2026-07-01,ONCHAIN_SCAN,HIGH,,Circle
CU-ACT-3238,2026-07-01,BLACKLIST,0xf72202e113a400891e8f91e1fec0c1cc9065d735,ADDRESS,SANCTIONED_ENTITY,CU-ENT-0061,,ACTIVE,,,CU-INC-0006,,CU-TRG-0056,,CU-IMP-3238,2026-07-01,ONCHAIN_SCAN,HIGH,,Circle
CU-ACT-3239,2026-07-01,BLACKLIST,0x00e0c79525c9f846ee27f8ecf3dcfebb3a335dc7,ADDRESS,SANCTIONED_ENTITY,CU-ENT-0061,,ACTIVE,,,CU-INC-0006,,CU-TRG-0056,,CU-IMP-3239,2026-07-01,ONCHAIN_SCAN,HIGH,,Circle
CU-ACT-3240,2026-07-01,BLACKLIST,0x28facff64babe25658bb4635af41aaa019f9deee,ADDRESS,SANCTIONED_ENTITY,CU-ENT-0061,,ACTIVE,,,CU-INC-0006,,CU-TRG-0056,,CU-IMP-3240,2026-07-01,ONCHAIN_SCAN,HIGH,,Circle
CU-ACT-3241,2026-07-01,BLACKLIST,0x2d415662ce7ddd1e89c4bbf8f527f7e06811248e,ADDRESS,SANCTIONED_ENTITY,CU-ENT-0061,,ACTIVE,,,CU-INC-0006,,CU-TRG-0056,,CU-IMP-3241,2026-07-01,ONCHAIN_SCAN,HIGH,,Circle
CU-ACT-3242,2026-07-01,BLACKLIST,0x0b57cde36e6e0c31a10442076dfd03ff8038507d,ADDRESS,SANCTIONED_ENTITY,CU-ENT-0061,,ACTIVE,,,CU-INC-0006,,CU-TRG-0056,,CU-IMP-3242,2026-07-01,ONCHAIN_SCAN,HIGH,,Circle
CU-ACT-3243,2026-07-01,BLACKLIST,0xe646c85afde30e55d7196612efd37e5b058e9717,ADDRESS,SANCTIONED_ENTITY,CU-ENT-0061,,ACTIVE,,,CU-INC-0006,,CU-TRG-0056,,CU-IMP-3243,2026-07-01,ONCHAIN_SCAN,HIGH,,Circle
CU-ACT-3244,2026-07-01,BLACKLIST,0x1c165affe280c786303cce84f1eda9957de87779,ADDRESS,SANCTIONED_ENTITY,CU-ENT-0061,,ACTIVE,,,CU-INC-0006,,CU-TRG-0056,,CU-IMP-3244,2026-07-01,ONCHAIN_SCAN,HIGH,,Circle
CU-ACT-3245,2026-07-01,BLACKLIST,0xd1b4671abd7c3db9f5d99b98918ebf8cbd41ea33,ADDRESS,SANCTIONED_ENTITY,CU-ENT-0061,,ACTIVE,,,CU-INC-0006,,CU-TRG-0056,,CU-IMP-3245,2026-07-01,ONCHAIN_SCAN,HIGH,,Circle
CU-ACT-3246,2026-07-01,BLACKLIST,0xdd8cf42ff365caebbed4f48190ca79286b0e66c7,ADDRESS,SANCTIONED_ENTITY,CU-ENT-0061,,ACTIVE,,,CU-INC-0006,,CU-TRG-0056,,CU-IMP-3246,2026-07-01,ONCHAIN_SCAN,HIGH,,Circle
CU-ACT-3247,2026-07-01,BLACKLIST,0x0b1da2038535de65831e81f6fdc40f40b222e2b1,ADDRESS,SANCTIONED_ENTITY,CU-ENT-0061,,ACTIVE,,,CU-INC-0006,,CU-TRG-0056,,CU-IMP-3247,2026-07-01,ONCHAIN_SCAN,HIGH,,Circle
CU-ACT-3248,2026-07-01,BLACKLIST,0x5b05ac96e74161c8edffb7e6368df33b4167583a,ADDRESS,SANCTIONED_ENTITY,CU-ENT-0061,,ACTIVE,,,CU-INC-0006,,CU-TRG-0056,,CU-IMP-3248,2026-07-01,ONCHAIN_SCAN,HIGH,,Circle
CU-ACT-3249,2026-07-01,BLACKLIST,0xa112c8cb691f58754269ce81c73a9dc92e63159f,ADDRESS,SANCTIONED_ENTITY,CU-ENT-0061,,ACTIVE,,,CU-INC-0006,,CU-TRG-0056,,CU-IMP-3249,2026-07-01,ONCHAIN_SCAN,HIGH,,Circle
CU-ACT-3250,2026-07-01,BLACKLIST,0xb251e1f30c697905287d3e1be1fb0fffc01ce633,ADDRESS,SANCTIONED_ENTITY,CU-ENT-0061,,ACTIVE,,,CU-INC-0006,,CU-TRG-0056,,CU-IMP-3250,2026-07-01,ONCHAIN_SCAN,HIGH,,Circle
CU-ACT-3251,2026-07-01,BLACKLIST,0xfbc3ca4a4b808bef72c54b872caa59e5e69c783e,ADDRESS,SANCTIONED_ENTITY,CU-ENT-0061,,ACTIVE,,,CU-INC-0006,,CU-TRG-0056,,CU-IMP-3251,2026-07-01,ONCHAIN_SCAN,HIGH,,Circle
CU-ACT-3252,2026-07-01,BLACKLIST,0x803a9bd5e917e32bd7bcde526e656254417c5a86,ADDRESS,SANCTIONED_ENTITY,CU-ENT-0061,,ACTIVE,,,CU-INC-0006,,CU-TRG-0056,,CU-IMP-3252,2026-07-01,ONCHAIN_SCAN,HIGH,,Circle
CU-ACT-3253,2026-07-01,BLACKLIST,0xddc63d69ed992e2617d54950a8cea70e2127c412,ADDRESS,SANCTIONED_ENTITY,CU-ENT-0061,,ACTIVE,,,CU-INC-0006,,CU-TRG-0056,,CU-IMP-3253,2026-07-01,ONCHAIN_SCAN,HIGH,,Circle
CU-ACT-3254,2026-07-01,BLACKLIST,0xd086c684646d4eba389c5d97e57d5b2bee3826b7,ADDRESS,SANCTIONED_ENTITY,CU-ENT-0061,,ACTIVE,,,CU-INC-0006,,CU-TRG-0056,,CU-IMP-3254,2026-07-01,ONCHAIN_SCAN,HIGH,,Circle
CU-ACT-3255,2026-07-01,BLACKLIST,0x12f3acd05ddc70d333ca7e8d9a36513997cfb08f,ADDRESS,SANCTIONED_ENTITY,CU-ENT-0061,,ACTIVE,,,CU-INC-0006,,CU-TRG-0056,,CU-IMP-3255,2026-07-01,ONCHAIN_SCAN,HIGH,,Circle
CU-ACT-3256,2026-07-01,BLACKLIST,0x0c1ee706f91a56fc96e2f260c670bd4bf3002696,ADDRESS,SANCTIONED_ENTITY,CU-ENT-0061,,ACTIVE,,,CU-INC-0006,,CU-TRG-0056,,CU-IMP-3256,2026-07-01,ONCHAIN_SCAN,HIGH,,Circle
CU-ACT-3257,2026-07-01,BLACKLIST,0x24545819f879db1a8df28fe0fd7f8ee4b7025977,ADDRESS,SANCTIONED_ENTITY,CU-ENT-0061,,ACTIVE,,,CU-INC-0006,,CU-TRG-0056,,CU-IMP-3257,2026-07-01,ONCHAIN_SCAN,HIGH,,Circle
CU-ACT-3258,2026-07-01,BLACKLIST,0xe4814881a36d2c543b5acc30a7ee9868b0c810da,ADDRESS,SANCTIONED_ENTITY,CU-ENT-0061,,ACTIVE,,,CU-INC-0006,,CU-TRG-0056,,CU-IMP-3258,2026-07-01,ONCHAIN_SCAN,HIGH,,Circle
CU-ACT-3259,2026-07-01,BLACKLIST,0x2907a4de925af9434bcf176957dcbfeac49afc46,ADDRESS,SANCTIONED_ENTITY,CU-ENT-0061,,ACTIVE,,,CU-INC-0006,,CU-TRG-0056,,CU-IMP-3259,2026-07-01,ONCHAIN_SCAN,HIGH,,Circle
CU-ACT-3260,2026-07-01,BLACKLIST,0x1b78a412cc1078fd5719a3379085647ca4ba0e5f,ADDRESS,SANCTIONED_ENTITY,CU-ENT-0061,,ACTIVE,,,CU-INC-0006,,CU-TRG-0056,,CU-IMP-3260,2026-07-01,ONCHAIN_SCAN,HIGH,,Circle
CU-ACT-3261,2026-07-01,BLACKLIST,0x2e2983271415c0aa7950277186f10c0676f5cac2,ADDRESS,SANCTIONED_ENTITY,CU-ENT-0061,,ACTIVE,,,CU-INC-0006,,CU-TRG-0056,,CU-IMP-3261,2026-07-01,ONCHAIN_SCAN,HIGH,,Circle
CU-ACT-3262,2026-07-01,BLACKLIST,0x56bf68cd5ad0cafc5e3cb7da826914359592eb62,ADDRESS,SANCTIONED_ENTITY,CU-ENT-0061,,ACTIVE,,,CU-INC-0006,,CU-TRG-0056,,CU-IMP-3262,2026-07-01,ONCHAIN_SCAN,HIGH,,Circle
CU-ACT-3263,2026-07-01,BLACKLIST,0x68c15054d74c86ffca1e23a3802a27bab1735395,ADDRESS,SANCTIONED_ENTITY,CU-ENT-0061,,ACTIVE,,,CU-INC-0006,,CU-TRG-0056,,CU-IMP-3263,2026-07-01,ONCHAIN_SCAN,HIGH,,Circle
CU-ACT-3264,2026-07-01,BLACKLIST,0xa05b377f4ae52727a59bcb7a82d6a20356f6b0b4,ADDRESS,SANCTIONED_ENTITY,CU-ENT-0061,,ACTIVE,,,CU-INC-0006,,CU-TRG-0056,,CU-IMP-3264,2026-07-01,ONCHAIN_SCAN,HIGH,,Circle
CU-ACT-3265,2026-07-01,BLACKLIST,0x9f4f225d3fa34d498adbfd6898e2b30850859059,ADDRESS,SANCTIONED_ENTITY,CU-ENT-0061,,ACTIVE,,,CU-INC-0006,,CU-TRG-0056,,CU-IMP-3265,2026-07-01,ONCHAIN_SCAN,HIGH,,Circle
CU-ACT-3266,2026-07-01,BLACKLIST,0xd3faecadc1f752234b6079299f570def99976f7c,ADDRESS,SANCTIONED_ENTITY,CU-ENT-0061,,ACTIVE,,,CU-INC-0006,,CU-TRG-0056,,CU-IMP-3266,2026-07-01,ONCHAIN_SCAN,HIGH,,Circle
CU-ACT-3267,2026-07-01,BLACKLIST,0x81d0eac7c2e42b221bd2e5bd5f9ddc0dcc9f6f30,ADDRESS,SANCTIONED_ENTITY,CU-ENT-0061,,ACTIVE,,,CU-INC-0006,,CU-TRG-0056,,CU-IMP-3267,2026-07-01,ONCHAIN_SCAN,HIGH,,Circle
CU-ACT-3268,2026-07-01,BLACKLIST,0xa6358db3812ce9a11eb8aa2f954e36711ed015f6,ADDRESS,SANCTIONED_ENTITY,CU-ENT-0061,,ACTIVE,,,CU-INC-0006,,CU-TRG-0056,,CU-IMP-3268,2026-07-01,ONCHAIN_SCAN,HIGH,,Circle
CU-ACT-3269,2026-07-01,BLACKLIST,0xa570df663c1b522f3dacd6f96320e65f8206ed0d,ADDRESS,SANCTIONED_ENTITY,CU-ENT-0061,,ACTIVE,,,CU-INC-0006,,CU-TRG-0056,,CU-IMP-3269,2026-07-01,ONCHAIN_SCAN,HIGH,,Circle
CU-ACT-3270,2026-07-01,BLACKLIST,0x07d28de0bbd45f2ef8f89621f9f504ed72f34d92,ADDRESS,SANCTIONED_ENTITY,CU-ENT-0061,,ACTIVE,,,CU-INC-0006,,CU-TRG-0056,,CU-IMP-3270,2026-07-01,ONCHAIN_SCAN,HIGH,,Circle
CU-ACT-3271,2026-07-01,BLACKLIST,0x878ebd5e809aca3dc01856d5fa924a405e34dad6,ADDRESS,SANCTIONED_ENTITY,CU-ENT-0061,,ACTIVE,,,CU-INC-0006,,CU-TRG-0056,,CU-IMP-3271,2026-07-01,ONCHAIN_SCAN,HIGH,,Circle
CU-ACT-3272,2026-07-01,BLACKLIST,0x31424423746e69795da87d93bef987cc9aebe8d6,ADDRESS,SANCTIONED_ENTITY,CU-ENT-0061,,ACTIVE,,,CU-INC-0006,,CU-TRG-0056,,CU-IMP-3272,2026-07-01,ONCHAIN_SCAN,HIGH,,Circle
CU-ACT-3273,2026-07-01,BLACKLIST,0x26eddc84e46104b944f871c0f3fbd8256197d5ca,ADDRESS,SANCTIONED_ENTITY,CU-ENT-0061,,ACTIVE,,,CU-INC-0006,,CU-TRG-0056,,CU-IMP-3273,2026-07-01,ONCHAIN_SCAN,HIGH,,Circle
CU-ACT-3274,2026-07-01,BLACKLIST,0x95bcc8bbd8f91b255baf9ecf54f15e74b9959af2,ADDRESS,SANCTIONED_ENTITY,CU-ENT-0061,,ACTIVE,,,CU-INC-0006,,CU-TRG-0056,,CU-IMP-3274,2026-07-01,ONCHAIN_SCAN,HIGH,,Circle
CU-ACT-3275,2026-07-01,BLACKLIST,0xb79a667da76ba369583ba333c4eb4b005c5b657a,ADDRESS,SANCTIONED_ENTITY,CU-ENT-0061,,ACTIVE,,,CU-INC-0006,,CU-TRG-0056,,CU-IMP-3275,2026-07-01,ONCHAIN_SCAN,HIGH,,Circle
CU-ACT-3276,2026-07-01,BLACKLIST,0x20e60fa8673fa61d574b42a13ae805c312777241,ADDRESS,SANCTIONED_ENTITY,CU-ENT-0061,,ACTIVE,,,CU-INC-0006,,CU-TRG-0056,,CU-IMP-3276,2026-07-01,ONCHAIN_SCAN,HIGH,,Circle
CU-ACT-3277,2026-07-01,BLACKLIST,0x5a43b964288ce2b4b7de0cae544531bf94a8b79f,ADDRESS,SANCTIONED_ENTITY,CU-ENT-0061,,ACTIVE,,,CU-INC-0006,,CU-TRG-0056,,CU-IMP-3277,2026-07-01,ONCHAIN_SCAN,HIGH,,Circle
CU-ACT-3278,2026-07-01,BLACKLIST,0x3e4b5fa3fe3fdb48f0865b2088e3beafe915eb63,ADDRESS,SANCTIONED_ENTITY,CU-ENT-0061,,ACTIVE,,,CU-INC-0006,,CU-TRG-0056,,CU-IMP-3278,2026-07-01,ONCHAIN_SCAN,HIGH,,Circle
CU-ACT-3279,2026-07-01,BLACKLIST,0x12f59283c23ff1b2ad7a8730b6cf41df25435570,ADDRESS,SANCTIONED_ENTITY,CU-ENT-0061,,ACTIVE,,,CU-INC-0006,,CU-TRG-0056,,CU-IMP-3279,2026-07-01,ONCHAIN_SCAN,HIGH,,Circle
CU-ACT-3280,2026-07-01,BLACKLIST,0xae1174ea8e2ce28b7db322f675be24507a37aabd,ADDRESS,SANCTIONED_ENTITY,CU-ENT-0061,,ACTIVE,,,CU-INC-0006,,CU-TRG-0056,,CU-IMP-3280,2026-07-01,ONCHAIN_SCAN,HIGH,,Circle
CU-ACT-3281,2026-07-01,BLACKLIST,0x18855af93d521cf39fa8a1342a06562661725420,ADDRESS,SANCTIONED_ENTITY,CU-ENT-0061,,ACTIVE,,,CU-INC-0006,,CU-TRG-0056,,CU-IMP-3281,2026-07-01,ONCHAIN_SCAN,HIGH,,Circle
CU-ACT-3282,2026-07-01,BLACKLIST,0xa38ffbe2722007f682e4985420acfce172c8b421,ADDRESS,SANCTIONED_ENTITY,CU-ENT-0061,,ACTIVE,,,CU-INC-0006,,CU-TRG-0056,,CU-IMP-3282,2026-07-01,ONCHAIN_SCAN,HIGH,,Circle
CU-ACT-3283,2026-07-01,BLACKLIST,0xf0eaf0fa72283fb86ebd5d462cc5c7e97d640308,ADDRESS,SANCTIONED_ENTITY,CU-ENT-0061,,ACTIVE,,,CU-INC-0006,,CU-TRG-0056,,CU-IMP-3283,2026-07-01,ONCHAIN_SCAN,HIGH,,Circle
CU-ACT-3284,2026-07-01,BLACKLIST,0x2d0d0dcf83adde53fcde96af5fbcd1367944a2d8,ADDRESS,SANCTIONED_ENTITY,CU-ENT-0061,,ACTIVE,,,CU-INC-0006,,CU-TRG-0056,,CU-IMP-3284,2026-07-01,ONCHAIN_SCAN,HIGH,,Circle
CU-ACT-3285,2026-07-01,BLACKLIST,0x701f00ebbcd4c09d6a7a9f89023cbf400c318504,ADDRESS,SANCTIONED_ENTITY,CU-ENT-0061,,ACTIVE,,,CU-INC-0006,,CU-TRG-0056,,CU-IMP-3285,2026-07-01,ONCHAIN_SCAN,HIGH,,Circle
CU-ACT-3286,2026-07-01,BLACKLIST,0x01ab57e94386817f1d3d3549c2e3ad5d2622de2b,ADDRESS,SANCTIONED_ENTITY,CU-ENT-0061,,ACTIVE,,,CU-INC-0006,,CU-TRG-0056,,CU-IMP-3286,2026-07-01,ONCHAIN_SCAN,HIGH,,Circle
CU-ACT-3287,2026-07-01,BLACKLIST,0xaa678643e6c27b8508d91bf152b581b94b8c6cbf,ADDRESS,SANCTIONED_ENTITY,CU-ENT-0061,,ACTIVE,,,CU-INC-0006,,CU-TRG-0056,,CU-IMP-3287,2026-07-01,ONCHAIN_SCAN,HIGH,,Circle
CU-ACT-3288,2026-07-01,BLACKLIST,0x7077f6f05c0c435bde0d145613425fc17ce10a5a,ADDRESS,SANCTIONED_ENTITY,CU-ENT-0061,,ACTIVE,,,CU-INC-0006,,CU-TRG-0056,,CU-IMP-3288,2026-07-01,ONCHAIN_SCAN,HIGH,,Circle
CU-ACT-3289,2026-07-01,BLACKLIST,0x8711522cdb2f89df2d99dea0c1cb68ce2ee3016a,ADDRESS,SANCTIONED_ENTITY,CU-ENT-0061,,ACTIVE,,,CU-INC-0006,,CU-TRG-0056,,CU-IMP-3289,2026-07-01,ONCHAIN_SCAN,HIGH,,Circle
CU-ACT-3290,2026-07-01,BLACKLIST,0x1796486b359f2084f9e1585a491545d38d6db391,ADDRESS,SANCTIONED_ENTITY,CU-ENT-0061,,ACTIVE,,,CU-INC-0006,,CU-TRG-0056,,CU-IMP-3290,2026-07-01,ONCHAIN_SCAN,HIGH,,Circle
CU-ACT-3291,2026-07-01,BLACKLIST,0xcc8b73b5a7b3c88478c1a3d0eb34c7c5dc9f686f,ADDRESS,SANCTIONED_ENTITY,CU-ENT-0061,,ACTIVE,,,CU-INC-0006,,CU-TRG-0056,,CU-IMP-3291,2026-07-01,ONCHAIN_SCAN,HIGH,,Circle
CU-ACT-3292,2026-07-01,BLACKLIST,0xd5f14e80acaf51d5970eba2851685b32f5a97e00,ADDRESS,SANCTIONED_ENTITY,CU-ENT-0061,,ACTIVE,,,CU-INC-0006,,CU-TRG-0056,,CU-IMP-3292,2026-07-01,ONCHAIN_SCAN,HIGH,,Circle
CU-ACT-3293,2026-07-01,BLACKLIST,0x8eec746c6fc6dda84f44c82ca94818281c23e1f1,ADDRESS,SANCTIONED_ENTITY,CU-ENT-0061,,ACTIVE,,,CU-INC-0006,,CU-TRG-0056,,CU-IMP-3293,2026-07-01,ONCHAIN_SCAN,HIGH,,Circle
CU-ACT-3294,2026-07-01,BLACKLIST,0x12964e45547b54b00faab3f8babc22ff7fe45609,ADDRESS,SANCTIONED_ENTITY,CU-ENT-0061,,ACTIVE,,,CU-INC-0006,,CU-TRG-0056,,CU-IMP-3294,2026-07-01,ONCHAIN_SCAN,HIGH,,Circle
CU-ACT-3295,2026-07-01,BLACKLIST,0x3beaf4486e9c6a4feae23ed9296844588a61604c,ADDRESS,SANCTIONED_ENTITY,CU-ENT-0061,,ACTIVE,,,CU-INC-0006,,CU-TRG-0056,,CU-IMP-3295,2026-07-01,ONCHAIN_SCAN,HIGH,,Circle
CU-ACT-3296,2026-07-01,BLACKLIST,0xcc0bf752565564606f37c647249da56838671a7d,ADDRESS,SANCTIONED_ENTITY,CU-ENT-0061,,ACTIVE,,,CU-INC-0006,,CU-TRG-0056,,CU-IMP-3296,2026-07-01,ONCHAIN_SCAN,HIGH,,Circle
CU-ACT-3297,2026-07-01,BLACKLIST,0x912b64c34d4c048c403d588df0fdae3b9b93b543,ADDRESS,SANCTIONED_ENTITY,CU-ENT-0061,,ACTIVE,,,CU-INC-0006,,CU-TRG-0056,,CU-IMP-3297,2026-07-01,ONCHAIN_SCAN,HIGH,,Circle
CU-ACT-3298,2026-07-01,BLACKLIST,0xeb3c18a88bd40c776cdf6c3986edbc39f30a731d,ADDRESS,SANCTIONED_ENTITY,CU-ENT-0061,,ACTIVE,,,CU-INC-0006,,CU-TRG-0056,,CU-IMP-3298,2026-07-01,ONCHAIN_SCAN,HIGH,,Circle
CU-ACT-3299,2026-07-01,BLACKLIST,0xc4244fe10b9365766efa5a4f0baa124a750c8b4f,ADDRESS,SANCTIONED_ENTITY,CU-ENT-0061,,ACTIVE,,,CU-INC-0006,,CU-TRG-0056,,CU-IMP-3299,2026-07-01,ONCHAIN_SCAN,HIGH,,Circle
CU-ACT-3300,2026-07-01,BLACKLIST,0x81c483bf9bcdc0a31864ae7c1762425b67c2c467,ADDRESS,SANCTIONED_ENTITY,CU-ENT-0061,,ACTIVE,,,CU-INC-0006,,CU-TRG-0056,,CU-IMP-3300,2026-07-01,ONCHAIN_SCAN,HIGH,,Circle
CU-ACT-3301,2026-07-01,BLACKLIST,0x1ed13e7c465a3850f8f9e0b503587ba514017536,ADDRESS,SANCTIONED_ENTITY,CU-ENT-0061,,ACTIVE,,,CU-INC-0006,,CU-TRG-0056,,CU-IMP-3301,2026-07-01,ONCHAIN_SCAN,HIGH,,Circle
CU-ACT-3302,2026-07-01,BLACKLIST,0x93e7a8bfd6c1f4af81db2ae9ea6b02e69a6da2bf,ADDRESS,SANCTIONED_ENTITY,CU-ENT-0061,,ACTIVE,,,CU-INC-0006,,CU-TRG-0056,,CU-IMP-3302,2026-07-01,ONCHAIN_SCAN,HIGH,,Circle
CU-ACT-3303,2026-07-01,BLACKLIST,0x994aa9e584fdbe4df7934db56941fc19e70bb336,ADDRESS,SANCTIONED_ENTITY,CU-ENT-0061,,ACTIVE,,,CU-INC-0006,,CU-TRG-0056,,CU-IMP-3303,2026-07-01,ONCHAIN_SCAN,HIGH,,Circle
CU-ACT-3304,2026-07-01,BLACKLIST,0x8d7e10e5fa9ce28f5a7f49760b59f5ad992bddce,ADDRESS,SANCTIONED_ENTITY,CU-ENT-0061,,ACTIVE,,,CU-INC-0006,,CU-TRG-0056,,CU-IMP-3304,2026-07-01,ONCHAIN_SCAN,HIGH,,Circle
CU-ACT-3305,2026-07-01,BLACKLIST,0x410450013674ad6e67c8c0c0d4cf71656cf1e4b4,ADDRESS,SANCTIONED_ENTITY,CU-ENT-0061,,ACTIVE,,,CU-INC-0006,,CU-TRG-0056,,CU-IMP-3305,2026-07-01,ONCHAIN_SCAN,HIGH,,Circle
CU-ACT-3306,2026-07-01,BLACKLIST,0xcc794fdec285f2b5461b6b2aee7d0511cde8cda7,ADDRESS,SANCTIONED_ENTITY,CU-ENT-0061,,ACTIVE,,,CU-INC-0006,,CU-TRG-0056,,CU-IMP-3306,2026-07-01,ONCHAIN_SCAN,HIGH,,Circle
CU-ACT-3307,2026-07-01,BLACKLIST,0x5168da75329bca67a2c75642b7cab4f14482cb9d,ADDRESS,SANCTIONED_ENTITY,CU-ENT-0061,,ACTIVE,,,CU-INC-0006,,CU-TRG-0056,,CU-IMP-3307,2026-07-01,ONCHAIN_SCAN,HIGH,,Circle
CU-ACT-3308,2026-07-01,BLACKLIST,0xc868071a9602dd0c8e8f277432c742fdac78442b,ADDRESS,SANCTIONED_ENTITY,CU-ENT-0061,,ACTIVE,,,CU-INC-0006,,CU-TRG-0056,,CU-IMP-3308,2026-07-01,ONCHAIN_SCAN,HIGH,,Circle
CU-ACT-3309,2026-07-01,BLACKLIST,0x26f4376ef74562f92876577e86b0bbb4fc05cdd6,ADDRESS,SANCTIONED_ENTITY,CU-ENT-0061,,ACTIVE,,,CU-INC-0006,,CU-TRG-0056,,CU-IMP-3309,2026-07-01,ONCHAIN_SCAN,HIGH,,Circle
CU-ACT-3310,2026-07-01,BLACKLIST,0xee366d650af5599f86289109ffb37ff0a2178b2f,ADDRESS,SANCTIONED_ENTITY,CU-ENT-0061,,ACTIVE,,,CU-INC-0006,,CU-TRG-0056,,CU-IMP-3310,2026-07-01,ONCHAIN_SCAN,HIGH,,Circle
CU-ACT-3311,2026-07-01,BLACKLIST,0x4069dffc23210e939075300d5e50161d0cf868c7,ADDRESS,SANCTIONED_ENTITY,CU-ENT-0061,,ACTIVE,,,CU-INC-0006,,CU-TRG-0056,,CU-IMP-3311,2026-07-01,ONCHAIN_SCAN,HIGH,,Circle
CU-ACT-3312,2026-07-01,BLACKLIST,0x91f7a5a79c0c660744496dd498a1601bfe670494,ADDRESS,SANCTIONED_ENTITY,CU-ENT-0061,,ACTIVE,,,CU-INC-0006,,CU-TRG-0056,,CU-IMP-3312,2026-07-01,ONCHAIN_SCAN,HIGH,,Circle
CU-ACT-3313,2026-07-01,BLACKLIST,0x82def3990129e73531ad7a737ba54c76d34e507d,ADDRESS,SANCTIONED_ENTITY,CU-ENT-0061,,ACTIVE,,,CU-INC-0006,,CU-TRG-0056,,CU-IMP-3313,2026-07-01,ONCHAIN_SCAN,HIGH,,Circle
CU-ACT-3314,2026-07-01,BLACKLIST,0x3ec58d2b0bce77282f2e415ac6596dc3f626f436,ADDRESS,SANCTIONED_ENTITY,CU-ENT-0061,,ACTIVE,,,CU-INC-0006,,CU-TRG-0056,,CU-IMP-3314,2026-07-01,ONCHAIN_SCAN,HIGH,,Circle
CU-ACT-3315,2026-07-01,BLACKLIST,0x13c9c13507282550061c367f8f10527df835afc5,ADDRESS,SANCTIONED_ENTITY,CU-ENT-0061,,ACTIVE,,,CU-INC-0006,,CU-TRG-0056,,CU-IMP-3315,2026-07-01,ONCHAIN_SCAN,HIGH,,Circle
CU-ACT-3316,2026-07-01,BLACKLIST,0xab1a8d5e41dc0223973dbdfd1de14e3d567d81fb,ADDRESS,SANCTIONED_ENTITY,CU-ENT-0061,,ACTIVE,,,CU-INC-0006,,CU-TRG-0056,,CU-IMP-3316,2026-07-01,ONCHAIN_SCAN,HIGH,,Circle
CU-ACT-3317,2026-07-01,BLACKLIST,0x70d6292f5b971c82fb6587a3cd740f64e98009c3,ADDRESS,SANCTIONED_ENTITY,CU-ENT-0061,,ACTIVE,,,CU-INC-0006,,CU-TRG-0056,,CU-IMP-3317,2026-07-01,ONCHAIN_SCAN,HIGH,,Circle
CU-ACT-3318,2026-07-01,BLACKLIST,0x2d20b1d77f2f663f7fe745f8493d6744683544b8,ADDRESS,SANCTIONED_ENTITY,CU-ENT-0061,,ACTIVE,,,CU-INC-0006,,CU-TRG-0056,,CU-IMP-3318,2026-07-01,ONCHAIN_SCAN,HIGH,,Circle
CU-ACT-3319,2026-07-13,BLACKLIST,0x1d19b52b54e7ef5ea1a4b40b616165e798eac9f8,ADDRESS,SANCTIONED_ENTITY,CU-ENT-0065,,ACTIVE,,,,,CU-TRG-0058,,CU-IMP-3319,2026-07-13,ONCHAIN_SCAN,HIGH,,Circle
CU-ACT-3320,2026-07-13,BLACKLIST,0x2711d73d559f62f4f855ee21f38378f528e07985,ADDRESS,SANCTIONED_ENTITY,CU-ENT-0064,,ACTIVE,,,,,CU-TRG-0058,,CU-IMP-3320,2026-07-13,ONCHAIN_SCAN,HIGH,,Circle
CU-ACT-3321,2026-07-13,BLACKLIST,0x2c7dcd774b33e10367f7d6385479e04f97d179dc,ADDRESS,SANCTIONED_ENTITY,CU-ENT-0065,,ACTIVE,,,,,CU-TRG-0058,,CU-IMP-3321,2026-07-13,ONCHAIN_SCAN,HIGH,,Circle
CU-ACT-3322,2026-07-13,BLACKLIST,0xbe7d33a802487f0b51e0191dc0c3772fa11a8f70,ADDRESS,SANCTIONED_ENTITY,CU-ENT-0065,,ACTIVE,,,,,CU-TRG-0058,,CU-IMP-3322,2026-07-13,ONCHAIN_SCAN,HIGH,,Circle
CU-ACT-3323,2026-07-13,BLACKLIST,0x0e0d1899d3a6a9362bc215f1c5a9acaccb0de882,ADDRESS,SANCTIONED_ENTITY,CU-ENT-0065,,ACTIVE,,,,,CU-TRG-0058,,CU-IMP-3323,2026-07-13,ONCHAIN_SCAN,HIGH,,Circle
CU-ACT-3324,2026-07-13,BLACKLIST,0xcfbb0c9a2a99777b46211b380869f82cf20a635e,ADDRESS,SANCTIONED_ENTITY,CU-ENT-0064,,ACTIVE,,,,,CU-TRG-0058,,CU-IMP-3324,2026-07-13,ONCHAIN_SCAN,HIGH,,Circle
CU-ACT-3325,2026-07-14,BLACKLIST,0x08151bd98c00015de698408de9405aa62115b5ee,ADDRESS,SANCTIONED_ENTITY,CU-ENT-0071,,ACTIVE,,,,,CU-TRG-0063,,CU-IMP-3325,2026-07-14,ONCHAIN_SCAN,HIGH,,Circle
CU-ACT-3326,2026-07-14,BLACKLIST,0x3ba6174651e3a0c3c6a7d42a75e6e00b039304d1,ADDRESS,SANCTIONED_ENTITY,CU-ENT-0071,,ACTIVE,,,,,CU-TRG-0063,,CU-IMP-3326,2026-07-14,ONCHAIN_SCAN,HIGH,,Circle
CU-ACT-3327,2026-07-14,BLACKLIST,0x5f077e9b16f30b9ecfaf5dc09294dcc98b8d395a,ADDRESS,SANCTIONED_ENTITY,CU-ENT-0071,,ACTIVE,,,,,CU-TRG-0063,,CU-IMP-3327,2026-07-14,ONCHAIN_SCAN,HIGH,,Circle
CU-ACT-3328,2026-07-14,BLACKLIST,0xe995da05f4e51871d5d2ef8496536a052138bc6a,ADDRESS,SANCTIONED_ENTITY,CU-ENT-0071,,ACTIVE,,,,,CU-TRG-0063,,CU-IMP-3328,2026-07-14,ONCHAIN_SCAN,HIGH,,Circle
CU-ACT-3329,2026-07-23,BLACKLIST,0x07f57fafbd3055737c778184cdb7b30c65fb7a6e,ADDRESS,SANCTIONED_ENTITY,CU-ENT-0070,,ACTIVE,,,,,CU-TRG-0061,,CU-IMP-3329,2026-07-23,ONCHAIN_SCAN,HIGH,,Circle
CU-ACT-3330,2026-07-23,BLACKLIST,0x4b6d60a69a1386992e18f89241d183429ebc3a56,ADDRESS,SANCTIONED_ENTITY,CU-ENT-0070,,ACTIVE,,,,,CU-TRG-0061,,CU-IMP-3330,2026-07-23,ONCHAIN_SCAN,HIGH,,Circle
CU-ACT-3331,2026-07-23,BLACKLIST,0x506d8d7c56a06723a52fde594638eeda23461d15,ADDRESS,SANCTIONED_ENTITY,CU-ENT-0070,,ACTIVE,,,,,CU-TRG-0061,,CU-IMP-3331,2026-07-23,ONCHAIN_SCAN,HIGH,,Circle
CU-ACT-3332,2026-07-23,BLACKLIST,0x76c7c4ff99ab9791d4e358e33a3f51c2c5d3ac8e,ADDRESS,SANCTIONED_ENTITY,CU-ENT-0070,,ACTIVE,,,,,CU-TRG-0061,,CU-IMP-3332,2026-07-23,ONCHAIN_SCAN,HIGH,,Circle
CU-ACT-3333,2026-07-23,BLACKLIST,0xb690e524695f909e7dac090ff30b1fcfe557f597,ADDRESS,SANCTIONED_ENTITY,CU-ENT-0070,,ACTIVE,,,,,CU-TRG-0061,,CU-IMP-3333,2026-07-23,ONCHAIN_SCAN,HIGH,,Circle
CU-ACT-3334,2026-07-23,BLACKLIST,0x99929eed7638ac0f031a5d925409741f86f98be6,ADDRESS,SANCTIONED_ENTITY,CU-ENT-0070,,ACTIVE,,,,,CU-TRG-0061,,CU-IMP-3334,2026-07-23,ONCHAIN_SCAN,HIGH,,Circle
CU-ACT-3335,2026-07-23,BLACKLIST,0xd838b11133085016bc31ca78571067b0d77dc290,ADDRESS,SANCTIONED_ENTITY,CU-ENT-0070,,ACTIVE,,,,,CU-TRG-0061,,CU-IMP-3335,2026-07-23,ONCHAIN_SCAN,HIGH,,Circle
CU-ACT-3336,2026-07-29,BLACKLIST,0x0ede564e315f8e1803161a22e8404c624c35b1fb,ADDRESS,SANCTIONED_ENTITY,CU-ENT-0073,,ACTIVE,,,,,CU-TRG-0065,,CU-IMP-3336,2026-03-26,ONCHAIN_SCAN,HIGH,,Circle
CU-ACT-3337,2026-07-29,BLACKLIST,0xdca63d36e326fdcde1c6403ff3edf5d8ba7699ad,ADDRESS,SANCTIONED_ENTITY,CU-ENT-0073,,ACTIVE,,,,,CU-TRG-0065,,CU-IMP-3337,2026-03-26,ONCHAIN_SCAN,HIGH,,Circle
CU-ACT-3338,2026-08-07,BLACKLIST,0x6b69e2a7545c166417a80c61a77562052bffa9c5,ADDRESS,SANCTIONED_ENTITY,CU-ENT-0068,,ACTIVE,,,,,CU-TRG-0059,,CU-IMP-3338,2026-08-07,ONCHAIN_SCAN,HIGH,,Circle
CU-ACT-3339,2026-08-07,BLACKLIST,0x8d79c73daae8630c88de372ba8f57592fa987607,ADDRESS,SANCTIONED_ENTITY,CU-ENT-0067,,ACTIVE,,,,,CU-TRG-0059,,CU-IMP-3339,2026-08-07,ONCHAIN_SCAN,HIGH,,Circle
CU-ACT-3340,2026-08-07,BLACKLIST,0x967f32c544b6547f366123927d6dc0a3c6dcdfb9,ADDRESS,SANCTIONED_ENTITY,CU-ENT-0067,,ACTIVE,,,,,CU-TRG-0059,,CU-IMP-3340,2026-08-07,ONCHAIN_SCAN,HIGH,,Circle
CU-ACT-3341,2026-08-07,BLACKLIST,0xc02b8bcd6cea7162274b939410d466b755553175,ADDRESS,SANCTIONED_ENTITY,CU-ENT-0066,,ACTIVE,,,,,CU-TRG-0059,,CU-IMP-3341,2026-08-07,ONCHAIN_SCAN,HIGH,,Circle
CU-ACT-3342,2026-08-07,BLACKLIST,0xbb69e01921b17cd22080968bcc96ba6115da6062,ADDRESS,SANCTIONED_ENTITY,CU-ENT-0066,,ACTIVE,,,,,CU-TRG-0059,,CU-IMP-3342,2026-08-07,ONCHAIN_SCAN,HIGH,,Circle
CU-ACT-3343,2026-08-07,BLACKLIST,0xeaac716a919f3a032a7e5f4d803c799569c32bd4,ADDRESS,SANCTIONED_ENTITY,CU-ENT-0068,,ACTIVE,,,,,CU-TRG-0059,,CU-IMP-3343,2026-08-07,ONCHAIN_SCAN,HIGH,,Circle
CU-ACT-3344,2026-08-07,BLACKLIST,0xe05f529f5284d75624eba386cb716928c3b54a2a,ADDRESS,SANCTIONED_ENTITY,CU-ENT-0068,,ACTIVE,,,,,CU-TRG-0059,,CU-IMP-3344,2026-08-07,ONCHAIN_SCAN,HIGH,,Circle
CU-ACT-3345,2026-04-24,BLACKLIST,0x8be1904f7e8d196ef670835e2893be5f75c1e63e,ADDRESS,SANCTIONED_ENTITY,CU-ENT-0071,,ACTIVE,,,,,CU-TRG-0062,,CU-IMP-3345,2026-04-24,ONCHAIN_SCAN,HIGH,,Circle
CU-ACT-3346,2026-04-24,BLACKLIST,0xc29c4df7111a39030a037a3abc8dc68c8d1d8ceb,ADDRESS,SANCTIONED_ENTITY,CU-ENT-0071,,ACTIVE,,,,,CU-TRG-0062,,CU-IMP-3346,2026-04-24,ONCHAIN_SCAN,HIGH,,Circle
CU-ACT-3347,2026-05-12,UNBLACKLIST,0x2ac3edd31755a9fa84dbc8befa7ea587c0967901,ADDRESS,,,,ACTIVE,,,,,CU-TRG-0066,,CU-IMP-3347,2026-05-22,ONCHAIN_SCAN,HIGH,,Circle
CU-ACT-3348,2026-05-12,UNBLACKLIST,0x4d108a579b0d001e2494901a1ee44280c3d516cd,ADDRESS,,,,ACTIVE,,,,,CU-TRG-0066,,CU-IMP-3348,2026-05-22,ONCHAIN_SCAN,HIGH,,Circle
CU-ACT-3349,2026-05-12,UNBLACKLIST,0x5197df5e822a35acb4e01dcb8b38cc212bbe1aa3,ADDRESS,,,,ACTIVE,,,,,CU-TRG-0066,,CU-IMP-3349,2026-05-22,ONCHAIN_SCAN,HIGH,,Circle
CU-ACT-3350,2026-05-12,UNBLACKLIST,0x7da0a7ce31f89b353e51985cf77388b29574e278,ADDRESS,,,,ACTIVE,,,,,CU-TRG-0066,,CU-IMP-3350,2026-05-22,ONCHAIN_SCAN,HIGH,,Circle
CU-ACT-3351,2026-05-20,BLACKLIST,0x038989cbb1710c72b9920dc4fa529158f463e72c,ADDRESS,SANCTIONED_ENTITY,CU-ENT-0062,,ACTIVE,,,,,CU-TRG-0057,,CU-IMP-3351,2026-05-20,ONCHAIN_SCAN,HIGH,,Circle
CU-ACT-3352,2026-05-20,BLACKLIST,0x14779cec0b117d5194c750c55ea1f42086631964,ADDRESS,SANCTIONED_ENTITY,CU-ENT-0062,,ACTIVE,,,,,CU-TRG-0057,,CU-IMP-3352,2026-05-20,ONCHAIN_SCAN,HIGH,,Circle
CU-ACT-3353,2026-05-20,BLACKLIST,0x32da24ca413f3e7b53145d4737e172c3bdf81e3e,ADDRESS,SANCTIONED_ENTITY,CU-ENT-0062,,ACTIVE,,,,,CU-TRG-0057,,CU-IMP-3353,2026-05-20,ONCHAIN_SCAN,HIGH,,Circle
CU-ACT-3354,2026-05-20,BLACKLIST,0xf2235d55b2950a0b1317469d72d07ae65b2e27cb,ADDRESS,SANCTIONED_ENTITY,CU-ENT-0062,,ACTIVE,,,,,CU-TRG-0057,,CU-IMP-3354,2026-05-20,ONCHAIN_SCAN,HIGH,,Circle
CU-ACT-3355,2026-05-20,BLACKLIST,0x4f428c11dc82388fa5136d636e613ad923eb700b,ADDRESS,SANCTIONED_ENTITY,CU-ENT-0062,,ACTIVE,,,,,CU-TRG-0057,,CU-IMP-3355,2026-05-20,ONCHAIN_SCAN,HIGH,,Circle
CU-ACT-3356,2026-05-20,BLACKLIST,0xac4cc4b68ea24bbfaac8fd127b67ed445accce22,ADDRESS,SANCTIONED_ENTITY,CU-ENT-0063,,ACTIVE,,,,,CU-TRG-0057,,CU-IMP-3356,2026-05-20,ONCHAIN_SCAN,HIGH,,Circle
CU-ACT-3357,2026-05-26,BLACKLIST,0x61427bf615ef615cae4314ca4fe16d5142217443,ADDRESS,SANCTIONED_ENTITY,CU-ENT-0072,,ACTIVE,,,,,CU-TRG-0064,,CU-IMP-3357,2026-05-26,ONCHAIN_SCAN,HIGH,,Circle
CU-ACT-3358,2026-05-26,BLACKLIST,0xd6ff9ba2aa8a3afd1e3d4a133449b9142ce52df5,ADDRESS,SANCTIONED_ENTITY,CU-ENT-0072,,ACTIVE,,,,,CU-TRG-0064,,CU-IMP-3358,2026-05-26,ONCHAIN_SCAN,HIGH,,Circle
CU-ACT-3359,2026-05-26,BLACKLIST,0x1ac8d4e4d1418a66f5891de2519693c797a2683b,ADDRESS,SANCTIONED_ENTITY,CU-ENT-0072,,ACTIVE,,,,,CU-TRG-0064,,CU-IMP-3359,2026-05-26,ONCHAIN_SCAN,HIGH,,Circle
CU-ACT-3360,2026-06-22,BLACKLIST,0x110cb5c5089fc35ba0deb718a291dd64f6d1bec8,ADDRESS,SANCTIONED_ENTITY,CU-ENT-0069,,ACTIVE,,,,,CU-TRG-0060,,CU-IMP-3360,2026-06-22,ONCHAIN_SCAN,HIGH,,Circle
CU-ACT-3361,2026-06-22,BLACKLIST,0x2408302c960af24d6df5dee325b59ac59b2e55ce,ADDRESS,SANCTIONED_ENTITY,CU-ENT-0069,,ACTIVE,,,,,CU-TRG-0060,,CU-IMP-3361,2026-06-22,ONCHAIN_SCAN,HIGH,,Circle
CU-ACT-3362,2026-07-01,BLACKLIST,0xce9f3bc87000393f625088ed40280a74682396cf,ADDRESS,SANCTIONED_ENTITY,CU-ENT-0061,,ACTIVE,,,CU-INC-0006,,CU-TRG-0056,,CU-IMP-3362,2026-07-01,ONCHAIN_SCAN,HIGH,,Circle
CU-ACT-3363,2026-07-01,BLACKLIST,0x1508e3c339f9e916595bfa6ea169aee265acf90c,ADDRESS,SANCTIONED_ENTITY,CU-ENT-0061,,ACTIVE,,,CU-INC-0006,,CU-TRG-0056,,CU-IMP-3363,2026-07-01,ONCHAIN_SCAN,HIGH,,Circle
CU-ACT-3364,2026-07-01,BLACKLIST,0x18db649c1400f3dfbbf71b8b99419edcb12a0947,ADDRESS,SANCTIONED_ENTITY,CU-ENT-0061,,ACTIVE,,,CU-INC-0006,,CU-TRG-0056,,CU-IMP-3364,2026-07-01,ONCHAIN_SCAN,HIGH,,Circle
CU-ACT-3365,2026-07-01,BLACKLIST,0xd1d1443c710b2f295f72ef3bc8be04a28be3e0db,ADDRESS,SANCTIONED_ENTITY,CU-ENT-0061,,ACTIVE,,,CU-INC-0006,,CU-TRG-0056,,CU-IMP-3365,2026-07-01,ONCHAIN_SCAN,HIGH,,Circle
CU-ACT-3366,2026-07-01,BLACKLIST,0xc44b0630645bdf681c775df334cbd7530da813fa,ADDRESS,SANCTIONED_ENTITY,CU-ENT-0061,,ACTIVE,,,CU-INC-0006,,CU-TRG-0056,,CU-IMP-3366,2026-07-01,ONCHAIN_SCAN,HIGH,,Circle
CU-ACT-3367,2026-07-01,BLACKLIST,0x1f6aa4cd73fe9faf58727800b075d43caa106d46,ADDRESS,SANCTIONED_ENTITY,CU-ENT-0061,,ACTIVE,,,CU-INC-0006,,CU-TRG-0056,,CU-IMP-3367,2026-07-01,ONCHAIN_SCAN,HIGH,,Circle
CU-ACT-3368,2026-07-01,BLACKLIST,0xda916a1c12989829fb02a0241a7e70b5a1a4e905,ADDRESS,SANCTIONED_ENTITY,CU-ENT-0061,,ACTIVE,,,CU-INC-0006,,CU-TRG-0056,,CU-IMP-3368,2026-07-01,ONCHAIN_SCAN,HIGH,,Circle
CU-ACT-3369,2026-07-01,BLACKLIST,0xd67bb799b7d2dded7dd85802c5a6affec1108b94,ADDRESS,SANCTIONED_ENTITY,CU-ENT-0061,,ACTIVE,,,CU-INC-0006,,CU-TRG-0056,,CU-IMP-3369,2026-07-01,ONCHAIN_SCAN,HIGH,,Circle
CU-ACT-3370,2026-07-01,BLACKLIST,0xb654159bc14f208000ec9e0ad287b321c7a3bf5c,ADDRESS,SANCTIONED_ENTITY,CU-ENT-0061,,ACTIVE,,,CU-INC-0006,,CU-TRG-0056,,CU-IMP-3370,2026-07-01,ONCHAIN_SCAN,HIGH,,Circle
CU-ACT-3371,2026-07-01,BLACKLIST,0x9b571ef4731f0c8539a629cc4c44fa4fd280c10d,ADDRESS,SANCTIONED_ENTITY,CU-ENT-0061,,ACTIVE,,,CU-INC-0006,,CU-TRG-0056,,CU-IMP-3371,2026-07-01,ONCHAIN_SCAN,HIGH,,Circle
CU-ACT-3372,2026-07-01,BLACKLIST,0xe2b0c8cd5516cf733013712408add325081225ca,ADDRESS,SANCTIONED_ENTITY,CU-ENT-0061,,ACTIVE,,,CU-INC-0006,,CU-TRG-0056,,CU-IMP-3372,2026-07-01,ONCHAIN_SCAN,HIGH,,Circle
CU-ACT-3373,2026-07-01,BLACKLIST,0xe6e1d9098b08fff5f8b3e27a02d4dca8ffcdf0a9,ADDRESS,SANCTIONED_ENTITY,CU-ENT-0061,,ACTIVE,,,CU-INC-0006,,CU-TRG-0056,,CU-IMP-3373,2026-07-01,ONCHAIN_SCAN,HIGH,,Circle
CU-ACT-3374,2026-07-01,BLACKLIST,0xb4a69b8228c1621eb22d9c6f1ef33926616f8218,ADDRESS,SANCTIONED_ENTITY,CU-ENT-0061,,ACTIVE,,,CU-INC-0006,,CU-TRG-0056,,CU-IMP-3374,2026-07-01,ONCHAIN_SCAN,HIGH,,Circle
CU-ACT-3375,2026-07-01,BLACKLIST,0x203b0053ccb42ca09357dde941d251d888ec1044,ADDRESS,SANCTIONED_ENTITY,CU-ENT-0061,,ACTIVE,,,CU-INC-0006,,CU-TRG-0056,,CU-IMP-3375,2026-07-01,ONCHAIN_SCAN,HIGH,,Circle
CU-ACT-3376,2026-07-01,BLACKLIST,0x545fd777d462df0acc99a188f2532a962e00df74,ADDRESS,SANCTIONED_ENTITY,CU-ENT-0061,,ACTIVE,,,CU-INC-0006,,CU-TRG-0056,,CU-IMP-3376,2026-07-01,ONCHAIN_SCAN,HIGH,,Circle
CU-ACT-3377,2026-07-01,BLACKLIST,0xcd211408b46bdbf03abb2eac205a01ceb1d86288,ADDRESS,SANCTIONED_ENTITY,CU-ENT-0061,,ACTIVE,,,CU-INC-0006,,CU-TRG-0056,,CU-IMP-3377,2026-07-01,ONCHAIN_SCAN,HIGH,,Circle
CU-ACT-3378,2026-07-01,BLACKLIST,0x0eaea039d805c9600de19d5a9aa6daf4d51979ed,ADDRESS,SANCTIONED_ENTITY,CU-ENT-0061,,ACTIVE,,,CU-INC-0006,,CU-TRG-0056,,CU-IMP-3378,2026-07-01,ONCHAIN_SCAN,HIGH,,Circle
CU-ACT-3379,2026-07-01,BLACKLIST,0x1e6983848eca149f9fc68b0a1616a1c4f62945aa,ADDRESS,SANCTIONED_ENTITY,CU-ENT-0061,,ACTIVE,,,CU-INC-0006,,CU-TRG-0056,,CU-IMP-3379,2026-07-01,ONCHAIN_SCAN,HIGH,,Circle
CU-ACT-3380,2026-07-01,BLACKLIST,0x6ee2a4ab3befdcfcd8c0844e853491f08971d899,ADDRESS,SANCTIONED_ENTITY,CU-ENT-0061,,ACTIVE,,,CU-INC-0006,,CU-TRG-0056,,CU-IMP-3380,2026-07-01,ONCHAIN_SCAN,HIGH,,Circle
CU-ACT-3381,2026-07-01,BLACKLIST,0xc73da1e718a4fbd1ce023d412ab34433922fba58,ADDRESS,SANCTIONED_ENTITY,CU-ENT-0061,,ACTIVE,,,CU-INC-0006,,CU-TRG-0056,,CU-IMP-3381,2026-07-01,ONCHAIN_SCAN,HIGH,,Circle
CU-ACT-3382,2026-07-01,BLACKLIST,0xb2880d55b128cfa10cc32411e2311f59500e130b,ADDRESS,SANCTIONED_ENTITY,CU-ENT-0061,,ACTIVE,,,CU-INC-0006,,CU-TRG-0056,,CU-IMP-3382,2026-07-01,ONCHAIN_SCAN,HIGH,,Circle
CU-ACT-3383,2026-07-01,BLACKLIST,0xe9d48628d685e121f48181616c71f88ec4020bf9,ADDRESS,SANCTIONED_ENTITY,CU-ENT-0061,,ACTIVE,,,CU-INC-0006,,CU-TRG-0056,,CU-IMP-3383,2026-07-01,ONCHAIN_SCAN,HIGH,,Circle
CU-ACT-3384,2026-07-01,BLACKLIST,0x84be9d8d09cb26f31bb37771ecb06ebdd91101f9,ADDRESS,SANCTIONED_ENTITY,CU-ENT-0061,,ACTIVE,,,CU-INC-0006,,CU-TRG-0056,,CU-IMP-3384,2026-07-01,ONCHAIN_SCAN,HIGH,,Circle
CU-ACT-3385,2026-07-01,BLACKLIST,0xd68022dc9dde9c9e1a613a1fb04a1de5758b563e,ADDRESS,SANCTIONED_ENTITY,CU-ENT-0061,,ACTIVE,,,CU-INC-0006,,CU-TRG-0056,,CU-IMP-3385,2026-07-01,ONCHAIN_SCAN,HIGH,,Circle
CU-ACT-3386,2026-07-01,BLACKLIST,0x9789e42918dec6442a155fd2ba064d05d6db0ed2,ADDRESS,SANCTIONED_ENTITY,CU-ENT-0061,,ACTIVE,,,CU-INC-0006,,CU-TRG-0056,,CU-IMP-3386,2026-07-01,ONCHAIN_SCAN,HIGH,,Circle
CU-ACT-3387,2026-07-01,BLACKLIST,0x2bbf8e01ef1349da89eb6d423a217582430e6dbc,ADDRESS,SANCTIONED_ENTITY,CU-ENT-0061,,ACTIVE,,,CU-INC-0006,,CU-TRG-0056,,CU-IMP-3387,2026-07-01,ONCHAIN_SCAN,HIGH,,Circle
CU-ACT-3388,2026-07-01,BLACKLIST,0xdd6184d750a5610e1094cc5b02a8ec1c7dc14be2,ADDRESS,SANCTIONED_ENTITY,CU-ENT-0061,,ACTIVE,,,CU-INC-0006,,CU-TRG-0056,,CU-IMP-3388,2026-07-01,ONCHAIN_SCAN,HIGH,,Circle
CU-ACT-3389,2026-07-01,BLACKLIST,0x2fbe2388dca7d240ebc72617fb2dd5890fea4dd2,ADDRESS,SANCTIONED_ENTITY,CU-ENT-0061,,ACTIVE,,,CU-INC-0006,,CU-TRG-0056,,CU-IMP-3389,2026-07-01,ONCHAIN_SCAN,HIGH,,Circle
CU-ACT-3390,2026-07-01,BLACKLIST,0x2277d63319a5d529c0ffecf1d4d93343713d9802,ADDRESS,SANCTIONED_ENTITY,CU-ENT-0061,,ACTIVE,,,CU-INC-0006,,CU-TRG-0056,,CU-IMP-3390,2026-07-01,ONCHAIN_SCAN,HIGH,,Circle
CU-ACT-3391,2026-07-01,BLACKLIST,0xef7c470bbcdd524c299304627180d6074ccbfdfd,ADDRESS,SANCTIONED_ENTITY,CU-ENT-0061,,ACTIVE,,,CU-INC-0006,,CU-TRG-0056,,CU-IMP-3391,2026-07-01,ONCHAIN_SCAN,HIGH,,Circle
CU-ACT-3392,2026-07-01,BLACKLIST,0x35ecfdb165bbc06d2cc19af466465c7ac9c3f7eb,ADDRESS,SANCTIONED_ENTITY,CU-ENT-0061,,ACTIVE,,,CU-INC-0006,,CU-TRG-0056,,CU-IMP-3392,2026-07-01,ONCHAIN_SCAN,HIGH,,Circle
CU-ACT-3393,2026-07-01,BLACKLIST,0x30c7c36cb08138b620bc21611e18264c6a222583,ADDRESS,SANCTIONED_ENTITY,CU-ENT-0061,,ACTIVE,,,CU-INC-0006,,CU-TRG-0056,,CU-IMP-3393,2026-07-01,ONCHAIN_SCAN,HIGH,,Circle
CU-ACT-3394,2026-07-01,BLACKLIST,0x8c5a5d9b5bd20cea93295e0f12909d6ebf2f1989,ADDRESS,SANCTIONED_ENTITY,CU-ENT-0061,,ACTIVE,,,CU-INC-0006,,CU-TRG-0056,,CU-IMP-3394,2026-07-01,ONCHAIN_SCAN,HIGH,,Circle
CU-ACT-3395,2026-07-01,BLACKLIST,0xe5b46834ab6831f5d27c72237da310fef4552911,ADDRESS,SANCTIONED_ENTITY,CU-ENT-0061,,ACTIVE,,,CU-INC-0006,,CU-TRG-0056,,CU-IMP-3395,2026-07-01,ONCHAIN_SCAN,HIGH,,Circle
CU-ACT-3396,2026-07-01,BLACKLIST,0xb0fc46592a0795a23df08b2b25e953a5461805fb,ADDRESS,SANCTIONED_ENTITY,CU-ENT-0061,,ACTIVE,,,CU-INC-0006,,CU-TRG-0056,,CU-IMP-3396,2026-07-01,ONCHAIN_SCAN,HIGH,,Circle
CU-ACT-3397,2026-07-01,BLACKLIST,0xc4b13cf26d06bd15db5b8efe9553710b9aae8acd,ADDRESS,SANCTIONED_ENTITY,CU-ENT-0061,,ACTIVE,,,CU-INC-0006,,CU-TRG-0056,,CU-IMP-3397,2026-07-01,ONCHAIN_SCAN,HIGH,,Circle
CU-ACT-3398,2026-07-01,BLACKLIST,0x160ad9cb8202fe697e5b0991b65032787ce23dff,ADDRESS,SANCTIONED_ENTITY,CU-ENT-0061,,ACTIVE,,,CU-INC-0006,,CU-TRG-0056,,CU-IMP-3398,2026-07-01,ONCHAIN_SCAN,HIGH,,Circle
CU-ACT-3399,2026-07-01,BLACKLIST,0x2606d9411d6a4cab5b9e0bbd3cdef05f3f35854e,ADDRESS,SANCTIONED_ENTITY,CU-ENT-0061,,ACTIVE,,,CU-INC-0006,,CU-TRG-0056,,CU-IMP-3399,2026-07-01,ONCHAIN_SCAN,HIGH,,Circle
CU-ACT-3400,2026-07-01,BLACKLIST,0x97248ad2ee8453b901c646bddc256e4dca165452,ADDRESS,SANCTIONED_ENTITY,CU-ENT-0061,,ACTIVE,,,CU-INC-0006,,CU-TRG-0056,,CU-IMP-3400,2026-07-01,ONCHAIN_SCAN,HIGH,,Circle
CU-ACT-3401,2026-07-01,BLACKLIST,0x0a9f2460bd9357ebc0e24654b83d43d701560500,ADDRESS,SANCTIONED_ENTITY,CU-ENT-0061,,ACTIVE,,,CU-INC-0006,,CU-TRG-0056,,CU-IMP-3401,2026-07-01,ONCHAIN_SCAN,HIGH,,Circle
CU-ACT-3402,2026-07-01,BLACKLIST,0x45e8fcd87cefd8f53a1775c9781f50e8ca7e8b62,ADDRESS,SANCTIONED_ENTITY,CU-ENT-0061,,ACTIVE,,,CU-INC-0006,,CU-TRG-0056,,CU-IMP-3402,2026-07-01,ONCHAIN_SCAN,HIGH,,Circle
CU-ACT-3403,2026-07-01,BLACKLIST,0x8960c337bb1bc8618e8c022277ca0d34d26ce06c,ADDRESS,SANCTIONED_ENTITY,CU-ENT-0061,,ACTIVE,,,CU-INC-0006,,CU-TRG-0056,,CU-IMP-3403,2026-07-01,ONCHAIN_SCAN,HIGH,,Circle
CU-ACT-3404,2026-07-01,BLACKLIST,0xd82ffef8cb4f0f6a56fc2dd275879985307d1d3a,ADDRESS,SANCTIONED_ENTITY,CU-ENT-0061,,ACTIVE,,,CU-INC-0006,,CU-TRG-0056,,CU-IMP-3404,2026-07-01,ONCHAIN_SCAN,HIGH,,Circle
CU-ACT-3405,2026-07-01,BLACKLIST,0x00e0c79525c9f846ee27f8ecf3dcfebb3a335dc7,ADDRESS,SANCTIONED_ENTITY,CU-ENT-0061,,ACTIVE,,,CU-INC-0006,,CU-TRG-0056,,CU-IMP-3405,2026-07-01,ONCHAIN_SCAN,HIGH,,Circle
CU-ACT-3406,2026-07-01,BLACKLIST,0x75fd59164d2af087af5a90f7e1b7c3d05de93dee,ADDRESS,SANCTIONED_ENTITY,CU-ENT-0061,,ACTIVE,,,CU-INC-0006,,CU-TRG-0056,,CU-IMP-3406,2026-07-01,ONCHAIN_SCAN,HIGH,,Circle
CU-ACT-3407,2026-07-01,BLACKLIST,0x464da77310220c0c1596f8339129907b16cd896f,ADDRESS,SANCTIONED_ENTITY,CU-ENT-0061,,ACTIVE,,,CU-INC-0006,,CU-TRG-0056,,CU-IMP-3407,2026-07-01,ONCHAIN_SCAN,HIGH,,Circle
CU-ACT-3408,2026-07-01,BLACKLIST,0x0ede87dc2bf535ebc2682340dfc33cc50363bc2b,ADDRESS,SANCTIONED_ENTITY,CU-ENT-0061,,ACTIVE,,,CU-INC-0006,,CU-TRG-0056,,CU-IMP-3408,2026-07-01,ONCHAIN_SCAN,HIGH,,Circle
CU-ACT-3409,2026-07-01,BLACKLIST,0x0b1da2038535de65831e81f6fdc40f40b222e2b1,ADDRESS,SANCTIONED_ENTITY,CU-ENT-0061,,ACTIVE,,,CU-INC-0006,,CU-TRG-0056,,CU-IMP-3409,2026-07-01,ONCHAIN_SCAN,HIGH,,Circle
CU-ACT-3410,2026-07-01,BLACKLIST,0xad5c8f4ba4bb0b94feb63e97bb821f808d44507b,ADDRESS,SANCTIONED_ENTITY,CU-ENT-0061,,ACTIVE,,,CU-INC-0006,,CU-TRG-0056,,CU-IMP-3410,2026-07-01,ONCHAIN_SCAN,HIGH,,Circle
CU-ACT-3411,2026-07-01,BLACKLIST,0x5b05ac96e74161c8edffb7e6368df33b4167583a,ADDRESS,SANCTIONED_ENTITY,CU-ENT-0061,,ACTIVE,,,CU-INC-0006,,CU-TRG-0056,,CU-IMP-3411,2026-07-01,ONCHAIN_SCAN,HIGH,,Circle
CU-ACT-3412,2026-07-01,BLACKLIST,0xe646c85afde30e55d7196612efd37e5b058e9717,ADDRESS,SANCTIONED_ENTITY,CU-ENT-0061,,ACTIVE,,,CU-INC-0006,,CU-TRG-0056,,CU-IMP-3412,2026-07-01,ONCHAIN_SCAN,HIGH,,Circle
CU-ACT-3413,2026-07-01,BLACKLIST,0x7db839f22e388b5c427ef1ae4f1fe558012904bf,ADDRESS,SANCTIONED_ENTITY,CU-ENT-0061,,ACTIVE,,,CU-INC-0006,,CU-TRG-0056,,CU-IMP-3413,2026-07-01,ONCHAIN_SCAN,HIGH,,Circle
CU-ACT-3414,2026-07-01,BLACKLIST,0xf72202e113a400891e8f91e1fec0c1cc9065d735,ADDRESS,SANCTIONED_ENTITY,CU-ENT-0061,,ACTIVE,,,CU-INC-0006,,CU-TRG-0056,,CU-IMP-3414,2026-07-01,ONCHAIN_SCAN,HIGH,,Circle
CU-ACT-3415,2026-07-01,BLACKLIST,0x1c165affe280c786303cce84f1eda9957de87779,ADDRESS,SANCTIONED_ENTITY,CU-ENT-0061,,ACTIVE,,,CU-INC-0006,,CU-TRG-0056,,CU-IMP-3415,2026-07-01,ONCHAIN_SCAN,HIGH,,Circle
CU-ACT-3416,2026-07-01,BLACKLIST,0xf37ffa0e4829aa159af625c48276c4e632f4400c,ADDRESS,SANCTIONED_ENTITY,CU-ENT-0061,,ACTIVE,,,CU-INC-0006,,CU-TRG-0056,,CU-IMP-3416,2026-07-01,ONCHAIN_SCAN,HIGH,,Circle
CU-ACT-3417,2026-07-01,BLACKLIST,0x6440312463c98262b0768ac4f8e7232fb58caced,ADDRESS,SANCTIONED_ENTITY,CU-ENT-0061,,ACTIVE,,,CU-INC-0006,,CU-TRG-0056,,CU-IMP-3417,2026-07-01,ONCHAIN_SCAN,HIGH,,Circle
CU-ACT-3418,2026-07-01,BLACKLIST,0xd1b4671abd7c3db9f5d99b98918ebf8cbd41ea33,ADDRESS,SANCTIONED_ENTITY,CU-ENT-0061,,ACTIVE,,,CU-INC-0006,,CU-TRG-0056,,CU-IMP-3418,2026-07-01,ONCHAIN_SCAN,HIGH,,Circle
CU-ACT-3419,2026-07-01,BLACKLIST,0xddc63d69ed992e2617d54950a8cea70e2127c412,ADDRESS,SANCTIONED_ENTITY,CU-ENT-0061,,ACTIVE,,,CU-INC-0006,,CU-TRG-0056,,CU-IMP-3419,2026-07-01,ONCHAIN_SCAN,HIGH,,Circle
CU-ACT-3420,2026-07-01,BLACKLIST,0xa112c8cb691f58754269ce81c73a9dc92e63159f,ADDRESS,SANCTIONED_ENTITY,CU-ENT-0061,,ACTIVE,,,CU-INC-0006,,CU-TRG-0056,,CU-IMP-3420,2026-07-01,ONCHAIN_SCAN,HIGH,,Circle
CU-ACT-3421,2026-07-01,BLACKLIST,0xdd8cf42ff365caebbed4f48190ca79286b0e66c7,ADDRESS,SANCTIONED_ENTITY,CU-ENT-0061,,ACTIVE,,,CU-INC-0006,,CU-TRG-0056,,CU-IMP-3421,2026-07-01,ONCHAIN_SCAN,HIGH,,Circle
CU-ACT-3422,2026-07-01,BLACKLIST,0x0b57cde36e6e0c31a10442076dfd03ff8038507d,ADDRESS,SANCTIONED_ENTITY,CU-ENT-0061,,ACTIVE,,,CU-INC-0006,,CU-TRG-0056,,CU-IMP-3422,2026-07-01,ONCHAIN_SCAN,HIGH,,Circle
CU-ACT-3423,2026-07-01,BLACKLIST,0x1b78a412cc1078fd5719a3379085647ca4ba0e5f,ADDRESS,SANCTIONED_ENTITY,CU-ENT-0061,,ACTIVE,,,CU-INC-0006,,CU-TRG-0056,,CU-IMP-3423,2026-07-01,ONCHAIN_SCAN,HIGH,,Circle
CU-ACT-3424,2026-07-01,BLACKLIST,0x2d415662ce7ddd1e89c4bbf8f527f7e06811248e,ADDRESS,SANCTIONED_ENTITY,CU-ENT-0061,,ACTIVE,,,CU-INC-0006,,CU-TRG-0056,,CU-IMP-3424,2026-07-01,ONCHAIN_SCAN,HIGH,,Circle
CU-ACT-3425,2026-07-01,BLACKLIST,0xb251e1f30c697905287d3e1be1fb0fffc01ce633,ADDRESS,SANCTIONED_ENTITY,CU-ENT-0061,,ACTIVE,,,CU-INC-0006,,CU-TRG-0056,,CU-IMP-3425,2026-07-01,ONCHAIN_SCAN,HIGH,,Circle
CU-ACT-3426,2026-07-01,BLACKLIST,0x28facff64babe25658bb4635af41aaa019f9deee,ADDRESS,SANCTIONED_ENTITY,CU-ENT-0061,,ACTIVE,,,CU-INC-0006,,CU-TRG-0056,,CU-IMP-3426,2026-07-01,ONCHAIN_SCAN,HIGH,,Circle
CU-ACT-3427,2026-07-01,BLACKLIST,0x2907a4de925af9434bcf176957dcbfeac49afc46,ADDRESS,SANCTIONED_ENTITY,CU-ENT-0061,,ACTIVE,,,CU-INC-0006,,CU-TRG-0056,,CU-IMP-3427,2026-07-01,ONCHAIN_SCAN,HIGH,,Circle
CU-ACT-3428,2026-07-01,BLACKLIST,0x803a9bd5e917e32bd7bcde526e656254417c5a86,ADDRESS,SANCTIONED_ENTITY,CU-ENT-0061,,ACTIVE,,,CU-INC-0006,,CU-TRG-0056,,CU-IMP-3428,2026-07-01,ONCHAIN_SCAN,HIGH,,Circle
CU-ACT-3429,2026-07-01,BLACKLIST,0x0c1ee706f91a56fc96e2f260c670bd4bf3002696,ADDRESS,SANCTIONED_ENTITY,CU-ENT-0061,,ACTIVE,,,CU-INC-0006,,CU-TRG-0056,,CU-IMP-3429,2026-07-01,ONCHAIN_SCAN,HIGH,,Circle
CU-ACT-3430,2026-07-01,BLACKLIST,0x12f3acd05ddc70d333ca7e8d9a36513997cfb08f,ADDRESS,SANCTIONED_ENTITY,CU-ENT-0061,,ACTIVE,,,CU-INC-0006,,CU-TRG-0056,,CU-IMP-3430,2026-07-01,ONCHAIN_SCAN,HIGH,,Circle
CU-ACT-3431,2026-07-01,BLACKLIST,0xe4814881a36d2c543b5acc30a7ee9868b0c810da,ADDRESS,SANCTIONED_ENTITY,CU-ENT-0061,,ACTIVE,,,CU-INC-0006,,CU-TRG-0056,,CU-IMP-3431,2026-07-01,ONCHAIN_SCAN,HIGH,,Circle
CU-ACT-3432,2026-07-01,BLACKLIST,0xfbc3ca4a4b808bef72c54b872caa59e5e69c783e,ADDRESS,SANCTIONED_ENTITY,CU-ENT-0061,,ACTIVE,,,CU-INC-0006,,CU-TRG-0056,,CU-IMP-3432,2026-07-01,ONCHAIN_SCAN,HIGH,,Circle
CU-ACT-3433,2026-07-01,BLACKLIST,0x56bf68cd5ad0cafc5e3cb7da826914359592eb62,ADDRESS,SANCTIONED_ENTITY,CU-ENT-0061,,ACTIVE,,,CU-INC-0006,,CU-TRG-0056,,CU-IMP-3433,2026-07-01,ONCHAIN_SCAN,HIGH,,Circle
CU-ACT-3434,2026-07-01,BLACKLIST,0x68c15054d74c86ffca1e23a3802a27bab1735395,ADDRESS,SANCTIONED_ENTITY,CU-ENT-0061,,ACTIVE,,,CU-INC-0006,,CU-TRG-0056,,CU-IMP-3434,2026-07-01,ONCHAIN_SCAN,HIGH,,Circle
CU-ACT-3435,2026-07-01,BLACKLIST,0xd086c684646d4eba389c5d97e57d5b2bee3826b7,ADDRESS,SANCTIONED_ENTITY,CU-ENT-0061,,ACTIVE,,,CU-INC-0006,,CU-TRG-0056,,CU-IMP-3435,2026-07-01,ONCHAIN_SCAN,HIGH,,Circle
CU-ACT-3436,2026-07-01,BLACKLIST,0x24545819f879db1a8df28fe0fd7f8ee4b7025977,ADDRESS,SANCTIONED_ENTITY,CU-ENT-0061,,ACTIVE,,,CU-INC-0006,,CU-TRG-0056,,CU-IMP-3436,2026-07-01,ONCHAIN_SCAN,HIGH,,Circle
CU-ACT-3437,2026-07-01,BLACKLIST,0x81d0eac7c2e42b221bd2e5bd5f9ddc0dcc9f6f30,ADDRESS,SANCTIONED_ENTITY,CU-ENT-0061,,ACTIVE,,,CU-INC-0006,,CU-TRG-0056,,CU-IMP-3437,2026-07-01,ONCHAIN_SCAN,HIGH,,Circle
CU-ACT-3438,2026-07-01,BLACKLIST,0x2e2983271415c0aa7950277186f10c0676f5cac2,ADDRESS,SANCTIONED_ENTITY,CU-ENT-0061,,ACTIVE,,,CU-INC-0006,,CU-TRG-0056,,CU-IMP-3438,2026-07-01,ONCHAIN_SCAN,HIGH,,Circle
CU-ACT-3439,2026-07-01,BLACKLIST,0x95bcc8bbd8f91b255baf9ecf54f15e74b9959af2,ADDRESS,SANCTIONED_ENTITY,CU-ENT-0061,,ACTIVE,,,CU-INC-0006,,CU-TRG-0056,,CU-IMP-3439,2026-07-01,ONCHAIN_SCAN,HIGH,,Circle
CU-ACT-3440,2026-07-01,BLACKLIST,0xa570df663c1b522f3dacd6f96320e65f8206ed0d,ADDRESS,SANCTIONED_ENTITY,CU-ENT-0061,,ACTIVE,,,CU-INC-0006,,CU-TRG-0056,,CU-IMP-3440,2026-07-01,ONCHAIN_SCAN,HIGH,,Circle
CU-ACT-3441,2026-07-01,BLACKLIST,0x9f4f225d3fa34d498adbfd6898e2b30850859059,ADDRESS,SANCTIONED_ENTITY,CU-ENT-0061,,ACTIVE,,,CU-INC-0006,,CU-TRG-0056,,CU-IMP-3441,2026-07-01,ONCHAIN_SCAN,HIGH,,Circle
CU-ACT-3442,2026-07-01,BLACKLIST,0x07d28de0bbd45f2ef8f89621f9f504ed72f34d92,ADDRESS,SANCTIONED_ENTITY,CU-ENT-0061,,ACTIVE,,,CU-INC-0006,,CU-TRG-0056,,CU-IMP-3442,2026-07-01,ONCHAIN_SCAN,HIGH,,Circle
CU-ACT-3443,2026-07-01,BLACKLIST,0xa05b377f4ae52727a59bcb7a82d6a20356f6b0b4,ADDRESS,SANCTIONED_ENTITY,CU-ENT-0061,,ACTIVE,,,CU-INC-0006,,CU-TRG-0056,,CU-IMP-3443,2026-07-01,ONCHAIN_SCAN,HIGH,,Circle
CU-ACT-3444,2026-07-01,BLACKLIST,0x878ebd5e809aca3dc01856d5fa924a405e34dad6,ADDRESS,SANCTIONED_ENTITY,CU-ENT-0061,,ACTIVE,,,CU-INC-0006,,CU-TRG-0056,,CU-IMP-3444,2026-07-01,ONCHAIN_SCAN,HIGH,,Circle
CU-ACT-3445,2026-07-01,BLACKLIST,0x20e60fa8673fa61d574b42a13ae805c312777241,ADDRESS,SANCTIONED_ENTITY,CU-ENT-0061,,ACTIVE,,,CU-INC-0006,,CU-TRG-0056,,CU-IMP-3445,2026-07-01,ONCHAIN_SCAN,HIGH,,Circle
CU-ACT-3446,2026-07-01,BLACKLIST,0xd3faecadc1f752234b6079299f570def99976f7c,ADDRESS,SANCTIONED_ENTITY,CU-ENT-0061,,ACTIVE,,,CU-INC-0006,,CU-TRG-0056,,CU-IMP-3446,2026-07-01,ONCHAIN_SCAN,HIGH,,Circle
CU-ACT-3447,2026-07-01,BLACKLIST,0x12f59283c23ff1b2ad7a8730b6cf41df25435570,ADDRESS,SANCTIONED_ENTITY,CU-ENT-0061,,ACTIVE,,,CU-INC-0006,,CU-TRG-0056,,CU-IMP-3447,2026-07-01,ONCHAIN_SCAN,HIGH,,Circle
CU-ACT-3448,2026-07-01,BLACKLIST,0xb79a667da76ba369583ba333c4eb4b005c5b657a,ADDRESS,SANCTIONED_ENTITY,CU-ENT-0061,,ACTIVE,,,CU-INC-0006,,CU-TRG-0056,,CU-IMP-3448,2026-07-01,ONCHAIN_SCAN,HIGH,,Circle
CU-ACT-3449,2026-07-01,BLACKLIST,0xa6358db3812ce9a11eb8aa2f954e36711ed015f6,ADDRESS,SANCTIONED_ENTITY,CU-ENT-0061,,ACTIVE,,,CU-INC-0006,,CU-TRG-0056,,CU-IMP-3449,2026-07-01,ONCHAIN_SCAN,HIGH,,Circle
CU-ACT-3450,2026-07-01,BLACKLIST,0x26eddc84e46104b944f871c0f3fbd8256197d5ca,ADDRESS,SANCTIONED_ENTITY,CU-ENT-0061,,ACTIVE,,,CU-INC-0006,,CU-TRG-0056,,CU-IMP-3450,2026-07-01,ONCHAIN_SCAN,HIGH,,Circle
CU-ACT-3451,2026-07-01,BLACKLIST,0x18855af93d521cf39fa8a1342a06562661725420,ADDRESS,SANCTIONED_ENTITY,CU-ENT-0061,,ACTIVE,,,CU-INC-0006,,CU-TRG-0056,,CU-IMP-3451,2026-07-01,ONCHAIN_SCAN,HIGH,,Circle
CU-ACT-3452,2026-07-01,BLACKLIST,0x5a43b964288ce2b4b7de0cae544531bf94a8b79f,ADDRESS,SANCTIONED_ENTITY,CU-ENT-0061,,ACTIVE,,,CU-INC-0006,,CU-TRG-0056,,CU-IMP-3452,2026-07-01,ONCHAIN_SCAN,HIGH,,Circle
CU-ACT-3453,2026-07-01,BLACKLIST,0x3e4b5fa3fe3fdb48f0865b2088e3beafe915eb63,ADDRESS,SANCTIONED_ENTITY,CU-ENT-0061,,ACTIVE,,,CU-INC-0006,,CU-TRG-0056,,CU-IMP-3453,2026-07-01,ONCHAIN_SCAN,HIGH,,Circle
CU-ACT-3454,2026-07-01,BLACKLIST,0x31424423746e69795da87d93bef987cc9aebe8d6,ADDRESS,SANCTIONED_ENTITY,CU-ENT-0061,,ACTIVE,,,CU-INC-0006,,CU-TRG-0056,,CU-IMP-3454,2026-07-01,ONCHAIN_SCAN,HIGH,,Circle
CU-ACT-3455,2026-07-01,BLACKLIST,0x7077f6f05c0c435bde0d145613425fc17ce10a5a,ADDRESS,SANCTIONED_ENTITY,CU-ENT-0061,,ACTIVE,,,CU-INC-0006,,CU-TRG-0056,,CU-IMP-3455,2026-07-01,ONCHAIN_SCAN,HIGH,,Circle
CU-ACT-3456,2026-07-01,BLACKLIST,0x2d0d0dcf83adde53fcde96af5fbcd1367944a2d8,ADDRESS,SANCTIONED_ENTITY,CU-ENT-0061,,ACTIVE,,,CU-INC-0006,,CU-TRG-0056,,CU-IMP-3456,2026-07-01,ONCHAIN_SCAN,HIGH,,Circle
CU-ACT-3457,2026-07-01,BLACKLIST,0x701f00ebbcd4c09d6a7a9f89023cbf400c318504,ADDRESS,SANCTIONED_ENTITY,CU-ENT-0061,,ACTIVE,,,CU-INC-0006,,CU-TRG-0056,,CU-IMP-3457,2026-07-01,ONCHAIN_SCAN,HIGH,,Circle
CU-ACT-3458,2026-07-01,BLACKLIST,0x01ab57e94386817f1d3d3549c2e3ad5d2622de2b,ADDRESS,SANCTIONED_ENTITY,CU-ENT-0061,,ACTIVE,,,CU-INC-0006,,CU-TRG-0056,,CU-IMP-3458,2026-07-01,ONCHAIN_SCAN,HIGH,,Circle
CU-ACT-3459,2026-07-01,BLACKLIST,0xf0eaf0fa72283fb86ebd5d462cc5c7e97d640308,ADDRESS,SANCTIONED_ENTITY,CU-ENT-0061,,ACTIVE,,,CU-INC-0006,,CU-TRG-0056,,CU-IMP-3459,2026-07-01,ONCHAIN_SCAN,HIGH,,Circle
CU-ACT-3460,2026-07-01,BLACKLIST,0xa38ffbe2722007f682e4985420acfce172c8b421,ADDRESS,SANCTIONED_ENTITY,CU-ENT-0061,,ACTIVE,,,CU-INC-0006,,CU-TRG-0056,,CU-IMP-3460,2026-07-01,ONCHAIN_SCAN,HIGH,,Circle
CU-ACT-3461,2026-07-01,BLACKLIST,0xaa678643e6c27b8508d91bf152b581b94b8c6cbf,ADDRESS,SANCTIONED_ENTITY,CU-ENT-0061,,ACTIVE,,,CU-INC-0006,,CU-TRG-0056,,CU-IMP-3461,2026-07-01,ONCHAIN_SCAN,HIGH,,Circle
CU-ACT-3462,2026-07-01,BLACKLIST,0xae1174ea8e2ce28b7db322f675be24507a37aabd,ADDRESS,SANCTIONED_ENTITY,CU-ENT-0061,,ACTIVE,,,CU-INC-0006,,CU-TRG-0056,,CU-IMP-3462,2026-07-01,ONCHAIN_SCAN,HIGH,,Circle
CU-ACT-3463,2026-07-01,BLACKLIST,0xcc0bf752565564606f37c647249da56838671a7d,ADDRESS,SANCTIONED_ENTITY,CU-ENT-0061,,ACTIVE,,,CU-INC-0006,,CU-TRG-0056,,CU-IMP-3463,2026-07-01,ONCHAIN_SCAN,HIGH,,Circle
CU-ACT-3464,2026-07-01,BLACKLIST,0x1796486b359f2084f9e1585a491545d38d6db391,ADDRESS,SANCTIONED_ENTITY,CU-ENT-0061,,ACTIVE,,,CU-INC-0006,,CU-TRG-0056,,CU-IMP-3464,2026-07-01,ONCHAIN_SCAN,HIGH,,Circle
CU-ACT-3465,2026-07-01,BLACKLIST,0xcc8b73b5a7b3c88478c1a3d0eb34c7c5dc9f686f,ADDRESS,SANCTIONED_ENTITY,CU-ENT-0061,,ACTIVE,,,CU-INC-0006,,CU-TRG-0056,,CU-IMP-3465,2026-07-01,ONCHAIN_SCAN,HIGH,,Circle
CU-ACT-3466,2026-07-01,BLACKLIST,0xd5f14e80acaf51d5970eba2851685b32f5a97e00,ADDRESS,SANCTIONED_ENTITY,CU-ENT-0061,,ACTIVE,,,CU-INC-0006,,CU-TRG-0056,,CU-IMP-3466,2026-07-01,ONCHAIN_SCAN,HIGH,,Circle
CU-ACT-3467,2026-07-01,BLACKLIST,0x12964e45547b54b00faab3f8babc22ff7fe45609,ADDRESS,SANCTIONED_ENTITY,CU-ENT-0061,,ACTIVE,,,CU-INC-0006,,CU-TRG-0056,,CU-IMP-3467,2026-07-01,ONCHAIN_SCAN,HIGH,,Circle
CU-ACT-3468,2026-07-01,BLACKLIST,0xcc794fdec285f2b5461b6b2aee7d0511cde8cda7,ADDRESS,SANCTIONED_ENTITY,CU-ENT-0061,,ACTIVE,,,CU-INC-0006,,CU-TRG-0056,,CU-IMP-3468,2026-07-01,ONCHAIN_SCAN,HIGH,,Circle
CU-ACT-3469,2026-07-01,BLACKLIST,0x93e7a8bfd6c1f4af81db2ae9ea6b02e69a6da2bf,ADDRESS,SANCTIONED_ENTITY,CU-ENT-0061,,ACTIVE,,,CU-INC-0006,,CU-TRG-0056,,CU-IMP-3469,2026-07-01,ONCHAIN_SCAN,HIGH,,Circle
CU-ACT-3470,2026-07-01,BLACKLIST,0x8711522cdb2f89df2d99dea0c1cb68ce2ee3016a,ADDRESS,SANCTIONED_ENTITY,CU-ENT-0061,,ACTIVE,,,CU-INC-0006,,CU-TRG-0056,,CU-IMP-3470,2026-07-01,ONCHAIN_SCAN,HIGH,,Circle
CU-ACT-3471,2026-07-01,BLACKLIST,0x8eec746c6fc6dda84f44c82ca94818281c23e1f1,ADDRESS,SANCTIONED_ENTITY,CU-ENT-0061,,ACTIVE,,,CU-INC-0006,,CU-TRG-0056,,CU-IMP-3471,2026-07-01,ONCHAIN_SCAN,HIGH,,Circle
CU-ACT-3472,2026-07-01,BLACKLIST,0x81c483bf9bcdc0a31864ae7c1762425b67c2c467,ADDRESS,SANCTIONED_ENTITY,CU-ENT-0061,,ACTIVE,,,CU-INC-0006,,CU-TRG-0056,,CU-IMP-3472,2026-07-01,ONCHAIN_SCAN,HIGH,,Circle
CU-ACT-3473,2026-07-01,BLACKLIST,0xeb3c18a88bd40c776cdf6c3986edbc39f30a731d,ADDRESS,SANCTIONED_ENTITY,CU-ENT-0061,,ACTIVE,,,CU-INC-0006,,CU-TRG-0056,,CU-IMP-3473,2026-07-01,ONCHAIN_SCAN,HIGH,,Circle
CU-ACT-3474,2026-07-01,BLACKLIST,0xc4244fe10b9365766efa5a4f0baa124a750c8b4f,ADDRESS,SANCTIONED_ENTITY,CU-ENT-0061,,ACTIVE,,,CU-INC-0006,,CU-TRG-0056,,CU-IMP-3474,2026-07-01,ONCHAIN_SCAN,HIGH,,Circle
CU-ACT-3475,2026-07-01,BLACKLIST,0x1ed13e7c465a3850f8f9e0b503587ba514017536,ADDRESS,SANCTIONED_ENTITY,CU-ENT-0061,,ACTIVE,,,CU-INC-0006,,CU-TRG-0056,,CU-IMP-3475,2026-07-01,ONCHAIN_SCAN,HIGH,,Circle
CU-ACT-3476,2026-07-01,BLACKLIST,0x410450013674ad6e67c8c0c0d4cf71656cf1e4b4,ADDRESS,SANCTIONED_ENTITY,CU-ENT-0061,,ACTIVE,,,CU-INC-0006,,CU-TRG-0056,,CU-IMP-3476,2026-07-01,ONCHAIN_SCAN,HIGH,,Circle
CU-ACT-3477,2026-07-01,BLACKLIST,0x3beaf4486e9c6a4feae23ed9296844588a61604c,ADDRESS,SANCTIONED_ENTITY,CU-ENT-0061,,ACTIVE,,,CU-INC-0006,,CU-TRG-0056,,CU-IMP-3477,2026-07-01,ONCHAIN_SCAN,HIGH,,Circle
CU-ACT-3478,2026-07-01,BLACKLIST,0xee366d650af5599f86289109ffb37ff0a2178b2f,ADDRESS,SANCTIONED_ENTITY,CU-ENT-0061,,ACTIVE,,,CU-INC-0006,,CU-TRG-0056,,CU-IMP-3478,2026-07-01,ONCHAIN_SCAN,HIGH,,Circle
CU-ACT-3479,2026-07-01,BLACKLIST,0x994aa9e584fdbe4df7934db56941fc19e70bb336,ADDRESS,SANCTIONED_ENTITY,CU-ENT-0061,,ACTIVE,,,CU-INC-0006,,CU-TRG-0056,,CU-IMP-3479,2026-07-01,ONCHAIN_SCAN,HIGH,,Circle
CU-ACT-3480,2026-07-01,BLACKLIST,0x8d7e10e5fa9ce28f5a7f49760b59f5ad992bddce,ADDRESS,SANCTIONED_ENTITY,CU-ENT-0061,,ACTIVE,,,CU-INC-0006,,CU-TRG-0056,,CU-IMP-3480,2026-07-01,ONCHAIN_SCAN,HIGH,,Circle
CU-ACT-3481,2026-07-01,BLACKLIST,0xc868071a9602dd0c8e8f277432c742fdac78442b,ADDRESS,SANCTIONED_ENTITY,CU-ENT-0061,,ACTIVE,,,CU-INC-0006,,CU-TRG-0056,,CU-IMP-3481,2026-07-01,ONCHAIN_SCAN,HIGH,,Circle
CU-ACT-3482,2026-07-01,BLACKLIST,0x26f4376ef74562f92876577e86b0bbb4fc05cdd6,ADDRESS,SANCTIONED_ENTITY,CU-ENT-0061,,ACTIVE,,,CU-INC-0006,,CU-TRG-0056,,CU-IMP-3482,2026-07-01,ONCHAIN_SCAN,HIGH,,Circle
CU-ACT-3483,2026-07-01,BLACKLIST,0x912b64c34d4c048c403d588df0fdae3b9b93b543,ADDRESS,SANCTIONED_ENTITY,CU-ENT-0061,,ACTIVE,,,CU-INC-0006,,CU-TRG-0056,,CU-IMP-3483,2026-07-01,ONCHAIN_SCAN,HIGH,,Circle
CU-ACT-3484,2026-07-01,BLACKLIST,0x4069dffc23210e939075300d5e50161d0cf868c7,ADDRESS,SANCTIONED_ENTITY,CU-ENT-0061,,ACTIVE,,,CU-INC-0006,,CU-TRG-0056,,CU-IMP-3484,2026-07-01,ONCHAIN_SCAN,HIGH,,Circle
CU-ACT-3485,2026-07-01,BLACKLIST,0x3ec58d2b0bce77282f2e415ac6596dc3f626f436,ADDRESS,SANCTIONED_ENTITY,CU-ENT-0061,,ACTIVE,,,CU-INC-0006,,CU-TRG-0056,,CU-IMP-3485,2026-07-01,ONCHAIN_SCAN,HIGH,,Circle
CU-ACT-3486,2026-07-01,BLACKLIST,0x5168da75329bca67a2c75642b7cab4f14482cb9d,ADDRESS,SANCTIONED_ENTITY,CU-ENT-0061,,ACTIVE,,,CU-INC-0006,,CU-TRG-0056,,CU-IMP-3486,2026-07-01,ONCHAIN_SCAN,HIGH,,Circle
CU-ACT-3487,2026-07-01,BLACKLIST,0x2d20b1d77f2f663f7fe745f8493d6744683544b8,ADDRESS,SANCTIONED_ENTITY,CU-ENT-0061,,ACTIVE,,,CU-INC-0006,,CU-TRG-0056,,CU-IMP-3487,2026-07-01,ONCHAIN_SCAN,HIGH,,Circle
CU-ACT-3488,2026-07-01,BLACKLIST,0x13c9c13507282550061c367f8f10527df835afc5,ADDRESS,SANCTIONED_ENTITY,CU-ENT-0061,,ACTIVE,,,CU-INC-0006,,CU-TRG-0056,,CU-IMP-3488,2026-07-01,ONCHAIN_SCAN,HIGH,,Circle
CU-ACT-3489,2026-07-01,BLACKLIST,0xab1a8d5e41dc0223973dbdfd1de14e3d567d81fb,ADDRESS,SANCTIONED_ENTITY,CU-ENT-0061,,ACTIVE,,,CU-INC-0006,,CU-TRG-0056,,CU-IMP-3489,2026-07-01,ONCHAIN_SCAN,HIGH,,Circle
CU-ACT-3490,2026-07-01,BLACKLIST,0x91f7a5a79c0c660744496dd498a1601bfe670494,ADDRESS,SANCTIONED_ENTITY,CU-ENT-0061,,ACTIVE,,,CU-INC-0006,,CU-TRG-0056,,CU-IMP-3490,2026-07-01,ONCHAIN_SCAN,HIGH,,Circle
CU-ACT-3491,2026-07-01,BLACKLIST,0x82def3990129e73531ad7a737ba54c76d34e507d,ADDRESS,SANCTIONED_ENTITY,CU-ENT-0061,,ACTIVE,,,CU-INC-0006,,CU-TRG-0056,,CU-IMP-3491,2026-07-01,ONCHAIN_SCAN,HIGH,,Circle
CU-ACT-3492,2026-07-01,BLACKLIST,0x70d6292f5b971c82fb6587a3cd740f64e98009c3,ADDRESS,SANCTIONED_ENTITY,CU-ENT-0061,,ACTIVE,,,CU-INC-0006,,CU-TRG-0056,,CU-IMP-3492,2026-07-01,ONCHAIN_SCAN,HIGH,,Circle
CU-ACT-3493,2026-07-13,BLACKLIST,0x1d19b52b54e7ef5ea1a4b40b616165e798eac9f8,ADDRESS,SANCTIONED_ENTITY,CU-ENT-0065,,ACTIVE,,,,,CU-TRG-0058,,CU-IMP-3493,2026-07-13,ONCHAIN_SCAN,HIGH,,Circle
CU-ACT-3494,2026-07-13,BLACKLIST,0x2c7dcd774b33e10367f7d6385479e04f97d179dc,ADDRESS,SANCTIONED_ENTITY,CU-ENT-0065,,ACTIVE,,,,,CU-TRG-0058,,CU-IMP-3494,2026-07-13,ONCHAIN_SCAN,HIGH,,Circle
CU-ACT-3495,2026-07-13,BLACKLIST,0xcfbb0c9a2a99777b46211b380869f82cf20a635e,ADDRESS,SANCTIONED_ENTITY,CU-ENT-0064,,ACTIVE,,,,,CU-TRG-0058,,CU-IMP-3495,2026-07-13,ONCHAIN_SCAN,HIGH,,Circle
CU-ACT-3496,2026-07-13,BLACKLIST,0x2711d73d559f62f4f855ee21f38378f528e07985,ADDRESS,SANCTIONED_ENTITY,CU-ENT-0064,,ACTIVE,,,,,CU-TRG-0058,,CU-IMP-3496,2026-07-13,ONCHAIN_SCAN,HIGH,,Circle
CU-ACT-3497,2026-07-13,BLACKLIST,0xbe7d33a802487f0b51e0191dc0c3772fa11a8f70,ADDRESS,SANCTIONED_ENTITY,CU-ENT-0065,,ACTIVE,,,,,CU-TRG-0058,,CU-IMP-3497,2026-07-13,ONCHAIN_SCAN,HIGH,,Circle
CU-ACT-3498,2026-07-13,BLACKLIST,0x0e0d1899d3a6a9362bc215f1c5a9acaccb0de882,ADDRESS,SANCTIONED_ENTITY,CU-ENT-0065,,ACTIVE,,,,,CU-TRG-0058,,CU-IMP-3498,2026-07-13,ONCHAIN_SCAN,HIGH,,Circle
CU-ACT-3499,2026-07-14,BLACKLIST,0x08151bd98c00015de698408de9405aa62115b5ee,ADDRESS,SANCTIONED_ENTITY,CU-ENT-0071,,ACTIVE,,,,,CU-TRG-0063,,CU-IMP-3499,2026-07-14,ONCHAIN_SCAN,HIGH,,Circle
CU-ACT-3500,2026-07-14,BLACKLIST,0x3ba6174651e3a0c3c6a7d42a75e6e00b039304d1,ADDRESS,SANCTIONED_ENTITY,CU-ENT-0071,,ACTIVE,,,,,CU-TRG-0063,,CU-IMP-3500,2026-07-14,ONCHAIN_SCAN,HIGH,,Circle
CU-ACT-3501,2026-07-14,BLACKLIST,0x5f077e9b16f30b9ecfaf5dc09294dcc98b8d395a,ADDRESS,SANCTIONED_ENTITY,CU-ENT-0071,,ACTIVE,,,,,CU-TRG-0063,,CU-IMP-3501,2026-07-14,ONCHAIN_SCAN,HIGH,,Circle
CU-ACT-3502,2026-07-14,BLACKLIST,0xe995da05f4e51871d5d2ef8496536a052138bc6a,ADDRESS,SANCTIONED_ENTITY,CU-ENT-0071,,ACTIVE,,,,,CU-TRG-0063,,CU-IMP-3502,2026-07-14,ONCHAIN_SCAN,HIGH,,Circle
CU-ACT-3503,2026-07-23,BLACKLIST,0x07f57fafbd3055737c778184cdb7b30c65fb7a6e,ADDRESS,SANCTIONED_ENTITY,CU-ENT-0070,,ACTIVE,,,,,CU-TRG-0061,,CU-IMP-3503,2026-07-23,ONCHAIN_SCAN,HIGH,,Circle
CU-ACT-3504,2026-07-23,BLACKLIST,0x4b6d60a69a1386992e18f89241d183429ebc3a56,ADDRESS,SANCTIONED_ENTITY,CU-ENT-0070,,ACTIVE,,,,,CU-TRG-0061,,CU-IMP-3504,2026-07-23,ONCHAIN_SCAN,HIGH,,Circle
CU-ACT-3505,2026-07-23,BLACKLIST,0x506d8d7c56a06723a52fde594638eeda23461d15,ADDRESS,SANCTIONED_ENTITY,CU-ENT-0070,,ACTIVE,,,,,CU-TRG-0061,,CU-IMP-3505,2026-07-23,ONCHAIN_SCAN,HIGH,,Circle
CU-ACT-3506,2026-07-23,BLACKLIST,0x76c7c4ff99ab9791d4e358e33a3f51c2c5d3ac8e,ADDRESS,SANCTIONED_ENTITY,CU-ENT-0070,,ACTIVE,,,,,CU-TRG-0061,,CU-IMP-3506,2026-07-23,ONCHAIN_SCAN,HIGH,,Circle
CU-ACT-3507,2026-07-23,BLACKLIST,0x99929eed7638ac0f031a5d925409741f86f98be6,ADDRESS,SANCTIONED_ENTITY,CU-ENT-0070,,ACTIVE,,,,,CU-TRG-0061,,CU-IMP-3507,2026-07-23,ONCHAIN_SCAN,HIGH,,Circle
CU-ACT-3508,2026-07-23,BLACKLIST,0xd838b11133085016bc31ca78571067b0d77dc290,ADDRESS,SANCTIONED_ENTITY,CU-ENT-0070,,ACTIVE,,,,,CU-TRG-0061,,CU-IMP-3508,2026-07-23,ONCHAIN_SCAN,HIGH,,Circle
CU-ACT-3509,2026-07-23,BLACKLIST,0xb690e524695f909e7dac090ff30b1fcfe557f597,ADDRESS,SANCTIONED_ENTITY,CU-ENT-0070,,ACTIVE,,,,,CU-TRG-0061,,CU-IMP-3509,2026-07-23,ONCHAIN_SCAN,HIGH,,Circle
CU-ACT-3510,2026-07-29,BLACKLIST,0x0ede564e315f8e1803161a22e8404c624c35b1fb,ADDRESS,SANCTIONED_ENTITY,CU-ENT-0073,,ACTIVE,,,,,CU-TRG-0065,,CU-IMP-3510,2026-03-26,ONCHAIN_SCAN,HIGH,,Circle
CU-ACT-3511,2026-07-29,BLACKLIST,0xdca63d36e326fdcde1c6403ff3edf5d8ba7699ad,ADDRESS,SANCTIONED_ENTITY,CU-ENT-0073,,ACTIVE,,,,,CU-TRG-0065,,CU-IMP-3511,2026-03-26,ONCHAIN_SCAN,HIGH,,Circle
CU-ACT-3512,2026-08-07,BLACKLIST,0x6b69e2a7545c166417a80c61a77562052bffa9c5,ADDRESS,SANCTIONED_ENTITY,CU-ENT-0068,,ACTIVE,,,,,CU-TRG-0059,,CU-IMP-3512,2026-08-07,ONCHAIN_SCAN,HIGH,,Circle
CU-ACT-3513,2026-08-07,BLACKLIST,0x8d79c73daae8630c88de372ba8f57592fa987607,ADDRESS,SANCTIONED_ENTITY,CU-ENT-0067,,ACTIVE,,,,,CU-TRG-0059,,CU-IMP-3513,2026-08-07,ONCHAIN_SCAN,HIGH,,Circle
CU-ACT-3514,2026-08-07,BLACKLIST,0x967f32c544b6547f366123927d6dc0a3c6dcdfb9,ADDRESS,SANCTIONED_ENTITY,CU-ENT-0067,,ACTIVE,,,,,CU-TRG-0059,,CU-IMP-3514,2026-08-07,ONCHAIN_SCAN,HIGH,,Circle
CU-ACT-3515,2026-08-07,BLACKLIST,0xc02b8bcd6cea7162274b939410d466b755553175,ADDRESS,SANCTIONED_ENTITY,CU-ENT-0066,,ACTIVE,,,,,CU-TRG-0059,,CU-IMP-3515,2026-08-07,ONCHAIN_SCAN,HIGH,,Circle
CU-ACT-3516,2026-08-07,BLACKLIST,0xbb69e01921b17cd22080968bcc96ba6115da6062,ADDRESS,SANCTIONED_ENTITY,CU-ENT-0066,,ACTIVE,,,,,CU-TRG-0059,,CU-IMP-3516,2026-08-07,ONCHAIN_SCAN,HIGH,,Circle
CU-ACT-3517,2026-08-07,BLACKLIST,0xe05f529f5284d75624eba386cb716928c3b54a2a,ADDRESS,SANCTIONED_ENTITY,CU-ENT-0068,,ACTIVE,,,,,CU-TRG-0059,,CU-IMP-3517,2026-08-07,ONCHAIN_SCAN,HIGH,,Circle
CU-ACT-3518,2026-08-07,BLACKLIST,0xeaac716a919f3a032a7e5f4d803c799569c32bd4,ADDRESS,SANCTIONED_ENTITY,CU-ENT-0068,,ACTIVE,,,,,CU-TRG-0059,,CU-IMP-3518,2026-08-07,ONCHAIN_SCAN,HIGH,,Circle
CU-ACT-3519,2026-04-24,BLACKLIST,0x8be1904f7e8d196ef670835e2893be5f75c1e63e,ADDRESS,SANCTIONED_ENTITY,CU-ENT-0071,,ACTIVE,,,,,CU-TRG-0062,,CU-IMP-3519,2026-04-24,ONCHAIN_SCAN,HIGH,,Circle
CU-ACT-3520,2026-04-24,BLACKLIST,0xc29c4df7111a39030a037a3abc8dc68c8d1d8ceb,ADDRESS,SANCTIONED_ENTITY,CU-ENT-0071,,ACTIVE,,,,,CU-TRG-0062,,CU-IMP-3520,2026-04-24,ONCHAIN_SCAN,HIGH,,Circle
CU-ACT-3521,2026-05-20,BLACKLIST,0x038989cbb1710c72b9920dc4fa529158f463e72c,ADDRESS,SANCTIONED_ENTITY,CU-ENT-0062,,ACTIVE,,,,,CU-TRG-0057,,CU-IMP-3521,2026-05-20,ONCHAIN_SCAN,HIGH,,Circle
CU-ACT-3522,2026-05-20,BLACKLIST,0x14779cec0b117d5194c750c55ea1f42086631964,ADDRESS,SANCTIONED_ENTITY,CU-ENT-0062,,ACTIVE,,,,,CU-TRG-0057,,CU-IMP-3522,2026-05-20,ONCHAIN_SCAN,HIGH,,Circle
CU-ACT-3523,2026-05-20,BLACKLIST,0x32da24ca413f3e7b53145d4737e172c3bdf81e3e,ADDRESS,SANCTIONED_ENTITY,CU-ENT-0062,,ACTIVE,,,,,CU-TRG-0057,,CU-IMP-3523,2026-05-20,ONCHAIN_SCAN,HIGH,,Circle
CU-ACT-3524,2026-05-20,BLACKLIST,0x4f428c11dc82388fa5136d636e613ad923eb700b,ADDRESS,SANCTIONED_ENTITY,CU-ENT-0062,,ACTIVE,,,,,CU-TRG-0057,,CU-IMP-3524,2026-05-20,ONCHAIN_SCAN,HIGH,,Circle
CU-ACT-3525,2026-05-20,BLACKLIST,0xac4cc4b68ea24bbfaac8fd127b67ed445accce22,ADDRESS,SANCTIONED_ENTITY,CU-ENT-0063,,ACTIVE,,,,,CU-TRG-0057,,CU-IMP-3525,2026-05-20,ONCHAIN_SCAN,HIGH,,Circle
CU-ACT-3526,2026-05-20,BLACKLIST,0xf2235d55b2950a0b1317469d72d07ae65b2e27cb,ADDRESS,SANCTIONED_ENTITY,CU-ENT-0062,,ACTIVE,,,,,CU-TRG-0057,,CU-IMP-3526,2026-05-20,ONCHAIN_SCAN,HIGH,,Circle
CU-ACT-3527,2026-05-26,BLACKLIST,0x61427bf615ef615cae4314ca4fe16d5142217443,ADDRESS,SANCTIONED_ENTITY,CU-ENT-0072,,ACTIVE,,,,,CU-TRG-0064,,CU-IMP-3527,2026-05-26,ONCHAIN_SCAN,HIGH,,Circle
CU-ACT-3528,2026-05-26,BLACKLIST,0xd6ff9ba2aa8a3afd1e3d4a133449b9142ce52df5,ADDRESS,SANCTIONED_ENTITY,CU-ENT-0072,,ACTIVE,,,,,CU-TRG-0064,,CU-IMP-3528,2026-05-26,ONCHAIN_SCAN,HIGH,,Circle
CU-ACT-3529,2026-05-26,BLACKLIST,0x1ac8d4e4d1418a66f5891de2519693c797a2683b,ADDRESS,SANCTIONED_ENTITY,CU-ENT-0072,,ACTIVE,,,,,CU-TRG-0064,,CU-IMP-3529,2026-05-26,ONCHAIN_SCAN,HIGH,,Circle
CU-ACT-3530,2026-06-22,BLACKLIST,0x110cb5c5089fc35ba0deb718a291dd64f6d1bec8,ADDRESS,SANCTIONED_ENTITY,CU-ENT-0069,,ACTIVE,,,,,CU-TRG-0060,,CU-IMP-3530,2026-06-22,ONCHAIN_SCAN,HIGH,,Circle
CU-ACT-3531,2026-06-22,BLACKLIST,0x2408302c960af24d6df5dee325b59ac59b2e55ce,ADDRESS,SANCTIONED_ENTITY,CU-ENT-0069,,ACTIVE,,,,,CU-TRG-0060,,CU-IMP-3531,2026-06-22,ONCHAIN_SCAN,HIGH,,Circle
CU-ACT-3532,2026-07-01,BLACKLIST,0xce9f3bc87000393f625088ed40280a74682396cf,ADDRESS,SANCTIONED_ENTITY,CU-ENT-0061,,ACTIVE,,,CU-INC-0006,,CU-TRG-0056,,CU-IMP-3532,2026-07-01,ONCHAIN_SCAN,HIGH,,Circle
CU-ACT-3533,2026-07-01,BLACKLIST,0x1508e3c339f9e916595bfa6ea169aee265acf90c,ADDRESS,SANCTIONED_ENTITY,CU-ENT-0061,,ACTIVE,,,CU-INC-0006,,CU-TRG-0056,,CU-IMP-3533,2026-07-01,ONCHAIN_SCAN,HIGH,,Circle
CU-ACT-3534,2026-07-01,BLACKLIST,0xc44b0630645bdf681c775df334cbd7530da813fa,ADDRESS,SANCTIONED_ENTITY,CU-ENT-0061,,ACTIVE,,,CU-INC-0006,,CU-TRG-0056,,CU-IMP-3534,2026-07-01,ONCHAIN_SCAN,HIGH,,Circle
CU-ACT-3535,2026-07-01,BLACKLIST,0x0eaea039d805c9600de19d5a9aa6daf4d51979ed,ADDRESS,SANCTIONED_ENTITY,CU-ENT-0061,,ACTIVE,,,CU-INC-0006,,CU-TRG-0056,,CU-IMP-3535,2026-07-01,ONCHAIN_SCAN,HIGH,,Circle
CU-ACT-3536,2026-07-01,BLACKLIST,0xda916a1c12989829fb02a0241a7e70b5a1a4e905,ADDRESS,SANCTIONED_ENTITY,CU-ENT-0061,,ACTIVE,,,CU-INC-0006,,CU-TRG-0056,,CU-IMP-3536,2026-07-01,ONCHAIN_SCAN,HIGH,,Circle
CU-ACT-3537,2026-07-01,BLACKLIST,0x1f6aa4cd73fe9faf58727800b075d43caa106d46,ADDRESS,SANCTIONED_ENTITY,CU-ENT-0061,,ACTIVE,,,CU-INC-0006,,CU-TRG-0056,,CU-IMP-3537,2026-07-01,ONCHAIN_SCAN,HIGH,,Circle
CU-ACT-3538,2026-07-01,BLACKLIST,0x9b571ef4731f0c8539a629cc4c44fa4fd280c10d,ADDRESS,SANCTIONED_ENTITY,CU-ENT-0061,,ACTIVE,,,CU-INC-0006,,CU-TRG-0056,,CU-IMP-3538,2026-07-01,ONCHAIN_SCAN,HIGH,,Circle
CU-ACT-3539,2026-07-01,BLACKLIST,0xd67bb799b7d2dded7dd85802c5a6affec1108b94,ADDRESS,SANCTIONED_ENTITY,CU-ENT-0061,,ACTIVE,,,CU-INC-0006,,CU-TRG-0056,,CU-IMP-3539,2026-07-01,ONCHAIN_SCAN,HIGH,,Circle
CU-ACT-3540,2026-07-01,BLACKLIST,0xb654159bc14f208000ec9e0ad287b321c7a3bf5c,ADDRESS,SANCTIONED_ENTITY,CU-ENT-0061,,ACTIVE,,,CU-INC-0006,,CU-TRG-0056,,CU-IMP-3540,2026-07-01,ONCHAIN_SCAN,HIGH,,Circle
CU-ACT-3541,2026-07-01,BLACKLIST,0xe2b0c8cd5516cf733013712408add325081225ca,ADDRESS,SANCTIONED_ENTITY,CU-ENT-0061,,ACTIVE,,,CU-INC-0006,,CU-TRG-0056,,CU-IMP-3541,2026-07-01,ONCHAIN_SCAN,HIGH,,Circle
CU-ACT-3542,2026-07-01,BLACKLIST,0xe6e1d9098b08fff5f8b3e27a02d4dca8ffcdf0a9,ADDRESS,SANCTIONED_ENTITY,CU-ENT-0061,,ACTIVE,,,CU-INC-0006,,CU-TRG-0056,,CU-IMP-3542,2026-07-01,ONCHAIN_SCAN,HIGH,,Circle
CU-ACT-3543,2026-07-01,BLACKLIST,0xb4a69b8228c1621eb22d9c6f1ef33926616f8218,ADDRESS,SANCTIONED_ENTITY,CU-ENT-0061,,ACTIVE,,,CU-INC-0006,,CU-TRG-0056,,CU-IMP-3543,2026-07-01,ONCHAIN_SCAN,HIGH,,Circle
CU-ACT-3544,2026-07-01,BLACKLIST,0xc73da1e718a4fbd1ce023d412ab34433922fba58,ADDRESS,SANCTIONED_ENTITY,CU-ENT-0061,,ACTIVE,,,CU-INC-0006,,CU-TRG-0056,,CU-IMP-3544,2026-07-01,ONCHAIN_SCAN,HIGH,,Circle
CU-ACT-3545,2026-07-01,BLACKLIST,0xcd211408b46bdbf03abb2eac205a01ceb1d86288,ADDRESS,SANCTIONED_ENTITY,CU-ENT-0061,,ACTIVE,,,CU-INC-0006,,CU-TRG-0056,,CU-IMP-3545,2026-07-01,ONCHAIN_SCAN,HIGH,,Circle
CU-ACT-3546,2026-07-01,BLACKLIST,0x18db649c1400f3dfbbf71b8b99419edcb12a0947,ADDRESS,SANCTIONED_ENTITY,CU-ENT-0061,,ACTIVE,,,CU-INC-0006,,CU-TRG-0056,,CU-IMP-3546,2026-07-01,ONCHAIN_SCAN,HIGH,,Circle
CU-ACT-3547,2026-07-01,BLACKLIST,0x545fd777d462df0acc99a188f2532a962e00df74,ADDRESS,SANCTIONED_ENTITY,CU-ENT-0061,,ACTIVE,,,CU-INC-0006,,CU-TRG-0056,,CU-IMP-3547,2026-07-01,ONCHAIN_SCAN,HIGH,,Circle
CU-ACT-3548,2026-07-01,BLACKLIST,0xd1d1443c710b2f295f72ef3bc8be04a28be3e0db,ADDRESS,SANCTIONED_ENTITY,CU-ENT-0061,,ACTIVE,,,CU-INC-0006,,CU-TRG-0056,,CU-IMP-3548,2026-07-01,ONCHAIN_SCAN,HIGH,,Circle
CU-ACT-3549,2026-07-01,BLACKLIST,0x6ee2a4ab3befdcfcd8c0844e853491f08971d899,ADDRESS,SANCTIONED_ENTITY,CU-ENT-0061,,ACTIVE,,,CU-INC-0006,,CU-TRG-0056,,CU-IMP-3549,2026-07-01,ONCHAIN_SCAN,HIGH,,Circle
CU-ACT-3550,2026-07-01,BLACKLIST,0x203b0053ccb42ca09357dde941d251d888ec1044,ADDRESS,SANCTIONED_ENTITY,CU-ENT-0061,,ACTIVE,,,CU-INC-0006,,CU-TRG-0056,,CU-IMP-3550,2026-07-01,ONCHAIN_SCAN,HIGH,,Circle
CU-ACT-3551,2026-07-01,BLACKLIST,0x1e6983848eca149f9fc68b0a1616a1c4f62945aa,ADDRESS,SANCTIONED_ENTITY,CU-ENT-0061,,ACTIVE,,,CU-INC-0006,,CU-TRG-0056,,CU-IMP-3551,2026-07-01,ONCHAIN_SCAN,HIGH,,Circle
CU-ACT-3552,2026-07-01,BLACKLIST,0x9789e42918dec6442a155fd2ba064d05d6db0ed2,ADDRESS,SANCTIONED_ENTITY,CU-ENT-0061,,ACTIVE,,,CU-INC-0006,,CU-TRG-0056,,CU-IMP-3552,2026-07-01,ONCHAIN_SCAN,HIGH,,Circle
CU-ACT-3553,2026-07-01,BLACKLIST,0xb2880d55b128cfa10cc32411e2311f59500e130b,ADDRESS,SANCTIONED_ENTITY,CU-ENT-0061,,ACTIVE,,,CU-INC-0006,,CU-TRG-0056,,CU-IMP-3553,2026-07-01,ONCHAIN_SCAN,HIGH,,Circle
CU-ACT-3554,2026-07-01,BLACKLIST,0xe9d48628d685e121f48181616c71f88ec4020bf9,ADDRESS,SANCTIONED_ENTITY,CU-ENT-0061,,ACTIVE,,,CU-INC-0006,,CU-TRG-0056,,CU-IMP-3554,2026-07-01,ONCHAIN_SCAN,HIGH,,Circle
CU-ACT-3555,2026-07-01,BLACKLIST,0x2fbe2388dca7d240ebc72617fb2dd5890fea4dd2,ADDRESS,SANCTIONED_ENTITY,CU-ENT-0061,,ACTIVE,,,CU-INC-0006,,CU-TRG-0056,,CU-IMP-3555,2026-07-01,ONCHAIN_SCAN,HIGH,,Circle
CU-ACT-3556,2026-07-01,BLACKLIST,0x84be9d8d09cb26f31bb37771ecb06ebdd91101f9,ADDRESS,SANCTIONED_ENTITY,CU-ENT-0061,,ACTIVE,,,CU-INC-0006,,CU-TRG-0056,,CU-IMP-3556,2026-07-01,ONCHAIN_SCAN,HIGH,,Circle
CU-ACT-3557,2026-07-01,BLACKLIST,0xef7c470bbcdd524c299304627180d6074ccbfdfd,ADDRESS,SANCTIONED_ENTITY,CU-ENT-0061,,ACTIVE,,,CU-INC-0006,,CU-TRG-0056,,CU-IMP-3557,2026-07-01,ONCHAIN_SCAN,HIGH,,Circle
CU-ACT-3558,2026-07-01,BLACKLIST,0xd68022dc9dde9c9e1a613a1fb04a1de5758b563e,ADDRESS,SANCTIONED_ENTITY,CU-ENT-0061,,ACTIVE,,,CU-INC-0006,,CU-TRG-0056,,CU-IMP-3558,2026-07-01,ONCHAIN_SCAN,HIGH,,Circle
CU-ACT-3559,2026-07-01,BLACKLIST,0x35ecfdb165bbc06d2cc19af466465c7ac9c3f7eb,ADDRESS,SANCTIONED_ENTITY,CU-ENT-0061,,ACTIVE,,,CU-INC-0006,,CU-TRG-0056,,CU-IMP-3559,2026-07-01,ONCHAIN_SCAN,HIGH,,Circle
CU-ACT-3560,2026-07-01,BLACKLIST,0x2bbf8e01ef1349da89eb6d423a217582430e6dbc,ADDRESS,SANCTIONED_ENTITY,CU-ENT-0061,,ACTIVE,,,CU-INC-0006,,CU-TRG-0056,,CU-IMP-3560,2026-07-01,ONCHAIN_SCAN,HIGH,,Circle
CU-ACT-3561,2026-07-01,BLACKLIST,0xe5b46834ab6831f5d27c72237da310fef4552911,ADDRESS,SANCTIONED_ENTITY,CU-ENT-0061,,ACTIVE,,,CU-INC-0006,,CU-TRG-0056,,CU-IMP-3561,2026-07-01,ONCHAIN_SCAN,HIGH,,Circle
CU-ACT-3562,2026-07-01,BLACKLIST,0x2277d63319a5d529c0ffecf1d4d93343713d9802,ADDRESS,SANCTIONED_ENTITY,CU-ENT-0061,,ACTIVE,,,CU-INC-0006,,CU-TRG-0056,,CU-IMP-3562,2026-07-01,ONCHAIN_SCAN,HIGH,,Circle
CU-ACT-3563,2026-07-01,BLACKLIST,0xdd6184d750a5610e1094cc5b02a8ec1c7dc14be2,ADDRESS,SANCTIONED_ENTITY,CU-ENT-0061,,ACTIVE,,,CU-INC-0006,,CU-TRG-0056,,CU-IMP-3563,2026-07-01,ONCHAIN_SCAN,HIGH,,Circle
CU-ACT-3564,2026-07-01,BLACKLIST,0x30c7c36cb08138b620bc21611e18264c6a222583,ADDRESS,SANCTIONED_ENTITY,CU-ENT-0061,,ACTIVE,,,CU-INC-0006,,CU-TRG-0056,,CU-IMP-3564,2026-07-01,ONCHAIN_SCAN,HIGH,,Circle
CU-ACT-3565,2026-07-01,BLACKLIST,0xb0fc46592a0795a23df08b2b25e953a5461805fb,ADDRESS,SANCTIONED_ENTITY,CU-ENT-0061,,ACTIVE,,,CU-INC-0006,,CU-TRG-0056,,CU-IMP-3565,2026-07-01,ONCHAIN_SCAN,HIGH,,Circle
CU-ACT-3566,2026-07-01,BLACKLIST,0x97248ad2ee8453b901c646bddc256e4dca165452,ADDRESS,SANCTIONED_ENTITY,CU-ENT-0061,,ACTIVE,,,CU-INC-0006,,CU-TRG-0056,,CU-IMP-3566,2026-07-01,ONCHAIN_SCAN,HIGH,,Circle
CU-ACT-3567,2026-07-01,BLACKLIST,0x160ad9cb8202fe697e5b0991b65032787ce23dff,ADDRESS,SANCTIONED_ENTITY,CU-ENT-0061,,ACTIVE,,,CU-INC-0006,,CU-TRG-0056,,CU-IMP-3567,2026-07-01,ONCHAIN_SCAN,HIGH,,Circle
CU-ACT-3568,2026-07-01,BLACKLIST,0x45e8fcd87cefd8f53a1775c9781f50e8ca7e8b62,ADDRESS,SANCTIONED_ENTITY,CU-ENT-0061,,ACTIVE,,,CU-INC-0006,,CU-TRG-0056,,CU-IMP-3568,2026-07-01,ONCHAIN_SCAN,HIGH,,Circle
CU-ACT-3569,2026-07-01,BLACKLIST,0x8c5a5d9b5bd20cea93295e0f12909d6ebf2f1989,ADDRESS,SANCTIONED_ENTITY,CU-ENT-0061,,ACTIVE,,,CU-INC-0006,,CU-TRG-0056,,CU-IMP-3569,2026-07-01,ONCHAIN_SCAN,HIGH,,Circle
CU-ACT-3570,2026-07-01,BLACKLIST,0xd82ffef8cb4f0f6a56fc2dd275879985307d1d3a,ADDRESS,SANCTIONED_ENTITY,CU-ENT-0061,,ACTIVE,,,CU-INC-0006,,CU-TRG-0056,,CU-IMP-3570,2026-07-01,ONCHAIN_SCAN,HIGH,,Circle
CU-ACT-3571,2026-07-01,BLACKLIST,0xc4b13cf26d06bd15db5b8efe9553710b9aae8acd,ADDRESS,SANCTIONED_ENTITY,CU-ENT-0061,,ACTIVE,,,CU-INC-0006,,CU-TRG-0056,,CU-IMP-3571,2026-07-01,ONCHAIN_SCAN,HIGH,,Circle
CU-ACT-3572,2026-07-01,BLACKLIST,0x00e0c79525c9f846ee27f8ecf3dcfebb3a335dc7,ADDRESS,SANCTIONED_ENTITY,CU-ENT-0061,,ACTIVE,,,CU-INC-0006,,CU-TRG-0056,,CU-IMP-3572,2026-07-01,ONCHAIN_SCAN,HIGH,,Circle
CU-ACT-3573,2026-07-01,BLACKLIST,0x2606d9411d6a4cab5b9e0bbd3cdef05f3f35854e,ADDRESS,SANCTIONED_ENTITY,CU-ENT-0061,,ACTIVE,,,CU-INC-0006,,CU-TRG-0056,,CU-IMP-3573,2026-07-01,ONCHAIN_SCAN,HIGH,,Circle
CU-ACT-3574,2026-07-01,BLACKLIST,0x464da77310220c0c1596f8339129907b16cd896f,ADDRESS,SANCTIONED_ENTITY,CU-ENT-0061,,ACTIVE,,,CU-INC-0006,,CU-TRG-0056,,CU-IMP-3574,2026-07-01,ONCHAIN_SCAN,HIGH,,Circle
CU-ACT-3575,2026-07-01,BLACKLIST,0x0a9f2460bd9357ebc0e24654b83d43d701560500,ADDRESS,SANCTIONED_ENTITY,CU-ENT-0061,,ACTIVE,,,CU-INC-0006,,CU-TRG-0056,,CU-IMP-3575,2026-07-01,ONCHAIN_SCAN,HIGH,,Circle
CU-ACT-3576,2026-07-01,BLACKLIST,0x8960c337bb1bc8618e8c022277ca0d34d26ce06c,ADDRESS,SANCTIONED_ENTITY,CU-ENT-0061,,ACTIVE,,,CU-INC-0006,,CU-TRG-0056,,CU-IMP-3576,2026-07-01,ONCHAIN_SCAN,HIGH,,Circle
CU-ACT-3577,2026-07-01,BLACKLIST,0xf72202e113a400891e8f91e1fec0c1cc9065d735,ADDRESS,SANCTIONED_ENTITY,CU-ENT-0061,,ACTIVE,,,CU-INC-0006,,CU-TRG-0056,,CU-IMP-3577,2026-07-01,ONCHAIN_SCAN,HIGH,,Circle
CU-ACT-3578,2026-07-01,BLACKLIST,0xad5c8f4ba4bb0b94feb63e97bb821f808d44507b,ADDRESS,SANCTIONED_ENTITY,CU-ENT-0061,,ACTIVE,,,CU-INC-0006,,CU-TRG-0056,,CU-IMP-3578,2026-07-01,ONCHAIN_SCAN,HIGH,,Circle
CU-ACT-3579,2026-07-01,BLACKLIST,0x7db839f22e388b5c427ef1ae4f1fe558012904bf,ADDRESS,SANCTIONED_ENTITY,CU-ENT-0061,,ACTIVE,,,CU-INC-0006,,CU-TRG-0056,,CU-IMP-3579,2026-07-01,ONCHAIN_SCAN,HIGH,,Circle
CU-ACT-3580,2026-07-01,BLACKLIST,0x0ede87dc2bf535ebc2682340dfc33cc50363bc2b,ADDRESS,SANCTIONED_ENTITY,CU-ENT-0061,,ACTIVE,,,CU-INC-0006,,CU-TRG-0056,,CU-IMP-3580,2026-07-01,ONCHAIN_SCAN,HIGH,,Circle
CU-ACT-3581,2026-07-01,BLACKLIST,0xe646c85afde30e55d7196612efd37e5b058e9717,ADDRESS,SANCTIONED_ENTITY,CU-ENT-0061,,ACTIVE,,,CU-INC-0006,,CU-TRG-0056,,CU-IMP-3581,2026-07-01,ONCHAIN_SCAN,HIGH,,Circle
CU-ACT-3582,2026-07-01,BLACKLIST,0x75fd59164d2af087af5a90f7e1b7c3d05de93dee,ADDRESS,SANCTIONED_ENTITY,CU-ENT-0061,,ACTIVE,,,CU-INC-0006,,CU-TRG-0056,,CU-IMP-3582,2026-07-01,ONCHAIN_SCAN,HIGH,,Circle
CU-ACT-3583,2026-07-01,BLACKLIST,0x5b05ac96e74161c8edffb7e6368df33b4167583a,ADDRESS,SANCTIONED_ENTITY,CU-ENT-0061,,ACTIVE,,,CU-INC-0006,,CU-TRG-0056,,CU-IMP-3583,2026-07-01,ONCHAIN_SCAN,HIGH,,Circle
CU-ACT-3584,2026-07-01,BLACKLIST,0xf37ffa0e4829aa159af625c48276c4e632f4400c,ADDRESS,SANCTIONED_ENTITY,CU-ENT-0061,,ACTIVE,,,CU-INC-0006,,CU-TRG-0056,,CU-IMP-3584,2026-07-01,ONCHAIN_SCAN,HIGH,,Circle
CU-ACT-3585,2026-07-01,BLACKLIST,0x0b57cde36e6e0c31a10442076dfd03ff8038507d,ADDRESS,SANCTIONED_ENTITY,CU-ENT-0061,,ACTIVE,,,CU-INC-0006,,CU-TRG-0056,,CU-IMP-3585,2026-07-01,ONCHAIN_SCAN,HIGH,,Circle
CU-ACT-3586,2026-07-01,BLACKLIST,0x28facff64babe25658bb4635af41aaa019f9deee,ADDRESS,SANCTIONED_ENTITY,CU-ENT-0061,,ACTIVE,,,CU-INC-0006,,CU-TRG-0056,,CU-IMP-3586,2026-07-01,ONCHAIN_SCAN,HIGH,,Circle
CU-ACT-3587,2026-07-01,BLACKLIST,0x6440312463c98262b0768ac4f8e7232fb58caced,ADDRESS,SANCTIONED_ENTITY,CU-ENT-0061,,ACTIVE,,,CU-INC-0006,,CU-TRG-0056,,CU-IMP-3587,2026-07-01,ONCHAIN_SCAN,HIGH,,Circle
CU-ACT-3588,2026-07-01,BLACKLIST,0x0b1da2038535de65831e81f6fdc40f40b222e2b1,ADDRESS,SANCTIONED_ENTITY,CU-ENT-0061,,ACTIVE,,,CU-INC-0006,,CU-TRG-0056,,CU-IMP-3588,2026-07-01,ONCHAIN_SCAN,HIGH,,Circle
CU-ACT-3589,2026-07-01,BLACKLIST,0xddc63d69ed992e2617d54950a8cea70e2127c412,ADDRESS,SANCTIONED_ENTITY,CU-ENT-0061,,ACTIVE,,,CU-INC-0006,,CU-TRG-0056,,CU-IMP-3589,2026-07-01,ONCHAIN_SCAN,HIGH,,Circle
CU-ACT-3590,2026-07-01,BLACKLIST,0x803a9bd5e917e32bd7bcde526e656254417c5a86,ADDRESS,SANCTIONED_ENTITY,CU-ENT-0061,,ACTIVE,,,CU-INC-0006,,CU-TRG-0056,,CU-IMP-3590,2026-07-01,ONCHAIN_SCAN,HIGH,,Circle
CU-ACT-3591,2026-07-01,BLACKLIST,0xd1b4671abd7c3db9f5d99b98918ebf8cbd41ea33,ADDRESS,SANCTIONED_ENTITY,CU-ENT-0061,,ACTIVE,,,CU-INC-0006,,CU-TRG-0056,,CU-IMP-3591,2026-07-01,ONCHAIN_SCAN,HIGH,,Circle
CU-ACT-3592,2026-07-01,BLACKLIST,0xdd8cf42ff365caebbed4f48190ca79286b0e66c7,ADDRESS,SANCTIONED_ENTITY,CU-ENT-0061,,ACTIVE,,,CU-INC-0006,,CU-TRG-0056,,CU-IMP-3592,2026-07-01,ONCHAIN_SCAN,HIGH,,Circle
CU-ACT-3593,2026-07-01,BLACKLIST,0x1c165affe280c786303cce84f1eda9957de87779,ADDRESS,SANCTIONED_ENTITY,CU-ENT-0061,,ACTIVE,,,CU-INC-0006,,CU-TRG-0056,,CU-IMP-3593,2026-07-01,ONCHAIN_SCAN,HIGH,,Circle
CU-ACT-3594,2026-07-01,BLACKLIST,0x2d415662ce7ddd1e89c4bbf8f527f7e06811248e,ADDRESS,SANCTIONED_ENTITY,CU-ENT-0061,,ACTIVE,,,CU-INC-0006,,CU-TRG-0056,,CU-IMP-3594,2026-07-01,ONCHAIN_SCAN,HIGH,,Circle
CU-ACT-3595,2026-07-01,BLACKLIST,0x2907a4de925af9434bcf176957dcbfeac49afc46,ADDRESS,SANCTIONED_ENTITY,CU-ENT-0061,,ACTIVE,,,CU-INC-0006,,CU-TRG-0056,,CU-IMP-3595,2026-07-01,ONCHAIN_SCAN,HIGH,,Circle
CU-ACT-3596,2026-07-01,BLACKLIST,0x0c1ee706f91a56fc96e2f260c670bd4bf3002696,ADDRESS,SANCTIONED_ENTITY,CU-ENT-0061,,ACTIVE,,,CU-INC-0006,,CU-TRG-0056,,CU-IMP-3596,2026-07-01,ONCHAIN_SCAN,HIGH,,Circle
CU-ACT-3597,2026-07-01,BLACKLIST,0x1b78a412cc1078fd5719a3379085647ca4ba0e5f,ADDRESS,SANCTIONED_ENTITY,CU-ENT-0061,,ACTIVE,,,CU-INC-0006,,CU-TRG-0056,,CU-IMP-3597,2026-07-01,ONCHAIN_SCAN,HIGH,,Circle
CU-ACT-3598,2026-07-01,BLACKLIST,0xb251e1f30c697905287d3e1be1fb0fffc01ce633,ADDRESS,SANCTIONED_ENTITY,CU-ENT-0061,,ACTIVE,,,CU-INC-0006,,CU-TRG-0056,,CU-IMP-3598,2026-07-01,ONCHAIN_SCAN,HIGH,,Circle
CU-ACT-3599,2026-07-01,BLACKLIST,0x68c15054d74c86ffca1e23a3802a27bab1735395,ADDRESS,SANCTIONED_ENTITY,CU-ENT-0061,,ACTIVE,,,CU-INC-0006,,CU-TRG-0056,,CU-IMP-3599,2026-07-01,ONCHAIN_SCAN,HIGH,,Circle
CU-ACT-3600,2026-07-01,BLACKLIST,0xa112c8cb691f58754269ce81c73a9dc92e63159f,ADDRESS,SANCTIONED_ENTITY,CU-ENT-0061,,ACTIVE,,,CU-INC-0006,,CU-TRG-0056,,CU-IMP-3600,2026-07-01,ONCHAIN_SCAN,HIGH,,Circle
CU-ACT-3601,2026-07-01,BLACKLIST,0x12f3acd05ddc70d333ca7e8d9a36513997cfb08f,ADDRESS,SANCTIONED_ENTITY,CU-ENT-0061,,ACTIVE,,,CU-INC-0006,,CU-TRG-0056,,CU-IMP-3601,2026-07-01,ONCHAIN_SCAN,HIGH,,Circle
CU-ACT-3602,2026-07-01,BLACKLIST,0xa570df663c1b522f3dacd6f96320e65f8206ed0d,ADDRESS,SANCTIONED_ENTITY,CU-ENT-0061,,ACTIVE,,,CU-INC-0006,,CU-TRG-0056,,CU-IMP-3602,2026-07-01,ONCHAIN_SCAN,HIGH,,Circle
CU-ACT-3603,2026-07-01,BLACKLIST,0xfbc3ca4a4b808bef72c54b872caa59e5e69c783e,ADDRESS,SANCTIONED_ENTITY,CU-ENT-0061,,ACTIVE,,,CU-INC-0006,,CU-TRG-0056,,CU-IMP-3603,2026-07-01,ONCHAIN_SCAN,HIGH,,Circle
CU-ACT-3604,2026-07-01,BLACKLIST,0x56bf68cd5ad0cafc5e3cb7da826914359592eb62,ADDRESS,SANCTIONED_ENTITY,CU-ENT-0061,,ACTIVE,,,CU-INC-0006,,CU-TRG-0056,,CU-IMP-3604,2026-07-01,ONCHAIN_SCAN,HIGH,,Circle
CU-ACT-3605,2026-07-01,BLACKLIST,0xd086c684646d4eba389c5d97e57d5b2bee3826b7,ADDRESS,SANCTIONED_ENTITY,CU-ENT-0061,,ACTIVE,,,CU-INC-0006,,CU-TRG-0056,,CU-IMP-3605,2026-07-01,ONCHAIN_SCAN,HIGH,,Circle
CU-ACT-3606,2026-07-01,BLACKLIST,0x24545819f879db1a8df28fe0fd7f8ee4b7025977,ADDRESS,SANCTIONED_ENTITY,CU-ENT-0061,,ACTIVE,,,CU-INC-0006,,CU-TRG-0056,,CU-IMP-3606,2026-07-01,ONCHAIN_SCAN,HIGH,,Circle
CU-ACT-3607,2026-07-01,BLACKLIST,0x95bcc8bbd8f91b255baf9ecf54f15e74b9959af2,ADDRESS,SANCTIONED_ENTITY,CU-ENT-0061,,ACTIVE,,,CU-INC-0006,,CU-TRG-0056,,CU-IMP-3607,2026-07-01,ONCHAIN_SCAN,HIGH,,Circle
CU-ACT-3608,2026-07-01,BLACKLIST,0x81d0eac7c2e42b221bd2e5bd5f9ddc0dcc9f6f30,ADDRESS,SANCTIONED_ENTITY,CU-ENT-0061,,ACTIVE,,,CU-INC-0006,,CU-TRG-0056,,CU-IMP-3608,2026-07-01,ONCHAIN_SCAN,HIGH,,Circle
CU-ACT-3609,2026-07-01,BLACKLIST,0x878ebd5e809aca3dc01856d5fa924a405e34dad6,ADDRESS,SANCTIONED_ENTITY,CU-ENT-0061,,ACTIVE,,,CU-INC-0006,,CU-TRG-0056,,CU-IMP-3609,2026-07-01,ONCHAIN_SCAN,HIGH,,Circle
CU-ACT-3610,2026-07-01,BLACKLIST,0x9f4f225d3fa34d498adbfd6898e2b30850859059,ADDRESS,SANCTIONED_ENTITY,CU-ENT-0061,,ACTIVE,,,CU-INC-0006,,CU-TRG-0056,,CU-IMP-3610,2026-07-01,ONCHAIN_SCAN,HIGH,,Circle
CU-ACT-3611,2026-07-01,BLACKLIST,0xe4814881a36d2c543b5acc30a7ee9868b0c810da,ADDRESS,SANCTIONED_ENTITY,CU-ENT-0061,,ACTIVE,,,CU-INC-0006,,CU-TRG-0056,,CU-IMP-3611,2026-07-01,ONCHAIN_SCAN,HIGH,,Circle
CU-ACT-3612,2026-07-01,BLACKLIST,0xa05b377f4ae52727a59bcb7a82d6a20356f6b0b4,ADDRESS,SANCTIONED_ENTITY,CU-ENT-0061,,ACTIVE,,,CU-INC-0006,,CU-TRG-0056,,CU-IMP-3612,2026-07-01,ONCHAIN_SCAN,HIGH,,Circle
CU-ACT-3613,2026-07-01,BLACKLIST,0x2e2983271415c0aa7950277186f10c0676f5cac2,ADDRESS,SANCTIONED_ENTITY,CU-ENT-0061,,ACTIVE,,,CU-INC-0006,,CU-TRG-0056,,CU-IMP-3613,2026-07-01,ONCHAIN_SCAN,HIGH,,Circle
CU-ACT-3614,2026-07-01,BLACKLIST,0x07d28de0bbd45f2ef8f89621f9f504ed72f34d92,ADDRESS,SANCTIONED_ENTITY,CU-ENT-0061,,ACTIVE,,,CU-INC-0006,,CU-TRG-0056,,CU-IMP-3614,2026-07-01,ONCHAIN_SCAN,HIGH,,Circle
CU-ACT-3615,2026-07-01,BLACKLIST,0x26eddc84e46104b944f871c0f3fbd8256197d5ca,ADDRESS,SANCTIONED_ENTITY,CU-ENT-0061,,ACTIVE,,,CU-INC-0006,,CU-TRG-0056,,CU-IMP-3615,2026-07-01,ONCHAIN_SCAN,HIGH,,Circle
CU-ACT-3616,2026-07-01,BLACKLIST,0xd3faecadc1f752234b6079299f570def99976f7c,ADDRESS,SANCTIONED_ENTITY,CU-ENT-0061,,ACTIVE,,,CU-INC-0006,,CU-TRG-0056,,CU-IMP-3616,2026-07-01,ONCHAIN_SCAN,HIGH,,Circle
CU-ACT-3617,2026-07-01,BLACKLIST,0xa38ffbe2722007f682e4985420acfce172c8b421,ADDRESS,SANCTIONED_ENTITY,CU-ENT-0061,,ACTIVE,,,CU-INC-0006,,CU-TRG-0056,,CU-IMP-3617,2026-07-01,ONCHAIN_SCAN,HIGH,,Circle
CU-ACT-3618,2026-07-01,BLACKLIST,0xb79a667da76ba369583ba333c4eb4b005c5b657a,ADDRESS,SANCTIONED_ENTITY,CU-ENT-0061,,ACTIVE,,,CU-INC-0006,,CU-TRG-0056,,CU-IMP-3618,2026-07-01,ONCHAIN_SCAN,HIGH,,Circle
CU-ACT-3619,2026-07-01,BLACKLIST,0x5a43b964288ce2b4b7de0cae544531bf94a8b79f,ADDRESS,SANCTIONED_ENTITY,CU-ENT-0061,,ACTIVE,,,CU-INC-0006,,CU-TRG-0056,,CU-IMP-3619,2026-07-01,ONCHAIN_SCAN,HIGH,,Circle
CU-ACT-3620,2026-07-01,BLACKLIST,0x20e60fa8673fa61d574b42a13ae805c312777241,ADDRESS,SANCTIONED_ENTITY,CU-ENT-0061,,ACTIVE,,,CU-INC-0006,,CU-TRG-0056,,CU-IMP-3620,2026-07-01,ONCHAIN_SCAN,HIGH,,Circle
CU-ACT-3621,2026-07-01,BLACKLIST,0xa6358db3812ce9a11eb8aa2f954e36711ed015f6,ADDRESS,SANCTIONED_ENTITY,CU-ENT-0061,,ACTIVE,,,CU-INC-0006,,CU-TRG-0056,,CU-IMP-3621,2026-07-01,ONCHAIN_SCAN,HIGH,,Circle
CU-ACT-3622,2026-07-01,BLACKLIST,0x31424423746e69795da87d93bef987cc9aebe8d6,ADDRESS,SANCTIONED_ENTITY,CU-ENT-0061,,ACTIVE,,,CU-INC-0006,,CU-TRG-0056,,CU-IMP-3622,2026-07-01,ONCHAIN_SCAN,HIGH,,Circle
CU-ACT-3623,2026-07-01,BLACKLIST,0x3e4b5fa3fe3fdb48f0865b2088e3beafe915eb63,ADDRESS,SANCTIONED_ENTITY,CU-ENT-0061,,ACTIVE,,,CU-INC-0006,,CU-TRG-0056,,CU-IMP-3623,2026-07-01,ONCHAIN_SCAN,HIGH,,Circle
CU-ACT-3624,2026-07-01,BLACKLIST,0x01ab57e94386817f1d3d3549c2e3ad5d2622de2b,ADDRESS,SANCTIONED_ENTITY,CU-ENT-0061,,ACTIVE,,,CU-INC-0006,,CU-TRG-0056,,CU-IMP-3624,2026-07-01,ONCHAIN_SCAN,HIGH,,Circle
CU-ACT-3625,2026-07-01,BLACKLIST,0x12f59283c23ff1b2ad7a8730b6cf41df25435570,ADDRESS,SANCTIONED_ENTITY,CU-ENT-0061,,ACTIVE,,,CU-INC-0006,,CU-TRG-0056,,CU-IMP-3625,2026-07-01,ONCHAIN_SCAN,HIGH,,Circle
CU-ACT-3626,2026-07-01,BLACKLIST,0xf0eaf0fa72283fb86ebd5d462cc5c7e97d640308,ADDRESS,SANCTIONED_ENTITY,CU-ENT-0061,,ACTIVE,,,CU-INC-0006,,CU-TRG-0056,,CU-IMP-3626,2026-07-01,ONCHAIN_SCAN,HIGH,,Circle
CU-ACT-3627,2026-07-01,BLACKLIST,0xcc8b73b5a7b3c88478c1a3d0eb34c7c5dc9f686f,ADDRESS,SANCTIONED_ENTITY,CU-ENT-0061,,ACTIVE,,,CU-INC-0006,,CU-TRG-0056,,CU-IMP-3627,2026-07-01,ONCHAIN_SCAN,HIGH,,Circle
CU-ACT-3628,2026-07-01,BLACKLIST,0x18855af93d521cf39fa8a1342a06562661725420,ADDRESS,SANCTIONED_ENTITY,CU-ENT-0061,,ACTIVE,,,CU-INC-0006,,CU-TRG-0056,,CU-IMP-3628,2026-07-01,ONCHAIN_SCAN,HIGH,,Circle
CU-ACT-3629,2026-07-01,BLACKLIST,0xaa678643e6c27b8508d91bf152b581b94b8c6cbf,ADDRESS,SANCTIONED_ENTITY,CU-ENT-0061,,ACTIVE,,,CU-INC-0006,,CU-TRG-0056,,CU-IMP-3629,2026-07-01,ONCHAIN_SCAN,HIGH,,Circle
CU-ACT-3630,2026-07-01,BLACKLIST,0x2d0d0dcf83adde53fcde96af5fbcd1367944a2d8,ADDRESS,SANCTIONED_ENTITY,CU-ENT-0061,,ACTIVE,,,CU-INC-0006,,CU-TRG-0056,,CU-IMP-3630,2026-07-01,ONCHAIN_SCAN,HIGH,,Circle
CU-ACT-3631,2026-07-01,BLACKLIST,0x701f00ebbcd4c09d6a7a9f89023cbf400c318504,ADDRESS,SANCTIONED_ENTITY,CU-ENT-0061,,ACTIVE,,,CU-INC-0006,,CU-TRG-0056,,CU-IMP-3631,2026-07-01,ONCHAIN_SCAN,HIGH,,Circle
CU-ACT-3632,2026-07-01,BLACKLIST,0x7077f6f05c0c435bde0d145613425fc17ce10a5a,ADDRESS,SANCTIONED_ENTITY,CU-ENT-0061,,ACTIVE,,,CU-INC-0006,,CU-TRG-0056,,CU-IMP-3632,2026-07-01,ONCHAIN_SCAN,HIGH,,Circle
CU-ACT-3633,2026-07-01,BLACKLIST,0xae1174ea8e2ce28b7db322f675be24507a37aabd,ADDRESS,SANCTIONED_ENTITY,CU-ENT-0061,,ACTIVE,,,CU-INC-0006,,CU-TRG-0056,,CU-IMP-3633,2026-07-01,ONCHAIN_SCAN,HIGH,,Circle
CU-ACT-3634,2026-07-01,BLACKLIST,0x8711522cdb2f89df2d99dea0c1cb68ce2ee3016a,ADDRESS,SANCTIONED_ENTITY,CU-ENT-0061,,ACTIVE,,,CU-INC-0006,,CU-TRG-0056,,CU-IMP-3634,2026-07-01,ONCHAIN_SCAN,HIGH,,Circle
CU-ACT-3635,2026-07-01,BLACKLIST,0x1796486b359f2084f9e1585a491545d38d6db391,ADDRESS,SANCTIONED_ENTITY,CU-ENT-0061,,ACTIVE,,,CU-INC-0006,,CU-TRG-0056,,CU-IMP-3635,2026-07-01,ONCHAIN_SCAN,HIGH,,Circle
CU-ACT-3636,2026-07-01,BLACKLIST,0xcc794fdec285f2b5461b6b2aee7d0511cde8cda7,ADDRESS,SANCTIONED_ENTITY,CU-ENT-0061,,ACTIVE,,,CU-INC-0006,,CU-TRG-0056,,CU-IMP-3636,2026-07-01,ONCHAIN_SCAN,HIGH,,Circle
CU-ACT-3637,2026-07-01,BLACKLIST,0x12964e45547b54b00faab3f8babc22ff7fe45609,ADDRESS,SANCTIONED_ENTITY,CU-ENT-0061,,ACTIVE,,,CU-INC-0006,,CU-TRG-0056,,CU-IMP-3637,2026-07-01,ONCHAIN_SCAN,HIGH,,Circle
CU-ACT-3638,2026-07-01,BLACKLIST,0x8eec746c6fc6dda84f44c82ca94818281c23e1f1,ADDRESS,SANCTIONED_ENTITY,CU-ENT-0061,,ACTIVE,,,CU-INC-0006,,CU-TRG-0056,,CU-IMP-3638,2026-07-01,ONCHAIN_SCAN,HIGH,,Circle
CU-ACT-3639,2026-07-01,BLACKLIST,0x410450013674ad6e67c8c0c0d4cf71656cf1e4b4,ADDRESS,SANCTIONED_ENTITY,CU-ENT-0061,,ACTIVE,,,CU-INC-0006,,CU-TRG-0056,,CU-IMP-3639,2026-07-01,ONCHAIN_SCAN,HIGH,,Circle
CU-ACT-3640,2026-07-01,BLACKLIST,0xeb3c18a88bd40c776cdf6c3986edbc39f30a731d,ADDRESS,SANCTIONED_ENTITY,CU-ENT-0061,,ACTIVE,,,CU-INC-0006,,CU-TRG-0056,,CU-IMP-3640,2026-07-01,ONCHAIN_SCAN,HIGH,,Circle
CU-ACT-3641,2026-07-01,BLACKLIST,0x1ed13e7c465a3850f8f9e0b503587ba514017536,ADDRESS,SANCTIONED_ENTITY,CU-ENT-0061,,ACTIVE,,,CU-INC-0006,,CU-TRG-0056,,CU-IMP-3641,2026-07-01,ONCHAIN_SCAN,HIGH,,Circle
CU-ACT-3642,2026-07-01,BLACKLIST,0xcc0bf752565564606f37c647249da56838671a7d,ADDRESS,SANCTIONED_ENTITY,CU-ENT-0061,,ACTIVE,,,CU-INC-0006,,CU-TRG-0056,,CU-IMP-3642,2026-07-01,ONCHAIN_SCAN,HIGH,,Circle
CU-ACT-3643,2026-07-01,BLACKLIST,0x3beaf4486e9c6a4feae23ed9296844588a61604c,ADDRESS,SANCTIONED_ENTITY,CU-ENT-0061,,ACTIVE,,,CU-INC-0006,,CU-TRG-0056,,CU-IMP-3643,2026-07-01,ONCHAIN_SCAN,HIGH,,Circle
CU-ACT-3644,2026-07-01,BLACKLIST,0x93e7a8bfd6c1f4af81db2ae9ea6b02e69a6da2bf,ADDRESS,SANCTIONED_ENTITY,CU-ENT-0061,,ACTIVE,,,CU-INC-0006,,CU-TRG-0056,,CU-IMP-3644,2026-07-01,ONCHAIN_SCAN,HIGH,,Circle
CU-ACT-3645,2026-07-01,BLACKLIST,0xd5f14e80acaf51d5970eba2851685b32f5a97e00,ADDRESS,SANCTIONED_ENTITY,CU-ENT-0061,,ACTIVE,,,CU-INC-0006,,CU-TRG-0056,,CU-IMP-3645,2026-07-01,ONCHAIN_SCAN,HIGH,,Circle
CU-ACT-3646,2026-07-01,BLACKLIST,0xee366d650af5599f86289109ffb37ff0a2178b2f,ADDRESS,SANCTIONED_ENTITY,CU-ENT-0061,,ACTIVE,,,CU-INC-0006,,CU-TRG-0056,,CU-IMP-3646,2026-07-01,ONCHAIN_SCAN,HIGH,,Circle
CU-ACT-3647,2026-07-01,BLACKLIST,0x8d7e10e5fa9ce28f5a7f49760b59f5ad992bddce,ADDRESS,SANCTIONED_ENTITY,CU-ENT-0061,,ACTIVE,,,CU-INC-0006,,CU-TRG-0056,,CU-IMP-3647,2026-07-01,ONCHAIN_SCAN,HIGH,,Circle
CU-ACT-3648,2026-07-01,BLACKLIST,0xc4244fe10b9365766efa5a4f0baa124a750c8b4f,ADDRESS,SANCTIONED_ENTITY,CU-ENT-0061,,ACTIVE,,,CU-INC-0006,,CU-TRG-0056,,CU-IMP-3648,2026-07-01,ONCHAIN_SCAN,HIGH,,Circle
CU-ACT-3649,2026-07-01,BLACKLIST,0x4069dffc23210e939075300d5e50161d0cf868c7,ADDRESS,SANCTIONED_ENTITY,CU-ENT-0061,,ACTIVE,,,CU-INC-0006,,CU-TRG-0056,,CU-IMP-3649,2026-07-01,ONCHAIN_SCAN,HIGH,,Circle
CU-ACT-3650,2026-07-01,BLACKLIST,0x81c483bf9bcdc0a31864ae7c1762425b67c2c467,ADDRESS,SANCTIONED_ENTITY,CU-ENT-0061,,ACTIVE,,,CU-INC-0006,,CU-TRG-0056,,CU-IMP-3650,2026-07-01,ONCHAIN_SCAN,HIGH,,Circle
CU-ACT-3651,2026-07-01,BLACKLIST,0x994aa9e584fdbe4df7934db56941fc19e70bb336,ADDRESS,SANCTIONED_ENTITY,CU-ENT-0061,,ACTIVE,,,CU-INC-0006,,CU-TRG-0056,,CU-IMP-3651,2026-07-01,ONCHAIN_SCAN,HIGH,,Circle
CU-ACT-3652,2026-07-01,BLACKLIST,0xab1a8d5e41dc0223973dbdfd1de14e3d567d81fb,ADDRESS,SANCTIONED_ENTITY,CU-ENT-0061,,ACTIVE,,,CU-INC-0006,,CU-TRG-0056,,CU-IMP-3652,2026-07-01,ONCHAIN_SCAN,HIGH,,Circle
CU-ACT-3653,2026-07-01,BLACKLIST,0x912b64c34d4c048c403d588df0fdae3b9b93b543,ADDRESS,SANCTIONED_ENTITY,CU-ENT-0061,,ACTIVE,,,CU-INC-0006,,CU-TRG-0056,,CU-IMP-3653,2026-07-01,ONCHAIN_SCAN,HIGH,,Circle
CU-ACT-3654,2026-07-01,BLACKLIST,0x26f4376ef74562f92876577e86b0bbb4fc05cdd6,ADDRESS,SANCTIONED_ENTITY,CU-ENT-0061,,ACTIVE,,,CU-INC-0006,,CU-TRG-0056,,CU-IMP-3654,2026-07-01,ONCHAIN_SCAN,HIGH,,Circle
CU-ACT-3655,2026-07-01,BLACKLIST,0xc868071a9602dd0c8e8f277432c742fdac78442b,ADDRESS,SANCTIONED_ENTITY,CU-ENT-0061,,ACTIVE,,,CU-INC-0006,,CU-TRG-0056,,CU-IMP-3655,2026-07-01,ONCHAIN_SCAN,HIGH,,Circle
CU-ACT-3656,2026-07-01,BLACKLIST,0x91f7a5a79c0c660744496dd498a1601bfe670494,ADDRESS,SANCTIONED_ENTITY,CU-ENT-0061,,ACTIVE,,,CU-INC-0006,,CU-TRG-0056,,CU-IMP-3656,2026-07-01,ONCHAIN_SCAN,HIGH,,Circle
CU-ACT-3657,2026-07-01,BLACKLIST,0x3ec58d2b0bce77282f2e415ac6596dc3f626f436,ADDRESS,SANCTIONED_ENTITY,CU-ENT-0061,,ACTIVE,,,CU-INC-0006,,CU-TRG-0056,,CU-IMP-3657,2026-07-01,ONCHAIN_SCAN,HIGH,,Circle
CU-ACT-3658,2026-07-01,BLACKLIST,0x5168da75329bca67a2c75642b7cab4f14482cb9d,ADDRESS,SANCTIONED_ENTITY,CU-ENT-0061,,ACTIVE,,,CU-INC-0006,,CU-TRG-0056,,CU-IMP-3658,2026-07-01,ONCHAIN_SCAN,HIGH,,Circle
CU-ACT-3659,2026-07-01,BLACKLIST,0x70d6292f5b971c82fb6587a3cd740f64e98009c3,ADDRESS,SANCTIONED_ENTITY,CU-ENT-0061,,ACTIVE,,,CU-INC-0006,,CU-TRG-0056,,CU-IMP-3659,2026-07-01,ONCHAIN_SCAN,HIGH,,Circle
CU-ACT-3660,2026-07-01,BLACKLIST,0x13c9c13507282550061c367f8f10527df835afc5,ADDRESS,SANCTIONED_ENTITY,CU-ENT-0061,,ACTIVE,,,CU-INC-0006,,CU-TRG-0056,,CU-IMP-3660,2026-07-01,ONCHAIN_SCAN,HIGH,,Circle
CU-ACT-3661,2026-07-01,BLACKLIST,0x2d20b1d77f2f663f7fe745f8493d6744683544b8,ADDRESS,SANCTIONED_ENTITY,CU-ENT-0061,,ACTIVE,,,CU-INC-0006,,CU-TRG-0056,,CU-IMP-3661,2026-07-01,ONCHAIN_SCAN,HIGH,,Circle
CU-ACT-3662,2026-07-01,BLACKLIST,0x82def3990129e73531ad7a737ba54c76d34e507d,ADDRESS,SANCTIONED_ENTITY,CU-ENT-0061,,ACTIVE,,,CU-INC-0006,,CU-TRG-0056,,CU-IMP-3662,2026-07-01,ONCHAIN_SCAN,HIGH,,Circle
CU-ACT-3663,2026-07-13,BLACKLIST,0x1d19b52b54e7ef5ea1a4b40b616165e798eac9f8,ADDRESS,SANCTIONED_ENTITY,CU-ENT-0065,,ACTIVE,,,,,CU-TRG-0058,,CU-IMP-3663,2026-07-13,ONCHAIN_SCAN,HIGH,,Circle
CU-ACT-3664,2026-07-13,BLACKLIST,0x2c7dcd774b33e10367f7d6385479e04f97d179dc,ADDRESS,SANCTIONED_ENTITY,CU-ENT-0065,,ACTIVE,,,,,CU-TRG-0058,,CU-IMP-3664,2026-07-13,ONCHAIN_SCAN,HIGH,,Circle
CU-ACT-3665,2026-07-13,BLACKLIST,0x2711d73d559f62f4f855ee21f38378f528e07985,ADDRESS,SANCTIONED_ENTITY,CU-ENT-0064,,ACTIVE,,,,,CU-TRG-0058,,CU-IMP-3665,2026-07-13,ONCHAIN_SCAN,HIGH,,Circle
CU-ACT-3666,2026-07-13,BLACKLIST,0xbe7d33a802487f0b51e0191dc0c3772fa11a8f70,ADDRESS,SANCTIONED_ENTITY,CU-ENT-0065,,ACTIVE,,,,,CU-TRG-0058,,CU-IMP-3666,2026-07-13,ONCHAIN_SCAN,HIGH,,Circle
CU-ACT-3667,2026-07-13,BLACKLIST,0x0e0d1899d3a6a9362bc215f1c5a9acaccb0de882,ADDRESS,SANCTIONED_ENTITY,CU-ENT-0065,,ACTIVE,,,,,CU-TRG-0058,,CU-IMP-3667,2026-07-13,ONCHAIN_SCAN,HIGH,,Circle
CU-ACT-3668,2026-07-13,BLACKLIST,0xcfbb0c9a2a99777b46211b380869f82cf20a635e,ADDRESS,SANCTIONED_ENTITY,CU-ENT-0064,,ACTIVE,,,,,CU-TRG-0058,,CU-IMP-3668,2026-07-13,ONCHAIN_SCAN,HIGH,,Circle
CU-ACT-3669,2026-07-14,BLACKLIST,0x08151bd98c00015de698408de9405aa62115b5ee,ADDRESS,SANCTIONED_ENTITY,CU-ENT-0071,,ACTIVE,,,,,CU-TRG-0063,,CU-IMP-3669,2026-07-14,ONCHAIN_SCAN,HIGH,,Circle
CU-ACT-3670,2026-07-14,BLACKLIST,0x3ba6174651e3a0c3c6a7d42a75e6e00b039304d1,ADDRESS,SANCTIONED_ENTITY,CU-ENT-0071,,ACTIVE,,,,,CU-TRG-0063,,CU-IMP-3670,2026-07-14,ONCHAIN_SCAN,HIGH,,Circle
CU-ACT-3671,2026-07-14,BLACKLIST,0x5f077e9b16f30b9ecfaf5dc09294dcc98b8d395a,ADDRESS,SANCTIONED_ENTITY,CU-ENT-0071,,ACTIVE,,,,,CU-TRG-0063,,CU-IMP-3671,2026-07-14,ONCHAIN_SCAN,HIGH,,Circle
CU-ACT-3672,2026-07-14,BLACKLIST,0xe995da05f4e51871d5d2ef8496536a052138bc6a,ADDRESS,SANCTIONED_ENTITY,CU-ENT-0071,,ACTIVE,,,,,CU-TRG-0063,,CU-IMP-3672,2026-07-14,ONCHAIN_SCAN,HIGH,,Circle
CU-ACT-3673,2026-07-23,BLACKLIST,0x07f57fafbd3055737c778184cdb7b30c65fb7a6e,ADDRESS,SANCTIONED_ENTITY,CU-ENT-0070,,ACTIVE,,,,,CU-TRG-0061,,CU-IMP-3673,2026-07-23,ONCHAIN_SCAN,HIGH,,Circle
CU-ACT-3674,2026-07-23,BLACKLIST,0x4b6d60a69a1386992e18f89241d183429ebc3a56,ADDRESS,SANCTIONED_ENTITY,CU-ENT-0070,,ACTIVE,,,,,CU-TRG-0061,,CU-IMP-3674,2026-07-23,ONCHAIN_SCAN,HIGH,,Circle
CU-ACT-3675,2026-07-23,BLACKLIST,0x506d8d7c56a06723a52fde594638eeda23461d15,ADDRESS,SANCTIONED_ENTITY,CU-ENT-0070,,ACTIVE,,,,,CU-TRG-0061,,CU-IMP-3675,2026-07-23,ONCHAIN_SCAN,HIGH,,Circle
CU-ACT-3676,2026-07-23,BLACKLIST,0x76c7c4ff99ab9791d4e358e33a3f51c2c5d3ac8e,ADDRESS,SANCTIONED_ENTITY,CU-ENT-0070,,ACTIVE,,,,,CU-TRG-0061,,CU-IMP-3676,2026-07-23,ONCHAIN_SCAN,HIGH,,Circle
CU-ACT-3677,2026-07-23,BLACKLIST,0x99929eed7638ac0f031a5d925409741f86f98be6,ADDRESS,SANCTIONED_ENTITY,CU-ENT-0070,,ACTIVE,,,,,CU-TRG-0061,,CU-IMP-3677,2026-07-23,ONCHAIN_SCAN,HIGH,,Circle
CU-ACT-3678,2026-07-23,BLACKLIST,0xd838b11133085016bc31ca78571067b0d77dc290,ADDRESS,SANCTIONED_ENTITY,CU-ENT-0070,,ACTIVE,,,,,CU-TRG-0061,,CU-IMP-3678,2026-07-23,ONCHAIN_SCAN,HIGH,,Circle
CU-ACT-3679,2026-07-23,BLACKLIST,0xb690e524695f909e7dac090ff30b1fcfe557f597,ADDRESS,SANCTIONED_ENTITY,CU-ENT-0070,,ACTIVE,,,,,CU-TRG-0061,,CU-IMP-3679,2026-07-23,ONCHAIN_SCAN,HIGH,,Circle
CU-ACT-3680,2026-07-29,BLACKLIST,0x0ede564e315f8e1803161a22e8404c624c35b1fb,ADDRESS,SANCTIONED_ENTITY,CU-ENT-0073,,ACTIVE,,,,,CU-TRG-0065,,CU-IMP-3680,2026-03-26,ONCHAIN_SCAN,HIGH,,Circle
CU-ACT-3681,2026-07-29,BLACKLIST,0xdca63d36e326fdcde1c6403ff3edf5d8ba7699ad,ADDRESS,SANCTIONED_ENTITY,CU-ENT-0073,,ACTIVE,,,,,CU-TRG-0065,,CU-IMP-3681,2026-03-26,ONCHAIN_SCAN,HIGH,,Circle
CU-ACT-3682,2026-08-07,BLACKLIST,0x6b69e2a7545c166417a80c61a77562052bffa9c5,ADDRESS,SANCTIONED_ENTITY,CU-ENT-0068,,ACTIVE,,,,,CU-TRG-0059,,CU-IMP-3682,2026-08-07,ONCHAIN_SCAN,HIGH,,Circle
CU-ACT-3683,2026-08-07,BLACKLIST,0x8d79c73daae8630c88de372ba8f57592fa987607,ADDRESS,SANCTIONED_ENTITY,CU-ENT-0067,,ACTIVE,,,,,CU-TRG-0059,,CU-IMP-3683,2026-08-07,ONCHAIN_SCAN,HIGH,,Circle
CU-ACT-3684,2026-08-07,BLACKLIST,0x967f32c544b6547f366123927d6dc0a3c6dcdfb9,ADDRESS,SANCTIONED_ENTITY,CU-ENT-0067,,ACTIVE,,,,,CU-TRG-0059,,CU-IMP-3684,2026-08-07,ONCHAIN_SCAN,HIGH,,Circle
CU-ACT-3685,2026-08-07,BLACKLIST,0xbb69e01921b17cd22080968bcc96ba6115da6062,ADDRESS,SANCTIONED_ENTITY,CU-ENT-0066,,ACTIVE,,,,,CU-TRG-0059,,CU-IMP-3685,2026-08-07,ONCHAIN_SCAN,HIGH,,Circle
CU-ACT-3686,2026-08-07,BLACKLIST,0xc02b8bcd6cea7162274b939410d466b755553175,ADDRESS,SANCTIONED_ENTITY,CU-ENT-0066,,ACTIVE,,,,,CU-TRG-0059,,CU-IMP-3686,2026-08-07,ONCHAIN_SCAN,HIGH,,Circle
CU-ACT-3687,2026-08-07,BLACKLIST,0xe05f529f5284d75624eba386cb716928c3b54a2a,ADDRESS,SANCTIONED_ENTITY,CU-ENT-0068,,ACTIVE,,,,,CU-TRG-0059,,CU-IMP-3687,2026-08-07,ONCHAIN_SCAN,HIGH,,Circle
CU-ACT-3688,2026-08-07,BLACKLIST,0xeaac716a919f3a032a7e5f4d803c799569c32bd4,ADDRESS,SANCTIONED_ENTITY,CU-ENT-0068,,ACTIVE,,,,,CU-TRG-0059,,CU-IMP-3688,2026-08-07,ONCHAIN_SCAN,HIGH,,Circle
CU-ACT-3689,2026-04-24,BLACKLIST,0x8be1904f7e8d196ef670835e2893be5f75c1e63e,ADDRESS,SANCTIONED_ENTITY,CU-ENT-0071,,ACTIVE,,,,,CU-TRG-0062,,CU-IMP-3689,2026-04-24,ONCHAIN_SCAN,HIGH,,Circle
CU-ACT-3690,2026-04-24,BLACKLIST,0xc29c4df7111a39030a037a3abc8dc68c8d1d8ceb,ADDRESS,SANCTIONED_ENTITY,CU-ENT-0071,,ACTIVE,,,,,CU-TRG-0062,,CU-IMP-3690,2026-04-24,ONCHAIN_SCAN,HIGH,,Circle
CU-ACT-3691,2026-05-20,BLACKLIST,0x038989cbb1710c72b9920dc4fa529158f463e72c,ADDRESS,SANCTIONED_ENTITY,CU-ENT-0062,,ACTIVE,,,,,CU-TRG-0057,,CU-IMP-3691,2026-05-20,ONCHAIN_SCAN,HIGH,,Circle
CU-ACT-3692,2026-05-20,BLACKLIST,0x14779cec0b117d5194c750c55ea1f42086631964,ADDRESS,SANCTIONED_ENTITY,CU-ENT-0062,,ACTIVE,,,,,CU-TRG-0057,,CU-IMP-3692,2026-05-20,ONCHAIN_SCAN,HIGH,,Circle
CU-ACT-3693,2026-05-20,BLACKLIST,0x32da24ca413f3e7b53145d4737e172c3bdf81e3e,ADDRESS,SANCTIONED_ENTITY,CU-ENT-0062,,ACTIVE,,,,,CU-TRG-0057,,CU-IMP-3693,2026-05-20,ONCHAIN_SCAN,HIGH,,Circle
CU-ACT-3694,2026-05-20,BLACKLIST,0x4f428c11dc82388fa5136d636e613ad923eb700b,ADDRESS,SANCTIONED_ENTITY,CU-ENT-0062,,ACTIVE,,,,,CU-TRG-0057,,CU-IMP-3694,2026-05-20,ONCHAIN_SCAN,HIGH,,Circle
CU-ACT-3695,2026-05-20,BLACKLIST,0xac4cc4b68ea24bbfaac8fd127b67ed445accce22,ADDRESS,SANCTIONED_ENTITY,CU-ENT-0063,,ACTIVE,,,,,CU-TRG-0057,,CU-IMP-3695,2026-05-20,ONCHAIN_SCAN,HIGH,,Circle
CU-ACT-3696,2026-05-20,BLACKLIST,0xf2235d55b2950a0b1317469d72d07ae65b2e27cb,ADDRESS,SANCTIONED_ENTITY,CU-ENT-0062,,ACTIVE,,,,,CU-TRG-0057,,CU-IMP-3696,2026-05-20,ONCHAIN_SCAN,HIGH,,Circle
CU-ACT-3697,2026-05-26,BLACKLIST,0x61427bf615ef615cae4314ca4fe16d5142217443,ADDRESS,SANCTIONED_ENTITY,CU-ENT-0072,,ACTIVE,,,,,CU-TRG-0064,,CU-IMP-3697,2026-05-26,ONCHAIN_SCAN,HIGH,,Circle
CU-ACT-3698,2026-05-26,BLACKLIST,0xd6ff9ba2aa8a3afd1e3d4a133449b9142ce52df5,ADDRESS,SANCTIONED_ENTITY,CU-ENT-0072,,ACTIVE,,,,,CU-TRG-0064,,CU-IMP-3698,2026-05-26,ONCHAIN_SCAN,HIGH,,Circle
CU-ACT-3699,2026-05-26,BLACKLIST,0x1ac8d4e4d1418a66f5891de2519693c797a2683b,ADDRESS,SANCTIONED_ENTITY,CU-ENT-0072,,ACTIVE,,,,,CU-TRG-0064,,CU-IMP-3699,2026-05-26,ONCHAIN_SCAN,HIGH,,Circle
CU-ACT-3700,2026-06-22,BLACKLIST,0x110cb5c5089fc35ba0deb718a291dd64f6d1bec8,ADDRESS,SANCTIONED_ENTITY,CU-ENT-0069,,ACTIVE,,,,,CU-TRG-0060,,CU-IMP-3700,2026-06-22,ONCHAIN_SCAN,HIGH,,Circle
CU-ACT-3701,2026-06-22,BLACKLIST,0x2408302c960af24d6df5dee325b59ac59b2e55ce,ADDRESS,SANCTIONED_ENTITY,CU-ENT-0069,,ACTIVE,,,,,CU-TRG-0060,,CU-IMP-3701,2026-06-22,ONCHAIN_SCAN,HIGH,,Circle
CU-ACT-3702,2026-07-01,BLACKLIST,0xce9f3bc87000393f625088ed40280a74682396cf,ADDRESS,SANCTIONED_ENTITY,CU-ENT-0061,,ACTIVE,,,CU-INC-0006,,CU-TRG-0056,,CU-IMP-3702,2026-07-01,ONCHAIN_SCAN,HIGH,,Circle
CU-ACT-3703,2026-07-01,BLACKLIST,0x1508e3c339f9e916595bfa6ea169aee265acf90c,ADDRESS,SANCTIONED_ENTITY,CU-ENT-0061,,ACTIVE,,,CU-INC-0006,,CU-TRG-0056,,CU-IMP-3703,2026-07-01,ONCHAIN_SCAN,HIGH,,Circle
CU-ACT-3704,2026-07-01,BLACKLIST,0x1e6983848eca149f9fc68b0a1616a1c4f62945aa,ADDRESS,SANCTIONED_ENTITY,CU-ENT-0061,,ACTIVE,,,CU-INC-0006,,CU-TRG-0056,,CU-IMP-3704,2026-07-01,ONCHAIN_SCAN,HIGH,,Circle
CU-ACT-3705,2026-07-01,BLACKLIST,0xda916a1c12989829fb02a0241a7e70b5a1a4e905,ADDRESS,SANCTIONED_ENTITY,CU-ENT-0061,,ACTIVE,,,CU-INC-0006,,CU-TRG-0056,,CU-IMP-3705,2026-07-01,ONCHAIN_SCAN,HIGH,,Circle
CU-ACT-3706,2026-07-01,BLACKLIST,0xc44b0630645bdf681c775df334cbd7530da813fa,ADDRESS,SANCTIONED_ENTITY,CU-ENT-0061,,ACTIVE,,,CU-INC-0006,,CU-TRG-0056,,CU-IMP-3706,2026-07-01,ONCHAIN_SCAN,HIGH,,Circle
CU-ACT-3707,2026-07-01,BLACKLIST,0x1f6aa4cd73fe9faf58727800b075d43caa106d46,ADDRESS,SANCTIONED_ENTITY,CU-ENT-0061,,ACTIVE,,,CU-INC-0006,,CU-TRG-0056,,CU-IMP-3707,2026-07-01,ONCHAIN_SCAN,HIGH,,Circle
CU-ACT-3708,2026-07-01,BLACKLIST,0xb654159bc14f208000ec9e0ad287b321c7a3bf5c,ADDRESS,SANCTIONED_ENTITY,CU-ENT-0061,,ACTIVE,,,CU-INC-0006,,CU-TRG-0056,,CU-IMP-3708,2026-07-01,ONCHAIN_SCAN,HIGH,,Circle
CU-ACT-3709,2026-07-01,BLACKLIST,0xe2b0c8cd5516cf733013712408add325081225ca,ADDRESS,SANCTIONED_ENTITY,CU-ENT-0061,,ACTIVE,,,CU-INC-0006,,CU-TRG-0056,,CU-IMP-3709,2026-07-01,ONCHAIN_SCAN,HIGH,,Circle
CU-ACT-3710,2026-07-01,BLACKLIST,0x9b571ef4731f0c8539a629cc4c44fa4fd280c10d,ADDRESS,SANCTIONED_ENTITY,CU-ENT-0061,,ACTIVE,,,CU-INC-0006,,CU-TRG-0056,,CU-IMP-3710,2026-07-01,ONCHAIN_SCAN,HIGH,,Circle
CU-ACT-3711,2026-07-01,BLACKLIST,0xd67bb799b7d2dded7dd85802c5a6affec1108b94,ADDRESS,SANCTIONED_ENTITY,CU-ENT-0061,,ACTIVE,,,CU-INC-0006,,CU-TRG-0056,,CU-IMP-3711,2026-07-01,ONCHAIN_SCAN,HIGH,,Circle
CU-ACT-3712,2026-07-01,BLACKLIST,0xe6e1d9098b08fff5f8b3e27a02d4dca8ffcdf0a9,ADDRESS,SANCTIONED_ENTITY,CU-ENT-0061,,ACTIVE,,,CU-INC-0006,,CU-TRG-0056,,CU-IMP-3712,2026-07-01,ONCHAIN_SCAN,HIGH,,Circle
CU-ACT-3713,2026-07-01,BLACKLIST,0xb4a69b8228c1621eb22d9c6f1ef33926616f8218,ADDRESS,SANCTIONED_ENTITY,CU-ENT-0061,,ACTIVE,,,CU-INC-0006,,CU-TRG-0056,,CU-IMP-3713,2026-07-01,ONCHAIN_SCAN,HIGH,,Circle
CU-ACT-3714,2026-07-01,BLACKLIST,0x0eaea039d805c9600de19d5a9aa6daf4d51979ed,ADDRESS,SANCTIONED_ENTITY,CU-ENT-0061,,ACTIVE,,,CU-INC-0006,,CU-TRG-0056,,CU-IMP-3714,2026-07-01,ONCHAIN_SCAN,HIGH,,Circle
CU-ACT-3715,2026-07-01,BLACKLIST,0xcd211408b46bdbf03abb2eac205a01ceb1d86288,ADDRESS,SANCTIONED_ENTITY,CU-ENT-0061,,ACTIVE,,,CU-INC-0006,,CU-TRG-0056,,CU-IMP-3715,2026-07-01,ONCHAIN_SCAN,HIGH,,Circle
CU-ACT-3716,2026-07-01,BLACKLIST,0x545fd777d462df0acc99a188f2532a962e00df74,ADDRESS,SANCTIONED_ENTITY,CU-ENT-0061,,ACTIVE,,,CU-INC-0006,,CU-TRG-0056,,CU-IMP-3716,2026-07-01,ONCHAIN_SCAN,HIGH,,Circle
CU-ACT-3717,2026-07-01,BLACKLIST,0x18db649c1400f3dfbbf71b8b99419edcb12a0947,ADDRESS,SANCTIONED_ENTITY,CU-ENT-0061,,ACTIVE,,,CU-INC-0006,,CU-TRG-0056,,CU-IMP-3717,2026-07-01,ONCHAIN_SCAN,HIGH,,Circle
CU-ACT-3718,2026-07-01,BLACKLIST,0xe9d48628d685e121f48181616c71f88ec4020bf9,ADDRESS,SANCTIONED_ENTITY,CU-ENT-0061,,ACTIVE,,,CU-INC-0006,,CU-TRG-0056,,CU-IMP-3718,2026-07-01,ONCHAIN_SCAN,HIGH,,Circle
CU-ACT-3719,2026-07-01,BLACKLIST,0xd1d1443c710b2f295f72ef3bc8be04a28be3e0db,ADDRESS,SANCTIONED_ENTITY,CU-ENT-0061,,ACTIVE,,,CU-INC-0006,,CU-TRG-0056,,CU-IMP-3719,2026-07-01,ONCHAIN_SCAN,HIGH,,Circle
CU-ACT-3720,2026-07-01,BLACKLIST,0x203b0053ccb42ca09357dde941d251d888ec1044,ADDRESS,SANCTIONED_ENTITY,CU-ENT-0061,,ACTIVE,,,CU-INC-0006,,CU-TRG-0056,,CU-IMP-3720,2026-07-01,ONCHAIN_SCAN,HIGH,,Circle
CU-ACT-3721,2026-07-01,BLACKLIST,0x6ee2a4ab3befdcfcd8c0844e853491f08971d899,ADDRESS,SANCTIONED_ENTITY,CU-ENT-0061,,ACTIVE,,,CU-INC-0006,,CU-TRG-0056,,CU-IMP-3721,2026-07-01,ONCHAIN_SCAN,HIGH,,Circle
CU-ACT-3722,2026-07-01,BLACKLIST,0xc73da1e718a4fbd1ce023d412ab34433922fba58,ADDRESS,SANCTIONED_ENTITY,CU-ENT-0061,,ACTIVE,,,CU-INC-0006,,CU-TRG-0056,,CU-IMP-3722,2026-07-01,ONCHAIN_SCAN,HIGH,,Circle
CU-ACT-3723,2026-07-01,BLACKLIST,0x9789e42918dec6442a155fd2ba064d05d6db0ed2,ADDRESS,SANCTIONED_ENTITY,CU-ENT-0061,,ACTIVE,,,CU-INC-0006,,CU-TRG-0056,,CU-IMP-3723,2026-07-01,ONCHAIN_SCAN,HIGH,,Circle
CU-ACT-3724,2026-07-01,BLACKLIST,0x84be9d8d09cb26f31bb37771ecb06ebdd91101f9,ADDRESS,SANCTIONED_ENTITY,CU-ENT-0061,,ACTIVE,,,CU-INC-0006,,CU-TRG-0056,,CU-IMP-3724,2026-07-01,ONCHAIN_SCAN,HIGH,,Circle
CU-ACT-3725,2026-07-01,BLACKLIST,0xb2880d55b128cfa10cc32411e2311f59500e130b,ADDRESS,SANCTIONED_ENTITY,CU-ENT-0061,,ACTIVE,,,CU-INC-0006,,CU-TRG-0056,,CU-IMP-3725,2026-07-01,ONCHAIN_SCAN,HIGH,,Circle
CU-ACT-3726,2026-07-01,BLACKLIST,0x2bbf8e01ef1349da89eb6d423a217582430e6dbc,ADDRESS,SANCTIONED_ENTITY,CU-ENT-0061,,ACTIVE,,,CU-INC-0006,,CU-TRG-0056,,CU-IMP-3726,2026-07-01,ONCHAIN_SCAN,HIGH,,Circle
CU-ACT-3727,2026-07-01,BLACKLIST,0xe5b46834ab6831f5d27c72237da310fef4552911,ADDRESS,SANCTIONED_ENTITY,CU-ENT-0061,,ACTIVE,,,CU-INC-0006,,CU-TRG-0056,,CU-IMP-3727,2026-07-01,ONCHAIN_SCAN,HIGH,,Circle
CU-ACT-3728,2026-07-01,BLACKLIST,0xef7c470bbcdd524c299304627180d6074ccbfdfd,ADDRESS,SANCTIONED_ENTITY,CU-ENT-0061,,ACTIVE,,,CU-INC-0006,,CU-TRG-0056,,CU-IMP-3728,2026-07-01,ONCHAIN_SCAN,HIGH,,Circle
CU-ACT-3729,2026-07-01,BLACKLIST,0x2277d63319a5d529c0ffecf1d4d93343713d9802,ADDRESS,SANCTIONED_ENTITY,CU-ENT-0061,,ACTIVE,,,CU-INC-0006,,CU-TRG-0056,,CU-IMP-3729,2026-07-01,ONCHAIN_SCAN,HIGH,,Circle
CU-ACT-3730,2026-07-01,BLACKLIST,0xd68022dc9dde9c9e1a613a1fb04a1de5758b563e,ADDRESS,SANCTIONED_ENTITY,CU-ENT-0061,,ACTIVE,,,CU-INC-0006,,CU-TRG-0056,,CU-IMP-3730,2026-07-01,ONCHAIN_SCAN,HIGH,,Circle
CU-ACT-3731,2026-07-01,BLACKLIST,0x2fbe2388dca7d240ebc72617fb2dd5890fea4dd2,ADDRESS,SANCTIONED_ENTITY,CU-ENT-0061,,ACTIVE,,,CU-INC-0006,,CU-TRG-0056,,CU-IMP-3731,2026-07-01,ONCHAIN_SCAN,HIGH,,Circle
CU-ACT-3732,2026-07-01,BLACKLIST,0x160ad9cb8202fe697e5b0991b65032787ce23dff,ADDRESS,SANCTIONED_ENTITY,CU-ENT-0061,,ACTIVE,,,CU-INC-0006,,CU-TRG-0056,,CU-IMP-3732,2026-07-01,ONCHAIN_SCAN,HIGH,,Circle
CU-ACT-3733,2026-07-01,BLACKLIST,0xdd6184d750a5610e1094cc5b02a8ec1c7dc14be2,ADDRESS,SANCTIONED_ENTITY,CU-ENT-0061,,ACTIVE,,,CU-INC-0006,,CU-TRG-0056,,CU-IMP-3733,2026-07-01,ONCHAIN_SCAN,HIGH,,Circle
CU-ACT-3734,2026-07-01,BLACKLIST,0x35ecfdb165bbc06d2cc19af466465c7ac9c3f7eb,ADDRESS,SANCTIONED_ENTITY,CU-ENT-0061,,ACTIVE,,,CU-INC-0006,,CU-TRG-0056,,CU-IMP-3734,2026-07-01,ONCHAIN_SCAN,HIGH,,Circle
CU-ACT-3735,2026-07-01,BLACKLIST,0x8c5a5d9b5bd20cea93295e0f12909d6ebf2f1989,ADDRESS,SANCTIONED_ENTITY,CU-ENT-0061,,ACTIVE,,,CU-INC-0006,,CU-TRG-0056,,CU-IMP-3735,2026-07-01,ONCHAIN_SCAN,HIGH,,Circle
CU-ACT-3736,2026-07-01,BLACKLIST,0x30c7c36cb08138b620bc21611e18264c6a222583,ADDRESS,SANCTIONED_ENTITY,CU-ENT-0061,,ACTIVE,,,CU-INC-0006,,CU-TRG-0056,,CU-IMP-3736,2026-07-01,ONCHAIN_SCAN,HIGH,,Circle
CU-ACT-3737,2026-07-01,BLACKLIST,0xb0fc46592a0795a23df08b2b25e953a5461805fb,ADDRESS,SANCTIONED_ENTITY,CU-ENT-0061,,ACTIVE,,,CU-INC-0006,,CU-TRG-0056,,CU-IMP-3737,2026-07-01,ONCHAIN_SCAN,HIGH,,Circle
CU-ACT-3738,2026-07-01,BLACKLIST,0x45e8fcd87cefd8f53a1775c9781f50e8ca7e8b62,ADDRESS,SANCTIONED_ENTITY,CU-ENT-0061,,ACTIVE,,,CU-INC-0006,,CU-TRG-0056,,CU-IMP-3738,2026-07-01,ONCHAIN_SCAN,HIGH,,Circle
CU-ACT-3739,2026-07-01,BLACKLIST,0x2606d9411d6a4cab5b9e0bbd3cdef05f3f35854e,ADDRESS,SANCTIONED_ENTITY,CU-ENT-0061,,ACTIVE,,,CU-INC-0006,,CU-TRG-0056,,CU-IMP-3739,2026-07-01,ONCHAIN_SCAN,HIGH,,Circle
CU-ACT-3740,2026-07-01,BLACKLIST,0x0a9f2460bd9357ebc0e24654b83d43d701560500,ADDRESS,SANCTIONED_ENTITY,CU-ENT-0061,,ACTIVE,,,CU-INC-0006,,CU-TRG-0056,,CU-IMP-3740,2026-07-01,ONCHAIN_SCAN,HIGH,,Circle
CU-ACT-3741,2026-07-01,BLACKLIST,0xc4b13cf26d06bd15db5b8efe9553710b9aae8acd,ADDRESS,SANCTIONED_ENTITY,CU-ENT-0061,,ACTIVE,,,CU-INC-0006,,CU-TRG-0056,,CU-IMP-3741,2026-07-01,ONCHAIN_SCAN,HIGH,,Circle
CU-ACT-3742,2026-07-01,BLACKLIST,0x464da77310220c0c1596f8339129907b16cd896f,ADDRESS,SANCTIONED_ENTITY,CU-ENT-0061,,ACTIVE,,,CU-INC-0006,,CU-TRG-0056,,CU-IMP-3742,2026-07-01,ONCHAIN_SCAN,HIGH,,Circle
CU-ACT-3743,2026-07-01,BLACKLIST,0x97248ad2ee8453b901c646bddc256e4dca165452,ADDRESS,SANCTIONED_ENTITY,CU-ENT-0061,,ACTIVE,,,CU-INC-0006,,CU-TRG-0056,,CU-IMP-3743,2026-07-01,ONCHAIN_SCAN,HIGH,,Circle
CU-ACT-3744,2026-07-01,BLACKLIST,0xd82ffef8cb4f0f6a56fc2dd275879985307d1d3a,ADDRESS,SANCTIONED_ENTITY,CU-ENT-0061,,ACTIVE,,,CU-INC-0006,,CU-TRG-0056,,CU-IMP-3744,2026-07-01,ONCHAIN_SCAN,HIGH,,Circle
CU-ACT-3745,2026-07-01,BLACKLIST,0x00e0c79525c9f846ee27f8ecf3dcfebb3a335dc7,ADDRESS,SANCTIONED_ENTITY,CU-ENT-0061,,ACTIVE,,,CU-INC-0006,,CU-TRG-0056,,CU-IMP-3745,2026-07-01,ONCHAIN_SCAN,HIGH,,Circle
CU-ACT-3746,2026-07-01,BLACKLIST,0x8960c337bb1bc8618e8c022277ca0d34d26ce06c,ADDRESS,SANCTIONED_ENTITY,CU-ENT-0061,,ACTIVE,,,CU-INC-0006,,CU-TRG-0056,,CU-IMP-3746,2026-07-01,ONCHAIN_SCAN,HIGH,,Circle
CU-ACT-3747,2026-07-01,BLACKLIST,0x7db839f22e388b5c427ef1ae4f1fe558012904bf,ADDRESS,SANCTIONED_ENTITY,CU-ENT-0061,,ACTIVE,,,CU-INC-0006,,CU-TRG-0056,,CU-IMP-3747,2026-07-01,ONCHAIN_SCAN,HIGH,,Circle
CU-ACT-3748,2026-07-01,BLACKLIST,0xad5c8f4ba4bb0b94feb63e97bb821f808d44507b,ADDRESS,SANCTIONED_ENTITY,CU-ENT-0061,,ACTIVE,,,CU-INC-0006,,CU-TRG-0056,,CU-IMP-3748,2026-07-01,ONCHAIN_SCAN,HIGH,,Circle
CU-ACT-3749,2026-07-01,BLACKLIST,0x75fd59164d2af087af5a90f7e1b7c3d05de93dee,ADDRESS,SANCTIONED_ENTITY,CU-ENT-0061,,ACTIVE,,,CU-INC-0006,,CU-TRG-0056,,CU-IMP-3749,2026-07-01,ONCHAIN_SCAN,HIGH,,Circle
CU-ACT-3750,2026-07-01,BLACKLIST,0x6440312463c98262b0768ac4f8e7232fb58caced,ADDRESS,SANCTIONED_ENTITY,CU-ENT-0061,,ACTIVE,,,CU-INC-0006,,CU-TRG-0056,,CU-IMP-3750,2026-07-01,ONCHAIN_SCAN,HIGH,,Circle
CU-ACT-3751,2026-07-01,BLACKLIST,0xf37ffa0e4829aa159af625c48276c4e632f4400c,ADDRESS,SANCTIONED_ENTITY,CU-ENT-0061,,ACTIVE,,,CU-INC-0006,,CU-TRG-0056,,CU-IMP-3751,2026-07-01,ONCHAIN_SCAN,HIGH,,Circle
CU-ACT-3752,2026-07-01,BLACKLIST,0x0ede87dc2bf535ebc2682340dfc33cc50363bc2b,ADDRESS,SANCTIONED_ENTITY,CU-ENT-0061,,ACTIVE,,,CU-INC-0006,,CU-TRG-0056,,CU-IMP-3752,2026-07-01,ONCHAIN_SCAN,HIGH,,Circle
CU-ACT-3753,2026-07-01,BLACKLIST,0x0b1da2038535de65831e81f6fdc40f40b222e2b1,ADDRESS,SANCTIONED_ENTITY,CU-ENT-0061,,ACTIVE,,,CU-INC-0006,,CU-TRG-0056,,CU-IMP-3753,2026-07-01,ONCHAIN_SCAN,HIGH,,Circle
CU-ACT-3754,2026-07-01,BLACKLIST,0xf72202e113a400891e8f91e1fec0c1cc9065d735,ADDRESS,SANCTIONED_ENTITY,CU-ENT-0061,,ACTIVE,,,CU-INC-0006,,CU-TRG-0056,,CU-IMP-3754,2026-07-01,ONCHAIN_SCAN,HIGH,,Circle
CU-ACT-3755,2026-07-01,BLACKLIST,0xa112c8cb691f58754269ce81c73a9dc92e63159f,ADDRESS,SANCTIONED_ENTITY,CU-ENT-0061,,ACTIVE,,,CU-INC-0006,,CU-TRG-0056,,CU-IMP-3755,2026-07-01,ONCHAIN_SCAN,HIGH,,Circle
CU-ACT-3756,2026-07-01,BLACKLIST,0x0b57cde36e6e0c31a10442076dfd03ff8038507d,ADDRESS,SANCTIONED_ENTITY,CU-ENT-0061,,ACTIVE,,,CU-INC-0006,,CU-TRG-0056,,CU-IMP-3756,2026-07-01,ONCHAIN_SCAN,HIGH,,Circle
CU-ACT-3757,2026-07-01,BLACKLIST,0xdd8cf42ff365caebbed4f48190ca79286b0e66c7,ADDRESS,SANCTIONED_ENTITY,CU-ENT-0061,,ACTIVE,,,CU-INC-0006,,CU-TRG-0056,,CU-IMP-3757,2026-07-01,ONCHAIN_SCAN,HIGH,,Circle
CU-ACT-3758,2026-07-01,BLACKLIST,0x803a9bd5e917e32bd7bcde526e656254417c5a86,ADDRESS,SANCTIONED_ENTITY,CU-ENT-0061,,ACTIVE,,,CU-INC-0006,,CU-TRG-0056,,CU-IMP-3758,2026-07-01,ONCHAIN_SCAN,HIGH,,Circle
CU-ACT-3759,2026-07-01,BLACKLIST,0x5b05ac96e74161c8edffb7e6368df33b4167583a,ADDRESS,SANCTIONED_ENTITY,CU-ENT-0061,,ACTIVE,,,CU-INC-0006,,CU-TRG-0056,,CU-IMP-3759,2026-07-01,ONCHAIN_SCAN,HIGH,,Circle
CU-ACT-3760,2026-07-01,BLACKLIST,0x1c165affe280c786303cce84f1eda9957de87779,ADDRESS,SANCTIONED_ENTITY,CU-ENT-0061,,ACTIVE,,,CU-INC-0006,,CU-TRG-0056,,CU-IMP-3760,2026-07-01,ONCHAIN_SCAN,HIGH,,Circle
CU-ACT-3761,2026-07-01,BLACKLIST,0x0c1ee706f91a56fc96e2f260c670bd4bf3002696,ADDRESS,SANCTIONED_ENTITY,CU-ENT-0061,,ACTIVE,,,CU-INC-0006,,CU-TRG-0056,,CU-IMP-3761,2026-07-01,ONCHAIN_SCAN,HIGH,,Circle
CU-ACT-3762,2026-07-01,BLACKLIST,0xe646c85afde30e55d7196612efd37e5b058e9717,ADDRESS,SANCTIONED_ENTITY,CU-ENT-0061,,ACTIVE,,,CU-INC-0006,,CU-TRG-0056,,CU-IMP-3762,2026-07-01,ONCHAIN_SCAN,HIGH,,Circle
CU-ACT-3763,2026-07-01,BLACKLIST,0x2d415662ce7ddd1e89c4bbf8f527f7e06811248e,ADDRESS,SANCTIONED_ENTITY,CU-ENT-0061,,ACTIVE,,,CU-INC-0006,,CU-TRG-0056,,CU-IMP-3763,2026-07-01,ONCHAIN_SCAN,HIGH,,Circle
CU-ACT-3764,2026-07-01,BLACKLIST,0xddc63d69ed992e2617d54950a8cea70e2127c412,ADDRESS,SANCTIONED_ENTITY,CU-ENT-0061,,ACTIVE,,,CU-INC-0006,,CU-TRG-0056,,CU-IMP-3764,2026-07-01,ONCHAIN_SCAN,HIGH,,Circle
CU-ACT-3765,2026-07-01,BLACKLIST,0x28facff64babe25658bb4635af41aaa019f9deee,ADDRESS,SANCTIONED_ENTITY,CU-ENT-0061,,ACTIVE,,,CU-INC-0006,,CU-TRG-0056,,CU-IMP-3765,2026-07-01,ONCHAIN_SCAN,HIGH,,Circle
CU-ACT-3766,2026-07-01,BLACKLIST,0x1b78a412cc1078fd5719a3379085647ca4ba0e5f,ADDRESS,SANCTIONED_ENTITY,CU-ENT-0061,,ACTIVE,,,CU-INC-0006,,CU-TRG-0056,,CU-IMP-3766,2026-07-01,ONCHAIN_SCAN,HIGH,,Circle
CU-ACT-3767,2026-07-01,BLACKLIST,0xd086c684646d4eba389c5d97e57d5b2bee3826b7,ADDRESS,SANCTIONED_ENTITY,CU-ENT-0061,,ACTIVE,,,CU-INC-0006,,CU-TRG-0056,,CU-IMP-3767,2026-07-01,ONCHAIN_SCAN,HIGH,,Circle
CU-ACT-3768,2026-07-01,BLACKLIST,0xd1b4671abd7c3db9f5d99b98918ebf8cbd41ea33,ADDRESS,SANCTIONED_ENTITY,CU-ENT-0061,,ACTIVE,,,CU-INC-0006,,CU-TRG-0056,,CU-IMP-3768,2026-07-01,ONCHAIN_SCAN,HIGH,,Circle
CU-ACT-3769,2026-07-01,BLACKLIST,0xe4814881a36d2c543b5acc30a7ee9868b0c810da,ADDRESS,SANCTIONED_ENTITY,CU-ENT-0061,,ACTIVE,,,CU-INC-0006,,CU-TRG-0056,,CU-IMP-3769,2026-07-01,ONCHAIN_SCAN,HIGH,,Circle
CU-ACT-3770,2026-07-01,BLACKLIST,0xfbc3ca4a4b808bef72c54b872caa59e5e69c783e,ADDRESS,SANCTIONED_ENTITY,CU-ENT-0061,,ACTIVE,,,CU-INC-0006,,CU-TRG-0056,,CU-IMP-3770,2026-07-01,ONCHAIN_SCAN,HIGH,,Circle
CU-ACT-3771,2026-07-01,BLACKLIST,0x68c15054d74c86ffca1e23a3802a27bab1735395,ADDRESS,SANCTIONED_ENTITY,CU-ENT-0061,,ACTIVE,,,CU-INC-0006,,CU-TRG-0056,,CU-IMP-3771,2026-07-01,ONCHAIN_SCAN,HIGH,,Circle
CU-ACT-3772,2026-07-01,BLACKLIST,0x2907a4de925af9434bcf176957dcbfeac49afc46,ADDRESS,SANCTIONED_ENTITY,CU-ENT-0061,,ACTIVE,,,CU-INC-0006,,CU-TRG-0056,,CU-IMP-3772,2026-07-01,ONCHAIN_SCAN,HIGH,,Circle
CU-ACT-3773,2026-07-01,BLACKLIST,0xb251e1f30c697905287d3e1be1fb0fffc01ce633,ADDRESS,SANCTIONED_ENTITY,CU-ENT-0061,,ACTIVE,,,CU-INC-0006,,CU-TRG-0056,,CU-IMP-3773,2026-07-01,ONCHAIN_SCAN,HIGH,,Circle
CU-ACT-3774,2026-07-01,BLACKLIST,0x9f4f225d3fa34d498adbfd6898e2b30850859059,ADDRESS,SANCTIONED_ENTITY,CU-ENT-0061,,ACTIVE,,,CU-INC-0006,,CU-TRG-0056,,CU-IMP-3774,2026-07-01,ONCHAIN_SCAN,HIGH,,Circle
CU-ACT-3775,2026-07-01,BLACKLIST,0x24545819f879db1a8df28fe0fd7f8ee4b7025977,ADDRESS,SANCTIONED_ENTITY,CU-ENT-0061,,ACTIVE,,,CU-INC-0006,,CU-TRG-0056,,CU-IMP-3775,2026-07-01,ONCHAIN_SCAN,HIGH,,Circle
CU-ACT-3776,2026-07-01,BLACKLIST,0x12f3acd05ddc70d333ca7e8d9a36513997cfb08f,ADDRESS,SANCTIONED_ENTITY,CU-ENT-0061,,ACTIVE,,,CU-INC-0006,,CU-TRG-0056,,CU-IMP-3776,2026-07-01,ONCHAIN_SCAN,HIGH,,Circle
CU-ACT-3777,2026-07-01,BLACKLIST,0xa05b377f4ae52727a59bcb7a82d6a20356f6b0b4,ADDRESS,SANCTIONED_ENTITY,CU-ENT-0061,,ACTIVE,,,CU-INC-0006,,CU-TRG-0056,,CU-IMP-3777,2026-07-01,ONCHAIN_SCAN,HIGH,,Circle
CU-ACT-3778,2026-07-01,BLACKLIST,0x56bf68cd5ad0cafc5e3cb7da826914359592eb62,ADDRESS,SANCTIONED_ENTITY,CU-ENT-0061,,ACTIVE,,,CU-INC-0006,,CU-TRG-0056,,CU-IMP-3778,2026-07-01,ONCHAIN_SCAN,HIGH,,Circle
CU-ACT-3779,2026-07-01,BLACKLIST,0x81d0eac7c2e42b221bd2e5bd5f9ddc0dcc9f6f30,ADDRESS,SANCTIONED_ENTITY,CU-ENT-0061,,ACTIVE,,,CU-INC-0006,,CU-TRG-0056,,CU-IMP-3779,2026-07-01,ONCHAIN_SCAN,HIGH,,Circle
CU-ACT-3780,2026-07-01,BLACKLIST,0xa570df663c1b522f3dacd6f96320e65f8206ed0d,ADDRESS,SANCTIONED_ENTITY,CU-ENT-0061,,ACTIVE,,,CU-INC-0006,,CU-TRG-0056,,CU-IMP-3780,2026-07-01,ONCHAIN_SCAN,HIGH,,Circle
CU-ACT-3781,2026-07-01,BLACKLIST,0x07d28de0bbd45f2ef8f89621f9f504ed72f34d92,ADDRESS,SANCTIONED_ENTITY,CU-ENT-0061,,ACTIVE,,,CU-INC-0006,,CU-TRG-0056,,CU-IMP-3781,2026-07-01,ONCHAIN_SCAN,HIGH,,Circle
CU-ACT-3782,2026-07-01,BLACKLIST,0x2e2983271415c0aa7950277186f10c0676f5cac2,ADDRESS,SANCTIONED_ENTITY,CU-ENT-0061,,ACTIVE,,,CU-INC-0006,,CU-TRG-0056,,CU-IMP-3782,2026-07-01,ONCHAIN_SCAN,HIGH,,Circle
CU-ACT-3783,2026-07-01,BLACKLIST,0xd3faecadc1f752234b6079299f570def99976f7c,ADDRESS,SANCTIONED_ENTITY,CU-ENT-0061,,ACTIVE,,,CU-INC-0006,,CU-TRG-0056,,CU-IMP-3783,2026-07-01,ONCHAIN_SCAN,HIGH,,Circle
CU-ACT-3784,2026-07-01,BLACKLIST,0x20e60fa8673fa61d574b42a13ae805c312777241,ADDRESS,SANCTIONED_ENTITY,CU-ENT-0061,,ACTIVE,,,CU-INC-0006,,CU-TRG-0056,,CU-IMP-3784,2026-07-01,ONCHAIN_SCAN,HIGH,,Circle
CU-ACT-3785,2026-07-01,BLACKLIST,0x878ebd5e809aca3dc01856d5fa924a405e34dad6,ADDRESS,SANCTIONED_ENTITY,CU-ENT-0061,,ACTIVE,,,CU-INC-0006,,CU-TRG-0056,,CU-IMP-3785,2026-07-01,ONCHAIN_SCAN,HIGH,,Circle
CU-ACT-3786,2026-07-01,BLACKLIST,0x95bcc8bbd8f91b255baf9ecf54f15e74b9959af2,ADDRESS,SANCTIONED_ENTITY,CU-ENT-0061,,ACTIVE,,,CU-INC-0006,,CU-TRG-0056,,CU-IMP-3786,2026-07-01,ONCHAIN_SCAN,HIGH,,Circle
CU-ACT-3787,2026-07-01,BLACKLIST,0xa6358db3812ce9a11eb8aa2f954e36711ed015f6,ADDRESS,SANCTIONED_ENTITY,CU-ENT-0061,,ACTIVE,,,CU-INC-0006,,CU-TRG-0056,,CU-IMP-3787,2026-07-01,ONCHAIN_SCAN,HIGH,,Circle
CU-ACT-3788,2026-07-01,BLACKLIST,0xb79a667da76ba369583ba333c4eb4b005c5b657a,ADDRESS,SANCTIONED_ENTITY,CU-ENT-0061,,ACTIVE,,,CU-INC-0006,,CU-TRG-0056,,CU-IMP-3788,2026-07-01,ONCHAIN_SCAN,HIGH,,Circle
CU-ACT-3789,2026-07-01,BLACKLIST,0x12f59283c23ff1b2ad7a8730b6cf41df25435570,ADDRESS,SANCTIONED_ENTITY,CU-ENT-0061,,ACTIVE,,,CU-INC-0006,,CU-TRG-0056,,CU-IMP-3789,2026-07-01,ONCHAIN_SCAN,HIGH,,Circle
CU-ACT-3790,2026-07-01,BLACKLIST,0x26eddc84e46104b944f871c0f3fbd8256197d5ca,ADDRESS,SANCTIONED_ENTITY,CU-ENT-0061,,ACTIVE,,,CU-INC-0006,,CU-TRG-0056,,CU-IMP-3790,2026-07-01,ONCHAIN_SCAN,HIGH,,Circle
CU-ACT-3791,2026-07-01,BLACKLIST,0x701f00ebbcd4c09d6a7a9f89023cbf400c318504,ADDRESS,SANCTIONED_ENTITY,CU-ENT-0061,,ACTIVE,,,CU-INC-0006,,CU-TRG-0056,,CU-IMP-3791,2026-07-01,ONCHAIN_SCAN,HIGH,,Circle
CU-ACT-3792,2026-07-01,BLACKLIST,0x5a43b964288ce2b4b7de0cae544531bf94a8b79f,ADDRESS,SANCTIONED_ENTITY,CU-ENT-0061,,ACTIVE,,,CU-INC-0006,,CU-TRG-0056,,CU-IMP-3792,2026-07-01,ONCHAIN_SCAN,HIGH,,Circle
CU-ACT-3793,2026-07-01,BLACKLIST,0x3e4b5fa3fe3fdb48f0865b2088e3beafe915eb63,ADDRESS,SANCTIONED_ENTITY,CU-ENT-0061,,ACTIVE,,,CU-INC-0006,,CU-TRG-0056,,CU-IMP-3793,2026-07-01,ONCHAIN_SCAN,HIGH,,Circle
CU-ACT-3794,2026-07-01,BLACKLIST,0x18855af93d521cf39fa8a1342a06562661725420,ADDRESS,SANCTIONED_ENTITY,CU-ENT-0061,,ACTIVE,,,CU-INC-0006,,CU-TRG-0056,,CU-IMP-3794,2026-07-01,ONCHAIN_SCAN,HIGH,,Circle
CU-ACT-3795,2026-07-01,BLACKLIST,0xa38ffbe2722007f682e4985420acfce172c8b421,ADDRESS,SANCTIONED_ENTITY,CU-ENT-0061,,ACTIVE,,,CU-INC-0006,,CU-TRG-0056,,CU-IMP-3795,2026-07-01,ONCHAIN_SCAN,HIGH,,Circle
CU-ACT-3796,2026-07-01,BLACKLIST,0x31424423746e69795da87d93bef987cc9aebe8d6,ADDRESS,SANCTIONED_ENTITY,CU-ENT-0061,,ACTIVE,,,CU-INC-0006,,CU-TRG-0056,,CU-IMP-3796,2026-07-01,ONCHAIN_SCAN,HIGH,,Circle
CU-ACT-3797,2026-07-01,BLACKLIST,0x7077f6f05c0c435bde0d145613425fc17ce10a5a,ADDRESS,SANCTIONED_ENTITY,CU-ENT-0061,,ACTIVE,,,CU-INC-0006,,CU-TRG-0056,,CU-IMP-3797,2026-07-01,ONCHAIN_SCAN,HIGH,,Circle
CU-ACT-3798,2026-07-01,BLACKLIST,0xf0eaf0fa72283fb86ebd5d462cc5c7e97d640308,ADDRESS,SANCTIONED_ENTITY,CU-ENT-0061,,ACTIVE,,,CU-INC-0006,,CU-TRG-0056,,CU-IMP-3798,2026-07-01,ONCHAIN_SCAN,HIGH,,Circle
CU-ACT-3799,2026-07-01,BLACKLIST,0xcc794fdec285f2b5461b6b2aee7d0511cde8cda7,ADDRESS,SANCTIONED_ENTITY,CU-ENT-0061,,ACTIVE,,,CU-INC-0006,,CU-TRG-0056,,CU-IMP-3799,2026-07-01,ONCHAIN_SCAN,HIGH,,Circle
CU-ACT-3800,2026-07-01,BLACKLIST,0x01ab57e94386817f1d3d3549c2e3ad5d2622de2b,ADDRESS,SANCTIONED_ENTITY,CU-ENT-0061,,ACTIVE,,,CU-INC-0006,,CU-TRG-0056,,CU-IMP-3800,2026-07-01,ONCHAIN_SCAN,HIGH,,Circle
CU-ACT-3801,2026-07-01,BLACKLIST,0x2d0d0dcf83adde53fcde96af5fbcd1367944a2d8,ADDRESS,SANCTIONED_ENTITY,CU-ENT-0061,,ACTIVE,,,CU-INC-0006,,CU-TRG-0056,,CU-IMP-3801,2026-07-01,ONCHAIN_SCAN,HIGH,,Circle
CU-ACT-3802,2026-07-01,BLACKLIST,0xcc0bf752565564606f37c647249da56838671a7d,ADDRESS,SANCTIONED_ENTITY,CU-ENT-0061,,ACTIVE,,,CU-INC-0006,,CU-TRG-0056,,CU-IMP-3802,2026-07-01,ONCHAIN_SCAN,HIGH,,Circle
CU-ACT-3803,2026-07-01,BLACKLIST,0xae1174ea8e2ce28b7db322f675be24507a37aabd,ADDRESS,SANCTIONED_ENTITY,CU-ENT-0061,,ACTIVE,,,CU-INC-0006,,CU-TRG-0056,,CU-IMP-3803,2026-07-01,ONCHAIN_SCAN,HIGH,,Circle
CU-ACT-3804,2026-07-01,BLACKLIST,0xaa678643e6c27b8508d91bf152b581b94b8c6cbf,ADDRESS,SANCTIONED_ENTITY,CU-ENT-0061,,ACTIVE,,,CU-INC-0006,,CU-TRG-0056,,CU-IMP-3804,2026-07-01,ONCHAIN_SCAN,HIGH,,Circle
CU-ACT-3805,2026-07-01,BLACKLIST,0xcc8b73b5a7b3c88478c1a3d0eb34c7c5dc9f686f,ADDRESS,SANCTIONED_ENTITY,CU-ENT-0061,,ACTIVE,,,CU-INC-0006,,CU-TRG-0056,,CU-IMP-3805,2026-07-01,ONCHAIN_SCAN,HIGH,,Circle
CU-ACT-3806,2026-07-01,BLACKLIST,0x12964e45547b54b00faab3f8babc22ff7fe45609,ADDRESS,SANCTIONED_ENTITY,CU-ENT-0061,,ACTIVE,,,CU-INC-0006,,CU-TRG-0056,,CU-IMP-3806,2026-07-01,ONCHAIN_SCAN,HIGH,,Circle
CU-ACT-3807,2026-07-01,BLACKLIST,0xd5f14e80acaf51d5970eba2851685b32f5a97e00,ADDRESS,SANCTIONED_ENTITY,CU-ENT-0061,,ACTIVE,,,CU-INC-0006,,CU-TRG-0056,,CU-IMP-3807,2026-07-01,ONCHAIN_SCAN,HIGH,,Circle
CU-ACT-3808,2026-07-01,BLACKLIST,0x1796486b359f2084f9e1585a491545d38d6db391,ADDRESS,SANCTIONED_ENTITY,CU-ENT-0061,,ACTIVE,,,CU-INC-0006,,CU-TRG-0056,,CU-IMP-3808,2026-07-01,ONCHAIN_SCAN,HIGH,,Circle
CU-ACT-3809,2026-07-01,BLACKLIST,0x410450013674ad6e67c8c0c0d4cf71656cf1e4b4,ADDRESS,SANCTIONED_ENTITY,CU-ENT-0061,,ACTIVE,,,CU-INC-0006,,CU-TRG-0056,,CU-IMP-3809,2026-07-01,ONCHAIN_SCAN,HIGH,,Circle
CU-ACT-3810,2026-07-01,BLACKLIST,0xeb3c18a88bd40c776cdf6c3986edbc39f30a731d,ADDRESS,SANCTIONED_ENTITY,CU-ENT-0061,,ACTIVE,,,CU-INC-0006,,CU-TRG-0056,,CU-IMP-3810,2026-07-01,ONCHAIN_SCAN,HIGH,,Circle
CU-ACT-3811,2026-07-01,BLACKLIST,0x8711522cdb2f89df2d99dea0c1cb68ce2ee3016a,ADDRESS,SANCTIONED_ENTITY,CU-ENT-0061,,ACTIVE,,,CU-INC-0006,,CU-TRG-0056,,CU-IMP-3811,2026-07-01,ONCHAIN_SCAN,HIGH,,Circle
CU-ACT-3812,2026-07-01,BLACKLIST,0x3beaf4486e9c6a4feae23ed9296844588a61604c,ADDRESS,SANCTIONED_ENTITY,CU-ENT-0061,,ACTIVE,,,CU-INC-0006,,CU-TRG-0056,,CU-IMP-3812,2026-07-01,ONCHAIN_SCAN,HIGH,,Circle
CU-ACT-3813,2026-07-01,BLACKLIST,0x8eec746c6fc6dda84f44c82ca94818281c23e1f1,ADDRESS,SANCTIONED_ENTITY,CU-ENT-0061,,ACTIVE,,,CU-INC-0006,,CU-TRG-0056,,CU-IMP-3813,2026-07-01,ONCHAIN_SCAN,HIGH,,Circle
CU-ACT-3814,2026-07-01,BLACKLIST,0x1ed13e7c465a3850f8f9e0b503587ba514017536,ADDRESS,SANCTIONED_ENTITY,CU-ENT-0061,,ACTIVE,,,CU-INC-0006,,CU-TRG-0056,,CU-IMP-3814,2026-07-01,ONCHAIN_SCAN,HIGH,,Circle
CU-ACT-3815,2026-07-01,BLACKLIST,0x8d7e10e5fa9ce28f5a7f49760b59f5ad992bddce,ADDRESS,SANCTIONED_ENTITY,CU-ENT-0061,,ACTIVE,,,CU-INC-0006,,CU-TRG-0056,,CU-IMP-3815,2026-07-01,ONCHAIN_SCAN,HIGH,,Circle
CU-ACT-3816,2026-07-01,BLACKLIST,0x82def3990129e73531ad7a737ba54c76d34e507d,ADDRESS,SANCTIONED_ENTITY,CU-ENT-0061,,ACTIVE,,,CU-INC-0006,,CU-TRG-0056,,CU-IMP-3816,2026-07-01,ONCHAIN_SCAN,HIGH,,Circle
CU-ACT-3817,2026-07-01,BLACKLIST,0x93e7a8bfd6c1f4af81db2ae9ea6b02e69a6da2bf,ADDRESS,SANCTIONED_ENTITY,CU-ENT-0061,,ACTIVE,,,CU-INC-0006,,CU-TRG-0056,,CU-IMP-3817,2026-07-01,ONCHAIN_SCAN,HIGH,,Circle
CU-ACT-3818,2026-07-01,BLACKLIST,0x26f4376ef74562f92876577e86b0bbb4fc05cdd6,ADDRESS,SANCTIONED_ENTITY,CU-ENT-0061,,ACTIVE,,,CU-INC-0006,,CU-TRG-0056,,CU-IMP-3818,2026-07-01,ONCHAIN_SCAN,HIGH,,Circle
CU-ACT-3819,2026-07-01,BLACKLIST,0x91f7a5a79c0c660744496dd498a1601bfe670494,ADDRESS,SANCTIONED_ENTITY,CU-ENT-0061,,ACTIVE,,,CU-INC-0006,,CU-TRG-0056,,CU-IMP-3819,2026-07-01,ONCHAIN_SCAN,HIGH,,Circle
CU-ACT-3820,2026-07-01,BLACKLIST,0x912b64c34d4c048c403d588df0fdae3b9b93b543,ADDRESS,SANCTIONED_ENTITY,CU-ENT-0061,,ACTIVE,,,CU-INC-0006,,CU-TRG-0056,,CU-IMP-3820,2026-07-01,ONCHAIN_SCAN,HIGH,,Circle
CU-ACT-3821,2026-07-01,BLACKLIST,0xc4244fe10b9365766efa5a4f0baa124a750c8b4f,ADDRESS,SANCTIONED_ENTITY,CU-ENT-0061,,ACTIVE,,,CU-INC-0006,,CU-TRG-0056,,CU-IMP-3821,2026-07-01,ONCHAIN_SCAN,HIGH,,Circle
CU-ACT-3822,2026-07-01,BLACKLIST,0x4069dffc23210e939075300d5e50161d0cf868c7,ADDRESS,SANCTIONED_ENTITY,CU-ENT-0061,,ACTIVE,,,CU-INC-0006,,CU-TRG-0056,,CU-IMP-3822,2026-07-01,ONCHAIN_SCAN,HIGH,,Circle
CU-ACT-3823,2026-07-01,BLACKLIST,0x81c483bf9bcdc0a31864ae7c1762425b67c2c467,ADDRESS,SANCTIONED_ENTITY,CU-ENT-0061,,ACTIVE,,,CU-INC-0006,,CU-TRG-0056,,CU-IMP-3823,2026-07-01,ONCHAIN_SCAN,HIGH,,Circle
CU-ACT-3824,2026-07-01,BLACKLIST,0x994aa9e584fdbe4df7934db56941fc19e70bb336,ADDRESS,SANCTIONED_ENTITY,CU-ENT-0061,,ACTIVE,,,CU-INC-0006,,CU-TRG-0056,,CU-IMP-3824,2026-07-01,ONCHAIN_SCAN,HIGH,,Circle
CU-ACT-3825,2026-07-01,BLACKLIST,0x2d20b1d77f2f663f7fe745f8493d6744683544b8,ADDRESS,SANCTIONED_ENTITY,CU-ENT-0061,,ACTIVE,,,CU-INC-0006,,CU-TRG-0056,,CU-IMP-3825,2026-07-01,ONCHAIN_SCAN,HIGH,,Circle
CU-ACT-3826,2026-07-01,BLACKLIST,0xc868071a9602dd0c8e8f277432c742fdac78442b,ADDRESS,SANCTIONED_ENTITY,CU-ENT-0061,,ACTIVE,,,CU-INC-0006,,CU-TRG-0056,,CU-IMP-3826,2026-07-01,ONCHAIN_SCAN,HIGH,,Circle
CU-ACT-3827,2026-07-01,BLACKLIST,0xab1a8d5e41dc0223973dbdfd1de14e3d567d81fb,ADDRESS,SANCTIONED_ENTITY,CU-ENT-0061,,ACTIVE,,,CU-INC-0006,,CU-TRG-0056,,CU-IMP-3827,2026-07-01,ONCHAIN_SCAN,HIGH,,Circle
CU-ACT-3828,2026-07-01,BLACKLIST,0x13c9c13507282550061c367f8f10527df835afc5,ADDRESS,SANCTIONED_ENTITY,CU-ENT-0061,,ACTIVE,,,CU-INC-0006,,CU-TRG-0056,,CU-IMP-3828,2026-07-01,ONCHAIN_SCAN,HIGH,,Circle
CU-ACT-3829,2026-07-01,BLACKLIST,0x3ec58d2b0bce77282f2e415ac6596dc3f626f436,ADDRESS,SANCTIONED_ENTITY,CU-ENT-0061,,ACTIVE,,,CU-INC-0006,,CU-TRG-0056,,CU-IMP-3829,2026-07-01,ONCHAIN_SCAN,HIGH,,Circle
CU-ACT-3830,2026-07-01,BLACKLIST,0xee366d650af5599f86289109ffb37ff0a2178b2f,ADDRESS,SANCTIONED_ENTITY,CU-ENT-0061,,ACTIVE,,,CU-INC-0006,,CU-TRG-0056,,CU-IMP-3830,2026-07-01,ONCHAIN_SCAN,HIGH,,Circle
CU-ACT-3831,2026-07-01,BLACKLIST,0x5168da75329bca67a2c75642b7cab4f14482cb9d,ADDRESS,SANCTIONED_ENTITY,CU-ENT-0061,,ACTIVE,,,CU-INC-0006,,CU-TRG-0056,,CU-IMP-3831,2026-07-01,ONCHAIN_SCAN,HIGH,,Circle
CU-ACT-3832,2026-07-01,BLACKLIST,0x70d6292f5b971c82fb6587a3cd740f64e98009c3,ADDRESS,SANCTIONED_ENTITY,CU-ENT-0061,,ACTIVE,,,CU-INC-0006,,CU-TRG-0056,,CU-IMP-3832,2026-07-01,ONCHAIN_SCAN,HIGH,,Circle
CU-ACT-3833,2026-07-13,BLACKLIST,0x1d19b52b54e7ef5ea1a4b40b616165e798eac9f8,ADDRESS,SANCTIONED_ENTITY,CU-ENT-0065,,ACTIVE,,,,,CU-TRG-0058,,CU-IMP-3833,2026-07-13,ONCHAIN_SCAN,HIGH,,Circle
CU-ACT-3834,2026-07-13,BLACKLIST,0x2c7dcd774b33e10367f7d6385479e04f97d179dc,ADDRESS,SANCTIONED_ENTITY,CU-ENT-0065,,ACTIVE,,,,,CU-TRG-0058,,CU-IMP-3834,2026-07-13,ONCHAIN_SCAN,HIGH,,Circle
CU-ACT-3835,2026-07-13,BLACKLIST,0xbe7d33a802487f0b51e0191dc0c3772fa11a8f70,ADDRESS,SANCTIONED_ENTITY,CU-ENT-0065,,ACTIVE,,,,,CU-TRG-0058,,CU-IMP-3835,2026-07-13,ONCHAIN_SCAN,HIGH,,Circle
CU-ACT-3836,2026-07-13,BLACKLIST,0x2711d73d559f62f4f855ee21f38378f528e07985,ADDRESS,SANCTIONED_ENTITY,CU-ENT-0064,,ACTIVE,,,,,CU-TRG-0058,,CU-IMP-3836,2026-07-13,ONCHAIN_SCAN,HIGH,,Circle
CU-ACT-3837,2026-07-13,BLACKLIST,0xcfbb0c9a2a99777b46211b380869f82cf20a635e,ADDRESS,SANCTIONED_ENTITY,CU-ENT-0064,,ACTIVE,,,,,CU-TRG-0058,,CU-IMP-3837,2026-07-13,ONCHAIN_SCAN,HIGH,,Circle
CU-ACT-3838,2026-07-13,BLACKLIST,0x0e0d1899d3a6a9362bc215f1c5a9acaccb0de882,ADDRESS,SANCTIONED_ENTITY,CU-ENT-0065,,ACTIVE,,,,,CU-TRG-0058,,CU-IMP-3838,2026-07-13,ONCHAIN_SCAN,HIGH,,Circle
CU-ACT-3839,2026-07-14,BLACKLIST,0x08151bd98c00015de698408de9405aa62115b5ee,ADDRESS,SANCTIONED_ENTITY,CU-ENT-0071,,ACTIVE,,,,,CU-TRG-0063,,CU-IMP-3839,2026-07-14,ONCHAIN_SCAN,HIGH,,Circle
CU-ACT-3840,2026-07-14,BLACKLIST,0x3ba6174651e3a0c3c6a7d42a75e6e00b039304d1,ADDRESS,SANCTIONED_ENTITY,CU-ENT-0071,,ACTIVE,,,,,CU-TRG-0063,,CU-IMP-3840,2026-07-14,ONCHAIN_SCAN,HIGH,,Circle
CU-ACT-3841,2026-07-14,BLACKLIST,0x5f077e9b16f30b9ecfaf5dc09294dcc98b8d395a,ADDRESS,SANCTIONED_ENTITY,CU-ENT-0071,,ACTIVE,,,,,CU-TRG-0063,,CU-IMP-3841,2026-07-14,ONCHAIN_SCAN,HIGH,,Circle
CU-ACT-3842,2026-07-14,BLACKLIST,0xe995da05f4e51871d5d2ef8496536a052138bc6a,ADDRESS,SANCTIONED_ENTITY,CU-ENT-0071,,ACTIVE,,,,,CU-TRG-0063,,CU-IMP-3842,2026-07-14,ONCHAIN_SCAN,HIGH,,Circle
CU-ACT-3843,2026-07-23,BLACKLIST,0x07f57fafbd3055737c778184cdb7b30c65fb7a6e,ADDRESS,SANCTIONED_ENTITY,CU-ENT-0070,,ACTIVE,,,,,CU-TRG-0061,,CU-IMP-3843,2026-07-23,ONCHAIN_SCAN,HIGH,,Circle
CU-ACT-3844,2026-07-23,BLACKLIST,0x4b6d60a69a1386992e18f89241d183429ebc3a56,ADDRESS,SANCTIONED_ENTITY,CU-ENT-0070,,ACTIVE,,,,,CU-TRG-0061,,CU-IMP-3844,2026-07-23,ONCHAIN_SCAN,HIGH,,Circle
CU-ACT-3845,2026-07-23,BLACKLIST,0x506d8d7c56a06723a52fde594638eeda23461d15,ADDRESS,SANCTIONED_ENTITY,CU-ENT-0070,,ACTIVE,,,,,CU-TRG-0061,,CU-IMP-3845,2026-07-23,ONCHAIN_SCAN,HIGH,,Circle
CU-ACT-3846,2026-07-23,BLACKLIST,0x76c7c4ff99ab9791d4e358e33a3f51c2c5d3ac8e,ADDRESS,SANCTIONED_ENTITY,CU-ENT-0070,,ACTIVE,,,,,CU-TRG-0061,,CU-IMP-3846,2026-07-23,ONCHAIN_SCAN,HIGH,,Circle
CU-ACT-3847,2026-07-23,BLACKLIST,0x99929eed7638ac0f031a5d925409741f86f98be6,ADDRESS,SANCTIONED_ENTITY,CU-ENT-0070,,ACTIVE,,,,,CU-TRG-0061,,CU-IMP-3847,2026-07-23,ONCHAIN_SCAN,HIGH,,Circle
CU-ACT-3848,2026-07-23,BLACKLIST,0xb690e524695f909e7dac090ff30b1fcfe557f597,ADDRESS,SANCTIONED_ENTITY,CU-ENT-0070,,ACTIVE,,,,,CU-TRG-0061,,CU-IMP-3848,2026-07-23,ONCHAIN_SCAN,HIGH,,Circle
CU-ACT-3849,2026-07-23,BLACKLIST,0xd838b11133085016bc31ca78571067b0d77dc290,ADDRESS,SANCTIONED_ENTITY,CU-ENT-0070,,ACTIVE,,,,,CU-TRG-0061,,CU-IMP-3849,2026-07-23,ONCHAIN_SCAN,HIGH,,Circle
CU-ACT-3850,2026-07-29,BLACKLIST,0x0ede564e315f8e1803161a22e8404c624c35b1fb,ADDRESS,SANCTIONED_ENTITY,CU-ENT-0073,,ACTIVE,,,,,CU-TRG-0065,,CU-IMP-3850,2026-03-26,ONCHAIN_SCAN,HIGH,,Circle
CU-ACT-3851,2026-07-29,BLACKLIST,0xdca63d36e326fdcde1c6403ff3edf5d8ba7699ad,ADDRESS,SANCTIONED_ENTITY,CU-ENT-0073,,ACTIVE,,,,,CU-TRG-0065,,CU-IMP-3851,2026-03-26,ONCHAIN_SCAN,HIGH,,Circle
CU-ACT-3852,2026-07-29,BLACKLIST,0xbea68d2d1f0dd9a46d7a0aa33e8e1dbb17427922,ADDRESS,,,,ACTIVE,,,,,,,CU-IMP-3852,,ONCHAIN_SCAN,HIGH,,Circle
CU-ACT-3853,2026-08-07,BLACKLIST,0x6b69e2a7545c166417a80c61a77562052bffa9c5,ADDRESS,SANCTIONED_ENTITY,CU-ENT-0068,,ACTIVE,,,,,CU-TRG-0059,,CU-IMP-3853,2026-08-07,ONCHAIN_SCAN,HIGH,,Circle
CU-ACT-3854,2026-08-07,BLACKLIST,0x8d79c73daae8630c88de372ba8f57592fa987607,ADDRESS,SANCTIONED_ENTITY,CU-ENT-0067,,ACTIVE,,,,,CU-TRG-0059,,CU-IMP-3854,2026-08-07,ONCHAIN_SCAN,HIGH,,Circle
CU-ACT-3855,2026-08-07,BLACKLIST,0x967f32c544b6547f366123927d6dc0a3c6dcdfb9,ADDRESS,SANCTIONED_ENTITY,CU-ENT-0067,,ACTIVE,,,,,CU-TRG-0059,,CU-IMP-3855,2026-08-07,ONCHAIN_SCAN,HIGH,,Circle
CU-ACT-3856,2026-08-07,BLACKLIST,0xc02b8bcd6cea7162274b939410d466b755553175,ADDRESS,SANCTIONED_ENTITY,CU-ENT-0066,,ACTIVE,,,,,CU-TRG-0059,,CU-IMP-3856,2026-08-07,ONCHAIN_SCAN,HIGH,,Circle
CU-ACT-3857,2026-08-07,BLACKLIST,0xbb69e01921b17cd22080968bcc96ba6115da6062,ADDRESS,SANCTIONED_ENTITY,CU-ENT-0066,,ACTIVE,,,,,CU-TRG-0059,,CU-IMP-3857,2026-08-07,ONCHAIN_SCAN,HIGH,,Circle
CU-ACT-3858,2026-08-07,BLACKLIST,0xe05f529f5284d75624eba386cb716928c3b54a2a,ADDRESS,SANCTIONED_ENTITY,CU-ENT-0068,,ACTIVE,,,,,CU-TRG-0059,,CU-IMP-3858,2026-08-07,ONCHAIN_SCAN,HIGH,,Circle
CU-ACT-3859,2026-08-07,BLACKLIST,0xeaac716a919f3a032a7e5f4d803c799569c32bd4,ADDRESS,SANCTIONED_ENTITY,CU-ENT-0068,,ACTIVE,,,,,CU-TRG-0059,,CU-IMP-3859,2026-08-07,ONCHAIN_SCAN,HIGH,,Circle
CU-ACT-3860,2026-04-24,BLACKLIST,0x8be1904f7e8d196ef670835e2893be5f75c1e63e,ADDRESS,SANCTIONED_ENTITY,CU-ENT-0071,,ACTIVE,,,,,CU-TRG-0062,,CU-IMP-3860,2026-04-24,ONCHAIN_SCAN,HIGH,,Circle
CU-ACT-3861,2026-04-24,BLACKLIST,0xc29c4df7111a39030a037a3abc8dc68c8d1d8ceb,ADDRESS,SANCTIONED_ENTITY,CU-ENT-0071,,ACTIVE,,,,,CU-TRG-0062,,CU-IMP-3861,2026-04-24,ONCHAIN_SCAN,HIGH,,Circle
CU-ACT-3862,2026-05-20,BLACKLIST,0x038989cbb1710c72b9920dc4fa529158f463e72c,ADDRESS,SANCTIONED_ENTITY,CU-ENT-0062,,ACTIVE,,,,,CU-TRG-0057,,CU-IMP-3862,2026-05-20,ONCHAIN_SCAN,HIGH,,Circle
CU-ACT-3863,2026-05-20,BLACKLIST,0x32da24ca413f3e7b53145d4737e172c3bdf81e3e,ADDRESS,SANCTIONED_ENTITY,CU-ENT-0062,,ACTIVE,,,,,CU-TRG-0057,,CU-IMP-3863,2026-05-20,ONCHAIN_SCAN,HIGH,,Circle
CU-ACT-3864,2026-05-20,BLACKLIST,0x14779cec0b117d5194c750c55ea1f42086631964,ADDRESS,SANCTIONED_ENTITY,CU-ENT-0062,,ACTIVE,,,,,CU-TRG-0057,,CU-IMP-3864,2026-05-20,ONCHAIN_SCAN,HIGH,,Circle
CU-ACT-3865,2026-05-20,BLACKLIST,0x4f428c11dc82388fa5136d636e613ad923eb700b,ADDRESS,SANCTIONED_ENTITY,CU-ENT-0062,,ACTIVE,,,,,CU-TRG-0057,,CU-IMP-3865,2026-05-20,ONCHAIN_SCAN,HIGH,,Circle
CU-ACT-3866,2026-05-20,BLACKLIST,0xac4cc4b68ea24bbfaac8fd127b67ed445accce22,ADDRESS,SANCTIONED_ENTITY,CU-ENT-0063,,ACTIVE,,,,,CU-TRG-0057,,CU-IMP-3866,2026-05-20,ONCHAIN_SCAN,HIGH,,Circle
CU-ACT-3867,2026-05-20,BLACKLIST,0xf2235d55b2950a0b1317469d72d07ae65b2e27cb,ADDRESS,SANCTIONED_ENTITY,CU-ENT-0062,,ACTIVE,,,,,CU-TRG-0057,,CU-IMP-3867,2026-05-20,ONCHAIN_SCAN,HIGH,,Circle
CU-ACT-3868,2026-05-26,BLACKLIST,0x61427bf615ef615cae4314ca4fe16d5142217443,ADDRESS,SANCTIONED_ENTITY,CU-ENT-0072,,ACTIVE,,,,,CU-TRG-0064,,CU-IMP-3868,2026-05-26,ONCHAIN_SCAN,HIGH,,Circle
CU-ACT-3869,2026-05-26,BLACKLIST,0xd6ff9ba2aa8a3afd1e3d4a133449b9142ce52df5,ADDRESS,SANCTIONED_ENTITY,CU-ENT-0072,,ACTIVE,,,,,CU-TRG-0064,,CU-IMP-3869,2026-05-26,ONCHAIN_SCAN,HIGH,,Circle
CU-ACT-3870,2026-05-26,BLACKLIST,0x1ac8d4e4d1418a66f5891de2519693c797a2683b,ADDRESS,SANCTIONED_ENTITY,CU-ENT-0072,,ACTIVE,,,,,CU-TRG-0064,,CU-IMP-3870,2026-05-26,ONCHAIN_SCAN,HIGH,,Circle
CU-ACT-3871,2026-06-22,BLACKLIST,0x110cb5c5089fc35ba0deb718a291dd64f6d1bec8,ADDRESS,SANCTIONED_ENTITY,CU-ENT-0069,,ACTIVE,,,,,CU-TRG-0060,,CU-IMP-3871,2026-06-22,ONCHAIN_SCAN,HIGH,,Circle
CU-ACT-3872,2026-06-22,BLACKLIST,0x2408302c960af24d6df5dee325b59ac59b2e55ce,ADDRESS,SANCTIONED_ENTITY,CU-ENT-0069,,ACTIVE,,,,,CU-TRG-0060,,CU-IMP-3872,2026-06-22,ONCHAIN_SCAN,HIGH,,Circle
CU-ACT-3873,2026-07-01,BLACKLIST,0xce9f3bc87000393f625088ed40280a74682396cf,ADDRESS,SANCTIONED_ENTITY,CU-ENT-0061,,ACTIVE,,,CU-INC-0006,,CU-TRG-0056,,CU-IMP-3873,2026-07-01,ONCHAIN_SCAN,HIGH,,Circle
CU-ACT-3874,2026-07-01,BLACKLIST,0x1508e3c339f9e916595bfa6ea169aee265acf90c,ADDRESS,SANCTIONED_ENTITY,CU-ENT-0061,,ACTIVE,,,CU-INC-0006,,CU-TRG-0056,,CU-IMP-3874,2026-07-01,ONCHAIN_SCAN,HIGH,,Circle
CU-ACT-3875,2026-07-01,BLACKLIST,0x0eaea039d805c9600de19d5a9aa6daf4d51979ed,ADDRESS,SANCTIONED_ENTITY,CU-ENT-0061,,ACTIVE,,,CU-INC-0006,,CU-TRG-0056,,CU-IMP-3875,2026-07-01,ONCHAIN_SCAN,HIGH,,Circle
CU-ACT-3876,2026-07-01,BLACKLIST,0xc44b0630645bdf681c775df334cbd7530da813fa,ADDRESS,SANCTIONED_ENTITY,CU-ENT-0061,,ACTIVE,,,CU-INC-0006,,CU-TRG-0056,,CU-IMP-3876,2026-07-01,ONCHAIN_SCAN,HIGH,,Circle
CU-ACT-3877,2026-07-01,BLACKLIST,0x18db649c1400f3dfbbf71b8b99419edcb12a0947,ADDRESS,SANCTIONED_ENTITY,CU-ENT-0061,,ACTIVE,,,CU-INC-0006,,CU-TRG-0056,,CU-IMP-3877,2026-07-01,ONCHAIN_SCAN,HIGH,,Circle
CU-ACT-3878,2026-07-01,BLACKLIST,0x1f6aa4cd73fe9faf58727800b075d43caa106d46,ADDRESS,SANCTIONED_ENTITY,CU-ENT-0061,,ACTIVE,,,CU-INC-0006,,CU-TRG-0056,,CU-IMP-3878,2026-07-01,ONCHAIN_SCAN,HIGH,,Circle
CU-ACT-3879,2026-07-01,BLACKLIST,0xda916a1c12989829fb02a0241a7e70b5a1a4e905,ADDRESS,SANCTIONED_ENTITY,CU-ENT-0061,,ACTIVE,,,CU-INC-0006,,CU-TRG-0056,,CU-IMP-3879,2026-07-01,ONCHAIN_SCAN,HIGH,,Circle
CU-ACT-3880,2026-07-01,BLACKLIST,0xd67bb799b7d2dded7dd85802c5a6affec1108b94,ADDRESS,SANCTIONED_ENTITY,CU-ENT-0061,,ACTIVE,,,CU-INC-0006,,CU-TRG-0056,,CU-IMP-3880,2026-07-01,ONCHAIN_SCAN,HIGH,,Circle
CU-ACT-3881,2026-07-01,BLACKLIST,0xb654159bc14f208000ec9e0ad287b321c7a3bf5c,ADDRESS,SANCTIONED_ENTITY,CU-ENT-0061,,ACTIVE,,,CU-INC-0006,,CU-TRG-0056,,CU-IMP-3881,2026-07-01,ONCHAIN_SCAN,HIGH,,Circle
CU-ACT-3882,2026-07-01,BLACKLIST,0x9b571ef4731f0c8539a629cc4c44fa4fd280c10d,ADDRESS,SANCTIONED_ENTITY,CU-ENT-0061,,ACTIVE,,,CU-INC-0006,,CU-TRG-0056,,CU-IMP-3882,2026-07-01,ONCHAIN_SCAN,HIGH,,Circle
CU-ACT-3883,2026-07-01,BLACKLIST,0xe2b0c8cd5516cf733013712408add325081225ca,ADDRESS,SANCTIONED_ENTITY,CU-ENT-0061,,ACTIVE,,,CU-INC-0006,,CU-TRG-0056,,CU-IMP-3883,2026-07-01,ONCHAIN_SCAN,HIGH,,Circle
CU-ACT-3884,2026-07-01,BLACKLIST,0xe6e1d9098b08fff5f8b3e27a02d4dca8ffcdf0a9,ADDRESS,SANCTIONED_ENTITY,CU-ENT-0061,,ACTIVE,,,CU-INC-0006,,CU-TRG-0056,,CU-IMP-3884,2026-07-01,ONCHAIN_SCAN,HIGH,,Circle
CU-ACT-3885,2026-07-01,BLACKLIST,0xd1d1443c710b2f295f72ef3bc8be04a28be3e0db,ADDRESS,SANCTIONED_ENTITY,CU-ENT-0061,,ACTIVE,,,CU-INC-0006,,CU-TRG-0056,,CU-IMP-3885,2026-07-01,ONCHAIN_SCAN,HIGH,,Circle
CU-ACT-3886,2026-07-01,BLACKLIST,0xb4a69b8228c1621eb22d9c6f1ef33926616f8218,ADDRESS,SANCTIONED_ENTITY,CU-ENT-0061,,ACTIVE,,,CU-INC-0006,,CU-TRG-0056,,CU-IMP-3886,2026-07-01,ONCHAIN_SCAN,HIGH,,Circle
CU-ACT-3887,2026-07-01,BLACKLIST,0x203b0053ccb42ca09357dde941d251d888ec1044,ADDRESS,SANCTIONED_ENTITY,CU-ENT-0061,,ACTIVE,,,CU-INC-0006,,CU-TRG-0056,,CU-IMP-3887,2026-07-01,ONCHAIN_SCAN,HIGH,,Circle
CU-ACT-3888,2026-07-01,BLACKLIST,0xcd211408b46bdbf03abb2eac205a01ceb1d86288,ADDRESS,SANCTIONED_ENTITY,CU-ENT-0061,,ACTIVE,,,CU-INC-0006,,CU-TRG-0056,,CU-IMP-3888,2026-07-01,ONCHAIN_SCAN,HIGH,,Circle
CU-ACT-3889,2026-07-01,BLACKLIST,0x545fd777d462df0acc99a188f2532a962e00df74,ADDRESS,SANCTIONED_ENTITY,CU-ENT-0061,,ACTIVE,,,CU-INC-0006,,CU-TRG-0056,,CU-IMP-3889,2026-07-01,ONCHAIN_SCAN,HIGH,,Circle
CU-ACT-3890,2026-07-01,BLACKLIST,0xb2880d55b128cfa10cc32411e2311f59500e130b,ADDRESS,SANCTIONED_ENTITY,CU-ENT-0061,,ACTIVE,,,CU-INC-0006,,CU-TRG-0056,,CU-IMP-3890,2026-07-01,ONCHAIN_SCAN,HIGH,,Circle
CU-ACT-3891,2026-07-01,BLACKLIST,0x6ee2a4ab3befdcfcd8c0844e853491f08971d899,ADDRESS,SANCTIONED_ENTITY,CU-ENT-0061,,ACTIVE,,,CU-INC-0006,,CU-TRG-0056,,CU-IMP-3891,2026-07-01,ONCHAIN_SCAN,HIGH,,Circle
CU-ACT-3892,2026-07-01,BLACKLIST,0x1e6983848eca149f9fc68b0a1616a1c4f62945aa,ADDRESS,SANCTIONED_ENTITY,CU-ENT-0061,,ACTIVE,,,CU-INC-0006,,CU-TRG-0056,,CU-IMP-3892,2026-07-01,ONCHAIN_SCAN,HIGH,,Circle
CU-ACT-3893,2026-07-01,BLACKLIST,0xc73da1e718a4fbd1ce023d412ab34433922fba58,ADDRESS,SANCTIONED_ENTITY,CU-ENT-0061,,ACTIVE,,,CU-INC-0006,,CU-TRG-0056,,CU-IMP-3893,2026-07-01,ONCHAIN_SCAN,HIGH,,Circle
CU-ACT-3894,2026-07-01,BLACKLIST,0x9789e42918dec6442a155fd2ba064d05d6db0ed2,ADDRESS,SANCTIONED_ENTITY,CU-ENT-0061,,ACTIVE,,,CU-INC-0006,,CU-TRG-0056,,CU-IMP-3894,2026-07-01,ONCHAIN_SCAN,HIGH,,Circle
CU-ACT-3895,2026-07-01,BLACKLIST,0xe9d48628d685e121f48181616c71f88ec4020bf9,ADDRESS,SANCTIONED_ENTITY,CU-ENT-0061,,ACTIVE,,,CU-INC-0006,,CU-TRG-0056,,CU-IMP-3895,2026-07-01,ONCHAIN_SCAN,HIGH,,Circle
CU-ACT-3896,2026-07-01,BLACKLIST,0xd68022dc9dde9c9e1a613a1fb04a1de5758b563e,ADDRESS,SANCTIONED_ENTITY,CU-ENT-0061,,ACTIVE,,,CU-INC-0006,,CU-TRG-0056,,CU-IMP-3896,2026-07-01,ONCHAIN_SCAN,HIGH,,Circle
CU-ACT-3897,2026-07-01,BLACKLIST,0x2bbf8e01ef1349da89eb6d423a217582430e6dbc,ADDRESS,SANCTIONED_ENTITY,CU-ENT-0061,,ACTIVE,,,CU-INC-0006,,CU-TRG-0056,,CU-IMP-3897,2026-07-01,ONCHAIN_SCAN,HIGH,,Circle
CU-ACT-3898,2026-07-01,BLACKLIST,0x84be9d8d09cb26f31bb37771ecb06ebdd91101f9,ADDRESS,SANCTIONED_ENTITY,CU-ENT-0061,,ACTIVE,,,CU-INC-0006,,CU-TRG-0056,,CU-IMP-3898,2026-07-01,ONCHAIN_SCAN,HIGH,,Circle
CU-ACT-3899,2026-07-01,BLACKLIST,0xdd6184d750a5610e1094cc5b02a8ec1c7dc14be2,ADDRESS,SANCTIONED_ENTITY,CU-ENT-0061,,ACTIVE,,,CU-INC-0006,,CU-TRG-0056,,CU-IMP-3899,2026-07-01,ONCHAIN_SCAN,HIGH,,Circle
CU-ACT-3900,2026-07-01,BLACKLIST,0x30c7c36cb08138b620bc21611e18264c6a222583,ADDRESS,SANCTIONED_ENTITY,CU-ENT-0061,,ACTIVE,,,CU-INC-0006,,CU-TRG-0056,,CU-IMP-3900,2026-07-01,ONCHAIN_SCAN,HIGH,,Circle
CU-ACT-3901,2026-07-01,BLACKLIST,0xef7c470bbcdd524c299304627180d6074ccbfdfd,ADDRESS,SANCTIONED_ENTITY,CU-ENT-0061,,ACTIVE,,,CU-INC-0006,,CU-TRG-0056,,CU-IMP-3901,2026-07-01,ONCHAIN_SCAN,HIGH,,Circle
CU-ACT-3902,2026-07-01,BLACKLIST,0x2277d63319a5d529c0ffecf1d4d93343713d9802,ADDRESS,SANCTIONED_ENTITY,CU-ENT-0061,,ACTIVE,,,CU-INC-0006,,CU-TRG-0056,,CU-IMP-3902,2026-07-01,ONCHAIN_SCAN,HIGH,,Circle
CU-ACT-3903,2026-07-01,BLACKLIST,0x35ecfdb165bbc06d2cc19af466465c7ac9c3f7eb,ADDRESS,SANCTIONED_ENTITY,CU-ENT-0061,,ACTIVE,,,CU-INC-0006,,CU-TRG-0056,,CU-IMP-3903,2026-07-01,ONCHAIN_SCAN,HIGH,,Circle
CU-ACT-3904,2026-07-01,BLACKLIST,0x2fbe2388dca7d240ebc72617fb2dd5890fea4dd2,ADDRESS,SANCTIONED_ENTITY,CU-ENT-0061,,ACTIVE,,,CU-INC-0006,,CU-TRG-0056,,CU-IMP-3904,2026-07-01,ONCHAIN_SCAN,HIGH,,Circle
CU-ACT-3905,2026-07-01,BLACKLIST,0xe5b46834ab6831f5d27c72237da310fef4552911,ADDRESS,SANCTIONED_ENTITY,CU-ENT-0061,,ACTIVE,,,CU-INC-0006,,CU-TRG-0056,,CU-IMP-3905,2026-07-01,ONCHAIN_SCAN,HIGH,,Circle
CU-ACT-3906,2026-07-01,BLACKLIST,0x8c5a5d9b5bd20cea93295e0f12909d6ebf2f1989,ADDRESS,SANCTIONED_ENTITY,CU-ENT-0061,,ACTIVE,,,CU-INC-0006,,CU-TRG-0056,,CU-IMP-3906,2026-07-01,ONCHAIN_SCAN,HIGH,,Circle
CU-ACT-3907,2026-07-01,BLACKLIST,0xb0fc46592a0795a23df08b2b25e953a5461805fb,ADDRESS,SANCTIONED_ENTITY,CU-ENT-0061,,ACTIVE,,,CU-INC-0006,,CU-TRG-0056,,CU-IMP-3907,2026-07-01,ONCHAIN_SCAN,HIGH,,Circle
CU-ACT-3908,2026-07-01,BLACKLIST,0xc4b13cf26d06bd15db5b8efe9553710b9aae8acd,ADDRESS,SANCTIONED_ENTITY,CU-ENT-0061,,ACTIVE,,,CU-INC-0006,,CU-TRG-0056,,CU-IMP-3908,2026-07-01,ONCHAIN_SCAN,HIGH,,Circle
CU-ACT-3909,2026-07-01,BLACKLIST,0x2606d9411d6a4cab5b9e0bbd3cdef05f3f35854e,ADDRESS,SANCTIONED_ENTITY,CU-ENT-0061,,ACTIVE,,,CU-INC-0006,,CU-TRG-0056,,CU-IMP-3909,2026-07-01,ONCHAIN_SCAN,HIGH,,Circle
CU-ACT-3910,2026-07-01,BLACKLIST,0x160ad9cb8202fe697e5b0991b65032787ce23dff,ADDRESS,SANCTIONED_ENTITY,CU-ENT-0061,,ACTIVE,,,CU-INC-0006,,CU-TRG-0056,,CU-IMP-3910,2026-07-01,ONCHAIN_SCAN,HIGH,,Circle
CU-ACT-3911,2026-07-01,BLACKLIST,0x0a9f2460bd9357ebc0e24654b83d43d701560500,ADDRESS,SANCTIONED_ENTITY,CU-ENT-0061,,ACTIVE,,,CU-INC-0006,,CU-TRG-0056,,CU-IMP-3911,2026-07-01,ONCHAIN_SCAN,HIGH,,Circle
CU-ACT-3912,2026-07-01,BLACKLIST,0x45e8fcd87cefd8f53a1775c9781f50e8ca7e8b62,ADDRESS,SANCTIONED_ENTITY,CU-ENT-0061,,ACTIVE,,,CU-INC-0006,,CU-TRG-0056,,CU-IMP-3912,2026-07-01,ONCHAIN_SCAN,HIGH,,Circle
CU-ACT-3913,2026-07-01,BLACKLIST,0xd82ffef8cb4f0f6a56fc2dd275879985307d1d3a,ADDRESS,SANCTIONED_ENTITY,CU-ENT-0061,,ACTIVE,,,CU-INC-0006,,CU-TRG-0056,,CU-IMP-3913,2026-07-01,ONCHAIN_SCAN,HIGH,,Circle
CU-ACT-3914,2026-07-01,BLACKLIST,0x75fd59164d2af087af5a90f7e1b7c3d05de93dee,ADDRESS,SANCTIONED_ENTITY,CU-ENT-0061,,ACTIVE,,,CU-INC-0006,,CU-TRG-0056,,CU-IMP-3914,2026-07-01,ONCHAIN_SCAN,HIGH,,Circle
CU-ACT-3915,2026-07-01,BLACKLIST,0x8960c337bb1bc8618e8c022277ca0d34d26ce06c,ADDRESS,SANCTIONED_ENTITY,CU-ENT-0061,,ACTIVE,,,CU-INC-0006,,CU-TRG-0056,,CU-IMP-3915,2026-07-01,ONCHAIN_SCAN,HIGH,,Circle
CU-ACT-3916,2026-07-01,BLACKLIST,0x97248ad2ee8453b901c646bddc256e4dca165452,ADDRESS,SANCTIONED_ENTITY,CU-ENT-0061,,ACTIVE,,,CU-INC-0006,,CU-TRG-0056,,CU-IMP-3916,2026-07-01,ONCHAIN_SCAN,HIGH,,Circle
CU-ACT-3917,2026-07-01,BLACKLIST,0x00e0c79525c9f846ee27f8ecf3dcfebb3a335dc7,ADDRESS,SANCTIONED_ENTITY,CU-ENT-0061,,ACTIVE,,,CU-INC-0006,,CU-TRG-0056,,CU-IMP-3917,2026-07-01,ONCHAIN_SCAN,HIGH,,Circle
CU-ACT-3918,2026-07-01,BLACKLIST,0x464da77310220c0c1596f8339129907b16cd896f,ADDRESS,SANCTIONED_ENTITY,CU-ENT-0061,,ACTIVE,,,CU-INC-0006,,CU-TRG-0056,,CU-IMP-3918,2026-07-01,ONCHAIN_SCAN,HIGH,,Circle
CU-ACT-3919,2026-07-01,BLACKLIST,0x0ede87dc2bf535ebc2682340dfc33cc50363bc2b,ADDRESS,SANCTIONED_ENTITY,CU-ENT-0061,,ACTIVE,,,CU-INC-0006,,CU-TRG-0056,,CU-IMP-3919,2026-07-01,ONCHAIN_SCAN,HIGH,,Circle
CU-ACT-3920,2026-07-01,BLACKLIST,0xf72202e113a400891e8f91e1fec0c1cc9065d735,ADDRESS,SANCTIONED_ENTITY,CU-ENT-0061,,ACTIVE,,,CU-INC-0006,,CU-TRG-0056,,CU-IMP-3920,2026-07-01,ONCHAIN_SCAN,HIGH,,Circle
CU-ACT-3921,2026-07-01,BLACKLIST,0x0b1da2038535de65831e81f6fdc40f40b222e2b1,ADDRESS,SANCTIONED_ENTITY,CU-ENT-0061,,ACTIVE,,,CU-INC-0006,,CU-TRG-0056,,CU-IMP-3921,2026-07-01,ONCHAIN_SCAN,HIGH,,Circle
CU-ACT-3922,2026-07-01,BLACKLIST,0x5b05ac96e74161c8edffb7e6368df33b4167583a,ADDRESS,SANCTIONED_ENTITY,CU-ENT-0061,,ACTIVE,,,CU-INC-0006,,CU-TRG-0056,,CU-IMP-3922,2026-07-01,ONCHAIN_SCAN,HIGH,,Circle
CU-ACT-3923,2026-07-01,BLACKLIST,0x7db839f22e388b5c427ef1ae4f1fe558012904bf,ADDRESS,SANCTIONED_ENTITY,CU-ENT-0061,,ACTIVE,,,CU-INC-0006,,CU-TRG-0056,,CU-IMP-3923,2026-07-01,ONCHAIN_SCAN,HIGH,,Circle
CU-ACT-3924,2026-07-01,BLACKLIST,0xad5c8f4ba4bb0b94feb63e97bb821f808d44507b,ADDRESS,SANCTIONED_ENTITY,CU-ENT-0061,,ACTIVE,,,CU-INC-0006,,CU-TRG-0056,,CU-IMP-3924,2026-07-01,ONCHAIN_SCAN,HIGH,,Circle
CU-ACT-3925,2026-07-01,BLACKLIST,0xe646c85afde30e55d7196612efd37e5b058e9717,ADDRESS,SANCTIONED_ENTITY,CU-ENT-0061,,ACTIVE,,,CU-INC-0006,,CU-TRG-0056,,CU-IMP-3925,2026-07-01,ONCHAIN_SCAN,HIGH,,Circle
CU-ACT-3926,2026-07-01,BLACKLIST,0x1c165affe280c786303cce84f1eda9957de87779,ADDRESS,SANCTIONED_ENTITY,CU-ENT-0061,,ACTIVE,,,CU-INC-0006,,CU-TRG-0056,,CU-IMP-3926,2026-07-01,ONCHAIN_SCAN,HIGH,,Circle
CU-ACT-3927,2026-07-01,BLACKLIST,0x6440312463c98262b0768ac4f8e7232fb58caced,ADDRESS,SANCTIONED_ENTITY,CU-ENT-0061,,ACTIVE,,,CU-INC-0006,,CU-TRG-0056,,CU-IMP-3927,2026-07-01,ONCHAIN_SCAN,HIGH,,Circle
CU-ACT-3928,2026-07-01,BLACKLIST,0xa112c8cb691f58754269ce81c73a9dc92e63159f,ADDRESS,SANCTIONED_ENTITY,CU-ENT-0061,,ACTIVE,,,CU-INC-0006,,CU-TRG-0056,,CU-IMP-3928,2026-07-01,ONCHAIN_SCAN,HIGH,,Circle
CU-ACT-3929,2026-07-01,BLACKLIST,0xf37ffa0e4829aa159af625c48276c4e632f4400c,ADDRESS,SANCTIONED_ENTITY,CU-ENT-0061,,ACTIVE,,,CU-INC-0006,,CU-TRG-0056,,CU-IMP-3929,2026-07-01,ONCHAIN_SCAN,HIGH,,Circle
CU-ACT-3930,2026-07-01,BLACKLIST,0xd1b4671abd7c3db9f5d99b98918ebf8cbd41ea33,ADDRESS,SANCTIONED_ENTITY,CU-ENT-0061,,ACTIVE,,,CU-INC-0006,,CU-TRG-0056,,CU-IMP-3930,2026-07-01,ONCHAIN_SCAN,HIGH,,Circle
CU-ACT-3931,2026-07-01,BLACKLIST,0xddc63d69ed992e2617d54950a8cea70e2127c412,ADDRESS,SANCTIONED_ENTITY,CU-ENT-0061,,ACTIVE,,,CU-INC-0006,,CU-TRG-0056,,CU-IMP-3931,2026-07-01,ONCHAIN_SCAN,HIGH,,Circle
CU-ACT-3932,2026-07-01,BLACKLIST,0xdd8cf42ff365caebbed4f48190ca79286b0e66c7,ADDRESS,SANCTIONED_ENTITY,CU-ENT-0061,,ACTIVE,,,CU-INC-0006,,CU-TRG-0056,,CU-IMP-3932,2026-07-01,ONCHAIN_SCAN,HIGH,,Circle
CU-ACT-3933,2026-07-01,BLACKLIST,0xb251e1f30c697905287d3e1be1fb0fffc01ce633,ADDRESS,SANCTIONED_ENTITY,CU-ENT-0061,,ACTIVE,,,CU-INC-0006,,CU-TRG-0056,,CU-IMP-3933,2026-07-01,ONCHAIN_SCAN,HIGH,,Circle
CU-ACT-3934,2026-07-01,BLACKLIST,0x0b57cde36e6e0c31a10442076dfd03ff8038507d,ADDRESS,SANCTIONED_ENTITY,CU-ENT-0061,,ACTIVE,,,CU-INC-0006,,CU-TRG-0056,,CU-IMP-3934,2026-07-01,ONCHAIN_SCAN,HIGH,,Circle
CU-ACT-3935,2026-07-01,BLACKLIST,0x2d415662ce7ddd1e89c4bbf8f527f7e06811248e,ADDRESS,SANCTIONED_ENTITY,CU-ENT-0061,,ACTIVE,,,CU-INC-0006,,CU-TRG-0056,,CU-IMP-3935,2026-07-01,ONCHAIN_SCAN,HIGH,,Circle
CU-ACT-3936,2026-07-01,BLACKLIST,0x28facff64babe25658bb4635af41aaa019f9deee,ADDRESS,SANCTIONED_ENTITY,CU-ENT-0061,,ACTIVE,,,CU-INC-0006,,CU-TRG-0056,,CU-IMP-3936,2026-07-01,ONCHAIN_SCAN,HIGH,,Circle
CU-ACT-3937,2026-07-01,BLACKLIST,0x1b78a412cc1078fd5719a3379085647ca4ba0e5f,ADDRESS,SANCTIONED_ENTITY,CU-ENT-0061,,ACTIVE,,,CU-INC-0006,,CU-TRG-0056,,CU-IMP-3937,2026-07-01,ONCHAIN_SCAN,HIGH,,Circle
CU-ACT-3938,2026-07-01,BLACKLIST,0x0c1ee706f91a56fc96e2f260c670bd4bf3002696,ADDRESS,SANCTIONED_ENTITY,CU-ENT-0061,,ACTIVE,,,CU-INC-0006,,CU-TRG-0056,,CU-IMP-3938,2026-07-01,ONCHAIN_SCAN,HIGH,,Circle
CU-ACT-3939,2026-07-01,BLACKLIST,0x803a9bd5e917e32bd7bcde526e656254417c5a86,ADDRESS,SANCTIONED_ENTITY,CU-ENT-0061,,ACTIVE,,,CU-INC-0006,,CU-TRG-0056,,CU-IMP-3939,2026-07-01,ONCHAIN_SCAN,HIGH,,Circle
CU-ACT-3940,2026-07-01,BLACKLIST,0xfbc3ca4a4b808bef72c54b872caa59e5e69c783e,ADDRESS,SANCTIONED_ENTITY,CU-ENT-0061,,ACTIVE,,,CU-INC-0006,,CU-TRG-0056,,CU-IMP-3940,2026-07-01,ONCHAIN_SCAN,HIGH,,Circle
CU-ACT-3941,2026-07-01,BLACKLIST,0x12f3acd05ddc70d333ca7e8d9a36513997cfb08f,ADDRESS,SANCTIONED_ENTITY,CU-ENT-0061,,ACTIVE,,,CU-INC-0006,,CU-TRG-0056,,CU-IMP-3941,2026-07-01,ONCHAIN_SCAN,HIGH,,Circle
CU-ACT-3942,2026-07-01,BLACKLIST,0x2907a4de925af9434bcf176957dcbfeac49afc46,ADDRESS,SANCTIONED_ENTITY,CU-ENT-0061,,ACTIVE,,,CU-INC-0006,,CU-TRG-0056,,CU-IMP-3942,2026-07-01,ONCHAIN_SCAN,HIGH,,Circle
CU-ACT-3943,2026-07-01,BLACKLIST,0x24545819f879db1a8df28fe0fd7f8ee4b7025977,ADDRESS,SANCTIONED_ENTITY,CU-ENT-0061,,ACTIVE,,,CU-INC-0006,,CU-TRG-0056,,CU-IMP-3943,2026-07-01,ONCHAIN_SCAN,HIGH,,Circle
CU-ACT-3944,2026-07-01,BLACKLIST,0x2e2983271415c0aa7950277186f10c0676f5cac2,ADDRESS,SANCTIONED_ENTITY,CU-ENT-0061,,ACTIVE,,,CU-INC-0006,,CU-TRG-0056,,CU-IMP-3944,2026-07-01,ONCHAIN_SCAN,HIGH,,Circle
CU-ACT-3945,2026-07-01,BLACKLIST,0xd086c684646d4eba389c5d97e57d5b2bee3826b7,ADDRESS,SANCTIONED_ENTITY,CU-ENT-0061,,ACTIVE,,,CU-INC-0006,,CU-TRG-0056,,CU-IMP-3945,2026-07-01,ONCHAIN_SCAN,HIGH,,Circle
CU-ACT-3946,2026-07-01,BLACKLIST,0x81d0eac7c2e42b221bd2e5bd5f9ddc0dcc9f6f30,ADDRESS,SANCTIONED_ENTITY,CU-ENT-0061,,ACTIVE,,,CU-INC-0006,,CU-TRG-0056,,CU-IMP-3946,2026-07-01,ONCHAIN_SCAN,HIGH,,Circle
CU-ACT-3947,2026-07-01,BLACKLIST,0x68c15054d74c86ffca1e23a3802a27bab1735395,ADDRESS,SANCTIONED_ENTITY,CU-ENT-0061,,ACTIVE,,,CU-INC-0006,,CU-TRG-0056,,CU-IMP-3947,2026-07-01,ONCHAIN_SCAN,HIGH,,Circle
CU-ACT-3948,2026-07-01,BLACKLIST,0x56bf68cd5ad0cafc5e3cb7da826914359592eb62,ADDRESS,SANCTIONED_ENTITY,CU-ENT-0061,,ACTIVE,,,CU-INC-0006,,CU-TRG-0056,,CU-IMP-3948,2026-07-01,ONCHAIN_SCAN,HIGH,,Circle
CU-ACT-3949,2026-07-01,BLACKLIST,0xe4814881a36d2c543b5acc30a7ee9868b0c810da,ADDRESS,SANCTIONED_ENTITY,CU-ENT-0061,,ACTIVE,,,CU-INC-0006,,CU-TRG-0056,,CU-IMP-3949,2026-07-01,ONCHAIN_SCAN,HIGH,,Circle
CU-ACT-3950,2026-07-01,BLACKLIST,0x9f4f225d3fa34d498adbfd6898e2b30850859059,ADDRESS,SANCTIONED_ENTITY,CU-ENT-0061,,ACTIVE,,,CU-INC-0006,,CU-TRG-0056,,CU-IMP-3950,2026-07-01,ONCHAIN_SCAN,HIGH,,Circle
CU-ACT-3951,2026-07-01,BLACKLIST,0x07d28de0bbd45f2ef8f89621f9f504ed72f34d92,ADDRESS,SANCTIONED_ENTITY,CU-ENT-0061,,ACTIVE,,,CU-INC-0006,,CU-TRG-0056,,CU-IMP-3951,2026-07-01,ONCHAIN_SCAN,HIGH,,Circle
CU-ACT-3952,2026-07-01,BLACKLIST,0xa05b377f4ae52727a59bcb7a82d6a20356f6b0b4,ADDRESS,SANCTIONED_ENTITY,CU-ENT-0061,,ACTIVE,,,CU-INC-0006,,CU-TRG-0056,,CU-IMP-3952,2026-07-01,ONCHAIN_SCAN,HIGH,,Circle
CU-ACT-3953,2026-07-01,BLACKLIST,0x95bcc8bbd8f91b255baf9ecf54f15e74b9959af2,ADDRESS,SANCTIONED_ENTITY,CU-ENT-0061,,ACTIVE,,,CU-INC-0006,,CU-TRG-0056,,CU-IMP-3953,2026-07-01,ONCHAIN_SCAN,HIGH,,Circle
CU-ACT-3954,2026-07-01,BLACKLIST,0xa570df663c1b522f3dacd6f96320e65f8206ed0d,ADDRESS,SANCTIONED_ENTITY,CU-ENT-0061,,ACTIVE,,,CU-INC-0006,,CU-TRG-0056,,CU-IMP-3954,2026-07-01,ONCHAIN_SCAN,HIGH,,Circle
CU-ACT-3955,2026-07-01,BLACKLIST,0x26eddc84e46104b944f871c0f3fbd8256197d5ca,ADDRESS,SANCTIONED_ENTITY,CU-ENT-0061,,ACTIVE,,,CU-INC-0006,,CU-TRG-0056,,CU-IMP-3955,2026-07-01,ONCHAIN_SCAN,HIGH,,Circle
CU-ACT-3956,2026-07-01,BLACKLIST,0x20e60fa8673fa61d574b42a13ae805c312777241,ADDRESS,SANCTIONED_ENTITY,CU-ENT-0061,,ACTIVE,,,CU-INC-0006,,CU-TRG-0056,,CU-IMP-3956,2026-07-01,ONCHAIN_SCAN,HIGH,,Circle
CU-ACT-3957,2026-07-01,BLACKLIST,0x878ebd5e809aca3dc01856d5fa924a405e34dad6,ADDRESS,SANCTIONED_ENTITY,CU-ENT-0061,,ACTIVE,,,CU-INC-0006,,CU-TRG-0056,,CU-IMP-3957,2026-07-01,ONCHAIN_SCAN,HIGH,,Circle
CU-ACT-3958,2026-07-01,BLACKLIST,0xd3faecadc1f752234b6079299f570def99976f7c,ADDRESS,SANCTIONED_ENTITY,CU-ENT-0061,,ACTIVE,,,CU-INC-0006,,CU-TRG-0056,,CU-IMP-3958,2026-07-01,ONCHAIN_SCAN,HIGH,,Circle
CU-ACT-3959,2026-07-01,BLACKLIST,0xb79a667da76ba369583ba333c4eb4b005c5b657a,ADDRESS,SANCTIONED_ENTITY,CU-ENT-0061,,ACTIVE,,,CU-INC-0006,,CU-TRG-0056,,CU-IMP-3959,2026-07-01,ONCHAIN_SCAN,HIGH,,Circle
CU-ACT-3960,2026-07-01,BLACKLIST,0x5a43b964288ce2b4b7de0cae544531bf94a8b79f,ADDRESS,SANCTIONED_ENTITY,CU-ENT-0061,,ACTIVE,,,CU-INC-0006,,CU-TRG-0056,,CU-IMP-3960,2026-07-01,ONCHAIN_SCAN,HIGH,,Circle
CU-ACT-3961,2026-07-01,BLACKLIST,0xa6358db3812ce9a11eb8aa2f954e36711ed015f6,ADDRESS,SANCTIONED_ENTITY,CU-ENT-0061,,ACTIVE,,,CU-INC-0006,,CU-TRG-0056,,CU-IMP-3961,2026-07-01,ONCHAIN_SCAN,HIGH,,Circle
CU-ACT-3962,2026-07-01,BLACKLIST,0x12f59283c23ff1b2ad7a8730b6cf41df25435570,ADDRESS,SANCTIONED_ENTITY,CU-ENT-0061,,ACTIVE,,,CU-INC-0006,,CU-TRG-0056,,CU-IMP-3962,2026-07-01,ONCHAIN_SCAN,HIGH,,Circle
CU-ACT-3963,2026-07-01,BLACKLIST,0x31424423746e69795da87d93bef987cc9aebe8d6,ADDRESS,SANCTIONED_ENTITY,CU-ENT-0061,,ACTIVE,,,CU-INC-0006,,CU-TRG-0056,,CU-IMP-3963,2026-07-01,ONCHAIN_SCAN,HIGH,,Circle
CU-ACT-3964,2026-07-01,BLACKLIST,0xa38ffbe2722007f682e4985420acfce172c8b421,ADDRESS,SANCTIONED_ENTITY,CU-ENT-0061,,ACTIVE,,,CU-INC-0006,,CU-TRG-0056,,CU-IMP-3964,2026-07-01,ONCHAIN_SCAN,HIGH,,Circle
CU-ACT-3965,2026-07-01,BLACKLIST,0x7077f6f05c0c435bde0d145613425fc17ce10a5a,ADDRESS,SANCTIONED_ENTITY,CU-ENT-0061,,ACTIVE,,,CU-INC-0006,,CU-TRG-0056,,CU-IMP-3965,2026-07-01,ONCHAIN_SCAN,HIGH,,Circle
CU-ACT-3966,2026-07-01,BLACKLIST,0x3e4b5fa3fe3fdb48f0865b2088e3beafe915eb63,ADDRESS,SANCTIONED_ENTITY,CU-ENT-0061,,ACTIVE,,,CU-INC-0006,,CU-TRG-0056,,CU-IMP-3966,2026-07-01,ONCHAIN_SCAN,HIGH,,Circle
CU-ACT-3967,2026-07-01,BLACKLIST,0x18855af93d521cf39fa8a1342a06562661725420,ADDRESS,SANCTIONED_ENTITY,CU-ENT-0061,,ACTIVE,,,CU-INC-0006,,CU-TRG-0056,,CU-IMP-3967,2026-07-01,ONCHAIN_SCAN,HIGH,,Circle
CU-ACT-3968,2026-07-01,BLACKLIST,0x701f00ebbcd4c09d6a7a9f89023cbf400c318504,ADDRESS,SANCTIONED_ENTITY,CU-ENT-0061,,ACTIVE,,,CU-INC-0006,,CU-TRG-0056,,CU-IMP-3968,2026-07-01,ONCHAIN_SCAN,HIGH,,Circle
CU-ACT-3969,2026-07-01,BLACKLIST,0x2d0d0dcf83adde53fcde96af5fbcd1367944a2d8,ADDRESS,SANCTIONED_ENTITY,CU-ENT-0061,,ACTIVE,,,CU-INC-0006,,CU-TRG-0056,,CU-IMP-3969,2026-07-01,ONCHAIN_SCAN,HIGH,,Circle
CU-ACT-3970,2026-07-01,BLACKLIST,0xae1174ea8e2ce28b7db322f675be24507a37aabd,ADDRESS,SANCTIONED_ENTITY,CU-ENT-0061,,ACTIVE,,,CU-INC-0006,,CU-TRG-0056,,CU-IMP-3970,2026-07-01,ONCHAIN_SCAN,HIGH,,Circle
CU-ACT-3971,2026-07-01,BLACKLIST,0xf0eaf0fa72283fb86ebd5d462cc5c7e97d640308,ADDRESS,SANCTIONED_ENTITY,CU-ENT-0061,,ACTIVE,,,CU-INC-0006,,CU-TRG-0056,,CU-IMP-3971,2026-07-01,ONCHAIN_SCAN,HIGH,,Circle
CU-ACT-3972,2026-07-01,BLACKLIST,0xaa678643e6c27b8508d91bf152b581b94b8c6cbf,ADDRESS,SANCTIONED_ENTITY,CU-ENT-0061,,ACTIVE,,,CU-INC-0006,,CU-TRG-0056,,CU-IMP-3972,2026-07-01,ONCHAIN_SCAN,HIGH,,Circle
CU-ACT-3973,2026-07-01,BLACKLIST,0x01ab57e94386817f1d3d3549c2e3ad5d2622de2b,ADDRESS,SANCTIONED_ENTITY,CU-ENT-0061,,ACTIVE,,,CU-INC-0006,,CU-TRG-0056,,CU-IMP-3973,2026-07-01,ONCHAIN_SCAN,HIGH,,Circle
CU-ACT-3974,2026-07-01,BLACKLIST,0x8711522cdb2f89df2d99dea0c1cb68ce2ee3016a,ADDRESS,SANCTIONED_ENTITY,CU-ENT-0061,,ACTIVE,,,CU-INC-0006,,CU-TRG-0056,,CU-IMP-3974,2026-07-01,ONCHAIN_SCAN,HIGH,,Circle
CU-ACT-3975,2026-07-01,BLACKLIST,0x1796486b359f2084f9e1585a491545d38d6db391,ADDRESS,SANCTIONED_ENTITY,CU-ENT-0061,,ACTIVE,,,CU-INC-0006,,CU-TRG-0056,,CU-IMP-3975,2026-07-01,ONCHAIN_SCAN,HIGH,,Circle
CU-ACT-3976,2026-07-01,BLACKLIST,0xcc8b73b5a7b3c88478c1a3d0eb34c7c5dc9f686f,ADDRESS,SANCTIONED_ENTITY,CU-ENT-0061,,ACTIVE,,,CU-INC-0006,,CU-TRG-0056,,CU-IMP-3976,2026-07-01,ONCHAIN_SCAN,HIGH,,Circle
CU-ACT-3977,2026-07-01,BLACKLIST,0x93e7a8bfd6c1f4af81db2ae9ea6b02e69a6da2bf,ADDRESS,SANCTIONED_ENTITY,CU-ENT-0061,,ACTIVE,,,CU-INC-0006,,CU-TRG-0056,,CU-IMP-3977,2026-07-01,ONCHAIN_SCAN,HIGH,,Circle
CU-ACT-3978,2026-07-01,BLACKLIST,0xd5f14e80acaf51d5970eba2851685b32f5a97e00,ADDRESS,SANCTIONED_ENTITY,CU-ENT-0061,,ACTIVE,,,CU-INC-0006,,CU-TRG-0056,,CU-IMP-3978,2026-07-01,ONCHAIN_SCAN,HIGH,,Circle
CU-ACT-3979,2026-07-01,BLACKLIST,0xcc794fdec285f2b5461b6b2aee7d0511cde8cda7,ADDRESS,SANCTIONED_ENTITY,CU-ENT-0061,,ACTIVE,,,CU-INC-0006,,CU-TRG-0056,,CU-IMP-3979,2026-07-01,ONCHAIN_SCAN,HIGH,,Circle
CU-ACT-3980,2026-07-01,BLACKLIST,0x12964e45547b54b00faab3f8babc22ff7fe45609,ADDRESS,SANCTIONED_ENTITY,CU-ENT-0061,,ACTIVE,,,CU-INC-0006,,CU-TRG-0056,,CU-IMP-3980,2026-07-01,ONCHAIN_SCAN,HIGH,,Circle
CU-ACT-3981,2026-07-01,BLACKLIST,0x8eec746c6fc6dda84f44c82ca94818281c23e1f1,ADDRESS,SANCTIONED_ENTITY,CU-ENT-0061,,ACTIVE,,,CU-INC-0006,,CU-TRG-0056,,CU-IMP-3981,2026-07-01,ONCHAIN_SCAN,HIGH,,Circle
CU-ACT-3982,2026-07-01,BLACKLIST,0xcc0bf752565564606f37c647249da56838671a7d,ADDRESS,SANCTIONED_ENTITY,CU-ENT-0061,,ACTIVE,,,CU-INC-0006,,CU-TRG-0056,,CU-IMP-3982,2026-07-01,ONCHAIN_SCAN,HIGH,,Circle
CU-ACT-3983,2026-07-01,BLACKLIST,0x1ed13e7c465a3850f8f9e0b503587ba514017536,ADDRESS,SANCTIONED_ENTITY,CU-ENT-0061,,ACTIVE,,,CU-INC-0006,,CU-TRG-0056,,CU-IMP-3983,2026-07-01,ONCHAIN_SCAN,HIGH,,Circle
CU-ACT-3984,2026-07-01,BLACKLIST,0xeb3c18a88bd40c776cdf6c3986edbc39f30a731d,ADDRESS,SANCTIONED_ENTITY,CU-ENT-0061,,ACTIVE,,,CU-INC-0006,,CU-TRG-0056,,CU-IMP-3984,2026-07-01,ONCHAIN_SCAN,HIGH,,Circle
CU-ACT-3985,2026-07-01,BLACKLIST,0x81c483bf9bcdc0a31864ae7c1762425b67c2c467,ADDRESS,SANCTIONED_ENTITY,CU-ENT-0061,,ACTIVE,,,CU-INC-0006,,CU-TRG-0056,,CU-IMP-3985,2026-07-01,ONCHAIN_SCAN,HIGH,,Circle
CU-ACT-3986,2026-07-01,BLACKLIST,0x994aa9e584fdbe4df7934db56941fc19e70bb336,ADDRESS,SANCTIONED_ENTITY,CU-ENT-0061,,ACTIVE,,,CU-INC-0006,,CU-TRG-0056,,CU-IMP-3986,2026-07-01,ONCHAIN_SCAN,HIGH,,Circle
CU-ACT-3987,2026-07-01,BLACKLIST,0x8d7e10e5fa9ce28f5a7f49760b59f5ad992bddce,ADDRESS,SANCTIONED_ENTITY,CU-ENT-0061,,ACTIVE,,,CU-INC-0006,,CU-TRG-0056,,CU-IMP-3987,2026-07-01,ONCHAIN_SCAN,HIGH,,Circle
CU-ACT-3988,2026-07-01,BLACKLIST,0x3beaf4486e9c6a4feae23ed9296844588a61604c,ADDRESS,SANCTIONED_ENTITY,CU-ENT-0061,,ACTIVE,,,CU-INC-0006,,CU-TRG-0056,,CU-IMP-3988,2026-07-01,ONCHAIN_SCAN,HIGH,,Circle
CU-ACT-3989,2026-07-01,BLACKLIST,0xc4244fe10b9365766efa5a4f0baa124a750c8b4f,ADDRESS,SANCTIONED_ENTITY,CU-ENT-0061,,ACTIVE,,,CU-INC-0006,,CU-TRG-0056,,CU-IMP-3989,2026-07-01,ONCHAIN_SCAN,HIGH,,Circle
CU-ACT-3990,2026-07-01,BLACKLIST,0x410450013674ad6e67c8c0c0d4cf71656cf1e4b4,ADDRESS,SANCTIONED_ENTITY,CU-ENT-0061,,ACTIVE,,,CU-INC-0006,,CU-TRG-0056,,CU-IMP-3990,2026-07-01,ONCHAIN_SCAN,HIGH,,Circle
CU-ACT-3991,2026-07-01,BLACKLIST,0x912b64c34d4c048c403d588df0fdae3b9b93b543,ADDRESS,SANCTIONED_ENTITY,CU-ENT-0061,,ACTIVE,,,CU-INC-0006,,CU-TRG-0056,,CU-IMP-3991,2026-07-01,ONCHAIN_SCAN,HIGH,,Circle
CU-ACT-3992,2026-07-01,BLACKLIST,0x4069dffc23210e939075300d5e50161d0cf868c7,ADDRESS,SANCTIONED_ENTITY,CU-ENT-0061,,ACTIVE,,,CU-INC-0006,,CU-TRG-0056,,CU-IMP-3992,2026-07-01,ONCHAIN_SCAN,HIGH,,Circle
CU-ACT-3993,2026-07-01,BLACKLIST,0x2d20b1d77f2f663f7fe745f8493d6744683544b8,ADDRESS,SANCTIONED_ENTITY,CU-ENT-0061,,ACTIVE,,,CU-INC-0006,,CU-TRG-0056,,CU-IMP-3993,2026-07-01,ONCHAIN_SCAN,HIGH,,Circle
CU-ACT-3994,2026-07-01,BLACKLIST,0xc868071a9602dd0c8e8f277432c742fdac78442b,ADDRESS,SANCTIONED_ENTITY,CU-ENT-0061,,ACTIVE,,,CU-INC-0006,,CU-TRG-0056,,CU-IMP-3994,2026-07-01,ONCHAIN_SCAN,HIGH,,Circle
CU-ACT-3995,2026-07-01,BLACKLIST,0x26f4376ef74562f92876577e86b0bbb4fc05cdd6,ADDRESS,SANCTIONED_ENTITY,CU-ENT-0061,,ACTIVE,,,CU-INC-0006,,CU-TRG-0056,,CU-IMP-3995,2026-07-01,ONCHAIN_SCAN,HIGH,,Circle
CU-ACT-3996,2026-07-01,BLACKLIST,0xee366d650af5599f86289109ffb37ff0a2178b2f,ADDRESS,SANCTIONED_ENTITY,CU-ENT-0061,,ACTIVE,,,CU-INC-0006,,CU-TRG-0056,,CU-IMP-3996,2026-07-01,ONCHAIN_SCAN,HIGH,,Circle
CU-ACT-3997,2026-07-01,BLACKLIST,0x5168da75329bca67a2c75642b7cab4f14482cb9d,ADDRESS,SANCTIONED_ENTITY,CU-ENT-0061,,ACTIVE,,,CU-INC-0006,,CU-TRG-0056,,CU-IMP-3997,2026-07-01,ONCHAIN_SCAN,HIGH,,Circle
CU-ACT-3998,2026-07-01,BLACKLIST,0x3ec58d2b0bce77282f2e415ac6596dc3f626f436,ADDRESS,SANCTIONED_ENTITY,CU-ENT-0061,,ACTIVE,,,CU-INC-0006,,CU-TRG-0056,,CU-IMP-3998,2026-07-01,ONCHAIN_SCAN,HIGH,,Circle
CU-ACT-3999,2026-07-01,BLACKLIST,0x13c9c13507282550061c367f8f10527df835afc5,ADDRESS,SANCTIONED_ENTITY,CU-ENT-0061,,ACTIVE,,,CU-INC-0006,,CU-TRG-0056,,CU-IMP-3999,2026-07-01,ONCHAIN_SCAN,HIGH,,Circle
CU-ACT-4000,2026-07-01,BLACKLIST,0x91f7a5a79c0c660744496dd498a1601bfe670494,ADDRESS,SANCTIONED_ENTITY,CU-ENT-0061,,ACTIVE,,,CU-INC-0006,,CU-TRG-0056,,CU-IMP-4000,2026-07-01,ONCHAIN_SCAN,HIGH,,Circle
CU-ACT-4001,2026-07-01,BLACKLIST,0xab1a8d5e41dc0223973dbdfd1de14e3d567d81fb,ADDRESS,SANCTIONED_ENTITY,CU-ENT-0061,,ACTIVE,,,CU-INC-0006,,CU-TRG-0056,,CU-IMP-4001,2026-07-01,ONCHAIN_SCAN,HIGH,,Circle
CU-ACT-4002,2026-07-01,BLACKLIST,0x82def3990129e73531ad7a737ba54c76d34e507d,ADDRESS,SANCTIONED_ENTITY,CU-ENT-0061,,ACTIVE,,,CU-INC-0006,,CU-TRG-0056,,CU-IMP-4002,2026-07-01,ONCHAIN_SCAN,HIGH,,Circle
CU-ACT-4003,2026-07-01,BLACKLIST,0x70d6292f5b971c82fb6587a3cd740f64e98009c3,ADDRESS,SANCTIONED_ENTITY,CU-ENT-0061,,ACTIVE,,,CU-INC-0006,,CU-TRG-0056,,CU-IMP-4003,2026-07-01,ONCHAIN_SCAN,HIGH,,Circle
CU-ACT-4004,2026-07-13,BLACKLIST,0x1d19b52b54e7ef5ea1a4b40b616165e798eac9f8,ADDRESS,SANCTIONED_ENTITY,CU-ENT-0065,,ACTIVE,,,,,CU-TRG-0058,,CU-IMP-4004,2026-07-13,ONCHAIN_SCAN,HIGH,,Circle
CU-ACT-4005,2026-07-13,BLACKLIST,0x2c7dcd774b33e10367f7d6385479e04f97d179dc,ADDRESS,SANCTIONED_ENTITY,CU-ENT-0065,,ACTIVE,,,,,CU-TRG-0058,,CU-IMP-4005,2026-07-13,ONCHAIN_SCAN,HIGH,,Circle
CU-ACT-4006,2026-07-13,BLACKLIST,0xcfbb0c9a2a99777b46211b380869f82cf20a635e,ADDRESS,SANCTIONED_ENTITY,CU-ENT-0064,,ACTIVE,,,,,CU-TRG-0058,,CU-IMP-4006,2026-07-13,ONCHAIN_SCAN,HIGH,,Circle
CU-ACT-4007,2026-07-13,BLACKLIST,0x2711d73d559f62f4f855ee21f38378f528e07985,ADDRESS,SANCTIONED_ENTITY,CU-ENT-0064,,ACTIVE,,,,,CU-TRG-0058,,CU-IMP-4007,2026-07-13,ONCHAIN_SCAN,HIGH,,Circle
CU-ACT-4008,2026-07-13,BLACKLIST,0xbe7d33a802487f0b51e0191dc0c3772fa11a8f70,ADDRESS,SANCTIONED_ENTITY,CU-ENT-0065,,ACTIVE,,,,,CU-TRG-0058,,CU-IMP-4008,2026-07-13,ONCHAIN_SCAN,HIGH,,Circle
CU-ACT-4009,2026-07-13,BLACKLIST,0x0e0d1899d3a6a9362bc215f1c5a9acaccb0de882,ADDRESS,SANCTIONED_ENTITY,CU-ENT-0065,,ACTIVE,,,,,CU-TRG-0058,,CU-IMP-4009,2026-07-13,ONCHAIN_SCAN,HIGH,,Circle
CU-ACT-4010,2026-07-14,BLACKLIST,0x08151bd98c00015de698408de9405aa62115b5ee,ADDRESS,SANCTIONED_ENTITY,CU-ENT-0071,,ACTIVE,,,,,CU-TRG-0063,,CU-IMP-4010,2026-07-14,ONCHAIN_SCAN,HIGH,,Circle
CU-ACT-4011,2026-07-14,BLACKLIST,0x3ba6174651e3a0c3c6a7d42a75e6e00b039304d1,ADDRESS,SANCTIONED_ENTITY,CU-ENT-0071,,ACTIVE,,,,,CU-TRG-0063,,CU-IMP-4011,2026-07-14,ONCHAIN_SCAN,HIGH,,Circle
CU-ACT-4012,2026-07-14,BLACKLIST,0xe995da05f4e51871d5d2ef8496536a052138bc6a,ADDRESS,SANCTIONED_ENTITY,CU-ENT-0071,,ACTIVE,,,,,CU-TRG-0063,,CU-IMP-4012,2026-07-14,ONCHAIN_SCAN,HIGH,,Circle
CU-ACT-4013,2026-07-14,BLACKLIST,0x5f077e9b16f30b9ecfaf5dc09294dcc98b8d395a,ADDRESS,SANCTIONED_ENTITY,CU-ENT-0071,,ACTIVE,,,,,CU-TRG-0063,,CU-IMP-4013,2026-07-14,ONCHAIN_SCAN,HIGH,,Circle
CU-ACT-4014,2026-07-23,BLACKLIST,0x07f57fafbd3055737c778184cdb7b30c65fb7a6e,ADDRESS,SANCTIONED_ENTITY,CU-ENT-0070,,ACTIVE,,,,,CU-TRG-0061,,CU-IMP-4014,2026-07-23,ONCHAIN_SCAN,HIGH,,Circle
CU-ACT-4015,2026-07-23,BLACKLIST,0x4b6d60a69a1386992e18f89241d183429ebc3a56,ADDRESS,SANCTIONED_ENTITY,CU-ENT-0070,,ACTIVE,,,,,CU-TRG-0061,,CU-IMP-4015,2026-07-23,ONCHAIN_SCAN,HIGH,,Circle
CU-ACT-4016,2026-07-23,BLACKLIST,0x506d8d7c56a06723a52fde594638eeda23461d15,ADDRESS,SANCTIONED_ENTITY,CU-ENT-0070,,ACTIVE,,,,,CU-TRG-0061,,CU-IMP-4016,2026-07-23,ONCHAIN_SCAN,HIGH,,Circle
CU-ACT-4017,2026-07-23,BLACKLIST,0x76c7c4ff99ab9791d4e358e33a3f51c2c5d3ac8e,ADDRESS,SANCTIONED_ENTITY,CU-ENT-0070,,ACTIVE,,,,,CU-TRG-0061,,CU-IMP-4017,2026-07-23,ONCHAIN_SCAN,HIGH,,Circle
CU-ACT-4018,2026-07-23,BLACKLIST,0xd838b11133085016bc31ca78571067b0d77dc290,ADDRESS,SANCTIONED_ENTITY,CU-ENT-0070,,ACTIVE,,,,,CU-TRG-0061,,CU-IMP-4018,2026-07-23,ONCHAIN_SCAN,HIGH,,Circle
CU-ACT-4019,2026-07-23,BLACKLIST,0xb690e524695f909e7dac090ff30b1fcfe557f597,ADDRESS,SANCTIONED_ENTITY,CU-ENT-0070,,ACTIVE,,,,,CU-TRG-0061,,CU-IMP-4019,2026-07-23,ONCHAIN_SCAN,HIGH,,Circle
CU-ACT-4020,2026-07-23,BLACKLIST,0x99929eed7638ac0f031a5d925409741f86f98be6,ADDRESS,SANCTIONED_ENTITY,CU-ENT-0070,,ACTIVE,,,,,CU-TRG-0061,,CU-IMP-4020,2026-07-23,ONCHAIN_SCAN,HIGH,,Circle
CU-ACT-4021,2026-07-29,BLACKLIST,0x0ede564e315f8e1803161a22e8404c624c35b1fb,ADDRESS,SANCTIONED_ENTITY,CU-ENT-0073,,ACTIVE,,,,,CU-TRG-0065,,CU-IMP-4021,2026-03-26,ONCHAIN_SCAN,HIGH,,Circle
CU-ACT-4022,2026-07-29,BLACKLIST,0xdca63d36e326fdcde1c6403ff3edf5d8ba7699ad,ADDRESS,SANCTIONED_ENTITY,CU-ENT-0073,,ACTIVE,,,,,CU-TRG-0065,,CU-IMP-4022,2026-03-26,ONCHAIN_SCAN,HIGH,,Circle
CU-ACT-4023,2026-08-07,BLACKLIST,0x6b69e2a7545c166417a80c61a77562052bffa9c5,ADDRESS,SANCTIONED_ENTITY,CU-ENT-0068,,ACTIVE,,,,,CU-TRG-0059,,CU-IMP-4023,2026-08-07,ONCHAIN_SCAN,HIGH,,Circle
CU-ACT-4024,2026-08-07,BLACKLIST,0x8d79c73daae8630c88de372ba8f57592fa987607,ADDRESS,SANCTIONED_ENTITY,CU-ENT-0067,,ACTIVE,,,,,CU-TRG-0059,,CU-IMP-4024,2026-08-07,ONCHAIN_SCAN,HIGH,,Circle
CU-ACT-4025,2026-08-07,BLACKLIST,0xbb69e01921b17cd22080968bcc96ba6115da6062,ADDRESS,SANCTIONED_ENTITY,CU-ENT-0066,,ACTIVE,,,,,CU-TRG-0059,,CU-IMP-4025,2026-08-07,ONCHAIN_SCAN,HIGH,,Circle
CU-ACT-4026,2026-08-07,BLACKLIST,0x967f32c544b6547f366123927d6dc0a3c6dcdfb9,ADDRESS,SANCTIONED_ENTITY,CU-ENT-0067,,ACTIVE,,,,,CU-TRG-0059,,CU-IMP-4026,2026-08-07,ONCHAIN_SCAN,HIGH,,Circle
CU-ACT-4027,2026-08-07,BLACKLIST,0xe05f529f5284d75624eba386cb716928c3b54a2a,ADDRESS,SANCTIONED_ENTITY,CU-ENT-0068,,ACTIVE,,,,,CU-TRG-0059,,CU-IMP-4027,2026-08-07,ONCHAIN_SCAN,HIGH,,Circle
CU-ACT-4028,2026-08-07,BLACKLIST,0xc02b8bcd6cea7162274b939410d466b755553175,ADDRESS,SANCTIONED_ENTITY,CU-ENT-0066,,ACTIVE,,,,,CU-TRG-0059,,CU-IMP-4028,2026-08-07,ONCHAIN_SCAN,HIGH,,Circle
CU-ACT-4029,2026-08-07,BLACKLIST,0xeaac716a919f3a032a7e5f4d803c799569c32bd4,ADDRESS,SANCTIONED_ENTITY,CU-ENT-0068,,ACTIVE,,,,,CU-TRG-0059,,CU-IMP-4029,2026-08-07,ONCHAIN_SCAN,HIGH,,Circle
