implementation_id,implementation_type,tx_hash,block_number,block_timestamp,chain,contract_address,method_called,caller_address,caller_role,gas_used,description,issuer
CU-IMP-0001,ONCHAIN_TX,0x15cbde1b9bf285db50e22eeff1a7d04ea267dd94726df8ecabdb4cb6c2b590cb,10274701,2020-06-16 04:39:08.000 UTC,ethereum,0xa0b86991c6218b36c1d19d4a2e9eb0ce3606eb48,blacklist(address),,BLACKLISTER,,,Circle
CU-IMP-0002,ONCHAIN_TX,0x0461666b70f3b121847530e7be63b148fcee4d830edff546ca64d29cbcd99aed,12285873,2021-04-21 21:04:36.000 UTC,ethereum,0xa0b86991c6218b36c1d19d4a2e9eb0ce3606eb48,blacklist(address),,BLACKLISTER,,,Circle
CU-IMP-0003,ONCHAIN_TX,0x72959622df120df8cfe27fa371c5b82542cda695d09568975259c0cf70430bf9,12285873,2021-04-21 21:04:36.000 UTC,ethereum,0xa0b86991c6218b36c1d19d4a2e9eb0ce3606eb48,blacklist(address),,BLACKLISTER,,,Circle
CU-IMP-0004,ONCHAIN_TX,0x0002f34f6b76876f3ce737e8714c213b016fe5e5a1e1738a1a2d60b66fd6259a,12285943,2021-04-21 21:19:58.000 UTC,ethereum,0xa0b86991c6218b36c1d19d4a2e9eb0ce3606eb48,blacklist(address),,BLACKLISTER,,,Circle
CU-IMP-0005,ONCHAIN_TX,0x4098800943f50ee7c5b7c7369bba2f3903ae5e59bd057aa00e2f98abed44d4a7,12285943,2021-04-21 21:19:58.000 UTC,ethereum,0xa0b86991c6218b36c1d19d4a2e9eb0ce3606eb48,blacklist(address),,BLACKLISTER,,,Circle
CU-IMP-0006,ONCHAIN_TX,0x90b22a3b5f3cabd57e3873f70806b3b70d0c2341baa29d3d303f7da8948d1ea8,12285943,2021-04-21 21:19:58.000 UTC,ethereum,0xa0b86991c6218b36c1d19d4a2e9eb0ce3606eb48,blacklist(address),,BLACKLISTER,,,Circle
CU-IMP-0007,ONCHAIN_TX,0xb3c94e4b5f23bde27a973e7c599b2cb98b80145c2a9dfeca7d8f70a489be549f,12285943,2021-04-21 21:19:58.000 UTC,ethereum,0xa0b86991c6218b36c1d19d4a2e9eb0ce3606eb48,blacklist(address),,BLACKLISTER,,,Circle
CU-IMP-0008,ONCHAIN_TX,0x7bc71744e72022b0bf680066802102e84572a11e772dfa0efc483a93c6c4105c,12286225,2021-04-21 22:22:29.000 UTC,ethereum,0xa0b86991c6218b36c1d19d4a2e9eb0ce3606eb48,blacklist(address),,BLACKLISTER,,,Circle
CU-IMP-0009,ONCHAIN_TX,0x23f04d3f3540658611e1e7bb7bc31786467623a5fa512e6dbedbca293aabb500,13279129,2021-09-23 01:44:28.000 UTC,ethereum,0xa0b86991c6218b36c1d19d4a2e9eb0ce3606eb48,blacklist(address),,BLACKLISTER,,,Circle
CU-IMP-0010,ONCHAIN_TX,0xfeb3d2c3d4117dac054bf2d4ad46474b9ad94d7cc7b50e7b945dc308538a0236,13279129,2021-09-23 01:44:28.000 UTC,ethereum,0xa0b86991c6218b36c1d19d4a2e9eb0ce3606eb48,blacklist(address),,BLACKLISTER,,,Circle
CU-IMP-0011,ONCHAIN_TX,0x1fb7af2604d2441f1c36534be0b94616e748133f7c57882d398ad681fe3c5b88,13279135,2021-09-23 01:44:56.000 UTC,ethereum,0xa0b86991c6218b36c1d19d4a2e9eb0ce3606eb48,blacklist(address),,BLACKLISTER,,,Circle
CU-IMP-0012,ONCHAIN_TX,0x2a4fc26c80db5fcc76e3b67b549ca28f2bfe00fd2b1f51c449151453bc74e06e,13279135,2021-09-23 01:44:56.000 UTC,ethereum,0xa0b86991c6218b36c1d19d4a2e9eb0ce3606eb48,blacklist(address),,BLACKLISTER,,,Circle
CU-IMP-0013,ONCHAIN_TX,0x14a97060a7370f5c88573f7d01391f6767133cfa596be9e2985ff57c042dfc23,13583147,2021-11-09 16:15:01.000 UTC,ethereum,0xa0b86991c6218b36c1d19d4a2e9eb0ce3606eb48,blacklist(address),,BLACKLISTER,,,Circle
CU-IMP-0014,ONCHAIN_TX,0x4cae4c11fda107f5c70b5595493aa1961ff704de65985e13fcec81dc67e86e7f,13583147,2021-11-09 16:15:01.000 UTC,ethereum,0xa0b86991c6218b36c1d19d4a2e9eb0ce3606eb48,blacklist(address),,BLACKLISTER,,,Circle
CU-IMP-0015,ONCHAIN_TX,0x62ea0750efbcd57b05329ca06505965cdd10ded366cea04075e69c6d2c519c90,13583147,2021-11-09 16:15:01.000 UTC,ethereum,0xa0b86991c6218b36c1d19d4a2e9eb0ce3606eb48,blacklist(address),,BLACKLISTER,,,Circle
CU-IMP-0016,ONCHAIN_TX,0x64ba5632d016ff611e77df23bc03f4c83caf9f85f090ef10b4a2f48d14fa9ef9,13583147,2021-11-09 16:15:01.000 UTC,ethereum,0xa0b86991c6218b36c1d19d4a2e9eb0ce3606eb48,blacklist(address),,BLACKLISTER,,,Circle
CU-IMP-0017,ONCHAIN_TX,0x68bf23a3676bbefa6d6629f83704757313e26931bd0136d1db57bce662acb1a9,13583147,2021-11-09 16:15:01.000 UTC,ethereum,0xa0b86991c6218b36c1d19d4a2e9eb0ce3606eb48,blacklist(address),,BLACKLISTER,,,Circle
CU-IMP-0018,ONCHAIN_TX,0x7f3c5f49c27fc1e54fa25c0d020925442eb5b216c4b0d61c8cdadd321e121db6,13583147,2021-11-09 16:15:01.000 UTC,ethereum,0xa0b86991c6218b36c1d19d4a2e9eb0ce3606eb48,blacklist(address),,BLACKLISTER,,,Circle
CU-IMP-0019,ONCHAIN_TX,0xa2aa6bb426a2a4fbd2ebffaeeb20689c3d7ead16fe10b4cbbae3de5d658be416,13583147,2021-11-09 16:15:01.000 UTC,ethereum,0xa0b86991c6218b36c1d19d4a2e9eb0ce3606eb48,blacklist(address),,BLACKLISTER,,,Circle
CU-IMP-0020,ONCHAIN_TX,0xdb2fe26d4c2467286597296abd227ffb1d54a37f682e0d8e0e71486ed0c91443,13583147,2021-11-09 16:15:01.000 UTC,ethereum,0xa0b86991c6218b36c1d19d4a2e9eb0ce3606eb48,blacklist(address),,BLACKLISTER,,,Circle
CU-IMP-0021,ONCHAIN_TX,0x0e61e0124294e16342b207a4b07da11a8cfe83ef7d5eb9f931180b5a200ba080,13681180,2021-11-25 03:35:42.000 UTC,ethereum,0xa0b86991c6218b36c1d19d4a2e9eb0ce3606eb48,blacklist(address),,BLACKLISTER,,,Circle
CU-IMP-0022,ONCHAIN_TX,0x95fca3ad759e65282072fe5f68c96d84838947f424cf0b74a4a5ef97036b8ffe,13681180,2021-11-25 03:35:42.000 UTC,ethereum,0xa0b86991c6218b36c1d19d4a2e9eb0ce3606eb48,blacklist(address),,BLACKLISTER,,,Circle
CU-IMP-0023,ONCHAIN_TX,0x9d437d437f0a6bbaeaa9451b7ca7c41158ffc734e59019f56e91d6fe3628e13e,13681180,2021-11-25 03:35:42.000 UTC,ethereum,0xa0b86991c6218b36c1d19d4a2e9eb0ce3606eb48,blacklist(address),,BLACKLISTER,,,Circle
CU-IMP-0024,ONCHAIN_TX,0x9f7bd158b9663dd1c58a9da260789c4c98ed0dfe2140fa65ed5cd61787d9c305,13681180,2021-11-25 03:35:42.000 UTC,ethereum,0xa0b86991c6218b36c1d19d4a2e9eb0ce3606eb48,blacklist(address),,BLACKLISTER,,,Circle
CU-IMP-0025,ONCHAIN_TX,0x69569c60bb8ec7433577682961e2204186ea6b97291c807559b5feb4e70920da,13736784,2021-12-04 00:38:55.000 UTC,ethereum,0xa0b86991c6218b36c1d19d4a2e9eb0ce3606eb48,blacklist(address),,BLACKLISTER,,,Circle
CU-IMP-0026,ONCHAIN_TX,0xde4f3db710b2bdd9f696a61b26ec2e9ec4c89716394bc9fcd88d82c92b448488,13864421,2021-12-23 23:35:00.000 UTC,ethereum,0xa0b86991c6218b36c1d19d4a2e9eb0ce3606eb48,unBlacklist(address),,BLACKLISTER,,,Circle
CU-IMP-0027,ONCHAIN_TX,0xebb7c782461f8fdfd975334ae6494e6530ba08c8bde228b802661a1df99fd8a1,13864421,2021-12-23 23:35:00.000 UTC,ethereum,0xa0b86991c6218b36c1d19d4a2e9eb0ce3606eb48,unBlacklist(address),,BLACKLISTER,,,Circle
CU-IMP-0028,ONCHAIN_TX,0x4800353df38c15bf0f095c787876607074a80c851acefed2582add3ca0bf7458,14481178,2022-03-29 12:49:03.000 UTC,ethereum,0xa0b86991c6218b36c1d19d4a2e9eb0ce3606eb48,blacklist(address),,BLACKLISTER,,,Circle
CU-IMP-0029,ONCHAIN_TX,0x5906c3dac2d75f141b72baa61842a9881e9d31ee36f761ffc7059ffc86c7e452,14481178,2022-03-29 12:49:03.000 UTC,ethereum,0xa0b86991c6218b36c1d19d4a2e9eb0ce3606eb48,blacklist(address),,BLACKLISTER,,,Circle
CU-IMP-0030,ONCHAIN_TX,0xe8ad0d43786851a017e21e0a3834000f4bce4095d0fff5c21c98b5385d4ea062,14481178,2022-03-29 12:49:03.000 UTC,ethereum,0xa0b86991c6218b36c1d19d4a2e9eb0ce3606eb48,blacklist(address),,BLACKLISTER,,,Circle
CU-IMP-0031,ONCHAIN_TX,0x0a8a4eacb0eef53680bc299eb54e97bb64ba43baf7a5629d7f10768f531a619a,14534925,2022-04-06 22:08:55.000 UTC,ethereum,0xa0b86991c6218b36c1d19d4a2e9eb0ce3606eb48,blacklist(address),,BLACKLISTER,,,Circle
CU-IMP-0032,ONCHAIN_TX,0xfa36edd16968a8a2e0a35a6131e97bd283ffd2def134c2f5b7b2cbabbd873d05,14585983,2022-04-14 21:32:53.000 UTC,ethereum,0xa0b86991c6218b36c1d19d4a2e9eb0ce3606eb48,blacklist(address),,BLACKLISTER,,,Circle
CU-IMP-0033,ONCHAIN_TX,0xccc969c7fc1803de266bed1a088843ec0218e89e026a81b2dd215a9cb1c02011,14640922,2022-04-23 12:00:56.000 UTC,ethereum,0xa0b86991c6218b36c1d19d4a2e9eb0ce3606eb48,blacklist(address),,BLACKLISTER,,,Circle
CU-IMP-0034,ONCHAIN_TX,0x34597f3bcd8a796f30764a2f1187d2153026c1796a85d6ab1aad05272212ab19,14640965,2022-04-23 12:09:30.000 UTC,ethereum,0xa0b86991c6218b36c1d19d4a2e9eb0ce3606eb48,blacklist(address),,BLACKLISTER,,,Circle
CU-IMP-0035,ONCHAIN_TX,0x8a28fa4fc1e2efac90490f4358ec223dc0120fe2a36a4c61387c6ccb32931da3,14640965,2022-04-23 12:09:30.000 UTC,ethereum,0xa0b86991c6218b36c1d19d4a2e9eb0ce3606eb48,blacklist(address),,BLACKLISTER,,,Circle
CU-IMP-0036,ONCHAIN_TX,0xd1e1e7ed4e8324d980852acf927199c60f7f8e26aaaaade3cc093d468d9e12ea,14640965,2022-04-23 12:09:30.000 UTC,ethereum,0xa0b86991c6218b36c1d19d4a2e9eb0ce3606eb48,blacklist(address),,BLACKLISTER,,,Circle
CU-IMP-0037,ONCHAIN_TX,0xeb36b3dd5138eef4f0f13403675ca0e08dc8543a988fa7045fb55db4ae991396,14724273,2022-05-06 15:14:58.000 UTC,ethereum,0xa0b86991c6218b36c1d19d4a2e9eb0ce3606eb48,blacklist(address),,BLACKLISTER,,,Circle
CU-IMP-0038,ONCHAIN_TX,0xac47ae1799c7836f33a0deabb03867d85a5949e710c4f8b5d9a071f666f11c53,14724282,2022-05-06 15:17:54.000 UTC,ethereum,0xa0b86991c6218b36c1d19d4a2e9eb0ce3606eb48,blacklist(address),,BLACKLISTER,,,Circle
CU-IMP-0039,ONCHAIN_TX,0xbf3b80d9cd7fd27101e6756573679b59cf7d314ba5775e5e5357ee3b490b1669,14724282,2022-05-06 15:17:54.000 UTC,ethereum,0xa0b86991c6218b36c1d19d4a2e9eb0ce3606eb48,blacklist(address),,BLACKLISTER,,,Circle
CU-IMP-0040,ONCHAIN_TX,0xe2827c3853ada53c25a3a1dd1dcebd238df8ee7866df19e61ad900d1d6df91bb,14724282,2022-05-06 15:17:54.000 UTC,ethereum,0xa0b86991c6218b36c1d19d4a2e9eb0ce3606eb48,blacklist(address),,BLACKLISTER,,,Circle
CU-IMP-0041,ONCHAIN_TX,0x8cc0c781c03a1b4d943450fb3b44eaf6742fe37b05291968aff7374f0e060c68,14893596,2022-06-02 22:36:29.000 UTC,ethereum,0xa0b86991c6218b36c1d19d4a2e9eb0ce3606eb48,blacklist(address),,BLACKLISTER,,,Circle
CU-IMP-0042,ONCHAIN_TX,0xc79e79b2b5ab2c0168541d3785086c5d22b0d07a9f794c351b377d3093984ba7,15130430,2022-07-12 22:00:53.000 UTC,ethereum,0xa0b86991c6218b36c1d19d4a2e9eb0ce3606eb48,blacklist(address),,BLACKLISTER,,,Circle
CU-IMP-0043,ONCHAIN_TX,0x6dab4e4374253c997ac85492b4a9528d84aafcb5c89c9c8c6b410674254f829b,15130440,2022-07-12 22:03:02.000 UTC,ethereum,0xa0b86991c6218b36c1d19d4a2e9eb0ce3606eb48,blacklist(address),,BLACKLISTER,,,Circle
CU-IMP-0044,ONCHAIN_TX,0x9042de723db1975b86a22bda4e71654469553caebfc22212457d9b12920ca456,15130440,2022-07-12 22:03:02.000 UTC,ethereum,0xa0b86991c6218b36c1d19d4a2e9eb0ce3606eb48,blacklist(address),,BLACKLISTER,,,Circle
CU-IMP-0045,ONCHAIN_TX,0xa585dfccee450b4558d17e79fa9f851dccc9c6bbba2e598e02969b326977c419,15130440,2022-07-12 22:03:02.000 UTC,ethereum,0xa0b86991c6218b36c1d19d4a2e9eb0ce3606eb48,blacklist(address),,BLACKLISTER,,,Circle
CU-IMP-0046,ONCHAIN_TX,0x2a342d79d20bbbcbca65f2dfcee7ad7ec792dc6428fdab916d8ba3305555b5a9,15302549,2022-08-08 16:15:01.000 UTC,ethereum,0xa0b86991c6218b36c1d19d4a2e9eb0ce3606eb48,blacklist(address),,BLACKLISTER,,,Circle
CU-IMP-0047,ONCHAIN_TX,0x31583cd0e6c702b95cfe6b4481c2073c04aecf1871fcbc9c37c790239d78906d,15302549,2022-08-08 16:15:01.000 UTC,ethereum,0xa0b86991c6218b36c1d19d4a2e9eb0ce3606eb48,blacklist(address),,BLACKLISTER,,,Circle
CU-IMP-0048,ONCHAIN_TX,0x33b902aa2b7bdc98f879ca3933883e5a1fc8381ea67ea70a9ddf8cc30b1bf336,15302549,2022-08-08 16:15:01.000 UTC,ethereum,0xa0b86991c6218b36c1d19d4a2e9eb0ce3606eb48,blacklist(address),,BLACKLISTER,,,Circle
CU-IMP-0049,ONCHAIN_TX,0x742f389ed7dd3699a0975f39632817b814e84e2b0aae297bbdbd72174649c336,15302549,2022-08-08 16:15:01.000 UTC,ethereum,0xa0b86991c6218b36c1d19d4a2e9eb0ce3606eb48,blacklist(address),,BLACKLISTER,,,Circle
CU-IMP-0050,ONCHAIN_TX,0x8173893cdd8a80785ef7cf72b7b7f74bb24c4a3783d025b82b1ce1b2123e710b,15302549,2022-08-08 16:15:01.000 UTC,ethereum,0xa0b86991c6218b36c1d19d4a2e9eb0ce3606eb48,blacklist(address),,BLACKLISTER,,,Circle
CU-IMP-0051,ONCHAIN_TX,0x8421c61b9b7a111af392ff922c6006c869e796ac45dbf3989c665811e195341a,15302549,2022-08-08 16:15:01.000 UTC,ethereum,0xa0b86991c6218b36c1d19d4a2e9eb0ce3606eb48,blacklist(address),,BLACKLISTER,,,Circle
CU-IMP-0052,ONCHAIN_TX,0x9acbd826ba1acf769f81908369291c0e71555bc3a1dd117f512c9dca336f4791,15302549,2022-08-08 16:15:01.000 UTC,ethereum,0xa0b86991c6218b36c1d19d4a2e9eb0ce3606eb48,blacklist(address),,BLACKLISTER,,,Circle
CU-IMP-0053,ONCHAIN_TX,0x9c161099d0905fff8d3faf00524be8b56cd6eef03ee2d1f8516bfb9a3b40fb3f,15302549,2022-08-08 16:15:01.000 UTC,ethereum,0xa0b86991c6218b36c1d19d4a2e9eb0ce3606eb48,blacklist(address),,BLACKLISTER,,,Circle
CU-IMP-0054,ONCHAIN_TX,0xa61326744a21ce8d5397831d107ee14909b3f4eaaaddbf1f3dce879a19e30dd9,15302549,2022-08-08 16:15:01.000 UTC,ethereum,0xa0b86991c6218b36c1d19d4a2e9eb0ce3606eb48,blacklist(address),,BLACKLISTER,,,Circle
CU-IMP-0055,ONCHAIN_TX,0xbb3e473fe62c0bc03d9ea4e9a087b041997ccac4894aafd1602353af39e93971,15302549,2022-08-08 16:15:01.000 UTC,ethereum,0xa0b86991c6218b36c1d19d4a2e9eb0ce3606eb48,blacklist(address),,BLACKLISTER,,,Circle
CU-IMP-0056,ONCHAIN_TX,0xc1897b822d3dada3dac6f2fe709f7d8da4e70d737e161f2376b0c0ad3b60ab24,15302549,2022-08-08 16:15:01.000 UTC,ethereum,0xa0b86991c6218b36c1d19d4a2e9eb0ce3606eb48,blacklist(address),,BLACKLISTER,,,Circle
CU-IMP-0057,ONCHAIN_TX,0xc67cf29fc3feb0073e98f5c341671a8e96999854e37fd876f05046f13c53af72,15302549,2022-08-08 16:15:01.000 UTC,ethereum,0xa0b86991c6218b36c1d19d4a2e9eb0ce3606eb48,blacklist(address),,BLACKLISTER,,,Circle
CU-IMP-0058,ONCHAIN_TX,0xc9ab65e227c5e1fb38bb8c0ccd7e08aae115080c22a7df2ab9fa55e407e877b3,15302549,2022-08-08 16:15:01.000 UTC,ethereum,0xa0b86991c6218b36c1d19d4a2e9eb0ce3606eb48,blacklist(address),,BLACKLISTER,,,Circle
CU-IMP-0059,ONCHAIN_TX,0xe023b1a7013cc33d4a6e5526d0d377d5f7e3277ceffd5410547fd0108c64504e,15302549,2022-08-08 16:15:01.000 UTC,ethereum,0xa0b86991c6218b36c1d19d4a2e9eb0ce3606eb48,blacklist(address),,BLACKLISTER,,,Circle
CU-IMP-0060,ONCHAIN_TX,0xf757bdcbe2e3ac53bd4e0c68a8df3c595543d6d71c900aa335af4887dbabfa09,15302549,2022-08-08 16:15:01.000 UTC,ethereum,0xa0b86991c6218b36c1d19d4a2e9eb0ce3606eb48,blacklist(address),,BLACKLISTER,,,Circle
CU-IMP-0061,ONCHAIN_TX,0x203751465728dafd58ef23870ae7e7bf6cbdd4475c16efecff7e76a33a5390db,15302580,2022-08-08 16:19:56.000 UTC,ethereum,0xa0b86991c6218b36c1d19d4a2e9eb0ce3606eb48,blacklist(address),,BLACKLISTER,,,Circle
CU-IMP-0062,ONCHAIN_TX,0x2741c3c42c56e32659f599db118104f8c05098573a2017d451dfd32757db7b53,15302580,2022-08-08 16:19:56.000 UTC,ethereum,0xa0b86991c6218b36c1d19d4a2e9eb0ce3606eb48,blacklist(address),,BLACKLISTER,,,Circle
CU-IMP-0063,ONCHAIN_TX,0x2a3daa98bd05175e63294eddce4d037389a6691ff4da460cb4b43e2a31262121,15302580,2022-08-08 16:19:56.000 UTC,ethereum,0xa0b86991c6218b36c1d19d4a2e9eb0ce3606eb48,blacklist(address),,BLACKLISTER,,,Circle
CU-IMP-0064,ONCHAIN_TX,0x34c6111e065f079871f66ef8e0a0da825f93c9754822da92c64b6eb705dea3aa,15302580,2022-08-08 16:19:56.000 UTC,ethereum,0xa0b86991c6218b36c1d19d4a2e9eb0ce3606eb48,blacklist(address),,BLACKLISTER,,,Circle
CU-IMP-0065,ONCHAIN_TX,0x53caa091af8c28b595cce01632c190b5d6693915500a88d4c74180b9828353d0,15302580,2022-08-08 16:19:56.000 UTC,ethereum,0xa0b86991c6218b36c1d19d4a2e9eb0ce3606eb48,blacklist(address),,BLACKLISTER,,,Circle
CU-IMP-0066,ONCHAIN_TX,0x565471b6fab0a601e2bb70685356a4f878509629f4a44ca61e0ee9d13a3e79a9,15302580,2022-08-08 16:19:56.000 UTC,ethereum,0xa0b86991c6218b36c1d19d4a2e9eb0ce3606eb48,blacklist(address),,BLACKLISTER,,,Circle
CU-IMP-0067,ONCHAIN_TX,0x749583403c76eb1bef0ee9489fb50a6cb29ae7fb8231727bde57192f48931b3c,15302580,2022-08-08 16:19:56.000 UTC,ethereum,0xa0b86991c6218b36c1d19d4a2e9eb0ce3606eb48,blacklist(address),,BLACKLISTER,,,Circle
CU-IMP-0068,ONCHAIN_TX,0x81001817ee93a9fb398882414d6f027b0e06e17876180825740d51da67bfa070,15302580,2022-08-08 16:19:56.000 UTC,ethereum,0xa0b86991c6218b36c1d19d4a2e9eb0ce3606eb48,blacklist(address),,BLACKLISTER,,,Circle
CU-IMP-0069,ONCHAIN_TX,0x8394d9d2ef5b9fd47b43eb1e542c9fd8477d7a7303cafcc5b682e5170b1d7de5,15302580,2022-08-08 16:19:56.000 UTC,ethereum,0xa0b86991c6218b36c1d19d4a2e9eb0ce3606eb48,blacklist(address),,BLACKLISTER,,,Circle
CU-IMP-0070,ONCHAIN_TX,0x9744a2a38007ed8f1bfa1d6a72e15d1ca8abe6934f67076b450c2b320b6ed11b,15302580,2022-08-08 16:19:56.000 UTC,ethereum,0xa0b86991c6218b36c1d19d4a2e9eb0ce3606eb48,blacklist(address),,BLACKLISTER,,,Circle
CU-IMP-0071,ONCHAIN_TX,0xa65d4e5c557547c84fcea46bf760fd21d0252c6cb68308796b2ef3fe1eafe83a,15302580,2022-08-08 16:19:56.000 UTC,ethereum,0xa0b86991c6218b36c1d19d4a2e9eb0ce3606eb48,blacklist(address),,BLACKLISTER,,,Circle
CU-IMP-0072,ONCHAIN_TX,0xbb05a3256d6b4f6842f191f10f1af463e8ccd5721c3eeb939f75995231732e88,15302580,2022-08-08 16:19:56.000 UTC,ethereum,0xa0b86991c6218b36c1d19d4a2e9eb0ce3606eb48,blacklist(address),,BLACKLISTER,,,Circle
CU-IMP-0073,ONCHAIN_TX,0xbfa9a35ab7e3b6c2064d494c19f3a32d4108c33bf702646cfc833fc70aec5238,15302580,2022-08-08 16:19:56.000 UTC,ethereum,0xa0b86991c6218b36c1d19d4a2e9eb0ce3606eb48,blacklist(address),,BLACKLISTER,,,Circle
CU-IMP-0074,ONCHAIN_TX,0xdac0f7dfddc25d6df95c85d54fb4f3653ab739269d429e0970d0e47f46fcf2f1,15302580,2022-08-08 16:19:56.000 UTC,ethereum,0xa0b86991c6218b36c1d19d4a2e9eb0ce3606eb48,blacklist(address),,BLACKLISTER,,,Circle
CU-IMP-0075,ONCHAIN_TX,0xe8edb391d37ed9486d15cf0407833867c8dd8b47911a6264e41a1596a9250fec,15302580,2022-08-08 16:19:56.000 UTC,ethereum,0xa0b86991c6218b36c1d19d4a2e9eb0ce3606eb48,blacklist(address),,BLACKLISTER,,,Circle
CU-IMP-0076,ONCHAIN_TX,0xfffe5e62d5cc073d8bf445948a25ebd6810922a6dd05525666f4755aa162e89b,15302580,2022-08-08 16:19:56.000 UTC,ethereum,0xa0b86991c6218b36c1d19d4a2e9eb0ce3606eb48,blacklist(address),,BLACKLISTER,,,Circle
CU-IMP-0077,ONCHAIN_TX,0x4ef74635c7cd8a7e43fddaeb71c5a9f52c58d86a6306d1b6673a117537b94ee2,15302581,2022-08-08 16:20:14.000 UTC,ethereum,0xa0b86991c6218b36c1d19d4a2e9eb0ce3606eb48,blacklist(address),,BLACKLISTER,,,Circle
CU-IMP-0078,ONCHAIN_TX,0x3ce7ec1b6ee141a086735941adf596b41d49087e38808f35f50f35f59ebd1f6c,15302607,2022-08-08 16:25:25.000 UTC,ethereum,0xa0b86991c6218b36c1d19d4a2e9eb0ce3606eb48,blacklist(address),,BLACKLISTER,,,Circle
CU-IMP-0079,ONCHAIN_TX,0x69d1f9f6006e6e2aca7aeabb5f2aece2d5dae9274f8f320738f26a587321f560,15302607,2022-08-08 16:25:25.000 UTC,ethereum,0xa0b86991c6218b36c1d19d4a2e9eb0ce3606eb48,blacklist(address),,BLACKLISTER,,,Circle
CU-IMP-0080,ONCHAIN_TX,0x810bcb60ec7897070bda4ad289b599c7d99c26b4f4ef0bcb466053e784cf9f8c,15302607,2022-08-08 16:25:25.000 UTC,ethereum,0xa0b86991c6218b36c1d19d4a2e9eb0ce3606eb48,blacklist(address),,BLACKLISTER,,,Circle
CU-IMP-0081,ONCHAIN_TX,0xafb3d6399c84e4cb06b410a8487d53634c2dc8ab500a12ecd7d15cca9d50b826,15302607,2022-08-08 16:25:25.000 UTC,ethereum,0xa0b86991c6218b36c1d19d4a2e9eb0ce3606eb48,blacklist(address),,BLACKLISTER,,,Circle
CU-IMP-0082,ONCHAIN_TX,0x3ae29e19067eaf2a028254d570164a34ec3dc07b712847c5c08da1e84da2eb0c,15302766,2022-08-08 17:00:57.000 UTC,ethereum,0xa0b86991c6218b36c1d19d4a2e9eb0ce3606eb48,blacklist(address),,BLACKLISTER,,,Circle
CU-IMP-0083,ONCHAIN_TX,0x692c4c53bde8008fcc1f770d9b7cb99202a7b8b23540611b90589c0e0d90b5e5,15302766,2022-08-08 17:00:57.000 UTC,ethereum,0xa0b86991c6218b36c1d19d4a2e9eb0ce3606eb48,blacklist(address),,BLACKLISTER,,,Circle
CU-IMP-0084,ONCHAIN_TX,0xe95cf40d0cdcb75d240db166b5e117bd881c33c56a42943b7d40600c18989231,15329663,2022-08-12 22:27:02.000 UTC,ethereum,0xa0b86991c6218b36c1d19d4a2e9eb0ce3606eb48,blacklist(address),,BLACKLISTER,,,Circle
CU-IMP-0085,ONCHAIN_TX,0x137e94a4bd8ca34dba6fda0ebfc78237c8b5245fbb5b4f12356f0db4a3a15029,15540279,2022-09-15 16:27:47.000 UTC,ethereum,0xa0b86991c6218b36c1d19d4a2e9eb0ce3606eb48,blacklist(address),,BLACKLISTER,,,Circle
CU-IMP-0086,ONCHAIN_TX,0xee82fb6a24ffe27d2bcd4bf3b0ea186c02e22abcf87a5e0222983acfed239363,15540279,2022-09-15 16:27:47.000 UTC,ethereum,0xa0b86991c6218b36c1d19d4a2e9eb0ce3606eb48,blacklist(address),,BLACKLISTER,,,Circle
CU-IMP-0087,ONCHAIN_TX,0x445a23f4e2947e81bf849ffd993617a8d119256234b0b1ce6c9bd32ed7ae8d7b,15540832,2022-09-15 18:20:23.000 UTC,ethereum,0xa0b86991c6218b36c1d19d4a2e9eb0ce3606eb48,blacklist(address),,BLACKLISTER,,,Circle
CU-IMP-0088,ONCHAIN_TX,0x2552ed6c6152907413f71b7b18e9cdd379b6730bdceaefe22ed7b3c2c69cd37d,15649161,2022-09-30 22:32:59.000 UTC,ethereum,0xa0b86991c6218b36c1d19d4a2e9eb0ce3606eb48,blacklist(address),,BLACKLISTER,,,Circle
CU-IMP-0089,ONCHAIN_TX,0x9f63e2362bc319b6167120bbdec737e60216519d787c323b3465db6af5971d10,15649162,2022-09-30 22:33:11.000 UTC,ethereum,0xa0b86991c6218b36c1d19d4a2e9eb0ce3606eb48,blacklist(address),,BLACKLISTER,,,Circle
CU-IMP-0090,ONCHAIN_TX,0x5ea742c33f82662d8b68455abcf5605051a6ca24073b3bae84a00c1d38cd9f86,15692969,2022-10-07 01:34:35.000 UTC,ethereum,0xa0b86991c6218b36c1d19d4a2e9eb0ce3606eb48,blacklist(address),,BLACKLISTER,,,Circle
CU-IMP-0091,ONCHAIN_TX,0x342aa7eab60bd9a2e5d686dce6b4f05fc003d34a782d4180ca17ad2194bac63c,15941674,2022-11-10 19:21:59.000 UTC,ethereum,0xa0b86991c6218b36c1d19d4a2e9eb0ce3606eb48,blacklist(address),,BLACKLISTER,,,Circle
CU-IMP-0092,ONCHAIN_TX,0x650c6ea3d921cfe86e4f13732bf1c6b288883e576453452acb6df6be08d568e5,15941675,2022-11-10 19:22:11.000 UTC,ethereum,0xa0b86991c6218b36c1d19d4a2e9eb0ce3606eb48,blacklist(address),,BLACKLISTER,,,Circle
CU-IMP-0093,ONCHAIN_TX,0x4d7fe45ee873f00a53f1d8233bf6a17e4515aa355f817e2a978dbb554562af8a,15941676,2022-11-10 19:22:23.000 UTC,ethereum,0xa0b86991c6218b36c1d19d4a2e9eb0ce3606eb48,blacklist(address),,BLACKLISTER,,,Circle
CU-IMP-0094,ONCHAIN_TX,0x863b816daf856cc942f0a07ea52b1ed0119a2402f2bcf6037309ff718f2a633d,15941678,2022-11-10 19:22:47.000 UTC,ethereum,0xa0b86991c6218b36c1d19d4a2e9eb0ce3606eb48,blacklist(address),,BLACKLISTER,,,Circle
CU-IMP-0095,ONCHAIN_TX,0xbf13ff2b789e94669edbcda46e068e4542390db9dd97761390cda51c61ab27a6,15941678,2022-11-10 19:22:47.000 UTC,ethereum,0xa0b86991c6218b36c1d19d4a2e9eb0ce3606eb48,blacklist(address),,BLACKLISTER,,,Circle
CU-IMP-0096,ONCHAIN_TX,0xc00bfd7205b589aa3b34ab535a90cc201e65816b40de1256ab824f9be74af349,15941678,2022-11-10 19:22:47.000 UTC,ethereum,0xa0b86991c6218b36c1d19d4a2e9eb0ce3606eb48,blacklist(address),,BLACKLISTER,,,Circle
CU-IMP-0097,ONCHAIN_TX,0x8fd1345aa21f1c781bc012eaf9786f322702688a1714f8cbb6c7f9fb61581432,15941679,2022-11-10 19:22:59.000 UTC,ethereum,0xa0b86991c6218b36c1d19d4a2e9eb0ce3606eb48,blacklist(address),,BLACKLISTER,,,Circle
CU-IMP-0098,ONCHAIN_TX,0xf224a066a5dea3d1d3a5ae7c7014bdbbf96a4c2013eea6cac8a43f2f9ee72285,15941679,2022-11-10 19:22:59.000 UTC,ethereum,0xa0b86991c6218b36c1d19d4a2e9eb0ce3606eb48,blacklist(address),,BLACKLISTER,,,Circle
CU-IMP-0099,ONCHAIN_TX,0xf9351a9b644c907ad74de26e32ee81ddc0bac6131c7a37c9015743dc9dde2520,15941679,2022-11-10 19:22:59.000 UTC,ethereum,0xa0b86991c6218b36c1d19d4a2e9eb0ce3606eb48,blacklist(address),,BLACKLISTER,,,Circle
CU-IMP-0100,ONCHAIN_TX,0x62b91b68696873cb4c7e346c02026358724a21a4c1f48a2a319cb06e488bf814,15941683,2022-11-10 19:23:47.000 UTC,ethereum,0xa0b86991c6218b36c1d19d4a2e9eb0ce3606eb48,blacklist(address),,BLACKLISTER,,,Circle
CU-IMP-0101,ONCHAIN_TX,0x6a2274db9a2aa0504915cc3787baff8d81baccc05b066465346845e3b59ccc85,15941683,2022-11-10 19:23:47.000 UTC,ethereum,0xa0b86991c6218b36c1d19d4a2e9eb0ce3606eb48,blacklist(address),,BLACKLISTER,,,Circle
CU-IMP-0102,ONCHAIN_TX,0xb5433b5a64037baf0111e843b62bea89f362edb3f0ed66894ed49101691922b8,15941683,2022-11-10 19:23:47.000 UTC,ethereum,0xa0b86991c6218b36c1d19d4a2e9eb0ce3606eb48,blacklist(address),,BLACKLISTER,,,Circle
CU-IMP-0103,ONCHAIN_TX,0x3b1ef1cc75d032f93454acf46c29ef416bc14c7ebb0cb513a232b1662b85ac28,15941684,2022-11-10 19:23:59.000 UTC,ethereum,0xa0b86991c6218b36c1d19d4a2e9eb0ce3606eb48,blacklist(address),,BLACKLISTER,,,Circle
CU-IMP-0104,ONCHAIN_TX,0xb232c44f9d5aa65bed6f75ecdfa9d673a8073fff84eed4348ef252902811df74,15941684,2022-11-10 19:23:59.000 UTC,ethereum,0xa0b86991c6218b36c1d19d4a2e9eb0ce3606eb48,blacklist(address),,BLACKLISTER,,,Circle
CU-IMP-0105,ONCHAIN_TX,0xc5435ffbec8cf0dc25e0426a0b54c078c8c609c5720a83cfac181cad550bf4b8,15941684,2022-11-10 19:23:59.000 UTC,ethereum,0xa0b86991c6218b36c1d19d4a2e9eb0ce3606eb48,blacklist(address),,BLACKLISTER,,,Circle
CU-IMP-0106,ONCHAIN_TX,0xddc9d006cabdafb33ec85ef40c971ea39a21e15630a566e491009198e3b45b58,15941684,2022-11-10 19:23:59.000 UTC,ethereum,0xa0b86991c6218b36c1d19d4a2e9eb0ce3606eb48,blacklist(address),,BLACKLISTER,,,Circle
CU-IMP-0107,ONCHAIN_TX,0x502eecc89946926a64aed1fec681f9113aba6d9153b4ff536b931e2ad92fa8a7,15941685,2022-11-10 19:24:11.000 UTC,ethereum,0xa0b86991c6218b36c1d19d4a2e9eb0ce3606eb48,blacklist(address),,BLACKLISTER,,,Circle
CU-IMP-0108,ONCHAIN_TX,0x59c01469374c0811168d40e87d5d924d42ab29eb99b290851fcbc872f260e134,15941685,2022-11-10 19:24:11.000 UTC,ethereum,0xa0b86991c6218b36c1d19d4a2e9eb0ce3606eb48,blacklist(address),,BLACKLISTER,,,Circle
CU-IMP-0109,ONCHAIN_TX,0x5ee4b301b0aaa4c52b5803b5c75b49626e0430d7a4115e58e2a804a67df55b49,15941688,2022-11-10 19:24:47.000 UTC,ethereum,0xa0b86991c6218b36c1d19d4a2e9eb0ce3606eb48,blacklist(address),,BLACKLISTER,,,Circle
CU-IMP-0110,ONCHAIN_TX,0xd14d4842914f21f2afed947530532a0789b83f13647e7c6073ba77becdcc155e,15941688,2022-11-10 19:24:47.000 UTC,ethereum,0xa0b86991c6218b36c1d19d4a2e9eb0ce3606eb48,blacklist(address),,BLACKLISTER,,,Circle
CU-IMP-0111,ONCHAIN_TX,0xdf37922b70c5b59132faa11b2bbfed95639ddcc7ff938de6ffda361ed817f385,15941688,2022-11-10 19:24:47.000 UTC,ethereum,0xa0b86991c6218b36c1d19d4a2e9eb0ce3606eb48,blacklist(address),,BLACKLISTER,,,Circle
CU-IMP-0112,ONCHAIN_TX,0x09086d9eeeac164aec712f98619d42862fa7edc7352869e32010077ec8fb192a,15941689,2022-11-10 19:24:59.000 UTC,ethereum,0xa0b86991c6218b36c1d19d4a2e9eb0ce3606eb48,blacklist(address),,BLACKLISTER,,,Circle
CU-IMP-0113,ONCHAIN_TX,0x4dd969dd59f2ef9db31f71b842451102e7ec2e6710efcf739f0e707836a82211,15941689,2022-11-10 19:24:59.000 UTC,ethereum,0xa0b86991c6218b36c1d19d4a2e9eb0ce3606eb48,blacklist(address),,BLACKLISTER,,,Circle
CU-IMP-0114,ONCHAIN_TX,0x8327b670f4cd9b81692920adda16f173b63be2af60f070168a60eb4014c792a9,15941689,2022-11-10 19:24:59.000 UTC,ethereum,0xa0b86991c6218b36c1d19d4a2e9eb0ce3606eb48,blacklist(address),,BLACKLISTER,,,Circle
CU-IMP-0115,ONCHAIN_TX,0xa525e569c129fc03a90e758a78ec115d08319e1c3e9f6c7ab383e25d04977666,15941689,2022-11-10 19:24:59.000 UTC,ethereum,0xa0b86991c6218b36c1d19d4a2e9eb0ce3606eb48,blacklist(address),,BLACKLISTER,,,Circle
CU-IMP-0116,ONCHAIN_TX,0xb6d1638df364750342436592a633e3314de86429307dea7673e68d59cf0f5a7e,15941689,2022-11-10 19:24:59.000 UTC,ethereum,0xa0b86991c6218b36c1d19d4a2e9eb0ce3606eb48,blacklist(address),,BLACKLISTER,,,Circle
CU-IMP-0117,ONCHAIN_TX,0xe7bf519d62531f3c24bbc021727f9c3ed802144349e085f64f710a9623a1891a,15941699,2022-11-10 19:26:59.000 UTC,ethereum,0xa0b86991c6218b36c1d19d4a2e9eb0ce3606eb48,blacklist(address),,BLACKLISTER,,,Circle
CU-IMP-0118,ONCHAIN_TX,0x900c53eb17c13d41af1c0606a728357812d12ca25425f4685154d55ec7172916,15941700,2022-11-10 19:27:11.000 UTC,ethereum,0xa0b86991c6218b36c1d19d4a2e9eb0ce3606eb48,blacklist(address),,BLACKLISTER,,,Circle
CU-IMP-0119,ONCHAIN_TX,0x3889dc830ba03c9cd83731682b00401c27360c87d7e6c72211d04cd5d96bda7d,15941701,2022-11-10 19:27:23.000 UTC,ethereum,0xa0b86991c6218b36c1d19d4a2e9eb0ce3606eb48,blacklist(address),,BLACKLISTER,,,Circle
CU-IMP-0120,ONCHAIN_TX,0x53540298a01dc21f68798edece3dafdc4d15666855723df0acf97d52fe0735b3,15941701,2022-11-10 19:27:23.000 UTC,ethereum,0xa0b86991c6218b36c1d19d4a2e9eb0ce3606eb48,blacklist(address),,BLACKLISTER,,,Circle
CU-IMP-0121,ONCHAIN_TX,0xbb6eefe08d8f751fbcee482abf332019e1d7a21b103effd3f852327c8adb0de0,15941701,2022-11-10 19:27:23.000 UTC,ethereum,0xa0b86991c6218b36c1d19d4a2e9eb0ce3606eb48,blacklist(address),,BLACKLISTER,,,Circle
CU-IMP-0122,ONCHAIN_TX,0xde313c52f146e771f3dbd4db615ca849cbb3337e858655030787b8c99a2d79a6,15941701,2022-11-10 19:27:23.000 UTC,ethereum,0xa0b86991c6218b36c1d19d4a2e9eb0ce3606eb48,blacklist(address),,BLACKLISTER,,,Circle
CU-IMP-0123,ONCHAIN_TX,0xf5426713b0a6fff499118e8180d0bfef5fbc23a092c0111b72695adc6a2380d6,15941701,2022-11-10 19:27:23.000 UTC,ethereum,0xa0b86991c6218b36c1d19d4a2e9eb0ce3606eb48,blacklist(address),,BLACKLISTER,,,Circle
CU-IMP-0124,ONCHAIN_TX,0x0907e628c15ee0d835228b829f04c6b47476e6cc1e7b064c0acd41272fa3415f,15941702,2022-11-10 19:27:35.000 UTC,ethereum,0xa0b86991c6218b36c1d19d4a2e9eb0ce3606eb48,blacklist(address),,BLACKLISTER,,,Circle
CU-IMP-0125,ONCHAIN_TX,0x43a11395db9c3f75ad99d7023c6498c3f17357d1cf97fdf3f4cbea7d77eb52c1,15941702,2022-11-10 19:27:35.000 UTC,ethereum,0xa0b86991c6218b36c1d19d4a2e9eb0ce3606eb48,blacklist(address),,BLACKLISTER,,,Circle
CU-IMP-0126,ONCHAIN_TX,0xff021f6a1e774ea78b2b84fa0d2e0e417f72dd0d2cbc72804fabb92d38cf99b4,15941702,2022-11-10 19:27:35.000 UTC,ethereum,0xa0b86991c6218b36c1d19d4a2e9eb0ce3606eb48,blacklist(address),,BLACKLISTER,,,Circle
CU-IMP-0127,ONCHAIN_TX,0x1fe834bd6bef3c8669070c0a5efcde24c810d909c34eda085b49580652714780,15941703,2022-11-10 19:27:47.000 UTC,ethereum,0xa0b86991c6218b36c1d19d4a2e9eb0ce3606eb48,blacklist(address),,BLACKLISTER,,,Circle
CU-IMP-0128,ONCHAIN_TX,0x573553d054954cf1bc6e94f4704fa10078c9d91f2d3bdc0cc41507e39940a838,15941703,2022-11-10 19:27:47.000 UTC,ethereum,0xa0b86991c6218b36c1d19d4a2e9eb0ce3606eb48,blacklist(address),,BLACKLISTER,,,Circle
CU-IMP-0129,ONCHAIN_TX,0x6d4a58a2f4bb77a586845ee92a784cdc63424cb4ecabc2bd7c03ea58438cb5b1,15941703,2022-11-10 19:27:47.000 UTC,ethereum,0xa0b86991c6218b36c1d19d4a2e9eb0ce3606eb48,blacklist(address),,BLACKLISTER,,,Circle
CU-IMP-0130,ONCHAIN_TX,0xc7fb284c48ec3aae0924e8cd94c19f856bedbd07bb09bb7cc35f764f9f00b642,15941703,2022-11-10 19:27:47.000 UTC,ethereum,0xa0b86991c6218b36c1d19d4a2e9eb0ce3606eb48,blacklist(address),,BLACKLISTER,,,Circle
CU-IMP-0131,ONCHAIN_TX,0xceaeb9111963e1bb1afbd29c4d1aa387315e24cbb33515e2017d6cbdd4d111d2,15941703,2022-11-10 19:27:47.000 UTC,ethereum,0xa0b86991c6218b36c1d19d4a2e9eb0ce3606eb48,blacklist(address),,BLACKLISTER,,,Circle
CU-IMP-0132,ONCHAIN_TX,0x054531081ded44ae59679b13575a5f50641b3e96fe884429cfd5277897fc35f9,15941704,2022-11-10 19:27:59.000 UTC,ethereum,0xa0b86991c6218b36c1d19d4a2e9eb0ce3606eb48,blacklist(address),,BLACKLISTER,,,Circle
CU-IMP-0133,ONCHAIN_TX,0x0ce36e93454da5b5f558c1cfdd808cd6b70e7a6273839e124aa86ab0e149cb2a,15941704,2022-11-10 19:27:59.000 UTC,ethereum,0xa0b86991c6218b36c1d19d4a2e9eb0ce3606eb48,blacklist(address),,BLACKLISTER,,,Circle
CU-IMP-0134,ONCHAIN_TX,0x2f1ede97b83dee6e2b18436f111d0e52b6a5cd5cf45150c0afb724a1b07f0b39,15941704,2022-11-10 19:27:59.000 UTC,ethereum,0xa0b86991c6218b36c1d19d4a2e9eb0ce3606eb48,blacklist(address),,BLACKLISTER,,,Circle
CU-IMP-0135,ONCHAIN_TX,0xecbd4925530eb08c282c4a0282d8005254d90e424f86da55bdaa633740bdd2e9,15941704,2022-11-10 19:27:59.000 UTC,ethereum,0xa0b86991c6218b36c1d19d4a2e9eb0ce3606eb48,blacklist(address),,BLACKLISTER,,,Circle
CU-IMP-0136,ONCHAIN_TX,0x07cb9fcdfeca6b8d84f8efb6410369e0a1e8eeeaae0d090f7f9d37e4d6bf8524,15941709,2022-11-10 19:28:59.000 UTC,ethereum,0xa0b86991c6218b36c1d19d4a2e9eb0ce3606eb48,blacklist(address),,BLACKLISTER,,,Circle
CU-IMP-0137,ONCHAIN_TX,0x1c652b96787454cc27a92cd3d727cb0a623b23da16b4cfad4ee05293d08570ca,15941709,2022-11-10 19:28:59.000 UTC,ethereum,0xa0b86991c6218b36c1d19d4a2e9eb0ce3606eb48,blacklist(address),,BLACKLISTER,,,Circle
CU-IMP-0138,ONCHAIN_TX,0x4f5201c557ccf553ec7117493cb8786d0cf2e4d66870b58aee2782276a79ea01,15941709,2022-11-10 19:28:59.000 UTC,ethereum,0xa0b86991c6218b36c1d19d4a2e9eb0ce3606eb48,blacklist(address),,BLACKLISTER,,,Circle
CU-IMP-0139,ONCHAIN_TX,0x92408dd6686d89800c6dacd8de33178430bd0c20ea9629c24e8091f8f53b7535,15941709,2022-11-10 19:28:59.000 UTC,ethereum,0xa0b86991c6218b36c1d19d4a2e9eb0ce3606eb48,blacklist(address),,BLACKLISTER,,,Circle
CU-IMP-0140,ONCHAIN_TX,0xa62775633bfebec50b8e43d4ee8cf898aa8195017f1da22f902df2e615932128,15941709,2022-11-10 19:28:59.000 UTC,ethereum,0xa0b86991c6218b36c1d19d4a2e9eb0ce3606eb48,blacklist(address),,BLACKLISTER,,,Circle
CU-IMP-0141,ONCHAIN_TX,0xb8c9d08957e16e5aa37f478ef1fbe1a95142e27bda686f1cbb13d77fee864e31,15941739,2022-11-10 19:34:59.000 UTC,ethereum,0xa0b86991c6218b36c1d19d4a2e9eb0ce3606eb48,unBlacklist(address),,BLACKLISTER,,,Circle
CU-IMP-0142,ONCHAIN_TX,0x4163e91fbbf8aaa04d23b10fdbf806234745dd21dd6a2f70c15526ad5c262f98,15941777,2022-11-10 19:42:47.000 UTC,ethereum,0xa0b86991c6218b36c1d19d4a2e9eb0ce3606eb48,blacklist(address),,BLACKLISTER,,,Circle
CU-IMP-0143,ONCHAIN_TX,0xbe5f5e296b9ba52f5e5ea3417603fa6540842dee431b84e5a8ba69078b3d428c,15941777,2022-11-10 19:42:47.000 UTC,ethereum,0xa0b86991c6218b36c1d19d4a2e9eb0ce3606eb48,blacklist(address),,BLACKLISTER,,,Circle
CU-IMP-0144,ONCHAIN_TX,0xcf630b03f27422f6ed23295ff444b386ea33d4c3812e19ffce7b198b80f52c74,15941777,2022-11-10 19:42:47.000 UTC,ethereum,0xa0b86991c6218b36c1d19d4a2e9eb0ce3606eb48,blacklist(address),,BLACKLISTER,,,Circle
CU-IMP-0145,ONCHAIN_TX,0x35c72974fe989c83db67d34b89a337e693d3839a02e05d92132e96b097a01f92,15941892,2022-11-10 20:05:47.000 UTC,ethereum,0xa0b86991c6218b36c1d19d4a2e9eb0ce3606eb48,blacklist(address),,BLACKLISTER,,,Circle
CU-IMP-0146,ONCHAIN_TX,0x6f073fbfa718323bbef8fd918f096d36d9ac184d1e410d6448b621000742e01d,15941893,2022-11-10 20:05:59.000 UTC,ethereum,0xa0b86991c6218b36c1d19d4a2e9eb0ce3606eb48,blacklist(address),,BLACKLISTER,,,Circle
CU-IMP-0147,ONCHAIN_TX,0x41a169b9ea8512b09ff99b0c4f09ab2380c80b3ebc9047c7058c6df4b382e76f,15941895,2022-11-10 20:06:23.000 UTC,ethereum,0xa0b86991c6218b36c1d19d4a2e9eb0ce3606eb48,blacklist(address),,BLACKLISTER,,,Circle
CU-IMP-0148,ONCHAIN_TX,0x6bc372ed1376f912114d379f8920512ae995e445a6206d5c16933ec0caa3a07b,15941896,2022-11-10 20:06:35.000 UTC,ethereum,0xa0b86991c6218b36c1d19d4a2e9eb0ce3606eb48,blacklist(address),,BLACKLISTER,,,Circle
CU-IMP-0149,ONCHAIN_TX,0xdf017d3dc0facbbe4a9d11cf6bc1ed2326b09cf6095941b7c8209ec78975b5e9,15941897,2022-11-10 20:06:47.000 UTC,ethereum,0xa0b86991c6218b36c1d19d4a2e9eb0ce3606eb48,blacklist(address),,BLACKLISTER,,,Circle
CU-IMP-0150,ONCHAIN_TX,0x36f9cd291938bbd668e3465ab83ee86990e1eb298be82ccf34897620b726c7f6,15941898,2022-11-10 20:06:59.000 UTC,ethereum,0xa0b86991c6218b36c1d19d4a2e9eb0ce3606eb48,blacklist(address),,BLACKLISTER,,,Circle
CU-IMP-0151,ONCHAIN_TX,0x49a673c02b2262029f52732f613ec92863f1a4c3fb42846e98c6b3217d3a8644,15941898,2022-11-10 20:06:59.000 UTC,ethereum,0xa0b86991c6218b36c1d19d4a2e9eb0ce3606eb48,blacklist(address),,BLACKLISTER,,,Circle
CU-IMP-0152,ONCHAIN_TX,0x5fd823811a8d3a03eb3db87020584faada627a21977c1033ca64ad1005860575,15941898,2022-11-10 20:06:59.000 UTC,ethereum,0xa0b86991c6218b36c1d19d4a2e9eb0ce3606eb48,blacklist(address),,BLACKLISTER,,,Circle
CU-IMP-0153,ONCHAIN_TX,0x1ad5350cbd7167cacda74e99f3e4963559356645d80b82840dfecc39ffd4f264,15941903,2022-11-10 20:07:59.000 UTC,ethereum,0xa0b86991c6218b36c1d19d4a2e9eb0ce3606eb48,blacklist(address),,BLACKLISTER,,,Circle
CU-IMP-0154,ONCHAIN_TX,0x993b2d9d7840e136fe378057916fbd387a0595dae5d8d7c96eb4c10dd333ad22,16071430,2022-11-28 22:19:47.000 UTC,ethereum,0xa0b86991c6218b36c1d19d4a2e9eb0ce3606eb48,blacklist(address),,BLACKLISTER,,,Circle
CU-IMP-0155,ONCHAIN_TX,0xfe7f402f4627462e66350410949f5655548a684447a62d7dc97ee2b4203fa02d,16092064,2022-12-01 19:32:47.000 UTC,ethereum,0xa0b86991c6218b36c1d19d4a2e9eb0ce3606eb48,unBlacklist(address),,BLACKLISTER,,,Circle
CU-IMP-0156,ONCHAIN_TX,0x4a23e7dc548074d64913e48c971c0030a75505e4fc9a51c8fbbc081f53839dbf,16442499,2023-01-19 17:59:47.000 UTC,ethereum,0xa0b86991c6218b36c1d19d4a2e9eb0ce3606eb48,blacklist(address),,BLACKLISTER,,,Circle
CU-IMP-0157,ONCHAIN_TX,0x35aa990a8b3034c488f568a4031ad2a8c3667b58b20524b50e6abf6e9ebe37e1,16536887,2023-02-01 22:15:47.000 UTC,ethereum,0xa0b86991c6218b36c1d19d4a2e9eb0ce3606eb48,blacklist(address),,BLACKLISTER,,,Circle
CU-IMP-0158,ONCHAIN_TX,0x902c156e19ccb6a0044e1d58fcead36fe1bd2c39ea94f75502b04484cfcc665a,16546075,2023-02-03 05:09:35.000 UTC,ethereum,0xa0b86991c6218b36c1d19d4a2e9eb0ce3606eb48,blacklist(address),,BLACKLISTER,,,Circle
CU-IMP-0159,ONCHAIN_TX,0xda1a970f9a1fa16dd868b931c242a3608783c6741cd882c69ee53c24c70f04c8,16546075,2023-02-03 05:09:35.000 UTC,ethereum,0xa0b86991c6218b36c1d19d4a2e9eb0ce3606eb48,blacklist(address),,BLACKLISTER,,,Circle
CU-IMP-0160,ONCHAIN_TX,0x32d4b253683adc3486fdab4612f96b256c713343eef64fde219ff23a57471366,16705953,2023-02-25 14:41:11.000 UTC,ethereum,0xa0b86991c6218b36c1d19d4a2e9eb0ce3606eb48,blacklist(address),,BLACKLISTER,,,Circle
CU-IMP-0161,ONCHAIN_TX,0xa3c609525dd2ad8dddb2fc107514171fd4659803f959da797f22e1f8fd649789,16705954,2023-02-25 14:41:23.000 UTC,ethereum,0xa0b86991c6218b36c1d19d4a2e9eb0ce3606eb48,blacklist(address),,BLACKLISTER,,,Circle
CU-IMP-0162,ONCHAIN_TX,0x3c61c8e06a1f4e929ec87b1004e4fb29840ac6e05c21e47124e7c5f75c785bc1,16705955,2023-02-25 14:41:35.000 UTC,ethereum,0xa0b86991c6218b36c1d19d4a2e9eb0ce3606eb48,blacklist(address),,BLACKLISTER,,,Circle
CU-IMP-0163,ONCHAIN_TX,0xd71a56004afa3c40a4f75f2fa508f891de44f73d6279161f90ad868db23a5c12,16792362,2023-03-09 18:14:59.000 UTC,ethereum,0xa0b86991c6218b36c1d19d4a2e9eb0ce3606eb48,blacklist(address),,BLACKLISTER,,,Circle
CU-IMP-0164,ONCHAIN_TX,0xab8040cf03cb6b6a8cedba1b250ffbfdd2bfe7dd031485e249a25307d541b662,17117253,2023-04-24 16:12:23.000 UTC,ethereum,0xa0b86991c6218b36c1d19d4a2e9eb0ce3606eb48,blacklist(address),,BLACKLISTER,,,Circle
CU-IMP-0165,ONCHAIN_TX,0x48ce5fef20eb60f8350736b0477f0df619251237df4de6e7e3b46e05da4e3b27,17168347,2023-05-01 20:28:11.000 UTC,ethereum,0xa0b86991c6218b36c1d19d4a2e9eb0ce3606eb48,blacklist(address),,BLACKLISTER,,,Circle
CU-IMP-0166,ONCHAIN_TX,0xc8a4656d6fc0a656b39d4e1bfd174ccc778cc38ef76878d702d99ce94a79054a,17168362,2023-05-01 20:31:11.000 UTC,ethereum,0xa0b86991c6218b36c1d19d4a2e9eb0ce3606eb48,blacklist(address),,BLACKLISTER,,,Circle
CU-IMP-0167,ONCHAIN_TX,0xf7e34fd97d7d4d278dfee75b830b05faab04af454342f9f9be9773af22959aa3,17168362,2023-05-01 20:31:11.000 UTC,ethereum,0xa0b86991c6218b36c1d19d4a2e9eb0ce3606eb48,blacklist(address),,BLACKLISTER,,,Circle
CU-IMP-0168,ONCHAIN_TX,0x52d7d71a5be31a6cfb17a1a464eed9e8a52473c9e74969343bedd28b2351f47b,17294738,2023-05-19 16:31:59.000 UTC,ethereum,0xa0b86991c6218b36c1d19d4a2e9eb0ce3606eb48,blacklist(address),,BLACKLISTER,,,Circle
CU-IMP-0169,ONCHAIN_TX,0x69fb8641013e01ba41f6763c16888dd50f9613d26c984c6ad55e2c895f13df6a,17317657,2023-05-22 21:59:11.000 UTC,ethereum,0xa0b86991c6218b36c1d19d4a2e9eb0ce3606eb48,blacklist(address),,BLACKLISTER,,,Circle
CU-IMP-0170,ONCHAIN_TX,0xfb784b5bb11f818e06e5e148d6ef9ea2b1662b5300be3bcf827afd7cfdae10cd,17317657,2023-05-22 21:59:11.000 UTC,ethereum,0xa0b86991c6218b36c1d19d4a2e9eb0ce3606eb48,blacklist(address),,BLACKLISTER,,,Circle
CU-IMP-0171,ONCHAIN_TX,0x4843a85ac4b60141bc3428eb8ec018fbe97acb5ebb436fa3a2db33cc5d67f18d,17317658,2023-05-22 21:59:23.000 UTC,ethereum,0xa0b86991c6218b36c1d19d4a2e9eb0ce3606eb48,blacklist(address),,BLACKLISTER,,,Circle
CU-IMP-0172,ONCHAIN_TX,0x040c46da3fd9f199f310df578bfb356fecc854d6aedc72b1ceeac9738cf2264f,17317672,2023-05-22 22:02:11.000 UTC,ethereum,0xa0b86991c6218b36c1d19d4a2e9eb0ce3606eb48,blacklist(address),,BLACKLISTER,,,Circle
CU-IMP-0173,ONCHAIN_TX,0xab29c8d8ad509b4cd9674e8c58dbdba13d38ace04fe0e64cff1772774f54328c,17317672,2023-05-22 22:02:11.000 UTC,ethereum,0xa0b86991c6218b36c1d19d4a2e9eb0ce3606eb48,blacklist(address),,BLACKLISTER,,,Circle
CU-IMP-0174,ONCHAIN_TX,0x9401aa96bdda8b6470abe931dc3d29c03016a1e8a05d1b90103715e2bf3d5b34,17322824,2023-05-23 15:29:35.000 UTC,ethereum,0xa0b86991c6218b36c1d19d4a2e9eb0ce3606eb48,blacklist(address),,BLACKLISTER,,,Circle
CU-IMP-0175,ONCHAIN_TX,0xc69273a8256a68241337794881faae4bf4616a08170f3fddb009a3dc77a5c550,17322836,2023-05-23 15:32:11.000 UTC,ethereum,0xa0b86991c6218b36c1d19d4a2e9eb0ce3606eb48,blacklist(address),,BLACKLISTER,,,Circle
CU-IMP-0176,ONCHAIN_TX,0xcfe2a5e9f1a698e507293571478cb03d9f7357df5abe20e6533d42e70c0c0449,17535570,2023-06-22 13:51:59.000 UTC,ethereum,0xa0b86991c6218b36c1d19d4a2e9eb0ce3606eb48,unBlacklist(address),,BLACKLISTER,,,Circle
CU-IMP-0177,ONCHAIN_TX,0x5a6ccaebe4e97298e27a40d8dd3fc59661935694c7a96b28c0de1165a725d3fc,17643245,2023-07-07 16:55:23.000 UTC,ethereum,0xa0b86991c6218b36c1d19d4a2e9eb0ce3606eb48,blacklist(address),,BLACKLISTER,,,Circle
CU-IMP-0178,ONCHAIN_TX,0xd568f3d01f052050efa2b6a0cedf89dd01f9597b6d9972be18996f9a5f5751c5,17643245,2023-07-07 16:55:23.000 UTC,ethereum,0xa0b86991c6218b36c1d19d4a2e9eb0ce3606eb48,blacklist(address),,BLACKLISTER,,,Circle
CU-IMP-0179,ONCHAIN_TX,0xed97f73fc7c1ae7679b1572b08f16c422445e8ca575c643bd8c9c0ea3e1ad69b,17643245,2023-07-07 16:55:23.000 UTC,ethereum,0xa0b86991c6218b36c1d19d4a2e9eb0ce3606eb48,blacklist(address),,BLACKLISTER,,,Circle
CU-IMP-0180,ONCHAIN_TX,0x672911b46b90f49d8d26c9a49e5331a6651ac2e31700705f50c65f4bfcf2b4a9,17816456,2023-08-01 00:04:47.000 UTC,ethereum,0xa0b86991c6218b36c1d19d4a2e9eb0ce3606eb48,blacklist(address),,BLACKLISTER,,,Circle
CU-IMP-0181,ONCHAIN_TX,0xe5e3264f0cb5558f2011b65ed231656870ad217e55eff924193860753091448a,17984504,2023-08-24 12:16:47.000 UTC,ethereum,0xa0b86991c6218b36c1d19d4a2e9eb0ce3606eb48,blacklist(address),,BLACKLISTER,,,Circle
CU-IMP-0182,ONCHAIN_TX,0x3a148a95143e83d4092ed4644d8fcc6aedadead9dae3c4319a2f5f3dde03a60b,17984508,2023-08-24 12:17:35.000 UTC,ethereum,0xa0b86991c6218b36c1d19d4a2e9eb0ce3606eb48,blacklist(address),,BLACKLISTER,,,Circle
CU-IMP-0183,ONCHAIN_TX,0x15cf95aa0a2c8538723bd58ed3d15da7b78ad08071712762e3799283a4571902,17984512,2023-08-24 12:18:23.000 UTC,ethereum,0xa0b86991c6218b36c1d19d4a2e9eb0ce3606eb48,blacklist(address),,BLACKLISTER,,,Circle
CU-IMP-0184,ONCHAIN_TX,0x16358ecc04a7fb73b18a0ca2a3c6b54053a4d87fcf67cf877edd88db8fb8a707,17984514,2023-08-24 12:18:47.000 UTC,ethereum,0xa0b86991c6218b36c1d19d4a2e9eb0ce3606eb48,blacklist(address),,BLACKLISTER,,,Circle
CU-IMP-0185,ONCHAIN_TX,0x0794d7e6822de6374de5040e02d60bb8edc808fcc066021d068c8b48a44df0c0,17984516,2023-08-24 12:19:11.000 UTC,ethereum,0xa0b86991c6218b36c1d19d4a2e9eb0ce3606eb48,blacklist(address),,BLACKLISTER,,,Circle
CU-IMP-0186,ONCHAIN_TX,0xb639e6ae2ecca99db16d25353dcc121706897599f32649aec8a4ed36c8ac9495,17984518,2023-08-24 12:19:35.000 UTC,ethereum,0xa0b86991c6218b36c1d19d4a2e9eb0ce3606eb48,blacklist(address),,BLACKLISTER,,,Circle
CU-IMP-0187,ONCHAIN_TX,0xde3ebdf78a965c652ff214c4ae19809be07e75c2f94226edadfc263f938d15e5,17984520,2023-08-24 12:19:59.000 UTC,ethereum,0xa0b86991c6218b36c1d19d4a2e9eb0ce3606eb48,blacklist(address),,BLACKLISTER,,,Circle
CU-IMP-0188,ONCHAIN_TX,0xbafa7e1f9d3d7e1e05df9edac7c63ed6154d59c8f0e476fd763c14344a76954f,17984522,2023-08-24 12:20:23.000 UTC,ethereum,0xa0b86991c6218b36c1d19d4a2e9eb0ce3606eb48,blacklist(address),,BLACKLISTER,,,Circle
CU-IMP-0189,ONCHAIN_TX,0x71f768c58382cc31705366c1a7783266cdd7dcab38f34bdf5e9887797797c5c9,17993880,2023-08-25 19:46:23.000 UTC,ethereum,0xa0b86991c6218b36c1d19d4a2e9eb0ce3606eb48,blacklist(address),,BLACKLISTER,,,Circle
CU-IMP-0190,ONCHAIN_TX,0x8367399e6a307ecc5060f0e07e43e9da7dbdadbdead7c0b5953db06cf2c77a3c,17993895,2023-08-25 19:49:23.000 UTC,ethereum,0xa0b86991c6218b36c1d19d4a2e9eb0ce3606eb48,blacklist(address),,BLACKLISTER,,,Circle
CU-IMP-0191,ONCHAIN_TX,0xfd8cdc48716b6a17da8feb2aa872466a393a442d0fc2d6b59de0b038fc02611d,17993895,2023-08-25 19:49:23.000 UTC,ethereum,0xa0b86991c6218b36c1d19d4a2e9eb0ce3606eb48,blacklist(address),,BLACKLISTER,,,Circle
CU-IMP-0192,ONCHAIN_TX,0xa16078ff2721bb15d670d2ad2db0f46166ff02263c864415015419ad689af723,18224435,2023-09-27 03:31:23.000 UTC,ethereum,0xa0b86991c6218b36c1d19d4a2e9eb0ce3606eb48,blacklist(address),,BLACKLISTER,,,Circle
CU-IMP-0193,ONCHAIN_TX,0x1cfc186edf8514f8999b126a7c79964da67d4b91b5bf6cc06bb12893992ea162,18273952,2023-10-04 01:43:35.000 UTC,ethereum,0xa0b86991c6218b36c1d19d4a2e9eb0ce3606eb48,blacklist(address),,BLACKLISTER,,,Circle
CU-IMP-0194,ONCHAIN_TX,0xbcb0abf5371811d72b32aa6fb56009b5fdea363eafd7dd50828729946b8975f9,18273955,2023-10-04 01:44:11.000 UTC,ethereum,0xa0b86991c6218b36c1d19d4a2e9eb0ce3606eb48,blacklist(address),,BLACKLISTER,,,Circle
CU-IMP-0195,ONCHAIN_TX,0x28c50c08ffc00db673be478c740c071f40480fea45b1309a0684c345f0ebae45,18273956,2023-10-04 01:44:23.000 UTC,ethereum,0xa0b86991c6218b36c1d19d4a2e9eb0ce3606eb48,blacklist(address),,BLACKLISTER,,,Circle
CU-IMP-0196,ONCHAIN_TX,0x76d6de7dc8ff00781d110c1c24f0bce4290fbd316e813390220e9b6a69fd4e0b,18273958,2023-10-04 01:44:47.000 UTC,ethereum,0xa0b86991c6218b36c1d19d4a2e9eb0ce3606eb48,blacklist(address),,BLACKLISTER,,,Circle
CU-IMP-0197,ONCHAIN_TX,0xea40ec43bb89067b02c5e62e959f29b492dd95330d6cfc10424edb2114bdc203,18273959,2023-10-04 01:44:59.000 UTC,ethereum,0xa0b86991c6218b36c1d19d4a2e9eb0ce3606eb48,blacklist(address),,BLACKLISTER,,,Circle
CU-IMP-0198,ONCHAIN_TX,0xcc54180655e690668172f2f360de5f45615ec16fdfdd277e1049273e559fd773,18273961,2023-10-04 01:45:23.000 UTC,ethereum,0xa0b86991c6218b36c1d19d4a2e9eb0ce3606eb48,blacklist(address),,BLACKLISTER,,,Circle
CU-IMP-0199,ONCHAIN_TX,0xc9c2101b676c85d5997902dcc045250dcd08e9ff0047a6d956f80d11633aa074,18273962,2023-10-04 01:45:35.000 UTC,ethereum,0xa0b86991c6218b36c1d19d4a2e9eb0ce3606eb48,blacklist(address),,BLACKLISTER,,,Circle
CU-IMP-0200,ONCHAIN_TX,0x87cffda55cbd0a0c53571bb7adec0de1b4b273f6873f48edf0ed4e39b555452d,18273963,2023-10-04 01:45:47.000 UTC,ethereum,0xa0b86991c6218b36c1d19d4a2e9eb0ce3606eb48,blacklist(address),,BLACKLISTER,,,Circle
CU-IMP-0201,ONCHAIN_TX,0x9c59c40e6d38c8c1d230065fec8a23b1c0cfa4a24af54a9c09330c90e2626cae,18574049,2023-11-15 01:34:23.000 UTC,ethereum,0xa0b86991c6218b36c1d19d4a2e9eb0ce3606eb48,blacklist(address),,BLACKLISTER,,,Circle
CU-IMP-0202,ONCHAIN_TX,0x6c39a70bd26db456cb9b1bab270ae62d937a56984ccf9d8645c94a517eeb23a0,18574052,2023-11-15 01:34:59.000 UTC,ethereum,0xa0b86991c6218b36c1d19d4a2e9eb0ce3606eb48,blacklist(address),,BLACKLISTER,,,Circle
CU-IMP-0203,ONCHAIN_TX,0x83bbaa4df3ef238f709322a0f5ed34afa4ff565ec1b01e2859fcf10d3e50c686,18574054,2023-11-15 01:35:23.000 UTC,ethereum,0xa0b86991c6218b36c1d19d4a2e9eb0ce3606eb48,blacklist(address),,BLACKLISTER,,,Circle
CU-IMP-0204,ONCHAIN_TX,0xdcd67725c0fc2894c729213ebd74c008ff9f4223aecc0226a27829b832897c30,18574055,2023-11-15 01:35:35.000 UTC,ethereum,0xa0b86991c6218b36c1d19d4a2e9eb0ce3606eb48,blacklist(address),,BLACKLISTER,,,Circle
CU-IMP-0205,ONCHAIN_TX,0x0cf8d3be121be259c5f032001fb5752da581aae9bc9f975d62b8cd4b982e1ae8,18574057,2023-11-15 01:35:59.000 UTC,ethereum,0xa0b86991c6218b36c1d19d4a2e9eb0ce3606eb48,blacklist(address),,BLACKLISTER,,,Circle
CU-IMP-0206,ONCHAIN_TX,0x0bc9ef57be18d1237885cd94f86042078b7d893807fc332453a42aa1eaf631b5,18574059,2023-11-15 01:36:35.000 UTC,ethereum,0xa0b86991c6218b36c1d19d4a2e9eb0ce3606eb48,blacklist(address),,BLACKLISTER,,,Circle
CU-IMP-0207,ONCHAIN_TX,0x5226852096cfcc31fe40afbbd45230ab522490f8da36fbd0e789d9677ee2857b,18574061,2023-11-15 01:36:59.000 UTC,ethereum,0xa0b86991c6218b36c1d19d4a2e9eb0ce3606eb48,blacklist(address),,BLACKLISTER,,,Circle
CU-IMP-0208,ONCHAIN_TX,0x75b7df956fef9e321dccb67f27d547e9a53c2738e7b6db71fea3db579ddd3459,18574064,2023-11-15 01:37:35.000 UTC,ethereum,0xa0b86991c6218b36c1d19d4a2e9eb0ce3606eb48,blacklist(address),,BLACKLISTER,,,Circle
CU-IMP-0209,ONCHAIN_TX,0x7a6978f653da9b1ed85c16909e7dca1123a0d397a0cf09963ab4a1c53f2e74b5,18574066,2023-11-15 01:37:59.000 UTC,ethereum,0xa0b86991c6218b36c1d19d4a2e9eb0ce3606eb48,blacklist(address),,BLACKLISTER,,,Circle
CU-IMP-0210,ONCHAIN_TX,0x7921d5e2722cc58a973c2a46d3e8d511eb4932f3e57a9fc291f2573ed7bb59a5,18574068,2023-11-15 01:38:23.000 UTC,ethereum,0xa0b86991c6218b36c1d19d4a2e9eb0ce3606eb48,blacklist(address),,BLACKLISTER,,,Circle
CU-IMP-0211,ONCHAIN_TX,0x7118277d482a0fbe3d07479c052ffe7703b35a14d9bc7ee87d97948d8835a4ad,18574072,2023-11-15 01:39:11.000 UTC,ethereum,0xa0b86991c6218b36c1d19d4a2e9eb0ce3606eb48,blacklist(address),,BLACKLISTER,,,Circle
CU-IMP-0212,ONCHAIN_TX,0xba740c7aaf11635d1e8e3ed52fc7088856cda27d266dce260bb578c307e3df63,18574074,2023-11-15 01:39:35.000 UTC,ethereum,0xa0b86991c6218b36c1d19d4a2e9eb0ce3606eb48,blacklist(address),,BLACKLISTER,,,Circle
CU-IMP-0213,ONCHAIN_TX,0xabea8a62be6a6a5cf461981395b06afc8de4b1da5f4b068eb5f43b014bedb2d7,18574075,2023-11-15 01:39:47.000 UTC,ethereum,0xa0b86991c6218b36c1d19d4a2e9eb0ce3606eb48,blacklist(address),,BLACKLISTER,,,Circle
CU-IMP-0214,ONCHAIN_TX,0x54d3e1f2918ed6028154cf9b9a6ffe7e8d17fe4c74f83b1a709dacd48ea75748,18577699,2023-11-15 13:51:23.000 UTC,ethereum,0xa0b86991c6218b36c1d19d4a2e9eb0ce3606eb48,blacklist(address),,BLACKLISTER,,,Circle
CU-IMP-0215,ONCHAIN_TX,0xee8e7f4d50660a7dc64ac139a9abbc3077c7071b923ce647120cbc72dfc77173,18577702,2023-11-15 13:51:59.000 UTC,ethereum,0xa0b86991c6218b36c1d19d4a2e9eb0ce3606eb48,blacklist(address),,BLACKLISTER,,,Circle
CU-IMP-0216,ONCHAIN_TX,0x4caf7dc0e24d8300a53c4a1342435793bd17a151bb293207ff5fbdab28adb295,18577703,2023-11-15 13:52:11.000 UTC,ethereum,0xa0b86991c6218b36c1d19d4a2e9eb0ce3606eb48,blacklist(address),,BLACKLISTER,,,Circle
CU-IMP-0217,ONCHAIN_TX,0xbe23ea1a77165c1132dacca97e439916f5cca7561117739a1f08548e946c301c,19071035,2024-01-23 18:04:23.000 UTC,ethereum,0xa0b86991c6218b36c1d19d4a2e9eb0ce3606eb48,blacklist(address),,BLACKLISTER,,,Circle
CU-IMP-0218,ONCHAIN_TX,0x3d17a884bdd00bf6cc4272ed3a9d8c438508cd2af319db4c97cdd98873a61bd1,19171750,2024-02-06 21:04:35.000 UTC,ethereum,0xa0b86991c6218b36c1d19d4a2e9eb0ce3606eb48,unBlacklist(address),,BLACKLISTER,,,Circle
CU-IMP-0219,ONCHAIN_TX,0x11311fbe5e82aadecdd456fb5c09b46c2dca5474793aa8c4c9a2d8a48806c774,19275988,2024-02-21 12:19:23.000 UTC,ethereum,0xa0b86991c6218b36c1d19d4a2e9eb0ce3606eb48,blacklist(address),,BLACKLISTER,,,Circle
CU-IMP-0220,ONCHAIN_TX,0x03a506a27419a3aeedec719da8413b289cdc2c45eba4b0b298ccdaf606bff423,19390649,2024-03-08 13:08:23.000 UTC,ethereum,0xa0b86991c6218b36c1d19d4a2e9eb0ce3606eb48,blacklist(address),,BLACKLISTER,,,Circle
CU-IMP-0221,ONCHAIN_TX,0xe808520e496f8597093a1004760153ebc3f31433ca73c9e4385b350cd5d8cd47,19483138,2024-03-21 12:48:23.000 UTC,ethereum,0xa0b86991c6218b36c1d19d4a2e9eb0ce3606eb48,blacklist(address),,BLACKLISTER,,,Circle
CU-IMP-0222,ONCHAIN_TX,0x634d24abb1ee92ff435a2429cb45bc2afccc678fb8511a63ac670c90dae2bf13,19483141,2024-03-21 12:48:59.000 UTC,ethereum,0xa0b86991c6218b36c1d19d4a2e9eb0ce3606eb48,blacklist(address),,BLACKLISTER,,,Circle
CU-IMP-0223,ONCHAIN_TX,0x74f24460b2554d600ec68a82ba35686267538244cf68ea5b33b2f87b80c0e410,19525572,2024-03-27 12:11:11.000 UTC,ethereum,0xa0b86991c6218b36c1d19d4a2e9eb0ce3606eb48,blacklist(address),,BLACKLISTER,,,Circle
CU-IMP-0224,ONCHAIN_TX,0xd54d845521dda8bccbf29fec6d149e4c4584e6673af891bcbf336d6d51de7528,19528595,2024-03-27 22:49:47.000 UTC,ethereum,0xa0b86991c6218b36c1d19d4a2e9eb0ce3606eb48,blacklist(address),,BLACKLISTER,,,Circle
CU-IMP-0225,ONCHAIN_TX,0xccd094a9da4451af6bc924bb5cfcdc9638f957946315ffbb5fbb5d950fc12186,19528602,2024-03-27 22:51:23.000 UTC,ethereum,0xa0b86991c6218b36c1d19d4a2e9eb0ce3606eb48,blacklist(address),,BLACKLISTER,,,Circle
CU-IMP-0226,ONCHAIN_TX,0x7d9238f9c537f3f124397cdb831feca4ce42cfa56953a455482cf654864ea0f6,19528604,2024-03-27 22:51:47.000 UTC,ethereum,0xa0b86991c6218b36c1d19d4a2e9eb0ce3606eb48,blacklist(address),,BLACKLISTER,,,Circle
CU-IMP-0227,ONCHAIN_TX,0x14bba8c962dd22939b5f528f972e9082da9b1292c6ee18ded7e059c3e582da45,19528607,2024-03-27 22:52:23.000 UTC,ethereum,0xa0b86991c6218b36c1d19d4a2e9eb0ce3606eb48,blacklist(address),,BLACKLISTER,,,Circle
CU-IMP-0228,ONCHAIN_TX,0xfc8fc39db3eae9d5a885a15f89a2a4aa2dd2f68b32d98143f7b73074c23b0513,19528609,2024-03-27 22:52:59.000 UTC,ethereum,0xa0b86991c6218b36c1d19d4a2e9eb0ce3606eb48,blacklist(address),,BLACKLISTER,,,Circle
CU-IMP-0229,ONCHAIN_TX,0x5f1e120ee406263f8a018f7dffd7762ddd70a2c8d40cbd0755e1c1194ee69146,19528611,2024-03-27 22:53:35.000 UTC,ethereum,0xa0b86991c6218b36c1d19d4a2e9eb0ce3606eb48,blacklist(address),,BLACKLISTER,,,Circle
CU-IMP-0230,ONCHAIN_TX,0xb34b9caa71095b052685fa2b21f373d44b68dff6a788def6cb0db809ad79c0b0,19582638,2024-04-04 13:16:23.000 UTC,ethereum,0xa0b86991c6218b36c1d19d4a2e9eb0ce3606eb48,blacklist(address),,BLACKLISTER,,,Circle
CU-IMP-0231,ONCHAIN_TX,0x8873d8ec62321aee0681b35129a814f2f996a6e72c1ed36f468520ade3044edc,19582643,2024-04-04 13:17:23.000 UTC,ethereum,0xa0b86991c6218b36c1d19d4a2e9eb0ce3606eb48,blacklist(address),,BLACKLISTER,,,Circle
CU-IMP-0232,ONCHAIN_TX,0xa02d680397ee7d4d1efc92d21739691d756f0bafd4f42c4fa50654e967290936,19592941,2024-04-05 23:54:11.000 UTC,ethereum,0xa0b86991c6218b36c1d19d4a2e9eb0ce3606eb48,blacklist(address),,BLACKLISTER,,,Circle
CU-IMP-0233,ONCHAIN_TX,0xe6d2e8eaba1aa0c6010f9f4b680d9a3e79142345f4537ab117b83f175c01e2eb,19762294,2024-04-29 16:55:35.000 UTC,ethereum,0xa0b86991c6218b36c1d19d4a2e9eb0ce3606eb48,blacklist(address),,BLACKLISTER,,,Circle
CU-IMP-0234,ONCHAIN_TX,0x18334da93c9132328b8cb7a286780b926d53574989300db72fbd05eedc00f989,19779440,2024-05-02 02:24:47.000 UTC,ethereum,0xa0b86991c6218b36c1d19d4a2e9eb0ce3606eb48,blacklist(address),,BLACKLISTER,,,Circle
CU-IMP-0235,ONCHAIN_TX,0xaa0b3055dbfd02d15e367ebf34a9b5f2e129a298c42ddec474e802c17d5f47d7,19779458,2024-05-02 02:28:23.000 UTC,ethereum,0xa0b86991c6218b36c1d19d4a2e9eb0ce3606eb48,blacklist(address),,BLACKLISTER,,,Circle
CU-IMP-0236,ONCHAIN_TX,0x169366a1c01a4963f9a573c41400ee033c3f315fdc0f3eb760e23c1908ac00cb,19793741,2024-05-04 02:23:59.000 UTC,ethereum,0xa0b86991c6218b36c1d19d4a2e9eb0ce3606eb48,blacklist(address),,BLACKLISTER,,,Circle
CU-IMP-0237,ONCHAIN_TX,0x3b622675218c1253e3cf919b7233b31f50b2740ef3f4926cdc599dfe251cb000,19843140,2024-05-11 00:12:59.000 UTC,ethereum,0xa0b86991c6218b36c1d19d4a2e9eb0ce3606eb48,blacklist(address),,BLACKLISTER,,,Circle
CU-IMP-0238,ONCHAIN_TX,0xd1186dae2a6baa9e42f34f4fd4e1420ec35e4ee066060b9a8ab900ffe279743f,19843154,2024-05-11 00:15:47.000 UTC,ethereum,0xa0b86991c6218b36c1d19d4a2e9eb0ce3606eb48,blacklist(address),,BLACKLISTER,,,Circle
CU-IMP-0239,ONCHAIN_TX,0x0b3b53d6ab9e73200ff6ddd8c41790eee5fe8e1033fe2d780eedc6f500b701e8,19943475,2024-05-25 01:00:11.000 UTC,ethereum,0xa0b86991c6218b36c1d19d4a2e9eb0ce3606eb48,blacklist(address),,BLACKLISTER,,,Circle
CU-IMP-0240,ONCHAIN_TX,0xaa4860c8bd41e2909fd3f14d637ceeb3cd955da09d3920b3baac1b0e694203e3,19943480,2024-05-25 01:01:11.000 UTC,ethereum,0xa0b86991c6218b36c1d19d4a2e9eb0ce3606eb48,blacklist(address),,BLACKLISTER,,,Circle
CU-IMP-0241,ONCHAIN_TX,0x7f335c76a63cbf208e7dbe7153b4e7db8e66e3945a5ca4f1108b14333d72d253,19943486,2024-05-25 01:02:23.000 UTC,ethereum,0xa0b86991c6218b36c1d19d4a2e9eb0ce3606eb48,blacklist(address),,BLACKLISTER,,,Circle
CU-IMP-0242,ONCHAIN_TX,0x973bef2b46eb28607a007781c4d90a4d4e4480cd6d70ca7db88d06830efaf20f,19943488,2024-05-25 01:02:47.000 UTC,ethereum,0xa0b86991c6218b36c1d19d4a2e9eb0ce3606eb48,blacklist(address),,BLACKLISTER,,,Circle
CU-IMP-0243,ONCHAIN_TX,0x1b513be752bec77b57c4e9498fb3f1c5cbdf527c1b808ba12d68aba398467578,19955700,2024-05-26 17:59:47.000 UTC,ethereum,0xa0b86991c6218b36c1d19d4a2e9eb0ce3606eb48,blacklist(address),,BLACKLISTER,,,Circle
CU-IMP-0244,ONCHAIN_TX,0x22eb60e99b36d89b3a56fc7f3a2f20401758bca59a4adf48cf80522d9ac69539,19972374,2024-05-29 01:55:23.000 UTC,ethereum,0xa0b86991c6218b36c1d19d4a2e9eb0ce3606eb48,blacklist(address),,BLACKLISTER,,,Circle
CU-IMP-0245,ONCHAIN_TX,0xa532de546a9edaf7f8f5efb5210f8a47e4ad6ca15da7f19d694516cd0a8039bc,19972374,2024-05-29 01:55:23.000 UTC,ethereum,0xa0b86991c6218b36c1d19d4a2e9eb0ce3606eb48,blacklist(address),,BLACKLISTER,,,Circle
CU-IMP-0246,ONCHAIN_TX,0xfe2236c84d3bf03400d16709b5afd98d23a10f39cf65b41aa873426112c4481d,20595393,2024-08-24 02:11:11.000 UTC,ethereum,0xa0b86991c6218b36c1d19d4a2e9eb0ce3606eb48,blacklist(address),,BLACKLISTER,,,Circle
CU-IMP-0247,ONCHAIN_TX,0x678a6e1ecaf59ac33c2e351ab7203264a020921c9420c4cf8d85efe3415e63ed,20687961,2024-09-06 00:26:11.000 UTC,ethereum,0xa0b86991c6218b36c1d19d4a2e9eb0ce3606eb48,blacklist(address),,BLACKLISTER,,,Circle
CU-IMP-0248,ONCHAIN_TX,0xa1d9805504191f79656e8d61b8282bf95f2b8fe709361783dda3e8991deeb70b,20742475,2024-09-13 15:05:23.000 UTC,ethereum,0xa0b86991c6218b36c1d19d4a2e9eb0ce3606eb48,blacklist(address),,BLACKLISTER,,,Circle
CU-IMP-0249,ONCHAIN_TX,0xe1e4beb769eac934f2ddbc3da08c4741d62c117ee977f972091de42ca754135b,20745399,2024-09-14 00:53:47.000 UTC,ethereum,0xa0b86991c6218b36c1d19d4a2e9eb0ce3606eb48,blacklist(address),,BLACKLISTER,,,Circle
CU-IMP-0250,ONCHAIN_TX,0x76031c95f47bbf5d72d7764c39f0240aebce5a1333262346b188e7db71934b14,20745400,2024-09-14 00:53:59.000 UTC,ethereum,0xa0b86991c6218b36c1d19d4a2e9eb0ce3606eb48,blacklist(address),,BLACKLISTER,,,Circle
CU-IMP-0251,ONCHAIN_TX,0x308ce51acb29b0b2e392d1b5f838227f076d24fbfc6a126c1c95f5788a41841d,20746365,2024-09-14 04:07:47.000 UTC,ethereum,0xa0b86991c6218b36c1d19d4a2e9eb0ce3606eb48,blacklist(address),,BLACKLISTER,,,Circle
CU-IMP-0252,ONCHAIN_TX,0x7d83d926a8d1da7712960e54dc8c74e2ed12f3345baa3fff195da5e550b60525,20839129,2024-09-27 02:59:59.000 UTC,ethereum,0xa0b86991c6218b36c1d19d4a2e9eb0ce3606eb48,blacklist(address),,BLACKLISTER,,,Circle
CU-IMP-0253,ONCHAIN_TX,0xa10d4e1a29a6eb30579b8cba5e1316d27ab120eff5944cce6836c8a837ffd8da,20839131,2024-09-27 03:00:23.000 UTC,ethereum,0xa0b86991c6218b36c1d19d4a2e9eb0ce3606eb48,blacklist(address),,BLACKLISTER,,,Circle
CU-IMP-0254,ONCHAIN_TX,0x07d509e91116e544111e745c3d8d0038f1c82ecf4d244be39265a29343164e3f,20839132,2024-09-27 03:00:35.000 UTC,ethereum,0xa0b86991c6218b36c1d19d4a2e9eb0ce3606eb48,blacklist(address),,BLACKLISTER,,,Circle
CU-IMP-0255,ONCHAIN_TX,0x1144b5fe59830cc8d7084253b75d05547415d18c80bfe2ee6b82b7cdbd0fd68a,20868325,2024-10-01 04:42:23.000 UTC,ethereum,0xa0b86991c6218b36c1d19d4a2e9eb0ce3606eb48,blacklist(address),,BLACKLISTER,,,Circle
CU-IMP-0256,ONCHAIN_TX,0xa83f9e8e0327719ced9190150de95468b2cc7e883e3c6cceab8c45e24ec2c22c,20868327,2024-10-01 04:42:47.000 UTC,ethereum,0xa0b86991c6218b36c1d19d4a2e9eb0ce3606eb48,unBlacklist(address),,BLACKLISTER,,,Circle
CU-IMP-0257,ONCHAIN_TX,0x37e4908534239ef8ce8fc8f968965ad6801e17bbd036d2ac68c7b46519af3fbe,20898453,2024-10-05 09:31:35.000 UTC,ethereum,0xa0b86991c6218b36c1d19d4a2e9eb0ce3606eb48,blacklist(address),,BLACKLISTER,,,Circle
CU-IMP-0258,ONCHAIN_TX,0x78da87b960b71400ad7cd168ed5d3a6e9aa5e673ac7668b16dac68a1da1d82de,20898472,2024-10-05 09:35:23.000 UTC,ethereum,0xa0b86991c6218b36c1d19d4a2e9eb0ce3606eb48,blacklist(address),,BLACKLISTER,,,Circle
CU-IMP-0259,ONCHAIN_TX,0x2fb93b0e284ec102c4d4b257899a2ca17ea8e3105ffe3375e0923b735232a6fd,20898479,2024-10-05 09:36:47.000 UTC,ethereum,0xa0b86991c6218b36c1d19d4a2e9eb0ce3606eb48,blacklist(address),,BLACKLISTER,,,Circle
CU-IMP-0260,ONCHAIN_TX,0xa28b22f3ac04679172376b3ee8b5806bba0d35bf251d0f885e852ccb6cf8d7c3,20917712,2024-10-08 01:56:59.000 UTC,ethereum,0xa0b86991c6218b36c1d19d4a2e9eb0ce3606eb48,blacklist(address),,BLACKLISTER,,,Circle
CU-IMP-0261,ONCHAIN_TX,0x49ffcf46d020326955f23ed93fec607a21401499b34d42bc3b612bb258ca62d5,20917714,2024-10-08 01:57:23.000 UTC,ethereum,0xa0b86991c6218b36c1d19d4a2e9eb0ce3606eb48,blacklist(address),,BLACKLISTER,,,Circle
CU-IMP-0262,ONCHAIN_TX,0xea6d084fcaa8e6495d285c89e1f85a697d79741eb160a9302d08399d9f9d3a83,21233875,2024-11-21 04:59:11.000 UTC,ethereum,0xa0b86991c6218b36c1d19d4a2e9eb0ce3606eb48,blacklist(address),,BLACKLISTER,,,Circle
CU-IMP-0263,ONCHAIN_TX,0x6f156745489631419d5d167678b5f1f31fb14a7720264259ff94b3eceabadbdb,21265241,2024-11-25 14:02:35.000 UTC,ethereum,0xa0b86991c6218b36c1d19d4a2e9eb0ce3606eb48,blacklist(address),,BLACKLISTER,,,Circle
CU-IMP-0264,ONCHAIN_TX,0xd0bd2ca3832dbfb2b21dee9a083ba1eb20d8249e8056b6a3aa04325157d9aaaa,21265542,2024-11-25 15:03:35.000 UTC,ethereum,0xa0b86991c6218b36c1d19d4a2e9eb0ce3606eb48,unBlacklist(address),,BLACKLISTER,,,Circle
CU-IMP-0265,ONCHAIN_TX,0xf3555044fd5a027eb80ae6c7a9778063bbd92b2e71682b226be74504e5652d87,21268658,2024-11-26 01:31:59.000 UTC,ethereum,0xa0b86991c6218b36c1d19d4a2e9eb0ce3606eb48,blacklist(address),,BLACKLISTER,,,Circle
CU-IMP-0266,ONCHAIN_TX,0x078c15bfc424a892ad2a1b36431b6b8ade85118fced2fb564f7c8ff8d3a07f94,21334281,2024-12-05 05:43:35.000 UTC,ethereum,0xa0b86991c6218b36c1d19d4a2e9eb0ce3606eb48,blacklist(address),,BLACKLISTER,,,Circle
CU-IMP-0267,ONCHAIN_TX,0xe130f4f5f5c576d2627a8b1553f9e8b9bb4698524cb7080a9e8c1bbf643f25ba,21334301,2024-12-05 05:47:35.000 UTC,ethereum,0xa0b86991c6218b36c1d19d4a2e9eb0ce3606eb48,blacklist(address),,BLACKLISTER,,,Circle
CU-IMP-0268,ONCHAIN_TX,0xc69f623a46323a39f7d4bf96d8d973186c5b649db5b1dd1f738a81beb008c331,21334383,2024-12-05 06:04:11.000 UTC,ethereum,0xa0b86991c6218b36c1d19d4a2e9eb0ce3606eb48,unBlacklist(address),,BLACKLISTER,,,Circle
CU-IMP-0269,ONCHAIN_TX,0xab4dace90909438aa85276859c10dd52e4e85c6860f2dd7a754bae14ccdc661a,21376739,2024-12-11 03:59:11.000 UTC,ethereum,0xa0b86991c6218b36c1d19d4a2e9eb0ce3606eb48,unBlacklist(address),,BLACKLISTER,,,Circle
CU-IMP-0270,ONCHAIN_TX,0x5cb16d5361600902d61b2403043a416b5fecc2f586df18ad8faaca82f091961b,21376744,2024-12-11 04:00:11.000 UTC,ethereum,0xa0b86991c6218b36c1d19d4a2e9eb0ce3606eb48,unBlacklist(address),,BLACKLISTER,,,Circle
CU-IMP-0271,ONCHAIN_TX,0xbfacfa81d93638942ae0851e6c38845d2da540fb0cf6967ecdf21f6c28c20c52,21441213,2024-12-20 04:01:47.000 UTC,ethereum,0xa0b86991c6218b36c1d19d4a2e9eb0ce3606eb48,blacklist(address),,BLACKLISTER,,,Circle
CU-IMP-0272,ONCHAIN_TX,0x36a43df64d571aee00fcfee9c7becda71e9ab4f368a9653b35c8138e021db6a5,21441216,2024-12-20 04:02:23.000 UTC,ethereum,0xa0b86991c6218b36c1d19d4a2e9eb0ce3606eb48,blacklist(address),,BLACKLISTER,,,Circle
CU-IMP-0273,ONCHAIN_TX,0x7d2f1ebeda9a7d86e716cff583e5ea9556b9b6e11793f5748ab6da7cf7ea6edf,21441219,2024-12-20 04:02:59.000 UTC,ethereum,0xa0b86991c6218b36c1d19d4a2e9eb0ce3606eb48,blacklist(address),,BLACKLISTER,,,Circle
CU-IMP-0274,ONCHAIN_TX,0xa06a6ce5873bddb1a6e7ae7963398e0f5e0d95a0855cdb15bbd508e1223acb50,21441221,2024-12-20 04:03:23.000 UTC,ethereum,0xa0b86991c6218b36c1d19d4a2e9eb0ce3606eb48,blacklist(address),,BLACKLISTER,,,Circle
CU-IMP-0275,ONCHAIN_TX,0x624d46a5abbd13f6d531941da272da35aafce10db222661111969caa7f312bc5,21441224,2024-12-20 04:03:59.000 UTC,ethereum,0xa0b86991c6218b36c1d19d4a2e9eb0ce3606eb48,blacklist(address),,BLACKLISTER,,,Circle
CU-IMP-0276,ONCHAIN_TX,0xf0bb994ed13fdca8facbb85a8da1f1560cef56b07acfc9d0b5c08cbe4c923e1c,21525578,2024-12-31 22:56:59.000 UTC,ethereum,0xa0b86991c6218b36c1d19d4a2e9eb0ce3606eb48,blacklist(address),,BLACKLISTER,,,Circle
CU-IMP-0277,ONCHAIN_TX,0x4b5c203b85edcef5af1d85706f5d5b035e9274f4333c07dfa983bcef0f864496,21539528,2025-01-02 21:38:59.000 UTC,ethereum,0xa0b86991c6218b36c1d19d4a2e9eb0ce3606eb48,blacklist(address),,BLACKLISTER,,,Circle
CU-IMP-0278,ONCHAIN_TX,0xac16d16c0e0741bdf28d636b86b3414b46ca870b00ec996ae9338317e91be8dc,21802627,2025-02-08 15:15:23.000 UTC,ethereum,0xa0b86991c6218b36c1d19d4a2e9eb0ce3606eb48,blacklist(address),,BLACKLISTER,,,Circle
CU-IMP-0279,ONCHAIN_TX,0x1939c0b6c294e3a80b6eeaeb28d5332d668b763baa461ab45e89ecce6f1be215,21803367,2025-02-08 17:44:35.000 UTC,ethereum,0xa0b86991c6218b36c1d19d4a2e9eb0ce3606eb48,blacklist(address),,BLACKLISTER,,,Circle
CU-IMP-0280,ONCHAIN_TX,0x05e7c2a7ddc9309b44722348c1113259a7c61cfd86bfb294a2551517604c2261,21919143,2025-02-24 22:24:11.000 UTC,ethereum,0xa0b86991c6218b36c1d19d4a2e9eb0ce3606eb48,blacklist(address),,BLACKLISTER,,,Circle
CU-IMP-0281,ONCHAIN_TX,0x3677d3b03d368fb9c492f3f08b1936f652ab54cc2298a6ba2eb180fc26c58e8e,21919147,2025-02-24 22:24:59.000 UTC,ethereum,0xa0b86991c6218b36c1d19d4a2e9eb0ce3606eb48,blacklist(address),,BLACKLISTER,,,Circle
CU-IMP-0282,ONCHAIN_TX,0x090634104b63ac4b6a3e23d80d4b954eaa4bbaad06aff8d0c2ae72640303aba4,21919149,2025-02-24 22:25:23.000 UTC,ethereum,0xa0b86991c6218b36c1d19d4a2e9eb0ce3606eb48,blacklist(address),,BLACKLISTER,,,Circle
CU-IMP-0283,ONCHAIN_TX,0x2aa51f3850389fd2d105839018f3140648d21489da564ebe51d861cfd5cc8f0b,21942692,2025-02-28 05:15:59.000 UTC,ethereum,0xa0b86991c6218b36c1d19d4a2e9eb0ce3606eb48,blacklist(address),,BLACKLISTER,,,Circle
CU-IMP-0284,ONCHAIN_TX,0x4309057260d9e2c8016813ff8879a60d9541bb4d1514bb2a8758c3a47fbdf493,21947433,2025-02-28 21:08:11.000 UTC,ethereum,0xa0b86991c6218b36c1d19d4a2e9eb0ce3606eb48,blacklist(address),,BLACKLISTER,,,Circle
CU-IMP-0285,ONCHAIN_TX,0xf62528bcd47c8f864ac361220fe48521e9a8c95c351b0ef3806eaa3b3e610b17,21952575,2025-03-01 14:20:35.000 UTC,ethereum,0xa0b86991c6218b36c1d19d4a2e9eb0ce3606eb48,blacklist(address),,BLACKLISTER,,,Circle
CU-IMP-0286,ONCHAIN_TX,0xf0b7cd34e67f5a3cac976979d91b6287d9a9a97e12a53d7d8beca6eded25dbfa,22039313,2025-03-13 17:02:35.000 UTC,ethereum,0xa0b86991c6218b36c1d19d4a2e9eb0ce3606eb48,blacklist(address),,BLACKLISTER,,,Circle
CU-IMP-0287,ONCHAIN_TX,0x09fc43fa5ab1910d1b8ef10015e22f16885a438b4d14391fe36f767f34ccfdeb,22099065,2025-03-22 01:14:11.000 UTC,ethereum,0xa0b86991c6218b36c1d19d4a2e9eb0ce3606eb48,unBlacklist(address),,BLACKLISTER,,,Circle
CU-IMP-0288,ONCHAIN_TX,0x59beb3bbac2bffe0c0ba459b6ed2cbad582119d9004dbee953938f87492265ab,22099066,2025-03-22 01:14:23.000 UTC,ethereum,0xa0b86991c6218b36c1d19d4a2e9eb0ce3606eb48,unBlacklist(address),,BLACKLISTER,,,Circle
CU-IMP-0289,ONCHAIN_TX,0x7731d654eee60604fc5d129ffc25fff4c04c4bbc9d4c6d2f211d1a6f3cafc167,22099069,2025-03-22 01:14:59.000 UTC,ethereum,0xa0b86991c6218b36c1d19d4a2e9eb0ce3606eb48,unBlacklist(address),,BLACKLISTER,,,Circle
CU-IMP-0290,ONCHAIN_TX,0x06c3bc53b0e095d98a42746f4f37771a4ee3035f9c9eb2fa4692664a3fd5460f,22099070,2025-03-22 01:15:11.000 UTC,ethereum,0xa0b86991c6218b36c1d19d4a2e9eb0ce3606eb48,unBlacklist(address),,BLACKLISTER,,,Circle
CU-IMP-0291,ONCHAIN_TX,0xecf9033c7148239246b312636648774b10fe940489f0d5ca4970677aef241537,22099072,2025-03-22 01:15:35.000 UTC,ethereum,0xa0b86991c6218b36c1d19d4a2e9eb0ce3606eb48,unBlacklist(address),,BLACKLISTER,,,Circle
CU-IMP-0292,ONCHAIN_TX,0x1b088d542ef39698d0e6541de27df252e10ed496d1b20fa5eecdaeb4090793fe,22099079,2025-03-22 01:16:59.000 UTC,ethereum,0xa0b86991c6218b36c1d19d4a2e9eb0ce3606eb48,unBlacklist(address),,BLACKLISTER,,,Circle
CU-IMP-0293,ONCHAIN_TX,0x4f8b78753e47b87c9aa8092affe555e1179301886009b3062b982e11486add15,22099080,2025-03-22 01:17:11.000 UTC,ethereum,0xa0b86991c6218b36c1d19d4a2e9eb0ce3606eb48,unBlacklist(address),,BLACKLISTER,,,Circle
CU-IMP-0294,ONCHAIN_TX,0x84dde5f0909847f12a9d3010e56f0f8c29252aea81e49aeb6145d6dc5e2f0a33,22099081,2025-03-22 01:17:23.000 UTC,ethereum,0xa0b86991c6218b36c1d19d4a2e9eb0ce3606eb48,unBlacklist(address),,BLACKLISTER,,,Circle
CU-IMP-0295,ONCHAIN_TX,0x8ce785deb97d833f1d2dc2eea2cbbde09f7f7af024994038db4087623a1b5040,22099082,2025-03-22 01:17:35.000 UTC,ethereum,0xa0b86991c6218b36c1d19d4a2e9eb0ce3606eb48,unBlacklist(address),,BLACKLISTER,,,Circle
CU-IMP-0296,ONCHAIN_TX,0x651c506b35ea0dd8b9a226ed46b9b242bb23b9a10fb24871f8677e71be1cecae,22099083,2025-03-22 01:17:47.000 UTC,ethereum,0xa0b86991c6218b36c1d19d4a2e9eb0ce3606eb48,unBlacklist(address),,BLACKLISTER,,,Circle
CU-IMP-0297,ONCHAIN_TX,0xa868870834e1833b216d3516cb99aaa212a1644c31c31d7689cfe991efb6730d,22099084,2025-03-22 01:17:59.000 UTC,ethereum,0xa0b86991c6218b36c1d19d4a2e9eb0ce3606eb48,unBlacklist(address),,BLACKLISTER,,,Circle
CU-IMP-0298,ONCHAIN_TX,0x66e4598055c849e36ca52e402da65640ffa732ac1efde8c687bdb0aab6f8f69b,22099085,2025-03-22 01:18:11.000 UTC,ethereum,0xa0b86991c6218b36c1d19d4a2e9eb0ce3606eb48,unBlacklist(address),,BLACKLISTER,,,Circle
CU-IMP-0299,ONCHAIN_TX,0x7d6b3095174bb88113ee2cee9d0d7ce3351a41dffc15c77e39fbabc34d0d25bf,22099086,2025-03-22 01:18:23.000 UTC,ethereum,0xa0b86991c6218b36c1d19d4a2e9eb0ce3606eb48,unBlacklist(address),,BLACKLISTER,,,Circle
CU-IMP-0300,ONCHAIN_TX,0xa04103465b120247d635c53815f56d7badabfcf9ba0a3947e35a9b0d49adedd3,22099087,2025-03-22 01:18:35.000 UTC,ethereum,0xa0b86991c6218b36c1d19d4a2e9eb0ce3606eb48,unBlacklist(address),,BLACKLISTER,,,Circle
CU-IMP-0301,ONCHAIN_TX,0x67d4f976de265788ef4d4f515333b0687a8367cfb9ef8f74850be35adc62356a,22099088,2025-03-22 01:18:47.000 UTC,ethereum,0xa0b86991c6218b36c1d19d4a2e9eb0ce3606eb48,unBlacklist(address),,BLACKLISTER,,,Circle
CU-IMP-0302,ONCHAIN_TX,0x3e5fd6350b017ef89f1ea832ec0dc5acfb6af504751a6d407bef31c6cb1c957b,22099090,2025-03-22 01:19:11.000 UTC,ethereum,0xa0b86991c6218b36c1d19d4a2e9eb0ce3606eb48,unBlacklist(address),,BLACKLISTER,,,Circle
CU-IMP-0303,ONCHAIN_TX,0x00c3d4f728a741a508acf7c1de1e24a93ae716c549f915071ce6f899003883d7,22099091,2025-03-22 01:19:23.000 UTC,ethereum,0xa0b86991c6218b36c1d19d4a2e9eb0ce3606eb48,unBlacklist(address),,BLACKLISTER,,,Circle
CU-IMP-0304,ONCHAIN_TX,0xa95eb5ca731ea50af716c8e5c50b991986ed8c2131620cbc5b4e723b0b7dad71,22099093,2025-03-22 01:19:47.000 UTC,ethereum,0xa0b86991c6218b36c1d19d4a2e9eb0ce3606eb48,unBlacklist(address),,BLACKLISTER,,,Circle
CU-IMP-0305,ONCHAIN_TX,0x0b8345aeb076f4c9db144a558da658785d1176ab5f7bdb052ec4e68cb9a1757f,22099095,2025-03-22 01:20:11.000 UTC,ethereum,0xa0b86991c6218b36c1d19d4a2e9eb0ce3606eb48,unBlacklist(address),,BLACKLISTER,,,Circle
CU-IMP-0306,ONCHAIN_TX,0xef849f59df88ae28758f45183fa4fcb9a7cfe04230bfa5ec60a56373a836433a,22099096,2025-03-22 01:20:23.000 UTC,ethereum,0xa0b86991c6218b36c1d19d4a2e9eb0ce3606eb48,unBlacklist(address),,BLACKLISTER,,,Circle
CU-IMP-0307,ONCHAIN_TX,0x7be82dd9678455abb82ed38dad0c8fe9fa00fb5691bd8989595ba03f41e8be89,22099097,2025-03-22 01:20:35.000 UTC,ethereum,0xa0b86991c6218b36c1d19d4a2e9eb0ce3606eb48,unBlacklist(address),,BLACKLISTER,,,Circle
CU-IMP-0308,ONCHAIN_TX,0x9db26ae03c4ccd23b1a8010210f7903f2576b1fa59ed9af09a707e96ba93a5a6,22099099,2025-03-22 01:20:59.000 UTC,ethereum,0xa0b86991c6218b36c1d19d4a2e9eb0ce3606eb48,unBlacklist(address),,BLACKLISTER,,,Circle
CU-IMP-0309,ONCHAIN_TX,0x2fef427d6f40a1f837583a237fea091f59a896cd19105a4948b7af7e10384081,22099101,2025-03-22 01:21:23.000 UTC,ethereum,0xa0b86991c6218b36c1d19d4a2e9eb0ce3606eb48,unBlacklist(address),,BLACKLISTER,,,Circle
CU-IMP-0310,ONCHAIN_TX,0x973422e689a11c094fc0846efd3b3c1d84b95176a6a939f4709776161ec98ce4,22099103,2025-03-22 01:21:47.000 UTC,ethereum,0xa0b86991c6218b36c1d19d4a2e9eb0ce3606eb48,unBlacklist(address),,BLACKLISTER,,,Circle
CU-IMP-0311,ONCHAIN_TX,0x4df489fb884a432bafd68d1f5f9038e87926b9afbd160099156efeb9fc757325,22099105,2025-03-22 01:22:11.000 UTC,ethereum,0xa0b86991c6218b36c1d19d4a2e9eb0ce3606eb48,unBlacklist(address),,BLACKLISTER,,,Circle
CU-IMP-0312,ONCHAIN_TX,0x1c8fa7f6bd2bda68dca33350374307803626f7348b0f7223efd96b78839a35a9,22099106,2025-03-22 01:22:23.000 UTC,ethereum,0xa0b86991c6218b36c1d19d4a2e9eb0ce3606eb48,unBlacklist(address),,BLACKLISTER,,,Circle
CU-IMP-0313,ONCHAIN_TX,0x4b8df6747be945237498c99386157ecea9e021cc346edf3f490e1b9a75263ae6,22099107,2025-03-22 01:22:35.000 UTC,ethereum,0xa0b86991c6218b36c1d19d4a2e9eb0ce3606eb48,unBlacklist(address),,BLACKLISTER,,,Circle
CU-IMP-0314,ONCHAIN_TX,0x0457e4230691c2ef61dfba9c6ca4054aeb54ca4a754a7c44a3676d92833c5a81,22099108,2025-03-22 01:22:47.000 UTC,ethereum,0xa0b86991c6218b36c1d19d4a2e9eb0ce3606eb48,unBlacklist(address),,BLACKLISTER,,,Circle
CU-IMP-0315,ONCHAIN_TX,0x1c2fbd8b25f201327e0b469164ab753c89a802de7e0768e4e278d224cc10b25a,22099109,2025-03-22 01:22:59.000 UTC,ethereum,0xa0b86991c6218b36c1d19d4a2e9eb0ce3606eb48,unBlacklist(address),,BLACKLISTER,,,Circle
CU-IMP-0316,ONCHAIN_TX,0x5b624df17cb25191ebf49946ba79870357c7c21bf204d498ed9e69962b6b88d0,22099110,2025-03-22 01:23:11.000 UTC,ethereum,0xa0b86991c6218b36c1d19d4a2e9eb0ce3606eb48,unBlacklist(address),,BLACKLISTER,,,Circle
CU-IMP-0317,ONCHAIN_TX,0x031775a78046de25147323ee3c1ab414f3355562b6ac1726c68ea47d9d16e8b3,22099112,2025-03-22 01:23:35.000 UTC,ethereum,0xa0b86991c6218b36c1d19d4a2e9eb0ce3606eb48,unBlacklist(address),,BLACKLISTER,,,Circle
CU-IMP-0318,ONCHAIN_TX,0x7318e102d44c53326f2a4d5f3148ea0953ef012128729e5779ea289b420c700b,22099114,2025-03-22 01:23:59.000 UTC,ethereum,0xa0b86991c6218b36c1d19d4a2e9eb0ce3606eb48,unBlacklist(address),,BLACKLISTER,,,Circle
CU-IMP-0319,ONCHAIN_TX,0x92f73f14d48c9d1b8587f09b8b13fbcbe004d16114352a7690061c49cac7641c,22099115,2025-03-22 01:24:11.000 UTC,ethereum,0xa0b86991c6218b36c1d19d4a2e9eb0ce3606eb48,unBlacklist(address),,BLACKLISTER,,,Circle
CU-IMP-0320,ONCHAIN_TX,0xfd9272416d5338cd16eca0a73d4b7efd6bdf34e125977bc1fcd132b93981f8e5,22099116,2025-03-22 01:24:23.000 UTC,ethereum,0xa0b86991c6218b36c1d19d4a2e9eb0ce3606eb48,unBlacklist(address),,BLACKLISTER,,,Circle
CU-IMP-0321,ONCHAIN_TX,0x73b4392168f15fa5a9b0d6a1c8c0be936d11ea4da16f3245647e3a8ce9cdd924,22099118,2025-03-22 01:24:47.000 UTC,ethereum,0xa0b86991c6218b36c1d19d4a2e9eb0ce3606eb48,unBlacklist(address),,BLACKLISTER,,,Circle
CU-IMP-0322,ONCHAIN_TX,0xfd229d6bdcdd52a653d2c9bbd4127487b3e0be7f7db096391b14ebaadbc877d5,22099119,2025-03-22 01:24:59.000 UTC,ethereum,0xa0b86991c6218b36c1d19d4a2e9eb0ce3606eb48,unBlacklist(address),,BLACKLISTER,,,Circle
CU-IMP-0323,ONCHAIN_TX,0xeb6244b68d6ea15b6ed5d80268c40024a42da123b4fce3b975846922b5c11643,22099120,2025-03-22 01:25:11.000 UTC,ethereum,0xa0b86991c6218b36c1d19d4a2e9eb0ce3606eb48,unBlacklist(address),,BLACKLISTER,,,Circle
CU-IMP-0324,ONCHAIN_TX,0x10def21038cf7dab7e72568dfc94f248dc87798a96333ba303090196eeeeb6e1,22099121,2025-03-22 01:25:23.000 UTC,ethereum,0xa0b86991c6218b36c1d19d4a2e9eb0ce3606eb48,unBlacklist(address),,BLACKLISTER,,,Circle
CU-IMP-0325,ONCHAIN_TX,0x00aea6279e10892db64448cee460bf9165b3d3288dc2bda4f145d88a81cf2c81,22099123,2025-03-22 01:25:47.000 UTC,ethereum,0xa0b86991c6218b36c1d19d4a2e9eb0ce3606eb48,unBlacklist(address),,BLACKLISTER,,,Circle
CU-IMP-0326,ONCHAIN_TX,0x8b1be8c4383dcbb5d3472d695d8395b6913da453ed336d5fe663a148d2785b5c,22099126,2025-03-22 01:26:23.000 UTC,ethereum,0xa0b86991c6218b36c1d19d4a2e9eb0ce3606eb48,unBlacklist(address),,BLACKLISTER,,,Circle
CU-IMP-0327,ONCHAIN_TX,0xd60bbc08f77ae0d45dee1721745ec65da6e7748f9ebd82e8cae35e77ba470441,22099127,2025-03-22 01:26:35.000 UTC,ethereum,0xa0b86991c6218b36c1d19d4a2e9eb0ce3606eb48,unBlacklist(address),,BLACKLISTER,,,Circle
CU-IMP-0328,ONCHAIN_TX,0x2910d740025e9fb3df5de2f733f36f38f13e50065b37b14ba76042332bcff320,22099128,2025-03-22 01:26:47.000 UTC,ethereum,0xa0b86991c6218b36c1d19d4a2e9eb0ce3606eb48,unBlacklist(address),,BLACKLISTER,,,Circle
CU-IMP-0329,ONCHAIN_TX,0x931b8ea4dc084767d9a71a6fd5cb8b10c6fe262e22bc2d61e722e5214fa22f21,22099138,2025-03-22 01:28:47.000 UTC,ethereum,0xa0b86991c6218b36c1d19d4a2e9eb0ce3606eb48,unBlacklist(address),,BLACKLISTER,,,Circle
CU-IMP-0330,ONCHAIN_TX,0xaa56cf049bbbcfae4e59b3d76122867710b39e356e6cefc20fe5bc024fe89b91,22099159,2025-03-22 01:32:59.000 UTC,ethereum,0xa0b86991c6218b36c1d19d4a2e9eb0ce3606eb48,unBlacklist(address),,BLACKLISTER,,,Circle
CU-IMP-0331,ONCHAIN_TX,0x8bf9b22141c9deac1b2ab7b3fd4f690c083cfb4ef38a8b32d761ebf85d13df4e,22099160,2025-03-22 01:33:11.000 UTC,ethereum,0xa0b86991c6218b36c1d19d4a2e9eb0ce3606eb48,unBlacklist(address),,BLACKLISTER,,,Circle
CU-IMP-0332,ONCHAIN_TX,0x115f8dba738c447c6a9bb2943b362e856fda1f473fd26c04abe3beb5c0709ea7,22099166,2025-03-22 01:34:23.000 UTC,ethereum,0xa0b86991c6218b36c1d19d4a2e9eb0ce3606eb48,unBlacklist(address),,BLACKLISTER,,,Circle
CU-IMP-0333,ONCHAIN_TX,0x1bb3a0ccc523215a25f6534b31dc2d2d67f979779968bc1f74e129302b76188f,22099167,2025-03-22 01:34:35.000 UTC,ethereum,0xa0b86991c6218b36c1d19d4a2e9eb0ce3606eb48,unBlacklist(address),,BLACKLISTER,,,Circle
CU-IMP-0334,ONCHAIN_TX,0x9e5e3555634131ded78a6b92231a47d3d6bd62d59eea5040f5383c052261ecd2,22099168,2025-03-22 01:34:47.000 UTC,ethereum,0xa0b86991c6218b36c1d19d4a2e9eb0ce3606eb48,unBlacklist(address),,BLACKLISTER,,,Circle
CU-IMP-0335,ONCHAIN_TX,0x042b2b7bf9d3b79c91b9f3004bfd347b5cd2eb9964c23e0d936adce112c78333,22099170,2025-03-22 01:35:11.000 UTC,ethereum,0xa0b86991c6218b36c1d19d4a2e9eb0ce3606eb48,unBlacklist(address),,BLACKLISTER,,,Circle
CU-IMP-0336,ONCHAIN_TX,0x1478f500d27c02d23f3a573cb1e6525a9a688289931baa6469e743112fab8835,22099173,2025-03-22 01:35:47.000 UTC,ethereum,0xa0b86991c6218b36c1d19d4a2e9eb0ce3606eb48,unBlacklist(address),,BLACKLISTER,,,Circle
CU-IMP-0337,ONCHAIN_TX,0x2817429abe3f74ff76e9409ac40a794f0704f07941dbaabf2d897a3757185b72,22099175,2025-03-22 01:36:11.000 UTC,ethereum,0xa0b86991c6218b36c1d19d4a2e9eb0ce3606eb48,unBlacklist(address),,BLACKLISTER,,,Circle
CU-IMP-0338,ONCHAIN_TX,0x9ccee9222408095aca804268f2798e53f8f4ec8c846b187409cc337340812b3b,22099176,2025-03-22 01:36:23.000 UTC,ethereum,0xa0b86991c6218b36c1d19d4a2e9eb0ce3606eb48,unBlacklist(address),,BLACKLISTER,,,Circle
CU-IMP-0339,ONCHAIN_TX,0xb476797eae69372f731334680774f08dbec141a91badcf888e2332050f17cd8e,22099177,2025-03-22 01:36:35.000 UTC,ethereum,0xa0b86991c6218b36c1d19d4a2e9eb0ce3606eb48,unBlacklist(address),,BLACKLISTER,,,Circle
CU-IMP-0340,ONCHAIN_TX,0xdb3e7afe7f08d038ffa3ba0c3befcfcf8b560cd64a93e0ca4c91de197b237d63,22099178,2025-03-22 01:36:47.000 UTC,ethereum,0xa0b86991c6218b36c1d19d4a2e9eb0ce3606eb48,unBlacklist(address),,BLACKLISTER,,,Circle
CU-IMP-0341,ONCHAIN_TX,0x606fefd668153680eede0cb06d7b5204807c1f0324ba6cdbd1edfc7733ce6ffa,22099179,2025-03-22 01:36:59.000 UTC,ethereum,0xa0b86991c6218b36c1d19d4a2e9eb0ce3606eb48,unBlacklist(address),,BLACKLISTER,,,Circle
CU-IMP-0342,ONCHAIN_TX,0xd7aeb8289e2f500df9e6d40d78d25b6533af56044f9d9b01027a78138ee44623,22099180,2025-03-22 01:37:11.000 UTC,ethereum,0xa0b86991c6218b36c1d19d4a2e9eb0ce3606eb48,unBlacklist(address),,BLACKLISTER,,,Circle
CU-IMP-0343,ONCHAIN_TX,0x86c1e9f4dd7004129dbac851c8ab13b6345bdee87aad6b450bccb1adaaa2aecc,22099185,2025-03-22 01:38:11.000 UTC,ethereum,0xa0b86991c6218b36c1d19d4a2e9eb0ce3606eb48,unBlacklist(address),,BLACKLISTER,,,Circle
CU-IMP-0344,ONCHAIN_TX,0x15516f5f3e51ca386c6bf1196d31ec05e77c6fbedbaef502ecb7741b200af6a8,22099188,2025-03-22 01:38:47.000 UTC,ethereum,0xa0b86991c6218b36c1d19d4a2e9eb0ce3606eb48,unBlacklist(address),,BLACKLISTER,,,Circle
CU-IMP-0345,ONCHAIN_TX,0x005b5a2c9c0e804df5dd652fe2b1b52f16403f6cadc5bd9341b91db08cb566de,22099189,2025-03-22 01:38:59.000 UTC,ethereum,0xa0b86991c6218b36c1d19d4a2e9eb0ce3606eb48,unBlacklist(address),,BLACKLISTER,,,Circle
CU-IMP-0346,ONCHAIN_TX,0xe0a108c058180544ba9937b6b3c9b58dc3e34104830a563317bfac2ae9bea340,22099190,2025-03-22 01:39:11.000 UTC,ethereum,0xa0b86991c6218b36c1d19d4a2e9eb0ce3606eb48,unBlacklist(address),,BLACKLISTER,,,Circle
CU-IMP-0347,ONCHAIN_TX,0x1aecbf2556cf24a2193d264dbc94d71a16b2b6775a3017940a6b70359d158d04,22099191,2025-03-22 01:39:23.000 UTC,ethereum,0xa0b86991c6218b36c1d19d4a2e9eb0ce3606eb48,unBlacklist(address),,BLACKLISTER,,,Circle
CU-IMP-0348,ONCHAIN_TX,0x300e494bff410113c14eb0a32759591f5f879a2a0baa62f12714c08d8ceb0a3b,22099192,2025-03-22 01:39:35.000 UTC,ethereum,0xa0b86991c6218b36c1d19d4a2e9eb0ce3606eb48,unBlacklist(address),,BLACKLISTER,,,Circle
CU-IMP-0349,ONCHAIN_TX,0x5afc0dd25d4e497ba3ece5909ca5b976b334760f07331da5e39a8d4f7d4c4de2,22099193,2025-03-22 01:39:47.000 UTC,ethereum,0xa0b86991c6218b36c1d19d4a2e9eb0ce3606eb48,unBlacklist(address),,BLACKLISTER,,,Circle
CU-IMP-0350,ONCHAIN_TX,0xc1b2d96feae8f8a93b92eecebbf423c68b40e88e1a22cd01814a109867cc2553,22099194,2025-03-22 01:39:59.000 UTC,ethereum,0xa0b86991c6218b36c1d19d4a2e9eb0ce3606eb48,unBlacklist(address),,BLACKLISTER,,,Circle
CU-IMP-0351,ONCHAIN_TX,0xc0ff347322c706d8e50c76b9da1340a75abda72affb6207c82a329ed0df8dce9,22099195,2025-03-22 01:40:11.000 UTC,ethereum,0xa0b86991c6218b36c1d19d4a2e9eb0ce3606eb48,unBlacklist(address),,BLACKLISTER,,,Circle
CU-IMP-0352,ONCHAIN_TX,0x5b1757375740fe34125193959fbb6b5b50437df632dfb6673ba685eb1ce7a090,22099196,2025-03-22 01:40:23.000 UTC,ethereum,0xa0b86991c6218b36c1d19d4a2e9eb0ce3606eb48,unBlacklist(address),,BLACKLISTER,,,Circle
CU-IMP-0353,ONCHAIN_TX,0x81e424074d9626435ee1798697f31a59c2c20a1f154c42952b7f914e5e72338c,22099197,2025-03-22 01:40:35.000 UTC,ethereum,0xa0b86991c6218b36c1d19d4a2e9eb0ce3606eb48,unBlacklist(address),,BLACKLISTER,,,Circle
CU-IMP-0354,ONCHAIN_TX,0xdca8f9b926d1bf300ed804d75466f63242c388ce1ce0ebb44590ae0d50eefd37,22099198,2025-03-22 01:40:47.000 UTC,ethereum,0xa0b86991c6218b36c1d19d4a2e9eb0ce3606eb48,unBlacklist(address),,BLACKLISTER,,,Circle
CU-IMP-0355,ONCHAIN_TX,0x49f5511d3aa8bdc8ebebe99070136248c0bb13c8c27d28f56a44416b572214f3,22099199,2025-03-22 01:40:59.000 UTC,ethereum,0xa0b86991c6218b36c1d19d4a2e9eb0ce3606eb48,unBlacklist(address),,BLACKLISTER,,,Circle
CU-IMP-0356,ONCHAIN_TX,0xde55a78b5d31edab8a8f5876a64977e7493a3bc29e39d786a16845e53b89f61b,22099202,2025-03-22 01:41:35.000 UTC,ethereum,0xa0b86991c6218b36c1d19d4a2e9eb0ce3606eb48,unBlacklist(address),,BLACKLISTER,,,Circle
CU-IMP-0357,ONCHAIN_TX,0x173f330fbc267ef1f0daa89f7a010e645fe719bc29f8f62464fd0ff257a1af62,22099203,2025-03-22 01:41:47.000 UTC,ethereum,0xa0b86991c6218b36c1d19d4a2e9eb0ce3606eb48,unBlacklist(address),,BLACKLISTER,,,Circle
CU-IMP-0358,ONCHAIN_TX,0xfdafd3fcffb920ac83a255d53b674ceaeaabaa0f6b250a71c78be31147b59c07,22099204,2025-03-22 01:41:59.000 UTC,ethereum,0xa0b86991c6218b36c1d19d4a2e9eb0ce3606eb48,unBlacklist(address),,BLACKLISTER,,,Circle
CU-IMP-0359,ONCHAIN_TX,0x871e55490e6c40ffaa49fa31594c6b7735f5fef51a3c882afc194eafef64d4e2,22099205,2025-03-22 01:42:11.000 UTC,ethereum,0xa0b86991c6218b36c1d19d4a2e9eb0ce3606eb48,unBlacklist(address),,BLACKLISTER,,,Circle
CU-IMP-0360,ONCHAIN_TX,0xf6f55649e9a24c331f75a5a908cdc35d9e16f41d9c363dad77bd0726e3eb3f99,22099206,2025-03-22 01:42:23.000 UTC,ethereum,0xa0b86991c6218b36c1d19d4a2e9eb0ce3606eb48,unBlacklist(address),,BLACKLISTER,,,Circle
CU-IMP-0361,ONCHAIN_TX,0x334d4ea2d234b588c7cda0fb2700085f80bc8bc0483eec9bc0565ec5e2aec2d2,22099207,2025-03-22 01:42:35.000 UTC,ethereum,0xa0b86991c6218b36c1d19d4a2e9eb0ce3606eb48,unBlacklist(address),,BLACKLISTER,,,Circle
CU-IMP-0362,ONCHAIN_TX,0xf7690bd5959bf4ed32ba07267c5fb3dcdea96c74f7d15f9c95af9f1a94da0f8a,22099208,2025-03-22 01:42:47.000 UTC,ethereum,0xa0b86991c6218b36c1d19d4a2e9eb0ce3606eb48,unBlacklist(address),,BLACKLISTER,,,Circle
CU-IMP-0363,ONCHAIN_TX,0x2383a3f2146fdc5fec5b76dcbcf791efbb0c0de8da15fc5c4a5ba8d99b101838,22099209,2025-03-22 01:42:59.000 UTC,ethereum,0xa0b86991c6218b36c1d19d4a2e9eb0ce3606eb48,unBlacklist(address),,BLACKLISTER,,,Circle
CU-IMP-0364,ONCHAIN_TX,0xf36bb73569d1169d0b3414c40cd94d2418737e07f20d2416d1eb97e4c23887d4,22099210,2025-03-22 01:43:11.000 UTC,ethereum,0xa0b86991c6218b36c1d19d4a2e9eb0ce3606eb48,unBlacklist(address),,BLACKLISTER,,,Circle
CU-IMP-0365,ONCHAIN_TX,0x6523152c57b7990817ca56b7a9ba4cea45496f6e492e53ef46131b4185c1fd6f,22099211,2025-03-22 01:43:23.000 UTC,ethereum,0xa0b86991c6218b36c1d19d4a2e9eb0ce3606eb48,unBlacklist(address),,BLACKLISTER,,,Circle
CU-IMP-0366,ONCHAIN_TX,0xcce5e639fe0c15095e5c7a22c034fec980535b07d4508d07731181094bbc8e98,22099212,2025-03-22 01:43:35.000 UTC,ethereum,0xa0b86991c6218b36c1d19d4a2e9eb0ce3606eb48,unBlacklist(address),,BLACKLISTER,,,Circle
CU-IMP-0367,ONCHAIN_TX,0x4c4228be5aab95d9efa9cdc6b0f94e2e945f0bce1a7227d477e0cdae56ed5a0d,22099213,2025-03-22 01:43:47.000 UTC,ethereum,0xa0b86991c6218b36c1d19d4a2e9eb0ce3606eb48,unBlacklist(address),,BLACKLISTER,,,Circle
CU-IMP-0368,ONCHAIN_TX,0x653208319f0012279b2a14ced43a93c4fee3a96f1d7cdc0fbf6e66d446dc832b,22099214,2025-03-22 01:43:59.000 UTC,ethereum,0xa0b86991c6218b36c1d19d4a2e9eb0ce3606eb48,unBlacklist(address),,BLACKLISTER,,,Circle
CU-IMP-0369,ONCHAIN_TX,0xe925821678291aafb32c95569169ea0859b2b92aff5df182f365be686d64484d,22099217,2025-03-22 01:44:35.000 UTC,ethereum,0xa0b86991c6218b36c1d19d4a2e9eb0ce3606eb48,unBlacklist(address),,BLACKLISTER,,,Circle
CU-IMP-0370,ONCHAIN_TX,0x904c695cc116f44dbba505fa92d356915a82d132323529752376ded2aecbf8b5,22099221,2025-03-22 01:45:23.000 UTC,ethereum,0xa0b86991c6218b36c1d19d4a2e9eb0ce3606eb48,unBlacklist(address),,BLACKLISTER,,,Circle
CU-IMP-0371,ONCHAIN_TX,0x48ec69fdb273f417eaa2c91b35606bbc3459355e8a3f58aef88a0ea27d5d4e7d,22099225,2025-03-22 01:46:11.000 UTC,ethereum,0xa0b86991c6218b36c1d19d4a2e9eb0ce3606eb48,unBlacklist(address),,BLACKLISTER,,,Circle
CU-IMP-0372,ONCHAIN_TX,0x41f757c2384bfa4c06c7887fd1f7d1171ad9e98be99ab16a6fadc93099cc9993,22099226,2025-03-22 01:46:23.000 UTC,ethereum,0xa0b86991c6218b36c1d19d4a2e9eb0ce3606eb48,unBlacklist(address),,BLACKLISTER,,,Circle
CU-IMP-0373,ONCHAIN_TX,0x22cda4382a15d4fac8d74c633e47744b65007bffa987e66acd11dcedf9bfe8fd,22099227,2025-03-22 01:46:35.000 UTC,ethereum,0xa0b86991c6218b36c1d19d4a2e9eb0ce3606eb48,unBlacklist(address),,BLACKLISTER,,,Circle
CU-IMP-0374,ONCHAIN_TX,0x436c721ec24aa93c2f97e6e06c0aca75e66513d8e04263474d3ef3fd6e31a3b2,22099228,2025-03-22 01:46:47.000 UTC,ethereum,0xa0b86991c6218b36c1d19d4a2e9eb0ce3606eb48,unBlacklist(address),,BLACKLISTER,,,Circle
CU-IMP-0375,ONCHAIN_TX,0xc55ad1043173296f89a0628694b7c2013338377f56ac6dd911107678da4029cf,22099229,2025-03-22 01:46:59.000 UTC,ethereum,0xa0b86991c6218b36c1d19d4a2e9eb0ce3606eb48,unBlacklist(address),,BLACKLISTER,,,Circle
CU-IMP-0376,ONCHAIN_TX,0x2d1b62b2843660988545eac202d4b5723c13b0175e9de19296389fec3f2c0661,22099231,2025-03-22 01:47:23.000 UTC,ethereum,0xa0b86991c6218b36c1d19d4a2e9eb0ce3606eb48,unBlacklist(address),,BLACKLISTER,,,Circle
CU-IMP-0377,ONCHAIN_TX,0x36e6485c008615332ab17db7d1ccf2546c2f203b3d408e98191814c413d8dc18,22129445,2025-03-26 07:00:47.000 UTC,ethereum,0xa0b86991c6218b36c1d19d4a2e9eb0ce3606eb48,blacklist(address),,BLACKLISTER,,,Circle
CU-IMP-0378,ONCHAIN_TX,0xc708ed96b8d219ed560cd9542f05c9802bb30599f11ebf1a0a446d26588a6e2a,22129448,2025-03-26 07:01:23.000 UTC,ethereum,0xa0b86991c6218b36c1d19d4a2e9eb0ce3606eb48,blacklist(address),,BLACKLISTER,,,Circle
CU-IMP-0379,ONCHAIN_TX,0x806d3a180229c9eb9ee58d5c1cb173fa9cb45823b61461fa0a73b96f35711bd4,22134989,2025-03-27 01:33:11.000 UTC,ethereum,0xa0b86991c6218b36c1d19d4a2e9eb0ce3606eb48,blacklist(address),,BLACKLISTER,,,Circle
CU-IMP-0380,ONCHAIN_TX,0xeeedb05bb9494fbc7c89ad01e01017dccb9fdb650d9603a5b1894bc166055210,22183251,2025-04-02 19:15:11.000 UTC,ethereum,0xa0b86991c6218b36c1d19d4a2e9eb0ce3606eb48,blacklist(address),,BLACKLISTER,,,Circle
CU-IMP-0381,ONCHAIN_TX,0x7e0ae01bbd26391bbd3100686d685b4e1c5ed5f0e896f704b3e44b08edcacafe,22183252,2025-04-02 19:15:23.000 UTC,ethereum,0xa0b86991c6218b36c1d19d4a2e9eb0ce3606eb48,blacklist(address),,BLACKLISTER,,,Circle
CU-IMP-0382,ONCHAIN_TX,0x7efd340d6441c5cc2a3a8c8d71e9a472fe1c8d151ab7e0e955ccd6fde67b07b2,22183254,2025-04-02 19:15:47.000 UTC,ethereum,0xa0b86991c6218b36c1d19d4a2e9eb0ce3606eb48,blacklist(address),,BLACKLISTER,,,Circle
CU-IMP-0383,ONCHAIN_TX,0x8a872c8fed92f65b1231cd98b39ef2e2984815cbb3dc2a7dc573131d5c65f16e,22183262,2025-04-02 19:17:23.000 UTC,ethereum,0xa0b86991c6218b36c1d19d4a2e9eb0ce3606eb48,blacklist(address),,BLACKLISTER,,,Circle
CU-IMP-0384,ONCHAIN_TX,0xa78d39becb649d1d1f3a1d361597de5132b1dc6d05639bcf6c024f0df5f35917,22183265,2025-04-02 19:17:59.000 UTC,ethereum,0xa0b86991c6218b36c1d19d4a2e9eb0ce3606eb48,blacklist(address),,BLACKLISTER,,,Circle
CU-IMP-0385,ONCHAIN_TX,0xb430c333ec29cad3fde10acb85a2052916d1655c893ccde32e3655b14a3cfacf,22183266,2025-04-02 19:18:11.000 UTC,ethereum,0xa0b86991c6218b36c1d19d4a2e9eb0ce3606eb48,blacklist(address),,BLACKLISTER,,,Circle
CU-IMP-0386,ONCHAIN_TX,0x3ecbb681fd21fec32dfa900dc3b2953d6bdb1ac57d6ea7a528fc70a721b531f3,22183267,2025-04-02 19:18:23.000 UTC,ethereum,0xa0b86991c6218b36c1d19d4a2e9eb0ce3606eb48,blacklist(address),,BLACKLISTER,,,Circle
CU-IMP-0387,ONCHAIN_TX,0xd8726878a3668467b6d72d333b5286cd56d47a069700b864c34c6145fcdde9a1,22183268,2025-04-02 19:18:35.000 UTC,ethereum,0xa0b86991c6218b36c1d19d4a2e9eb0ce3606eb48,blacklist(address),,BLACKLISTER,,,Circle
CU-IMP-0388,ONCHAIN_TX,0x889b4c07ac818aada7874ef780784b8053629619f87e016ca7ccb98dcece5339,22247444,2025-04-11 18:18:47.000 UTC,ethereum,0xa0b86991c6218b36c1d19d4a2e9eb0ce3606eb48,blacklist(address),,BLACKLISTER,,,Circle
CU-IMP-0389,ONCHAIN_TX,0x885260dfe4bb65bc8112aeb3e2cda7e3e99470b449751d32cc5598d1f5139666,22341895,2025-04-24 22:37:23.000 UTC,ethereum,0xa0b86991c6218b36c1d19d4a2e9eb0ce3606eb48,blacklist(address),,BLACKLISTER,,,Circle
CU-IMP-0390,ONCHAIN_TX,0x7548efeffdb3fbf589ac074056d1a92d7e02628fd16d02e0ec9688ad8f4b7490,22341896,2025-04-24 22:37:35.000 UTC,ethereum,0xa0b86991c6218b36c1d19d4a2e9eb0ce3606eb48,blacklist(address),,BLACKLISTER,,,Circle
CU-IMP-0391,ONCHAIN_TX,0x1ca9243e3e2edda4eac851c319f3ed7be56fe899b0a9cf2911e922e1194d24f5,22355376,2025-04-26 19:42:47.000 UTC,ethereum,0xa0b86991c6218b36c1d19d4a2e9eb0ce3606eb48,blacklist(address),,BLACKLISTER,,,Circle
CU-IMP-0392,ONCHAIN_TX,0x0c9c69331027100d579f6aabc18a153db746ed7495c9ae021bc927cad422ab5a,22355386,2025-04-26 19:44:47.000 UTC,ethereum,0xa0b86991c6218b36c1d19d4a2e9eb0ce3606eb48,blacklist(address),,BLACKLISTER,,,Circle
CU-IMP-0393,ONCHAIN_TX,0xa098da8d6bf0679d4e343c0926d77667f0fbf24c82ea534a43b00ec1ffdd2a69,22485044,2025-05-15 00:45:11.000 UTC,ethereum,0xa0b86991c6218b36c1d19d4a2e9eb0ce3606eb48,blacklist(address),,BLACKLISTER,,,Circle
CU-IMP-0394,ONCHAIN_TX,0x820504809ed1b810498c28dc2fc5fbeb1d753bb5b655ebe83d98cd999c96d2d7,22590579,2025-05-29 19:47:11.000 UTC,ethereum,0xa0b86991c6218b36c1d19d4a2e9eb0ce3606eb48,blacklist(address),,BLACKLISTER,,,Circle
CU-IMP-0395,ONCHAIN_TX,0x2b0c513e8d6c1036435f5667791b3e969943a73f1612f3a174ff48def9f717be,22590584,2025-05-29 19:48:11.000 UTC,ethereum,0xa0b86991c6218b36c1d19d4a2e9eb0ce3606eb48,blacklist(address),,BLACKLISTER,,,Circle
CU-IMP-0396,ONCHAIN_TX,0x1155b88d674610bbc81d0e5d7d014a4e904f8ed2b49d2ee06652a28a45a05a07,22592196,2025-05-30 01:12:23.000 UTC,ethereum,0xa0b86991c6218b36c1d19d4a2e9eb0ce3606eb48,blacklist(address),,BLACKLISTER,,,Circle
CU-IMP-0397,ONCHAIN_TX,0x14d09329aa3440498f7647dd2ed7148089146e9c39a7132d420c7028ec6c7443,22592201,2025-05-30 01:13:23.000 UTC,ethereum,0xa0b86991c6218b36c1d19d4a2e9eb0ce3606eb48,blacklist(address),,BLACKLISTER,,,Circle
CU-IMP-0398,ONCHAIN_TX,0x934eb3dae7d4d20b41fd2ab659f962e42878ca8a7eb448401c712f3ec0cfe480,22592205,2025-05-30 01:14:23.000 UTC,ethereum,0xa0b86991c6218b36c1d19d4a2e9eb0ce3606eb48,blacklist(address),,BLACKLISTER,,,Circle
CU-IMP-0399,ONCHAIN_TX,0x4ceb59592cd0d13f034fae2d1da4bfbd9cf74fe2b70947b128f0d2d298ca8886,22592209,2025-05-30 01:15:11.000 UTC,ethereum,0xa0b86991c6218b36c1d19d4a2e9eb0ce3606eb48,blacklist(address),,BLACKLISTER,,,Circle
CU-IMP-0400,ONCHAIN_TX,0x164b80a413f9a11fed256d887d6414862d5b3159ea0362faf313342de915055a,22592213,2025-05-30 01:15:59.000 UTC,ethereum,0xa0b86991c6218b36c1d19d4a2e9eb0ce3606eb48,blacklist(address),,BLACKLISTER,,,Circle
CU-IMP-0401,ONCHAIN_TX,0xb70182b190643dd4058b74d6debf50d404c0a2ab0d09a66985dea2100bd84053,22592217,2025-05-30 01:16:47.000 UTC,ethereum,0xa0b86991c6218b36c1d19d4a2e9eb0ce3606eb48,blacklist(address),,BLACKLISTER,,,Circle
CU-IMP-0402,ONCHAIN_TX,0x60231cd5657ecb205f08481dee35c801d7bf3e4f1a71a346886e4b221cc74243,22613071,2025-06-01 23:16:47.000 UTC,ethereum,0xa0b86991c6218b36c1d19d4a2e9eb0ce3606eb48,blacklist(address),,BLACKLISTER,,,Circle
CU-IMP-0403,ONCHAIN_TX,0x6e3f1ecfa3f4279755cbc6c5ad84315e3f4188ff254536004d9eb1e7d1ead5ca,22613076,2025-06-01 23:17:47.000 UTC,ethereum,0xa0b86991c6218b36c1d19d4a2e9eb0ce3606eb48,blacklist(address),,BLACKLISTER,,,Circle
CU-IMP-0404,ONCHAIN_TX,0x075cf4056b4143ae98fe361887cf954800ebd6b01bef3d50aa6cd122b4171fea,22691403,2025-06-12 22:15:59.000 UTC,ethereum,0xa0b86991c6218b36c1d19d4a2e9eb0ce3606eb48,blacklist(address),,BLACKLISTER,,,Circle
CU-IMP-0405,ONCHAIN_TX,0x902ce469bf8e3ff6397d376d80d6f5caed26693712f638776bf819b295f7559b,22698277,2025-06-13 21:19:23.000 UTC,ethereum,0xa0b86991c6218b36c1d19d4a2e9eb0ce3606eb48,blacklist(address),,BLACKLISTER,,,Circle
CU-IMP-0406,ONCHAIN_TX,0x68174287158630535dd34cd84401c00c10d708e64e06ac6f42259d915b0a92c4,22747241,2025-06-20 17:41:47.000 UTC,ethereum,0xa0b86991c6218b36c1d19d4a2e9eb0ce3606eb48,blacklist(address),,BLACKLISTER,,,Circle
CU-IMP-0407,ONCHAIN_TX,0x5f46572cdedfb11c8dffd22ce42f325b1df072e8031e3fe46b742487694a4930,22784092,2025-06-25 21:19:23.000 UTC,ethereum,0xa0b86991c6218b36c1d19d4a2e9eb0ce3606eb48,blacklist(address),,BLACKLISTER,,,Circle
CU-IMP-0408,ONCHAIN_TX,0xda951dac63c09046dc8de5bb4ed536622748f053291017fd5727896e6daa86b3,22791145,2025-06-26 20:57:23.000 UTC,ethereum,0xa0b86991c6218b36c1d19d4a2e9eb0ce3606eb48,blacklist(address),,BLACKLISTER,,,Circle
CU-IMP-0409,ONCHAIN_TX,0x73fa3a328081a7a343165a4755b6cbea48a091002bc67033dfd12fa9c20f3e66,22798914,2025-06-27 23:00:47.000 UTC,ethereum,0xa0b86991c6218b36c1d19d4a2e9eb0ce3606eb48,blacklist(address),,BLACKLISTER,,,Circle
CU-IMP-0410,ONCHAIN_TX,0x3687f09395ad5d0dfe8b697410ecfb013bba21e203c456c6c557a2ae80bee3e6,22799676,2025-06-28 01:33:47.000 UTC,ethereum,0xa0b86991c6218b36c1d19d4a2e9eb0ce3606eb48,blacklist(address),,BLACKLISTER,,,Circle
CU-IMP-0411,ONCHAIN_TX,0x9be9faeea4c1c7d43c5cc6c4863abec718a8bfd7a163a16c81645a63f2e72558,22818188,2025-06-30 15:39:35.000 UTC,ethereum,0xa0b86991c6218b36c1d19d4a2e9eb0ce3606eb48,blacklist(address),,BLACKLISTER,,,Circle
CU-IMP-0412,ONCHAIN_TX,0x8cf18d8e6c82b2b8c82bcd083bcc1e31dc8e29fbfc2e75ed6ec91142e1fc1088,22818201,2025-06-30 15:42:11.000 UTC,ethereum,0xa0b86991c6218b36c1d19d4a2e9eb0ce3606eb48,unBlacklist(address),,BLACKLISTER,,,Circle
CU-IMP-0413,ONCHAIN_TX,0x99953814f8cf7295f42919f763f4365124e2ec827a4aa544e082ad7a101156df,22818206,2025-06-30 15:43:11.000 UTC,ethereum,0xa0b86991c6218b36c1d19d4a2e9eb0ce3606eb48,unBlacklist(address),,BLACKLISTER,,,Circle
CU-IMP-0414,ONCHAIN_TX,0x18c02580c430337cd762ab538471b80b2b9e143744b46099deb72b791f6f195f,22818211,2025-06-30 15:44:11.000 UTC,ethereum,0xa0b86991c6218b36c1d19d4a2e9eb0ce3606eb48,unBlacklist(address),,BLACKLISTER,,,Circle
CU-IMP-0415,ONCHAIN_TX,0x182ccfe10496c3baeaec5b22935b029ab7a10a3216fa0f8fce9749690c36425c,22818216,2025-06-30 15:45:11.000 UTC,ethereum,0xa0b86991c6218b36c1d19d4a2e9eb0ce3606eb48,unBlacklist(address),,BLACKLISTER,,,Circle
CU-IMP-0416,ONCHAIN_TX,0xc3368eee3b52389e2b7db9d5d1600dc7f216d0a137140d32cdcea76a838010b4,22818222,2025-06-30 15:46:23.000 UTC,ethereum,0xa0b86991c6218b36c1d19d4a2e9eb0ce3606eb48,unBlacklist(address),,BLACKLISTER,,,Circle
CU-IMP-0417,ONCHAIN_TX,0x82341a128bca7d3fb8ad0298bdb18dfb16f959d1ce28779bd8ba23587e4a999d,22818227,2025-06-30 15:47:23.000 UTC,ethereum,0xa0b86991c6218b36c1d19d4a2e9eb0ce3606eb48,unBlacklist(address),,BLACKLISTER,,,Circle
CU-IMP-0418,ONCHAIN_TX,0x9adbb3358f4df8bb644f497a26529aa17b4908b832ba14061e04803bc41faa34,22818231,2025-06-30 15:48:11.000 UTC,ethereum,0xa0b86991c6218b36c1d19d4a2e9eb0ce3606eb48,unBlacklist(address),,BLACKLISTER,,,Circle
CU-IMP-0419,ONCHAIN_TX,0xf725ffbc05a1920167f89f9f2b90552a8c8d86d516b08febad63c10ca5a0a678,22818236,2025-06-30 15:49:11.000 UTC,ethereum,0xa0b86991c6218b36c1d19d4a2e9eb0ce3606eb48,unBlacklist(address),,BLACKLISTER,,,Circle
CU-IMP-0420,ONCHAIN_TX,0xe2b7838f8e0d76117ef3a627b79822a65ee3cb07350e1d7c366b9f08e56095b8,22818240,2025-06-30 15:50:11.000 UTC,ethereum,0xa0b86991c6218b36c1d19d4a2e9eb0ce3606eb48,unBlacklist(address),,BLACKLISTER,,,Circle
CU-IMP-0421,ONCHAIN_TX,0x38dafdec091f8fb2db45d185db71a8274985850522450c5fea8175c0ab6407f1,22818245,2025-06-30 15:51:11.000 UTC,ethereum,0xa0b86991c6218b36c1d19d4a2e9eb0ce3606eb48,unBlacklist(address),,BLACKLISTER,,,Circle
CU-IMP-0422,ONCHAIN_TX,0x4cf8117395a2adfabfd4abb49ff46b09a1ede7b127997f09657c4ae077407a6b,22818250,2025-06-30 15:52:11.000 UTC,ethereum,0xa0b86991c6218b36c1d19d4a2e9eb0ce3606eb48,unBlacklist(address),,BLACKLISTER,,,Circle
CU-IMP-0423,ONCHAIN_TX,0x4e3fad1e524d7fe552df9a9d946e10f0ee30fcb11ad49142d3eeab8ab63cf00a,22818255,2025-06-30 15:53:11.000 UTC,ethereum,0xa0b86991c6218b36c1d19d4a2e9eb0ce3606eb48,unBlacklist(address),,BLACKLISTER,,,Circle
CU-IMP-0424,ONCHAIN_TX,0x16de5a282df46c9021fadf8004bae01121c619a90d2fcfe32833979e9aca3bc9,22818260,2025-06-30 15:54:11.000 UTC,ethereum,0xa0b86991c6218b36c1d19d4a2e9eb0ce3606eb48,unBlacklist(address),,BLACKLISTER,,,Circle
CU-IMP-0425,ONCHAIN_TX,0x67c88f91d3ec9b60396d6a3ef733d721766ce618873a102fc0f7b62d4e1327d7,22818265,2025-06-30 15:55:11.000 UTC,ethereum,0xa0b86991c6218b36c1d19d4a2e9eb0ce3606eb48,unBlacklist(address),,BLACKLISTER,,,Circle
CU-IMP-0426,ONCHAIN_TX,0x4c073cdb8a567e755e003091681ed4d31eeb0e501f2cbb3ec807fb195c2152b9,22818270,2025-06-30 15:56:11.000 UTC,ethereum,0xa0b86991c6218b36c1d19d4a2e9eb0ce3606eb48,unBlacklist(address),,BLACKLISTER,,,Circle
CU-IMP-0427,ONCHAIN_TX,0xc5bbcdd2c47be8ca39d841089486e205f063bf047ff913f897b282ca448c5b20,22818275,2025-06-30 15:57:11.000 UTC,ethereum,0xa0b86991c6218b36c1d19d4a2e9eb0ce3606eb48,unBlacklist(address),,BLACKLISTER,,,Circle
CU-IMP-0428,ONCHAIN_TX,0xe644c837e785b58b09a1b474c5138dc70f0dd706eca18d78ce3da3e3b18551d5,22818280,2025-06-30 15:58:11.000 UTC,ethereum,0xa0b86991c6218b36c1d19d4a2e9eb0ce3606eb48,unBlacklist(address),,BLACKLISTER,,,Circle
CU-IMP-0429,ONCHAIN_TX,0x21fca3ffb481a88091b29dfa2dd96a37a7045381b965ff10034fa08d32995a78,22818285,2025-06-30 15:59:11.000 UTC,ethereum,0xa0b86991c6218b36c1d19d4a2e9eb0ce3606eb48,unBlacklist(address),,BLACKLISTER,,,Circle
CU-IMP-0430,ONCHAIN_TX,0xd8668a925559078b30e1589044fb3efeda838da951d776e1fbd61df5b13aec78,22818290,2025-06-30 16:00:11.000 UTC,ethereum,0xa0b86991c6218b36c1d19d4a2e9eb0ce3606eb48,unBlacklist(address),,BLACKLISTER,,,Circle
CU-IMP-0431,ONCHAIN_TX,0xcb108ace453bbd279998bb383d8271fb90681b39af94b85a23e0e90b8c2d1172,22818295,2025-06-30 16:01:11.000 UTC,ethereum,0xa0b86991c6218b36c1d19d4a2e9eb0ce3606eb48,unBlacklist(address),,BLACKLISTER,,,Circle
CU-IMP-0432,ONCHAIN_TX,0x50cd592b8d05a7af6306faa56446910267ff2bec26efafd0cad57a851552ebc7,22818300,2025-06-30 16:02:11.000 UTC,ethereum,0xa0b86991c6218b36c1d19d4a2e9eb0ce3606eb48,unBlacklist(address),,BLACKLISTER,,,Circle
CU-IMP-0433,ONCHAIN_TX,0x52be7790ab07916a02fc57af93d03bf7e6c7de4e402662f153d251fbbbde5c6c,22818305,2025-06-30 16:03:11.000 UTC,ethereum,0xa0b86991c6218b36c1d19d4a2e9eb0ce3606eb48,unBlacklist(address),,BLACKLISTER,,,Circle
CU-IMP-0434,ONCHAIN_TX,0x9c9f5fe1f64278cedca5121b3a98583eaaa8a0a68304657adde4f63ea9c185ea,22818311,2025-06-30 16:04:23.000 UTC,ethereum,0xa0b86991c6218b36c1d19d4a2e9eb0ce3606eb48,unBlacklist(address),,BLACKLISTER,,,Circle
CU-IMP-0435,ONCHAIN_TX,0x54c7d2ba98c51ad3ea03ce698d5000f4426683c29b57fba3b3e15ff3849bcd33,22818315,2025-06-30 16:05:11.000 UTC,ethereum,0xa0b86991c6218b36c1d19d4a2e9eb0ce3606eb48,unBlacklist(address),,BLACKLISTER,,,Circle
CU-IMP-0436,ONCHAIN_TX,0x420f4f4c414c2b4426a0edb19deb53fea9bacf5f2d618a6c5cf4253815317240,22818320,2025-06-30 16:06:11.000 UTC,ethereum,0xa0b86991c6218b36c1d19d4a2e9eb0ce3606eb48,unBlacklist(address),,BLACKLISTER,,,Circle
CU-IMP-0437,ONCHAIN_TX,0x9683516f8d6c484d1d39ace553afcb2e99d0e309fb23917b4e8e3d1c10451268,22818325,2025-06-30 16:07:11.000 UTC,ethereum,0xa0b86991c6218b36c1d19d4a2e9eb0ce3606eb48,unBlacklist(address),,BLACKLISTER,,,Circle
CU-IMP-0438,ONCHAIN_TX,0x3c3e787c78f264461a2ffd5941a6332cf00e4be03e02c68e9681cdfbadc5a404,22818330,2025-06-30 16:08:11.000 UTC,ethereum,0xa0b86991c6218b36c1d19d4a2e9eb0ce3606eb48,unBlacklist(address),,BLACKLISTER,,,Circle
CU-IMP-0439,ONCHAIN_TX,0x976af5ef7d02355aa1816cfa45d8f580629cc08446b958853cd4938901a79b3b,22818336,2025-06-30 16:09:23.000 UTC,ethereum,0xa0b86991c6218b36c1d19d4a2e9eb0ce3606eb48,unBlacklist(address),,BLACKLISTER,,,Circle
CU-IMP-0440,ONCHAIN_TX,0xa8e168efce9b8e8f1ce551ae3d76ccaeb728b413229e229381c257aae2e4def5,22818340,2025-06-30 16:10:11.000 UTC,ethereum,0xa0b86991c6218b36c1d19d4a2e9eb0ce3606eb48,unBlacklist(address),,BLACKLISTER,,,Circle
CU-IMP-0441,ONCHAIN_TX,0x11cfdb4daf61a73c65bf931758e93a9ad1fe29309d1b09478101052410c16aa2,22818345,2025-06-30 16:11:11.000 UTC,ethereum,0xa0b86991c6218b36c1d19d4a2e9eb0ce3606eb48,unBlacklist(address),,BLACKLISTER,,,Circle
CU-IMP-0442,ONCHAIN_TX,0x29cf6934dc6bde7e58cb3cb3dc052bbe9e91d11b76f3bc9efde67edbc1b44298,22818350,2025-06-30 16:12:11.000 UTC,ethereum,0xa0b86991c6218b36c1d19d4a2e9eb0ce3606eb48,unBlacklist(address),,BLACKLISTER,,,Circle
CU-IMP-0443,ONCHAIN_TX,0x5329e45f2aba4af86b448f4d6cbd9997c7645ced84ef93cfc551de401f6e4312,22825412,2025-07-01 15:54:11.000 UTC,ethereum,0xa0b86991c6218b36c1d19d4a2e9eb0ce3606eb48,blacklist(address),,BLACKLISTER,,,Circle
CU-IMP-0444,ONCHAIN_TX,0xc2a9789b7790ab86bd556e6bb166dae7f412f229f7c6e3baf280226c21a97cda,22839464,2025-07-03 15:02:59.000 UTC,ethereum,0xa0b86991c6218b36c1d19d4a2e9eb0ce3606eb48,blacklist(address),,BLACKLISTER,,,Circle
CU-IMP-0445,ONCHAIN_TX,0xe09b7b96680a4c4913065b198ba58a9f93293119fd65c81abd564895dd63cf53,22882848,2025-07-09 16:33:59.000 UTC,ethereum,0xa0b86991c6218b36c1d19d4a2e9eb0ce3606eb48,blacklist(address),,BLACKLISTER,,,Circle
CU-IMP-0446,ONCHAIN_TX,0x522023898fef21ccd0568d02b1ea21477e0d6a879bfcbb11530678b20f960550,22882853,2025-07-09 16:34:59.000 UTC,ethereum,0xa0b86991c6218b36c1d19d4a2e9eb0ce3606eb48,blacklist(address),,BLACKLISTER,,,Circle
CU-IMP-0447,ONCHAIN_TX,0x6ef4f214159debe40aa571fd83d52aa65be8bc9125e572e1ce9707361497d3a8,22949095,2025-07-18 22:31:35.000 UTC,ethereum,0xa0b86991c6218b36c1d19d4a2e9eb0ce3606eb48,blacklist(address),,BLACKLISTER,,,Circle
CU-IMP-0448,ONCHAIN_TX,0x7b4bebbe899939d9e17e52eb874ec141a8e7e6bd84faf7b8e8227e2c03c8410f,22949100,2025-07-18 22:32:35.000 UTC,ethereum,0xa0b86991c6218b36c1d19d4a2e9eb0ce3606eb48,blacklist(address),,BLACKLISTER,,,Circle
CU-IMP-0449,ONCHAIN_TX,0x02a77640b32035de42d6ec183ceee8c6b28f67e2b466cf4c4affed8f54d472bd,22949104,2025-07-18 22:33:23.000 UTC,ethereum,0xa0b86991c6218b36c1d19d4a2e9eb0ce3606eb48,blacklist(address),,BLACKLISTER,,,Circle
CU-IMP-0450,ONCHAIN_TX,0xf999af0b0d49c0a973e8c12488ed65fce4953d52d36ff545ea7c707c2461b697,23041620,2025-07-31 20:59:59.000 UTC,ethereum,0xa0b86991c6218b36c1d19d4a2e9eb0ce3606eb48,blacklist(address),,BLACKLISTER,,,Circle
CU-IMP-0451,ONCHAIN_TX,0x8fefeaeede5e8e3dbdb0de901b8e48c1ea8d0f9b62c96629883557f5b6fa04f3,23041625,2025-07-31 21:00:59.000 UTC,ethereum,0xa0b86991c6218b36c1d19d4a2e9eb0ce3606eb48,blacklist(address),,BLACKLISTER,,,Circle
CU-IMP-0452,ONCHAIN_TX,0x4b076e61dd0ca8392931ec760b5b59ee8c9cbd8ec2c4df276d6ac446ffd59d8a,23041630,2025-07-31 21:01:59.000 UTC,ethereum,0xa0b86991c6218b36c1d19d4a2e9eb0ce3606eb48,blacklist(address),,BLACKLISTER,,,Circle
CU-IMP-0453,ONCHAIN_TX,0x6b249e3a13bce9be578a83238589e97b163c90a68cbd01f12c89b401e34f6441,23041635,2025-07-31 21:02:59.000 UTC,ethereum,0xa0b86991c6218b36c1d19d4a2e9eb0ce3606eb48,blacklist(address),,BLACKLISTER,,,Circle
CU-IMP-0454,ONCHAIN_TX,0xeb1ef510345240a7dcfb06c755432d90385ed58d2e2f4c0bd8c92076b809b42a,23083401,2025-08-06 17:04:11.000 UTC,ethereum,0xa0b86991c6218b36c1d19d4a2e9eb0ce3606eb48,blacklist(address),,BLACKLISTER,,,Circle
CU-IMP-0455,ONCHAIN_TX,0x37d5f7c1d708f05ebca833d26e638bf245e3f83b17a786e7c44d649a970dd5d4,23083406,2025-08-06 17:05:11.000 UTC,ethereum,0xa0b86991c6218b36c1d19d4a2e9eb0ce3606eb48,blacklist(address),,BLACKLISTER,,,Circle
CU-IMP-0456,ONCHAIN_TX,0x631f9cc1c72eeaf2984341e856416cf89c8e0187f76542cb815ba97bcfb28b39,23084326,2025-08-06 20:11:11.000 UTC,ethereum,0xa0b86991c6218b36c1d19d4a2e9eb0ce3606eb48,blacklist(address),,BLACKLISTER,,,Circle
CU-IMP-0457,ONCHAIN_TX,0x0b4cc18152affbac2e07648209390fd01a594a0af8faf810e8950c16f779d6af,23090077,2025-08-07 15:28:35.000 UTC,ethereum,0xa0b86991c6218b36c1d19d4a2e9eb0ce3606eb48,blacklist(address),,BLACKLISTER,,,Circle
CU-IMP-0458,ONCHAIN_TX,0xd6953724e154e9370c9a6602d24c82e982ea821b5c11e08b3aed948247a9aac3,23140555,2025-08-14 16:45:11.000 UTC,ethereum,0xa0b86991c6218b36c1d19d4a2e9eb0ce3606eb48,blacklist(address),,BLACKLISTER,,,Circle
CU-IMP-0459,ONCHAIN_TX,0xf3691ba450e5b2c846f4df086dd433dc72e6a0da8327637e59a00c7484627728,23140559,2025-08-14 16:45:59.000 UTC,ethereum,0xa0b86991c6218b36c1d19d4a2e9eb0ce3606eb48,blacklist(address),,BLACKLISTER,,,Circle
CU-IMP-0460,ONCHAIN_TX,0xa453f29f32c9c78d0518fd0a70326aa61d731fa708ad707b3ff4cd30b6cfc202,23140560,2025-08-14 16:46:11.000 UTC,ethereum,0xa0b86991c6218b36c1d19d4a2e9eb0ce3606eb48,blacklist(address),,BLACKLISTER,,,Circle
CU-IMP-0461,ONCHAIN_TX,0x46563bbafc80b9066dab58166adf9e75248603e703ab3d4ef7ca865717789068,23140565,2025-08-14 16:47:11.000 UTC,ethereum,0xa0b86991c6218b36c1d19d4a2e9eb0ce3606eb48,blacklist(address),,BLACKLISTER,,,Circle
CU-IMP-0462,ONCHAIN_TX,0x7fd452ec4d53bbffae536e0d1459f49e76cf045e4e201a354ac6d624fb6bef58,23140569,2025-08-14 16:48:11.000 UTC,ethereum,0xa0b86991c6218b36c1d19d4a2e9eb0ce3606eb48,blacklist(address),,BLACKLISTER,,,Circle
CU-IMP-0463,ONCHAIN_TX,0x2fd474758b179c01485a788de3ee8eb4bb53653458c448c6ff641395dc8bbdc0,23140574,2025-08-14 16:49:11.000 UTC,ethereum,0xa0b86991c6218b36c1d19d4a2e9eb0ce3606eb48,blacklist(address),,BLACKLISTER,,,Circle
CU-IMP-0464,ONCHAIN_TX,0xb882ea20a4b8c757f750304b19de6f9966ae39d41c885d022b186771bb2f4b83,23140579,2025-08-14 16:50:11.000 UTC,ethereum,0xa0b86991c6218b36c1d19d4a2e9eb0ce3606eb48,blacklist(address),,BLACKLISTER,,,Circle
CU-IMP-0465,ONCHAIN_TX,0x23d5c3aee9c3170b5b7d6cd8276ab56a35ee140a5a685a7c4cada67d23cb2cb7,23140584,2025-08-14 16:51:11.000 UTC,ethereum,0xa0b86991c6218b36c1d19d4a2e9eb0ce3606eb48,blacklist(address),,BLACKLISTER,,,Circle
CU-IMP-0466,ONCHAIN_TX,0x6d0ccf9178b2f7b4015fe6fa0963945ba7928dd4736f8cded7165f2f9c207dad,23140589,2025-08-14 16:52:11.000 UTC,ethereum,0xa0b86991c6218b36c1d19d4a2e9eb0ce3606eb48,blacklist(address),,BLACKLISTER,,,Circle
CU-IMP-0467,ONCHAIN_TX,0xc8eb9aed12bd8346b9fff11280b9663fb0460abf59c0c8e4b7ba26a958e0aaf0,23140594,2025-08-14 16:53:11.000 UTC,ethereum,0xa0b86991c6218b36c1d19d4a2e9eb0ce3606eb48,blacklist(address),,BLACKLISTER,,,Circle
CU-IMP-0468,ONCHAIN_TX,0x878700ce7193e0ad254bbdca6de51e97461082c01da3a4603802f71c97590155,23140599,2025-08-14 16:54:11.000 UTC,ethereum,0xa0b86991c6218b36c1d19d4a2e9eb0ce3606eb48,blacklist(address),,BLACKLISTER,,,Circle
CU-IMP-0469,ONCHAIN_TX,0xa4f9199420da04aef2fca62baf71289fbcc2ce197031fdf1e9fc4d2757b392c9,23140604,2025-08-14 16:55:11.000 UTC,ethereum,0xa0b86991c6218b36c1d19d4a2e9eb0ce3606eb48,blacklist(address),,BLACKLISTER,,,Circle
CU-IMP-0470,ONCHAIN_TX,0xe5123d72b1768c777aa56520b67c3461fd39472e09a8fefe8138dbf6330d42ab,23140609,2025-08-14 16:56:11.000 UTC,ethereum,0xa0b86991c6218b36c1d19d4a2e9eb0ce3606eb48,blacklist(address),,BLACKLISTER,,,Circle
CU-IMP-0471,ONCHAIN_TX,0x7f1cbae39751d52d48e4ec6840a64b78e0e5e21ebeb9c3e15ef23eeb7a46549c,23140614,2025-08-14 16:57:11.000 UTC,ethereum,0xa0b86991c6218b36c1d19d4a2e9eb0ce3606eb48,blacklist(address),,BLACKLISTER,,,Circle
CU-IMP-0472,ONCHAIN_TX,0x967e9f4a3ae7b123e3ac6ecea86a1e4e60db7570da642969c27fc1be64049884,23140619,2025-08-14 16:58:11.000 UTC,ethereum,0xa0b86991c6218b36c1d19d4a2e9eb0ce3606eb48,blacklist(address),,BLACKLISTER,,,Circle
CU-IMP-0473,ONCHAIN_TX,0x811e034c948f7dd1bb6861c70d6aa7863fd3ebb87c4b0eeb597860d6ba7245ea,23140624,2025-08-14 16:59:11.000 UTC,ethereum,0xa0b86991c6218b36c1d19d4a2e9eb0ce3606eb48,blacklist(address),,BLACKLISTER,,,Circle
CU-IMP-0474,ONCHAIN_TX,0xa30af067eca20fbe8d5b7970ac253312fd4f7aabb4ba482f74c69fb770798412,23140629,2025-08-14 17:00:11.000 UTC,ethereum,0xa0b86991c6218b36c1d19d4a2e9eb0ce3606eb48,blacklist(address),,BLACKLISTER,,,Circle
CU-IMP-0475,ONCHAIN_TX,0xbfe1e0acb38444c4d3e76fddd34e963e9280c13dcb832522e0d8f5080b511873,23140634,2025-08-14 17:01:11.000 UTC,ethereum,0xa0b86991c6218b36c1d19d4a2e9eb0ce3606eb48,blacklist(address),,BLACKLISTER,,,Circle
CU-IMP-0476,ONCHAIN_TX,0xc9267b01dd4e6e9428f4c1cb7b4dece5dea34a3ca04c5b5391bc590fb11193a5,23140639,2025-08-14 17:02:11.000 UTC,ethereum,0xa0b86991c6218b36c1d19d4a2e9eb0ce3606eb48,blacklist(address),,BLACKLISTER,,,Circle
CU-IMP-0477,ONCHAIN_TX,0x36a4212333c36924fc57281178083f1f04689ffcd9aca2bf80b21ce3861b83bd,23140644,2025-08-14 17:03:11.000 UTC,ethereum,0xa0b86991c6218b36c1d19d4a2e9eb0ce3606eb48,blacklist(address),,BLACKLISTER,,,Circle
CU-IMP-0478,ONCHAIN_TX,0x688260632f61b670f8147934635d9af4db6a9c1b1b282e23e93a936682fa2357,23140649,2025-08-14 17:04:11.000 UTC,ethereum,0xa0b86991c6218b36c1d19d4a2e9eb0ce3606eb48,blacklist(address),,BLACKLISTER,,,Circle
CU-IMP-0479,ONCHAIN_TX,0x7897655cf677ea963946a442c13bb2cc389eeb85c607025b68a882868a0e177e,23183668,2025-08-20 17:05:23.000 UTC,ethereum,0xa0b86991c6218b36c1d19d4a2e9eb0ce3606eb48,blacklist(address),,BLACKLISTER,,,Circle
CU-IMP-0480,ONCHAIN_TX,0xd64389c1b1151a2b8723fe861e08f8f36e84619e56365d8d2e6f3e351a814571,23376678,2025-09-16 15:58:47.000 UTC,ethereum,0xa0b86991c6218b36c1d19d4a2e9eb0ce3606eb48,blacklist(address),,BLACKLISTER,,,Circle
CU-IMP-0481,ONCHAIN_TX,0x9d86178dfad5dc266c9923b8266f53d41dfbdf4cdf255e566ef4b408b80a3336,23376682,2025-09-16 15:59:35.000 UTC,ethereum,0xa0b86991c6218b36c1d19d4a2e9eb0ce3606eb48,blacklist(address),,BLACKLISTER,,,Circle
CU-IMP-0482,ONCHAIN_TX,0x802f30175b2788fcd8337791b7a42915b82da5252a73a98545440131ac4111a2,23376684,2025-09-16 15:59:59.000 UTC,ethereum,0xa0b86991c6218b36c1d19d4a2e9eb0ce3606eb48,blacklist(address),,BLACKLISTER,,,Circle
CU-IMP-0483,ONCHAIN_TX,0x5a12df41e09f736b551d8098974cbbd25ac56fd1a8598c57de4f540988df5244,23376691,2025-09-16 16:01:23.000 UTC,ethereum,0xa0b86991c6218b36c1d19d4a2e9eb0ce3606eb48,blacklist(address),,BLACKLISTER,,,Circle
CU-IMP-0484,ONCHAIN_TX,0xb1107d038aa4d53fb750352629f8f96dc4a74b96705869c59c3a5d882018f6ff,23376709,2025-09-16 16:04:59.000 UTC,ethereum,0xa0b86991c6218b36c1d19d4a2e9eb0ce3606eb48,blacklist(address),,BLACKLISTER,,,Circle
CU-IMP-0485,ONCHAIN_TX,0x32f1e71226fbc87816107bcf02a548c6d9910f37110857229af3c8a6f5971725,23376714,2025-09-16 16:05:59.000 UTC,ethereum,0xa0b86991c6218b36c1d19d4a2e9eb0ce3606eb48,blacklist(address),,BLACKLISTER,,,Circle
CU-IMP-0486,ONCHAIN_TX,0x0df0765cf98d299f1a9585ac368904c1240671e306813080abb99a8552b57412,23376718,2025-09-16 16:06:47.000 UTC,ethereum,0xa0b86991c6218b36c1d19d4a2e9eb0ce3606eb48,blacklist(address),,BLACKLISTER,,,Circle
CU-IMP-0487,ONCHAIN_TX,0x0481b02e998003892e6feff8c724eeda9fb9bef751ccbdb90c9a5ffd1c4b35a5,23401656,2025-09-20 03:39:59.000 UTC,ethereum,0xa0b86991c6218b36c1d19d4a2e9eb0ce3606eb48,blacklist(address),,BLACKLISTER,,,Circle
CU-IMP-0488,ONCHAIN_TX,0x741d7389ef7e1c1ea201b53d53f7294d5c9291d275e1ab57b46f7dbf2805e4ab,23434109,2025-09-24 16:32:23.000 UTC,ethereum,0xa0b86991c6218b36c1d19d4a2e9eb0ce3606eb48,blacklist(address),,BLACKLISTER,,,Circle
CU-IMP-0489,ONCHAIN_TX,0x9e0c4c8f3207b960966eaa9b1ca4667fab3ade99ff0b694d95b05a19c76c6bbb,23434114,2025-09-24 16:33:23.000 UTC,ethereum,0xa0b86991c6218b36c1d19d4a2e9eb0ce3606eb48,blacklist(address),,BLACKLISTER,,,Circle
CU-IMP-0490,ONCHAIN_TX,0xee115e1ef0b3ce507aa7f119d711c0a0fecd2e241ec1fbc8328b1723b3ab56de,23451712,2025-09-27 03:38:35.000 UTC,ethereum,0xa0b86991c6218b36c1d19d4a2e9eb0ce3606eb48,blacklist(address),,BLACKLISTER,,,Circle
CU-IMP-0491,ONCHAIN_TX,0xc052d38a35ad97a9e150bc16b6097b17f8fccd74f49e371c787dcaaae3b10387,23547425,2025-10-10 12:46:47.000 UTC,ethereum,0xa0b86991c6218b36c1d19d4a2e9eb0ce3606eb48,blacklist(address),,BLACKLISTER,,,Circle
CU-IMP-0492,ONCHAIN_TX,0xf3f6a3b70c1f95c323b851a70a745700b52359c11fa2173ac03f5f2a7cfa9776,23547429,2025-10-10 12:47:35.000 UTC,ethereum,0xa0b86991c6218b36c1d19d4a2e9eb0ce3606eb48,blacklist(address),,BLACKLISTER,,,Circle
CU-IMP-0493,ONCHAIN_TX,0x738f1700e17abeeca0343d01e41b70fd6f1bb741d61fedf9007f0f1e259c8ed8,23547430,2025-10-10 12:47:47.000 UTC,ethereum,0xa0b86991c6218b36c1d19d4a2e9eb0ce3606eb48,blacklist(address),,BLACKLISTER,,,Circle
CU-IMP-0494,ONCHAIN_TX,0x978daca7a758023d5fb1f6921f6055d246ad246fdc2af1271874c5180188ee0e,23547435,2025-10-10 12:48:47.000 UTC,ethereum,0xa0b86991c6218b36c1d19d4a2e9eb0ce3606eb48,blacklist(address),,BLACKLISTER,,,Circle
CU-IMP-0495,ONCHAIN_TX,0x8c143a242afbb612dfd9b71ca1f26fc76bac4d55f31b0be77dd83c84a630bb70,23547440,2025-10-10 12:49:47.000 UTC,ethereum,0xa0b86991c6218b36c1d19d4a2e9eb0ce3606eb48,blacklist(address),,BLACKLISTER,,,Circle
CU-IMP-0496,ONCHAIN_TX,0x549bc106d5725b1ad787b4a27787fe5c1360451538c40d7357b1a06b41c208db,23547444,2025-10-10 12:50:35.000 UTC,ethereum,0xa0b86991c6218b36c1d19d4a2e9eb0ce3606eb48,blacklist(address),,BLACKLISTER,,,Circle
CU-IMP-0497,ONCHAIN_TX,0xcbcc2eebbc112d6bb017e6dcc1571015f47f8c7f4390f004a43d33b888c3bd38,23572575,2025-10-14 01:10:23.000 UTC,ethereum,0xa0b86991c6218b36c1d19d4a2e9eb0ce3606eb48,blacklist(address),,BLACKLISTER,,,Circle
CU-IMP-0498,ONCHAIN_TX,0xb5a209d0fb511b64b76be1d33b6275145573a27eca915150a4e8a70115602e7e,23572580,2025-10-14 01:11:23.000 UTC,ethereum,0xa0b86991c6218b36c1d19d4a2e9eb0ce3606eb48,blacklist(address),,BLACKLISTER,,,Circle
CU-IMP-0499,ONCHAIN_TX,0x0e6751b4acedad435bd691a268bdc6a61f7b40fa065032a374675c8c87edadf9,23572585,2025-10-14 01:12:23.000 UTC,ethereum,0xa0b86991c6218b36c1d19d4a2e9eb0ce3606eb48,blacklist(address),,BLACKLISTER,,,Circle
CU-IMP-0500,ONCHAIN_TX,0xdfe47620a4d0a0aa8e17e111492490c18eea2b64dcd8648788165177282ff2fd,23572590,2025-10-14 01:13:23.000 UTC,ethereum,0xa0b86991c6218b36c1d19d4a2e9eb0ce3606eb48,blacklist(address),,BLACKLISTER,,,Circle
CU-IMP-0501,ONCHAIN_TX,0x8b2bcd84f721dd313b5e1473ec0d972f4dfa553e8f919f03bfb25f0aee321cc3,23578030,2025-10-14 19:29:35.000 UTC,ethereum,0xa0b86991c6218b36c1d19d4a2e9eb0ce3606eb48,blacklist(address),,BLACKLISTER,,,Circle
CU-IMP-0502,ONCHAIN_TX,0x3bcc7e5b888e9ec104eb6d354ffb3dfe47668ef7b8a14a960e9496a665fe12ce,23578033,2025-10-14 19:30:11.000 UTC,ethereum,0xa0b86991c6218b36c1d19d4a2e9eb0ce3606eb48,blacklist(address),,BLACKLISTER,,,Circle
CU-IMP-0503,ONCHAIN_TX,0x0d8ae2c9ec1466ede540e4ba5ddc179589a3d239fef4f071355923772129ba39,23578040,2025-10-14 19:31:35.000 UTC,ethereum,0xa0b86991c6218b36c1d19d4a2e9eb0ce3606eb48,blacklist(address),,BLACKLISTER,,,Circle
CU-IMP-0504,ONCHAIN_TX,0x3b50821dc05332182a45b1b8a2b0602d25b38bf698b06a0882033c89215c6286,23578043,2025-10-14 19:32:11.000 UTC,ethereum,0xa0b86991c6218b36c1d19d4a2e9eb0ce3606eb48,blacklist(address),,BLACKLISTER,,,Circle
CU-IMP-0505,ONCHAIN_TX,0x0ef033f709c4bad5a8471e0f9620f60bf510f0dbce9860b49c4638e30171d560,23600382,2025-10-17 22:31:47.000 UTC,ethereum,0xa0b86991c6218b36c1d19d4a2e9eb0ce3606eb48,unBlacklist(address),,BLACKLISTER,,,Circle
CU-IMP-0506,ONCHAIN_TX,0x58d8ad34199ce8f4cfd7b1d89debbf5d740c22d91ef7054afbc75356a8dfda67,23600387,2025-10-17 22:32:47.000 UTC,ethereum,0xa0b86991c6218b36c1d19d4a2e9eb0ce3606eb48,unBlacklist(address),,BLACKLISTER,,,Circle
CU-IMP-0507,ONCHAIN_TX,0xe192a586fb1a16c824d6bc8339e152a5bd471729dce9a5befdfa92fda0b13025,23600392,2025-10-17 22:33:47.000 UTC,ethereum,0xa0b86991c6218b36c1d19d4a2e9eb0ce3606eb48,unBlacklist(address),,BLACKLISTER,,,Circle
CU-IMP-0508,ONCHAIN_TX,0x2313ed6fd5f567c5705a4382c066be20a017b2665da43d2b17f1b7e5478cc13b,23600397,2025-10-17 22:34:47.000 UTC,ethereum,0xa0b86991c6218b36c1d19d4a2e9eb0ce3606eb48,unBlacklist(address),,BLACKLISTER,,,Circle
CU-IMP-0509,ONCHAIN_TX,0xf3c4409f3807630eb0322ef2cc40f823cfa9d5933b70381894a400710b9e3415,23623104,2025-10-21 02:54:23.000 UTC,ethereum,0xa0b86991c6218b36c1d19d4a2e9eb0ce3606eb48,blacklist(address),,BLACKLISTER,,,Circle
CU-IMP-0510,ONCHAIN_TX,0xbc8674e0ca264088cda5ff6c2b67bc846fe42aeb60e13cbf4dcfd1b7a4d32c16,23623109,2025-10-21 02:55:23.000 UTC,ethereum,0xa0b86991c6218b36c1d19d4a2e9eb0ce3606eb48,blacklist(address),,BLACKLISTER,,,Circle
CU-IMP-0511,ONCHAIN_TX,0xb815d1950ec04caa2f82f9014c3f084e0ccd7922d8998e3b1ba07deb430342f5,23623114,2025-10-21 02:56:23.000 UTC,ethereum,0xa0b86991c6218b36c1d19d4a2e9eb0ce3606eb48,blacklist(address),,BLACKLISTER,,,Circle
CU-IMP-0512,ONCHAIN_TX,0x48b1b30e7c279f3d997679b16691acc997e679b14bb702a0caea145d703b6369,23623119,2025-10-21 02:57:23.000 UTC,ethereum,0xa0b86991c6218b36c1d19d4a2e9eb0ce3606eb48,blacklist(address),,BLACKLISTER,,,Circle
CU-IMP-0513,ONCHAIN_TX,0x39db3efbafcfa294a7efe64df88abb9a5f2bdb800569080843453aad7aa9747a,23623124,2025-10-21 02:58:23.000 UTC,ethereum,0xa0b86991c6218b36c1d19d4a2e9eb0ce3606eb48,blacklist(address),,BLACKLISTER,,,Circle
CU-IMP-0514,ONCHAIN_TX,0xb65a973690c9c44fb9f64f260b577024969ef701cbf210b39c5bdc9825ec7f72,23649778,2025-10-24 20:42:23.000 UTC,ethereum,0xa0b86991c6218b36c1d19d4a2e9eb0ce3606eb48,blacklist(address),,BLACKLISTER,,,Circle
CU-IMP-0515,ONCHAIN_TX,0xa17fbee45ed49827f60e0312e057f9fb14df10eaf864b7c098b820997d86a5f2,23685269,2025-10-29 19:54:59.000 UTC,ethereum,0xa0b86991c6218b36c1d19d4a2e9eb0ce3606eb48,blacklist(address),,BLACKLISTER,,,Circle
CU-IMP-0516,ONCHAIN_TX,0xcb1c66028f30f481ef3371ccda24b372b26796192a8a705e2b4b1ec798c960f3,23685730,2025-10-29 21:27:59.000 UTC,ethereum,0xa0b86991c6218b36c1d19d4a2e9eb0ce3606eb48,blacklist(address),,BLACKLISTER,,,Circle
CU-IMP-0517,ONCHAIN_TX,0x2a892f2b6963cc5703409a3e8a55833eebd23ce42ad3db8ae4dd032f3795ee07,23700819,2025-11-01 00:10:35.000 UTC,ethereum,0xa0b86991c6218b36c1d19d4a2e9eb0ce3606eb48,blacklist(address),,BLACKLISTER,,,Circle
CU-IMP-0518,ONCHAIN_TX,0x0605d932bbd575cfba37fd6ea8fe937dc09bc56866eaf5297cef29f32753584b,23727407,2025-11-04 17:20:59.000 UTC,ethereum,0xa0b86991c6218b36c1d19d4a2e9eb0ce3606eb48,blacklist(address),,BLACKLISTER,,,Circle
CU-IMP-0519,ONCHAIN_TX,0x785fa2873e2059737a355a7311a9c812e1aca12c036032f68e1a3c5230ad736b,23727412,2025-11-04 17:21:59.000 UTC,ethereum,0xa0b86991c6218b36c1d19d4a2e9eb0ce3606eb48,blacklist(address),,BLACKLISTER,,,Circle
CU-IMP-0520,ONCHAIN_TX,0x816feeea90d0cef912b6c78113ffd83189adbb2d45078562ce43b83ed5dc5218,23727422,2025-11-04 17:23:59.000 UTC,ethereum,0xa0b86991c6218b36c1d19d4a2e9eb0ce3606eb48,blacklist(address),,BLACKLISTER,,,Circle
CU-IMP-0521,ONCHAIN_TX,0xed1497ad5706bd0f9a33f95952811858c308e8f3bcae12b37dbb3898d9b764de,23727424,2025-11-04 17:24:23.000 UTC,ethereum,0xa0b86991c6218b36c1d19d4a2e9eb0ce3606eb48,blacklist(address),,BLACKLISTER,,,Circle
CU-IMP-0522,ONCHAIN_TX,0x0c60d3673686527637816045c8c3de8982261f65f32ecfa80f771bbbfda13fbc,23727426,2025-11-04 17:24:47.000 UTC,ethereum,0xa0b86991c6218b36c1d19d4a2e9eb0ce3606eb48,blacklist(address),,BLACKLISTER,,,Circle
CU-IMP-0523,ONCHAIN_TX,0xd3910ea5ce5a6db773d3ceee472a37a6592a64f88f5294abe0f2d5e334f6971a,23727428,2025-11-04 17:25:11.000 UTC,ethereum,0xa0b86991c6218b36c1d19d4a2e9eb0ce3606eb48,blacklist(address),,BLACKLISTER,,,Circle
CU-IMP-0524,ONCHAIN_TX,0xf010cf54a4258efc8945f64dc258417466d1c5ab5a956c477ee335d89e4fdd33,23727431,2025-11-04 17:25:47.000 UTC,ethereum,0xa0b86991c6218b36c1d19d4a2e9eb0ce3606eb48,blacklist(address),,BLACKLISTER,,,Circle
CU-IMP-0525,ONCHAIN_TX,0x4cd42bae30434266db659a0f1dac779cd576ce94e1bfe85853bcb40c105201b7,23727433,2025-11-04 17:26:11.000 UTC,ethereum,0xa0b86991c6218b36c1d19d4a2e9eb0ce3606eb48,blacklist(address),,BLACKLISTER,,,Circle
CU-IMP-0526,ONCHAIN_TX,0xb0d30db52f5f0d4bed3c0f940715bb232dd9f30e1a185e06b4d79e70d3ae11a5,23727435,2025-11-04 17:26:35.000 UTC,ethereum,0xa0b86991c6218b36c1d19d4a2e9eb0ce3606eb48,blacklist(address),,BLACKLISTER,,,Circle
CU-IMP-0527,ONCHAIN_TX,0xf3d95b1dfddfb8d6c57fc3f08fc626332e2d8a63e4042e5214654c244e31856e,23727436,2025-11-04 17:26:47.000 UTC,ethereum,0xa0b86991c6218b36c1d19d4a2e9eb0ce3606eb48,blacklist(address),,BLACKLISTER,,,Circle
CU-IMP-0528,ONCHAIN_TX,0x50d085f13fcd700496a786e5f367927e27e1b5699fab289a521e0dfe3338d221,23727438,2025-11-04 17:27:11.000 UTC,ethereum,0xa0b86991c6218b36c1d19d4a2e9eb0ce3606eb48,blacklist(address),,BLACKLISTER,,,Circle
CU-IMP-0529,ONCHAIN_TX,0x983ec0eb72598d5355040b4dbc7e329feecce6e40dc86b138356fa3f3a6eb29c,23727440,2025-11-04 17:27:35.000 UTC,ethereum,0xa0b86991c6218b36c1d19d4a2e9eb0ce3606eb48,blacklist(address),,BLACKLISTER,,,Circle
CU-IMP-0530,ONCHAIN_TX,0x4cd45a9e993bf0aeb58e7630422096c7ff4e6e8cc3422afa057787afd39d580a,23727441,2025-11-04 17:27:47.000 UTC,ethereum,0xa0b86991c6218b36c1d19d4a2e9eb0ce3606eb48,blacklist(address),,BLACKLISTER,,,Circle
CU-IMP-0531,ONCHAIN_TX,0xc42d8da1619cbdab74e7f731c0560bf237ea5870d5c3e66a72e83f19783d0562,23727442,2025-11-04 17:27:59.000 UTC,ethereum,0xa0b86991c6218b36c1d19d4a2e9eb0ce3606eb48,blacklist(address),,BLACKLISTER,,,Circle
CU-IMP-0532,ONCHAIN_TX,0x8de678333bd4072e46f06f34500a0929a84d11a12986a2bcb0d4e992d94efc90,23727449,2025-11-04 17:29:23.000 UTC,ethereum,0xa0b86991c6218b36c1d19d4a2e9eb0ce3606eb48,blacklist(address),,BLACKLISTER,,,Circle
CU-IMP-0533,ONCHAIN_TX,0x6f46322a2b0e0836f4e4e7eae3cc2e9127d7cf29b70b398248515c15e09bd8b5,23727455,2025-11-04 17:30:35.000 UTC,ethereum,0xa0b86991c6218b36c1d19d4a2e9eb0ce3606eb48,blacklist(address),,BLACKLISTER,,,Circle
CU-IMP-0534,ONCHAIN_TX,0x4576520fc1ffef416240e94ca371bd214fb2d0015a828bd9ea629ac7d48ca7e9,23727458,2025-11-04 17:31:11.000 UTC,ethereum,0xa0b86991c6218b36c1d19d4a2e9eb0ce3606eb48,blacklist(address),,BLACKLISTER,,,Circle
CU-IMP-0535,ONCHAIN_TX,0xdd28f213c26dcc726a699f8bb3bf9d619a7c997ec585e6ddb72281b6292df712,23727464,2025-11-04 17:32:23.000 UTC,ethereum,0xa0b86991c6218b36c1d19d4a2e9eb0ce3606eb48,blacklist(address),,BLACKLISTER,,,Circle
CU-IMP-0536,ONCHAIN_TX,0xe9054764b09ce1ed84801dc1e40892851c98a690e2c197d24342e77bcb9d7114,23727468,2025-11-04 17:33:11.000 UTC,ethereum,0xa0b86991c6218b36c1d19d4a2e9eb0ce3606eb48,blacklist(address),,BLACKLISTER,,,Circle
CU-IMP-0537,ONCHAIN_TX,0x7fe1bc64828eba417e6a72f97204abadfe9567f4aaf0c68c52967e76e91ab68e,23727480,2025-11-04 17:35:35.000 UTC,ethereum,0xa0b86991c6218b36c1d19d4a2e9eb0ce3606eb48,blacklist(address),,BLACKLISTER,,,Circle
CU-IMP-0538,ONCHAIN_TX,0x0c63e03fff79873daaf646ab57d3a3ab92aacf613d5f1da66e13b94f3ac57fb4,23727488,2025-11-04 17:37:11.000 UTC,ethereum,0xa0b86991c6218b36c1d19d4a2e9eb0ce3606eb48,blacklist(address),,BLACKLISTER,,,Circle
CU-IMP-0539,ONCHAIN_TX,0x55a7120c9d901af513e247072666a7b6bee915042c414d8b35f90860d21d7d81,23727497,2025-11-04 17:38:59.000 UTC,ethereum,0xa0b86991c6218b36c1d19d4a2e9eb0ce3606eb48,blacklist(address),,BLACKLISTER,,,Circle
CU-IMP-0540,ONCHAIN_TX,0xe0ca96e5ac063f37e9f90a1c5543466102efd2e41bd8eb3797f6a1570c08bb2f,23727500,2025-11-04 17:39:35.000 UTC,ethereum,0xa0b86991c6218b36c1d19d4a2e9eb0ce3606eb48,blacklist(address),,BLACKLISTER,,,Circle
CU-IMP-0541,ONCHAIN_TX,0x017ddce54cc66b69d2434c9d137a119df43ecf9eb1ff9c4992e2bd7d5b37e210,23727507,2025-11-04 17:40:59.000 UTC,ethereum,0xa0b86991c6218b36c1d19d4a2e9eb0ce3606eb48,blacklist(address),,BLACKLISTER,,,Circle
CU-IMP-0542,ONCHAIN_TX,0xdb51b74dea8f4e1dfe82052835780e07bd9863a818500126bd2b4afb6ad7bdae,23727509,2025-11-04 17:41:23.000 UTC,ethereum,0xa0b86991c6218b36c1d19d4a2e9eb0ce3606eb48,blacklist(address),,BLACKLISTER,,,Circle
CU-IMP-0543,ONCHAIN_TX,0x1d90e5a8866ca8997e91ad2fc075f3c004ad69f2715e384ce764758e24e1d2aa,23727515,2025-11-04 17:42:35.000 UTC,ethereum,0xa0b86991c6218b36c1d19d4a2e9eb0ce3606eb48,blacklist(address),,BLACKLISTER,,,Circle
CU-IMP-0544,ONCHAIN_TX,0x394f086b9933cafef4b24ff649918aef2105353f516fed086d02562ae7affabf,23727516,2025-11-04 17:42:47.000 UTC,ethereum,0xa0b86991c6218b36c1d19d4a2e9eb0ce3606eb48,blacklist(address),,BLACKLISTER,,,Circle
CU-IMP-0545,ONCHAIN_TX,0xf47b1e3bf240fc8ae227ebede2f1214f4ca7e7cc57d92802ce60a59e7ecaeb5c,23727523,2025-11-04 17:44:11.000 UTC,ethereum,0xa0b86991c6218b36c1d19d4a2e9eb0ce3606eb48,blacklist(address),,BLACKLISTER,,,Circle
CU-IMP-0546,ONCHAIN_TX,0x0f0e1bbb6be93ef18750df984b1430133881be2d39deba508c84c91543bb70a2,23727524,2025-11-04 17:44:23.000 UTC,ethereum,0xa0b86991c6218b36c1d19d4a2e9eb0ce3606eb48,blacklist(address),,BLACKLISTER,,,Circle
CU-IMP-0547,ONCHAIN_TX,0x8fa3dd761aeddcc4678c2722739c5556a6896585286108443e02c4e9bc954270,23727525,2025-11-04 17:44:35.000 UTC,ethereum,0xa0b86991c6218b36c1d19d4a2e9eb0ce3606eb48,blacklist(address),,BLACKLISTER,,,Circle
CU-IMP-0548,ONCHAIN_TX,0xd1b9c005562d392e73a09d550c9f06fdddfee0fc595dc62b2130d65343b5f576,23727538,2025-11-04 17:47:11.000 UTC,ethereum,0xa0b86991c6218b36c1d19d4a2e9eb0ce3606eb48,blacklist(address),,BLACKLISTER,,,Circle
CU-IMP-0549,ONCHAIN_TX,0x7c9871eace4258f36402f9e127b052dac9c7b3f86a6ca58438f98c95a6014e19,23727545,2025-11-04 17:48:35.000 UTC,ethereum,0xa0b86991c6218b36c1d19d4a2e9eb0ce3606eb48,blacklist(address),,BLACKLISTER,,,Circle
CU-IMP-0550,ONCHAIN_TX,0x15838946910c285031590761be0c97698b2f04497cac747142cb3b1537ebdb90,23727547,2025-11-04 17:48:59.000 UTC,ethereum,0xa0b86991c6218b36c1d19d4a2e9eb0ce3606eb48,blacklist(address),,BLACKLISTER,,,Circle
CU-IMP-0551,ONCHAIN_TX,0x8bcbec542c381e2c23565017aa0b4f774199bd2de253c7173626c4f3a274ccd2,23727565,2025-11-04 17:52:35.000 UTC,ethereum,0xa0b86991c6218b36c1d19d4a2e9eb0ce3606eb48,blacklist(address),,BLACKLISTER,,,Circle
CU-IMP-0552,ONCHAIN_TX,0x641660c09c8c54509c8b42a826a5044d474631e57cbcf0c5339d8c52e13775b3,23727575,2025-11-04 17:54:35.000 UTC,ethereum,0xa0b86991c6218b36c1d19d4a2e9eb0ce3606eb48,blacklist(address),,BLACKLISTER,,,Circle
CU-IMP-0553,ONCHAIN_TX,0x437fc13a75c2aeeba8bf4f6b30b152c36e4c5585d6c0beb12930364432f6fef7,23727592,2025-11-04 17:57:59.000 UTC,ethereum,0xa0b86991c6218b36c1d19d4a2e9eb0ce3606eb48,blacklist(address),,BLACKLISTER,,,Circle
CU-IMP-0554,ONCHAIN_TX,0xc11029e63e6e30fa63b7da473ea9bc6f4e730fa9b52d7707cc5f8fe5bb8a172a,23727596,2025-11-04 17:58:59.000 UTC,ethereum,0xa0b86991c6218b36c1d19d4a2e9eb0ce3606eb48,blacklist(address),,BLACKLISTER,,,Circle
CU-IMP-0555,ONCHAIN_TX,0x2504d51e79ee0358b1d3c3ed174602f2ce625bec6b4df3084d9a1eb5d8b7b7be,23727598,2025-11-04 17:59:23.000 UTC,ethereum,0xa0b86991c6218b36c1d19d4a2e9eb0ce3606eb48,blacklist(address),,BLACKLISTER,,,Circle
CU-IMP-0556,ONCHAIN_TX,0xd88b74c98053aef252d4b2f619e367386d9a7351d193fea4ed87dbb9b49f522f,23727600,2025-11-04 17:59:47.000 UTC,ethereum,0xa0b86991c6218b36c1d19d4a2e9eb0ce3606eb48,blacklist(address),,BLACKLISTER,,,Circle
CU-IMP-0557,ONCHAIN_TX,0x64d60cba0abb1d143d8a41770fa6b4fb8e6fc26e013b7ce092c40b43c94b6a9c,23727606,2025-11-04 18:00:59.000 UTC,ethereum,0xa0b86991c6218b36c1d19d4a2e9eb0ce3606eb48,blacklist(address),,BLACKLISTER,,,Circle
CU-IMP-0558,ONCHAIN_TX,0x593eccf9d1ad3cd455e50e7893ec1b05bd144255c6ccf570a6007bac580c4015,23727610,2025-11-04 18:01:47.000 UTC,ethereum,0xa0b86991c6218b36c1d19d4a2e9eb0ce3606eb48,blacklist(address),,BLACKLISTER,,,Circle
CU-IMP-0559,ONCHAIN_TX,0x9eb2ebef940e88d2acc622604afe423e81f6dc470041155f8667bea0658d6e87,23727621,2025-11-04 18:03:59.000 UTC,ethereum,0xa0b86991c6218b36c1d19d4a2e9eb0ce3606eb48,blacklist(address),,BLACKLISTER,,,Circle
CU-IMP-0560,ONCHAIN_TX,0x1e08a2219ad22ee37db7ff5c8de6bd0f4125bb503b0dfacc34b0bb539ff3e29b,23727641,2025-11-04 18:08:11.000 UTC,ethereum,0xa0b86991c6218b36c1d19d4a2e9eb0ce3606eb48,blacklist(address),,BLACKLISTER,,,Circle
CU-IMP-0561,ONCHAIN_TX,0xdd292868cd4ecd94f8718d83ea7dd08d2061763d9dc71d9d545ad14d201a8eba,23727643,2025-11-04 18:08:35.000 UTC,ethereum,0xa0b86991c6218b36c1d19d4a2e9eb0ce3606eb48,blacklist(address),,BLACKLISTER,,,Circle
CU-IMP-0562,ONCHAIN_TX,0x6a55ba577fde16c53d006c0da4b5fd4cdc20c60afa1c280e1041b42d5c27e2fa,23727653,2025-11-04 18:10:35.000 UTC,ethereum,0xa0b86991c6218b36c1d19d4a2e9eb0ce3606eb48,blacklist(address),,BLACKLISTER,,,Circle
CU-IMP-0563,ONCHAIN_TX,0xebc0df1e74441e1d822b7524bbf05acb91f5e31ae2d9505d3b5670c6fee5eae9,23727658,2025-11-04 18:11:35.000 UTC,ethereum,0xa0b86991c6218b36c1d19d4a2e9eb0ce3606eb48,blacklist(address),,BLACKLISTER,,,Circle
CU-IMP-0564,ONCHAIN_TX,0x99e86aaefcccad978b44a60eea406bc2cd18161f617b5c9a98d877eb18ff71da,23727660,2025-11-04 18:11:59.000 UTC,ethereum,0xa0b86991c6218b36c1d19d4a2e9eb0ce3606eb48,blacklist(address),,BLACKLISTER,,,Circle
CU-IMP-0565,ONCHAIN_TX,0xb4d3be3b276b5682250a73ad10c5e1b515a01644ff5dbd7abc162902e98ff72d,23727669,2025-11-04 18:13:47.000 UTC,ethereum,0xa0b86991c6218b36c1d19d4a2e9eb0ce3606eb48,blacklist(address),,BLACKLISTER,,,Circle
CU-IMP-0566,ONCHAIN_TX,0x9c48823f98a4b54169e6a85d2708e610d01d6cfea72e1502515fbaceec5bd216,23727692,2025-11-04 18:18:23.000 UTC,ethereum,0xa0b86991c6218b36c1d19d4a2e9eb0ce3606eb48,blacklist(address),,BLACKLISTER,,,Circle
CU-IMP-0567,ONCHAIN_TX,0x9fdf77f0b0d0358479bbe8877cdd77cb68f8b076a50ea789ed761612a2dc54fc,23727693,2025-11-04 18:18:35.000 UTC,ethereum,0xa0b86991c6218b36c1d19d4a2e9eb0ce3606eb48,blacklist(address),,BLACKLISTER,,,Circle
CU-IMP-0568,ONCHAIN_TX,0xc9f36e50c3e1c01c688114f4771ce053b685ce6149c931d8d56eb1d3361c056a,23727696,2025-11-04 18:19:11.000 UTC,ethereum,0xa0b86991c6218b36c1d19d4a2e9eb0ce3606eb48,blacklist(address),,BLACKLISTER,,,Circle
CU-IMP-0569,ONCHAIN_TX,0xb00d3d44d8e1539b81dee80f03b04be5dbb1851cf1c94db7a73490c0189c6b62,23727701,2025-11-04 18:20:11.000 UTC,ethereum,0xa0b86991c6218b36c1d19d4a2e9eb0ce3606eb48,blacklist(address),,BLACKLISTER,,,Circle
CU-IMP-0570,ONCHAIN_TX,0x22b61d20832603dd9134916eea7cd115af08d5f68d033615b77911f6f70d9fc0,23727708,2025-11-04 18:21:35.000 UTC,ethereum,0xa0b86991c6218b36c1d19d4a2e9eb0ce3606eb48,blacklist(address),,BLACKLISTER,,,Circle
CU-IMP-0571,ONCHAIN_TX,0x889bf4fbaf76127968642986fddd73047f504b76c600315f6b034408d6883d91,23727709,2025-11-04 18:21:47.000 UTC,ethereum,0xa0b86991c6218b36c1d19d4a2e9eb0ce3606eb48,blacklist(address),,BLACKLISTER,,,Circle
CU-IMP-0572,ONCHAIN_TX,0x2baa95f8d517290c671886b0372b77d1ce0cf21eecbdb4e9f5baae530649f6c5,23727718,2025-11-04 18:23:35.000 UTC,ethereum,0xa0b86991c6218b36c1d19d4a2e9eb0ce3606eb48,blacklist(address),,BLACKLISTER,,,Circle
CU-IMP-0573,ONCHAIN_TX,0x94aadd1638ab15a1c5c300d30076c56a66b18e0cffbaafbba2cf62cb22a478ca,23727719,2025-11-04 18:23:47.000 UTC,ethereum,0xa0b86991c6218b36c1d19d4a2e9eb0ce3606eb48,blacklist(address),,BLACKLISTER,,,Circle
CU-IMP-0574,ONCHAIN_TX,0xe8d438a1c7b14cae2ce1768a526039f828234de7b3539458df3e6699c4d9d0cf,23727721,2025-11-04 18:24:11.000 UTC,ethereum,0xa0b86991c6218b36c1d19d4a2e9eb0ce3606eb48,blacklist(address),,BLACKLISTER,,,Circle
CU-IMP-0575,ONCHAIN_TX,0x1b7c79e8c4c2ec4dc2d63ac56ed52949d90574d9271ff7605ec74b8912e8cc08,23727731,2025-11-04 18:26:11.000 UTC,ethereum,0xa0b86991c6218b36c1d19d4a2e9eb0ce3606eb48,blacklist(address),,BLACKLISTER,,,Circle
CU-IMP-0576,ONCHAIN_TX,0xfd1d75305d023b0711bcc67ee03a1651b7a9320b2218cd54668cec15d41c8581,23727738,2025-11-04 18:27:35.000 UTC,ethereum,0xa0b86991c6218b36c1d19d4a2e9eb0ce3606eb48,blacklist(address),,BLACKLISTER,,,Circle
CU-IMP-0577,ONCHAIN_TX,0xd95534db12b293811c47de40f874c07d67849fefd6424b4d34bf8c379f154046,23727741,2025-11-04 18:28:11.000 UTC,ethereum,0xa0b86991c6218b36c1d19d4a2e9eb0ce3606eb48,blacklist(address),,BLACKLISTER,,,Circle
CU-IMP-0578,ONCHAIN_TX,0xc34cfef23ebf49a4740c425e33f49a627697bb44e527a2e7797c68a23f255e9a,23727742,2025-11-04 18:28:23.000 UTC,ethereum,0xa0b86991c6218b36c1d19d4a2e9eb0ce3606eb48,blacklist(address),,BLACKLISTER,,,Circle
CU-IMP-0579,ONCHAIN_TX,0xb39f8f362f83f1a4d2e059eb7e62bd89b178a1c37d4e14b3b06b6e0b4e3914f1,23727743,2025-11-04 18:28:35.000 UTC,ethereum,0xa0b86991c6218b36c1d19d4a2e9eb0ce3606eb48,blacklist(address),,BLACKLISTER,,,Circle
CU-IMP-0580,ONCHAIN_TX,0x44b2569d36c2cfc416dfd2da7b9d4f868d348bfaecd00c7a5465f1acc9bcae75,23727748,2025-11-04 18:29:35.000 UTC,ethereum,0xa0b86991c6218b36c1d19d4a2e9eb0ce3606eb48,blacklist(address),,BLACKLISTER,,,Circle
CU-IMP-0581,ONCHAIN_TX,0xb3411e521a017eab49733c5b83e3df3b531834c069339064a51d252b307f5e68,23727751,2025-11-04 18:30:11.000 UTC,ethereum,0xa0b86991c6218b36c1d19d4a2e9eb0ce3606eb48,blacklist(address),,BLACKLISTER,,,Circle
CU-IMP-0582,ONCHAIN_TX,0xea29e144b5a9670fec91fe4db012cc11f6fa0103e92bb0fdbfea8eb68d9d3263,23727756,2025-11-04 18:31:23.000 UTC,ethereum,0xa0b86991c6218b36c1d19d4a2e9eb0ce3606eb48,blacklist(address),,BLACKLISTER,,,Circle
CU-IMP-0583,ONCHAIN_TX,0x320355518c07cda64d64ee663571b83aac3c847e37375fae829eebf9b6e24a48,23727765,2025-11-04 18:33:11.000 UTC,ethereum,0xa0b86991c6218b36c1d19d4a2e9eb0ce3606eb48,blacklist(address),,BLACKLISTER,,,Circle
CU-IMP-0584,ONCHAIN_TX,0x74092697f183a7e0dc54636a59da20ea52f74648e99d75ae5e1bca8667756512,23727769,2025-11-04 18:33:59.000 UTC,ethereum,0xa0b86991c6218b36c1d19d4a2e9eb0ce3606eb48,blacklist(address),,BLACKLISTER,,,Circle
CU-IMP-0585,ONCHAIN_TX,0x159dadfeaac22df9e1400aedc719f0123179b1be84f45547770587126f43fb60,23727779,2025-11-04 18:35:59.000 UTC,ethereum,0xa0b86991c6218b36c1d19d4a2e9eb0ce3606eb48,blacklist(address),,BLACKLISTER,,,Circle
CU-IMP-0586,ONCHAIN_TX,0x7801c79034a91d36de1f0504982990c38ed84a0f5bcd26db5865918d7e283027,23727787,2025-11-04 18:37:35.000 UTC,ethereum,0xa0b86991c6218b36c1d19d4a2e9eb0ce3606eb48,blacklist(address),,BLACKLISTER,,,Circle
CU-IMP-0587,ONCHAIN_TX,0xf05b68a340724e996607de5f6c959b38007158c324c148bef5ea737e0321dd50,23727792,2025-11-04 18:38:35.000 UTC,ethereum,0xa0b86991c6218b36c1d19d4a2e9eb0ce3606eb48,blacklist(address),,BLACKLISTER,,,Circle
CU-IMP-0588,ONCHAIN_TX,0xa9b160403ed5e9155aaebd9dc6492225f4d03d920a72eb96c741279b464a749c,23727796,2025-11-04 18:39:23.000 UTC,ethereum,0xa0b86991c6218b36c1d19d4a2e9eb0ce3606eb48,blacklist(address),,BLACKLISTER,,,Circle
CU-IMP-0589,ONCHAIN_TX,0xf6034d443fe95c70bdf2da39d25914707778b81ce9bf079dc14615971c027dff,23727797,2025-11-04 18:39:35.000 UTC,ethereum,0xa0b86991c6218b36c1d19d4a2e9eb0ce3606eb48,blacklist(address),,BLACKLISTER,,,Circle
CU-IMP-0590,ONCHAIN_TX,0x153467780fa7f25d53060192aaf86c9edc87563b9001b28a85bed961ea86aae6,23727800,2025-11-04 18:40:11.000 UTC,ethereum,0xa0b86991c6218b36c1d19d4a2e9eb0ce3606eb48,blacklist(address),,BLACKLISTER,,,Circle
CU-IMP-0591,ONCHAIN_TX,0xec2889c4e9afdfe6b729300bc7a85084e9634569dab0495c3aea268211340030,23727801,2025-11-04 18:40:23.000 UTC,ethereum,0xa0b86991c6218b36c1d19d4a2e9eb0ce3606eb48,blacklist(address),,BLACKLISTER,,,Circle
CU-IMP-0592,ONCHAIN_TX,0x6e37440c1ab7cb4c9a59e1c109bdba069316dea569797d697b1938f5614f0a8b,23730163,2025-11-05 02:35:59.000 UTC,ethereum,0xa0b86991c6218b36c1d19d4a2e9eb0ce3606eb48,blacklist(address),,BLACKLISTER,,,Circle
CU-IMP-0593,ONCHAIN_TX,0x1446468479bf12d0990401f1043020b3e649d79ad61a563c19ca0ca6ee093d27,23730168,2025-11-05 02:36:59.000 UTC,ethereum,0xa0b86991c6218b36c1d19d4a2e9eb0ce3606eb48,blacklist(address),,BLACKLISTER,,,Circle
CU-IMP-0594,ONCHAIN_TX,0x91e666226a4d599a189d0143cf1445299f5f9d5001a9bc8bba6bf387ee350603,23730173,2025-11-05 02:37:59.000 UTC,ethereum,0xa0b86991c6218b36c1d19d4a2e9eb0ce3606eb48,blacklist(address),,BLACKLISTER,,,Circle
CU-IMP-0595,ONCHAIN_TX,0xd841a27a6c911ac75d227034d202a0fc4fb48cf5e829516eb0653e3cbc9d2110,23730178,2025-11-05 02:38:59.000 UTC,ethereum,0xa0b86991c6218b36c1d19d4a2e9eb0ce3606eb48,blacklist(address),,BLACKLISTER,,,Circle
CU-IMP-0596,ONCHAIN_TX,0x11b64f2ccb7a921f696e78ff122008e3d1a6a4ccfb94de1e29bcc8eaae5ba685,23730183,2025-11-05 02:39:59.000 UTC,ethereum,0xa0b86991c6218b36c1d19d4a2e9eb0ce3606eb48,blacklist(address),,BLACKLISTER,,,Circle
CU-IMP-0597,ONCHAIN_TX,0x25ad899bb2d654d487d2d00de57d999a78d73f1e33e287021b8bfbbf62952b57,23834720,2025-11-19 17:51:23.000 UTC,ethereum,0xa0b86991c6218b36c1d19d4a2e9eb0ce3606eb48,blacklist(address),,BLACKLISTER,,,Circle
CU-IMP-0598,ONCHAIN_TX,0x4e357e599dbcbf08273b10d6f0cd8d3e801a7c9ad9c1ce638922924e147be6eb,23834740,2025-11-19 17:55:23.000 UTC,ethereum,0xa0b86991c6218b36c1d19d4a2e9eb0ce3606eb48,blacklist(address),,BLACKLISTER,,,Circle
CU-IMP-0599,ONCHAIN_TX,0x336c5c42b7aff54c191c1aa57d037025d1f5ab8aff4ca7f7e8037db6b1677bd3,23834741,2025-11-19 17:55:35.000 UTC,ethereum,0xa0b86991c6218b36c1d19d4a2e9eb0ce3606eb48,blacklist(address),,BLACKLISTER,,,Circle
CU-IMP-0600,ONCHAIN_TX,0xd1ffb97b7aced5eb5c4e5a3750be5f40b179cd2ba411eb42a61b9df3c39c7c63,23834751,2025-11-19 17:57:35.000 UTC,ethereum,0xa0b86991c6218b36c1d19d4a2e9eb0ce3606eb48,blacklist(address),,BLACKLISTER,,,Circle
CU-IMP-0601,ONCHAIN_TX,0xc4ec3d53427690984af8bb6b19f19374396d4f7ec5b020a35730b216b4a9156e,23834757,2025-11-19 17:58:47.000 UTC,ethereum,0xa0b86991c6218b36c1d19d4a2e9eb0ce3606eb48,blacklist(address),,BLACKLISTER,,,Circle
CU-IMP-0602,ONCHAIN_TX,0x06c0eb848128934bfae121479cfee830c8130f7f809a9b9ff2aac01d0bb8e61d,23834777,2025-11-19 18:02:59.000 UTC,ethereum,0xa0b86991c6218b36c1d19d4a2e9eb0ce3606eb48,blacklist(address),,BLACKLISTER,,,Circle
CU-IMP-0603,ONCHAIN_TX,0x9885e631a4c6a2bf84ec3e94f9472b38c70f518823f6f3f26f2c2d25f853fe87,23834805,2025-11-19 18:08:35.000 UTC,ethereum,0xa0b86991c6218b36c1d19d4a2e9eb0ce3606eb48,blacklist(address),,BLACKLISTER,,,Circle
CU-IMP-0604,ONCHAIN_TX,0x67a1d26d08e71b5598f2c4877bb7945cd9c231f33da38fbd2eec54b97128fbba,23834808,2025-11-19 18:09:11.000 UTC,ethereum,0xa0b86991c6218b36c1d19d4a2e9eb0ce3606eb48,blacklist(address),,BLACKLISTER,,,Circle
CU-IMP-0605,ONCHAIN_TX,0x65568e49e52314333f1a0287a20403a50662d2b6a01b81351af78957068047fb,23850068,2025-11-21 21:32:35.000 UTC,ethereum,0xa0b86991c6218b36c1d19d4a2e9eb0ce3606eb48,blacklist(address),,BLACKLISTER,,,Circle
CU-IMP-0606,ONCHAIN_TX,0xb8c8758ddd5f940451709b981df2716bdf0df3c881e64f445f1d0fba62d195e4,23851809,2025-11-22 03:26:35.000 UTC,ethereum,0xa0b86991c6218b36c1d19d4a2e9eb0ce3606eb48,blacklist(address),,BLACKLISTER,,,Circle
CU-IMP-0607,ONCHAIN_TX,0x1772c2952d966c79e6df2bbff772d0fd0ab06e0c47c4cea859421269ce3e026e,23869693,2025-11-24 15:46:11.000 UTC,ethereum,0xa0b86991c6218b36c1d19d4a2e9eb0ce3606eb48,blacklist(address),,BLACKLISTER,,,Circle
CU-IMP-0608,ONCHAIN_TX,0xbe8732c5cedbef496c4a76e74fb3f78a5eeb9e3f8a59083c2f4fc095620b3035,23884254,2025-11-26 16:58:35.000 UTC,ethereum,0xa0b86991c6218b36c1d19d4a2e9eb0ce3606eb48,blacklist(address),,BLACKLISTER,,,Circle
CU-IMP-0609,ONCHAIN_TX,0xa47c6a223aee07b20a8371946db96ea6595d5a1970ef81655738fb07fdf4c161,23928324,2025-12-02 21:01:35.000 UTC,ethereum,0xa0b86991c6218b36c1d19d4a2e9eb0ce3606eb48,blacklist(address),,BLACKLISTER,,,Circle
CU-IMP-0610,ONCHAIN_TX,0x6c1fa72bde6c482fd84d2d4b0a370cf8660e3d8e08d7925a4b5749a37940f0b4,24049290,2025-12-19 21:21:11.000 UTC,ethereum,0xa0b86991c6218b36c1d19d4a2e9eb0ce3606eb48,blacklist(address),,BLACKLISTER,,,Circle
CU-IMP-0611,ONCHAIN_TX,0xb53161856e32bc3dde6d6a9deb1c45c983ee9551d25573e5edf7001737d87b7d,24049294,2025-12-19 21:21:59.000 UTC,ethereum,0xa0b86991c6218b36c1d19d4a2e9eb0ce3606eb48,blacklist(address),,BLACKLISTER,,,Circle
CU-IMP-0612,ONCHAIN_TX,0xb8efeee6ecba4cf45587a14487d512dd2db4df846dc306350cc4a1b726f88ca5,24076240,2025-12-23 15:34:47.000 UTC,ethereum,0xa0b86991c6218b36c1d19d4a2e9eb0ce3606eb48,blacklist(address),,BLACKLISTER,,,Circle
CU-IMP-0613,ONCHAIN_TX,0xeeea2e9d92b05b7a8cd077f5bbcced2d9f9fbcd91c8c64d1a1e9f86741db88bf,24076245,2025-12-23 15:35:47.000 UTC,ethereum,0xa0b86991c6218b36c1d19d4a2e9eb0ce3606eb48,blacklist(address),,BLACKLISTER,,,Circle
CU-IMP-0614,ONCHAIN_TX,0xdc19a60c22a5f28f32d3b032fd7969e3d074b72c16c45b4406dfaee0004d9a4f,24076250,2025-12-23 15:36:47.000 UTC,ethereum,0xa0b86991c6218b36c1d19d4a2e9eb0ce3606eb48,blacklist(address),,BLACKLISTER,,,Circle
CU-IMP-0615,ONCHAIN_TX,0x7ce751c9b86d4a2b6b72f3745bf7fddcb3dff50289abe0a4a2c7f19171747d5f,24076255,2025-12-23 15:37:47.000 UTC,ethereum,0xa0b86991c6218b36c1d19d4a2e9eb0ce3606eb48,blacklist(address),,BLACKLISTER,,,Circle
CU-IMP-0616,ONCHAIN_TX,0xbc5b01bde3a5118319653a1968e47b4fc2c58213fa8f2d1b922091979a0bc1e9,24076260,2025-12-23 15:38:47.000 UTC,ethereum,0xa0b86991c6218b36c1d19d4a2e9eb0ce3606eb48,blacklist(address),,BLACKLISTER,,,Circle
CU-IMP-0617,ONCHAIN_TX,0x166d527e7de10eb396c761a81177bb22d259401cebdf0f931686616742ce9ac0,24330228,2026-01-28 02:03:35.000 UTC,ethereum,0xa0b86991c6218b36c1d19d4a2e9eb0ce3606eb48,blacklist(address),,BLACKLISTER,,,Circle
CU-IMP-0618,ONCHAIN_TX,0x1852d809156a9ac40160017387d1751c649c63c1b22e8ba0b2a68f8ca6224cec,24348936,2026-01-30 16:39:23.000 UTC,ethereum,0xa0b86991c6218b36c1d19d4a2e9eb0ce3606eb48,blacklist(address),,BLACKLISTER,,,Circle
CU-IMP-0619,ONCHAIN_TX,0xd8cfa40dc8ff9e595f41a81a0cfd2c3ad03e65390557f9385a821e65c1b95d6d,24348938,2026-01-30 16:39:47.000 UTC,ethereum,0xa0b86991c6218b36c1d19d4a2e9eb0ce3606eb48,blacklist(address),,BLACKLISTER,,,Circle
CU-IMP-0620,ONCHAIN_TX,0x1d9288447cf1fda38b349f3ee5896f22045356152c863bbfea6b68e460279c2e,24348947,2026-01-30 16:41:35.000 UTC,ethereum,0xa0b86991c6218b36c1d19d4a2e9eb0ce3606eb48,blacklist(address),,BLACKLISTER,,,Circle
CU-IMP-0621,ONCHAIN_TX,0xea16479eaa9177afef6afacf1ae491208796e93e8ed25b1c6998346c217254a2,24348952,2026-01-30 16:42:35.000 UTC,ethereum,0xa0b86991c6218b36c1d19d4a2e9eb0ce3606eb48,blacklist(address),,BLACKLISTER,,,Circle
CU-IMP-0622,ONCHAIN_TX,0xdd541c13d851b09a18399224bbac0a93fb1d3fffc891558c63ea83c080a95fdb,24348953,2026-01-30 16:42:47.000 UTC,ethereum,0xa0b86991c6218b36c1d19d4a2e9eb0ce3606eb48,blacklist(address),,BLACKLISTER,,,Circle
CU-IMP-0623,ONCHAIN_TX,0x8227c87a08feabed9ddbfc400577fba64a00817845408470976eb05ba00c46d5,24348957,2026-01-30 16:43:35.000 UTC,ethereum,0xa0b86991c6218b36c1d19d4a2e9eb0ce3606eb48,blacklist(address),,BLACKLISTER,,,Circle
CU-IMP-0624,ONCHAIN_TX,0x3155b56c14efc510511017bb8e50f1d19ebc73cd688905b5296a818c4636d35e,24348961,2026-01-30 16:44:23.000 UTC,ethereum,0xa0b86991c6218b36c1d19d4a2e9eb0ce3606eb48,blacklist(address),,BLACKLISTER,,,Circle
CU-IMP-0625,ONCHAIN_TX,0x43055cd0144a4200cd4204999974d38308bd2018f1c49b0db514735cecc9bb3d,24348965,2026-01-30 16:45:11.000 UTC,ethereum,0xa0b86991c6218b36c1d19d4a2e9eb0ce3606eb48,blacklist(address),,BLACKLISTER,,,Circle
CU-IMP-0626,ONCHAIN_TX,0x95579ea2390316f5268771ab2d897fc7c2b431fa618293d3393889bf529c1075,24348970,2026-01-30 16:46:11.000 UTC,ethereum,0xa0b86991c6218b36c1d19d4a2e9eb0ce3606eb48,blacklist(address),,BLACKLISTER,,,Circle
CU-IMP-0627,ONCHAIN_TX,0x55938fa5ad44b54519eaf3cf596c32a73bf936d5b67ad0a57a9d5ded7f0d3fcc,24348979,2026-01-30 16:47:59.000 UTC,ethereum,0xa0b86991c6218b36c1d19d4a2e9eb0ce3606eb48,blacklist(address),,BLACKLISTER,,,Circle
CU-IMP-0628,ONCHAIN_TX,0xcda41af5f193532e83ffde5879d2d0a3927c3b52ef5aa2705be6c95d0fe2340b,24420262,2026-02-09 15:59:59.000 UTC,ethereum,0xa0b86991c6218b36c1d19d4a2e9eb0ce3606eb48,unBlacklist(address),,BLACKLISTER,,,Circle
CU-IMP-0629,ONCHAIN_TX,0x44c1eccc09fb702e41299289dbefbb0b2024e3d0ee43d6513e05a78e200c97a1,24435743,2026-02-11 19:53:11.000 UTC,ethereum,0xa0b86991c6218b36c1d19d4a2e9eb0ce3606eb48,blacklist(address),,BLACKLISTER,,,Circle
CU-IMP-0630,ONCHAIN_TX,0x747becf018f258d499ee191ed9154dc6432c5277476d33720f2cc2e0ad33d764,24580016,2026-03-03 22:48:23.000 UTC,ethereum,0xa0b86991c6218b36c1d19d4a2e9eb0ce3606eb48,blacklist(address),,BLACKLISTER,,,Circle
CU-IMP-0631,ONCHAIN_TX,0xd94cd0f8d92fad758a70e7b5156b6f59dcd9e410239f97b74002476f9d61fa4f,24636867,2026-03-11 21:19:47.000 UTC,ethereum,0xa0b86991c6218b36c1d19d4a2e9eb0ce3606eb48,blacklist(address),,BLACKLISTER,,,Circle
CU-IMP-0632,ONCHAIN_TX,0xe46899219f2ecebcd88d8aeabb9c69c9fc96e97988d5580c0d3d8f58eb9a2b98,24642839,2026-03-12 17:20:59.000 UTC,ethereum,0xa0b86991c6218b36c1d19d4a2e9eb0ce3606eb48,blacklist(address),,BLACKLISTER,,,Circle
CU-IMP-0633,ONCHAIN_TX,0x288b8276f442d752aaf0e49f0dee86daaf525c559ea51972760246f907ee6651,24642865,2026-03-12 17:26:11.000 UTC,ethereum,0xa0b86991c6218b36c1d19d4a2e9eb0ce3606eb48,blacklist(address),,BLACKLISTER,,,Circle
CU-IMP-0634,ONCHAIN_TX,0x6c5109fc718e21582dc9a84e547b07b1cca254a591d1ad061c40bc786acd2ea4,24642871,2026-03-12 17:27:23.000 UTC,ethereum,0xa0b86991c6218b36c1d19d4a2e9eb0ce3606eb48,blacklist(address),,BLACKLISTER,,,Circle
CU-IMP-0635,ONCHAIN_TX,0x666e18f1af39992849b5245170294d573f4f0d771644da126b062f1f90164185,24642875,2026-03-12 17:28:11.000 UTC,ethereum,0xa0b86991c6218b36c1d19d4a2e9eb0ce3606eb48,blacklist(address),,BLACKLISTER,,,Circle
CU-IMP-0636,ONCHAIN_TX,0x41f4c36d80aa0dfe2a76e7dc8eefc5e18dc7e2e9b624f8e830f2417a86b3417f,24642892,2026-03-12 17:31:35.000 UTC,ethereum,0xa0b86991c6218b36c1d19d4a2e9eb0ce3606eb48,blacklist(address),,BLACKLISTER,,,Circle
CU-IMP-0637,ONCHAIN_TX,0xb984b55148fdad26421e2a7b96f887098e5937053c604c5a5292f4bee8d309a2,24642899,2026-03-12 17:32:59.000 UTC,ethereum,0xa0b86991c6218b36c1d19d4a2e9eb0ce3606eb48,blacklist(address),,BLACKLISTER,,,Circle
CU-IMP-0638,ONCHAIN_TX,0x52cc6e2ef68f4dcb2787b534bc8f733dba1065cd637b131e7309945248ce45e4,24642902,2026-03-12 17:33:35.000 UTC,ethereum,0xa0b86991c6218b36c1d19d4a2e9eb0ce3606eb48,blacklist(address),,BLACKLISTER,,,Circle
CU-IMP-0639,ONCHAIN_TX,0xdc04350c871a53b5d1b36970711dec1cc29a2c73aa5f1d2f4bf48245c8f96a76,24642911,2026-03-12 17:35:23.000 UTC,ethereum,0xa0b86991c6218b36c1d19d4a2e9eb0ce3606eb48,blacklist(address),,BLACKLISTER,,,Circle
CU-IMP-0640,ONCHAIN_TX,0x6f78c381a6bf465dddb00e3437184b40e45913b85fdb37df6aec61e304291e39,24642913,2026-03-12 17:35:47.000 UTC,ethereum,0xa0b86991c6218b36c1d19d4a2e9eb0ce3606eb48,blacklist(address),,BLACKLISTER,,,Circle
CU-IMP-0641,ONCHAIN_TX,0x40f5eeb72427ddeadcdd453a6f2513ca44dfcedf8e2acca45125eef4a585e516,24642920,2026-03-12 17:37:11.000 UTC,ethereum,0xa0b86991c6218b36c1d19d4a2e9eb0ce3606eb48,blacklist(address),,BLACKLISTER,,,Circle
CU-IMP-0642,ONCHAIN_TX,0x3e155fe19a10f7ae04f0e8b15d896433e39420274338eb3cfb497d2eed408c7d,24642924,2026-03-12 17:37:59.000 UTC,ethereum,0xa0b86991c6218b36c1d19d4a2e9eb0ce3606eb48,blacklist(address),,BLACKLISTER,,,Circle
CU-IMP-0643,ONCHAIN_TX,0x117d96e2afb08d9dc6c4d874931880610203eee9eff235b4b6c4a0908466634f,24642925,2026-03-12 17:38:11.000 UTC,ethereum,0xa0b86991c6218b36c1d19d4a2e9eb0ce3606eb48,blacklist(address),,BLACKLISTER,,,Circle
CU-IMP-0644,ONCHAIN_TX,0xea5d287060ccf71e6071755a3a5abf296de28893ef9c77a72d754b971223dfb9,24642948,2026-03-12 17:42:47.000 UTC,ethereum,0xa0b86991c6218b36c1d19d4a2e9eb0ce3606eb48,blacklist(address),,BLACKLISTER,,,Circle
CU-IMP-0645,ONCHAIN_TX,0xef3e3b926d6323d2481a92a93828cc841cd3f0ad2a574f6626eb8800f82ef816,24642956,2026-03-12 17:44:23.000 UTC,ethereum,0xa0b86991c6218b36c1d19d4a2e9eb0ce3606eb48,blacklist(address),,BLACKLISTER,,,Circle
CU-IMP-0646,ONCHAIN_TX,0x3b59d7bd3004a550bede105d29f63e62d1454c8a2656031cd58e4589118bfbee,24642961,2026-03-12 17:45:23.000 UTC,ethereum,0xa0b86991c6218b36c1d19d4a2e9eb0ce3606eb48,blacklist(address),,BLACKLISTER,,,Circle
CU-IMP-0647,ONCHAIN_TX,0x0595f81630f93adfca8faa8502cb8da88b3ca26ca89ffe9d4aa101c9c24f0fa0,24642963,2026-03-12 17:45:47.000 UTC,ethereum,0xa0b86991c6218b36c1d19d4a2e9eb0ce3606eb48,blacklist(address),,BLACKLISTER,,,Circle
CU-IMP-0648,ONCHAIN_TX,0x955667f3aa695eb6f845569ba6088c5c41205391cb25adbc97478be4b524de51,24642969,2026-03-12 17:46:59.000 UTC,ethereum,0xa0b86991c6218b36c1d19d4a2e9eb0ce3606eb48,blacklist(address),,BLACKLISTER,,,Circle
CU-IMP-0649,ONCHAIN_TX,0x79e57c696993270d2798e5488f3dac66970f92f2309a47a52496a7f2526feb45,24642985,2026-03-12 17:50:11.000 UTC,ethereum,0xa0b86991c6218b36c1d19d4a2e9eb0ce3606eb48,blacklist(address),,BLACKLISTER,,,Circle
CU-IMP-0650,ONCHAIN_TX,0x5f7b535c47547959ccb7001420b03bb19393321c207a2e93ebfa4745c477ce7e,24642988,2026-03-12 17:50:47.000 UTC,ethereum,0xa0b86991c6218b36c1d19d4a2e9eb0ce3606eb48,blacklist(address),,BLACKLISTER,,,Circle
CU-IMP-0651,ONCHAIN_TX,0xcd2fd44f74ef0acee99932c80d3c46954fc9e7471bca21cb157dcb17dad4df5f,24642999,2026-03-12 17:52:59.000 UTC,ethereum,0xa0b86991c6218b36c1d19d4a2e9eb0ce3606eb48,blacklist(address),,BLACKLISTER,,,Circle
CU-IMP-0652,ONCHAIN_TX,0xa52cea796950cd32ed86cb8c8f0614f47a8778915da4062eeee386107c1524bb,24643004,2026-03-12 17:53:59.000 UTC,ethereum,0xa0b86991c6218b36c1d19d4a2e9eb0ce3606eb48,blacklist(address),,BLACKLISTER,,,Circle
CU-IMP-0653,ONCHAIN_TX,0x1851de79fe67d86b43b75c4be2c105939514f462000db8cfb28689d0b20df051,24679879,2026-03-17 21:25:47.000 UTC,ethereum,0xa0b86991c6218b36c1d19d4a2e9eb0ce3606eb48,blacklist(address),,BLACKLISTER,,,Circle
CU-IMP-0654,ONCHAIN_TX,0x43a4b1b0b01726b16edfb600f133b77b07802688201d99ba623328e8bf9922f5,24722159,2026-03-23 18:58:47.000 UTC,ethereum,0xa0b86991c6218b36c1d19d4a2e9eb0ce3606eb48,blacklist(address),,BLACKLISTER,,,Circle
CU-IMP-0655,ONCHAIN_TX,0x89d2a24e774af54e4c6573912df8e053b4fcfc1797e8c633b5ea4dc68811a4fe,24722160,2026-03-23 18:58:59.000 UTC,ethereum,0xa0b86991c6218b36c1d19d4a2e9eb0ce3606eb48,blacklist(address),,BLACKLISTER,,,Circle
CU-IMP-0656,ONCHAIN_TX,0x451c3b66561da4fa0f9769aaa2b6096ac430e0692012ddb4497638874ad62958,24722161,2026-03-23 18:59:11.000 UTC,ethereum,0xa0b86991c6218b36c1d19d4a2e9eb0ce3606eb48,blacklist(address),,BLACKLISTER,,,Circle
CU-IMP-0657,ONCHAIN_TX,0xff01e903d70618724233518a8315134ca5560f08d76dde66323018b76faa7817,24722162,2026-03-23 18:59:23.000 UTC,ethereum,0xa0b86991c6218b36c1d19d4a2e9eb0ce3606eb48,blacklist(address),,BLACKLISTER,,,Circle
CU-IMP-0658,ONCHAIN_TX,0x6549fb1df845cc3e464ef697432b6be4152a2ffed8bdc4e0bb369238b3cc7d78,24722163,2026-03-23 18:59:35.000 UTC,ethereum,0xa0b86991c6218b36c1d19d4a2e9eb0ce3606eb48,blacklist(address),,BLACKLISTER,,,Circle
CU-IMP-0659,ONCHAIN_TX,0x02c872b36b13a289faceb1fdbf42a1f66336abf09a715575e08c5618d855bc6f,24722164,2026-03-23 18:59:47.000 UTC,ethereum,0xa0b86991c6218b36c1d19d4a2e9eb0ce3606eb48,blacklist(address),,BLACKLISTER,,,Circle
CU-IMP-0660,ONCHAIN_TX,0xe678dfe825acdb82910016e716b7a732d1c3ff4e24ea58a92271897b7bd65578,24722165,2026-03-23 18:59:59.000 UTC,ethereum,0xa0b86991c6218b36c1d19d4a2e9eb0ce3606eb48,blacklist(address),,BLACKLISTER,,,Circle
CU-IMP-0661,ONCHAIN_TX,0xf264d88e0d0427b0127c5bcaa719f2b265e164f796e8715956578fec3b0ba80d,24722166,2026-03-23 19:00:11.000 UTC,ethereum,0xa0b86991c6218b36c1d19d4a2e9eb0ce3606eb48,blacklist(address),,BLACKLISTER,,,Circle
CU-IMP-0662,ONCHAIN_TX,0xf7320aa128eb37b754862a95f9d8fb330bcdff366e140b29abc212fd8291ee6b,24722167,2026-03-23 19:00:23.000 UTC,ethereum,0xa0b86991c6218b36c1d19d4a2e9eb0ce3606eb48,blacklist(address),,BLACKLISTER,,,Circle
CU-IMP-0663,ONCHAIN_TX,0xfb6e2a9e1c9f4389e95fb96216b4fe8880dc59c92c8dc453e56c51ec0e4277e2,24722168,2026-03-23 19:00:35.000 UTC,ethereum,0xa0b86991c6218b36c1d19d4a2e9eb0ce3606eb48,blacklist(address),,BLACKLISTER,,,Circle
CU-IMP-0664,ONCHAIN_TX,0x5f53bd0e9c3d8f783ad1e24c31859ba78cf86d070b82b306aab6b5e6588e3f66,24722169,2026-03-23 19:00:47.000 UTC,ethereum,0xa0b86991c6218b36c1d19d4a2e9eb0ce3606eb48,blacklist(address),,BLACKLISTER,,,Circle
CU-IMP-0665,ONCHAIN_TX,0x17210905e212f755d11ad819369d65bc68d205f93d73275b623be1bfe4eda8e2,24722170,2026-03-23 19:00:59.000 UTC,ethereum,0xa0b86991c6218b36c1d19d4a2e9eb0ce3606eb48,blacklist(address),,BLACKLISTER,,,Circle
CU-IMP-0666,ONCHAIN_TX,0xf4080ba2c142fcf27c93ec545a7316ced4de6fd579fa741ac75569b4c8d3d186,24722171,2026-03-23 19:01:11.000 UTC,ethereum,0xa0b86991c6218b36c1d19d4a2e9eb0ce3606eb48,blacklist(address),,BLACKLISTER,,,Circle
CU-IMP-0667,ONCHAIN_TX,0x788fa6a97cae7d7cff1392e5d902bd243f756701e273bc21b0b820625da55db3,24722173,2026-03-23 19:01:35.000 UTC,ethereum,0xa0b86991c6218b36c1d19d4a2e9eb0ce3606eb48,blacklist(address),,BLACKLISTER,,,Circle
CU-IMP-0668,ONCHAIN_TX,0x210cec1ae4626695464e1bb185fe70666bba3c1969e57125ebefa6c747d206cd,24722174,2026-03-23 19:01:47.000 UTC,ethereum,0xa0b86991c6218b36c1d19d4a2e9eb0ce3606eb48,blacklist(address),,BLACKLISTER,,,Circle
CU-IMP-0669,ONCHAIN_TX,0xb420e2ae1bf59154d9ef9d4435930f94d7c88294f37ac4ff381c3987efa01a6f,24722175,2026-03-23 19:01:59.000 UTC,ethereum,0xa0b86991c6218b36c1d19d4a2e9eb0ce3606eb48,blacklist(address),,BLACKLISTER,,,Circle
CU-IMP-0670,ONCHAIN_TX,0x36d71f32599a673998b629472e1113cbef2a437bb58b73bb12e7c69156848bd0,24722176,2026-03-23 19:02:11.000 UTC,ethereum,0xa0b86991c6218b36c1d19d4a2e9eb0ce3606eb48,blacklist(address),,BLACKLISTER,,,Circle
CU-IMP-0671,ONCHAIN_TX,0xa3dffba0cdd872c9635497fd0eef6963697f28850e54df0dce8394a271bf17f5,24722177,2026-03-23 19:02:23.000 UTC,ethereum,0xa0b86991c6218b36c1d19d4a2e9eb0ce3606eb48,blacklist(address),,BLACKLISTER,,,Circle
CU-IMP-0672,ONCHAIN_TX,0x06ae5bfe9333e64ca8ed753c32b9809b93d7c26d96a1f72d5a65975cf125b3b6,24722179,2026-03-23 19:02:47.000 UTC,ethereum,0xa0b86991c6218b36c1d19d4a2e9eb0ce3606eb48,blacklist(address),,BLACKLISTER,,,Circle
CU-IMP-0673,ONCHAIN_TX,0x6a92e556a803ff52a53f06902e2a091b97e9762ddd95dc3fde7b06a32f463749,24722180,2026-03-23 19:02:59.000 UTC,ethereum,0xa0b86991c6218b36c1d19d4a2e9eb0ce3606eb48,blacklist(address),,BLACKLISTER,,,Circle
CU-IMP-0674,ONCHAIN_TX,0x4e5823fe66cb80de91c5ff6dc4b8bb2e2745fe866ed99b72a5fd073f1de1c2a3,24722181,2026-03-23 19:03:11.000 UTC,ethereum,0xa0b86991c6218b36c1d19d4a2e9eb0ce3606eb48,blacklist(address),,BLACKLISTER,,,Circle
CU-IMP-0675,ONCHAIN_TX,0xd9e7a7479bbab43ed3f90a9650744cab75831ca9ce6d05f9917cb664fa432853,24722182,2026-03-23 19:03:23.000 UTC,ethereum,0xa0b86991c6218b36c1d19d4a2e9eb0ce3606eb48,blacklist(address),,BLACKLISTER,,,Circle
CU-IMP-0676,ONCHAIN_TX,0x67df1a00f6752b67edc0f49b2e55be55d006f9eab65b07b2b34cd0944f4447fe,24722183,2026-03-23 19:03:35.000 UTC,ethereum,0xa0b86991c6218b36c1d19d4a2e9eb0ce3606eb48,blacklist(address),,BLACKLISTER,,,Circle
CU-IMP-0677,ONCHAIN_TX,0x6be36d0807adb584fb2edcaba0d8323e145ab990f4118b5810d6860fd7725415,24722184,2026-03-23 19:03:47.000 UTC,ethereum,0xa0b86991c6218b36c1d19d4a2e9eb0ce3606eb48,blacklist(address),,BLACKLISTER,,,Circle
CU-IMP-0678,ONCHAIN_TX,0x095f52c482279ba69bf62cc6564f3cb3a56004fbae6e6b05d28aeb52a3cc51c7,24722186,2026-03-23 19:04:11.000 UTC,ethereum,0xa0b86991c6218b36c1d19d4a2e9eb0ce3606eb48,blacklist(address),,BLACKLISTER,,,Circle
CU-IMP-0679,ONCHAIN_TX,0x9e574609f881225b2f126c6d090d88113408a109c22f0fcc1ba16fbcdf751983,24722187,2026-03-23 19:04:23.000 UTC,ethereum,0xa0b86991c6218b36c1d19d4a2e9eb0ce3606eb48,blacklist(address),,BLACKLISTER,,,Circle
CU-IMP-0680,ONCHAIN_TX,0x8ad3ec3cd524cc96ceefe7b97051d511268a30b16be854258223db0a9bda343f,24722188,2026-03-23 19:04:35.000 UTC,ethereum,0xa0b86991c6218b36c1d19d4a2e9eb0ce3606eb48,blacklist(address),,BLACKLISTER,,,Circle
CU-IMP-0681,ONCHAIN_TX,0x44fe2f6e9bcf453bfd6911651364c0e237255aa52f75831fa989dfb64dc21f79,24722189,2026-03-23 19:04:47.000 UTC,ethereum,0xa0b86991c6218b36c1d19d4a2e9eb0ce3606eb48,blacklist(address),,BLACKLISTER,,,Circle
CU-IMP-0682,ONCHAIN_TX,0x36be82e235d35aa060d6160b2019fc627a6c535db411a6d37d9278f0a2e7ada1,24722191,2026-03-23 19:05:11.000 UTC,ethereum,0xa0b86991c6218b36c1d19d4a2e9eb0ce3606eb48,blacklist(address),,BLACKLISTER,,,Circle
CU-IMP-0683,ONCHAIN_TX,0xde0439f7a8cef33317d243e759a4e28766dbde57c428795e890b63975bbf6c1b,24722192,2026-03-23 19:05:23.000 UTC,ethereum,0xa0b86991c6218b36c1d19d4a2e9eb0ce3606eb48,blacklist(address),,BLACKLISTER,,,Circle
CU-IMP-0684,ONCHAIN_TX,0xd6ff5263214b50a5b90ba8689f81de9829e47b20fa6557259d754b0e5ecbaa3b,24722193,2026-03-23 19:05:35.000 UTC,ethereum,0xa0b86991c6218b36c1d19d4a2e9eb0ce3606eb48,blacklist(address),,BLACKLISTER,,,Circle
CU-IMP-0685,ONCHAIN_TX,0x2bb98f1e1e07d7411d6d844e17e857175780d99c99fdb50ba62da9d50c3f5c01,24722194,2026-03-23 19:05:47.000 UTC,ethereum,0xa0b86991c6218b36c1d19d4a2e9eb0ce3606eb48,blacklist(address),,BLACKLISTER,,,Circle
CU-IMP-0686,ONCHAIN_TX,0x8e423a3a8d2260a29f5b3ee66bf0403a86e3f19b94836eea4fbd69cff8693652,24722195,2026-03-23 19:05:59.000 UTC,ethereum,0xa0b86991c6218b36c1d19d4a2e9eb0ce3606eb48,blacklist(address),,BLACKLISTER,,,Circle
CU-IMP-0687,ONCHAIN_TX,0x444159ff0767fd455a634c5da2ef5633a585a5d3b88b57a6493fabf07cdd64f9,24722196,2026-03-23 19:06:11.000 UTC,ethereum,0xa0b86991c6218b36c1d19d4a2e9eb0ce3606eb48,blacklist(address),,BLACKLISTER,,,Circle
CU-IMP-0688,ONCHAIN_TX,0xeaab7a75a07ef4eaac44206fce84598a7261b79a745ca659e425e4ccd836d3b5,24722198,2026-03-23 19:06:35.000 UTC,ethereum,0xa0b86991c6218b36c1d19d4a2e9eb0ce3606eb48,blacklist(address),,BLACKLISTER,,,Circle
CU-IMP-0689,ONCHAIN_TX,0xb7f47ee00ffca6d46795f5cbd5702291ed419148eb54b14ea3175ac39d6a2c6c,24722199,2026-03-23 19:06:47.000 UTC,ethereum,0xa0b86991c6218b36c1d19d4a2e9eb0ce3606eb48,blacklist(address),,BLACKLISTER,,,Circle
CU-IMP-0690,ONCHAIN_TX,0xd87aff6b89e04ac993714f8410b0a9c619a630f8356924f3d0691c1e067fac2c,24722200,2026-03-23 19:06:59.000 UTC,ethereum,0xa0b86991c6218b36c1d19d4a2e9eb0ce3606eb48,blacklist(address),,BLACKLISTER,,,Circle
CU-IMP-0691,ONCHAIN_TX,0xcda6a29887934cd157211d5e9a2fcbd518fc4e4d5ec09fd0c174c5e90674626a,24722201,2026-03-23 19:07:11.000 UTC,ethereum,0xa0b86991c6218b36c1d19d4a2e9eb0ce3606eb48,blacklist(address),,BLACKLISTER,,,Circle
CU-IMP-0692,ONCHAIN_TX,0x48e842283e8ec7a623caeab0c8fe50a7e237e4a89786a785a8014e833e3e4265,24722203,2026-03-23 19:07:35.000 UTC,ethereum,0xa0b86991c6218b36c1d19d4a2e9eb0ce3606eb48,blacklist(address),,BLACKLISTER,,,Circle
CU-IMP-0693,ONCHAIN_TX,0x54ae10eb23d957166ecc9402ab4770ae594d0b65ab82c17b5ff90ca628f114a5,24722204,2026-03-23 19:07:47.000 UTC,ethereum,0xa0b86991c6218b36c1d19d4a2e9eb0ce3606eb48,blacklist(address),,BLACKLISTER,,,Circle
CU-IMP-0694,ONCHAIN_TX,0x1647ec99d2c2426812478c42f0987d7d44624ff206f5c62e301e276de470aa16,24722205,2026-03-23 19:07:59.000 UTC,ethereum,0xa0b86991c6218b36c1d19d4a2e9eb0ce3606eb48,blacklist(address),,BLACKLISTER,,,Circle
CU-IMP-0695,ONCHAIN_TX,0x8c96ebeb800a48f29436374096df867baddfb9ae7f86bff9aa66760fd21da7b5,24722206,2026-03-23 19:08:11.000 UTC,ethereum,0xa0b86991c6218b36c1d19d4a2e9eb0ce3606eb48,blacklist(address),,BLACKLISTER,,,Circle
CU-IMP-0696,ONCHAIN_TX,0xe83ac41b82e78d98cf03a6e3b89bdd662c6b56d7cbc4944760b75ada9f3ef271,24722207,2026-03-23 19:08:23.000 UTC,ethereum,0xa0b86991c6218b36c1d19d4a2e9eb0ce3606eb48,blacklist(address),,BLACKLISTER,,,Circle
CU-IMP-0697,ONCHAIN_TX,0xc15b51b4f872c952fd86bba375833f291c73ed2017a403dc0f3273f2e0ce774b,24722208,2026-03-23 19:08:35.000 UTC,ethereum,0xa0b86991c6218b36c1d19d4a2e9eb0ce3606eb48,blacklist(address),,BLACKLISTER,,,Circle
CU-IMP-0698,ONCHAIN_TX,0xdf555350d39d633080333ecbec2bf55f25e4f6cba63b3ce08232a9910b8f32f6,24722209,2026-03-23 19:08:47.000 UTC,ethereum,0xa0b86991c6218b36c1d19d4a2e9eb0ce3606eb48,blacklist(address),,BLACKLISTER,,,Circle
CU-IMP-0699,ONCHAIN_TX,0xed9fc2920447ff43308b7ce93d613229454c4e8fde99208806b77d2acfe4727c,24722210,2026-03-23 19:08:59.000 UTC,ethereum,0xa0b86991c6218b36c1d19d4a2e9eb0ce3606eb48,blacklist(address),,BLACKLISTER,,,Circle
CU-IMP-0700,ONCHAIN_TX,0x5d14d6b0924c3d880b7ec3f3ef523bd8a289af7c19b7b1cfc65f601b35ffb8f4,24722211,2026-03-23 19:09:11.000 UTC,ethereum,0xa0b86991c6218b36c1d19d4a2e9eb0ce3606eb48,blacklist(address),,BLACKLISTER,,,Circle
CU-IMP-0701,ONCHAIN_TX,0x953dc42a219201e46c6924ddaafae8a1a9d82d2d038d164726788b18651d9982,24722212,2026-03-23 19:09:23.000 UTC,ethereum,0xa0b86991c6218b36c1d19d4a2e9eb0ce3606eb48,blacklist(address),,BLACKLISTER,,,Circle
CU-IMP-0702,ONCHAIN_TX,0x61724125f8030f41a02d8d54deadcdafd8e3d5cfedc436258ed87f2441e53f78,24722213,2026-03-23 19:09:35.000 UTC,ethereum,0xa0b86991c6218b36c1d19d4a2e9eb0ce3606eb48,blacklist(address),,BLACKLISTER,,,Circle
CU-IMP-0703,ONCHAIN_TX,0x9657d1720b3bfd4e4d553171f3e399ddbf2944194b18a32a00908ad614bb1455,24722214,2026-03-23 19:09:47.000 UTC,ethereum,0xa0b86991c6218b36c1d19d4a2e9eb0ce3606eb48,blacklist(address),,BLACKLISTER,,,Circle
CU-IMP-0704,ONCHAIN_TX,0xf15ba307a8e0a2e5b43930591d8947cf62bb51828768d9a3ee4045944caa2722,24722215,2026-03-23 19:09:59.000 UTC,ethereum,0xa0b86991c6218b36c1d19d4a2e9eb0ce3606eb48,blacklist(address),,BLACKLISTER,,,Circle
CU-IMP-0705,ONCHAIN_TX,0x8dc7a1595de49c746fb96b549dca6339dec70183dd46157c6dc32bd5f47695fc,24722216,2026-03-23 19:10:11.000 UTC,ethereum,0xa0b86991c6218b36c1d19d4a2e9eb0ce3606eb48,blacklist(address),,BLACKLISTER,,,Circle
CU-IMP-0706,ONCHAIN_TX,0x688e69958f85b113b37f4b5c818bc9a076e734797e3380f123050f8dbe8442bf,24722217,2026-03-23 19:10:23.000 UTC,ethereum,0xa0b86991c6218b36c1d19d4a2e9eb0ce3606eb48,blacklist(address),,BLACKLISTER,,,Circle
CU-IMP-0707,ONCHAIN_TX,0xa32c8f72f3125c8899dee36343cec8982c8680808b29d1b971a9ad606d8c6f38,24722218,2026-03-23 19:10:35.000 UTC,ethereum,0xa0b86991c6218b36c1d19d4a2e9eb0ce3606eb48,blacklist(address),,BLACKLISTER,,,Circle
CU-IMP-0708,ONCHAIN_TX,0xfdf311db203099da46c8437b6e3a1c38e1704a816ae2f66c12ff1920dfbb5118,24722219,2026-03-23 19:10:47.000 UTC,ethereum,0xa0b86991c6218b36c1d19d4a2e9eb0ce3606eb48,blacklist(address),,BLACKLISTER,,,Circle
CU-IMP-0709,ONCHAIN_TX,0xfa20f9efba0bcd6a0e66ad0cf07b882108c6f5d63dac775a04845f10c0a5a181,24722220,2026-03-23 19:10:59.000 UTC,ethereum,0xa0b86991c6218b36c1d19d4a2e9eb0ce3606eb48,blacklist(address),,BLACKLISTER,,,Circle
CU-IMP-0710,ONCHAIN_TX,0x07179494116f5968066adc68036d9d9834be43ef314f6540b641a64bd48be9e7,24722221,2026-03-23 19:11:11.000 UTC,ethereum,0xa0b86991c6218b36c1d19d4a2e9eb0ce3606eb48,blacklist(address),,BLACKLISTER,,,Circle
CU-IMP-0711,ONCHAIN_TX,0x91fbe618f919e3370aeff21eb027b62bd63426172ef62adeb84a37fd2c4f8a76,24722222,2026-03-23 19:11:23.000 UTC,ethereum,0xa0b86991c6218b36c1d19d4a2e9eb0ce3606eb48,blacklist(address),,BLACKLISTER,,,Circle
CU-IMP-0712,ONCHAIN_TX,0x19a581fe8d8a300c53da8e6e261a9fd0c09c47d5acc5a8677f7a8c7f949ec07b,24722223,2026-03-23 19:11:35.000 UTC,ethereum,0xa0b86991c6218b36c1d19d4a2e9eb0ce3606eb48,blacklist(address),,BLACKLISTER,,,Circle
CU-IMP-0713,ONCHAIN_TX,0x54575c8f685280cddaa4adfc6cae032dbc9feee8cb1e9aed4f5638c8984a9517,24722224,2026-03-23 19:11:47.000 UTC,ethereum,0xa0b86991c6218b36c1d19d4a2e9eb0ce3606eb48,blacklist(address),,BLACKLISTER,,,Circle
CU-IMP-0714,ONCHAIN_TX,0x5c712f515ceab3732982b85a7e8d96c0d4618167f89ea45cce2ad2ea43d38dca,24722225,2026-03-23 19:11:59.000 UTC,ethereum,0xa0b86991c6218b36c1d19d4a2e9eb0ce3606eb48,blacklist(address),,BLACKLISTER,,,Circle
CU-IMP-0715,ONCHAIN_TX,0xfb93c0773e6f490e7ad79c541dfd16fd22d8060b2ce5fbdb15879d4853aaa968,24722226,2026-03-23 19:12:11.000 UTC,ethereum,0xa0b86991c6218b36c1d19d4a2e9eb0ce3606eb48,blacklist(address),,BLACKLISTER,,,Circle
CU-IMP-0716,ONCHAIN_TX,0x4fd73958f87c1258fe3c72e754953f38d185a50ec26e2b8e9c4425dc893000d6,24722227,2026-03-23 19:12:23.000 UTC,ethereum,0xa0b86991c6218b36c1d19d4a2e9eb0ce3606eb48,blacklist(address),,BLACKLISTER,,,Circle
CU-IMP-0717,ONCHAIN_TX,0xa74f8dc097ec7bdf9f1a5d9ae84357fd5d36e26d5aebbf8b7136fb9624468aba,24722228,2026-03-23 19:12:35.000 UTC,ethereum,0xa0b86991c6218b36c1d19d4a2e9eb0ce3606eb48,blacklist(address),,BLACKLISTER,,,Circle
CU-IMP-0718,ONCHAIN_TX,0xaea250d0b916ad336a004c60a782571c939904891d5a342086666561800b13b1,24722229,2026-03-23 19:12:47.000 UTC,ethereum,0xa0b86991c6218b36c1d19d4a2e9eb0ce3606eb48,blacklist(address),,BLACKLISTER,,,Circle
CU-IMP-0719,ONCHAIN_TX,0x61a14993cb107731d8ce548317322456a2b692db0ec4ad7caef51dcb59f126e4,24722230,2026-03-23 19:12:59.000 UTC,ethereum,0xa0b86991c6218b36c1d19d4a2e9eb0ce3606eb48,blacklist(address),,BLACKLISTER,,,Circle
CU-IMP-0720,ONCHAIN_TX,0xa0c3bf25b36d3dfac045d67884eb93881c5f5462eb58ca38549c6d03afca2d04,24722231,2026-03-23 19:13:11.000 UTC,ethereum,0xa0b86991c6218b36c1d19d4a2e9eb0ce3606eb48,blacklist(address),,BLACKLISTER,,,Circle
CU-IMP-0721,ONCHAIN_TX,0x973cc7246f0a3b5600b77ba07f9cbe220e24596d4dafff59ae1971b5c258c7a2,24722232,2026-03-23 19:13:23.000 UTC,ethereum,0xa0b86991c6218b36c1d19d4a2e9eb0ce3606eb48,blacklist(address),,BLACKLISTER,,,Circle
CU-IMP-0722,ONCHAIN_TX,0xb638cddc06d85aab199a0759f04bfac1b1d2afd017828ec8b7b54d0343014b71,24722233,2026-03-23 19:13:35.000 UTC,ethereum,0xa0b86991c6218b36c1d19d4a2e9eb0ce3606eb48,blacklist(address),,BLACKLISTER,,,Circle
CU-IMP-0723,ONCHAIN_TX,0x66781380a0db4af731734ddfab413baad826e70a2042982f52808bb10a7c49cb,24722235,2026-03-23 19:13:59.000 UTC,ethereum,0xa0b86991c6218b36c1d19d4a2e9eb0ce3606eb48,blacklist(address),,BLACKLISTER,,,Circle
CU-IMP-0724,ONCHAIN_TX,0x6aa7a9e156f50f5636f4dab686d52e460396fce256d3d383986cb28e39c78028,24722236,2026-03-23 19:14:11.000 UTC,ethereum,0xa0b86991c6218b36c1d19d4a2e9eb0ce3606eb48,blacklist(address),,BLACKLISTER,,,Circle
CU-IMP-0725,ONCHAIN_TX,0x8c851aa723ce57f6edaefb030e498be28063696efcbe9faa47606b6c5c3c4fbb,24722238,2026-03-23 19:14:35.000 UTC,ethereum,0xa0b86991c6218b36c1d19d4a2e9eb0ce3606eb48,blacklist(address),,BLACKLISTER,,,Circle
CU-IMP-0726,ONCHAIN_TX,0xdcdc430f4c8e3e0bfdf80ad39444340ccc331b38dcd97a1af674b6165ecd6a28,24722241,2026-03-23 19:15:11.000 UTC,ethereum,0xa0b86991c6218b36c1d19d4a2e9eb0ce3606eb48,blacklist(address),,BLACKLISTER,,,Circle
CU-IMP-0727,ONCHAIN_TX,0x1e587606d75f6fc9b4338c7f466bd366111fba437c5712c6619961e9601379ac,24722360,2026-03-23 19:38:59.000 UTC,ethereum,0xa0b86991c6218b36c1d19d4a2e9eb0ce3606eb48,blacklist(address),,BLACKLISTER,,,Circle
CU-IMP-0728,ONCHAIN_TX,0x9256cb93446d3e7b36353e7297808309624c47769f901c1bababeb3ba8dfcc90,24722384,2026-03-23 19:43:47.000 UTC,ethereum,0xa0b86991c6218b36c1d19d4a2e9eb0ce3606eb48,blacklist(address),,BLACKLISTER,,,Circle
CU-IMP-0729,ONCHAIN_TX,0xe330e98984113b7514ca5fefc7bc1b4256919e0daa558a5e4319a58618a2da2f,24722385,2026-03-23 19:43:59.000 UTC,ethereum,0xa0b86991c6218b36c1d19d4a2e9eb0ce3606eb48,blacklist(address),,BLACKLISTER,,,Circle
CU-IMP-0730,ONCHAIN_TX,0xbbcee266150cd4e8206cbf0cda0ecb0ece315ba58e7cfab43d990da0e725172e,24722386,2026-03-23 19:44:11.000 UTC,ethereum,0xa0b86991c6218b36c1d19d4a2e9eb0ce3606eb48,blacklist(address),,BLACKLISTER,,,Circle
CU-IMP-0731,ONCHAIN_TX,0xe68f6d7aeff44ad902a9814fb521f07afda9065578dff79b564589cf529861b5,24722387,2026-03-23 19:44:23.000 UTC,ethereum,0xa0b86991c6218b36c1d19d4a2e9eb0ce3606eb48,blacklist(address),,BLACKLISTER,,,Circle
CU-IMP-0732,ONCHAIN_TX,0x32b9f8c6e6c465d06fb6a3475891c0f4d3fcd60267d61cdaeb075b48e5736504,24722388,2026-03-23 19:44:35.000 UTC,ethereum,0xa0b86991c6218b36c1d19d4a2e9eb0ce3606eb48,blacklist(address),,BLACKLISTER,,,Circle
CU-IMP-0733,ONCHAIN_TX,0xc4da45f2486cf160384bff5f4443fd8ddc9f29d4fb0eaae3e76f9c05fa7d7b05,24722389,2026-03-23 19:44:47.000 UTC,ethereum,0xa0b86991c6218b36c1d19d4a2e9eb0ce3606eb48,blacklist(address),,BLACKLISTER,,,Circle
CU-IMP-0734,ONCHAIN_TX,0x8e05168c3c64ccec0f4a56f2efa2c671d0555a2937961b5da072d1f465e7b142,24738092,2026-03-26 00:16:35.000 UTC,ethereum,0xa0b86991c6218b36c1d19d4a2e9eb0ce3606eb48,unBlacklist(address),,BLACKLISTER,,,Circle
CU-IMP-0735,ONCHAIN_TX,0x9bfa8c095fdaaf94251d3b832cc3b42861fbda5d313342b9eccacd1bfcc6143b,24738098,2026-03-26 00:17:47.000 UTC,ethereum,0xa0b86991c6218b36c1d19d4a2e9eb0ce3606eb48,unBlacklist(address),,BLACKLISTER,,,Circle
CU-IMP-0736,ONCHAIN_TX,0x23632846b0b9c88fb77a15e955795db1e61a7bc9740476627f79446d67fc2c68,24742422,2026-03-26 14:46:35.000 UTC,ethereum,0xa0b86991c6218b36c1d19d4a2e9eb0ce3606eb48,blacklist(address),,BLACKLISTER,,,Circle
CU-IMP-0737,ONCHAIN_TX,0xc026a23c37ae99037c2b6372856e63db263df8fc6dfdfab480b680fd05d1c178,24744210,2026-03-26 20:45:47.000 UTC,ethereum,0xa0b86991c6218b36c1d19d4a2e9eb0ce3606eb48,unBlacklist(address),,BLACKLISTER,,,Circle
CU-IMP-0738,ONCHAIN_TX,0xdef34ec84436893304d870181bad1f65b28ee5fba6bc67f627e7c1df1fc48464,24744215,2026-03-26 20:46:47.000 UTC,ethereum,0xa0b86991c6218b36c1d19d4a2e9eb0ce3606eb48,unBlacklist(address),,BLACKLISTER,,,Circle
CU-IMP-0739,ONCHAIN_TX,0xc70fbdafdf9626979c17fcd36b55491dbcb6e70bf779beede117e977f56d2271,24750916,2026-03-27 19:14:35.000 UTC,ethereum,0xa0b86991c6218b36c1d19d4a2e9eb0ce3606eb48,unBlacklist(address),,BLACKLISTER,,,Circle
CU-IMP-0740,ONCHAIN_TX,0xe124f47b8defe6417630bd49f7cdecac8c757b447e90d48b3c7bea1cbf6ca9cb,24751310,2026-03-27 20:33:35.000 UTC,ethereum,0xa0b86991c6218b36c1d19d4a2e9eb0ce3606eb48,blacklist(address),,BLACKLISTER,,,Circle
CU-IMP-0741,ONCHAIN_TX,0x7b801d2b8f99cce8f91100239aeb89d138ff01ceca1e191a4020520327b7d327,24751312,2026-03-27 20:33:59.000 UTC,ethereum,0xa0b86991c6218b36c1d19d4a2e9eb0ce3606eb48,blacklist(address),,BLACKLISTER,,,Circle
CU-IMP-0742,ONCHAIN_TX,0xc462121c39030adc501466611f2799e87d433563a0bb95de6cc806d9ccc43571,24751315,2026-03-27 20:34:35.000 UTC,ethereum,0xa0b86991c6218b36c1d19d4a2e9eb0ce3606eb48,blacklist(address),,BLACKLISTER,,,Circle
CU-IMP-0743,ONCHAIN_TX,0xb5d17cd1ae83f6b77ea30e64e3af681e8fd8330d314b7a6ccb647134f2d947eb,24751320,2026-03-27 20:35:35.000 UTC,ethereum,0xa0b86991c6218b36c1d19d4a2e9eb0ce3606eb48,blacklist(address),,BLACKLISTER,,,Circle
CU-IMP-0744,ONCHAIN_TX,0x23ce554045ccd71040627c49c569122728435ef495f9efefbff119d373aa045e,24752436,2026-03-28 00:19:59.000 UTC,ethereum,0xa0b86991c6218b36c1d19d4a2e9eb0ce3606eb48,unBlacklist(address),,BLACKLISTER,,,Circle
CU-IMP-0745,ONCHAIN_TX,0x8f8b57e981ddcb595082fe38efcc4bb805a1abdef4ffb035c1e4867a8c4716b9,24752441,2026-03-28 00:20:59.000 UTC,ethereum,0xa0b86991c6218b36c1d19d4a2e9eb0ce3606eb48,unBlacklist(address),,BLACKLISTER,,,Circle
CU-IMP-0746,ONCHAIN_TX,0xf43ce3c3669c5992c89c2deb1fac77d3a4fc6160b093da5eb20304707052cd74,24771947,2026-03-30 17:36:11.000 UTC,ethereum,0xa0b86991c6218b36c1d19d4a2e9eb0ce3606eb48,unBlacklist(address),,BLACKLISTER,,,Circle
CU-IMP-0747,ONCHAIN_TX,0x73cd405881b87dd6227b3cc0e82af5073fc3decdeaeb87a9f52be237c5ec75c5,24771952,2026-03-30 17:37:11.000 UTC,ethereum,0xa0b86991c6218b36c1d19d4a2e9eb0ce3606eb48,unBlacklist(address),,BLACKLISTER,,,Circle
CU-IMP-0748,ONCHAIN_TX,0xc93eb3714e495624e0cd5b0b92c2b3f3286c4add64c986e314fd24935d3a7212,24778869,2026-03-31 16:45:23.000 UTC,ethereum,0xa0b86991c6218b36c1d19d4a2e9eb0ce3606eb48,unBlacklist(address),,BLACKLISTER,,,Circle
CU-IMP-0749,ONCHAIN_TX,0xd4120ece43b0e10337aeddd0af70bd2f30b4d239054ac804b9c32ce1751b148c,24778874,2026-03-31 16:46:23.000 UTC,ethereum,0xa0b86991c6218b36c1d19d4a2e9eb0ce3606eb48,unBlacklist(address),,BLACKLISTER,,,Circle
CU-IMP-0750,ONCHAIN_TX,0x8c3796ebaa70cc58ccf644a2eeb6853a4c3fd4776261583fb56c93133a249b7d,24779413,2026-03-31 18:34:59.000 UTC,ethereum,0xa0b86991c6218b36c1d19d4a2e9eb0ce3606eb48,unBlacklist(address),,BLACKLISTER,,,Circle
CU-IMP-0751,ONCHAIN_TX,0x2e5c1b4ad2c2cd09ad1f30bd9c2dbbf167a218f4a226096d44400690c556c902,24779418,2026-03-31 18:35:59.000 UTC,ethereum,0xa0b86991c6218b36c1d19d4a2e9eb0ce3606eb48,unBlacklist(address),,BLACKLISTER,,,Circle
CU-IMP-0752,ONCHAIN_TX,0xd96de96a54154a2088c33176671224032d13e52ee4bcf8efa5f0943d38b1724a,24782535,2026-04-01 05:02:59.000 UTC,ethereum,0xa0b86991c6218b36c1d19d4a2e9eb0ce3606eb48,unBlacklist(address),,BLACKLISTER,,,Circle
CU-IMP-0753,ONCHAIN_TX,0xe44f1bf8f77eb4603de618f71da7832c213ec4f17f813786930e7458c95f66ba,24793915,2026-04-02 19:07:59.000 UTC,ethereum,0xa0b86991c6218b36c1d19d4a2e9eb0ce3606eb48,unBlacklist(address),,BLACKLISTER,,,Circle
CU-IMP-0754,ONCHAIN_TX,0xa061161159c5ea930109d4ac5ce8817287013b6770543ccb1fd4de5140003419,24793920,2026-04-02 19:08:59.000 UTC,ethereum,0xa0b86991c6218b36c1d19d4a2e9eb0ce3606eb48,unBlacklist(address),,BLACKLISTER,,,Circle
CU-IMP-0755,ONCHAIN_TX,0x231dfda7187bd39c7fcdbd11cf7824a7dab365b732385cb69f85701ab4c101aa,24793925,2026-04-02 19:09:59.000 UTC,ethereum,0xa0b86991c6218b36c1d19d4a2e9eb0ce3606eb48,unBlacklist(address),,BLACKLISTER,,,Circle
CU-IMP-0756,ONCHAIN_TX,0xea41bde5bd9e634d72f414506f9e12b47daaae4e0f1aee2d5aba0568f1e7a1e0,24794875,2026-04-02 22:20:11.000 UTC,ethereum,0xa0b86991c6218b36c1d19d4a2e9eb0ce3606eb48,unBlacklist(address),,BLACKLISTER,,,Circle
CU-IMP-0757,ONCHAIN_TX,0xc16c04939acf417f7293921e0b9254378c18a88aa1362cbd1137a590bab84f86,24794876,2026-04-02 22:20:23.000 UTC,ethereum,0xa0b86991c6218b36c1d19d4a2e9eb0ce3606eb48,unBlacklist(address),,BLACKLISTER,,,Circle
CU-IMP-0758,ONCHAIN_TX,0x429e987ff585ddff3149bb5c3219def4278d8e5c7d1682355b2f57003effd8fc,24794880,2026-04-02 22:21:11.000 UTC,ethereum,0xa0b86991c6218b36c1d19d4a2e9eb0ce3606eb48,unBlacklist(address),,BLACKLISTER,,,Circle
CU-IMP-0759,ONCHAIN_TX,0x17530f21a0dcfe1db4223bf11088da1b369e819b435c27ecc12060a02cd0c625,24794885,2026-04-02 22:22:11.000 UTC,ethereum,0xa0b86991c6218b36c1d19d4a2e9eb0ce3606eb48,unBlacklist(address),,BLACKLISTER,,,Circle
CU-IMP-0760,ONCHAIN_TX,0x3497a9dc0cee54ce0d6ef5bebd7e0eb18d59cd18103bd5a44e243dc4e58886f3,24796791,2026-04-03 04:44:35.000 UTC,ethereum,0xa0b86991c6218b36c1d19d4a2e9eb0ce3606eb48,blacklist(address),,BLACKLISTER,,,Circle
CU-IMP-0761,ONCHAIN_TX,0x705df654501ca82c880da23ae3f6cd959b4f8f54b322d85597dc73b917085039,24804336,2026-04-04 05:57:47.000 UTC,ethereum,0xa0b86991c6218b36c1d19d4a2e9eb0ce3606eb48,unBlacklist(address),,BLACKLISTER,,,Circle
CU-IMP-0762,ONCHAIN_TX,0x2a78d22e732661ed88ea7f21b2ec73583d55bb99d45c79606ccf7acf414281ad,24823295,2026-04-06 21:22:47.000 UTC,ethereum,0xa0b86991c6218b36c1d19d4a2e9eb0ce3606eb48,unBlacklist(address),,BLACKLISTER,,,Circle
CU-IMP-0763,ONCHAIN_TX,0x8c46cc1722e790bac9490427667b2834328bc9ea2b54d0e33d2c3a45d2e97448,24830200,2026-04-07 20:28:11.000 UTC,ethereum,0xa0b86991c6218b36c1d19d4a2e9eb0ce3606eb48,unBlacklist(address),,BLACKLISTER,,,Circle
CU-IMP-0764,ONCHAIN_TX,0x5814c2246c33e7b6d4a73277e1ef06cf7a3c0ac16f6af1a76a5ff276085c6d6c,24857573,2026-04-11 16:04:11.000 UTC,ethereum,0xa0b86991c6218b36c1d19d4a2e9eb0ce3606eb48,blacklist(address),,BLACKLISTER,,,Circle
CU-IMP-0765,ONCHAIN_TX,0xc234734114b41bbadf66d8bc1b030391241395e1000a2da8618166c48f4f6e07,24857574,2026-04-11 16:04:23.000 UTC,ethereum,0xa0b86991c6218b36c1d19d4a2e9eb0ce3606eb48,blacklist(address),,BLACKLISTER,,,Circle
CU-IMP-0766,ONCHAIN_TX,0xbbda32a99dfba44a5289161a497e495ab15d7c19139af7dc1a138fa6c17955c6,24857576,2026-04-11 16:04:47.000 UTC,ethereum,0xa0b86991c6218b36c1d19d4a2e9eb0ce3606eb48,blacklist(address),,BLACKLISTER,,,Circle
CU-IMP-0767,ONCHAIN_TX,0x5d74875ee310c7662b728cbc7751444512e0ad0601db0ddaf731c6e89a43c50c,24857577,2026-04-11 16:04:59.000 UTC,ethereum,0xa0b86991c6218b36c1d19d4a2e9eb0ce3606eb48,blacklist(address),,BLACKLISTER,,,Circle
CU-IMP-0768,ONCHAIN_TX,0xf4245e82f01ad887f97b04a09698bf2a78266dbf95108d5e460d0a3c7639fbed,24857578,2026-04-11 16:05:11.000 UTC,ethereum,0xa0b86991c6218b36c1d19d4a2e9eb0ce3606eb48,blacklist(address),,BLACKLISTER,,,Circle
CU-IMP-0769,ONCHAIN_TX,0xa90d34e13f6a545a3474595007f22d5ae9f7dcef6b731f83c8a560464f86cfbb,24857580,2026-04-11 16:05:35.000 UTC,ethereum,0xa0b86991c6218b36c1d19d4a2e9eb0ce3606eb48,blacklist(address),,BLACKLISTER,,,Circle
CU-IMP-0770,ONCHAIN_TX,0x67072119105066a4bdbddff6e7fb885eafd84b5fc7fb1507de81bb9a3b4f8793,24857581,2026-04-11 16:05:47.000 UTC,ethereum,0xa0b86991c6218b36c1d19d4a2e9eb0ce3606eb48,blacklist(address),,BLACKLISTER,,,Circle
CU-IMP-0771,ONCHAIN_TX,0x84112bc135b4aeea0773935d7b23b0c898bdeb91e5796f5f7ef05114a2736b14,24857582,2026-04-11 16:05:59.000 UTC,ethereum,0xa0b86991c6218b36c1d19d4a2e9eb0ce3606eb48,blacklist(address),,BLACKLISTER,,,Circle
CU-IMP-0772,ONCHAIN_TX,0x7a69a66c748c15062c783f41f4440240036a40e423603f479788303e9dba0607,24857583,2026-04-11 16:06:11.000 UTC,ethereum,0xa0b86991c6218b36c1d19d4a2e9eb0ce3606eb48,blacklist(address),,BLACKLISTER,,,Circle
CU-IMP-0773,ONCHAIN_TX,0x10560f08126599cbdb05ff51b9765d82590d0699856b11bae92d240437ac63ba,24857586,2026-04-11 16:06:47.000 UTC,ethereum,0xa0b86991c6218b36c1d19d4a2e9eb0ce3606eb48,blacklist(address),,BLACKLISTER,,,Circle
CU-IMP-0774,ONCHAIN_TX,0x03caecd7d3b1d253269b7622d29501966b694a6db9ad726d18184e6353d3445b,24857588,2026-04-11 16:07:11.000 UTC,ethereum,0xa0b86991c6218b36c1d19d4a2e9eb0ce3606eb48,blacklist(address),,BLACKLISTER,,,Circle
CU-IMP-0775,ONCHAIN_TX,0x69d2633254679452797a03189750c580e8ba83e28cdfed5e09c9f7a3ed32b227,24857593,2026-04-11 16:08:11.000 UTC,ethereum,0xa0b86991c6218b36c1d19d4a2e9eb0ce3606eb48,blacklist(address),,BLACKLISTER,,,Circle
CU-IMP-0776,ONCHAIN_TX,0x5a1579bab3a565b1552adea7e3cdb0578025ea46f5cff5524edc8f8dc3e46b89,24881294,2026-04-14 23:22:23.000 UTC,ethereum,0xa0b86991c6218b36c1d19d4a2e9eb0ce3606eb48,unBlacklist(address),,BLACKLISTER,,,Circle
CU-IMP-0777,ONCHAIN_TX,0xc6a0697c26b5d94ba312aec33e01c0d4bcba5bc653f40ef94da3f2bf1691d7ba,24881295,2026-04-14 23:22:35.000 UTC,ethereum,0xa0b86991c6218b36c1d19d4a2e9eb0ce3606eb48,unBlacklist(address),,BLACKLISTER,,,Circle
CU-IMP-0778,ONCHAIN_TX,0xcbdae65232e05e00139d043f8008f50a020d4f5d128d4e974e88ffb910ba2a8d,24881298,2026-04-14 23:23:11.000 UTC,ethereum,0xa0b86991c6218b36c1d19d4a2e9eb0ce3606eb48,unBlacklist(address),,BLACKLISTER,,,Circle
CU-IMP-0779,ONCHAIN_TX,0x1cadc207817dd0240619bd9506775ae70f22ecbe1af5f5dfce31a36b3d51fd90,24881303,2026-04-14 23:24:11.000 UTC,ethereum,0xa0b86991c6218b36c1d19d4a2e9eb0ce3606eb48,unBlacklist(address),,BLACKLISTER,,,Circle
CU-IMP-0780,ONCHAIN_TX,0x0e942fd6dab7637b3f581aae0450d222c0c84c6d83aa55d1ffea9db96901f987,24888078,2026-04-15 22:02:47.000 UTC,ethereum,0xa0b86991c6218b36c1d19d4a2e9eb0ce3606eb48,blacklist(address),,BLACKLISTER,,,Circle
CU-IMP-0781,ONCHAIN_TX,0x6a1881d52b0fc4c362b56381176fad854c3033d5ee4de0a76210dbb2406760b2,24888079,2026-04-15 22:02:59.000 UTC,ethereum,0xa0b86991c6218b36c1d19d4a2e9eb0ce3606eb48,blacklist(address),,BLACKLISTER,,,Circle
CU-IMP-0782,ONCHAIN_TX,0xd3b57260b7d6eea6894a83dce306fc4118873e8100c4a1c56b1baf3f674d99b4,24888083,2026-04-15 22:03:47.000 UTC,ethereum,0xa0b86991c6218b36c1d19d4a2e9eb0ce3606eb48,blacklist(address),,BLACKLISTER,,,Circle
CU-IMP-0783,ONCHAIN_TX,0x0cbd2100c09c38d3b0267b7f8ae4ab0080da037efee3f7b7dcb93f4e9160c6cc,2798422,2023-08-18 19:16:31.000 UTC,base,0x833589fcd6edb6e08f4c7c32d4f71b54bda02913,blacklist(address),,BLACKLISTER,,,Circle
CU-IMP-0784,ONCHAIN_TX,0x75bd23c696a8b6bcf3051095aba6db1edd9186ea2eeb691f0bdda57537131dec,2798427,2023-08-18 19:16:41.000 UTC,base,0x833589fcd6edb6e08f4c7c32d4f71b54bda02913,blacklist(address),,BLACKLISTER,,,Circle
CU-IMP-0785,ONCHAIN_TX,0x5a45cb10f5adc601832bc9f7f7ed4ef5235a47226d2605819e602af4861065a6,2798431,2023-08-18 19:16:49.000 UTC,base,0x833589fcd6edb6e08f4c7c32d4f71b54bda02913,blacklist(address),,BLACKLISTER,,,Circle
CU-IMP-0786,ONCHAIN_TX,0x48299556f7ab80e27888983393f8e27435d501229ac7d806d4eba089d1a861ba,2798435,2023-08-18 19:16:57.000 UTC,base,0x833589fcd6edb6e08f4c7c32d4f71b54bda02913,blacklist(address),,BLACKLISTER,,,Circle
CU-IMP-0787,ONCHAIN_TX,0x865e8868bc3caf024f0b6b31c57ddbc8669c49093f4791f1002ea53341fb2741,2798440,2023-08-18 19:17:07.000 UTC,base,0x833589fcd6edb6e08f4c7c32d4f71b54bda02913,blacklist(address),,BLACKLISTER,,,Circle
CU-IMP-0788,ONCHAIN_TX,0x215cd8ee4514ab68792c6cf2c7c903e3035d13100e0a07695b38b89074e5b9ca,2798445,2023-08-18 19:17:17.000 UTC,base,0x833589fcd6edb6e08f4c7c32d4f71b54bda02913,blacklist(address),,BLACKLISTER,,,Circle
CU-IMP-0789,ONCHAIN_TX,0x0bc8bc3ce57b1d64a0a41d2d121ce99cd54fd9cecc0a6743b71c92c7ebdc30a4,2798488,2023-08-18 19:18:43.000 UTC,base,0x833589fcd6edb6e08f4c7c32d4f71b54bda02913,blacklist(address),,BLACKLISTER,,,Circle
CU-IMP-0790,ONCHAIN_TX,0x19efd04ccba08ef10ef31b0bf80c7a83644f5c0e7e2820308f03a2012b554494,2798493,2023-08-18 19:18:53.000 UTC,base,0x833589fcd6edb6e08f4c7c32d4f71b54bda02913,blacklist(address),,BLACKLISTER,,,Circle
CU-IMP-0791,ONCHAIN_TX,0xdae061f5a1d01cdb6b122f78f9b7db8939aaa342c7404e635af11c0b8d7be7c8,2798497,2023-08-18 19:19:01.000 UTC,base,0x833589fcd6edb6e08f4c7c32d4f71b54bda02913,blacklist(address),,BLACKLISTER,,,Circle
CU-IMP-0792,ONCHAIN_TX,0x23cf661df36bc6e0ccca84200d2186f82863b7abfe04e02bfc97ee7b75443d72,2798535,2023-08-18 19:20:17.000 UTC,base,0x833589fcd6edb6e08f4c7c32d4f71b54bda02913,blacklist(address),,BLACKLISTER,,,Circle
CU-IMP-0793,ONCHAIN_TX,0x09f0154e457ac193783a1a8e15db260f6e943b3ede9032948392724ac1af3e97,2798540,2023-08-18 19:20:27.000 UTC,base,0x833589fcd6edb6e08f4c7c32d4f71b54bda02913,blacklist(address),,BLACKLISTER,,,Circle
CU-IMP-0794,ONCHAIN_TX,0x266458d214a4b5337e44d6641cc68c452e77fff70fda820cf0a8e83551fbbdfe,2798550,2023-08-18 19:20:47.000 UTC,base,0x833589fcd6edb6e08f4c7c32d4f71b54bda02913,blacklist(address),,BLACKLISTER,,,Circle
CU-IMP-0795,ONCHAIN_TX,0x55a2d339f09645d02a3f870c92b2a8aa4f0a2b1822bb6b956107fd994da2b1fa,2798555,2023-08-18 19:20:57.000 UTC,base,0x833589fcd6edb6e08f4c7c32d4f71b54bda02913,blacklist(address),,BLACKLISTER,,,Circle
CU-IMP-0796,ONCHAIN_TX,0x45a57c9da49691123e1110c142dbaf578153d5b572d1121795c6918b03632cde,2798560,2023-08-18 19:21:07.000 UTC,base,0x833589fcd6edb6e08f4c7c32d4f71b54bda02913,blacklist(address),,BLACKLISTER,,,Circle
CU-IMP-0797,ONCHAIN_TX,0xcd1b793c3589ab2cc3eb689d379237e361367b8aa1c79a7c80f863b37bdeb125,2800046,2023-08-18 20:10:39.000 UTC,base,0x833589fcd6edb6e08f4c7c32d4f71b54bda02913,blacklist(address),,BLACKLISTER,,,Circle
CU-IMP-0798,ONCHAIN_TX,0xdfacb4c5893ffa0d24ab1bad5ea061c704c0a694faed2f0355497297b3571a37,2800052,2023-08-18 20:10:51.000 UTC,base,0x833589fcd6edb6e08f4c7c32d4f71b54bda02913,blacklist(address),,BLACKLISTER,,,Circle
CU-IMP-0799,ONCHAIN_TX,0xf2d40701abad26eb01528cb0877088a6b4cf40b3af227a2de5b181b4f38c448b,2800057,2023-08-18 20:11:01.000 UTC,base,0x833589fcd6edb6e08f4c7c32d4f71b54bda02913,blacklist(address),,BLACKLISTER,,,Circle
CU-IMP-0800,ONCHAIN_TX,0xf4ba4734d05d9bc10694ceaf2b7619136745d9ecfc801c5f00b76c675bd94341,2800283,2023-08-18 20:18:33.000 UTC,base,0x833589fcd6edb6e08f4c7c32d4f71b54bda02913,blacklist(address),,BLACKLISTER,,,Circle
CU-IMP-0801,ONCHAIN_TX,0x13b4dac6ec313d0fef4fb57d0202c637bb856187e4d8c05f76a5226d5b8b9271,2800286,2023-08-18 20:18:39.000 UTC,base,0x833589fcd6edb6e08f4c7c32d4f71b54bda02913,blacklist(address),,BLACKLISTER,,,Circle
CU-IMP-0802,ONCHAIN_TX,0x42528f759bbbc132aad5b1eba60016842a1789a141ef6757334b182776172d32,2800290,2023-08-18 20:18:47.000 UTC,base,0x833589fcd6edb6e08f4c7c32d4f71b54bda02913,blacklist(address),,BLACKLISTER,,,Circle
CU-IMP-0803,ONCHAIN_TX,0x90af62775ac56bbb5aba702722753ebebbeb42b106724073babaf22d337dec53,2800294,2023-08-18 20:18:55.000 UTC,base,0x833589fcd6edb6e08f4c7c32d4f71b54bda02913,blacklist(address),,BLACKLISTER,,,Circle
CU-IMP-0804,ONCHAIN_TX,0xb980618f66541e9a867e10494170da3395effbd9de587db2f5e6e9e898756f83,2800298,2023-08-18 20:19:03.000 UTC,base,0x833589fcd6edb6e08f4c7c32d4f71b54bda02913,blacklist(address),,BLACKLISTER,,,Circle
CU-IMP-0805,ONCHAIN_TX,0x9fa9d8d5c3b553185658733061713d394f9481f166faec0fca8aa01cbae8e4bd,2800301,2023-08-18 20:19:09.000 UTC,base,0x833589fcd6edb6e08f4c7c32d4f71b54bda02913,blacklist(address),,BLACKLISTER,,,Circle
CU-IMP-0806,ONCHAIN_TX,0xee7ce40e38175dd192f366b14d8677ec17b806fe89ee28ee5f8496348ac357b0,2800304,2023-08-18 20:19:15.000 UTC,base,0x833589fcd6edb6e08f4c7c32d4f71b54bda02913,blacklist(address),,BLACKLISTER,,,Circle
CU-IMP-0807,ONCHAIN_TX,0x459a96f2c9b578a5e2a99cc36002a422e67460ceec5eeab364729cf15ec8117c,2800309,2023-08-18 20:19:25.000 UTC,base,0x833589fcd6edb6e08f4c7c32d4f71b54bda02913,blacklist(address),,BLACKLISTER,,,Circle
CU-IMP-0808,ONCHAIN_TX,0xbaa92d12c790ff34224ccb9a0f17e73f2c75debd1fdcb5ef425db64d6499b0c8,2800313,2023-08-18 20:19:33.000 UTC,base,0x833589fcd6edb6e08f4c7c32d4f71b54bda02913,blacklist(address),,BLACKLISTER,,,Circle
CU-IMP-0809,ONCHAIN_TX,0x75214bd8ead2cd0638906ce8aa1da20b67413be35a9745abb03e319954d763bb,2800318,2023-08-18 20:19:43.000 UTC,base,0x833589fcd6edb6e08f4c7c32d4f71b54bda02913,blacklist(address),,BLACKLISTER,,,Circle
CU-IMP-0810,ONCHAIN_TX,0x36e532c9d05330e07da70907093837dca31795b0a348b16ca662b2e9b20b4102,2800321,2023-08-18 20:19:49.000 UTC,base,0x833589fcd6edb6e08f4c7c32d4f71b54bda02913,blacklist(address),,BLACKLISTER,,,Circle
CU-IMP-0811,ONCHAIN_TX,0x33a38413660db29aeda1688c8b3b581691125481f3024458c17103efd512cb5f,2800325,2023-08-18 20:19:57.000 UTC,base,0x833589fcd6edb6e08f4c7c32d4f71b54bda02913,blacklist(address),,BLACKLISTER,,,Circle
CU-IMP-0812,ONCHAIN_TX,0xe57379219ec0db00afbbec15863b0cba6d97c899004d1fa155b00bbfa9fd1ca9,2800330,2023-08-18 20:20:07.000 UTC,base,0x833589fcd6edb6e08f4c7c32d4f71b54bda02913,blacklist(address),,BLACKLISTER,,,Circle
CU-IMP-0813,ONCHAIN_TX,0x904f7040a458091945c821edd1d4e6e9d8ae0224b926be8939a336d0ff44f1a3,2800334,2023-08-18 20:20:15.000 UTC,base,0x833589fcd6edb6e08f4c7c32d4f71b54bda02913,blacklist(address),,BLACKLISTER,,,Circle
CU-IMP-0814,ONCHAIN_TX,0x2f2869605b02ac25a9e8ce5edf0b9f86905d1e7f797be19164b2d7a918c65668,2800338,2023-08-18 20:20:23.000 UTC,base,0x833589fcd6edb6e08f4c7c32d4f71b54bda02913,blacklist(address),,BLACKLISTER,,,Circle
CU-IMP-0815,ONCHAIN_TX,0xe95ea1256a362afaa8acdda3d23546f6b18df93ba1d0ca021aa334a693a1e7d1,2800342,2023-08-18 20:20:31.000 UTC,base,0x833589fcd6edb6e08f4c7c32d4f71b54bda02913,blacklist(address),,BLACKLISTER,,,Circle
CU-IMP-0816,ONCHAIN_TX,0x68773c5a479c200b9e0954107d3b475fd14bc15617b6b148efa5893708f8e523,2800346,2023-08-18 20:20:39.000 UTC,base,0x833589fcd6edb6e08f4c7c32d4f71b54bda02913,blacklist(address),,BLACKLISTER,,,Circle
CU-IMP-0817,ONCHAIN_TX,0xf59f7d2e8037b953b27b3429daf9129bab54c9e1474b104b2bccf70dc6c5c59a,2800350,2023-08-18 20:20:47.000 UTC,base,0x833589fcd6edb6e08f4c7c32d4f71b54bda02913,blacklist(address),,BLACKLISTER,,,Circle
CU-IMP-0818,ONCHAIN_TX,0x1eedef4bc15e034769837b3da5e9636aa86e11e1152da66e41f621104fcd26a0,2800354,2023-08-18 20:20:55.000 UTC,base,0x833589fcd6edb6e08f4c7c32d4f71b54bda02913,blacklist(address),,BLACKLISTER,,,Circle
CU-IMP-0819,ONCHAIN_TX,0xeda5a8f17a6507bef403de3f616386a399268837bc6f995fe9fdad695673b2e8,2800357,2023-08-18 20:21:01.000 UTC,base,0x833589fcd6edb6e08f4c7c32d4f71b54bda02913,blacklist(address),,BLACKLISTER,,,Circle
CU-IMP-0820,ONCHAIN_TX,0x97dd61fe30cab8b2ec719982e9070cd117a6aa7d742fdc315eca923b2e45c0d1,2800362,2023-08-18 20:21:11.000 UTC,base,0x833589fcd6edb6e08f4c7c32d4f71b54bda02913,blacklist(address),,BLACKLISTER,,,Circle
CU-IMP-0821,ONCHAIN_TX,0x6c47eef46458cd0694606ed30f6a1b62ae9e530bb183dc5b6cfc9d0c0511ae9c,2800367,2023-08-18 20:21:21.000 UTC,base,0x833589fcd6edb6e08f4c7c32d4f71b54bda02913,blacklist(address),,BLACKLISTER,,,Circle
CU-IMP-0822,ONCHAIN_TX,0x113a621170057595043dae3bbd0aa8bb15df9b52597afaa363a4649035128497,2800371,2023-08-18 20:21:29.000 UTC,base,0x833589fcd6edb6e08f4c7c32d4f71b54bda02913,blacklist(address),,BLACKLISTER,,,Circle
CU-IMP-0823,ONCHAIN_TX,0xa3a7379d004696b0ee7cb8900608a532c61c89a2f10632898106929fb550efdf,2800374,2023-08-18 20:21:35.000 UTC,base,0x833589fcd6edb6e08f4c7c32d4f71b54bda02913,blacklist(address),,BLACKLISTER,,,Circle
CU-IMP-0824,ONCHAIN_TX,0x8c7a6c8a19f35ace19a07bf4313e3ddd158c405b809fbeb837f7271bc8184f47,2800378,2023-08-18 20:21:43.000 UTC,base,0x833589fcd6edb6e08f4c7c32d4f71b54bda02913,blacklist(address),,BLACKLISTER,,,Circle
CU-IMP-0825,ONCHAIN_TX,0xce4bdde7cb4427bd1ffc888338581ea6b48956fe9f803ecbb2885ebd4a204786,2800381,2023-08-18 20:21:49.000 UTC,base,0x833589fcd6edb6e08f4c7c32d4f71b54bda02913,blacklist(address),,BLACKLISTER,,,Circle
CU-IMP-0826,ONCHAIN_TX,0x0748f026b94295158b66bea3741544f797d8a4cbf4c0ab5f332cdd62778d42c2,2800386,2023-08-18 20:21:59.000 UTC,base,0x833589fcd6edb6e08f4c7c32d4f71b54bda02913,blacklist(address),,BLACKLISTER,,,Circle
CU-IMP-0827,ONCHAIN_TX,0xda508040d915fc85fe5c85fa4eb32403763598933f651509c15d28c7260bc221,2800390,2023-08-18 20:22:07.000 UTC,base,0x833589fcd6edb6e08f4c7c32d4f71b54bda02913,blacklist(address),,BLACKLISTER,,,Circle
CU-IMP-0828,ONCHAIN_TX,0x8d9b1481aac004a6098e15e69ab77b199b452a20262c93c55a7d952cf5ad023c,2800394,2023-08-18 20:22:15.000 UTC,base,0x833589fcd6edb6e08f4c7c32d4f71b54bda02913,blacklist(address),,BLACKLISTER,,,Circle
CU-IMP-0829,ONCHAIN_TX,0xf03a53bd7280f88a5dc1cbd8a376160987aa842bbb21e416383205599d82b831,2800398,2023-08-18 20:22:23.000 UTC,base,0x833589fcd6edb6e08f4c7c32d4f71b54bda02913,blacklist(address),,BLACKLISTER,,,Circle
CU-IMP-0830,ONCHAIN_TX,0x8836023cce46bf4cb2dcb6ece6ee866c2d303739e93b44812d7357e86b0154a9,2800402,2023-08-18 20:22:31.000 UTC,base,0x833589fcd6edb6e08f4c7c32d4f71b54bda02913,blacklist(address),,BLACKLISTER,,,Circle
CU-IMP-0831,ONCHAIN_TX,0xa7cdbdf51d2af5a3ffc6b78d1a3c93b3856d150969523e77d28325bb89ecddf2,2800406,2023-08-18 20:22:39.000 UTC,base,0x833589fcd6edb6e08f4c7c32d4f71b54bda02913,blacklist(address),,BLACKLISTER,,,Circle
CU-IMP-0832,ONCHAIN_TX,0x7aa621cf29e220ecf165791774c341850159faf9ddb4355adb7a4d3a4ec4da54,2800410,2023-08-18 20:22:47.000 UTC,base,0x833589fcd6edb6e08f4c7c32d4f71b54bda02913,blacklist(address),,BLACKLISTER,,,Circle
CU-IMP-0833,ONCHAIN_TX,0x5166a3e65a9ea5668c36d156a943f4192313c0ff3004b909dd3828ad0dd48cca,2800415,2023-08-18 20:22:57.000 UTC,base,0x833589fcd6edb6e08f4c7c32d4f71b54bda02913,blacklist(address),,BLACKLISTER,,,Circle
CU-IMP-0834,ONCHAIN_TX,0x1839e978ca74b0c964dcdfe64782d8c079413d234e5ddcb6ca3fa0ed84cb4229,2800419,2023-08-18 20:23:05.000 UTC,base,0x833589fcd6edb6e08f4c7c32d4f71b54bda02913,blacklist(address),,BLACKLISTER,,,Circle
CU-IMP-0835,ONCHAIN_TX,0xcc76564a548bbe860b9e481fe00860b59f133725f44341e3fc3e09d278290921,2800422,2023-08-18 20:23:11.000 UTC,base,0x833589fcd6edb6e08f4c7c32d4f71b54bda02913,blacklist(address),,BLACKLISTER,,,Circle
CU-IMP-0836,ONCHAIN_TX,0x72290554be3ea57f02506e39e01b78ddf86bb170587ac149bf9c1f5d5d75125a,2800426,2023-08-18 20:23:19.000 UTC,base,0x833589fcd6edb6e08f4c7c32d4f71b54bda02913,blacklist(address),,BLACKLISTER,,,Circle
CU-IMP-0837,ONCHAIN_TX,0x90ce99be14066d3cbb1e3bee4791840112e6cfb6c751f91635e6da070e680554,2800430,2023-08-18 20:23:27.000 UTC,base,0x833589fcd6edb6e08f4c7c32d4f71b54bda02913,blacklist(address),,BLACKLISTER,,,Circle
CU-IMP-0838,ONCHAIN_TX,0x278240d07f7873c2a2de2bf3239c5130e513e811d18aadeeae73020fda162556,2800433,2023-08-18 20:23:33.000 UTC,base,0x833589fcd6edb6e08f4c7c32d4f71b54bda02913,blacklist(address),,BLACKLISTER,,,Circle
CU-IMP-0839,ONCHAIN_TX,0x51690763ba6c319f35721e3aeb92fd47c5bfbfc247a5f8bc6e27c85628e8b689,2800437,2023-08-18 20:23:41.000 UTC,base,0x833589fcd6edb6e08f4c7c32d4f71b54bda02913,blacklist(address),,BLACKLISTER,,,Circle
CU-IMP-0840,ONCHAIN_TX,0xd12f5198c5ddb6a12ab85aa4bb3e64f8c934e7c5ee6ed0403dc4e809c51ab573,2800442,2023-08-18 20:23:51.000 UTC,base,0x833589fcd6edb6e08f4c7c32d4f71b54bda02913,blacklist(address),,BLACKLISTER,,,Circle
CU-IMP-0841,ONCHAIN_TX,0xd481ca1aa602bee61e896944dcc33c6f2a852ffbcf12068fe4b85ab3a36e8d2a,2800447,2023-08-18 20:24:01.000 UTC,base,0x833589fcd6edb6e08f4c7c32d4f71b54bda02913,blacklist(address),,BLACKLISTER,,,Circle
CU-IMP-0842,ONCHAIN_TX,0x5d05c259dee315888679dbdb4da1dbaa3953817f5f9065c83f87ceb2595d4dd4,2800451,2023-08-18 20:24:09.000 UTC,base,0x833589fcd6edb6e08f4c7c32d4f71b54bda02913,blacklist(address),,BLACKLISTER,,,Circle
CU-IMP-0843,ONCHAIN_TX,0xa9f1bae9c8e3415dd2f6f752f0cc858eab742e6d66da76649e519ebd7f6d875f,2800454,2023-08-18 20:24:15.000 UTC,base,0x833589fcd6edb6e08f4c7c32d4f71b54bda02913,blacklist(address),,BLACKLISTER,,,Circle
CU-IMP-0844,ONCHAIN_TX,0x61923aa044d98919e7837e6a2e1896989c3b62f7926b961f87de4290bf516108,2800458,2023-08-18 20:24:23.000 UTC,base,0x833589fcd6edb6e08f4c7c32d4f71b54bda02913,blacklist(address),,BLACKLISTER,,,Circle
CU-IMP-0845,ONCHAIN_TX,0xf6cabd4e5dd70cababaf4a30a03f1e837a9fb5d1fb214539604e600ded21c614,2800463,2023-08-18 20:24:33.000 UTC,base,0x833589fcd6edb6e08f4c7c32d4f71b54bda02913,blacklist(address),,BLACKLISTER,,,Circle
CU-IMP-0846,ONCHAIN_TX,0xc7a0bc6fb9c8ed108b70317c88ebdc94c0ce9ffbe7c002185f797118961ff2b7,2800466,2023-08-18 20:24:39.000 UTC,base,0x833589fcd6edb6e08f4c7c32d4f71b54bda02913,blacklist(address),,BLACKLISTER,,,Circle
CU-IMP-0847,ONCHAIN_TX,0x8af7a44eae5a8fcdffbf103a819f935acad76dd5f4bb87e07192164a6553426f,2800470,2023-08-18 20:24:47.000 UTC,base,0x833589fcd6edb6e08f4c7c32d4f71b54bda02913,blacklist(address),,BLACKLISTER,,,Circle
CU-IMP-0848,ONCHAIN_TX,0xc4add316acc16a4c0280943ab2520904ca025beccd0f99d8b632bf5bad95a45d,2800473,2023-08-18 20:24:53.000 UTC,base,0x833589fcd6edb6e08f4c7c32d4f71b54bda02913,blacklist(address),,BLACKLISTER,,,Circle
CU-IMP-0849,ONCHAIN_TX,0x7b73b51bcb4e1d31874311a2cdeaec9604d29af4be54cee99ef7c9acb33637ff,2800477,2023-08-18 20:25:01.000 UTC,base,0x833589fcd6edb6e08f4c7c32d4f71b54bda02913,blacklist(address),,BLACKLISTER,,,Circle
CU-IMP-0850,ONCHAIN_TX,0xa2058fb708e051ac7ec1cf280653125a92524356b6b8d92fcd057b03680d1f18,2800482,2023-08-18 20:25:11.000 UTC,base,0x833589fcd6edb6e08f4c7c32d4f71b54bda02913,blacklist(address),,BLACKLISTER,,,Circle
CU-IMP-0851,ONCHAIN_TX,0x1627fa3d4f7c534f5cd9d2a6d2bfebe89a8299580877526e8fb8a6a64b5827bb,2800485,2023-08-18 20:25:17.000 UTC,base,0x833589fcd6edb6e08f4c7c32d4f71b54bda02913,blacklist(address),,BLACKLISTER,,,Circle
CU-IMP-0852,ONCHAIN_TX,0xabbacd4f35a4b707ea8a668ec9a4bf887ccf77da41b6a7f304ba2ebc13cd9256,2800489,2023-08-18 20:25:25.000 UTC,base,0x833589fcd6edb6e08f4c7c32d4f71b54bda02913,blacklist(address),,BLACKLISTER,,,Circle
CU-IMP-0853,ONCHAIN_TX,0x8fc8f91fc87998bb638fb1f00de1a092e6aba8731c0d500a2334abd08317e27d,2800494,2023-08-18 20:25:35.000 UTC,base,0x833589fcd6edb6e08f4c7c32d4f71b54bda02913,blacklist(address),,BLACKLISTER,,,Circle
CU-IMP-0854,ONCHAIN_TX,0xbf234619781b6685825918d6f94e9f4dcec077e3582f337a38f5fb0cbabaaa5a,2800498,2023-08-18 20:25:43.000 UTC,base,0x833589fcd6edb6e08f4c7c32d4f71b54bda02913,blacklist(address),,BLACKLISTER,,,Circle
CU-IMP-0855,ONCHAIN_TX,0x34688f4a4b287996e141837c4c2063c45c9e9fc7424c12a4808ed98993e36b2d,2800502,2023-08-18 20:25:51.000 UTC,base,0x833589fcd6edb6e08f4c7c32d4f71b54bda02913,blacklist(address),,BLACKLISTER,,,Circle
CU-IMP-0856,ONCHAIN_TX,0x901e1d5beb2f3ca03695c99793fb199c1bab625b10c37e91d3a9c679b9dbf323,2800506,2023-08-18 20:25:59.000 UTC,base,0x833589fcd6edb6e08f4c7c32d4f71b54bda02913,blacklist(address),,BLACKLISTER,,,Circle
CU-IMP-0857,ONCHAIN_TX,0x56a4f27361da8eb31848475696d64b123bd526a4fd2e730f36f44c279817cdd8,2800510,2023-08-18 20:26:07.000 UTC,base,0x833589fcd6edb6e08f4c7c32d4f71b54bda02913,blacklist(address),,BLACKLISTER,,,Circle
CU-IMP-0858,ONCHAIN_TX,0x7900f2cbbc44285d5c63ad0278f8f5522717bd97d8439ac52381ad3daa603c77,2800515,2023-08-18 20:26:17.000 UTC,base,0x833589fcd6edb6e08f4c7c32d4f71b54bda02913,blacklist(address),,BLACKLISTER,,,Circle
CU-IMP-0859,ONCHAIN_TX,0x650f0ca85649e66accedbf72f9b5a74ab9a719790885317fde20392432c8350f,2800519,2023-08-18 20:26:25.000 UTC,base,0x833589fcd6edb6e08f4c7c32d4f71b54bda02913,blacklist(address),,BLACKLISTER,,,Circle
CU-IMP-0860,ONCHAIN_TX,0xbab09423f73213bd1533131ed66c620211d2abdab10835cd6910f100b0b5c57d,2800523,2023-08-18 20:26:33.000 UTC,base,0x833589fcd6edb6e08f4c7c32d4f71b54bda02913,blacklist(address),,BLACKLISTER,,,Circle
CU-IMP-0861,ONCHAIN_TX,0xb5ea919032aede2b508aa7da5bcbb94b36cf7c352480f52dd6c8b47f96540fa9,2800528,2023-08-18 20:26:43.000 UTC,base,0x833589fcd6edb6e08f4c7c32d4f71b54bda02913,blacklist(address),,BLACKLISTER,,,Circle
CU-IMP-0862,ONCHAIN_TX,0x740d0e2ccdf5f1d6c73958194a7584f7db7e5f519fda086746e7921c3ceb9447,2800532,2023-08-18 20:26:51.000 UTC,base,0x833589fcd6edb6e08f4c7c32d4f71b54bda02913,blacklist(address),,BLACKLISTER,,,Circle
CU-IMP-0863,ONCHAIN_TX,0x4e9fabb16b88dcbbf15e156b4c9d8e35e56c8524c038d473456db5c4dacb8b9d,2800536,2023-08-18 20:26:59.000 UTC,base,0x833589fcd6edb6e08f4c7c32d4f71b54bda02913,blacklist(address),,BLACKLISTER,,,Circle
CU-IMP-0864,ONCHAIN_TX,0xb002b0ef8311204f60a711a11aa4fc03bc6d0d0d77a0b69a97dce32f9dc987b1,2800541,2023-08-18 20:27:09.000 UTC,base,0x833589fcd6edb6e08f4c7c32d4f71b54bda02913,blacklist(address),,BLACKLISTER,,,Circle
CU-IMP-0865,ONCHAIN_TX,0x6cf612e46a5690a44de72f511ef908c9912739d4c1c8436860bbbb3b8679b364,2800545,2023-08-18 20:27:17.000 UTC,base,0x833589fcd6edb6e08f4c7c32d4f71b54bda02913,blacklist(address),,BLACKLISTER,,,Circle
CU-IMP-0866,ONCHAIN_TX,0x3bf9262d7f48c74b69a7cfc6f47bf723fc0fa1b754a0db95184c8e1aee7793cd,2800550,2023-08-18 20:27:27.000 UTC,base,0x833589fcd6edb6e08f4c7c32d4f71b54bda02913,blacklist(address),,BLACKLISTER,,,Circle
CU-IMP-0867,ONCHAIN_TX,0x167efeeb10d91b2657db4c7ae422935c5c31f47711c768f4e02fc831d5c3db5c,2800554,2023-08-18 20:27:35.000 UTC,base,0x833589fcd6edb6e08f4c7c32d4f71b54bda02913,blacklist(address),,BLACKLISTER,,,Circle
CU-IMP-0868,ONCHAIN_TX,0xb9eb7373590e4b034843a91b7620937002627aad801f84873d22765ca08a375c,2800558,2023-08-18 20:27:43.000 UTC,base,0x833589fcd6edb6e08f4c7c32d4f71b54bda02913,blacklist(address),,BLACKLISTER,,,Circle
CU-IMP-0869,ONCHAIN_TX,0x3fd7bee960c6fd24c580b12b0f120b103cf755c096bc58288153ea76bfc72ec7,2800561,2023-08-18 20:27:49.000 UTC,base,0x833589fcd6edb6e08f4c7c32d4f71b54bda02913,blacklist(address),,BLACKLISTER,,,Circle
CU-IMP-0870,ONCHAIN_TX,0x67710c356a23e7681549cf26dd729324125fb71dcdadd382a889ab76e4d3bc22,2800565,2023-08-18 20:27:57.000 UTC,base,0x833589fcd6edb6e08f4c7c32d4f71b54bda02913,blacklist(address),,BLACKLISTER,,,Circle
CU-IMP-0871,ONCHAIN_TX,0x224708d4d22913072aefcaa5bbb0ae4df487e3b271e9a79e4d1532d05eaebc40,2800569,2023-08-18 20:28:05.000 UTC,base,0x833589fcd6edb6e08f4c7c32d4f71b54bda02913,blacklist(address),,BLACKLISTER,,,Circle
CU-IMP-0872,ONCHAIN_TX,0xbf48f03446fe34fd06875e35d3ec8b577ceac0e06cdfbb1b845fe8426df0d697,2800572,2023-08-18 20:28:11.000 UTC,base,0x833589fcd6edb6e08f4c7c32d4f71b54bda02913,blacklist(address),,BLACKLISTER,,,Circle
CU-IMP-0873,ONCHAIN_TX,0x175b5cab92e3b77ab91293b77b44d44d1b7cb2c0746cbd1b4d22ace3c24f7c96,2800576,2023-08-18 20:28:19.000 UTC,base,0x833589fcd6edb6e08f4c7c32d4f71b54bda02913,blacklist(address),,BLACKLISTER,,,Circle
CU-IMP-0874,ONCHAIN_TX,0x414a6acd4f038f1fd0a59b7d749031f5e2c10d669de0940bdb750a1493cc4e4b,2800580,2023-08-18 20:28:27.000 UTC,base,0x833589fcd6edb6e08f4c7c32d4f71b54bda02913,blacklist(address),,BLACKLISTER,,,Circle
CU-IMP-0875,ONCHAIN_TX,0xd3d099706a29ae8171f328c2a23f4b27769fc4918ee79e2f67dd0f22776dd82a,2800584,2023-08-18 20:28:35.000 UTC,base,0x833589fcd6edb6e08f4c7c32d4f71b54bda02913,blacklist(address),,BLACKLISTER,,,Circle
CU-IMP-0876,ONCHAIN_TX,0x1d015ac420eee40936a9b027943b8a208910faa8e9b75d8b0bb530bef615dbe4,2800588,2023-08-18 20:28:43.000 UTC,base,0x833589fcd6edb6e08f4c7c32d4f71b54bda02913,blacklist(address),,BLACKLISTER,,,Circle
CU-IMP-0877,ONCHAIN_TX,0x87c3af83f31376382db08cfe9e243058f81147d6e7eb1b530219779848df8e01,2800592,2023-08-18 20:28:51.000 UTC,base,0x833589fcd6edb6e08f4c7c32d4f71b54bda02913,blacklist(address),,BLACKLISTER,,,Circle
CU-IMP-0878,ONCHAIN_TX,0x6241bc6ffdcc45efad96f5b213109298d9ee477c1fefe52dedab66c75b2e77e2,2800596,2023-08-18 20:28:59.000 UTC,base,0x833589fcd6edb6e08f4c7c32d4f71b54bda02913,blacklist(address),,BLACKLISTER,,,Circle
CU-IMP-0879,ONCHAIN_TX,0xba6368314396292f1cf5c628117c79b54be0faf2365e08f1fa5206452fb9c625,2800599,2023-08-18 20:29:05.000 UTC,base,0x833589fcd6edb6e08f4c7c32d4f71b54bda02913,blacklist(address),,BLACKLISTER,,,Circle
CU-IMP-0880,ONCHAIN_TX,0x748d38bfa4bbac7598146bcc855f9c151f2b705b2c429283386df1b10dde3d5e,2800603,2023-08-18 20:29:13.000 UTC,base,0x833589fcd6edb6e08f4c7c32d4f71b54bda02913,blacklist(address),,BLACKLISTER,,,Circle
CU-IMP-0881,ONCHAIN_TX,0xe15af59be11b5a6fe593474690c1740046f039b00693eaa0733a469e86569e26,2800608,2023-08-18 20:29:23.000 UTC,base,0x833589fcd6edb6e08f4c7c32d4f71b54bda02913,blacklist(address),,BLACKLISTER,,,Circle
CU-IMP-0882,ONCHAIN_TX,0x0823db7aaa2211a708855467ec8e60f6cf2fa9b24af15f5235f081242de35e17,2800613,2023-08-18 20:29:33.000 UTC,base,0x833589fcd6edb6e08f4c7c32d4f71b54bda02913,blacklist(address),,BLACKLISTER,,,Circle
CU-IMP-0883,ONCHAIN_TX,0x78972bea0e12ac8c25f7e58e0fd0b2e36cd3d40fbf9774b6e35b69e91d791f8e,2800617,2023-08-18 20:29:41.000 UTC,base,0x833589fcd6edb6e08f4c7c32d4f71b54bda02913,blacklist(address),,BLACKLISTER,,,Circle
CU-IMP-0884,ONCHAIN_TX,0x3353b1f9324ffb0f58c288a46ee1e5d684503543f85b59fd91d4e835d353b06e,2800622,2023-08-18 20:29:51.000 UTC,base,0x833589fcd6edb6e08f4c7c32d4f71b54bda02913,blacklist(address),,BLACKLISTER,,,Circle
CU-IMP-0885,ONCHAIN_TX,0xc0dd2247ae6e27ebd2cded4c85c5fc999bbaaccf20d597d71357c8de1a7f1215,2800627,2023-08-18 20:30:01.000 UTC,base,0x833589fcd6edb6e08f4c7c32d4f71b54bda02913,blacklist(address),,BLACKLISTER,,,Circle
CU-IMP-0886,ONCHAIN_TX,0xbfe4e304599bbb5540b66ae50bdaf23feb82904d5b900680cd9c35d93ce9d59b,2800631,2023-08-18 20:30:09.000 UTC,base,0x833589fcd6edb6e08f4c7c32d4f71b54bda02913,blacklist(address),,BLACKLISTER,,,Circle
CU-IMP-0887,ONCHAIN_TX,0xbed4070027444ffc22c98ea01a561268b6a5c17c13f5140e492c3de1c1b68199,2800635,2023-08-18 20:30:17.000 UTC,base,0x833589fcd6edb6e08f4c7c32d4f71b54bda02913,blacklist(address),,BLACKLISTER,,,Circle
CU-IMP-0888,ONCHAIN_TX,0xa4d9ede1fc8c3cace8e159622d37b8d3e2100ec444bdb82c6c984ffc6fbed901,2800639,2023-08-18 20:30:25.000 UTC,base,0x833589fcd6edb6e08f4c7c32d4f71b54bda02913,blacklist(address),,BLACKLISTER,,,Circle
CU-IMP-0889,ONCHAIN_TX,0xb63c477a921c9bae16fe5bb694a499c67c9cf86c64515781810b4142a216355e,2800643,2023-08-18 20:30:33.000 UTC,base,0x833589fcd6edb6e08f4c7c32d4f71b54bda02913,blacklist(address),,BLACKLISTER,,,Circle
CU-IMP-0890,ONCHAIN_TX,0xc9d040fb52cd7adf28b8b8dc0418104c04cdf09a285c111481032e10d78dc02f,2800647,2023-08-18 20:30:41.000 UTC,base,0x833589fcd6edb6e08f4c7c32d4f71b54bda02913,blacklist(address),,BLACKLISTER,,,Circle
CU-IMP-0891,ONCHAIN_TX,0xb38981d9d4de76465236d1b3488ec573ad5dae955519d1d3e239ff3198bf5f68,2800651,2023-08-18 20:30:49.000 UTC,base,0x833589fcd6edb6e08f4c7c32d4f71b54bda02913,blacklist(address),,BLACKLISTER,,,Circle
CU-IMP-0892,ONCHAIN_TX,0x440adf64df37da3f9c87e9a69c22448b7128f8062a0bdeceec953197a0cd4257,2800654,2023-08-18 20:30:55.000 UTC,base,0x833589fcd6edb6e08f4c7c32d4f71b54bda02913,blacklist(address),,BLACKLISTER,,,Circle
CU-IMP-0893,ONCHAIN_TX,0x319dc8438e64f48f903904a4c0e7ce82409a8920fd92a80fef79fc1b46f1a232,2800658,2023-08-18 20:31:03.000 UTC,base,0x833589fcd6edb6e08f4c7c32d4f71b54bda02913,blacklist(address),,BLACKLISTER,,,Circle
CU-IMP-0894,ONCHAIN_TX,0x7ef56160d534580544de044e355426c7afd910f49dea301eb6338adf3cb0047c,2800662,2023-08-18 20:31:11.000 UTC,base,0x833589fcd6edb6e08f4c7c32d4f71b54bda02913,blacklist(address),,BLACKLISTER,,,Circle
CU-IMP-0895,ONCHAIN_TX,0xb9bf1a6e8f510e5adef6ad0195a81f6bdc8783ad35b6a418dbcc7c79e83072a1,2800665,2023-08-18 20:31:17.000 UTC,base,0x833589fcd6edb6e08f4c7c32d4f71b54bda02913,blacklist(address),,BLACKLISTER,,,Circle
CU-IMP-0896,ONCHAIN_TX,0xd6b440e284ed72dd3587be8d26943e18a71f14d2e7dc789f4e17bb3917a17e54,2800668,2023-08-18 20:31:23.000 UTC,base,0x833589fcd6edb6e08f4c7c32d4f71b54bda02913,blacklist(address),,BLACKLISTER,,,Circle
CU-IMP-0897,ONCHAIN_TX,0x2dbc0095ed74afbc36cb99b16ffe41a45edd70a207eb4223814081a0bf63327e,2800672,2023-08-18 20:31:31.000 UTC,base,0x833589fcd6edb6e08f4c7c32d4f71b54bda02913,blacklist(address),,BLACKLISTER,,,Circle
CU-IMP-0898,ONCHAIN_TX,0xf4ae4407188e1b497567d8b4322a07d9d6014cb592669439d67ee4c9111308ff,2800677,2023-08-18 20:31:41.000 UTC,base,0x833589fcd6edb6e08f4c7c32d4f71b54bda02913,blacklist(address),,BLACKLISTER,,,Circle
CU-IMP-0899,ONCHAIN_TX,0xf3ef7d4278671349e87a7f008d7fba8fd4ee32b3175160e9b28559e895e1067e,2800681,2023-08-18 20:31:49.000 UTC,base,0x833589fcd6edb6e08f4c7c32d4f71b54bda02913,blacklist(address),,BLACKLISTER,,,Circle
CU-IMP-0900,ONCHAIN_TX,0xa86e9c65b559d096501073b7a8062d3955372eefd834877d2b4cbd2931c691e2,2800685,2023-08-18 20:31:57.000 UTC,base,0x833589fcd6edb6e08f4c7c32d4f71b54bda02913,blacklist(address),,BLACKLISTER,,,Circle
CU-IMP-0901,ONCHAIN_TX,0x02e231bdb4181cf6feca76540243f4f1d93f7728f7e62a7a864b99343f7791e3,2800688,2023-08-18 20:32:03.000 UTC,base,0x833589fcd6edb6e08f4c7c32d4f71b54bda02913,blacklist(address),,BLACKLISTER,,,Circle
CU-IMP-0902,ONCHAIN_TX,0xb36a9175b8b33f91c94d0d9dda496fd5b2c7e4a29650b1424bbe56a8cd96ee85,2800693,2023-08-18 20:32:13.000 UTC,base,0x833589fcd6edb6e08f4c7c32d4f71b54bda02913,blacklist(address),,BLACKLISTER,,,Circle
CU-IMP-0903,ONCHAIN_TX,0x5362d13407a23a92f8b63af3f34e9c379348899b9f7739a245f17bc31960aa20,2800697,2023-08-18 20:32:21.000 UTC,base,0x833589fcd6edb6e08f4c7c32d4f71b54bda02913,blacklist(address),,BLACKLISTER,,,Circle
CU-IMP-0904,ONCHAIN_TX,0x607d7afb3f009e802d8d8d9a6e4c7fe3fee4f4b2fb9dbf5990af1a2b11acf15d,2800700,2023-08-18 20:32:27.000 UTC,base,0x833589fcd6edb6e08f4c7c32d4f71b54bda02913,blacklist(address),,BLACKLISTER,,,Circle
CU-IMP-0905,ONCHAIN_TX,0x87e82135fa6a1e02f06f4d31e7e577d9eedeb140dc55dbddb8e6be73db7c96f5,2800703,2023-08-18 20:32:33.000 UTC,base,0x833589fcd6edb6e08f4c7c32d4f71b54bda02913,blacklist(address),,BLACKLISTER,,,Circle
CU-IMP-0906,ONCHAIN_TX,0xd0716c5c730061e5e31db6de008f19e281e00d63680f00af69064c06f950856b,2800707,2023-08-18 20:32:41.000 UTC,base,0x833589fcd6edb6e08f4c7c32d4f71b54bda02913,blacklist(address),,BLACKLISTER,,,Circle
CU-IMP-0907,ONCHAIN_TX,0x8392eece31c8d3f49749bf716e55117335077e3ea9f9ffc9f59cf715ed8a6ab6,2800711,2023-08-18 20:32:49.000 UTC,base,0x833589fcd6edb6e08f4c7c32d4f71b54bda02913,blacklist(address),,BLACKLISTER,,,Circle
CU-IMP-0908,ONCHAIN_TX,0xbd013fb5dd1118884a21c8c60f85ddfbd1251b862ad3cc6d78f5b12a426887d1,2800714,2023-08-18 20:32:55.000 UTC,base,0x833589fcd6edb6e08f4c7c32d4f71b54bda02913,blacklist(address),,BLACKLISTER,,,Circle
CU-IMP-0909,ONCHAIN_TX,0x9fac1f76fe61b10ef0c1d8d7c7fc7946b25076fcc28c754724105cdd3eccd30d,2800718,2023-08-18 20:33:03.000 UTC,base,0x833589fcd6edb6e08f4c7c32d4f71b54bda02913,blacklist(address),,BLACKLISTER,,,Circle
CU-IMP-0910,ONCHAIN_TX,0x07dab7740fd8c35b794c7723440e010d26f7afd1186c4a9e11e90e127a6f775e,2800722,2023-08-18 20:33:11.000 UTC,base,0x833589fcd6edb6e08f4c7c32d4f71b54bda02913,blacklist(address),,BLACKLISTER,,,Circle
CU-IMP-0911,ONCHAIN_TX,0x133ac33dbeab4d5713c93e0699ac5b3d7785b8e80d043c60679facf15c866676,2800725,2023-08-18 20:33:17.000 UTC,base,0x833589fcd6edb6e08f4c7c32d4f71b54bda02913,blacklist(address),,BLACKLISTER,,,Circle
CU-IMP-0912,ONCHAIN_TX,0xa742212e07058f213f27348f2dd6a8ae970c746cbe591bad69d93b09b62a7d48,2800728,2023-08-18 20:33:23.000 UTC,base,0x833589fcd6edb6e08f4c7c32d4f71b54bda02913,blacklist(address),,BLACKLISTER,,,Circle
CU-IMP-0913,ONCHAIN_TX,0x0527ea5ad7048fe114533efa38bb155154e140758eaa4b589deeae8ae716adca,2800731,2023-08-18 20:33:29.000 UTC,base,0x833589fcd6edb6e08f4c7c32d4f71b54bda02913,blacklist(address),,BLACKLISTER,,,Circle
CU-IMP-0914,ONCHAIN_TX,0xf6944ad9c3b19f4f66e8d1f9be2b061e34d87f111886fe83c0480482e0319934,2800735,2023-08-18 20:33:37.000 UTC,base,0x833589fcd6edb6e08f4c7c32d4f71b54bda02913,blacklist(address),,BLACKLISTER,,,Circle
CU-IMP-0915,ONCHAIN_TX,0xe59163419106b9bfb34d9b8a787c1dc9ae4073e56c620e7efa6570b5b1abce64,2800739,2023-08-18 20:33:45.000 UTC,base,0x833589fcd6edb6e08f4c7c32d4f71b54bda02913,blacklist(address),,BLACKLISTER,,,Circle
CU-IMP-0916,ONCHAIN_TX,0x2f9bff11308ca907ef0438391edc43f886fddc95b84f313ea2085d9bd7fc52e5,2800742,2023-08-18 20:33:51.000 UTC,base,0x833589fcd6edb6e08f4c7c32d4f71b54bda02913,blacklist(address),,BLACKLISTER,,,Circle
CU-IMP-0917,ONCHAIN_TX,0xde70186bff0e55ee065c74fc0b1ef508e258736d4242fa7a5bf12acd504b20ba,2800745,2023-08-18 20:33:57.000 UTC,base,0x833589fcd6edb6e08f4c7c32d4f71b54bda02913,blacklist(address),,BLACKLISTER,,,Circle
CU-IMP-0918,ONCHAIN_TX,0x6fddfb7c8fb556ed163e438c2764c017bb961ed2c49323803c4dc4e3a795836b,2800749,2023-08-18 20:34:05.000 UTC,base,0x833589fcd6edb6e08f4c7c32d4f71b54bda02913,blacklist(address),,BLACKLISTER,,,Circle
CU-IMP-0919,ONCHAIN_TX,0x93e5a2cdd59cac3c5b2e4e06b2745ceef8f16c1ba4f8f05fd1159de2b585a0c4,2800753,2023-08-18 20:34:13.000 UTC,base,0x833589fcd6edb6e08f4c7c32d4f71b54bda02913,blacklist(address),,BLACKLISTER,,,Circle
CU-IMP-0920,ONCHAIN_TX,0xc193ba06473144036ac7c9c6a2c8fcbedd75b160222b38f0f1f0318e49ae2ffc,2800757,2023-08-18 20:34:21.000 UTC,base,0x833589fcd6edb6e08f4c7c32d4f71b54bda02913,blacklist(address),,BLACKLISTER,,,Circle
CU-IMP-0921,ONCHAIN_TX,0x6886c8b14c0e6ce649c921f981ae4f132e8b2ad878669e3016ad7cbd5b877447,2800760,2023-08-18 20:34:27.000 UTC,base,0x833589fcd6edb6e08f4c7c32d4f71b54bda02913,blacklist(address),,BLACKLISTER,,,Circle
CU-IMP-0922,ONCHAIN_TX,0x982476f63bf6d4ae140cee1d22abcbd4b9f803a4e574e1b449490ba58dc6c1b4,2800764,2023-08-18 20:34:35.000 UTC,base,0x833589fcd6edb6e08f4c7c32d4f71b54bda02913,blacklist(address),,BLACKLISTER,,,Circle
CU-IMP-0923,ONCHAIN_TX,0x0c49bfb8d11d51da2985d59075bfd0ed0fa2319cd566bc279b9f3f1b613a1d96,2800767,2023-08-18 20:34:41.000 UTC,base,0x833589fcd6edb6e08f4c7c32d4f71b54bda02913,blacklist(address),,BLACKLISTER,,,Circle
CU-IMP-0924,ONCHAIN_TX,0x667fe46281c5944ec3987b65a07146fa1c4f86bd10ccec7ec97e87097a25d7a9,3018100,2023-08-23 21:19:07.000 UTC,base,0x833589fcd6edb6e08f4c7c32d4f71b54bda02913,blacklist(address),,BLACKLISTER,,,Circle
CU-IMP-0925,ONCHAIN_TX,0xd1c0f6ea637fe79f441b170d7fda7889c747216657535ac347589fab4b1977cb,3018167,2023-08-23 21:21:21.000 UTC,base,0x833589fcd6edb6e08f4c7c32d4f71b54bda02913,unBlacklist(address),,BLACKLISTER,,,Circle
CU-IMP-0926,ONCHAIN_TX,0xb62c3929f19eb4b964e55c6e2eb4078884bdd0ad3ad88f12b0baa7a6e5f87789,3045442,2023-08-24 12:30:31.000 UTC,base,0x833589fcd6edb6e08f4c7c32d4f71b54bda02913,blacklist(address),,BLACKLISTER,,,Circle
CU-IMP-0927,ONCHAIN_TX,0xb82198094297dd2a80de4eba2082c61650285e46394c85815a23faa5bd0b2dc6,3045459,2023-08-24 12:31:05.000 UTC,base,0x833589fcd6edb6e08f4c7c32d4f71b54bda02913,blacklist(address),,BLACKLISTER,,,Circle
CU-IMP-0928,ONCHAIN_TX,0x2278a2c9d7a477ea7167df516a2a5cc9720fc17fe9ac73159487b13330b1f62c,3045471,2023-08-24 12:31:29.000 UTC,base,0x833589fcd6edb6e08f4c7c32d4f71b54bda02913,blacklist(address),,BLACKLISTER,,,Circle
CU-IMP-0929,ONCHAIN_TX,0x71e550d31613e6939aa87114c000634d7e5faa90a439515974ae239805027dfa,3045480,2023-08-24 12:31:47.000 UTC,base,0x833589fcd6edb6e08f4c7c32d4f71b54bda02913,blacklist(address),,BLACKLISTER,,,Circle
CU-IMP-0930,ONCHAIN_TX,0xa6f46992d911c53e0da9e4c0c1e10ae8ad3bea8fe797fc1e4fd39b62105b1b9e,3045489,2023-08-24 12:32:05.000 UTC,base,0x833589fcd6edb6e08f4c7c32d4f71b54bda02913,blacklist(address),,BLACKLISTER,,,Circle
CU-IMP-0931,ONCHAIN_TX,0x87c430b238979341372ca390e92d73258d86060f5060cc2c03733e95e18f5123,3045498,2023-08-24 12:32:23.000 UTC,base,0x833589fcd6edb6e08f4c7c32d4f71b54bda02913,blacklist(address),,BLACKLISTER,,,Circle
CU-IMP-0932,ONCHAIN_TX,0xd9b7adfaf3fc6e2eaab5b3a9f1987c7d6db73290b137bdf2a1b2a3b2bd1d039e,3045508,2023-08-24 12:32:43.000 UTC,base,0x833589fcd6edb6e08f4c7c32d4f71b54bda02913,blacklist(address),,BLACKLISTER,,,Circle
CU-IMP-0933,ONCHAIN_TX,0xa351782df4f40939356bc0aa1390df804757a90901c3a7f78ade6aa2758625df,3045520,2023-08-24 12:33:07.000 UTC,base,0x833589fcd6edb6e08f4c7c32d4f71b54bda02913,blacklist(address),,BLACKLISTER,,,Circle
CU-IMP-0934,ONCHAIN_TX,0xbfe438435c8c0c9db7367bcae31b1ffba52260077a4ac74e31567f973f963938,4498089,2023-09-27 03:32:05.000 UTC,base,0x833589fcd6edb6e08f4c7c32d4f71b54bda02913,blacklist(address),,BLACKLISTER,,,Circle
CU-IMP-0935,ONCHAIN_TX,0x2e4f9ad884052acd02db2509a5eceae3ad30fc357353aef1ad7b2ff5bb84bd23,4798002,2023-10-04 02:09:11.000 UTC,base,0x833589fcd6edb6e08f4c7c32d4f71b54bda02913,blacklist(address),,BLACKLISTER,,,Circle
CU-IMP-0936,ONCHAIN_TX,0xa8ab4ec8cb5b9731370c9eb9f357f95b564c121ce0822056c6440865569652e8,4798010,2023-10-04 02:09:27.000 UTC,base,0x833589fcd6edb6e08f4c7c32d4f71b54bda02913,blacklist(address),,BLACKLISTER,,,Circle
CU-IMP-0937,ONCHAIN_TX,0x253313100249c0d52acd228406940a9b69fc83ab2d58b11595b65f86b4b03afd,4798019,2023-10-04 02:09:45.000 UTC,base,0x833589fcd6edb6e08f4c7c32d4f71b54bda02913,blacklist(address),,BLACKLISTER,,,Circle
CU-IMP-0938,ONCHAIN_TX,0xfc2626efb218e74ad0459726ebff7950dd03ee12c5a736029743caa8cac1c881,4798025,2023-10-04 02:09:57.000 UTC,base,0x833589fcd6edb6e08f4c7c32d4f71b54bda02913,blacklist(address),,BLACKLISTER,,,Circle
CU-IMP-0939,ONCHAIN_TX,0x1526897bd765a41835d728065eab0d53af062a55d7812f5ed16d07ca4a0d2993,4798032,2023-10-04 02:10:11.000 UTC,base,0x833589fcd6edb6e08f4c7c32d4f71b54bda02913,blacklist(address),,BLACKLISTER,,,Circle
CU-IMP-0940,ONCHAIN_TX,0x06a1c77bccec19dd21a241329ec4cf1207f7f7ab970cac785edd128e52fbccc8,4798040,2023-10-04 02:10:27.000 UTC,base,0x833589fcd6edb6e08f4c7c32d4f71b54bda02913,blacklist(address),,BLACKLISTER,,,Circle
CU-IMP-0941,ONCHAIN_TX,0x0230b9a40429a43c3bc5ed2ef4abe4fac4e73d0c000243b60611bc63d5f1a4a7,4798050,2023-10-04 02:10:47.000 UTC,base,0x833589fcd6edb6e08f4c7c32d4f71b54bda02913,blacklist(address),,BLACKLISTER,,,Circle
CU-IMP-0942,ONCHAIN_TX,0xb3415b94578d89f067a11111e5dc4c17c550684e4db9dc025edee36d5d7f1163,4798060,2023-10-04 02:11:07.000 UTC,base,0x833589fcd6edb6e08f4c7c32d4f71b54bda02913,blacklist(address),,BLACKLISTER,,,Circle
CU-IMP-0943,ONCHAIN_TX,0xf167d1506ff7c95403a650001e9abd2d687bbaadcc7774dd9127578acd3cdf15,10232269,2024-02-06 21:11:25.000 UTC,base,0x833589fcd6edb6e08f4c7c32d4f71b54bda02913,unBlacklist(address),,BLACKLISTER,,,Circle
CU-IMP-0944,ONCHAIN_TX,0xecea861c3085b768d7ab1c136013a89e95c2c00e4064f3210fb297313271a915,10864968,2024-02-21 12:41:23.000 UTC,base,0x833589fcd6edb6e08f4c7c32d4f71b54bda02913,blacklist(address),,BLACKLISTER,,,Circle
CU-IMP-0945,ONCHAIN_TX,0xf2eaaf18fa86d58a7889a6774750c085f8d8dc5f17ebdc0d1fa23241890b2ea4,12117800,2024-03-21 12:42:27.000 UTC,base,0x833589fcd6edb6e08f4c7c32d4f71b54bda02913,blacklist(address),,BLACKLISTER,,,Circle
CU-IMP-0946,ONCHAIN_TX,0xd7fc4a781a868e1c0628cf0fc05fd15d8b6af0f0343d418b79d3214a090083c3,12117866,2024-03-21 12:44:39.000 UTC,base,0x833589fcd6edb6e08f4c7c32d4f71b54bda02913,blacklist(address),,BLACKLISTER,,,Circle
CU-IMP-0947,ONCHAIN_TX,0x34e0284d68ac8f935144d15ef3f779ce78a93696483aba5886d71a4087129deb,12375951,2024-03-27 12:07:29.000 UTC,base,0x833589fcd6edb6e08f4c7c32d4f71b54bda02913,blacklist(address),,BLACKLISTER,,,Circle
CU-IMP-0948,ONCHAIN_TX,0x35ebf436ebbef491d51fdb454776f53bf5e5fa753254a69d9a1abc2edd2274ba,12395924,2024-03-27 23:13:15.000 UTC,base,0x833589fcd6edb6e08f4c7c32d4f71b54bda02913,blacklist(address),,BLACKLISTER,,,Circle
CU-IMP-0949,ONCHAIN_TX,0x7f699e17f2d481a0187bfa99bd3c790b96970e18bcfd595227e283bf7e8487ee,12395937,2024-03-27 23:13:41.000 UTC,base,0x833589fcd6edb6e08f4c7c32d4f71b54bda02913,blacklist(address),,BLACKLISTER,,,Circle
CU-IMP-0950,ONCHAIN_TX,0x3137242ce206b183bab6184c980d3b5ac8512ca57735d011396c0ab43f5f3164,12395958,2024-03-27 23:14:23.000 UTC,base,0x833589fcd6edb6e08f4c7c32d4f71b54bda02913,blacklist(address),,BLACKLISTER,,,Circle
CU-IMP-0951,ONCHAIN_TX,0x355b5fd8e6ce77c1a0f475f191959015861a0fcf90c18da65fa61d48215d6343,12395972,2024-03-27 23:14:51.000 UTC,base,0x833589fcd6edb6e08f4c7c32d4f71b54bda02913,blacklist(address),,BLACKLISTER,,,Circle
CU-IMP-0952,ONCHAIN_TX,0x78f1d134904579d9893881c4d4d015ac47780868cd15be3a34d4b6170a98bec3,12395993,2024-03-27 23:15:33.000 UTC,base,0x833589fcd6edb6e08f4c7c32d4f71b54bda02913,blacklist(address),,BLACKLISTER,,,Circle
CU-IMP-0953,ONCHAIN_TX,0xdf30f11dc906d982e4b99e363d9c98b8ed0ac5183c587495da501298d32078a1,12396027,2024-03-27 23:16:41.000 UTC,base,0x833589fcd6edb6e08f4c7c32d4f71b54bda02913,blacklist(address),,BLACKLISTER,,,Circle
CU-IMP-0954,ONCHAIN_TX,0x59677271905c903abf1363d6a4123cf88ec0ea0f14f17847a3dcd1e41a889398,13810402,2024-04-29 17:02:31.000 UTC,base,0x833589fcd6edb6e08f4c7c32d4f71b54bda02913,blacklist(address),,BLACKLISTER,,,Circle
CU-IMP-0955,ONCHAIN_TX,0x5dc140a2d022b0d8b93c55c68f975cb60707c4edddfe2ded85916627bd1c6d2d,13913710,2024-05-02 02:26:07.000 UTC,base,0x833589fcd6edb6e08f4c7c32d4f71b54bda02913,blacklist(address),,BLACKLISTER,,,Circle
CU-IMP-0956,ONCHAIN_TX,0x33ae419d389576a7e155774b8b84406c34f1cd544d3fc61915667be2e5d2be96,13913820,2024-05-02 02:29:47.000 UTC,base,0x833589fcd6edb6e08f4c7c32d4f71b54bda02913,blacklist(address),,BLACKLISTER,,,Circle
CU-IMP-0957,ONCHAIN_TX,0x2766cef168b68ba2011d575b4b8c9b38d1fc2fb1c295c698c7baccd28eff1047,14298582,2024-05-11 00:15:11.000 UTC,base,0x833589fcd6edb6e08f4c7c32d4f71b54bda02913,blacklist(address),,BLACKLISTER,,,Circle
CU-IMP-0958,ONCHAIN_TX,0xce8ba829892ff418e90f59d1f6f96bf9430cd45941e05418fd42d1e2a3f9a727,15078904,2024-05-29 01:45:55.000 UTC,base,0x833589fcd6edb6e08f4c7c32d4f71b54bda02913,blacklist(address),,BLACKLISTER,,,Circle
CU-IMP-0959,ONCHAIN_TX,0x85360080045b5583f7cea35b275650113ee51e421c4b9daddb0976369cdb06e8,15102551,2024-05-29 14:54:09.000 UTC,base,0x833589fcd6edb6e08f4c7c32d4f71b54bda02913,blacklist(address),,BLACKLISTER,,,Circle
CU-IMP-0960,ONCHAIN_TX,0xc65981f4a0af880397cfd1fa4af5a1edb54c93d657a1a09a2a1ed062db54142f,18838218,2024-08-24 02:16:23.000 UTC,base,0x833589fcd6edb6e08f4c7c32d4f71b54bda02913,blacklist(address),,BLACKLISTER,,,Circle
CU-IMP-0961,ONCHAIN_TX,0x7f63ba401290c579d1f9291abf10b871ee4e9881b17631712e093dec425c7d8a,19748760,2024-09-14 04:07:47.000 UTC,base,0x833589fcd6edb6e08f4c7c32d4f71b54bda02913,blacklist(address),,BLACKLISTER,,,Circle
CU-IMP-0962,ONCHAIN_TX,0xec7d8af20a4fa5c8db133b97bf5570e5c248b4dc71de72df35d9dea239c21845,20308180,2024-09-27 02:55:07.000 UTC,base,0x833589fcd6edb6e08f4c7c32d4f71b54bda02913,blacklist(address),,BLACKLISTER,,,Circle
CU-IMP-0963,ONCHAIN_TX,0x92867d09843f65aefd9ee632c82e2ebd658a156866d9a4c346183d16b6e3cd2b,20308212,2024-09-27 02:56:11.000 UTC,base,0x833589fcd6edb6e08f4c7c32d4f71b54bda02913,blacklist(address),,BLACKLISTER,,,Circle
CU-IMP-0964,ONCHAIN_TX,0x11b15270abb678011d974033db7373f9dc8b4e1a3e5fb509c7e7a60523c6a10c,23293991,2024-12-05 05:42:09.000 UTC,base,0x833589fcd6edb6e08f4c7c32d4f71b54bda02913,blacklist(address),,BLACKLISTER,,,Circle
CU-IMP-0965,ONCHAIN_TX,0xbbbe8792b930c065e79551bc386f824da1997558af03a98420df99511a408e66,23294123,2024-12-05 05:46:33.000 UTC,base,0x833589fcd6edb6e08f4c7c32d4f71b54bda02913,blacklist(address),,BLACKLISTER,,,Circle
CU-IMP-0966,ONCHAIN_TX,0xcbb1125c6302d5fb8ea9b0dd6dc4701fdb3287c546f34b41dc72d3c25e12d9f4,23938736,2024-12-20 03:53:39.000 UTC,base,0x833589fcd6edb6e08f4c7c32d4f71b54bda02913,blacklist(address),,BLACKLISTER,,,Circle
CU-IMP-0967,ONCHAIN_TX,0xf594967912f794a077dc50dcc1f503533d1bb89b54373bf3aa88785e57ea0ae6,23938753,2024-12-20 03:54:13.000 UTC,base,0x833589fcd6edb6e08f4c7c32d4f71b54bda02913,blacklist(address),,BLACKLISTER,,,Circle
CU-IMP-0968,ONCHAIN_TX,0x18095fab9e6334034ab747b2fa32fe85ebf6fac487279df9ddff273bdc78d001,23938766,2024-12-20 03:54:39.000 UTC,base,0x833589fcd6edb6e08f4c7c32d4f71b54bda02913,blacklist(address),,BLACKLISTER,,,Circle
CU-IMP-0969,ONCHAIN_TX,0xed7f12da9c2fa6ec4d2cbbea824aba12c3badf3f048f98b4ff7bf72e5d35affa,23938780,2024-12-20 03:55:07.000 UTC,base,0x833589fcd6edb6e08f4c7c32d4f71b54bda02913,blacklist(address),,BLACKLISTER,,,Circle
CU-IMP-0970,ONCHAIN_TX,0x128adc2684a2760ba8fd65c807e388826c995928c898dadf4fe1078da6e18fbe,23938789,2024-12-20 03:55:25.000 UTC,base,0x833589fcd6edb6e08f4c7c32d4f71b54bda02913,blacklist(address),,BLACKLISTER,,,Circle
CU-IMP-0971,ONCHAIN_TX,0x959d8b89b796aa7b02fab88d7e4c82b4f08791a0948129651c39dc55e0376252,26119237,2025-02-08 15:17:01.000 UTC,base,0x833589fcd6edb6e08f4c7c32d4f71b54bda02913,blacklist(address),,BLACKLISTER,,,Circle
CU-IMP-0972,ONCHAIN_TX,0xc96d9115f585d3cbe374caacbb23bcfb469115731c96ba4b63abe6df1d67d4ea,26823832,2025-02-24 22:43:31.000 UTC,base,0x833589fcd6edb6e08f4c7c32d4f71b54bda02913,blacklist(address),,BLACKLISTER,,,Circle
CU-IMP-0973,ONCHAIN_TX,0xe472f6fb038f8f82a2c2e0d0dca69b7736296d47aab90be38b80394e209f123d,26823844,2025-02-24 22:43:55.000 UTC,base,0x833589fcd6edb6e08f4c7c32d4f71b54bda02913,blacklist(address),,BLACKLISTER,,,Circle
CU-IMP-0974,ONCHAIN_TX,0x16cd72e4dfc55600beed692e259749670c5bb178fcd8a47886fbef03e8664bf8,26823852,2025-02-24 22:44:11.000 UTC,base,0x833589fcd6edb6e08f4c7c32d4f71b54bda02913,blacklist(address),,BLACKLISTER,,,Circle
CU-IMP-0975,ONCHAIN_TX,0x9293a2ab26c8923eb6476d185fbb5e95ac7ae9b37b296606fefcb304446fbe74,27524462,2025-03-13 03:57:51.000 UTC,base,0x833589fcd6edb6e08f4c7c32d4f71b54bda02913,blacklist(address),,BLACKLISTER,,,Circle
CU-IMP-0976,ONCHAIN_TX,0x7a83963727bddf39923ebc6e1158f8e5d28dac6c0803eba0a009eff1ae086d62,27524502,2025-03-13 03:59:11.000 UTC,base,0x833589fcd6edb6e08f4c7c32d4f71b54bda02913,blacklist(address),,BLACKLISTER,,,Circle
CU-IMP-0977,ONCHAIN_TX,0x87ebb873805756172b7b5a4b84fbab902f669ba9e973b35dedb353516fe6481a,27524530,2025-03-13 04:00:07.000 UTC,base,0x833589fcd6edb6e08f4c7c32d4f71b54bda02913,blacklist(address),,BLACKLISTER,,,Circle
CU-IMP-0978,ONCHAIN_TX,0x8355521e065243787821993ec04a3db48bcd243b6d33ff02e9bf38c25c292d8f,27524568,2025-03-13 04:01:23.000 UTC,base,0x833589fcd6edb6e08f4c7c32d4f71b54bda02913,blacklist(address),,BLACKLISTER,,,Circle
CU-IMP-0979,ONCHAIN_TX,0xd44cef75a8c306bd2f7bc3443c7c63f975460d674201523bb59c5b801a0db482,27524606,2025-03-13 04:02:39.000 UTC,base,0x833589fcd6edb6e08f4c7c32d4f71b54bda02913,blacklist(address),,BLACKLISTER,,,Circle
CU-IMP-0980,ONCHAIN_TX,0x085c54993679f3c9cad5833283ab4e6fa3770d15dba6bfa524d6b2357dc903fb,27907024,2025-03-22 00:29:55.000 UTC,base,0x833589fcd6edb6e08f4c7c32d4f71b54bda02913,unBlacklist(address),,BLACKLISTER,,,Circle
CU-IMP-0981,ONCHAIN_TX,0x8c3c3887f4a9cfa2119f23030db282bcb92c9b565038a16e1c312d13ebad49ae,27907025,2025-03-22 00:29:57.000 UTC,base,0x833589fcd6edb6e08f4c7c32d4f71b54bda02913,unBlacklist(address),,BLACKLISTER,,,Circle
CU-IMP-0982,ONCHAIN_TX,0x2cc4c2acc5bd01726bc3ddc50e09f94ed564167b28ef8802991c5552c6da2e2e,27907026,2025-03-22 00:29:59.000 UTC,base,0x833589fcd6edb6e08f4c7c32d4f71b54bda02913,unBlacklist(address),,BLACKLISTER,,,Circle
CU-IMP-0983,ONCHAIN_TX,0xf60c72b8262e4a47186f20969c235c0821157fbed3728ac9d12c95fbd6d9647e,27907027,2025-03-22 00:30:01.000 UTC,base,0x833589fcd6edb6e08f4c7c32d4f71b54bda02913,unBlacklist(address),,BLACKLISTER,,,Circle
CU-IMP-0984,ONCHAIN_TX,0xd34f9075f0c882ceb0405e079906a13833e47039f2fc8447b2a02519e9118a73,27907029,2025-03-22 00:30:05.000 UTC,base,0x833589fcd6edb6e08f4c7c32d4f71b54bda02913,unBlacklist(address),,BLACKLISTER,,,Circle
CU-IMP-0985,ONCHAIN_TX,0x4e96deeba832108b44208e4c89dbb58230c888b221427a211c173172b1f70cd8,27907031,2025-03-22 00:30:09.000 UTC,base,0x833589fcd6edb6e08f4c7c32d4f71b54bda02913,unBlacklist(address),,BLACKLISTER,,,Circle
CU-IMP-0986,ONCHAIN_TX,0xb496f949917da7b44b8fa95acd895f1d767a2c94e6e122ee739c09f3b5cec4ea,27907033,2025-03-22 00:30:13.000 UTC,base,0x833589fcd6edb6e08f4c7c32d4f71b54bda02913,unBlacklist(address),,BLACKLISTER,,,Circle
CU-IMP-0987,ONCHAIN_TX,0xa4aad4b02823a9750170231cd5ffa7391aedb8ddf508840579a11eae92e76d06,27907034,2025-03-22 00:30:15.000 UTC,base,0x833589fcd6edb6e08f4c7c32d4f71b54bda02913,unBlacklist(address),,BLACKLISTER,,,Circle
CU-IMP-0988,ONCHAIN_TX,0xef360cce4acc064223c544785704caa685150116fbe5a0d7d56cd29cb8d50bc8,27907036,2025-03-22 00:30:19.000 UTC,base,0x833589fcd6edb6e08f4c7c32d4f71b54bda02913,unBlacklist(address),,BLACKLISTER,,,Circle
CU-IMP-0989,ONCHAIN_TX,0x25ed30e901a757420af5d4024452ce75297a1bb72032a2db449c39606825be26,27907039,2025-03-22 00:30:25.000 UTC,base,0x833589fcd6edb6e08f4c7c32d4f71b54bda02913,unBlacklist(address),,BLACKLISTER,,,Circle
CU-IMP-0990,ONCHAIN_TX,0x653dfec1e465a586d4fe94a94e2e6cad03236ec66375c72b51541fe279f3a684,27907041,2025-03-22 00:30:29.000 UTC,base,0x833589fcd6edb6e08f4c7c32d4f71b54bda02913,unBlacklist(address),,BLACKLISTER,,,Circle
CU-IMP-0991,ONCHAIN_TX,0xba1934d66826eba5a4dd80e0d15c1b354823ee8d5eb8014cfe7a6f8f00aebc90,27907042,2025-03-22 00:30:31.000 UTC,base,0x833589fcd6edb6e08f4c7c32d4f71b54bda02913,unBlacklist(address),,BLACKLISTER,,,Circle
CU-IMP-0992,ONCHAIN_TX,0x4c4dbaf7fe6b9c79e0875f34ec65edd4ecfc4b0df86d2b155d2bbea37b003dfd,27907043,2025-03-22 00:30:33.000 UTC,base,0x833589fcd6edb6e08f4c7c32d4f71b54bda02913,unBlacklist(address),,BLACKLISTER,,,Circle
CU-IMP-0993,ONCHAIN_TX,0xa54a22b8fd557ca5b250acfc84bcba4326bfa2f8e73206a53092d3585355f2e2,27907045,2025-03-22 00:30:37.000 UTC,base,0x833589fcd6edb6e08f4c7c32d4f71b54bda02913,unBlacklist(address),,BLACKLISTER,,,Circle
CU-IMP-0994,ONCHAIN_TX,0x9357bde3c46778838ae61c8ff542aad4bad4e5c4b85355088c66ec1128fe0680,27907047,2025-03-22 00:30:41.000 UTC,base,0x833589fcd6edb6e08f4c7c32d4f71b54bda02913,unBlacklist(address),,BLACKLISTER,,,Circle
CU-IMP-0995,ONCHAIN_TX,0x6c4f71c4d7595f815d5e3290834a818f05c041033e2f0d251e4ebe053379d7bf,27907049,2025-03-22 00:30:45.000 UTC,base,0x833589fcd6edb6e08f4c7c32d4f71b54bda02913,unBlacklist(address),,BLACKLISTER,,,Circle
CU-IMP-0996,ONCHAIN_TX,0x5c8db2dae5a09c26a32b3cf772b447e5952e42f42c9a3c723aa3a03098a7c71a,27907051,2025-03-22 00:30:49.000 UTC,base,0x833589fcd6edb6e08f4c7c32d4f71b54bda02913,unBlacklist(address),,BLACKLISTER,,,Circle
CU-IMP-0997,ONCHAIN_TX,0x251a6dc5044182523e2e55658668ede1625f165b8f757388c5f96685e963b980,27907053,2025-03-22 00:30:53.000 UTC,base,0x833589fcd6edb6e08f4c7c32d4f71b54bda02913,unBlacklist(address),,BLACKLISTER,,,Circle
CU-IMP-0998,ONCHAIN_TX,0x01f27dc1eb2d6ee45441e3b4318f5d96b264bef2a2b184f0c891cabc4e3f7f91,27907207,2025-03-22 00:36:01.000 UTC,base,0x833589fcd6edb6e08f4c7c32d4f71b54bda02913,unBlacklist(address),,BLACKLISTER,,,Circle
CU-IMP-0999,ONCHAIN_TX,0xa69a7c1b5ea89e743babc941675b7d8763e2df76bf581c0b7f914132d5daa1a8,27907208,2025-03-22 00:36:03.000 UTC,base,0x833589fcd6edb6e08f4c7c32d4f71b54bda02913,unBlacklist(address),,BLACKLISTER,,,Circle
CU-IMP-1000,ONCHAIN_TX,0x0dddf0919cf2596cc1b6aa74b0fb0f1495a6a3915519c81e0fbcfac13e610e2a,27907978,2025-03-22 01:01:43.000 UTC,base,0x833589fcd6edb6e08f4c7c32d4f71b54bda02913,unBlacklist(address),,BLACKLISTER,,,Circle
CU-IMP-1001,ONCHAIN_TX,0x9afcf43bb6a8f9f475e42158927aadb0174332f55ffd89fdadb1c8e735be82b7,27908029,2025-03-22 01:03:25.000 UTC,base,0x833589fcd6edb6e08f4c7c32d4f71b54bda02913,unBlacklist(address),,BLACKLISTER,,,Circle
CU-IMP-1002,ONCHAIN_TX,0x6212014b63ce036c0dbdb8800e2a165cef1bb21ea32c4f855cbf3e5b5fcba577,27908030,2025-03-22 01:03:27.000 UTC,base,0x833589fcd6edb6e08f4c7c32d4f71b54bda02913,unBlacklist(address),,BLACKLISTER,,,Circle
CU-IMP-1003,ONCHAIN_TX,0x547778ead711f4812720cc300360fe01b5efeb056a4195c75f33cc3942087d5e,27908033,2025-03-22 01:03:33.000 UTC,base,0x833589fcd6edb6e08f4c7c32d4f71b54bda02913,unBlacklist(address),,BLACKLISTER,,,Circle
CU-IMP-1004,ONCHAIN_TX,0xfb0f4e12d4c712ac1a02a739046ddabab0a07d19220e358e6aad49b9ed609dbd,27908034,2025-03-22 01:03:35.000 UTC,base,0x833589fcd6edb6e08f4c7c32d4f71b54bda02913,unBlacklist(address),,BLACKLISTER,,,Circle
CU-IMP-1005,ONCHAIN_TX,0xaa8a31bb1c5c030b8cd05ac919653f5f79212a01cc483d6e8b09b7b9049e78e2,27908035,2025-03-22 01:03:37.000 UTC,base,0x833589fcd6edb6e08f4c7c32d4f71b54bda02913,unBlacklist(address),,BLACKLISTER,,,Circle
CU-IMP-1006,ONCHAIN_TX,0x436648dcff670eb3a87035eb554549417fc9840f9f4d8fb38e58031d6ae20978,27908036,2025-03-22 01:03:39.000 UTC,base,0x833589fcd6edb6e08f4c7c32d4f71b54bda02913,unBlacklist(address),,BLACKLISTER,,,Circle
CU-IMP-1007,ONCHAIN_TX,0x5995d7f448bce11e705219fd98249dc2a231280cd8745ef35444ba80c7b8a76a,27908037,2025-03-22 01:03:41.000 UTC,base,0x833589fcd6edb6e08f4c7c32d4f71b54bda02913,unBlacklist(address),,BLACKLISTER,,,Circle
CU-IMP-1008,ONCHAIN_TX,0xbefe059e92ea6d932ab58557314866541eb454f79b1decf46500ed447f4a971f,27908038,2025-03-22 01:03:43.000 UTC,base,0x833589fcd6edb6e08f4c7c32d4f71b54bda02913,unBlacklist(address),,BLACKLISTER,,,Circle
CU-IMP-1009,ONCHAIN_TX,0x4e68e6e1c2179d1faea8a2550370cf9824545419206475373afa6129adbf7877,27908039,2025-03-22 01:03:45.000 UTC,base,0x833589fcd6edb6e08f4c7c32d4f71b54bda02913,unBlacklist(address),,BLACKLISTER,,,Circle
CU-IMP-1010,ONCHAIN_TX,0x14635941f93b33f0127d9dd389740e0916ac8f063d53e2d77606717ec4beefed,27908040,2025-03-22 01:03:47.000 UTC,base,0x833589fcd6edb6e08f4c7c32d4f71b54bda02913,unBlacklist(address),,BLACKLISTER,,,Circle
CU-IMP-1011,ONCHAIN_TX,0xe39bc055fb6e717db02c6a97513c4486a6bbf29ff3752a2070c3abf060b48b84,27908041,2025-03-22 01:03:49.000 UTC,base,0x833589fcd6edb6e08f4c7c32d4f71b54bda02913,unBlacklist(address),,BLACKLISTER,,,Circle
CU-IMP-1012,ONCHAIN_TX,0xdcbc56f6063ba1432595187586978e10a8677a8a70d908029b1e4dd528bfc4c0,27908042,2025-03-22 01:03:51.000 UTC,base,0x833589fcd6edb6e08f4c7c32d4f71b54bda02913,unBlacklist(address),,BLACKLISTER,,,Circle
CU-IMP-1013,ONCHAIN_TX,0x3e1772ce8bff45f61ae5f708cdcc1a7cbdbc47fe222880483868a4fe9cbd8ce1,27908044,2025-03-22 01:03:55.000 UTC,base,0x833589fcd6edb6e08f4c7c32d4f71b54bda02913,unBlacklist(address),,BLACKLISTER,,,Circle
CU-IMP-1014,ONCHAIN_TX,0x490914a1841a0a3d6f2c6f131518f89c857d8a832f686ce686aa3179b93a6690,27908046,2025-03-22 01:03:59.000 UTC,base,0x833589fcd6edb6e08f4c7c32d4f71b54bda02913,unBlacklist(address),,BLACKLISTER,,,Circle
CU-IMP-1015,ONCHAIN_TX,0xc107bb1b1751eb848d5cccbddceadec7deec8d6044a8f4a11a7d1ae70eb8a99d,27908048,2025-03-22 01:04:03.000 UTC,base,0x833589fcd6edb6e08f4c7c32d4f71b54bda02913,unBlacklist(address),,BLACKLISTER,,,Circle
CU-IMP-1016,ONCHAIN_TX,0x6d48310a9c266ea1b6861277d794bf4189e38a4f51ba5f628e1065bf604f9d65,27908050,2025-03-22 01:04:07.000 UTC,base,0x833589fcd6edb6e08f4c7c32d4f71b54bda02913,unBlacklist(address),,BLACKLISTER,,,Circle
CU-IMP-1017,ONCHAIN_TX,0xc371bed6eb90c840628ac75714be9b06792a522750f274a0f5fe054e8f079b48,27908051,2025-03-22 01:04:09.000 UTC,base,0x833589fcd6edb6e08f4c7c32d4f71b54bda02913,unBlacklist(address),,BLACKLISTER,,,Circle
CU-IMP-1018,ONCHAIN_TX,0x3c4fbafef9e2d5f1e6630555e4a555d4656ab772f4a0e2ffb44bd5559cca6b95,27908052,2025-03-22 01:04:11.000 UTC,base,0x833589fcd6edb6e08f4c7c32d4f71b54bda02913,unBlacklist(address),,BLACKLISTER,,,Circle
CU-IMP-1019,ONCHAIN_TX,0x8d1881928c7ffc669035a2e24472c2a7617a7c7aad7a0426353daad629584856,27908053,2025-03-22 01:04:13.000 UTC,base,0x833589fcd6edb6e08f4c7c32d4f71b54bda02913,unBlacklist(address),,BLACKLISTER,,,Circle
CU-IMP-1020,ONCHAIN_TX,0x6e43ae117b6c7f0c5b7870353f0cfe650a525446c012e27edeefda9e96f53aae,27908054,2025-03-22 01:04:15.000 UTC,base,0x833589fcd6edb6e08f4c7c32d4f71b54bda02913,unBlacklist(address),,BLACKLISTER,,,Circle
CU-IMP-1021,ONCHAIN_TX,0x4ac34da5954ed91a03ffddece57f1491ba94b245a474fc68d93b69258dab3d9f,27908055,2025-03-22 01:04:17.000 UTC,base,0x833589fcd6edb6e08f4c7c32d4f71b54bda02913,unBlacklist(address),,BLACKLISTER,,,Circle
CU-IMP-1022,ONCHAIN_TX,0xf741e2097b8fc0402616d0ac2979ae2ef4e08ad9661e47ef2fe5087f66ceda8f,27908056,2025-03-22 01:04:19.000 UTC,base,0x833589fcd6edb6e08f4c7c32d4f71b54bda02913,unBlacklist(address),,BLACKLISTER,,,Circle
CU-IMP-1023,ONCHAIN_TX,0xb36aa1f2619d3807da8d5d3e5c61e3000e802e4b1d70d354c2968aa568e19f71,27908057,2025-03-22 01:04:21.000 UTC,base,0x833589fcd6edb6e08f4c7c32d4f71b54bda02913,unBlacklist(address),,BLACKLISTER,,,Circle
CU-IMP-1024,ONCHAIN_TX,0x7529da1bd914546133d6ebdcf92b92c6622c70e4b1fbee8eb96b8b0b0f596de0,27908086,2025-03-22 01:05:19.000 UTC,base,0x833589fcd6edb6e08f4c7c32d4f71b54bda02913,unBlacklist(address),,BLACKLISTER,,,Circle
CU-IMP-1025,ONCHAIN_TX,0x815c514362a697ea7b934405edf72591dc4d8f9ef66a7977989c6ab4990adc71,27908087,2025-03-22 01:05:21.000 UTC,base,0x833589fcd6edb6e08f4c7c32d4f71b54bda02913,unBlacklist(address),,BLACKLISTER,,,Circle
CU-IMP-1026,ONCHAIN_TX,0xaeff5f8765b21617f3ed9560f7e2ef73b7e05c06f64a3cfecf04621ea0f6659d,27908088,2025-03-22 01:05:23.000 UTC,base,0x833589fcd6edb6e08f4c7c32d4f71b54bda02913,unBlacklist(address),,BLACKLISTER,,,Circle
CU-IMP-1027,ONCHAIN_TX,0x9932a8614a9a39c68863436975a84968b826cfd1fff9332b09bd295e8add5ac0,27908089,2025-03-22 01:05:25.000 UTC,base,0x833589fcd6edb6e08f4c7c32d4f71b54bda02913,unBlacklist(address),,BLACKLISTER,,,Circle
CU-IMP-1028,ONCHAIN_TX,0x8580452abc6eedb2cecd96f95d7d78974fafa352b7268178e3c576d795e08419,27908090,2025-03-22 01:05:27.000 UTC,base,0x833589fcd6edb6e08f4c7c32d4f71b54bda02913,unBlacklist(address),,BLACKLISTER,,,Circle
CU-IMP-1029,ONCHAIN_TX,0x5f59ebdfdd7f8a947b13bd216f2f2294edfea6a5869fe64d69710ac147cbc917,27908091,2025-03-22 01:05:29.000 UTC,base,0x833589fcd6edb6e08f4c7c32d4f71b54bda02913,unBlacklist(address),,BLACKLISTER,,,Circle
CU-IMP-1030,ONCHAIN_TX,0x8387e7d57f93be63bb72d253f4e6c61aad4ff7d437e2eedc90e9ec6304addf54,27908093,2025-03-22 01:05:33.000 UTC,base,0x833589fcd6edb6e08f4c7c32d4f71b54bda02913,unBlacklist(address),,BLACKLISTER,,,Circle
CU-IMP-1031,ONCHAIN_TX,0xabc4244f950dc0634e4537c15b0b44639aa653de2189f272c7d0b91997a7532f,27908094,2025-03-22 01:05:35.000 UTC,base,0x833589fcd6edb6e08f4c7c32d4f71b54bda02913,unBlacklist(address),,BLACKLISTER,,,Circle
CU-IMP-1032,ONCHAIN_TX,0x4d013772897287cce9c2851b9501d9ed9071f07d631c5d1055a285dc087acc28,27908095,2025-03-22 01:05:37.000 UTC,base,0x833589fcd6edb6e08f4c7c32d4f71b54bda02913,unBlacklist(address),,BLACKLISTER,,,Circle
CU-IMP-1033,ONCHAIN_TX,0x8ddd82d6c6f36e34a5b13a1152163a48ffee6d3b47ad78af5a9ed928e90c5ae3,27908097,2025-03-22 01:05:41.000 UTC,base,0x833589fcd6edb6e08f4c7c32d4f71b54bda02913,unBlacklist(address),,BLACKLISTER,,,Circle
CU-IMP-1034,ONCHAIN_TX,0x71faa936450b156c9bbb555061dcf5405357fa7a9bb37fca850b28a81a8be3af,27908098,2025-03-22 01:05:43.000 UTC,base,0x833589fcd6edb6e08f4c7c32d4f71b54bda02913,unBlacklist(address),,BLACKLISTER,,,Circle
CU-IMP-1035,ONCHAIN_TX,0x7a28cf85434484763cf9b88e147c2826dc57109cc219e3112b978e3725acb248,27908099,2025-03-22 01:05:45.000 UTC,base,0x833589fcd6edb6e08f4c7c32d4f71b54bda02913,unBlacklist(address),,BLACKLISTER,,,Circle
CU-IMP-1036,ONCHAIN_TX,0x1acc0de3582ab3301fb7d0c76381a9fdac07ebde41f529022a6ea4ca36bbc681,27908100,2025-03-22 01:05:47.000 UTC,base,0x833589fcd6edb6e08f4c7c32d4f71b54bda02913,unBlacklist(address),,BLACKLISTER,,,Circle
CU-IMP-1037,ONCHAIN_TX,0xa41e4c8fe7e36669fd99720190312ed75dcc1e65f3c3d4e9e5389a89791266f6,27908101,2025-03-22 01:05:49.000 UTC,base,0x833589fcd6edb6e08f4c7c32d4f71b54bda02913,unBlacklist(address),,BLACKLISTER,,,Circle
CU-IMP-1038,ONCHAIN_TX,0x9c753c93139a2353c89f0c3fc5cdddff12a435a82804b03f51415daa5dafa760,27908102,2025-03-22 01:05:51.000 UTC,base,0x833589fcd6edb6e08f4c7c32d4f71b54bda02913,unBlacklist(address),,BLACKLISTER,,,Circle
CU-IMP-1039,ONCHAIN_TX,0xcea4a91409b23b417f44102697d2cefe25d405cf10092f806d7674fc4339991c,27908103,2025-03-22 01:05:53.000 UTC,base,0x833589fcd6edb6e08f4c7c32d4f71b54bda02913,unBlacklist(address),,BLACKLISTER,,,Circle
CU-IMP-1040,ONCHAIN_TX,0x3ef5b51f95fbc47bea573e229d9240b4749c1078dc1981903bba8131b50195c4,27908104,2025-03-22 01:05:55.000 UTC,base,0x833589fcd6edb6e08f4c7c32d4f71b54bda02913,unBlacklist(address),,BLACKLISTER,,,Circle
CU-IMP-1041,ONCHAIN_TX,0xac3e9c832ba570efe8694ce5b86b83ddcdd1db370f157d36c2e25c46e5c1f207,27908105,2025-03-22 01:05:57.000 UTC,base,0x833589fcd6edb6e08f4c7c32d4f71b54bda02913,unBlacklist(address),,BLACKLISTER,,,Circle
CU-IMP-1042,ONCHAIN_TX,0x68efbb8c78b0098b86e10467f9992f4d8294a8e7c7daeb03131bcf1d71817089,27908106,2025-03-22 01:05:59.000 UTC,base,0x833589fcd6edb6e08f4c7c32d4f71b54bda02913,unBlacklist(address),,BLACKLISTER,,,Circle
CU-IMP-1043,ONCHAIN_TX,0x0c240f0148d4a7d0129ec22c8ec892c37202083445bddb637010c466ac237de3,27908107,2025-03-22 01:06:01.000 UTC,base,0x833589fcd6edb6e08f4c7c32d4f71b54bda02913,unBlacklist(address),,BLACKLISTER,,,Circle
CU-IMP-1044,ONCHAIN_TX,0x36e3dfd449baf73b6bdc61ac0cf751b290a3e3dcadb0f69310ae0f5389662bbe,27908108,2025-03-22 01:06:03.000 UTC,base,0x833589fcd6edb6e08f4c7c32d4f71b54bda02913,unBlacklist(address),,BLACKLISTER,,,Circle
CU-IMP-1045,ONCHAIN_TX,0x93508b6ac611bbcde481c4aa73f63ce9c804e7d06518a020c60c48c26d1f11cb,27908109,2025-03-22 01:06:05.000 UTC,base,0x833589fcd6edb6e08f4c7c32d4f71b54bda02913,unBlacklist(address),,BLACKLISTER,,,Circle
CU-IMP-1046,ONCHAIN_TX,0xf57fb94e341722442eafa25fd0936072f487f039cad3ecfbf8f3eb9ff14e1eb7,27908110,2025-03-22 01:06:07.000 UTC,base,0x833589fcd6edb6e08f4c7c32d4f71b54bda02913,unBlacklist(address),,BLACKLISTER,,,Circle
CU-IMP-1047,ONCHAIN_TX,0xeeba6854c5b6a331e3517d96227ed1c7e9cd2da110a9a8bb33e9576af61f863a,27908111,2025-03-22 01:06:09.000 UTC,base,0x833589fcd6edb6e08f4c7c32d4f71b54bda02913,unBlacklist(address),,BLACKLISTER,,,Circle
CU-IMP-1048,ONCHAIN_TX,0xb38768b2eb3cf3fc8595bedd8edc1b311ddfcaa248b5de864e4ae30b1d7e7890,27908112,2025-03-22 01:06:11.000 UTC,base,0x833589fcd6edb6e08f4c7c32d4f71b54bda02913,unBlacklist(address),,BLACKLISTER,,,Circle
CU-IMP-1049,ONCHAIN_TX,0xcee264844c422b3ba87585f0d5489d1f5e59121d28011aacd4b33c472db2a8db,27908113,2025-03-22 01:06:13.000 UTC,base,0x833589fcd6edb6e08f4c7c32d4f71b54bda02913,unBlacklist(address),,BLACKLISTER,,,Circle
CU-IMP-1050,ONCHAIN_TX,0xe71cdc0cbe6ee27d0d78d272949e42bf0a25d6ef61dcbe538471cd9626023db5,27908114,2025-03-22 01:06:15.000 UTC,base,0x833589fcd6edb6e08f4c7c32d4f71b54bda02913,unBlacklist(address),,BLACKLISTER,,,Circle
CU-IMP-1051,ONCHAIN_TX,0x4a2e54a9370d9908c7140b6f9459df1367456a41c2ee27b2e762f4693a7b0d30,27908115,2025-03-22 01:06:17.000 UTC,base,0x833589fcd6edb6e08f4c7c32d4f71b54bda02913,unBlacklist(address),,BLACKLISTER,,,Circle
CU-IMP-1052,ONCHAIN_TX,0xa1884c0c2d380b0df9723a05a28b8a3f0c3596389e3f88f455be0290129e326d,27908116,2025-03-22 01:06:19.000 UTC,base,0x833589fcd6edb6e08f4c7c32d4f71b54bda02913,unBlacklist(address),,BLACKLISTER,,,Circle
CU-IMP-1053,ONCHAIN_TX,0x975645a3c0d20f889ab26426f77bf46e8ccbc95bfe8812762e6eded15a25f512,27908117,2025-03-22 01:06:21.000 UTC,base,0x833589fcd6edb6e08f4c7c32d4f71b54bda02913,unBlacklist(address),,BLACKLISTER,,,Circle
CU-IMP-1054,ONCHAIN_TX,0xfd1d342fd9a388e6df7803f57bbcd4ba23d25d029862ba187db86489368bc696,27908118,2025-03-22 01:06:23.000 UTC,base,0x833589fcd6edb6e08f4c7c32d4f71b54bda02913,unBlacklist(address),,BLACKLISTER,,,Circle
CU-IMP-1055,ONCHAIN_TX,0x446021b1b0b69c2e84e157c2d10eff33c20c275d634918fadba346ac0063ee55,27908119,2025-03-22 01:06:25.000 UTC,base,0x833589fcd6edb6e08f4c7c32d4f71b54bda02913,unBlacklist(address),,BLACKLISTER,,,Circle
CU-IMP-1056,ONCHAIN_TX,0x21bf1bf698c8e66f08c37fd0c132f3cdb56cba6781a599408fb72e2af4a66275,27908120,2025-03-22 01:06:27.000 UTC,base,0x833589fcd6edb6e08f4c7c32d4f71b54bda02913,unBlacklist(address),,BLACKLISTER,,,Circle
CU-IMP-1057,ONCHAIN_TX,0x9f1f796b7f4c096a1b9d040943ec084ca2735128d8e8b2ed684118b1290edb6d,27908121,2025-03-22 01:06:29.000 UTC,base,0x833589fcd6edb6e08f4c7c32d4f71b54bda02913,unBlacklist(address),,BLACKLISTER,,,Circle
CU-IMP-1058,ONCHAIN_TX,0xd1fb0b8b3d06759aebbbf6e1de11de39104f4002c31fb4e01e17849bf26f2a72,27908122,2025-03-22 01:06:31.000 UTC,base,0x833589fcd6edb6e08f4c7c32d4f71b54bda02913,unBlacklist(address),,BLACKLISTER,,,Circle
CU-IMP-1059,ONCHAIN_TX,0xe0fcff770bbe60fde4ccc5ac9a247e68b6c7bfd9abeea0675f3ef0bf2ce8f210,27908123,2025-03-22 01:06:33.000 UTC,base,0x833589fcd6edb6e08f4c7c32d4f71b54bda02913,unBlacklist(address),,BLACKLISTER,,,Circle
CU-IMP-1060,ONCHAIN_TX,0xf6460a4086f54aa57669e1f07122ed3f9e2be1f80ffdb0c16f7c9bc82c6af512,27908124,2025-03-22 01:06:35.000 UTC,base,0x833589fcd6edb6e08f4c7c32d4f71b54bda02913,unBlacklist(address),,BLACKLISTER,,,Circle
CU-IMP-1061,ONCHAIN_TX,0x254c69f31983fbcd2532de97fc5b327752d090378c04bc3247c21c860d2ba201,27908125,2025-03-22 01:06:37.000 UTC,base,0x833589fcd6edb6e08f4c7c32d4f71b54bda02913,unBlacklist(address),,BLACKLISTER,,,Circle
CU-IMP-1062,ONCHAIN_TX,0x289293edb14d0fe04b3b135c8b2b65e65ccaed518c97bb83054e147b1b5cca57,27908126,2025-03-22 01:06:39.000 UTC,base,0x833589fcd6edb6e08f4c7c32d4f71b54bda02913,unBlacklist(address),,BLACKLISTER,,,Circle
CU-IMP-1063,ONCHAIN_TX,0x1ba79590d11a018e5b1453480242ac8f06403ae06d93b3f4f06e2e40f255c9f5,27908127,2025-03-22 01:06:41.000 UTC,base,0x833589fcd6edb6e08f4c7c32d4f71b54bda02913,unBlacklist(address),,BLACKLISTER,,,Circle
CU-IMP-1064,ONCHAIN_TX,0xe504e2fec9d57b2aaa2bb29958cf30312a8c7b8613ac0e11b787439828f47fa3,27908128,2025-03-22 01:06:43.000 UTC,base,0x833589fcd6edb6e08f4c7c32d4f71b54bda02913,unBlacklist(address),,BLACKLISTER,,,Circle
CU-IMP-1065,ONCHAIN_TX,0xd718043f4b30219cd91042090576999fe414578a14720271da1c88aa7c70f46c,27908129,2025-03-22 01:06:45.000 UTC,base,0x833589fcd6edb6e08f4c7c32d4f71b54bda02913,unBlacklist(address),,BLACKLISTER,,,Circle
CU-IMP-1066,ONCHAIN_TX,0xb64171c3ceb352be873868baf8fa6170812421619bc39e6b2455a2ccfd871ee4,27908130,2025-03-22 01:06:47.000 UTC,base,0x833589fcd6edb6e08f4c7c32d4f71b54bda02913,unBlacklist(address),,BLACKLISTER,,,Circle
CU-IMP-1067,ONCHAIN_TX,0x6df2cc5e70395a6cc21135180ae01099ea430a61b3a066729d1e73cbaffb0285,27908131,2025-03-22 01:06:49.000 UTC,base,0x833589fcd6edb6e08f4c7c32d4f71b54bda02913,unBlacklist(address),,BLACKLISTER,,,Circle
CU-IMP-1068,ONCHAIN_TX,0x5111c68cb815f25f2e3389a5adb6660490a26aa6a923cd625b0825a9152125c3,27908132,2025-03-22 01:06:51.000 UTC,base,0x833589fcd6edb6e08f4c7c32d4f71b54bda02913,unBlacklist(address),,BLACKLISTER,,,Circle
CU-IMP-1069,ONCHAIN_TX,0x33c1ecd4d8443a119142e836820b8fa20c66b6f0516f89397cba3a626b24d852,27908133,2025-03-22 01:06:53.000 UTC,base,0x833589fcd6edb6e08f4c7c32d4f71b54bda02913,unBlacklist(address),,BLACKLISTER,,,Circle
CU-IMP-1070,ONCHAIN_TX,0x95274734fb4eb8365de34c928fdf7f07e42ea639ff653592e2f9f1cdb0fb1cd9,28416394,2025-04-02 19:28:55.000 UTC,base,0x833589fcd6edb6e08f4c7c32d4f71b54bda02913,blacklist(address),,BLACKLISTER,,,Circle
CU-IMP-1071,ONCHAIN_TX,0x26230f44dd416f238adb24c84abd307c2bbb18dfdc6de3c70f0bebf3d16283f8,28416403,2025-04-02 19:29:13.000 UTC,base,0x833589fcd6edb6e08f4c7c32d4f71b54bda02913,blacklist(address),,BLACKLISTER,,,Circle
CU-IMP-1072,ONCHAIN_TX,0x0d059aae59fd60365d8a2a29c858875c800ea7511c880fe1d771ea3c7a70f24e,28416411,2025-04-02 19:29:29.000 UTC,base,0x833589fcd6edb6e08f4c7c32d4f71b54bda02913,blacklist(address),,BLACKLISTER,,,Circle
CU-IMP-1073,ONCHAIN_TX,0x6857f15ed61b1eac9f42e5d2de99b84e668d80da0b420a05c3435f822fa7440d,28416419,2025-04-02 19:29:45.000 UTC,base,0x833589fcd6edb6e08f4c7c32d4f71b54bda02913,blacklist(address),,BLACKLISTER,,,Circle
CU-IMP-1074,ONCHAIN_TX,0x3a25d0989d1b5c0595b936a75bef0dc058b096aad1dc410fe43449d618ce6a10,28416428,2025-04-02 19:30:03.000 UTC,base,0x833589fcd6edb6e08f4c7c32d4f71b54bda02913,blacklist(address),,BLACKLISTER,,,Circle
CU-IMP-1075,ONCHAIN_TX,0x372ee0e601ba2c7ea95738316cc06df20efbb58ebee5364baee2d38be356b28b,28416436,2025-04-02 19:30:19.000 UTC,base,0x833589fcd6edb6e08f4c7c32d4f71b54bda02913,blacklist(address),,BLACKLISTER,,,Circle
CU-IMP-1076,ONCHAIN_TX,0x674ef910ed595277497430cfa0cdf950f4be9db458b9e376fa81c0692c6e4f3c,28416444,2025-04-02 19:30:35.000 UTC,base,0x833589fcd6edb6e08f4c7c32d4f71b54bda02913,blacklist(address),,BLACKLISTER,,,Circle
CU-IMP-1077,ONCHAIN_TX,0x7c8eda8ff43482a46ff88ab84000efb314973f30e7cf5803c4b9bfef5225e00f,28416452,2025-04-02 19:30:51.000 UTC,base,0x833589fcd6edb6e08f4c7c32d4f71b54bda02913,blacklist(address),,BLACKLISTER,,,Circle
CU-IMP-1078,ONCHAIN_TX,0x9d60a08e9664d5806b0b3c2f0aa8f5f3532dd320ee9a91ac2e85d926f6536db6,28803027,2025-04-11 18:16:41.000 UTC,base,0x833589fcd6edb6e08f4c7c32d4f71b54bda02913,blacklist(address),,BLACKLISTER,,,Circle
CU-IMP-1079,ONCHAIN_TX,0xadb67f0ecd0f99832fee95a6e7e506ef31261b41309d66a5b03edf2d9b7fe718,29107211,2025-04-18 19:16:09.000 UTC,base,0x833589fcd6edb6e08f4c7c32d4f71b54bda02913,blacklist(address),,BLACKLISTER,,,Circle
CU-IMP-1080,ONCHAIN_TX,0x098f49e6f6ba4dfab4e1d57c1c1e96c7965cc7a21023c1fb1b59923c9ebbc2a2,30186065,2025-05-13 18:37:57.000 UTC,base,0x833589fcd6edb6e08f4c7c32d4f71b54bda02913,blacklist(address),,BLACKLISTER,,,Circle
CU-IMP-1081,ONCHAIN_TX,0xe3aec1c9f0d01844508b2d804bf4443d51be963acde11e55b1fdd408b433200e,30228167,2025-05-14 18:01:21.000 UTC,base,0x833589fcd6edb6e08f4c7c32d4f71b54bda02913,blacklist(address),,BLACKLISTER,,,Circle
CU-IMP-1082,ONCHAIN_TX,0x8993315af153bf37e40dca2891064fd9b6a760a7be38eb2243d7ae5dd75d0f88,30879850,2025-05-29 20:04:07.000 UTC,base,0x833589fcd6edb6e08f4c7c32d4f71b54bda02913,blacklist(address),,BLACKLISTER,,,Circle
CU-IMP-1083,ONCHAIN_TX,0x67640d1558d806e39c6e7efeb7c608ca5916f89af995c245eef35f9ff0c67cef,30879875,2025-05-29 20:04:57.000 UTC,base,0x833589fcd6edb6e08f4c7c32d4f71b54bda02913,blacklist(address),,BLACKLISTER,,,Circle
CU-IMP-1084,ONCHAIN_TX,0x173018a0b3c31a3266495f1d424966f21bee99518511f89cdb34140237ac897d,32302110,2025-07-01 18:12:47.000 UTC,base,0x833589fcd6edb6e08f4c7c32d4f71b54bda02913,blacklist(address),,BLACKLISTER,,,Circle
CU-IMP-1085,ONCHAIN_TX,0xa0f6b0714c61b15fdf2b189094b94815c9bd4ffd4e001b5fa40617f622c4b6af,32949232,2025-07-16 17:43:31.000 UTC,base,0x833589fcd6edb6e08f4c7c32d4f71b54bda02913,blacklist(address),,BLACKLISTER,,,Circle
CU-IMP-1086,ONCHAIN_TX,0x5fc7aa691bcd9f6dedc0a8f18d029f6f0978b63e18955dd5a91aae8bf8ddf3ad,33781686,2025-08-05 00:11:59.000 UTC,base,0x833589fcd6edb6e08f4c7c32d4f71b54bda02913,blacklist(address),,BLACKLISTER,,,Circle
CU-IMP-1087,ONCHAIN_TX,0x74b00da777113c88b25c8f3738aa0c52bfea32c55fd2d2bd961bda69c4294134,34209376,2025-08-14 21:48:19.000 UTC,base,0x833589fcd6edb6e08f4c7c32d4f71b54bda02913,blacklist(address),,BLACKLISTER,,,Circle
CU-IMP-1088,ONCHAIN_TX,0xfc89d79c53b6cbab5e393df08ee4edefc21e86d9c870e0e9663b79dcf8595ad1,34209403,2025-08-14 21:49:13.000 UTC,base,0x833589fcd6edb6e08f4c7c32d4f71b54bda02913,blacklist(address),,BLACKLISTER,,,Circle
CU-IMP-1089,ONCHAIN_TX,0x9750af8a57435a90bd412dccc13497eb0f15664f9a80e71dee05e95f1c1de4ff,34209427,2025-08-14 21:50:01.000 UTC,base,0x833589fcd6edb6e08f4c7c32d4f71b54bda02913,blacklist(address),,BLACKLISTER,,,Circle
CU-IMP-1090,ONCHAIN_TX,0x7443594f0ffa9b53b3816ad2cb159b91eeb22d4f3a76b74f7c04f62aaf0e6ccd,34209446,2025-08-14 21:50:39.000 UTC,base,0x833589fcd6edb6e08f4c7c32d4f71b54bda02913,blacklist(address),,BLACKLISTER,,,Circle
CU-IMP-1091,ONCHAIN_TX,0xd3f8c0768f95a77af3252d9a9ee3d99267f368d88add6e918e42df2097fe73eb,34209465,2025-08-14 21:51:17.000 UTC,base,0x833589fcd6edb6e08f4c7c32d4f71b54bda02913,blacklist(address),,BLACKLISTER,,,Circle
CU-IMP-1092,ONCHAIN_TX,0x8c737b0d6b5d58ee93cd6ffe523425687727b93b1d32ac63add130e8a300e801,34209493,2025-08-14 21:52:13.000 UTC,base,0x833589fcd6edb6e08f4c7c32d4f71b54bda02913,blacklist(address),,BLACKLISTER,,,Circle
CU-IMP-1093,ONCHAIN_TX,0xa9aec50a898195704e99e0abd4aad8a9be674774552bfff4ac668e4dd27595a8,34209503,2025-08-14 21:52:33.000 UTC,base,0x833589fcd6edb6e08f4c7c32d4f71b54bda02913,blacklist(address),,BLACKLISTER,,,Circle
CU-IMP-1094,ONCHAIN_TX,0xe65d9846473cdef629448a35ec6fe75dce8c369ced42529b5758ee78b63e6fbc,34209513,2025-08-14 21:52:53.000 UTC,base,0x833589fcd6edb6e08f4c7c32d4f71b54bda02913,blacklist(address),,BLACKLISTER,,,Circle
CU-IMP-1095,ONCHAIN_TX,0x92903eafb4961cf3151e430dddde6a11e61063b3dcc085c61cc2c7372707eb9e,34209523,2025-08-14 21:53:13.000 UTC,base,0x833589fcd6edb6e08f4c7c32d4f71b54bda02913,blacklist(address),,BLACKLISTER,,,Circle
CU-IMP-1096,ONCHAIN_TX,0xeef0dc5da4828787ec1b8478f5eaf3030d0d6bf42e2de1f08cab15b5246c2b7d,34209533,2025-08-14 21:53:33.000 UTC,base,0x833589fcd6edb6e08f4c7c32d4f71b54bda02913,blacklist(address),,BLACKLISTER,,,Circle
CU-IMP-1097,ONCHAIN_TX,0x7ce865c4436fcd36231a8bd08d48796c7be3c7552dbb9cb1bf4915c5ea10eddc,34209543,2025-08-14 21:53:53.000 UTC,base,0x833589fcd6edb6e08f4c7c32d4f71b54bda02913,blacklist(address),,BLACKLISTER,,,Circle
CU-IMP-1098,ONCHAIN_TX,0x59ef502038976bde3d317f2d99746b34378d67a34779768c93d41fcb6743abb2,34209553,2025-08-14 21:54:13.000 UTC,base,0x833589fcd6edb6e08f4c7c32d4f71b54bda02913,blacklist(address),,BLACKLISTER,,,Circle
CU-IMP-1099,ONCHAIN_TX,0x092bd7b1e3de21206fad8701c75673babc9657c50646515e022d9907d8d84fb8,34209563,2025-08-14 21:54:33.000 UTC,base,0x833589fcd6edb6e08f4c7c32d4f71b54bda02913,blacklist(address),,BLACKLISTER,,,Circle
CU-IMP-1100,ONCHAIN_TX,0x90aa2dc8f10da5cb65cfa067430b565bca0739927f6ca8edc2117f092fe96e7d,34209572,2025-08-14 21:54:51.000 UTC,base,0x833589fcd6edb6e08f4c7c32d4f71b54bda02913,blacklist(address),,BLACKLISTER,,,Circle
CU-IMP-1101,ONCHAIN_TX,0x94a56e3a4f98a99afb320bbbe5b1563df2e015b399915a8629818f170de7d9a7,34209581,2025-08-14 21:55:09.000 UTC,base,0x833589fcd6edb6e08f4c7c32d4f71b54bda02913,blacklist(address),,BLACKLISTER,,,Circle
CU-IMP-1102,ONCHAIN_TX,0x0e7d38a83f4d8418bb9806e98eeffc9c804aaa10c30fab015d241727db2dc9ff,34209589,2025-08-14 21:55:25.000 UTC,base,0x833589fcd6edb6e08f4c7c32d4f71b54bda02913,blacklist(address),,BLACKLISTER,,,Circle
CU-IMP-1103,ONCHAIN_TX,0x9181786a68932715c4a19b1a36a1e3bf30d7f4152b27c9524b9193343a255e09,34209597,2025-08-14 21:55:41.000 UTC,base,0x833589fcd6edb6e08f4c7c32d4f71b54bda02913,blacklist(address),,BLACKLISTER,,,Circle
CU-IMP-1104,ONCHAIN_TX,0x92007ffa956414f8702dd4d47c61c9ffe8bd3af753a4823269e27138a7a8e958,34209608,2025-08-14 21:56:03.000 UTC,base,0x833589fcd6edb6e08f4c7c32d4f71b54bda02913,blacklist(address),,BLACKLISTER,,,Circle
CU-IMP-1105,ONCHAIN_TX,0x11961ef5cef0e84b6a1f1f56db268c5f1bf4fecf9c5b9a01aab81fb422d3d463,34424211,2025-08-19 21:09:29.000 UTC,base,0x833589fcd6edb6e08f4c7c32d4f71b54bda02913,blacklist(address),,BLACKLISTER,,,Circle
CU-IMP-1106,ONCHAIN_TX,0xcbef9a3d0c8b058a0a55d6dee263666d563804db527969ea875b4a9b1565666f,34424221,2025-08-19 21:09:49.000 UTC,base,0x833589fcd6edb6e08f4c7c32d4f71b54bda02913,blacklist(address),,BLACKLISTER,,,Circle
CU-IMP-1107,ONCHAIN_TX,0xc1d274664f9392eb04ce9d8d5efc073b16118ff2581c6d4c77837a6c9713d3a6,35449090,2025-09-12 14:32:07.000 UTC,base,0x833589fcd6edb6e08f4c7c32d4f71b54bda02913,blacklist(address),,BLACKLISTER,,,Circle
CU-IMP-1108,ONCHAIN_TX,0xb7b689364679b4f95b42bb204ebdd8d7c6296ec9d23d96f0453d8d81b7c67b87,35449178,2025-09-12 14:35:03.000 UTC,base,0x833589fcd6edb6e08f4c7c32d4f71b54bda02913,unBlacklist(address),,BLACKLISTER,,,Circle
CU-IMP-1109,ONCHAIN_TX,0xc62596fbae17f91d745197427622870491c10b91ed3127f8a1efa82787471936,35624481,2025-09-16 15:58:29.000 UTC,base,0x833589fcd6edb6e08f4c7c32d4f71b54bda02913,blacklist(address),,BLACKLISTER,,,Circle
CU-IMP-1110,ONCHAIN_TX,0xc46c80b2bfd91221ab0a9d5c1b2e5633eb386809b24db5c364045bf29e22de1f,35624507,2025-09-16 15:59:21.000 UTC,base,0x833589fcd6edb6e08f4c7c32d4f71b54bda02913,blacklist(address),,BLACKLISTER,,,Circle
CU-IMP-1111,ONCHAIN_TX,0xfc5dadbf06cb28fb569151c3a73b08dd2e534667f8699dca5da3ea54eecbefaa,35624529,2025-09-16 16:00:05.000 UTC,base,0x833589fcd6edb6e08f4c7c32d4f71b54bda02913,blacklist(address),,BLACKLISTER,,,Circle
CU-IMP-1112,ONCHAIN_TX,0x31c2c99331d8c7aeffb63d0d4f7b20352482a1798249e256f126ec9fa2e927ad,35624555,2025-09-16 16:00:57.000 UTC,base,0x833589fcd6edb6e08f4c7c32d4f71b54bda02913,blacklist(address),,BLACKLISTER,,,Circle
CU-IMP-1113,ONCHAIN_TX,0x23fc16cb43b10499e6be30178a756dcd2e6154f40befeace7a6ba887f7176d50,35624625,2025-09-16 16:03:17.000 UTC,base,0x833589fcd6edb6e08f4c7c32d4f71b54bda02913,blacklist(address),,BLACKLISTER,,,Circle
CU-IMP-1114,ONCHAIN_TX,0xcbb2e84bde99e4b876b42b83d30fe0861dd285f2afca6d2e7a9b4f91483736fa,35624656,2025-09-16 16:04:19.000 UTC,base,0x833589fcd6edb6e08f4c7c32d4f71b54bda02913,blacklist(address),,BLACKLISTER,,,Circle
CU-IMP-1115,ONCHAIN_TX,0xa41a15cde6f6b31c255f85661fb9d2902da4056ec89ec7450e94cb396c130d89,35624712,2025-09-16 16:06:11.000 UTC,base,0x833589fcd6edb6e08f4c7c32d4f71b54bda02913,blacklist(address),,BLACKLISTER,,,Circle
CU-IMP-1116,ONCHAIN_TX,0xfec30927fd8b5ffc2c95553232e04d99127124e6880fd09fe5c5292469858bb7,35971113,2025-09-24 16:32:53.000 UTC,base,0x833589fcd6edb6e08f4c7c32d4f71b54bda02913,blacklist(address),,BLACKLISTER,,,Circle
CU-IMP-1117,ONCHAIN_TX,0x00f8ee5a657c83d9e6ea5ca06905cf281f2b645b62de3416653e92646fbc12ef,36626873,2025-10-09 20:51:33.000 UTC,base,0x833589fcd6edb6e08f4c7c32d4f71b54bda02913,blacklist(address),,BLACKLISTER,,,Circle
CU-IMP-1118,ONCHAIN_TX,0x495cc41b6e4ac4d55731e524a01a10309894ad8286900cf42a53a5979adbce2a,36655524,2025-10-10 12:46:35.000 UTC,base,0x833589fcd6edb6e08f4c7c32d4f71b54bda02913,blacklist(address),,BLACKLISTER,,,Circle
CU-IMP-1119,ONCHAIN_TX,0xf46de694c9efa17038d5fc89e6d5c37e2e75cba641ba2b8756f3fd02ab91302c,36655554,2025-10-10 12:47:35.000 UTC,base,0x833589fcd6edb6e08f4c7c32d4f71b54bda02913,blacklist(address),,BLACKLISTER,,,Circle
CU-IMP-1120,ONCHAIN_TX,0x4bb1a3bb7ba11285335a65bdb2500a84ddf96ed3c3ae77e240dce1e35f387f58,36840390,2025-10-14 19:28:47.000 UTC,base,0x833589fcd6edb6e08f4c7c32d4f71b54bda02913,blacklist(address),,BLACKLISTER,,,Circle
CU-IMP-1121,ONCHAIN_TX,0xbf3fc5863a00539a6f591d907e15f5329517a1203373e0c2af6d4a7d0b1191ca,36840428,2025-10-14 19:30:03.000 UTC,base,0x833589fcd6edb6e08f4c7c32d4f71b54bda02913,blacklist(address),,BLACKLISTER,,,Circle
CU-IMP-1122,ONCHAIN_TX,0xa58decc739fbc2d76806234fd85cc1f942ce5ac33fe74a157f82ba2d417eec6c,36840433,2025-10-14 19:30:13.000 UTC,base,0x833589fcd6edb6e08f4c7c32d4f71b54bda02913,blacklist(address),,BLACKLISTER,,,Circle
CU-IMP-1123,ONCHAIN_TX,0x61c14a4ded6b9adddaced6c43912827468d8e5bb0923cc5b432cb7fc748e9560,36840485,2025-10-14 19:31:57.000 UTC,base,0x833589fcd6edb6e08f4c7c32d4f71b54bda02913,blacklist(address),,BLACKLISTER,,,Circle
CU-IMP-1124,ONCHAIN_TX,0xae001cad3fa80920536ca766d90ba44df02dd52009ef836df19b76b7b927d312,37743760,2025-11-04 17:21:07.000 UTC,base,0x833589fcd6edb6e08f4c7c32d4f71b54bda02913,blacklist(address),,BLACKLISTER,,,Circle
CU-IMP-1125,ONCHAIN_TX,0xc2101d3e594b2e7ba60236dca32c0687fb9cf977a40aa09da15ce1fc00e5c61b,37743835,2025-11-04 17:23:37.000 UTC,base,0x833589fcd6edb6e08f4c7c32d4f71b54bda02913,blacklist(address),,BLACKLISTER,,,Circle
CU-IMP-1126,ONCHAIN_TX,0xe93c9603fe852d3825d59efab4471eaf02767bad6d7d5bc0fc90f22742a3e96f,37743844,2025-11-04 17:23:55.000 UTC,base,0x833589fcd6edb6e08f4c7c32d4f71b54bda02913,blacklist(address),,BLACKLISTER,,,Circle
CU-IMP-1127,ONCHAIN_TX,0x010684a4c95793145716f6b0a588c374e8fdee4f8cbe2293eb1b15ca74b29178,37743887,2025-11-04 17:25:21.000 UTC,base,0x833589fcd6edb6e08f4c7c32d4f71b54bda02913,blacklist(address),,BLACKLISTER,,,Circle
CU-IMP-1128,ONCHAIN_TX,0x36353bec79e03cb6cbff198e5c3de13a9a903288a16596a0113273c09e70392b,37743937,2025-11-04 17:27:01.000 UTC,base,0x833589fcd6edb6e08f4c7c32d4f71b54bda02913,blacklist(address),,BLACKLISTER,,,Circle
CU-IMP-1129,ONCHAIN_TX,0x180953b42ab9e2e0dd59f5f8f81c57bef18341b82d2a5d66d99d81b7692313bf,37743948,2025-11-04 17:27:23.000 UTC,base,0x833589fcd6edb6e08f4c7c32d4f71b54bda02913,blacklist(address),,BLACKLISTER,,,Circle
CU-IMP-1130,ONCHAIN_TX,0x4266bce9d5f48b8712f1fbc3106d2520823ebf1e0e8c0b90f92afda112350f15,37743980,2025-11-04 17:28:27.000 UTC,base,0x833589fcd6edb6e08f4c7c32d4f71b54bda02913,blacklist(address),,BLACKLISTER,,,Circle
CU-IMP-1131,ONCHAIN_TX,0xd232bb8ca5c3294242fbec9b99f7843b5f6911e8f3784cf7c46fbb45d9b83b80,37744044,2025-11-04 17:30:35.000 UTC,base,0x833589fcd6edb6e08f4c7c32d4f71b54bda02913,blacklist(address),,BLACKLISTER,,,Circle
CU-IMP-1132,ONCHAIN_TX,0x6d706550ccdd798fb079f41588826e96372cda73815b264df40cf25c3d490e10,37744083,2025-11-04 17:31:53.000 UTC,base,0x833589fcd6edb6e08f4c7c32d4f71b54bda02913,blacklist(address),,BLACKLISTER,,,Circle
CU-IMP-1133,ONCHAIN_TX,0x4b0dc596df9c9f9b7e4e50a1ebdf39f54d883317252f7cbc40cc79aec72484a7,37744094,2025-11-04 17:32:15.000 UTC,base,0x833589fcd6edb6e08f4c7c32d4f71b54bda02913,blacklist(address),,BLACKLISTER,,,Circle
CU-IMP-1134,ONCHAIN_TX,0x32855a80e41015ee76d88c1fdd7bffb870e021ffbd6a0766867932c559577bff,37744133,2025-11-04 17:33:33.000 UTC,base,0x833589fcd6edb6e08f4c7c32d4f71b54bda02913,blacklist(address),,BLACKLISTER,,,Circle
CU-IMP-1135,ONCHAIN_TX,0xf1787cccb6929448a6498d5f91fef87b5719074b0cee61e2518745c500570b10,37744140,2025-11-04 17:33:47.000 UTC,base,0x833589fcd6edb6e08f4c7c32d4f71b54bda02913,blacklist(address),,BLACKLISTER,,,Circle
CU-IMP-1136,ONCHAIN_TX,0x7947b9fd59cd8900628a4f1585f827a1dce5b51219c285236590a88409604e16,37744156,2025-11-04 17:34:19.000 UTC,base,0x833589fcd6edb6e08f4c7c32d4f71b54bda02913,blacklist(address),,BLACKLISTER,,,Circle
CU-IMP-1137,ONCHAIN_TX,0xdfe5b2da69f8e669ce28d40d264f7fc5bce6d4c934072c7cdecf132a70aa35df,37744183,2025-11-04 17:35:13.000 UTC,base,0x833589fcd6edb6e08f4c7c32d4f71b54bda02913,blacklist(address),,BLACKLISTER,,,Circle
CU-IMP-1138,ONCHAIN_TX,0xe8860f3d78986b17b4ef6f6b01bd8e242249eef9d280b02a6e2da9deca84c8ac,37744282,2025-11-04 17:38:31.000 UTC,base,0x833589fcd6edb6e08f4c7c32d4f71b54bda02913,blacklist(address),,BLACKLISTER,,,Circle
CU-IMP-1139,ONCHAIN_TX,0x817694be0fa51d7a952452d77d22cb50053bc64e369fadae535963dbd0a45749,37744303,2025-11-04 17:39:13.000 UTC,base,0x833589fcd6edb6e08f4c7c32d4f71b54bda02913,blacklist(address),,BLACKLISTER,,,Circle
CU-IMP-1140,ONCHAIN_TX,0x8f55582625c1dc29f1b508a4562f995b96427bbcf712cb0a32dd039cbc887d58,37744335,2025-11-04 17:40:17.000 UTC,base,0x833589fcd6edb6e08f4c7c32d4f71b54bda02913,blacklist(address),,BLACKLISTER,,,Circle
CU-IMP-1141,ONCHAIN_TX,0xdac9fb9206236a9b5bf86e2e24cd3d154dc10280f01e1c3d9f28efbc3affdaef,37744377,2025-11-04 17:41:41.000 UTC,base,0x833589fcd6edb6e08f4c7c32d4f71b54bda02913,blacklist(address),,BLACKLISTER,,,Circle
CU-IMP-1142,ONCHAIN_TX,0x4fe19417c84d7270baa502c9c80da94590b25f363caf6a8cc61eaec44d2fca48,37744409,2025-11-04 17:42:45.000 UTC,base,0x833589fcd6edb6e08f4c7c32d4f71b54bda02913,blacklist(address),,BLACKLISTER,,,Circle
CU-IMP-1143,ONCHAIN_TX,0xc5f1c883926b481eb35f1fb864431eb8c6bd8dbb53cff6c07ff40780284dc90a,37744505,2025-11-04 17:45:57.000 UTC,base,0x833589fcd6edb6e08f4c7c32d4f71b54bda02913,blacklist(address),,BLACKLISTER,,,Circle
CU-IMP-1144,ONCHAIN_TX,0xae45eb0e12f5d4bd409553e1a5e2253cdd0b7b60e23a3ef8f806b20032db9416,37744594,2025-11-04 17:48:55.000 UTC,base,0x833589fcd6edb6e08f4c7c32d4f71b54bda02913,blacklist(address),,BLACKLISTER,,,Circle
CU-IMP-1145,ONCHAIN_TX,0xe4fb9db608d83ed2aeec7090fe547399842024531dfc0b0c5b1264a17d434488,37744620,2025-11-04 17:49:47.000 UTC,base,0x833589fcd6edb6e08f4c7c32d4f71b54bda02913,blacklist(address),,BLACKLISTER,,,Circle
CU-IMP-1146,ONCHAIN_TX,0x86e7301dfd2697c09f37ee900d812045c8d84ec239cd2fd801c936c0acac2459,37744657,2025-11-04 17:51:01.000 UTC,base,0x833589fcd6edb6e08f4c7c32d4f71b54bda02913,blacklist(address),,BLACKLISTER,,,Circle
CU-IMP-1147,ONCHAIN_TX,0x828f5edd95bf4e2de2836283f57c91a818853565d5d1f36e63ca9b7193db7441,37744689,2025-11-04 17:52:05.000 UTC,base,0x833589fcd6edb6e08f4c7c32d4f71b54bda02913,blacklist(address),,BLACKLISTER,,,Circle
CU-IMP-1148,ONCHAIN_TX,0xa31b1d79c50bb64c40c73c2dba68fd6b67746863dfcee72326a580cd2bd065e3,37744715,2025-11-04 17:52:57.000 UTC,base,0x833589fcd6edb6e08f4c7c32d4f71b54bda02913,blacklist(address),,BLACKLISTER,,,Circle
CU-IMP-1149,ONCHAIN_TX,0x2188f6d0af79aae53b0b12db2e92daf34a521d1e237873b5012c8770d5b1c9b2,37744717,2025-11-04 17:53:01.000 UTC,base,0x833589fcd6edb6e08f4c7c32d4f71b54bda02913,blacklist(address),,BLACKLISTER,,,Circle
CU-IMP-1150,ONCHAIN_TX,0xf238a6bb70107cec0ccc53cbcb6673625aeb32871aedbd337bef14f4e2fc01b9,37744737,2025-11-04 17:53:41.000 UTC,base,0x833589fcd6edb6e08f4c7c32d4f71b54bda02913,blacklist(address),,BLACKLISTER,,,Circle
CU-IMP-1151,ONCHAIN_TX,0x9e49d9c0eab1c6446940231ce7ee840d115e9bacb2d00447ec68d1a15df2ddd3,37744762,2025-11-04 17:54:31.000 UTC,base,0x833589fcd6edb6e08f4c7c32d4f71b54bda02913,blacklist(address),,BLACKLISTER,,,Circle
CU-IMP-1152,ONCHAIN_TX,0xaf5e06b655608cf4db26f0c60e969c5d78f781fe65f6c60d0d379394a1dfe3a2,37744793,2025-11-04 17:55:33.000 UTC,base,0x833589fcd6edb6e08f4c7c32d4f71b54bda02913,blacklist(address),,BLACKLISTER,,,Circle
CU-IMP-1153,ONCHAIN_TX,0xf25110b2e91b8a811e54f9f63e2973fbc1a8f08bd5efa2efc4f2033474658ba9,37744816,2025-11-04 17:56:19.000 UTC,base,0x833589fcd6edb6e08f4c7c32d4f71b54bda02913,blacklist(address),,BLACKLISTER,,,Circle
CU-IMP-1154,ONCHAIN_TX,0xcdcaf9f9b5cd55b9db09e19cd4e870718c3c916e08188c288faacd6bba491cc0,37744916,2025-11-04 17:59:39.000 UTC,base,0x833589fcd6edb6e08f4c7c32d4f71b54bda02913,blacklist(address),,BLACKLISTER,,,Circle
CU-IMP-1155,ONCHAIN_TX,0x6215b0cacc2bf6de8b35452604ce7c983f8c9b9314bc07e1ae59f7a30c88c42b,37745034,2025-11-04 18:03:35.000 UTC,base,0x833589fcd6edb6e08f4c7c32d4f71b54bda02913,blacklist(address),,BLACKLISTER,,,Circle
CU-IMP-1156,ONCHAIN_TX,0x64bc0054e136aa88ac5e908af3250f6da23ad44c1cae10bc03e9c456c7c92ab1,37745118,2025-11-04 18:06:23.000 UTC,base,0x833589fcd6edb6e08f4c7c32d4f71b54bda02913,blacklist(address),,BLACKLISTER,,,Circle
CU-IMP-1157,ONCHAIN_TX,0x2cd2841046a0062b0c05df89de0610d5ce2514544b426b5d3f25ff06c204d9eb,37745127,2025-11-04 18:06:41.000 UTC,base,0x833589fcd6edb6e08f4c7c32d4f71b54bda02913,blacklist(address),,BLACKLISTER,,,Circle
CU-IMP-1158,ONCHAIN_TX,0x398e4b5780401fdeba150c7c3b402e5b455ef18e907ef903e4b0b353404c8fdb,37745148,2025-11-04 18:07:23.000 UTC,base,0x833589fcd6edb6e08f4c7c32d4f71b54bda02913,blacklist(address),,BLACKLISTER,,,Circle
CU-IMP-1159,ONCHAIN_TX,0xb86623da22e5da84671229310c93cd74e1c23f1d51ace14199d6914d5565c86b,37745265,2025-11-04 18:11:17.000 UTC,base,0x833589fcd6edb6e08f4c7c32d4f71b54bda02913,blacklist(address),,BLACKLISTER,,,Circle
CU-IMP-1160,ONCHAIN_TX,0xf344180f00a39cd6ea7e6cbb1b1e03a05b684beba4c737b69db47cd8a1b5dc51,37745291,2025-11-04 18:12:09.000 UTC,base,0x833589fcd6edb6e08f4c7c32d4f71b54bda02913,blacklist(address),,BLACKLISTER,,,Circle
CU-IMP-1161,ONCHAIN_TX,0xc23079200750ce56b628dc02302b510b6462998e4889f0af44f5c7c831369d46,37745358,2025-11-04 18:14:23.000 UTC,base,0x833589fcd6edb6e08f4c7c32d4f71b54bda02913,blacklist(address),,BLACKLISTER,,,Circle
CU-IMP-1162,ONCHAIN_TX,0xd122e5725a0c973e94e9ea5044169db59814c66aec926b84fdeb23f0c72842b2,37745368,2025-11-04 18:14:43.000 UTC,base,0x833589fcd6edb6e08f4c7c32d4f71b54bda02913,blacklist(address),,BLACKLISTER,,,Circle
CU-IMP-1163,ONCHAIN_TX,0x36ab006d4ad1c4c446fb94a5cf9f43786be60bae905e757948a90ae7622da088,37745377,2025-11-04 18:15:01.000 UTC,base,0x833589fcd6edb6e08f4c7c32d4f71b54bda02913,blacklist(address),,BLACKLISTER,,,Circle
CU-IMP-1164,ONCHAIN_TX,0x4a91b2c2fda99e0584cdc1fa57ccd7186f6a8b671d23298dda18d0bf57a5f543,37745498,2025-11-04 18:19:03.000 UTC,base,0x833589fcd6edb6e08f4c7c32d4f71b54bda02913,blacklist(address),,BLACKLISTER,,,Circle
CU-IMP-1165,ONCHAIN_TX,0xed063e80066a45c75ce2f3b3faeac3846a02e3b7da32a055c460af6aa98a5520,37745541,2025-11-04 18:20:29.000 UTC,base,0x833589fcd6edb6e08f4c7c32d4f71b54bda02913,blacklist(address),,BLACKLISTER,,,Circle
CU-IMP-1166,ONCHAIN_TX,0x041fb95a4fb80ca4ce79e541154fa3580ef416dc51b35f2740ce2aad36290d29,37745689,2025-11-04 18:25:25.000 UTC,base,0x833589fcd6edb6e08f4c7c32d4f71b54bda02913,blacklist(address),,BLACKLISTER,,,Circle
CU-IMP-1167,ONCHAIN_TX,0xd0d6e696eb86a9d60978d5a83e7db03c785668c674e9aa2168a9335c3add0ff5,37745716,2025-11-04 18:26:19.000 UTC,base,0x833589fcd6edb6e08f4c7c32d4f71b54bda02913,blacklist(address),,BLACKLISTER,,,Circle
CU-IMP-1168,ONCHAIN_TX,0x9f7373d3a9d580f3454a40f76be790f7de9fd8c7fb913aae3a389d2643a0ecc7,37745791,2025-11-04 18:28:49.000 UTC,base,0x833589fcd6edb6e08f4c7c32d4f71b54bda02913,blacklist(address),,BLACKLISTER,,,Circle
CU-IMP-1169,ONCHAIN_TX,0xccd18f47cf90fbcadfad01d7a8b1e822777bdb561812cd24452cbe9dbf551b7a,37745871,2025-11-04 18:31:29.000 UTC,base,0x833589fcd6edb6e08f4c7c32d4f71b54bda02913,blacklist(address),,BLACKLISTER,,,Circle
CU-IMP-1170,ONCHAIN_TX,0x755971a3f7c75b8a8f98f79eb7c6697e8e52872cc5a5d31a6a2b726fcbbb7c50,37746010,2025-11-04 18:36:07.000 UTC,base,0x833589fcd6edb6e08f4c7c32d4f71b54bda02913,blacklist(address),,BLACKLISTER,,,Circle
CU-IMP-1171,ONCHAIN_TX,0xe6e84be87c71b3ba718f003a985d2c1b139e142c6056b6e20db2ade725d7fb06,37746044,2025-11-04 18:37:15.000 UTC,base,0x833589fcd6edb6e08f4c7c32d4f71b54bda02913,blacklist(address),,BLACKLISTER,,,Circle
CU-IMP-1172,ONCHAIN_TX,0x01aec8b89af009acd0cc4b83ce948c154dc2de24e9334d7b51efad0912799dd9,37746054,2025-11-04 18:37:35.000 UTC,base,0x833589fcd6edb6e08f4c7c32d4f71b54bda02913,blacklist(address),,BLACKLISTER,,,Circle
CU-IMP-1173,ONCHAIN_TX,0x5faf44ac25f3d186002232e121267088af5f81057af61f708cddb453af5882a3,37746159,2025-11-04 18:41:05.000 UTC,base,0x833589fcd6edb6e08f4c7c32d4f71b54bda02913,blacklist(address),,BLACKLISTER,,,Circle
CU-IMP-1174,ONCHAIN_TX,0xac4500fc9ea5ad61f42658d746c68f3c20210ea985e87970c2d7f81b8dd79026,37746266,2025-11-04 18:44:39.000 UTC,base,0x833589fcd6edb6e08f4c7c32d4f71b54bda02913,blacklist(address),,BLACKLISTER,,,Circle
CU-IMP-1175,ONCHAIN_TX,0x8371d9377d616bf3ac6bd0c93f7779926e4208650c0ff4254417b1974f9b851c,37746289,2025-11-04 18:45:25.000 UTC,base,0x833589fcd6edb6e08f4c7c32d4f71b54bda02913,blacklist(address),,BLACKLISTER,,,Circle
CU-IMP-1176,ONCHAIN_TX,0xe56f17c13c9b0ff37c2c9948da92096fd3e3f0a0695332977478073e792d9e43,37746310,2025-11-04 18:46:07.000 UTC,base,0x833589fcd6edb6e08f4c7c32d4f71b54bda02913,blacklist(address),,BLACKLISTER,,,Circle
CU-IMP-1177,ONCHAIN_TX,0x48a2416db4f7df1f6826a643968d52bdc82dc9dd9b89b6e675db27ec1cfeb4eb,38392667,2025-11-19 17:51:21.000 UTC,base,0x833589fcd6edb6e08f4c7c32d4f71b54bda02913,blacklist(address),,BLACKLISTER,,,Circle
CU-IMP-1178,ONCHAIN_TX,0x074e505f74f696099e6d63077c87ad9e615f011fd6a2604826ccfeb707d66044,38392710,2025-11-19 17:52:47.000 UTC,base,0x833589fcd6edb6e08f4c7c32d4f71b54bda02913,blacklist(address),,BLACKLISTER,,,Circle
CU-IMP-1179,ONCHAIN_TX,0x50194295604242f82cae265f435dca91a939249060dbfabd5547a88c7e95bc43,38392810,2025-11-19 17:56:07.000 UTC,base,0x833589fcd6edb6e08f4c7c32d4f71b54bda02913,blacklist(address),,BLACKLISTER,,,Circle
CU-IMP-1180,ONCHAIN_TX,0xed39a55e0fafc1e1187d025fb85dc7052c79c3441048867f1a9ca846a8ddb112,38392828,2025-11-19 17:56:43.000 UTC,base,0x833589fcd6edb6e08f4c7c32d4f71b54bda02913,blacklist(address),,BLACKLISTER,,,Circle
CU-IMP-1181,ONCHAIN_TX,0x4e331c594f9ce83828acfe86e736aec70cc03bcf88a05078c15e1dad31fac8a5,38392913,2025-11-19 17:59:33.000 UTC,base,0x833589fcd6edb6e08f4c7c32d4f71b54bda02913,blacklist(address),,BLACKLISTER,,,Circle
CU-IMP-1182,ONCHAIN_TX,0x13019f8807f2d339de5c24a93f65c372acc8328f5c112a5c01257fbb63a8a761,38393045,2025-11-19 18:03:57.000 UTC,base,0x833589fcd6edb6e08f4c7c32d4f71b54bda02913,blacklist(address),,BLACKLISTER,,,Circle
CU-IMP-1183,ONCHAIN_TX,0xa8daa90c0201c13d202a4bc1fef526beed00033216abdb86576b54159fcc397a,38393067,2025-11-19 18:04:41.000 UTC,base,0x833589fcd6edb6e08f4c7c32d4f71b54bda02913,blacklist(address),,BLACKLISTER,,,Circle
CU-IMP-1184,ONCHAIN_TX,0x338b6d1f7a134ceec10fdd8d5ba7f9f6e7d521ca45f78c933b281eff9a5cbf61,38393088,2025-11-19 18:05:23.000 UTC,base,0x833589fcd6edb6e08f4c7c32d4f71b54bda02913,blacklist(address),,BLACKLISTER,,,Circle
CU-IMP-1185,ONCHAIN_TX,0x0c22f5f8cc2c44203f42882ce79c3a9aa8990b47fd99723a7ab9708103e312ad,38693243,2025-11-26 16:50:33.000 UTC,base,0x833589fcd6edb6e08f4c7c32d4f71b54bda02913,blacklist(address),,BLACKLISTER,,,Circle
CU-IMP-1186,ONCHAIN_TX,0x658b017bf7040aa310f192c28968db25dfe087e2f2176191ee45e20d8c91317c,38962181,2025-12-02 22:15:09.000 UTC,base,0x833589fcd6edb6e08f4c7c32d4f71b54bda02913,blacklist(address),,BLACKLISTER,,,Circle
CU-IMP-1187,ONCHAIN_TX,0x5820664d67098a6ecbf83b90460737f78a66ff4566b1c104c6fa4b94f223e097,41500912,2026-01-30 16:39:31.000 UTC,base,0x833589fcd6edb6e08f4c7c32d4f71b54bda02913,blacklist(address),,BLACKLISTER,,,Circle
CU-IMP-1188,ONCHAIN_TX,0xaf1f08f05a15930eefb3fce4ccd8393dc1167275f2dd7574338295cfd0f5df5f,41500939,2026-01-30 16:40:25.000 UTC,base,0x833589fcd6edb6e08f4c7c32d4f71b54bda02913,blacklist(address),,BLACKLISTER,,,Circle
CU-IMP-1189,ONCHAIN_TX,0x290286748d7d0b376e460236b376d52734e88a13b553cc22ac3ae63c5491c1af,41501034,2026-01-30 16:43:35.000 UTC,base,0x833589fcd6edb6e08f4c7c32d4f71b54bda02913,blacklist(address),,BLACKLISTER,,,Circle
CU-IMP-1190,ONCHAIN_TX,0x33dfbd3c4323f39ab5ae896b493f3290ed288b86fb2cbab979dd4bd771624631,41501045,2026-01-30 16:43:57.000 UTC,base,0x833589fcd6edb6e08f4c7c32d4f71b54bda02913,blacklist(address),,BLACKLISTER,,,Circle
CU-IMP-1191,ONCHAIN_TX,0x55be2201a5dd5579823391dae771654fb36caa98bc519c31debc7b172a5a5557,41501066,2026-01-30 16:44:39.000 UTC,base,0x833589fcd6edb6e08f4c7c32d4f71b54bda02913,blacklist(address),,BLACKLISTER,,,Circle
CU-IMP-1192,ONCHAIN_TX,0xdba06629f2d2ab632fef1c33056b8a1cfd49df9ed2df296f60e0ff542d331fbf,41501115,2026-01-30 16:46:17.000 UTC,base,0x833589fcd6edb6e08f4c7c32d4f71b54bda02913,blacklist(address),,BLACKLISTER,,,Circle
CU-IMP-1193,ONCHAIN_TX,0x159ad3c42f973f221218ff989da08227e86f671955de019c853045ef22dfc5ad,41501147,2026-01-30 16:47:21.000 UTC,base,0x833589fcd6edb6e08f4c7c32d4f71b54bda02913,blacklist(address),,BLACKLISTER,,,Circle
CU-IMP-1194,ONCHAIN_TX,0xf1a26e41f5e9be032d42f449299fd7d4a9b4cff568c14b82efdb5a8e47796c3d,43273357,2026-03-12 17:21:01.000 UTC,base,0x833589fcd6edb6e08f4c7c32d4f71b54bda02913,blacklist(address),,BLACKLISTER,,,Circle
CU-IMP-1195,ONCHAIN_TX,0x3b514280f7638f262ff7c50b95a6924b5e3fb23ae9011a2721dfc21af7bc3ccd,43273532,2026-03-12 17:26:51.000 UTC,base,0x833589fcd6edb6e08f4c7c32d4f71b54bda02913,blacklist(address),,BLACKLISTER,,,Circle
CU-IMP-1196,ONCHAIN_TX,0x7823120e4ad984d4e0203a7660d2f05b489de945dcd7f74dc185e8a747bf2078,43273554,2026-03-12 17:27:35.000 UTC,base,0x833589fcd6edb6e08f4c7c32d4f71b54bda02913,blacklist(address),,BLACKLISTER,,,Circle
CU-IMP-1197,ONCHAIN_TX,0x6d689841bf03c2f76178fb11037e89b9503af51e8610411f779605d25ad43074,43273604,2026-03-12 17:29:15.000 UTC,base,0x833589fcd6edb6e08f4c7c32d4f71b54bda02913,blacklist(address),,BLACKLISTER,,,Circle
CU-IMP-1198,ONCHAIN_TX,0xd05b65db2b53f6ddc7229dc6ffb2196ef9d8941fad4f064c4b77945752d35404,43273770,2026-03-12 17:34:47.000 UTC,base,0x833589fcd6edb6e08f4c7c32d4f71b54bda02913,blacklist(address),,BLACKLISTER,,,Circle
CU-IMP-1199,ONCHAIN_TX,0x510cefa932502fcb8bae6fbbc0bcf0eb55e7930d97618d6d02884d7ee099cf64,43273786,2026-03-12 17:35:19.000 UTC,base,0x833589fcd6edb6e08f4c7c32d4f71b54bda02913,blacklist(address),,BLACKLISTER,,,Circle
CU-IMP-1200,ONCHAIN_TX,0x3bd9b2e0ea64d1b164f8c9dff94c96a1aafb408a79a1a566f3bc47744a4b3114,43273803,2026-03-12 17:35:53.000 UTC,base,0x833589fcd6edb6e08f4c7c32d4f71b54bda02913,blacklist(address),,BLACKLISTER,,,Circle
CU-IMP-1201,ONCHAIN_TX,0xb7f130c50f80e5cfe056e294e6acd9a26bcfb58eae7117ad1136af247e0e5963,43273812,2026-03-12 17:36:11.000 UTC,base,0x833589fcd6edb6e08f4c7c32d4f71b54bda02913,blacklist(address),,BLACKLISTER,,,Circle
CU-IMP-1202,ONCHAIN_TX,0x03d479f5ab3677689a552a6ad4bdd2d4d978493f47394dcf751915854c1d20e2,43273830,2026-03-12 17:36:47.000 UTC,base,0x833589fcd6edb6e08f4c7c32d4f71b54bda02913,blacklist(address),,BLACKLISTER,,,Circle
CU-IMP-1203,ONCHAIN_TX,0x9dee2fdad0cb03b21b8e1c88503108328781be4c90f3b5cd1df703cd8469e79e,43273958,2026-03-12 17:41:03.000 UTC,base,0x833589fcd6edb6e08f4c7c32d4f71b54bda02913,blacklist(address),,BLACKLISTER,,,Circle
CU-IMP-1204,ONCHAIN_TX,0x17c0af896fc6c283f5ffe76c561ffa43fda0e11ae691689970dc0a46c29348cf,43274049,2026-03-12 17:44:05.000 UTC,base,0x833589fcd6edb6e08f4c7c32d4f71b54bda02913,blacklist(address),,BLACKLISTER,,,Circle
CU-IMP-1205,ONCHAIN_TX,0xb8455863c16f791b59a50b5026cd9d8ec87d6c6b65f3e8c0c808273a5effafca,43274084,2026-03-12 17:45:15.000 UTC,base,0x833589fcd6edb6e08f4c7c32d4f71b54bda02913,blacklist(address),,BLACKLISTER,,,Circle
CU-IMP-1206,ONCHAIN_TX,0x4223a7adb4490a948e422456f05248643033ca51af69ef31854859dc344c97d1,43274097,2026-03-12 17:45:41.000 UTC,base,0x833589fcd6edb6e08f4c7c32d4f71b54bda02913,blacklist(address),,BLACKLISTER,,,Circle
CU-IMP-1207,ONCHAIN_TX,0x4bebb28a300eea7ac84584f1d34b3a5ea820e7827d097add8f96ac5ee5d54707,43274173,2026-03-12 17:48:13.000 UTC,base,0x833589fcd6edb6e08f4c7c32d4f71b54bda02913,blacklist(address),,BLACKLISTER,,,Circle
CU-IMP-1208,ONCHAIN_TX,0x059a006db0d2f62ce4f2a08bd84fa14e8a7f0573c3a75d99ee387c208545c100,43274220,2026-03-12 17:49:47.000 UTC,base,0x833589fcd6edb6e08f4c7c32d4f71b54bda02913,blacklist(address),,BLACKLISTER,,,Circle
CU-IMP-1209,ONCHAIN_TX,0xd2d797d912e8e7a72f58741aa514c7006ac3f994425a96b4d92fb5626406edef,43274237,2026-03-12 17:50:21.000 UTC,base,0x833589fcd6edb6e08f4c7c32d4f71b54bda02913,blacklist(address),,BLACKLISTER,,,Circle
CU-IMP-1210,ONCHAIN_TX,0xeb5de49071d6a24fd3e114e0dd559cf5ac67ce77d41d72f036280195196f0c25,43274314,2026-03-12 17:52:55.000 UTC,base,0x833589fcd6edb6e08f4c7c32d4f71b54bda02913,blacklist(address),,BLACKLISTER,,,Circle
CU-IMP-1211,ONCHAIN_TX,0xf6b11fd0c7a0b7ddae2ee48848fbe4acf935d99aa00aa63d0ac0bf4807fa9135,43274350,2026-03-12 17:54:07.000 UTC,base,0x833589fcd6edb6e08f4c7c32d4f71b54bda02913,blacklist(address),,BLACKLISTER,,,Circle
CU-IMP-1212,ONCHAIN_TX,0xb717a7be84c1d37c0f9b188f1da2da220b146e4801ee6d238a284d1d0237d961,43274366,2026-03-12 17:54:39.000 UTC,base,0x833589fcd6edb6e08f4c7c32d4f71b54bda02913,blacklist(address),,BLACKLISTER,,,Circle
CU-IMP-1213,ONCHAIN_TX,0xd0446fdb9533cc6a15323f5f6649ac8e510686dfa92bf5a798ebea8c56edcca4,43274378,2026-03-12 17:55:03.000 UTC,base,0x833589fcd6edb6e08f4c7c32d4f71b54bda02913,blacklist(address),,BLACKLISTER,,,Circle
CU-IMP-1214,ONCHAIN_TX,0xd88e94f46c45897e7cb53af8baa57bd6cbed50e3aafee2b437d5c73aa57cb0c4,43274379,2026-03-12 17:55:05.000 UTC,base,0x833589fcd6edb6e08f4c7c32d4f71b54bda02913,blacklist(address),,BLACKLISTER,,,Circle
CU-IMP-1215,ONCHAIN_TX,0xf1a4d53b82c1846fa3cb6d57dcebae376273618ef6d32fdc91c56576e55ed9e2,44115221,2026-04-01 05:03:09.000 UTC,base,0x833589fcd6edb6e08f4c7c32d4f71b54bda02913,blacklist(address),,BLACKLISTER,,,Circle
CU-IMP-1216,ONCHAIN_TX,0x5fa6a44955143bb8215aee35fffcccdc9637dc186be48fbf5c6fc48d9203643b,45346590,2023-07-21 14:28:06.000 UTC,polygon,0x3c499c542cef5e3811e1192ce70d8cc03d5c3359,blacklist(address),,BLACKLISTER,,,Circle
CU-IMP-1217,ONCHAIN_TX,0xaca01894f00a06ef4401d0912342b1b29d5e4764f655c27c88eb84d9a9bfc1aa,45346593,2023-07-21 14:28:14.000 UTC,polygon,0x3c499c542cef5e3811e1192ce70d8cc03d5c3359,blacklist(address),,BLACKLISTER,,,Circle
CU-IMP-1218,ONCHAIN_TX,0xa3f12992439a90aeff8178fbaa5447c303690bcfe75ff8d6e1da039a9f5c2421,45346596,2023-07-21 14:28:20.000 UTC,polygon,0x3c499c542cef5e3811e1192ce70d8cc03d5c3359,blacklist(address),,BLACKLISTER,,,Circle
CU-IMP-1219,ONCHAIN_TX,0xca674bedc669d9c93af5a52d5c140280d54a338e6328c5a2b7d5bc52ddb3b74e,45346599,2023-07-21 14:28:26.000 UTC,polygon,0x3c499c542cef5e3811e1192ce70d8cc03d5c3359,blacklist(address),,BLACKLISTER,,,Circle
CU-IMP-1220,ONCHAIN_TX,0x12541213d8e3591d431db52986249594080797c05ecb9eb2ea7f09763c63c839,45346603,2023-07-21 14:28:34.000 UTC,polygon,0x3c499c542cef5e3811e1192ce70d8cc03d5c3359,blacklist(address),,BLACKLISTER,,,Circle
CU-IMP-1221,ONCHAIN_TX,0x1fbe2a07a67d71a9415f5893b2824a20b3ed4bfd899514fb9ccfcb583151e589,45346606,2023-07-21 14:28:40.000 UTC,polygon,0x3c499c542cef5e3811e1192ce70d8cc03d5c3359,blacklist(address),,BLACKLISTER,,,Circle
CU-IMP-1222,ONCHAIN_TX,0xc5e290361a89f0d9a0f6f1610e4d6b929e50a30ff69301d731c2ec83c63880a8,45348203,2023-07-21 15:28:47.000 UTC,polygon,0x3c499c542cef5e3811e1192ce70d8cc03d5c3359,blacklist(address),,BLACKLISTER,,,Circle
CU-IMP-1223,ONCHAIN_TX,0x8d28b1814dd4434d153517553225994c9c321127e8fd90a7c87d92c2dcf3fb37,45348215,2023-07-21 15:29:13.000 UTC,polygon,0x3c499c542cef5e3811e1192ce70d8cc03d5c3359,blacklist(address),,BLACKLISTER,,,Circle
CU-IMP-1224,ONCHAIN_TX,0xe94fcec4970be962e0079cd150a7c7f965f0e3c8c484d42bb86761476da87616,45348218,2023-07-21 15:29:19.000 UTC,polygon,0x3c499c542cef5e3811e1192ce70d8cc03d5c3359,blacklist(address),,BLACKLISTER,,,Circle
CU-IMP-1225,ONCHAIN_TX,0xff84266f2efae81565ff9e8720ead3c3fdf9224f2ae1e9b699d5cfcc4ca284da,45348221,2023-07-21 15:29:25.000 UTC,polygon,0x3c499c542cef5e3811e1192ce70d8cc03d5c3359,blacklist(address),,BLACKLISTER,,,Circle
CU-IMP-1226,ONCHAIN_TX,0xcb9f6c45b15fadb6e7e3e248cdf3027fa6663d9caf66bb131193c6744b37856e,45348225,2023-07-21 15:29:35.000 UTC,polygon,0x3c499c542cef5e3811e1192ce70d8cc03d5c3359,blacklist(address),,BLACKLISTER,,,Circle
CU-IMP-1227,ONCHAIN_TX,0xab4f03605f19d5971d5c121e47c026b95697a1a60e4b307671fe082f1aa55f7a,45348257,2023-07-21 15:30:43.000 UTC,polygon,0x3c499c542cef5e3811e1192ce70d8cc03d5c3359,blacklist(address),,BLACKLISTER,,,Circle
CU-IMP-1228,ONCHAIN_TX,0x4fa9f8a77970d59e9b4ae2fbc05bef8c566a229d80be06e35081ec4a06bea5e5,45348260,2023-07-21 15:30:49.000 UTC,polygon,0x3c499c542cef5e3811e1192ce70d8cc03d5c3359,blacklist(address),,BLACKLISTER,,,Circle
CU-IMP-1229,ONCHAIN_TX,0x044d7b4b0e78e10cee1df3d4f3a1c8563e08d94db0f46b99d9caa50398dcae55,45348263,2023-07-21 15:30:55.000 UTC,polygon,0x3c499c542cef5e3811e1192ce70d8cc03d5c3359,blacklist(address),,BLACKLISTER,,,Circle
CU-IMP-1230,ONCHAIN_TX,0xedf847c70a5144d15078c9c9f8f3b7c58d187ffa7b903251fdf025d8e5e94f12,45348267,2023-07-21 15:31:03.000 UTC,polygon,0x3c499c542cef5e3811e1192ce70d8cc03d5c3359,blacklist(address),,BLACKLISTER,,,Circle
CU-IMP-1231,ONCHAIN_TX,0x865411818acf27a8f6be0228f691c80573bc884244241ffaac7ab1496ff94552,45348270,2023-07-21 15:31:09.000 UTC,polygon,0x3c499c542cef5e3811e1192ce70d8cc03d5c3359,blacklist(address),,BLACKLISTER,,,Circle
CU-IMP-1232,ONCHAIN_TX,0x2737ff09851000a906c03898d70f8b257076b8bb50cbfff74acf4021a56a0473,45348331,2023-07-21 15:33:51.000 UTC,polygon,0x3c499c542cef5e3811e1192ce70d8cc03d5c3359,blacklist(address),,BLACKLISTER,,,Circle
CU-IMP-1233,ONCHAIN_TX,0xc14b8afc8ce759b04996c3e24560041f83f720d9ca07e94b1e329343cad88cad,45348334,2023-07-21 15:33:57.000 UTC,polygon,0x3c499c542cef5e3811e1192ce70d8cc03d5c3359,blacklist(address),,BLACKLISTER,,,Circle
CU-IMP-1234,ONCHAIN_TX,0xb44e389a61eeae2e1a300ada91b5d8dc036e0c285d519ad93952b2fb08020c16,45348337,2023-07-21 15:34:05.000 UTC,polygon,0x3c499c542cef5e3811e1192ce70d8cc03d5c3359,blacklist(address),,BLACKLISTER,,,Circle
CU-IMP-1235,ONCHAIN_TX,0x24e0fce7fb94209d1c93b65dc65c4b96301784053e577f2f2c2eeff5b061aeba,45348340,2023-07-21 15:34:11.000 UTC,polygon,0x3c499c542cef5e3811e1192ce70d8cc03d5c3359,blacklist(address),,BLACKLISTER,,,Circle
CU-IMP-1236,ONCHAIN_TX,0xa50be3835cdd8d0f10240a315205a7aaf9cfe72ba586e6f56338380fe4f7dadf,45348343,2023-07-21 15:34:17.000 UTC,polygon,0x3c499c542cef5e3811e1192ce70d8cc03d5c3359,blacklist(address),,BLACKLISTER,,,Circle
CU-IMP-1237,ONCHAIN_TX,0x6a11a8c451c5d3338002ffcf1fba859fc989195212457c0d1bca8bc5a78f3abd,45348347,2023-07-21 15:34:25.000 UTC,polygon,0x3c499c542cef5e3811e1192ce70d8cc03d5c3359,blacklist(address),,BLACKLISTER,,,Circle
CU-IMP-1238,ONCHAIN_TX,0xac743bdbd408499cc4a099f1fe73f095f1da6e7c468c2b06e666ef29ac8c7e41,45348350,2023-07-21 15:34:31.000 UTC,polygon,0x3c499c542cef5e3811e1192ce70d8cc03d5c3359,blacklist(address),,BLACKLISTER,,,Circle
CU-IMP-1239,ONCHAIN_TX,0x24f5e0e815f405c9bc4d62c9791399d6422823a7a174f3366e1a390360dab057,45348353,2023-07-21 15:34:39.000 UTC,polygon,0x3c499c542cef5e3811e1192ce70d8cc03d5c3359,blacklist(address),,BLACKLISTER,,,Circle
CU-IMP-1240,ONCHAIN_TX,0x09aa5d0da79c1105b292119c1018ce0a327cfefbfddb147d8192932cef6e9214,45348357,2023-07-21 15:34:47.000 UTC,polygon,0x3c499c542cef5e3811e1192ce70d8cc03d5c3359,blacklist(address),,BLACKLISTER,,,Circle
CU-IMP-1241,ONCHAIN_TX,0x4981e09d0bf7e61b5a970695c6192317f75637d1a5d1f943edff4306b0b169c1,45348447,2023-07-21 15:37:57.000 UTC,polygon,0x3c499c542cef5e3811e1192ce70d8cc03d5c3359,blacklist(address),,BLACKLISTER,,,Circle
CU-IMP-1242,ONCHAIN_TX,0x8559f242053a0753232fa14248a20f207afd31c732617afe70ebd667d1c342df,45348450,2023-07-21 15:38:05.000 UTC,polygon,0x3c499c542cef5e3811e1192ce70d8cc03d5c3359,blacklist(address),,BLACKLISTER,,,Circle
CU-IMP-1243,ONCHAIN_TX,0x16c774f9bcbf9c460224b54e0e33b19e258f93c67d88e43bd60e6c7aba53dc0d,45348453,2023-07-21 15:38:11.000 UTC,polygon,0x3c499c542cef5e3811e1192ce70d8cc03d5c3359,blacklist(address),,BLACKLISTER,,,Circle
CU-IMP-1244,ONCHAIN_TX,0x960a8215a86edd3a6f428c8eac74ba1bb04511096e0ffdc1ff8aaeedae06fb7d,45348456,2023-07-21 15:38:17.000 UTC,polygon,0x3c499c542cef5e3811e1192ce70d8cc03d5c3359,blacklist(address),,BLACKLISTER,,,Circle
CU-IMP-1245,ONCHAIN_TX,0x20714a517cb6fdbbd9852e3e5a215621cefbacb5f637822e20c558a83f0590de,45348460,2023-07-21 15:38:25.000 UTC,polygon,0x3c499c542cef5e3811e1192ce70d8cc03d5c3359,blacklist(address),,BLACKLISTER,,,Circle
CU-IMP-1246,ONCHAIN_TX,0xac6396d57970f9bbd9e7d47babcc94fbfda047b2ceca7678197b168725b19a4c,45348463,2023-07-21 15:38:31.000 UTC,polygon,0x3c499c542cef5e3811e1192ce70d8cc03d5c3359,blacklist(address),,BLACKLISTER,,,Circle
CU-IMP-1247,ONCHAIN_TX,0x872a7d453ca1641ba17aab04e68cb2a701a8cf576bdc929d38559ef30d0e92c3,45348466,2023-07-21 15:38:39.000 UTC,polygon,0x3c499c542cef5e3811e1192ce70d8cc03d5c3359,blacklist(address),,BLACKLISTER,,,Circle
CU-IMP-1248,ONCHAIN_TX,0x1ac54ccee6249c8e242bdc2f79ee79e23ebc3b62e80c336a7de091aa615ea4a1,45348469,2023-07-21 15:38:45.000 UTC,polygon,0x3c499c542cef5e3811e1192ce70d8cc03d5c3359,blacklist(address),,BLACKLISTER,,,Circle
CU-IMP-1249,ONCHAIN_TX,0x6350d63fb64a3a2036eb49b72b9942d93e8fc23593bbc36d893ab3f918693474,45348472,2023-07-21 15:38:51.000 UTC,polygon,0x3c499c542cef5e3811e1192ce70d8cc03d5c3359,blacklist(address),,BLACKLISTER,,,Circle
CU-IMP-1250,ONCHAIN_TX,0xf5a802c0ccf4a686960ab8413810f5fba3fa2da0a11be356cd7544e635b03e84,45348475,2023-07-21 15:38:57.000 UTC,polygon,0x3c499c542cef5e3811e1192ce70d8cc03d5c3359,blacklist(address),,BLACKLISTER,,,Circle
CU-IMP-1251,ONCHAIN_TX,0x96441d9effddd8418c2e3cd4a9f1901a80bfc066fff611d2427ef5e787d3823d,45348479,2023-07-21 15:39:05.000 UTC,polygon,0x3c499c542cef5e3811e1192ce70d8cc03d5c3359,blacklist(address),,BLACKLISTER,,,Circle
CU-IMP-1252,ONCHAIN_TX,0xe0f53f5ae42c23c37080cf856e2fcc14d9e8cfd11066dbeea23931995599ffad,45348534,2023-07-21 15:41:03.000 UTC,polygon,0x3c499c542cef5e3811e1192ce70d8cc03d5c3359,blacklist(address),,BLACKLISTER,,,Circle
CU-IMP-1253,ONCHAIN_TX,0xdef2dfa817e3f1fa367102fc9ab1a96cda77903a46d03030626fa5b6f6438c53,45348538,2023-07-21 15:41:11.000 UTC,polygon,0x3c499c542cef5e3811e1192ce70d8cc03d5c3359,blacklist(address),,BLACKLISTER,,,Circle
CU-IMP-1254,ONCHAIN_TX,0xca136b91216ad83260e51f66dfd5c02b051db0e14de8a7b0c130b5e815754815,45348541,2023-07-21 15:41:17.000 UTC,polygon,0x3c499c542cef5e3811e1192ce70d8cc03d5c3359,blacklist(address),,BLACKLISTER,,,Circle
CU-IMP-1255,ONCHAIN_TX,0x5afe4df956d98dd4148f292728d78981dc70e4452e548c0e1a4e5e6a535219c3,45348544,2023-07-21 15:41:25.000 UTC,polygon,0x3c499c542cef5e3811e1192ce70d8cc03d5c3359,blacklist(address),,BLACKLISTER,,,Circle
CU-IMP-1256,ONCHAIN_TX,0xdf842028a82292a5a10979297282fc91994c649b56ea6536d45467d0f47ba503,45348547,2023-07-21 15:41:31.000 UTC,polygon,0x3c499c542cef5e3811e1192ce70d8cc03d5c3359,blacklist(address),,BLACKLISTER,,,Circle
CU-IMP-1257,ONCHAIN_TX,0x391a0f06b952bb7bef8b4e40eeff807560e5ed59dfb6525dad6161588bc4c1a7,45348550,2023-07-21 15:41:37.000 UTC,polygon,0x3c499c542cef5e3811e1192ce70d8cc03d5c3359,blacklist(address),,BLACKLISTER,,,Circle
CU-IMP-1258,ONCHAIN_TX,0x018f06f06156d42c148819982e7681dce7d7e01b2c620030db618265ddb7d8af,45348553,2023-07-21 15:41:43.000 UTC,polygon,0x3c499c542cef5e3811e1192ce70d8cc03d5c3359,blacklist(address),,BLACKLISTER,,,Circle
CU-IMP-1259,ONCHAIN_TX,0x9f0362bf0753588e7c6cc99e9b3cb8c19c5d3cc630e2fb8948e42987cc02f8f8,45348556,2023-07-21 15:41:49.000 UTC,polygon,0x3c499c542cef5e3811e1192ce70d8cc03d5c3359,blacklist(address),,BLACKLISTER,,,Circle
CU-IMP-1260,ONCHAIN_TX,0xb803272efb61d2a830c9608318ff125d695ea24cb9a0b2f82eaa669fb0d4f3c5,45348559,2023-07-21 15:41:55.000 UTC,polygon,0x3c499c542cef5e3811e1192ce70d8cc03d5c3359,blacklist(address),,BLACKLISTER,,,Circle
CU-IMP-1261,ONCHAIN_TX,0xf048108ac80e3ec6120379be66813de2939753e5dbcfd9783d38d19a76c71f72,45348561,2023-07-21 15:42:01.000 UTC,polygon,0x3c499c542cef5e3811e1192ce70d8cc03d5c3359,blacklist(address),,BLACKLISTER,,,Circle
CU-IMP-1262,ONCHAIN_TX,0xe1c4ab3aae0017290f4a48768e929b62f09f51d6e3611bc8b818cbe870eab70a,45348564,2023-07-21 15:42:07.000 UTC,polygon,0x3c499c542cef5e3811e1192ce70d8cc03d5c3359,blacklist(address),,BLACKLISTER,,,Circle
CU-IMP-1263,ONCHAIN_TX,0x169b6e552de4d3906612c9478f4272ade2509dc0de9acff0dac0a4cb7524e6c3,45348622,2023-07-21 15:44:36.000 UTC,polygon,0x3c499c542cef5e3811e1192ce70d8cc03d5c3359,blacklist(address),,BLACKLISTER,,,Circle
CU-IMP-1264,ONCHAIN_TX,0xfed233a709539c3721b0db34f0703195facfa4bb5ec6736e0ce108c84accc1f9,45348625,2023-07-21 15:44:44.000 UTC,polygon,0x3c499c542cef5e3811e1192ce70d8cc03d5c3359,blacklist(address),,BLACKLISTER,,,Circle
CU-IMP-1265,ONCHAIN_TX,0x8ab18f9bca67eeed6288327c881acbd13149ac752f9fdd9347667e696bbcd00e,45348651,2023-07-21 15:46:02.000 UTC,polygon,0x3c499c542cef5e3811e1192ce70d8cc03d5c3359,blacklist(address),,BLACKLISTER,,,Circle
CU-IMP-1266,ONCHAIN_TX,0xbc69f4a2b1b14bb10e92ba99a4f5b9b4ab4fe620197ed87ed9f0e1a15027d9fa,45348695,2023-07-21 15:47:44.000 UTC,polygon,0x3c499c542cef5e3811e1192ce70d8cc03d5c3359,blacklist(address),,BLACKLISTER,,,Circle
CU-IMP-1267,ONCHAIN_TX,0x39523895bd5e57e9af8b7e66978f924a3bdf5fb44e1e61c6d0eeb8797b33f7b7,45348698,2023-07-21 15:47:50.000 UTC,polygon,0x3c499c542cef5e3811e1192ce70d8cc03d5c3359,blacklist(address),,BLACKLISTER,,,Circle
CU-IMP-1268,ONCHAIN_TX,0xf977614917954e2ea43662d2369f478e5a69f3e021e005228dfc200f466464b0,45348702,2023-07-21 15:47:58.000 UTC,polygon,0x3c499c542cef5e3811e1192ce70d8cc03d5c3359,blacklist(address),,BLACKLISTER,,,Circle
CU-IMP-1269,ONCHAIN_TX,0x99330f8340eebab36febce0b5cd2e05890880a98d235530d76c645ec3a90ef8b,45348705,2023-07-21 15:48:06.000 UTC,polygon,0x3c499c542cef5e3811e1192ce70d8cc03d5c3359,blacklist(address),,BLACKLISTER,,,Circle
CU-IMP-1270,ONCHAIN_TX,0xf13f5f304dc147b0b63e48d4b601dbdc933d0a7478d65b59f7b29c21cb9e52e9,45348709,2023-07-21 15:48:14.000 UTC,polygon,0x3c499c542cef5e3811e1192ce70d8cc03d5c3359,blacklist(address),,BLACKLISTER,,,Circle
CU-IMP-1271,ONCHAIN_TX,0xf95af2a30ce594b7ce25feb566eff48139a756859647f8a5270fd69c5c466dd3,45348713,2023-07-21 15:48:22.000 UTC,polygon,0x3c499c542cef5e3811e1192ce70d8cc03d5c3359,blacklist(address),,BLACKLISTER,,,Circle
CU-IMP-1272,ONCHAIN_TX,0x5a7a0ea04ed4874ba3f24be4ca55d43e58c34ce82812a9c62f11127a5505c984,45349367,2023-07-21 16:12:36.000 UTC,polygon,0x3c499c542cef5e3811e1192ce70d8cc03d5c3359,blacklist(address),,BLACKLISTER,,,Circle
CU-IMP-1273,ONCHAIN_TX,0x3a9f805b3c22d402a6328da9a6f6dc17d70b49d91f267d5313fe61bc3f1c1051,45349371,2023-07-21 16:12:44.000 UTC,polygon,0x3c499c542cef5e3811e1192ce70d8cc03d5c3359,blacklist(address),,BLACKLISTER,,,Circle
CU-IMP-1274,ONCHAIN_TX,0xa6eb392b42e2209b7bac2ccf1339b99d9c2232155fab249240ae40b5fdd9c2d9,45349374,2023-07-21 16:12:50.000 UTC,polygon,0x3c499c542cef5e3811e1192ce70d8cc03d5c3359,blacklist(address),,BLACKLISTER,,,Circle
CU-IMP-1275,ONCHAIN_TX,0x797fde014ba2219d6eb8272de670d854b9cc4845df3118a6dda954147fd3a45a,45349377,2023-07-21 16:13:02.000 UTC,polygon,0x3c499c542cef5e3811e1192ce70d8cc03d5c3359,blacklist(address),,BLACKLISTER,,,Circle
CU-IMP-1276,ONCHAIN_TX,0x8988faec03af676f11d6c1d3eb8f2437cbdd1fedfb98ef27c1c2bd51558a6c99,45349380,2023-07-21 16:13:14.000 UTC,polygon,0x3c499c542cef5e3811e1192ce70d8cc03d5c3359,blacklist(address),,BLACKLISTER,,,Circle
CU-IMP-1277,ONCHAIN_TX,0xb104470ba154724132314efeb43cff19967175db573a5558e1802cc8af3cbb43,45349382,2023-07-21 16:13:22.000 UTC,polygon,0x3c499c542cef5e3811e1192ce70d8cc03d5c3359,blacklist(address),,BLACKLISTER,,,Circle
CU-IMP-1278,ONCHAIN_TX,0x391139e35dd5ae25d247c5583060e74cdfca1427c30444b5fd55a1c22d6995f2,45349385,2023-07-21 16:13:34.000 UTC,polygon,0x3c499c542cef5e3811e1192ce70d8cc03d5c3359,blacklist(address),,BLACKLISTER,,,Circle
CU-IMP-1279,ONCHAIN_TX,0x40ab4a4feb79afd8f2159337a4a262aa261354602325d594b9433c658b784a46,45349388,2023-07-21 16:13:46.000 UTC,polygon,0x3c499c542cef5e3811e1192ce70d8cc03d5c3359,blacklist(address),,BLACKLISTER,,,Circle
CU-IMP-1280,ONCHAIN_TX,0x9348b5c64f041ac4a0cb8a21bad0d360ae8a244177c50da105f54e0f5d68272e,45349391,2023-07-21 16:13:58.000 UTC,polygon,0x3c499c542cef5e3811e1192ce70d8cc03d5c3359,blacklist(address),,BLACKLISTER,,,Circle
CU-IMP-1281,ONCHAIN_TX,0xa42c9eea2dda1130bbede8add6524fc06a748bd5ae2c59e6fec80f2f1d9a63ef,45349393,2023-07-21 16:14:04.000 UTC,polygon,0x3c499c542cef5e3811e1192ce70d8cc03d5c3359,blacklist(address),,BLACKLISTER,,,Circle
CU-IMP-1282,ONCHAIN_TX,0x9fecbcef2deb13a4312f30a07b64d711ef3260b20c192c8d4903f686d2abdce5,45349396,2023-07-21 16:14:10.000 UTC,polygon,0x3c499c542cef5e3811e1192ce70d8cc03d5c3359,blacklist(address),,BLACKLISTER,,,Circle
CU-IMP-1283,ONCHAIN_TX,0xf610b980c756421d8028554f8df9608093184f6711888510db3a3ec4888990df,45349399,2023-07-21 16:14:16.000 UTC,polygon,0x3c499c542cef5e3811e1192ce70d8cc03d5c3359,blacklist(address),,BLACKLISTER,,,Circle
CU-IMP-1284,ONCHAIN_TX,0xf6491f4bb64724601cacb7813c9c580ce9fedd142b90a4c0bf0d36a80a62f7a9,45349402,2023-07-21 16:14:22.000 UTC,polygon,0x3c499c542cef5e3811e1192ce70d8cc03d5c3359,blacklist(address),,BLACKLISTER,,,Circle
CU-IMP-1285,ONCHAIN_TX,0xc1d4b681d322b31970d52c1abd49d0c9d2e6faec441578197e4de119994830fa,45349405,2023-07-21 16:14:28.000 UTC,polygon,0x3c499c542cef5e3811e1192ce70d8cc03d5c3359,blacklist(address),,BLACKLISTER,,,Circle
CU-IMP-1286,ONCHAIN_TX,0x55902e15121509f9026340acce96cc7bc91f237a989c40861b84aad5eec799ab,45349456,2023-07-21 16:16:50.000 UTC,polygon,0x3c499c542cef5e3811e1192ce70d8cc03d5c3359,blacklist(address),,BLACKLISTER,,,Circle
CU-IMP-1287,ONCHAIN_TX,0x0955b121b90dc03d7576e47ef89de7f6f4e78808a3c8de43beb95b7057320b45,45349459,2023-07-21 16:16:56.000 UTC,polygon,0x3c499c542cef5e3811e1192ce70d8cc03d5c3359,blacklist(address),,BLACKLISTER,,,Circle
CU-IMP-1288,ONCHAIN_TX,0x6bc23596df2b6a5f63834902ed8de6cbb23474f95e1a76476caac99a5eaf810b,45349462,2023-07-21 16:17:02.000 UTC,polygon,0x3c499c542cef5e3811e1192ce70d8cc03d5c3359,blacklist(address),,BLACKLISTER,,,Circle
CU-IMP-1289,ONCHAIN_TX,0x1e667ebf993b8bbc0d6764d4138b1236e5da9009f7c82b14d37c964864bb84c7,45349465,2023-07-21 16:17:08.000 UTC,polygon,0x3c499c542cef5e3811e1192ce70d8cc03d5c3359,blacklist(address),,BLACKLISTER,,,Circle
CU-IMP-1290,ONCHAIN_TX,0xf34b211db6cc9ff1e5ad132e889679ddb4a55d009a444cc0e4266b0d76b0c540,45349468,2023-07-21 16:17:14.000 UTC,polygon,0x3c499c542cef5e3811e1192ce70d8cc03d5c3359,blacklist(address),,BLACKLISTER,,,Circle
CU-IMP-1291,ONCHAIN_TX,0xf730c9ddc519eb3f6e1fa313f39f48c19b0741fe262c18306094f1a153ad4402,45349471,2023-07-21 16:17:20.000 UTC,polygon,0x3c499c542cef5e3811e1192ce70d8cc03d5c3359,blacklist(address),,BLACKLISTER,,,Circle
CU-IMP-1292,ONCHAIN_TX,0x6c4222a2a61b5dd22d6e1784fb5548920733689d99558a03827cf6c00f26fa47,45349473,2023-07-21 16:17:26.000 UTC,polygon,0x3c499c542cef5e3811e1192ce70d8cc03d5c3359,blacklist(address),,BLACKLISTER,,,Circle
CU-IMP-1293,ONCHAIN_TX,0x629397014c8c5973fa91c07cfc143f31919767f613eabbc8aa706ca0fc1e67ac,45349476,2023-07-21 16:17:32.000 UTC,polygon,0x3c499c542cef5e3811e1192ce70d8cc03d5c3359,blacklist(address),,BLACKLISTER,,,Circle
CU-IMP-1294,ONCHAIN_TX,0x6f7a4dc4bb794c64779d284cd42b5f51c5ca477e2bd2f7c97a7fe1c77af41ab6,45349566,2023-07-21 16:20:42.000 UTC,polygon,0x3c499c542cef5e3811e1192ce70d8cc03d5c3359,blacklist(address),,BLACKLISTER,,,Circle
CU-IMP-1295,ONCHAIN_TX,0xf45b3a71131cce6584981d77558422127acb1b058ef86ade0ef78afb9fe4dc59,45349569,2023-07-21 16:20:50.000 UTC,polygon,0x3c499c542cef5e3811e1192ce70d8cc03d5c3359,blacklist(address),,BLACKLISTER,,,Circle
CU-IMP-1296,ONCHAIN_TX,0x02db2ce19aa045ac2a16d7e48870c434748c81abb25e97fe974ee5867f92e1dc,45349572,2023-07-21 16:20:56.000 UTC,polygon,0x3c499c542cef5e3811e1192ce70d8cc03d5c3359,blacklist(address),,BLACKLISTER,,,Circle
CU-IMP-1297,ONCHAIN_TX,0x0a4da512a27a40b44c49905cb418b4ef3f801d232609945035ba305d2bdc509e,45349575,2023-07-21 16:21:02.000 UTC,polygon,0x3c499c542cef5e3811e1192ce70d8cc03d5c3359,blacklist(address),,BLACKLISTER,,,Circle
CU-IMP-1298,ONCHAIN_TX,0x58d56bf824d527bc78ea59a7802ddd24e5c8227b819536ab61f35bd13eafb72e,45349578,2023-07-21 16:21:08.000 UTC,polygon,0x3c499c542cef5e3811e1192ce70d8cc03d5c3359,blacklist(address),,BLACKLISTER,,,Circle
CU-IMP-1299,ONCHAIN_TX,0x2903862a2a1564656aee7b6c35c731c16e71c33ba37600a0c4cf623e76f464a1,45349663,2023-07-21 16:24:40.000 UTC,polygon,0x3c499c542cef5e3811e1192ce70d8cc03d5c3359,blacklist(address),,BLACKLISTER,,,Circle
CU-IMP-1300,ONCHAIN_TX,0x2f53aeeaaa15b039569fb127a7b6fb504d5b2afef87f5b225914348604778119,45349665,2023-07-21 16:24:46.000 UTC,polygon,0x3c499c542cef5e3811e1192ce70d8cc03d5c3359,blacklist(address),,BLACKLISTER,,,Circle
CU-IMP-1301,ONCHAIN_TX,0x4ec67ad355e2716e9052c7a16b3ec19bc3bffa838b380e42d116d492df24810c,45349669,2023-07-21 16:24:54.000 UTC,polygon,0x3c499c542cef5e3811e1192ce70d8cc03d5c3359,blacklist(address),,BLACKLISTER,,,Circle
CU-IMP-1302,ONCHAIN_TX,0xb02133038ee4f50091c904937fc279703966e53cc891516dfd4bb3310f049dad,45349673,2023-07-21 16:25:02.000 UTC,polygon,0x3c499c542cef5e3811e1192ce70d8cc03d5c3359,blacklist(address),,BLACKLISTER,,,Circle
CU-IMP-1303,ONCHAIN_TX,0x8094847bf1bf3e7cee642053c5fef2530e5583ce1c6c3e310e366f45e72b2394,45349676,2023-07-21 16:25:08.000 UTC,polygon,0x3c499c542cef5e3811e1192ce70d8cc03d5c3359,blacklist(address),,BLACKLISTER,,,Circle
CU-IMP-1304,ONCHAIN_TX,0xef6121197cc648f44a5a23053f99b345acb6dde619e902be43f6126ca4cdb54d,45349679,2023-07-21 16:25:14.000 UTC,polygon,0x3c499c542cef5e3811e1192ce70d8cc03d5c3359,blacklist(address),,BLACKLISTER,,,Circle
CU-IMP-1305,ONCHAIN_TX,0x1581f19ec76f118c1ac25176c286ba5bc1c8acc67639c9065429f647de7c7390,45349681,2023-07-21 16:25:20.000 UTC,polygon,0x3c499c542cef5e3811e1192ce70d8cc03d5c3359,blacklist(address),,BLACKLISTER,,,Circle
CU-IMP-1306,ONCHAIN_TX,0x479ba7bbd4749fbc454edfcd4ce24dae302f6ca14b192928659314c8963d11c4,45349735,2023-07-21 16:27:14.000 UTC,polygon,0x3c499c542cef5e3811e1192ce70d8cc03d5c3359,blacklist(address),,BLACKLISTER,,,Circle
CU-IMP-1307,ONCHAIN_TX,0x1a866d77d68959f77dcab854e0b34f85f12d940bb44bf40da6b8d99421afcfd3,45349738,2023-07-21 16:27:20.000 UTC,polygon,0x3c499c542cef5e3811e1192ce70d8cc03d5c3359,blacklist(address),,BLACKLISTER,,,Circle
CU-IMP-1308,ONCHAIN_TX,0xc98218d0f47e73bed3139567febb7bd062d4d7534d32bd901ca680552daaae77,45349742,2023-07-21 16:27:28.000 UTC,polygon,0x3c499c542cef5e3811e1192ce70d8cc03d5c3359,blacklist(address),,BLACKLISTER,,,Circle
CU-IMP-1309,ONCHAIN_TX,0xe42f5319429c12bd6d3301cf8161cfbeea78857ac628195f9e500f4bdc235fd3,45349745,2023-07-21 16:27:36.000 UTC,polygon,0x3c499c542cef5e3811e1192ce70d8cc03d5c3359,blacklist(address),,BLACKLISTER,,,Circle
CU-IMP-1310,ONCHAIN_TX,0xd7a14717c1785356677bb290bf070f4f957433930ed83c35dfcbf650a8094df6,45349748,2023-07-21 16:27:42.000 UTC,polygon,0x3c499c542cef5e3811e1192ce70d8cc03d5c3359,blacklist(address),,BLACKLISTER,,,Circle
CU-IMP-1311,ONCHAIN_TX,0x603927045d7cbfae4f646a45863b2015a004d410024a0b4e2ad1c6444c181516,45349751,2023-07-21 16:27:48.000 UTC,polygon,0x3c499c542cef5e3811e1192ce70d8cc03d5c3359,blacklist(address),,BLACKLISTER,,,Circle
CU-IMP-1312,ONCHAIN_TX,0xf58f5cb9216a52b735e28b26af80fa1243fefceb56ee6235d0cdbfc0506d343c,45349754,2023-07-21 16:27:54.000 UTC,polygon,0x3c499c542cef5e3811e1192ce70d8cc03d5c3359,blacklist(address),,BLACKLISTER,,,Circle
CU-IMP-1313,ONCHAIN_TX,0x8f7a55472ff06860161ffa3d61fe8c59d2aac3bb87af89a734879e97f28b7847,45349758,2023-07-21 16:28:02.000 UTC,polygon,0x3c499c542cef5e3811e1192ce70d8cc03d5c3359,blacklist(address),,BLACKLISTER,,,Circle
CU-IMP-1314,ONCHAIN_TX,0x2f2d908d7dbfbcf7e49f04d7a69a326a44efcdfefbf343cf436890a4e9dde150,45349791,2023-07-21 16:29:12.000 UTC,polygon,0x3c499c542cef5e3811e1192ce70d8cc03d5c3359,blacklist(address),,BLACKLISTER,,,Circle
CU-IMP-1315,ONCHAIN_TX,0x6bbbc5a17574290a94171abd9b530ff1bf9a13d21dbf733a67a739d6374a8c42,45349793,2023-07-21 16:29:18.000 UTC,polygon,0x3c499c542cef5e3811e1192ce70d8cc03d5c3359,blacklist(address),,BLACKLISTER,,,Circle
CU-IMP-1316,ONCHAIN_TX,0xc355af9ae7835f5bb8c094856837084f05e7e756e574e8b31a4fb4676fa70ff7,45349805,2023-07-21 16:29:42.000 UTC,polygon,0x3c499c542cef5e3811e1192ce70d8cc03d5c3359,blacklist(address),,BLACKLISTER,,,Circle
CU-IMP-1317,ONCHAIN_TX,0x290e62e868be6e051edc31eb908eb8dd55729764be474da0c35e7885ebe6cd42,45349808,2023-07-21 16:29:50.000 UTC,polygon,0x3c499c542cef5e3811e1192ce70d8cc03d5c3359,blacklist(address),,BLACKLISTER,,,Circle
CU-IMP-1318,ONCHAIN_TX,0xb10899632e87c441c54dc935e3d657a515fc38f1d2ce3312597a9241872d6dbc,45349851,2023-07-21 16:31:20.000 UTC,polygon,0x3c499c542cef5e3811e1192ce70d8cc03d5c3359,blacklist(address),,BLACKLISTER,,,Circle
CU-IMP-1319,ONCHAIN_TX,0xdf3831d311273366b2dc12cd42a996b18a77236c212c91feda1caa5a401bea1c,45349877,2023-07-21 16:32:16.000 UTC,polygon,0x3c499c542cef5e3811e1192ce70d8cc03d5c3359,blacklist(address),,BLACKLISTER,,,Circle
CU-IMP-1320,ONCHAIN_TX,0x74664c4bb5837b72bc87ab57d26c10e29b58556aa0ef6840291678f3aeccb97d,45349880,2023-07-21 16:32:22.000 UTC,polygon,0x3c499c542cef5e3811e1192ce70d8cc03d5c3359,blacklist(address),,BLACKLISTER,,,Circle
CU-IMP-1321,ONCHAIN_TX,0xa7e7e4f368dad5670f6e2a126218f257156e42e866ce255aa6940dd0426a50b8,45349883,2023-07-21 16:32:28.000 UTC,polygon,0x3c499c542cef5e3811e1192ce70d8cc03d5c3359,blacklist(address),,BLACKLISTER,,,Circle
CU-IMP-1322,ONCHAIN_TX,0xaf37c6e28f2b037f253f4ef3094892725a4e108507536dabfe98f97e23204d3d,45349886,2023-07-21 16:32:34.000 UTC,polygon,0x3c499c542cef5e3811e1192ce70d8cc03d5c3359,blacklist(address),,BLACKLISTER,,,Circle
CU-IMP-1323,ONCHAIN_TX,0xcaf35f0579ecbf43919570a59b2e2a476f7271fee78548c69c57ec388d36a1e2,45350051,2023-07-21 16:38:58.000 UTC,polygon,0x3c499c542cef5e3811e1192ce70d8cc03d5c3359,blacklist(address),,BLACKLISTER,,,Circle
CU-IMP-1324,ONCHAIN_TX,0xdcdc4ec086ed9fc291d60b62049392487a6f2bf2a190d2a731d84e24c2767e14,45350054,2023-07-21 16:39:04.000 UTC,polygon,0x3c499c542cef5e3811e1192ce70d8cc03d5c3359,blacklist(address),,BLACKLISTER,,,Circle
CU-IMP-1325,ONCHAIN_TX,0xcac413d7de14bd8c7c3beb62efd6da865bdcdd1884adc2f51f5827a7c1f3bdec,45350081,2023-07-21 16:40:02.000 UTC,polygon,0x3c499c542cef5e3811e1192ce70d8cc03d5c3359,blacklist(address),,BLACKLISTER,,,Circle
CU-IMP-1326,ONCHAIN_TX,0x05e60bcc76f2c757ea683435f8ca6aaa480f9029f011ed524cc8bda7e184a86e,45350084,2023-07-21 16:40:08.000 UTC,polygon,0x3c499c542cef5e3811e1192ce70d8cc03d5c3359,blacklist(address),,BLACKLISTER,,,Circle
CU-IMP-1327,ONCHAIN_TX,0x8a90c6f6939473a961c0e8ddb8a06ef05a4a27fa74da10db0f3fdb22d0dcfaa7,45350087,2023-07-21 16:40:14.000 UTC,polygon,0x3c499c542cef5e3811e1192ce70d8cc03d5c3359,blacklist(address),,BLACKLISTER,,,Circle
CU-IMP-1328,ONCHAIN_TX,0xa8cc8bbffedf326af0645a20b34eb88e567cd3dd4d97d1a550f3ddf226aa9b7e,45350090,2023-07-21 16:40:20.000 UTC,polygon,0x3c499c542cef5e3811e1192ce70d8cc03d5c3359,blacklist(address),,BLACKLISTER,,,Circle
CU-IMP-1329,ONCHAIN_TX,0xc97cd17267ab3fb78af4fa6b4f94f318b95dfe26567f7801edebe8126082d417,45350094,2023-07-21 16:40:28.000 UTC,polygon,0x3c499c542cef5e3811e1192ce70d8cc03d5c3359,blacklist(address),,BLACKLISTER,,,Circle
CU-IMP-1330,ONCHAIN_TX,0x4f8f7721e33005a8ff36aa473df79c50930d3d4586f5ccf7c40107ea1449eb54,45350267,2023-07-21 16:47:17.000 UTC,polygon,0x3c499c542cef5e3811e1192ce70d8cc03d5c3359,blacklist(address),,BLACKLISTER,,,Circle
CU-IMP-1331,ONCHAIN_TX,0x67665519ebce8955662bb1e3730fa5b20013f202effcf8e965cd496be11402dc,45350269,2023-07-21 16:47:21.000 UTC,polygon,0x3c499c542cef5e3811e1192ce70d8cc03d5c3359,blacklist(address),,BLACKLISTER,,,Circle
CU-IMP-1332,ONCHAIN_TX,0x381d384a40b61cbd2efbfbe5c3074c577b4b0545dab2941d95d2a30d4b189db7,45350272,2023-07-21 16:47:29.000 UTC,polygon,0x3c499c542cef5e3811e1192ce70d8cc03d5c3359,blacklist(address),,BLACKLISTER,,,Circle
CU-IMP-1333,ONCHAIN_TX,0x724bb9232786a9fde4c57041b202be320035f31ed3693ba230478df0ec007bbf,45350275,2023-07-21 16:47:35.000 UTC,polygon,0x3c499c542cef5e3811e1192ce70d8cc03d5c3359,blacklist(address),,BLACKLISTER,,,Circle
CU-IMP-1334,ONCHAIN_TX,0xb0bc9b92ab86bcdea30900e694b1e0d25a610f5bdb12b6d21c8514bfcf94d781,45350310,2023-07-21 16:48:49.000 UTC,polygon,0x3c499c542cef5e3811e1192ce70d8cc03d5c3359,blacklist(address),,BLACKLISTER,,,Circle
CU-IMP-1335,ONCHAIN_TX,0xf9140e613a0c57f0a3715d8c2f3b84cdfade35258e7ed1a63eafd4c6c91e5f6f,45350314,2023-07-21 16:48:57.000 UTC,polygon,0x3c499c542cef5e3811e1192ce70d8cc03d5c3359,blacklist(address),,BLACKLISTER,,,Circle
CU-IMP-1336,ONCHAIN_TX,0xf5e6420c4c68a11c40a7c8ac0e434d3ee4de4d9e5052ccbbdb4422a9c4e5f03e,45350317,2023-07-21 16:49:03.000 UTC,polygon,0x3c499c542cef5e3811e1192ce70d8cc03d5c3359,blacklist(address),,BLACKLISTER,,,Circle
CU-IMP-1337,ONCHAIN_TX,0x9f63eae1fcebeb9c16a2ec2281f40a88fce13ed603d2fd2728b87d34f9e12561,45350320,2023-07-21 16:49:11.000 UTC,polygon,0x3c499c542cef5e3811e1192ce70d8cc03d5c3359,blacklist(address),,BLACKLISTER,,,Circle
CU-IMP-1338,ONCHAIN_TX,0x425657202773069edd5e50710facb8986038b4a968c35e6e57c5b6f733afc9d0,45350323,2023-07-21 16:49:17.000 UTC,polygon,0x3c499c542cef5e3811e1192ce70d8cc03d5c3359,blacklist(address),,BLACKLISTER,,,Circle
CU-IMP-1339,ONCHAIN_TX,0xae19a6d64269fe371dcfa5debb402767759137228f68b44c413cc9788ffd37c4,45350326,2023-07-21 16:49:23.000 UTC,polygon,0x3c499c542cef5e3811e1192ce70d8cc03d5c3359,blacklist(address),,BLACKLISTER,,,Circle
CU-IMP-1340,ONCHAIN_TX,0xceef15a80bd55a005be4ce0b8e19842f14f285da8fedcf7e2cc537206fb6eaa4,45350507,2023-07-21 16:56:25.000 UTC,polygon,0x3c499c542cef5e3811e1192ce70d8cc03d5c3359,blacklist(address),,BLACKLISTER,,,Circle
CU-IMP-1341,ONCHAIN_TX,0x65b25ce9457a3e305c1a57210c73c252a1910978d73cb1acb92eeba47fd16da2,45350512,2023-07-21 16:56:37.000 UTC,polygon,0x3c499c542cef5e3811e1192ce70d8cc03d5c3359,blacklist(address),,BLACKLISTER,,,Circle
CU-IMP-1342,ONCHAIN_TX,0x9d4bb3ceb443e9cdfbf3ec02e354ac21ab8519222226b63622af27b84984da60,45350514,2023-07-21 16:56:41.000 UTC,polygon,0x3c499c542cef5e3811e1192ce70d8cc03d5c3359,blacklist(address),,BLACKLISTER,,,Circle
CU-IMP-1343,ONCHAIN_TX,0x233bde28cc4b3b316afbf63babe7c077aff961dd2856dcbad584a29b843ece85,45350517,2023-07-21 16:56:47.000 UTC,polygon,0x3c499c542cef5e3811e1192ce70d8cc03d5c3359,blacklist(address),,BLACKLISTER,,,Circle
CU-IMP-1344,ONCHAIN_TX,0xea8d53c4120eea73b9757606d1cf4165c007342371b71277ce85463c19bf74f2,45350520,2023-07-21 16:56:53.000 UTC,polygon,0x3c499c542cef5e3811e1192ce70d8cc03d5c3359,blacklist(address),,BLACKLISTER,,,Circle
CU-IMP-1345,ONCHAIN_TX,0xb72e106e7d56c45f21c183a032360de40960f718123cb4780b384970c1e7dfea,45350523,2023-07-21 16:56:59.000 UTC,polygon,0x3c499c542cef5e3811e1192ce70d8cc03d5c3359,blacklist(address),,BLACKLISTER,,,Circle
CU-IMP-1346,ONCHAIN_TX,0xd623341ef4136148f3ce2b63a2a0ee4785442d7ceb449c81d77dbdf765338e4c,45350526,2023-07-21 16:57:05.000 UTC,polygon,0x3c499c542cef5e3811e1192ce70d8cc03d5c3359,blacklist(address),,BLACKLISTER,,,Circle
CU-IMP-1347,ONCHAIN_TX,0x8f375a4f183d1f0826244a34b239efb50d36f83fd118a5e427b3e11442c285b3,45350543,2023-07-21 16:57:41.000 UTC,polygon,0x3c499c542cef5e3811e1192ce70d8cc03d5c3359,blacklist(address),,BLACKLISTER,,,Circle
CU-IMP-1348,ONCHAIN_TX,0x377a9ec86c76cb0f0797f50f66c6c27603ff6c3620b36d705b470e4f063cf3e7,45350545,2023-07-21 16:57:47.000 UTC,polygon,0x3c499c542cef5e3811e1192ce70d8cc03d5c3359,blacklist(address),,BLACKLISTER,,,Circle
CU-IMP-1349,ONCHAIN_TX,0x7501ba40c3adb359d0bf9693bd00963e1f6fb6801cc063469846974d6f2544e2,45350548,2023-07-21 16:57:53.000 UTC,polygon,0x3c499c542cef5e3811e1192ce70d8cc03d5c3359,blacklist(address),,BLACKLISTER,,,Circle
CU-IMP-1350,ONCHAIN_TX,0x08cc982324ddb0df3bc41d9b5f90fb52ec8f0233ab883cd56438391ca1be2c5b,45350551,2023-07-21 16:57:59.000 UTC,polygon,0x3c499c542cef5e3811e1192ce70d8cc03d5c3359,blacklist(address),,BLACKLISTER,,,Circle
CU-IMP-1351,ONCHAIN_TX,0xef524bb18e8a00fcf19d04ba94a46827b8f40d9629d50d9b8b4122892cfcc75e,45350554,2023-07-21 16:58:05.000 UTC,polygon,0x3c499c542cef5e3811e1192ce70d8cc03d5c3359,blacklist(address),,BLACKLISTER,,,Circle
CU-IMP-1352,ONCHAIN_TX,0x729e0f9f5bf1c04e0bfafc191488204a46016992bd52fda40864f4eb5a579b27,45350557,2023-07-21 16:58:11.000 UTC,polygon,0x3c499c542cef5e3811e1192ce70d8cc03d5c3359,blacklist(address),,BLACKLISTER,,,Circle
CU-IMP-1353,ONCHAIN_TX,0x7273c994f12ef13a094298e18523ff5f3d667e1eedfa1bf6da64b47183150ac3,45350560,2023-07-21 16:58:19.000 UTC,polygon,0x3c499c542cef5e3811e1192ce70d8cc03d5c3359,blacklist(address),,BLACKLISTER,,,Circle
CU-IMP-1354,ONCHAIN_TX,0x6da3ff7588039851522bdd13f9540c1609aca07eaa6891ee03244428c6e2c942,45350581,2023-07-21 16:59:03.000 UTC,polygon,0x3c499c542cef5e3811e1192ce70d8cc03d5c3359,blacklist(address),,BLACKLISTER,,,Circle
CU-IMP-1355,ONCHAIN_TX,0x0938dd56c16098c26c6bc5aa7f339ecb900c4dd993c37204c5e4a8d9c9420275,45350596,2023-07-21 16:59:35.000 UTC,polygon,0x3c499c542cef5e3811e1192ce70d8cc03d5c3359,blacklist(address),,BLACKLISTER,,,Circle
CU-IMP-1356,ONCHAIN_TX,0x40af480bc94fdec371eb6824b364fef3b9d979789c17d49b20ab5f196f9492d6,45350598,2023-07-21 16:59:39.000 UTC,polygon,0x3c499c542cef5e3811e1192ce70d8cc03d5c3359,blacklist(address),,BLACKLISTER,,,Circle
CU-IMP-1357,ONCHAIN_TX,0x0272145488dc52abdcf72efbfeb6dc34c3c370734417d88f537c288400d27442,45350611,2023-07-21 17:00:07.000 UTC,polygon,0x3c499c542cef5e3811e1192ce70d8cc03d5c3359,blacklist(address),,BLACKLISTER,,,Circle
CU-IMP-1358,ONCHAIN_TX,0x005964e28a24a3eeb35be5d756c28d07bfb2c170b4b79f18111f85431b1defd6,45350615,2023-07-21 17:00:15.000 UTC,polygon,0x3c499c542cef5e3811e1192ce70d8cc03d5c3359,blacklist(address),,BLACKLISTER,,,Circle
CU-IMP-1359,ONCHAIN_TX,0xd779fd68cfd3a0a04d4ce054732ec4f933127e4ba166ebe0f7fe5fe815afcce5,45350619,2023-07-21 17:00:23.000 UTC,polygon,0x3c499c542cef5e3811e1192ce70d8cc03d5c3359,blacklist(address),,BLACKLISTER,,,Circle
CU-IMP-1360,ONCHAIN_TX,0x1e3b5fe828eebf6aa84217b6a92da727277880d1f633973c04f7f70289bacc4b,45350623,2023-07-21 17:00:31.000 UTC,polygon,0x3c499c542cef5e3811e1192ce70d8cc03d5c3359,blacklist(address),,BLACKLISTER,,,Circle
CU-IMP-1361,ONCHAIN_TX,0xff94d5f19f9f5b4c6b7234c78c72c886c352e1e3a0613cfc8b72e278b887b42f,45350625,2023-07-21 17:00:37.000 UTC,polygon,0x3c499c542cef5e3811e1192ce70d8cc03d5c3359,blacklist(address),,BLACKLISTER,,,Circle
CU-IMP-1362,ONCHAIN_TX,0x5dcaceeeae17c110413b7ad9eb9259f29ca409c6555699fa660b767af12f25b2,45350629,2023-07-21 17:00:45.000 UTC,polygon,0x3c499c542cef5e3811e1192ce70d8cc03d5c3359,blacklist(address),,BLACKLISTER,,,Circle
CU-IMP-1363,ONCHAIN_TX,0x58e0096c11f4df8e0fa660ae987ad8904ba74651d4018829e6fecb8978a669e2,45350633,2023-07-21 17:00:53.000 UTC,polygon,0x3c499c542cef5e3811e1192ce70d8cc03d5c3359,blacklist(address),,BLACKLISTER,,,Circle
CU-IMP-1364,ONCHAIN_TX,0xce5d4360af9a5b3ad3ecb3613c01338f348bd6c30f1d6e1f4d26bbf5925299a7,45350705,2023-07-21 17:03:27.000 UTC,polygon,0x3c499c542cef5e3811e1192ce70d8cc03d5c3359,blacklist(address),,BLACKLISTER,,,Circle
CU-IMP-1365,ONCHAIN_TX,0xd88381978be09444c3eea35db1da1116e746f78b60919eeb9e6c5736413cf64b,45350708,2023-07-21 17:03:33.000 UTC,polygon,0x3c499c542cef5e3811e1192ce70d8cc03d5c3359,blacklist(address),,BLACKLISTER,,,Circle
CU-IMP-1366,ONCHAIN_TX,0xa3d8f548ef47b5ac15a8c13dbc4ad2ed04d79feb129763e19d28b1c23ef3cd58,45350711,2023-07-21 17:03:39.000 UTC,polygon,0x3c499c542cef5e3811e1192ce70d8cc03d5c3359,blacklist(address),,BLACKLISTER,,,Circle
CU-IMP-1367,ONCHAIN_TX,0x398532f8f8affe547a97a10ec4fcdfeecb7a4f4f13bb590cfe18e720342242a8,45350794,2023-07-21 17:06:35.000 UTC,polygon,0x3c499c542cef5e3811e1192ce70d8cc03d5c3359,blacklist(address),,BLACKLISTER,,,Circle
CU-IMP-1368,ONCHAIN_TX,0xe318ea426fe25e8e785dd1bde5667e4a9a7da5cbcd2ff83945023a920b77da9d,45350797,2023-07-21 17:06:41.000 UTC,polygon,0x3c499c542cef5e3811e1192ce70d8cc03d5c3359,blacklist(address),,BLACKLISTER,,,Circle
CU-IMP-1369,ONCHAIN_TX,0x4b2e8dc1ee786390cacc8b08511b84ad4a76b37948b06cce44407d2b8c3deec4,45350800,2023-07-21 17:06:49.000 UTC,polygon,0x3c499c542cef5e3811e1192ce70d8cc03d5c3359,blacklist(address),,BLACKLISTER,,,Circle
CU-IMP-1370,ONCHAIN_TX,0x14463aeb35560af42b95e5c40aee8c593b475f949c21d390bead0d679e8b6a3d,45350803,2023-07-21 17:06:55.000 UTC,polygon,0x3c499c542cef5e3811e1192ce70d8cc03d5c3359,blacklist(address),,BLACKLISTER,,,Circle
CU-IMP-1371,ONCHAIN_TX,0x65d74f71bda2d387750e2e09df63b85bbff6394f26d3f16a6ea0787181d01fda,45350807,2023-07-21 17:07:03.000 UTC,polygon,0x3c499c542cef5e3811e1192ce70d8cc03d5c3359,blacklist(address),,BLACKLISTER,,,Circle
CU-IMP-1372,ONCHAIN_TX,0xfa098a0920fcd9e562e9aba31932e6d184d9c546abb97d0f682b089b3f46aa36,45350811,2023-07-21 17:07:11.000 UTC,polygon,0x3c499c542cef5e3811e1192ce70d8cc03d5c3359,blacklist(address),,BLACKLISTER,,,Circle
CU-IMP-1373,ONCHAIN_TX,0x56aed2384ed5ab9d5e49b7c199c3ce1080c00ef847168bc917a1df9ed424de3e,45350814,2023-07-21 17:07:17.000 UTC,polygon,0x3c499c542cef5e3811e1192ce70d8cc03d5c3359,blacklist(address),,BLACKLISTER,,,Circle
CU-IMP-1374,ONCHAIN_TX,0xcb807b013c7c549ed1e466ad67c48914f03dd499c6f5fca2839b51fb880241c6,45350829,2023-07-21 17:07:49.000 UTC,polygon,0x3c499c542cef5e3811e1192ce70d8cc03d5c3359,blacklist(address),,BLACKLISTER,,,Circle
CU-IMP-1375,ONCHAIN_TX,0x7d5e337bfce32ccb7402bdce921e8912ff3891399513ef0331be8a0e6698c977,45350832,2023-07-21 17:07:57.000 UTC,polygon,0x3c499c542cef5e3811e1192ce70d8cc03d5c3359,blacklist(address),,BLACKLISTER,,,Circle
CU-IMP-1376,ONCHAIN_TX,0x0f750a6f9d158a460ab006765aeb6a7b8cb351a0cef4f1e9324ca4504369865f,45350835,2023-07-21 17:08:03.000 UTC,polygon,0x3c499c542cef5e3811e1192ce70d8cc03d5c3359,blacklist(address),,BLACKLISTER,,,Circle
CU-IMP-1377,ONCHAIN_TX,0x973081f4e29bc1a1f79d5da04cef1e8f206ccc1a92a9b22933e449ec10140199,45350839,2023-07-21 17:08:11.000 UTC,polygon,0x3c499c542cef5e3811e1192ce70d8cc03d5c3359,blacklist(address),,BLACKLISTER,,,Circle
CU-IMP-1378,ONCHAIN_TX,0xd0870ea85c98335d8a2207cec3d512b20236b7ca7e00408fbf01d58f28374b9c,45350842,2023-07-21 17:08:17.000 UTC,polygon,0x3c499c542cef5e3811e1192ce70d8cc03d5c3359,blacklist(address),,BLACKLISTER,,,Circle
CU-IMP-1379,ONCHAIN_TX,0x29a7d54b9a12296b5d3db93b7611061d4d753e3fea5a423d2672a12b4d572145,45350845,2023-07-21 17:08:23.000 UTC,polygon,0x3c499c542cef5e3811e1192ce70d8cc03d5c3359,blacklist(address),,BLACKLISTER,,,Circle
CU-IMP-1380,ONCHAIN_TX,0x016953b5f7c7a790463efa4c67170562b08071c768336f7c9489c9c501b4cce0,45350848,2023-07-21 17:08:31.000 UTC,polygon,0x3c499c542cef5e3811e1192ce70d8cc03d5c3359,blacklist(address),,BLACKLISTER,,,Circle
CU-IMP-1381,ONCHAIN_TX,0x17c6f5f0e3d0c2e4eb3bfbb2069f9ce5fb53e8b3aca4e51c9ba054b7b87200aa,45350851,2023-07-21 17:08:37.000 UTC,polygon,0x3c499c542cef5e3811e1192ce70d8cc03d5c3359,blacklist(address),,BLACKLISTER,,,Circle
CU-IMP-1382,ONCHAIN_TX,0x8499d313b7912228928bac1c949106524190db4d6ab5a45a9122ded228df5d9d,45466368,2023-07-24 15:13:19.000 UTC,polygon,0x3c499c542cef5e3811e1192ce70d8cc03d5c3359,blacklist(address),,BLACKLISTER,,,Circle
CU-IMP-1383,ONCHAIN_TX,0x9064381eee403a6c9e57e93b8e756ebb98ec52ae515fc12909eebfd850644cca,45466368,2023-07-24 15:13:19.000 UTC,polygon,0x3c499c542cef5e3811e1192ce70d8cc03d5c3359,blacklist(address),,BLACKLISTER,,,Circle
CU-IMP-1384,ONCHAIN_TX,0x4a7312048605edb5831fe26c90744c57605edb1c065297535735d8b5cbf2f28c,45466464,2023-07-24 15:16:43.000 UTC,polygon,0x3c499c542cef5e3811e1192ce70d8cc03d5c3359,blacklist(address),,BLACKLISTER,,,Circle
CU-IMP-1385,ONCHAIN_TX,0x0b9856767cef4a31765b6ab76e3d1ce9845d62f673665ca2ce9e3a6d33cdd4d7,45466478,2023-07-24 15:17:11.000 UTC,polygon,0x3c499c542cef5e3811e1192ce70d8cc03d5c3359,blacklist(address),,BLACKLISTER,,,Circle
CU-IMP-1386,ONCHAIN_TX,0x728da6fb2c188404e4c9dade87d6b0f2dcc52295746c92834b44e65bae663e1e,45466485,2023-07-24 15:17:27.000 UTC,polygon,0x3c499c542cef5e3811e1192ce70d8cc03d5c3359,blacklist(address),,BLACKLISTER,,,Circle
CU-IMP-1387,ONCHAIN_TX,0xca4036168c3bd55f89fa348d1fe4eee7979974c73a7236e253b2221c19e5f4d8,45750069,2023-07-31 18:35:21.000 UTC,polygon,0x3c499c542cef5e3811e1192ce70d8cc03d5c3359,blacklist(address),,BLACKLISTER,,,Circle
CU-IMP-1388,ONCHAIN_TX,0x5fd1346fec22760441490f0350daf7c585eaa1fbefe0c0e0086fea75b00434bb,46383378,2023-08-16 16:52:28.000 UTC,polygon,0x3c499c542cef5e3811e1192ce70d8cc03d5c3359,blacklist(address),,BLACKLISTER,,,Circle
CU-IMP-1389,ONCHAIN_TX,0x3262d5a08e3a76361443a57944e57882d1089b62e4bb3b6c933ef98045fa5457,46383596,2023-08-16 17:00:10.000 UTC,polygon,0x3c499c542cef5e3811e1192ce70d8cc03d5c3359,unBlacklist(address),,BLACKLISTER,,,Circle
CU-IMP-1390,ONCHAIN_TX,0xeb56ec3c8033d971b47bc16942d2567ad5517d2f57324df63bb701cd3ccb9e95,46696705,2023-08-24 12:39:22.000 UTC,polygon,0x3c499c542cef5e3811e1192ce70d8cc03d5c3359,blacklist(address),,BLACKLISTER,,,Circle
CU-IMP-1391,ONCHAIN_TX,0x439a278842b344e46908d48409fb72331239e6bb0f7b2a4262ff253bff78a78a,46696718,2023-08-24 12:39:48.000 UTC,polygon,0x3c499c542cef5e3811e1192ce70d8cc03d5c3359,blacklist(address),,BLACKLISTER,,,Circle
CU-IMP-1392,ONCHAIN_TX,0x434d775ff8f3bd0d26add9c45262927ad24d898552932b439513a220d86e0529,46696730,2023-08-24 12:40:14.000 UTC,polygon,0x3c499c542cef5e3811e1192ce70d8cc03d5c3359,blacklist(address),,BLACKLISTER,,,Circle
CU-IMP-1393,ONCHAIN_TX,0xe4543c2fcaee443b2c031d49dc9fd141c10546dd45ef80e34d059648723d4c3c,46696740,2023-08-24 12:40:36.000 UTC,polygon,0x3c499c542cef5e3811e1192ce70d8cc03d5c3359,blacklist(address),,BLACKLISTER,,,Circle
CU-IMP-1394,ONCHAIN_TX,0x65bd8adf111ec8256f7f5e2688a91cf12fd10c7aebb344eb9e37675d03311551,46696753,2023-08-24 12:41:04.000 UTC,polygon,0x3c499c542cef5e3811e1192ce70d8cc03d5c3359,blacklist(address),,BLACKLISTER,,,Circle
CU-IMP-1395,ONCHAIN_TX,0xc8012a6806ae291c57e834deef77489950b5d59394dd2e92bed67f8ef31d0fb3,46696760,2023-08-24 12:41:18.000 UTC,polygon,0x3c499c542cef5e3811e1192ce70d8cc03d5c3359,blacklist(address),,BLACKLISTER,,,Circle
CU-IMP-1396,ONCHAIN_TX,0xeb44b3cc6f3067185b24c0e19e66930ebbb078a0cedfaf081ab77f6c2e2d1061,46696774,2023-08-24 12:41:48.000 UTC,polygon,0x3c499c542cef5e3811e1192ce70d8cc03d5c3359,blacklist(address),,BLACKLISTER,,,Circle
CU-IMP-1397,ONCHAIN_TX,0x6614ae2e6050536f15bf444d27af4037eda131617d4e7f02bf9a5be48bdfc315,46696787,2023-08-24 12:42:16.000 UTC,polygon,0x3c499c542cef5e3811e1192ce70d8cc03d5c3359,blacklist(address),,BLACKLISTER,,,Circle
CU-IMP-1398,ONCHAIN_TX,0xb72b5f40b8a5fd87c3440775905be90fe3c9335af3e86691c524d4b2066bed4c,48029951,2023-09-27 03:28:57.000 UTC,polygon,0x3c499c542cef5e3811e1192ce70d8cc03d5c3359,blacklist(address),,BLACKLISTER,,,Circle
CU-IMP-1399,ONCHAIN_TX,0x5d6bac98ebf543c09a274e047ca596bfae09336cd097904e2a0e854aab604463,48299167,2023-10-04 02:00:02.000 UTC,polygon,0x3c499c542cef5e3811e1192ce70d8cc03d5c3359,blacklist(address),,BLACKLISTER,,,Circle
CU-IMP-1400,ONCHAIN_TX,0x51528b93f3cc890ee562cd927240798ee81ec111126d7b807c441e9d309da87f,48299173,2023-10-04 02:00:16.000 UTC,polygon,0x3c499c542cef5e3811e1192ce70d8cc03d5c3359,blacklist(address),,BLACKLISTER,,,Circle
CU-IMP-1401,ONCHAIN_TX,0x274124d79c672f0c129c157e3e04a9788aca7e931e701f9f1f3be2a585ca646c,48299187,2023-10-04 02:00:46.000 UTC,polygon,0x3c499c542cef5e3811e1192ce70d8cc03d5c3359,blacklist(address),,BLACKLISTER,,,Circle
CU-IMP-1402,ONCHAIN_TX,0x028a095926c98a6709ed6a8c3245bd137d2ed4d5ebe1effecc1cf0816f291852,48299196,2023-10-04 02:01:04.000 UTC,polygon,0x3c499c542cef5e3811e1192ce70d8cc03d5c3359,blacklist(address),,BLACKLISTER,,,Circle
CU-IMP-1403,ONCHAIN_TX,0x2e1ca6afb064a2f419e97d89b88195548010f7b2b9d014ecdb8d9d4703cb2462,48299210,2023-10-04 02:01:34.000 UTC,polygon,0x3c499c542cef5e3811e1192ce70d8cc03d5c3359,blacklist(address),,BLACKLISTER,,,Circle
CU-IMP-1404,ONCHAIN_TX,0x56354738169215e77f5b4a5cca336b84831f678e4dbf8d39e41ec998d20278f6,48299215,2023-10-04 02:01:44.000 UTC,polygon,0x3c499c542cef5e3811e1192ce70d8cc03d5c3359,blacklist(address),,BLACKLISTER,,,Circle
CU-IMP-1405,ONCHAIN_TX,0x84bbc8f28839ae505ae5a4cbc9ff12abc023b091e7c567a029f1ecd9abef6259,48299232,2023-10-04 02:02:22.000 UTC,polygon,0x3c499c542cef5e3811e1192ce70d8cc03d5c3359,blacklist(address),,BLACKLISTER,,,Circle
CU-IMP-1406,ONCHAIN_TX,0x410cb9b5bf29a5e0d4eb01b5bcf4b3eed382d509bebdaa5b72cd1dd7a4dae694,48299236,2023-10-04 02:02:30.000 UTC,polygon,0x3c499c542cef5e3811e1192ce70d8cc03d5c3359,blacklist(address),,BLACKLISTER,,,Circle
CU-IMP-1407,ONCHAIN_TX,0x87ae6ef210bb2ed6bd6a39dac9ac628aab631328fd7b16b6d407f3d1744177ab,53206887,2024-02-06 21:15:35.000 UTC,polygon,0x3c499c542cef5e3811e1192ce70d8cc03d5c3359,unBlacklist(address),,BLACKLISTER,,,Circle
CU-IMP-1408,ONCHAIN_TX,0x5333eb2a41a460044261bda440e600ef97e5031c75c5fe3b9c61998f2874f4ec,53784241,2024-02-21 12:39:45.000 UTC,polygon,0x3c499c542cef5e3811e1192ce70d8cc03d5c3359,blacklist(address),,BLACKLISTER,,,Circle
CU-IMP-1409,ONCHAIN_TX,0x70e18923cbefdd1402e859518f222192ec8cb16a582a427fb0358152bd165f86,54914784,2024-03-21 12:52:50.000 UTC,polygon,0x3c499c542cef5e3811e1192ce70d8cc03d5c3359,blacklist(address),,BLACKLISTER,,,Circle
CU-IMP-1410,ONCHAIN_TX,0x6e0610517c1d7a2f9b9d7baa6fce747d33a07f980a56ebedaaa23700275ee978,54914803,2024-03-21 12:53:30.000 UTC,polygon,0x3c499c542cef5e3811e1192ce70d8cc03d5c3359,blacklist(address),,BLACKLISTER,,,Circle
CU-IMP-1411,ONCHAIN_TX,0x4a3e86ed64f33619e1314f75937b78090288f154c9c3827e271be7e52bcf3b4f,55137690,2024-03-27 12:14:56.000 UTC,polygon,0x3c499c542cef5e3811e1192ce70d8cc03d5c3359,blacklist(address),,BLACKLISTER,,,Circle
CU-IMP-1412,ONCHAIN_TX,0x8b64beac51188f0bf78c4143665cdb429a3db5f10b5f410ef33ef0cd7fa19844,55155081,2024-03-27 23:18:19.000 UTC,polygon,0x3c499c542cef5e3811e1192ce70d8cc03d5c3359,blacklist(address),,BLACKLISTER,,,Circle
CU-IMP-1413,ONCHAIN_TX,0xfa239539e51c48be8ab0f6d6bfde872a9d29f1765dc30f4c833f97279e428751,55155088,2024-03-27 23:18:47.000 UTC,polygon,0x3c499c542cef5e3811e1192ce70d8cc03d5c3359,blacklist(address),,BLACKLISTER,,,Circle
CU-IMP-1414,ONCHAIN_TX,0x13170cab6b39b6fad6633ba35cefd7321a4e5a0a0822a1972b87921a312b4ec0,55155101,2024-03-27 23:19:13.000 UTC,polygon,0x3c499c542cef5e3811e1192ce70d8cc03d5c3359,blacklist(address),,BLACKLISTER,,,Circle
CU-IMP-1415,ONCHAIN_TX,0x06c2990607b2a49713692c9b62e7bda7652109e073eaa0f9efa8dc8cb9d280e1,55155114,2024-03-27 23:19:41.000 UTC,polygon,0x3c499c542cef5e3811e1192ce70d8cc03d5c3359,blacklist(address),,BLACKLISTER,,,Circle
CU-IMP-1416,ONCHAIN_TX,0xcf651bb3e8bec1404922f317289339b233f561061accf95ab8fcccdd91017755,55155120,2024-03-27 23:19:55.000 UTC,polygon,0x3c499c542cef5e3811e1192ce70d8cc03d5c3359,blacklist(address),,BLACKLISTER,,,Circle
CU-IMP-1417,ONCHAIN_TX,0x15c8a379adefc983cc7c3117c71df31b1567b2c5200fbdef2aaa93662df4b2ff,55155132,2024-03-27 23:20:19.000 UTC,polygon,0x3c499c542cef5e3811e1192ce70d8cc03d5c3359,blacklist(address),,BLACKLISTER,,,Circle
CU-IMP-1418,ONCHAIN_TX,0x487cb4c94581764eb2807847249e059625333c4e4c968a22d02b36c0e3090e68,56391764,2024-04-29 17:01:15.000 UTC,polygon,0x3c499c542cef5e3811e1192ce70d8cc03d5c3359,blacklist(address),,BLACKLISTER,,,Circle
CU-IMP-1419,ONCHAIN_TX,0xed387ec8d068d1a5edb86f60af8322e66a51a23003caf2c8246e897197bc698d,56478692,2024-05-02 02:26:37.000 UTC,polygon,0x3c499c542cef5e3811e1192ce70d8cc03d5c3359,blacklist(address),,BLACKLISTER,,,Circle
CU-IMP-1420,ONCHAIN_TX,0x3240c67800c9a5c88000fd27a8fad1ed5c790cf7d46102f02ba039875e3267aa,56478791,2024-05-02 02:30:29.000 UTC,polygon,0x3c499c542cef5e3811e1192ce70d8cc03d5c3359,blacklist(address),,BLACKLISTER,,,Circle
CU-IMP-1421,ONCHAIN_TX,0x0cc11aa8f923be6e5ebfe6cd0179c64d172b8b8fad1fe86b50a8aae67b5573c5,57510945,2024-05-29 01:59:22.000 UTC,polygon,0x3c499c542cef5e3811e1192ce70d8cc03d5c3359,blacklist(address),,BLACKLISTER,,,Circle
CU-IMP-1422,ONCHAIN_TX,0xf6d18330cc2c1158002a53ccf1da155245486849f555f2ec0f031ce25ba4b504,57510946,2024-05-29 01:59:24.000 UTC,polygon,0x3c499c542cef5e3811e1192ce70d8cc03d5c3359,blacklist(address),,BLACKLISTER,,,Circle
CU-IMP-1423,ONCHAIN_TX,0x365a30b7f2cb8198883d454ff50c7c38e23688714ff9b4d837bac6c6a0701de6,60964292,2024-08-24 02:15:35.000 UTC,polygon,0x3c499c542cef5e3811e1192ce70d8cc03d5c3359,blacklist(address),,BLACKLISTER,,,Circle
CU-IMP-1424,ONCHAIN_TX,0xa2f4bc6b3d04eb4ea84c5554f83d576ed3a4e3a7f4f9b0cf25534aea2254d183,61800472,2024-09-14 04:07:55.000 UTC,polygon,0x3c499c542cef5e3811e1192ce70d8cc03d5c3359,blacklist(address),,BLACKLISTER,,,Circle
CU-IMP-1425,ONCHAIN_TX,0xc5bfca99d8c269088effb07d647f63bb9229d9b3605c336491b208e3fbf1d073,62463464,2024-09-30 14:13:43.000 UTC,polygon,0x3c499c542cef5e3811e1192ce70d8cc03d5c3359,blacklist(address),,BLACKLISTER,,,Circle
CU-IMP-1426,ONCHAIN_TX,0x3b4cfec6162c308b4b9eb302fc17f6991c79ab709d4defc099c0d6d24bd4851f,62463477,2024-09-30 14:14:11.000 UTC,polygon,0x3c499c542cef5e3811e1192ce70d8cc03d5c3359,blacklist(address),,BLACKLISTER,,,Circle
CU-IMP-1427,ONCHAIN_TX,0x64aabfc18b77330aea8c31b46ab8629e25f291589e41cdfffbe8d56ad454e51f,65101739,2024-12-05 05:44:26.000 UTC,polygon,0x3c499c542cef5e3811e1192ce70d8cc03d5c3359,blacklist(address),,BLACKLISTER,,,Circle
CU-IMP-1428,ONCHAIN_TX,0x69a34fd44c77a17c571e5296644864db287052b00f9853b218a86d6d940949c5,65101862,2024-12-05 05:48:48.000 UTC,polygon,0x3c499c542cef5e3811e1192ce70d8cc03d5c3359,blacklist(address),,BLACKLISTER,,,Circle
CU-IMP-1429,ONCHAIN_TX,0x407db44b434f1dbcc1bc2a7def65ac98ae72e031989e438a03a77581699ffd74,65698313,2024-12-20 04:09:33.000 UTC,polygon,0x3c499c542cef5e3811e1192ce70d8cc03d5c3359,blacklist(address),,BLACKLISTER,,,Circle
CU-IMP-1430,ONCHAIN_TX,0x76fce6abaa6552c4649bcb23ccc22e84a82123017a664d44bf31a516ded94434,65698331,2024-12-20 04:10:11.000 UTC,polygon,0x3c499c542cef5e3811e1192ce70d8cc03d5c3359,blacklist(address),,BLACKLISTER,,,Circle
CU-IMP-1431,ONCHAIN_TX,0x5004dde6683ca26fc01634923b0ffcfce52a7e6334067a23db29df9cb11591b8,65698348,2024-12-20 04:10:49.000 UTC,polygon,0x3c499c542cef5e3811e1192ce70d8cc03d5c3359,blacklist(address),,BLACKLISTER,,,Circle
CU-IMP-1432,ONCHAIN_TX,0x3f70a4e8b4b3d64b3678b59406139d9544c225cd336ad16a8e20b0c917c93857,65698359,2024-12-20 04:11:13.000 UTC,polygon,0x3c499c542cef5e3811e1192ce70d8cc03d5c3359,blacklist(address),,BLACKLISTER,,,Circle
CU-IMP-1433,ONCHAIN_TX,0x427319f3b36c8ec018e8063cf2d9291d32cf5c49933a4c88b949113d3d0454a4,65698364,2024-12-20 04:11:23.000 UTC,polygon,0x3c499c542cef5e3811e1192ce70d8cc03d5c3359,blacklist(address),,BLACKLISTER,,,Circle
CU-IMP-1434,ONCHAIN_TX,0x62f2bfd1c43ef91ab2e6f492639e75fe3e94ca2378a12abe0e0cfcbe90c8e9a6,68332435,2025-02-24 23:12:50.000 UTC,polygon,0x3c499c542cef5e3811e1192ce70d8cc03d5c3359,blacklist(address),,BLACKLISTER,,,Circle
CU-IMP-1435,ONCHAIN_TX,0xc5c0bffb6fdccc70f31e29c46c2917d3a172e81c30c2d044e0bdb766adc1f031,68332477,2025-02-24 23:14:18.000 UTC,polygon,0x3c499c542cef5e3811e1192ce70d8cc03d5c3359,blacklist(address),,BLACKLISTER,,,Circle
CU-IMP-1436,ONCHAIN_TX,0x4bd25e72e29d773020c4d0a6340575eca882a8e8fd96213670be494ab46825ef,68332499,2025-02-24 23:15:06.000 UTC,polygon,0x3c499c542cef5e3811e1192ce70d8cc03d5c3359,blacklist(address),,BLACKLISTER,,,Circle
CU-IMP-1437,ONCHAIN_TX,0x85421f88523d2e4ec9104c0c53d794b85320910f6160f157fbb2cd6f72c1a5e5,69342177,2025-03-22 01:23:03.000 UTC,polygon,0x3c499c542cef5e3811e1192ce70d8cc03d5c3359,unBlacklist(address),,BLACKLISTER,,,Circle
CU-IMP-1438,ONCHAIN_TX,0x5f8911f130f203be64fb5c2282124559a803819b60beb2d6a3db860f56d0a523,69342179,2025-03-22 01:23:07.000 UTC,polygon,0x3c499c542cef5e3811e1192ce70d8cc03d5c3359,unBlacklist(address),,BLACKLISTER,,,Circle
CU-IMP-1439,ONCHAIN_TX,0x3385bbb5be185d2a92df3662a1f44a4ea7f246a72dd38241fe493a6f91b8d197,69342181,2025-03-22 01:23:11.000 UTC,polygon,0x3c499c542cef5e3811e1192ce70d8cc03d5c3359,unBlacklist(address),,BLACKLISTER,,,Circle
CU-IMP-1440,ONCHAIN_TX,0xd9f0bf55de99e7d3384ecb51c03123fa9c37276ba522fb475a0a1860cd495a86,69342183,2025-03-22 01:23:15.000 UTC,polygon,0x3c499c542cef5e3811e1192ce70d8cc03d5c3359,unBlacklist(address),,BLACKLISTER,,,Circle
CU-IMP-1441,ONCHAIN_TX,0x5e891e000e1b0a1178a8256aadeb6d1020c07685c1835ea486929a2698d26305,69342185,2025-03-22 01:23:19.000 UTC,polygon,0x3c499c542cef5e3811e1192ce70d8cc03d5c3359,unBlacklist(address),,BLACKLISTER,,,Circle
CU-IMP-1442,ONCHAIN_TX,0xda2a6f27b76498c411b4fbe836278942bec04ba3b5914f6c985f43e0ac902f95,69342187,2025-03-22 01:23:23.000 UTC,polygon,0x3c499c542cef5e3811e1192ce70d8cc03d5c3359,unBlacklist(address),,BLACKLISTER,,,Circle
CU-IMP-1443,ONCHAIN_TX,0xf49d40a6f7831ce075490137c32064559a95e600ad35444f3c31a9960992a58a,69342189,2025-03-22 01:23:27.000 UTC,polygon,0x3c499c542cef5e3811e1192ce70d8cc03d5c3359,unBlacklist(address),,BLACKLISTER,,,Circle
CU-IMP-1444,ONCHAIN_TX,0x5dea1f8a2d4d2abac074af077b6a637e95879f5610103ac03d63a701d22c7c81,69342191,2025-03-22 01:23:31.000 UTC,polygon,0x3c499c542cef5e3811e1192ce70d8cc03d5c3359,unBlacklist(address),,BLACKLISTER,,,Circle
CU-IMP-1445,ONCHAIN_TX,0x95e6927e4bb7fb4b8b1c882fd4967c08b4d7793c630ef992dd1e8080170306b6,69342193,2025-03-22 01:23:37.000 UTC,polygon,0x3c499c542cef5e3811e1192ce70d8cc03d5c3359,unBlacklist(address),,BLACKLISTER,,,Circle
CU-IMP-1446,ONCHAIN_TX,0x436fd1bc95fb91d8a2f67b49a0a7ed63795d8f75736652725286c3dd14332d1f,69342195,2025-03-22 01:23:41.000 UTC,polygon,0x3c499c542cef5e3811e1192ce70d8cc03d5c3359,unBlacklist(address),,BLACKLISTER,,,Circle
CU-IMP-1447,ONCHAIN_TX,0xcc0a574290a19be79245709a6eb4500bdcf60fa9381b5bbd3789162bfd6ce958,69342197,2025-03-22 01:23:45.000 UTC,polygon,0x3c499c542cef5e3811e1192ce70d8cc03d5c3359,unBlacklist(address),,BLACKLISTER,,,Circle
CU-IMP-1448,ONCHAIN_TX,0x7a96a6838e0fc281433cd830629e018bbb69fbcd8f8ef7f1ca6da507a715118a,69342199,2025-03-22 01:23:49.000 UTC,polygon,0x3c499c542cef5e3811e1192ce70d8cc03d5c3359,unBlacklist(address),,BLACKLISTER,,,Circle
CU-IMP-1449,ONCHAIN_TX,0xb41d630b37c29f1c939d70452615ad579b598e10864467c5e795153f2565b536,69342201,2025-03-22 01:23:53.000 UTC,polygon,0x3c499c542cef5e3811e1192ce70d8cc03d5c3359,unBlacklist(address),,BLACKLISTER,,,Circle
CU-IMP-1450,ONCHAIN_TX,0x15aa0ef50cdac44aab8bb82f5eed64686db8ca34be16d18b0ea63a029f7e78b2,69342203,2025-03-22 01:23:57.000 UTC,polygon,0x3c499c542cef5e3811e1192ce70d8cc03d5c3359,unBlacklist(address),,BLACKLISTER,,,Circle
CU-IMP-1451,ONCHAIN_TX,0xb64eec6a299c1c399b62020ce7287ed34de996241929e6fe7d7a2437c0dfeaed,69342205,2025-03-22 01:24:01.000 UTC,polygon,0x3c499c542cef5e3811e1192ce70d8cc03d5c3359,unBlacklist(address),,BLACKLISTER,,,Circle
CU-IMP-1452,ONCHAIN_TX,0xd7c7fa5f136c46df686094fe286f375a7a0754905f8389419f84a8a69782554b,69342207,2025-03-22 01:24:05.000 UTC,polygon,0x3c499c542cef5e3811e1192ce70d8cc03d5c3359,unBlacklist(address),,BLACKLISTER,,,Circle
CU-IMP-1453,ONCHAIN_TX,0x7d0805da26c17b51a35e2b921a469403fd18545e3ea23e54e3d20ee3091d52c7,69342209,2025-03-22 01:24:11.000 UTC,polygon,0x3c499c542cef5e3811e1192ce70d8cc03d5c3359,unBlacklist(address),,BLACKLISTER,,,Circle
CU-IMP-1454,ONCHAIN_TX,0xb6c24c6fd38833dce002a331b6c2a98a47ed7e69c24723b47c85ff03e3b09fa7,69342211,2025-03-22 01:24:15.000 UTC,polygon,0x3c499c542cef5e3811e1192ce70d8cc03d5c3359,unBlacklist(address),,BLACKLISTER,,,Circle
CU-IMP-1455,ONCHAIN_TX,0xf30827f87c2320575877a4830f47a3d3f75736370a65a57cdd6cc689dd8be3fe,69342213,2025-03-22 01:24:19.000 UTC,polygon,0x3c499c542cef5e3811e1192ce70d8cc03d5c3359,unBlacklist(address),,BLACKLISTER,,,Circle
CU-IMP-1456,ONCHAIN_TX,0x8a86c6105de7225f7340691446a45e302265cfcfa7a1bb9f6dbb23349c8830bc,69342215,2025-03-22 01:24:23.000 UTC,polygon,0x3c499c542cef5e3811e1192ce70d8cc03d5c3359,unBlacklist(address),,BLACKLISTER,,,Circle
CU-IMP-1457,ONCHAIN_TX,0xab7c35730dc7773f3a0d5d4b40d5bdf4fbee31ba2d2022b2cdb80c56f53bc509,69342217,2025-03-22 01:24:27.000 UTC,polygon,0x3c499c542cef5e3811e1192ce70d8cc03d5c3359,unBlacklist(address),,BLACKLISTER,,,Circle
CU-IMP-1458,ONCHAIN_TX,0xb54c809528e0d8c2ba499693cfabe4f8cb8e88e056a4a09a9b93678e0d47c428,69342219,2025-03-22 01:24:31.000 UTC,polygon,0x3c499c542cef5e3811e1192ce70d8cc03d5c3359,unBlacklist(address),,BLACKLISTER,,,Circle
CU-IMP-1459,ONCHAIN_TX,0x4296b6ecef5b46d0f1cc80ead07b7ec294680564f5bfd6d9ee2e82531f130b51,69342221,2025-03-22 01:24:35.000 UTC,polygon,0x3c499c542cef5e3811e1192ce70d8cc03d5c3359,unBlacklist(address),,BLACKLISTER,,,Circle
CU-IMP-1460,ONCHAIN_TX,0xda0a7e6a0a32ba4e7e10fb3264372251da8fc77ad18ed02d9ab9609881568960,69342223,2025-03-22 01:24:39.000 UTC,polygon,0x3c499c542cef5e3811e1192ce70d8cc03d5c3359,unBlacklist(address),,BLACKLISTER,,,Circle
CU-IMP-1461,ONCHAIN_TX,0x90544d8dfd460d1682f122bc0ce75ba924bf89255733d8ffdf9aefb7f91e5dbb,69342225,2025-03-22 01:24:45.000 UTC,polygon,0x3c499c542cef5e3811e1192ce70d8cc03d5c3359,unBlacklist(address),,BLACKLISTER,,,Circle
CU-IMP-1462,ONCHAIN_TX,0x2ebab1f1601ace4807455f86c4b44730541edaaa0bde2430ada1f8b7ede380d8,69342227,2025-03-22 01:24:49.000 UTC,polygon,0x3c499c542cef5e3811e1192ce70d8cc03d5c3359,unBlacklist(address),,BLACKLISTER,,,Circle
CU-IMP-1463,ONCHAIN_TX,0x3f31f3576557a480160b99ba1a2b43987f865b187b9d3a38ec013fd3e37c0043,69342229,2025-03-22 01:24:53.000 UTC,polygon,0x3c499c542cef5e3811e1192ce70d8cc03d5c3359,unBlacklist(address),,BLACKLISTER,,,Circle
CU-IMP-1464,ONCHAIN_TX,0x425467b48140f2922096405b6c6fe0c13cff57951c9e838a7e61bba92c463aad,69342231,2025-03-22 01:24:57.000 UTC,polygon,0x3c499c542cef5e3811e1192ce70d8cc03d5c3359,unBlacklist(address),,BLACKLISTER,,,Circle
CU-IMP-1465,ONCHAIN_TX,0x2694673ed3230d303705165769d64616bc0b32b35566cf999f9fbc2f98139c39,69342233,2025-03-22 01:25:01.000 UTC,polygon,0x3c499c542cef5e3811e1192ce70d8cc03d5c3359,unBlacklist(address),,BLACKLISTER,,,Circle
CU-IMP-1466,ONCHAIN_TX,0x3b8802123a96aadcc715dd7882a95af7a10640a2484f320b1154e6271a8388f2,69342235,2025-03-22 01:25:05.000 UTC,polygon,0x3c499c542cef5e3811e1192ce70d8cc03d5c3359,unBlacklist(address),,BLACKLISTER,,,Circle
CU-IMP-1467,ONCHAIN_TX,0x96b8ffff6088fc8cb2bc86db5ef151afb30150221c47b5ed52855d8d983be292,69342237,2025-03-22 01:25:09.000 UTC,polygon,0x3c499c542cef5e3811e1192ce70d8cc03d5c3359,unBlacklist(address),,BLACKLISTER,,,Circle
CU-IMP-1468,ONCHAIN_TX,0x2fdc9db5c36e538175f43ecc6271046bede37d27b628594a9d65f4352ed0d515,69342239,2025-03-22 01:25:13.000 UTC,polygon,0x3c499c542cef5e3811e1192ce70d8cc03d5c3359,unBlacklist(address),,BLACKLISTER,,,Circle
CU-IMP-1469,ONCHAIN_TX,0x2d683206c9289b38738e25e63e20da26c8b89c2579b3b707b3955734ef525e45,69342241,2025-03-22 01:25:19.000 UTC,polygon,0x3c499c542cef5e3811e1192ce70d8cc03d5c3359,unBlacklist(address),,BLACKLISTER,,,Circle
CU-IMP-1470,ONCHAIN_TX,0x2c65b20dbba0dc9486b26ba81d2e2ea79c436824757d17466034dc909cc8fa0a,69342243,2025-03-22 01:25:23.000 UTC,polygon,0x3c499c542cef5e3811e1192ce70d8cc03d5c3359,unBlacklist(address),,BLACKLISTER,,,Circle
CU-IMP-1471,ONCHAIN_TX,0x44fd58acfb9fbbfbccc66790a1fc80b7f4399382c63b07f7d6f3f6a7e3d38912,69342245,2025-03-22 01:25:27.000 UTC,polygon,0x3c499c542cef5e3811e1192ce70d8cc03d5c3359,unBlacklist(address),,BLACKLISTER,,,Circle
CU-IMP-1472,ONCHAIN_TX,0xfbef91721366040183f4c76203a884a7e6154c5b5f118f7a6b34aeb271819785,69342247,2025-03-22 01:25:31.000 UTC,polygon,0x3c499c542cef5e3811e1192ce70d8cc03d5c3359,unBlacklist(address),,BLACKLISTER,,,Circle
CU-IMP-1473,ONCHAIN_TX,0x9624de6030df605ab64659bb0e767f5e2accf817618c0c42ae833ec583067645,69342249,2025-03-22 01:25:35.000 UTC,polygon,0x3c499c542cef5e3811e1192ce70d8cc03d5c3359,unBlacklist(address),,BLACKLISTER,,,Circle
CU-IMP-1474,ONCHAIN_TX,0x07760a3a95c36babf5fc0cb2ce67853b2f30ad3532b2e4af4b6a729418a95858,69342251,2025-03-22 01:25:39.000 UTC,polygon,0x3c499c542cef5e3811e1192ce70d8cc03d5c3359,unBlacklist(address),,BLACKLISTER,,,Circle
CU-IMP-1475,ONCHAIN_TX,0x82dbf905d0fade94ddd57ce4332e0f792795cc3c2f3584b44385eca783eecd5b,69342253,2025-03-22 01:25:43.000 UTC,polygon,0x3c499c542cef5e3811e1192ce70d8cc03d5c3359,unBlacklist(address),,BLACKLISTER,,,Circle
CU-IMP-1476,ONCHAIN_TX,0x0a9acd4486d17552d16804798df7eeadcfbfa0cf89ece243d37166cfd2742df7,69342255,2025-03-22 01:25:47.000 UTC,polygon,0x3c499c542cef5e3811e1192ce70d8cc03d5c3359,unBlacklist(address),,BLACKLISTER,,,Circle
CU-IMP-1477,ONCHAIN_TX,0xb2daafb2dc094e78218de92c4e11d3fb88686bd947c0b1a334cfefedf1c8638c,69342257,2025-03-22 01:25:53.000 UTC,polygon,0x3c499c542cef5e3811e1192ce70d8cc03d5c3359,unBlacklist(address),,BLACKLISTER,,,Circle
CU-IMP-1478,ONCHAIN_TX,0xee3839366ffa5bafa29f9f1e9e2f2ad77c2fd1065135df4b9fb846c263441fb3,69342259,2025-03-22 01:25:57.000 UTC,polygon,0x3c499c542cef5e3811e1192ce70d8cc03d5c3359,unBlacklist(address),,BLACKLISTER,,,Circle
CU-IMP-1479,ONCHAIN_TX,0x3b9b4c2fe894462d6709bfb45595f1309d81548f88a2b3f1063c6103c2254904,69342261,2025-03-22 01:26:01.000 UTC,polygon,0x3c499c542cef5e3811e1192ce70d8cc03d5c3359,unBlacklist(address),,BLACKLISTER,,,Circle
CU-IMP-1480,ONCHAIN_TX,0xe18bcf61d953123ffcd71448f7397d03efdf8a3f65422d0e96d84fed4950dca4,69342263,2025-03-22 01:26:05.000 UTC,polygon,0x3c499c542cef5e3811e1192ce70d8cc03d5c3359,unBlacklist(address),,BLACKLISTER,,,Circle
CU-IMP-1481,ONCHAIN_TX,0x4d2f23c33379ff85de0cf1b71877084c9337af406ea8cae76a465c652416922b,69342265,2025-03-22 01:26:09.000 UTC,polygon,0x3c499c542cef5e3811e1192ce70d8cc03d5c3359,unBlacklist(address),,BLACKLISTER,,,Circle
CU-IMP-1482,ONCHAIN_TX,0x82703bfa3ad5a965eb06f753861b63857ec33d4ffede2e48982fd97be454f54e,69342267,2025-03-22 01:26:13.000 UTC,polygon,0x3c499c542cef5e3811e1192ce70d8cc03d5c3359,unBlacklist(address),,BLACKLISTER,,,Circle
CU-IMP-1483,ONCHAIN_TX,0x990060dd105e77f48ef0ff1b848998a9e69e585a13e4586595deb41c60be6156,69342269,2025-03-22 01:26:17.000 UTC,polygon,0x3c499c542cef5e3811e1192ce70d8cc03d5c3359,unBlacklist(address),,BLACKLISTER,,,Circle
CU-IMP-1484,ONCHAIN_TX,0x5d29a8d0052dbe181150160c7747a52c9d4a32ba5ae858c583e465fde7b669b3,69342271,2025-03-22 01:26:21.000 UTC,polygon,0x3c499c542cef5e3811e1192ce70d8cc03d5c3359,unBlacklist(address),,BLACKLISTER,,,Circle
CU-IMP-1485,ONCHAIN_TX,0xf4f47774e1b14eacc8ec47d6309a9ecfc90c346f8d80fcb429c1bc8ab796acbf,69342273,2025-03-22 01:26:27.000 UTC,polygon,0x3c499c542cef5e3811e1192ce70d8cc03d5c3359,unBlacklist(address),,BLACKLISTER,,,Circle
CU-IMP-1486,ONCHAIN_TX,0x7a16993ce611168e6b4d757bbf71b9ca3d3e175ef4c8b9fc99a66f061c2ac91f,69342275,2025-03-22 01:26:31.000 UTC,polygon,0x3c499c542cef5e3811e1192ce70d8cc03d5c3359,unBlacklist(address),,BLACKLISTER,,,Circle
CU-IMP-1487,ONCHAIN_TX,0xa53fc1ce0c757ba36e759ee3de024e33ca7874c44257565a856bc7cc202e39a7,69342277,2025-03-22 01:26:35.000 UTC,polygon,0x3c499c542cef5e3811e1192ce70d8cc03d5c3359,unBlacklist(address),,BLACKLISTER,,,Circle
CU-IMP-1488,ONCHAIN_TX,0xb8176db6973e2d4685944196fb176d44e1737f66937095946beb9233f88ca564,69342279,2025-03-22 01:26:39.000 UTC,polygon,0x3c499c542cef5e3811e1192ce70d8cc03d5c3359,unBlacklist(address),,BLACKLISTER,,,Circle
CU-IMP-1489,ONCHAIN_TX,0x3a405bb1178ffc7f1c66806ba1d1a5ba475ee528f221ea1e514f13242a4a1ebc,69342281,2025-03-22 01:26:43.000 UTC,polygon,0x3c499c542cef5e3811e1192ce70d8cc03d5c3359,unBlacklist(address),,BLACKLISTER,,,Circle
CU-IMP-1490,ONCHAIN_TX,0x7edea4c7048f095c2c60920ded5b1c4c1d41b811e9e18a48fce18f318f28a79f,69342283,2025-03-22 01:26:47.000 UTC,polygon,0x3c499c542cef5e3811e1192ce70d8cc03d5c3359,unBlacklist(address),,BLACKLISTER,,,Circle
CU-IMP-1491,ONCHAIN_TX,0x5c42430dba495a1e23edbbb97118578dcf61db4f50905ce0cb39205c0c1d69da,69342285,2025-03-22 01:26:51.000 UTC,polygon,0x3c499c542cef5e3811e1192ce70d8cc03d5c3359,unBlacklist(address),,BLACKLISTER,,,Circle
CU-IMP-1492,ONCHAIN_TX,0x0d8d8bcddd2a39b67e81807a49298b27166be01b4b4f5e2c1f46608d34341ad0,69342287,2025-03-22 01:26:55.000 UTC,polygon,0x3c499c542cef5e3811e1192ce70d8cc03d5c3359,unBlacklist(address),,BLACKLISTER,,,Circle
CU-IMP-1493,ONCHAIN_TX,0x08bd1ca892c65b914cd57ef83b9e9c31752cc45a19907223ca6226c8ab642274,69342289,2025-03-22 01:27:01.000 UTC,polygon,0x3c499c542cef5e3811e1192ce70d8cc03d5c3359,unBlacklist(address),,BLACKLISTER,,,Circle
CU-IMP-1494,ONCHAIN_TX,0xa5b0b5e1f1bcfffba0f0f97f3d78779a0432a86acff86bf2a6325cdd6f0e59fa,69342291,2025-03-22 01:27:05.000 UTC,polygon,0x3c499c542cef5e3811e1192ce70d8cc03d5c3359,unBlacklist(address),,BLACKLISTER,,,Circle
CU-IMP-1495,ONCHAIN_TX,0x53373383894506a8d3a535a842ff4dbf220f8443d6e56a916e9f49d89c64e061,69342293,2025-03-22 01:27:09.000 UTC,polygon,0x3c499c542cef5e3811e1192ce70d8cc03d5c3359,unBlacklist(address),,BLACKLISTER,,,Circle
CU-IMP-1496,ONCHAIN_TX,0x2d5decb3d0c68f47d8e12a1ce10f0626a0affce0e1969dac1698de77c1e45373,69342295,2025-03-22 01:27:13.000 UTC,polygon,0x3c499c542cef5e3811e1192ce70d8cc03d5c3359,unBlacklist(address),,BLACKLISTER,,,Circle
CU-IMP-1497,ONCHAIN_TX,0x19f24308ca40b6896fb0c5fdd724ea5bb1face13b4cf2d37454fa028f41e7872,69342297,2025-03-22 01:27:17.000 UTC,polygon,0x3c499c542cef5e3811e1192ce70d8cc03d5c3359,unBlacklist(address),,BLACKLISTER,,,Circle
CU-IMP-1498,ONCHAIN_TX,0xd8f0c667f0bdb63ab0f6e3da8b517efcc815d7853cfda36f567ab4b6673b6ed7,69342299,2025-03-22 01:27:21.000 UTC,polygon,0x3c499c542cef5e3811e1192ce70d8cc03d5c3359,unBlacklist(address),,BLACKLISTER,,,Circle
CU-IMP-1499,ONCHAIN_TX,0xabbd94119457e2e44cd2ebcf57a9a17a66887025215e1171e4e479e6c98543b5,69342301,2025-03-22 01:27:25.000 UTC,polygon,0x3c499c542cef5e3811e1192ce70d8cc03d5c3359,unBlacklist(address),,BLACKLISTER,,,Circle
CU-IMP-1500,ONCHAIN_TX,0xda3e3d85976d2135b4adbbd5f011585251cedb5380c1c581782a7d964fb909c4,69342303,2025-03-22 01:27:29.000 UTC,polygon,0x3c499c542cef5e3811e1192ce70d8cc03d5c3359,unBlacklist(address),,BLACKLISTER,,,Circle
CU-IMP-1501,ONCHAIN_TX,0x8b253d2d51dd77582c76370a9c426b5cd12fc1908acff50a31ec0e054c83816a,69342305,2025-03-22 01:27:35.000 UTC,polygon,0x3c499c542cef5e3811e1192ce70d8cc03d5c3359,unBlacklist(address),,BLACKLISTER,,,Circle
CU-IMP-1502,ONCHAIN_TX,0xa4bdbf126ae52f8babb62d538ac7ffe615854c6c2e7e6800c95cb923b09c5eea,69342307,2025-03-22 01:27:39.000 UTC,polygon,0x3c499c542cef5e3811e1192ce70d8cc03d5c3359,unBlacklist(address),,BLACKLISTER,,,Circle
CU-IMP-1503,ONCHAIN_TX,0x067e7a1461572224ae4820cc98468182b0470460275d57b74104d230838ba02b,69342309,2025-03-22 01:27:43.000 UTC,polygon,0x3c499c542cef5e3811e1192ce70d8cc03d5c3359,unBlacklist(address),,BLACKLISTER,,,Circle
CU-IMP-1504,ONCHAIN_TX,0x6c46822aa82b5239de9e782c67e90b65c4acafbbb3b6063bc5ad875ef76b375c,69342311,2025-03-22 01:27:47.000 UTC,polygon,0x3c499c542cef5e3811e1192ce70d8cc03d5c3359,unBlacklist(address),,BLACKLISTER,,,Circle
CU-IMP-1505,ONCHAIN_TX,0x1e0f2417ddf53925091dcad098aa8c1f1eeb1fa0df115e4fa1d7ef040956f846,69342313,2025-03-22 01:27:51.000 UTC,polygon,0x3c499c542cef5e3811e1192ce70d8cc03d5c3359,unBlacklist(address),,BLACKLISTER,,,Circle
CU-IMP-1506,ONCHAIN_TX,0x0172b8528167f96f9c80e6900298a188c01b3c5e0daf0e5e1f292a463f9e1cbf,69342315,2025-03-22 01:27:55.000 UTC,polygon,0x3c499c542cef5e3811e1192ce70d8cc03d5c3359,unBlacklist(address),,BLACKLISTER,,,Circle
CU-IMP-1507,ONCHAIN_TX,0xc3079131df52430aaa5d76697dbd00f088b4190cc736ce1aa1c4bb5775f17953,69342317,2025-03-22 01:27:59.000 UTC,polygon,0x3c499c542cef5e3811e1192ce70d8cc03d5c3359,unBlacklist(address),,BLACKLISTER,,,Circle
CU-IMP-1508,ONCHAIN_TX,0x45a5ed38dea1fda1539adab8822ddba9eca66a105712d173cee8044066e5d71d,69342319,2025-03-22 01:28:03.000 UTC,polygon,0x3c499c542cef5e3811e1192ce70d8cc03d5c3359,unBlacklist(address),,BLACKLISTER,,,Circle
CU-IMP-1509,ONCHAIN_TX,0x8fcd1e02417386fcdb6ea9e9a2e39701c994a7c1ee55e15fd4da65857f40234d,69342321,2025-03-22 01:28:09.000 UTC,polygon,0x3c499c542cef5e3811e1192ce70d8cc03d5c3359,unBlacklist(address),,BLACKLISTER,,,Circle
CU-IMP-1510,ONCHAIN_TX,0xffe196ad054c41677bcaff868f4742599dc0b043fb3b6812d77888488b5fc482,69342323,2025-03-22 01:28:13.000 UTC,polygon,0x3c499c542cef5e3811e1192ce70d8cc03d5c3359,unBlacklist(address),,BLACKLISTER,,,Circle
CU-IMP-1511,ONCHAIN_TX,0x771096a3df03e5407c7907ee6b080e73fa0a521449b2e23664d78fdb6baea70b,69342325,2025-03-22 01:28:17.000 UTC,polygon,0x3c499c542cef5e3811e1192ce70d8cc03d5c3359,unBlacklist(address),,BLACKLISTER,,,Circle
CU-IMP-1512,ONCHAIN_TX,0x7f9282df80609cfe77381ae6f710827ffb3169a92245f5f2094c65787f832e18,69342327,2025-03-22 01:28:21.000 UTC,polygon,0x3c499c542cef5e3811e1192ce70d8cc03d5c3359,unBlacklist(address),,BLACKLISTER,,,Circle
CU-IMP-1513,ONCHAIN_TX,0x988b76d5199075ced2e596f82b21b521722eb9629befa1ff66f7d02a5c94f83b,69342329,2025-03-22 01:28:25.000 UTC,polygon,0x3c499c542cef5e3811e1192ce70d8cc03d5c3359,unBlacklist(address),,BLACKLISTER,,,Circle
CU-IMP-1514,ONCHAIN_TX,0x3b9e173bc14ed0b3c384985acc274ea164649e3fa2836899d91450920ac54a15,69342331,2025-03-22 01:28:29.000 UTC,polygon,0x3c499c542cef5e3811e1192ce70d8cc03d5c3359,unBlacklist(address),,BLACKLISTER,,,Circle
CU-IMP-1515,ONCHAIN_TX,0x4d9073b2fd259c164dfbee6b2fd33b96465c0b9cc00d87e8431d9d1121d6faa6,69342333,2025-03-22 01:28:33.000 UTC,polygon,0x3c499c542cef5e3811e1192ce70d8cc03d5c3359,unBlacklist(address),,BLACKLISTER,,,Circle
CU-IMP-1516,ONCHAIN_TX,0xa592cf4a040815e3c2061282b53392fdb61448c388c6711a9db75104de53873e,69342335,2025-03-22 01:28:37.000 UTC,polygon,0x3c499c542cef5e3811e1192ce70d8cc03d5c3359,unBlacklist(address),,BLACKLISTER,,,Circle
CU-IMP-1517,ONCHAIN_TX,0x39c3365dc19b4279434b60bf49d161a2ba84d1169f1c3cd4f7c401af0b52feda,69342337,2025-03-22 01:28:47.000 UTC,polygon,0x3c499c542cef5e3811e1192ce70d8cc03d5c3359,unBlacklist(address),,BLACKLISTER,,,Circle
CU-IMP-1518,ONCHAIN_TX,0x8029fa165594e89e5387120cb1ab171105cda8b69f44b0748dd94fdd63a040ac,69342339,2025-03-22 01:28:55.000 UTC,polygon,0x3c499c542cef5e3811e1192ce70d8cc03d5c3359,unBlacklist(address),,BLACKLISTER,,,Circle
CU-IMP-1519,ONCHAIN_TX,0xf410403d3a91e2ccc9995a5306f8dff25158ce376fc05f17a5d77c5a21a8640c,69342341,2025-03-22 01:29:03.000 UTC,polygon,0x3c499c542cef5e3811e1192ce70d8cc03d5c3359,unBlacklist(address),,BLACKLISTER,,,Circle
CU-IMP-1520,ONCHAIN_TX,0x023aeeb3e6ef8804454b3b88aaa9f490d40ad3b0214ed2c7ea606534cbc7d69a,69342343,2025-03-22 01:29:11.000 UTC,polygon,0x3c499c542cef5e3811e1192ce70d8cc03d5c3359,unBlacklist(address),,BLACKLISTER,,,Circle
CU-IMP-1521,ONCHAIN_TX,0x4c7f36d44009a1c6900b555bf4c27dd74aa7b15bc6b7f1d5eb93670f397cc712,69342346,2025-03-22 01:29:19.000 UTC,polygon,0x3c499c542cef5e3811e1192ce70d8cc03d5c3359,unBlacklist(address),,BLACKLISTER,,,Circle
CU-IMP-1522,ONCHAIN_TX,0xd4073ec6a7b491ff1e24c5e457752c975dfc7dd546c97e94e79f148fd5f17888,69342348,2025-03-22 01:29:23.000 UTC,polygon,0x3c499c542cef5e3811e1192ce70d8cc03d5c3359,unBlacklist(address),,BLACKLISTER,,,Circle
CU-IMP-1523,ONCHAIN_TX,0xc615aaf31b30bfa2e4f5bce38084bd393149a344497b9d4bb621a07b2ddce1cd,69342350,2025-03-22 01:29:27.000 UTC,polygon,0x3c499c542cef5e3811e1192ce70d8cc03d5c3359,unBlacklist(address),,BLACKLISTER,,,Circle
CU-IMP-1524,ONCHAIN_TX,0x912eb2be50689ebba67e8aeed3872d470ae5cfeaf7666e4104d42791084cd132,69342352,2025-03-22 01:29:33.000 UTC,polygon,0x3c499c542cef5e3811e1192ce70d8cc03d5c3359,unBlacklist(address),,BLACKLISTER,,,Circle
CU-IMP-1525,ONCHAIN_TX,0x20ca617f0b3c6c2b45358e2645a77af2c42ff304e1ee67410c4c9176a71406e3,69342354,2025-03-22 01:29:37.000 UTC,polygon,0x3c499c542cef5e3811e1192ce70d8cc03d5c3359,unBlacklist(address),,BLACKLISTER,,,Circle
CU-IMP-1526,ONCHAIN_TX,0xbed103ca76c6bc9a6739cc8d1896efa211be9b465fef1b83bfab4d8d1badb15c,69342356,2025-03-22 01:29:41.000 UTC,polygon,0x3c499c542cef5e3811e1192ce70d8cc03d5c3359,unBlacklist(address),,BLACKLISTER,,,Circle
CU-IMP-1527,ONCHAIN_TX,0x0015b762e6ed86fc5fcbbd40b3ff7a4103da30530d8a74d03ff5718480d4b8c9,69817334,2025-04-02 19:43:04.000 UTC,polygon,0x3c499c542cef5e3811e1192ce70d8cc03d5c3359,blacklist(address),,BLACKLISTER,,,Circle
CU-IMP-1528,ONCHAIN_TX,0xe3053d5b4e30101b31dac301bcb625d8a516b9aef1adbcb799f4e5a4ba24c09c,69817344,2025-04-02 19:43:26.000 UTC,polygon,0x3c499c542cef5e3811e1192ce70d8cc03d5c3359,blacklist(address),,BLACKLISTER,,,Circle
CU-IMP-1529,ONCHAIN_TX,0x44fa78204678ba3692c6a2f0100a42347e5481a9a3adcf14b660d01b25964742,69817355,2025-04-02 19:43:48.000 UTC,polygon,0x3c499c542cef5e3811e1192ce70d8cc03d5c3359,blacklist(address),,BLACKLISTER,,,Circle
CU-IMP-1530,ONCHAIN_TX,0xb1d99c8f5e677eaef2b7994d8abcdb062f3a9d4c4e3779f6cf0b41599e39ef58,69817363,2025-04-02 19:44:06.000 UTC,polygon,0x3c499c542cef5e3811e1192ce70d8cc03d5c3359,blacklist(address),,BLACKLISTER,,,Circle
CU-IMP-1531,ONCHAIN_TX,0xee6e1aaf30423ff3f09d395d5ac0ef5ca6d5fdd7966ee71323be7bcf3827e2e7,69817373,2025-04-02 19:44:26.000 UTC,polygon,0x3c499c542cef5e3811e1192ce70d8cc03d5c3359,blacklist(address),,BLACKLISTER,,,Circle
CU-IMP-1532,ONCHAIN_TX,0x5702cb3746ccaddbea449091394583e27a1d47303e7bae3697a62ddee085c02b,69817382,2025-04-02 19:44:46.000 UTC,polygon,0x3c499c542cef5e3811e1192ce70d8cc03d5c3359,blacklist(address),,BLACKLISTER,,,Circle
CU-IMP-1533,ONCHAIN_TX,0xb384db87481fc228989755db97569d84ed8d2311884e3c911e3482b7b1eecb73,69817394,2025-04-02 19:45:12.000 UTC,polygon,0x3c499c542cef5e3811e1192ce70d8cc03d5c3359,blacklist(address),,BLACKLISTER,,,Circle
CU-IMP-1534,ONCHAIN_TX,0xec540e2d54a1a1bf610182eab532bc9fc8904987c48ee6d554d6dce6a8599604,69817405,2025-04-02 19:45:34.000 UTC,polygon,0x3c499c542cef5e3811e1192ce70d8cc03d5c3359,blacklist(address),,BLACKLISTER,,,Circle
CU-IMP-1535,ONCHAIN_TX,0x831b032d238618dce640ec2c7af998908e8323f6f618527e4c4788baac1e2f0a,72123795,2025-05-29 20:18:47.000 UTC,polygon,0x3c499c542cef5e3811e1192ce70d8cc03d5c3359,blacklist(address),,BLACKLISTER,,,Circle
CU-IMP-1536,ONCHAIN_TX,0x67e7dd95cb6e2301d487704882b7837e75900231e6fd73eeb1b0c3c51cda12a6,72123814,2025-05-29 20:19:27.000 UTC,polygon,0x3c499c542cef5e3811e1192ce70d8cc03d5c3359,blacklist(address),,BLACKLISTER,,,Circle
CU-IMP-1537,ONCHAIN_TX,0xab81a60ccb9aa071addf2cf021a48e420fb9101e2af27bc6c20e16b2e08f6107,73302245,2025-06-27 23:03:58.000 UTC,polygon,0x3c499c542cef5e3811e1192ce70d8cc03d5c3359,blacklist(address),,BLACKLISTER,,,Circle
CU-IMP-1538,ONCHAIN_TX,0x6a3ee503d8a25c349c0e319e8945cef2b1c95d02e018d493956e83bc5919e0eb,73306519,2025-06-28 01:35:20.000 UTC,polygon,0x3c499c542cef5e3811e1192ce70d8cc03d5c3359,blacklist(address),,BLACKLISTER,,,Circle
CU-IMP-1539,ONCHAIN_TX,0xb7756fb78b37aaffbdc3c1d2b20b05dddc8eeeddd0fcc156ad730ca5dcd0ea4c,73455553,2025-07-01 18:17:07.000 UTC,polygon,0x3c499c542cef5e3811e1192ce70d8cc03d5c3359,blacklist(address),,BLACKLISTER,,,Circle
CU-IMP-1540,ONCHAIN_TX,0x43e49c694118e54e9b13dd5e006105931c2e7973615afc11a33d90ad1631925d,75210659,2025-08-14 22:04:04.000 UTC,polygon,0x3c499c542cef5e3811e1192ce70d8cc03d5c3359,blacklist(address),,BLACKLISTER,,,Circle
CU-IMP-1541,ONCHAIN_TX,0x48fcb75449ee47de613cab5ac6db6917fdc6a1c819002d3f8f9d9068b8fcc9f0,75210660,2025-08-14 22:04:06.000 UTC,polygon,0x3c499c542cef5e3811e1192ce70d8cc03d5c3359,blacklist(address),,BLACKLISTER,,,Circle
CU-IMP-1542,ONCHAIN_TX,0xe55984823ade7f46eb7941184c6f9673732c840c3e7d5cd95c8be64aac0472a7,75210661,2025-08-14 22:04:08.000 UTC,polygon,0x3c499c542cef5e3811e1192ce70d8cc03d5c3359,blacklist(address),,BLACKLISTER,,,Circle
CU-IMP-1543,ONCHAIN_TX,0xa285c0499033d16617dbf7f481ce20ad8b4b25c7cb29b8183612372ecd3448d3,75210662,2025-08-14 22:04:10.000 UTC,polygon,0x3c499c542cef5e3811e1192ce70d8cc03d5c3359,blacklist(address),,BLACKLISTER,,,Circle
CU-IMP-1544,ONCHAIN_TX,0x8904ae885b5b20a358861eb04ecd6c9405abba8f739d7fc41b7fccd6a50771dd,75210664,2025-08-14 22:04:14.000 UTC,polygon,0x3c499c542cef5e3811e1192ce70d8cc03d5c3359,blacklist(address),,BLACKLISTER,,,Circle
CU-IMP-1545,ONCHAIN_TX,0xe473ffd9ec3604429219b5f49fdce24480b0b410db71838fcc4a5d5c44b7266f,75210666,2025-08-14 22:04:18.000 UTC,polygon,0x3c499c542cef5e3811e1192ce70d8cc03d5c3359,blacklist(address),,BLACKLISTER,,,Circle
CU-IMP-1546,ONCHAIN_TX,0x215c094590f1d7f61541bb7916add51ed13cefa026cf250c2aecadfb49e43e1a,75210667,2025-08-14 22:04:20.000 UTC,polygon,0x3c499c542cef5e3811e1192ce70d8cc03d5c3359,blacklist(address),,BLACKLISTER,,,Circle
CU-IMP-1547,ONCHAIN_TX,0x3d1cd5cd6973dfaf6b04bf83146022cef4f7ff3d8956b4ed4e61064e802179fd,75210668,2025-08-14 22:04:22.000 UTC,polygon,0x3c499c542cef5e3811e1192ce70d8cc03d5c3359,blacklist(address),,BLACKLISTER,,,Circle
CU-IMP-1548,ONCHAIN_TX,0x13448e2d35be7b5100830a676fbd7ba9f485f9bd3a0447773518bab589a844f2,75210669,2025-08-14 22:04:24.000 UTC,polygon,0x3c499c542cef5e3811e1192ce70d8cc03d5c3359,blacklist(address),,BLACKLISTER,,,Circle
CU-IMP-1549,ONCHAIN_TX,0x3687e1d57b89813e9adc0971e5eddc02d4641fd7c8351d6462df485dcb91e3c5,75210670,2025-08-14 22:04:26.000 UTC,polygon,0x3c499c542cef5e3811e1192ce70d8cc03d5c3359,blacklist(address),,BLACKLISTER,,,Circle
CU-IMP-1550,ONCHAIN_TX,0xebf4e301866ec50665f7c859500647d5a304f9da05a81c5648ac2503f53bdf09,75210671,2025-08-14 22:04:28.000 UTC,polygon,0x3c499c542cef5e3811e1192ce70d8cc03d5c3359,blacklist(address),,BLACKLISTER,,,Circle
CU-IMP-1551,ONCHAIN_TX,0x8e5870bc5132d501e3af5016d4d06fbb77fed7aab9c6dc34a709b7b8ece4dc67,75210672,2025-08-14 22:04:32.000 UTC,polygon,0x3c499c542cef5e3811e1192ce70d8cc03d5c3359,blacklist(address),,BLACKLISTER,,,Circle
CU-IMP-1552,ONCHAIN_TX,0x08bee07e90f485c70100883de60de5af2410aebb16afb15f683421141065ddc4,75210674,2025-08-14 22:04:36.000 UTC,polygon,0x3c499c542cef5e3811e1192ce70d8cc03d5c3359,blacklist(address),,BLACKLISTER,,,Circle
CU-IMP-1553,ONCHAIN_TX,0x47795a73d7559a4375488872e333aab7ad35595e08a9cbd6f00429deabf66d45,75210675,2025-08-14 22:04:38.000 UTC,polygon,0x3c499c542cef5e3811e1192ce70d8cc03d5c3359,blacklist(address),,BLACKLISTER,,,Circle
CU-IMP-1554,ONCHAIN_TX,0x6a80d2e98e48e398b60b633e06f1976edecdd6f9f98df88958db6137070ef2f1,75210676,2025-08-14 22:04:40.000 UTC,polygon,0x3c499c542cef5e3811e1192ce70d8cc03d5c3359,blacklist(address),,BLACKLISTER,,,Circle
CU-IMP-1555,ONCHAIN_TX,0x0089c4ce4b5f2b47ecd2888bfc802699a1a682f5a4919308bd2072d8c097e372,75210677,2025-08-14 22:04:42.000 UTC,polygon,0x3c499c542cef5e3811e1192ce70d8cc03d5c3359,blacklist(address),,BLACKLISTER,,,Circle
CU-IMP-1556,ONCHAIN_TX,0xe9fa5b4a4057afc048864608a056d61fa15887d84bf94e67f43f2d3554ea5e72,75210678,2025-08-14 22:04:44.000 UTC,polygon,0x3c499c542cef5e3811e1192ce70d8cc03d5c3359,blacklist(address),,BLACKLISTER,,,Circle
CU-IMP-1557,ONCHAIN_TX,0x362fb38718b36a254b3ca6e053c8800e6f25c4bb88437ec3a31bdb1fda21b6be,75210679,2025-08-14 22:04:46.000 UTC,polygon,0x3c499c542cef5e3811e1192ce70d8cc03d5c3359,blacklist(address),,BLACKLISTER,,,Circle
CU-IMP-1558,ONCHAIN_TX,0x82861ab075d98ec336a9e5a97183bed04722006d45b42da585af54105d754c3d,76361954,2025-09-12 14:32:19.000 UTC,polygon,0x3c499c542cef5e3811e1192ce70d8cc03d5c3359,blacklist(address),,BLACKLISTER,,,Circle
CU-IMP-1559,ONCHAIN_TX,0x76bd6b9b3559c1724a988a7b3c1fd024ee1c2d85d8d7ffa030eeeec769ddc06e,76362022,2025-09-12 14:34:43.000 UTC,polygon,0x3c499c542cef5e3811e1192ce70d8cc03d5c3359,unBlacklist(address),,BLACKLISTER,,,Circle
CU-IMP-1560,ONCHAIN_TX,0x178d9fb8f6560bc05366e0b37052980f654125ace6c5c379d4094d76870b38e1,76525729,2025-09-16 15:59:14.000 UTC,polygon,0x3c499c542cef5e3811e1192ce70d8cc03d5c3359,blacklist(address),,BLACKLISTER,,,Circle
CU-IMP-1561,ONCHAIN_TX,0x1bcba3d2141be9cef17cbc64126e4fe9ec970b6eb7462af696b3d6d4deb9b216,76525769,2025-09-16 16:00:38.000 UTC,polygon,0x3c499c542cef5e3811e1192ce70d8cc03d5c3359,blacklist(address),,BLACKLISTER,,,Circle
CU-IMP-1562,ONCHAIN_TX,0x40e59f248f1d9671f7841cdc4d67eba8fd1830f189920b308d3f3784fd7b1e6a,76525784,2025-09-16 16:01:10.000 UTC,polygon,0x3c499c542cef5e3811e1192ce70d8cc03d5c3359,blacklist(address),,BLACKLISTER,,,Circle
CU-IMP-1563,ONCHAIN_TX,0xd59f714c15c257c7df0fd99605d6d8b5349b07ed2799c53b9a8a79e667a3b931,76525815,2025-09-16 16:02:16.000 UTC,polygon,0x3c499c542cef5e3811e1192ce70d8cc03d5c3359,blacklist(address),,BLACKLISTER,,,Circle
CU-IMP-1564,ONCHAIN_TX,0xc352a5e5a18c4400369fdfad060b71791fdc446ac19717912b4baba364924783,76525860,2025-09-16 16:03:52.000 UTC,polygon,0x3c499c542cef5e3811e1192ce70d8cc03d5c3359,blacklist(address),,BLACKLISTER,,,Circle
CU-IMP-1565,ONCHAIN_TX,0xdffe0b4ae9e166d332747d0df2f486d7c9b433f614873406cbc7adde24fa037e,76525884,2025-09-16 16:04:42.000 UTC,polygon,0x3c499c542cef5e3811e1192ce70d8cc03d5c3359,blacklist(address),,BLACKLISTER,,,Circle
CU-IMP-1566,ONCHAIN_TX,0xa9bed4ef093091c6bb40855332bb155817a97aaf5c1a9b2a5f38f989d5ee2530,76525905,2025-09-16 16:05:28.000 UTC,polygon,0x3c499c542cef5e3811e1192ce70d8cc03d5c3359,blacklist(address),,BLACKLISTER,,,Circle
CU-IMP-1567,ONCHAIN_TX,0x3276de47412b50e6f53e9b690368ba63f67c387851ae38a0c92ee14c522d3a85,76850522,2025-09-24 16:32:33.000 UTC,polygon,0x3c499c542cef5e3811e1192ce70d8cc03d5c3359,blacklist(address),,BLACKLISTER,,,Circle
CU-IMP-1568,ONCHAIN_TX,0x36bb7069d24618b49d50219990c9bcb7d0710b416be6b3c222f0fa556ac789f6,77682730,2025-10-14 19:29:23.000 UTC,polygon,0x3c499c542cef5e3811e1192ce70d8cc03d5c3359,blacklist(address),,BLACKLISTER,,,Circle
CU-IMP-1569,ONCHAIN_TX,0x0f77d4ad950d7de2852ee5524ed7148881a7a1819607d081114cf3b622e330f9,77682804,2025-10-14 19:31:51.000 UTC,polygon,0x3c499c542cef5e3811e1192ce70d8cc03d5c3359,blacklist(address),,BLACKLISTER,,,Circle
CU-IMP-1570,ONCHAIN_TX,0x4825a66d8c4f6dfe6f8769cc9100ac6bc161209f352e66dac30b189fbf8b5622,77682845,2025-10-14 19:33:13.000 UTC,polygon,0x3c499c542cef5e3811e1192ce70d8cc03d5c3359,blacklist(address),,BLACKLISTER,,,Circle
CU-IMP-1571,ONCHAIN_TX,0x2f59e3dd44d5840303df3f3824ede9cbe0242de86ccf2bf79fd1c928d376a555,77682851,2025-10-14 19:33:25.000 UTC,polygon,0x3c499c542cef5e3811e1192ce70d8cc03d5c3359,blacklist(address),,BLACKLISTER,,,Circle
CU-IMP-1572,ONCHAIN_TX,0xe9f2f0f6359cd4eee3d3a0bac9057eb327ab95e7d67a2f74921875098d4165a6,77682874,2025-10-14 19:34:11.000 UTC,polygon,0x3c499c542cef5e3811e1192ce70d8cc03d5c3359,blacklist(address),,BLACKLISTER,,,Circle
CU-IMP-1573,ONCHAIN_TX,0xbb5bc14055502aae067b7ed36f888f0f72a58628542cd71c9faa27f77ed9de0e,77682903,2025-10-14 19:35:09.000 UTC,polygon,0x3c499c542cef5e3811e1192ce70d8cc03d5c3359,blacklist(address),,BLACKLISTER,,,Circle
CU-IMP-1574,ONCHAIN_TX,0x48c8df73c1164c2f9d1331f828275717b1b272859a37ab7d90cc1f1816f1859a,77682932,2025-10-14 19:36:07.000 UTC,polygon,0x3c499c542cef5e3811e1192ce70d8cc03d5c3359,blacklist(address),,BLACKLISTER,,,Circle
CU-IMP-1575,ONCHAIN_TX,0x4122a64641ffcba24bf7889f62d6554014fb1862d6b7d5c9c97111a269406fc1,78586034,2025-11-04 17:22:11.000 UTC,polygon,0x3c499c542cef5e3811e1192ce70d8cc03d5c3359,blacklist(address),,BLACKLISTER,,,Circle
CU-IMP-1576,ONCHAIN_TX,0x0465942d13d050e398f1c221261421c4b8dd4eb9b2fbeee4990db8c50098084e,78586104,2025-11-04 17:24:31.000 UTC,polygon,0x3c499c542cef5e3811e1192ce70d8cc03d5c3359,blacklist(address),,BLACKLISTER,,,Circle
CU-IMP-1577,ONCHAIN_TX,0xa83a4f3f39e83d42dcfa76a8951d472aeed98d915ab3cdca938f639ad04cfd8a,78586106,2025-11-04 17:24:35.000 UTC,polygon,0x3c499c542cef5e3811e1192ce70d8cc03d5c3359,blacklist(address),,BLACKLISTER,,,Circle
CU-IMP-1578,ONCHAIN_TX,0xa6fb58c565a90f9360333d74958b970cd81b341d35f40102e5816a6b624bce02,78586153,2025-11-04 17:26:09.000 UTC,polygon,0x3c499c542cef5e3811e1192ce70d8cc03d5c3359,blacklist(address),,BLACKLISTER,,,Circle
CU-IMP-1579,ONCHAIN_TX,0x5460cd67618d455feffaa32ce7997cd623ffd8afab482912595f0e2e93040d0d,78586224,2025-11-04 17:28:31.000 UTC,polygon,0x3c499c542cef5e3811e1192ce70d8cc03d5c3359,blacklist(address),,BLACKLISTER,,,Circle
CU-IMP-1580,ONCHAIN_TX,0x921a1ff03d6cd893648d65219ec59c0cb1c097ec0ad82e2a0d21e93d2833305f,78586292,2025-11-04 17:30:47.000 UTC,polygon,0x3c499c542cef5e3811e1192ce70d8cc03d5c3359,blacklist(address),,BLACKLISTER,,,Circle
CU-IMP-1581,ONCHAIN_TX,0x5f15fe675c28c2ee5f674a98fb67110471beff5a4102603d90c7d26e0fbf893d,78586344,2025-11-04 17:32:31.000 UTC,polygon,0x3c499c542cef5e3811e1192ce70d8cc03d5c3359,blacklist(address),,BLACKLISTER,,,Circle
CU-IMP-1582,ONCHAIN_TX,0xa5c534242973a39555cf17d60fdb5434a6945f8943f96056210a05268ca0d714,78586354,2025-11-04 17:32:51.000 UTC,polygon,0x3c499c542cef5e3811e1192ce70d8cc03d5c3359,blacklist(address),,BLACKLISTER,,,Circle
CU-IMP-1583,ONCHAIN_TX,0xa3c8a3e29a01a2868dc2c1c8e00fd7fa3ecd60fb646cce7fc2410030d24ee2ba,78586360,2025-11-04 17:33:03.000 UTC,polygon,0x3c499c542cef5e3811e1192ce70d8cc03d5c3359,blacklist(address),,BLACKLISTER,,,Circle
CU-IMP-1584,ONCHAIN_TX,0x5476014d0f617596e813bfa8f642c34dbb7148790f3f31edb7d8402d18a228bf,78586393,2025-11-04 17:34:09.000 UTC,polygon,0x3c499c542cef5e3811e1192ce70d8cc03d5c3359,blacklist(address),,BLACKLISTER,,,Circle
CU-IMP-1585,ONCHAIN_TX,0x2e8fe53a29bdb6b8c37888aa3f72c28190bfe41e43712eed4352cd2014858557,78586485,2025-11-04 17:37:13.000 UTC,polygon,0x3c499c542cef5e3811e1192ce70d8cc03d5c3359,blacklist(address),,BLACKLISTER,,,Circle
CU-IMP-1586,ONCHAIN_TX,0xb8b292aa247a90e979597d1b503700b93a4d2aecec9e6ac9b5dc382afef4d72d,78586505,2025-11-04 17:37:53.000 UTC,polygon,0x3c499c542cef5e3811e1192ce70d8cc03d5c3359,blacklist(address),,BLACKLISTER,,,Circle
CU-IMP-1587,ONCHAIN_TX,0x9eea5a18ee92fcd146d9301df408e241dc9160c9359cd6ca525436ee244148ed,78586533,2025-11-04 17:38:49.000 UTC,polygon,0x3c499c542cef5e3811e1192ce70d8cc03d5c3359,blacklist(address),,BLACKLISTER,,,Circle
CU-IMP-1588,ONCHAIN_TX,0x0f53fa2e11ba7a7dd149e41c007238967ba6addb6dc5170e730d3ccce7cf0a60,78586542,2025-11-04 17:39:07.000 UTC,polygon,0x3c499c542cef5e3811e1192ce70d8cc03d5c3359,blacklist(address),,BLACKLISTER,,,Circle
CU-IMP-1589,ONCHAIN_TX,0xd36f2458d23662a0989daf984b60be5d60b5d209f2d095e756a952e6741fab3a,78586573,2025-11-04 17:40:09.000 UTC,polygon,0x3c499c542cef5e3811e1192ce70d8cc03d5c3359,blacklist(address),,BLACKLISTER,,,Circle
CU-IMP-1590,ONCHAIN_TX,0x676d115b5a90716020fefb4b62a7eff9ecca4dd6ae9815f0678d055641276f6a,78586679,2025-11-04 17:43:41.000 UTC,polygon,0x3c499c542cef5e3811e1192ce70d8cc03d5c3359,blacklist(address),,BLACKLISTER,,,Circle
CU-IMP-1591,ONCHAIN_TX,0xeb4a2855fac2071ea032b2459cf92fc9dd0ab756f64e7edd7f26c5d6a62238a8,78586694,2025-11-04 17:44:11.000 UTC,polygon,0x3c499c542cef5e3811e1192ce70d8cc03d5c3359,blacklist(address),,BLACKLISTER,,,Circle
CU-IMP-1592,ONCHAIN_TX,0x0da57ea23643d62938b492c380d9b9f88836ed4b43b70b18cec9201442de091d,78586716,2025-11-04 17:44:55.000 UTC,polygon,0x3c499c542cef5e3811e1192ce70d8cc03d5c3359,blacklist(address),,BLACKLISTER,,,Circle
CU-IMP-1593,ONCHAIN_TX,0x6f8ee2b96a4800ea45e294bc9b37305146818851179701d8b447bc6d88ffe7de,78586774,2025-11-04 17:46:51.000 UTC,polygon,0x3c499c542cef5e3811e1192ce70d8cc03d5c3359,blacklist(address),,BLACKLISTER,,,Circle
CU-IMP-1594,ONCHAIN_TX,0x9c4fb85c40d382881e8791e9ce432ea5d92c7e2adc5d900d5d8a9ead320c9cdc,78586857,2025-11-04 17:49:37.000 UTC,polygon,0x3c499c542cef5e3811e1192ce70d8cc03d5c3359,blacklist(address),,BLACKLISTER,,,Circle
CU-IMP-1595,ONCHAIN_TX,0x7c486dd91edde0afe8b897dedb3a96fee921244bbf061ffaa37b449ded4d6878,78586873,2025-11-04 17:50:09.000 UTC,polygon,0x3c499c542cef5e3811e1192ce70d8cc03d5c3359,blacklist(address),,BLACKLISTER,,,Circle
CU-IMP-1596,ONCHAIN_TX,0x7f7848d431cf2bf6d4e34de7812cdadab74920db0aaed865752c0772f8ec9645,78586968,2025-11-04 17:53:19.000 UTC,polygon,0x3c499c542cef5e3811e1192ce70d8cc03d5c3359,blacklist(address),,BLACKLISTER,,,Circle
CU-IMP-1597,ONCHAIN_TX,0xae8f81898bf060777cc1ba2b8ca72739ffc3fe580603f7a5d5bc8149d13b6fe7,78586982,2025-11-04 17:53:47.000 UTC,polygon,0x3c499c542cef5e3811e1192ce70d8cc03d5c3359,blacklist(address),,BLACKLISTER,,,Circle
CU-IMP-1598,ONCHAIN_TX,0xeb3ccbccd3a3ce07240dd45ca808defc17d30a0d60b1e6d8ab6cc0f6b0d489a2,78586987,2025-11-04 17:53:57.000 UTC,polygon,0x3c499c542cef5e3811e1192ce70d8cc03d5c3359,blacklist(address),,BLACKLISTER,,,Circle
CU-IMP-1599,ONCHAIN_TX,0x802dbda6f1669ab400b179bfbd9afba95ac8d757548e17ff20bb336ad427cfd1,78586999,2025-11-04 17:54:21.000 UTC,polygon,0x3c499c542cef5e3811e1192ce70d8cc03d5c3359,blacklist(address),,BLACKLISTER,,,Circle
CU-IMP-1600,ONCHAIN_TX,0xeaf6a86d592d1856610ff7711b74e0a563f807713d6ff76ee2c532d6b7842cd3,78587058,2025-11-04 17:56:19.000 UTC,polygon,0x3c499c542cef5e3811e1192ce70d8cc03d5c3359,blacklist(address),,BLACKLISTER,,,Circle
CU-IMP-1601,ONCHAIN_TX,0x19e21157c4ce00a38e796ae8d068b22199d95947b92558988d12bd945f62ad68,78587086,2025-11-04 17:57:15.000 UTC,polygon,0x3c499c542cef5e3811e1192ce70d8cc03d5c3359,blacklist(address),,BLACKLISTER,,,Circle
CU-IMP-1602,ONCHAIN_TX,0x356cfcb10da5c92fd4c8777e3dc80e90cf0a04acb7a44a656b90710635b7125e,78587097,2025-11-04 17:57:37.000 UTC,polygon,0x3c499c542cef5e3811e1192ce70d8cc03d5c3359,blacklist(address),,BLACKLISTER,,,Circle
CU-IMP-1603,ONCHAIN_TX,0x27867d875eb61a817e5cd3a9138773e130170ddd90ef1dd680f39ed6c9013fbf,78587121,2025-11-04 17:58:25.000 UTC,polygon,0x3c499c542cef5e3811e1192ce70d8cc03d5c3359,blacklist(address),,BLACKLISTER,,,Circle
CU-IMP-1604,ONCHAIN_TX,0xcb9059092b360f9551d3e0ecc434cb3262e95716e3083f5cd2a11de178569659,78587126,2025-11-04 17:58:35.000 UTC,polygon,0x3c499c542cef5e3811e1192ce70d8cc03d5c3359,blacklist(address),,BLACKLISTER,,,Circle
CU-IMP-1605,ONCHAIN_TX,0x5869da453822f769f935faed00f5a24ce6fcb60cd4616392953ed8aa70efc9e8,78587153,2025-11-04 17:59:29.000 UTC,polygon,0x3c499c542cef5e3811e1192ce70d8cc03d5c3359,blacklist(address),,BLACKLISTER,,,Circle
CU-IMP-1606,ONCHAIN_TX,0x2ebff23d4cd0bb4c7b611e674da45729f690d79a5c9ee49b64c13f2f8c1486cc,78587187,2025-11-04 18:00:37.000 UTC,polygon,0x3c499c542cef5e3811e1192ce70d8cc03d5c3359,blacklist(address),,BLACKLISTER,,,Circle
CU-IMP-1607,ONCHAIN_TX,0xe0473b60da9eead62b46493ca69ab7d845d1c2bf89b3ae8bcc5c07bb29842a91,78587381,2025-11-04 18:07:05.000 UTC,polygon,0x3c499c542cef5e3811e1192ce70d8cc03d5c3359,blacklist(address),,BLACKLISTER,,,Circle
CU-IMP-1608,ONCHAIN_TX,0x8e27fc3d0c5235df0ea5e03ffca17f5ca94c553ffb574a9082530cf1b02815a4,78587419,2025-11-04 18:08:21.000 UTC,polygon,0x3c499c542cef5e3811e1192ce70d8cc03d5c3359,blacklist(address),,BLACKLISTER,,,Circle
CU-IMP-1609,ONCHAIN_TX,0x60e7d80375a6ad87dcfe951a1ef01739a60c4078125731aca42aad36dca96d78,78587441,2025-11-04 18:09:05.000 UTC,polygon,0x3c499c542cef5e3811e1192ce70d8cc03d5c3359,blacklist(address),,BLACKLISTER,,,Circle
CU-IMP-1610,ONCHAIN_TX,0xa4bb104c7aa6e9474eea4ad8e7b83b98205265c171b730e6ea3db94cc3384ba9,78587527,2025-11-04 18:11:57.000 UTC,polygon,0x3c499c542cef5e3811e1192ce70d8cc03d5c3359,blacklist(address),,BLACKLISTER,,,Circle
CU-IMP-1611,ONCHAIN_TX,0x2b0f94ce018af13121b2511dca500628e8f6bddf2f67fccad4c3c19d20608660,78587625,2025-11-04 18:15:13.000 UTC,polygon,0x3c499c542cef5e3811e1192ce70d8cc03d5c3359,blacklist(address),,BLACKLISTER,,,Circle
CU-IMP-1612,ONCHAIN_TX,0x0ac10c1dc83d02995716bbfd5c7190ead79da42c15391ac901e567d113edd0be,78587643,2025-11-04 18:15:49.000 UTC,polygon,0x3c499c542cef5e3811e1192ce70d8cc03d5c3359,blacklist(address),,BLACKLISTER,,,Circle
CU-IMP-1613,ONCHAIN_TX,0xf4bfe3794dfd53adb5827b4d69190b1157b9374066816fc4503e0e2b26b71da1,78587719,2025-11-04 18:18:21.000 UTC,polygon,0x3c499c542cef5e3811e1192ce70d8cc03d5c3359,blacklist(address),,BLACKLISTER,,,Circle
CU-IMP-1614,ONCHAIN_TX,0x817fc406bbeed0cb8a92e0ed5baf9cc647ca38e6528bebe2561243468d0fd9eb,78587730,2025-11-04 18:18:43.000 UTC,polygon,0x3c499c542cef5e3811e1192ce70d8cc03d5c3359,blacklist(address),,BLACKLISTER,,,Circle
CU-IMP-1615,ONCHAIN_TX,0x53999247ed397e0d8925803cf03d9616e6308d13e72efe21d547970a5acf1296,78587820,2025-11-04 18:21:43.000 UTC,polygon,0x3c499c542cef5e3811e1192ce70d8cc03d5c3359,blacklist(address),,BLACKLISTER,,,Circle
CU-IMP-1616,ONCHAIN_TX,0xc6c06b925742701452a05aa9801e71a190711ccdfe71598409b1d6aa220a8245,78587869,2025-11-04 18:23:21.000 UTC,polygon,0x3c499c542cef5e3811e1192ce70d8cc03d5c3359,blacklist(address),,BLACKLISTER,,,Circle
CU-IMP-1617,ONCHAIN_TX,0x7b119444c534cb227174d7e03808bf69672c62f2a503ecbf6adef8cd87bc4e2c,78587948,2025-11-04 18:25:59.000 UTC,polygon,0x3c499c542cef5e3811e1192ce70d8cc03d5c3359,blacklist(address),,BLACKLISTER,,,Circle
CU-IMP-1618,ONCHAIN_TX,0x28f04674b6ae5fd9430011a5b1bf4c3847b195b2f3973e147e1ae43fa1daa9d8,78588006,2025-11-04 18:27:55.000 UTC,polygon,0x3c499c542cef5e3811e1192ce70d8cc03d5c3359,blacklist(address),,BLACKLISTER,,,Circle
CU-IMP-1619,ONCHAIN_TX,0xbc327143dc6ebca7e97a7aba10496f8de84031547ac492116289ae195b974547,78588038,2025-11-04 18:28:59.000 UTC,polygon,0x3c499c542cef5e3811e1192ce70d8cc03d5c3359,blacklist(address),,BLACKLISTER,,,Circle
CU-IMP-1620,ONCHAIN_TX,0x6162d215cbcf44524d53b68dbfc6b401ea0b67744a2c8563a1f013ba617055b1,78588093,2025-11-04 18:30:49.000 UTC,polygon,0x3c499c542cef5e3811e1192ce70d8cc03d5c3359,blacklist(address),,BLACKLISTER,,,Circle
CU-IMP-1621,ONCHAIN_TX,0xdd843f8c763a683c229064bdb4c836a871ab7fd3bfc3c9530579390417b2e987,78588447,2025-11-04 18:42:37.000 UTC,polygon,0x3c499c542cef5e3811e1192ce70d8cc03d5c3359,blacklist(address),,BLACKLISTER,,,Circle
CU-IMP-1622,ONCHAIN_TX,0x17822a12fc0de59de46d108e0b6b874a07588ad20f792005964da6e521c2dac5,78588488,2025-11-04 18:43:59.000 UTC,polygon,0x3c499c542cef5e3811e1192ce70d8cc03d5c3359,blacklist(address),,BLACKLISTER,,,Circle
CU-IMP-1623,ONCHAIN_TX,0xc53fbccd33f9d3c8458b07be029cfa642ab72b36c0940bcbc252fbf36c89c2d4,78588506,2025-11-04 18:44:35.000 UTC,polygon,0x3c499c542cef5e3811e1192ce70d8cc03d5c3359,blacklist(address),,BLACKLISTER,,,Circle
CU-IMP-1624,ONCHAIN_TX,0xba63b3d5094036558585b4f01563dc9b0171a99f01579640778f0248a703aef6,78588537,2025-11-04 18:45:37.000 UTC,polygon,0x3c499c542cef5e3811e1192ce70d8cc03d5c3359,blacklist(address),,BLACKLISTER,,,Circle
CU-IMP-1625,ONCHAIN_TX,0xc57e1892ce83e795b25ed538d79e5029fb52076ccf5ad66c8e76867184e3eda1,78588558,2025-11-04 18:46:19.000 UTC,polygon,0x3c499c542cef5e3811e1192ce70d8cc03d5c3359,blacklist(address),,BLACKLISTER,,,Circle
CU-IMP-1626,ONCHAIN_TX,0xb3ffc33631402476f998a747516eb83c9fb5721d9be59aa27971c514cbf011ca,78588571,2025-11-04 18:46:45.000 UTC,polygon,0x3c499c542cef5e3811e1192ce70d8cc03d5c3359,blacklist(address),,BLACKLISTER,,,Circle
CU-IMP-1627,ONCHAIN_TX,0xf38516c10b26cba73c323c011a42326b71d0c1d21e56f90625d820352c2f9c98,78588575,2025-11-04 18:46:53.000 UTC,polygon,0x3c499c542cef5e3811e1192ce70d8cc03d5c3359,blacklist(address),,BLACKLISTER,,,Circle
CU-IMP-1628,ONCHAIN_TX,0x25d4a22f180e99846e6a4135f3ee022b5e2047fa7d48652f44b859563d41e4c7,79234934,2025-11-19 17:54:59.000 UTC,polygon,0x3c499c542cef5e3811e1192ce70d8cc03d5c3359,blacklist(address),,BLACKLISTER,,,Circle
CU-IMP-1629,ONCHAIN_TX,0x2fc3af999057300a1ef6e238c4d0d4e634e4c205397b4448edc629ab982a6173,79235062,2025-11-19 17:59:15.000 UTC,polygon,0x3c499c542cef5e3811e1192ce70d8cc03d5c3359,blacklist(address),,BLACKLISTER,,,Circle
CU-IMP-1630,ONCHAIN_TX,0x10402c72716c9fec9eadfd70bd287427f3b7715e18d105bc6a98398fed8ef723,79235093,2025-11-19 18:00:17.000 UTC,polygon,0x3c499c542cef5e3811e1192ce70d8cc03d5c3359,blacklist(address),,BLACKLISTER,,,Circle
CU-IMP-1631,ONCHAIN_TX,0x8356dec14e33b98d39ab095b6d8e22aff196e3aaa2a39e2e24c098d8b680bf4c,79235111,2025-11-19 18:00:53.000 UTC,polygon,0x3c499c542cef5e3811e1192ce70d8cc03d5c3359,blacklist(address),,BLACKLISTER,,,Circle
CU-IMP-1632,ONCHAIN_TX,0x84006e19b4c6e013af9721d62dcd26cf6be5a80ab0d10b33e3308d4888ad4eff,79235141,2025-11-19 18:01:53.000 UTC,polygon,0x3c499c542cef5e3811e1192ce70d8cc03d5c3359,blacklist(address),,BLACKLISTER,,,Circle
CU-IMP-1633,ONCHAIN_TX,0x27ba7964e1a9d5f458e3b3d8b03bf14fcf810fad23a581125ae7eb15a27ceaa5,79235158,2025-11-19 18:02:27.000 UTC,polygon,0x3c499c542cef5e3811e1192ce70d8cc03d5c3359,blacklist(address),,BLACKLISTER,,,Circle
CU-IMP-1634,ONCHAIN_TX,0x673f274e6794a39ba40fcddaf4c517c2c4a4a875d6334f434f1fc222d80b98e8,79235186,2025-11-19 18:03:23.000 UTC,polygon,0x3c499c542cef5e3811e1192ce70d8cc03d5c3359,blacklist(address),,BLACKLISTER,,,Circle
CU-IMP-1635,ONCHAIN_TX,0x801ef2130653d87c1b8011ed06f64f4123ac97342fed3ee0afed54fa74875b87,79235191,2025-11-19 18:03:33.000 UTC,polygon,0x3c499c542cef5e3811e1192ce70d8cc03d5c3359,blacklist(address),,BLACKLISTER,,,Circle
CU-IMP-1636,ONCHAIN_TX,0xa9013a1a2bdb21d9dc66e86252b4e83014b7a2df3f0f61765b3fe0f13ba78466,79235222,2025-11-19 18:04:35.000 UTC,polygon,0x3c499c542cef5e3811e1192ce70d8cc03d5c3359,blacklist(address),,BLACKLISTER,,,Circle
CU-IMP-1637,ONCHAIN_TX,0x4d6ea037cf8ae77555813b86394cf9e4c455a3f3979ce42d75180b7f9d56b4cf,79235395,2025-11-19 18:10:21.000 UTC,polygon,0x3c499c542cef5e3811e1192ce70d8cc03d5c3359,blacklist(address),,BLACKLISTER,,,Circle
CU-IMP-1638,ONCHAIN_TX,0xd046b091a0473d0c31b5d302ad32cb07f189c4f41bd09eddd822dbea6c9f9645,79535405,2025-11-26 16:50:45.000 UTC,polygon,0x3c499c542cef5e3811e1192ce70d8cc03d5c3359,blacklist(address),,BLACKLISTER,,,Circle
CU-IMP-1639,ONCHAIN_TX,0x238d0604802a038b80033e74cc7986ca23e3d474fea8f85c8583bc71b27b856a,82335556,2026-01-30 16:38:38.000 UTC,polygon,0x3c499c542cef5e3811e1192ce70d8cc03d5c3359,blacklist(address),,BLACKLISTER,,,Circle
CU-IMP-1640,ONCHAIN_TX,0xfb9670312b0e9ae4a7ca6f4033c10ba19cfbdbe968f6cd24125734b154f2e46f,82335621,2026-01-30 16:40:48.000 UTC,polygon,0x3c499c542cef5e3811e1192ce70d8cc03d5c3359,blacklist(address),,BLACKLISTER,,,Circle
CU-IMP-1641,ONCHAIN_TX,0x3129178758ee07c63f98a89e80b12f8e606b4b4ef2ebdfe7e27e89837c4766e3,82335631,2026-01-30 16:41:08.000 UTC,polygon,0x3c499c542cef5e3811e1192ce70d8cc03d5c3359,blacklist(address),,BLACKLISTER,,,Circle
CU-IMP-1642,ONCHAIN_TX,0x572461d8550c14dc183fdfbe4c167ddb8885247cc3ca21d1e9b4cd7b96f2b3f1,82335743,2026-01-30 16:44:52.000 UTC,polygon,0x3c499c542cef5e3811e1192ce70d8cc03d5c3359,blacklist(address),,BLACKLISTER,,,Circle
CU-IMP-1643,ONCHAIN_TX,0x17cc192a50e1d2f39624677456edac9471146571a1058f420e836602d7806c88,82335770,2026-01-30 16:45:46.000 UTC,polygon,0x3c499c542cef5e3811e1192ce70d8cc03d5c3359,blacklist(address),,BLACKLISTER,,,Circle
CU-IMP-1644,ONCHAIN_TX,0xab742bb8f41296a7e785fb49cc8fff9d569a87c0f2896afb945786bcb80933f8,82335797,2026-01-30 16:46:40.000 UTC,polygon,0x3c499c542cef5e3811e1192ce70d8cc03d5c3359,blacklist(address),,BLACKLISTER,,,Circle
CU-IMP-1645,ONCHAIN_TX,0xe376bd2be7deab7402802cfa07a0e3e70e4891f2d146fdeaa7f1df7dbcaa2251,82335849,2026-01-30 16:48:24.000 UTC,polygon,0x3c499c542cef5e3811e1192ce70d8cc03d5c3359,blacklist(address),,BLACKLISTER,,,Circle
CU-IMP-1646,ONCHAIN_TX,0x8db3e474f27f5b60565ae2377da1db545dfe8149c0917bb346c03102099a4610,84108031,2026-03-12 17:21:35.000 UTC,polygon,0x3c499c542cef5e3811e1192ce70d8cc03d5c3359,blacklist(address),,BLACKLISTER,,,Circle
CU-IMP-1647,ONCHAIN_TX,0xb1cde4716a1fca26457f2fc69d516572d0404891b4d85952507b9b9ec9c9f156,84108085,2026-03-12 17:23:23.000 UTC,polygon,0x3c499c542cef5e3811e1192ce70d8cc03d5c3359,blacklist(address),,BLACKLISTER,,,Circle
CU-IMP-1648,ONCHAIN_TX,0x9d6329b671eaf18da9f9838780eb7ce77312fca78ef7dff88a31343f4804e71d,84108212,2026-03-12 17:27:37.000 UTC,polygon,0x3c499c542cef5e3811e1192ce70d8cc03d5c3359,blacklist(address),,BLACKLISTER,,,Circle
CU-IMP-1649,ONCHAIN_TX,0x16ef32bdc4f0db98a36bf07bfb0e92f27556b7f1370492a75eb008d0e8f702c9,84108222,2026-03-12 17:27:57.000 UTC,polygon,0x3c499c542cef5e3811e1192ce70d8cc03d5c3359,blacklist(address),,BLACKLISTER,,,Circle
CU-IMP-1650,ONCHAIN_TX,0x8b423e6d62aa5ff74483bb510152a2548efaebe5969c69c0abb228fdfd3827ce,84108284,2026-03-12 17:30:01.000 UTC,polygon,0x3c499c542cef5e3811e1192ce70d8cc03d5c3359,blacklist(address),,BLACKLISTER,,,Circle
CU-IMP-1651,ONCHAIN_TX,0x618195cfbc783bade29caf652cb1c2e34c38a9152e8daa140fa3c0cff1985781,84108380,2026-03-12 17:33:13.000 UTC,polygon,0x3c499c542cef5e3811e1192ce70d8cc03d5c3359,blacklist(address),,BLACKLISTER,,,Circle
CU-IMP-1652,ONCHAIN_TX,0x1108460067c7f327bcec3bf67eaf9b89d8d641c3adfef005effd2e138b23d26a,84108389,2026-03-12 17:33:31.000 UTC,polygon,0x3c499c542cef5e3811e1192ce70d8cc03d5c3359,blacklist(address),,BLACKLISTER,,,Circle
CU-IMP-1653,ONCHAIN_TX,0x085cdbe93001e8a9529ab762366a47b058514d5b539debe827daa618437255e3,84108428,2026-03-12 17:34:49.000 UTC,polygon,0x3c499c542cef5e3811e1192ce70d8cc03d5c3359,blacklist(address),,BLACKLISTER,,,Circle
CU-IMP-1654,ONCHAIN_TX,0x81ff5b121b3e31050d776e22d3ee7981579b2f97555ee54d9e1456fd127f721d,84108433,2026-03-12 17:34:59.000 UTC,polygon,0x3c499c542cef5e3811e1192ce70d8cc03d5c3359,blacklist(address),,BLACKLISTER,,,Circle
CU-IMP-1655,ONCHAIN_TX,0xd64b8096b53b837631a0c11d8fef12590c9a287b07c4564820135432d471c020,84108472,2026-03-12 17:36:17.000 UTC,polygon,0x3c499c542cef5e3811e1192ce70d8cc03d5c3359,blacklist(address),,BLACKLISTER,,,Circle
CU-IMP-1656,ONCHAIN_TX,0x4ce972506d9de99d6c6a4459b4d2ea6c7c2566bbf863f17b06b7af8f532c0e4d,84108514,2026-03-12 17:37:41.000 UTC,polygon,0x3c499c542cef5e3811e1192ce70d8cc03d5c3359,blacklist(address),,BLACKLISTER,,,Circle
CU-IMP-1657,ONCHAIN_TX,0x775081c1dd6e2ecb6f7a66aa7c995ed2001135aadf7f634759415a0a54f6ba81,84108623,2026-03-12 17:41:19.000 UTC,polygon,0x3c499c542cef5e3811e1192ce70d8cc03d5c3359,blacklist(address),,BLACKLISTER,,,Circle
CU-IMP-1658,ONCHAIN_TX,0x0d37d9391871576d87c264630bb8b93f5577cea6acc811af5b80b3c6a69d06ca,84108656,2026-03-12 17:42:25.000 UTC,polygon,0x3c499c542cef5e3811e1192ce70d8cc03d5c3359,blacklist(address),,BLACKLISTER,,,Circle
CU-IMP-1659,ONCHAIN_TX,0x7314cbc43a7f11147b382eb8013ad5ac75669d44814d4b49633ed6302d1a0fc6,84108739,2026-03-12 17:45:11.000 UTC,polygon,0x3c499c542cef5e3811e1192ce70d8cc03d5c3359,blacklist(address),,BLACKLISTER,,,Circle
CU-IMP-1660,ONCHAIN_TX,0x7d8237773e249138aaeef1f466086d450f33f1c3de34369f36a7912968adb5e1,84108766,2026-03-12 17:46:05.000 UTC,polygon,0x3c499c542cef5e3811e1192ce70d8cc03d5c3359,blacklist(address),,BLACKLISTER,,,Circle
CU-IMP-1661,ONCHAIN_TX,0x43a63394047befb672d4d46c3b61778b42acdf560ec4a62d2223c45933345d86,84108791,2026-03-12 17:46:55.000 UTC,polygon,0x3c499c542cef5e3811e1192ce70d8cc03d5c3359,blacklist(address),,BLACKLISTER,,,Circle
CU-IMP-1662,ONCHAIN_TX,0x4a204424f522cae9e0c78737577fdd2c8f407084f279d6c0d1ef219948b35a9d,84108816,2026-03-12 17:47:45.000 UTC,polygon,0x3c499c542cef5e3811e1192ce70d8cc03d5c3359,blacklist(address),,BLACKLISTER,,,Circle
CU-IMP-1663,ONCHAIN_TX,0x09e6a96e5c53fac5ac2d8c0fbaf56ffea512b5d428bc4980e4f96d4b149bba97,84108977,2026-03-12 17:53:07.000 UTC,polygon,0x3c499c542cef5e3811e1192ce70d8cc03d5c3359,blacklist(address),,BLACKLISTER,,,Circle
CU-IMP-1664,ONCHAIN_TX,0x5f7fe0e77d8259f508ac383d173efb3dd3307c2c294bee3a2f7345030a94b5ec,84109009,2026-03-12 17:54:11.000 UTC,polygon,0x3c499c542cef5e3811e1192ce70d8cc03d5c3359,blacklist(address),,BLACKLISTER,,,Circle
CU-IMP-1665,ONCHAIN_TX,0xede6f8140b8ff2072ea61b75dba483506098052a6aa509d6a8adddbcb012d7cb,84109041,2026-03-12 17:55:15.000 UTC,polygon,0x3c499c542cef5e3811e1192ce70d8cc03d5c3359,blacklist(address),,BLACKLISTER,,,Circle
CU-IMP-1666,ONCHAIN_TX,0xb6977007cdcbe6dd35f3c62d37b17718089d92e7a005f3a61c0abb5b3694c0af,84109048,2026-03-12 17:55:29.000 UTC,polygon,0x3c499c542cef5e3811e1192ce70d8cc03d5c3359,blacklist(address),,BLACKLISTER,,,Circle
CU-IMP-1667,ONCHAIN_TX,0x712ca240f80b4e71f5d4fab17d6d2ea04f6536a2bf82f7ab6822dc1ab8027b9b,84586159,2026-03-23 18:59:13.000 UTC,polygon,0x3c499c542cef5e3811e1192ce70d8cc03d5c3359,blacklist(address),,BLACKLISTER,,,Circle
CU-IMP-1668,ONCHAIN_TX,0x23af7f27bbd6a4404471c4db76420320ea0c0cecf568868f1d0a129123cd31f1,84586190,2026-03-23 19:00:15.000 UTC,polygon,0x3c499c542cef5e3811e1192ce70d8cc03d5c3359,blacklist(address),,BLACKLISTER,,,Circle
CU-IMP-1669,ONCHAIN_TX,0x8155bf3f586616077af5c25f1ae69a86f912e55838cdb2c11436e4ad91b37a69,84586345,2026-03-23 19:05:25.000 UTC,polygon,0x3c499c542cef5e3811e1192ce70d8cc03d5c3359,blacklist(address),,BLACKLISTER,,,Circle
CU-IMP-1670,ONCHAIN_TX,0xf935166e9b25d0379cdefd4c2e30e0ab2642a401c6250e13bb7355d73847b9be,84586356,2026-03-23 19:05:47.000 UTC,polygon,0x3c499c542cef5e3811e1192ce70d8cc03d5c3359,blacklist(address),,BLACKLISTER,,,Circle
CU-IMP-1671,ONCHAIN_TX,0x5caecac040379203466b298e9acddb9ef5301b57719b65c4ff72148701b387c4,84747835,2026-03-27 12:48:25.000 UTC,polygon,0x3c499c542cef5e3811e1192ce70d8cc03d5c3359,unBlacklist(address),,BLACKLISTER,,,Circle
CU-IMP-1672,ONCHAIN_TX,0x10730b3f802c7120979bd24e28168c6b248d3d0b28f5ff56e8b60a96a2a327e9,12756599,2022-03-30 04:21:53.000 UTC,avalanche,0xb97ef9ef8734c71904d8002f8b6bc66dd9c48a6e,blacklist(address),,BLACKLISTER,,,Circle
CU-IMP-1673,ONCHAIN_TX,0x7be2aed07e2c9e69552f33caab75ad1ec5753401aeab41a21064f344a0f19d8f,12756984,2022-03-30 04:35:07.000 UTC,avalanche,0xb97ef9ef8734c71904d8002f8b6bc66dd9c48a6e,blacklist(address),,BLACKLISTER,,,Circle
CU-IMP-1674,ONCHAIN_TX,0x283d1b47e9f37658836e621f4d26d49d0ea8bbc1eb98330f91a7247bbc98b0b2,12757005,2022-03-30 04:35:48.000 UTC,avalanche,0xb97ef9ef8734c71904d8002f8b6bc66dd9c48a6e,blacklist(address),,BLACKLISTER,,,Circle
CU-IMP-1675,ONCHAIN_TX,0xb6fdaee15afc7a93078f96058e9fb925a8b8631f55e5113c48daf87bcf4fd068,12757022,2022-03-30 04:36:25.000 UTC,avalanche,0xb97ef9ef8734c71904d8002f8b6bc66dd9c48a6e,blacklist(address),,BLACKLISTER,,,Circle
CU-IMP-1676,ONCHAIN_TX,0x7af5bff15b2b20cc0db04c9909a020d7d7c69d42ecd24cb77dc94d3ca5d942e6,12757036,2022-03-30 04:36:52.000 UTC,avalanche,0xb97ef9ef8734c71904d8002f8b6bc66dd9c48a6e,blacklist(address),,BLACKLISTER,,,Circle
CU-IMP-1677,ONCHAIN_TX,0x9fe4225da2bb35dd169c267964c5d194b4f28486ef702ecd0c71e63de001449a,12757050,2022-03-30 04:37:21.000 UTC,avalanche,0xb97ef9ef8734c71904d8002f8b6bc66dd9c48a6e,blacklist(address),,BLACKLISTER,,,Circle
CU-IMP-1678,ONCHAIN_TX,0xae88502c90f0864bbb060f71c5b3d0007d07729166161220bbfa41bdf2d25267,12757064,2022-03-30 04:37:50.000 UTC,avalanche,0xb97ef9ef8734c71904d8002f8b6bc66dd9c48a6e,blacklist(address),,BLACKLISTER,,,Circle
CU-IMP-1679,ONCHAIN_TX,0xf2f75c6c67bcf3ca2b1c8ee1d7de147b4933a47b1c3e6fa5cf03efb85f82ac50,12757078,2022-03-30 04:38:16.000 UTC,avalanche,0xb97ef9ef8734c71904d8002f8b6bc66dd9c48a6e,blacklist(address),,BLACKLISTER,,,Circle
CU-IMP-1680,ONCHAIN_TX,0xb1334047d41da8e0891ebb0702befab1efd65ddd39c9a38cf59a42eeadcb42a4,12757092,2022-03-30 04:38:46.000 UTC,avalanche,0xb97ef9ef8734c71904d8002f8b6bc66dd9c48a6e,blacklist(address),,BLACKLISTER,,,Circle
CU-IMP-1681,ONCHAIN_TX,0xa6d6f98728a83657b0c44bbfbadd7b75e844f3453379283e6b913417afbc3706,12757104,2022-03-30 04:39:11.000 UTC,avalanche,0xb97ef9ef8734c71904d8002f8b6bc66dd9c48a6e,blacklist(address),,BLACKLISTER,,,Circle
CU-IMP-1682,ONCHAIN_TX,0xf7825deb923f68ed2c0ec978cc7423fee707d8c23ab32df6b7458e70e8a78f8b,12757116,2022-03-30 04:39:37.000 UTC,avalanche,0xb97ef9ef8734c71904d8002f8b6bc66dd9c48a6e,blacklist(address),,BLACKLISTER,,,Circle
CU-IMP-1683,ONCHAIN_TX,0x7621da305bf7e282ccb4f50a45e4fdbbe433d569c5f239655d540c33414f7c3a,12757252,2022-03-30 04:44:07.000 UTC,avalanche,0xb97ef9ef8734c71904d8002f8b6bc66dd9c48a6e,blacklist(address),,BLACKLISTER,,,Circle
CU-IMP-1684,ONCHAIN_TX,0xb7c2e093ffc33f5771c92502b0671a75eece4b9d13dbe04892aa5475e0303c60,12757252,2022-03-30 04:44:07.000 UTC,avalanche,0xb97ef9ef8734c71904d8002f8b6bc66dd9c48a6e,blacklist(address),,BLACKLISTER,,,Circle
CU-IMP-1685,ONCHAIN_TX,0x85d2a8ea60db48d001fe99f990bfa197a10e4b6d9394cd7164bcb72b9e52a4e0,12757281,2022-03-30 04:45:06.000 UTC,avalanche,0xb97ef9ef8734c71904d8002f8b6bc66dd9c48a6e,blacklist(address),,BLACKLISTER,,,Circle
CU-IMP-1686,ONCHAIN_TX,0x19e381c87a37aecf4fafce1226925a00aff3b3c3456370679077fbfe45326933,12757300,2022-03-30 04:45:42.000 UTC,avalanche,0xb97ef9ef8734c71904d8002f8b6bc66dd9c48a6e,blacklist(address),,BLACKLISTER,,,Circle
CU-IMP-1687,ONCHAIN_TX,0x43222b3a23acaa75ee52c9371ecc48d7ca2645c1a135e64b47f149d074429320,12757315,2022-03-30 04:46:12.000 UTC,avalanche,0xb97ef9ef8734c71904d8002f8b6bc66dd9c48a6e,blacklist(address),,BLACKLISTER,,,Circle
CU-IMP-1688,ONCHAIN_TX,0xd6f5582d1ca5085c5890af6cb3ad4da1e91f8e78394e87413d833886824c2801,12757327,2022-03-30 04:46:46.000 UTC,avalanche,0xb97ef9ef8734c71904d8002f8b6bc66dd9c48a6e,blacklist(address),,BLACKLISTER,,,Circle
CU-IMP-1689,ONCHAIN_TX,0xc7f36ac489855361e4abc692e50cdc49f79bc4110fb3e24742ea9b2d43cd9e5b,12757344,2022-03-30 04:47:20.000 UTC,avalanche,0xb97ef9ef8734c71904d8002f8b6bc66dd9c48a6e,blacklist(address),,BLACKLISTER,,,Circle
CU-IMP-1690,ONCHAIN_TX,0xaacedd53187651f2f5f0de4ad3cae1aa02459b061654f9f131aef1cd3786287d,12757362,2022-03-30 04:48:00.000 UTC,avalanche,0xb97ef9ef8734c71904d8002f8b6bc66dd9c48a6e,blacklist(address),,BLACKLISTER,,,Circle
CU-IMP-1691,ONCHAIN_TX,0x072c683eceea02525a859b8d5b72b3901e0dc269ae797829be7889b03e7ad01b,12757379,2022-03-30 04:48:33.000 UTC,avalanche,0xb97ef9ef8734c71904d8002f8b6bc66dd9c48a6e,blacklist(address),,BLACKLISTER,,,Circle
CU-IMP-1692,ONCHAIN_TX,0x1a0d98a4c76b5e70a8cf3e7ed066cea50836120dc8fbfa811b171cc4a91f477b,12757397,2022-03-30 04:49:09.000 UTC,avalanche,0xb97ef9ef8734c71904d8002f8b6bc66dd9c48a6e,blacklist(address),,BLACKLISTER,,,Circle
CU-IMP-1693,ONCHAIN_TX,0x4e5956a8c21b2ac58689d3106d3dd96757bd26feb33a09852684a813d624c3f6,12757412,2022-03-30 04:49:38.000 UTC,avalanche,0xb97ef9ef8734c71904d8002f8b6bc66dd9c48a6e,blacklist(address),,BLACKLISTER,,,Circle
CU-IMP-1694,ONCHAIN_TX,0x9e9f0f2016b1f9b2044c01bf6a296e04c7d45eb0a8be33a41f2ab080728968a5,13116507,2022-04-07 16:46:28.000 UTC,avalanche,0xb97ef9ef8734c71904d8002f8b6bc66dd9c48a6e,blacklist(address),,BLACKLISTER,,,Circle
CU-IMP-1695,ONCHAIN_TX,0xdfb9b59f75ae91f4f5484ee88b3d253d904dc65c02d4d4a0c08dc0cd6a0dbf81,13427448,2022-04-14 23:13:02.000 UTC,avalanche,0xb97ef9ef8734c71904d8002f8b6bc66dd9c48a6e,blacklist(address),,BLACKLISTER,,,Circle
CU-IMP-1696,ONCHAIN_TX,0xe32a4f8f5102e5d5ade2b3cd345bb6fe3bcfe65a88f5b10257a69c956d478c58,13801752,2022-04-23 16:24:06.000 UTC,avalanche,0xb97ef9ef8734c71904d8002f8b6bc66dd9c48a6e,blacklist(address),,BLACKLISTER,,,Circle
CU-IMP-1697,ONCHAIN_TX,0x27037934d6f904c97549530648f76e3966ac1bd3bc36b603e9b46a40ecc0bf75,13801783,2022-04-23 16:25:08.000 UTC,avalanche,0xb97ef9ef8734c71904d8002f8b6bc66dd9c48a6e,blacklist(address),,BLACKLISTER,,,Circle
CU-IMP-1698,ONCHAIN_TX,0x917987eca98297384bfd46b5fa294166513f1fa8d3dfba80c6b3d5ff4c40fe46,13802210,2022-04-23 16:39:30.000 UTC,avalanche,0xb97ef9ef8734c71904d8002f8b6bc66dd9c48a6e,blacklist(address),,BLACKLISTER,,,Circle
CU-IMP-1699,ONCHAIN_TX,0xba0a5a96f8d246ad0c32db76df777c21c1335eb86ca8939534f29c1d4dbe414f,13802231,2022-04-23 16:40:11.000 UTC,avalanche,0xb97ef9ef8734c71904d8002f8b6bc66dd9c48a6e,blacklist(address),,BLACKLISTER,,,Circle
CU-IMP-1700,ONCHAIN_TX,0xf4c46ac81158285969524c3eea3beab89dfeb0d0196da41a4ff9f43addf62981,14363555,2022-05-06 23:06:27.000 UTC,avalanche,0xb97ef9ef8734c71904d8002f8b6bc66dd9c48a6e,blacklist(address),,BLACKLISTER,,,Circle
CU-IMP-1701,ONCHAIN_TX,0x28a3f76324303530025f84c34add4af69d5103d6d9c8a439d37cb33827586b8c,14363562,2022-05-06 23:06:41.000 UTC,avalanche,0xb97ef9ef8734c71904d8002f8b6bc66dd9c48a6e,blacklist(address),,BLACKLISTER,,,Circle
CU-IMP-1702,ONCHAIN_TX,0xbb9828797eb88ab0fcd3d7f1a63a0cc30f606b2a066ee29d7c876e739ca5ca01,14363565,2022-05-06 23:06:47.000 UTC,avalanche,0xb97ef9ef8734c71904d8002f8b6bc66dd9c48a6e,blacklist(address),,BLACKLISTER,,,Circle
CU-IMP-1703,ONCHAIN_TX,0xfb307aa4fadc7f150f55e0e1d6387915dcb006878a9795f528431d7d4402a149,14363567,2022-05-06 23:06:51.000 UTC,avalanche,0xb97ef9ef8734c71904d8002f8b6bc66dd9c48a6e,blacklist(address),,BLACKLISTER,,,Circle
CU-IMP-1704,ONCHAIN_TX,0x03f3a10fb485ceb395276c131fb407b4a1ace02dfee6aef8decdd38b1ea4151f,18426713,2022-08-09 17:25:21.000 UTC,avalanche,0xb97ef9ef8734c71904d8002f8b6bc66dd9c48a6e,blacklist(address),,BLACKLISTER,,,Circle
CU-IMP-1705,ONCHAIN_TX,0x6fdcd0fcb7696fee36a60aca6c13ca75f87525c0bd327d1c7aee72d6b9835570,18426825,2022-08-09 17:29:07.000 UTC,avalanche,0xb97ef9ef8734c71904d8002f8b6bc66dd9c48a6e,blacklist(address),,BLACKLISTER,,,Circle
CU-IMP-1706,ONCHAIN_TX,0x2d7d38f16c807131840bfc63d306079f56a2429e51a5f0430ea37625ec575940,18426848,2022-08-09 17:29:52.000 UTC,avalanche,0xb97ef9ef8734c71904d8002f8b6bc66dd9c48a6e,blacklist(address),,BLACKLISTER,,,Circle
CU-IMP-1707,ONCHAIN_TX,0xf52f19084e0ab6f4f5775e0bc3114da3c5e26c7c1cc13d02a32d93ae59c91748,18426865,2022-08-09 17:30:27.000 UTC,avalanche,0xb97ef9ef8734c71904d8002f8b6bc66dd9c48a6e,blacklist(address),,BLACKLISTER,,,Circle
CU-IMP-1708,ONCHAIN_TX,0xfb5674da82857e00ddd13599c04f63be34172c6a7b354aeac00a1df76c74e61a,18426884,2022-08-09 17:31:05.000 UTC,avalanche,0xb97ef9ef8734c71904d8002f8b6bc66dd9c48a6e,blacklist(address),,BLACKLISTER,,,Circle
CU-IMP-1709,ONCHAIN_TX,0x77599528c7fd3e41690526981822e988d82b6f8bd79ce4ef8dc19e2855b7a3c4,18426905,2022-08-09 17:31:46.000 UTC,avalanche,0xb97ef9ef8734c71904d8002f8b6bc66dd9c48a6e,blacklist(address),,BLACKLISTER,,,Circle
CU-IMP-1710,ONCHAIN_TX,0xf5abe53ab8192dd4d5316cb4f373c24583605adf8803cc2a950db9b8055d0155,18426926,2022-08-09 17:32:30.000 UTC,avalanche,0xb97ef9ef8734c71904d8002f8b6bc66dd9c48a6e,blacklist(address),,BLACKLISTER,,,Circle
CU-IMP-1711,ONCHAIN_TX,0xd78c5f1a36ae1fbd39e4f7c9d73f906003db052522261db1376bc190ae522fc6,18426945,2022-08-09 17:33:08.000 UTC,avalanche,0xb97ef9ef8734c71904d8002f8b6bc66dd9c48a6e,blacklist(address),,BLACKLISTER,,,Circle
CU-IMP-1712,ONCHAIN_TX,0x47ee625e2ec29b4ce31064a80ae0be6d7cc3be7a8ba537b81e2bf8b993c49c8a,18426965,2022-08-09 17:33:48.000 UTC,avalanche,0xb97ef9ef8734c71904d8002f8b6bc66dd9c48a6e,blacklist(address),,BLACKLISTER,,,Circle
CU-IMP-1713,ONCHAIN_TX,0x50dada75172c8a8632b9af464b46b7dfd8f9ffa436ef3619b5397d8c7155e465,18426987,2022-08-09 17:34:32.000 UTC,avalanche,0xb97ef9ef8734c71904d8002f8b6bc66dd9c48a6e,blacklist(address),,BLACKLISTER,,,Circle
CU-IMP-1714,ONCHAIN_TX,0x534bc923daba38e243f33e871ffcdd7005d8c798a9b6b1f3891ae0c5d43acbfd,18427004,2022-08-09 17:35:05.000 UTC,avalanche,0xb97ef9ef8734c71904d8002f8b6bc66dd9c48a6e,blacklist(address),,BLACKLISTER,,,Circle
CU-IMP-1715,ONCHAIN_TX,0xcd24aaa435e2e98708bb73c66d5539414db1db14262782d0b86778ab0d12ad8b,18427021,2022-08-09 17:35:41.000 UTC,avalanche,0xb97ef9ef8734c71904d8002f8b6bc66dd9c48a6e,blacklist(address),,BLACKLISTER,,,Circle
CU-IMP-1716,ONCHAIN_TX,0x72d4715879e4b0b7379e7669da33261d2b7995f81d6f5f7f235a284a93dd2b4c,18427056,2022-08-09 17:36:53.000 UTC,avalanche,0xb97ef9ef8734c71904d8002f8b6bc66dd9c48a6e,blacklist(address),,BLACKLISTER,,,Circle
CU-IMP-1717,ONCHAIN_TX,0xd53e66629bd020f1531f5b5074692a44c79d42fbc9269be0ba3e3d9ad9d250f7,18427070,2022-08-09 17:37:22.000 UTC,avalanche,0xb97ef9ef8734c71904d8002f8b6bc66dd9c48a6e,blacklist(address),,BLACKLISTER,,,Circle
CU-IMP-1718,ONCHAIN_TX,0x448573e2b40727024c0f8865cbc43d10b29113d97239126ffd5f18056c24bd11,18427090,2022-08-09 17:38:02.000 UTC,avalanche,0xb97ef9ef8734c71904d8002f8b6bc66dd9c48a6e,blacklist(address),,BLACKLISTER,,,Circle
CU-IMP-1719,ONCHAIN_TX,0x199424429f688d6c5d234aa3870fc3e5890da69571d16f4624342082d9e6f1f2,18427108,2022-08-09 17:38:38.000 UTC,avalanche,0xb97ef9ef8734c71904d8002f8b6bc66dd9c48a6e,blacklist(address),,BLACKLISTER,,,Circle
CU-IMP-1720,ONCHAIN_TX,0x38df36118ea2472100926078eece38284758251a19ebdbba56bca0144734e2ed,18427126,2022-08-09 17:39:14.000 UTC,avalanche,0xb97ef9ef8734c71904d8002f8b6bc66dd9c48a6e,blacklist(address),,BLACKLISTER,,,Circle
CU-IMP-1721,ONCHAIN_TX,0x7b61207b0b4aee08b7bc18c490da12f3b4e667faafcca647f930323c4262ddf2,18427141,2022-08-09 17:39:44.000 UTC,avalanche,0xb97ef9ef8734c71904d8002f8b6bc66dd9c48a6e,blacklist(address),,BLACKLISTER,,,Circle
CU-IMP-1722,ONCHAIN_TX,0x5b411b935a383705f4438fc0dd314012f57c3b60c79ab483d4f3af245b74ae73,18427157,2022-08-09 17:40:17.000 UTC,avalanche,0xb97ef9ef8734c71904d8002f8b6bc66dd9c48a6e,blacklist(address),,BLACKLISTER,,,Circle
CU-IMP-1723,ONCHAIN_TX,0xada63c99fda5d6e4eba9ef0f2e43696029f07de2144f3ea090b3198e541fa2ce,18427178,2022-08-09 17:40:58.000 UTC,avalanche,0xb97ef9ef8734c71904d8002f8b6bc66dd9c48a6e,blacklist(address),,BLACKLISTER,,,Circle
CU-IMP-1724,ONCHAIN_TX,0xd8d0de5bea64116c2d8cddaeade58d6b6f45447772c5593728bce4977cd35823,18427192,2022-08-09 17:41:30.000 UTC,avalanche,0xb97ef9ef8734c71904d8002f8b6bc66dd9c48a6e,blacklist(address),,BLACKLISTER,,,Circle
CU-IMP-1725,ONCHAIN_TX,0x311dff73f9d84686fe501834e4f41da9a5c97f2dad2ef406490f723307a08dc6,18427211,2022-08-09 17:42:07.000 UTC,avalanche,0xb97ef9ef8734c71904d8002f8b6bc66dd9c48a6e,blacklist(address),,BLACKLISTER,,,Circle
CU-IMP-1726,ONCHAIN_TX,0x3a08c62b448de07697b62d129cbe74bce0985b70e688abbba706fed883a91703,18427226,2022-08-09 17:42:37.000 UTC,avalanche,0xb97ef9ef8734c71904d8002f8b6bc66dd9c48a6e,blacklist(address),,BLACKLISTER,,,Circle
CU-IMP-1727,ONCHAIN_TX,0x834c4ec3d424476af6e76977b90c737037476018f4b6bd22df77f2b5e7d56890,18427245,2022-08-09 17:43:14.000 UTC,avalanche,0xb97ef9ef8734c71904d8002f8b6bc66dd9c48a6e,blacklist(address),,BLACKLISTER,,,Circle
CU-IMP-1728,ONCHAIN_TX,0xf78a25950bc5215b4f1cb7542aea70e4fce4073225703ea0f8173c93b33f9813,18427260,2022-08-09 17:43:49.000 UTC,avalanche,0xb97ef9ef8734c71904d8002f8b6bc66dd9c48a6e,blacklist(address),,BLACKLISTER,,,Circle
CU-IMP-1729,ONCHAIN_TX,0xd16d05d3989b3de2d51ab1f62ac5a95e644395c486cbbf16f3126064891888dd,18427276,2022-08-09 17:44:20.000 UTC,avalanche,0xb97ef9ef8734c71904d8002f8b6bc66dd9c48a6e,blacklist(address),,BLACKLISTER,,,Circle
CU-IMP-1730,ONCHAIN_TX,0x963f86466720082719994c7a33e5f181e3550ebe17c548a7ec40966b3782fac9,18427292,2022-08-09 17:44:52.000 UTC,avalanche,0xb97ef9ef8734c71904d8002f8b6bc66dd9c48a6e,blacklist(address),,BLACKLISTER,,,Circle
CU-IMP-1731,ONCHAIN_TX,0x752322d31ca2eae0ead2564e40d4ac21638972f17bbe6f28d0ba4b3a4ff9dd8c,18427311,2022-08-09 17:45:30.000 UTC,avalanche,0xb97ef9ef8734c71904d8002f8b6bc66dd9c48a6e,blacklist(address),,BLACKLISTER,,,Circle
CU-IMP-1732,ONCHAIN_TX,0x10cc8266d10d99e319f24fbc8b66cf09d7574b22032344c940a457e74103b82e,18427327,2022-08-09 17:46:02.000 UTC,avalanche,0xb97ef9ef8734c71904d8002f8b6bc66dd9c48a6e,blacklist(address),,BLACKLISTER,,,Circle
CU-IMP-1733,ONCHAIN_TX,0x404a3bf02e1922915f6591ede8acf780282b9340eb845ed59dbad5bcd7e7cefa,18427341,2022-08-09 17:46:30.000 UTC,avalanche,0xb97ef9ef8734c71904d8002f8b6bc66dd9c48a6e,blacklist(address),,BLACKLISTER,,,Circle
CU-IMP-1734,ONCHAIN_TX,0x532ccf244ba6c2906193ad6e54d55983e9fcff5c5603f1cebf5fb215966e4b9c,18427358,2022-08-09 17:47:05.000 UTC,avalanche,0xb97ef9ef8734c71904d8002f8b6bc66dd9c48a6e,blacklist(address),,BLACKLISTER,,,Circle
CU-IMP-1735,ONCHAIN_TX,0x42c87edea134540fa388d04254ec12faf2fc37e319cef296ce098504befb1919,18427374,2022-08-09 17:47:36.000 UTC,avalanche,0xb97ef9ef8734c71904d8002f8b6bc66dd9c48a6e,blacklist(address),,BLACKLISTER,,,Circle
CU-IMP-1736,ONCHAIN_TX,0x5b10a348b8e3d4e545ba3e6514b2eacc41bd18b7882a5467d37ee2139ae7ef67,18427389,2022-08-09 17:48:06.000 UTC,avalanche,0xb97ef9ef8734c71904d8002f8b6bc66dd9c48a6e,blacklist(address),,BLACKLISTER,,,Circle
CU-IMP-1737,ONCHAIN_TX,0x2baca10f81a52afffd3ec2c33d8c84e0a18bebec3ca2ea7308fab31362de7325,18427409,2022-08-09 17:48:45.000 UTC,avalanche,0xb97ef9ef8734c71904d8002f8b6bc66dd9c48a6e,blacklist(address),,BLACKLISTER,,,Circle
CU-IMP-1738,ONCHAIN_TX,0x5ed41c67c52c0c13d15fec111343517c9771ce568f678b891e493fcbc7499c2a,18427423,2022-08-09 17:49:14.000 UTC,avalanche,0xb97ef9ef8734c71904d8002f8b6bc66dd9c48a6e,blacklist(address),,BLACKLISTER,,,Circle
CU-IMP-1739,ONCHAIN_TX,0x1298f43b83221ee169afb943151f6b3285616a1c6ea697100e7a4dbe50c45a5d,18427445,2022-08-09 17:49:58.000 UTC,avalanche,0xb97ef9ef8734c71904d8002f8b6bc66dd9c48a6e,blacklist(address),,BLACKLISTER,,,Circle
CU-IMP-1740,ONCHAIN_TX,0x262ce01fdff7cf825ad2048758f3276f1dbac89ead0e7e683b38dadbeb31a28b,18427464,2022-08-09 17:50:35.000 UTC,avalanche,0xb97ef9ef8734c71904d8002f8b6bc66dd9c48a6e,blacklist(address),,BLACKLISTER,,,Circle
CU-IMP-1741,ONCHAIN_TX,0x6818b9d1ed1e732440b5754d46ea283672bb2cdd19da163a4012d0108ec274eb,18427479,2022-08-09 17:51:06.000 UTC,avalanche,0xb97ef9ef8734c71904d8002f8b6bc66dd9c48a6e,blacklist(address),,BLACKLISTER,,,Circle
CU-IMP-1742,ONCHAIN_TX,0xc6fb13213ceb88c67906076f38736df11879dacdf84aab7fb070c2d323b992f4,19915478,2022-09-16 00:12:03.000 UTC,avalanche,0xb97ef9ef8734c71904d8002f8b6bc66dd9c48a6e,blacklist(address),,BLACKLISTER,,,Circle
CU-IMP-1743,ONCHAIN_TX,0xd2220471df83404aab4e4b4ce5f2a3a0c6da8f4d8219ff310a3db6cdc92863fc,19915493,2022-09-16 00:12:38.000 UTC,avalanche,0xb97ef9ef8734c71904d8002f8b6bc66dd9c48a6e,blacklist(address),,BLACKLISTER,,,Circle
CU-IMP-1744,ONCHAIN_TX,0x27a80327031ca478d16e75e708902fdecc3d727f92a5a5377fa205094b46f1d9,19915519,2022-09-16 00:13:40.000 UTC,avalanche,0xb97ef9ef8734c71904d8002f8b6bc66dd9c48a6e,blacklist(address),,BLACKLISTER,,,Circle
CU-IMP-1745,ONCHAIN_TX,0x806c4707fd3a625f7f8172672282c15f30d116f507ae1f63e381fc9b6a367e5e,20489915,2022-10-01 00:57:25.000 UTC,avalanche,0xb97ef9ef8734c71904d8002f8b6bc66dd9c48a6e,blacklist(address),,BLACKLISTER,,,Circle
CU-IMP-1746,ONCHAIN_TX,0xff51c36cad649675b8bf72139142596404114e10a58d2dae4fe6d8ca26a9d94b,20489947,2022-10-01 00:58:29.000 UTC,avalanche,0xb97ef9ef8734c71904d8002f8b6bc66dd9c48a6e,blacklist(address),,BLACKLISTER,,,Circle
CU-IMP-1747,ONCHAIN_TX,0x75aab3b984d6f98de54501a6facf3c3c3b15200eb66ddb34f303fba68af88d05,20747370,2022-10-07 05:07:26.000 UTC,avalanche,0xb97ef9ef8734c71904d8002f8b6bc66dd9c48a6e,blacklist(address),,BLACKLISTER,,,Circle
CU-IMP-1748,ONCHAIN_TX,0xee66f454b18b8c56bcecb0e74b768115d4700d55cf6cc8281b7dad1784a792ed,22121050,2022-11-08 17:56:36.000 UTC,avalanche,0xb97ef9ef8734c71904d8002f8b6bc66dd9c48a6e,unBlacklist(address),,BLACKLISTER,,,Circle
CU-IMP-1749,ONCHAIN_TX,0xc8a28ebbf815659bb9fd48527ed7887fb91636f3e2192d773ad84ba5619f936b,22221225,2022-11-11 01:35:14.000 UTC,avalanche,0xb97ef9ef8734c71904d8002f8b6bc66dd9c48a6e,blacklist(address),,BLACKLISTER,,,Circle
CU-IMP-1750,ONCHAIN_TX,0x6e43e4e4f6b5a52d1e3182456dd458749c3b222ca4b458688ebadf49d432aeea,22221257,2022-11-11 01:36:24.000 UTC,avalanche,0xb97ef9ef8734c71904d8002f8b6bc66dd9c48a6e,blacklist(address),,BLACKLISTER,,,Circle
CU-IMP-1751,ONCHAIN_TX,0xd1bf2ae46f9db3b5a0c6dd951386ecafbafa460a9ab96a60607756ea688ea0c1,22221275,2022-11-11 01:37:01.000 UTC,avalanche,0xb97ef9ef8734c71904d8002f8b6bc66dd9c48a6e,blacklist(address),,BLACKLISTER,,,Circle
CU-IMP-1752,ONCHAIN_TX,0x59155a34586d9a53112cf717e064e6a86792e1d49959fdc0cba6613c37fe2b81,22221288,2022-11-11 01:37:27.000 UTC,avalanche,0xb97ef9ef8734c71904d8002f8b6bc66dd9c48a6e,blacklist(address),,BLACKLISTER,,,Circle
CU-IMP-1753,ONCHAIN_TX,0x9ccf87831972248c80eefbb335d38eaa95595e2923b9a6d90e2e7aa6caf5ef2f,22221299,2022-11-11 01:37:54.000 UTC,avalanche,0xb97ef9ef8734c71904d8002f8b6bc66dd9c48a6e,blacklist(address),,BLACKLISTER,,,Circle
CU-IMP-1754,ONCHAIN_TX,0x54cd6f6712408958f4d9f587e97af792683a45e94ae8f32fa359dc0691c4daa2,22221311,2022-11-11 01:38:18.000 UTC,avalanche,0xb97ef9ef8734c71904d8002f8b6bc66dd9c48a6e,blacklist(address),,BLACKLISTER,,,Circle
CU-IMP-1755,ONCHAIN_TX,0xe0237c9592e0ebd63e84e75f817ad8399b294d7754ae284cff5bcb41dbb1fdf5,22221324,2022-11-11 01:38:44.000 UTC,avalanche,0xb97ef9ef8734c71904d8002f8b6bc66dd9c48a6e,blacklist(address),,BLACKLISTER,,,Circle
CU-IMP-1756,ONCHAIN_TX,0xb4fd98aac2c8143995f186860209e8948b9dd28ac014e4ec5da8e57c3b7891a3,22221331,2022-11-11 01:39:07.000 UTC,avalanche,0xb97ef9ef8734c71904d8002f8b6bc66dd9c48a6e,blacklist(address),,BLACKLISTER,,,Circle
CU-IMP-1757,ONCHAIN_TX,0x67404d2975e7dbf9efd294036e4b892155487866b40ec83ded4976848dc2fa01,22221361,2022-11-11 01:40:10.000 UTC,avalanche,0xb97ef9ef8734c71904d8002f8b6bc66dd9c48a6e,blacklist(address),,BLACKLISTER,,,Circle
CU-IMP-1758,ONCHAIN_TX,0x783d50c71ce6c8be8937d124d81ccdc71f46c2b976235a6a17ea3d0c541a4ece,22221377,2022-11-11 01:40:44.000 UTC,avalanche,0xb97ef9ef8734c71904d8002f8b6bc66dd9c48a6e,blacklist(address),,BLACKLISTER,,,Circle
CU-IMP-1759,ONCHAIN_TX,0xe7c5fb635cbe9ebf7a0f0c1e5e8410cd18dac95da96fa9ee9580b6d2760a4bf1,22221390,2022-11-11 01:41:08.000 UTC,avalanche,0xb97ef9ef8734c71904d8002f8b6bc66dd9c48a6e,blacklist(address),,BLACKLISTER,,,Circle
CU-IMP-1760,ONCHAIN_TX,0x7d14a32ef6c825706da6c9547cf1d33f9ecc46c5fdd21cfdb712bf85afc8a253,22221400,2022-11-11 01:41:29.000 UTC,avalanche,0xb97ef9ef8734c71904d8002f8b6bc66dd9c48a6e,blacklist(address),,BLACKLISTER,,,Circle
CU-IMP-1761,ONCHAIN_TX,0x99b079670d7c8c16a82692c09ab22321d26e115b7319d9a5b42283b01c22a90c,22221415,2022-11-11 01:41:59.000 UTC,avalanche,0xb97ef9ef8734c71904d8002f8b6bc66dd9c48a6e,blacklist(address),,BLACKLISTER,,,Circle
CU-IMP-1762,ONCHAIN_TX,0x9aad0ed41ea38d6c0c74e4b20bd7ca74e045a481a9fac6cf5e3f24db292dc4fd,22221430,2022-11-11 01:42:29.000 UTC,avalanche,0xb97ef9ef8734c71904d8002f8b6bc66dd9c48a6e,blacklist(address),,BLACKLISTER,,,Circle
CU-IMP-1763,ONCHAIN_TX,0xca3c548526f69145d8b325c9692990f11b687de32e3b6ce7e934866fa11087a2,22221442,2022-11-11 01:42:53.000 UTC,avalanche,0xb97ef9ef8734c71904d8002f8b6bc66dd9c48a6e,blacklist(address),,BLACKLISTER,,,Circle
CU-IMP-1764,ONCHAIN_TX,0xf482faa18098138de0964e5b25128495b499baff5f99200625d57d19f1869ade,22221452,2022-11-11 01:43:13.000 UTC,avalanche,0xb97ef9ef8734c71904d8002f8b6bc66dd9c48a6e,blacklist(address),,BLACKLISTER,,,Circle
CU-IMP-1765,ONCHAIN_TX,0x2161ba33ec8e71901cd8a92f60f808402ca421fa90a0c706db5861599b7351cc,22221462,2022-11-11 01:43:32.000 UTC,avalanche,0xb97ef9ef8734c71904d8002f8b6bc66dd9c48a6e,blacklist(address),,BLACKLISTER,,,Circle
CU-IMP-1766,ONCHAIN_TX,0x9ec3bb2e1688dcf59e6c08abe13b4d3b2cb429e0684de1e0c162e1a46242a343,22221471,2022-11-11 01:43:52.000 UTC,avalanche,0xb97ef9ef8734c71904d8002f8b6bc66dd9c48a6e,blacklist(address),,BLACKLISTER,,,Circle
CU-IMP-1767,ONCHAIN_TX,0x5d76e13ac066b9e8b6c702e4f609e55ef5e5f64b1b704d02168f5fa551b9d62c,22221483,2022-11-11 01:44:15.000 UTC,avalanche,0xb97ef9ef8734c71904d8002f8b6bc66dd9c48a6e,blacklist(address),,BLACKLISTER,,,Circle
CU-IMP-1768,ONCHAIN_TX,0x95666a0c350b56f37307502185c75b638f629332bd3ee11219d5a4e562c82929,22221492,2022-11-11 01:44:33.000 UTC,avalanche,0xb97ef9ef8734c71904d8002f8b6bc66dd9c48a6e,blacklist(address),,BLACKLISTER,,,Circle
CU-IMP-1769,ONCHAIN_TX,0x36a5205aba9e98796d114efe81635c9db1bcf41590353cc742efc6117b13850e,22221502,2022-11-11 01:44:53.000 UTC,avalanche,0xb97ef9ef8734c71904d8002f8b6bc66dd9c48a6e,blacklist(address),,BLACKLISTER,,,Circle
CU-IMP-1770,ONCHAIN_TX,0x3e468bee1894b55ce29a9d4310336ac1f7c255b67630769953764a40fd8898e7,22221510,2022-11-11 01:45:13.000 UTC,avalanche,0xb97ef9ef8734c71904d8002f8b6bc66dd9c48a6e,blacklist(address),,BLACKLISTER,,,Circle
CU-IMP-1771,ONCHAIN_TX,0x975b097890bc2102cbbd6e27db3058ccaa87b8f4ab6d6199d991f746c48e0a92,22221518,2022-11-11 01:45:33.000 UTC,avalanche,0xb97ef9ef8734c71904d8002f8b6bc66dd9c48a6e,blacklist(address),,BLACKLISTER,,,Circle
CU-IMP-1772,ONCHAIN_TX,0xcf45e778d9905ebec270ea2276718b45ef993ead7ca37cce411e7385fcd03e5a,22221529,2022-11-11 01:45:54.000 UTC,avalanche,0xb97ef9ef8734c71904d8002f8b6bc66dd9c48a6e,blacklist(address),,BLACKLISTER,,,Circle
CU-IMP-1773,ONCHAIN_TX,0x46c4788db8e7e461bdebbbdfeb3dbade47546ae8fa16faa617a56152aecb8579,22221537,2022-11-11 01:46:12.000 UTC,avalanche,0xb97ef9ef8734c71904d8002f8b6bc66dd9c48a6e,blacklist(address),,BLACKLISTER,,,Circle
CU-IMP-1774,ONCHAIN_TX,0x3ed8df9a8d4610901cad2b8622f938e03d5aba87d566aeea106aaaae49aec834,22221545,2022-11-11 01:46:31.000 UTC,avalanche,0xb97ef9ef8734c71904d8002f8b6bc66dd9c48a6e,blacklist(address),,BLACKLISTER,,,Circle
CU-IMP-1775,ONCHAIN_TX,0xd9dad3ab412b73432661ed5f813c0ac21d41b43d47a1b1028ceed316459075fd,22221553,2022-11-11 01:46:49.000 UTC,avalanche,0xb97ef9ef8734c71904d8002f8b6bc66dd9c48a6e,blacklist(address),,BLACKLISTER,,,Circle
CU-IMP-1776,ONCHAIN_TX,0x8159293af511877ffe46aec4e3603dd9ae015ecb6f384eb7aecf75709d906450,22221563,2022-11-11 01:47:09.000 UTC,avalanche,0xb97ef9ef8734c71904d8002f8b6bc66dd9c48a6e,blacklist(address),,BLACKLISTER,,,Circle
CU-IMP-1777,ONCHAIN_TX,0xff2fb3176392282bb5f9cfef516cb5dd4bd382812aef70bd2f05926b77284d85,22221573,2022-11-11 01:47:29.000 UTC,avalanche,0xb97ef9ef8734c71904d8002f8b6bc66dd9c48a6e,blacklist(address),,BLACKLISTER,,,Circle
CU-IMP-1778,ONCHAIN_TX,0x2918a036bf23e34bd39cac0ac4e75756770e030f5c497fc6b4c2de8439db7565,22221584,2022-11-11 01:47:53.000 UTC,avalanche,0xb97ef9ef8734c71904d8002f8b6bc66dd9c48a6e,blacklist(address),,BLACKLISTER,,,Circle
CU-IMP-1779,ONCHAIN_TX,0xd09e244d66f689ce70de4f058886697f468ad314498293489ddcef3e30272d1d,22221594,2022-11-11 01:48:13.000 UTC,avalanche,0xb97ef9ef8734c71904d8002f8b6bc66dd9c48a6e,blacklist(address),,BLACKLISTER,,,Circle
CU-IMP-1780,ONCHAIN_TX,0x87bcf034796bcfbe18ac5e4845dea0f50da7fa551ba00e4a6fbaacbb5f49b151,22221602,2022-11-11 01:48:30.000 UTC,avalanche,0xb97ef9ef8734c71904d8002f8b6bc66dd9c48a6e,blacklist(address),,BLACKLISTER,,,Circle
CU-IMP-1781,ONCHAIN_TX,0xa26527620923348a51a65a43125fc6c0bb88752fab8a4f055046ec14d133bf82,22221613,2022-11-11 01:48:51.000 UTC,avalanche,0xb97ef9ef8734c71904d8002f8b6bc66dd9c48a6e,blacklist(address),,BLACKLISTER,,,Circle
CU-IMP-1782,ONCHAIN_TX,0x705c3c17f8bd33e860e37523c0c5c196dd67c34b7a71a6839e02f31396ef0ec4,22221641,2022-11-11 01:49:48.000 UTC,avalanche,0xb97ef9ef8734c71904d8002f8b6bc66dd9c48a6e,blacklist(address),,BLACKLISTER,,,Circle
CU-IMP-1783,ONCHAIN_TX,0xe1b766263a6d72435a352ab769ad9ec41e626b9dfb3d5214c8df53091f49c5aa,22221656,2022-11-11 01:50:21.000 UTC,avalanche,0xb97ef9ef8734c71904d8002f8b6bc66dd9c48a6e,blacklist(address),,BLACKLISTER,,,Circle
CU-IMP-1784,ONCHAIN_TX,0x1678e9607d19136690f7ec9ada42260031179d504cde3fb71ce67806390aaf46,22221666,2022-11-11 01:50:39.000 UTC,avalanche,0xb97ef9ef8734c71904d8002f8b6bc66dd9c48a6e,blacklist(address),,BLACKLISTER,,,Circle
CU-IMP-1785,ONCHAIN_TX,0xdbd634b82d0f28a2b4a790b57da646687c4577790ecc02dcae7e2f637d9d80bb,22221676,2022-11-11 01:51:07.000 UTC,avalanche,0xb97ef9ef8734c71904d8002f8b6bc66dd9c48a6e,blacklist(address),,BLACKLISTER,,,Circle
CU-IMP-1786,ONCHAIN_TX,0x87037a28a3d45d284a9f588d609dfade8f6bde68c2180ed8fb594d666dea958d,22221686,2022-11-11 01:51:26.000 UTC,avalanche,0xb97ef9ef8734c71904d8002f8b6bc66dd9c48a6e,blacklist(address),,BLACKLISTER,,,Circle
CU-IMP-1787,ONCHAIN_TX,0x8ada8347e59d8610a68956eb194a35d3300b8b306d8a9b03770d26c38f10f00f,22221695,2022-11-11 01:51:46.000 UTC,avalanche,0xb97ef9ef8734c71904d8002f8b6bc66dd9c48a6e,blacklist(address),,BLACKLISTER,,,Circle
CU-IMP-1788,ONCHAIN_TX,0x192052568876db8e1244cf86402cdb6ea54be4f15aaa4fc2a49df56f4c6dd842,22221704,2022-11-11 01:52:04.000 UTC,avalanche,0xb97ef9ef8734c71904d8002f8b6bc66dd9c48a6e,blacklist(address),,BLACKLISTER,,,Circle
CU-IMP-1789,ONCHAIN_TX,0x68055ee7a87bdd169142cf8b5271411abf7b4bbe127ec6499f31845569bd1e29,22221713,2022-11-11 01:52:22.000 UTC,avalanche,0xb97ef9ef8734c71904d8002f8b6bc66dd9c48a6e,blacklist(address),,BLACKLISTER,,,Circle
CU-IMP-1790,ONCHAIN_TX,0x477090a693692ddd31d2c5a67813c957624de069ddbca87db05998c7065ce3f7,22221723,2022-11-11 01:52:45.000 UTC,avalanche,0xb97ef9ef8734c71904d8002f8b6bc66dd9c48a6e,blacklist(address),,BLACKLISTER,,,Circle
CU-IMP-1791,ONCHAIN_TX,0x5d7cff4f9e27973dc85e6f8375c0fb99922c8294437216a13d8993b5d0ec30a5,22221811,2022-11-11 01:55:48.000 UTC,avalanche,0xb97ef9ef8734c71904d8002f8b6bc66dd9c48a6e,blacklist(address),,BLACKLISTER,,,Circle
CU-IMP-1792,ONCHAIN_TX,0x665f4f27255ffd2ce696d29302ac6fe1a990be216450b6c71ebaed303702a8ef,22221811,2022-11-11 01:55:48.000 UTC,avalanche,0xb97ef9ef8734c71904d8002f8b6bc66dd9c48a6e,blacklist(address),,BLACKLISTER,,,Circle
CU-IMP-1793,ONCHAIN_TX,0x8ea8d61d3fc834c7ac82c53f5808ba32177fea9a4e2da418214a4512b8ac3632,22221945,2022-11-11 02:00:18.000 UTC,avalanche,0xb97ef9ef8734c71904d8002f8b6bc66dd9c48a6e,blacklist(address),,BLACKLISTER,,,Circle
CU-IMP-1794,ONCHAIN_TX,0xa2239ed1fdb915a9444ae4535c60bfa48c670bf6fa8853b8a716c588b77b8ef7,22221945,2022-11-11 02:00:18.000 UTC,avalanche,0xb97ef9ef8734c71904d8002f8b6bc66dd9c48a6e,blacklist(address),,BLACKLISTER,,,Circle
CU-IMP-1795,ONCHAIN_TX,0x66b6ad5b88a3aa70827adfd089c3d2fcbcaf490131a5a1906f867d33ef388b87,22222009,2022-11-11 02:02:23.000 UTC,avalanche,0xb97ef9ef8734c71904d8002f8b6bc66dd9c48a6e,blacklist(address),,BLACKLISTER,,,Circle
CU-IMP-1796,ONCHAIN_TX,0x1939f270512d0e149aafadd870b7da306f855e9563e2d4855f287cdbf4b58a1c,22222034,2022-11-11 02:03:13.000 UTC,avalanche,0xb97ef9ef8734c71904d8002f8b6bc66dd9c48a6e,blacklist(address),,BLACKLISTER,,,Circle
CU-IMP-1797,ONCHAIN_TX,0x0a5191229972e19f29a9ed2841bf3fa43cfd623af4123d826f8ae2c91f91297b,22222060,2022-11-11 02:04:07.000 UTC,avalanche,0xb97ef9ef8734c71904d8002f8b6bc66dd9c48a6e,blacklist(address),,BLACKLISTER,,,Circle
CU-IMP-1798,ONCHAIN_TX,0x8a1e2d8ed69d15d9e7a98bed8faab77c9e94c959146d0f5c4243d0228b3e4b14,22222092,2022-11-11 02:05:09.000 UTC,avalanche,0xb97ef9ef8734c71904d8002f8b6bc66dd9c48a6e,blacklist(address),,BLACKLISTER,,,Circle
CU-IMP-1799,ONCHAIN_TX,0x084b2184684aa5d477ad47ae2628d17d88dd95a62f21886c830fc0304afa15a7,22222103,2022-11-11 02:05:36.000 UTC,avalanche,0xb97ef9ef8734c71904d8002f8b6bc66dd9c48a6e,blacklist(address),,BLACKLISTER,,,Circle
CU-IMP-1800,ONCHAIN_TX,0x5e2f36d2b44adb1f697a764f4fe0cbb70352dc1e03f7a20fa191498936614eba,22222119,2022-11-11 02:06:07.000 UTC,avalanche,0xb97ef9ef8734c71904d8002f8b6bc66dd9c48a6e,blacklist(address),,BLACKLISTER,,,Circle
CU-IMP-1801,ONCHAIN_TX,0x34e7c1a6bfa90a7fd474e1755aba4d26848ddab0c8edfb092ed193d7deb8a4c4,22222129,2022-11-11 02:06:28.000 UTC,avalanche,0xb97ef9ef8734c71904d8002f8b6bc66dd9c48a6e,blacklist(address),,BLACKLISTER,,,Circle
CU-IMP-1802,ONCHAIN_TX,0xe8f048f4c3c8d389cb98a0818ad39c222e18a49b9b55f12d836537952d65121d,22222142,2022-11-11 02:06:55.000 UTC,avalanche,0xb97ef9ef8734c71904d8002f8b6bc66dd9c48a6e,blacklist(address),,BLACKLISTER,,,Circle
CU-IMP-1803,ONCHAIN_TX,0xc7f478bd750456613b8267927bf1246cc9666e7b3571f8abea749c2b8a6b1e62,22222153,2022-11-11 02:07:17.000 UTC,avalanche,0xb97ef9ef8734c71904d8002f8b6bc66dd9c48a6e,blacklist(address),,BLACKLISTER,,,Circle
CU-IMP-1804,ONCHAIN_TX,0x3c0dc5f95f2a640dbe036b2cca5677c961a856ebe1a320a92cc847530c4e2ec4,22222163,2022-11-11 02:07:36.000 UTC,avalanche,0xb97ef9ef8734c71904d8002f8b6bc66dd9c48a6e,blacklist(address),,BLACKLISTER,,,Circle
CU-IMP-1805,ONCHAIN_TX,0xff4f653a3246c74b7d1f11d8c7fe84c64d1c12ad84eb2e6c55e2e2388e6fee45,22222174,2022-11-11 02:07:59.000 UTC,avalanche,0xb97ef9ef8734c71904d8002f8b6bc66dd9c48a6e,blacklist(address),,BLACKLISTER,,,Circle
CU-IMP-1806,ONCHAIN_TX,0x8fa43663efe2c16f4b691b850b821bfff2a3c2964c0cec3711d8b1b8ae547acd,22222183,2022-11-11 02:08:17.000 UTC,avalanche,0xb97ef9ef8734c71904d8002f8b6bc66dd9c48a6e,blacklist(address),,BLACKLISTER,,,Circle
CU-IMP-1807,ONCHAIN_TX,0x35cf62f2f42fae7753b7914a3b617fbf0d006fad1628a3a8b82a42c898207ef1,22222196,2022-11-11 02:08:42.000 UTC,avalanche,0xb97ef9ef8734c71904d8002f8b6bc66dd9c48a6e,blacklist(address),,BLACKLISTER,,,Circle
CU-IMP-1808,ONCHAIN_TX,0x482af355cf8f28f1f8f34bc9ef5bf315f23afc7edc15771c822d44eb32e5f496,22222204,2022-11-11 02:08:59.000 UTC,avalanche,0xb97ef9ef8734c71904d8002f8b6bc66dd9c48a6e,blacklist(address),,BLACKLISTER,,,Circle
CU-IMP-1809,ONCHAIN_TX,0x05a88f55990d56463c55eef9920e5ace577f15268709a2db82c20a605b5fcc5f,22222215,2022-11-11 02:09:20.000 UTC,avalanche,0xb97ef9ef8734c71904d8002f8b6bc66dd9c48a6e,blacklist(address),,BLACKLISTER,,,Circle
CU-IMP-1810,ONCHAIN_TX,0xba6f3854d69d39fd869c12a223c4310d823c62113d548197262c949cba6112c8,22222223,2022-11-11 02:09:37.000 UTC,avalanche,0xb97ef9ef8734c71904d8002f8b6bc66dd9c48a6e,blacklist(address),,BLACKLISTER,,,Circle
CU-IMP-1811,ONCHAIN_TX,0x746cbb0308e718a24091447f5b62a8d44bbe06c1656d8e76fcb45955c358bef4,22222231,2022-11-11 02:09:53.000 UTC,avalanche,0xb97ef9ef8734c71904d8002f8b6bc66dd9c48a6e,unBlacklist(address),,BLACKLISTER,,,Circle
CU-IMP-1812,ONCHAIN_TX,0xa67b1c6f3f3a5909d47244cc75f3ae1bb4a0d52ca1d961b1797124a84228f21d,25745074,2023-02-02 17:05:53.000 UTC,avalanche,0xb97ef9ef8734c71904d8002f8b6bc66dd9c48a6e,blacklist(address),,BLACKLISTER,,,Circle
CU-IMP-1813,ONCHAIN_TX,0x1bc053a5c44bd3b26d1478c601fb58815521b3290afd8a2dd89ede59fb9007f9,29211653,2023-04-25 16:57:16.000 UTC,avalanche,0xb97ef9ef8734c71904d8002f8b6bc66dd9c48a6e,blacklist(address),,BLACKLISTER,,,Circle
CU-IMP-1814,ONCHAIN_TX,0x3f02162232544651023eed7b09718eec41e46d52ff24a22ed91861af5bede3dd,30244954,2023-05-20 02:30:42.000 UTC,avalanche,0xb97ef9ef8734c71904d8002f8b6bc66dd9c48a6e,blacklist(address),,BLACKLISTER,,,Circle
CU-IMP-1815,ONCHAIN_TX,0x8232446c352ac3f9f1391e1776ec3fd92857180f778435f9808ec7ecf24ec319,30432266,2023-05-24 12:19:54.000 UTC,avalanche,0xb97ef9ef8734c71904d8002f8b6bc66dd9c48a6e,blacklist(address),,BLACKLISTER,,,Circle
CU-IMP-1816,ONCHAIN_TX,0xc1c0b22d0fd798825022b29bc79b96d55ab1c0f7b871febc9c227d84c3ecfa26,30432281,2023-05-24 12:20:23.000 UTC,avalanche,0xb97ef9ef8734c71904d8002f8b6bc66dd9c48a6e,blacklist(address),,BLACKLISTER,,,Circle
CU-IMP-1817,ONCHAIN_TX,0xd877991ab0163d4a762e94973a3de9e66bdf1a9d0dea2d0491fc8118a9a7a9b8,33356835,2023-08-01 13:35:22.000 UTC,avalanche,0xb97ef9ef8734c71904d8002f8b6bc66dd9c48a6e,blacklist(address),,BLACKLISTER,,,Circle
CU-IMP-1818,ONCHAIN_TX,0xdc543d48e05f631d31e68d92cdcc9a2a6b5d59333fd93843d6c4f15e7dc103c9,34318541,2023-08-24 12:09:59.000 UTC,avalanche,0xb97ef9ef8734c71904d8002f8b6bc66dd9c48a6e,blacklist(address),,BLACKLISTER,,,Circle
CU-IMP-1819,ONCHAIN_TX,0xad06e04cd7f5299678fd84165d3361300a6577edf5803a8efab557f37057dc9e,34318570,2023-08-24 12:10:56.000 UTC,avalanche,0xb97ef9ef8734c71904d8002f8b6bc66dd9c48a6e,blacklist(address),,BLACKLISTER,,,Circle
CU-IMP-1820,ONCHAIN_TX,0xfd4f9a639d2322a9d699b32685936bcb5e2da5239eeb803b54760fbb31ad1321,34318600,2023-08-24 12:12:00.000 UTC,avalanche,0xb97ef9ef8734c71904d8002f8b6bc66dd9c48a6e,blacklist(address),,BLACKLISTER,,,Circle
CU-IMP-1821,ONCHAIN_TX,0xdb207aadee08424e305e6dccd26e71c91543c3b2a6374b4ec7fc8b5838eeaf68,34318613,2023-08-24 12:12:25.000 UTC,avalanche,0xb97ef9ef8734c71904d8002f8b6bc66dd9c48a6e,blacklist(address),,BLACKLISTER,,,Circle
CU-IMP-1822,ONCHAIN_TX,0x280122dff53fbea1cf5db91e946d65a6e475bb8c8ea88dd23304c8cf7c0a31af,34318627,2023-08-24 12:12:55.000 UTC,avalanche,0xb97ef9ef8734c71904d8002f8b6bc66dd9c48a6e,blacklist(address),,BLACKLISTER,,,Circle
CU-IMP-1823,ONCHAIN_TX,0x2c88ac21e7722a084dad3a03ce2cd30dcafd1b5ec002a22db128c845ec88267a,34318639,2023-08-24 12:13:20.000 UTC,avalanche,0xb97ef9ef8734c71904d8002f8b6bc66dd9c48a6e,blacklist(address),,BLACKLISTER,,,Circle
CU-IMP-1824,ONCHAIN_TX,0xeb0611e15e8df08ed62aa8536c0a32b2ef057fc4661f028bd817f6688c85e139,34318657,2023-08-24 12:13:56.000 UTC,avalanche,0xb97ef9ef8734c71904d8002f8b6bc66dd9c48a6e,blacklist(address),,BLACKLISTER,,,Circle
CU-IMP-1825,ONCHAIN_TX,0x98674658632ffd337f74c836c0d8d6c1843412af38eda622490606ae80ff1165,34318675,2023-08-24 12:14:34.000 UTC,avalanche,0xb97ef9ef8734c71904d8002f8b6bc66dd9c48a6e,blacklist(address),,BLACKLISTER,,,Circle
CU-IMP-1826,ONCHAIN_TX,0x260964860c9be3c9422360c0b00a522e604bacadb50d4fb457dcaa073f6aadb0,35709467,2023-09-27 03:41:42.000 UTC,avalanche,0xb97ef9ef8734c71904d8002f8b6bc66dd9c48a6e,blacklist(address),,BLACKLISTER,,,Circle
CU-IMP-1827,ONCHAIN_TX,0x5de49da5b9adb25c0d0d6ca59eb31d97917cb0814d0cac5a1535d90abb6be510,36000903,2023-10-04 01:30:11.000 UTC,avalanche,0xb97ef9ef8734c71904d8002f8b6bc66dd9c48a6e,blacklist(address),,BLACKLISTER,,,Circle
CU-IMP-1828,ONCHAIN_TX,0x329185f80e18c634c8552cadc6b05906863175e0d26ef130fdefde882dd2e98f,36000921,2023-10-04 01:30:47.000 UTC,avalanche,0xb97ef9ef8734c71904d8002f8b6bc66dd9c48a6e,blacklist(address),,BLACKLISTER,,,Circle
CU-IMP-1829,ONCHAIN_TX,0xfdfc0a311a5c2626dbfe223861cff6a190cc6f0e58c561b9fa8c472ded63a8f4,36000931,2023-10-04 01:31:07.000 UTC,avalanche,0xb97ef9ef8734c71904d8002f8b6bc66dd9c48a6e,blacklist(address),,BLACKLISTER,,,Circle
CU-IMP-1830,ONCHAIN_TX,0x52dcde532ad5901b366975778aebdab529608dd8531589140adb9a4d99a7a23a,36000941,2023-10-04 01:31:27.000 UTC,avalanche,0xb97ef9ef8734c71904d8002f8b6bc66dd9c48a6e,blacklist(address),,BLACKLISTER,,,Circle
CU-IMP-1831,ONCHAIN_TX,0xcbd7262315124080b57474793502b77e20e2ad4e3f1dec32b84e2deec93b4f62,36000955,2023-10-04 01:31:56.000 UTC,avalanche,0xb97ef9ef8734c71904d8002f8b6bc66dd9c48a6e,blacklist(address),,BLACKLISTER,,,Circle
CU-IMP-1832,ONCHAIN_TX,0xe4f1b3e3d75cdcb2c96f2b15376638bb29068006a7c162a52edc5cff0c9ba78a,36000968,2023-10-04 01:32:21.000 UTC,avalanche,0xb97ef9ef8734c71904d8002f8b6bc66dd9c48a6e,blacklist(address),,BLACKLISTER,,,Circle
CU-IMP-1833,ONCHAIN_TX,0x9f13bc483c65f1d5b1ac088139204a70be4365235cf2bd56154969ca90564619,36000977,2023-10-04 01:32:39.000 UTC,avalanche,0xb97ef9ef8734c71904d8002f8b6bc66dd9c48a6e,blacklist(address),,BLACKLISTER,,,Circle
CU-IMP-1834,ONCHAIN_TX,0xf03d5e95016ef570f0ae78d0f6dcbb5b6484406a463a412b3b46716aa6ec9470,36000986,2023-10-04 01:32:57.000 UTC,avalanche,0xb97ef9ef8734c71904d8002f8b6bc66dd9c48a6e,blacklist(address),,BLACKLISTER,,,Circle
CU-IMP-1835,ONCHAIN_TX,0x049fc3cc632882a12abf97cbce2d3a2689fa2af1c8e364ee1b8a4c605587e0ca,38452177,2023-11-30 21:39:37.000 UTC,avalanche,0xb97ef9ef8734c71904d8002f8b6bc66dd9c48a6e,blacklist(address),,BLACKLISTER,,,Circle
CU-IMP-1836,ONCHAIN_TX,0xc6c6418ab69ff5cb30527a31088559d12591de58745ed4579614cebb2ae58747,38452257,2023-11-30 21:42:17.000 UTC,avalanche,0xb97ef9ef8734c71904d8002f8b6bc66dd9c48a6e,unBlacklist(address),,BLACKLISTER,,,Circle
CU-IMP-1837,ONCHAIN_TX,0xc139c74da39f9fffd39a4b4fd1b9c3a5077f1ff4e6e243144b6438969d8877c7,41338975,2024-02-06 21:09:24.000 UTC,avalanche,0xb97ef9ef8734c71904d8002f8b6bc66dd9c48a6e,unBlacklist(address),,BLACKLISTER,,,Circle
CU-IMP-1838,ONCHAIN_TX,0x2dc91b5e0fc01adb1f2858aa47e4b713372fcef936999ecc9def7bac150e37cf,41963756,2024-02-21 12:28:39.000 UTC,avalanche,0xb97ef9ef8734c71904d8002f8b6bc66dd9c48a6e,blacklist(address),,BLACKLISTER,,,Circle
CU-IMP-1839,ONCHAIN_TX,0xe9acb32b5d43c38270dba2bcc999da156977e2f5269e516bd32c1661c2c4bf9c,43187658,2024-03-21 12:37:41.000 UTC,avalanche,0xb97ef9ef8734c71904d8002f8b6bc66dd9c48a6e,blacklist(address),,BLACKLISTER,,,Circle
CU-IMP-1840,ONCHAIN_TX,0xdc83243b5bb7aea0af38567de72fc430738a0f930e9bd47f8cd51a5f0360a571,43187675,2024-03-21 12:38:15.000 UTC,avalanche,0xb97ef9ef8734c71904d8002f8b6bc66dd9c48a6e,blacklist(address),,BLACKLISTER,,,Circle
CU-IMP-1841,ONCHAIN_TX,0xdaf1701816b188f445303da48f0e60163c1b5342660f37a3d3b913d5da7b9f88,43438010,2024-03-27 12:05:11.000 UTC,avalanche,0xb97ef9ef8734c71904d8002f8b6bc66dd9c48a6e,blacklist(address),,BLACKLISTER,,,Circle
CU-IMP-1842,ONCHAIN_TX,0xbed76ebdfca6bb7dca393fe03bd1cf8e17618b0db0e09550e2cd72ba9d966fd5,43454836,2024-03-27 21:41:33.000 UTC,avalanche,0xb97ef9ef8734c71904d8002f8b6bc66dd9c48a6e,blacklist(address),,BLACKLISTER,,,Circle
CU-IMP-1843,ONCHAIN_TX,0x0a5f27d79d54081288564353c593c1faad6ec2d86e9090bf7bd29e807b85a007,43454920,2024-03-27 21:44:23.000 UTC,avalanche,0xb97ef9ef8734c71904d8002f8b6bc66dd9c48a6e,blacklist(address),,BLACKLISTER,,,Circle
CU-IMP-1844,ONCHAIN_TX,0xed6f470cb4844a2ff3f558a196ab77a4d0ee8887b2352566448fc1547a309e65,43455000,2024-03-27 21:47:11.000 UTC,avalanche,0xb97ef9ef8734c71904d8002f8b6bc66dd9c48a6e,blacklist(address),,BLACKLISTER,,,Circle
CU-IMP-1845,ONCHAIN_TX,0xfeef8cda9839eaa61b3c1b4d30cf6c4beb5d2bc0dc6d8d456f30922f7f4b1ed7,43455074,2024-03-27 21:49:40.000 UTC,avalanche,0xb97ef9ef8734c71904d8002f8b6bc66dd9c48a6e,blacklist(address),,BLACKLISTER,,,Circle
CU-IMP-1846,ONCHAIN_TX,0x5b5d16d52df4f23bf97af55fe5604c9d6995b200a0fed0592d980a210b0ca162,43455141,2024-03-27 21:51:56.000 UTC,avalanche,0xb97ef9ef8734c71904d8002f8b6bc66dd9c48a6e,blacklist(address),,BLACKLISTER,,,Circle
CU-IMP-1847,ONCHAIN_TX,0x23eed6b8550f0f828b94a1b8a009430c11879497649cfe079494c689816538ba,43455149,2024-03-27 21:52:15.000 UTC,avalanche,0xb97ef9ef8734c71904d8002f8b6bc66dd9c48a6e,blacklist(address),,BLACKLISTER,,,Circle
CU-IMP-1848,ONCHAIN_TX,0x41f6b94b890ae5d0b36d1cc12befff27bc897ebf76cb4acb20c013cbb7d54f5c,44820753,2024-04-29 16:57:24.000 UTC,avalanche,0xb97ef9ef8734c71904d8002f8b6bc66dd9c48a6e,blacklist(address),,BLACKLISTER,,,Circle
CU-IMP-1849,ONCHAIN_TX,0xa65a8225914d767e2b08231f669d9b91a5cca3deee9adda9d9b2d1275a14eb20,44919353,2024-05-02 02:24:08.000 UTC,avalanche,0xb97ef9ef8734c71904d8002f8b6bc66dd9c48a6e,blacklist(address),,BLACKLISTER,,,Circle
CU-IMP-1850,ONCHAIN_TX,0xf8f65d0adb2672e087da4c1a23d7b9fe474df5b893a279bc31fa56ced429f82e,44919452,2024-05-02 02:27:38.000 UTC,avalanche,0xb97ef9ef8734c71904d8002f8b6bc66dd9c48a6e,blacklist(address),,BLACKLISTER,,,Circle
CU-IMP-1851,ONCHAIN_TX,0x812f7f7f5ef24e28442057b2bbb0e68babfecb95c6b6ee4855b1976ff224a3b2,46027333,2024-05-29 01:43:52.000 UTC,avalanche,0xb97ef9ef8734c71904d8002f8b6bc66dd9c48a6e,blacklist(address),,BLACKLISTER,,,Circle
CU-IMP-1852,ONCHAIN_TX,0x97f1b9dce273e2779dd2d19e5ab4913051dc0b3c4270befbf8316e44e593caa6,46027333,2024-05-29 01:43:52.000 UTC,avalanche,0xb97ef9ef8734c71904d8002f8b6bc66dd9c48a6e,blacklist(address),,BLACKLISTER,,,Circle
CU-IMP-1853,ONCHAIN_TX,0xeaab81e2da2c49170a163a6816efb5f0cd11a21c894c624f5f9c4828acf066e7,46607288,2024-06-12 02:33:05.000 UTC,avalanche,0xb97ef9ef8734c71904d8002f8b6bc66dd9c48a6e,blacklist(address),,BLACKLISTER,,,Circle
CU-IMP-1854,ONCHAIN_TX,0x2862a802f7e6161318f513bcbfb88967658f4fc1f52b485a3dccf9c58a2f9df8,48067114,2024-07-17 03:29:45.000 UTC,avalanche,0xb97ef9ef8734c71904d8002f8b6bc66dd9c48a6e,unBlacklist(address),,BLACKLISTER,,,Circle
CU-IMP-1855,ONCHAIN_TX,0x87b0e4a4028e29702171d6abb3f093bd3d436ffdea2418c74981aa8d634f28ab,49637264,2024-08-24 02:12:16.000 UTC,avalanche,0xb97ef9ef8734c71904d8002f8b6bc66dd9c48a6e,blacklist(address),,BLACKLISTER,,,Circle
CU-IMP-1856,ONCHAIN_TX,0x0822d8a9ef9e89367d173e9626f699a57cb3cef1550ee72c165e492ec4f7a516,50508650,2024-09-14 04:07:40.000 UTC,avalanche,0xb97ef9ef8734c71904d8002f8b6bc66dd9c48a6e,blacklist(address),,BLACKLISTER,,,Circle
CU-IMP-1857,ONCHAIN_TX,0xa951b975d925879307a67dfcd1e3569048aded1fa189305f77467ac4b414e850,51044556,2024-09-27 02:52:17.000 UTC,avalanche,0xb97ef9ef8734c71904d8002f8b6bc66dd9c48a6e,blacklist(address),,BLACKLISTER,,,Circle
CU-IMP-1858,ONCHAIN_TX,0xc92b848190493f4d2d1f22674bcc1276fa1bd13419f696b91f3890a5588734aa,51044600,2024-09-27 02:53:50.000 UTC,avalanche,0xb97ef9ef8734c71904d8002f8b6bc66dd9c48a6e,blacklist(address),,BLACKLISTER,,,Circle
CU-IMP-1859,ONCHAIN_TX,0x868c5f309a75157eb8acf32d075535b01d5a9211727ee26eeffbaf3b103a697c,53946083,2024-12-05 05:41:10.000 UTC,avalanche,0xb97ef9ef8734c71904d8002f8b6bc66dd9c48a6e,blacklist(address),,BLACKLISTER,,,Circle
CU-IMP-1860,ONCHAIN_TX,0xbd2eca74bcd9c78fe4f6c6120f9087c9751182826f1154300973d54ae16797c5,53946219,2024-12-05 05:45:57.000 UTC,avalanche,0xb97ef9ef8734c71904d8002f8b6bc66dd9c48a6e,blacklist(address),,BLACKLISTER,,,Circle
CU-IMP-1861,ONCHAIN_TX,0x911271f1cce748165ffa936ed0cf8f7cc7b1ed2a73800edc4f676d05195ffcc3,54600306,2024-12-20 03:48:28.000 UTC,avalanche,0xb97ef9ef8734c71904d8002f8b6bc66dd9c48a6e,blacklist(address),,BLACKLISTER,,,Circle
CU-IMP-1862,ONCHAIN_TX,0xe9d26f3a18d6ca65dc0e0a804d157f27c71de8a8728bf7b93a8a0e597b32cb3e,54600324,2024-12-20 03:49:01.000 UTC,avalanche,0xb97ef9ef8734c71904d8002f8b6bc66dd9c48a6e,blacklist(address),,BLACKLISTER,,,Circle
CU-IMP-1863,ONCHAIN_TX,0xc476886c4083e33395f95e02678b27fdde2f015e89e19a120285b255c6d468f4,54600337,2024-12-20 03:49:26.000 UTC,avalanche,0xb97ef9ef8734c71904d8002f8b6bc66dd9c48a6e,blacklist(address),,BLACKLISTER,,,Circle
CU-IMP-1864,ONCHAIN_TX,0xae0b5adc0d83750c77728e952431a043469124b788b24dc45a5e03abca83550f,54600381,2024-12-20 03:50:55.000 UTC,avalanche,0xb97ef9ef8734c71904d8002f8b6bc66dd9c48a6e,blacklist(address),,BLACKLISTER,,,Circle
CU-IMP-1865,ONCHAIN_TX,0x5fed075c62b824b0bb9251b5a7f00e28eac435d507e0e7296883053f5338e3a7,54600393,2024-12-20 03:51:20.000 UTC,avalanche,0xb97ef9ef8734c71904d8002f8b6bc66dd9c48a6e,blacklist(address),,BLACKLISTER,,,Circle
CU-IMP-1866,ONCHAIN_TX,0x11c102904a3ed94c9e4e8fda78fefdbdb808ec921f6d1c8626bb44f0e0e9a0c4,57820083,2025-02-24 22:28:08.000 UTC,avalanche,0xb97ef9ef8734c71904d8002f8b6bc66dd9c48a6e,blacklist(address),,BLACKLISTER,,,Circle
CU-IMP-1867,ONCHAIN_TX,0x077854921f5393ac50507c2539952115dd166f26593ba844f5fde1b198f6c697,57820109,2025-02-24 22:29:08.000 UTC,avalanche,0xb97ef9ef8734c71904d8002f8b6bc66dd9c48a6e,blacklist(address),,BLACKLISTER,,,Circle
CU-IMP-1868,ONCHAIN_TX,0x4e6c0783a6cfd71c156443f845a5e3d9f3008298ad53e17de18a449a5fd0380d,57820125,2025-02-24 22:29:40.000 UTC,avalanche,0xb97ef9ef8734c71904d8002f8b6bc66dd9c48a6e,blacklist(address),,BLACKLISTER,,,Circle
CU-IMP-1869,ONCHAIN_TX,0x137871adc74cc5a0846be33fbe5f1e334997580031de5cda1c50264c1bc468dc,59060324,2025-03-22 00:48:16.000 UTC,avalanche,0xb97ef9ef8734c71904d8002f8b6bc66dd9c48a6e,unBlacklist(address),,BLACKLISTER,,,Circle
CU-IMP-1870,ONCHAIN_TX,0xb47cba49859b94ccf525a6086ff8614603475caa0f20b0770057f2f6f48d4e36,59060326,2025-03-22 00:48:22.000 UTC,avalanche,0xb97ef9ef8734c71904d8002f8b6bc66dd9c48a6e,unBlacklist(address),,BLACKLISTER,,,Circle
CU-IMP-1871,ONCHAIN_TX,0x61b1f1e2d7411c0fb93fb4769df1c7b98b234302f9f8da5ec1eabdc101c71880,59060329,2025-03-22 00:48:25.000 UTC,avalanche,0xb97ef9ef8734c71904d8002f8b6bc66dd9c48a6e,unBlacklist(address),,BLACKLISTER,,,Circle
CU-IMP-1872,ONCHAIN_TX,0x3da62b3f311083b3e3a445646d5cd41a5af94fe59f7a83981377d3791db574c5,59060330,2025-03-22 00:48:28.000 UTC,avalanche,0xb97ef9ef8734c71904d8002f8b6bc66dd9c48a6e,unBlacklist(address),,BLACKLISTER,,,Circle
CU-IMP-1873,ONCHAIN_TX,0x0f229874214235abd1b535d9c8f3b8cef7584cb027a7f46cef0b0ca416d6ce43,59060332,2025-03-22 00:48:31.000 UTC,avalanche,0xb97ef9ef8734c71904d8002f8b6bc66dd9c48a6e,unBlacklist(address),,BLACKLISTER,,,Circle
CU-IMP-1874,ONCHAIN_TX,0x509559723769b600d6a3913760f1ab1b22354730dd7f02cbe3b6a0661abcb88d,59060336,2025-03-22 00:48:38.000 UTC,avalanche,0xb97ef9ef8734c71904d8002f8b6bc66dd9c48a6e,unBlacklist(address),,BLACKLISTER,,,Circle
CU-IMP-1875,ONCHAIN_TX,0x72bcabb4c687f663039497d352a4b6aef1ea3d14ec49c80fbe2503cf3ef06b24,59060341,2025-03-22 00:48:44.000 UTC,avalanche,0xb97ef9ef8734c71904d8002f8b6bc66dd9c48a6e,unBlacklist(address),,BLACKLISTER,,,Circle
CU-IMP-1876,ONCHAIN_TX,0xff79bd9b790896ae87157e0149f43d931c34f54ee491a5bf812ea593f532984f,59060342,2025-03-22 00:48:47.000 UTC,avalanche,0xb97ef9ef8734c71904d8002f8b6bc66dd9c48a6e,unBlacklist(address),,BLACKLISTER,,,Circle
CU-IMP-1877,ONCHAIN_TX,0xa57f119af82926018b296f44f0906be29daa31ac8a54a3afb9d6b8d2113e9759,59060344,2025-03-22 00:48:50.000 UTC,avalanche,0xb97ef9ef8734c71904d8002f8b6bc66dd9c48a6e,unBlacklist(address),,BLACKLISTER,,,Circle
CU-IMP-1878,ONCHAIN_TX,0xfd61bb9d47d85d985c3a22872e2102c2d7c48a61d419d49ab17ca2e6b8cd33e8,59062319,2025-03-22 01:58:19.000 UTC,avalanche,0xb97ef9ef8734c71904d8002f8b6bc66dd9c48a6e,unBlacklist(address),,BLACKLISTER,,,Circle
CU-IMP-1879,ONCHAIN_TX,0xd3b9a43e136b259f8217e617dd1bafd04831bf37ba4a868d4ed6ad37dc9a529f,59062322,2025-03-22 01:58:22.000 UTC,avalanche,0xb97ef9ef8734c71904d8002f8b6bc66dd9c48a6e,unBlacklist(address),,BLACKLISTER,,,Circle
CU-IMP-1880,ONCHAIN_TX,0x7bb6ccd813ec3bc96acf6adef8ae385df82aeeb4df8a40833360ebd049074030,59062323,2025-03-22 01:58:23.000 UTC,avalanche,0xb97ef9ef8734c71904d8002f8b6bc66dd9c48a6e,unBlacklist(address),,BLACKLISTER,,,Circle
CU-IMP-1881,ONCHAIN_TX,0xdfc34fad428ee9e9b710403233c2c732bb5a6b941192966d6a5ec3636b64f100,59062324,2025-03-22 01:58:25.000 UTC,avalanche,0xb97ef9ef8734c71904d8002f8b6bc66dd9c48a6e,unBlacklist(address),,BLACKLISTER,,,Circle
CU-IMP-1882,ONCHAIN_TX,0x1e507577cce5b92107bb21ce8129f1753b3115f9155f3040ac1ccc3161977fce,59062325,2025-03-22 01:58:40.000 UTC,avalanche,0xb97ef9ef8734c71904d8002f8b6bc66dd9c48a6e,unBlacklist(address),,BLACKLISTER,,,Circle
CU-IMP-1883,ONCHAIN_TX,0xc5ed7a8cc0d524a1a4a46844949464241362d080f65241af8129f369d332c012,59062327,2025-03-22 01:58:43.000 UTC,avalanche,0xb97ef9ef8734c71904d8002f8b6bc66dd9c48a6e,unBlacklist(address),,BLACKLISTER,,,Circle
CU-IMP-1884,ONCHAIN_TX,0x6b8252b16d2b6a5a78b1818eadda98db03c74ae69f28b0b4a16c858b637003a4,59062328,2025-03-22 01:58:44.000 UTC,avalanche,0xb97ef9ef8734c71904d8002f8b6bc66dd9c48a6e,unBlacklist(address),,BLACKLISTER,,,Circle
CU-IMP-1885,ONCHAIN_TX,0xddf7444cdd6bb8fc739925e6abcadf246bf2d661ff3aa0fca8f0d86056d308fa,59062329,2025-03-22 01:58:49.000 UTC,avalanche,0xb97ef9ef8734c71904d8002f8b6bc66dd9c48a6e,unBlacklist(address),,BLACKLISTER,,,Circle
CU-IMP-1886,ONCHAIN_TX,0x89284c7bcc243a3185b740ded3206bb63d94b8fc90b3047510bf3a51cc5ed48a,59062331,2025-03-22 01:58:51.000 UTC,avalanche,0xb97ef9ef8734c71904d8002f8b6bc66dd9c48a6e,unBlacklist(address),,BLACKLISTER,,,Circle
CU-IMP-1887,ONCHAIN_TX,0xbb2908d2068f0ec975c1cb837a80bda4b486cfa94f92531b5ad9ab23673e802c,59062333,2025-03-22 01:58:54.000 UTC,avalanche,0xb97ef9ef8734c71904d8002f8b6bc66dd9c48a6e,unBlacklist(address),,BLACKLISTER,,,Circle
CU-IMP-1888,ONCHAIN_TX,0x28485fcc5fe738521611e41566b4aab18878af69fec89d0aaa060f9eb1ff2066,59062334,2025-03-22 01:58:58.000 UTC,avalanche,0xb97ef9ef8734c71904d8002f8b6bc66dd9c48a6e,unBlacklist(address),,BLACKLISTER,,,Circle
CU-IMP-1889,ONCHAIN_TX,0xad7ab8e28db6c37ebe261cb9e2a3c297a3557942ef5fe918e6f296395d6ea236,59062336,2025-03-22 01:59:01.000 UTC,avalanche,0xb97ef9ef8734c71904d8002f8b6bc66dd9c48a6e,unBlacklist(address),,BLACKLISTER,,,Circle
CU-IMP-1890,ONCHAIN_TX,0x78a61532b559e35df4e58f69748beb4264d501ecfc3c4ddfa41ebc5f5c2c0688,59062337,2025-03-22 01:59:04.000 UTC,avalanche,0xb97ef9ef8734c71904d8002f8b6bc66dd9c48a6e,unBlacklist(address),,BLACKLISTER,,,Circle
CU-IMP-1891,ONCHAIN_TX,0x14967d116ccd2d2c06554f41f1d1965b9dcaaefe6dcb5e1dd837acf6f55ee171,59062339,2025-03-22 01:59:08.000 UTC,avalanche,0xb97ef9ef8734c71904d8002f8b6bc66dd9c48a6e,unBlacklist(address),,BLACKLISTER,,,Circle
CU-IMP-1892,ONCHAIN_TX,0x23422e541e28aff7322fa1e977eaa1c03046b2038779b512fa7b3e68f67a51ff,59062341,2025-03-22 01:59:11.000 UTC,avalanche,0xb97ef9ef8734c71904d8002f8b6bc66dd9c48a6e,unBlacklist(address),,BLACKLISTER,,,Circle
CU-IMP-1893,ONCHAIN_TX,0x12891feab3f9671d9198db3a9c10c20a5e4ebb620b3a188afd4e8f68fc7bfb29,59062343,2025-03-22 01:59:14.000 UTC,avalanche,0xb97ef9ef8734c71904d8002f8b6bc66dd9c48a6e,unBlacklist(address),,BLACKLISTER,,,Circle
CU-IMP-1894,ONCHAIN_TX,0x4a355a3fe0423b77259ddc30506ff1c1865b1fa98f061dce8c43112698c9dd15,59062344,2025-03-22 01:59:16.000 UTC,avalanche,0xb97ef9ef8734c71904d8002f8b6bc66dd9c48a6e,unBlacklist(address),,BLACKLISTER,,,Circle
CU-IMP-1895,ONCHAIN_TX,0x95d3218cd85a5c477018d0457ad38d6f15c04a88a163547d7676c586d7a677f4,59062345,2025-03-22 01:59:18.000 UTC,avalanche,0xb97ef9ef8734c71904d8002f8b6bc66dd9c48a6e,unBlacklist(address),,BLACKLISTER,,,Circle
CU-IMP-1896,ONCHAIN_TX,0xf2718c58c9dfe2802a1da6be4fea14681f043ae637859e0537e4bc3a71f735c1,59062348,2025-03-22 01:59:22.000 UTC,avalanche,0xb97ef9ef8734c71904d8002f8b6bc66dd9c48a6e,unBlacklist(address),,BLACKLISTER,,,Circle
CU-IMP-1897,ONCHAIN_TX,0xd723e6e2d3f79fa473dfe5595c65a331ff406e6e3c806327b81b498d017e53fa,59062349,2025-03-22 01:59:24.000 UTC,avalanche,0xb97ef9ef8734c71904d8002f8b6bc66dd9c48a6e,unBlacklist(address),,BLACKLISTER,,,Circle
CU-IMP-1898,ONCHAIN_TX,0x81e5e433e052804959f4a47d0f249ee4651f5f5c5806fba85e2d8dda92a57073,59062350,2025-03-22 01:59:26.000 UTC,avalanche,0xb97ef9ef8734c71904d8002f8b6bc66dd9c48a6e,unBlacklist(address),,BLACKLISTER,,,Circle
CU-IMP-1899,ONCHAIN_TX,0x466ba5816ab81074301dc49d3df1cb9761958cbe566289117b3afb9b5dc9dfcb,59062352,2025-03-22 01:59:29.000 UTC,avalanche,0xb97ef9ef8734c71904d8002f8b6bc66dd9c48a6e,unBlacklist(address),,BLACKLISTER,,,Circle
CU-IMP-1900,ONCHAIN_TX,0x740be228224c856938619de05d84c3b8152b0f983bc0247d1bbeca460e55c977,59062353,2025-03-22 01:59:33.000 UTC,avalanche,0xb97ef9ef8734c71904d8002f8b6bc66dd9c48a6e,unBlacklist(address),,BLACKLISTER,,,Circle
CU-IMP-1901,ONCHAIN_TX,0x7884f8defcff447cdfda1bcd29bb6d12ce64b892cbeb3b7c1eaa2ee1e968e712,59062356,2025-03-22 01:59:38.000 UTC,avalanche,0xb97ef9ef8734c71904d8002f8b6bc66dd9c48a6e,unBlacklist(address),,BLACKLISTER,,,Circle
CU-IMP-1902,ONCHAIN_TX,0xdb221208cb269c7308caf9fe570ad9e91913ffd642c721ddaa2540750efec573,59062358,2025-03-22 01:59:41.000 UTC,avalanche,0xb97ef9ef8734c71904d8002f8b6bc66dd9c48a6e,unBlacklist(address),,BLACKLISTER,,,Circle
CU-IMP-1903,ONCHAIN_TX,0x61caff2022ecd8bb62fb052ae71a750bc6aacaf63ca0198a8ed17b615b763c2c,59062360,2025-03-22 01:59:45.000 UTC,avalanche,0xb97ef9ef8734c71904d8002f8b6bc66dd9c48a6e,unBlacklist(address),,BLACKLISTER,,,Circle
CU-IMP-1904,ONCHAIN_TX,0xce29f41604efcc30d606ff350d43c4ed623b9f7ed3100844d01abf5aff7bc9c6,59062361,2025-03-22 01:59:48.000 UTC,avalanche,0xb97ef9ef8734c71904d8002f8b6bc66dd9c48a6e,unBlacklist(address),,BLACKLISTER,,,Circle
CU-IMP-1905,ONCHAIN_TX,0x76f59c96b2c36d77b8fdcbd2173638b5cf8f942998d90170313302a66680becd,59062362,2025-03-22 01:59:51.000 UTC,avalanche,0xb97ef9ef8734c71904d8002f8b6bc66dd9c48a6e,unBlacklist(address),,BLACKLISTER,,,Circle
CU-IMP-1906,ONCHAIN_TX,0x3c7c2fca93b165859991993823a9bd57084282e110c4831dda8972c53b657a63,59062364,2025-03-22 01:59:54.000 UTC,avalanche,0xb97ef9ef8734c71904d8002f8b6bc66dd9c48a6e,unBlacklist(address),,BLACKLISTER,,,Circle
CU-IMP-1907,ONCHAIN_TX,0xb82972c2822ed9315a43f281b66b0e152fa501e0358235a5701f56c812e99ca1,59062365,2025-03-22 01:59:56.000 UTC,avalanche,0xb97ef9ef8734c71904d8002f8b6bc66dd9c48a6e,unBlacklist(address),,BLACKLISTER,,,Circle
CU-IMP-1908,ONCHAIN_TX,0x18c188a67426194f8ab281fd2d564965ec2ba140e3f58cd3db7f9daf88ce2b0d,59062366,2025-03-22 02:00:01.000 UTC,avalanche,0xb97ef9ef8734c71904d8002f8b6bc66dd9c48a6e,unBlacklist(address),,BLACKLISTER,,,Circle
CU-IMP-1909,ONCHAIN_TX,0x509e0e1abe83db96bc037d2f67f2b7b5b91ac1860c6e1ea509f25674d377de9e,59062367,2025-03-22 02:00:02.000 UTC,avalanche,0xb97ef9ef8734c71904d8002f8b6bc66dd9c48a6e,unBlacklist(address),,BLACKLISTER,,,Circle
CU-IMP-1910,ONCHAIN_TX,0xfd0f50a5fc95c247a32d90ed38bab9e1b67c1ad1c1bef668a6a013a21e7eb141,59062369,2025-03-22 02:00:05.000 UTC,avalanche,0xb97ef9ef8734c71904d8002f8b6bc66dd9c48a6e,unBlacklist(address),,BLACKLISTER,,,Circle
CU-IMP-1911,ONCHAIN_TX,0x323d319a5600c3276e87cde74be0baf2e91e642bce8e0898aa4e9c8df9fb674c,59062371,2025-03-22 02:00:09.000 UTC,avalanche,0xb97ef9ef8734c71904d8002f8b6bc66dd9c48a6e,unBlacklist(address),,BLACKLISTER,,,Circle
CU-IMP-1912,ONCHAIN_TX,0x8a6ba734f78963fc1158ef7f665e0cbc359e6b302c0aca72aaed2f3a1d5e80a4,59062372,2025-03-22 02:00:12.000 UTC,avalanche,0xb97ef9ef8734c71904d8002f8b6bc66dd9c48a6e,unBlacklist(address),,BLACKLISTER,,,Circle
CU-IMP-1913,ONCHAIN_TX,0x3682c103c1cc9c7987bbb6f68ee0fbfcff90d817eea3041a3a68cb49f35b3fda,59062374,2025-03-22 02:00:14.000 UTC,avalanche,0xb97ef9ef8734c71904d8002f8b6bc66dd9c48a6e,unBlacklist(address),,BLACKLISTER,,,Circle
CU-IMP-1914,ONCHAIN_TX,0x4ec26e37ac5e816f470f166f0c3a194b47316dd39749651c4467ac13d1e3f0dd,59062375,2025-03-22 02:00:15.000 UTC,avalanche,0xb97ef9ef8734c71904d8002f8b6bc66dd9c48a6e,unBlacklist(address),,BLACKLISTER,,,Circle
CU-IMP-1915,ONCHAIN_TX,0x740b13150f416df9554b74dca8b13fe82342ca882113cae5036781c16cceef4e,59062376,2025-03-22 02:00:17.000 UTC,avalanche,0xb97ef9ef8734c71904d8002f8b6bc66dd9c48a6e,unBlacklist(address),,BLACKLISTER,,,Circle
CU-IMP-1916,ONCHAIN_TX,0x10d9791fe0174dd6f0a48bd6e940e198d7860e5a173c34bc5ef2c59891023010,59062377,2025-03-22 02:00:19.000 UTC,avalanche,0xb97ef9ef8734c71904d8002f8b6bc66dd9c48a6e,unBlacklist(address),,BLACKLISTER,,,Circle
CU-IMP-1917,ONCHAIN_TX,0x7fd5a7eee195dc97b87810b5d1f63b2a7c719b3daf1b19984fbf3ffa38c79504,59062378,2025-03-22 02:00:21.000 UTC,avalanche,0xb97ef9ef8734c71904d8002f8b6bc66dd9c48a6e,unBlacklist(address),,BLACKLISTER,,,Circle
CU-IMP-1918,ONCHAIN_TX,0xb7f28efdeb06f862a10bc009e8f5eed2ef09ca9e0e17acf8cfe5d4ed6cafcdb6,59062379,2025-03-22 02:00:22.000 UTC,avalanche,0xb97ef9ef8734c71904d8002f8b6bc66dd9c48a6e,unBlacklist(address),,BLACKLISTER,,,Circle
CU-IMP-1919,ONCHAIN_TX,0xdf95e6ce13a721bcbeba440d353ca83bdbf5d5cf8426fecac02a622c8d8ad385,59062381,2025-03-22 02:00:25.000 UTC,avalanche,0xb97ef9ef8734c71904d8002f8b6bc66dd9c48a6e,unBlacklist(address),,BLACKLISTER,,,Circle
CU-IMP-1920,ONCHAIN_TX,0x5a0a8f069ac0b629e579ed6b44f5197adaa37a7a9199993d790d06f984746475,59062382,2025-03-22 02:00:27.000 UTC,avalanche,0xb97ef9ef8734c71904d8002f8b6bc66dd9c48a6e,unBlacklist(address),,BLACKLISTER,,,Circle
CU-IMP-1921,ONCHAIN_TX,0xfd9d3f0848a6384045b9acb301272e1c13239fdb994d40518f34b65a2868b99a,59062383,2025-03-22 02:00:29.000 UTC,avalanche,0xb97ef9ef8734c71904d8002f8b6bc66dd9c48a6e,unBlacklist(address),,BLACKLISTER,,,Circle
CU-IMP-1922,ONCHAIN_TX,0xcbf4d89e5512667a1f80cf22d2d581ec816e86f8c613d57dc6b92210ce1b0487,59062385,2025-03-22 02:00:31.000 UTC,avalanche,0xb97ef9ef8734c71904d8002f8b6bc66dd9c48a6e,unBlacklist(address),,BLACKLISTER,,,Circle
CU-IMP-1923,ONCHAIN_TX,0x07649c982f553e37e9e427004c27bdd904dbfb8c5fe925829983c4a08ed4c6f4,59062386,2025-03-22 02:00:33.000 UTC,avalanche,0xb97ef9ef8734c71904d8002f8b6bc66dd9c48a6e,unBlacklist(address),,BLACKLISTER,,,Circle
CU-IMP-1924,ONCHAIN_TX,0xb0f4bcb2ace38d019d9fe827a8177ef525e8fc30407d8a7552ef2331dfa337ed,59062388,2025-03-22 02:00:37.000 UTC,avalanche,0xb97ef9ef8734c71904d8002f8b6bc66dd9c48a6e,unBlacklist(address),,BLACKLISTER,,,Circle
CU-IMP-1925,ONCHAIN_TX,0x3cbe4191dd26b2c1c04449aac6c7035f714a259c45353c1fdce72c90a4218885,59062389,2025-03-22 02:00:39.000 UTC,avalanche,0xb97ef9ef8734c71904d8002f8b6bc66dd9c48a6e,unBlacklist(address),,BLACKLISTER,,,Circle
CU-IMP-1926,ONCHAIN_TX,0xc5e0159701a55b01a2f87a6f596eeb61ba9f7b26c5ed8b6b6a74ad9ae60a45a2,59062391,2025-03-22 02:00:41.000 UTC,avalanche,0xb97ef9ef8734c71904d8002f8b6bc66dd9c48a6e,unBlacklist(address),,BLACKLISTER,,,Circle
CU-IMP-1927,ONCHAIN_TX,0xce3445b46d6cea7d10f88e21631331efdcf49eed3077c46b868d0d5eaa831756,59062394,2025-03-22 02:00:44.000 UTC,avalanche,0xb97ef9ef8734c71904d8002f8b6bc66dd9c48a6e,unBlacklist(address),,BLACKLISTER,,,Circle
CU-IMP-1928,ONCHAIN_TX,0x31ccad95969b89d606dcd1e3766455920647c9dd90ad3b398135555a3c2b702e,59062397,2025-03-22 02:00:47.000 UTC,avalanche,0xb97ef9ef8734c71904d8002f8b6bc66dd9c48a6e,unBlacklist(address),,BLACKLISTER,,,Circle
CU-IMP-1929,ONCHAIN_TX,0x51c9cc24c04f88aed42d6b396ed9d5b72b616f47eae34366b47f5b0431327d86,59062398,2025-03-22 02:00:50.000 UTC,avalanche,0xb97ef9ef8734c71904d8002f8b6bc66dd9c48a6e,unBlacklist(address),,BLACKLISTER,,,Circle
CU-IMP-1930,ONCHAIN_TX,0x15d6300b7770884e711625d6a6f3ee05794b58263cc791614129d0c95d1604a5,59062400,2025-03-22 02:00:56.000 UTC,avalanche,0xb97ef9ef8734c71904d8002f8b6bc66dd9c48a6e,unBlacklist(address),,BLACKLISTER,,,Circle
CU-IMP-1931,ONCHAIN_TX,0x938386d884362ec8f149e8fbcd4125383d7f90091104ca9f13388f38d297736e,59062405,2025-03-22 02:01:10.000 UTC,avalanche,0xb97ef9ef8734c71904d8002f8b6bc66dd9c48a6e,unBlacklist(address),,BLACKLISTER,,,Circle
CU-IMP-1932,ONCHAIN_TX,0x08511a3e287ec28e86a8a337b088cfe1ea7a3a9bf93c8f20cb421bc5a2880383,59062409,2025-03-22 02:01:14.000 UTC,avalanche,0xb97ef9ef8734c71904d8002f8b6bc66dd9c48a6e,unBlacklist(address),,BLACKLISTER,,,Circle
CU-IMP-1933,ONCHAIN_TX,0x07340556154c73faa0182965ca9a2ea516570c42e0923d391767aeedd45c1b3d,59062413,2025-03-22 02:01:18.000 UTC,avalanche,0xb97ef9ef8734c71904d8002f8b6bc66dd9c48a6e,unBlacklist(address),,BLACKLISTER,,,Circle
CU-IMP-1934,ONCHAIN_TX,0xfec958355d8d3a2af850cde0b3ff354817c8146c959fab039a51e749faba47e1,59062417,2025-03-22 02:01:26.000 UTC,avalanche,0xb97ef9ef8734c71904d8002f8b6bc66dd9c48a6e,unBlacklist(address),,BLACKLISTER,,,Circle
CU-IMP-1935,ONCHAIN_TX,0xa215e284ae77d2b4847bc04dc4c81d9ac1d72cebf14ff013dbdfb2be50788606,59062418,2025-03-22 02:01:31.000 UTC,avalanche,0xb97ef9ef8734c71904d8002f8b6bc66dd9c48a6e,unBlacklist(address),,BLACKLISTER,,,Circle
CU-IMP-1936,ONCHAIN_TX,0x6e95a132489bbba8caf501e95839c57a304dd8e3ec4b6d3d8a1f91aeb6b39041,59062423,2025-03-22 02:01:37.000 UTC,avalanche,0xb97ef9ef8734c71904d8002f8b6bc66dd9c48a6e,unBlacklist(address),,BLACKLISTER,,,Circle
CU-IMP-1937,ONCHAIN_TX,0xe3671450ea4416dcb68d36a8f5dab450493c785ed70f766ebf981fb3b72ea325,59062426,2025-03-22 02:01:41.000 UTC,avalanche,0xb97ef9ef8734c71904d8002f8b6bc66dd9c48a6e,unBlacklist(address),,BLACKLISTER,,,Circle
CU-IMP-1938,ONCHAIN_TX,0x07a6c82649591adc142855efa7fbdcaab7caaf427b759c445932b84204723132,59062430,2025-03-22 02:01:45.000 UTC,avalanche,0xb97ef9ef8734c71904d8002f8b6bc66dd9c48a6e,unBlacklist(address),,BLACKLISTER,,,Circle
CU-IMP-1939,ONCHAIN_TX,0x4a7c669012116e629f270d9ad0bc5a46727e8e2e7116dabe19eea87cdb28427f,59062431,2025-03-22 02:01:48.000 UTC,avalanche,0xb97ef9ef8734c71904d8002f8b6bc66dd9c48a6e,unBlacklist(address),,BLACKLISTER,,,Circle
CU-IMP-1940,ONCHAIN_TX,0x0cfa704c3560c82be84004ffaa45bc0fc8d430a77d7e7f968dd89f061c030625,59062432,2025-03-22 02:01:50.000 UTC,avalanche,0xb97ef9ef8734c71904d8002f8b6bc66dd9c48a6e,unBlacklist(address),,BLACKLISTER,,,Circle
CU-IMP-1941,ONCHAIN_TX,0x4b415c84776d3131a999a7cfb8ffaf40159154fcc20760668b3587aa71d2b97f,59062433,2025-03-22 02:01:52.000 UTC,avalanche,0xb97ef9ef8734c71904d8002f8b6bc66dd9c48a6e,unBlacklist(address),,BLACKLISTER,,,Circle
CU-IMP-1942,ONCHAIN_TX,0xab0d61fed52bd0590c754210c78495674e2259d33784fc68acd35cbc19b3ea7a,59062434,2025-03-22 02:01:57.000 UTC,avalanche,0xb97ef9ef8734c71904d8002f8b6bc66dd9c48a6e,unBlacklist(address),,BLACKLISTER,,,Circle
CU-IMP-1943,ONCHAIN_TX,0x978023617e7ea72ec5f722a37cd51cc38e11d4d59fd8d642efb7e92994ea6ccd,59062435,2025-03-22 02:01:58.000 UTC,avalanche,0xb97ef9ef8734c71904d8002f8b6bc66dd9c48a6e,unBlacklist(address),,BLACKLISTER,,,Circle
CU-IMP-1944,ONCHAIN_TX,0xf66aad608ebc99b1e105aa30bb6cc1c365d66bcf8b8245335885a0e28589b40a,59062436,2025-03-22 02:02:00.000 UTC,avalanche,0xb97ef9ef8734c71904d8002f8b6bc66dd9c48a6e,unBlacklist(address),,BLACKLISTER,,,Circle
CU-IMP-1945,ONCHAIN_TX,0x8a257415e2903455e9ae09da4e1b907c59023fbfd6bce612c854aeec330179af,59062439,2025-03-22 02:02:04.000 UTC,avalanche,0xb97ef9ef8734c71904d8002f8b6bc66dd9c48a6e,unBlacklist(address),,BLACKLISTER,,,Circle
CU-IMP-1946,ONCHAIN_TX,0xdc82cb54a1a67bab23eb521db74ab435dd767361a1ab2da734e3bb7ad096be54,59062441,2025-03-22 02:02:06.000 UTC,avalanche,0xb97ef9ef8734c71904d8002f8b6bc66dd9c48a6e,unBlacklist(address),,BLACKLISTER,,,Circle
CU-IMP-1947,ONCHAIN_TX,0x6ab0cf69b5b8b23acee8a4dd6b8426a616da1f2044edd0e650db59808a706550,59062442,2025-03-22 02:02:09.000 UTC,avalanche,0xb97ef9ef8734c71904d8002f8b6bc66dd9c48a6e,unBlacklist(address),,BLACKLISTER,,,Circle
CU-IMP-1948,ONCHAIN_TX,0x922e0ec77e03ac867cc7fca5653824cc8af5e8d658367c05132190effb9a1d93,59062443,2025-03-22 02:02:11.000 UTC,avalanche,0xb97ef9ef8734c71904d8002f8b6bc66dd9c48a6e,unBlacklist(address),,BLACKLISTER,,,Circle
CU-IMP-1949,ONCHAIN_TX,0x9f7c8bbe412aa286ce2d9cfe422e78c8c9c78832c420b5be0665c0f54fb41353,59062445,2025-03-22 02:02:17.000 UTC,avalanche,0xb97ef9ef8734c71904d8002f8b6bc66dd9c48a6e,unBlacklist(address),,BLACKLISTER,,,Circle
CU-IMP-1950,ONCHAIN_TX,0xb10da8afde3d54387de82c027ac02cb14b4415f57488d1df295cca9a8f6b7b14,59062447,2025-03-22 02:02:23.000 UTC,avalanche,0xb97ef9ef8734c71904d8002f8b6bc66dd9c48a6e,unBlacklist(address),,BLACKLISTER,,,Circle
CU-IMP-1951,ONCHAIN_TX,0xadc18fb04af59aaa1f27580fd5cc33eff572e5eacdf2cc189d444ee49fa20938,59062449,2025-03-22 02:02:25.000 UTC,avalanche,0xb97ef9ef8734c71904d8002f8b6bc66dd9c48a6e,unBlacklist(address),,BLACKLISTER,,,Circle
CU-IMP-1952,ONCHAIN_TX,0xed3dfb356b233cfa094e1dab264a254d6140d9fb3096ac8320d536ece3b5f5aa,59062451,2025-03-22 02:02:27.000 UTC,avalanche,0xb97ef9ef8734c71904d8002f8b6bc66dd9c48a6e,unBlacklist(address),,BLACKLISTER,,,Circle
CU-IMP-1953,ONCHAIN_TX,0x41753a6b0c6c618bec2532b72adde53e6f2e2c4d9fc991a32d423d108b120fbf,59062454,2025-03-22 02:02:30.000 UTC,avalanche,0xb97ef9ef8734c71904d8002f8b6bc66dd9c48a6e,unBlacklist(address),,BLACKLISTER,,,Circle
CU-IMP-1954,ONCHAIN_TX,0x05b5ba8fe83aefc41b993898f4b8d3018ae60cddf27a65897feaafc0b7aa34ea,59062457,2025-03-22 02:02:33.000 UTC,avalanche,0xb97ef9ef8734c71904d8002f8b6bc66dd9c48a6e,unBlacklist(address),,BLACKLISTER,,,Circle
CU-IMP-1955,ONCHAIN_TX,0x14b5ec6306e01f20378d6d8127cbccf33393eb7eb9c63c73ef32ca424fca0d53,59062461,2025-03-22 02:02:38.000 UTC,avalanche,0xb97ef9ef8734c71904d8002f8b6bc66dd9c48a6e,unBlacklist(address),,BLACKLISTER,,,Circle
CU-IMP-1956,ONCHAIN_TX,0x21ddc8f02b88c8246b5a1a110be994e909ec3276ffcb817cdbef8ba7ad5d792c,59062462,2025-03-22 02:02:39.000 UTC,avalanche,0xb97ef9ef8734c71904d8002f8b6bc66dd9c48a6e,unBlacklist(address),,BLACKLISTER,,,Circle
CU-IMP-1957,ONCHAIN_TX,0x42867b3e123a431a932320061ae540617b15ce5530381295f6b7b1deb5c40609,59062463,2025-03-22 02:02:42.000 UTC,avalanche,0xb97ef9ef8734c71904d8002f8b6bc66dd9c48a6e,unBlacklist(address),,BLACKLISTER,,,Circle
CU-IMP-1958,ONCHAIN_TX,0x4fa8b0c1a26eb93f30dfc8c90dad7de93aa4da13dec330fd6756613ec48db948,59062464,2025-03-22 02:02:44.000 UTC,avalanche,0xb97ef9ef8734c71904d8002f8b6bc66dd9c48a6e,unBlacklist(address),,BLACKLISTER,,,Circle
CU-IMP-1959,ONCHAIN_TX,0x90890e54188a55e74013ccda8454e9c77b1616b2b92839d0492c2407a73aefe2,59620375,2025-04-02 19:26:52.000 UTC,avalanche,0xb97ef9ef8734c71904d8002f8b6bc66dd9c48a6e,blacklist(address),,BLACKLISTER,,,Circle
CU-IMP-1960,ONCHAIN_TX,0xaa23d5879a5d44e0e34bf925d686fad0fb4994316f1e868923b587816e375a6a,59620378,2025-04-02 19:26:55.000 UTC,avalanche,0xb97ef9ef8734c71904d8002f8b6bc66dd9c48a6e,blacklist(address),,BLACKLISTER,,,Circle
CU-IMP-1961,ONCHAIN_TX,0x23f508d8793a8df31b908aa67b6c6ed90c7b1764312a1d6be857c08f22f4e91d,59620379,2025-04-02 19:26:56.000 UTC,avalanche,0xb97ef9ef8734c71904d8002f8b6bc66dd9c48a6e,blacklist(address),,BLACKLISTER,,,Circle
CU-IMP-1962,ONCHAIN_TX,0xee68fb824095b0385bb47fd237285088b83454036363258fb24e6241397c6193,59620380,2025-04-02 19:26:58.000 UTC,avalanche,0xb97ef9ef8734c71904d8002f8b6bc66dd9c48a6e,blacklist(address),,BLACKLISTER,,,Circle
CU-IMP-1963,ONCHAIN_TX,0x36de4c009d1d0a271958f3808f4cfcec6ab08104467bf6b098eec4fe3ab4376a,59620382,2025-04-02 19:27:04.000 UTC,avalanche,0xb97ef9ef8734c71904d8002f8b6bc66dd9c48a6e,blacklist(address),,BLACKLISTER,,,Circle
CU-IMP-1964,ONCHAIN_TX,0xe076d8cc9495de9e42dd8732a60ee1999e748e29e188dcb5e4dd4e250c3bef98,59620383,2025-04-02 19:27:06.000 UTC,avalanche,0xb97ef9ef8734c71904d8002f8b6bc66dd9c48a6e,blacklist(address),,BLACKLISTER,,,Circle
CU-IMP-1965,ONCHAIN_TX,0x74876d55c7c6ce309f1a05f646a3c2ee0398ef06960a765dc6d02b9e7782fe00,59620384,2025-04-02 19:27:08.000 UTC,avalanche,0xb97ef9ef8734c71904d8002f8b6bc66dd9c48a6e,blacklist(address),,BLACKLISTER,,,Circle
CU-IMP-1966,ONCHAIN_TX,0x0e71fc60b7e0e1d4fc05540fdbbdf079cef949f95bfd10b04c491caa9adeb092,59620386,2025-04-02 19:27:12.000 UTC,avalanche,0xb97ef9ef8734c71904d8002f8b6bc66dd9c48a6e,blacklist(address),,BLACKLISTER,,,Circle
CU-IMP-1967,ONCHAIN_TX,0x97bab098496361ff269506317951d5b5c471865d0422b4010e82a5acba4dc87a,62958148,2025-05-29 19:57:36.000 UTC,avalanche,0xb97ef9ef8734c71904d8002f8b6bc66dd9c48a6e,blacklist(address),,BLACKLISTER,,,Circle
CU-IMP-1968,ONCHAIN_TX,0x7b321bd95666fe5ef16bd65c75af02186bcbdbfe5f924721fe4fbb840ff131ac,62958181,2025-05-29 19:58:22.000 UTC,avalanche,0xb97ef9ef8734c71904d8002f8b6bc66dd9c48a6e,blacklist(address),,BLACKLISTER,,,Circle
CU-IMP-1969,ONCHAIN_TX,0x0f1b218401478b3464c8a00a8ff0b3a71ff98262ca14f468d312775f7084a4e3,64786024,2025-07-01 18:10:37.000 UTC,avalanche,0xb97ef9ef8734c71904d8002f8b6bc66dd9c48a6e,blacklist(address),,BLACKLISTER,,,Circle
CU-IMP-1970,ONCHAIN_TX,0x243d7c6aef0dbac3559db74cb623089793074ca770488b50b4585562a91be013,67077763,2025-08-14 21:46:03.000 UTC,avalanche,0xb97ef9ef8734c71904d8002f8b6bc66dd9c48a6e,blacklist(address),,BLACKLISTER,,,Circle
CU-IMP-1971,ONCHAIN_TX,0x5b466f9432763fd6db3621d97a7ff9c2aac960b96d19db8c3695fbd70b7b3292,67077765,2025-08-14 21:46:05.000 UTC,avalanche,0xb97ef9ef8734c71904d8002f8b6bc66dd9c48a6e,blacklist(address),,BLACKLISTER,,,Circle
CU-IMP-1972,ONCHAIN_TX,0x0a846b172883b9d361999dbb5e74fb12ab328eae33ec93d8bb01276c1a9ba92e,67077767,2025-08-14 21:46:07.000 UTC,avalanche,0xb97ef9ef8734c71904d8002f8b6bc66dd9c48a6e,blacklist(address),,BLACKLISTER,,,Circle
CU-IMP-1973,ONCHAIN_TX,0x5d535798c014c0f9bf7120c0244e8a9490fd7ab4aa870996837e8506af08a230,67077769,2025-08-14 21:46:09.000 UTC,avalanche,0xb97ef9ef8734c71904d8002f8b6bc66dd9c48a6e,blacklist(address),,BLACKLISTER,,,Circle
CU-IMP-1974,ONCHAIN_TX,0xe2fb5795c5f2ea4aae86b51e5de474afa3dec71d300823a83b7ab306c9a67fcf,67077771,2025-08-14 21:46:11.000 UTC,avalanche,0xb97ef9ef8734c71904d8002f8b6bc66dd9c48a6e,blacklist(address),,BLACKLISTER,,,Circle
CU-IMP-1975,ONCHAIN_TX,0x217799e23d77c100f685c48831138d7b9c4f3edf77af995402ca0e44c1c148d7,67077772,2025-08-14 21:46:12.000 UTC,avalanche,0xb97ef9ef8734c71904d8002f8b6bc66dd9c48a6e,blacklist(address),,BLACKLISTER,,,Circle
CU-IMP-1976,ONCHAIN_TX,0x44f2d23c9fe1101ad95d8ad3e6a674f9ead89c1a8b1fd72829232f144838d0cb,67077775,2025-08-14 21:46:15.000 UTC,avalanche,0xb97ef9ef8734c71904d8002f8b6bc66dd9c48a6e,blacklist(address),,BLACKLISTER,,,Circle
CU-IMP-1977,ONCHAIN_TX,0x5b67cc1b203cba2775e335093e0695cba9c32cd1217b290627e672b7a116afc3,67077777,2025-08-14 21:46:17.000 UTC,avalanche,0xb97ef9ef8734c71904d8002f8b6bc66dd9c48a6e,blacklist(address),,BLACKLISTER,,,Circle
CU-IMP-1978,ONCHAIN_TX,0xc86e29a09e33248a22c3fc196ec756b9b81dc395e36b51b5bd16fde0aa5498d7,67077779,2025-08-14 21:46:19.000 UTC,avalanche,0xb97ef9ef8734c71904d8002f8b6bc66dd9c48a6e,blacklist(address),,BLACKLISTER,,,Circle
CU-IMP-1979,ONCHAIN_TX,0x7abd633e9b1f3ee0f6e8f1143359f2c77d1dbd0a82568b742fbc35cde1135fa6,67077782,2025-08-14 21:46:22.000 UTC,avalanche,0xb97ef9ef8734c71904d8002f8b6bc66dd9c48a6e,blacklist(address),,BLACKLISTER,,,Circle
CU-IMP-1980,ONCHAIN_TX,0x49cd6d40c2c8960ae1879d92a6c762f19a3a746c819596775e58bda238b21bd2,67077783,2025-08-14 21:46:24.000 UTC,avalanche,0xb97ef9ef8734c71904d8002f8b6bc66dd9c48a6e,blacklist(address),,BLACKLISTER,,,Circle
CU-IMP-1981,ONCHAIN_TX,0x8f009194438d29ab185eb9bb67f18b58cc18d820870633e90c6978164a73cd81,67077784,2025-08-14 21:46:26.000 UTC,avalanche,0xb97ef9ef8734c71904d8002f8b6bc66dd9c48a6e,blacklist(address),,BLACKLISTER,,,Circle
CU-IMP-1982,ONCHAIN_TX,0xf9be34769ae63bfd0fd3a0094142114b567a4847ce284b8c5064923fd2fa5884,67077785,2025-08-14 21:46:28.000 UTC,avalanche,0xb97ef9ef8734c71904d8002f8b6bc66dd9c48a6e,blacklist(address),,BLACKLISTER,,,Circle
CU-IMP-1983,ONCHAIN_TX,0xdf50ab8c24ecbaafd5fe164f9da251abd9c8e7b7b837fd489406c59c108b329e,67077787,2025-08-14 21:46:30.000 UTC,avalanche,0xb97ef9ef8734c71904d8002f8b6bc66dd9c48a6e,blacklist(address),,BLACKLISTER,,,Circle
CU-IMP-1984,ONCHAIN_TX,0x8c89d5daaf623ba2e7ec64601189fa83497166bf6b5763580f81f006dd5f436e,67077789,2025-08-14 21:46:32.000 UTC,avalanche,0xb97ef9ef8734c71904d8002f8b6bc66dd9c48a6e,blacklist(address),,BLACKLISTER,,,Circle
CU-IMP-1985,ONCHAIN_TX,0x96f91c34ff4ab2e3515d24e61d678e1e2a909a9e354db554ff333bb68a3916ef,67077790,2025-08-14 21:46:34.000 UTC,avalanche,0xb97ef9ef8734c71904d8002f8b6bc66dd9c48a6e,blacklist(address),,BLACKLISTER,,,Circle
CU-IMP-1986,ONCHAIN_TX,0x852c3039bc6b9a0c6eb312a44a821fa0d226d48e72db56fafcfc9ac5e1c142bc,67077792,2025-08-14 21:46:37.000 UTC,avalanche,0xb97ef9ef8734c71904d8002f8b6bc66dd9c48a6e,blacklist(address),,BLACKLISTER,,,Circle
CU-IMP-1987,ONCHAIN_TX,0x6a02c2ce785fc7f4e0c7ba1ead2a8df508410fa576157b25a83603acf2af3ff8,67077794,2025-08-14 21:46:39.000 UTC,avalanche,0xb97ef9ef8734c71904d8002f8b6bc66dd9c48a6e,blacklist(address),,BLACKLISTER,,,Circle
CU-IMP-1988,ONCHAIN_TX,0x676c89d540d5cb27b2e49339d02160318b503fff66fddd52da4f2f5e9d9a2c7f,68630991,2025-09-12 14:32:40.000 UTC,avalanche,0xb97ef9ef8734c71904d8002f8b6bc66dd9c48a6e,blacklist(address),,BLACKLISTER,,,Circle
CU-IMP-1989,ONCHAIN_TX,0x2474513b68cf542a0ddac75d0c55e948d2dc373aeaef5cd81ef2a5904cf1797a,68631049,2025-09-12 14:34:29.000 UTC,avalanche,0xb97ef9ef8734c71904d8002f8b6bc66dd9c48a6e,unBlacklist(address),,BLACKLISTER,,,Circle
CU-IMP-1990,ONCHAIN_TX,0xcc1b3f2e57d57ef2dd311e91b5cc53672bee330e18e3e1f6dfe3d7a18e9f4fe7,68836288,2025-09-16 15:59:20.000 UTC,avalanche,0xb97ef9ef8734c71904d8002f8b6bc66dd9c48a6e,blacklist(address),,BLACKLISTER,,,Circle
CU-IMP-1991,ONCHAIN_TX,0x3fc7f318c5e0a35e43a7ab00109313f710dc478900154892d05f915d0ee2f80e,68836302,2025-09-16 15:59:44.000 UTC,avalanche,0xb97ef9ef8734c71904d8002f8b6bc66dd9c48a6e,blacklist(address),,BLACKLISTER,,,Circle
CU-IMP-1992,ONCHAIN_TX,0x1d678f938abcf95ca62399d4b9ec65d4bb74234e8bd728459c1cd312c30781fc,68836345,2025-09-16 16:00:47.000 UTC,avalanche,0xb97ef9ef8734c71904d8002f8b6bc66dd9c48a6e,blacklist(address),,BLACKLISTER,,,Circle
CU-IMP-1993,ONCHAIN_TX,0xa39064c1aa42303879e8095f82013b3a7ee2b86cb3e0277f60ac5bef41ceb286,68836353,2025-09-16 16:00:59.000 UTC,avalanche,0xb97ef9ef8734c71904d8002f8b6bc66dd9c48a6e,blacklist(address),,BLACKLISTER,,,Circle
CU-IMP-1994,ONCHAIN_TX,0x564e66ae49481e958242fcf7d8576b2c027b02e327fa7c68b958af836f114482,68836450,2025-09-16 16:03:46.000 UTC,avalanche,0xb97ef9ef8734c71904d8002f8b6bc66dd9c48a6e,blacklist(address),,BLACKLISTER,,,Circle
CU-IMP-1995,ONCHAIN_TX,0x1953c3e5eaa3305bf0d3d4dc66dadcfdc31e5f7aa5393b4a4bd1c01e984ab86d,68836487,2025-09-16 16:04:43.000 UTC,avalanche,0xb97ef9ef8734c71904d8002f8b6bc66dd9c48a6e,blacklist(address),,BLACKLISTER,,,Circle
CU-IMP-1996,ONCHAIN_TX,0x9871524eb602172152039a544341645303bee6aaa89cc28cc54edc5dffd9bd8a,68836522,2025-09-16 16:05:28.000 UTC,avalanche,0xb97ef9ef8734c71904d8002f8b6bc66dd9c48a6e,blacklist(address),,BLACKLISTER,,,Circle
CU-IMP-1997,ONCHAIN_TX,0x457179c2d426b8d624c37b4d2f868db3e4a8daff9387828376b9aa31109a6999,69227914,2025-09-24 16:32:44.000 UTC,avalanche,0xb97ef9ef8734c71904d8002f8b6bc66dd9c48a6e,blacklist(address),,BLACKLISTER,,,Circle
CU-IMP-1998,ONCHAIN_TX,0xe8825d3fb683a56958e65953ab8fc0c393659b8d453e76e85d643e0a820cdd99,70317371,2025-10-14 19:28:36.000 UTC,avalanche,0xb97ef9ef8734c71904d8002f8b6bc66dd9c48a6e,blacklist(address),,BLACKLISTER,,,Circle
CU-IMP-1999,ONCHAIN_TX,0x82370f704f0bc0da497dfe35f440b64870633ec94cf8373ca852d97cf5df9d00,70317448,2025-10-14 19:30:43.000 UTC,avalanche,0xb97ef9ef8734c71904d8002f8b6bc66dd9c48a6e,blacklist(address),,BLACKLISTER,,,Circle
CU-IMP-2000,ONCHAIN_TX,0x959c423ab403a79ed537c39120b38c59517fff883107b1e190fb0b42f3114d2b,70317477,2025-10-14 19:31:27.000 UTC,avalanche,0xb97ef9ef8734c71904d8002f8b6bc66dd9c48a6e,blacklist(address),,BLACKLISTER,,,Circle
CU-IMP-2001,ONCHAIN_TX,0x820d31d1e97e7648ed5b0a9603c5a6064de3365060f838cdc39e3eaf9b2fb902,70317528,2025-10-14 19:32:59.000 UTC,avalanche,0xb97ef9ef8734c71904d8002f8b6bc66dd9c48a6e,blacklist(address),,BLACKLISTER,,,Circle
CU-IMP-2002,ONCHAIN_TX,0x820ed3a2931c9effef2ab644402abca988c9fdf9c8f7148882e4be6c2a2c71ea,71414743,2025-11-04 17:21:38.000 UTC,avalanche,0xb97ef9ef8734c71904d8002f8b6bc66dd9c48a6e,blacklist(address),,BLACKLISTER,,,Circle
CU-IMP-2003,ONCHAIN_TX,0x4d6233dfde3531383b603115a3d3f869c260a362eeb202f9168f88920103a541,71414839,2025-11-04 17:24:23.000 UTC,avalanche,0xb97ef9ef8734c71904d8002f8b6bc66dd9c48a6e,blacklist(address),,BLACKLISTER,,,Circle
CU-IMP-2004,ONCHAIN_TX,0x1511fe63437730c155e5655b8eda1152995411b6dde1f059acfc19529623709a,71414919,2025-11-04 17:26:38.000 UTC,avalanche,0xb97ef9ef8734c71904d8002f8b6bc66dd9c48a6e,blacklist(address),,BLACKLISTER,,,Circle
CU-IMP-2005,ONCHAIN_TX,0x0f85226da792c95ac1faa692c3ec70a902c90cdd0abafb874eb485378a77c383,71414934,2025-11-04 17:27:03.000 UTC,avalanche,0xb97ef9ef8734c71904d8002f8b6bc66dd9c48a6e,blacklist(address),,BLACKLISTER,,,Circle
CU-IMP-2006,ONCHAIN_TX,0x91c1c8aed4158f8d2f345e57fa14546726b8961bca43e6bcd45252eb30256e9c,71415024,2025-11-04 17:29:21.000 UTC,avalanche,0xb97ef9ef8734c71904d8002f8b6bc66dd9c48a6e,blacklist(address),,BLACKLISTER,,,Circle
CU-IMP-2007,ONCHAIN_TX,0x58704df713fe5d878dc48ab79115537c09c1ea78df24eb6415998fd9aab6abf8,71415030,2025-11-04 17:29:34.000 UTC,avalanche,0xb97ef9ef8734c71904d8002f8b6bc66dd9c48a6e,blacklist(address),,BLACKLISTER,,,Circle
CU-IMP-2008,ONCHAIN_TX,0x656ec253a366dd132fe1a1c0caeca6df85175d4cf5972bfe68b4fd1833d8d1f8,71415059,2025-11-04 17:30:26.000 UTC,avalanche,0xb97ef9ef8734c71904d8002f8b6bc66dd9c48a6e,blacklist(address),,BLACKLISTER,,,Circle
CU-IMP-2009,ONCHAIN_TX,0x2148f40c1ff996ac18d08e4e47838f4481c8484a9baa3d3fa5f49d9182304409,71415078,2025-11-04 17:30:56.000 UTC,avalanche,0xb97ef9ef8734c71904d8002f8b6bc66dd9c48a6e,blacklist(address),,BLACKLISTER,,,Circle
CU-IMP-2010,ONCHAIN_TX,0xead86c3e291e7e3089599a88956f67ca80367464e129a847aef707c57ce82f21,71415092,2025-11-04 17:31:19.000 UTC,avalanche,0xb97ef9ef8734c71904d8002f8b6bc66dd9c48a6e,blacklist(address),,BLACKLISTER,,,Circle
CU-IMP-2011,ONCHAIN_TX,0xf8109abe8dc8758b9d002a13396898275ff90d48a75614a98a53b0383cea1732,71415145,2025-11-04 17:32:51.000 UTC,avalanche,0xb97ef9ef8734c71904d8002f8b6bc66dd9c48a6e,blacklist(address),,BLACKLISTER,,,Circle
CU-IMP-2012,ONCHAIN_TX,0xc230cf155c5c01bc6b62a04449c3051577cdcc199936574319f61df32ead7ea1,71415227,2025-11-04 17:35:06.000 UTC,avalanche,0xb97ef9ef8734c71904d8002f8b6bc66dd9c48a6e,blacklist(address),,BLACKLISTER,,,Circle
CU-IMP-2013,ONCHAIN_TX,0x37bd640403202e1af97ac1ca3d9b442f423f8f230c61bd169dfd527ab1de4e04,71415251,2025-11-04 17:35:46.000 UTC,avalanche,0xb97ef9ef8734c71904d8002f8b6bc66dd9c48a6e,blacklist(address),,BLACKLISTER,,,Circle
CU-IMP-2014,ONCHAIN_TX,0xc3bdd5193b44eef302ad9f936dca05101578085cf86b2fcdf3040640d28b12cf,71415277,2025-11-04 17:36:22.000 UTC,avalanche,0xb97ef9ef8734c71904d8002f8b6bc66dd9c48a6e,blacklist(address),,BLACKLISTER,,,Circle
CU-IMP-2015,ONCHAIN_TX,0xe0a055db03a9bf641c6863d1d36239adee509e6dfc2a162fec908cb1a5242b5a,71415323,2025-11-04 17:37:37.000 UTC,avalanche,0xb97ef9ef8734c71904d8002f8b6bc66dd9c48a6e,blacklist(address),,BLACKLISTER,,,Circle
CU-IMP-2016,ONCHAIN_TX,0x14595da1e44529c3a98c7d1da3c87f87d91bb1fc4cd9a0fe9a05f1393932c244,71415341,2025-11-04 17:38:08.000 UTC,avalanche,0xb97ef9ef8734c71904d8002f8b6bc66dd9c48a6e,blacklist(address),,BLACKLISTER,,,Circle
CU-IMP-2017,ONCHAIN_TX,0xbe7eb242e2a8d54ce62a5b546ec4920d980b95229afe5116ccdadb1e027f1c79,71415411,2025-11-04 17:40:16.000 UTC,avalanche,0xb97ef9ef8734c71904d8002f8b6bc66dd9c48a6e,blacklist(address),,BLACKLISTER,,,Circle
CU-IMP-2018,ONCHAIN_TX,0xdc015d2075761f5f1c8fe97b90a53dffddbf806ce7145cace61ceee1355060f8,71415448,2025-11-04 17:41:27.000 UTC,avalanche,0xb97ef9ef8734c71904d8002f8b6bc66dd9c48a6e,blacklist(address),,BLACKLISTER,,,Circle
CU-IMP-2019,ONCHAIN_TX,0x17dd779459bd805834e9d0a2a926015b6ece1f7a44329b685c071d2c697a05f5,71415589,2025-11-04 17:45:25.000 UTC,avalanche,0xb97ef9ef8734c71904d8002f8b6bc66dd9c48a6e,blacklist(address),,BLACKLISTER,,,Circle
CU-IMP-2020,ONCHAIN_TX,0x65b2ba8b11ab072ee58ddd7440887a16f5bc4cf1a3f6c63d559f0a87b8fdfa68,71415611,2025-11-04 17:46:09.000 UTC,avalanche,0xb97ef9ef8734c71904d8002f8b6bc66dd9c48a6e,blacklist(address),,BLACKLISTER,,,Circle
CU-IMP-2021,ONCHAIN_TX,0xbed399e8604a55720c075d90a58cd68ec7783cf8c10f1b810db33cadc82749c5,71415617,2025-11-04 17:46:18.000 UTC,avalanche,0xb97ef9ef8734c71904d8002f8b6bc66dd9c48a6e,blacklist(address),,BLACKLISTER,,,Circle
CU-IMP-2022,ONCHAIN_TX,0x89744b676e8b7e38b510304264ae615109a4e8b4e9f78a83bb626fe4c6003cb7,71415628,2025-11-04 17:46:40.000 UTC,avalanche,0xb97ef9ef8734c71904d8002f8b6bc66dd9c48a6e,blacklist(address),,BLACKLISTER,,,Circle
CU-IMP-2023,ONCHAIN_TX,0x0452877d6645022b5cd8b81753cb8b151f5a1e64429514ac533aba72d87ab3b0,71415649,2025-11-04 17:47:18.000 UTC,avalanche,0xb97ef9ef8734c71904d8002f8b6bc66dd9c48a6e,blacklist(address),,BLACKLISTER,,,Circle
CU-IMP-2024,ONCHAIN_TX,0x4621c696fba0bb7b08754a42a30a1b86cfd0d6ba86d2e721231defd8d7166629,71415698,2025-11-04 17:48:31.000 UTC,avalanche,0xb97ef9ef8734c71904d8002f8b6bc66dd9c48a6e,blacklist(address),,BLACKLISTER,,,Circle
CU-IMP-2025,ONCHAIN_TX,0x15cc790d446a691322cdc61cf8157854defd7ca7fe320cd10208e5f5165c8c32,71415756,2025-11-04 17:49:58.000 UTC,avalanche,0xb97ef9ef8734c71904d8002f8b6bc66dd9c48a6e,blacklist(address),,BLACKLISTER,,,Circle
CU-IMP-2026,ONCHAIN_TX,0x3518d069e18a1985a5c4fdca2445d5d78e32d4918136a17663474911564912eb,71415815,2025-11-04 17:51:22.000 UTC,avalanche,0xb97ef9ef8734c71904d8002f8b6bc66dd9c48a6e,blacklist(address),,BLACKLISTER,,,Circle
CU-IMP-2027,ONCHAIN_TX,0x63a6fb7917a8e7c6818f92673230aa174253e4360067e3c3534cece8ded5d015,71415834,2025-11-04 17:51:53.000 UTC,avalanche,0xb97ef9ef8734c71904d8002f8b6bc66dd9c48a6e,blacklist(address),,BLACKLISTER,,,Circle
CU-IMP-2028,ONCHAIN_TX,0xd648157738276a986824c06ede546edd7cc6d8dcd6140364453a7d21a8f03402,71416046,2025-11-04 17:56:52.000 UTC,avalanche,0xb97ef9ef8734c71904d8002f8b6bc66dd9c48a6e,blacklist(address),,BLACKLISTER,,,Circle
CU-IMP-2029,ONCHAIN_TX,0x4b6d074f3032ef9f6c421458e696e7dad34586978ae798b170bfcfe6a800d422,71416067,2025-11-04 17:57:21.000 UTC,avalanche,0xb97ef9ef8734c71904d8002f8b6bc66dd9c48a6e,blacklist(address),,BLACKLISTER,,,Circle
CU-IMP-2030,ONCHAIN_TX,0x4bd5f1dcbd2bf4e9d4e200b341c01f6a28fe9df2d8a989d3c25b2ea1d7f11f71,71416324,2025-11-04 18:03:13.000 UTC,avalanche,0xb97ef9ef8734c71904d8002f8b6bc66dd9c48a6e,blacklist(address),,BLACKLISTER,,,Circle
CU-IMP-2031,ONCHAIN_TX,0x4d682a07ec267850d37b5c4574a689be9cb1861e685da9a183c4623307a95055,71416467,2025-11-04 18:07:13.000 UTC,avalanche,0xb97ef9ef8734c71904d8002f8b6bc66dd9c48a6e,blacklist(address),,BLACKLISTER,,,Circle
CU-IMP-2032,ONCHAIN_TX,0x2b0803d592c7c07d43ba07a8048793ea0710dbcc74602594eca042950ba3e323,71416614,2025-11-04 18:10:39.000 UTC,avalanche,0xb97ef9ef8734c71904d8002f8b6bc66dd9c48a6e,blacklist(address),,BLACKLISTER,,,Circle
CU-IMP-2033,ONCHAIN_TX,0x2aba73c957a09fd81335e403aaa56de7477af8c526f3469da8605a8111e27592,71416707,2025-11-04 18:12:47.000 UTC,avalanche,0xb97ef9ef8734c71904d8002f8b6bc66dd9c48a6e,blacklist(address),,BLACKLISTER,,,Circle
CU-IMP-2034,ONCHAIN_TX,0x60426b3536c6b62462eadc5e44e5067dd80181c15594a69f77e4a190807db7fa,71416787,2025-11-04 18:15:25.000 UTC,avalanche,0xb97ef9ef8734c71904d8002f8b6bc66dd9c48a6e,blacklist(address),,BLACKLISTER,,,Circle
CU-IMP-2035,ONCHAIN_TX,0xf362bcdfeb508586afff9822b1acc0c17e5b27ef5a0e30e65b8c89d597884df5,71416888,2025-11-04 18:18:09.000 UTC,avalanche,0xb97ef9ef8734c71904d8002f8b6bc66dd9c48a6e,blacklist(address),,BLACKLISTER,,,Circle
CU-IMP-2036,ONCHAIN_TX,0xfa49bb721062f9a944073d7418652a6a54aa9401a5efd9ea700c05291e572bf3,71416955,2025-11-04 18:20:18.000 UTC,avalanche,0xb97ef9ef8734c71904d8002f8b6bc66dd9c48a6e,blacklist(address),,BLACKLISTER,,,Circle
CU-IMP-2037,ONCHAIN_TX,0xe4de4f85d66352278e41a27468ce8370bd06caa6fd4f6e684c33b6d2fef3ccbe,71417025,2025-11-04 18:22:24.000 UTC,avalanche,0xb97ef9ef8734c71904d8002f8b6bc66dd9c48a6e,blacklist(address),,BLACKLISTER,,,Circle
CU-IMP-2038,ONCHAIN_TX,0xbdbe3e9b227a487999b173f9f28e6dd372742d62a00509b86721af7688d8d9a2,71417040,2025-11-04 18:22:57.000 UTC,avalanche,0xb97ef9ef8734c71904d8002f8b6bc66dd9c48a6e,blacklist(address),,BLACKLISTER,,,Circle
CU-IMP-2039,ONCHAIN_TX,0x76f8dec19e276a9a224504b9afd4619fad0924967681b07a8e31cef7dbc52f90,71417080,2025-11-04 18:24:00.000 UTC,avalanche,0xb97ef9ef8734c71904d8002f8b6bc66dd9c48a6e,blacklist(address),,BLACKLISTER,,,Circle
CU-IMP-2040,ONCHAIN_TX,0xc6bad5fc04bc0c7616a855aabe3ed37d20ac6813b865b0f097402eed70b039be,71417146,2025-11-04 18:25:45.000 UTC,avalanche,0xb97ef9ef8734c71904d8002f8b6bc66dd9c48a6e,blacklist(address),,BLACKLISTER,,,Circle
CU-IMP-2041,ONCHAIN_TX,0x2041673c352a32b67a4beede529f8256db15d9c9ae0d021d42ca76550a46ef87,71417173,2025-11-04 18:26:41.000 UTC,avalanche,0xb97ef9ef8734c71904d8002f8b6bc66dd9c48a6e,blacklist(address),,BLACKLISTER,,,Circle
CU-IMP-2042,ONCHAIN_TX,0x9714cc7d1018ea981443eceed5409dfecb50daa32674d5672eb6d59be67c8213,71417213,2025-11-04 18:27:45.000 UTC,avalanche,0xb97ef9ef8734c71904d8002f8b6bc66dd9c48a6e,blacklist(address),,BLACKLISTER,,,Circle
CU-IMP-2043,ONCHAIN_TX,0xa4099b67ab5d4612c89b83c54a4cf0655a6a1517efc14234466f714dbf076937,71417234,2025-11-04 18:28:18.000 UTC,avalanche,0xb97ef9ef8734c71904d8002f8b6bc66dd9c48a6e,blacklist(address),,BLACKLISTER,,,Circle
CU-IMP-2044,ONCHAIN_TX,0x4d777df0695242051bfc3d2ebd59a9142c3746d15fe3ffaf954c699fb4435724,71417272,2025-11-04 18:29:42.000 UTC,avalanche,0xb97ef9ef8734c71904d8002f8b6bc66dd9c48a6e,blacklist(address),,BLACKLISTER,,,Circle
CU-IMP-2045,ONCHAIN_TX,0x0938a478cd3f244d8f13818e5e8f77b04a02311ff3f2056b80313698cea44950,71417293,2025-11-04 18:30:11.000 UTC,avalanche,0xb97ef9ef8734c71904d8002f8b6bc66dd9c48a6e,blacklist(address),,BLACKLISTER,,,Circle
CU-IMP-2046,ONCHAIN_TX,0xbb6b397f77a93cf8d1539bbf32bd32173f1357f59ee5a038d57b58cd1e1bce97,71417458,2025-11-04 18:35:27.000 UTC,avalanche,0xb97ef9ef8734c71904d8002f8b6bc66dd9c48a6e,blacklist(address),,BLACKLISTER,,,Circle
CU-IMP-2047,ONCHAIN_TX,0xbbb533673975612758ea39de6442024a3ea677653196e615a44c43c66733a4e4,71417493,2025-11-04 18:36:20.000 UTC,avalanche,0xb97ef9ef8734c71904d8002f8b6bc66dd9c48a6e,blacklist(address),,BLACKLISTER,,,Circle
CU-IMP-2048,ONCHAIN_TX,0x46c117358a68809259eba636625b4d29b7bff751be56ca37eeb832cb2912c7b8,71417531,2025-11-04 18:37:24.000 UTC,avalanche,0xb97ef9ef8734c71904d8002f8b6bc66dd9c48a6e,blacklist(address),,BLACKLISTER,,,Circle
CU-IMP-2049,ONCHAIN_TX,0x2416435842cd3af8ca348cc232ef2e78589d8c652bffd260036d1f0e57b13956,71417600,2025-11-04 18:39:24.000 UTC,avalanche,0xb97ef9ef8734c71904d8002f8b6bc66dd9c48a6e,blacklist(address),,BLACKLISTER,,,Circle
CU-IMP-2050,ONCHAIN_TX,0x4f94bc1d44919b7fd53f7ee4b0ae0308626f85cc7860f9b11ac27db2478c4c91,71417621,2025-11-04 18:40:01.000 UTC,avalanche,0xb97ef9ef8734c71904d8002f8b6bc66dd9c48a6e,blacklist(address),,BLACKLISTER,,,Circle
CU-IMP-2051,ONCHAIN_TX,0x7cef54d6c97933593ea8a36ebde823aa8abb7e2d56c9d154e28547bc8608e826,71417724,2025-11-04 18:42:51.000 UTC,avalanche,0xb97ef9ef8734c71904d8002f8b6bc66dd9c48a6e,blacklist(address),,BLACKLISTER,,,Circle
CU-IMP-2052,ONCHAIN_TX,0xd5fe3499d2dbe98e904bb81b46c0b75bbce94bd0b3c93938d18fcba8382a2824,71417763,2025-11-04 18:43:49.000 UTC,avalanche,0xb97ef9ef8734c71904d8002f8b6bc66dd9c48a6e,blacklist(address),,BLACKLISTER,,,Circle
CU-IMP-2053,ONCHAIN_TX,0x18d73272ea146d8d9e2d48b68ea56cc2ee6f3c193d042ad31df84147b2389e1c,71417786,2025-11-04 18:44:29.000 UTC,avalanche,0xb97ef9ef8734c71904d8002f8b6bc66dd9c48a6e,blacklist(address),,BLACKLISTER,,,Circle
CU-IMP-2054,ONCHAIN_TX,0x5bd25a2af76b1f97364a1158a81a4d68f6ab4d60a2153922087efb59f9fd4725,71417832,2025-11-04 18:45:46.000 UTC,avalanche,0xb97ef9ef8734c71904d8002f8b6bc66dd9c48a6e,blacklist(address),,BLACKLISTER,,,Circle
CU-IMP-2055,ONCHAIN_TX,0x755785693d885b4299b0a5862d5b4782fc434bcdc8d6426c43e70ca8d97e565d,72243772,2025-11-19 17:51:52.000 UTC,avalanche,0xb97ef9ef8734c71904d8002f8b6bc66dd9c48a6e,blacklist(address),,BLACKLISTER,,,Circle
CU-IMP-2056,ONCHAIN_TX,0xe5f38c21b9d28903f69948c990a4b5cdacc3ff940623aa83b8db913abdc8ef87,72243807,2025-11-19 17:53:06.000 UTC,avalanche,0xb97ef9ef8734c71904d8002f8b6bc66dd9c48a6e,blacklist(address),,BLACKLISTER,,,Circle
CU-IMP-2057,ONCHAIN_TX,0x2572c833e4c14daa8b2817e650fdc5a0305ba0c0bef9e14e747d2d898b632f34,72243920,2025-11-19 17:57:00.000 UTC,avalanche,0xb97ef9ef8734c71904d8002f8b6bc66dd9c48a6e,blacklist(address),,BLACKLISTER,,,Circle
CU-IMP-2058,ONCHAIN_TX,0xc51a99b7cc4b70b5daacc1fe71236776f74fb41dce01f5849e7418d3904473be,72244037,2025-11-19 18:01:03.000 UTC,avalanche,0xb97ef9ef8734c71904d8002f8b6bc66dd9c48a6e,blacklist(address),,BLACKLISTER,,,Circle
CU-IMP-2059,ONCHAIN_TX,0xfcdaa8923dbb5052999592b29926cae575ca4550f7a4ec502fbc5d9bc9b5a7c5,72244047,2025-11-19 18:01:26.000 UTC,avalanche,0xb97ef9ef8734c71904d8002f8b6bc66dd9c48a6e,blacklist(address),,BLACKLISTER,,,Circle
CU-IMP-2060,ONCHAIN_TX,0xc51cf5313cf826d6134bfaddc746bc7f7727bffc944dfad50b7b6bccf03cfb25,72244052,2025-11-19 18:01:36.000 UTC,avalanche,0xb97ef9ef8734c71904d8002f8b6bc66dd9c48a6e,blacklist(address),,BLACKLISTER,,,Circle
CU-IMP-2061,ONCHAIN_TX,0xfac0d69190cf926f762b85923259ba6bc7b477678292e85566cb9b27ffecaf86,72244161,2025-11-19 18:05:36.000 UTC,avalanche,0xb97ef9ef8734c71904d8002f8b6bc66dd9c48a6e,blacklist(address),,BLACKLISTER,,,Circle
CU-IMP-2062,ONCHAIN_TX,0x3b99a25075c1978bf7788ac11dd48d07144d3848fedac1af4f7fe93cf895ace1,72244218,2025-11-19 18:07:36.000 UTC,avalanche,0xb97ef9ef8734c71904d8002f8b6bc66dd9c48a6e,blacklist(address),,BLACKLISTER,,,Circle
CU-IMP-2063,ONCHAIN_TX,0xd64a566c7547c73398ba8f306b1954f5e9297c2c8325da620c3d62197f210269,72630051,2025-11-26 16:50:53.000 UTC,avalanche,0xb97ef9ef8734c71904d8002f8b6bc66dd9c48a6e,blacklist(address),,BLACKLISTER,,,Circle
CU-IMP-2064,ONCHAIN_TX,0xa9c13a57c859b4ee90e4b77a63b0e9cd080b5acc4e9d41765cfbae8b611c9a36,76886853,2026-01-30 16:40:54.000 UTC,avalanche,0xb97ef9ef8734c71904d8002f8b6bc66dd9c48a6e,blacklist(address),,BLACKLISTER,,,Circle
CU-IMP-2065,ONCHAIN_TX,0x14854a67fbd8afaa1dd5931610002ac37cc9ff5b70a28b14cbbe3624be0d6bc1,76886874,2026-01-30 16:41:17.000 UTC,avalanche,0xb97ef9ef8734c71904d8002f8b6bc66dd9c48a6e,blacklist(address),,BLACKLISTER,,,Circle
CU-IMP-2066,ONCHAIN_TX,0x3f5728661f5bcc75b55939f038c38375e1db710ef25b34216bd7e88ee9a04b39,76886969,2026-01-30 16:43:04.000 UTC,avalanche,0xb97ef9ef8734c71904d8002f8b6bc66dd9c48a6e,blacklist(address),,BLACKLISTER,,,Circle
CU-IMP-2067,ONCHAIN_TX,0xbd0ab23e79257c5c01bdff59393ea09c7327675b4213e7bec2bd1616a65ccb95,76886980,2026-01-30 16:43:15.000 UTC,avalanche,0xb97ef9ef8734c71904d8002f8b6bc66dd9c48a6e,blacklist(address),,BLACKLISTER,,,Circle
CU-IMP-2068,ONCHAIN_TX,0x13974f27dbfc8ba05487245d17ef6a0e07e9d0f6f657b0588b1c8a42975858f7,76887094,2026-01-30 16:45:21.000 UTC,avalanche,0xb97ef9ef8734c71904d8002f8b6bc66dd9c48a6e,blacklist(address),,BLACKLISTER,,,Circle
CU-IMP-2069,ONCHAIN_TX,0xc68d7276c2a4f57711de2a6698e6946141baacae601cb62717121e13f4f89154,76887196,2026-01-30 16:47:19.000 UTC,avalanche,0xb97ef9ef8734c71904d8002f8b6bc66dd9c48a6e,blacklist(address),,BLACKLISTER,,,Circle
CU-IMP-2070,ONCHAIN_TX,0x7e1bb2de29ca493172a57f89d2e786884d4cf3a9f0e5086e9335ac8c9306cf9a,76887207,2026-01-30 16:47:30.000 UTC,avalanche,0xb97ef9ef8734c71904d8002f8b6bc66dd9c48a6e,blacklist(address),,BLACKLISTER,,,Circle
CU-IMP-2071,ONCHAIN_TX,0xef1afac36c210c708048ff46040ab8aa9952600ede57a77e590c9aa234e0ec6e,80224535,2026-03-12 17:20:39.000 UTC,avalanche,0xb97ef9ef8734c71904d8002f8b6bc66dd9c48a6e,blacklist(address),,BLACKLISTER,,,Circle
CU-IMP-2072,ONCHAIN_TX,0x3725c7cecd68c292a73177294c3baa82b8b99e44eb5d82583fc5d212eba23824,80224666,2026-03-12 17:23:14.000 UTC,avalanche,0xb97ef9ef8734c71904d8002f8b6bc66dd9c48a6e,blacklist(address),,BLACKLISTER,,,Circle
CU-IMP-2073,ONCHAIN_TX,0xed4b30484d272ebea8e32059a836d0a757cd009253f82ba0019b22f3d95f5d28,80224686,2026-03-12 17:23:34.000 UTC,avalanche,0xb97ef9ef8734c71904d8002f8b6bc66dd9c48a6e,blacklist(address),,BLACKLISTER,,,Circle
CU-IMP-2074,ONCHAIN_TX,0x86d20f398e8af5aad7a3f21d83ff105ff3a34170684f527f5f7d26f52bbdc7fc,80224697,2026-03-12 17:23:45.000 UTC,avalanche,0xb97ef9ef8734c71904d8002f8b6bc66dd9c48a6e,blacklist(address),,BLACKLISTER,,,Circle
CU-IMP-2075,ONCHAIN_TX,0xe28c99efa36fe248071f05233eaaaf1e40d887d82f521be573b6f6fe7f959771,80224909,2026-03-12 17:27:44.000 UTC,avalanche,0xb97ef9ef8734c71904d8002f8b6bc66dd9c48a6e,blacklist(address),,BLACKLISTER,,,Circle
CU-IMP-2076,ONCHAIN_TX,0xf5366c36607354d8555e950930bb38d1b267221128bd9f59ee1edb9046df4712,80225012,2026-03-12 17:29:47.000 UTC,avalanche,0xb97ef9ef8734c71904d8002f8b6bc66dd9c48a6e,blacklist(address),,BLACKLISTER,,,Circle
CU-IMP-2077,ONCHAIN_TX,0x4396c291886217c0cc3d5a20a0b44fd8c538ab31ca2c2d131e6c9ecef04c1435,80225135,2026-03-12 17:32:02.000 UTC,avalanche,0xb97ef9ef8734c71904d8002f8b6bc66dd9c48a6e,blacklist(address),,BLACKLISTER,,,Circle
CU-IMP-2078,ONCHAIN_TX,0x95ddb6d1dedc01eab728d1117f57c5faa827e66a3b24cc28112580b8392d1cfd,80225189,2026-03-12 17:33:08.000 UTC,avalanche,0xb97ef9ef8734c71904d8002f8b6bc66dd9c48a6e,blacklist(address),,BLACKLISTER,,,Circle
CU-IMP-2079,ONCHAIN_TX,0xb12a91522fc70abd8d1c5116398aa8262bbfcd0e0e21c73e56d47f7e13d41812,80225254,2026-03-12 17:34:25.000 UTC,avalanche,0xb97ef9ef8734c71904d8002f8b6bc66dd9c48a6e,blacklist(address),,BLACKLISTER,,,Circle
CU-IMP-2080,ONCHAIN_TX,0xe2919d985378f7ceee9b72583851b520f50c3fe55dcaeaae471d00a13777db72,80225256,2026-03-12 17:34:31.000 UTC,avalanche,0xb97ef9ef8734c71904d8002f8b6bc66dd9c48a6e,blacklist(address),,BLACKLISTER,,,Circle
CU-IMP-2081,ONCHAIN_TX,0x412e4bf14fc721050b663f2dea9aa98b55233f9499b6ea2b34cf2bcd0240220b,80225563,2026-03-12 17:40:14.000 UTC,avalanche,0xb97ef9ef8734c71904d8002f8b6bc66dd9c48a6e,blacklist(address),,BLACKLISTER,,,Circle
CU-IMP-2082,ONCHAIN_TX,0x690b496bc952e1db2d31211140ac54eb71d1a8e1ae010e3c9ff5e701f350d6ac,80225685,2026-03-12 17:42:39.000 UTC,avalanche,0xb97ef9ef8734c71904d8002f8b6bc66dd9c48a6e,blacklist(address),,BLACKLISTER,,,Circle
CU-IMP-2083,ONCHAIN_TX,0x0d88aa788c2c849d2fd069b682629ff37a4ab1295cc95b40bc5a512fff887acc,80225729,2026-03-12 17:43:27.000 UTC,avalanche,0xb97ef9ef8734c71904d8002f8b6bc66dd9c48a6e,blacklist(address),,BLACKLISTER,,,Circle
CU-IMP-2084,ONCHAIN_TX,0x5313f8917ee966cbd7a4e21dadc16af1c198d02a1bb5d0e539f558d7be239eb4,80225734,2026-03-12 17:43:32.000 UTC,avalanche,0xb97ef9ef8734c71904d8002f8b6bc66dd9c48a6e,blacklist(address),,BLACKLISTER,,,Circle
CU-IMP-2085,ONCHAIN_TX,0x459da1c6943e591eece53fb42a298e04d6c6facc00e2b67404cbd8ff4293c40a,80225754,2026-03-12 17:43:53.000 UTC,avalanche,0xb97ef9ef8734c71904d8002f8b6bc66dd9c48a6e,blacklist(address),,BLACKLISTER,,,Circle
CU-IMP-2086,ONCHAIN_TX,0x5d2b9937cba9814d2fb3cee89c4c61a16903c17430e4a0aff057e9e378855e38,80225911,2026-03-12 17:46:31.000 UTC,avalanche,0xb97ef9ef8734c71904d8002f8b6bc66dd9c48a6e,blacklist(address),,BLACKLISTER,,,Circle
CU-IMP-2087,ONCHAIN_TX,0x63d2b37e7e7f09f6827053f912ae9b8e594dfbe92508fdeb69c937895cf12e23,80226023,2026-03-12 17:48:46.000 UTC,avalanche,0xb97ef9ef8734c71904d8002f8b6bc66dd9c48a6e,blacklist(address),,BLACKLISTER,,,Circle
CU-IMP-2088,ONCHAIN_TX,0x9dfd35d6c2752a9c7948579f3f3c1386c5991aa01644a0fff941f1c547541d72,80226063,2026-03-12 17:49:35.000 UTC,avalanche,0xb97ef9ef8734c71904d8002f8b6bc66dd9c48a6e,blacklist(address),,BLACKLISTER,,,Circle
CU-IMP-2089,ONCHAIN_TX,0x9b597d095d4354753069d8fbd2f5bfb8e67cacb340d803887250d6c642eec0fd,80226162,2026-03-12 17:51:28.000 UTC,avalanche,0xb97ef9ef8734c71904d8002f8b6bc66dd9c48a6e,blacklist(address),,BLACKLISTER,,,Circle
CU-IMP-2090,ONCHAIN_TX,0xee81c8c6149ddce2433b8e791cd93e4863f2ac354576ad0c5aba7359c82eea8a,80226185,2026-03-12 17:51:51.000 UTC,avalanche,0xb97ef9ef8734c71904d8002f8b6bc66dd9c48a6e,blacklist(address),,BLACKLISTER,,,Circle
CU-IMP-2091,ONCHAIN_TX,0xed5e869ab02cb42cfe0216d210c812592bb52656d44ac5dcea6a4fe9cf432ca8,80226271,2026-03-12 17:53:25.000 UTC,avalanche,0xb97ef9ef8734c71904d8002f8b6bc66dd9c48a6e,blacklist(address),,BLACKLISTER,,,Circle
CU-IMP-2092,ONCHAIN_TX,0xc18859103c71ea7b85a01f79b440b1c9dff56a912b058f2534cd04c61188be4a,98957112,2023-06-08 06:10:23.000 UTC,arbitrum,0xaf88d065e77c8cc2239327c5edb3a432268e5831,blacklist(address),,BLACKLISTER,,,Circle
CU-IMP-2093,ONCHAIN_TX,0x3b148c346e49f820437b0c5fc7dc35a1f117f4fb404421848d9ce7b1e3d32662,98957268,2023-06-08 06:11:04.000 UTC,arbitrum,0xaf88d065e77c8cc2239327c5edb3a432268e5831,blacklist(address),,BLACKLISTER,,,Circle
CU-IMP-2094,ONCHAIN_TX,0xf2c8f765ffccb6d0c67dc118680ff756f0a4ccccead6736b9787d74529dddef6,98957385,2023-06-08 06:11:33.000 UTC,arbitrum,0xaf88d065e77c8cc2239327c5edb3a432268e5831,blacklist(address),,BLACKLISTER,,,Circle
CU-IMP-2095,ONCHAIN_TX,0x66889bb1bd1b61278de9b1a861571396c9bae0c65d697cfd1eb6d8b9a75f0cc5,98959520,2023-06-08 06:20:32.000 UTC,arbitrum,0xaf88d065e77c8cc2239327c5edb3a432268e5831,blacklist(address),,BLACKLISTER,,,Circle
CU-IMP-2096,ONCHAIN_TX,0xfe66d00dcd7c121f72d7a7c49be24e1cf6eb55a2e2d2a7193376f927ef9c310e,98960403,2023-06-08 06:24:14.000 UTC,arbitrum,0xaf88d065e77c8cc2239327c5edb3a432268e5831,blacklist(address),,BLACKLISTER,,,Circle
CU-IMP-2097,ONCHAIN_TX,0xcf8b090020b4f953253c1fc165dae3f7be784003860c8e2308096e5f78c3b170,98960587,2023-06-08 06:25:00.000 UTC,arbitrum,0xaf88d065e77c8cc2239327c5edb3a432268e5831,blacklist(address),,BLACKLISTER,,,Circle
CU-IMP-2098,ONCHAIN_TX,0xd165133a9be5c934a863b6bcba632d82ce811f927d48b452f4e98368bcbbdc55,98960861,2023-06-08 06:26:09.000 UTC,arbitrum,0xaf88d065e77c8cc2239327c5edb3a432268e5831,blacklist(address),,BLACKLISTER,,,Circle
CU-IMP-2099,ONCHAIN_TX,0x33ac6f108ba76fc4e0278ac2359a4848d610ca17bf8fde2571c23c8ca3148ac4,98961115,2023-06-08 06:27:13.000 UTC,arbitrum,0xaf88d065e77c8cc2239327c5edb3a432268e5831,blacklist(address),,BLACKLISTER,,,Circle
CU-IMP-2100,ONCHAIN_TX,0xf2ca517ef799bf8b7150791789d129d558800460da188ae81bef84efe401bd9e,98961341,2023-06-08 06:28:10.000 UTC,arbitrum,0xaf88d065e77c8cc2239327c5edb3a432268e5831,blacklist(address),,BLACKLISTER,,,Circle
CU-IMP-2101,ONCHAIN_TX,0xc906e9c4c438d14370054a16182fdef13d8decf34b5827dda5970d4efdbb58a9,98961594,2023-06-08 06:29:15.000 UTC,arbitrum,0xaf88d065e77c8cc2239327c5edb3a432268e5831,blacklist(address),,BLACKLISTER,,,Circle
CU-IMP-2102,ONCHAIN_TX,0x81d8d3030095d97c4515b10d26f20cc6064484b64595480d45d8547be753f670,98961813,2023-06-08 06:30:11.000 UTC,arbitrum,0xaf88d065e77c8cc2239327c5edb3a432268e5831,blacklist(address),,BLACKLISTER,,,Circle
CU-IMP-2103,ONCHAIN_TX,0x73a02ce423b26e09cd93630232a15ec9c6b3587c3b7dbc0b5ac35df2424a8ba1,98962089,2023-06-08 06:31:20.000 UTC,arbitrum,0xaf88d065e77c8cc2239327c5edb3a432268e5831,blacklist(address),,BLACKLISTER,,,Circle
CU-IMP-2104,ONCHAIN_TX,0x733d2a5ce92afb85174705c23bce86ab742735b3383264998306fcd26364daf4,98962256,2023-06-08 06:32:01.000 UTC,arbitrum,0xaf88d065e77c8cc2239327c5edb3a432268e5831,blacklist(address),,BLACKLISTER,,,Circle
CU-IMP-2105,ONCHAIN_TX,0xfce6b9bce68837c4e8fae2c13045c0e0fb56a24da5a7568900c4df7e642674f7,98962442,2023-06-08 06:32:49.000 UTC,arbitrum,0xaf88d065e77c8cc2239327c5edb3a432268e5831,blacklist(address),,BLACKLISTER,,,Circle
CU-IMP-2106,ONCHAIN_TX,0x80a246bde544de8fedb0289d5f8b1341fb8e4223417008186bb617d369afd3d5,98962666,2023-06-08 06:33:46.000 UTC,arbitrum,0xaf88d065e77c8cc2239327c5edb3a432268e5831,blacklist(address),,BLACKLISTER,,,Circle
CU-IMP-2107,ONCHAIN_TX,0xcc6c98fbd7cd577b27d12d659f3c01a0d0ef969d040ba2e443acd074819b02aa,98962879,2023-06-08 06:34:42.000 UTC,arbitrum,0xaf88d065e77c8cc2239327c5edb3a432268e5831,blacklist(address),,BLACKLISTER,,,Circle
CU-IMP-2108,ONCHAIN_TX,0xf92dd8498c8f9e02d552d00f31835bc18ff5e1431a45ee02c4666e427e1a88d5,98963142,2023-06-08 06:35:49.000 UTC,arbitrum,0xaf88d065e77c8cc2239327c5edb3a432268e5831,blacklist(address),,BLACKLISTER,,,Circle
CU-IMP-2109,ONCHAIN_TX,0x618bbaadd6519d48dab5f4b9d113e6b196fa68b0ab519bad9d39dcd61586c862,98963396,2023-06-08 06:36:53.000 UTC,arbitrum,0xaf88d065e77c8cc2239327c5edb3a432268e5831,blacklist(address),,BLACKLISTER,,,Circle
CU-IMP-2110,ONCHAIN_TX,0x48ebc3d6620509bf466912dd39485fe7ab669d4eee4381f0c7f45e81cdadd399,98963624,2023-06-08 06:37:50.000 UTC,arbitrum,0xaf88d065e77c8cc2239327c5edb3a432268e5831,blacklist(address),,BLACKLISTER,,,Circle
CU-IMP-2111,ONCHAIN_TX,0x69d3436eac018ca45732357f8f8a136af9bdd8c3c9e87d1748c755379b069cb2,98963855,2023-06-08 06:38:47.000 UTC,arbitrum,0xaf88d065e77c8cc2239327c5edb3a432268e5831,blacklist(address),,BLACKLISTER,,,Circle
CU-IMP-2112,ONCHAIN_TX,0xbc507e95f7d683b55e867d0096cd39572ef09db47f9031905cfc0cbdb33378e9,98964051,2023-06-08 06:39:36.000 UTC,arbitrum,0xaf88d065e77c8cc2239327c5edb3a432268e5831,blacklist(address),,BLACKLISTER,,,Circle
CU-IMP-2113,ONCHAIN_TX,0x500e5d4a20fc70e30850b78334c07318cfe324cf790d01034120edb787374bee,98964311,2023-06-08 06:40:41.000 UTC,arbitrum,0xaf88d065e77c8cc2239327c5edb3a432268e5831,blacklist(address),,BLACKLISTER,,,Circle
CU-IMP-2114,ONCHAIN_TX,0xcab19d002018ed679d8985b1c20b19fa245d6128befff04835622657509bb1e5,98964516,2023-06-08 06:41:34.000 UTC,arbitrum,0xaf88d065e77c8cc2239327c5edb3a432268e5831,blacklist(address),,BLACKLISTER,,,Circle
CU-IMP-2115,ONCHAIN_TX,0xf895ff5a7294bba202131f33478d3f3969e7014d99382fa2affc40d1dfd2f3d2,98964818,2023-06-08 06:42:51.000 UTC,arbitrum,0xaf88d065e77c8cc2239327c5edb3a432268e5831,blacklist(address),,BLACKLISTER,,,Circle
CU-IMP-2116,ONCHAIN_TX,0x3118e34540ebca48ca206f189531d25d27bd18ffb7a8bd48bfbee87b0acda7f9,98965018,2023-06-08 06:43:41.000 UTC,arbitrum,0xaf88d065e77c8cc2239327c5edb3a432268e5831,blacklist(address),,BLACKLISTER,,,Circle
CU-IMP-2117,ONCHAIN_TX,0x8329ba342c0d85169da96036c7ead8acd8a3154d90182887f95ae953779c267d,98965257,2023-06-08 06:44:42.000 UTC,arbitrum,0xaf88d065e77c8cc2239327c5edb3a432268e5831,blacklist(address),,BLACKLISTER,,,Circle
CU-IMP-2118,ONCHAIN_TX,0x9070e0f35d8b2310993b944122ec2e37320fbe3cdfdad944d4c77c2fafebf9d7,98965454,2023-06-08 06:45:30.000 UTC,arbitrum,0xaf88d065e77c8cc2239327c5edb3a432268e5831,blacklist(address),,BLACKLISTER,,,Circle
CU-IMP-2119,ONCHAIN_TX,0x9ddcb585404feb4e3bd5ee3a237c737eac3c3119879ad161643eae3dbbecf67b,98965740,2023-06-08 06:46:42.000 UTC,arbitrum,0xaf88d065e77c8cc2239327c5edb3a432268e5831,blacklist(address),,BLACKLISTER,,,Circle
CU-IMP-2120,ONCHAIN_TX,0x26aac64732c4a209252eb8ada6b7946c1949b5e554f35211482ba7b14bcc4e04,98965927,2023-06-08 06:47:29.000 UTC,arbitrum,0xaf88d065e77c8cc2239327c5edb3a432268e5831,blacklist(address),,BLACKLISTER,,,Circle
CU-IMP-2121,ONCHAIN_TX,0x95be317cb1df9a9338a192f2c96d50a3f484340d1a8188c646ab3b1cdd5f011c,98966177,2023-06-08 06:48:32.000 UTC,arbitrum,0xaf88d065e77c8cc2239327c5edb3a432268e5831,blacklist(address),,BLACKLISTER,,,Circle
CU-IMP-2122,ONCHAIN_TX,0xf750c9d102b521ed8667fce2d61988ba9426b3b2f71cb7c650b0649ea4b66fdb,98966515,2023-06-08 06:49:58.000 UTC,arbitrum,0xaf88d065e77c8cc2239327c5edb3a432268e5831,blacklist(address),,BLACKLISTER,,,Circle
CU-IMP-2123,ONCHAIN_TX,0x76bcab80c1e30c324bf6f025beb5a2c084329523481f3c2bf4bba31fa610ad76,98966742,2023-06-08 06:50:55.000 UTC,arbitrum,0xaf88d065e77c8cc2239327c5edb3a432268e5831,blacklist(address),,BLACKLISTER,,,Circle
CU-IMP-2124,ONCHAIN_TX,0xe9bc873fac53e9830e140979a0687fd8751bb6be233d04d0c582c0b04749d5e0,98966961,2023-06-08 06:51:47.000 UTC,arbitrum,0xaf88d065e77c8cc2239327c5edb3a432268e5831,blacklist(address),,BLACKLISTER,,,Circle
CU-IMP-2125,ONCHAIN_TX,0xe5b480bd34ea4ebe5d03a2f6a4b65aa69dd55700b124dcc3c3251d9cc8bf014d,98967319,2023-06-08 06:53:17.000 UTC,arbitrum,0xaf88d065e77c8cc2239327c5edb3a432268e5831,blacklist(address),,BLACKLISTER,,,Circle
CU-IMP-2126,ONCHAIN_TX,0x65f15d34dc356c1b05e6bc8b4b085d57ff8dace38b8533963e8b538ea79261b1,98967514,2023-06-08 06:54:06.000 UTC,arbitrum,0xaf88d065e77c8cc2239327c5edb3a432268e5831,blacklist(address),,BLACKLISTER,,,Circle
CU-IMP-2127,ONCHAIN_TX,0xb7c17b14ef94be6fdf8942462b8990d347b15ac23004b679d98d52db8e910ed7,98967699,2023-06-08 06:54:53.000 UTC,arbitrum,0xaf88d065e77c8cc2239327c5edb3a432268e5831,blacklist(address),,BLACKLISTER,,,Circle
CU-IMP-2128,ONCHAIN_TX,0x9886cc6951bbc7ddc1035cb07b40d636210b9e838fd33df11bf2c252a3c9f840,98967961,2023-06-08 06:55:59.000 UTC,arbitrum,0xaf88d065e77c8cc2239327c5edb3a432268e5831,blacklist(address),,BLACKLISTER,,,Circle
CU-IMP-2129,ONCHAIN_TX,0x867fad440dc0a2d4e6e96dc2b98813a08b92cd4f10f4cb9c002471356780122a,98968152,2023-06-08 06:56:48.000 UTC,arbitrum,0xaf88d065e77c8cc2239327c5edb3a432268e5831,blacklist(address),,BLACKLISTER,,,Circle
CU-IMP-2130,ONCHAIN_TX,0x15d295dd6f738c44676fe5de49db3f052a728df50f000ffe636682301eb6f163,98968330,2023-06-08 06:57:35.000 UTC,arbitrum,0xaf88d065e77c8cc2239327c5edb3a432268e5831,blacklist(address),,BLACKLISTER,,,Circle
CU-IMP-2131,ONCHAIN_TX,0xbc05eb9bca349152cd84536f84e379a92591fa148d8081683ca763b61d3c76ac,98968837,2023-06-08 06:59:43.000 UTC,arbitrum,0xaf88d065e77c8cc2239327c5edb3a432268e5831,blacklist(address),,BLACKLISTER,,,Circle
CU-IMP-2132,ONCHAIN_TX,0x475cc6f0e84a256b8c8e688bcecaeaf4059875b452d73aee11149bb2644a72f6,98969044,2023-06-08 07:00:36.000 UTC,arbitrum,0xaf88d065e77c8cc2239327c5edb3a432268e5831,blacklist(address),,BLACKLISTER,,,Circle
CU-IMP-2133,ONCHAIN_TX,0x76967a525770268f3dc2b8cd2da56b21121b381fd3069861cec6a5125c1b6923,98969306,2023-06-08 07:01:42.000 UTC,arbitrum,0xaf88d065e77c8cc2239327c5edb3a432268e5831,blacklist(address),,BLACKLISTER,,,Circle
CU-IMP-2134,ONCHAIN_TX,0xa2a9cca14e50cf11ce294feda8ba6d7018ec1d8d2ff0dedf78d24443f364f9b2,98969499,2023-06-08 07:02:31.000 UTC,arbitrum,0xaf88d065e77c8cc2239327c5edb3a432268e5831,blacklist(address),,BLACKLISTER,,,Circle
CU-IMP-2135,ONCHAIN_TX,0x36a7af0d6ddc724bca64bdcdc0107c2fd9962f0631add9a069b7744120436de6,98969678,2023-06-08 07:03:16.000 UTC,arbitrum,0xaf88d065e77c8cc2239327c5edb3a432268e5831,blacklist(address),,BLACKLISTER,,,Circle
CU-IMP-2136,ONCHAIN_TX,0x6e434f4ae5be2a688aed71d2f1e693c0c12789f49bb60e78ae07637671ff2366,98974111,2023-06-08 07:21:47.000 UTC,arbitrum,0xaf88d065e77c8cc2239327c5edb3a432268e5831,blacklist(address),,BLACKLISTER,,,Circle
CU-IMP-2137,ONCHAIN_TX,0xbe9cec28905f318c7cfe3db14602f6ef34813014002d62735a4ded30ad7345b0,98974648,2023-06-08 07:23:59.000 UTC,arbitrum,0xaf88d065e77c8cc2239327c5edb3a432268e5831,blacklist(address),,BLACKLISTER,,,Circle
CU-IMP-2138,ONCHAIN_TX,0xefd47aa11193a2ea39125e3bfb902d4a71186424aa210610d756a6985dc24c01,98974979,2023-06-08 07:25:22.000 UTC,arbitrum,0xaf88d065e77c8cc2239327c5edb3a432268e5831,blacklist(address),,BLACKLISTER,,,Circle
CU-IMP-2139,ONCHAIN_TX,0x76c38b72851d9d38d5cf0350a74dcad3d6a9fddb84370ef7a101f13d832affb0,98975273,2023-06-08 07:26:37.000 UTC,arbitrum,0xaf88d065e77c8cc2239327c5edb3a432268e5831,blacklist(address),,BLACKLISTER,,,Circle
CU-IMP-2140,ONCHAIN_TX,0x198079cd6dd57042fb8ff113e0d72f5a298555bed5eaa5b9a0c450fd4c09b6a9,98975909,2023-06-08 07:29:18.000 UTC,arbitrum,0xaf88d065e77c8cc2239327c5edb3a432268e5831,blacklist(address),,BLACKLISTER,,,Circle
CU-IMP-2141,ONCHAIN_TX,0xc46843226b9cec82e6cabbf5a0e9ff95495fb0bf002af606cc31077d001c2777,98977014,2023-06-08 07:33:55.000 UTC,arbitrum,0xaf88d065e77c8cc2239327c5edb3a432268e5831,blacklist(address),,BLACKLISTER,,,Circle
CU-IMP-2142,ONCHAIN_TX,0x0290cb6c2e779911b612e0f2a83f1c5fa1b0dbb5c0b3e740e27a97b05997dbaf,98977478,2023-06-08 07:35:52.000 UTC,arbitrum,0xaf88d065e77c8cc2239327c5edb3a432268e5831,blacklist(address),,BLACKLISTER,,,Circle
CU-IMP-2143,ONCHAIN_TX,0xa44894177611ff6a61499c600d757e5230639fe25281ea98bb016a1b16ca6471,98977928,2023-06-08 07:37:43.000 UTC,arbitrum,0xaf88d065e77c8cc2239327c5edb3a432268e5831,blacklist(address),,BLACKLISTER,,,Circle
CU-IMP-2144,ONCHAIN_TX,0x277e3ec636dc7b4f5117ea2a378f130f5d3042d40769b8e58798bfd4ed7fe639,98978407,2023-06-08 07:39:43.000 UTC,arbitrum,0xaf88d065e77c8cc2239327c5edb3a432268e5831,blacklist(address),,BLACKLISTER,,,Circle
CU-IMP-2145,ONCHAIN_TX,0xcafc57b841f1d5a28d38db3dd455ba93ed33773f807e87bc008c2c5d37ff384a,98978938,2023-06-08 07:41:57.000 UTC,arbitrum,0xaf88d065e77c8cc2239327c5edb3a432268e5831,blacklist(address),,BLACKLISTER,,,Circle
CU-IMP-2146,ONCHAIN_TX,0x008d1613c54a0ebde11ac83e6a70c72ddf357bb834c81278166541aafeedd332,98979270,2023-06-08 07:43:19.000 UTC,arbitrum,0xaf88d065e77c8cc2239327c5edb3a432268e5831,blacklist(address),,BLACKLISTER,,,Circle
CU-IMP-2147,ONCHAIN_TX,0x03bf20b696baed5a77fb5941b5b9a61a25266fcab4103b566a7e540a3ad2bf57,98979591,2023-06-08 07:44:40.000 UTC,arbitrum,0xaf88d065e77c8cc2239327c5edb3a432268e5831,blacklist(address),,BLACKLISTER,,,Circle
CU-IMP-2148,ONCHAIN_TX,0x306521f328bf1331f4c8c60d19913f67d47ab13f4700050fff26cfb8ed005687,98979945,2023-06-08 07:46:09.000 UTC,arbitrum,0xaf88d065e77c8cc2239327c5edb3a432268e5831,blacklist(address),,BLACKLISTER,,,Circle
CU-IMP-2149,ONCHAIN_TX,0xff69eb8a783d561b3979a6237f416faf282021a3f2446e57d44ace6c57c5e0dc,98980413,2023-06-08 07:48:07.000 UTC,arbitrum,0xaf88d065e77c8cc2239327c5edb3a432268e5831,blacklist(address),,BLACKLISTER,,,Circle
CU-IMP-2150,ONCHAIN_TX,0x33b25f20f8ba1e139d6ce70ff44ced7c6e5671472bb07669e7c488ce48258947,98980911,2023-06-08 07:50:10.000 UTC,arbitrum,0xaf88d065e77c8cc2239327c5edb3a432268e5831,blacklist(address),,BLACKLISTER,,,Circle
CU-IMP-2151,ONCHAIN_TX,0x5db27bdb6ce3d97fad308a177e859999ed09988692dc71734cbdfe68e1d180b2,98981122,2023-06-08 07:51:04.000 UTC,arbitrum,0xaf88d065e77c8cc2239327c5edb3a432268e5831,blacklist(address),,BLACKLISTER,,,Circle
CU-IMP-2152,ONCHAIN_TX,0x5e8cbc32f1777e60860cbdd5b38cf7f3a4c1cf2090deb7aaa6e69edf4b82841e,98981548,2023-06-08 07:52:50.000 UTC,arbitrum,0xaf88d065e77c8cc2239327c5edb3a432268e5831,blacklist(address),,BLACKLISTER,,,Circle
CU-IMP-2153,ONCHAIN_TX,0xb552a758f1c038395fde7521b26104942113216c16a053175ea4afbfa5978eb7,98981856,2023-06-08 07:54:08.000 UTC,arbitrum,0xaf88d065e77c8cc2239327c5edb3a432268e5831,blacklist(address),,BLACKLISTER,,,Circle
CU-IMP-2154,ONCHAIN_TX,0x7e523f9eca95b33815f1e6231bfb0bb590a0c98ef97b10f4459a574a14cafbb0,98982375,2023-06-08 07:56:17.000 UTC,arbitrum,0xaf88d065e77c8cc2239327c5edb3a432268e5831,blacklist(address),,BLACKLISTER,,,Circle
CU-IMP-2155,ONCHAIN_TX,0x90b7ab2aa4f0302d315db1fb439b4b470d03955c3afa90e3c41353a577a6af96,98982654,2023-06-08 07:57:28.000 UTC,arbitrum,0xaf88d065e77c8cc2239327c5edb3a432268e5831,blacklist(address),,BLACKLISTER,,,Circle
CU-IMP-2156,ONCHAIN_TX,0x82e48b97473532b9ffe6b88127d43a03b0d45aac67ee055e451d86cc2aacd5ca,98983258,2023-06-08 08:00:00.000 UTC,arbitrum,0xaf88d065e77c8cc2239327c5edb3a432268e5831,blacklist(address),,BLACKLISTER,,,Circle
CU-IMP-2157,ONCHAIN_TX,0x129260b7856fa91f693046f3dd822941172ce6f0be95cee1cf0d2cd33087a88e,98983550,2023-06-08 08:01:14.000 UTC,arbitrum,0xaf88d065e77c8cc2239327c5edb3a432268e5831,blacklist(address),,BLACKLISTER,,,Circle
CU-IMP-2158,ONCHAIN_TX,0x7f910ba914c10c70371f4a11e5dbf661d65c6118d4e61c0a3775d2a547911fda,98983983,2023-06-08 08:03:00.000 UTC,arbitrum,0xaf88d065e77c8cc2239327c5edb3a432268e5831,blacklist(address),,BLACKLISTER,,,Circle
CU-IMP-2159,ONCHAIN_TX,0x262257e34834bda76ab06b8f4dd2a69cdf3b1e8f17e3c4b0cddcd9420e6a62f7,98984368,2023-06-08 08:04:38.000 UTC,arbitrum,0xaf88d065e77c8cc2239327c5edb3a432268e5831,blacklist(address),,BLACKLISTER,,,Circle
CU-IMP-2160,ONCHAIN_TX,0x97f0dbd4d5e0273ebd24597bf79e720c5d32a3d3035fe61cba17e97e87128572,98990177,2023-06-08 08:28:54.000 UTC,arbitrum,0xaf88d065e77c8cc2239327c5edb3a432268e5831,blacklist(address),,BLACKLISTER,,,Circle
CU-IMP-2161,ONCHAIN_TX,0xb5ed046bbfd2471782252fcc389dcf4919050e05307fa54bf27a0a6ce23e15b5,98992151,2023-06-08 08:37:08.000 UTC,arbitrum,0xaf88d065e77c8cc2239327c5edb3a432268e5831,blacklist(address),,BLACKLISTER,,,Circle
CU-IMP-2162,ONCHAIN_TX,0x896cc53c3dcc1caa6a2407308d37ba8e09c43bc300c49c9837446f656a3239e9,98997998,2023-06-08 09:01:29.000 UTC,arbitrum,0xaf88d065e77c8cc2239327c5edb3a432268e5831,blacklist(address),,BLACKLISTER,,,Circle
CU-IMP-2163,ONCHAIN_TX,0xaa8c1fc34a660e6176cbe30e5b5d973edc3c96f1a292fbadafebf1d49a06603f,98998001,2023-06-08 09:01:30.000 UTC,arbitrum,0xaf88d065e77c8cc2239327c5edb3a432268e5831,blacklist(address),,BLACKLISTER,,,Circle
CU-IMP-2164,ONCHAIN_TX,0x20818214698991200404ae259a3b43a65a62116fc0bf01c9d10d8560bb688964,98998003,2023-06-08 09:01:30.000 UTC,arbitrum,0xaf88d065e77c8cc2239327c5edb3a432268e5831,blacklist(address),,BLACKLISTER,,,Circle
CU-IMP-2165,ONCHAIN_TX,0x3259c30e49676a1d70150c4f78126f9030ed6cb3df294627c9ab58a74ad28a58,98998006,2023-06-08 09:01:31.000 UTC,arbitrum,0xaf88d065e77c8cc2239327c5edb3a432268e5831,blacklist(address),,BLACKLISTER,,,Circle
CU-IMP-2166,ONCHAIN_TX,0xd77f1efae5fe7c5d05dbeaa78ce6e5ea6260d73d87d00c34866ab96f4c742f6c,98998008,2023-06-08 09:01:32.000 UTC,arbitrum,0xaf88d065e77c8cc2239327c5edb3a432268e5831,blacklist(address),,BLACKLISTER,,,Circle
CU-IMP-2167,ONCHAIN_TX,0xba19e0abdbc7b18aa822d9c1fe7eaddeb042f3cf49755738c16a1e36695df1f3,98998011,2023-06-08 09:01:32.000 UTC,arbitrum,0xaf88d065e77c8cc2239327c5edb3a432268e5831,blacklist(address),,BLACKLISTER,,,Circle
CU-IMP-2168,ONCHAIN_TX,0x288e5247deb9349e24c506b98ac1867ce07686ec1d0f453d1aa21521a44053ec,98998014,2023-06-08 09:01:33.000 UTC,arbitrum,0xaf88d065e77c8cc2239327c5edb3a432268e5831,blacklist(address),,BLACKLISTER,,,Circle
CU-IMP-2169,ONCHAIN_TX,0x7af93a07f8cc57e9d25da1dc7e9a799c89ae17a74c4cb3d1ba70193dd1c90f69,98998017,2023-06-08 09:01:34.000 UTC,arbitrum,0xaf88d065e77c8cc2239327c5edb3a432268e5831,blacklist(address),,BLACKLISTER,,,Circle
CU-IMP-2170,ONCHAIN_TX,0xd45961e9b2721dec23f7301a60e86c16290cd983409266a705e4ad7db38f5be5,98998021,2023-06-08 09:01:35.000 UTC,arbitrum,0xaf88d065e77c8cc2239327c5edb3a432268e5831,blacklist(address),,BLACKLISTER,,,Circle
CU-IMP-2171,ONCHAIN_TX,0x261b5bedd294738922b20d3dd912e9d8229a0a45f75a2f30845418ba97b9d307,98998024,2023-06-08 09:01:36.000 UTC,arbitrum,0xaf88d065e77c8cc2239327c5edb3a432268e5831,blacklist(address),,BLACKLISTER,,,Circle
CU-IMP-2172,ONCHAIN_TX,0xff29b7f032e98d78c9706e0d9c3c87bab19fd6cbd9a891b08b863db7b1e74e55,98998027,2023-06-08 09:01:36.000 UTC,arbitrum,0xaf88d065e77c8cc2239327c5edb3a432268e5831,blacklist(address),,BLACKLISTER,,,Circle
CU-IMP-2173,ONCHAIN_TX,0x4a1e225b36a720b96aa79dcb3dfc5059a96a38089c85f05264f441499160e099,98998030,2023-06-08 09:01:37.000 UTC,arbitrum,0xaf88d065e77c8cc2239327c5edb3a432268e5831,blacklist(address),,BLACKLISTER,,,Circle
CU-IMP-2174,ONCHAIN_TX,0x6d927b4339914405c4cc81c535daffd6076821c89c766607d116b7d279ce1c93,98998032,2023-06-08 09:01:38.000 UTC,arbitrum,0xaf88d065e77c8cc2239327c5edb3a432268e5831,blacklist(address),,BLACKLISTER,,,Circle
CU-IMP-2175,ONCHAIN_TX,0x53e46aaed69ff39906021d5cf2ac4e3fdb81afbfd8b6e9cfd42610c9e2b10230,98998035,2023-06-08 09:01:38.000 UTC,arbitrum,0xaf88d065e77c8cc2239327c5edb3a432268e5831,blacklist(address),,BLACKLISTER,,,Circle
CU-IMP-2176,ONCHAIN_TX,0x7033bb6c51ecb212baee164e18cc3a2dc5de244a40e466108fbccdf53f72bfb0,98998038,2023-06-08 09:01:39.000 UTC,arbitrum,0xaf88d065e77c8cc2239327c5edb3a432268e5831,blacklist(address),,BLACKLISTER,,,Circle
CU-IMP-2177,ONCHAIN_TX,0x50a8df607e756527ff5d5397ef8222484558e536edb9368372dad83e3ff2707e,98998040,2023-06-08 09:01:40.000 UTC,arbitrum,0xaf88d065e77c8cc2239327c5edb3a432268e5831,blacklist(address),,BLACKLISTER,,,Circle
CU-IMP-2178,ONCHAIN_TX,0x10cb98e983fb340500a592f547120712a6b950832993aa482de7009e1db71c3e,98998043,2023-06-08 09:01:40.000 UTC,arbitrum,0xaf88d065e77c8cc2239327c5edb3a432268e5831,blacklist(address),,BLACKLISTER,,,Circle
CU-IMP-2179,ONCHAIN_TX,0x2d4996fde931258ffa09aabc06c954086e535561dd46bcaf1a6cc8ab267c899c,98998046,2023-06-08 09:01:41.000 UTC,arbitrum,0xaf88d065e77c8cc2239327c5edb3a432268e5831,blacklist(address),,BLACKLISTER,,,Circle
CU-IMP-2180,ONCHAIN_TX,0x5f3f283659d4692d0778fc744c92cf35698779c04a644429cdc50ed6a120df2d,98998049,2023-06-08 09:01:42.000 UTC,arbitrum,0xaf88d065e77c8cc2239327c5edb3a432268e5831,blacklist(address),,BLACKLISTER,,,Circle
CU-IMP-2181,ONCHAIN_TX,0xb34144263c675f0e75e23f238166fe3df0eb1c61deac890f0b26177b68b860c2,98998053,2023-06-08 09:01:43.000 UTC,arbitrum,0xaf88d065e77c8cc2239327c5edb3a432268e5831,blacklist(address),,BLACKLISTER,,,Circle
CU-IMP-2182,ONCHAIN_TX,0x051633ba8f0ac89c90aa0aca6f44fcf77c66ee1df58f0534b187384b3e6d122a,98998055,2023-06-08 09:01:43.000 UTC,arbitrum,0xaf88d065e77c8cc2239327c5edb3a432268e5831,blacklist(address),,BLACKLISTER,,,Circle
CU-IMP-2183,ONCHAIN_TX,0x0fe1113d0fd47fdc862bae9db80617681b686a25c2f46fdda7b72cf4af2542d9,98998057,2023-06-08 09:01:44.000 UTC,arbitrum,0xaf88d065e77c8cc2239327c5edb3a432268e5831,blacklist(address),,BLACKLISTER,,,Circle
CU-IMP-2184,ONCHAIN_TX,0x65e05fe6f647f8f890c7f14b8574652937462cf60515fcff5ec86be0f18bd278,98998059,2023-06-08 09:01:44.000 UTC,arbitrum,0xaf88d065e77c8cc2239327c5edb3a432268e5831,blacklist(address),,BLACKLISTER,,,Circle
CU-IMP-2185,ONCHAIN_TX,0xb31a2d22eb04ed1dc8c4e950b207d472df034cab8da78d68d6d858813f9a5e25,98998062,2023-06-08 09:01:45.000 UTC,arbitrum,0xaf88d065e77c8cc2239327c5edb3a432268e5831,blacklist(address),,BLACKLISTER,,,Circle
CU-IMP-2186,ONCHAIN_TX,0xf3bcd417ee9d6395ec16a512b707c92bca700b3f3f3fe5b903c71f5d76b45904,98998064,2023-06-08 09:01:46.000 UTC,arbitrum,0xaf88d065e77c8cc2239327c5edb3a432268e5831,blacklist(address),,BLACKLISTER,,,Circle
CU-IMP-2187,ONCHAIN_TX,0x65c605070801ec36312b08f0cad5a0277d5b4699a1072381bc53e8cb3729d5eb,98998067,2023-06-08 09:01:46.000 UTC,arbitrum,0xaf88d065e77c8cc2239327c5edb3a432268e5831,blacklist(address),,BLACKLISTER,,,Circle
CU-IMP-2188,ONCHAIN_TX,0x6c1756e8187f56abd0ed0633ec539c8ebaec8bf3cb17a4b317ff6350795a182a,98998070,2023-06-08 09:01:47.000 UTC,arbitrum,0xaf88d065e77c8cc2239327c5edb3a432268e5831,blacklist(address),,BLACKLISTER,,,Circle
CU-IMP-2189,ONCHAIN_TX,0x10d31ca408176ffc5782cd80d97b7bc8f0c8e0fcda02f6676dec908de393b636,98998074,2023-06-08 09:01:48.000 UTC,arbitrum,0xaf88d065e77c8cc2239327c5edb3a432268e5831,blacklist(address),,BLACKLISTER,,,Circle
CU-IMP-2190,ONCHAIN_TX,0xc1ecbd02cafe3b7f0da0782ba00b001e6cf7d86db42cd3209d3991437103ff7b,98998077,2023-06-08 09:01:49.000 UTC,arbitrum,0xaf88d065e77c8cc2239327c5edb3a432268e5831,blacklist(address),,BLACKLISTER,,,Circle
CU-IMP-2191,ONCHAIN_TX,0xf346cf79690867b21584cb4dedc369690d5a6ce869f83e5d9f8252b6846776dc,98998081,2023-06-08 09:01:50.000 UTC,arbitrum,0xaf88d065e77c8cc2239327c5edb3a432268e5831,blacklist(address),,BLACKLISTER,,,Circle
CU-IMP-2192,ONCHAIN_TX,0xa9fadac6dea1d03c57249f62f384a42120011bbb14a33bfa70dc3a0f55ce41c9,98998084,2023-06-08 09:01:51.000 UTC,arbitrum,0xaf88d065e77c8cc2239327c5edb3a432268e5831,blacklist(address),,BLACKLISTER,,,Circle
CU-IMP-2193,ONCHAIN_TX,0xcf3b525073bb8e7246d36a36978ae2409a443a0dc98e689e38babb34125fee3b,98998088,2023-06-08 09:01:52.000 UTC,arbitrum,0xaf88d065e77c8cc2239327c5edb3a432268e5831,blacklist(address),,BLACKLISTER,,,Circle
CU-IMP-2194,ONCHAIN_TX,0x3869022ea584ba09ea5450d98970c57bf97b5be44166635098ec45c6cf742a42,98998093,2023-06-08 09:01:53.000 UTC,arbitrum,0xaf88d065e77c8cc2239327c5edb3a432268e5831,blacklist(address),,BLACKLISTER,,,Circle
CU-IMP-2195,ONCHAIN_TX,0xca6002ab6d839a19be9717779e15397efa56b138bea01763af10cf1067e01476,98998096,2023-06-08 09:01:54.000 UTC,arbitrum,0xaf88d065e77c8cc2239327c5edb3a432268e5831,blacklist(address),,BLACKLISTER,,,Circle
CU-IMP-2196,ONCHAIN_TX,0xead132fdb22816fc24dda64805e769ced1a9bd9884d090a5379be9e50ff07672,98998099,2023-06-08 09:01:54.000 UTC,arbitrum,0xaf88d065e77c8cc2239327c5edb3a432268e5831,blacklist(address),,BLACKLISTER,,,Circle
CU-IMP-2197,ONCHAIN_TX,0xb24d92843284923440e57c1cbb9267e62a9f0d07950f5e21573b739fd86e5f78,98998103,2023-06-08 09:01:55.000 UTC,arbitrum,0xaf88d065e77c8cc2239327c5edb3a432268e5831,blacklist(address),,BLACKLISTER,,,Circle
CU-IMP-2198,ONCHAIN_TX,0x06afb15515477d2ed64ed59252947b1f5d1029310f73c4c10ca882c4d636acce,98998106,2023-06-08 09:01:56.000 UTC,arbitrum,0xaf88d065e77c8cc2239327c5edb3a432268e5831,blacklist(address),,BLACKLISTER,,,Circle
CU-IMP-2199,ONCHAIN_TX,0x440d71a6ddf2707838d9f8dac7abbbbc732208b235ce29b51de110c1a38f24f8,98998109,2023-06-08 09:01:57.000 UTC,arbitrum,0xaf88d065e77c8cc2239327c5edb3a432268e5831,blacklist(address),,BLACKLISTER,,,Circle
CU-IMP-2200,ONCHAIN_TX,0x3662d35c45b7643d02d274171767e8d075c14b17a394da49de59a7c291522278,98998112,2023-06-08 09:01:58.000 UTC,arbitrum,0xaf88d065e77c8cc2239327c5edb3a432268e5831,blacklist(address),,BLACKLISTER,,,Circle
CU-IMP-2201,ONCHAIN_TX,0xe3cff2e62c5980d55aa67e43ee068e6b8d7c4165ff87d60ca880c50f21ac3e29,98998115,2023-06-08 09:01:58.000 UTC,arbitrum,0xaf88d065e77c8cc2239327c5edb3a432268e5831,blacklist(address),,BLACKLISTER,,,Circle
CU-IMP-2202,ONCHAIN_TX,0xeb9e72e1747a2f49a85e547afae31df9ee47b093ac459d87d8fa6e214a62548f,98998117,2023-06-08 09:01:59.000 UTC,arbitrum,0xaf88d065e77c8cc2239327c5edb3a432268e5831,blacklist(address),,BLACKLISTER,,,Circle
CU-IMP-2203,ONCHAIN_TX,0x26b2b8927a1dc499e40fd539416dabab9cb1b0e240a4f7027f2476168e852fd3,98998120,2023-06-08 09:02:00.000 UTC,arbitrum,0xaf88d065e77c8cc2239327c5edb3a432268e5831,blacklist(address),,BLACKLISTER,,,Circle
CU-IMP-2204,ONCHAIN_TX,0xe1deed02aad8c2d7325bd16d377f40d84b1752a8506dacbf48416d9648073bf0,98998124,2023-06-08 09:02:01.000 UTC,arbitrum,0xaf88d065e77c8cc2239327c5edb3a432268e5831,blacklist(address),,BLACKLISTER,,,Circle
CU-IMP-2205,ONCHAIN_TX,0x5c14ab337a330c4fea8731634335d83a55db03120d24decd3934422870a04c21,98998127,2023-06-08 09:02:01.000 UTC,arbitrum,0xaf88d065e77c8cc2239327c5edb3a432268e5831,blacklist(address),,BLACKLISTER,,,Circle
CU-IMP-2206,ONCHAIN_TX,0xa06a84c651c4d6d1246968fd73a92653c80e2679b4c3baab26e40cfab4a7a973,98998131,2023-06-08 09:02:02.000 UTC,arbitrum,0xaf88d065e77c8cc2239327c5edb3a432268e5831,blacklist(address),,BLACKLISTER,,,Circle
CU-IMP-2207,ONCHAIN_TX,0x88c3705d5207820aa433652801a3ef92db8158dd44ec120e19a990d99bdbb610,98998134,2023-06-08 09:02:03.000 UTC,arbitrum,0xaf88d065e77c8cc2239327c5edb3a432268e5831,blacklist(address),,BLACKLISTER,,,Circle
CU-IMP-2208,ONCHAIN_TX,0x00162c10c74bdb4bb95529d8305ee3923a094d2e5f1905a20ff7da9712c3a8d0,98998136,2023-06-08 09:02:04.000 UTC,arbitrum,0xaf88d065e77c8cc2239327c5edb3a432268e5831,blacklist(address),,BLACKLISTER,,,Circle
CU-IMP-2209,ONCHAIN_TX,0x454a19b131af8368b38d35b68782c54dde94a5de5168ee30287493392531d825,98998139,2023-06-08 09:02:04.000 UTC,arbitrum,0xaf88d065e77c8cc2239327c5edb3a432268e5831,blacklist(address),,BLACKLISTER,,,Circle
CU-IMP-2210,ONCHAIN_TX,0x1ffc4b05a6747a8b4465407a2a062d188160e067b89c61b693f4ac24fd6d29b7,98998142,2023-06-08 09:02:05.000 UTC,arbitrum,0xaf88d065e77c8cc2239327c5edb3a432268e5831,blacklist(address),,BLACKLISTER,,,Circle
CU-IMP-2211,ONCHAIN_TX,0xf692890d233331252f3c319a55aa5888a6a705ebca5735af985fa9f8adf36ff8,98998146,2023-06-08 09:02:06.000 UTC,arbitrum,0xaf88d065e77c8cc2239327c5edb3a432268e5831,blacklist(address),,BLACKLISTER,,,Circle
CU-IMP-2212,ONCHAIN_TX,0xaa5a25c1e1290147edb4f7c820681daca54fc5c286a5411b5d53fd3b307cc3ed,98998150,2023-06-08 09:02:07.000 UTC,arbitrum,0xaf88d065e77c8cc2239327c5edb3a432268e5831,blacklist(address),,BLACKLISTER,,,Circle
CU-IMP-2213,ONCHAIN_TX,0x5bc38fd8e5c6ada4216ab958a2615cbdffa2b90d7d714abd17c0809f05614519,98998153,2023-06-08 09:02:08.000 UTC,arbitrum,0xaf88d065e77c8cc2239327c5edb3a432268e5831,blacklist(address),,BLACKLISTER,,,Circle
CU-IMP-2214,ONCHAIN_TX,0x54b5b8a71c0c842574815c673d169eb1754604d5874ce3605ff812137947c56a,98998156,2023-06-08 09:02:09.000 UTC,arbitrum,0xaf88d065e77c8cc2239327c5edb3a432268e5831,blacklist(address),,BLACKLISTER,,,Circle
CU-IMP-2215,ONCHAIN_TX,0x8f9153d3527b05fa94abf974b8a24d102801cb975cf7c18900077dbbdf7ac9c8,98998159,2023-06-08 09:02:10.000 UTC,arbitrum,0xaf88d065e77c8cc2239327c5edb3a432268e5831,blacklist(address),,BLACKLISTER,,,Circle
CU-IMP-2216,ONCHAIN_TX,0xd6ef146615ab3917b047d1aded04a72cc725782ae2e5e339f21912dbd91338d6,98998163,2023-06-08 09:02:11.000 UTC,arbitrum,0xaf88d065e77c8cc2239327c5edb3a432268e5831,blacklist(address),,BLACKLISTER,,,Circle
CU-IMP-2217,ONCHAIN_TX,0x1cf3fafa878001c437e8969f5f9d9395e8946877bbdd42e3c45d2d07f1223856,98998166,2023-06-08 09:02:11.000 UTC,arbitrum,0xaf88d065e77c8cc2239327c5edb3a432268e5831,blacklist(address),,BLACKLISTER,,,Circle
CU-IMP-2218,ONCHAIN_TX,0xab1cc21299b79cae7d77517ebc0751505f58b8b755971b70ffac83224f9e69bd,98998169,2023-06-08 09:02:12.000 UTC,arbitrum,0xaf88d065e77c8cc2239327c5edb3a432268e5831,blacklist(address),,BLACKLISTER,,,Circle
CU-IMP-2219,ONCHAIN_TX,0xbabb61550e4a08f8f56fa83cf40cd86671a223dd6e80885cd4de25a3602bcaca,98998171,2023-06-08 09:02:13.000 UTC,arbitrum,0xaf88d065e77c8cc2239327c5edb3a432268e5831,blacklist(address),,BLACKLISTER,,,Circle
CU-IMP-2220,ONCHAIN_TX,0xe184d9c76cff21df5446b3f014ec89bd10e7a5ed4f76ddea77712f050174c3ab,98998174,2023-06-08 09:02:13.000 UTC,arbitrum,0xaf88d065e77c8cc2239327c5edb3a432268e5831,blacklist(address),,BLACKLISTER,,,Circle
CU-IMP-2221,ONCHAIN_TX,0x1e6272e84dd6e744fda07036eb3572aaf971753a2b9eb9e215f8bbac863b296d,98998177,2023-06-08 09:02:14.000 UTC,arbitrum,0xaf88d065e77c8cc2239327c5edb3a432268e5831,blacklist(address),,BLACKLISTER,,,Circle
CU-IMP-2222,ONCHAIN_TX,0x0114ec0b3c0f79b1d920d1b342a3db629ed27c5fcc9037b6e0efd66cfaa60bf3,98998179,2023-06-08 09:02:15.000 UTC,arbitrum,0xaf88d065e77c8cc2239327c5edb3a432268e5831,blacklist(address),,BLACKLISTER,,,Circle
CU-IMP-2223,ONCHAIN_TX,0x08e4d664fc182d2033392bdf930914125a9e22af13b8d9dfcea87952b4634d90,98998181,2023-06-08 09:02:15.000 UTC,arbitrum,0xaf88d065e77c8cc2239327c5edb3a432268e5831,blacklist(address),,BLACKLISTER,,,Circle
CU-IMP-2224,ONCHAIN_TX,0x93238f5815f261a341dae93b4af7df9b2a0112f50ae28e5c8c622e79e76b4a20,98998183,2023-06-08 09:02:16.000 UTC,arbitrum,0xaf88d065e77c8cc2239327c5edb3a432268e5831,blacklist(address),,BLACKLISTER,,,Circle
CU-IMP-2225,ONCHAIN_TX,0x717f06b47f034d207ce1ea31be5a18adc76db244ccba7884e2854c8a3fdb105c,98998186,2023-06-08 09:02:16.000 UTC,arbitrum,0xaf88d065e77c8cc2239327c5edb3a432268e5831,blacklist(address),,BLACKLISTER,,,Circle
CU-IMP-2226,ONCHAIN_TX,0x1680ed032050acde243fb3be230a4dbeefd3a9120513adf58a893daf591277aa,98998188,2023-06-08 09:02:17.000 UTC,arbitrum,0xaf88d065e77c8cc2239327c5edb3a432268e5831,blacklist(address),,BLACKLISTER,,,Circle
CU-IMP-2227,ONCHAIN_TX,0xeb7215ff13419d5ab7888de8e45697f7813f710802269bdf628ab007f2120fbc,98998191,2023-06-08 09:02:18.000 UTC,arbitrum,0xaf88d065e77c8cc2239327c5edb3a432268e5831,blacklist(address),,BLACKLISTER,,,Circle
CU-IMP-2228,ONCHAIN_TX,0xef1bf3ca6483e70b42a1ecf36363c6a4691895fb8a931622af951ca09ad9c76b,98998194,2023-06-08 09:02:18.000 UTC,arbitrum,0xaf88d065e77c8cc2239327c5edb3a432268e5831,blacklist(address),,BLACKLISTER,,,Circle
CU-IMP-2229,ONCHAIN_TX,0xc860bbdde0ee47e564534299eb95b4bae671eb4c31691feb80d2ab08a9daf4f5,98998197,2023-06-08 09:02:19.000 UTC,arbitrum,0xaf88d065e77c8cc2239327c5edb3a432268e5831,blacklist(address),,BLACKLISTER,,,Circle
CU-IMP-2230,ONCHAIN_TX,0x6b5402ea85f9e2d0a3784b4b7a9d0568abe8ce7e6b0dbd7247dbafc7cfa30050,98998200,2023-06-08 09:02:20.000 UTC,arbitrum,0xaf88d065e77c8cc2239327c5edb3a432268e5831,blacklist(address),,BLACKLISTER,,,Circle
CU-IMP-2231,ONCHAIN_TX,0xc568e4f57a28677e988976275fd689ccaafcdddeb7693dcecd60510f73959a76,117100629,2023-08-01 13:34:12.000 UTC,arbitrum,0xaf88d065e77c8cc2239327c5edb3a432268e5831,blacklist(address),,BLACKLISTER,,,Circle
CU-IMP-2232,ONCHAIN_TX,0xd33aa6f9ecc38b8af701e89e69b0430dac5ab5c823c9e90346aa31cfc3aa34f3,124501472,2023-08-24 12:26:02.000 UTC,arbitrum,0xaf88d065e77c8cc2239327c5edb3a432268e5831,blacklist(address),,BLACKLISTER,,,Circle
CU-IMP-2233,ONCHAIN_TX,0x3d6d89ef1371570f6c8b9fc35a0a21fb6314400bfbcb0e68be5193c3d0256193,124501567,2023-08-24 12:26:26.000 UTC,arbitrum,0xaf88d065e77c8cc2239327c5edb3a432268e5831,blacklist(address),,BLACKLISTER,,,Circle
CU-IMP-2234,ONCHAIN_TX,0x1021a7cb073b49b017b846b59c7a96afaa11650614e0b00fc2b465336cb83174,124501629,2023-08-24 12:26:41.000 UTC,arbitrum,0xaf88d065e77c8cc2239327c5edb3a432268e5831,blacklist(address),,BLACKLISTER,,,Circle
CU-IMP-2235,ONCHAIN_TX,0x507e80a5ea4461f63de6c5fdda5adf1baa8b6e0d3303334a13a561dec6bc2caf,124501717,2023-08-24 12:27:03.000 UTC,arbitrum,0xaf88d065e77c8cc2239327c5edb3a432268e5831,blacklist(address),,BLACKLISTER,,,Circle
CU-IMP-2236,ONCHAIN_TX,0x8b5499a0092f487cdecd243b4cfe68d9a0007a8452548ff4f2d5f69b82149ce0,124501799,2023-08-24 12:27:25.000 UTC,arbitrum,0xaf88d065e77c8cc2239327c5edb3a432268e5831,blacklist(address),,BLACKLISTER,,,Circle
CU-IMP-2237,ONCHAIN_TX,0xb07d0f9c9f5fd46eacfd2613a8d4b67054a15af7ed965114158bbae64d247d30,124501897,2023-08-24 12:27:50.000 UTC,arbitrum,0xaf88d065e77c8cc2239327c5edb3a432268e5831,blacklist(address),,BLACKLISTER,,,Circle
CU-IMP-2238,ONCHAIN_TX,0x368c04bcc6128fac4bf7b6fe5be47743e1c2118a2fcb05e6088f23dc907bb139,124501969,2023-08-24 12:28:09.000 UTC,arbitrum,0xaf88d065e77c8cc2239327c5edb3a432268e5831,blacklist(address),,BLACKLISTER,,,Circle
CU-IMP-2239,ONCHAIN_TX,0x8fd97bed577cbf45b8d95b8df3521bd3895171d17d9b1390a4f40e67c6bd149d,124502047,2023-08-24 12:28:30.000 UTC,arbitrum,0xaf88d065e77c8cc2239327c5edb3a432268e5831,blacklist(address),,BLACKLISTER,,,Circle
CU-IMP-2240,ONCHAIN_TX,0x480fca187ef2ab323407ba7494b5605da36456a40c3479f8bb3355c51c442d2b,135093615,2023-09-27 11:54:44.000 UTC,arbitrum,0xaf88d065e77c8cc2239327c5edb3a432268e5831,blacklist(address),,BLACKLISTER,,,Circle
CU-IMP-2241,ONCHAIN_TX,0xbd21bdf15a92690d769fe44bb3bd7082a30f9fe1e70cc7d113730449842ce5fc,137276064,2023-10-04 01:52:11.000 UTC,arbitrum,0xaf88d065e77c8cc2239327c5edb3a432268e5831,blacklist(address),,BLACKLISTER,,,Circle
CU-IMP-2242,ONCHAIN_TX,0x3d00e897c5081424f21dfd26c9e1f7f5df3748dfb9a4735650e7440b5a4aa1d0,137276171,2023-10-04 01:52:42.000 UTC,arbitrum,0xaf88d065e77c8cc2239327c5edb3a432268e5831,blacklist(address),,BLACKLISTER,,,Circle
CU-IMP-2243,ONCHAIN_TX,0xc425870ed11d502cf75dbc51df9df017ae86f353c5217d5e673a23e5b2730b1d,137276240,2023-10-04 01:53:01.000 UTC,arbitrum,0xaf88d065e77c8cc2239327c5edb3a432268e5831,blacklist(address),,BLACKLISTER,,,Circle
CU-IMP-2244,ONCHAIN_TX,0xe9928266f16d595b7f452ec3d216954f0574c28b00501319fb29db46cf5f713a,137276336,2023-10-04 01:53:28.000 UTC,arbitrum,0xaf88d065e77c8cc2239327c5edb3a432268e5831,blacklist(address),,BLACKLISTER,,,Circle
CU-IMP-2245,ONCHAIN_TX,0x2d06f1293b6286bffccefa9cf23af8d5f58a54b4167bf26e2ecf06bb3f0d3432,137276394,2023-10-04 01:53:45.000 UTC,arbitrum,0xaf88d065e77c8cc2239327c5edb3a432268e5831,blacklist(address),,BLACKLISTER,,,Circle
CU-IMP-2246,ONCHAIN_TX,0xa98cf5518bf189ecc5b6cfdc157b8812234609e0700dfa5be4f8dd9ef43ff4f3,137276459,2023-10-04 01:54:03.000 UTC,arbitrum,0xaf88d065e77c8cc2239327c5edb3a432268e5831,blacklist(address),,BLACKLISTER,,,Circle
CU-IMP-2247,ONCHAIN_TX,0xdc5f18d6f8e2a9aeb97c739fc9f16907ef2765ea17749260df7569e0e63779b8,137276511,2023-10-04 01:54:19.000 UTC,arbitrum,0xaf88d065e77c8cc2239327c5edb3a432268e5831,blacklist(address),,BLACKLISTER,,,Circle
CU-IMP-2248,ONCHAIN_TX,0x00a0266723389dc900229d0181ceaec9209a0ab24e1b25e46fd092ed47d25202,137276572,2023-10-04 01:54:36.000 UTC,arbitrum,0xaf88d065e77c8cc2239327c5edb3a432268e5831,blacklist(address),,BLACKLISTER,,,Circle
CU-IMP-2249,ONCHAIN_TX,0x48f05e0786b53e46542e5cd5e90dda5ca7d701c1883d45bf90cb2b5f49618e39,178128127,2024-02-06 21:13:59.000 UTC,arbitrum,0xaf88d065e77c8cc2239327c5edb3a432268e5831,unBlacklist(address),,BLACKLISTER,,,Circle
CU-IMP-2250,ONCHAIN_TX,0xcd099fa0f8d4c856e9e22bc7b7aafbcc966f25d6283bacb33800e0a6cf9ab46f,183002426,2024-02-21 12:32:29.000 UTC,arbitrum,0xaf88d065e77c8cc2239327c5edb3a432268e5831,blacklist(address),,BLACKLISTER,,,Circle
CU-IMP-2251,ONCHAIN_TX,0xc81ee04b8afbab2cf3ea85af7f35ac5098b57e437ea8c2b474a70ea957871d8e,192679738,2024-03-21 12:35:11.000 UTC,arbitrum,0xaf88d065e77c8cc2239327c5edb3a432268e5831,blacklist(address),,BLACKLISTER,,,Circle
CU-IMP-2252,ONCHAIN_TX,0x34e1b1ea3edd33b013d0e1e36c4802c9fee7dbe41c492456ce6b9b81561310fc,192679889,2024-03-21 12:35:49.000 UTC,arbitrum,0xaf88d065e77c8cc2239327c5edb3a432268e5831,blacklist(address),,BLACKLISTER,,,Circle
CU-IMP-2253,ONCHAIN_TX,0xe2fbdd4bdb7b7444bdcfad83dd3109f7f855cc4b68c2314bb71bea9d412bbfc0,194740906,2024-03-27 12:03:47.000 UTC,arbitrum,0xaf88d065e77c8cc2239327c5edb3a432268e5831,blacklist(address),,BLACKLISTER,,,Circle
CU-IMP-2254,ONCHAIN_TX,0x21598f0f1b22fd8c670fca262c3f606d094e9e65a56a532af3c0454e31af8d93,194867279,2024-03-27 20:52:49.000 UTC,arbitrum,0xaf88d065e77c8cc2239327c5edb3a432268e5831,blacklist(address),,BLACKLISTER,,,Circle
CU-IMP-2255,ONCHAIN_TX,0x1b82ab4622fbed05563a64c1aec9d76246b5e3f05fd19c591645fa7fbdf10e3c,194872348,2024-03-27 21:14:11.000 UTC,arbitrum,0xaf88d065e77c8cc2239327c5edb3a432268e5831,blacklist(address),,BLACKLISTER,,,Circle
CU-IMP-2256,ONCHAIN_TX,0x66854b3589cb056bcc15899fffb00d433610ac1fe15e45c7cc1fa34d637d5423,194873044,2024-03-27 21:17:07.000 UTC,arbitrum,0xaf88d065e77c8cc2239327c5edb3a432268e5831,blacklist(address),,BLACKLISTER,,,Circle
CU-IMP-2257,ONCHAIN_TX,0x8733dfe0f615dfe07e0b417683386267f397f3d1fb6fc997b63a1333422b936d,194873174,2024-03-27 21:17:39.000 UTC,arbitrum,0xaf88d065e77c8cc2239327c5edb3a432268e5831,blacklist(address),,BLACKLISTER,,,Circle
CU-IMP-2258,ONCHAIN_TX,0x403e4f4953f6d047a4ff4bfa00d9d4a2524e4918d1a4f78dc4365c9f757dbe68,194873245,2024-03-27 21:17:57.000 UTC,arbitrum,0xaf88d065e77c8cc2239327c5edb3a432268e5831,blacklist(address),,BLACKLISTER,,,Circle
CU-IMP-2259,ONCHAIN_TX,0xd260f2739929dcafc2ae306156b8246245ea5cdc3228e1f1b8df5e5c36ed2c39,194873498,2024-03-27 21:19:01.000 UTC,arbitrum,0xaf88d065e77c8cc2239327c5edb3a432268e5831,blacklist(address),,BLACKLISTER,,,Circle
CU-IMP-2260,ONCHAIN_TX,0xb31dc6427aacaf38cff7261f57c355b8c88ad1a29a6fe857c02ccd87d3fb4d03,206100822,2024-04-29 16:59:30.000 UTC,arbitrum,0xaf88d065e77c8cc2239327c5edb3a432268e5831,blacklist(address),,BLACKLISTER,,,Circle
CU-IMP-2261,ONCHAIN_TX,0x640c51516f357c1de307540f433cd868a81dbf17d2ac96cc473eb90f808ea035,207170613,2024-05-02 20:17:59.000 UTC,arbitrum,0xaf88d065e77c8cc2239327c5edb3a432268e5831,blacklist(address),,BLACKLISTER,,,Circle
CU-IMP-2262,ONCHAIN_TX,0x9b1d7afdfa470e1bc00c492ed5cec24b02db8ba41156b2d85219317c4f0a683d,207170815,2024-05-02 20:18:50.000 UTC,arbitrum,0xaf88d065e77c8cc2239327c5edb3a432268e5831,blacklist(address),,BLACKLISTER,,,Circle
CU-IMP-2263,ONCHAIN_TX,0x9e37a6a12655602e67f7eac9f4a59c83512a63b631e9c9aa48a3fd5e1a10a51b,209974063,2024-05-11 00:14:02.000 UTC,arbitrum,0xaf88d065e77c8cc2239327c5edb3a432268e5831,blacklist(address),,BLACKLISTER,,,Circle
CU-IMP-2264,ONCHAIN_TX,0x0083408283f7e3401cd40d348521b9e62b141e58cbe4ee5eff141a82f37a0a33,216092764,2024-05-29 01:40:55.000 UTC,arbitrum,0xaf88d065e77c8cc2239327c5edb3a432268e5831,blacklist(address),,BLACKLISTER,,,Circle
CU-IMP-2265,ONCHAIN_TX,0xcf4161bae91baa7a2e61178b68fe086d9461305a6de0b8cbf5b783885bb99b4d,216092766,2024-05-29 01:40:56.000 UTC,arbitrum,0xaf88d065e77c8cc2239327c5edb3a432268e5831,blacklist(address),,BLACKLISTER,,,Circle
CU-IMP-2266,ONCHAIN_TX,0xafc7fa1f846235e2ac8e783de09c67e26d51db915b4be002be8d0914d9d52e42,246068609,2024-08-24 02:13:33.000 UTC,arbitrum,0xaf88d065e77c8cc2239327c5edb3a432268e5831,blacklist(address),,BLACKLISTER,,,Circle
CU-IMP-2267,ONCHAIN_TX,0xfb2652b678422699b4d2010fefe7c1675491148babd28017085527c6d3798d41,253309652,2024-09-14 04:07:25.000 UTC,arbitrum,0xaf88d065e77c8cc2239327c5edb3a432268e5831,blacklist(address),,BLACKLISTER,,,Circle
CU-IMP-2268,ONCHAIN_TX,0x3402fa6933c1a4e6a0239b17129c36765d5fa25a762ba5e8894eac618f43bbd7,257751594,2024-09-27 02:48:06.000 UTC,arbitrum,0xaf88d065e77c8cc2239327c5edb3a432268e5831,blacklist(address),,BLACKLISTER,,,Circle
CU-IMP-2269,ONCHAIN_TX,0x96422bdae699141fe9b18d9f8ae48c818c0ac9e410db4fb410e65e33752d8bf6,257752315,2024-09-27 02:51:07.000 UTC,arbitrum,0xaf88d065e77c8cc2239327c5edb3a432268e5831,blacklist(address),,BLACKLISTER,,,Circle
CU-IMP-2270,ONCHAIN_TX,0xb479963aacbf8114bc53248f550ed7daf622dbe128565a2ddd95a57bf6cd9911,274456640,2024-11-14 17:56:16.000 UTC,arbitrum,0xaf88d065e77c8cc2239327c5edb3a432268e5831,blacklist(address),,BLACKLISTER,,,Circle
CU-IMP-2271,ONCHAIN_TX,0xca14cf926cc369c85dc25c25724f675cff5820f3f1f1d1f4cbdee6a38bf01da2,281496977,2024-12-05 05:40:06.000 UTC,arbitrum,0xaf88d065e77c8cc2239327c5edb3a432268e5831,blacklist(address),,BLACKLISTER,,,Circle
CU-IMP-2272,ONCHAIN_TX,0x2b97e1d68f3c8310dece4b91c375c443020087ffa1a89ee6876783b2aad75c06,281498281,2024-12-05 05:45:30.000 UTC,arbitrum,0xaf88d065e77c8cc2239327c5edb3a432268e5831,blacklist(address),,BLACKLISTER,,,Circle
CU-IMP-2273,ONCHAIN_TX,0x5adb5cf51cc1e13a231cc8c61852dcb484da619b549d0487de136ae120e323d7,286608540,2024-12-20 03:43:48.000 UTC,arbitrum,0xaf88d065e77c8cc2239327c5edb3a432268e5831,blacklist(address),,BLACKLISTER,,,Circle
CU-IMP-2274,ONCHAIN_TX,0x5839359e397c55cbd532c6cde969b73ed4d3a0fda2e136c6c0c023b3330fd0b1,286608670,2024-12-20 03:44:20.000 UTC,arbitrum,0xaf88d065e77c8cc2239327c5edb3a432268e5831,blacklist(address),,BLACKLISTER,,,Circle
CU-IMP-2275,ONCHAIN_TX,0xb01515a1c536ac48840808745e7284467ecd78b89446d4e7e0c4f5a81e815c63,286608782,2024-12-20 03:44:48.000 UTC,arbitrum,0xaf88d065e77c8cc2239327c5edb3a432268e5831,blacklist(address),,BLACKLISTER,,,Circle
CU-IMP-2276,ONCHAIN_TX,0x75afd7e827122cdeed4cf5fd7005af8f90844895c5a3c26f4dc2440268b96f66,286608861,2024-12-20 03:45:08.000 UTC,arbitrum,0xaf88d065e77c8cc2239327c5edb3a432268e5831,blacklist(address),,BLACKLISTER,,,Circle
CU-IMP-2277,ONCHAIN_TX,0x7247c1aa23a7a050fe23d3d1cccc7c62301f3d23aa872dcc7dc47e93679c7dc5,286608951,2024-12-20 03:45:31.000 UTC,arbitrum,0xaf88d065e77c8cc2239327c5edb3a432268e5831,blacklist(address),,BLACKLISTER,,,Circle
CU-IMP-2278,ONCHAIN_TX,0xf648767ee7ac7c585eea8813f09efd4058a56c596894628fd6905217e7ada23d,309548758,2025-02-24 22:31:45.000 UTC,arbitrum,0xaf88d065e77c8cc2239327c5edb3a432268e5831,blacklist(address),,BLACKLISTER,,,Circle
CU-IMP-2279,ONCHAIN_TX,0xe06fe58b862227f0f3b7cdd670b844ff5ea4dde0d3a22cd9b5a0eb57aae5b950,309548912,2025-02-24 22:32:23.000 UTC,arbitrum,0xaf88d065e77c8cc2239327c5edb3a432268e5831,blacklist(address),,BLACKLISTER,,,Circle
CU-IMP-2280,ONCHAIN_TX,0x138536f80f5a33a47df81ee2b4ae91a8cea1740c0136d227a27ce3db8141579f,309548975,2025-02-24 22:32:39.000 UTC,arbitrum,0xaf88d065e77c8cc2239327c5edb3a432268e5831,blacklist(address),,BLACKLISTER,,,Circle
CU-IMP-2281,ONCHAIN_TX,0x580b48a7b007cbd06fe0454ebc1fcc0ac83242ea0442599750e6b40a1311f0b7,318168916,2025-03-21 23:39:45.000 UTC,arbitrum,0xaf88d065e77c8cc2239327c5edb3a432268e5831,unBlacklist(address),,BLACKLISTER,,,Circle
CU-IMP-2282,ONCHAIN_TX,0x676aff7934cf857bb7b801f2fdf19bc54548e88cbcce04f17f3e720f4071391a,318169518,2025-03-21 23:42:18.000 UTC,arbitrum,0xaf88d065e77c8cc2239327c5edb3a432268e5831,unBlacklist(address),,BLACKLISTER,,,Circle
CU-IMP-2283,ONCHAIN_TX,0xa6881a66ef04263dc9bcc4437b08ba052a613a1dd6d05cc65188bb2ff3a3203a,318170196,2025-03-21 23:45:14.000 UTC,arbitrum,0xaf88d065e77c8cc2239327c5edb3a432268e5831,unBlacklist(address),,BLACKLISTER,,,Circle
CU-IMP-2284,ONCHAIN_TX,0x71928425a287795ac93b6ba55fd9edefba754e961e64470e46dc5e48ecd083ef,318170221,2025-03-21 23:45:20.000 UTC,arbitrum,0xaf88d065e77c8cc2239327c5edb3a432268e5831,unBlacklist(address),,BLACKLISTER,,,Circle
CU-IMP-2285,ONCHAIN_TX,0x628d19f3ad776cc1beca2490856d9c50d5a85d5c427163e400e38b44321db314,318170247,2025-03-21 23:45:27.000 UTC,arbitrum,0xaf88d065e77c8cc2239327c5edb3a432268e5831,unBlacklist(address),,BLACKLISTER,,,Circle
CU-IMP-2286,ONCHAIN_TX,0x4f85c8b893c9603967c199dafba825d2f6c05b6e274d9c92b73be69c74af8584,318170261,2025-03-21 23:45:31.000 UTC,arbitrum,0xaf88d065e77c8cc2239327c5edb3a432268e5831,unBlacklist(address),,BLACKLISTER,,,Circle
CU-IMP-2287,ONCHAIN_TX,0x3939faaf311b9d04eb067b45328b46c49e32948251e70fdc7471a8871f7af264,318170347,2025-03-21 23:45:53.000 UTC,arbitrum,0xaf88d065e77c8cc2239327c5edb3a432268e5831,unBlacklist(address),,BLACKLISTER,,,Circle
CU-IMP-2288,ONCHAIN_TX,0x87bac7dd1e257a1483be3f559bc7d239653c6a6563865531d7ec61130e9a7604,318170355,2025-03-21 23:45:55.000 UTC,arbitrum,0xaf88d065e77c8cc2239327c5edb3a432268e5831,unBlacklist(address),,BLACKLISTER,,,Circle
CU-IMP-2289,ONCHAIN_TX,0xb19cd7162bec854cf59537cf56c5377223f3c52c95731f05a81cfc250740043b,318170368,2025-03-21 23:45:58.000 UTC,arbitrum,0xaf88d065e77c8cc2239327c5edb3a432268e5831,unBlacklist(address),,BLACKLISTER,,,Circle
CU-IMP-2290,ONCHAIN_TX,0xa0a410092219a0a9b42eea6783fd405a74c773b63a8a6a0c305f98047ad48295,318170378,2025-03-21 23:46:01.000 UTC,arbitrum,0xaf88d065e77c8cc2239327c5edb3a432268e5831,unBlacklist(address),,BLACKLISTER,,,Circle
CU-IMP-2291,ONCHAIN_TX,0x6fcff1be779431c00fabc7d04e038cb321c36e7d6d6865f9ad5c97e2228a0610,318170389,2025-03-21 23:46:03.000 UTC,arbitrum,0xaf88d065e77c8cc2239327c5edb3a432268e5831,unBlacklist(address),,BLACKLISTER,,,Circle
CU-IMP-2292,ONCHAIN_TX,0x57a1e391f5fbdb8f4319d25198c48dbd007de7c870d1c1a057fbca1c8f6c732e,318170399,2025-03-21 23:46:06.000 UTC,arbitrum,0xaf88d065e77c8cc2239327c5edb3a432268e5831,unBlacklist(address),,BLACKLISTER,,,Circle
CU-IMP-2293,ONCHAIN_TX,0xe70b79d0e3c19e3544cc04bc4210d65aadc738ca4c5988439b77531424976c29,318170410,2025-03-21 23:46:09.000 UTC,arbitrum,0xaf88d065e77c8cc2239327c5edb3a432268e5831,unBlacklist(address),,BLACKLISTER,,,Circle
CU-IMP-2294,ONCHAIN_TX,0xd2c0b3697d831a4be01863e4387e2139c7705a3fc2d8aea062ecb0107e9c3e6d,318170420,2025-03-21 23:46:11.000 UTC,arbitrum,0xaf88d065e77c8cc2239327c5edb3a432268e5831,unBlacklist(address),,BLACKLISTER,,,Circle
CU-IMP-2295,ONCHAIN_TX,0x7160b9249fd4addc8bbc1ee4ae0ddce99a678a99d9ae4b996aafc6e6b1d95a24,318170430,2025-03-21 23:46:14.000 UTC,arbitrum,0xaf88d065e77c8cc2239327c5edb3a432268e5831,unBlacklist(address),,BLACKLISTER,,,Circle
CU-IMP-2296,ONCHAIN_TX,0x504b955fa48b0bb8d68f64a2d2b601fa7b02579de2a037d74154f0566a21fc94,318170440,2025-03-21 23:46:16.000 UTC,arbitrum,0xaf88d065e77c8cc2239327c5edb3a432268e5831,unBlacklist(address),,BLACKLISTER,,,Circle
CU-IMP-2297,ONCHAIN_TX,0x9da02811d00d80c99471945ef6f54af448b3f03ba677021cc2cd0800edd04f67,318170449,2025-03-21 23:46:18.000 UTC,arbitrum,0xaf88d065e77c8cc2239327c5edb3a432268e5831,unBlacklist(address),,BLACKLISTER,,,Circle
CU-IMP-2298,ONCHAIN_TX,0xb4f24f1e8facfcb30c96ed50d2b70ba980cec6de1df14d9cc304ddb8371d7c24,318170458,2025-03-21 23:46:21.000 UTC,arbitrum,0xaf88d065e77c8cc2239327c5edb3a432268e5831,unBlacklist(address),,BLACKLISTER,,,Circle
CU-IMP-2299,ONCHAIN_TX,0x6d6812661a928fa5459dd3064d21178cb7aa6aa3c2a7ee662c1a0355c91322f7,318170467,2025-03-21 23:46:23.000 UTC,arbitrum,0xaf88d065e77c8cc2239327c5edb3a432268e5831,unBlacklist(address),,BLACKLISTER,,,Circle
CU-IMP-2300,ONCHAIN_TX,0xd8bdd9b73ed33385ac2becc633c90c5e5de8d054cc21fc48a9aced2bb90f8675,318170476,2025-03-21 23:46:25.000 UTC,arbitrum,0xaf88d065e77c8cc2239327c5edb3a432268e5831,unBlacklist(address),,BLACKLISTER,,,Circle
CU-IMP-2301,ONCHAIN_TX,0xaf4cc2f3708b725b23af0030d53555d88a08b972a063e1f7e71d755c3522deef,318170485,2025-03-21 23:46:27.000 UTC,arbitrum,0xaf88d065e77c8cc2239327c5edb3a432268e5831,unBlacklist(address),,BLACKLISTER,,,Circle
CU-IMP-2302,ONCHAIN_TX,0x1e452285fe291f0f19b92f08e997b88a2c1fb93ddb78c14114a9a21c4702b846,318170514,2025-03-21 23:46:35.000 UTC,arbitrum,0xaf88d065e77c8cc2239327c5edb3a432268e5831,unBlacklist(address),,BLACKLISTER,,,Circle
CU-IMP-2303,ONCHAIN_TX,0xf848a12aad47995dc54822c2155b48dd428255dec2d0f717cd5f2c7497b98395,318170524,2025-03-21 23:46:37.000 UTC,arbitrum,0xaf88d065e77c8cc2239327c5edb3a432268e5831,unBlacklist(address),,BLACKLISTER,,,Circle
CU-IMP-2304,ONCHAIN_TX,0x41840d0626c65a8f4c1236eaad6d90f40da87e766deba19da1c28dc240f3163b,318170534,2025-03-21 23:46:40.000 UTC,arbitrum,0xaf88d065e77c8cc2239327c5edb3a432268e5831,unBlacklist(address),,BLACKLISTER,,,Circle
CU-IMP-2305,ONCHAIN_TX,0x0ab2dca247a217e62d00b46852fdf044a86f625cbd43c8ba7673efd5e1fdfee4,318170544,2025-03-21 23:46:42.000 UTC,arbitrum,0xaf88d065e77c8cc2239327c5edb3a432268e5831,unBlacklist(address),,BLACKLISTER,,,Circle
CU-IMP-2306,ONCHAIN_TX,0x44a59da29b6611c36d6bf3f2ea9b2eecb12417f0b4d85a533a087d06bc5576fa,318170554,2025-03-21 23:46:45.000 UTC,arbitrum,0xaf88d065e77c8cc2239327c5edb3a432268e5831,unBlacklist(address),,BLACKLISTER,,,Circle
CU-IMP-2307,ONCHAIN_TX,0x22ef5308a8f464a3ecc28393f0943d354513ef3b492943c6ffbc50a7a353ba2c,318170562,2025-03-21 23:46:47.000 UTC,arbitrum,0xaf88d065e77c8cc2239327c5edb3a432268e5831,unBlacklist(address),,BLACKLISTER,,,Circle
CU-IMP-2308,ONCHAIN_TX,0x4bfa34a5d4d9afb3245b2fd7a7c2a756cb2b6c077ef96dcf487b2ff53302af13,318170571,2025-03-21 23:46:49.000 UTC,arbitrum,0xaf88d065e77c8cc2239327c5edb3a432268e5831,unBlacklist(address),,BLACKLISTER,,,Circle
CU-IMP-2309,ONCHAIN_TX,0x7f44f2a96fd8080b3ad04d49d28c3382128fea1bca7394435115c9d2b273af3f,318170582,2025-03-21 23:46:52.000 UTC,arbitrum,0xaf88d065e77c8cc2239327c5edb3a432268e5831,unBlacklist(address),,BLACKLISTER,,,Circle
CU-IMP-2310,ONCHAIN_TX,0xd3db39b67931805197fd63fe4d1f8768a52db21edce529032c53233540deded9,318170590,2025-03-21 23:46:54.000 UTC,arbitrum,0xaf88d065e77c8cc2239327c5edb3a432268e5831,unBlacklist(address),,BLACKLISTER,,,Circle
CU-IMP-2311,ONCHAIN_TX,0xff38080db8731cc5ad25eea3420de05d6cbcb4a6face2ca7d349c8b1757326a9,318170599,2025-03-21 23:46:56.000 UTC,arbitrum,0xaf88d065e77c8cc2239327c5edb3a432268e5831,unBlacklist(address),,BLACKLISTER,,,Circle
CU-IMP-2312,ONCHAIN_TX,0x954d5176dee0acc28b93536f147dd47fd983e9caac1df5c243a9f96a4513c6cb,318170608,2025-03-21 23:46:58.000 UTC,arbitrum,0xaf88d065e77c8cc2239327c5edb3a432268e5831,unBlacklist(address),,BLACKLISTER,,,Circle
CU-IMP-2313,ONCHAIN_TX,0x915cf1e7fb7bf4f56bc411b7635c06b85cefba1d41492178338fc50346e480ad,318170617,2025-03-21 23:47:01.000 UTC,arbitrum,0xaf88d065e77c8cc2239327c5edb3a432268e5831,unBlacklist(address),,BLACKLISTER,,,Circle
CU-IMP-2314,ONCHAIN_TX,0x1499e07d09f2e48a2155c4063fd9bd464c347868fd37b37ce8ac80debb1a5f94,318170625,2025-03-21 23:47:03.000 UTC,arbitrum,0xaf88d065e77c8cc2239327c5edb3a432268e5831,unBlacklist(address),,BLACKLISTER,,,Circle
CU-IMP-2315,ONCHAIN_TX,0xd009383927514abed7ab78c637ec308943330af92caaca67c21bca1b0bdc1c6e,318170639,2025-03-21 23:47:06.000 UTC,arbitrum,0xaf88d065e77c8cc2239327c5edb3a432268e5831,unBlacklist(address),,BLACKLISTER,,,Circle
CU-IMP-2316,ONCHAIN_TX,0x3118334d011d1392640ba0d48b62b025e1c3b6ba54483cc8f68bea9447ec5f1d,318170649,2025-03-21 23:47:09.000 UTC,arbitrum,0xaf88d065e77c8cc2239327c5edb3a432268e5831,unBlacklist(address),,BLACKLISTER,,,Circle
CU-IMP-2317,ONCHAIN_TX,0x792b8cd16898623fc4f0c61a6b1d50458a328c1ed01413f398dc224610d22269,318170656,2025-03-21 23:47:10.000 UTC,arbitrum,0xaf88d065e77c8cc2239327c5edb3a432268e5831,unBlacklist(address),,BLACKLISTER,,,Circle
CU-IMP-2318,ONCHAIN_TX,0xce9c69250f1fd25e7c1c4a71e917757c55de175605840fbd69463843e2ab7cc5,318170666,2025-03-21 23:47:13.000 UTC,arbitrum,0xaf88d065e77c8cc2239327c5edb3a432268e5831,unBlacklist(address),,BLACKLISTER,,,Circle
CU-IMP-2319,ONCHAIN_TX,0xe219ab8463381aa18172224f93824369df4f17a959a6c7f7f27287cee7c48187,318170675,2025-03-21 23:47:15.000 UTC,arbitrum,0xaf88d065e77c8cc2239327c5edb3a432268e5831,unBlacklist(address),,BLACKLISTER,,,Circle
CU-IMP-2320,ONCHAIN_TX,0x5cc70aabe901f1484f4ad4589bdf56d5212163b6408c0b818dd1c66b07535275,318171407,2025-03-21 23:50:21.000 UTC,arbitrum,0xaf88d065e77c8cc2239327c5edb3a432268e5831,unBlacklist(address),,BLACKLISTER,,,Circle
CU-IMP-2321,ONCHAIN_TX,0xa25016f410ba211aec1a4bd554b8bbc9b685c5bf762b1f572fd5c378d16a8850,318172621,2025-03-21 23:55:28.000 UTC,arbitrum,0xaf88d065e77c8cc2239327c5edb3a432268e5831,unBlacklist(address),,BLACKLISTER,,,Circle
CU-IMP-2322,ONCHAIN_TX,0x529c8f9d6c6e54277db1681d138f2f75e43ef3218599d7c7cb38c553cdebb485,318172745,2025-03-21 23:56:00.000 UTC,arbitrum,0xaf88d065e77c8cc2239327c5edb3a432268e5831,unBlacklist(address),,BLACKLISTER,,,Circle
CU-IMP-2323,ONCHAIN_TX,0x50ceaef192a7bbdcc098865c182e8ab6692813f62175dd61d43776990ad12be5,318173002,2025-03-21 23:57:07.000 UTC,arbitrum,0xaf88d065e77c8cc2239327c5edb3a432268e5831,unBlacklist(address),,BLACKLISTER,,,Circle
CU-IMP-2324,ONCHAIN_TX,0xc8b413d429805810fa35acf1f7906a3d4bae71d4f13ac680522d8371f5f29f3b,318173087,2025-03-21 23:57:29.000 UTC,arbitrum,0xaf88d065e77c8cc2239327c5edb3a432268e5831,unBlacklist(address),,BLACKLISTER,,,Circle
CU-IMP-2325,ONCHAIN_TX,0x0e40c6e6c53c96cc8369b83167177d2d2e3a6d1b4afbf4ebcc5ed27d98802898,318173156,2025-03-21 23:57:47.000 UTC,arbitrum,0xaf88d065e77c8cc2239327c5edb3a432268e5831,unBlacklist(address),,BLACKLISTER,,,Circle
CU-IMP-2326,ONCHAIN_TX,0xbba719f44f1fd0df8d45018d705cf0b09c40e5c45773498f23d065fb62f37210,318173475,2025-03-21 23:59:08.000 UTC,arbitrum,0xaf88d065e77c8cc2239327c5edb3a432268e5831,unBlacklist(address),,BLACKLISTER,,,Circle
CU-IMP-2327,ONCHAIN_TX,0x36e60d1a3a0709f029f8dfd79b98cc98cbf840bb8482b20a1013c1206fdaf507,318173666,2025-03-21 23:59:56.000 UTC,arbitrum,0xaf88d065e77c8cc2239327c5edb3a432268e5831,unBlacklist(address),,BLACKLISTER,,,Circle
CU-IMP-2328,ONCHAIN_TX,0x5b2cac6d05dd7484a6a806c84d8025eef328784978c2dfe15bc2b383b1642593,318173915,2025-03-22 00:00:59.000 UTC,arbitrum,0xaf88d065e77c8cc2239327c5edb3a432268e5831,unBlacklist(address),,BLACKLISTER,,,Circle
CU-IMP-2329,ONCHAIN_TX,0xb4bb17bc708f4b8a4b16e1ff698b6970f8bdc7d35c35e0ba5c539949cb978d75,318174000,2025-03-22 00:01:20.000 UTC,arbitrum,0xaf88d065e77c8cc2239327c5edb3a432268e5831,unBlacklist(address),,BLACKLISTER,,,Circle
CU-IMP-2330,ONCHAIN_TX,0x6884c0d64239bd687cb345593ec709f5afafe038e04778b6c213ee1ff9f80ccf,318174390,2025-03-22 00:02:57.000 UTC,arbitrum,0xaf88d065e77c8cc2239327c5edb3a432268e5831,unBlacklist(address),,BLACKLISTER,,,Circle
CU-IMP-2331,ONCHAIN_TX,0x266db77cc3871187b1d2e6dcbc9673be749d1b27ffc076183090a18a49e4d907,318174403,2025-03-22 00:03:00.000 UTC,arbitrum,0xaf88d065e77c8cc2239327c5edb3a432268e5831,unBlacklist(address),,BLACKLISTER,,,Circle
CU-IMP-2332,ONCHAIN_TX,0xee685b1b33aaa3d02d57e8f0271cb044044a7e2535db1a9fbfa95b92eefbba48,318174916,2025-03-22 00:05:09.000 UTC,arbitrum,0xaf88d065e77c8cc2239327c5edb3a432268e5831,unBlacklist(address),,BLACKLISTER,,,Circle
CU-IMP-2333,ONCHAIN_TX,0x778a722f38e927233ffb348d036d5ceee3b6929aff35f6d6e141453872b15a0f,318178618,2025-03-22 00:20:38.000 UTC,arbitrum,0xaf88d065e77c8cc2239327c5edb3a432268e5831,unBlacklist(address),,BLACKLISTER,,,Circle
CU-IMP-2334,ONCHAIN_TX,0xee12576bd815cc85e5d17dc8058403041cf00b16eb1bd4d48cb9b3a428135f63,318178848,2025-03-22 00:21:35.000 UTC,arbitrum,0xaf88d065e77c8cc2239327c5edb3a432268e5831,unBlacklist(address),,BLACKLISTER,,,Circle
CU-IMP-2335,ONCHAIN_TX,0x64ea037ca56f12eea14caa705a621d376ce155f382cec01887d7aa3926db68af,318178862,2025-03-22 00:21:38.000 UTC,arbitrum,0xaf88d065e77c8cc2239327c5edb3a432268e5831,unBlacklist(address),,BLACKLISTER,,,Circle
CU-IMP-2336,ONCHAIN_TX,0x7781445f7c17e744a9985153a2270b0e7ec7ffa0e2545a1f1b1dd36444e616e1,318178873,2025-03-22 00:21:41.000 UTC,arbitrum,0xaf88d065e77c8cc2239327c5edb3a432268e5831,unBlacklist(address),,BLACKLISTER,,,Circle
CU-IMP-2337,ONCHAIN_TX,0xe17b05454d27ba08a39f1c97faa099dc726fc54bada90b2e3477e0154c269a32,318178884,2025-03-22 00:21:44.000 UTC,arbitrum,0xaf88d065e77c8cc2239327c5edb3a432268e5831,unBlacklist(address),,BLACKLISTER,,,Circle
CU-IMP-2338,ONCHAIN_TX,0xa0b127505d03c123484b061ad93a35a2cf23ab751fea31f43d9a0627bc420c87,318178894,2025-03-22 00:21:46.000 UTC,arbitrum,0xaf88d065e77c8cc2239327c5edb3a432268e5831,unBlacklist(address),,BLACKLISTER,,,Circle
CU-IMP-2339,ONCHAIN_TX,0x9f740c331d548e489094240059dbd308c3373564aaa339e5b168782f3574336f,318178904,2025-03-22 00:21:49.000 UTC,arbitrum,0xaf88d065e77c8cc2239327c5edb3a432268e5831,unBlacklist(address),,BLACKLISTER,,,Circle
CU-IMP-2340,ONCHAIN_TX,0x79b7364db466fada644658fadb5a54d6df8f95a314429e792b49163d069ed0a7,318178914,2025-03-22 00:21:51.000 UTC,arbitrum,0xaf88d065e77c8cc2239327c5edb3a432268e5831,unBlacklist(address),,BLACKLISTER,,,Circle
CU-IMP-2341,ONCHAIN_TX,0x311bb8a5d6c6ade5ad3bd2f8a976e2539a4f157a3cc0e4f46a7b5478f8d73b4b,318178923,2025-03-22 00:21:54.000 UTC,arbitrum,0xaf88d065e77c8cc2239327c5edb3a432268e5831,unBlacklist(address),,BLACKLISTER,,,Circle
CU-IMP-2342,ONCHAIN_TX,0x42d3c3d400b224e63caa3439832237f89813c9382703f7b76294f55ac4785d58,318178933,2025-03-22 00:21:56.000 UTC,arbitrum,0xaf88d065e77c8cc2239327c5edb3a432268e5831,unBlacklist(address),,BLACKLISTER,,,Circle
CU-IMP-2343,ONCHAIN_TX,0x12096f9838247eb8645ce06de6fd5021e55a86239ab2535192174c7028fe3ad4,318178942,2025-03-22 00:21:59.000 UTC,arbitrum,0xaf88d065e77c8cc2239327c5edb3a432268e5831,unBlacklist(address),,BLACKLISTER,,,Circle
CU-IMP-2344,ONCHAIN_TX,0xaaad14cd6df1909e9e4181ea337187bb0d4abc68b8bd208e724c810e62856255,318178951,2025-03-22 00:22:01.000 UTC,arbitrum,0xaf88d065e77c8cc2239327c5edb3a432268e5831,unBlacklist(address),,BLACKLISTER,,,Circle
CU-IMP-2345,ONCHAIN_TX,0xade906b614790c4ae5866fd9bb49ed9a7ba27e4b5fd79db5a80d9f4ee05b18b0,318178963,2025-03-22 00:22:04.000 UTC,arbitrum,0xaf88d065e77c8cc2239327c5edb3a432268e5831,unBlacklist(address),,BLACKLISTER,,,Circle
CU-IMP-2346,ONCHAIN_TX,0x86cb9ef01721cac8b91c95140235c507bb401c43918cc4248d57b924316c2f66,318178972,2025-03-22 00:22:06.000 UTC,arbitrum,0xaf88d065e77c8cc2239327c5edb3a432268e5831,unBlacklist(address),,BLACKLISTER,,,Circle
CU-IMP-2347,ONCHAIN_TX,0x87a22032bb339062526f4ccd076a71c806fcfc8884706ee18625361402e43aee,318178983,2025-03-22 00:22:09.000 UTC,arbitrum,0xaf88d065e77c8cc2239327c5edb3a432268e5831,unBlacklist(address),,BLACKLISTER,,,Circle
CU-IMP-2348,ONCHAIN_TX,0x5a023f5e02f9c0ca504d03330bbfdc8da4ea1ef913e546238aa41aade1eb8e4e,318178991,2025-03-22 00:22:11.000 UTC,arbitrum,0xaf88d065e77c8cc2239327c5edb3a432268e5831,unBlacklist(address),,BLACKLISTER,,,Circle
CU-IMP-2349,ONCHAIN_TX,0x23baf1eaee9d641d8660045877e2073de942722608311d60bf40fb6a56dcbc78,318179000,2025-03-22 00:22:13.000 UTC,arbitrum,0xaf88d065e77c8cc2239327c5edb3a432268e5831,unBlacklist(address),,BLACKLISTER,,,Circle
CU-IMP-2350,ONCHAIN_TX,0x23c88f418c38c4cd8a9a8258bb10b1dafdf0bf8d3e049c9bb39f296cdf994e65,318179010,2025-03-22 00:22:16.000 UTC,arbitrum,0xaf88d065e77c8cc2239327c5edb3a432268e5831,unBlacklist(address),,BLACKLISTER,,,Circle
CU-IMP-2351,ONCHAIN_TX,0xb987aaff8cbfbe6bef5e2e97cc91c04f3959195555561642fb9e9be85d471e4a,318179028,2025-03-22 00:22:20.000 UTC,arbitrum,0xaf88d065e77c8cc2239327c5edb3a432268e5831,unBlacklist(address),,BLACKLISTER,,,Circle
CU-IMP-2352,ONCHAIN_TX,0xb04389db04acff6293db9f60c0177a20a99f68af905a4468c6bd88834c106ff3,318179037,2025-03-22 00:22:23.000 UTC,arbitrum,0xaf88d065e77c8cc2239327c5edb3a432268e5831,unBlacklist(address),,BLACKLISTER,,,Circle
CU-IMP-2353,ONCHAIN_TX,0x0a9e3630b1474932b49af6798987df6986cb90906d5d3ee0d2bcb542e83dce30,318179047,2025-03-22 00:22:25.000 UTC,arbitrum,0xaf88d065e77c8cc2239327c5edb3a432268e5831,unBlacklist(address),,BLACKLISTER,,,Circle
CU-IMP-2354,ONCHAIN_TX,0xb8188a7fe5ddaa67bcbde1b460f7a6f8c1db3bf0b7a6ef6d7681c5f14a435092,318179056,2025-03-22 00:22:27.000 UTC,arbitrum,0xaf88d065e77c8cc2239327c5edb3a432268e5831,unBlacklist(address),,BLACKLISTER,,,Circle
CU-IMP-2355,ONCHAIN_TX,0x81d124bf01c532a0c52bbad2390c2279126846a92c9ac6ef442948a0530034af,318179583,2025-03-22 00:24:40.000 UTC,arbitrum,0xaf88d065e77c8cc2239327c5edb3a432268e5831,unBlacklist(address),,BLACKLISTER,,,Circle
CU-IMP-2356,ONCHAIN_TX,0x004fcd25f175fc8c09e9222338e8fc1014e14e34fd0594ffdc8121c513122eb6,318179589,2025-03-22 00:24:41.000 UTC,arbitrum,0xaf88d065e77c8cc2239327c5edb3a432268e5831,unBlacklist(address),,BLACKLISTER,,,Circle
CU-IMP-2357,ONCHAIN_TX,0xf28844be4cbf289b12a89c3ac0bc407e75f121429ae84811b152da8ca64b9552,318179594,2025-03-22 00:24:42.000 UTC,arbitrum,0xaf88d065e77c8cc2239327c5edb3a432268e5831,unBlacklist(address),,BLACKLISTER,,,Circle
CU-IMP-2358,ONCHAIN_TX,0x929a8fa1de8a9525fbaab77d3e9359333a955b1d381b1eb2d5608ff0fe80e1ef,318179600,2025-03-22 00:24:44.000 UTC,arbitrum,0xaf88d065e77c8cc2239327c5edb3a432268e5831,unBlacklist(address),,BLACKLISTER,,,Circle
CU-IMP-2359,ONCHAIN_TX,0xdca9b59cc2cd11ec63218248b403a75f83b5d4fef524f09adf4af84e6b4b81c3,318179606,2025-03-22 00:24:45.000 UTC,arbitrum,0xaf88d065e77c8cc2239327c5edb3a432268e5831,unBlacklist(address),,BLACKLISTER,,,Circle
CU-IMP-2360,ONCHAIN_TX,0x6db17319e85064697a0b51a309ef86945ef3ab1c2b1ab4c038a64927e6234564,318179612,2025-03-22 00:24:47.000 UTC,arbitrum,0xaf88d065e77c8cc2239327c5edb3a432268e5831,unBlacklist(address),,BLACKLISTER,,,Circle
CU-IMP-2361,ONCHAIN_TX,0xbba10a5dee74b6d91304e220c8402223bd65d5a541f3224b41d52fecb7957c24,318179617,2025-03-22 00:24:48.000 UTC,arbitrum,0xaf88d065e77c8cc2239327c5edb3a432268e5831,unBlacklist(address),,BLACKLISTER,,,Circle
CU-IMP-2362,ONCHAIN_TX,0x30f989fe761fce34534af82ac5f0c7c3ddae316792be79467490e85a06a75444,318179623,2025-03-22 00:24:50.000 UTC,arbitrum,0xaf88d065e77c8cc2239327c5edb3a432268e5831,unBlacklist(address),,BLACKLISTER,,,Circle
CU-IMP-2363,ONCHAIN_TX,0xcc1461064f0b3b8ff0102a325742e403fcdf5b70ecf4cb066454b4aba5269f95,318179628,2025-03-22 00:24:51.000 UTC,arbitrum,0xaf88d065e77c8cc2239327c5edb3a432268e5831,unBlacklist(address),,BLACKLISTER,,,Circle
CU-IMP-2364,ONCHAIN_TX,0x5affe47e6bdac0690b8f77fc641536b98ec0a7048424bd2ede25ed46e9efc778,318179637,2025-03-22 00:24:53.000 UTC,arbitrum,0xaf88d065e77c8cc2239327c5edb3a432268e5831,unBlacklist(address),,BLACKLISTER,,,Circle
CU-IMP-2365,ONCHAIN_TX,0x67d0a989b9c1a0013912b14e4385dfc1fe5fdd8d2f72a9f18cde64c6c0660f52,318179642,2025-03-22 00:24:55.000 UTC,arbitrum,0xaf88d065e77c8cc2239327c5edb3a432268e5831,unBlacklist(address),,BLACKLISTER,,,Circle
CU-IMP-2366,ONCHAIN_TX,0x86d99497b3589f527c1daeeacd24d4d9153e58d558d54ead07b67fb145c0ecf5,318179647,2025-03-22 00:24:56.000 UTC,arbitrum,0xaf88d065e77c8cc2239327c5edb3a432268e5831,unBlacklist(address),,BLACKLISTER,,,Circle
CU-IMP-2367,ONCHAIN_TX,0x623ef22ab7df1fae416f1372a222d918dff75f60cc3207343866df839250766e,318179652,2025-03-22 00:24:57.000 UTC,arbitrum,0xaf88d065e77c8cc2239327c5edb3a432268e5831,unBlacklist(address),,BLACKLISTER,,,Circle
CU-IMP-2368,ONCHAIN_TX,0x55de02a7ebf92250eea8cc0eba37dfb7fc2f5ff6bcf85348548f515544f575d0,318179657,2025-03-22 00:24:58.000 UTC,arbitrum,0xaf88d065e77c8cc2239327c5edb3a432268e5831,unBlacklist(address),,BLACKLISTER,,,Circle
CU-IMP-2369,ONCHAIN_TX,0x8f7647abc801d01e2b0ec0a7211ccbc0329927751e8a4bb8ea0ee04ec4d44020,318179662,2025-03-22 00:25:00.000 UTC,arbitrum,0xaf88d065e77c8cc2239327c5edb3a432268e5831,unBlacklist(address),,BLACKLISTER,,,Circle
CU-IMP-2370,ONCHAIN_TX,0xef18744185f8f55e3db803fb4cc3d87b18dfd97d22e6aa20d2f9227ea613ebb0,318179668,2025-03-22 00:25:01.000 UTC,arbitrum,0xaf88d065e77c8cc2239327c5edb3a432268e5831,unBlacklist(address),,BLACKLISTER,,,Circle
CU-IMP-2371,ONCHAIN_TX,0x09777b6b8505372c98f22bb8308de3ff717b70b33ff6233556d94ec9c9ce1777,322247900,2025-04-02 19:23:06.000 UTC,arbitrum,0xaf88d065e77c8cc2239327c5edb3a432268e5831,blacklist(address),,BLACKLISTER,,,Circle
CU-IMP-2372,ONCHAIN_TX,0x543536e2851a2d793ee7c78f762d35e785e3c6a4f7f0153def857a6ab1a35682,322248465,2025-04-02 19:25:28.000 UTC,arbitrum,0xaf88d065e77c8cc2239327c5edb3a432268e5831,blacklist(address),,BLACKLISTER,,,Circle
CU-IMP-2373,ONCHAIN_TX,0x1d010d6f609bdc0fa89647a1d0f05fbd19c051aad98a1dceb60c741863f90f67,322248615,2025-04-02 19:26:05.000 UTC,arbitrum,0xaf88d065e77c8cc2239327c5edb3a432268e5831,blacklist(address),,BLACKLISTER,,,Circle
CU-IMP-2374,ONCHAIN_TX,0x3205d7a729ca7ff26da88e68debcd28db3f19633ea9d33816948ad483348ef67,322248687,2025-04-02 19:26:23.000 UTC,arbitrum,0xaf88d065e77c8cc2239327c5edb3a432268e5831,blacklist(address),,BLACKLISTER,,,Circle
CU-IMP-2375,ONCHAIN_TX,0x7e7a342e6e7ca1a29128f4fe1798bd6438d4546d02b57f5a332735d45f1a2afc,322248761,2025-04-02 19:26:40.000 UTC,arbitrum,0xaf88d065e77c8cc2239327c5edb3a432268e5831,blacklist(address),,BLACKLISTER,,,Circle
CU-IMP-2376,ONCHAIN_TX,0x33d3e9de10982a3f1888bedabbb76020ec641239a5c173144ba43bd4bc62985c,322248836,2025-04-02 19:26:58.000 UTC,arbitrum,0xaf88d065e77c8cc2239327c5edb3a432268e5831,blacklist(address),,BLACKLISTER,,,Circle
CU-IMP-2377,ONCHAIN_TX,0xc2dbdbcc605ad6acb518d8766049d1c88a6a68623b8f800922bf89afadf940b4,322248907,2025-04-02 19:27:16.000 UTC,arbitrum,0xaf88d065e77c8cc2239327c5edb3a432268e5831,blacklist(address),,BLACKLISTER,,,Circle
CU-IMP-2378,ONCHAIN_TX,0x5539f8cc142051231467f94b081b2d0584e3f8a7500b2bdd3efb731429d8c994,322248987,2025-04-02 19:27:36.000 UTC,arbitrum,0xaf88d065e77c8cc2239327c5edb3a432268e5831,blacklist(address),,BLACKLISTER,,,Circle
CU-IMP-2379,ONCHAIN_TX,0xd9e118924b301ddd4d25871ab8cef8e53333d1a396a196bc0d9432792258088c,341859938,2025-05-29 19:49:05.000 UTC,arbitrum,0xaf88d065e77c8cc2239327c5edb3a432268e5831,blacklist(address),,BLACKLISTER,,,Circle
CU-IMP-2380,ONCHAIN_TX,0xa1c183856bce2bf37971797dc9f38aaa127ec9474420d6a0d8c1dcdec03217ac,341860127,2025-05-29 19:49:53.000 UTC,arbitrum,0xaf88d065e77c8cc2239327c5edb3a432268e5831,blacklist(address),,BLACKLISTER,,,Circle
CU-IMP-2381,ONCHAIN_TX,0xe46f59efe7a49df17e22ffd544341d19ab7c169b43f765551a92d62267e99c07,351895091,2025-06-27 23:01:57.000 UTC,arbitrum,0xaf88d065e77c8cc2239327c5edb3a432268e5831,blacklist(address),,BLACKLISTER,,,Circle
CU-IMP-2382,ONCHAIN_TX,0x900983a4878cae254cf0bf6bec7f87fdfe936d04d9ee406329f657e0cf455968,351931953,2025-06-28 01:35:59.000 UTC,arbitrum,0xaf88d065e77c8cc2239327c5edb3a432268e5831,blacklist(address),,BLACKLISTER,,,Circle
CU-IMP-2383,ONCHAIN_TX,0x9dba65b12290b63b3d333b42f5da7bbc94113d630bf71dded3ebd81466fd5b90,353219145,2025-07-01 19:06:37.000 UTC,arbitrum,0xaf88d065e77c8cc2239327c5edb3a432268e5831,blacklist(address),,BLACKLISTER,,,Circle
CU-IMP-2384,ONCHAIN_TX,0x432cde340747e70d1e0d0177d7e1a572179b1355ac3836d4d3e27e8a81223658,368469876,2025-08-14 21:50:43.000 UTC,arbitrum,0xaf88d065e77c8cc2239327c5edb3a432268e5831,blacklist(address),,BLACKLISTER,,,Circle
CU-IMP-2385,ONCHAIN_TX,0x08be019b10ab60e94cb2da55deda81699910e9fa6683c3d9bceb3c3e6e68c08e,368469881,2025-08-14 21:50:45.000 UTC,arbitrum,0xaf88d065e77c8cc2239327c5edb3a432268e5831,blacklist(address),,BLACKLISTER,,,Circle
CU-IMP-2386,ONCHAIN_TX,0x7903d23b71940194f823af2bc6aa41f112875d9dab9c5f18c444471a2770f1d0,368469885,2025-08-14 21:50:46.000 UTC,arbitrum,0xaf88d065e77c8cc2239327c5edb3a432268e5831,blacklist(address),,BLACKLISTER,,,Circle
CU-IMP-2387,ONCHAIN_TX,0x77d1b20bc60925335a9b031be1d312ad76c97c61e4497ee6b7e46afdda2f2efa,368469891,2025-08-14 21:50:47.000 UTC,arbitrum,0xaf88d065e77c8cc2239327c5edb3a432268e5831,blacklist(address),,BLACKLISTER,,,Circle
CU-IMP-2388,ONCHAIN_TX,0xa88bb11252405df17832197ee571f8be5cde3414f292ce07db48663011bc0a27,368469894,2025-08-14 21:50:48.000 UTC,arbitrum,0xaf88d065e77c8cc2239327c5edb3a432268e5831,blacklist(address),,BLACKLISTER,,,Circle
CU-IMP-2389,ONCHAIN_TX,0x5347e5a99cb2e2f4014eee6ee45e860ffba595ade1799d8de9d384f5e2dee74b,368469897,2025-08-14 21:50:49.000 UTC,arbitrum,0xaf88d065e77c8cc2239327c5edb3a432268e5831,blacklist(address),,BLACKLISTER,,,Circle
CU-IMP-2390,ONCHAIN_TX,0x78ee35051d4ac8121c28b4f90ccc1280347b93ec800488b6c59132874d363a08,368469900,2025-08-14 21:50:49.000 UTC,arbitrum,0xaf88d065e77c8cc2239327c5edb3a432268e5831,blacklist(address),,BLACKLISTER,,,Circle
CU-IMP-2391,ONCHAIN_TX,0x08321566b2368a769df2b76f18d37d763b23df7cda9701f124cfb3d3179e7bcd,368469903,2025-08-14 21:50:50.000 UTC,arbitrum,0xaf88d065e77c8cc2239327c5edb3a432268e5831,blacklist(address),,BLACKLISTER,,,Circle
CU-IMP-2392,ONCHAIN_TX,0x5c3785ae4f1b39298850c5d32e801df60be255979431d13e7c3a7f88f49ecca3,368469906,2025-08-14 21:50:51.000 UTC,arbitrum,0xaf88d065e77c8cc2239327c5edb3a432268e5831,blacklist(address),,BLACKLISTER,,,Circle
CU-IMP-2393,ONCHAIN_TX,0x4a2ca9e720a2cbda672db7ff00b8e263f21525586db4efc526d18ede57c4b2cb,368469910,2025-08-14 21:50:52.000 UTC,arbitrum,0xaf88d065e77c8cc2239327c5edb3a432268e5831,blacklist(address),,BLACKLISTER,,,Circle
CU-IMP-2394,ONCHAIN_TX,0xf8ef47a747f7b0a45681c597c3f6cac6955e23349e3891f787b2a1ce09c8bf1f,368469913,2025-08-14 21:50:53.000 UTC,arbitrum,0xaf88d065e77c8cc2239327c5edb3a432268e5831,blacklist(address),,BLACKLISTER,,,Circle
CU-IMP-2395,ONCHAIN_TX,0x5addd99b4ddefd9f489e1cf7781ff4e8d05bc31ea2d32988bd3d8b909674eb72,368469916,2025-08-14 21:50:53.000 UTC,arbitrum,0xaf88d065e77c8cc2239327c5edb3a432268e5831,blacklist(address),,BLACKLISTER,,,Circle
CU-IMP-2396,ONCHAIN_TX,0x779e9c60c8751ae3671d565e4f664fa3b9451a419c1755c9b2fe685765f07116,368469919,2025-08-14 21:50:54.000 UTC,arbitrum,0xaf88d065e77c8cc2239327c5edb3a432268e5831,blacklist(address),,BLACKLISTER,,,Circle
CU-IMP-2397,ONCHAIN_TX,0xe332a4592ef2429d8b4209a30e632728037240ab15684e5f86e8a8fc070bcb4b,368469922,2025-08-14 21:50:55.000 UTC,arbitrum,0xaf88d065e77c8cc2239327c5edb3a432268e5831,blacklist(address),,BLACKLISTER,,,Circle
CU-IMP-2398,ONCHAIN_TX,0xf9fa6fc5dd3e18373a4401a99147a4111046d00f2b50abcacd65c8f27a4a423d,368469925,2025-08-14 21:50:56.000 UTC,arbitrum,0xaf88d065e77c8cc2239327c5edb3a432268e5831,blacklist(address),,BLACKLISTER,,,Circle
CU-IMP-2399,ONCHAIN_TX,0x4125cc93c8999c29153e3bc80b6226336bd562a1f52e898401277ee3d6ed2ef3,368469929,2025-08-14 21:50:57.000 UTC,arbitrum,0xaf88d065e77c8cc2239327c5edb3a432268e5831,blacklist(address),,BLACKLISTER,,,Circle
CU-IMP-2400,ONCHAIN_TX,0x81c0928f0da2c75154fad3dfa44e1fd93ac783d68b11229b116430e528d17d3f,368469932,2025-08-14 21:50:57.000 UTC,arbitrum,0xaf88d065e77c8cc2239327c5edb3a432268e5831,blacklist(address),,BLACKLISTER,,,Circle
CU-IMP-2401,ONCHAIN_TX,0x707ab81da4ed004608208ce7d4a6daf3bec0d6fe8075a8044e864e3846c69e9a,368469935,2025-08-14 21:50:58.000 UTC,arbitrum,0xaf88d065e77c8cc2239327c5edb3a432268e5831,blacklist(address),,BLACKLISTER,,,Circle
CU-IMP-2402,ONCHAIN_TX,0x01acfab047dc1dc94e2bcad14005afbcd42a07a7b577e5f20a3f345069942501,372613145,2025-08-26 21:11:21.000 UTC,arbitrum,0xaf88d065e77c8cc2239327c5edb3a432268e5831,blacklist(address),,BLACKLISTER,,,Circle
CU-IMP-2403,ONCHAIN_TX,0x1919fda1a20d95f26ddb2f879af8230fb49a15c7fee69a0794e92e854295b5b5,372966430,2025-08-27 21:41:03.000 UTC,arbitrum,0xaf88d065e77c8cc2239327c5edb3a432268e5831,unBlacklist(address),,BLACKLISTER,,,Circle
CU-IMP-2404,ONCHAIN_TX,0xd95da2bd03e5e950e9bc72b1787f5e9bf263d8d1b4291cf56a52917679d6d512,378398313,2025-09-12 14:32:05.000 UTC,arbitrum,0xaf88d065e77c8cc2239327c5edb3a432268e5831,blacklist(address),,BLACKLISTER,,,Circle
CU-IMP-2405,ONCHAIN_TX,0xfa05d312bbeba88244b3cfd0654603063a8ee911ad1048449fdfdf4ae5bb4a50,378398890,2025-09-12 14:34:29.000 UTC,arbitrum,0xaf88d065e77c8cc2239327c5edb3a432268e5831,unBlacklist(address),,BLACKLISTER,,,Circle
CU-IMP-2406,ONCHAIN_TX,0xfb68f99d16fa5187665e1f37f872b78298349364af4df2b2f023a17fecb10345,379800818,2025-09-16 15:58:48.000 UTC,arbitrum,0xaf88d065e77c8cc2239327c5edb3a432268e5831,blacklist(address),,BLACKLISTER,,,Circle
CU-IMP-2407,ONCHAIN_TX,0xc12aee40968ce0ec0298ec0200410de7a83ed6a8c710be0ea80f91ca9ccb6dd3,379801029,2025-09-16 15:59:41.000 UTC,arbitrum,0xaf88d065e77c8cc2239327c5edb3a432268e5831,blacklist(address),,BLACKLISTER,,,Circle
CU-IMP-2408,ONCHAIN_TX,0x719920a9555c457abef718d17638935fff335d201b6e24fc4c05324ceb2c259c,379801193,2025-09-16 16:00:22.000 UTC,arbitrum,0xaf88d065e77c8cc2239327c5edb3a432268e5831,blacklist(address),,BLACKLISTER,,,Circle
CU-IMP-2409,ONCHAIN_TX,0x4ca83a8ca1a1cfee6ebdf7127d616813715576de4e19ad5da050524d202d8c6a,379801591,2025-09-16 16:02:02.000 UTC,arbitrum,0xaf88d065e77c8cc2239327c5edb3a432268e5831,blacklist(address),,BLACKLISTER,,,Circle
CU-IMP-2410,ONCHAIN_TX,0x2acf5dbbc207d824d903ac704391908626dbf15150530a31fc6230dc62f1caa5,379801669,2025-09-16 16:02:22.000 UTC,arbitrum,0xaf88d065e77c8cc2239327c5edb3a432268e5831,blacklist(address),,BLACKLISTER,,,Circle
CU-IMP-2411,ONCHAIN_TX,0x032ada713e46775885f6741a2d7da343f10d9882816c699a8d4cb3b578efc31d,379802273,2025-09-16 16:04:52.000 UTC,arbitrum,0xaf88d065e77c8cc2239327c5edb3a432268e5831,blacklist(address),,BLACKLISTER,,,Circle
CU-IMP-2412,ONCHAIN_TX,0xe5a0a4c546c78eaeda84610bc497b3f741a77147aa58a3e2d8ce38a9225c79f7,379802494,2025-09-16 16:05:47.000 UTC,arbitrum,0xaf88d065e77c8cc2239327c5edb3a432268e5831,blacklist(address),,BLACKLISTER,,,Circle
CU-IMP-2413,ONCHAIN_TX,0xab2db7041dc6f7656ac6035d96a03860327dcd6d22d18b4739345f7f63c7c13c,380175083,2025-09-17 17:58:30.000 UTC,arbitrum,0xaf88d065e77c8cc2239327c5edb3a432268e5831,blacklist(address),,BLACKLISTER,,,Circle
CU-IMP-2414,ONCHAIN_TX,0xf430ae2dea34448c4099e2977ab1406b388d343d5c98d0d696a93c07b585342a,380175320,2025-09-17 17:59:28.000 UTC,arbitrum,0xaf88d065e77c8cc2239327c5edb3a432268e5831,blacklist(address),,BLACKLISTER,,,Circle
CU-IMP-2415,ONCHAIN_TX,0x96e24a3bd82bc5ac7b4349ad249894b9d3e410caa1c421caed093f28e85c8ad3,380175557,2025-09-17 18:00:28.000 UTC,arbitrum,0xaf88d065e77c8cc2239327c5edb3a432268e5831,blacklist(address),,BLACKLISTER,,,Circle
CU-IMP-2416,ONCHAIN_TX,0x12b99449f273db6aeb3f9a63d4ff2a6f37c31cd3c667273caf12e8c8e070fdd7,382226306,2025-09-23 16:19:02.000 UTC,arbitrum,0xaf88d065e77c8cc2239327c5edb3a432268e5831,blacklist(address),,BLACKLISTER,,,Circle
CU-IMP-2417,ONCHAIN_TX,0xb28254a3c6eb9b486426919b6a4434547409c752e5c9d769db7282156cbeaa97,382575832,2025-09-24 16:31:59.000 UTC,arbitrum,0xaf88d065e77c8cc2239327c5edb3a432268e5831,blacklist(address),,BLACKLISTER,,,Circle
CU-IMP-2418,ONCHAIN_TX,0x6f9ff030b10dbeeeb783713d50e568804ad17d268ae069a00ad561d5ae902803,389542499,2025-10-14 19:28:24.000 UTC,arbitrum,0xaf88d065e77c8cc2239327c5edb3a432268e5831,blacklist(address),,BLACKLISTER,,,Circle
CU-IMP-2419,ONCHAIN_TX,0x6e80d97386f9d8b5205434325720ea8acd1f57ab066d430e26ef8eeb8b5e3810,389542725,2025-10-14 19:29:19.000 UTC,arbitrum,0xaf88d065e77c8cc2239327c5edb3a432268e5831,blacklist(address),,BLACKLISTER,,,Circle
CU-IMP-2420,ONCHAIN_TX,0x7bb7914a179baa28e95b94f24fa299cdb2f8d537fc5ca43cf67645f48b7dfb1f,389543399,2025-10-14 19:32:08.000 UTC,arbitrum,0xaf88d065e77c8cc2239327c5edb3a432268e5831,blacklist(address),,BLACKLISTER,,,Circle
CU-IMP-2421,ONCHAIN_TX,0x1ea7f6b358721d208e707cdc849be99efd0d8dc642c12b8cb6f96b71c734a0d3,389543518,2025-10-14 19:32:38.000 UTC,arbitrum,0xaf88d065e77c8cc2239327c5edb3a432268e5831,blacklist(address),,BLACKLISTER,,,Circle
CU-IMP-2422,ONCHAIN_TX,0xf3731938545eeafd2f46bc7bc4fcee2f1af8dbef5d1f70ed948c9b8f99fe99c6,396776787,2025-11-04 17:20:55.000 UTC,arbitrum,0xaf88d065e77c8cc2239327c5edb3a432268e5831,blacklist(address),,BLACKLISTER,,,Circle
CU-IMP-2423,ONCHAIN_TX,0x4d8c113517631d72aeea53be9193ab8361cbcdce23b2d6552c828169ce42ae20,396777166,2025-11-04 17:22:30.000 UTC,arbitrum,0xaf88d065e77c8cc2239327c5edb3a432268e5831,blacklist(address),,BLACKLISTER,,,Circle
CU-IMP-2424,ONCHAIN_TX,0x069baabd4e27eb2577900a46cb09037e05ea900ad457150d29bf5036eb9282a9,396777260,2025-11-04 17:22:53.000 UTC,arbitrum,0xaf88d065e77c8cc2239327c5edb3a432268e5831,blacklist(address),,BLACKLISTER,,,Circle
CU-IMP-2425,ONCHAIN_TX,0x832af1ba0efc71ff55de162203baec258991c9fb43c359113c86fe44a5d6ff34,396777299,2025-11-04 17:23:03.000 UTC,arbitrum,0xaf88d065e77c8cc2239327c5edb3a432268e5831,blacklist(address),,BLACKLISTER,,,Circle
CU-IMP-2426,ONCHAIN_TX,0xcb07f20bd4ab6e86048721b78654adad2070b49ee955e851ab2cb19dd79b31e5,396777303,2025-11-04 17:23:04.000 UTC,arbitrum,0xaf88d065e77c8cc2239327c5edb3a432268e5831,blacklist(address),,BLACKLISTER,,,Circle
CU-IMP-2427,ONCHAIN_TX,0x4fc11db410edbe27524e9b82f26ff4ac3171a73918f3597676c70e0370bf09f7,396777342,2025-11-04 17:23:14.000 UTC,arbitrum,0xaf88d065e77c8cc2239327c5edb3a432268e5831,blacklist(address),,BLACKLISTER,,,Circle
CU-IMP-2428,ONCHAIN_TX,0xba41575567fe7eeff2c8becedf8eafb90095059d11b40e998f56befe7e1dc7f7,396777990,2025-11-04 17:25:56.000 UTC,arbitrum,0xaf88d065e77c8cc2239327c5edb3a432268e5831,blacklist(address),,BLACKLISTER,,,Circle
CU-IMP-2429,ONCHAIN_TX,0xeed39f357b8572d8e45cfa69be8aa4695532e5b446995e49a7b15294963e5d73,396778641,2025-11-04 17:28:37.000 UTC,arbitrum,0xaf88d065e77c8cc2239327c5edb3a432268e5831,blacklist(address),,BLACKLISTER,,,Circle
CU-IMP-2430,ONCHAIN_TX,0x13ea9a7566140b1dbbf8ba49994c86ef92ccf97695b953aee303262b4aa62368,396778806,2025-11-04 17:29:19.000 UTC,arbitrum,0xaf88d065e77c8cc2239327c5edb3a432268e5831,blacklist(address),,BLACKLISTER,,,Circle
CU-IMP-2431,ONCHAIN_TX,0xfd1c5d8fa9720e84a771c7eee15ceee5f49cd520d72a92621bfd1afd39944e58,396778851,2025-11-04 17:29:30.000 UTC,arbitrum,0xaf88d065e77c8cc2239327c5edb3a432268e5831,blacklist(address),,BLACKLISTER,,,Circle
CU-IMP-2432,ONCHAIN_TX,0x8aa8ca4894e81db104c4c8f5547790a1a7e6eec771a5ce3e690b43443e25b3a6,396778979,2025-11-04 17:30:02.000 UTC,arbitrum,0xaf88d065e77c8cc2239327c5edb3a432268e5831,blacklist(address),,BLACKLISTER,,,Circle
CU-IMP-2433,ONCHAIN_TX,0x5c3495101571f8b060c7629ffa84284ab9ce75eb330ef8555f0e14738e62cb59,396780045,2025-11-04 17:34:27.000 UTC,arbitrum,0xaf88d065e77c8cc2239327c5edb3a432268e5831,blacklist(address),,BLACKLISTER,,,Circle
CU-IMP-2434,ONCHAIN_TX,0xf93b6c3b672fd5d09084c5db8781ea0333af361ddbb2573884f39b0f8a540050,396780052,2025-11-04 17:34:29.000 UTC,arbitrum,0xaf88d065e77c8cc2239327c5edb3a432268e5831,blacklist(address),,BLACKLISTER,,,Circle
CU-IMP-2435,ONCHAIN_TX,0x904b2ab73e19361f2c8fb23a66f7273fc475199d20a6105469565d064b54cd9d,396780712,2025-11-04 17:37:14.000 UTC,arbitrum,0xaf88d065e77c8cc2239327c5edb3a432268e5831,blacklist(address),,BLACKLISTER,,,Circle
CU-IMP-2436,ONCHAIN_TX,0x47ee4d77d8d7f36575b7290e84e2b0a2a08a7b4066c147bbc3cdc022d36a2881,396780976,2025-11-04 17:38:21.000 UTC,arbitrum,0xaf88d065e77c8cc2239327c5edb3a432268e5831,blacklist(address),,BLACKLISTER,,,Circle
CU-IMP-2437,ONCHAIN_TX,0x542cdfc6f776bacbc3680a7174f15ef26a12f245eaf840a677c716ec56a69338,396781467,2025-11-04 17:40:22.000 UTC,arbitrum,0xaf88d065e77c8cc2239327c5edb3a432268e5831,blacklist(address),,BLACKLISTER,,,Circle
CU-IMP-2438,ONCHAIN_TX,0xbc05d8198ea203e9e28378d8cf3fce9b95d817e77dd0a570f90d7b6d475a3da3,396781806,2025-11-04 17:41:47.000 UTC,arbitrum,0xaf88d065e77c8cc2239327c5edb3a432268e5831,blacklist(address),,BLACKLISTER,,,Circle
CU-IMP-2439,ONCHAIN_TX,0xb7a4ca19845d3c5fb2dad4e9b41db44c2c832e20244f15de47ac6dd2e67689f1,396781977,2025-11-04 17:42:30.000 UTC,arbitrum,0xaf88d065e77c8cc2239327c5edb3a432268e5831,blacklist(address),,BLACKLISTER,,,Circle
CU-IMP-2440,ONCHAIN_TX,0x7ca537eb446e957c4827c1199bb4536d0616b8b9040279cd07c6e2bd52c3bad3,396782242,2025-11-04 17:43:36.000 UTC,arbitrum,0xaf88d065e77c8cc2239327c5edb3a432268e5831,blacklist(address),,BLACKLISTER,,,Circle
CU-IMP-2441,ONCHAIN_TX,0x5dceada809b75ca1873281d79963570c76ae447a0b486e4663c29ab8bd768a8c,396782285,2025-11-04 17:43:47.000 UTC,arbitrum,0xaf88d065e77c8cc2239327c5edb3a432268e5831,blacklist(address),,BLACKLISTER,,,Circle
CU-IMP-2442,ONCHAIN_TX,0x1b20f80efd041e17471e630957bf696a281cd12a445a9df104e771e22581a6d9,396782328,2025-11-04 17:43:58.000 UTC,arbitrum,0xaf88d065e77c8cc2239327c5edb3a432268e5831,blacklist(address),,BLACKLISTER,,,Circle
CU-IMP-2443,ONCHAIN_TX,0x32898f5e2c7a1470f914149cc280508d3d3634c2a008dba0e0aa4ab18fc32ab5,396782662,2025-11-04 17:45:22.000 UTC,arbitrum,0xaf88d065e77c8cc2239327c5edb3a432268e5831,blacklist(address),,BLACKLISTER,,,Circle
CU-IMP-2444,ONCHAIN_TX,0x44cf934a454d47c3e7a09ab0ae72dcc1adbca8682b8dd30856b7d93f1f93fda1,396783260,2025-11-04 17:47:46.000 UTC,arbitrum,0xaf88d065e77c8cc2239327c5edb3a432268e5831,blacklist(address),,BLACKLISTER,,,Circle
CU-IMP-2445,ONCHAIN_TX,0x418f36120eb6ad9d614a549e594abaf75ad939637caae8de508ab2f0cd3e309c,396783319,2025-11-04 17:48:01.000 UTC,arbitrum,0xaf88d065e77c8cc2239327c5edb3a432268e5831,blacklist(address),,BLACKLISTER,,,Circle
CU-IMP-2446,ONCHAIN_TX,0xed7ac0c4f209796914f1d802d2450c391c530142129a32851014258ab4660426,396783739,2025-11-04 17:49:46.000 UTC,arbitrum,0xaf88d065e77c8cc2239327c5edb3a432268e5831,blacklist(address),,BLACKLISTER,,,Circle
CU-IMP-2447,ONCHAIN_TX,0x021707cdfcaf5895e0c29f2bde90a82d74040f07bb8c7b738cc7d9a3806d9285,396784916,2025-11-04 17:54:39.000 UTC,arbitrum,0xaf88d065e77c8cc2239327c5edb3a432268e5831,blacklist(address),,BLACKLISTER,,,Circle
CU-IMP-2448,ONCHAIN_TX,0xcb12e9b1a973f82b011233b5ad198dc3e65d10bb9a32b80ae97c13a6776e366d,396785138,2025-11-04 17:55:35.000 UTC,arbitrum,0xaf88d065e77c8cc2239327c5edb3a432268e5831,blacklist(address),,BLACKLISTER,,,Circle
CU-IMP-2449,ONCHAIN_TX,0x6f352eda68fb0d013b20ad0e36b693a7b3cbdf69aa5bac84f6752e353d4e15c0,396785568,2025-11-04 17:57:23.000 UTC,arbitrum,0xaf88d065e77c8cc2239327c5edb3a432268e5831,blacklist(address),,BLACKLISTER,,,Circle
CU-IMP-2450,ONCHAIN_TX,0xec7f650a5806a701a03c970b0594711c06bbde6edce61248f9db00eebf8a3e1b,396785894,2025-11-04 17:58:45.000 UTC,arbitrum,0xaf88d065e77c8cc2239327c5edb3a432268e5831,blacklist(address),,BLACKLISTER,,,Circle
CU-IMP-2451,ONCHAIN_TX,0xe222a71177bd0a556b50971550145131598b010a114d5c39eb00697eb5479165,396787006,2025-11-04 18:03:22.000 UTC,arbitrum,0xaf88d065e77c8cc2239327c5edb3a432268e5831,blacklist(address),,BLACKLISTER,,,Circle
CU-IMP-2452,ONCHAIN_TX,0x4d14c8ab7b609d15ed1b8b173f3e9041f940abf3f0d256ae81edc8880d811efb,396787180,2025-11-04 18:04:06.000 UTC,arbitrum,0xaf88d065e77c8cc2239327c5edb3a432268e5831,blacklist(address),,BLACKLISTER,,,Circle
CU-IMP-2453,ONCHAIN_TX,0xab2b850d0cb424a6ca2c695f5f441e24f48164b7519a21e084bcee15ca70c666,396787435,2025-11-04 18:05:10.000 UTC,arbitrum,0xaf88d065e77c8cc2239327c5edb3a432268e5831,blacklist(address),,BLACKLISTER,,,Circle
CU-IMP-2454,ONCHAIN_TX,0x793b22378c0a8db1b630b9cf7e81de015592d86247999f92095e0ef33dcd1532,396788028,2025-11-04 18:07:37.000 UTC,arbitrum,0xaf88d065e77c8cc2239327c5edb3a432268e5831,blacklist(address),,BLACKLISTER,,,Circle
CU-IMP-2455,ONCHAIN_TX,0x732e0f18be737d6bd83ed4e037709d69c09bdb5b0dea514e6c0aa7d957de4c27,396788578,2025-11-04 18:09:55.000 UTC,arbitrum,0xaf88d065e77c8cc2239327c5edb3a432268e5831,blacklist(address),,BLACKLISTER,,,Circle
CU-IMP-2456,ONCHAIN_TX,0xe52b2f53e3b1f9dfc0df8ee951f744565aaefa6a403c788cfac7c05ff992475d,396788621,2025-11-04 18:10:06.000 UTC,arbitrum,0xaf88d065e77c8cc2239327c5edb3a432268e5831,blacklist(address),,BLACKLISTER,,,Circle
CU-IMP-2457,ONCHAIN_TX,0x702f8a12390e0d3aa157f99f42e7bc427d7ebbc17c7761e086f41287e4035548,396788878,2025-11-04 18:11:11.000 UTC,arbitrum,0xaf88d065e77c8cc2239327c5edb3a432268e5831,blacklist(address),,BLACKLISTER,,,Circle
CU-IMP-2458,ONCHAIN_TX,0x046f0b523ca4e0fda3321165252da3376d0629dd25dcfa7e01dd9620cf55617b,396789570,2025-11-04 18:14:04.000 UTC,arbitrum,0xaf88d065e77c8cc2239327c5edb3a432268e5831,blacklist(address),,BLACKLISTER,,,Circle
CU-IMP-2459,ONCHAIN_TX,0x0ea04afc1eed02e22df8a302731dcc1bc18d88c0b675af657f05116eef51fc16,396789763,2025-11-04 18:14:53.000 UTC,arbitrum,0xaf88d065e77c8cc2239327c5edb3a432268e5831,blacklist(address),,BLACKLISTER,,,Circle
CU-IMP-2460,ONCHAIN_TX,0xe190e5ed9b77a95646fce1a0ba5f0818540655a91b60ccd4161fca9b471ba454,396789958,2025-11-04 18:15:42.000 UTC,arbitrum,0xaf88d065e77c8cc2239327c5edb3a432268e5831,blacklist(address),,BLACKLISTER,,,Circle
CU-IMP-2461,ONCHAIN_TX,0x651870aab5b639406a09287c5acfc1a1ca7e4344206a49b4072680cc8dd035fe,396791151,2025-11-04 18:20:40.000 UTC,arbitrum,0xaf88d065e77c8cc2239327c5edb3a432268e5831,blacklist(address),,BLACKLISTER,,,Circle
CU-IMP-2462,ONCHAIN_TX,0xe8e5ebb3ee24193ac75c0c672042d86fb618b768215e9bb3f5b9db5fccda5eef,396791362,2025-11-04 18:21:33.000 UTC,arbitrum,0xaf88d065e77c8cc2239327c5edb3a432268e5831,blacklist(address),,BLACKLISTER,,,Circle
CU-IMP-2463,ONCHAIN_TX,0x2172194346a626c54ea6c2f05b72c09788cda4de6125d2e7864bd22daf1a42c2,396791977,2025-11-04 18:24:07.000 UTC,arbitrum,0xaf88d065e77c8cc2239327c5edb3a432268e5831,blacklist(address),,BLACKLISTER,,,Circle
CU-IMP-2464,ONCHAIN_TX,0x3aec6e553e24ba89fdcd1d9d41f0c5134c961c3a6f96b43ed5c48a0d6ed800bd,396791991,2025-11-04 18:24:10.000 UTC,arbitrum,0xaf88d065e77c8cc2239327c5edb3a432268e5831,blacklist(address),,BLACKLISTER,,,Circle
CU-IMP-2465,ONCHAIN_TX,0x324f187cd053ac6c4c48b2bd207b8b28e7e7bebb67f0340831312a25701c55b9,396792125,2025-11-04 18:24:42.000 UTC,arbitrum,0xaf88d065e77c8cc2239327c5edb3a432268e5831,blacklist(address),,BLACKLISTER,,,Circle
CU-IMP-2466,ONCHAIN_TX,0x1ef993ddfc8ad93f0bc502f2413950e95c0770e4fc4baba3763002aebaefd526,396792550,2025-11-04 18:26:29.000 UTC,arbitrum,0xaf88d065e77c8cc2239327c5edb3a432268e5831,blacklist(address),,BLACKLISTER,,,Circle
CU-IMP-2467,ONCHAIN_TX,0x4539877adeffecddafea3ddc9865db8008e08d320339ce6783e502eb272a341c,396793145,2025-11-04 18:28:58.000 UTC,arbitrum,0xaf88d065e77c8cc2239327c5edb3a432268e5831,blacklist(address),,BLACKLISTER,,,Circle
CU-IMP-2468,ONCHAIN_TX,0x7208b845b79d0dd6a555a20557ce8801a4f05596fbfce166ba5ce07a03036773,396793188,2025-11-04 18:29:08.000 UTC,arbitrum,0xaf88d065e77c8cc2239327c5edb3a432268e5831,blacklist(address),,BLACKLISTER,,,Circle
CU-IMP-2469,ONCHAIN_TX,0x07fc20f356f6524989dda16464fe905defbf7a1b5cf50c6dc95f4dd434f47654,396793396,2025-11-04 18:30:01.000 UTC,arbitrum,0xaf88d065e77c8cc2239327c5edb3a432268e5831,blacklist(address),,BLACKLISTER,,,Circle
CU-IMP-2470,ONCHAIN_TX,0x77b74a7ec8d00295a926c17919219acdd27aed8d649ffbd3090d4cf1ac0f5555,396795024,2025-11-04 18:36:47.000 UTC,arbitrum,0xaf88d065e77c8cc2239327c5edb3a432268e5831,blacklist(address),,BLACKLISTER,,,Circle
CU-IMP-2471,ONCHAIN_TX,0x7495883f84d588d89ec7344d0cc4978d650b5e79aad0bfa74673a1476f5cdf5e,396795424,2025-11-04 18:38:26.000 UTC,arbitrum,0xaf88d065e77c8cc2239327c5edb3a432268e5831,blacklist(address),,BLACKLISTER,,,Circle
CU-IMP-2472,ONCHAIN_TX,0xc100e7ec9af3e270a644f3b24b466c74a0db33dc4e3b7147004d44d1ea380075,396796621,2025-11-04 18:43:25.000 UTC,arbitrum,0xaf88d065e77c8cc2239327c5edb3a432268e5831,blacklist(address),,BLACKLISTER,,,Circle
CU-IMP-2473,ONCHAIN_TX,0x34de6b8f9e1c97f28ce0178ff3d6bbfee78c1b9a95805bab149e2ea1b19980b1,396797215,2025-11-04 18:45:54.000 UTC,arbitrum,0xaf88d065e77c8cc2239327c5edb3a432268e5831,blacklist(address),,BLACKLISTER,,,Circle
CU-IMP-2474,ONCHAIN_TX,0xb744c4080fee34882f4ecad5e7d66db6642e5d71261ed0f66a1f899a0ef6fc01,396797220,2025-11-04 18:45:55.000 UTC,arbitrum,0xaf88d065e77c8cc2239327c5edb3a432268e5831,blacklist(address),,BLACKLISTER,,,Circle
CU-IMP-2475,ONCHAIN_TX,0x8c5b9ca9294056eba460b3aba74142aaf81e819098cf712a502ee73b87bac5fa,401972812,2025-11-19 17:53:15.000 UTC,arbitrum,0xaf88d065e77c8cc2239327c5edb3a432268e5831,blacklist(address),,BLACKLISTER,,,Circle
CU-IMP-2476,ONCHAIN_TX,0x1775abb44828e8b1e8e60d688035bb33c72e661413927a7844d94cf0f69daf5d,401972863,2025-11-19 17:53:28.000 UTC,arbitrum,0xaf88d065e77c8cc2239327c5edb3a432268e5831,blacklist(address),,BLACKLISTER,,,Circle
CU-IMP-2477,ONCHAIN_TX,0x821fb52b2287f6788a8f3347f7a5864a4ffc73a88be27f603f9e31704109a26b,401973070,2025-11-19 17:54:20.000 UTC,arbitrum,0xaf88d065e77c8cc2239327c5edb3a432268e5831,blacklist(address),,BLACKLISTER,,,Circle
CU-IMP-2478,ONCHAIN_TX,0xa10f9c166530a31010830d6f3e2bc204b1949fd136d081543f441dcd388e0d6f,401973789,2025-11-19 17:57:21.000 UTC,arbitrum,0xaf88d065e77c8cc2239327c5edb3a432268e5831,blacklist(address),,BLACKLISTER,,,Circle
CU-IMP-2479,ONCHAIN_TX,0x8ded593052296c2ad1b3a5bee606a0a5b67a9296ae91a6a7a33215aa96213848,401975088,2025-11-19 18:02:45.000 UTC,arbitrum,0xaf88d065e77c8cc2239327c5edb3a432268e5831,blacklist(address),,BLACKLISTER,,,Circle
CU-IMP-2480,ONCHAIN_TX,0xa09cc2d96afdfdc8a4660eb57171d351a8a94155901f8f8aa37500fcb0f60f6f,401975118,2025-11-19 18:02:53.000 UTC,arbitrum,0xaf88d065e77c8cc2239327c5edb3a432268e5831,blacklist(address),,BLACKLISTER,,,Circle
CU-IMP-2481,ONCHAIN_TX,0x3c82d61457777133909ceb093a63441edb26169432cfdc6070159d6ab16016d9,401976591,2025-11-19 18:09:00.000 UTC,arbitrum,0xaf88d065e77c8cc2239327c5edb3a432268e5831,blacklist(address),,BLACKLISTER,,,Circle
CU-IMP-2482,ONCHAIN_TX,0xeafabd40e4f6f58751273c1ecd0e2206521805369cd57618c56ad94edf0f867d,401976845,2025-11-19 18:10:04.000 UTC,arbitrum,0xaf88d065e77c8cc2239327c5edb3a432268e5831,blacklist(address),,BLACKLISTER,,,Circle
CU-IMP-2483,ONCHAIN_TX,0xe8ad22ee5f3d5f9831191973fe4958fc5e817974bd8e12a1f56132742ab51db9,404376512,2025-11-26 16:50:20.000 UTC,arbitrum,0xaf88d065e77c8cc2239327c5edb3a432268e5831,blacklist(address),,BLACKLISTER,,,Circle
CU-IMP-2484,ONCHAIN_TX,0xcd262e5688fa477ea94d56dba12bb11d9e85bb4447bbaa19e35ac26edc8efa65,426862000,2026-01-30 16:40:22.000 UTC,arbitrum,0xaf88d065e77c8cc2239327c5edb3a432268e5831,blacklist(address),,BLACKLISTER,,,Circle
CU-IMP-2485,ONCHAIN_TX,0xfa4bdc4c19d3eb625b1fe41ab02c957fb07bc7ea96d99f7e1789d333dae68186,426862171,2026-01-30 16:41:04.000 UTC,arbitrum,0xaf88d065e77c8cc2239327c5edb3a432268e5831,blacklist(address),,BLACKLISTER,,,Circle
CU-IMP-2486,ONCHAIN_TX,0x5986eb8ca5a71dcaddd04cbba2091526dab9173cc9a22543a8aa2ad8255f7b86,426862490,2026-01-30 16:42:20.000 UTC,arbitrum,0xaf88d065e77c8cc2239327c5edb3a432268e5831,blacklist(address),,BLACKLISTER,,,Circle
CU-IMP-2487,ONCHAIN_TX,0x18a6dc37e434ffea0d06e88d941249b1fb94f4533e6faf2d705f142af0ca850f,426862538,2026-01-30 16:42:32.000 UTC,arbitrum,0xaf88d065e77c8cc2239327c5edb3a432268e5831,blacklist(address),,BLACKLISTER,,,Circle
CU-IMP-2488,ONCHAIN_TX,0x791e04ba6ac205222d0860cf4f83e3a3a1323a16b5fabe550842363240aec3b0,426863100,2026-01-30 16:44:53.000 UTC,arbitrum,0xaf88d065e77c8cc2239327c5edb3a432268e5831,blacklist(address),,BLACKLISTER,,,Circle
CU-IMP-2489,ONCHAIN_TX,0xf5240f8ff37b27b029be39a2e306e46be7ad04d639b838f1c4c8f3012b2b41bd,426863122,2026-01-30 16:44:58.000 UTC,arbitrum,0xaf88d065e77c8cc2239327c5edb3a432268e5831,blacklist(address),,BLACKLISTER,,,Circle
CU-IMP-2490,ONCHAIN_TX,0x7e747c17a0c9c90dccaf0c9773e1a6bf9ed072193436ffbc0fe687916098d0b9,426863815,2026-01-30 16:47:52.000 UTC,arbitrum,0xaf88d065e77c8cc2239327c5edb3a432268e5831,blacklist(address),,BLACKLISTER,,,Circle
CU-IMP-2491,ONCHAIN_TX,0xf07a45a42aa01e4c9f7d9efdd50b2f2d19d67e65d9d905bbadf543d268367e0d,441082059,2026-03-12 17:23:11.000 UTC,arbitrum,0xaf88d065e77c8cc2239327c5edb3a432268e5831,blacklist(address),,BLACKLISTER,,,Circle
CU-IMP-2492,ONCHAIN_TX,0xca56735ded023ef19949e52903be98cd5b34797a5fa99e5978935dce64c0aa94,441082275,2026-03-12 17:24:05.000 UTC,arbitrum,0xaf88d065e77c8cc2239327c5edb3a432268e5831,blacklist(address),,BLACKLISTER,,,Circle
CU-IMP-2493,ONCHAIN_TX,0x625b79baaeb9f17cd6b87a5ef89fa67c6fa5c1d8b2e6eee26f7102fd273be80c,441082976,2026-03-12 17:27:01.000 UTC,arbitrum,0xaf88d065e77c8cc2239327c5edb3a432268e5831,blacklist(address),,BLACKLISTER,,,Circle
CU-IMP-2494,ONCHAIN_TX,0x71a33fccd7587840767c7033d999857cabf090f193da0cbb0fd8e25a5cb528c5,441083795,2026-03-12 17:30:25.000 UTC,arbitrum,0xaf88d065e77c8cc2239327c5edb3a432268e5831,blacklist(address),,BLACKLISTER,,,Circle
CU-IMP-2495,ONCHAIN_TX,0x9b079cfc2f209198408b3fe0e051586e17ab60d979da251621230ce7d36d698f,441084308,2026-03-12 17:32:33.000 UTC,arbitrum,0xaf88d065e77c8cc2239327c5edb3a432268e5831,blacklist(address),,BLACKLISTER,,,Circle
CU-IMP-2496,ONCHAIN_TX,0x1356ca5efd6f02f23f378224d81146814dbb74284d1c6e82339ce57d3aa2019b,441085062,2026-03-12 17:35:38.000 UTC,arbitrum,0xaf88d065e77c8cc2239327c5edb3a432268e5831,blacklist(address),,BLACKLISTER,,,Circle
CU-IMP-2497,ONCHAIN_TX,0xc2ce85bc101f26ddc2e83d5eedd172281cea1429ffd51eae083cfc7639017f4e,441085446,2026-03-12 17:37:14.000 UTC,arbitrum,0xaf88d065e77c8cc2239327c5edb3a432268e5831,blacklist(address),,BLACKLISTER,,,Circle
CU-IMP-2498,ONCHAIN_TX,0x8f77bf299420e10d64a009b7f4977cfd086f60fbd4a5299e836d771459e1a7c2,441085535,2026-03-12 17:37:37.000 UTC,arbitrum,0xaf88d065e77c8cc2239327c5edb3a432268e5831,blacklist(address),,BLACKLISTER,,,Circle
CU-IMP-2499,ONCHAIN_TX,0x09cf686b2a239839fd159e3376237dccd8cbbbd889443c5554ad2cfec019b4f9,441086330,2026-03-12 17:40:55.000 UTC,arbitrum,0xaf88d065e77c8cc2239327c5edb3a432268e5831,blacklist(address),,BLACKLISTER,,,Circle
CU-IMP-2500,ONCHAIN_TX,0x13f77636228256531c68da35801be6c1ec3db4b462688d23135618ebb1129db9,441086461,2026-03-12 17:41:27.000 UTC,arbitrum,0xaf88d065e77c8cc2239327c5edb3a432268e5831,blacklist(address),,BLACKLISTER,,,Circle
CU-IMP-2501,ONCHAIN_TX,0xec2b90644030ebcf0ccf4dc7f91be266edaedab660bc0af601b1a2a8840f80c2,441087293,2026-03-12 17:44:56.000 UTC,arbitrum,0xaf88d065e77c8cc2239327c5edb3a432268e5831,blacklist(address),,BLACKLISTER,,,Circle
CU-IMP-2502,ONCHAIN_TX,0xbe97143046eb8a3200a42ef9f3e6b327c4f26bb79d092d727245450764a05b4b,441087777,2026-03-12 17:46:55.000 UTC,arbitrum,0xaf88d065e77c8cc2239327c5edb3a432268e5831,blacklist(address),,BLACKLISTER,,,Circle
CU-IMP-2503,ONCHAIN_TX,0x0d2d71551a79e678c72d4a841a71222fa514da2354cb2923b0d9219b4ad86fb8,441087992,2026-03-12 17:47:49.000 UTC,arbitrum,0xaf88d065e77c8cc2239327c5edb3a432268e5831,blacklist(address),,BLACKLISTER,,,Circle
CU-IMP-2504,ONCHAIN_TX,0xd8fea24ac32828c6ff6d128a3c7b9906b1203d4f1109a3537ebf0c3298d6f607,441088151,2026-03-12 17:48:29.000 UTC,arbitrum,0xaf88d065e77c8cc2239327c5edb3a432268e5831,blacklist(address),,BLACKLISTER,,,Circle
CU-IMP-2505,ONCHAIN_TX,0xba17f2da47e10d505fe4430049a2acb969d9b52e928ba3ecc51e086dd65d66a1,441088194,2026-03-12 17:48:40.000 UTC,arbitrum,0xaf88d065e77c8cc2239327c5edb3a432268e5831,blacklist(address),,BLACKLISTER,,,Circle
CU-IMP-2506,ONCHAIN_TX,0x012f4273a21c688e7f9ec7181b349d6f6f1ad04ba30393b499bdfa54fbcbeed0,441088476,2026-03-12 17:49:50.000 UTC,arbitrum,0xaf88d065e77c8cc2239327c5edb3a432268e5831,blacklist(address),,BLACKLISTER,,,Circle
CU-IMP-2507,ONCHAIN_TX,0xe534b327892be6097d5db76d3f1520231fe9e1ae4a055b723fd38571ccd50785,441088546,2026-03-12 17:50:08.000 UTC,arbitrum,0xaf88d065e77c8cc2239327c5edb3a432268e5831,blacklist(address),,BLACKLISTER,,,Circle
CU-IMP-2508,ONCHAIN_TX,0xc30ec6789d7ba1f65905f636cbafe6374b8e1da12a5b7e645ab42dfc4cfff02e,441088932,2026-03-12 17:51:45.000 UTC,arbitrum,0xaf88d065e77c8cc2239327c5edb3a432268e5831,blacklist(address),,BLACKLISTER,,,Circle
CU-IMP-2509,ONCHAIN_TX,0x16de00d1599379e2423aa55104ffecbb0d3229a4b3b30e8e22bcc610a47c3df7,441089077,2026-03-12 17:52:21.000 UTC,arbitrum,0xaf88d065e77c8cc2239327c5edb3a432268e5831,blacklist(address),,BLACKLISTER,,,Circle
CU-IMP-2510,ONCHAIN_TX,0xe969cd56370779e0e8666abfc7e1adb78636a14bb0e41fb18d30eb0ce607e0eb,441089674,2026-03-12 17:54:49.000 UTC,arbitrum,0xaf88d065e77c8cc2239327c5edb3a432268e5831,blacklist(address),,BLACKLISTER,,,Circle
CU-IMP-2511,ONCHAIN_TX,0xbeef29b4858cc0aa290bd4c4ae4d053f2a149bec2328ff6e0e81acb16291797a,441090026,2026-03-12 17:56:17.000 UTC,arbitrum,0xaf88d065e77c8cc2239327c5edb3a432268e5831,blacklist(address),,BLACKLISTER,,,Circle
CU-IMP-2512,ONCHAIN_TX,0xbbed9fcc246fca5088966b4bae3f5179bb8bf1529c9dbeda152a1d72f4802278,107482268,2023-07-28 16:55:13.000 UTC,optimism,0x0b2c639c533813f4aa9d7837caf62653d097ff85,blacklist(address),,BLACKLISTER,,,Circle
CU-IMP-2513,ONCHAIN_TX,0xc410055a210a7d8219f71b504689d7965de6541c6d1e1dbd2e9549596e352373,107482659,2023-07-28 17:08:15.000 UTC,optimism,0x0b2c639c533813f4aa9d7837caf62653d097ff85,unBlacklist(address),,BLACKLISTER,,,Circle
CU-IMP-2514,ONCHAIN_TX,0xb71216faafc6103951cf051d1e9fb896f5339ce7ce117d000d4eb156828a5c17,107608515,2023-07-31 15:03:27.000 UTC,optimism,0x0b2c639c533813f4aa9d7837caf62653d097ff85,blacklist(address),,BLACKLISTER,,,Circle
CU-IMP-2515,ONCHAIN_TX,0xa4f3ef749793b6b3f343bfbe7c916d2e1a32962e00b48fbeb89fbb1d41d9c77a,107608530,2023-07-31 15:03:57.000 UTC,optimism,0x0b2c639c533813f4aa9d7837caf62653d097ff85,blacklist(address),,BLACKLISTER,,,Circle
CU-IMP-2516,ONCHAIN_TX,0x96d76a3118e68d23f8906dfb78e22f6be17f8a5131b4249ce9239d22c2f2a932,107608540,2023-07-31 15:04:17.000 UTC,optimism,0x0b2c639c533813f4aa9d7837caf62653d097ff85,blacklist(address),,BLACKLISTER,,,Circle
CU-IMP-2517,ONCHAIN_TX,0xff7de64bf0befd6b7de68d2a5b3d9db822f53ebed73742f44d4d07a9c57a147b,107608549,2023-07-31 15:04:35.000 UTC,optimism,0x0b2c639c533813f4aa9d7837caf62653d097ff85,blacklist(address),,BLACKLISTER,,,Circle
CU-IMP-2518,ONCHAIN_TX,0x510b14506bc2db7246ef3bebc5c63b490e2b9578dd6d9928749cf3fbc3dfd0b7,107608560,2023-07-31 15:04:57.000 UTC,optimism,0x0b2c639c533813f4aa9d7837caf62653d097ff85,blacklist(address),,BLACKLISTER,,,Circle
CU-IMP-2519,ONCHAIN_TX,0xf58c6134bef7a040e695789716451fedea189cd6e3ec7340a42946d451531f32,107608568,2023-07-31 15:05:13.000 UTC,optimism,0x0b2c639c533813f4aa9d7837caf62653d097ff85,blacklist(address),,BLACKLISTER,,,Circle
CU-IMP-2520,ONCHAIN_TX,0xbb4d8ca890325a6a21b35f2d2ec5431044032bfde8815250c2d44212a569fdec,107608578,2023-07-31 15:05:33.000 UTC,optimism,0x0b2c639c533813f4aa9d7837caf62653d097ff85,blacklist(address),,BLACKLISTER,,,Circle
CU-IMP-2521,ONCHAIN_TX,0xf5f84fc3d136b6e5fa72046d18116729a4e6eb1ff24cdd28571e3a2a0372aec2,107608588,2023-07-31 15:05:53.000 UTC,optimism,0x0b2c639c533813f4aa9d7837caf62653d097ff85,blacklist(address),,BLACKLISTER,,,Circle
CU-IMP-2522,ONCHAIN_TX,0xa663e79d22a15c3aa60f3c71ba28406c5ad7313c23ef523a721f99b2d705e139,107608601,2023-07-31 15:06:19.000 UTC,optimism,0x0b2c639c533813f4aa9d7837caf62653d097ff85,blacklist(address),,BLACKLISTER,,,Circle
CU-IMP-2523,ONCHAIN_TX,0x23ef310b4315c41cd108239feda2152fd490f5b1e9827d0891ea416443200556,107608617,2023-07-31 15:06:51.000 UTC,optimism,0x0b2c639c533813f4aa9d7837caf62653d097ff85,blacklist(address),,BLACKLISTER,,,Circle
CU-IMP-2524,ONCHAIN_TX,0x3aa066f86e94e9a5af33d57c83f07330b964ce5910ba336fd4d84f3f079181a4,107608624,2023-07-31 15:07:05.000 UTC,optimism,0x0b2c639c533813f4aa9d7837caf62653d097ff85,blacklist(address),,BLACKLISTER,,,Circle
CU-IMP-2525,ONCHAIN_TX,0x2c3fe1dbd85629addbdc07eb1ecccbe47d2af9a5b87c18a4aac1c27bff169f3e,107608633,2023-07-31 15:07:23.000 UTC,optimism,0x0b2c639c533813f4aa9d7837caf62653d097ff85,blacklist(address),,BLACKLISTER,,,Circle
CU-IMP-2526,ONCHAIN_TX,0x5dafbadddae69e8f1684e888c21cf28a2317bee132e75775c0d84c44fb3853b6,107608644,2023-07-31 15:07:45.000 UTC,optimism,0x0b2c639c533813f4aa9d7837caf62653d097ff85,blacklist(address),,BLACKLISTER,,,Circle
CU-IMP-2527,ONCHAIN_TX,0xa89dbdcaf4d718aef79bc72944c484e459fbcec4c4f2a310992f43addc712767,107608652,2023-07-31 15:08:01.000 UTC,optimism,0x0b2c639c533813f4aa9d7837caf62653d097ff85,blacklist(address),,BLACKLISTER,,,Circle
CU-IMP-2528,ONCHAIN_TX,0xffebbd78bf3668087ebf78fc67d32c499dd75f2d423e0042aaed6ccf6ac43aaf,107608662,2023-07-31 15:08:21.000 UTC,optimism,0x0b2c639c533813f4aa9d7837caf62653d097ff85,blacklist(address),,BLACKLISTER,,,Circle
CU-IMP-2529,ONCHAIN_TX,0xbc4876b4e2d41f3ce854b33132925420463131e5be62a6455e4188326fff2ae0,107608670,2023-07-31 15:08:37.000 UTC,optimism,0x0b2c639c533813f4aa9d7837caf62653d097ff85,blacklist(address),,BLACKLISTER,,,Circle
CU-IMP-2530,ONCHAIN_TX,0x98bc561cf52a1b34ef79940b3b9c9d2820cefad918a39a80903538f88838f133,107608679,2023-07-31 15:08:55.000 UTC,optimism,0x0b2c639c533813f4aa9d7837caf62653d097ff85,blacklist(address),,BLACKLISTER,,,Circle
CU-IMP-2531,ONCHAIN_TX,0x383905ab76bf4d074965b2dde30992cba22ab397a712573bc6db83dfb5992443,107608688,2023-07-31 15:09:13.000 UTC,optimism,0x0b2c639c533813f4aa9d7837caf62653d097ff85,blacklist(address),,BLACKLISTER,,,Circle
CU-IMP-2532,ONCHAIN_TX,0x822c32c72b7aa3a4bd262d47f9c465873ddeb737470ef2aa2fd1c634c627686c,107608698,2023-07-31 15:09:33.000 UTC,optimism,0x0b2c639c533813f4aa9d7837caf62653d097ff85,blacklist(address),,BLACKLISTER,,,Circle
CU-IMP-2533,ONCHAIN_TX,0xd863e03adf2e96b8e2713d6e44d78ac7fb821714a2d867fc659d39dde4c248b9,107608707,2023-07-31 15:09:51.000 UTC,optimism,0x0b2c639c533813f4aa9d7837caf62653d097ff85,blacklist(address),,BLACKLISTER,,,Circle
CU-IMP-2534,ONCHAIN_TX,0x19f21a68802571c518722ab4a1f2a7cbc849e6d903b147af23a3fef63fe3af53,107608715,2023-07-31 15:10:07.000 UTC,optimism,0x0b2c639c533813f4aa9d7837caf62653d097ff85,blacklist(address),,BLACKLISTER,,,Circle
CU-IMP-2535,ONCHAIN_TX,0xee6807abf594ed6f14c955fe23e2655ad096b879504de1220388f1377ff25edb,107608723,2023-07-31 15:10:23.000 UTC,optimism,0x0b2c639c533813f4aa9d7837caf62653d097ff85,blacklist(address),,BLACKLISTER,,,Circle
CU-IMP-2536,ONCHAIN_TX,0x9d7cbe8dd0fdc631d2ead2b6257471c143e0026102421cf2061eaadb5bc22217,107608731,2023-07-31 15:10:39.000 UTC,optimism,0x0b2c639c533813f4aa9d7837caf62653d097ff85,blacklist(address),,BLACKLISTER,,,Circle
CU-IMP-2537,ONCHAIN_TX,0x7c9baf56385cd334971aa36ffa09c50b03371e8d8dc9fb33c63312d8c9dc63d0,107608753,2023-07-31 15:11:23.000 UTC,optimism,0x0b2c639c533813f4aa9d7837caf62653d097ff85,blacklist(address),,BLACKLISTER,,,Circle
CU-IMP-2538,ONCHAIN_TX,0x9609f1532ba9ddd6a70470bdc5405e877d9165c3860bfc32ad41e3e8b2b8bf33,107608762,2023-07-31 15:11:41.000 UTC,optimism,0x0b2c639c533813f4aa9d7837caf62653d097ff85,blacklist(address),,BLACKLISTER,,,Circle
CU-IMP-2539,ONCHAIN_TX,0x6d6c924ea9ffad4b31178939a5004565e78627a7aa6281b3bbc19d94a858fab6,107608770,2023-07-31 15:11:57.000 UTC,optimism,0x0b2c639c533813f4aa9d7837caf62653d097ff85,blacklist(address),,BLACKLISTER,,,Circle
CU-IMP-2540,ONCHAIN_TX,0xdade14c5914322afecab91362b066a0130a7b592e0aa7459336e2c9e56ae4d99,107608778,2023-07-31 15:12:13.000 UTC,optimism,0x0b2c639c533813f4aa9d7837caf62653d097ff85,blacklist(address),,BLACKLISTER,,,Circle
CU-IMP-2541,ONCHAIN_TX,0xd0ac5da880e0c432cc6660ae3b0e2aa083a094428b36dd054b799a4426842e98,107608787,2023-07-31 15:12:31.000 UTC,optimism,0x0b2c639c533813f4aa9d7837caf62653d097ff85,blacklist(address),,BLACKLISTER,,,Circle
CU-IMP-2542,ONCHAIN_TX,0xa70f28e6e5635dc79e11b8849e978ecd58e3c59d5b9796630ae8382c3d4be6ec,107608795,2023-07-31 15:12:47.000 UTC,optimism,0x0b2c639c533813f4aa9d7837caf62653d097ff85,blacklist(address),,BLACKLISTER,,,Circle
CU-IMP-2543,ONCHAIN_TX,0x0d432c05faef7a795a09da103d7bc55670f47f05dedd2996e707445bb0aa68e9,107608807,2023-07-31 15:13:11.000 UTC,optimism,0x0b2c639c533813f4aa9d7837caf62653d097ff85,blacklist(address),,BLACKLISTER,,,Circle
CU-IMP-2544,ONCHAIN_TX,0x33a431505e50c4fbdf2f66ba1387a21e96eabd6b16bf5622184e31d17702a109,107608814,2023-07-31 15:13:25.000 UTC,optimism,0x0b2c639c533813f4aa9d7837caf62653d097ff85,blacklist(address),,BLACKLISTER,,,Circle
CU-IMP-2545,ONCHAIN_TX,0x6d2c328bd56b5214522629ebc4b2fd07061d1afa2209728ce86b6e4efd9ff5e0,107608823,2023-07-31 15:13:43.000 UTC,optimism,0x0b2c639c533813f4aa9d7837caf62653d097ff85,blacklist(address),,BLACKLISTER,,,Circle
CU-IMP-2546,ONCHAIN_TX,0xb96e379764c46aff12813f7d5c89a87470d2a6d0ce2e46aab15b19104e131af9,107608830,2023-07-31 15:13:57.000 UTC,optimism,0x0b2c639c533813f4aa9d7837caf62653d097ff85,blacklist(address),,BLACKLISTER,,,Circle
CU-IMP-2547,ONCHAIN_TX,0x75ad4e92119b65278365bc224acd2ae6694f4fe82e683d411884833e4708e8d0,107608839,2023-07-31 15:14:15.000 UTC,optimism,0x0b2c639c533813f4aa9d7837caf62653d097ff85,blacklist(address),,BLACKLISTER,,,Circle
CU-IMP-2548,ONCHAIN_TX,0x7d35db2fa40f1f605bae71b86faa9a6a8e51c0d09ac1c0f05e544b3db475bab3,107608848,2023-07-31 15:14:33.000 UTC,optimism,0x0b2c639c533813f4aa9d7837caf62653d097ff85,blacklist(address),,BLACKLISTER,,,Circle
CU-IMP-2549,ONCHAIN_TX,0xf8f80df5ea32d2398d4955f0dce4a92c4d6addc1c32b2d9d946898b238a02107,107608860,2023-07-31 15:14:57.000 UTC,optimism,0x0b2c639c533813f4aa9d7837caf62653d097ff85,blacklist(address),,BLACKLISTER,,,Circle
CU-IMP-2550,ONCHAIN_TX,0x56d2fede74571d69d8ba9c316622c7c9029f77978e064e7d141213e72714b1a9,107608878,2023-07-31 15:15:33.000 UTC,optimism,0x0b2c639c533813f4aa9d7837caf62653d097ff85,blacklist(address),,BLACKLISTER,,,Circle
CU-IMP-2551,ONCHAIN_TX,0xf2329550d73adab9a527bcf463c5bd6abacb964dd8351cf508e8e701adebb7f3,107608887,2023-07-31 15:15:51.000 UTC,optimism,0x0b2c639c533813f4aa9d7837caf62653d097ff85,blacklist(address),,BLACKLISTER,,,Circle
CU-IMP-2552,ONCHAIN_TX,0x04d038bc94a8a959a6a4785579b1471561f9d80ec6f4c66b819cbb395c20befa,107608895,2023-07-31 15:16:07.000 UTC,optimism,0x0b2c639c533813f4aa9d7837caf62653d097ff85,blacklist(address),,BLACKLISTER,,,Circle
CU-IMP-2553,ONCHAIN_TX,0x717373b79176c47b0f10727a971b15772ee8e2df626a9998d5e0d8e7c97a9feb,107608902,2023-07-31 15:16:21.000 UTC,optimism,0x0b2c639c533813f4aa9d7837caf62653d097ff85,blacklist(address),,BLACKLISTER,,,Circle
CU-IMP-2554,ONCHAIN_TX,0xe934a6fd89822f8599fb775e5069da700ded8bb91ab5323079c5ec2aa7f3be67,107608911,2023-07-31 15:16:39.000 UTC,optimism,0x0b2c639c533813f4aa9d7837caf62653d097ff85,blacklist(address),,BLACKLISTER,,,Circle
CU-IMP-2555,ONCHAIN_TX,0xcf2899cc7ecbd865c8a778b793dd88a040e784c526d770763024497cc11fdbba,107608923,2023-07-31 15:17:03.000 UTC,optimism,0x0b2c639c533813f4aa9d7837caf62653d097ff85,blacklist(address),,BLACKLISTER,,,Circle
CU-IMP-2556,ONCHAIN_TX,0xdca8ea1612b2df117adaf58d79244a0b712ba3e033f942c20bfa5fe4ef16cb76,107608947,2023-07-31 15:17:51.000 UTC,optimism,0x0b2c639c533813f4aa9d7837caf62653d097ff85,blacklist(address),,BLACKLISTER,,,Circle
CU-IMP-2557,ONCHAIN_TX,0x8e24d3dd05965b16b65a1f9e5dfd5077ee2a64a75d53c4112d2b583649f53ed2,107608955,2023-07-31 15:18:07.000 UTC,optimism,0x0b2c639c533813f4aa9d7837caf62653d097ff85,blacklist(address),,BLACKLISTER,,,Circle
CU-IMP-2558,ONCHAIN_TX,0x78ba973b52f007bb469523f760a8a300ab67a601d368c26f695d610f1b559605,107608971,2023-07-31 15:18:39.000 UTC,optimism,0x0b2c639c533813f4aa9d7837caf62653d097ff85,blacklist(address),,BLACKLISTER,,,Circle
CU-IMP-2559,ONCHAIN_TX,0xbea9f599b7d2fe7647e2fed1303b502683707d8f0ac70bc525bc1b9bc8463c0d,107608979,2023-07-31 15:18:55.000 UTC,optimism,0x0b2c639c533813f4aa9d7837caf62653d097ff85,blacklist(address),,BLACKLISTER,,,Circle
CU-IMP-2560,ONCHAIN_TX,0x0568722b26bcdc802d912852bbdf188544399569d2797e045554e2f122ad548a,107608987,2023-07-31 15:19:11.000 UTC,optimism,0x0b2c639c533813f4aa9d7837caf62653d097ff85,blacklist(address),,BLACKLISTER,,,Circle
CU-IMP-2561,ONCHAIN_TX,0x94554e75ce7e1041b4f2ebc9f6cf64b65dbcc3a737ddac411d00ba8b1f225ea3,107608996,2023-07-31 15:19:29.000 UTC,optimism,0x0b2c639c533813f4aa9d7837caf62653d097ff85,blacklist(address),,BLACKLISTER,,,Circle
CU-IMP-2562,ONCHAIN_TX,0x49459cf641a931dc170ee1fa3dadaa355726322bbbbebe0078c895578d909cdc,107609004,2023-07-31 15:19:45.000 UTC,optimism,0x0b2c639c533813f4aa9d7837caf62653d097ff85,blacklist(address),,BLACKLISTER,,,Circle
CU-IMP-2563,ONCHAIN_TX,0x374c88177cf10eb27bfd8cf91dd2e602ea5a870958d287a0cbc5136594d37ca3,107609014,2023-07-31 15:20:05.000 UTC,optimism,0x0b2c639c533813f4aa9d7837caf62653d097ff85,blacklist(address),,BLACKLISTER,,,Circle
CU-IMP-2564,ONCHAIN_TX,0x327baec440a80a730c179d492eb4dcd481d27373cef4471e41397ba97851f234,107609021,2023-07-31 15:20:19.000 UTC,optimism,0x0b2c639c533813f4aa9d7837caf62653d097ff85,blacklist(address),,BLACKLISTER,,,Circle
CU-IMP-2565,ONCHAIN_TX,0x6d251ebd4d75f6c8df6252d0331647652c31066d7e9b270c9a222c45de169930,107609029,2023-07-31 15:20:35.000 UTC,optimism,0x0b2c639c533813f4aa9d7837caf62653d097ff85,blacklist(address),,BLACKLISTER,,,Circle
CU-IMP-2566,ONCHAIN_TX,0x4970f07af972e80d6f40576faa96e7a4db6f8b83301a3b667f032aca9b81d85d,107609039,2023-07-31 15:20:55.000 UTC,optimism,0x0b2c639c533813f4aa9d7837caf62653d097ff85,blacklist(address),,BLACKLISTER,,,Circle
CU-IMP-2567,ONCHAIN_TX,0x0c306e3c2d5d1af1e7d7801d7a638a807ffb17a7ed6606a5e2f2fdedad89070a,107609052,2023-07-31 15:21:21.000 UTC,optimism,0x0b2c639c533813f4aa9d7837caf62653d097ff85,blacklist(address),,BLACKLISTER,,,Circle
CU-IMP-2568,ONCHAIN_TX,0x7512ef3cc375c37c213a6d0716a3780e4678da1c185ca347e5a17f1160a0c6d1,107609062,2023-07-31 15:21:41.000 UTC,optimism,0x0b2c639c533813f4aa9d7837caf62653d097ff85,blacklist(address),,BLACKLISTER,,,Circle
CU-IMP-2569,ONCHAIN_TX,0xf15ac1502046f809362dba3b6826e3a4a3a09b4e55fd47ded42ec0d25b605c69,107609070,2023-07-31 15:21:57.000 UTC,optimism,0x0b2c639c533813f4aa9d7837caf62653d097ff85,blacklist(address),,BLACKLISTER,,,Circle
CU-IMP-2570,ONCHAIN_TX,0xf22badb9ff4e5539059616e362c6be4abd0900a6f4f82e4f47a565f846f0b369,107609082,2023-07-31 15:22:21.000 UTC,optimism,0x0b2c639c533813f4aa9d7837caf62653d097ff85,blacklist(address),,BLACKLISTER,,,Circle
CU-IMP-2571,ONCHAIN_TX,0x4cb342a2e545e887c479cb02acae4a15ff1933a7838a19a3a288667cd2bfc1be,107609091,2023-07-31 15:22:39.000 UTC,optimism,0x0b2c639c533813f4aa9d7837caf62653d097ff85,blacklist(address),,BLACKLISTER,,,Circle
CU-IMP-2572,ONCHAIN_TX,0x5da365400e78375ac755998e106712e3621a236b9190b990f52891fbe36117d4,107609100,2023-07-31 15:22:57.000 UTC,optimism,0x0b2c639c533813f4aa9d7837caf62653d097ff85,blacklist(address),,BLACKLISTER,,,Circle
CU-IMP-2573,ONCHAIN_TX,0x1e769a6e5f1f316275409ec0fcc06f7343015f0dae56c4774c9d33a8bce9504a,107609107,2023-07-31 15:23:11.000 UTC,optimism,0x0b2c639c533813f4aa9d7837caf62653d097ff85,blacklist(address),,BLACKLISTER,,,Circle
CU-IMP-2574,ONCHAIN_TX,0x132300ac4c69d807b94b6e49cb9621d3ffd4970446325f4cf24f2020728a72f6,107609119,2023-07-31 15:23:35.000 UTC,optimism,0x0b2c639c533813f4aa9d7837caf62653d097ff85,blacklist(address),,BLACKLISTER,,,Circle
CU-IMP-2575,ONCHAIN_TX,0x64e55f26e1b37edf82ab2cc9a19b7f3723ac93174c9c1a4fd6ee5910854bef62,107609127,2023-07-31 15:23:51.000 UTC,optimism,0x0b2c639c533813f4aa9d7837caf62653d097ff85,blacklist(address),,BLACKLISTER,,,Circle
CU-IMP-2576,ONCHAIN_TX,0x03895c37689365cda28e26a3e84c7c78154230db2dc65388eca0facee94f631c,107609135,2023-07-31 15:24:07.000 UTC,optimism,0x0b2c639c533813f4aa9d7837caf62653d097ff85,blacklist(address),,BLACKLISTER,,,Circle
CU-IMP-2577,ONCHAIN_TX,0xb9e429616198883a00ef48932dd18002341c35e31fb5cf6a028153722110f6f1,107609144,2023-07-31 15:24:25.000 UTC,optimism,0x0b2c639c533813f4aa9d7837caf62653d097ff85,blacklist(address),,BLACKLISTER,,,Circle
CU-IMP-2578,ONCHAIN_TX,0xde50a582fea5a7956bad8e241964005eabbc45446d8fd8f88b649e1b4a529539,107609155,2023-07-31 15:24:47.000 UTC,optimism,0x0b2c639c533813f4aa9d7837caf62653d097ff85,blacklist(address),,BLACKLISTER,,,Circle
CU-IMP-2579,ONCHAIN_TX,0x401455c85f48e8236a376f83302d0e07322fb86afbc3505c67b2141db3ff4906,107609163,2023-07-31 15:25:03.000 UTC,optimism,0x0b2c639c533813f4aa9d7837caf62653d097ff85,blacklist(address),,BLACKLISTER,,,Circle
CU-IMP-2580,ONCHAIN_TX,0x8a9e712ba842481cf20385045ac6d2dd088bc79518f0a5bf2989c1674d4b0a60,107609170,2023-07-31 15:25:17.000 UTC,optimism,0x0b2c639c533813f4aa9d7837caf62653d097ff85,blacklist(address),,BLACKLISTER,,,Circle
CU-IMP-2581,ONCHAIN_TX,0xa3e8e2c3c581804c71c8e6e8224ab359a770cde878115aece31baee0bec9b4e6,107609179,2023-07-31 15:25:35.000 UTC,optimism,0x0b2c639c533813f4aa9d7837caf62653d097ff85,blacklist(address),,BLACKLISTER,,,Circle
CU-IMP-2582,ONCHAIN_TX,0x1666b0ba55431cceee56d0969761eba1628992d4cf0b7c4f0c0abb53ab1d9279,107609213,2023-07-31 15:26:43.000 UTC,optimism,0x0b2c639c533813f4aa9d7837caf62653d097ff85,blacklist(address),,BLACKLISTER,,,Circle
CU-IMP-2583,ONCHAIN_TX,0x67d0c7c2110e8eceaa1aef33203e069474c05c371377816c4599a8d276683719,107610396,2023-07-31 16:06:09.000 UTC,optimism,0x0b2c639c533813f4aa9d7837caf62653d097ff85,blacklist(address),,BLACKLISTER,,,Circle
CU-IMP-2584,ONCHAIN_TX,0x65405bf46fa9694d0399d31adb097518be3302f1e41979dd9f869fac72031617,107610426,2023-07-31 16:07:09.000 UTC,optimism,0x0b2c639c533813f4aa9d7837caf62653d097ff85,blacklist(address),,BLACKLISTER,,,Circle
CU-IMP-2585,ONCHAIN_TX,0x6a4c42e21a8747954fefd2c57102a0f6677598af2694a7d8a4e08faa30d6a519,107610445,2023-07-31 16:07:47.000 UTC,optimism,0x0b2c639c533813f4aa9d7837caf62653d097ff85,blacklist(address),,BLACKLISTER,,,Circle
CU-IMP-2586,ONCHAIN_TX,0x2ed6df770f4a3c56c22f665715e9e233e72a2a475698960e0c2eb7ade62e873a,107610469,2023-07-31 16:08:35.000 UTC,optimism,0x0b2c639c533813f4aa9d7837caf62653d097ff85,blacklist(address),,BLACKLISTER,,,Circle
CU-IMP-2587,ONCHAIN_TX,0x048576321cfaf415c3ea1c86f6374b6e4661cfc9a73c22af4ee2088d7c86730f,107610481,2023-07-31 16:08:59.000 UTC,optimism,0x0b2c639c533813f4aa9d7837caf62653d097ff85,blacklist(address),,BLACKLISTER,,,Circle
CU-IMP-2588,ONCHAIN_TX,0x15d7dbe86b5031d2bace9e17a225c38c80c2f5b92f8fcbf387209819390403ba,107610490,2023-07-31 16:09:17.000 UTC,optimism,0x0b2c639c533813f4aa9d7837caf62653d097ff85,blacklist(address),,BLACKLISTER,,,Circle
CU-IMP-2589,ONCHAIN_TX,0x01b89980c116145c71bdd83dba8525e50d7b8d4ba8634017488444b1a9dca6b2,107610500,2023-07-31 16:09:37.000 UTC,optimism,0x0b2c639c533813f4aa9d7837caf62653d097ff85,blacklist(address),,BLACKLISTER,,,Circle
CU-IMP-2590,ONCHAIN_TX,0xa993f4b41476f2f8f793248ad8f0a4fb455a3dfc94431937cf2fd514564a69cc,107610509,2023-07-31 16:09:55.000 UTC,optimism,0x0b2c639c533813f4aa9d7837caf62653d097ff85,blacklist(address),,BLACKLISTER,,,Circle
CU-IMP-2591,ONCHAIN_TX,0x2bdc0d6b1564414d3e7815f51a5ef1a30c677e7f7e24fdda89e741934bff36c3,107610517,2023-07-31 16:10:11.000 UTC,optimism,0x0b2c639c533813f4aa9d7837caf62653d097ff85,blacklist(address),,BLACKLISTER,,,Circle
CU-IMP-2592,ONCHAIN_TX,0xcc6abaae095f89b44f02fcb4ab7bbfaf92b49be33a9eca737f8c9b5c1db55c06,107610526,2023-07-31 16:10:29.000 UTC,optimism,0x0b2c639c533813f4aa9d7837caf62653d097ff85,blacklist(address),,BLACKLISTER,,,Circle
CU-IMP-2593,ONCHAIN_TX,0x3d0ac2601b0145777a72f698a704ec781b08c66629cd427b7982694f41ad5bfb,107610551,2023-07-31 16:11:19.000 UTC,optimism,0x0b2c639c533813f4aa9d7837caf62653d097ff85,blacklist(address),,BLACKLISTER,,,Circle
CU-IMP-2594,ONCHAIN_TX,0xfc0f6653552fb7978d85cae9113c1e63a4b78abf42a03520aa8ce60354983357,107610560,2023-07-31 16:11:37.000 UTC,optimism,0x0b2c639c533813f4aa9d7837caf62653d097ff85,blacklist(address),,BLACKLISTER,,,Circle
CU-IMP-2595,ONCHAIN_TX,0xb7cf9301efe3fb80d6f436f5613248acb28e86aed56f6169115370e0757bbb12,107610568,2023-07-31 16:11:53.000 UTC,optimism,0x0b2c639c533813f4aa9d7837caf62653d097ff85,blacklist(address),,BLACKLISTER,,,Circle
CU-IMP-2596,ONCHAIN_TX,0xf54c4d5d1742816fbda1b55f05177ab11dc27688c925a23a24b2f76b81f93552,107610576,2023-07-31 16:12:09.000 UTC,optimism,0x0b2c639c533813f4aa9d7837caf62653d097ff85,blacklist(address),,BLACKLISTER,,,Circle
CU-IMP-2597,ONCHAIN_TX,0x8e1a4411a9621890a229bb3b0bd3abc103c8746fe2d36b439ec57f976f0fc0c2,107610585,2023-07-31 16:12:27.000 UTC,optimism,0x0b2c639c533813f4aa9d7837caf62653d097ff85,blacklist(address),,BLACKLISTER,,,Circle
CU-IMP-2598,ONCHAIN_TX,0xfe50b6969a8825e901b256a0389247fb485b4e0763ca4c8ed54175640b648917,107610593,2023-07-31 16:12:43.000 UTC,optimism,0x0b2c639c533813f4aa9d7837caf62653d097ff85,blacklist(address),,BLACKLISTER,,,Circle
CU-IMP-2599,ONCHAIN_TX,0xf743b9989aa0b01b280d693453b01aa030aa8753f7bd7dd86b25b30ac4ddaa3a,107610602,2023-07-31 16:13:01.000 UTC,optimism,0x0b2c639c533813f4aa9d7837caf62653d097ff85,blacklist(address),,BLACKLISTER,,,Circle
CU-IMP-2600,ONCHAIN_TX,0x45417d97deae59d75092eb90ffc17707991a932c3953930887532b55e616ff96,107610613,2023-07-31 16:13:23.000 UTC,optimism,0x0b2c639c533813f4aa9d7837caf62653d097ff85,blacklist(address),,BLACKLISTER,,,Circle
CU-IMP-2601,ONCHAIN_TX,0x595045b23038cf4332ef0fce2ed25d9ebe944a3e7d887cd7abb7902e6f52d36c,107610623,2023-07-31 16:13:43.000 UTC,optimism,0x0b2c639c533813f4aa9d7837caf62653d097ff85,blacklist(address),,BLACKLISTER,,,Circle
CU-IMP-2602,ONCHAIN_TX,0x88ac9fff031b37378e944d94417233ed543050ed0967ff58703768c7c67a6b68,107610633,2023-07-31 16:14:03.000 UTC,optimism,0x0b2c639c533813f4aa9d7837caf62653d097ff85,blacklist(address),,BLACKLISTER,,,Circle
CU-IMP-2603,ONCHAIN_TX,0x8403233a021d90f35ebd52360011212701ece0d6c4177bcae346291d8b079590,107610641,2023-07-31 16:14:19.000 UTC,optimism,0x0b2c639c533813f4aa9d7837caf62653d097ff85,blacklist(address),,BLACKLISTER,,,Circle
CU-IMP-2604,ONCHAIN_TX,0x2e47e918d42c3926501a2fd7080afd1de1b541aa21c4988a978dbed155911592,107610652,2023-07-31 16:14:41.000 UTC,optimism,0x0b2c639c533813f4aa9d7837caf62653d097ff85,blacklist(address),,BLACKLISTER,,,Circle
CU-IMP-2605,ONCHAIN_TX,0xac88dfbe85a97872f4aa2bb81b249b9b35633aba817a26785760c194085db316,107610661,2023-07-31 16:14:59.000 UTC,optimism,0x0b2c639c533813f4aa9d7837caf62653d097ff85,blacklist(address),,BLACKLISTER,,,Circle
CU-IMP-2606,ONCHAIN_TX,0x63632f7b073d911b6a3d0a0b8619ca8b28dc002195bcab4b9f80d14d86bc476a,107610681,2023-07-31 16:15:39.000 UTC,optimism,0x0b2c639c533813f4aa9d7837caf62653d097ff85,blacklist(address),,BLACKLISTER,,,Circle
CU-IMP-2607,ONCHAIN_TX,0x5f251762a9f03bb1846bd786a6d4f20079f03096aca88705dd4474c036fd6dcf,107610689,2023-07-31 16:15:55.000 UTC,optimism,0x0b2c639c533813f4aa9d7837caf62653d097ff85,blacklist(address),,BLACKLISTER,,,Circle
CU-IMP-2608,ONCHAIN_TX,0x86d856cfa9c1658c3dd1a74ee772e1dcb5055145631dd823d85caf8148750034,107610697,2023-07-31 16:16:11.000 UTC,optimism,0x0b2c639c533813f4aa9d7837caf62653d097ff85,blacklist(address),,BLACKLISTER,,,Circle
CU-IMP-2609,ONCHAIN_TX,0x0ee5f04e1f7427ac90f6c63806a31602d25636546527b163a59d5ad2cf6116aa,107610705,2023-07-31 16:16:27.000 UTC,optimism,0x0b2c639c533813f4aa9d7837caf62653d097ff85,blacklist(address),,BLACKLISTER,,,Circle
CU-IMP-2610,ONCHAIN_TX,0x4994357e34d0367cfcae9c6cb6babe321f5255c2d8199937562f8365a3c3a0fa,107610713,2023-07-31 16:16:43.000 UTC,optimism,0x0b2c639c533813f4aa9d7837caf62653d097ff85,blacklist(address),,BLACKLISTER,,,Circle
CU-IMP-2611,ONCHAIN_TX,0x699edd968bb84c271602aa8dcb2ddd64621ec8d0ea071a5568415a76318de14c,107610745,2023-07-31 16:17:47.000 UTC,optimism,0x0b2c639c533813f4aa9d7837caf62653d097ff85,blacklist(address),,BLACKLISTER,,,Circle
CU-IMP-2612,ONCHAIN_TX,0xa8a231f4b287268397879a1f26f598cafa30ac0fe62bb883fcce80b3db8601f3,107610754,2023-07-31 16:18:05.000 UTC,optimism,0x0b2c639c533813f4aa9d7837caf62653d097ff85,blacklist(address),,BLACKLISTER,,,Circle
CU-IMP-2613,ONCHAIN_TX,0x7160bad5c4c6285e822780af1139fb27332b115ac29e5924f7fe6aa846bd8a4c,107610762,2023-07-31 16:18:21.000 UTC,optimism,0x0b2c639c533813f4aa9d7837caf62653d097ff85,blacklist(address),,BLACKLISTER,,,Circle
CU-IMP-2614,ONCHAIN_TX,0x4c0c3a2a69dabfb67ff2247f7863295a21c2adef2db608732a7c51a70040f917,107610771,2023-07-31 16:18:39.000 UTC,optimism,0x0b2c639c533813f4aa9d7837caf62653d097ff85,blacklist(address),,BLACKLISTER,,,Circle
CU-IMP-2615,ONCHAIN_TX,0xc01e5af94b9893c7645bad32eb99e4eadad85cef65c1ee49fce2774d3aff1eb2,107610781,2023-07-31 16:18:59.000 UTC,optimism,0x0b2c639c533813f4aa9d7837caf62653d097ff85,blacklist(address),,BLACKLISTER,,,Circle
CU-IMP-2616,ONCHAIN_TX,0xcf8071eb768b5143ed834e8d97afd060e16b0263a5594cce1c390a82482bcb12,107610791,2023-07-31 16:19:19.000 UTC,optimism,0x0b2c639c533813f4aa9d7837caf62653d097ff85,blacklist(address),,BLACKLISTER,,,Circle
CU-IMP-2617,ONCHAIN_TX,0xb4ffdf8d632357c7f45514946189767f66bdf0c8cdf8c61ff10b54301076c4ed,107610799,2023-07-31 16:19:35.000 UTC,optimism,0x0b2c639c533813f4aa9d7837caf62653d097ff85,blacklist(address),,BLACKLISTER,,,Circle
CU-IMP-2618,ONCHAIN_TX,0x639dc74162e76edf20d3a0e3b589374d9d6ea337d4ab77e7420ac2b608a642d1,107610807,2023-07-31 16:19:51.000 UTC,optimism,0x0b2c639c533813f4aa9d7837caf62653d097ff85,blacklist(address),,BLACKLISTER,,,Circle
CU-IMP-2619,ONCHAIN_TX,0x5030ec729aaa491a6220c5c26bdf63fe19b4bc4fb1a355ce7200a0481334a24f,107610816,2023-07-31 16:20:09.000 UTC,optimism,0x0b2c639c533813f4aa9d7837caf62653d097ff85,blacklist(address),,BLACKLISTER,,,Circle
CU-IMP-2620,ONCHAIN_TX,0x1ae0436247e6cf566bc8a4c81b0c82a8b8b1de79e91dbe4b72e3256e03024dc4,107610824,2023-07-31 16:20:25.000 UTC,optimism,0x0b2c639c533813f4aa9d7837caf62653d097ff85,blacklist(address),,BLACKLISTER,,,Circle
CU-IMP-2621,ONCHAIN_TX,0x97e09e45496d0bd729975867fb78d8242e8142c09dc86df4865b2d214a14eb66,107610831,2023-07-31 16:20:39.000 UTC,optimism,0x0b2c639c533813f4aa9d7837caf62653d097ff85,blacklist(address),,BLACKLISTER,,,Circle
CU-IMP-2622,ONCHAIN_TX,0xed875b3f557728d821d04f60bd07f44fd93c9d69b892863e498fb90759c77b4e,107610840,2023-07-31 16:20:57.000 UTC,optimism,0x0b2c639c533813f4aa9d7837caf62653d097ff85,blacklist(address),,BLACKLISTER,,,Circle
CU-IMP-2623,ONCHAIN_TX,0x17ba9c08a165a89ffd265406e6c722a2dfc6b05e14c0069e1dbbb98480183b26,107610851,2023-07-31 16:21:19.000 UTC,optimism,0x0b2c639c533813f4aa9d7837caf62653d097ff85,blacklist(address),,BLACKLISTER,,,Circle
CU-IMP-2624,ONCHAIN_TX,0xfbce8478b47bb89218f833bda7984c7d289fe39e221a44ea30d568a8b1c21b53,107610866,2023-07-31 16:21:49.000 UTC,optimism,0x0b2c639c533813f4aa9d7837caf62653d097ff85,blacklist(address),,BLACKLISTER,,,Circle
CU-IMP-2625,ONCHAIN_TX,0xb5dd30116a5871471786ef7d451e46807a11a4aa6dfafab41b7795f710f971aa,107610878,2023-07-31 16:22:13.000 UTC,optimism,0x0b2c639c533813f4aa9d7837caf62653d097ff85,blacklist(address),,BLACKLISTER,,,Circle
CU-IMP-2626,ONCHAIN_TX,0xad927912dc2c9071b3428bec91a82118799a1cc75fed7cb2c2d56fc1ab52adb5,107610885,2023-07-31 16:22:27.000 UTC,optimism,0x0b2c639c533813f4aa9d7837caf62653d097ff85,blacklist(address),,BLACKLISTER,,,Circle
CU-IMP-2627,ONCHAIN_TX,0x3c3c09e2762e09b5221261f6e1c3859a56036be1ed88a2002fed989a0b8b0018,107610897,2023-07-31 16:22:51.000 UTC,optimism,0x0b2c639c533813f4aa9d7837caf62653d097ff85,blacklist(address),,BLACKLISTER,,,Circle
CU-IMP-2628,ONCHAIN_TX,0x721b6eb151cbc2a81582cfd3d68462d0b63df90d1409890e9a42ea18f1b01a2f,107610912,2023-07-31 16:23:21.000 UTC,optimism,0x0b2c639c533813f4aa9d7837caf62653d097ff85,blacklist(address),,BLACKLISTER,,,Circle
CU-IMP-2629,ONCHAIN_TX,0x5b2c0bbe40cbaf7ac5630532e9e053f67f5a61c98e48a650478d2683c5789e5c,107610921,2023-07-31 16:23:39.000 UTC,optimism,0x0b2c639c533813f4aa9d7837caf62653d097ff85,blacklist(address),,BLACKLISTER,,,Circle
CU-IMP-2630,ONCHAIN_TX,0x0ed514a0658b41c54748621bb5a32be65cc9e646b2562aeb1c5ec2914826170b,107610932,2023-07-31 16:24:01.000 UTC,optimism,0x0b2c639c533813f4aa9d7837caf62653d097ff85,blacklist(address),,BLACKLISTER,,,Circle
CU-IMP-2631,ONCHAIN_TX,0x07cfd82ca1c4540d28b7775052a58a18e4d50211738b8d581b2d8a722686efe1,107610941,2023-07-31 16:24:19.000 UTC,optimism,0x0b2c639c533813f4aa9d7837caf62653d097ff85,blacklist(address),,BLACKLISTER,,,Circle
CU-IMP-2632,ONCHAIN_TX,0x6897d59b4a9ab562a67dc6d8b212f55e0b25978523d5a13ab85fcfb74c2186a0,107610974,2023-07-31 16:25:25.000 UTC,optimism,0x0b2c639c533813f4aa9d7837caf62653d097ff85,blacklist(address),,BLACKLISTER,,,Circle
CU-IMP-2633,ONCHAIN_TX,0x0027bb550e07ba01a7a4422877e0c465281591ac8c7e0239c79f5137c3c9e3d0,107610976,2023-07-31 16:25:29.000 UTC,optimism,0x0b2c639c533813f4aa9d7837caf62653d097ff85,blacklist(address),,BLACKLISTER,,,Circle
CU-IMP-2634,ONCHAIN_TX,0xbb4127edb6d706e2287f3ea6790222ac8b183cc704d08cf9c4cf90baf2ac27e5,107610979,2023-07-31 16:25:35.000 UTC,optimism,0x0b2c639c533813f4aa9d7837caf62653d097ff85,blacklist(address),,BLACKLISTER,,,Circle
CU-IMP-2635,ONCHAIN_TX,0xc237687905b3d1e8da1be5e49bcd802b2297e9d1d36c3ea19684d4957ba4e558,107610981,2023-07-31 16:25:39.000 UTC,optimism,0x0b2c639c533813f4aa9d7837caf62653d097ff85,blacklist(address),,BLACKLISTER,,,Circle
CU-IMP-2636,ONCHAIN_TX,0xd7dd03eb8c519cad869f9bf1c0546636c9ba6ed41adcda42778a690cd2e1637d,107611017,2023-07-31 16:26:51.000 UTC,optimism,0x0b2c639c533813f4aa9d7837caf62653d097ff85,blacklist(address),,BLACKLISTER,,,Circle
CU-IMP-2637,ONCHAIN_TX,0x15aa7c764db2ee5aa856872001f388e06f3ee896831a5be837a229b86f06d56a,107611023,2023-07-31 16:27:03.000 UTC,optimism,0x0b2c639c533813f4aa9d7837caf62653d097ff85,blacklist(address),,BLACKLISTER,,,Circle
CU-IMP-2638,ONCHAIN_TX,0x26462c0d1ddb30fe0d41dd70a0dd89ee97124fa3e3ec026236fa24b27b515063,107611023,2023-07-31 16:27:03.000 UTC,optimism,0x0b2c639c533813f4aa9d7837caf62653d097ff85,blacklist(address),,BLACKLISTER,,,Circle
CU-IMP-2639,ONCHAIN_TX,0x780f937c0ba4a4b78e9db9329e635f5ba6bdd4750c668446aff14ac2da9efa50,107611025,2023-07-31 16:27:07.000 UTC,optimism,0x0b2c639c533813f4aa9d7837caf62653d097ff85,blacklist(address),,BLACKLISTER,,,Circle
CU-IMP-2640,ONCHAIN_TX,0x83022e4bc5b4c87dc9b88ddcbede934cb0950ce3a80d79c532734539a210c397,107611028,2023-07-31 16:27:13.000 UTC,optimism,0x0b2c639c533813f4aa9d7837caf62653d097ff85,blacklist(address),,BLACKLISTER,,,Circle
CU-IMP-2641,ONCHAIN_TX,0x755cdb77a3e5b7e6e69dd6b457fab6910cd3b2ede2c0fa20a1a556b46628e64e,107611077,2023-07-31 16:28:51.000 UTC,optimism,0x0b2c639c533813f4aa9d7837caf62653d097ff85,blacklist(address),,BLACKLISTER,,,Circle
CU-IMP-2642,ONCHAIN_TX,0x4ffccc574951e630fc8437f87ec37135b1d80cb111f7391775f75e346f2b3e65,107611079,2023-07-31 16:28:55.000 UTC,optimism,0x0b2c639c533813f4aa9d7837caf62653d097ff85,blacklist(address),,BLACKLISTER,,,Circle
CU-IMP-2643,ONCHAIN_TX,0xa49d5149256868a241f8a6c8d6c75dbbb1bceb2712cd980d0c6a027866701023,107611082,2023-07-31 16:29:01.000 UTC,optimism,0x0b2c639c533813f4aa9d7837caf62653d097ff85,blacklist(address),,BLACKLISTER,,,Circle
CU-IMP-2644,ONCHAIN_TX,0x6a976e7ab448dfa4adffef4c6a5db89785f1eaaf396d47e282be08550c1c4ac9,107611085,2023-07-31 16:29:07.000 UTC,optimism,0x0b2c639c533813f4aa9d7837caf62653d097ff85,blacklist(address),,BLACKLISTER,,,Circle
CU-IMP-2645,ONCHAIN_TX,0x7595001abc20c25685d05ab197550a0cb655aa71e42ef9421c42c0e8ddf7dcd6,107611087,2023-07-31 16:29:11.000 UTC,optimism,0x0b2c639c533813f4aa9d7837caf62653d097ff85,blacklist(address),,BLACKLISTER,,,Circle
CU-IMP-2646,ONCHAIN_TX,0xc881456c33bf3a3bc4bc4cccf7fd499de897a2fb85ea056ed3622e9a0719fc16,107611131,2023-07-31 16:30:39.000 UTC,optimism,0x0b2c639c533813f4aa9d7837caf62653d097ff85,blacklist(address),,BLACKLISTER,,,Circle
CU-IMP-2647,ONCHAIN_TX,0xe87e4b10ce70e1770730f220fa8d28ab343ca3c75212fb71b7584d2671f01c9e,107611133,2023-07-31 16:30:43.000 UTC,optimism,0x0b2c639c533813f4aa9d7837caf62653d097ff85,blacklist(address),,BLACKLISTER,,,Circle
CU-IMP-2648,ONCHAIN_TX,0x71bec7a6f3a9563ca91761e31bea609a74d12a2572f3fc32483575f7f8a56c53,107611136,2023-07-31 16:30:49.000 UTC,optimism,0x0b2c639c533813f4aa9d7837caf62653d097ff85,blacklist(address),,BLACKLISTER,,,Circle
CU-IMP-2649,ONCHAIN_TX,0xc8d1715985a4c51f1800ce85e8b5292912d2e6a9004902008201d17066d400ce,107611139,2023-07-31 16:30:55.000 UTC,optimism,0x0b2c639c533813f4aa9d7837caf62653d097ff85,blacklist(address),,BLACKLISTER,,,Circle
CU-IMP-2650,ONCHAIN_TX,0xd134c7b237cfd70ce0d79f417f171415dd9dca05dbbc73579b81e8c00e9715c3,107611141,2023-07-31 16:30:59.000 UTC,optimism,0x0b2c639c533813f4aa9d7837caf62653d097ff85,blacklist(address),,BLACKLISTER,,,Circle
CU-IMP-2651,ONCHAIN_TX,0xae3f74983bfd57ee73ec734d562b2dc31c44abe6e04c2f32ab48925bb3692f5f,107611144,2023-07-31 16:31:05.000 UTC,optimism,0x0b2c639c533813f4aa9d7837caf62653d097ff85,blacklist(address),,BLACKLISTER,,,Circle
CU-IMP-2652,ONCHAIN_TX,0x1f9ee3632afb22f5515a3f463efeac9a08fa56020817b7ff9a076fb31ca6b3f9,107611146,2023-07-31 16:31:09.000 UTC,optimism,0x0b2c639c533813f4aa9d7837caf62653d097ff85,blacklist(address),,BLACKLISTER,,,Circle
CU-IMP-2653,ONCHAIN_TX,0xf102dd280cc34d12482edb51b35a3e4e15bc33ee218ae0faddc4833b18ee09a9,107648991,2023-08-01 13:32:39.000 UTC,optimism,0x0b2c639c533813f4aa9d7837caf62653d097ff85,blacklist(address),,BLACKLISTER,,,Circle
CU-IMP-2654,ONCHAIN_TX,0x1c326eba806279d81c55df32f9d5fb1eb0c2240211db85669be4684dc4d756b8,108640865,2023-08-24 12:35:07.000 UTC,optimism,0x0b2c639c533813f4aa9d7837caf62653d097ff85,blacklist(address),,BLACKLISTER,,,Circle
CU-IMP-2655,ONCHAIN_TX,0x235c1a9d055edb44498c94cc2791e575a90290c6dac9a06cab1346a4369ba8a6,108640876,2023-08-24 12:35:29.000 UTC,optimism,0x0b2c639c533813f4aa9d7837caf62653d097ff85,blacklist(address),,BLACKLISTER,,,Circle
CU-IMP-2656,ONCHAIN_TX,0x12dba6000c6457c29a61606865079ce33013d51f09540d58c501c347bcbacf2a,108640884,2023-08-24 12:35:45.000 UTC,optimism,0x0b2c639c533813f4aa9d7837caf62653d097ff85,blacklist(address),,BLACKLISTER,,,Circle
CU-IMP-2657,ONCHAIN_TX,0x23dadceb2c8cae0d2390a4446e42a1b959eded4f80c214cfb73d2370d705614a,108640892,2023-08-24 12:36:01.000 UTC,optimism,0x0b2c639c533813f4aa9d7837caf62653d097ff85,blacklist(address),,BLACKLISTER,,,Circle
CU-IMP-2658,ONCHAIN_TX,0x09dc41d694cfa9a9461e981d105fa109d0f14684f8417c020ac63a4cb9992f0b,108640904,2023-08-24 12:36:25.000 UTC,optimism,0x0b2c639c533813f4aa9d7837caf62653d097ff85,blacklist(address),,BLACKLISTER,,,Circle
CU-IMP-2659,ONCHAIN_TX,0xbfb07d23f501f70756e643d0a5644c2fa82b63ed62b51c3e90375381516b8360,108640913,2023-08-24 12:36:43.000 UTC,optimism,0x0b2c639c533813f4aa9d7837caf62653d097ff85,blacklist(address),,BLACKLISTER,,,Circle
CU-IMP-2660,ONCHAIN_TX,0x6b581212687bb97a466fdcc2a0d8a5e0e7298b839aabcc56f3b2644ec77c7a3b,108640937,2023-08-24 12:37:31.000 UTC,optimism,0x0b2c639c533813f4aa9d7837caf62653d097ff85,blacklist(address),,BLACKLISTER,,,Circle
CU-IMP-2661,ONCHAIN_TX,0xe81af97864650950233b567ce2eb29ad5f20bcd861775850dadb10268003c64b,108640945,2023-08-24 12:37:47.000 UTC,optimism,0x0b2c639c533813f4aa9d7837caf62653d097ff85,blacklist(address),,BLACKLISTER,,,Circle
CU-IMP-2662,ONCHAIN_TX,0x07e1b0f2bb0c74042546ea29a54547b2aff8cde51f9d019c7a0113c3d518b07f,110108480,2023-09-27 11:55:37.000 UTC,optimism,0x0b2c639c533813f4aa9d7837caf62653d097ff85,blacklist(address),,BLACKLISTER,,,Circle
CU-IMP-2663,ONCHAIN_TX,0xdfce08bb4418c5d792f07f76bd1c3bfd315edb89185302656356e3bd9c9a38fb,110393529,2023-10-04 02:17:15.000 UTC,optimism,0x0b2c639c533813f4aa9d7837caf62653d097ff85,blacklist(address),,BLACKLISTER,,,Circle
CU-IMP-2664,ONCHAIN_TX,0x8a68350caae8393354b06546b38fe25b4364f0ec000478bcaab9bae0dfce18ee,110393545,2023-10-04 02:17:47.000 UTC,optimism,0x0b2c639c533813f4aa9d7837caf62653d097ff85,blacklist(address),,BLACKLISTER,,,Circle
CU-IMP-2665,ONCHAIN_TX,0x0a128f088c9d421c1b94f5a3f205ea01adb01ab753f415ec442f28cc59fd40ef,110393552,2023-10-04 02:18:01.000 UTC,optimism,0x0b2c639c533813f4aa9d7837caf62653d097ff85,blacklist(address),,BLACKLISTER,,,Circle
CU-IMP-2666,ONCHAIN_TX,0xab0ca5b535ed2d1e41afb4806faca1c5824906aadf5cd450d1db949cc1e67c16,110393560,2023-10-04 02:18:17.000 UTC,optimism,0x0b2c639c533813f4aa9d7837caf62653d097ff85,blacklist(address),,BLACKLISTER,,,Circle
CU-IMP-2667,ONCHAIN_TX,0x10bc70b5249f9ba7c30a54e230188c9a3d2682c1fed50a690b1886d2823354ae,110393669,2023-10-04 02:21:55.000 UTC,optimism,0x0b2c639c533813f4aa9d7837caf62653d097ff85,blacklist(address),,BLACKLISTER,,,Circle
CU-IMP-2668,ONCHAIN_TX,0x58637b63d146906cfd9f3910f51f33582a34df00e3c07632f8da6c91d7e5b65a,110393669,2023-10-04 02:21:55.000 UTC,optimism,0x0b2c639c533813f4aa9d7837caf62653d097ff85,blacklist(address),,BLACKLISTER,,,Circle
CU-IMP-2669,ONCHAIN_TX,0x6e8d988864d0d947e4ba65e8e9dc302d52b5c1ee9c60275d9410a931a2617a02,110393714,2023-10-04 02:23:25.000 UTC,optimism,0x0b2c639c533813f4aa9d7837caf62653d097ff85,blacklist(address),,BLACKLISTER,,,Circle
CU-IMP-2670,ONCHAIN_TX,0xe75b1ebb6d943923dc9fad8041d9e86ee44179f08bfec1e94c76bd615cab5404,110393724,2023-10-04 02:23:45.000 UTC,optimism,0x0b2c639c533813f4aa9d7837caf62653d097ff85,blacklist(address),,BLACKLISTER,,,Circle
CU-IMP-2671,ONCHAIN_TX,0x9adb8b8326401542d0d10a4cd3b9b7d37fce11f204ae4cfaa25488052ac7bb0e,115827593,2024-02-06 21:12:43.000 UTC,optimism,0x0b2c639c533813f4aa9d7837caf62653d097ff85,unBlacklist(address),,BLACKLISTER,,,Circle
CU-IMP-2672,ONCHAIN_TX,0xf1c8d6b342c8ea24382e3dda9d7372ff6b98a901a711864eb2a80f076f3b013a,116460038,2024-02-21 12:34:13.000 UTC,optimism,0x0b2c639c533813f4aa9d7837caf62653d097ff85,blacklist(address),,BLACKLISTER,,,Circle
CU-IMP-2673,ONCHAIN_TX,0xff25a3849bc04d36c9a21c8dc4133ae13e8c1478a296b59864a9d74a99930c9f,117713363,2024-03-21 12:51:43.000 UTC,optimism,0x0b2c639c533813f4aa9d7837caf62653d097ff85,blacklist(address),,BLACKLISTER,,,Circle
CU-IMP-2674,ONCHAIN_TX,0x1ae34288ad2ab372e584bdd98b72c8a4b4890684bf49cfcbb92ac08e456dce12,117713374,2024-03-21 12:52:05.000 UTC,optimism,0x0b2c639c533813f4aa9d7837caf62653d097ff85,blacklist(address),,BLACKLISTER,,,Circle
CU-IMP-2675,ONCHAIN_TX,0x45d83683c5552188d254fcd3f074d296615a2d0e51f429949f2892448ef6fc7e,117971426,2024-03-27 12:13:49.000 UTC,optimism,0x0b2c639c533813f4aa9d7837caf62653d097ff85,blacklist(address),,BLACKLISTER,,,Circle
CU-IMP-2676,ONCHAIN_TX,0x0988f095a522fada804e882fab89194495d195fedab10fbfa8688176afd5acb5,117990787,2024-03-27 22:59:11.000 UTC,optimism,0x0b2c639c533813f4aa9d7837caf62653d097ff85,blacklist(address),,BLACKLISTER,,,Circle
CU-IMP-2677,ONCHAIN_TX,0xa20c9f73aca6c534718f959dc46cc9b6767e6316e517ac9d796e89c5da164a55,117990813,2024-03-27 23:00:03.000 UTC,optimism,0x0b2c639c533813f4aa9d7837caf62653d097ff85,blacklist(address),,BLACKLISTER,,,Circle
CU-IMP-2678,ONCHAIN_TX,0x6e2a2e20637c022e8bf31af96f6cdb66f8fc0acf40a2bdb039f7715a11994bf2,117990843,2024-03-27 23:01:03.000 UTC,optimism,0x0b2c639c533813f4aa9d7837caf62653d097ff85,blacklist(address),,BLACKLISTER,,,Circle
CU-IMP-2679,ONCHAIN_TX,0xa40ff9e8ad20f293b841b3279fe7fdaa6779ffb25079e448e0e45bae9953b369,117990865,2024-03-27 23:01:47.000 UTC,optimism,0x0b2c639c533813f4aa9d7837caf62653d097ff85,blacklist(address),,BLACKLISTER,,,Circle
CU-IMP-2680,ONCHAIN_TX,0x94d5b422126eceeede6380f69b79ca9f30434f54e6865effdf90ce9cd30e44b9,117990920,2024-03-27 23:03:37.000 UTC,optimism,0x0b2c639c533813f4aa9d7837caf62653d097ff85,blacklist(address),,BLACKLISTER,,,Circle
CU-IMP-2681,ONCHAIN_TX,0xcff13562ab1c7c3b88c13b56a6dd59a55eb69678d3f302176e33d70cab498ea3,117990933,2024-03-27 23:04:03.000 UTC,optimism,0x0b2c639c533813f4aa9d7837caf62653d097ff85,blacklist(address),,BLACKLISTER,,,Circle
CU-IMP-2682,ONCHAIN_TX,0x8eca190c59c0db54a43f99ec7af873075d9ee5df89abfe06d1e172ea4d0cf09c,119405627,2024-04-29 17:00:31.000 UTC,optimism,0x0b2c639c533813f4aa9d7837caf62653d097ff85,blacklist(address),,BLACKLISTER,,,Circle
CU-IMP-2683,ONCHAIN_TX,0x74a9fcf0e59aa592fc735684f987009c5fd5dab923e5a9eb79800b7005b9c0ed,119541167,2024-05-02 20:18:31.000 UTC,optimism,0x0b2c639c533813f4aa9d7837caf62653d097ff85,blacklist(address),,BLACKLISTER,,,Circle
CU-IMP-2684,ONCHAIN_TX,0xbda3b55d0e5bdaadae004b79863e3decb75d8995e2e6fd3ed44de261da455ecf,119541189,2024-05-02 20:19:15.000 UTC,optimism,0x0b2c639c533813f4aa9d7837caf62653d097ff85,blacklist(address),,BLACKLISTER,,,Circle
CU-IMP-2685,ONCHAIN_TX,0xe1851371d5c7f80ebc93e486e247fcee0fcd77f50b39745d535e4543fb97e645,120674560,2024-05-29 01:58:17.000 UTC,optimism,0x0b2c639c533813f4aa9d7837caf62653d097ff85,blacklist(address),,BLACKLISTER,,,Circle
CU-IMP-2686,ONCHAIN_TX,0xacb461d02a71c85bc71e2863a95ab946a36e590281829e57b2c0f4e4b1852cfa,120674563,2024-05-29 01:58:23.000 UTC,optimism,0x0b2c639c533813f4aa9d7837caf62653d097ff85,blacklist(address),,BLACKLISTER,,,Circle
CU-IMP-2687,ONCHAIN_TX,0xd1c63dc3fc332b89233268acf5a2cbcd466fbca969c424c2acbefc84a58ea2e7,124433447,2024-08-24 02:14:31.000 UTC,optimism,0x0b2c639c533813f4aa9d7837caf62653d097ff85,blacklist(address),,BLACKLISTER,,,Circle
CU-IMP-2688,ONCHAIN_TX,0x4ce3a19ed09e69614e3e838ba8d10c8d77f07fd25e08d3cc5568f864cce73017,125903689,2024-09-27 03:02:35.000 UTC,optimism,0x0b2c639c533813f4aa9d7837caf62653d097ff85,blacklist(address),,BLACKLISTER,,,Circle
CU-IMP-2689,ONCHAIN_TX,0x0842b2bc9a544eef26b70c0d3305bd2cbfbccafeca3ef290d57ab897492aec91,125903697,2024-09-27 03:02:51.000 UTC,optimism,0x0b2c639c533813f4aa9d7837caf62653d097ff85,blacklist(address),,BLACKLISTER,,,Circle
CU-IMP-2690,ONCHAIN_TX,0xbaa5449658997764258a288ca11d85a3f2aae5c6718a6802b4dd472785fa699a,128889328,2024-12-05 05:43:53.000 UTC,optimism,0x0b2c639c533813f4aa9d7837caf62653d097ff85,blacklist(address),,BLACKLISTER,,,Circle
CU-IMP-2691,ONCHAIN_TX,0x9cf772cb10e8f2546d8ad995b17815967b9eead0a50ad01ab441ec7824cbd6e8,128889458,2024-12-05 05:48:13.000 UTC,optimism,0x0b2c639c533813f4aa9d7837caf62653d097ff85,blacklist(address),,BLACKLISTER,,,Circle
CU-IMP-2692,ONCHAIN_TX,0x91bc457ad0678327e2d090dc6a1f9343fdb53b93429b7a3335e3dc363f424cb2,129534386,2024-12-20 04:05:49.000 UTC,optimism,0x0b2c639c533813f4aa9d7837caf62653d097ff85,blacklist(address),,BLACKLISTER,,,Circle
CU-IMP-2693,ONCHAIN_TX,0xadf1cd5ef0482f625f9ce172fa6d47adb48c99a844fc336a0828cb0e2fdc5874,129534397,2024-12-20 04:06:11.000 UTC,optimism,0x0b2c639c533813f4aa9d7837caf62653d097ff85,blacklist(address),,BLACKLISTER,,,Circle
CU-IMP-2694,ONCHAIN_TX,0x6a100b66d25c0e9621fa2ab289f01906b96f9267e5e7d85eb4f021b0e81877b8,129534407,2024-12-20 04:06:31.000 UTC,optimism,0x0b2c639c533813f4aa9d7837caf62653d097ff85,blacklist(address),,BLACKLISTER,,,Circle
CU-IMP-2695,ONCHAIN_TX,0x355d71f32352b56e950f39adf552c2cbe474d93c746fe2d1e0d6afafc0c35bef,129534417,2024-12-20 04:06:51.000 UTC,optimism,0x0b2c639c533813f4aa9d7837caf62653d097ff85,blacklist(address),,BLACKLISTER,,,Circle
CU-IMP-2696,ONCHAIN_TX,0x2570a009aa422a0ef7ff8068f2bd0c85c08c2a9c501c3c78096ecc941fd25b09,129534428,2024-12-20 04:07:13.000 UTC,optimism,0x0b2c639c533813f4aa9d7837caf62653d097ff85,blacklist(address),,BLACKLISTER,,,Circle
CU-IMP-2697,ONCHAIN_TX,0xce215fba19bdaabc2adca90684e9f558e36239ae8852d2ea8f74aa326cb8e667,132418866,2025-02-24 22:35:09.000 UTC,optimism,0x0b2c639c533813f4aa9d7837caf62653d097ff85,blacklist(address),,BLACKLISTER,,,Circle
CU-IMP-2698,ONCHAIN_TX,0xe3348c4480570ebe7ffb2b0b73aea7c4757d1a228181623774dd81098dc1503c,132418882,2025-02-24 22:35:41.000 UTC,optimism,0x0b2c639c533813f4aa9d7837caf62653d097ff85,blacklist(address),,BLACKLISTER,,,Circle
CU-IMP-2699,ONCHAIN_TX,0xf5cdbfd9ebd8e312504f597923e76e1abd666740dcf33b65fc5434de24be75cc,132418892,2025-02-24 22:36:01.000 UTC,optimism,0x0b2c639c533813f4aa9d7837caf62653d097ff85,blacklist(address),,BLACKLISTER,,,Circle
CU-IMP-2700,ONCHAIN_TX,0x9eacfc58b357ee4f5d57531d39aa314228e4f72b0486ea53652099af7f582e7a,133502775,2025-03-22 00:45:27.000 UTC,optimism,0x0b2c639c533813f4aa9d7837caf62653d097ff85,unBlacklist(address),,BLACKLISTER,,,Circle
CU-IMP-2701,ONCHAIN_TX,0x8fa60bff5ed622a9dfd4f4ac21ae723859d772f310ac1e3d70063df457b6404c,133502789,2025-03-22 00:45:55.000 UTC,optimism,0x0b2c639c533813f4aa9d7837caf62653d097ff85,unBlacklist(address),,BLACKLISTER,,,Circle
CU-IMP-2702,ONCHAIN_TX,0x77767cf7bb632dcc55859d5d4b19aaed6a7885606cc8556c7f303bffce8483ed,133502798,2025-03-22 00:46:13.000 UTC,optimism,0x0b2c639c533813f4aa9d7837caf62653d097ff85,unBlacklist(address),,BLACKLISTER,,,Circle
CU-IMP-2703,ONCHAIN_TX,0xff786ea138ed921c173a1e9e1d15135233cf7e868e90574aa003439e6df665cf,133502805,2025-03-22 00:46:27.000 UTC,optimism,0x0b2c639c533813f4aa9d7837caf62653d097ff85,unBlacklist(address),,BLACKLISTER,,,Circle
CU-IMP-2704,ONCHAIN_TX,0x7ccf0fa5bba11e95a777e2dce38244b879109cc2200650cf270afa11c946722c,133502814,2025-03-22 00:46:45.000 UTC,optimism,0x0b2c639c533813f4aa9d7837caf62653d097ff85,unBlacklist(address),,BLACKLISTER,,,Circle
CU-IMP-2705,ONCHAIN_TX,0x467ad664eb59f6e7c74f01139aa60f3a03d9ff39e6d4d6baeec4ce759915b69c,133502824,2025-03-22 00:47:05.000 UTC,optimism,0x0b2c639c533813f4aa9d7837caf62653d097ff85,unBlacklist(address),,BLACKLISTER,,,Circle
CU-IMP-2706,ONCHAIN_TX,0xe0c3845b4e76b194f43de0ee26af5820c17756d4606cfbfeea7e1f17037eaa4a,133502831,2025-03-22 00:47:19.000 UTC,optimism,0x0b2c639c533813f4aa9d7837caf62653d097ff85,unBlacklist(address),,BLACKLISTER,,,Circle
CU-IMP-2707,ONCHAIN_TX,0x7427945263f915303843040129a4769548eefe5a4450c4d140d9a62862dc3f66,133502838,2025-03-22 00:47:33.000 UTC,optimism,0x0b2c639c533813f4aa9d7837caf62653d097ff85,unBlacklist(address),,BLACKLISTER,,,Circle
CU-IMP-2708,ONCHAIN_TX,0xd0867403400c1b721f6473ee1b1e6315c3f86fb5e8bf58aab4943ab422530591,133502848,2025-03-22 00:47:53.000 UTC,optimism,0x0b2c639c533813f4aa9d7837caf62653d097ff85,unBlacklist(address),,BLACKLISTER,,,Circle
CU-IMP-2709,ONCHAIN_TX,0x9c07d4cfdceda5f616645c4ec9045a1403cc14bbe24a61ec984eea9035d27b4f,133502855,2025-03-22 00:48:07.000 UTC,optimism,0x0b2c639c533813f4aa9d7837caf62653d097ff85,unBlacklist(address),,BLACKLISTER,,,Circle
CU-IMP-2710,ONCHAIN_TX,0x4dd9919e56afb1d18be9bfb97a1d9952f926393495fa26c14a3c4104a2e0f761,133502862,2025-03-22 00:48:21.000 UTC,optimism,0x0b2c639c533813f4aa9d7837caf62653d097ff85,unBlacklist(address),,BLACKLISTER,,,Circle
CU-IMP-2711,ONCHAIN_TX,0x5608f417fc01cf771fddbc2d68334de42881862c2f366e8b6e632c04ae629be1,133502870,2025-03-22 00:48:37.000 UTC,optimism,0x0b2c639c533813f4aa9d7837caf62653d097ff85,unBlacklist(address),,BLACKLISTER,,,Circle
CU-IMP-2712,ONCHAIN_TX,0xa53091ad4343c4543ca26f031f4219c822195d3d272674ed581dd3ac8c7089de,133502879,2025-03-22 00:48:55.000 UTC,optimism,0x0b2c639c533813f4aa9d7837caf62653d097ff85,unBlacklist(address),,BLACKLISTER,,,Circle
CU-IMP-2713,ONCHAIN_TX,0x6413dd33e726fce22f5ac0f950ca3ba79cc187b3cfcf7028c2a060b97d543a2b,133502887,2025-03-22 00:49:11.000 UTC,optimism,0x0b2c639c533813f4aa9d7837caf62653d097ff85,unBlacklist(address),,BLACKLISTER,,,Circle
CU-IMP-2714,ONCHAIN_TX,0x2338fb6b158139c2ae3e53590204563c92a470eaaa523c7db742cd0cd0e10a5f,133502895,2025-03-22 00:49:27.000 UTC,optimism,0x0b2c639c533813f4aa9d7837caf62653d097ff85,unBlacklist(address),,BLACKLISTER,,,Circle
CU-IMP-2715,ONCHAIN_TX,0xfddb2942def1317455848efa48771623237e22151d6e8a4dbaffe09258ea32d6,133502903,2025-03-22 00:49:43.000 UTC,optimism,0x0b2c639c533813f4aa9d7837caf62653d097ff85,unBlacklist(address),,BLACKLISTER,,,Circle
CU-IMP-2716,ONCHAIN_TX,0x1040fdad2ea2fb835e90bdd877216a67a88dce5c70d4256b62aa916da36436cc,133502913,2025-03-22 00:50:03.000 UTC,optimism,0x0b2c639c533813f4aa9d7837caf62653d097ff85,unBlacklist(address),,BLACKLISTER,,,Circle
CU-IMP-2717,ONCHAIN_TX,0x29896dc71d10eb3f66a7b29f783a5f2784ed3776ccbeca52bea1602fd6c7641e,133502921,2025-03-22 00:50:19.000 UTC,optimism,0x0b2c639c533813f4aa9d7837caf62653d097ff85,unBlacklist(address),,BLACKLISTER,,,Circle
CU-IMP-2718,ONCHAIN_TX,0x9cf4b2584466a9f005d2ba08d9da96820e4b7e7c70f0757447b51a6dd570c2e9,133502928,2025-03-22 00:50:33.000 UTC,optimism,0x0b2c639c533813f4aa9d7837caf62653d097ff85,unBlacklist(address),,BLACKLISTER,,,Circle
CU-IMP-2719,ONCHAIN_TX,0x386e85456327e697a7098483e58d3e869db61f5cae8f43e232de225068058f11,133502936,2025-03-22 00:50:49.000 UTC,optimism,0x0b2c639c533813f4aa9d7837caf62653d097ff85,unBlacklist(address),,BLACKLISTER,,,Circle
CU-IMP-2720,ONCHAIN_TX,0x8061f0cab83b8e8972c3356a6b91532acdbd09d6c68b341da144e6f01ee3d987,133502944,2025-03-22 00:51:05.000 UTC,optimism,0x0b2c639c533813f4aa9d7837caf62653d097ff85,unBlacklist(address),,BLACKLISTER,,,Circle
CU-IMP-2721,ONCHAIN_TX,0x0efe64060b498930c3326407e469866bcbb5e1e55fe89bf42d410c307b6f1e5f,133502952,2025-03-22 00:51:21.000 UTC,optimism,0x0b2c639c533813f4aa9d7837caf62653d097ff85,unBlacklist(address),,BLACKLISTER,,,Circle
CU-IMP-2722,ONCHAIN_TX,0x1a8966f9107135f91d37956c7e3b627fd6a1d8b8d781c12aa0dca2e2b018a418,133502961,2025-03-22 00:51:39.000 UTC,optimism,0x0b2c639c533813f4aa9d7837caf62653d097ff85,unBlacklist(address),,BLACKLISTER,,,Circle
CU-IMP-2723,ONCHAIN_TX,0x4d07135d6c03c63011fb81ee59cdd46b2df9b58342d3fd3d500d72bd26ef8fbf,133502968,2025-03-22 00:51:53.000 UTC,optimism,0x0b2c639c533813f4aa9d7837caf62653d097ff85,unBlacklist(address),,BLACKLISTER,,,Circle
CU-IMP-2724,ONCHAIN_TX,0x3478920179e692c06857d0b85fccf3470acc2a6c8c9006b49c24f8ab460fe40d,133502976,2025-03-22 00:52:09.000 UTC,optimism,0x0b2c639c533813f4aa9d7837caf62653d097ff85,unBlacklist(address),,BLACKLISTER,,,Circle
CU-IMP-2725,ONCHAIN_TX,0x5d7d1d2403d98bce91c3ee3346cefc7ed83f57d5a6c97aeb22223920fc4d03c1,133502984,2025-03-22 00:52:25.000 UTC,optimism,0x0b2c639c533813f4aa9d7837caf62653d097ff85,unBlacklist(address),,BLACKLISTER,,,Circle
CU-IMP-2726,ONCHAIN_TX,0xca76cd7b314902247c425460e3e4f1aa3697e58664a5063e7066f1424abd9a16,133502992,2025-03-22 00:52:41.000 UTC,optimism,0x0b2c639c533813f4aa9d7837caf62653d097ff85,unBlacklist(address),,BLACKLISTER,,,Circle
CU-IMP-2727,ONCHAIN_TX,0x03a32af152c6a274cce21c2911c6334e0ff17b22d4bbe35131a99792ffaa6909,133503001,2025-03-22 00:52:59.000 UTC,optimism,0x0b2c639c533813f4aa9d7837caf62653d097ff85,unBlacklist(address),,BLACKLISTER,,,Circle
CU-IMP-2728,ONCHAIN_TX,0x9734739ddb33472e07af12303dcbe0d7605f26068f1e9569aae49190dfb0f2f1,133503008,2025-03-22 00:53:13.000 UTC,optimism,0x0b2c639c533813f4aa9d7837caf62653d097ff85,unBlacklist(address),,BLACKLISTER,,,Circle
CU-IMP-2729,ONCHAIN_TX,0x4c4712c959b7e5928eb737fcdbeabab9325695810260170ceef7278c51512cde,133503016,2025-03-22 00:53:29.000 UTC,optimism,0x0b2c639c533813f4aa9d7837caf62653d097ff85,unBlacklist(address),,BLACKLISTER,,,Circle
CU-IMP-2730,ONCHAIN_TX,0xc18265a534289aff18543e21e007ca890efff444615d348e077922300a0c5a77,133503024,2025-03-22 00:53:45.000 UTC,optimism,0x0b2c639c533813f4aa9d7837caf62653d097ff85,unBlacklist(address),,BLACKLISTER,,,Circle
CU-IMP-2731,ONCHAIN_TX,0x5bdb23a7f1d11cc7f10641721bf98f2edaeedd398e551abb9ee3c74be4266b76,133503032,2025-03-22 00:54:01.000 UTC,optimism,0x0b2c639c533813f4aa9d7837caf62653d097ff85,unBlacklist(address),,BLACKLISTER,,,Circle
CU-IMP-2732,ONCHAIN_TX,0x31f4e7fdb8c95e2ffd3b1722e916973cc984ddd087228ad108f876a38ff7bbd3,133503039,2025-03-22 00:54:15.000 UTC,optimism,0x0b2c639c533813f4aa9d7837caf62653d097ff85,unBlacklist(address),,BLACKLISTER,,,Circle
CU-IMP-2733,ONCHAIN_TX,0x904660fa397186b2929b4b53a7045ecdce030842ef34868fd28f1deb1118d362,133503047,2025-03-22 00:54:31.000 UTC,optimism,0x0b2c639c533813f4aa9d7837caf62653d097ff85,unBlacklist(address),,BLACKLISTER,,,Circle
CU-IMP-2734,ONCHAIN_TX,0x3406801740dd6a9b7364e5cb90c6be51fab4e7c7ffb31295f543f6e3c4e1a4d8,133503055,2025-03-22 00:54:47.000 UTC,optimism,0x0b2c639c533813f4aa9d7837caf62653d097ff85,unBlacklist(address),,BLACKLISTER,,,Circle
CU-IMP-2735,ONCHAIN_TX,0x7b2277d06e734ed5eb077aa5b86dfb771253ff7ead89af09d2d0ae9bea9034ed,133503065,2025-03-22 00:55:07.000 UTC,optimism,0x0b2c639c533813f4aa9d7837caf62653d097ff85,unBlacklist(address),,BLACKLISTER,,,Circle
CU-IMP-2736,ONCHAIN_TX,0x1ecef73367e967f32bd85806f5c6ea84f5c847d6c5da442c3c57b2d74d52c632,133503075,2025-03-22 00:55:27.000 UTC,optimism,0x0b2c639c533813f4aa9d7837caf62653d097ff85,unBlacklist(address),,BLACKLISTER,,,Circle
CU-IMP-2737,ONCHAIN_TX,0x7b3b373390bd551fe5f4783df1bdab91b2ad4a3fc929173dbc04917cedcc5597,133503081,2025-03-22 00:55:39.000 UTC,optimism,0x0b2c639c533813f4aa9d7837caf62653d097ff85,unBlacklist(address),,BLACKLISTER,,,Circle
CU-IMP-2738,ONCHAIN_TX,0xa9db50dff1d9dda4ccc1d5416ea6482366d329f38bb2c54f51add8ea689c310e,133503092,2025-03-22 00:56:01.000 UTC,optimism,0x0b2c639c533813f4aa9d7837caf62653d097ff85,unBlacklist(address),,BLACKLISTER,,,Circle
CU-IMP-2739,ONCHAIN_TX,0x5cbb5a11dfbaf413471a7acf2abbfd753334e2ddb377fec133a5eacf0449f08e,133503100,2025-03-22 00:56:17.000 UTC,optimism,0x0b2c639c533813f4aa9d7837caf62653d097ff85,unBlacklist(address),,BLACKLISTER,,,Circle
CU-IMP-2740,ONCHAIN_TX,0x7800d92bf29fa67cbaaa08d9ace42d4f47444c10fe4366983b3934f8133466a1,133503107,2025-03-22 00:56:31.000 UTC,optimism,0x0b2c639c533813f4aa9d7837caf62653d097ff85,unBlacklist(address),,BLACKLISTER,,,Circle
CU-IMP-2741,ONCHAIN_TX,0xd1dd5af20e03e96406c2938cad325ecef2f8efdbd6f1b04477246b182e703182,133503114,2025-03-22 00:56:45.000 UTC,optimism,0x0b2c639c533813f4aa9d7837caf62653d097ff85,unBlacklist(address),,BLACKLISTER,,,Circle
CU-IMP-2742,ONCHAIN_TX,0xd4e3496c7c309b7cb10afbc49292c970ee6c7ad6634f690838b8d4890ae21b94,133503124,2025-03-22 00:57:05.000 UTC,optimism,0x0b2c639c533813f4aa9d7837caf62653d097ff85,unBlacklist(address),,BLACKLISTER,,,Circle
CU-IMP-2743,ONCHAIN_TX,0x003e6bf5e88de79bf00eae6cd3a783106115bc294edf6b09d08d7b64af1ec94c,133503132,2025-03-22 00:57:21.000 UTC,optimism,0x0b2c639c533813f4aa9d7837caf62653d097ff85,unBlacklist(address),,BLACKLISTER,,,Circle
CU-IMP-2744,ONCHAIN_TX,0xebd04e46ab0dce0cfd70d21ae98b8d6c1b3dc4c066e3585039e74187116679dd,133503141,2025-03-22 00:57:39.000 UTC,optimism,0x0b2c639c533813f4aa9d7837caf62653d097ff85,unBlacklist(address),,BLACKLISTER,,,Circle
CU-IMP-2745,ONCHAIN_TX,0x117861ee8f6204e69bf54d21ec9e6cd19b5bebddc8661cade412ba5e5a845ca8,133503148,2025-03-22 00:57:53.000 UTC,optimism,0x0b2c639c533813f4aa9d7837caf62653d097ff85,unBlacklist(address),,BLACKLISTER,,,Circle
CU-IMP-2746,ONCHAIN_TX,0x700831578a373ed38fdb23832c9af13aadcec405d49a77755b6f0714c1220572,133503157,2025-03-22 00:58:11.000 UTC,optimism,0x0b2c639c533813f4aa9d7837caf62653d097ff85,unBlacklist(address),,BLACKLISTER,,,Circle
CU-IMP-2747,ONCHAIN_TX,0x3f1cbc40a09f8b1063b114857aa631e86bf91e18c230f41f5c52a3e86a498692,133503164,2025-03-22 00:58:25.000 UTC,optimism,0x0b2c639c533813f4aa9d7837caf62653d097ff85,unBlacklist(address),,BLACKLISTER,,,Circle
CU-IMP-2748,ONCHAIN_TX,0x490b052fafff9fdb783b8c95a2280222c6723a36d59e965d3d6a2cbf2834fd27,133503172,2025-03-22 00:58:41.000 UTC,optimism,0x0b2c639c533813f4aa9d7837caf62653d097ff85,unBlacklist(address),,BLACKLISTER,,,Circle
CU-IMP-2749,ONCHAIN_TX,0x5d3afeef1c09367e557d47939bd9d65497fc74b24418db567638562d67381fbd,133503181,2025-03-22 00:58:59.000 UTC,optimism,0x0b2c639c533813f4aa9d7837caf62653d097ff85,unBlacklist(address),,BLACKLISTER,,,Circle
CU-IMP-2750,ONCHAIN_TX,0x30b08e20a808627b2b047bf8bef971dc3c62e40a0c453b2c4e08120a9f0bb0cf,133503189,2025-03-22 00:59:15.000 UTC,optimism,0x0b2c639c533813f4aa9d7837caf62653d097ff85,unBlacklist(address),,BLACKLISTER,,,Circle
CU-IMP-2751,ONCHAIN_TX,0x8bc5f47991cafa9f09af90a4ceaeed416c12a962d0f2d0e429eb1e83de2490ac,133503196,2025-03-22 00:59:29.000 UTC,optimism,0x0b2c639c533813f4aa9d7837caf62653d097ff85,unBlacklist(address),,BLACKLISTER,,,Circle
CU-IMP-2752,ONCHAIN_TX,0xe541bfe015b0c1c87083e3b19a7faf17b696907436d9a6dc8e9381c834520820,133503204,2025-03-22 00:59:45.000 UTC,optimism,0x0b2c639c533813f4aa9d7837caf62653d097ff85,unBlacklist(address),,BLACKLISTER,,,Circle
CU-IMP-2753,ONCHAIN_TX,0xc87b1a767a64083b1673d17fe30c6827828c6966cd279af6232f61465c4ad741,133503214,2025-03-22 01:00:05.000 UTC,optimism,0x0b2c639c533813f4aa9d7837caf62653d097ff85,unBlacklist(address),,BLACKLISTER,,,Circle
CU-IMP-2754,ONCHAIN_TX,0x6df67399a250002634c4d650a0389b8d7c69ff570bdb2f7497fe3b4d3ca342fa,133503222,2025-03-22 01:00:21.000 UTC,optimism,0x0b2c639c533813f4aa9d7837caf62653d097ff85,unBlacklist(address),,BLACKLISTER,,,Circle
CU-IMP-2755,ONCHAIN_TX,0xc7e44d56ef913467c5e3c593d170faf1fdc7e19f3a7e3c3de8020516dfac39a8,133503230,2025-03-22 01:00:37.000 UTC,optimism,0x0b2c639c533813f4aa9d7837caf62653d097ff85,unBlacklist(address),,BLACKLISTER,,,Circle
CU-IMP-2756,ONCHAIN_TX,0x4adc0dd77a1e4a2e1e63fb2fcb0441100fcc5c239c3c032a2c4b973ad57ef054,133503237,2025-03-22 01:00:51.000 UTC,optimism,0x0b2c639c533813f4aa9d7837caf62653d097ff85,unBlacklist(address),,BLACKLISTER,,,Circle
CU-IMP-2757,ONCHAIN_TX,0x82eed5b9e125dde39f2dd984667cc420374f032f4cf418971db4d8695a44a799,133503245,2025-03-22 01:01:07.000 UTC,optimism,0x0b2c639c533813f4aa9d7837caf62653d097ff85,unBlacklist(address),,BLACKLISTER,,,Circle
CU-IMP-2758,ONCHAIN_TX,0xe90b497beb96c1635947e4beedfda5dfcd6608d6c7aa1e4a17d3f16e78a9ed37,133503252,2025-03-22 01:01:21.000 UTC,optimism,0x0b2c639c533813f4aa9d7837caf62653d097ff85,unBlacklist(address),,BLACKLISTER,,,Circle
CU-IMP-2759,ONCHAIN_TX,0x0ff53de819c2f1c114fa56b0259b7bc52e22d747e3af90a6c174045ef0ad5aa7,133503262,2025-03-22 01:01:41.000 UTC,optimism,0x0b2c639c533813f4aa9d7837caf62653d097ff85,unBlacklist(address),,BLACKLISTER,,,Circle
CU-IMP-2760,ONCHAIN_TX,0xcb7fdc350606b4fe4e02115e317265bb6db64d060b73b335e5bfb083e4c870bd,133503271,2025-03-22 01:01:59.000 UTC,optimism,0x0b2c639c533813f4aa9d7837caf62653d097ff85,unBlacklist(address),,BLACKLISTER,,,Circle
CU-IMP-2761,ONCHAIN_TX,0x297bb4efd85e8722f6e7b75bcb7c8065f072fda9feb651ae0868c0f9f5bd54e8,133503281,2025-03-22 01:02:19.000 UTC,optimism,0x0b2c639c533813f4aa9d7837caf62653d097ff85,unBlacklist(address),,BLACKLISTER,,,Circle
CU-IMP-2762,ONCHAIN_TX,0xc0e245a6797ccb825180c22ef83766d8d31ce8ce20dcaec3fe303e2f4fffab7c,133503289,2025-03-22 01:02:35.000 UTC,optimism,0x0b2c639c533813f4aa9d7837caf62653d097ff85,unBlacklist(address),,BLACKLISTER,,,Circle
CU-IMP-2763,ONCHAIN_TX,0xea43a6bc72270c5d08952ec1ee72cde4737600a316d321996a07068dc6030500,133503297,2025-03-22 01:02:51.000 UTC,optimism,0x0b2c639c533813f4aa9d7837caf62653d097ff85,unBlacklist(address),,BLACKLISTER,,,Circle
CU-IMP-2764,ONCHAIN_TX,0xab3880839c162450a25a25c360efe57087e5d1cd282f5fc52b70655b7c3b35a6,133503307,2025-03-22 01:03:11.000 UTC,optimism,0x0b2c639c533813f4aa9d7837caf62653d097ff85,unBlacklist(address),,BLACKLISTER,,,Circle
CU-IMP-2765,ONCHAIN_TX,0x62df2ea3772cc7ff416232dce5d4a5839c5246e3b7932e25e903e70d03aa8549,133503315,2025-03-22 01:03:27.000 UTC,optimism,0x0b2c639c533813f4aa9d7837caf62653d097ff85,unBlacklist(address),,BLACKLISTER,,,Circle
CU-IMP-2766,ONCHAIN_TX,0x6be5f3d4c3ce3f252d19960e5dcdc57f33dbafb3f6c96bad21ed3a4ba3e356ff,133503326,2025-03-22 01:03:49.000 UTC,optimism,0x0b2c639c533813f4aa9d7837caf62653d097ff85,unBlacklist(address),,BLACKLISTER,,,Circle
CU-IMP-2767,ONCHAIN_TX,0x67ba459cfd3690f6cc3c8743c7ada0900971286711c173b21318484c491352e7,133503334,2025-03-22 01:04:05.000 UTC,optimism,0x0b2c639c533813f4aa9d7837caf62653d097ff85,unBlacklist(address),,BLACKLISTER,,,Circle
CU-IMP-2768,ONCHAIN_TX,0x21848fe2bf1151b28c35865d77460bbf7c1014bdea1736c7fd63970c383cea90,133503341,2025-03-22 01:04:19.000 UTC,optimism,0x0b2c639c533813f4aa9d7837caf62653d097ff85,unBlacklist(address),,BLACKLISTER,,,Circle
CU-IMP-2769,ONCHAIN_TX,0x4f293e4119c1d8d619637b92095b9ca6b9e39c049b96e1bd1e0be6ea6d33c77d,133503348,2025-03-22 01:04:33.000 UTC,optimism,0x0b2c639c533813f4aa9d7837caf62653d097ff85,unBlacklist(address),,BLACKLISTER,,,Circle
CU-IMP-2770,ONCHAIN_TX,0x14d7299be68967417af5dbf04f3d2b240800b58b0a06ba2e23414459ac10f2a0,133503357,2025-03-22 01:04:51.000 UTC,optimism,0x0b2c639c533813f4aa9d7837caf62653d097ff85,unBlacklist(address),,BLACKLISTER,,,Circle
CU-IMP-2771,ONCHAIN_TX,0xabae1a09f44993e0637a683a1de7870e6b4a142e3c84d0425ab8e333567cbb93,133503373,2025-03-22 01:05:23.000 UTC,optimism,0x0b2c639c533813f4aa9d7837caf62653d097ff85,unBlacklist(address),,BLACKLISTER,,,Circle
CU-IMP-2772,ONCHAIN_TX,0x2b2f77f4e245cf4be4974901565196696316521808880efa47e155609f7b1a34,133503390,2025-03-22 01:05:57.000 UTC,optimism,0x0b2c639c533813f4aa9d7837caf62653d097ff85,unBlacklist(address),,BLACKLISTER,,,Circle
CU-IMP-2773,ONCHAIN_TX,0xbad9c600125faea2aca962207c478291975d8bc8dacccba859de229eec3ed7fe,133503398,2025-03-22 01:06:13.000 UTC,optimism,0x0b2c639c533813f4aa9d7837caf62653d097ff85,unBlacklist(address),,BLACKLISTER,,,Circle
CU-IMP-2774,ONCHAIN_TX,0xe76b1bacad2c116f03c82d91fabcb0f42d6de2b27dad0f874e5aef4c0585579a,133503405,2025-03-22 01:06:27.000 UTC,optimism,0x0b2c639c533813f4aa9d7837caf62653d097ff85,unBlacklist(address),,BLACKLISTER,,,Circle
CU-IMP-2775,ONCHAIN_TX,0x8866847189b81db86640f70426d6f343cb376a641732f684c2b554b48061bbed,133503413,2025-03-22 01:06:43.000 UTC,optimism,0x0b2c639c533813f4aa9d7837caf62653d097ff85,unBlacklist(address),,BLACKLISTER,,,Circle
CU-IMP-2776,ONCHAIN_TX,0x3577a3bb1c2c2e98736894192f96dc1917b20cd7645d103697064cfaa71f6db3,133503421,2025-03-22 01:06:59.000 UTC,optimism,0x0b2c639c533813f4aa9d7837caf62653d097ff85,unBlacklist(address),,BLACKLISTER,,,Circle
CU-IMP-2777,ONCHAIN_TX,0x3583a58cc1e28500d62a34c60298ca7c9c6c0e897746e634fd3befe5d9eef436,133503428,2025-03-22 01:07:13.000 UTC,optimism,0x0b2c639c533813f4aa9d7837caf62653d097ff85,unBlacklist(address),,BLACKLISTER,,,Circle
CU-IMP-2778,ONCHAIN_TX,0xafc772a5bf5074bec279fdabedac02a973398d28f4445931d174df9cab6fc1c8,133503441,2025-03-22 01:07:39.000 UTC,optimism,0x0b2c639c533813f4aa9d7837caf62653d097ff85,unBlacklist(address),,BLACKLISTER,,,Circle
CU-IMP-2779,ONCHAIN_TX,0xe9f8996b375bb5a064ab4147af90dd54387e07a71f7ff65654e679a53438f2d9,133503448,2025-03-22 01:07:53.000 UTC,optimism,0x0b2c639c533813f4aa9d7837caf62653d097ff85,unBlacklist(address),,BLACKLISTER,,,Circle
CU-IMP-2780,ONCHAIN_TX,0xd3e31838504fbc61590a5488d4eb2c74a7e880bdd85387c5018698f1f9aa2416,133503455,2025-03-22 01:08:07.000 UTC,optimism,0x0b2c639c533813f4aa9d7837caf62653d097ff85,unBlacklist(address),,BLACKLISTER,,,Circle
CU-IMP-2781,ONCHAIN_TX,0xbbeeb627ef4a261d75c8905b031e4926eab7164be29c77963f9d000b5641360a,133503462,2025-03-22 01:08:21.000 UTC,optimism,0x0b2c639c533813f4aa9d7837caf62653d097ff85,unBlacklist(address),,BLACKLISTER,,,Circle
CU-IMP-2782,ONCHAIN_TX,0xeac741a781d9891968c2606f144ae6f7fcee3b336f857f934ae4b5fabcf711b9,133503470,2025-03-22 01:08:37.000 UTC,optimism,0x0b2c639c533813f4aa9d7837caf62653d097ff85,unBlacklist(address),,BLACKLISTER,,,Circle
CU-IMP-2783,ONCHAIN_TX,0x39d9819cc50842faf1ba9b2236091ca28864358cbe5d4f0a33b19626a2d27dba,133503477,2025-03-22 01:08:51.000 UTC,optimism,0x0b2c639c533813f4aa9d7837caf62653d097ff85,unBlacklist(address),,BLACKLISTER,,,Circle
CU-IMP-2784,ONCHAIN_TX,0xcde6142e055f5455dd7c84e81bda8309a03724f08a109d60e5684cf295c11a72,133503485,2025-03-22 01:09:07.000 UTC,optimism,0x0b2c639c533813f4aa9d7837caf62653d097ff85,unBlacklist(address),,BLACKLISTER,,,Circle
CU-IMP-2785,ONCHAIN_TX,0x4ca9ae56fc578bc258d7ff24f1a73e3cf5ebdfe82a5fbb1088214187cfe9d1dc,133503493,2025-03-22 01:09:23.000 UTC,optimism,0x0b2c639c533813f4aa9d7837caf62653d097ff85,unBlacklist(address),,BLACKLISTER,,,Circle
CU-IMP-2786,ONCHAIN_TX,0x2522e4dd647334538565d67b17aaff7a626d3c3c5d5ed7d62830e9915609d966,133503500,2025-03-22 01:09:37.000 UTC,optimism,0x0b2c639c533813f4aa9d7837caf62653d097ff85,unBlacklist(address),,BLACKLISTER,,,Circle
CU-IMP-2787,ONCHAIN_TX,0x0052e8d9a25c209b92b42e0da01e511ea6ee59c8fca8b951ac3c084eec86302d,133503509,2025-03-22 01:09:55.000 UTC,optimism,0x0b2c639c533813f4aa9d7837caf62653d097ff85,unBlacklist(address),,BLACKLISTER,,,Circle
CU-IMP-2788,ONCHAIN_TX,0xb59edf572029582d913267e40ebba4690a4e3c2bbf0c830f9c3b66c8782e4387,133503518,2025-03-22 01:10:13.000 UTC,optimism,0x0b2c639c533813f4aa9d7837caf62653d097ff85,unBlacklist(address),,BLACKLISTER,,,Circle
CU-IMP-2789,ONCHAIN_TX,0x9bd2622e710aa6e2b35ca101f0d2649a2cc8776b1d7871002254b0796a1c5179,133503526,2025-03-22 01:10:29.000 UTC,optimism,0x0b2c639c533813f4aa9d7837caf62653d097ff85,unBlacklist(address),,BLACKLISTER,,,Circle
CU-IMP-2790,ONCHAIN_TX,0xea2a22f2d92252dfa81b9e4a06af1764e0b1d5009509f60abd942147f0e1392f,134011927,2025-04-02 19:37:11.000 UTC,optimism,0x0b2c639c533813f4aa9d7837caf62653d097ff85,blacklist(address),,BLACKLISTER,,,Circle
CU-IMP-2791,ONCHAIN_TX,0x28eebd3a0d7abae5287b5b00ac9c993b2cb838e3e6e603c1a73e6b9406f0f702,134011937,2025-04-02 19:37:31.000 UTC,optimism,0x0b2c639c533813f4aa9d7837caf62653d097ff85,blacklist(address),,BLACKLISTER,,,Circle
CU-IMP-2792,ONCHAIN_TX,0xde3d071dbdea9f6c7305aef0387e85a4d8bf30b2f2fe3c8c862384fb7de43c92,134011945,2025-04-02 19:37:47.000 UTC,optimism,0x0b2c639c533813f4aa9d7837caf62653d097ff85,blacklist(address),,BLACKLISTER,,,Circle
CU-IMP-2793,ONCHAIN_TX,0x4234fffd63fa7bad9c292f3aa6c2a2ecea7d08b3455d68f319ec04392bdbf158,134011952,2025-04-02 19:38:01.000 UTC,optimism,0x0b2c639c533813f4aa9d7837caf62653d097ff85,blacklist(address),,BLACKLISTER,,,Circle
CU-IMP-2794,ONCHAIN_TX,0xbe1a513304427fc06cd6fe276fb5371d0df3fd9f5426ced48638d4d9bd3038c7,134011960,2025-04-02 19:38:17.000 UTC,optimism,0x0b2c639c533813f4aa9d7837caf62653d097ff85,blacklist(address),,BLACKLISTER,,,Circle
CU-IMP-2795,ONCHAIN_TX,0xf953eef484c03c3cf2eea8c37cc70d066d203ee4165c8f75e614c6a31372e9d9,134011971,2025-04-02 19:38:39.000 UTC,optimism,0x0b2c639c533813f4aa9d7837caf62653d097ff85,blacklist(address),,BLACKLISTER,,,Circle
CU-IMP-2796,ONCHAIN_TX,0x16dce099e802f0d2f047b19ae3935e8a88d31cda8e01a6b0d9d1a6c05e305945,134011978,2025-04-02 19:38:53.000 UTC,optimism,0x0b2c639c533813f4aa9d7837caf62653d097ff85,blacklist(address),,BLACKLISTER,,,Circle
CU-IMP-2797,ONCHAIN_TX,0xb38620f6eb570ecc7ad5b7aa38076a7f29872a561e7ba2a47bb91b07b8501c9c,134011986,2025-04-02 19:39:09.000 UTC,optimism,0x0b2c639c533813f4aa9d7837caf62653d097ff85,blacklist(address),,BLACKLISTER,,,Circle
CU-IMP-2798,ONCHAIN_TX,0xd1a4d6b0e66beb63d92cbb103f3af175e90cc9ae36d24816eaaa3eefc67d5031,136475499,2025-05-29 20:16:15.000 UTC,optimism,0x0b2c639c533813f4aa9d7837caf62653d097ff85,blacklist(address),,BLACKLISTER,,,Circle
CU-IMP-2799,ONCHAIN_TX,0x357d5b960f68c8fa1955c585bd0595e9faf02750afaba43acc4019ab0fea4ca7,136475501,2025-05-29 20:16:19.000 UTC,optimism,0x0b2c639c533813f4aa9d7837caf62653d097ff85,blacklist(address),,BLACKLISTER,,,Circle
CU-IMP-2800,ONCHAIN_TX,0xf5dda060355ddb49c62323d4c3fbac3fc6b7ee5a883602884cc39b8357add46c,137897500,2025-07-01 18:16:17.000 UTC,optimism,0x0b2c639c533813f4aa9d7837caf62653d097ff85,blacklist(address),,BLACKLISTER,,,Circle
CU-IMP-2801,ONCHAIN_TX,0xd155b3dc60326fdc7b90ff168ad4481d1058f0add27d20f77df8fa2a621de47d,139805015,2025-08-14 22:00:07.000 UTC,optimism,0x0b2c639c533813f4aa9d7837caf62653d097ff85,blacklist(address),,BLACKLISTER,,,Circle
CU-IMP-2802,ONCHAIN_TX,0x1f08c7f3a1743387cdf06d7eeea0120d7bddd95d763e05f76334fcfd28636c25,139805016,2025-08-14 22:00:09.000 UTC,optimism,0x0b2c639c533813f4aa9d7837caf62653d097ff85,blacklist(address),,BLACKLISTER,,,Circle
CU-IMP-2803,ONCHAIN_TX,0x55e429622429f7fd21a4678d96d1b4a2c6ab68a20fd0e598e3a65a3b22d74efa,139805017,2025-08-14 22:00:11.000 UTC,optimism,0x0b2c639c533813f4aa9d7837caf62653d097ff85,blacklist(address),,BLACKLISTER,,,Circle
CU-IMP-2804,ONCHAIN_TX,0x012a38250a6a56489851e4577bfa6449c218ce77e2d6a57e45d29be188c43960,139805018,2025-08-14 22:00:13.000 UTC,optimism,0x0b2c639c533813f4aa9d7837caf62653d097ff85,blacklist(address),,BLACKLISTER,,,Circle
CU-IMP-2805,ONCHAIN_TX,0x6b9fef183f2e57d488747539e1956e14dc3f1ccab18cdbde031c0f65c949a80f,139805019,2025-08-14 22:00:15.000 UTC,optimism,0x0b2c639c533813f4aa9d7837caf62653d097ff85,blacklist(address),,BLACKLISTER,,,Circle
CU-IMP-2806,ONCHAIN_TX,0x4f768bc523aea7a98efb81c27035b8ab4a07e7ea54d88280ea92b395097ab014,139805021,2025-08-14 22:00:19.000 UTC,optimism,0x0b2c639c533813f4aa9d7837caf62653d097ff85,blacklist(address),,BLACKLISTER,,,Circle
CU-IMP-2807,ONCHAIN_TX,0x8eb213f72326ed8870a86eb4328b2bd794fd945693fea3b9364ccf66fb347c76,139805022,2025-08-14 22:00:21.000 UTC,optimism,0x0b2c639c533813f4aa9d7837caf62653d097ff85,blacklist(address),,BLACKLISTER,,,Circle
CU-IMP-2808,ONCHAIN_TX,0x85dbe6cd91bacdb1bcffd1dfcb120aa18f50f82432d689b6e9723b45b2a62a8b,139805023,2025-08-14 22:00:23.000 UTC,optimism,0x0b2c639c533813f4aa9d7837caf62653d097ff85,blacklist(address),,BLACKLISTER,,,Circle
CU-IMP-2809,ONCHAIN_TX,0xe6a1e680a7fd80e134841cf1de188123356be5db347a53b0da43fe614e57f74c,139805024,2025-08-14 22:00:25.000 UTC,optimism,0x0b2c639c533813f4aa9d7837caf62653d097ff85,blacklist(address),,BLACKLISTER,,,Circle
CU-IMP-2810,ONCHAIN_TX,0x25022505be4670e6d9a46bae96e5ac10e378196ccbcaac19f57a872f493b2735,139805025,2025-08-14 22:00:27.000 UTC,optimism,0x0b2c639c533813f4aa9d7837caf62653d097ff85,blacklist(address),,BLACKLISTER,,,Circle
CU-IMP-2811,ONCHAIN_TX,0x3b81928f58ece73e5a2a05fcd899c69fcaf1b7a211efb917162339ae990bc309,139805026,2025-08-14 22:00:29.000 UTC,optimism,0x0b2c639c533813f4aa9d7837caf62653d097ff85,blacklist(address),,BLACKLISTER,,,Circle
CU-IMP-2812,ONCHAIN_TX,0xe9c2037967e040a3627033cced46385253a922fd96da3f457b7f744b97d70201,139805027,2025-08-14 22:00:31.000 UTC,optimism,0x0b2c639c533813f4aa9d7837caf62653d097ff85,blacklist(address),,BLACKLISTER,,,Circle
CU-IMP-2813,ONCHAIN_TX,0xaa657bdd41d1f84b33724b4d86ec84ac44c07e85bc8ad4e9073ba963c3170ab6,139805028,2025-08-14 22:00:33.000 UTC,optimism,0x0b2c639c533813f4aa9d7837caf62653d097ff85,blacklist(address),,BLACKLISTER,,,Circle
CU-IMP-2814,ONCHAIN_TX,0xe700c13cefed2965e088d091357a7f5c41c5bf460958f83d1e53ae9f3da31ac6,139805029,2025-08-14 22:00:35.000 UTC,optimism,0x0b2c639c533813f4aa9d7837caf62653d097ff85,blacklist(address),,BLACKLISTER,,,Circle
CU-IMP-2815,ONCHAIN_TX,0x3852bbd778328b2483d0970c7e2e2432deb7a0b502fb5f07edbb9c31e77cd8ec,139805030,2025-08-14 22:00:37.000 UTC,optimism,0x0b2c639c533813f4aa9d7837caf62653d097ff85,blacklist(address),,BLACKLISTER,,,Circle
CU-IMP-2816,ONCHAIN_TX,0x068121fddae2e7fa8d47701c89b7bab41313cb9456d8ee4a76271fa2542f1e6d,139805031,2025-08-14 22:00:39.000 UTC,optimism,0x0b2c639c533813f4aa9d7837caf62653d097ff85,blacklist(address),,BLACKLISTER,,,Circle
CU-IMP-2817,ONCHAIN_TX,0x71e44d5990c4b0c8473fcdbd571d80f8f0c08d4fff916de982fe5d139bc78d5e,139805032,2025-08-14 22:00:41.000 UTC,optimism,0x0b2c639c533813f4aa9d7837caf62653d097ff85,blacklist(address),,BLACKLISTER,,,Circle
CU-IMP-2818,ONCHAIN_TX,0xdddc6f77e4274231b1c73f78be1729b24fbf0fd9fbd14acefba6d249723e2086,139805033,2025-08-14 22:00:43.000 UTC,optimism,0x0b2c639c533813f4aa9d7837caf62653d097ff85,blacklist(address),,BLACKLISTER,,,Circle
CU-IMP-2819,ONCHAIN_TX,0x5869c8dc7c9b42662a02279225d94b03d928b6db8f50ec7ce9c3144faab4f30c,141044391,2025-09-12 14:32:39.000 UTC,optimism,0x0b2c639c533813f4aa9d7837caf62653d097ff85,blacklist(address),,BLACKLISTER,,,Circle
CU-IMP-2820,ONCHAIN_TX,0x4daa85c003879a0925186612632298755b228d4f2fc0c161d65b31564127ca73,141044457,2025-09-12 14:34:51.000 UTC,optimism,0x0b2c639c533813f4aa9d7837caf62653d097ff85,unBlacklist(address),,BLACKLISTER,,,Circle
CU-IMP-2821,ONCHAIN_TX,0x41c2fbcd150db382fac37e20b0a2ed32dffa5571cef7e1c5e5cbf4a80023f08e,141219771,2025-09-16 15:58:39.000 UTC,optimism,0x0b2c639c533813f4aa9d7837caf62653d097ff85,blacklist(address),,BLACKLISTER,,,Circle
CU-IMP-2822,ONCHAIN_TX,0xd3677ea746de07f94c06df35e83c914ccf21787211d1c2301b0543961d254e0b,141219818,2025-09-16 16:00:13.000 UTC,optimism,0x0b2c639c533813f4aa9d7837caf62653d097ff85,blacklist(address),,BLACKLISTER,,,Circle
CU-IMP-2823,ONCHAIN_TX,0x393d604f5d2c55e1c1d18c4bf36f946f25ffed9860730674d442c0e931dd17fa,141219825,2025-09-16 16:00:27.000 UTC,optimism,0x0b2c639c533813f4aa9d7837caf62653d097ff85,blacklist(address),,BLACKLISTER,,,Circle
CU-IMP-2824,ONCHAIN_TX,0xe6bb675c0b0b3ae6d98f07e3cf2350373d577cfaa80751ab43328229ee8cd7d4,141219873,2025-09-16 16:02:03.000 UTC,optimism,0x0b2c639c533813f4aa9d7837caf62653d097ff85,blacklist(address),,BLACKLISTER,,,Circle
CU-IMP-2825,ONCHAIN_TX,0x57a1a7efe87b5ea26ca4cb00ce9113b163f79da4796164e33d0724f4fe606668,141219905,2025-09-16 16:03:07.000 UTC,optimism,0x0b2c639c533813f4aa9d7837caf62653d097ff85,blacklist(address),,BLACKLISTER,,,Circle
CU-IMP-2826,ONCHAIN_TX,0x9035c2e79bbc3e6338fa462163f69c712a4416f5e3c2fde555bbb234571f8d90,141219916,2025-09-16 16:03:29.000 UTC,optimism,0x0b2c639c533813f4aa9d7837caf62653d097ff85,blacklist(address),,BLACKLISTER,,,Circle
CU-IMP-2827,ONCHAIN_TX,0x281b3e1f3d41491f801d5d6168fe3242dd30a2d905eb44c3cd2c5b2f544b2f78,141219980,2025-09-16 16:05:37.000 UTC,optimism,0x0b2c639c533813f4aa9d7837caf62653d097ff85,blacklist(address),,BLACKLISTER,,,Circle
CU-IMP-2828,ONCHAIN_TX,0xe189eb471375e6bace46b2d2a4199a6ac902079447bdaa5089db1f386b137314,141566399,2025-09-24 16:32:55.000 UTC,optimism,0x0b2c639c533813f4aa9d7837caf62653d097ff85,blacklist(address),,BLACKLISTER,,,Circle
CU-IMP-2829,ONCHAIN_TX,0xc640c9e3364db59e3f2266a38aa80be2d5a47da7f754c3e52514f48a4f884658,142435681,2025-10-14 19:28:59.000 UTC,optimism,0x0b2c639c533813f4aa9d7837caf62653d097ff85,blacklist(address),,BLACKLISTER,,,Circle
CU-IMP-2830,ONCHAIN_TX,0x60d51dd7bfd053bbf2d0f80cf0d59254fe97df58fbfe92a37fb12b237ee0f79b,142435698,2025-10-14 19:29:33.000 UTC,optimism,0x0b2c639c533813f4aa9d7837caf62653d097ff85,blacklist(address),,BLACKLISTER,,,Circle
CU-IMP-2831,ONCHAIN_TX,0x93dcd5f6e2589ac5bcbbf18470029aa467e303eb0a75a1dfa522aa1251dd9dd8,142435733,2025-10-14 19:30:43.000 UTC,optimism,0x0b2c639c533813f4aa9d7837caf62653d097ff85,blacklist(address),,BLACKLISTER,,,Circle
CU-IMP-2832,ONCHAIN_TX,0x6d572ba0edb3dffc91201e2e54c68ba39941f0c98e91d97eaa7e72326a7f54b0,142435798,2025-10-14 19:32:53.000 UTC,optimism,0x0b2c639c533813f4aa9d7837caf62653d097ff85,blacklist(address),,BLACKLISTER,,,Circle
CU-IMP-2833,ONCHAIN_TX,0x29040401ac69cb36046231558250f1ed3ba6f7d924e27d3f6eb966821c01b952,143339050,2025-11-04 17:21:17.000 UTC,optimism,0x0b2c639c533813f4aa9d7837caf62653d097ff85,blacklist(address),,BLACKLISTER,,,Circle
CU-IMP-2834,ONCHAIN_TX,0xbbc04b06a5fb6f4154fa156ec58410527b96cda1d3b848ec0fbb2b4e9fffb4a3,143339077,2025-11-04 17:22:11.000 UTC,optimism,0x0b2c639c533813f4aa9d7837caf62653d097ff85,blacklist(address),,BLACKLISTER,,,Circle
CU-IMP-2835,ONCHAIN_TX,0x62d1fda571263d75d0b1fe386076048d2d5fe0972b8165a66470a0b712bdd891,143339228,2025-11-04 17:27:13.000 UTC,optimism,0x0b2c639c533813f4aa9d7837caf62653d097ff85,blacklist(address),,BLACKLISTER,,,Circle
CU-IMP-2836,ONCHAIN_TX,0x9fd8def89b7682c13a155c1791064a9712288d73fdbe826e75e081155fedf4d0,143339249,2025-11-04 17:27:55.000 UTC,optimism,0x0b2c639c533813f4aa9d7837caf62653d097ff85,blacklist(address),,BLACKLISTER,,,Circle
CU-IMP-2837,ONCHAIN_TX,0xf129c0450e5f2756e2834d6cc5c20a5b2c6bf763a055bea2546fb2c1d1d15383,143339287,2025-11-04 17:29:11.000 UTC,optimism,0x0b2c639c533813f4aa9d7837caf62653d097ff85,blacklist(address),,BLACKLISTER,,,Circle
CU-IMP-2838,ONCHAIN_TX,0xf182e90ad748471d1417b586ceded817736f9179a2eb7b0275f2e7384ec6e89a,143339357,2025-11-04 17:31:31.000 UTC,optimism,0x0b2c639c533813f4aa9d7837caf62653d097ff85,blacklist(address),,BLACKLISTER,,,Circle
CU-IMP-2839,ONCHAIN_TX,0x28117b5edbe81819d72a7206b794729781abf10c23415d1cef83ebca29182120,143339370,2025-11-04 17:31:57.000 UTC,optimism,0x0b2c639c533813f4aa9d7837caf62653d097ff85,blacklist(address),,BLACKLISTER,,,Circle
CU-IMP-2840,ONCHAIN_TX,0x46ddae224e0971d2f2e3240e20299ed6f5106af8f7b6c758aaa07ef139638318,143339403,2025-11-04 17:33:03.000 UTC,optimism,0x0b2c639c533813f4aa9d7837caf62653d097ff85,blacklist(address),,BLACKLISTER,,,Circle
CU-IMP-2841,ONCHAIN_TX,0xa801ffa9595b22cc32ec5b4fb9e95f1507f921f9a98bdeef73ae1e5abfc267e7,143339423,2025-11-04 17:33:43.000 UTC,optimism,0x0b2c639c533813f4aa9d7837caf62653d097ff85,blacklist(address),,BLACKLISTER,,,Circle
CU-IMP-2842,ONCHAIN_TX,0x8710125896468b56003ba038b6cd65f8a16d5dd269c27e01f57764b28c10923b,143339444,2025-11-04 17:34:25.000 UTC,optimism,0x0b2c639c533813f4aa9d7837caf62653d097ff85,blacklist(address),,BLACKLISTER,,,Circle
CU-IMP-2843,ONCHAIN_TX,0x6aa67f3cbf798578c3b711c0d007175e604c4550847a0cc9d1bb3c6eed0fb19d,143339462,2025-11-04 17:35:01.000 UTC,optimism,0x0b2c639c533813f4aa9d7837caf62653d097ff85,blacklist(address),,BLACKLISTER,,,Circle
CU-IMP-2844,ONCHAIN_TX,0x8a854dc71bbbcb57ac92e60fcd0c1e082d17a4aef9972b9500c38255da12bee1,143339583,2025-11-04 17:39:03.000 UTC,optimism,0x0b2c639c533813f4aa9d7837caf62653d097ff85,blacklist(address),,BLACKLISTER,,,Circle
CU-IMP-2845,ONCHAIN_TX,0xb938811aec53bdf3f12734ebab6fad5ca49ff8f502b2d9058c449955f8cc8677,143339590,2025-11-04 17:39:17.000 UTC,optimism,0x0b2c639c533813f4aa9d7837caf62653d097ff85,blacklist(address),,BLACKLISTER,,,Circle
CU-IMP-2846,ONCHAIN_TX,0xc91d91cf94ee1e4ac79e001ad4c11710731a4d2d177b0a5222dc86338870326b,143339612,2025-11-04 17:40:01.000 UTC,optimism,0x0b2c639c533813f4aa9d7837caf62653d097ff85,blacklist(address),,BLACKLISTER,,,Circle
CU-IMP-2847,ONCHAIN_TX,0xab04744c1c5933af4c0a1bbafcca74c9a5f890bda7a08b958de29cfbc2a916fe,143339657,2025-11-04 17:41:31.000 UTC,optimism,0x0b2c639c533813f4aa9d7837caf62653d097ff85,blacklist(address),,BLACKLISTER,,,Circle
CU-IMP-2848,ONCHAIN_TX,0x47dc4f9dda046047b6ce7d78eedef4d6afb0fa0ce81749da8241e9f06699448f,143339714,2025-11-04 17:43:25.000 UTC,optimism,0x0b2c639c533813f4aa9d7837caf62653d097ff85,blacklist(address),,BLACKLISTER,,,Circle
CU-IMP-2849,ONCHAIN_TX,0xf9657ae76e39b2452231c36bc6158e60089acc6de5596cf01ca510544c346dc2,143339743,2025-11-04 17:44:23.000 UTC,optimism,0x0b2c639c533813f4aa9d7837caf62653d097ff85,blacklist(address),,BLACKLISTER,,,Circle
CU-IMP-2850,ONCHAIN_TX,0x288bdc2e00526e4410ae1d5f5f2c2d4e5a2494ea7919d3019125aa1c62057075,143339747,2025-11-04 17:44:31.000 UTC,optimism,0x0b2c639c533813f4aa9d7837caf62653d097ff85,blacklist(address),,BLACKLISTER,,,Circle
CU-IMP-2851,ONCHAIN_TX,0x0f2e02a7695ffa489296b091bc77f91b55e319b725c81b322226f47bd9049472,143339827,2025-11-04 17:47:11.000 UTC,optimism,0x0b2c639c533813f4aa9d7837caf62653d097ff85,blacklist(address),,BLACKLISTER,,,Circle
CU-IMP-2852,ONCHAIN_TX,0x4d731cfb89ca7f7de00465ee3307d0290315b6f6deb822d6988d4ed001e41618,143339833,2025-11-04 17:47:23.000 UTC,optimism,0x0b2c639c533813f4aa9d7837caf62653d097ff85,blacklist(address),,BLACKLISTER,,,Circle
CU-IMP-2853,ONCHAIN_TX,0x5148ac6b522d963ce4c8327c5433ffdf122e0588e6f254df83c2585a4793ef3b,143339847,2025-11-04 17:47:51.000 UTC,optimism,0x0b2c639c533813f4aa9d7837caf62653d097ff85,blacklist(address),,BLACKLISTER,,,Circle
CU-IMP-2854,ONCHAIN_TX,0x9b1ae8d32a74acbbde153402fd1bf9af61ab7023ae0742a97d0a99d1a7efcf89,143339862,2025-11-04 17:48:21.000 UTC,optimism,0x0b2c639c533813f4aa9d7837caf62653d097ff85,blacklist(address),,BLACKLISTER,,,Circle
CU-IMP-2855,ONCHAIN_TX,0x22a1818f1741ed7cbe464754ca1a8d12030011fc60fbb3d4d811cf3553afef03,143339953,2025-11-04 17:51:23.000 UTC,optimism,0x0b2c639c533813f4aa9d7837caf62653d097ff85,blacklist(address),,BLACKLISTER,,,Circle
CU-IMP-2856,ONCHAIN_TX,0x652085079589d23ee7bb275987d02ebdd0adf7f40679824427c8293610059d6c,143339958,2025-11-04 17:51:33.000 UTC,optimism,0x0b2c639c533813f4aa9d7837caf62653d097ff85,blacklist(address),,BLACKLISTER,,,Circle
CU-IMP-2857,ONCHAIN_TX,0xeb7e6404b1a6ab7b1ced19d2d2ddc57504b839912251bf6f99ad26af7f41778e,143340073,2025-11-04 17:55:23.000 UTC,optimism,0x0b2c639c533813f4aa9d7837caf62653d097ff85,blacklist(address),,BLACKLISTER,,,Circle
CU-IMP-2858,ONCHAIN_TX,0x77850622dbb189ac189dc6dd6877ee178e06f915b6ede277c64296fb5eb3e4c8,143340408,2025-11-04 18:06:33.000 UTC,optimism,0x0b2c639c533813f4aa9d7837caf62653d097ff85,blacklist(address),,BLACKLISTER,,,Circle
CU-IMP-2859,ONCHAIN_TX,0x8b76d6b77c779a67cf7859789cf04867d49d95040b7b2fbd82a9d8a2db7d228e,143340436,2025-11-04 18:07:29.000 UTC,optimism,0x0b2c639c533813f4aa9d7837caf62653d097ff85,blacklist(address),,BLACKLISTER,,,Circle
CU-IMP-2860,ONCHAIN_TX,0x689a3be2a51b6d6ac746d9dfe25487bf0ebb1543204522536e95d25bed0f1655,143340475,2025-11-04 18:08:47.000 UTC,optimism,0x0b2c639c533813f4aa9d7837caf62653d097ff85,blacklist(address),,BLACKLISTER,,,Circle
CU-IMP-2861,ONCHAIN_TX,0xfd80afc72e1756683d4995b48c7a36d1eb0646b03a324a136daceb43977ee184,143340481,2025-11-04 18:08:59.000 UTC,optimism,0x0b2c639c533813f4aa9d7837caf62653d097ff85,blacklist(address),,BLACKLISTER,,,Circle
CU-IMP-2862,ONCHAIN_TX,0x0f2d0f9bf28f6ed44a2780adf2ce1cf5ae9b84e3752d6d00988a2b376b1989d4,143340489,2025-11-04 18:09:15.000 UTC,optimism,0x0b2c639c533813f4aa9d7837caf62653d097ff85,blacklist(address),,BLACKLISTER,,,Circle
CU-IMP-2863,ONCHAIN_TX,0xb4e7794b4772733f19e6009825caf64cf071d686582f4b4f828e6fd36646b62e,143340505,2025-11-04 18:09:47.000 UTC,optimism,0x0b2c639c533813f4aa9d7837caf62653d097ff85,blacklist(address),,BLACKLISTER,,,Circle
CU-IMP-2864,ONCHAIN_TX,0x5138df4ef90010c282380620c7dfcd4c44f21334978c338bab07f102102c9a85,143340533,2025-11-04 18:10:43.000 UTC,optimism,0x0b2c639c533813f4aa9d7837caf62653d097ff85,blacklist(address),,BLACKLISTER,,,Circle
CU-IMP-2865,ONCHAIN_TX,0x809aa956df2b39e48fefeecedb2e721b35138720854cf2bf1abf8c0d5cc82ce1,143340537,2025-11-04 18:10:51.000 UTC,optimism,0x0b2c639c533813f4aa9d7837caf62653d097ff85,blacklist(address),,BLACKLISTER,,,Circle
CU-IMP-2866,ONCHAIN_TX,0x02bd12824dba3a8d7533f0e5acc3fea4ef6ccb940c45652644b0f46c7082fe3e,143340543,2025-11-04 18:11:03.000 UTC,optimism,0x0b2c639c533813f4aa9d7837caf62653d097ff85,blacklist(address),,BLACKLISTER,,,Circle
CU-IMP-2867,ONCHAIN_TX,0xe01222cabf1191fd0d0792238ece79e3c5e43eb2b2ef88772932d5fce88298e1,143340544,2025-11-04 18:11:05.000 UTC,optimism,0x0b2c639c533813f4aa9d7837caf62653d097ff85,blacklist(address),,BLACKLISTER,,,Circle
CU-IMP-2868,ONCHAIN_TX,0x2dd87471c05bd6ae86ae3d6ba1c0daa2d63904bb41c75b1adfe882508eaf4b6b,143340574,2025-11-04 18:12:05.000 UTC,optimism,0x0b2c639c533813f4aa9d7837caf62653d097ff85,blacklist(address),,BLACKLISTER,,,Circle
CU-IMP-2869,ONCHAIN_TX,0xdc38cfa59da1d703a235fd74249192c0a67076cc467bcb3fdc09d9ede6f6a5d9,143340591,2025-11-04 18:12:39.000 UTC,optimism,0x0b2c639c533813f4aa9d7837caf62653d097ff85,blacklist(address),,BLACKLISTER,,,Circle
CU-IMP-2870,ONCHAIN_TX,0x098503c894f820a203f816d7631838f8ae049fa51a2d24d9d0ddcc9611b44931,143340602,2025-11-04 18:13:01.000 UTC,optimism,0x0b2c639c533813f4aa9d7837caf62653d097ff85,blacklist(address),,BLACKLISTER,,,Circle
CU-IMP-2871,ONCHAIN_TX,0x2ca8e9eee73286bdd4d49fd17cb96293f14dd8cd36f86c55a9eef9fb1f8556cb,143340606,2025-11-04 18:13:09.000 UTC,optimism,0x0b2c639c533813f4aa9d7837caf62653d097ff85,blacklist(address),,BLACKLISTER,,,Circle
CU-IMP-2872,ONCHAIN_TX,0x03354a7798e792bd98df30c7ccd01ede9bbad72dbf0dce7742dfec17118ff5de,143340699,2025-11-04 18:16:15.000 UTC,optimism,0x0b2c639c533813f4aa9d7837caf62653d097ff85,blacklist(address),,BLACKLISTER,,,Circle
CU-IMP-2873,ONCHAIN_TX,0x47409fc12a423d278c30f3c3b4c8974f33ab703751a87002d10f94596d133a81,143340757,2025-11-04 18:18:11.000 UTC,optimism,0x0b2c639c533813f4aa9d7837caf62653d097ff85,blacklist(address),,BLACKLISTER,,,Circle
CU-IMP-2874,ONCHAIN_TX,0x1ddc0ce22381bb8985411eaeb49a54827d06c586d8ac67f0270d7656f32ee9aa,143340803,2025-11-04 18:19:43.000 UTC,optimism,0x0b2c639c533813f4aa9d7837caf62653d097ff85,blacklist(address),,BLACKLISTER,,,Circle
CU-IMP-2875,ONCHAIN_TX,0x72ddae5d77ec860100608a19e31e67e78e854c4408d70c3beda42e5d5568386f,143340870,2025-11-04 18:21:57.000 UTC,optimism,0x0b2c639c533813f4aa9d7837caf62653d097ff85,blacklist(address),,BLACKLISTER,,,Circle
CU-IMP-2876,ONCHAIN_TX,0xcbe65b0bf7c7675447c661c52e275dcb4940ae84339004c7132677fc81333d89,143340894,2025-11-04 18:22:45.000 UTC,optimism,0x0b2c639c533813f4aa9d7837caf62653d097ff85,blacklist(address),,BLACKLISTER,,,Circle
CU-IMP-2877,ONCHAIN_TX,0x86b510d9a5ef91bd530ce84c1a64f43e5ba972e21457efdb2b219485010aa4a7,143340953,2025-11-04 18:24:43.000 UTC,optimism,0x0b2c639c533813f4aa9d7837caf62653d097ff85,blacklist(address),,BLACKLISTER,,,Circle
CU-IMP-2878,ONCHAIN_TX,0x96792763756fd98945f4b6df009369bbb21b50772087a0d134012fd4595b1efd,143341028,2025-11-04 18:27:13.000 UTC,optimism,0x0b2c639c533813f4aa9d7837caf62653d097ff85,blacklist(address),,BLACKLISTER,,,Circle
CU-IMP-2879,ONCHAIN_TX,0x41a75ba0073f2e7f8ef83f47f76d52a77eac01b71d85c48bd6d1a067ce4e7beb,143341065,2025-11-04 18:28:27.000 UTC,optimism,0x0b2c639c533813f4aa9d7837caf62653d097ff85,blacklist(address),,BLACKLISTER,,,Circle
CU-IMP-2880,ONCHAIN_TX,0x467b11c7a50671a2dbf7e85525e883593dcf38f0f8eff4d1d25784bdd888d85d,143341108,2025-11-04 18:29:53.000 UTC,optimism,0x0b2c639c533813f4aa9d7837caf62653d097ff85,blacklist(address),,BLACKLISTER,,,Circle
CU-IMP-2881,ONCHAIN_TX,0x4482916511a9648f59d186afc6542dc5627cde8e0afeba9ad5cbde2e1f00f08d,143341130,2025-11-04 18:30:37.000 UTC,optimism,0x0b2c639c533813f4aa9d7837caf62653d097ff85,blacklist(address),,BLACKLISTER,,,Circle
CU-IMP-2882,ONCHAIN_TX,0xd9ee53a02b0345139c8104b6e5f9a464962d958b005db2b8ea836dad11ca21ec,143341318,2025-11-04 18:36:53.000 UTC,optimism,0x0b2c639c533813f4aa9d7837caf62653d097ff85,blacklist(address),,BLACKLISTER,,,Circle
CU-IMP-2883,ONCHAIN_TX,0x764e1e2fd568b0982b67faa8f35b1bbcb10cb2a0c42c94040f100062c91a8c90,143341426,2025-11-04 18:40:29.000 UTC,optimism,0x0b2c639c533813f4aa9d7837caf62653d097ff85,blacklist(address),,BLACKLISTER,,,Circle
CU-IMP-2884,ONCHAIN_TX,0xfc8c9bccadc6b15a42e4aef47f6952f8b87b737228fd2eb955adc5c2f49b2abd,143341439,2025-11-04 18:40:55.000 UTC,optimism,0x0b2c639c533813f4aa9d7837caf62653d097ff85,blacklist(address),,BLACKLISTER,,,Circle
CU-IMP-2885,ONCHAIN_TX,0xc7f3405c64f6bff24e45f17b6e80abe41a4ee62d428a7d7344cff9079dbd6056,143341561,2025-11-04 18:44:59.000 UTC,optimism,0x0b2c639c533813f4aa9d7837caf62653d097ff85,blacklist(address),,BLACKLISTER,,,Circle
CU-IMP-2886,ONCHAIN_TX,0x0ccf43a866a2fabadd9352a1799d2da46c8ad623494a80c060ef6f04196c2060,143987979,2025-11-19 17:52:15.000 UTC,optimism,0x0b2c639c533813f4aa9d7837caf62653d097ff85,blacklist(address),,BLACKLISTER,,,Circle
CU-IMP-2887,ONCHAIN_TX,0xb7ee52a87b4aae0d635ead260e581128c94a4706d13c29943b825c40722cd2b7,143988032,2025-11-19 17:54:01.000 UTC,optimism,0x0b2c639c533813f4aa9d7837caf62653d097ff85,blacklist(address),,BLACKLISTER,,,Circle
CU-IMP-2888,ONCHAIN_TX,0xdfe64ac67ae49707bd8179726c747808f623d1e70ffae432af84384ff70472af,143988231,2025-11-19 18:00:39.000 UTC,optimism,0x0b2c639c533813f4aa9d7837caf62653d097ff85,blacklist(address),,BLACKLISTER,,,Circle
CU-IMP-2889,ONCHAIN_TX,0x4eba040c168a96ce27b59644b32d8a3f965709f89ae52b21a1cc29b2d5750055,143988281,2025-11-19 18:02:19.000 UTC,optimism,0x0b2c639c533813f4aa9d7837caf62653d097ff85,blacklist(address),,BLACKLISTER,,,Circle
CU-IMP-2890,ONCHAIN_TX,0x15d849dc3c5783467cd2b0e6f41fa211897bf6a13c35480039e066c0de10bc1d,143988303,2025-11-19 18:03:03.000 UTC,optimism,0x0b2c639c533813f4aa9d7837caf62653d097ff85,blacklist(address),,BLACKLISTER,,,Circle
CU-IMP-2891,ONCHAIN_TX,0xa5dbc5fc9dcd5e89f74bb17e535a016d17f2503c4ede9dc285ad24f973a33dc5,143988323,2025-11-19 18:03:43.000 UTC,optimism,0x0b2c639c533813f4aa9d7837caf62653d097ff85,blacklist(address),,BLACKLISTER,,,Circle
CU-IMP-2892,ONCHAIN_TX,0xc78d46687e0ddfc774af75c7bb2c5f37e2f06351187e0fbff01f00affbd0b174,143988325,2025-11-19 18:03:47.000 UTC,optimism,0x0b2c639c533813f4aa9d7837caf62653d097ff85,blacklist(address),,BLACKLISTER,,,Circle
CU-IMP-2893,ONCHAIN_TX,0x2eae78cb071d840f8965e18b1c9e2310665b51d88f4a5e1218776a298433a63a,143988374,2025-11-19 18:05:25.000 UTC,optimism,0x0b2c639c533813f4aa9d7837caf62653d097ff85,blacklist(address),,BLACKLISTER,,,Circle
CU-IMP-2894,ONCHAIN_TX,0xc7895ce07e698656ddbdf9c47c850b398daefe631721348c16948ff9f6a62d00,144288544,2025-11-26 16:51:05.000 UTC,optimism,0x0b2c639c533813f4aa9d7837caf62653d097ff85,blacklist(address),,BLACKLISTER,,,Circle
CU-IMP-2895,ONCHAIN_TX,0x3b7f7334017092a69e17e8fc0afe32fb242228bb7ec3455f1205bfbdc5240866,147096170,2026-01-30 16:38:37.000 UTC,optimism,0x0b2c639c533813f4aa9d7837caf62653d097ff85,blacklist(address),,BLACKLISTER,,,Circle
CU-IMP-2896,ONCHAIN_TX,0x1ee3044ded46aec023ee87c4b7ef078cf80c0cb8884cf7eaf8e79863c3a53ff2,147096186,2026-01-30 16:39:09.000 UTC,optimism,0x0b2c639c533813f4aa9d7837caf62653d097ff85,blacklist(address),,BLACKLISTER,,,Circle
CU-IMP-2897,ONCHAIN_TX,0x4acda6937e326db6671527da17b7da300b2d3f936a02c3ec4e9508bc4aed7a65,147096271,2026-01-30 16:41:59.000 UTC,optimism,0x0b2c639c533813f4aa9d7837caf62653d097ff85,blacklist(address),,BLACKLISTER,,,Circle
CU-IMP-2898,ONCHAIN_TX,0x27de4a8b343229c06196d770c08c4f10ebe44f6be4a0809eb1d0d4d1b6b5f27d,147096324,2026-01-30 16:43:45.000 UTC,optimism,0x0b2c639c533813f4aa9d7837caf62653d097ff85,blacklist(address),,BLACKLISTER,,,Circle
CU-IMP-2899,ONCHAIN_TX,0xd2cfc7bef023a30c3fe5665429713c791027e5843f2194174c7a17b5abefef1b,147096362,2026-01-30 16:45:01.000 UTC,optimism,0x0b2c639c533813f4aa9d7837caf62653d097ff85,blacklist(address),,BLACKLISTER,,,Circle
CU-IMP-2900,ONCHAIN_TX,0x7f07bbded369b49b77e55aa73ad1efe6f2a8c17bb7a9357ab0f7808e3b08ae2a,147096396,2026-01-30 16:46:09.000 UTC,optimism,0x0b2c639c533813f4aa9d7837caf62653d097ff85,blacklist(address),,BLACKLISTER,,,Circle
CU-IMP-2901,ONCHAIN_TX,0x53c8d250520d8dae3edb5b6de723596f41473b3cf3c5c0c1ec3351daaf6f860f,147096418,2026-01-30 16:46:53.000 UTC,optimism,0x0b2c639c533813f4aa9d7837caf62653d097ff85,blacklist(address),,BLACKLISTER,,,Circle
CU-IMP-2902,ONCHAIN_TX,0xda3c8ecbd557e70dfc75325c78fab1d242ccb35895e6f60923c11da9c7951797,148868642,2026-03-12 17:21:01.000 UTC,optimism,0x0b2c639c533813f4aa9d7837caf62653d097ff85,blacklist(address),,BLACKLISTER,,,Circle
CU-IMP-2903,ONCHAIN_TX,0x21dda7582f9b58882cda467dc79e20d4fedacf94412fea79d639eaa210379bf6,148868663,2026-03-12 17:21:43.000 UTC,optimism,0x0b2c639c533813f4aa9d7837caf62653d097ff85,blacklist(address),,BLACKLISTER,,,Circle
CU-IMP-2904,ONCHAIN_TX,0x012bf5b1d3f7abcf3f464c192ec23195d2569921fde6b3dd7a7e0352de18b997,148868952,2026-03-12 17:31:21.000 UTC,optimism,0x0b2c639c533813f4aa9d7837caf62653d097ff85,blacklist(address),,BLACKLISTER,,,Circle
CU-IMP-2905,ONCHAIN_TX,0x3b38e7c06bad93d76a8ddf091b3e0f5305a5ab0415e209444a66bdd67061d941,148868979,2026-03-12 17:32:15.000 UTC,optimism,0x0b2c639c533813f4aa9d7837caf62653d097ff85,blacklist(address),,BLACKLISTER,,,Circle
CU-IMP-2906,ONCHAIN_TX,0x3fe7f6dc36c3c70ab548f4107e1dfc7dc64e3b82a87e33c034c13739117ec771,148869011,2026-03-12 17:33:19.000 UTC,optimism,0x0b2c639c533813f4aa9d7837caf62653d097ff85,blacklist(address),,BLACKLISTER,,,Circle
CU-IMP-2907,ONCHAIN_TX,0x504598e44362dda1b0c2ea94229e8445ea84615b29f77c623fc44056578cd69e,148869081,2026-03-12 17:35:39.000 UTC,optimism,0x0b2c639c533813f4aa9d7837caf62653d097ff85,blacklist(address),,BLACKLISTER,,,Circle
CU-IMP-2908,ONCHAIN_TX,0x2783b04842db22596afc884d9527fa702daed7dc9ac492a2f90f9ee7cfe89653,148869092,2026-03-12 17:36:01.000 UTC,optimism,0x0b2c639c533813f4aa9d7837caf62653d097ff85,blacklist(address),,BLACKLISTER,,,Circle
CU-IMP-2909,ONCHAIN_TX,0x4191bcc40883bf7dcfbe5fb103916d1b8fe136a38db1cd53b21d924dad94f8e9,148869109,2026-03-12 17:36:35.000 UTC,optimism,0x0b2c639c533813f4aa9d7837caf62653d097ff85,blacklist(address),,BLACKLISTER,,,Circle
CU-IMP-2910,ONCHAIN_TX,0x35c9d5f8912018597cb9f9556905bcc822332bea4b0e91876a8c4b02dc1ac038,148869174,2026-03-12 17:38:45.000 UTC,optimism,0x0b2c639c533813f4aa9d7837caf62653d097ff85,blacklist(address),,BLACKLISTER,,,Circle
CU-IMP-2911,ONCHAIN_TX,0x051aa550a92c847d970add43a957e7bb35175f2eedcfbf18ebb92fff25c4de3f,148869288,2026-03-12 17:42:33.000 UTC,optimism,0x0b2c639c533813f4aa9d7837caf62653d097ff85,blacklist(address),,BLACKLISTER,,,Circle
CU-IMP-2912,ONCHAIN_TX,0x4d68252cc6904689b9b3ea849067768e2da5625df38b0ff1410200e241c09492,148869297,2026-03-12 17:42:51.000 UTC,optimism,0x0b2c639c533813f4aa9d7837caf62653d097ff85,blacklist(address),,BLACKLISTER,,,Circle
CU-IMP-2913,ONCHAIN_TX,0x81f6afd8d9ff0a400e464752a60273235e155888988e2625d64e19038cec2099,148869380,2026-03-12 17:45:37.000 UTC,optimism,0x0b2c639c533813f4aa9d7837caf62653d097ff85,blacklist(address),,BLACKLISTER,,,Circle
CU-IMP-2914,ONCHAIN_TX,0x23bba9ac747bbe333bf6ba4a2945c1f545aafcbcf0282e629c6aef3de191a6c3,148869397,2026-03-12 17:46:11.000 UTC,optimism,0x0b2c639c533813f4aa9d7837caf62653d097ff85,blacklist(address),,BLACKLISTER,,,Circle
CU-IMP-2915,ONCHAIN_TX,0xf5bfb421ccf1b71951d23a0b6c8acff18890969933270d74c23c3dae3aee51ae,148869402,2026-03-12 17:46:21.000 UTC,optimism,0x0b2c639c533813f4aa9d7837caf62653d097ff85,blacklist(address),,BLACKLISTER,,,Circle
CU-IMP-2916,ONCHAIN_TX,0x0a8f88427a152b613858de2b9c4d213bfe8c8c71870462071fae61fb5227d15a,148869527,2026-03-12 17:50:31.000 UTC,optimism,0x0b2c639c533813f4aa9d7837caf62653d097ff85,blacklist(address),,BLACKLISTER,,,Circle
CU-IMP-2917,ONCHAIN_TX,0x9b9675b271dce091373e1bd1977c6e6b81ba8eefd23c25661abc2800d72b3379,148869605,2026-03-12 17:53:07.000 UTC,optimism,0x0b2c639c533813f4aa9d7837caf62653d097ff85,blacklist(address),,BLACKLISTER,,,Circle
CU-IMP-2918,ONCHAIN_TX,0xcc67425c77344d2f5cf0154470588c27b7a086c85715e0b1b16e2239da65c56c,148869621,2026-03-12 17:53:39.000 UTC,optimism,0x0b2c639c533813f4aa9d7837caf62653d097ff85,blacklist(address),,BLACKLISTER,,,Circle
CU-IMP-2919,ONCHAIN_TX,0x3a400a6e849e22107530aa3d531c155ef9b31238d198c60a20e023bea3208ce7,148869624,2026-03-12 17:53:45.000 UTC,optimism,0x0b2c639c533813f4aa9d7837caf62653d097ff85,blacklist(address),,BLACKLISTER,,,Circle
CU-IMP-2920,ONCHAIN_TX,0x68f9a166ccc3f87ba62600ac12c1bb7c510b6d1723292f6ba656a5f4e4532bc0,148869642,2026-03-12 17:54:21.000 UTC,optimism,0x0b2c639c533813f4aa9d7837caf62653d097ff85,blacklist(address),,BLACKLISTER,,,Circle
CU-IMP-2921,ONCHAIN_TX,0xbfb1c5435bff01d44f85e0c144073a60f349e2af53f898f29f03c00d7694f697,148869695,2026-03-12 17:56:07.000 UTC,optimism,0x0b2c639c533813f4aa9d7837caf62653d097ff85,blacklist(address),,BLACKLISTER,,,Circle
CU-IMP-2922,ONCHAIN_TX,0x5ad45cb5919f1860605aa4a939969dba7a677f8a5b7d9a8c4bb607700fa1ab23,148869706,2026-03-12 17:56:29.000 UTC,optimism,0x0b2c639c533813f4aa9d7837caf62653d097ff85,blacklist(address),,BLACKLISTER,,,Circle
CU-IMP-2923,ONCHAIN_TX,0x6d22e7776d7da776e080df337db883ef5bc087f123f7568aaefa7ca430cf6011,24938762,2026-04-22 23:30:11.000 UTC,ethereum,0xa0b86991c6218b36c1d19d4a2e9eb0ce3606eb48,unBlacklist(address),,BLACKLISTER,,,Circle
CU-IMP-2924,ONCHAIN_TX,0x7c42108ffca0588af08d8372313dfd4a5fbfe4423b2a2cabad399cc8052df9f4,24945288,2026-04-23 21:18:35.000 UTC,ethereum,0xa0b86991c6218b36c1d19d4a2e9eb0ce3606eb48,blacklist(address),,BLACKLISTER,,,Circle
CU-IMP-2925,ONCHAIN_TX,0xa296714c7834a7de2561152868b8b3fb9dcdb07a3c9ea7e8076897a8a8bd8293,24951634,2026-04-24 18:30:59.000 UTC,ethereum,0xa0b86991c6218b36c1d19d4a2e9eb0ce3606eb48,blacklist(address),,BLACKLISTER,,,Circle
CU-IMP-2926,ONCHAIN_TX,0x9274f41374d7ad711c555eef0c0aaaef7cde455d57937459e3f89481a97f509d,24951643,2026-04-24 18:32:47.000 UTC,ethereum,0xa0b86991c6218b36c1d19d4a2e9eb0ce3606eb48,blacklist(address),,BLACKLISTER,,,Circle
CU-IMP-2927,ONCHAIN_TX,0x6d228cb684e9216494f8ab1003787c534a34f02d8ccc214d1e1e4ae7d1b9c543,25001979,2026-05-01 18:46:11.000 UTC,ethereum,0xa0b86991c6218b36c1d19d4a2e9eb0ce3606eb48,blacklist(address),,BLACKLISTER,,,Circle
CU-IMP-2928,ONCHAIN_TX,0xeca4cf3f09a054585e703e2cdef6b58c2e162da3661f0b654d3fe077614fef36,25001984,2026-05-01 18:47:11.000 UTC,ethereum,0xa0b86991c6218b36c1d19d4a2e9eb0ce3606eb48,blacklist(address),,BLACKLISTER,,,Circle
CU-IMP-2929,ONCHAIN_TX,0x0e2f0a154cca956ef9bb4edf5743fd2e39cd1770e7673fa870f83cbbf54d43a1,25001989,2026-05-01 18:48:11.000 UTC,ethereum,0xa0b86991c6218b36c1d19d4a2e9eb0ce3606eb48,blacklist(address),,BLACKLISTER,,,Circle
CU-IMP-2930,ONCHAIN_TX,0xd77844b38e0fed2cef960ad7c2c691d6dcf01a65c273ea144a25a38ece68252e,25074464,2026-05-11 21:10:59.000 UTC,ethereum,0xa0b86991c6218b36c1d19d4a2e9eb0ce3606eb48,blacklist(address),,BLACKLISTER,,,Circle
CU-IMP-2931,ONCHAIN_TX,0x514101c4d3d7b7dc097b7c8c539c58ea632ff2c11025bd705b89beaa2306267b,25074469,2026-05-11 21:11:59.000 UTC,ethereum,0xa0b86991c6218b36c1d19d4a2e9eb0ce3606eb48,blacklist(address),,BLACKLISTER,,,Circle
CU-IMP-2932,ONCHAIN_TX,0x2abf9b610240acd3f9b9c747dc6f3f96292b64b96b1b206601cacc02177339a7,25082320,2026-05-12 23:26:59.000 UTC,ethereum,0xa0b86991c6218b36c1d19d4a2e9eb0ce3606eb48,unBlacklist(address),,BLACKLISTER,,,Circle
CU-IMP-2933,ONCHAIN_TX,0x8d58814d0b61337db40e51c07649563b0c28b7175aed5a96e48b7f4339512163,25082321,2026-05-12 23:27:11.000 UTC,ethereum,0xa0b86991c6218b36c1d19d4a2e9eb0ce3606eb48,unBlacklist(address),,BLACKLISTER,,,Circle
CU-IMP-2934,ONCHAIN_TX,0x74743ceb5f21b0876577cfff28270067c76c69e766a79c1da7c671d45fbf15c7,25082322,2026-05-12 23:27:23.000 UTC,ethereum,0xa0b86991c6218b36c1d19d4a2e9eb0ce3606eb48,unBlacklist(address),,BLACKLISTER,,,Circle
CU-IMP-2935,ONCHAIN_TX,0x540bc6f6890a00aa8f0059af7f7f87bfc2f4db0c407a39921cb82da1bc7b0321,25082323,2026-05-12 23:27:35.000 UTC,ethereum,0xa0b86991c6218b36c1d19d4a2e9eb0ce3606eb48,unBlacklist(address),,BLACKLISTER,,,Circle
CU-IMP-2936,ONCHAIN_TX,0x598c4f1edb0422fbc5c48903900ff17797893946d91c8c1389d118951487341b,25082324,2026-05-12 23:27:47.000 UTC,ethereum,0xa0b86991c6218b36c1d19d4a2e9eb0ce3606eb48,unBlacklist(address),,BLACKLISTER,,,Circle
CU-IMP-2937,ONCHAIN_TX,0x7b823d01d29fa03b660c902677c699a2860be52b784bbc211ff5e110f5cc4f39,25082325,2026-05-12 23:27:59.000 UTC,ethereum,0xa0b86991c6218b36c1d19d4a2e9eb0ce3606eb48,unBlacklist(address),,BLACKLISTER,,,Circle
CU-IMP-2938,ONCHAIN_TX,0x07ca89b23dcafa456c16331ae129cb3e876adfdff5afc8c31627a4681787888f,25082326,2026-05-12 23:28:11.000 UTC,ethereum,0xa0b86991c6218b36c1d19d4a2e9eb0ce3606eb48,unBlacklist(address),,BLACKLISTER,,,Circle
CU-IMP-2939,ONCHAIN_TX,0x49057f3738f42526979ea87cb2178c1953d4625e08668ccdf60ca5071b2bd6d8,25082327,2026-05-12 23:28:23.000 UTC,ethereum,0xa0b86991c6218b36c1d19d4a2e9eb0ce3606eb48,unBlacklist(address),,BLACKLISTER,,,Circle
CU-IMP-2940,ONCHAIN_TX,0xde45635211900e8b0e099aa14895b604aaab54b0860987e4e9a1b9200b461c87,25082328,2026-05-12 23:28:35.000 UTC,ethereum,0xa0b86991c6218b36c1d19d4a2e9eb0ce3606eb48,unBlacklist(address),,BLACKLISTER,,,Circle
CU-IMP-2941,ONCHAIN_TX,0xbae444031a353791123721a0224c7ea3b99e31f91becd8b21a96b6f2eacadc02,25082329,2026-05-12 23:28:47.000 UTC,ethereum,0xa0b86991c6218b36c1d19d4a2e9eb0ce3606eb48,unBlacklist(address),,BLACKLISTER,,,Circle
CU-IMP-2942,ONCHAIN_TX,0x6f229f3d9c7d6e35f95ecb0055ff2f36b265468f6b4d3ec9004eb7ab53e2380a,25082330,2026-05-12 23:28:59.000 UTC,ethereum,0xa0b86991c6218b36c1d19d4a2e9eb0ce3606eb48,unBlacklist(address),,BLACKLISTER,,,Circle
CU-IMP-2943,ONCHAIN_TX,0x20ce0aa0c49a7acb65199815959c17153f0a2f74d2649d0c7c25c56d2c9d86db,25082331,2026-05-12 23:29:11.000 UTC,ethereum,0xa0b86991c6218b36c1d19d4a2e9eb0ce3606eb48,unBlacklist(address),,BLACKLISTER,,,Circle
CU-IMP-2944,ONCHAIN_TX,0xaa34b05751c4422870473ace40bb9e628f74a50bc632f12797f6e2cdb48bb88f,25082332,2026-05-12 23:29:23.000 UTC,ethereum,0xa0b86991c6218b36c1d19d4a2e9eb0ce3606eb48,unBlacklist(address),,BLACKLISTER,,,Circle
CU-IMP-2945,ONCHAIN_TX,0x34f2596742e08f4d1a5b87b00834aca62ed88a6b14f8b1bbc190f8f65f18c1a1,25082333,2026-05-12 23:29:35.000 UTC,ethereum,0xa0b86991c6218b36c1d19d4a2e9eb0ce3606eb48,unBlacklist(address),,BLACKLISTER,,,Circle
CU-IMP-2946,ONCHAIN_TX,0x1ba32c86e293a689231b60861600c910776be644675aff7a860a024786b7c792,25082334,2026-05-12 23:29:47.000 UTC,ethereum,0xa0b86991c6218b36c1d19d4a2e9eb0ce3606eb48,unBlacklist(address),,BLACKLISTER,,,Circle
CU-IMP-2947,ONCHAIN_TX,0x718f16a4f184fa1426c1b8489b5bb6a1652fd409aaff395d05f17d0906ac965b,25082335,2026-05-12 23:29:59.000 UTC,ethereum,0xa0b86991c6218b36c1d19d4a2e9eb0ce3606eb48,unBlacklist(address),,BLACKLISTER,,,Circle
CU-IMP-2948,ONCHAIN_TX,0xf02f9dccb90abd8e6e76737744fcd46be0e59a5ed14580eba6b01480c6422aab,25082336,2026-05-12 23:30:11.000 UTC,ethereum,0xa0b86991c6218b36c1d19d4a2e9eb0ce3606eb48,unBlacklist(address),,BLACKLISTER,,,Circle
CU-IMP-2949,ONCHAIN_TX,0x71b3c838767e50fbd0306c7457bb36a4da0190f4860723eeba079cefea4cfe46,25082337,2026-05-12 23:30:23.000 UTC,ethereum,0xa0b86991c6218b36c1d19d4a2e9eb0ce3606eb48,unBlacklist(address),,BLACKLISTER,,,Circle
CU-IMP-2950,ONCHAIN_TX,0x40992769c34163ac43cca83ebe9dfb511d67b11a3cd08592b180305ae0f4440e,25082338,2026-05-12 23:30:35.000 UTC,ethereum,0xa0b86991c6218b36c1d19d4a2e9eb0ce3606eb48,unBlacklist(address),,BLACKLISTER,,,Circle
CU-IMP-2951,ONCHAIN_TX,0x24ae6ca4d0a75ede61b55bdd1ab2ec64466632fa7099e05262cb73ea39301ef3,25082339,2026-05-12 23:30:47.000 UTC,ethereum,0xa0b86991c6218b36c1d19d4a2e9eb0ce3606eb48,unBlacklist(address),,BLACKLISTER,,,Circle
CU-IMP-2952,ONCHAIN_TX,0x005148013f135db4ab9c890d976f8f65cb8a9950f53d13c7b12461adff188285,25082340,2026-05-12 23:30:59.000 UTC,ethereum,0xa0b86991c6218b36c1d19d4a2e9eb0ce3606eb48,unBlacklist(address),,BLACKLISTER,,,Circle
CU-IMP-2953,ONCHAIN_TX,0xda063b26df4ff82469943ddd27452e30c4d44ebf5ac7ffd948442870380a32c5,25082341,2026-05-12 23:31:11.000 UTC,ethereum,0xa0b86991c6218b36c1d19d4a2e9eb0ce3606eb48,unBlacklist(address),,BLACKLISTER,,,Circle
CU-IMP-2954,ONCHAIN_TX,0x1bd3092fe85d057bd87f3652226ba1fa09b026cf02219e943ac6c4fb54b43995,25082342,2026-05-12 23:31:23.000 UTC,ethereum,0xa0b86991c6218b36c1d19d4a2e9eb0ce3606eb48,unBlacklist(address),,BLACKLISTER,,,Circle
CU-IMP-2955,ONCHAIN_TX,0xa9b1fc0233dfba1f48a6e8f90eb480f5a252b3048157b39f8870c44468ab2888,25082343,2026-05-12 23:31:35.000 UTC,ethereum,0xa0b86991c6218b36c1d19d4a2e9eb0ce3606eb48,unBlacklist(address),,BLACKLISTER,,,Circle
CU-IMP-2956,ONCHAIN_TX,0x2818df770abb044844a7cebe005b228ea3a1ab718799adc58fdb1947bc56e487,25082345,2026-05-12 23:31:59.000 UTC,ethereum,0xa0b86991c6218b36c1d19d4a2e9eb0ce3606eb48,unBlacklist(address),,BLACKLISTER,,,Circle
CU-IMP-2957,ONCHAIN_TX,0x47e41721dec4e27291e10dce0cd1e3d7f9440de1fdc6d9b7e9e631b1347d2ee6,25082346,2026-05-12 23:32:11.000 UTC,ethereum,0xa0b86991c6218b36c1d19d4a2e9eb0ce3606eb48,unBlacklist(address),,BLACKLISTER,,,Circle
CU-IMP-2958,ONCHAIN_TX,0x1ef6e7e80db351a9e776bae71b4c34ba690b461d978dbf49f2ccb113c432a688,25082347,2026-05-12 23:32:23.000 UTC,ethereum,0xa0b86991c6218b36c1d19d4a2e9eb0ce3606eb48,unBlacklist(address),,BLACKLISTER,,,Circle
CU-IMP-2959,ONCHAIN_TX,0xae11525be482cf4ac801b490876f34151c1bdde04d0f4f73fdb42d8797677fc6,25082348,2026-05-12 23:32:35.000 UTC,ethereum,0xa0b86991c6218b36c1d19d4a2e9eb0ce3606eb48,unBlacklist(address),,BLACKLISTER,,,Circle
CU-IMP-2960,ONCHAIN_TX,0x21a8037df6c5361eb33794958d81fab0481978e28396c57f6bba6294c83de87f,25082349,2026-05-12 23:32:47.000 UTC,ethereum,0xa0b86991c6218b36c1d19d4a2e9eb0ce3606eb48,unBlacklist(address),,BLACKLISTER,,,Circle
CU-IMP-2961,ONCHAIN_TX,0x8306d83ce7d4e59c9b386cfbee7477ee36ca9a7fe09d62aa394b4613620a35e9,25082350,2026-05-12 23:32:59.000 UTC,ethereum,0xa0b86991c6218b36c1d19d4a2e9eb0ce3606eb48,unBlacklist(address),,BLACKLISTER,,,Circle
CU-IMP-2962,ONCHAIN_TX,0xa48ebc1bf0cb4bedeac35c8b42b5b89b5afcc66f98ad88071d1ccf680588f742,25082351,2026-05-12 23:33:11.000 UTC,ethereum,0xa0b86991c6218b36c1d19d4a2e9eb0ce3606eb48,unBlacklist(address),,BLACKLISTER,,,Circle
CU-IMP-2963,ONCHAIN_TX,0xe5cdd8e8fbf831688df0ff290c7d8bd041ec23f09566ec9581672a83756974a5,25082352,2026-05-12 23:33:23.000 UTC,ethereum,0xa0b86991c6218b36c1d19d4a2e9eb0ce3606eb48,unBlacklist(address),,BLACKLISTER,,,Circle
CU-IMP-2964,ONCHAIN_TX,0x241d4f0242a7a166eed416353f7bc8db940481652fab86637c2453dcd6add822,25082353,2026-05-12 23:33:35.000 UTC,ethereum,0xa0b86991c6218b36c1d19d4a2e9eb0ce3606eb48,unBlacklist(address),,BLACKLISTER,,,Circle
CU-IMP-2965,ONCHAIN_TX,0x6ef3f854e97c44d6acd6229a9e12ba53704abc1ac92e337c0fb13f3d67ccab32,25082354,2026-05-12 23:33:47.000 UTC,ethereum,0xa0b86991c6218b36c1d19d4a2e9eb0ce3606eb48,unBlacklist(address),,BLACKLISTER,,,Circle
CU-IMP-2966,ONCHAIN_TX,0x3a1ea935ef355da9244cf97740c05dc964f04728449e500ed943ad67afc29868,25082355,2026-05-12 23:33:59.000 UTC,ethereum,0xa0b86991c6218b36c1d19d4a2e9eb0ce3606eb48,unBlacklist(address),,BLACKLISTER,,,Circle
CU-IMP-2967,ONCHAIN_TX,0xbcdc572cfe007648757963c3e02c3da86f56c7d07f9a2fc40af75f529768f585,25082357,2026-05-12 23:34:23.000 UTC,ethereum,0xa0b86991c6218b36c1d19d4a2e9eb0ce3606eb48,unBlacklist(address),,BLACKLISTER,,,Circle
CU-IMP-2968,ONCHAIN_TX,0xfd728bc13d8daf1a7a4ad7bbc714c0f1d2d6519c20acb7df5d1ae5099863a9c1,25082358,2026-05-12 23:34:35.000 UTC,ethereum,0xa0b86991c6218b36c1d19d4a2e9eb0ce3606eb48,unBlacklist(address),,BLACKLISTER,,,Circle
CU-IMP-2969,ONCHAIN_TX,0x230e77e5ee14e7afe68ca56aacec24776757d84ce41fded6e464db1777316698,25082363,2026-05-12 23:35:35.000 UTC,ethereum,0xa0b86991c6218b36c1d19d4a2e9eb0ce3606eb48,unBlacklist(address),,BLACKLISTER,,,Circle
CU-IMP-2970,ONCHAIN_TX,0x4b2802111198c78e279de06fd164fb4f3c7cba1824be1cb445674b064c56a532,25082464,2026-05-12 23:55:47.000 UTC,ethereum,0xa0b86991c6218b36c1d19d4a2e9eb0ce3606eb48,unBlacklist(address),,BLACKLISTER,,,Circle
CU-IMP-2971,ONCHAIN_TX,0x544d5e213dbf372b14165bfdee4594453ed71cb6b7691bd07f57d0c4fe3d81ca,25082465,2026-05-12 23:55:59.000 UTC,ethereum,0xa0b86991c6218b36c1d19d4a2e9eb0ce3606eb48,unBlacklist(address),,BLACKLISTER,,,Circle
CU-IMP-2972,ONCHAIN_TX,0x00d1bf705a0d315c8fac54b276ec97372112a518cbd9c52e00b9a196a01f25a4,25082466,2026-05-12 23:56:11.000 UTC,ethereum,0xa0b86991c6218b36c1d19d4a2e9eb0ce3606eb48,unBlacklist(address),,BLACKLISTER,,,Circle
CU-IMP-2973,ONCHAIN_TX,0xc31455f2e85b77d030c6bef7afc22babf417edefdac176c2698fa05abbea9a58,25082467,2026-05-12 23:56:23.000 UTC,ethereum,0xa0b86991c6218b36c1d19d4a2e9eb0ce3606eb48,unBlacklist(address),,BLACKLISTER,,,Circle
CU-IMP-2974,ONCHAIN_TX,0x715a7162c06858ab164246d056487798ba796d5f81acaff92fc548aab9b3f8b0,25102693,2026-05-15 19:38:11.000 UTC,ethereum,0xa0b86991c6218b36c1d19d4a2e9eb0ce3606eb48,blacklist(address),,BLACKLISTER,,,Circle
CU-IMP-2975,ONCHAIN_TX,0x91984d4dd5fd11afc80552f283b722a76dbdf0b1a28404ac427487c7cd4c6bf9,25137303,2026-05-20 15:19:59.000 UTC,ethereum,0xa0b86991c6218b36c1d19d4a2e9eb0ce3606eb48,blacklist(address),,BLACKLISTER,,,Circle
CU-IMP-2976,ONCHAIN_TX,0x890782b7e77dbd15d7b2275a5a27ec777ab26727dbffbd0e302161ef1cc1912c,25137313,2026-05-20 15:21:59.000 UTC,ethereum,0xa0b86991c6218b36c1d19d4a2e9eb0ce3606eb48,blacklist(address),,BLACKLISTER,,,Circle
CU-IMP-2977,ONCHAIN_TX,0x03a493081c487dea3c05ec7bf3b7528360f5b4370c1338b77e10acb4b246267d,25137319,2026-05-20 15:23:11.000 UTC,ethereum,0xa0b86991c6218b36c1d19d4a2e9eb0ce3606eb48,blacklist(address),,BLACKLISTER,,,Circle
CU-IMP-2978,ONCHAIN_TX,0x7c0ff9a9604799f97a4b58b62d063be580d1d453015ce0a7ce3c665687657c96,25137331,2026-05-20 15:25:35.000 UTC,ethereum,0xa0b86991c6218b36c1d19d4a2e9eb0ce3606eb48,blacklist(address),,BLACKLISTER,,,Circle
CU-IMP-2979,ONCHAIN_TX,0x3123963a40f22a8b6b9f88d06424f1f105ac9ac113e6ab2f3a2668663bd85ef2,25137358,2026-05-20 15:30:59.000 UTC,ethereum,0xa0b86991c6218b36c1d19d4a2e9eb0ce3606eb48,blacklist(address),,BLACKLISTER,,,Circle
CU-IMP-2980,ONCHAIN_TX,0x6e539547cd56b285ad500195be488649ad7954bdac222b9f5ee6509b2367495f,25137362,2026-05-20 15:31:47.000 UTC,ethereum,0xa0b86991c6218b36c1d19d4a2e9eb0ce3606eb48,blacklist(address),,BLACKLISTER,,,Circle
CU-IMP-2981,ONCHAIN_TX,0x736640a72743e7b1724b75a7cab16810659fa4ea2cbbf885121a4407e39d8b89,25138769,2026-05-20 20:13:59.000 UTC,ethereum,0xa0b86991c6218b36c1d19d4a2e9eb0ce3606eb48,blacklist(address),,BLACKLISTER,,,Circle
CU-IMP-2982,ONCHAIN_TX,0x0e230c024e63734cf9f4cc8f38cc3f07d14d27b21768bb58830e6bed0de8a4dc,25180324,2026-05-26 15:15:11.000 UTC,ethereum,0xa0b86991c6218b36c1d19d4a2e9eb0ce3606eb48,blacklist(address),,BLACKLISTER,,,Circle
CU-IMP-2983,ONCHAIN_TX,0x92fc9417aac5087a9dd139e1d0a530b82e5bd38a4662bdfbd0e1233179367d6c,25180329,2026-05-26 15:16:11.000 UTC,ethereum,0xa0b86991c6218b36c1d19d4a2e9eb0ce3606eb48,blacklist(address),,BLACKLISTER,,,Circle
CU-IMP-2984,ONCHAIN_TX,0x4d6369a63f8e6fcbede51bcd70158dfc5679de27ef01e6751dd33a6ba8706ec5,25180338,2026-05-26 15:17:59.000 UTC,ethereum,0xa0b86991c6218b36c1d19d4a2e9eb0ce3606eb48,blacklist(address),,BLACKLISTER,,,Circle
CU-IMP-2985,ONCHAIN_TX,0x7b428fbe50ab60f294e553c7ee7ebd17c719f9bb9ee9e76177bc517b03f31063,25180636,2026-05-26 16:17:35.000 UTC,ethereum,0xa0b86991c6218b36c1d19d4a2e9eb0ce3606eb48,blacklist(address),,BLACKLISTER,,,Circle
CU-IMP-2986,ONCHAIN_TX,0xbef84de8ff583184de681ecf8db441ef9e0fad41fa3bbdafaaf4fad8180a2c17,25196544,2026-05-28 21:29:59.000 UTC,ethereum,0xa0b86991c6218b36c1d19d4a2e9eb0ce3606eb48,unBlacklist(address),,BLACKLISTER,,,Circle
CU-IMP-2987,ONCHAIN_TX,0xa67d160e5a8cc6a249927855bb1f6d4e74fd4fb409a1158deeb0a520d881df45,25196545,2026-05-28 21:30:11.000 UTC,ethereum,0xa0b86991c6218b36c1d19d4a2e9eb0ce3606eb48,unBlacklist(address),,BLACKLISTER,,,Circle
CU-IMP-2988,ONCHAIN_TX,0x2c152a95562f5f7e29e6708441ad9390a2eeced4605fdaee82d964c063578527,25196546,2026-05-28 21:30:23.000 UTC,ethereum,0xa0b86991c6218b36c1d19d4a2e9eb0ce3606eb48,unBlacklist(address),,BLACKLISTER,,,Circle
CU-IMP-2989,ONCHAIN_TX,0x383b0916fab3cb4e48f348280dfe9232418538939def343130298afa03189b8b,25196547,2026-05-28 21:30:35.000 UTC,ethereum,0xa0b86991c6218b36c1d19d4a2e9eb0ce3606eb48,unBlacklist(address),,BLACKLISTER,,,Circle
CU-IMP-2990,ONCHAIN_TX,0x141d8201c097ab9c8a11cb2f8b4c152c3c090c86259198cf5358dd6bbc4dd806,25196548,2026-05-28 21:30:47.000 UTC,ethereum,0xa0b86991c6218b36c1d19d4a2e9eb0ce3606eb48,unBlacklist(address),,BLACKLISTER,,,Circle
CU-IMP-2991,ONCHAIN_TX,0xa0dbfea594e3d7d279622033952f0bc8e0a5790988753ca2348384e6a7d6b634,25196549,2026-05-28 21:30:59.000 UTC,ethereum,0xa0b86991c6218b36c1d19d4a2e9eb0ce3606eb48,unBlacklist(address),,BLACKLISTER,,,Circle
CU-IMP-2992,ONCHAIN_TX,0x675a86bc5a622a9317c7adcd820a4f15d6ffa8808e9b30227373ab91cddbafc6,25196550,2026-05-28 21:31:11.000 UTC,ethereum,0xa0b86991c6218b36c1d19d4a2e9eb0ce3606eb48,unBlacklist(address),,BLACKLISTER,,,Circle
CU-IMP-2993,ONCHAIN_TX,0x7438b9e5ef38e2d462f1c756ebd51c5967a970dd8be97e6b6349a187e8c85d10,25196551,2026-05-28 21:31:23.000 UTC,ethereum,0xa0b86991c6218b36c1d19d4a2e9eb0ce3606eb48,unBlacklist(address),,BLACKLISTER,,,Circle
CU-IMP-2994,ONCHAIN_TX,0xb9503548abd7746e87bb773a8fa26323041e43cbd6fdee1d608f2164e96af5df,25196552,2026-05-28 21:31:35.000 UTC,ethereum,0xa0b86991c6218b36c1d19d4a2e9eb0ce3606eb48,unBlacklist(address),,BLACKLISTER,,,Circle
CU-IMP-2995,ONCHAIN_TX,0x6e8142cca84067749f41e9960db62b34dbf0249154084351fca7d2af0717f25a,25196553,2026-05-28 21:31:47.000 UTC,ethereum,0xa0b86991c6218b36c1d19d4a2e9eb0ce3606eb48,unBlacklist(address),,BLACKLISTER,,,Circle
CU-IMP-2996,ONCHAIN_TX,0x89a06635c46772e70954122cd3fcd7bcf4d23820b9b5721136862c76d7ce8a89,25196554,2026-05-28 21:31:59.000 UTC,ethereum,0xa0b86991c6218b36c1d19d4a2e9eb0ce3606eb48,unBlacklist(address),,BLACKLISTER,,,Circle
CU-IMP-2997,ONCHAIN_TX,0x190f31624fa20ba69ecbf6eb0cfc2301718640a50ea3fbdf5cf80cb31335750a,25196556,2026-05-28 21:32:23.000 UTC,ethereum,0xa0b86991c6218b36c1d19d4a2e9eb0ce3606eb48,unBlacklist(address),,BLACKLISTER,,,Circle
CU-IMP-2998,ONCHAIN_TX,0xd851db6e6b2ba2afe53e3995a70d6e46066b35c58cdaaa3b38d69b1fb3b5b714,25196558,2026-05-28 21:32:47.000 UTC,ethereum,0xa0b86991c6218b36c1d19d4a2e9eb0ce3606eb48,unBlacklist(address),,BLACKLISTER,,,Circle
CU-IMP-2999,ONCHAIN_TX,0x845f4746b971ffdaf21f1b68c1362c515f15380fa5c26aa05a2ef323e35ec92b,25196561,2026-05-28 21:33:23.000 UTC,ethereum,0xa0b86991c6218b36c1d19d4a2e9eb0ce3606eb48,unBlacklist(address),,BLACKLISTER,,,Circle
CU-IMP-3000,ONCHAIN_TX,0x6e24a776f7775ada543e52d10ebadf962d91e0b8258eb858c2487754bd199566,25204803,2026-05-30 01:08:11.000 UTC,ethereum,0xa0b86991c6218b36c1d19d4a2e9eb0ce3606eb48,blacklist(address),,BLACKLISTER,,,Circle
CU-IMP-3001,ONCHAIN_TX,0x138894c10f7fe17fda87c5ff7799085a8cb3261d2c7c2491d6fe75d0abf814d7,25224471,2026-06-01 18:58:59.000 UTC,ethereum,0xa0b86991c6218b36c1d19d4a2e9eb0ce3606eb48,unBlacklist(address),,BLACKLISTER,,,Circle
CU-IMP-3002,ONCHAIN_TX,0xb89a7bc79e0e86648d5c231f92c0743cad33e0757e88a66eba306a700e4a5db0,25289446,2026-06-10 20:30:35.000 UTC,ethereum,0xa0b86991c6218b36c1d19d4a2e9eb0ce3606eb48,blacklist(address),,BLACKLISTER,,,Circle
CU-IMP-3003,ONCHAIN_TX,0xbddc2de6401244b036bacd46a2d0fa90590aaced32a6e88e453d3dc1ae838f5b,25374836,2026-06-22 18:08:23.000 UTC,ethereum,0xa0b86991c6218b36c1d19d4a2e9eb0ce3606eb48,blacklist(address),,BLACKLISTER,,,Circle
CU-IMP-3004,ONCHAIN_TX,0xbcbf3e524ac2e0290da709fc79b8d2e32a3ba1ea87f6cb9cd45c18987a64caaf,25374841,2026-06-22 18:09:23.000 UTC,ethereum,0xa0b86991c6218b36c1d19d4a2e9eb0ce3606eb48,blacklist(address),,BLACKLISTER,,,Circle
CU-IMP-3005,ONCHAIN_TX,0x7b906baf2bb553c046fe0989a3ee03b598104e8b591f5db33a47733aa9784088,25438490,2026-07-01 15:14:35.000 UTC,ethereum,0xa0b86991c6218b36c1d19d4a2e9eb0ce3606eb48,blacklist(address),,BLACKLISTER,,,Circle
CU-IMP-3006,ONCHAIN_TX,0x63e55054313642a140b3a30007326dd644d02c97552c56c191f7965ede238762,25438492,2026-07-01 15:14:59.000 UTC,ethereum,0xa0b86991c6218b36c1d19d4a2e9eb0ce3606eb48,blacklist(address),,BLACKLISTER,,,Circle
CU-IMP-3007,ONCHAIN_TX,0x2ebd47da723158ae52ee59d4e49b33e83b7cd81c6846f630b2aee60111352cee,25438505,2026-07-01 15:17:35.000 UTC,ethereum,0xa0b86991c6218b36c1d19d4a2e9eb0ce3606eb48,blacklist(address),,BLACKLISTER,,,Circle
CU-IMP-3008,ONCHAIN_TX,0x743fee9e66f8d36cc71047363ef9ad0e0ea8d55b31195088e299ed2d9814068e,25438511,2026-07-01 15:18:47.000 UTC,ethereum,0xa0b86991c6218b36c1d19d4a2e9eb0ce3606eb48,blacklist(address),,BLACKLISTER,,,Circle
CU-IMP-3009,ONCHAIN_TX,0xc952a4fce63cd2ba4ba3057dbf87582c4ae0deaab3b0eafc7dfe1dedee6d0fcc,25438545,2026-07-01 15:25:35.000 UTC,ethereum,0xa0b86991c6218b36c1d19d4a2e9eb0ce3606eb48,blacklist(address),,BLACKLISTER,,,Circle
CU-IMP-3010,ONCHAIN_TX,0x2fd5a3f8a2687fd249cce5b51b5fcb2e57f67f9fa0e2bf77d00e9f9d23ddc632,25438552,2026-07-01 15:26:59.000 UTC,ethereum,0xa0b86991c6218b36c1d19d4a2e9eb0ce3606eb48,blacklist(address),,BLACKLISTER,,,Circle
CU-IMP-3011,ONCHAIN_TX,0x73d2954d47422ee96d5d6c1d07e7294f3586717b26bf0055bfa232ca17985971,25438565,2026-07-01 15:29:35.000 UTC,ethereum,0xa0b86991c6218b36c1d19d4a2e9eb0ce3606eb48,blacklist(address),,BLACKLISTER,,,Circle
CU-IMP-3012,ONCHAIN_TX,0xbb83a592b664e4165d83019cb2462b81298c49da69bb8cb44e5619b80f2ee76d,25438576,2026-07-01 15:31:47.000 UTC,ethereum,0xa0b86991c6218b36c1d19d4a2e9eb0ce3606eb48,blacklist(address),,BLACKLISTER,,,Circle
CU-IMP-3013,ONCHAIN_TX,0x9cef5219a0e89cf4989c0a8c6ec3e76b8a803b0ca1cdbe9d21c5c8c462b58bf9,25438589,2026-07-01 15:34:23.000 UTC,ethereum,0xa0b86991c6218b36c1d19d4a2e9eb0ce3606eb48,blacklist(address),,BLACKLISTER,,,Circle
CU-IMP-3014,ONCHAIN_TX,0xcf36fab34e9196a37b4c2e2507bc52d730c7a22b98d9526651b04ae4c82ca486,25438591,2026-07-01 15:34:47.000 UTC,ethereum,0xa0b86991c6218b36c1d19d4a2e9eb0ce3606eb48,blacklist(address),,BLACKLISTER,,,Circle
CU-IMP-3015,ONCHAIN_TX,0x919e46196d288ed68c2ca6faef6575fbd45b5838e90d70486f54d05a9b29a653,25438598,2026-07-01 15:36:11.000 UTC,ethereum,0xa0b86991c6218b36c1d19d4a2e9eb0ce3606eb48,blacklist(address),,BLACKLISTER,,,Circle
CU-IMP-3016,ONCHAIN_TX,0x647fedb352db095a255e79840af80a0e5311fa1df4674191e0d86ffef64a7a89,25438607,2026-07-01 15:37:59.000 UTC,ethereum,0xa0b86991c6218b36c1d19d4a2e9eb0ce3606eb48,blacklist(address),,BLACKLISTER,,,Circle
CU-IMP-3017,ONCHAIN_TX,0xc99e67545da261cc4d3a164bc6ff5b7a45402b73da209cae5e8c4f020dce954f,25438615,2026-07-01 15:39:35.000 UTC,ethereum,0xa0b86991c6218b36c1d19d4a2e9eb0ce3606eb48,blacklist(address),,BLACKLISTER,,,Circle
CU-IMP-3018,ONCHAIN_TX,0x2a0d9458616ed60af9e6f7330c0bcb558f7ef59c7b2437935de4204f6cbad263,25438629,2026-07-01 15:42:23.000 UTC,ethereum,0xa0b86991c6218b36c1d19d4a2e9eb0ce3606eb48,blacklist(address),,BLACKLISTER,,,Circle
CU-IMP-3019,ONCHAIN_TX,0x98b1155b8ce4581c514f6cfa9e42da32748a3c2a4be88645344c792694e72b01,25438636,2026-07-01 15:43:47.000 UTC,ethereum,0xa0b86991c6218b36c1d19d4a2e9eb0ce3606eb48,blacklist(address),,BLACKLISTER,,,Circle
CU-IMP-3020,ONCHAIN_TX,0xbd40d72ccbd3f18870fa177dff745cd3825c0d0e36fa0931b99b38df4a03129e,25438649,2026-07-01 15:46:23.000 UTC,ethereum,0xa0b86991c6218b36c1d19d4a2e9eb0ce3606eb48,blacklist(address),,BLACKLISTER,,,Circle
CU-IMP-3021,ONCHAIN_TX,0xcb3b1c2d5112f5ee5ee3f1b8b029e248aaf53e32aed416d56b0d9cb8b08e1ddd,25438655,2026-07-01 15:47:35.000 UTC,ethereum,0xa0b86991c6218b36c1d19d4a2e9eb0ce3606eb48,blacklist(address),,BLACKLISTER,,,Circle
CU-IMP-3022,ONCHAIN_TX,0x628f505af107e08967dd4aa5016ef8d3846ce6e8fc939fcb7e8bf60fb8208729,25438668,2026-07-01 15:50:11.000 UTC,ethereum,0xa0b86991c6218b36c1d19d4a2e9eb0ce3606eb48,blacklist(address),,BLACKLISTER,,,Circle
CU-IMP-3023,ONCHAIN_TX,0x0c82f21751caa10f503453041f34c6db881c8960618150c06090048b8bcb1162,25438676,2026-07-01 15:51:47.000 UTC,ethereum,0xa0b86991c6218b36c1d19d4a2e9eb0ce3606eb48,blacklist(address),,BLACKLISTER,,,Circle
CU-IMP-3024,ONCHAIN_TX,0xa9948a0b188bd573638e11a37d1a699489c2fb95ae020047f94b5a854c0f8f48,25438690,2026-07-01 15:54:35.000 UTC,ethereum,0xa0b86991c6218b36c1d19d4a2e9eb0ce3606eb48,blacklist(address),,BLACKLISTER,,,Circle
CU-IMP-3025,ONCHAIN_TX,0x3bd0e3135ec66aae0411ef10e5100499b4ac1430d1ee6d04a31218d61aacc615,25438693,2026-07-01 15:55:11.000 UTC,ethereum,0xa0b86991c6218b36c1d19d4a2e9eb0ce3606eb48,blacklist(address),,BLACKLISTER,,,Circle
CU-IMP-3026,ONCHAIN_TX,0xe375d5bfb2603458200d53aaa9515c97c946abd0c58e465ec8d71b227bb3431a,25438694,2026-07-01 15:55:23.000 UTC,ethereum,0xa0b86991c6218b36c1d19d4a2e9eb0ce3606eb48,blacklist(address),,BLACKLISTER,,,Circle
CU-IMP-3027,ONCHAIN_TX,0x196f10dd43ae7c3e4e4c8132ce0a9b81bf1c4a9ae4c05b756df5847b116ab6e1,25438706,2026-07-01 15:57:47.000 UTC,ethereum,0xa0b86991c6218b36c1d19d4a2e9eb0ce3606eb48,blacklist(address),,BLACKLISTER,,,Circle
CU-IMP-3028,ONCHAIN_TX,0x3af4ead2c7b562cfbf823dc6069b995e0d5079cb4f473fcef1d461f490e2901c,25438713,2026-07-01 15:59:11.000 UTC,ethereum,0xa0b86991c6218b36c1d19d4a2e9eb0ce3606eb48,blacklist(address),,BLACKLISTER,,,Circle
CU-IMP-3029,ONCHAIN_TX,0x350bd1418602f30007b4d41a805dc79699a2a0c7a3a56133dd10dc74430f5cd1,25438719,2026-07-01 16:00:23.000 UTC,ethereum,0xa0b86991c6218b36c1d19d4a2e9eb0ce3606eb48,blacklist(address),,BLACKLISTER,,,Circle
CU-IMP-3030,ONCHAIN_TX,0x772a4eb90ca402e7247b21ee544bcdb7604af868fa3fe8ee4b2d4370626129ae,25438740,2026-07-01 16:04:35.000 UTC,ethereum,0xa0b86991c6218b36c1d19d4a2e9eb0ce3606eb48,blacklist(address),,BLACKLISTER,,,Circle
CU-IMP-3031,ONCHAIN_TX,0x44851303b4dbb9906c14c3f5970d621ac209d99a4c65cb8f4e72f86a8f665ed2,25438765,2026-07-01 16:09:35.000 UTC,ethereum,0xa0b86991c6218b36c1d19d4a2e9eb0ce3606eb48,blacklist(address),,BLACKLISTER,,,Circle
CU-IMP-3032,ONCHAIN_TX,0x00ae565eab3404488ba7f95a88946e88f386463c94174931d1f6d7f027270a5a,25438773,2026-07-01 16:11:11.000 UTC,ethereum,0xa0b86991c6218b36c1d19d4a2e9eb0ce3606eb48,blacklist(address),,BLACKLISTER,,,Circle
CU-IMP-3033,ONCHAIN_TX,0x50e6c5bb1209b5f4837e8d0d1eb24c282e4df7e72fdce89a7019a9dae0b53073,25438776,2026-07-01 16:11:47.000 UTC,ethereum,0xa0b86991c6218b36c1d19d4a2e9eb0ce3606eb48,blacklist(address),,BLACKLISTER,,,Circle
CU-IMP-3034,ONCHAIN_TX,0x7c60b414bb6f07aea237bd470037b6a3199e5769542b9458b9dd14488ee0c7d3,25438781,2026-07-01 16:12:47.000 UTC,ethereum,0xa0b86991c6218b36c1d19d4a2e9eb0ce3606eb48,blacklist(address),,BLACKLISTER,,,Circle
CU-IMP-3035,ONCHAIN_TX,0xdb8b529cb36aeb4e31c2d1bf0d52daf10763eaa7b1d223a5f78a522c6f765060,25438785,2026-07-01 16:13:35.000 UTC,ethereum,0xa0b86991c6218b36c1d19d4a2e9eb0ce3606eb48,blacklist(address),,BLACKLISTER,,,Circle
CU-IMP-3036,ONCHAIN_TX,0x736d553842379a68167099286d62de84e5cba1cd5c705255e57c4577f8b72b23,25438788,2026-07-01 16:14:11.000 UTC,ethereum,0xa0b86991c6218b36c1d19d4a2e9eb0ce3606eb48,blacklist(address),,BLACKLISTER,,,Circle
CU-IMP-3037,ONCHAIN_TX,0x0ea3594bc8e29615f8e48d0add54d8c0fa9c1e4dd71153e798a04ef195f490bb,25438801,2026-07-01 16:16:47.000 UTC,ethereum,0xa0b86991c6218b36c1d19d4a2e9eb0ce3606eb48,blacklist(address),,BLACKLISTER,,,Circle
CU-IMP-3038,ONCHAIN_TX,0x37ad3022fe5865c5692dc06b0c5b346606139828f5fd68f3c0d15c53204503ba,25438803,2026-07-01 16:17:11.000 UTC,ethereum,0xa0b86991c6218b36c1d19d4a2e9eb0ce3606eb48,blacklist(address),,BLACKLISTER,,,Circle
CU-IMP-3039,ONCHAIN_TX,0x1ef0fd94cd68e673b33f53e000ce3233b782a13c9084645260c3db4a73a9bb36,25438813,2026-07-01 16:19:11.000 UTC,ethereum,0xa0b86991c6218b36c1d19d4a2e9eb0ce3606eb48,blacklist(address),,BLACKLISTER,,,Circle
CU-IMP-3040,ONCHAIN_TX,0x75809b0848b87c6e7198b319f5cb5704772539de172fa40b765e97eb07c349fd,25438825,2026-07-01 16:21:35.000 UTC,ethereum,0xa0b86991c6218b36c1d19d4a2e9eb0ce3606eb48,blacklist(address),,BLACKLISTER,,,Circle
CU-IMP-3041,ONCHAIN_TX,0x917773b9f0e0d593fb1a1df31687055c728f85a910f1e773fea8e660495e8ee6,25438832,2026-07-01 16:22:59.000 UTC,ethereum,0xa0b86991c6218b36c1d19d4a2e9eb0ce3606eb48,blacklist(address),,BLACKLISTER,,,Circle
CU-IMP-3042,ONCHAIN_TX,0xdc8eac6a50503cd5447dcd93d8ccedf611a7d6ae75da0ed1d71ef93d0ecb1d38,25438864,2026-07-01 16:29:23.000 UTC,ethereum,0xa0b86991c6218b36c1d19d4a2e9eb0ce3606eb48,blacklist(address),,BLACKLISTER,,,Circle
CU-IMP-3043,ONCHAIN_TX,0x720cb253ef6dc793bbdf819de171ec320d3bdbe9a4c49913298bf0cfe5b9f055,25438866,2026-07-01 16:29:47.000 UTC,ethereum,0xa0b86991c6218b36c1d19d4a2e9eb0ce3606eb48,blacklist(address),,BLACKLISTER,,,Circle
CU-IMP-3044,ONCHAIN_TX,0x1d5ba0942716e675c8ac4000628cebfbef1867e605ba10cfd4792644196fc2c9,25438871,2026-07-01 16:30:47.000 UTC,ethereum,0xa0b86991c6218b36c1d19d4a2e9eb0ce3606eb48,blacklist(address),,BLACKLISTER,,,Circle
CU-IMP-3045,ONCHAIN_TX,0x1af43fbda9a5c129a9afe50070d6849dd142e4eef604669c0ac429c97c173f9c,25438872,2026-07-01 16:30:59.000 UTC,ethereum,0xa0b86991c6218b36c1d19d4a2e9eb0ce3606eb48,blacklist(address),,BLACKLISTER,,,Circle
CU-IMP-3046,ONCHAIN_TX,0x5b5c6b9da0589a32995ff0ab7f9cc37a24a414bf194aa7b126f5c6fd149b027c,25438894,2026-07-01 16:35:23.000 UTC,ethereum,0xa0b86991c6218b36c1d19d4a2e9eb0ce3606eb48,blacklist(address),,BLACKLISTER,,,Circle
CU-IMP-3047,ONCHAIN_TX,0x7db59b84922dada968bfc224c97fd5405486b3ed96bd607b22aa15b813d8b72f,25438897,2026-07-01 16:35:59.000 UTC,ethereum,0xa0b86991c6218b36c1d19d4a2e9eb0ce3606eb48,blacklist(address),,BLACKLISTER,,,Circle
CU-IMP-3048,ONCHAIN_TX,0x2525b5e732e400f678c45e01049c5f31f225b775f9a30ccf2f6bd69098b54164,25438914,2026-07-01 16:39:35.000 UTC,ethereum,0xa0b86991c6218b36c1d19d4a2e9eb0ce3606eb48,blacklist(address),,BLACKLISTER,,,Circle
CU-IMP-3049,ONCHAIN_TX,0xb7c5391deacfac95364e9ebc0f58ec90999f6d4b26e57ed8092caa216f7bfa31,25438917,2026-07-01 16:40:11.000 UTC,ethereum,0xa0b86991c6218b36c1d19d4a2e9eb0ce3606eb48,blacklist(address),,BLACKLISTER,,,Circle
CU-IMP-3050,ONCHAIN_TX,0x141a0e061e2fdaa1fa9694b0fa98c0fc30c709f46045f39bd8026f4b4a494bc3,25438941,2026-07-01 16:44:59.000 UTC,ethereum,0xa0b86991c6218b36c1d19d4a2e9eb0ce3606eb48,blacklist(address),,BLACKLISTER,,,Circle
CU-IMP-3051,ONCHAIN_TX,0xc323997b06a3128f2f9017ee2159332894269c43b1703949c4d1a20eece32405,25438943,2026-07-01 16:45:35.000 UTC,ethereum,0xa0b86991c6218b36c1d19d4a2e9eb0ce3606eb48,blacklist(address),,BLACKLISTER,,,Circle
CU-IMP-3052,ONCHAIN_TX,0xd1a3775a95dd0fc5836026b97edbaed00d0a364f4d2577024a32da47ed28697c,25438951,2026-07-01 16:47:11.000 UTC,ethereum,0xa0b86991c6218b36c1d19d4a2e9eb0ce3606eb48,blacklist(address),,BLACKLISTER,,,Circle
CU-IMP-3053,ONCHAIN_TX,0x11a4616f27fda1a0e1665d36a846d15a42cbed9048fea64f97177b06edc23da9,25438956,2026-07-01 16:48:11.000 UTC,ethereum,0xa0b86991c6218b36c1d19d4a2e9eb0ce3606eb48,blacklist(address),,BLACKLISTER,,,Circle
CU-IMP-3054,ONCHAIN_TX,0x5d2cd411627d16ab664cef9ed25ce19e8b7f0402e8267aa9ebe085b0c9f33898,25438959,2026-07-01 16:48:47.000 UTC,ethereum,0xa0b86991c6218b36c1d19d4a2e9eb0ce3606eb48,blacklist(address),,BLACKLISTER,,,Circle
CU-IMP-3055,ONCHAIN_TX,0x1814712a51351a126ab0a9aa7e7ae067584014887fc78b159c6b4057dcbb472c,25438960,2026-07-01 16:48:59.000 UTC,ethereum,0xa0b86991c6218b36c1d19d4a2e9eb0ce3606eb48,blacklist(address),,BLACKLISTER,,,Circle
CU-IMP-3056,ONCHAIN_TX,0x353d02a252ccb7a2d376f3c889c455b0dfeddf95a9bdc71345ea919c74f77b50,25438962,2026-07-01 16:49:23.000 UTC,ethereum,0xa0b86991c6218b36c1d19d4a2e9eb0ce3606eb48,blacklist(address),,BLACKLISTER,,,Circle
CU-IMP-3057,ONCHAIN_TX,0x6fe09a1a3824654ee98043221d787ef7680edc2bc88c6027afbfd5b79c60b63e,25439031,2026-07-01 17:03:35.000 UTC,ethereum,0xa0b86991c6218b36c1d19d4a2e9eb0ce3606eb48,blacklist(address),,BLACKLISTER,,,Circle
CU-IMP-3058,ONCHAIN_TX,0xafc1fa829f5b8d624b5dd1313044ee214d111ce3f5254fb5469e5bbd7cd4164d,25439032,2026-07-01 17:03:47.000 UTC,ethereum,0xa0b86991c6218b36c1d19d4a2e9eb0ce3606eb48,blacklist(address),,BLACKLISTER,,,Circle
CU-IMP-3059,ONCHAIN_TX,0x947064d752b300aeca19a101a0084818aa1d63c43ac1b4185f0cfed3f93fbd9a,25439042,2026-07-01 17:05:47.000 UTC,ethereum,0xa0b86991c6218b36c1d19d4a2e9eb0ce3606eb48,blacklist(address),,BLACKLISTER,,,Circle
CU-IMP-3060,ONCHAIN_TX,0x47af5684958d5836f562ee82ef3356d29e0c0c1df7b13b4770878f053b095629,25439043,2026-07-01 17:05:59.000 UTC,ethereum,0xa0b86991c6218b36c1d19d4a2e9eb0ce3606eb48,blacklist(address),,BLACKLISTER,,,Circle
CU-IMP-3061,ONCHAIN_TX,0x447da4a795497e73f8afaec3d8f992f3d191fcca0ad19f41bf7a451794706b2b,25439047,2026-07-01 17:06:47.000 UTC,ethereum,0xa0b86991c6218b36c1d19d4a2e9eb0ce3606eb48,blacklist(address),,BLACKLISTER,,,Circle
CU-IMP-3062,ONCHAIN_TX,0x5021627361e9a7ef3b9a21603677baa8dbd00f248ff6cf29b44ee9a4f78c51cc,25439054,2026-07-01 17:08:11.000 UTC,ethereum,0xa0b86991c6218b36c1d19d4a2e9eb0ce3606eb48,blacklist(address),,BLACKLISTER,,,Circle
CU-IMP-3063,ONCHAIN_TX,0x4a36f65088de429f3d50fb6d2f28de9aeed0b6dbf0885c86f33d7a8993212821,25439055,2026-07-01 17:08:23.000 UTC,ethereum,0xa0b86991c6218b36c1d19d4a2e9eb0ce3606eb48,blacklist(address),,BLACKLISTER,,,Circle
CU-IMP-3064,ONCHAIN_TX,0x7f49fdc318b549393504f66ac10a2001bb5ef445edf21e19f3e3068101c2a0c3,25439068,2026-07-01 17:10:59.000 UTC,ethereum,0xa0b86991c6218b36c1d19d4a2e9eb0ce3606eb48,blacklist(address),,BLACKLISTER,,,Circle
CU-IMP-3065,ONCHAIN_TX,0xba075d86ad99ce8883f843c539680ebd29b5966aa2a4fbdc17c2f6ae4aad19d7,25439071,2026-07-01 17:11:35.000 UTC,ethereum,0xa0b86991c6218b36c1d19d4a2e9eb0ce3606eb48,blacklist(address),,BLACKLISTER,,,Circle
CU-IMP-3066,ONCHAIN_TX,0xaa265948de95838fb3d08705be8f33cb17a6502da0be49500fc0c7b632b996d1,25439079,2026-07-01 17:13:11.000 UTC,ethereum,0xa0b86991c6218b36c1d19d4a2e9eb0ce3606eb48,blacklist(address),,BLACKLISTER,,,Circle
CU-IMP-3067,ONCHAIN_TX,0xde6ca5f1dae24c74647f65ce5a99ef0c6366953dcf44ee3958a3d2d7398aefe3,25439100,2026-07-01 17:17:23.000 UTC,ethereum,0xa0b86991c6218b36c1d19d4a2e9eb0ce3606eb48,blacklist(address),,BLACKLISTER,,,Circle
CU-IMP-3068,ONCHAIN_TX,0xc40f1f72cbb0f0c1e84ace12288fe53e1280ebf6bffa7c82daf509483b61993d,25439109,2026-07-01 17:19:11.000 UTC,ethereum,0xa0b86991c6218b36c1d19d4a2e9eb0ce3606eb48,blacklist(address),,BLACKLISTER,,,Circle
CU-IMP-3069,ONCHAIN_TX,0x61c3b7086a94ed1a1a580c7301f7fd81338e712f962b36fcc20e3b0a0aabb4a9,25439121,2026-07-01 17:21:35.000 UTC,ethereum,0xa0b86991c6218b36c1d19d4a2e9eb0ce3606eb48,blacklist(address),,BLACKLISTER,,,Circle
CU-IMP-3070,ONCHAIN_TX,0x395ff37c223545248c8b354b5badacbc1adafcb04ba74b91fc8f87db3c96cf57,25439126,2026-07-01 17:22:35.000 UTC,ethereum,0xa0b86991c6218b36c1d19d4a2e9eb0ce3606eb48,blacklist(address),,BLACKLISTER,,,Circle
CU-IMP-3071,ONCHAIN_TX,0xfb5726936d60ed58db2d43a41cbb4ad1352b2eda42fbfd18ed7639144e55b5f2,25439130,2026-07-01 17:23:23.000 UTC,ethereum,0xa0b86991c6218b36c1d19d4a2e9eb0ce3606eb48,blacklist(address),,BLACKLISTER,,,Circle
CU-IMP-3072,ONCHAIN_TX,0xff6d074d603582964797d47d1a092df3d8493571858ed596e8e2710719135231,25439138,2026-07-01 17:24:59.000 UTC,ethereum,0xa0b86991c6218b36c1d19d4a2e9eb0ce3606eb48,blacklist(address),,BLACKLISTER,,,Circle
CU-IMP-3073,ONCHAIN_TX,0x1586e9e49b1822a78b472823150d30acb80dd5cf51e932c346fd98b029a533c4,25439143,2026-07-01 17:25:59.000 UTC,ethereum,0xa0b86991c6218b36c1d19d4a2e9eb0ce3606eb48,blacklist(address),,BLACKLISTER,,,Circle
CU-IMP-3074,ONCHAIN_TX,0x32a517e753335933d83e88ca29a9ae40eb0bb29f87d927b16397edd9dc061c82,25439145,2026-07-01 17:26:23.000 UTC,ethereum,0xa0b86991c6218b36c1d19d4a2e9eb0ce3606eb48,blacklist(address),,BLACKLISTER,,,Circle
CU-IMP-3075,ONCHAIN_TX,0xd47c520253a510f67feda3ad5ed6b3c7c18eee4481faa475f31ad995f0ef7a3b,25439158,2026-07-01 17:28:59.000 UTC,ethereum,0xa0b86991c6218b36c1d19d4a2e9eb0ce3606eb48,blacklist(address),,BLACKLISTER,,,Circle
CU-IMP-3076,ONCHAIN_TX,0xce014b8fc69ce76b09514243ebc85b80a91723cf0eb327c4ebc6a0263e5ad9e9,25439166,2026-07-01 17:30:35.000 UTC,ethereum,0xa0b86991c6218b36c1d19d4a2e9eb0ce3606eb48,blacklist(address),,BLACKLISTER,,,Circle
CU-IMP-3077,ONCHAIN_TX,0x167469f6c255ba65c31795b5f57fbf4b0128cb80a5680684c0270f20a315e919,25439169,2026-07-01 17:31:11.000 UTC,ethereum,0xa0b86991c6218b36c1d19d4a2e9eb0ce3606eb48,blacklist(address),,BLACKLISTER,,,Circle
CU-IMP-3078,ONCHAIN_TX,0xc2eaa4eebe30e49e261852ad30857b1ae2185a3ea9c6263fec45a073bc714b36,25439172,2026-07-01 17:31:47.000 UTC,ethereum,0xa0b86991c6218b36c1d19d4a2e9eb0ce3606eb48,blacklist(address),,BLACKLISTER,,,Circle
CU-IMP-3079,ONCHAIN_TX,0xf51839163a6dd912ad26c4c7ee8a15a1e45f68bde3b908e673e403556ee46d7e,25439181,2026-07-01 17:33:35.000 UTC,ethereum,0xa0b86991c6218b36c1d19d4a2e9eb0ce3606eb48,blacklist(address),,BLACKLISTER,,,Circle
CU-IMP-3080,ONCHAIN_TX,0xc996325e7de5c5c8ca69633fb3f7fbf1769af065ec8a4007c06d95229a2ca86b,25439248,2026-07-01 17:46:59.000 UTC,ethereum,0xa0b86991c6218b36c1d19d4a2e9eb0ce3606eb48,blacklist(address),,BLACKLISTER,,,Circle
CU-IMP-3081,ONCHAIN_TX,0x8727f4fd9bf5cec9b618f0c1b1164420af71bd01066699b559d5900051474912,25439251,2026-07-01 17:47:35.000 UTC,ethereum,0xa0b86991c6218b36c1d19d4a2e9eb0ce3606eb48,blacklist(address),,BLACKLISTER,,,Circle
CU-IMP-3082,ONCHAIN_TX,0xc17952d1564ce2002fdf6151910b08b85ce5b21ab7f9433d0b15eb5c7e248d44,25439256,2026-07-01 17:48:35.000 UTC,ethereum,0xa0b86991c6218b36c1d19d4a2e9eb0ce3606eb48,blacklist(address),,BLACKLISTER,,,Circle
CU-IMP-3083,ONCHAIN_TX,0xe318c161714627beb466c3286fd72035b7f50ccde9d96d3aa29e7676cdccb426,25439266,2026-07-01 17:50:35.000 UTC,ethereum,0xa0b86991c6218b36c1d19d4a2e9eb0ce3606eb48,blacklist(address),,BLACKLISTER,,,Circle
CU-IMP-3084,ONCHAIN_TX,0xcbecd3bffa2489a73af66ec919207e5312d57e6cc261f67a4a2060b40cac076e,25439270,2026-07-01 17:51:23.000 UTC,ethereum,0xa0b86991c6218b36c1d19d4a2e9eb0ce3606eb48,blacklist(address),,BLACKLISTER,,,Circle
CU-IMP-3085,ONCHAIN_TX,0x1ddec54b033663f7877c41fd5c12f62bead36fd58cbe613851dcda6e537c2d82,25439273,2026-07-01 17:51:59.000 UTC,ethereum,0xa0b86991c6218b36c1d19d4a2e9eb0ce3606eb48,blacklist(address),,BLACKLISTER,,,Circle
CU-IMP-3086,ONCHAIN_TX,0xac30cc67db5dbe01594a39b837f6acbdcc9d8dc9c2c1d70eac71bb74ab2823dc,25439284,2026-07-01 17:54:11.000 UTC,ethereum,0xa0b86991c6218b36c1d19d4a2e9eb0ce3606eb48,blacklist(address),,BLACKLISTER,,,Circle
CU-IMP-3087,ONCHAIN_TX,0x6b5254323edcc897669f0d26cbf33a47ee5d328dc558ed2d7ac1077967ceac7e,25439302,2026-07-01 17:57:47.000 UTC,ethereum,0xa0b86991c6218b36c1d19d4a2e9eb0ce3606eb48,blacklist(address),,BLACKLISTER,,,Circle
CU-IMP-3088,ONCHAIN_TX,0xe20f69b80adee520bd05c0fa9e7022d4fb49aac1b866066ab44aa1be1171cad2,25439317,2026-07-01 18:00:59.000 UTC,ethereum,0xa0b86991c6218b36c1d19d4a2e9eb0ce3606eb48,blacklist(address),,BLACKLISTER,,,Circle
CU-IMP-3089,ONCHAIN_TX,0x057a079b752e178eaf1ab03b961eef1143dc3d733d960981963a01a70f159cf8,25439318,2026-07-01 18:01:11.000 UTC,ethereum,0xa0b86991c6218b36c1d19d4a2e9eb0ce3606eb48,blacklist(address),,BLACKLISTER,,,Circle
CU-IMP-3090,ONCHAIN_TX,0x82c402de7b131535d6c9d2c023c03012b20b5f97bd90021446b05d943c13c487,25439319,2026-07-01 18:01:23.000 UTC,ethereum,0xa0b86991c6218b36c1d19d4a2e9eb0ce3606eb48,blacklist(address),,BLACKLISTER,,,Circle
CU-IMP-3091,ONCHAIN_TX,0x0a319298d64b6b7f08fc8ca169a4757d3c716baed43547b6d7459bcc688d2901,25439332,2026-07-01 18:03:59.000 UTC,ethereum,0xa0b86991c6218b36c1d19d4a2e9eb0ce3606eb48,blacklist(address),,BLACKLISTER,,,Circle
CU-IMP-3092,ONCHAIN_TX,0x7342d43adacccb65e29dca345a4a932ad5c035e5a33cda6eea2e15297b4b9a00,25439340,2026-07-01 18:05:35.000 UTC,ethereum,0xa0b86991c6218b36c1d19d4a2e9eb0ce3606eb48,blacklist(address),,BLACKLISTER,,,Circle
CU-IMP-3093,ONCHAIN_TX,0x9646f7182f5b723dad561b3c64179d1dd0cdc976c22d998c36f684ebfa50f6ae,25439352,2026-07-01 18:07:59.000 UTC,ethereum,0xa0b86991c6218b36c1d19d4a2e9eb0ce3606eb48,blacklist(address),,BLACKLISTER,,,Circle
CU-IMP-3094,ONCHAIN_TX,0x78db5c3f7c694d28494e7588f18d71b96d824e0e8b512204427b5d6e7e031768,25439353,2026-07-01 18:08:11.000 UTC,ethereum,0xa0b86991c6218b36c1d19d4a2e9eb0ce3606eb48,blacklist(address),,BLACKLISTER,,,Circle
CU-IMP-3095,ONCHAIN_TX,0xa40e081430d0996976484da0cd78b1b853e3cf8e5ff26a6b0d179b093da4acdd,25439363,2026-07-01 18:10:11.000 UTC,ethereum,0xa0b86991c6218b36c1d19d4a2e9eb0ce3606eb48,blacklist(address),,BLACKLISTER,,,Circle
CU-IMP-3096,ONCHAIN_TX,0x3d3f363e88fffe8057ace7f501cc9cecf1ab5ef3c0b7cd023f814c09396d9bcc,25439389,2026-07-01 18:15:23.000 UTC,ethereum,0xa0b86991c6218b36c1d19d4a2e9eb0ce3606eb48,blacklist(address),,BLACKLISTER,,,Circle
CU-IMP-3097,ONCHAIN_TX,0x88738c87d15a284b6812a9a8e6eee4c0aed23a0c9ba43051258078cf5f793239,25439421,2026-07-01 18:21:47.000 UTC,ethereum,0xa0b86991c6218b36c1d19d4a2e9eb0ce3606eb48,blacklist(address),,BLACKLISTER,,,Circle
CU-IMP-3098,ONCHAIN_TX,0x244fc264e10e6ef6c4e73eeea17e8b6065e95136479c910543d41970e34cba1e,25439422,2026-07-01 18:21:59.000 UTC,ethereum,0xa0b86991c6218b36c1d19d4a2e9eb0ce3606eb48,blacklist(address),,BLACKLISTER,,,Circle
CU-IMP-3099,ONCHAIN_TX,0xa37ae9f9c3352688f19fea38c5d0f4f243566132ac5a16f56a149101f0b517a1,25439423,2026-07-01 18:22:11.000 UTC,ethereum,0xa0b86991c6218b36c1d19d4a2e9eb0ce3606eb48,blacklist(address),,BLACKLISTER,,,Circle
CU-IMP-3100,ONCHAIN_TX,0x4d23cb2c44dbc9713f4398596f93d165920a6ce40af58d0e7197377754730afd,25439428,2026-07-01 18:23:11.000 UTC,ethereum,0xa0b86991c6218b36c1d19d4a2e9eb0ce3606eb48,blacklist(address),,BLACKLISTER,,,Circle
CU-IMP-3101,ONCHAIN_TX,0x9d346d3deb5fcf0d9a69201b61a7b757ed36c0d63fab198e471023dc0c9c7b20,25439433,2026-07-01 18:24:11.000 UTC,ethereum,0xa0b86991c6218b36c1d19d4a2e9eb0ce3606eb48,blacklist(address),,BLACKLISTER,,,Circle
CU-IMP-3102,ONCHAIN_TX,0xb3066473984d9734cbf4258762dbb65351b976889eea91ec59475d53fa8bc322,25439437,2026-07-01 18:24:59.000 UTC,ethereum,0xa0b86991c6218b36c1d19d4a2e9eb0ce3606eb48,blacklist(address),,BLACKLISTER,,,Circle
CU-IMP-3103,ONCHAIN_TX,0x894b3165d309e90b15a884fc947396277ac52ba514ef73c900d530ae66e1b516,25439463,2026-07-01 18:30:11.000 UTC,ethereum,0xa0b86991c6218b36c1d19d4a2e9eb0ce3606eb48,blacklist(address),,BLACKLISTER,,,Circle
CU-IMP-3104,ONCHAIN_TX,0x48871da021f4f4c64164e75570709944c6ccddb55d52b69596460aedf5b39fed,25439473,2026-07-01 18:32:11.000 UTC,ethereum,0xa0b86991c6218b36c1d19d4a2e9eb0ce3606eb48,blacklist(address),,BLACKLISTER,,,Circle
CU-IMP-3105,ONCHAIN_TX,0x2a6fcd324f6b9b8514d017ddb5166cdf022e4968c6497ba27b716c363ce79de6,25439474,2026-07-01 18:32:23.000 UTC,ethereum,0xa0b86991c6218b36c1d19d4a2e9eb0ce3606eb48,blacklist(address),,BLACKLISTER,,,Circle
CU-IMP-3106,ONCHAIN_TX,0xe7b02d949eb68f36d7754f3d0ac8df0916fad9f27303996a51b03274c4afda2e,25439477,2026-07-01 18:32:59.000 UTC,ethereum,0xa0b86991c6218b36c1d19d4a2e9eb0ce3606eb48,blacklist(address),,BLACKLISTER,,,Circle
CU-IMP-3107,ONCHAIN_TX,0xc299667abd2ab1348d63cd4d45975d9d7102f5818846123639ca0fad45197aa3,25439493,2026-07-01 18:36:11.000 UTC,ethereum,0xa0b86991c6218b36c1d19d4a2e9eb0ce3606eb48,blacklist(address),,BLACKLISTER,,,Circle
CU-IMP-3108,ONCHAIN_TX,0x44540bf960813f8688bbb613b668086c5a0760131c6d6c076a5de85d63f6cfa5,25439497,2026-07-01 18:36:59.000 UTC,ethereum,0xa0b86991c6218b36c1d19d4a2e9eb0ce3606eb48,blacklist(address),,BLACKLISTER,,,Circle
CU-IMP-3109,ONCHAIN_TX,0x0a9964387d10d130b61f733cb2d0a73c827a77950bd58871799decd80c91b591,25439506,2026-07-01 18:38:47.000 UTC,ethereum,0xa0b86991c6218b36c1d19d4a2e9eb0ce3606eb48,blacklist(address),,BLACKLISTER,,,Circle
CU-IMP-3110,ONCHAIN_TX,0x11acbd60333e700ac1643bc53e4a8b2ad57dd63c85bd76a5348b94e0192c57f5,25439512,2026-07-01 18:39:59.000 UTC,ethereum,0xa0b86991c6218b36c1d19d4a2e9eb0ce3606eb48,blacklist(address),,BLACKLISTER,,,Circle
CU-IMP-3111,ONCHAIN_TX,0x24404e0f6e67694ce732870f41c74d0cf5e5d874e296ffce5a07e429d8612d98,25439520,2026-07-01 18:41:35.000 UTC,ethereum,0xa0b86991c6218b36c1d19d4a2e9eb0ce3606eb48,blacklist(address),,BLACKLISTER,,,Circle
CU-IMP-3112,ONCHAIN_TX,0x96ed59227edb671eb53bba61c5bdd05102d4900b75e161221c1206a503170e5a,25439529,2026-07-01 18:43:23.000 UTC,ethereum,0xa0b86991c6218b36c1d19d4a2e9eb0ce3606eb48,blacklist(address),,BLACKLISTER,,,Circle
CU-IMP-3113,ONCHAIN_TX,0xc0f752ec0d2a193597dfecc76aeced0c801f61b85b2b932c35bf66ec9989f6d8,25439550,2026-07-01 18:47:35.000 UTC,ethereum,0xa0b86991c6218b36c1d19d4a2e9eb0ce3606eb48,blacklist(address),,BLACKLISTER,,,Circle
CU-IMP-3114,ONCHAIN_TX,0x94538dfad6ea010050996e3b51fcecdeb58b123ad6a738d7f71adebeba738c63,25439563,2026-07-01 18:50:11.000 UTC,ethereum,0xa0b86991c6218b36c1d19d4a2e9eb0ce3606eb48,blacklist(address),,BLACKLISTER,,,Circle
CU-IMP-3115,ONCHAIN_TX,0x063594e22367999757c5b7e6ef42a8a07799bba3baef05a84718baaabba92890,25439569,2026-07-01 18:51:23.000 UTC,ethereum,0xa0b86991c6218b36c1d19d4a2e9eb0ce3606eb48,blacklist(address),,BLACKLISTER,,,Circle
CU-IMP-3116,ONCHAIN_TX,0x42f5c02cbecb6b800b2fc407cbbb43eb6327430d6761f18906ad3671fd438ab7,25439603,2026-07-01 18:58:23.000 UTC,ethereum,0xa0b86991c6218b36c1d19d4a2e9eb0ce3606eb48,blacklist(address),,BLACKLISTER,,,Circle
CU-IMP-3117,ONCHAIN_TX,0x6a06e9b84044578220491229cc78e86f8150feb16b609864641ed9568f8d6728,25439606,2026-07-01 18:58:59.000 UTC,ethereum,0xa0b86991c6218b36c1d19d4a2e9eb0ce3606eb48,blacklist(address),,BLACKLISTER,,,Circle
CU-IMP-3118,ONCHAIN_TX,0x9e3708bf21090d6d0e24ead022579a47cd6d71a3325124c5aba38d8fc128a008,25439621,2026-07-01 19:01:59.000 UTC,ethereum,0xa0b86991c6218b36c1d19d4a2e9eb0ce3606eb48,blacklist(address),,BLACKLISTER,,,Circle
CU-IMP-3119,ONCHAIN_TX,0x69e7c1b6970f297634109a5079bc4455e50abcbece229c46c517dfcfbc50db7f,25439628,2026-07-01 19:03:23.000 UTC,ethereum,0xa0b86991c6218b36c1d19d4a2e9eb0ce3606eb48,blacklist(address),,BLACKLISTER,,,Circle
CU-IMP-3120,ONCHAIN_TX,0x435dd116140fe906e36275ce070f02f21385137a71ccc7cd60b26005e58b76c6,25439629,2026-07-01 19:03:35.000 UTC,ethereum,0xa0b86991c6218b36c1d19d4a2e9eb0ce3606eb48,blacklist(address),,BLACKLISTER,,,Circle
CU-IMP-3121,ONCHAIN_TX,0xb9da4036b9459f0b488e46b5c3a651f1f7f92a3df8b1bb9807a1545a5ba063d1,25439633,2026-07-01 19:04:23.000 UTC,ethereum,0xa0b86991c6218b36c1d19d4a2e9eb0ce3606eb48,blacklist(address),,BLACKLISTER,,,Circle
CU-IMP-3122,ONCHAIN_TX,0x524028a3c37b64c02b45f4a52f2201b43b69de1913d177c8a0ffd9842d775f94,25439648,2026-07-01 19:07:23.000 UTC,ethereum,0xa0b86991c6218b36c1d19d4a2e9eb0ce3606eb48,blacklist(address),,BLACKLISTER,,,Circle
CU-IMP-3123,ONCHAIN_TX,0xda60ae80bcbcf9ac1ae0e3f88c4878eb03427e0c5965dd65d0c5386fa6e05658,25439651,2026-07-01 19:07:59.000 UTC,ethereum,0xa0b86991c6218b36c1d19d4a2e9eb0ce3606eb48,blacklist(address),,BLACKLISTER,,,Circle
CU-IMP-3124,ONCHAIN_TX,0x569c36b8cf3b41c1a023dc9f39c705f820e4dd8e300f2f339b36469bf39939fb,25439656,2026-07-01 19:08:59.000 UTC,ethereum,0xa0b86991c6218b36c1d19d4a2e9eb0ce3606eb48,blacklist(address),,BLACKLISTER,,,Circle
CU-IMP-3125,ONCHAIN_TX,0x518c42454ad40c7a3c4da03f0aa704682d214f5a322f777974a5ad4a997ee6e9,25439682,2026-07-01 19:14:11.000 UTC,ethereum,0xa0b86991c6218b36c1d19d4a2e9eb0ce3606eb48,blacklist(address),,BLACKLISTER,,,Circle
CU-IMP-3126,ONCHAIN_TX,0x57b7e4b985afa8dff94e9be4a448b2a3936e64674ec474cd31f24c1a4422c9ac,25439688,2026-07-01 19:15:23.000 UTC,ethereum,0xa0b86991c6218b36c1d19d4a2e9eb0ce3606eb48,blacklist(address),,BLACKLISTER,,,Circle
CU-IMP-3127,ONCHAIN_TX,0x6ddedccd4b8d1ad584ade951be4d7846f06c9b5d5bbe27f8d8f9f9b9ab217191,25439690,2026-07-01 19:15:59.000 UTC,ethereum,0xa0b86991c6218b36c1d19d4a2e9eb0ce3606eb48,blacklist(address),,BLACKLISTER,,,Circle
CU-IMP-3128,ONCHAIN_TX,0xf30124e82c3b17104972b20159549a58f567a8f6aa816b3c68ab86c93f65a7b7,25439694,2026-07-01 19:16:47.000 UTC,ethereum,0xa0b86991c6218b36c1d19d4a2e9eb0ce3606eb48,blacklist(address),,BLACKLISTER,,,Circle
CU-IMP-3129,ONCHAIN_TX,0xf557e7b6e7a8230dfbc3e20af544680035a8991ec3b30b1f4b20b7bd4b851eaa,25439695,2026-07-01 19:16:59.000 UTC,ethereum,0xa0b86991c6218b36c1d19d4a2e9eb0ce3606eb48,blacklist(address),,BLACKLISTER,,,Circle
CU-IMP-3130,ONCHAIN_TX,0x396184ae4ec271f1d4a4895092efb426ffb4491f2daa65c070b5cf7e03245ea3,25439719,2026-07-01 19:21:47.000 UTC,ethereum,0xa0b86991c6218b36c1d19d4a2e9eb0ce3606eb48,blacklist(address),,BLACKLISTER,,,Circle
CU-IMP-3131,ONCHAIN_TX,0x907cf7f9e55608a47ca1feda4ebe09c6312c47fcc129107e23b378c4b393cc5e,25439720,2026-07-01 19:21:59.000 UTC,ethereum,0xa0b86991c6218b36c1d19d4a2e9eb0ce3606eb48,blacklist(address),,BLACKLISTER,,,Circle
CU-IMP-3132,ONCHAIN_TX,0x690273c84954156c950348918507adb14575db85f731c1b98cad1c6c8da4216a,25439726,2026-07-01 19:23:11.000 UTC,ethereum,0xa0b86991c6218b36c1d19d4a2e9eb0ce3606eb48,blacklist(address),,BLACKLISTER,,,Circle
CU-IMP-3133,ONCHAIN_TX,0x326c0e61ee67027dc23a38177cea5d465e3d895886a65c7abba3efe0615830d4,25439730,2026-07-01 19:23:59.000 UTC,ethereum,0xa0b86991c6218b36c1d19d4a2e9eb0ce3606eb48,blacklist(address),,BLACKLISTER,,,Circle
CU-IMP-3134,ONCHAIN_TX,0x40bddf547a9fe80ce3b064b37b2a331d97dd9d82ae5d42c76ad02609ec36a0f7,25439753,2026-07-01 19:28:35.000 UTC,ethereum,0xa0b86991c6218b36c1d19d4a2e9eb0ce3606eb48,blacklist(address),,BLACKLISTER,,,Circle
CU-IMP-3135,ONCHAIN_TX,0x51afb86ff34e2c221c2910354c163d90f6f64adea9a84a858a2e3614d70bf555,25439774,2026-07-01 19:32:47.000 UTC,ethereum,0xa0b86991c6218b36c1d19d4a2e9eb0ce3606eb48,blacklist(address),,BLACKLISTER,,,Circle
CU-IMP-3136,ONCHAIN_TX,0x8cd8f6047738881386e4e76622af1b2aefa524c6e943e24062de08d6163c0f81,25497404,2026-07-09 20:26:11.000 UTC,ethereum,0xa0b86991c6218b36c1d19d4a2e9eb0ce3606eb48,blacklist(address),,BLACKLISTER,,,Circle
CU-IMP-3137,ONCHAIN_TX,0x260621a3e0a0d6e9dd1c8124e8d01fd779408566bf1a0ebf9653e57a2a2c2a78,25499361,2026-07-10 03:00:11.000 UTC,ethereum,0xa0b86991c6218b36c1d19d4a2e9eb0ce3606eb48,blacklist(address),,BLACKLISTER,,,Circle
CU-IMP-3138,ONCHAIN_TX,0x9a0d30ea49b8a06253cc38ffb5c3e4812c9cebedef38c0a256632ea64d83637c,25499362,2026-07-10 03:00:23.000 UTC,ethereum,0xa0b86991c6218b36c1d19d4a2e9eb0ce3606eb48,blacklist(address),,BLACKLISTER,,,Circle
CU-IMP-3139,ONCHAIN_TX,0xd1eb44a2fff8da6d413d53c215bae935a2b26cd181c1a5ff25e388a36f4145eb,25499363,2026-07-10 03:00:35.000 UTC,ethereum,0xa0b86991c6218b36c1d19d4a2e9eb0ce3606eb48,blacklist(address),,BLACKLISTER,,,Circle
CU-IMP-3140,ONCHAIN_TX,0x0471d7b0cdc39c1b7912a0bda17dd583dc4cfa8291d7fd9e698fa2939465bf53,25499366,2026-07-10 03:01:11.000 UTC,ethereum,0xa0b86991c6218b36c1d19d4a2e9eb0ce3606eb48,blacklist(address),,BLACKLISTER,,,Circle
CU-IMP-3141,ONCHAIN_TX,0x06b2de4b71b3ff2fab160d7e3d1c9de08c77f9a41094d82b3fd8bfc08236417e,25499368,2026-07-10 03:01:35.000 UTC,ethereum,0xa0b86991c6218b36c1d19d4a2e9eb0ce3606eb48,blacklist(address),,BLACKLISTER,,,Circle
CU-IMP-3142,ONCHAIN_TX,0x81a84ebab62182748a87b3f04b6ae42d3b951c95a9268397abd68a62ae4f3dc2,25499371,2026-07-10 03:02:11.000 UTC,ethereum,0xa0b86991c6218b36c1d19d4a2e9eb0ce3606eb48,blacklist(address),,BLACKLISTER,,,Circle
CU-IMP-3143,ONCHAIN_TX,0xe87d267108718896fd04d0bcdcdd1f0262b9a6b6a626409315465004832775c7,25499376,2026-07-10 03:03:11.000 UTC,ethereum,0xa0b86991c6218b36c1d19d4a2e9eb0ce3606eb48,blacklist(address),,BLACKLISTER,,,Circle
CU-IMP-3144,ONCHAIN_TX,0x3a3f0c4bced569893f46b0bc103c09e7ad398fcf66b63988cfdaa648646a0d2c,25524561,2026-07-13 15:19:47.000 UTC,ethereum,0xa0b86991c6218b36c1d19d4a2e9eb0ce3606eb48,blacklist(address),,BLACKLISTER,,,Circle
CU-IMP-3145,ONCHAIN_TX,0x135779c834d74b4892f6428fecf0fc031b0dce0fbd6428c7ed8d3d153cfd4d55,25524576,2026-07-13 15:22:47.000 UTC,ethereum,0xa0b86991c6218b36c1d19d4a2e9eb0ce3606eb48,blacklist(address),,BLACKLISTER,,,Circle
CU-IMP-3146,ONCHAIN_TX,0xd9d5f35e6a7031e33b8f8503545b2c2201a4b00aea142c0191ae36c8aba5e227,25524578,2026-07-13 15:23:11.000 UTC,ethereum,0xa0b86991c6218b36c1d19d4a2e9eb0ce3606eb48,blacklist(address),,BLACKLISTER,,,Circle
CU-IMP-3147,ONCHAIN_TX,0xb47a131c6c3d4c66d4dfc1662747c80c9a58a62ed8358c8180ea1daa83f43d35,25524583,2026-07-13 15:24:11.000 UTC,ethereum,0xa0b86991c6218b36c1d19d4a2e9eb0ce3606eb48,blacklist(address),,BLACKLISTER,,,Circle
CU-IMP-3148,ONCHAIN_TX,0x10437172b803561b7394082498ba349edf0752a512f2cee9e48f53b5742c7ca3,25524589,2026-07-13 15:25:23.000 UTC,ethereum,0xa0b86991c6218b36c1d19d4a2e9eb0ce3606eb48,blacklist(address),,BLACKLISTER,,,Circle
CU-IMP-3149,ONCHAIN_TX,0xa71ee3113cff416c90b39ed4a509b360372989105e3d3b073d5b012e81058213,25524610,2026-07-13 15:29:35.000 UTC,ethereum,0xa0b86991c6218b36c1d19d4a2e9eb0ce3606eb48,blacklist(address),,BLACKLISTER,,,Circle
CU-IMP-3150,ONCHAIN_TX,0xc7099010f5bdf16720966588cb0041de9a84673781e96fbbd984b17537edc046,25533251,2026-07-14 20:24:47.000 UTC,ethereum,0xa0b86991c6218b36c1d19d4a2e9eb0ce3606eb48,blacklist(address),,BLACKLISTER,,,Circle
CU-IMP-3151,ONCHAIN_TX,0xce0cbf74358a71684aec95863bc755ba9c3dc22aaa76fa18e1f44934b11896b9,25533259,2026-07-14 20:26:23.000 UTC,ethereum,0xa0b86991c6218b36c1d19d4a2e9eb0ce3606eb48,blacklist(address),,BLACKLISTER,,,Circle
CU-IMP-3152,ONCHAIN_TX,0xfd1d3af399cf9e1bb738fbbfd6c6a4b14d5da0d3b15b862341a1197199caa161,25533265,2026-07-14 20:27:35.000 UTC,ethereum,0xa0b86991c6218b36c1d19d4a2e9eb0ce3606eb48,blacklist(address),,BLACKLISTER,,,Circle
CU-IMP-3153,ONCHAIN_TX,0x32ce26637967d6621e80f49c7722b37640d6d86cee9bf23590e40f5032d89a7d,25533272,2026-07-14 20:28:59.000 UTC,ethereum,0xa0b86991c6218b36c1d19d4a2e9eb0ce3606eb48,blacklist(address),,BLACKLISTER,,,Circle
CU-IMP-3154,ONCHAIN_TX,0x6ddb71124e0e9980f6256bcbbbffab86a93ddfb351eb5b39796599b720e377d8,25597302,2026-07-23 18:44:35.000 UTC,ethereum,0xa0b86991c6218b36c1d19d4a2e9eb0ce3606eb48,blacklist(address),,BLACKLISTER,,,Circle
CU-IMP-3155,ONCHAIN_TX,0xddb4fb6e444cac0d310d992fd8c305b2f9703c97e5558ab460746b90f3421a8a,25597312,2026-07-23 18:46:35.000 UTC,ethereum,0xa0b86991c6218b36c1d19d4a2e9eb0ce3606eb48,blacklist(address),,BLACKLISTER,,,Circle
CU-IMP-3156,ONCHAIN_TX,0x0793804d8fa38f7c486a4131687664037c6976ea0d4d3acbf02ae03de0b9d441,25597316,2026-07-23 18:47:23.000 UTC,ethereum,0xa0b86991c6218b36c1d19d4a2e9eb0ce3606eb48,blacklist(address),,BLACKLISTER,,,Circle
CU-IMP-3157,ONCHAIN_TX,0xc02178539733f6d8c83c8e965d550446c65e7e573e79c6d316f936699bbd191a,25597333,2026-07-23 18:50:47.000 UTC,ethereum,0xa0b86991c6218b36c1d19d4a2e9eb0ce3606eb48,blacklist(address),,BLACKLISTER,,,Circle
CU-IMP-3158,ONCHAIN_TX,0xa71fdc3c4f46d3a382cfc563107cd05f0c2ae8dd0e01b45249bda619b193b15b,25597341,2026-07-23 18:52:23.000 UTC,ethereum,0xa0b86991c6218b36c1d19d4a2e9eb0ce3606eb48,blacklist(address),,BLACKLISTER,,,Circle
CU-IMP-3159,ONCHAIN_TX,0xa2b4d383e8e0bd5b427bf1904714d390020a5c1fa9c984306d45d350d38a2a39,25597360,2026-07-23 18:56:11.000 UTC,ethereum,0xa0b86991c6218b36c1d19d4a2e9eb0ce3606eb48,blacklist(address),,BLACKLISTER,,,Circle
CU-IMP-3160,ONCHAIN_TX,0x2aff4ec60f1aa4cb850cad42a6d30f5400f159bb9281f46f5eccde700fcb28e5,25597364,2026-07-23 18:56:59.000 UTC,ethereum,0xa0b86991c6218b36c1d19d4a2e9eb0ce3606eb48,blacklist(address),,BLACKLISTER,,,Circle
CU-IMP-3161,ONCHAIN_TX,0x2ebd67386d328c7c87b564125a8852b2add291c31ce43bf5b5b776907dd2b9bc,25598379,2026-07-23 22:21:11.000 UTC,ethereum,0xa0b86991c6218b36c1d19d4a2e9eb0ce3606eb48,blacklist(address),,BLACKLISTER,,,Circle
CU-IMP-3162,ONCHAIN_TX,0xa446b69a9d2f030f4b2254c7ba56a1a8afa115cc04650466649832e4d70dba6a,25599513,2026-07-24 02:09:11.000 UTC,ethereum,0xa0b86991c6218b36c1d19d4a2e9eb0ce3606eb48,blacklist(address),,BLACKLISTER,,,Circle
CU-IMP-3163,ONCHAIN_TX,0x6e17fa1ce366a56bf0ee4128cee578be4bd6cd1f1fbeb17e8a74a7c90abc7be7,25640260,2026-07-29 18:22:59.000 UTC,ethereum,0xa0b86991c6218b36c1d19d4a2e9eb0ce3606eb48,blacklist(address),,BLACKLISTER,,,Circle
CU-IMP-3164,ONCHAIN_TX,0xb81119fbe9ddc417eec17e58626cf5c51a9ffc2cecc1d58b256f7809fd3af3e3,25640270,2026-07-29 18:24:59.000 UTC,ethereum,0xa0b86991c6218b36c1d19d4a2e9eb0ce3606eb48,blacklist(address),,BLACKLISTER,,,Circle
CU-IMP-3165,ONCHAIN_TX,0xcc25dc5467a5ba2693575167551a002152550b91847570e7c59ed3df0bbc07d1,25705122,2026-08-07 19:17:11.000 UTC,ethereum,0xa0b86991c6218b36c1d19d4a2e9eb0ce3606eb48,blacklist(address),,BLACKLISTER,,,Circle
CU-IMP-3166,ONCHAIN_TX,0x6a8cc34aa0a380f664b42c3af8ef0617082899564e273df162e2c11e59c7e51a,25705133,2026-08-07 19:19:35.000 UTC,ethereum,0xa0b86991c6218b36c1d19d4a2e9eb0ce3606eb48,blacklist(address),,BLACKLISTER,,,Circle
CU-IMP-3167,ONCHAIN_TX,0xb73eadeffafbae9ae089210d62e9dd0766b8adc02a517b3e3d22a9db9427935e,25705147,2026-08-07 19:22:23.000 UTC,ethereum,0xa0b86991c6218b36c1d19d4a2e9eb0ce3606eb48,blacklist(address),,BLACKLISTER,,,Circle
CU-IMP-3168,ONCHAIN_TX,0xa20fc2951782ce0d4a2b6d1c4ef1e9430a8011f80071cff63677a7fd32c49ff9,25705166,2026-08-07 19:26:11.000 UTC,ethereum,0xa0b86991c6218b36c1d19d4a2e9eb0ce3606eb48,blacklist(address),,BLACKLISTER,,,Circle
CU-IMP-3169,ONCHAIN_TX,0xc9edfdbb67b48f26822d8769f63cb890599d98dec539f7f76b92edcc8a2ff787,25705174,2026-08-07 19:27:47.000 UTC,ethereum,0xa0b86991c6218b36c1d19d4a2e9eb0ce3606eb48,blacklist(address),,BLACKLISTER,,,Circle
CU-IMP-3170,ONCHAIN_TX,0x49758688dd8e77e5de085d3c93081bad50d8afe595f0d2f824745b818cb54d67,25705181,2026-08-07 19:29:11.000 UTC,ethereum,0xa0b86991c6218b36c1d19d4a2e9eb0ce3606eb48,blacklist(address),,BLACKLISTER,,,Circle
CU-IMP-3171,ONCHAIN_TX,0x14738a3489f8dca3335bae7f596f8ef90476b8a7b2ef03d834ec81864b983bf0,25705197,2026-08-07 19:32:23.000 UTC,ethereum,0xa0b86991c6218b36c1d19d4a2e9eb0ce3606eb48,blacklist(address),,BLACKLISTER,,,Circle
CU-IMP-3172,ONCHAIN_TX,0x6f5846360aab8ee8d7575bc5a0adecc1c3d8dbfaf8bfdb5613c493bfa02e7cdf,25784158,2026-08-18 19:46:35.000 UTC,ethereum,0xa0b86991c6218b36c1d19d4a2e9eb0ce3606eb48,blacklist(address),,BLACKLISTER,,,Circle
CU-IMP-3173,ONCHAIN_TX,0x493425e70981551778649e5ff8f0964e2cae4b238dfd02b241a1a41eca766b63,25789921,2026-08-19 15:02:11.000 UTC,ethereum,0xa0b86991c6218b36c1d19d4a2e9eb0ce3606eb48,unBlacklist(address),,BLACKLISTER,,,Circle
CU-IMP-3174,ONCHAIN_TX,0x68d12cce55e58894d69398a5785e96331ee96ba139a5d703b952f282216f60e0,45133056,2026-04-24 18:30:59.000 UTC,base,0x833589fcd6edb6e08f4c7c32d4f71b54bda02913,blacklist(address),,BLACKLISTER,,,Circle
CU-IMP-3175,ONCHAIN_TX,0x9e42fab7d662f913be9c3bd418807d2decc77c267e598690438972143d303118,45133157,2026-04-24 18:34:21.000 UTC,base,0x833589fcd6edb6e08f4c7c32d4f71b54bda02913,blacklist(address),,BLACKLISTER,,,Circle
CU-IMP-3176,ONCHAIN_TX,0x694f177d8eb7dd7e0ac682556bd416c329e3175cde58017f75503027445f2a06,45995642,2026-05-14 17:43:51.000 UTC,base,0x833589fcd6edb6e08f4c7c32d4f71b54bda02913,blacklist(address),,BLACKLISTER,,,Circle
CU-IMP-3177,ONCHAIN_TX,0x965c40835abb8d01e07aeb9cd44bcf3c43f7a1a986be1d6af5181016f0578ac6,46250543,2026-05-20 15:20:33.000 UTC,base,0x833589fcd6edb6e08f4c7c32d4f71b54bda02913,blacklist(address),,BLACKLISTER,,,Circle
CU-IMP-3178,ONCHAIN_TX,0xaa557b989d362acca775aa18a9e554d5094050962bcdb5a9bc20912721bdf92e,46250605,2026-05-20 15:22:37.000 UTC,base,0x833589fcd6edb6e08f4c7c32d4f71b54bda02913,blacklist(address),,BLACKLISTER,,,Circle
CU-IMP-3179,ONCHAIN_TX,0xdc4c430f3abd1121963f49910ea39ecc07ac954459be8d167d9b24ed60672df8,46250691,2026-05-20 15:25:29.000 UTC,base,0x833589fcd6edb6e08f4c7c32d4f71b54bda02913,blacklist(address),,BLACKLISTER,,,Circle
CU-IMP-3180,ONCHAIN_TX,0x7445d610b66d63443820bcb23e0c3aafe25203a560265b6801ab3e364302895f,46250733,2026-05-20 15:26:53.000 UTC,base,0x833589fcd6edb6e08f4c7c32d4f71b54bda02913,blacklist(address),,BLACKLISTER,,,Circle
CU-IMP-3181,ONCHAIN_TX,0x7df5507ec2d7594ec1fc0de74b0729d1ee66639cde6250f9a44efd0fe0c05ac7,46250848,2026-05-20 15:30:43.000 UTC,base,0x833589fcd6edb6e08f4c7c32d4f71b54bda02913,blacklist(address),,BLACKLISTER,,,Circle
CU-IMP-3182,ONCHAIN_TX,0xec0b3675cb6a1373d21598c6cb210bf41fc4304eb68df1c1ef93dc0a906a8261,46250871,2026-05-20 15:31:29.000 UTC,base,0x833589fcd6edb6e08f4c7c32d4f71b54bda02913,blacklist(address),,BLACKLISTER,,,Circle
CU-IMP-3183,ONCHAIN_TX,0xabfe245aad26e9e022b2a4d1f49a6a59d640bb6dc2107d39928737238e890a17,46509581,2026-05-26 15:15:09.000 UTC,base,0x833589fcd6edb6e08f4c7c32d4f71b54bda02913,blacklist(address),,BLACKLISTER,,,Circle
CU-IMP-3184,ONCHAIN_TX,0x0ccc49e73f168008f17044071c664503287025b1e96e8efd1457c4b5c30ae907,46509659,2026-05-26 15:17:45.000 UTC,base,0x833589fcd6edb6e08f4c7c32d4f71b54bda02913,blacklist(address),,BLACKLISTER,,,Circle
CU-IMP-3185,ONCHAIN_TX,0x83926041a40e650ea5f9276453ab39f8202add01ead955396c302f938e39c78f,46509701,2026-05-26 15:19:09.000 UTC,base,0x833589fcd6edb6e08f4c7c32d4f71b54bda02913,blacklist(address),,BLACKLISTER,,,Circle
CU-IMP-3186,ONCHAIN_TX,0xc06f4347f5d31f90ada52c9ddfc06446114cdf810da7ad6a9ed6f5631e1631fd,47681153,2026-06-22 18:07:33.000 UTC,base,0x833589fcd6edb6e08f4c7c32d4f71b54bda02913,blacklist(address),,BLACKLISTER,,,Circle
CU-IMP-3187,ONCHAIN_TX,0xaeade30f196dac5be3503a2a20b1008d1014b9999b1b95138b4fb6774eccb5c0,47681214,2026-06-22 18:09:35.000 UTC,base,0x833589fcd6edb6e08f4c7c32d4f71b54bda02913,blacklist(address),,BLACKLISTER,,,Circle
CU-IMP-3188,ONCHAIN_TX,0x7e5bc0b487809156d301f5abac9739a249cf2ca9d94687843112439fa413c637,48064737,2026-07-01 15:13:41.000 UTC,base,0x833589fcd6edb6e08f4c7c32d4f71b54bda02913,blacklist(address),,BLACKLISTER,,,Circle
CU-IMP-3189,ONCHAIN_TX,0x025a269dd815d4a768f5ee301ff78b971f44990edae2ad2a6b67001848bea22b,48064801,2026-07-01 15:15:49.000 UTC,base,0x833589fcd6edb6e08f4c7c32d4f71b54bda02913,blacklist(address),,BLACKLISTER,,,Circle
CU-IMP-3190,ONCHAIN_TX,0x2fe9af510c1deca4df645c8021d07ab3c7817d1f1a200cfc4220aa1881a25e2d,48064929,2026-07-01 15:20:05.000 UTC,base,0x833589fcd6edb6e08f4c7c32d4f71b54bda02913,blacklist(address),,BLACKLISTER,,,Circle
CU-IMP-3191,ONCHAIN_TX,0xd668e631ed861b0e16cd1fe8f18bde0cb4a4a6acecf808c7fdc905f9316b5cd3,48064977,2026-07-01 15:21:41.000 UTC,base,0x833589fcd6edb6e08f4c7c32d4f71b54bda02913,blacklist(address),,BLACKLISTER,,,Circle
CU-IMP-3192,ONCHAIN_TX,0x8fdbd63a3c4822a123b3c290311daba36ad2880903fb15c5f9b5ba32287603ad,48065064,2026-07-01 15:24:35.000 UTC,base,0x833589fcd6edb6e08f4c7c32d4f71b54bda02913,blacklist(address),,BLACKLISTER,,,Circle
CU-IMP-3193,ONCHAIN_TX,0x11faf5b3fbefc09e22137bc74d932f15c7f7c605713510fd7929e20870a1f53f,48065106,2026-07-01 15:25:59.000 UTC,base,0x833589fcd6edb6e08f4c7c32d4f71b54bda02913,blacklist(address),,BLACKLISTER,,,Circle
CU-IMP-3194,ONCHAIN_TX,0x71facc8b3b0541f5d148dfb368ebe416e2528a372b3281bbb7584b9b5c0e4ab4,48065271,2026-07-01 15:31:29.000 UTC,base,0x833589fcd6edb6e08f4c7c32d4f71b54bda02913,blacklist(address),,BLACKLISTER,,,Circle
CU-IMP-3195,ONCHAIN_TX,0x42a8423d0adf5f1aa637009296f26411de09cdc4bfb21786028ff553fe7a4a46,48065341,2026-07-01 15:33:49.000 UTC,base,0x833589fcd6edb6e08f4c7c32d4f71b54bda02913,blacklist(address),,BLACKLISTER,,,Circle
CU-IMP-3196,ONCHAIN_TX,0xa98795ede850e47da04808eb376a0fcdd33d2dd62225a9bd6a39d222f1dbbf8e,48065346,2026-07-01 15:33:59.000 UTC,base,0x833589fcd6edb6e08f4c7c32d4f71b54bda02913,blacklist(address),,BLACKLISTER,,,Circle
CU-IMP-3197,ONCHAIN_TX,0x9cdf8cc4f237ea8c23a5c50ac26aa863631275b548e3811bac5e6c640684c1ab,48065372,2026-07-01 15:34:51.000 UTC,base,0x833589fcd6edb6e08f4c7c32d4f71b54bda02913,blacklist(address),,BLACKLISTER,,,Circle
CU-IMP-3198,ONCHAIN_TX,0x8d8bbe054e757487f3d2e51cb950bb0be4155a3d5e6521f459e87c2397d14a23,48065441,2026-07-01 15:37:09.000 UTC,base,0x833589fcd6edb6e08f4c7c32d4f71b54bda02913,blacklist(address),,BLACKLISTER,,,Circle
CU-IMP-3199,ONCHAIN_TX,0xdd8efcdd431dde50888aaed39b4255709bea971e79f9925ffb4dd43d32175bb3,48065552,2026-07-01 15:40:51.000 UTC,base,0x833589fcd6edb6e08f4c7c32d4f71b54bda02913,blacklist(address),,BLACKLISTER,,,Circle
CU-IMP-3200,ONCHAIN_TX,0x6e04eaf1d2213273d62f47887d309842224c360b6c9ee8cc70018837f7605ebf,48065570,2026-07-01 15:41:27.000 UTC,base,0x833589fcd6edb6e08f4c7c32d4f71b54bda02913,blacklist(address),,BLACKLISTER,,,Circle
CU-IMP-3201,ONCHAIN_TX,0x4505f00eea71a2934d5d224426122d590889a5c100d1d6ffb66a3d8b30ebdf58,48065696,2026-07-01 15:45:39.000 UTC,base,0x833589fcd6edb6e08f4c7c32d4f71b54bda02913,blacklist(address),,BLACKLISTER,,,Circle
CU-IMP-3202,ONCHAIN_TX,0x8c55796806b683b5ad68bd8a6d317d6747b869481276e621188080aa9143484f,48065698,2026-07-01 15:45:43.000 UTC,base,0x833589fcd6edb6e08f4c7c32d4f71b54bda02913,blacklist(address),,BLACKLISTER,,,Circle
CU-IMP-3203,ONCHAIN_TX,0xed1b9f2461a9051a9bd8835b59d754e6fc10ab0b0dfb18e613dc34966a88c4a9,48065724,2026-07-01 15:46:35.000 UTC,base,0x833589fcd6edb6e08f4c7c32d4f71b54bda02913,blacklist(address),,BLACKLISTER,,,Circle
CU-IMP-3204,ONCHAIN_TX,0xdd4ad7743b2201d7ffa41ca689b80ac17d0da1d09e38ead2664fd2cdce402720,48065745,2026-07-01 15:47:17.000 UTC,base,0x833589fcd6edb6e08f4c7c32d4f71b54bda02913,blacklist(address),,BLACKLISTER,,,Circle
CU-IMP-3205,ONCHAIN_TX,0xd3173f38198a57d6f26ee775f82c21d3a321f701e4d16a91179c4620dec8cc51,48065751,2026-07-01 15:47:29.000 UTC,base,0x833589fcd6edb6e08f4c7c32d4f71b54bda02913,blacklist(address),,BLACKLISTER,,,Circle
CU-IMP-3206,ONCHAIN_TX,0x5dc9bcfb7283d853eac44a3cf41d5402a62c4bafd1038ab45ea797028286ffcb,48065787,2026-07-01 15:48:41.000 UTC,base,0x833589fcd6edb6e08f4c7c32d4f71b54bda02913,blacklist(address),,BLACKLISTER,,,Circle
CU-IMP-3207,ONCHAIN_TX,0x6e2bbbec4696ccdebd326aac61d290bd8215f0d828d0c373ff7d7b0dfda152a7,48065814,2026-07-01 15:49:35.000 UTC,base,0x833589fcd6edb6e08f4c7c32d4f71b54bda02913,blacklist(address),,BLACKLISTER,,,Circle
CU-IMP-3208,ONCHAIN_TX,0x4e02d6203e3a2abd5cd8a63aa128bd05e4a04d6d5bbfc255a9dbfa904b779c5b,48065859,2026-07-01 15:51:05.000 UTC,base,0x833589fcd6edb6e08f4c7c32d4f71b54bda02913,blacklist(address),,BLACKLISTER,,,Circle
CU-IMP-3209,ONCHAIN_TX,0x01cf99f9460763ee9703d315eb961059ae7956f516ec28e408b981c040e9c466,48065935,2026-07-01 15:53:37.000 UTC,base,0x833589fcd6edb6e08f4c7c32d4f71b54bda02913,blacklist(address),,BLACKLISTER,,,Circle
CU-IMP-3210,ONCHAIN_TX,0x5969bb4784542f44f681d8e427de4c3b22670dc1b25f35667a26ce0a717bf132,48065956,2026-07-01 15:54:19.000 UTC,base,0x833589fcd6edb6e08f4c7c32d4f71b54bda02913,blacklist(address),,BLACKLISTER,,,Circle
CU-IMP-3211,ONCHAIN_TX,0x894fa618741afed8c2d3d4757a8e7858438a4dcb12dcafe3af756e6c188721cd,48066159,2026-07-01 16:01:05.000 UTC,base,0x833589fcd6edb6e08f4c7c32d4f71b54bda02913,blacklist(address),,BLACKLISTER,,,Circle
CU-IMP-3212,ONCHAIN_TX,0xf6430b82a69c9880b632407e559242f5ebf4972610cbdc5893de2c44b72cb94c,48066260,2026-07-01 16:04:27.000 UTC,base,0x833589fcd6edb6e08f4c7c32d4f71b54bda02913,blacklist(address),,BLACKLISTER,,,Circle
CU-IMP-3213,ONCHAIN_TX,0x8c8c888c4dc97de1e698184a1a23f35742c38ad0482ded2919ccb1ac2ee27a91,48066320,2026-07-01 16:06:27.000 UTC,base,0x833589fcd6edb6e08f4c7c32d4f71b54bda02913,blacklist(address),,BLACKLISTER,,,Circle
CU-IMP-3214,ONCHAIN_TX,0xf4e8dc88420c0ef7f0a121cbb4369947929c03f79cfab602e1e641b82052b4de,48066422,2026-07-01 16:09:51.000 UTC,base,0x833589fcd6edb6e08f4c7c32d4f71b54bda02913,blacklist(address),,BLACKLISTER,,,Circle
CU-IMP-3215,ONCHAIN_TX,0x2dfc03d997f93e8166462ab7e7cd6bb0a92607d62ada20c114a9282d1988513e,48066427,2026-07-01 16:10:01.000 UTC,base,0x833589fcd6edb6e08f4c7c32d4f71b54bda02913,blacklist(address),,BLACKLISTER,,,Circle
CU-IMP-3216,ONCHAIN_TX,0xe80b31681a6bc35e9c17b628c98b3cb551b2b03c38ecf75e3e1774931f280790,48066453,2026-07-01 16:10:53.000 UTC,base,0x833589fcd6edb6e08f4c7c32d4f71b54bda02913,blacklist(address),,BLACKLISTER,,,Circle
CU-IMP-3217,ONCHAIN_TX,0xe7e9dc7b2d7446a0449e2a14a4d30e73df6ee9c95d9d408bdb65780b5702dbe6,48066490,2026-07-01 16:12:07.000 UTC,base,0x833589fcd6edb6e08f4c7c32d4f71b54bda02913,blacklist(address),,BLACKLISTER,,,Circle
CU-IMP-3218,ONCHAIN_TX,0x9e8329ee67364f39cb012964688fe875fe6429cc355041c5a3e07512816392da,48066500,2026-07-01 16:12:27.000 UTC,base,0x833589fcd6edb6e08f4c7c32d4f71b54bda02913,blacklist(address),,BLACKLISTER,,,Circle
CU-IMP-3219,ONCHAIN_TX,0x5956cd887455051b4280216329c88d0295836f2dc3bfc9a2e6fb631a0eaef65c,48066527,2026-07-01 16:13:21.000 UTC,base,0x833589fcd6edb6e08f4c7c32d4f71b54bda02913,blacklist(address),,BLACKLISTER,,,Circle
CU-IMP-3220,ONCHAIN_TX,0xbdc933e7c8a363548280c97e3e5459328fa19ae9f38c8a1d3ccd9ea2385b7d9a,48066577,2026-07-01 16:15:01.000 UTC,base,0x833589fcd6edb6e08f4c7c32d4f71b54bda02913,blacklist(address),,BLACKLISTER,,,Circle
CU-IMP-3221,ONCHAIN_TX,0x7f3d07ef3231599043d69dde49907bd5b8a6a7ae536526b2240be2bab7a9f5f3,48066629,2026-07-01 16:16:45.000 UTC,base,0x833589fcd6edb6e08f4c7c32d4f71b54bda02913,blacklist(address),,BLACKLISTER,,,Circle
CU-IMP-3222,ONCHAIN_TX,0x918e1ae55afbfdb4cab4f3dcc63317c86769d1344546fbb147a5929c5aa33387,48066700,2026-07-01 16:19:07.000 UTC,base,0x833589fcd6edb6e08f4c7c32d4f71b54bda02913,blacklist(address),,BLACKLISTER,,,Circle
CU-IMP-3223,ONCHAIN_TX,0x31edfbe90c8075ce91fc544706cbe3412ff40c1597c96ca2c8f2e9f5a8625458,48066708,2026-07-01 16:19:23.000 UTC,base,0x833589fcd6edb6e08f4c7c32d4f71b54bda02913,blacklist(address),,BLACKLISTER,,,Circle
CU-IMP-3224,ONCHAIN_TX,0x83fbe7980ff003f9b11e600525d05b6825e4935c33e085eb8a68d65b6fb35697,48066762,2026-07-01 16:21:11.000 UTC,base,0x833589fcd6edb6e08f4c7c32d4f71b54bda02913,blacklist(address),,BLACKLISTER,,,Circle
CU-IMP-3225,ONCHAIN_TX,0xf5a90e449aafb9110eab138bb81ff7e350068114fa29d9e40a26f161911576ab,48066842,2026-07-01 16:23:51.000 UTC,base,0x833589fcd6edb6e08f4c7c32d4f71b54bda02913,blacklist(address),,BLACKLISTER,,,Circle
CU-IMP-3226,ONCHAIN_TX,0xae970764b5f70f7fc5e29e1b41eb4bb7e9550e0f64d0269c6bb2df986f9190c3,48066855,2026-07-01 16:24:17.000 UTC,base,0x833589fcd6edb6e08f4c7c32d4f71b54bda02913,blacklist(address),,BLACKLISTER,,,Circle
CU-IMP-3227,ONCHAIN_TX,0x91398aa0f8c71e53e0ee282cac3ee1589f58a08981c9199a6d23685a1d88c411,48066897,2026-07-01 16:25:41.000 UTC,base,0x833589fcd6edb6e08f4c7c32d4f71b54bda02913,blacklist(address),,BLACKLISTER,,,Circle
CU-IMP-3228,ONCHAIN_TX,0xb7c25a889a2ef381291ccfc1ddde4be409911b71edf14d0ac8c0a56d1e1cc11b,48066934,2026-07-01 16:26:55.000 UTC,base,0x833589fcd6edb6e08f4c7c32d4f71b54bda02913,blacklist(address),,BLACKLISTER,,,Circle
CU-IMP-3229,ONCHAIN_TX,0xcdc796fc88c0cfec693c25ba628dd6a83e273ca6d6edb121c588277c42cc546c,48067004,2026-07-01 16:29:15.000 UTC,base,0x833589fcd6edb6e08f4c7c32d4f71b54bda02913,blacklist(address),,BLACKLISTER,,,Circle
CU-IMP-3230,ONCHAIN_TX,0x0dbb6e3bd8672c1c22ab6062e212ce4fb1d1bc7bae4efa87df680f36426683a7,48067051,2026-07-01 16:30:49.000 UTC,base,0x833589fcd6edb6e08f4c7c32d4f71b54bda02913,blacklist(address),,BLACKLISTER,,,Circle
CU-IMP-3231,ONCHAIN_TX,0xd6ce0f262620d5ab9ebae300e69a178c80a4d0a53b156819663ca9be440ae285,48067164,2026-07-01 16:34:35.000 UTC,base,0x833589fcd6edb6e08f4c7c32d4f71b54bda02913,blacklist(address),,BLACKLISTER,,,Circle
CU-IMP-3232,ONCHAIN_TX,0x5c9349b6ecadfa2853360da5362e14d23adca25ca4148531d45e17e403b250d6,48067210,2026-07-01 16:36:07.000 UTC,base,0x833589fcd6edb6e08f4c7c32d4f71b54bda02913,blacklist(address),,BLACKLISTER,,,Circle
CU-IMP-3233,ONCHAIN_TX,0xeaf6670cdc4b2820257a3ec830ca3fa0a78c63cab118df75e81243f0432b1716,48067267,2026-07-01 16:38:01.000 UTC,base,0x833589fcd6edb6e08f4c7c32d4f71b54bda02913,blacklist(address),,BLACKLISTER,,,Circle
CU-IMP-3234,ONCHAIN_TX,0xc4d4b207e9e4be1db74199c3db8a724236cc0aaa265c8cfc1a5f014481584602,48067291,2026-07-01 16:38:49.000 UTC,base,0x833589fcd6edb6e08f4c7c32d4f71b54bda02913,blacklist(address),,BLACKLISTER,,,Circle
CU-IMP-3235,ONCHAIN_TX,0x628ba150b7bb339cb50eaff4e346a23139bd50810866eb68cdeb6f00400b56f7,48067336,2026-07-01 16:40:19.000 UTC,base,0x833589fcd6edb6e08f4c7c32d4f71b54bda02913,blacklist(address),,BLACKLISTER,,,Circle
CU-IMP-3236,ONCHAIN_TX,0x1f2f9cb901b7a20f59f832894e9bd124759286483b817d77c62d4c87bcca7a7e,48067416,2026-07-01 16:42:59.000 UTC,base,0x833589fcd6edb6e08f4c7c32d4f71b54bda02913,blacklist(address),,BLACKLISTER,,,Circle
CU-IMP-3237,ONCHAIN_TX,0x786d7019703f4d0cd0fc199f6be1110feae7aace134868ec10f62b27ce6c144a,48067446,2026-07-01 16:43:59.000 UTC,base,0x833589fcd6edb6e08f4c7c32d4f71b54bda02913,blacklist(address),,BLACKLISTER,,,Circle
CU-IMP-3238,ONCHAIN_TX,0xe4189e9eeae0c11e2805c2de5fa4ff40ddb8137523ec1fd935f7a8c25f769965,48067549,2026-07-01 16:47:25.000 UTC,base,0x833589fcd6edb6e08f4c7c32d4f71b54bda02913,blacklist(address),,BLACKLISTER,,,Circle
CU-IMP-3239,ONCHAIN_TX,0x2a5191fec5bc344c2c87bf8bd005ff3fe77eeb9427d3ecb9eaf25c995e490a3f,48067599,2026-07-01 16:49:05.000 UTC,base,0x833589fcd6edb6e08f4c7c32d4f71b54bda02913,blacklist(address),,BLACKLISTER,,,Circle
CU-IMP-3240,ONCHAIN_TX,0x7408c98917c55ca83f92847e723f1b1bf9d24747564e17dfe55c224cc0081b8f,48067791,2026-07-01 16:55:29.000 UTC,base,0x833589fcd6edb6e08f4c7c32d4f71b54bda02913,blacklist(address),,BLACKLISTER,,,Circle
CU-IMP-3241,ONCHAIN_TX,0x240586d821e8bd36152ed45cc2224d0fe2b915b9412d035167e40fd50c255cc6,48067793,2026-07-01 16:55:33.000 UTC,base,0x833589fcd6edb6e08f4c7c32d4f71b54bda02913,blacklist(address),,BLACKLISTER,,,Circle
CU-IMP-3242,ONCHAIN_TX,0x3f9a98fe1e98e8197c8510991afa098fa3231724e228b094be805fdcb166689f,48067825,2026-07-01 16:56:37.000 UTC,base,0x833589fcd6edb6e08f4c7c32d4f71b54bda02913,blacklist(address),,BLACKLISTER,,,Circle
CU-IMP-3243,ONCHAIN_TX,0xde233481be58efca5a4f0065f17eb83109999466eafeda3e7861cc4e56adfb6a,48067861,2026-07-01 16:57:49.000 UTC,base,0x833589fcd6edb6e08f4c7c32d4f71b54bda02913,blacklist(address),,BLACKLISTER,,,Circle
CU-IMP-3244,ONCHAIN_TX,0x65786a4dc99ab7b0be73e006d2a36f23abf364df128006d12d0173710945f418,48068001,2026-07-01 17:02:29.000 UTC,base,0x833589fcd6edb6e08f4c7c32d4f71b54bda02913,blacklist(address),,BLACKLISTER,,,Circle
CU-IMP-3245,ONCHAIN_TX,0x99d3c82b8fd990251c4202cfdb31de1070d55d5eee09c1f305c374e1af191542,48068083,2026-07-01 17:05:13.000 UTC,base,0x833589fcd6edb6e08f4c7c32d4f71b54bda02913,blacklist(address),,BLACKLISTER,,,Circle
CU-IMP-3246,ONCHAIN_TX,0x484db031bbcfb5bccd0eb6d9b24b6a1b716293ea37b79e556eea37cc3758f5e5,48068206,2026-07-01 17:09:19.000 UTC,base,0x833589fcd6edb6e08f4c7c32d4f71b54bda02913,blacklist(address),,BLACKLISTER,,,Circle
CU-IMP-3247,ONCHAIN_TX,0x7ec47fde764ac34b9d79617b7f2b90546cb6a6aa51e567345453c926ea69eee5,48068238,2026-07-01 17:10:23.000 UTC,base,0x833589fcd6edb6e08f4c7c32d4f71b54bda02913,blacklist(address),,BLACKLISTER,,,Circle
CU-IMP-3248,ONCHAIN_TX,0x0a8f71eff4019de4d474802bb2f1577ebd53cd7b2af597b1ec72b1ee635b9d8a,48068255,2026-07-01 17:10:57.000 UTC,base,0x833589fcd6edb6e08f4c7c32d4f71b54bda02913,blacklist(address),,BLACKLISTER,,,Circle
CU-IMP-3249,ONCHAIN_TX,0xe0b7706044754c0ca16e56f7dcf375412dc87dd83b9f137fdaefe3963eb19528,48068287,2026-07-01 17:12:01.000 UTC,base,0x833589fcd6edb6e08f4c7c32d4f71b54bda02913,blacklist(address),,BLACKLISTER,,,Circle
CU-IMP-3250,ONCHAIN_TX,0x46db40893a2fccd60233cf94eea43b91dc1439fb201fb458a5b08d8100ecba88,48068416,2026-07-01 17:16:19.000 UTC,base,0x833589fcd6edb6e08f4c7c32d4f71b54bda02913,blacklist(address),,BLACKLISTER,,,Circle
CU-IMP-3251,ONCHAIN_TX,0xbc0335e66fe86bf0a4d824f13a4c180e68f7237d63bc399939bffe80b2ebc511,48068518,2026-07-01 17:19:43.000 UTC,base,0x833589fcd6edb6e08f4c7c32d4f71b54bda02913,blacklist(address),,BLACKLISTER,,,Circle
CU-IMP-3252,ONCHAIN_TX,0x496ccee1bd5465ad36b0d2951807174242d663cf25ad74f145cec58af40e74e5,48068540,2026-07-01 17:20:27.000 UTC,base,0x833589fcd6edb6e08f4c7c32d4f71b54bda02913,blacklist(address),,BLACKLISTER,,,Circle
CU-IMP-3253,ONCHAIN_TX,0x50a7bbe8141106108a5a009b61e9badb6b9cc5d5094541584e23d1e604d9d0a6,48068578,2026-07-01 17:21:43.000 UTC,base,0x833589fcd6edb6e08f4c7c32d4f71b54bda02913,blacklist(address),,BLACKLISTER,,,Circle
CU-IMP-3254,ONCHAIN_TX,0x8ed64bfeabce93e6d0345c324bdc075afd8d02ff5b82de8d7c9c77f7b72ca998,48068631,2026-07-01 17:23:29.000 UTC,base,0x833589fcd6edb6e08f4c7c32d4f71b54bda02913,blacklist(address),,BLACKLISTER,,,Circle
CU-IMP-3255,ONCHAIN_TX,0xf8df024165c63ab35799757077931695bcd3190cc11abfaaa4e316cb0dfa6ecf,48068748,2026-07-01 17:27:23.000 UTC,base,0x833589fcd6edb6e08f4c7c32d4f71b54bda02913,blacklist(address),,BLACKLISTER,,,Circle
CU-IMP-3256,ONCHAIN_TX,0xd18808d060d6b4253343f0e76f02dcf4818bcca60be0487adffb938afdfb7b0d,48068766,2026-07-01 17:27:59.000 UTC,base,0x833589fcd6edb6e08f4c7c32d4f71b54bda02913,blacklist(address),,BLACKLISTER,,,Circle
CU-IMP-3257,ONCHAIN_TX,0x4dc3d03180e4ffb2ceff55a450f8a9c8671df1fa706e28c005b8c465c9940a31,48068819,2026-07-01 17:29:45.000 UTC,base,0x833589fcd6edb6e08f4c7c32d4f71b54bda02913,blacklist(address),,BLACKLISTER,,,Circle
CU-IMP-3258,ONCHAIN_TX,0xd5ef578efcc7fc82a14ea44d4d611599844d1781554efc3aa11ee8cbce26f6f0,48068915,2026-07-01 17:32:57.000 UTC,base,0x833589fcd6edb6e08f4c7c32d4f71b54bda02913,blacklist(address),,BLACKLISTER,,,Circle
CU-IMP-3259,ONCHAIN_TX,0x85943e76d08a8592155b653652981a54f8f2acfd3fe5198de8c18755e2d150f8,48068969,2026-07-01 17:34:45.000 UTC,base,0x833589fcd6edb6e08f4c7c32d4f71b54bda02913,blacklist(address),,BLACKLISTER,,,Circle
CU-IMP-3260,ONCHAIN_TX,0x5796baf5974580a7d0dcb29eeb2eda0428f09045cbfb9ed725662373822101db,48068975,2026-07-01 17:34:57.000 UTC,base,0x833589fcd6edb6e08f4c7c32d4f71b54bda02913,blacklist(address),,BLACKLISTER,,,Circle
CU-IMP-3261,ONCHAIN_TX,0xb185f8c8405a73a862c9925a53d42c058a2256e418a76f7959db530b8b2d8420,48069114,2026-07-01 17:39:35.000 UTC,base,0x833589fcd6edb6e08f4c7c32d4f71b54bda02913,blacklist(address),,BLACKLISTER,,,Circle
CU-IMP-3262,ONCHAIN_TX,0xf714f949b21f1c4dfcd0d6179d6b756ab55fdcee47f8e2579a629b92dcb06bf4,48069146,2026-07-01 17:40:39.000 UTC,base,0x833589fcd6edb6e08f4c7c32d4f71b54bda02913,blacklist(address),,BLACKLISTER,,,Circle
CU-IMP-3263,ONCHAIN_TX,0x09d449f040c362f6d10a931141d780dc0afc022ef47d9801e4f4ae6f231ba491,48069160,2026-07-01 17:41:07.000 UTC,base,0x833589fcd6edb6e08f4c7c32d4f71b54bda02913,blacklist(address),,BLACKLISTER,,,Circle
CU-IMP-3264,ONCHAIN_TX,0xff574f2a7787deb56e03fe347b81c991ea335c3288729ce39d8c990913a3fadb,48069223,2026-07-01 17:43:13.000 UTC,base,0x833589fcd6edb6e08f4c7c32d4f71b54bda02913,blacklist(address),,BLACKLISTER,,,Circle
CU-IMP-3265,ONCHAIN_TX,0xd80500c1977286e1c6da9651f41ae9cc0e152544b8443746e088ea687839dd47,48069320,2026-07-01 17:46:27.000 UTC,base,0x833589fcd6edb6e08f4c7c32d4f71b54bda02913,blacklist(address),,BLACKLISTER,,,Circle
CU-IMP-3266,ONCHAIN_TX,0x15681f8e2c515f3f37dc05e081948fefa513d2fde13efe5fde383755f67dc7d5,48069429,2026-07-01 17:50:05.000 UTC,base,0x833589fcd6edb6e08f4c7c32d4f71b54bda02913,blacklist(address),,BLACKLISTER,,,Circle
CU-IMP-3267,ONCHAIN_TX,0x98fd3cd7ac1969175f44883fb698d76391ce87706c6a1ca9316201b2aa6331db,48069495,2026-07-01 17:52:17.000 UTC,base,0x833589fcd6edb6e08f4c7c32d4f71b54bda02913,blacklist(address),,BLACKLISTER,,,Circle
CU-IMP-3268,ONCHAIN_TX,0x45a9307bbf936d1189f11c0ac27a0106ea3e15a697f05cf98fa5225db99eb811,48069526,2026-07-01 17:53:19.000 UTC,base,0x833589fcd6edb6e08f4c7c32d4f71b54bda02913,blacklist(address),,BLACKLISTER,,,Circle
CU-IMP-3269,ONCHAIN_TX,0x270c2a43525dc73c357aab3c5d107fa865efa83dfdd8efda2f9c3e81a9073454,48069581,2026-07-01 17:55:09.000 UTC,base,0x833589fcd6edb6e08f4c7c32d4f71b54bda02913,blacklist(address),,BLACKLISTER,,,Circle
CU-IMP-3270,ONCHAIN_TX,0x0bc7f7e0b143475950c9f782ad374b43c6390edb43322669f9ae98714b17601b,48069597,2026-07-01 17:55:41.000 UTC,base,0x833589fcd6edb6e08f4c7c32d4f71b54bda02913,blacklist(address),,BLACKLISTER,,,Circle
CU-IMP-3271,ONCHAIN_TX,0xea3005e38e2b7f0e2dd4d01a4d12412422b130b51a4641829c21dca7ccb8fa38,48069686,2026-07-01 17:58:39.000 UTC,base,0x833589fcd6edb6e08f4c7c32d4f71b54bda02913,blacklist(address),,BLACKLISTER,,,Circle
CU-IMP-3272,ONCHAIN_TX,0xddded040f0b323a98c02101fd6638c3d1b7b736207ea835f230be927aada3a33,48069716,2026-07-01 17:59:39.000 UTC,base,0x833589fcd6edb6e08f4c7c32d4f71b54bda02913,blacklist(address),,BLACKLISTER,,,Circle
CU-IMP-3273,ONCHAIN_TX,0x02d896f1a2e61ac7b00224f7a02c289e507ceb9701758a0ed10488c098502163,48069764,2026-07-01 18:01:15.000 UTC,base,0x833589fcd6edb6e08f4c7c32d4f71b54bda02913,blacklist(address),,BLACKLISTER,,,Circle
CU-IMP-3274,ONCHAIN_TX,0xcdff866d72d715c83c8d77f5e3d3a64073d50dde5d460c0c04a82bfe9278ff9f,48069791,2026-07-01 18:02:09.000 UTC,base,0x833589fcd6edb6e08f4c7c32d4f71b54bda02913,blacklist(address),,BLACKLISTER,,,Circle
CU-IMP-3275,ONCHAIN_TX,0xe03865a385a7b75959b908a9ba9f94e1e0472cdb6b0e3706d5ec5459927e236f,48069817,2026-07-01 18:03:01.000 UTC,base,0x833589fcd6edb6e08f4c7c32d4f71b54bda02913,blacklist(address),,BLACKLISTER,,,Circle
CU-IMP-3276,ONCHAIN_TX,0x131835154ef8b91341b23423816f7d0717449d001c57cbb6fd02f8e6855faa16,48069980,2026-07-01 18:08:27.000 UTC,base,0x833589fcd6edb6e08f4c7c32d4f71b54bda02913,blacklist(address),,BLACKLISTER,,,Circle
CU-IMP-3277,ONCHAIN_TX,0x3aabcbaf90cb9f9fb2b57cf3e5ffa3ead23bdadd6a44ebcc6cd66cbb509597de,48070109,2026-07-01 18:12:45.000 UTC,base,0x833589fcd6edb6e08f4c7c32d4f71b54bda02913,blacklist(address),,BLACKLISTER,,,Circle
CU-IMP-3278,ONCHAIN_TX,0x9d9b72081d917121a92f61da56968c2ee44aa1aea4aa6fbfd0c3c07435272b11,48070161,2026-07-01 18:14:29.000 UTC,base,0x833589fcd6edb6e08f4c7c32d4f71b54bda02913,blacklist(address),,BLACKLISTER,,,Circle
CU-IMP-3279,ONCHAIN_TX,0xea3388b77dd2ed26144c50069485f3b761acf080e37ac8673447d6c8cc012607,48070225,2026-07-01 18:16:37.000 UTC,base,0x833589fcd6edb6e08f4c7c32d4f71b54bda02913,blacklist(address),,BLACKLISTER,,,Circle
CU-IMP-3280,ONCHAIN_TX,0xad01907a32c78378af30174c944435ea80eaadd71645be164b9acb59c1d5c81a,48070249,2026-07-01 18:17:25.000 UTC,base,0x833589fcd6edb6e08f4c7c32d4f71b54bda02913,blacklist(address),,BLACKLISTER,,,Circle
CU-IMP-3281,ONCHAIN_TX,0x05f77d24f19784eb01ab3a2612c3759adf0ab031702468c9dd8e5e60974559b3,48070298,2026-07-01 18:19:03.000 UTC,base,0x833589fcd6edb6e08f4c7c32d4f71b54bda02913,blacklist(address),,BLACKLISTER,,,Circle
CU-IMP-3282,ONCHAIN_TX,0x7bbb049605506a224f199b8530519c0c95b9517c725b9c900cb83c1ea7991d89,48070349,2026-07-01 18:20:45.000 UTC,base,0x833589fcd6edb6e08f4c7c32d4f71b54bda02913,blacklist(address),,BLACKLISTER,,,Circle
CU-IMP-3283,ONCHAIN_TX,0xccad9a408e1279c02aea15512b38006550de23fbe70aee196535a300773405db,48070454,2026-07-01 18:24:15.000 UTC,base,0x833589fcd6edb6e08f4c7c32d4f71b54bda02913,blacklist(address),,BLACKLISTER,,,Circle
CU-IMP-3284,ONCHAIN_TX,0xbed63e521d83d4d4ef8f61d26d9fe497389ba5742e4a5d8efc59f44a0a7ccafa,48070518,2026-07-01 18:26:23.000 UTC,base,0x833589fcd6edb6e08f4c7c32d4f71b54bda02913,blacklist(address),,BLACKLISTER,,,Circle
CU-IMP-3285,ONCHAIN_TX,0x49e2f14fcab5ff1c65548b159d2585fc8889e4cf0d969055e35062db7b1eccbb,48070708,2026-07-01 18:32:43.000 UTC,base,0x833589fcd6edb6e08f4c7c32d4f71b54bda02913,blacklist(address),,BLACKLISTER,,,Circle
CU-IMP-3286,ONCHAIN_TX,0xb73e422b34e5b4ecc12b96fa412be9fdb41efd39f967051fa5f544d16c302694,48070740,2026-07-01 18:33:47.000 UTC,base,0x833589fcd6edb6e08f4c7c32d4f71b54bda02913,blacklist(address),,BLACKLISTER,,,Circle
CU-IMP-3287,ONCHAIN_TX,0x691130019025712ce1f8032c9e466757867f775c88e14912a1004d5faee8cd78,48070756,2026-07-01 18:34:19.000 UTC,base,0x833589fcd6edb6e08f4c7c32d4f71b54bda02913,blacklist(address),,BLACKLISTER,,,Circle
CU-IMP-3288,ONCHAIN_TX,0x42fc5eafa2a3d4208855daf7176f80ee0bd527e5b02994f977b4bff115be8b80,48070798,2026-07-01 18:35:43.000 UTC,base,0x833589fcd6edb6e08f4c7c32d4f71b54bda02913,blacklist(address),,BLACKLISTER,,,Circle
CU-IMP-3289,ONCHAIN_TX,0xf30c2f15bba2a103ca42ac868e87fb517a7c4bd737f63c98379c0aff96f6fbe0,48070844,2026-07-01 18:37:15.000 UTC,base,0x833589fcd6edb6e08f4c7c32d4f71b54bda02913,blacklist(address),,BLACKLISTER,,,Circle
CU-IMP-3290,ONCHAIN_TX,0x6321c75629c377909dffe4e3ef4d1f0867efc2f1847c0ac82e1af55558943403,48070847,2026-07-01 18:37:21.000 UTC,base,0x833589fcd6edb6e08f4c7c32d4f71b54bda02913,blacklist(address),,BLACKLISTER,,,Circle
CU-IMP-3291,ONCHAIN_TX,0x4b9f50c1c5dfe2ab30087baf70a3ad891a66d65e934dac4430971d499a7979ad,48070922,2026-07-01 18:39:51.000 UTC,base,0x833589fcd6edb6e08f4c7c32d4f71b54bda02913,blacklist(address),,BLACKLISTER,,,Circle
CU-IMP-3292,ONCHAIN_TX,0x17b922b08e7504f581311b659d2fc5b71f284562124740d7ed3c6b904d1484f9,48070937,2026-07-01 18:40:21.000 UTC,base,0x833589fcd6edb6e08f4c7c32d4f71b54bda02913,blacklist(address),,BLACKLISTER,,,Circle
CU-IMP-3293,ONCHAIN_TX,0xfc85d5e0b2870d23b9eb1d26e620134b5076d71a518c86fc16d5dc64bf54ba42,48070948,2026-07-01 18:40:43.000 UTC,base,0x833589fcd6edb6e08f4c7c32d4f71b54bda02913,blacklist(address),,BLACKLISTER,,,Circle
CU-IMP-3294,ONCHAIN_TX,0xca1538be40e985efec2d5e0f0b2d2f0f29ef6187dc05fde43d8000f356d08f74,48071024,2026-07-01 18:43:15.000 UTC,base,0x833589fcd6edb6e08f4c7c32d4f71b54bda02913,blacklist(address),,BLACKLISTER,,,Circle
CU-IMP-3295,ONCHAIN_TX,0x4acba23460280161e9bfc2dd375aa077bddb5fa6d539952ffeab769edacd17db,48071102,2026-07-01 18:45:51.000 UTC,base,0x833589fcd6edb6e08f4c7c32d4f71b54bda02913,blacklist(address),,BLACKLISTER,,,Circle
CU-IMP-3296,ONCHAIN_TX,0x85920e7a3cf7f79a3b152a1fb0e6550c9f69a5abac6dce538baa3d790d8c561a,48071178,2026-07-01 18:48:23.000 UTC,base,0x833589fcd6edb6e08f4c7c32d4f71b54bda02913,blacklist(address),,BLACKLISTER,,,Circle
CU-IMP-3297,ONCHAIN_TX,0xe58a93b969e3c501ce6ef510c374d1d4b85061527581d7f6f9e4788c755f84d8,48071274,2026-07-01 18:51:35.000 UTC,base,0x833589fcd6edb6e08f4c7c32d4f71b54bda02913,blacklist(address),,BLACKLISTER,,,Circle
CU-IMP-3298,ONCHAIN_TX,0x07b6364cddfc2666740efed1148aaef799b6b094af631903cf7b0d98eeafc981,48071439,2026-07-01 18:57:05.000 UTC,base,0x833589fcd6edb6e08f4c7c32d4f71b54bda02913,blacklist(address),,BLACKLISTER,,,Circle
CU-IMP-3299,ONCHAIN_TX,0x8cc5a9389b968e776184c0d4db28c7456b0645916f06de718cc85f7462876d4f,48071471,2026-07-01 18:58:09.000 UTC,base,0x833589fcd6edb6e08f4c7c32d4f71b54bda02913,blacklist(address),,BLACKLISTER,,,Circle
CU-IMP-3300,ONCHAIN_TX,0x81ff41fe40ad0ebc08eb57d433ad865cc16dbfb2c8004ecfc75c7f2a8fad62de,48071513,2026-07-01 18:59:33.000 UTC,base,0x833589fcd6edb6e08f4c7c32d4f71b54bda02913,blacklist(address),,BLACKLISTER,,,Circle
CU-IMP-3301,ONCHAIN_TX,0x092f1a4d55a886cd98c7ab636ee6ba21166c4c9057e702d7816add948bc05e0f,48071524,2026-07-01 18:59:55.000 UTC,base,0x833589fcd6edb6e08f4c7c32d4f71b54bda02913,blacklist(address),,BLACKLISTER,,,Circle
CU-IMP-3302,ONCHAIN_TX,0xf87d472be65503aae8bdb4080f8f65626bc59e2929546165335cdb22cd28306b,48071530,2026-07-01 19:00:07.000 UTC,base,0x833589fcd6edb6e08f4c7c32d4f71b54bda02913,blacklist(address),,BLACKLISTER,,,Circle
CU-IMP-3303,ONCHAIN_TX,0x485b671fa3da12a2eddf28e39c97b801d19933bf45be9dc3080b49f7a12061b7,48071572,2026-07-01 19:01:31.000 UTC,base,0x833589fcd6edb6e08f4c7c32d4f71b54bda02913,blacklist(address),,BLACKLISTER,,,Circle
CU-IMP-3304,ONCHAIN_TX,0xdb1fc119f1f6347978bb30328fe1ae387801c2c79f8653108f90d4471bdffb4c,48071593,2026-07-01 19:02:13.000 UTC,base,0x833589fcd6edb6e08f4c7c32d4f71b54bda02913,blacklist(address),,BLACKLISTER,,,Circle
CU-IMP-3305,ONCHAIN_TX,0xe56913005b9e9fe12b0ddae734872a40ea6adc6fcc216209c00276aedf66ad18,48071598,2026-07-01 19:02:23.000 UTC,base,0x833589fcd6edb6e08f4c7c32d4f71b54bda02913,blacklist(address),,BLACKLISTER,,,Circle
CU-IMP-3306,ONCHAIN_TX,0xbf4950e91565cbc50c2ad3871ef93e9f5e958c307fa4cd14c86383d888b249a0,48071638,2026-07-01 19:03:43.000 UTC,base,0x833589fcd6edb6e08f4c7c32d4f71b54bda02913,blacklist(address),,BLACKLISTER,,,Circle
CU-IMP-3307,ONCHAIN_TX,0xf58bf8fa00c940159d063221470c612bf10ea596ebd037ee5a4b61fee35102e5,48071802,2026-07-01 19:09:11.000 UTC,base,0x833589fcd6edb6e08f4c7c32d4f71b54bda02913,blacklist(address),,BLACKLISTER,,,Circle
CU-IMP-3308,ONCHAIN_TX,0x87182ac8d565cec5ab50e404ef40c72f248b5e9e5c3bc03a01132d2fbadacde2,48071809,2026-07-01 19:09:25.000 UTC,base,0x833589fcd6edb6e08f4c7c32d4f71b54bda02913,blacklist(address),,BLACKLISTER,,,Circle
CU-IMP-3309,ONCHAIN_TX,0xa87bd605cb3787881a8c5abe489c406200575fd80d6910fd7c92250f4a34e023,48071894,2026-07-01 19:12:15.000 UTC,base,0x833589fcd6edb6e08f4c7c32d4f71b54bda02913,blacklist(address),,BLACKLISTER,,,Circle
CU-IMP-3310,ONCHAIN_TX,0x2fc2b9da46fdd34d26086bba95bcd4bc49711458d72e7dd95928a8d08e0f2d8c,48071984,2026-07-01 19:15:15.000 UTC,base,0x833589fcd6edb6e08f4c7c32d4f71b54bda02913,blacklist(address),,BLACKLISTER,,,Circle
CU-IMP-3311,ONCHAIN_TX,0x2f0ac03c453477efb95447a2e614cbd000bd2518558c91cbd796e86426a39755,48072006,2026-07-01 19:15:59.000 UTC,base,0x833589fcd6edb6e08f4c7c32d4f71b54bda02913,blacklist(address),,BLACKLISTER,,,Circle
CU-IMP-3312,ONCHAIN_TX,0x9c796d871f99983594c7998f6858ac5c0ac5a9fbc27c407d574bfba118a175ab,48072248,2026-07-01 19:24:03.000 UTC,base,0x833589fcd6edb6e08f4c7c32d4f71b54bda02913,blacklist(address),,BLACKLISTER,,,Circle
CU-IMP-3313,ONCHAIN_TX,0xcfea92c2b6154888b161cb25b15c2a48a6b314be422e9bbcfc5c1f031cbd7e1b,48072366,2026-07-01 19:27:59.000 UTC,base,0x833589fcd6edb6e08f4c7c32d4f71b54bda02913,blacklist(address),,BLACKLISTER,,,Circle
CU-IMP-3314,ONCHAIN_TX,0x7a9d2f273faa9a40cd33c844c0bfd81c0364fbea0915072a45b34f66f14d71b3,48072387,2026-07-01 19:28:41.000 UTC,base,0x833589fcd6edb6e08f4c7c32d4f71b54bda02913,blacklist(address),,BLACKLISTER,,,Circle
CU-IMP-3315,ONCHAIN_TX,0x589958982531e9962e825028b8fc532f6f11fc1bb7f9b939938e64b8d0d42535,48072448,2026-07-01 19:30:43.000 UTC,base,0x833589fcd6edb6e08f4c7c32d4f71b54bda02913,blacklist(address),,BLACKLISTER,,,Circle
CU-IMP-3316,ONCHAIN_TX,0x42ad3c6e76bc2bb2437d0eaa0a911a0c268980f4c0222a9cf070caa7157977ae,48072483,2026-07-01 19:31:53.000 UTC,base,0x833589fcd6edb6e08f4c7c32d4f71b54bda02913,blacklist(address),,BLACKLISTER,,,Circle
CU-IMP-3317,ONCHAIN_TX,0x24858f4e5fcd26d4d4c8c72fd300878b7df9541bf7aeb044d559e9d5333293eb,48072532,2026-07-01 19:33:31.000 UTC,base,0x833589fcd6edb6e08f4c7c32d4f71b54bda02913,blacklist(address),,BLACKLISTER,,,Circle
CU-IMP-3318,ONCHAIN_TX,0x04b9154cd7d0efb738b9541e46309bdc6477218e3795666b0f9ccc0b08d8f6d5,48072537,2026-07-01 19:33:41.000 UTC,base,0x833589fcd6edb6e08f4c7c32d4f71b54bda02913,blacklist(address),,BLACKLISTER,,,Circle
CU-IMP-3319,ONCHAIN_TX,0x15b82ec9c325e3bc03ad58fb8633ee3f1453b502aab1bacdf0a7a2ccebd4b4d6,48583299,2026-07-13 15:19:05.000 UTC,base,0x833589fcd6edb6e08f4c7c32d4f71b54bda02913,blacklist(address),,BLACKLISTER,,,Circle
CU-IMP-3320,ONCHAIN_TX,0x456fd23718725fc1146e2c995f17d239a4447731b9abe71fa95b666786c2fdce,48583419,2026-07-13 15:23:05.000 UTC,base,0x833589fcd6edb6e08f4c7c32d4f71b54bda02913,blacklist(address),,BLACKLISTER,,,Circle
CU-IMP-3321,ONCHAIN_TX,0x77c5fa557d07b94a9ee9b5b2d8045254d82732a48eb2f0db98254e67b879b0d1,48583440,2026-07-13 15:23:47.000 UTC,base,0x833589fcd6edb6e08f4c7c32d4f71b54bda02913,blacklist(address),,BLACKLISTER,,,Circle
CU-IMP-3322,ONCHAIN_TX,0x1203edf3a9f2e28608c4397ed84ecc161b53a794393d6b3fbe89a0fdae098bfa,48583526,2026-07-13 15:26:39.000 UTC,base,0x833589fcd6edb6e08f4c7c32d4f71b54bda02913,blacklist(address),,BLACKLISTER,,,Circle
CU-IMP-3323,ONCHAIN_TX,0x3d73b788b8f7060a152375a36bf6de205c2a4f0e948eb76c022660a85dbb28fe,48583567,2026-07-13 15:28:01.000 UTC,base,0x833589fcd6edb6e08f4c7c32d4f71b54bda02913,blacklist(address),,BLACKLISTER,,,Circle
CU-IMP-3324,ONCHAIN_TX,0x86bbb8015f0bf1967b85932a552c5e4364093401f753256516eb0582c536acf6,48583595,2026-07-13 15:28:57.000 UTC,base,0x833589fcd6edb6e08f4c7c32d4f71b54bda02913,blacklist(address),,BLACKLISTER,,,Circle
CU-IMP-3325,ONCHAIN_TX,0xd12520da27cca3f649a9a050eb48806d47f69fac568e3a1b0e456b1e318bc392,48635613,2026-07-14 20:22:53.000 UTC,base,0x833589fcd6edb6e08f4c7c32d4f71b54bda02913,blacklist(address),,BLACKLISTER,,,Circle
CU-IMP-3326,ONCHAIN_TX,0xd299e875782f87311dddcf8457e90bd209a1550eae84141629abdd6b6cc6093b,48635641,2026-07-14 20:23:49.000 UTC,base,0x833589fcd6edb6e08f4c7c32d4f71b54bda02913,blacklist(address),,BLACKLISTER,,,Circle
CU-IMP-3327,ONCHAIN_TX,0x1c2c4fe7424aad1346c0e8af2bcbc983a4a926384b8d03fa0bae4c9c48d34056,48635667,2026-07-14 20:24:41.000 UTC,base,0x833589fcd6edb6e08f4c7c32d4f71b54bda02913,blacklist(address),,BLACKLISTER,,,Circle
CU-IMP-3328,ONCHAIN_TX,0x118e9cb749f7791cf47e516e28bfbf07884d1461049f2c1bd9e6a385c79e6be2,48635838,2026-07-14 20:30:23.000 UTC,base,0x833589fcd6edb6e08f4c7c32d4f71b54bda02913,blacklist(address),,BLACKLISTER,,,Circle
CU-IMP-3329,ONCHAIN_TX,0xf9d0260f8da20ad4c85a53e56191b29efb449a8b0d583e913d4563ba458fae4f,49021448,2026-07-23 18:44:03.000 UTC,base,0x833589fcd6edb6e08f4c7c32d4f71b54bda02913,blacklist(address),,BLACKLISTER,,,Circle
CU-IMP-3330,ONCHAIN_TX,0x16b9e3ee285b49ca3b3782c7f7ae81bb05a03308bc6826f81650446331772fbb,49021528,2026-07-23 18:46:43.000 UTC,base,0x833589fcd6edb6e08f4c7c32d4f71b54bda02913,blacklist(address),,BLACKLISTER,,,Circle
CU-IMP-3331,ONCHAIN_TX,0xf3a76b2da16f25aaa9c43ba1fb4809c4a1a59eab21e56e00c1746a5b3b4ea561,49021578,2026-07-23 18:48:23.000 UTC,base,0x833589fcd6edb6e08f4c7c32d4f71b54bda02913,blacklist(address),,BLACKLISTER,,,Circle
CU-IMP-3332,ONCHAIN_TX,0x582eab377ee302e77c7407cb61f64ae414282bf1521be9173c2afc21998cf584,49021646,2026-07-23 18:50:39.000 UTC,base,0x833589fcd6edb6e08f4c7c32d4f71b54bda02913,blacklist(address),,BLACKLISTER,,,Circle
CU-IMP-3333,ONCHAIN_TX,0xabe3fd2323b7eb8c73af15faf85a8bf4d5cef23563c9bc6811e3a2af67e090a7,49021696,2026-07-23 18:52:19.000 UTC,base,0x833589fcd6edb6e08f4c7c32d4f71b54bda02913,blacklist(address),,BLACKLISTER,,,Circle
CU-IMP-3334,ONCHAIN_TX,0xac5def47f21f6ed978d8f54baef6fa535ee1b4b28f9d13ab319555bc5fd1d3b9,49021778,2026-07-23 18:55:03.000 UTC,base,0x833589fcd6edb6e08f4c7c32d4f71b54bda02913,blacklist(address),,BLACKLISTER,,,Circle
CU-IMP-3335,ONCHAIN_TX,0x3ab6d15852ebca20536dcda2e2aaa9f5c3545eee02c56f5b2ebd0c1809b3350c,49021789,2026-07-23 18:55:25.000 UTC,base,0x833589fcd6edb6e08f4c7c32d4f71b54bda02913,blacklist(address),,BLACKLISTER,,,Circle
CU-IMP-3336,ONCHAIN_TX,0x08a586d40ac30084cbd7d92ff47d0a355ebfcfa8c49e38c3455186c9e06000b8,49279992,2026-07-29 18:22:11.000 UTC,base,0x833589fcd6edb6e08f4c7c32d4f71b54bda02913,blacklist(address),,BLACKLISTER,,,Circle
CU-IMP-3337,ONCHAIN_TX,0xc1efc75ff6aef15ae053320825b0d531fbabaeee173081084be1ee22c8e20e3c,49280063,2026-07-29 18:24:33.000 UTC,base,0x833589fcd6edb6e08f4c7c32d4f71b54bda02913,blacklist(address),,BLACKLISTER,,,Circle
CU-IMP-3338,ONCHAIN_TX,0xe1af40659fd6792e9029bd52b7f336eb3c1bc3334c1049b2bb5bb52c9c303353,49670401,2026-08-07 19:15:49.000 UTC,base,0x833589fcd6edb6e08f4c7c32d4f71b54bda02913,blacklist(address),,BLACKLISTER,,,Circle
CU-IMP-3339,ONCHAIN_TX,0x01807b56e1bf702a3ab7e38a39603809cfd1d6bb6ab75db313646957f6e521f6,49670549,2026-08-07 19:20:45.000 UTC,base,0x833589fcd6edb6e08f4c7c32d4f71b54bda02913,blacklist(address),,BLACKLISTER,,,Circle
CU-IMP-3340,ONCHAIN_TX,0x3c4fa89121c18a22f9cb26589fbfefad56ed9dcda233742adabc5fe3a32121ac,49670568,2026-08-07 19:21:23.000 UTC,base,0x833589fcd6edb6e08f4c7c32d4f71b54bda02913,blacklist(address),,BLACKLISTER,,,Circle
CU-IMP-3341,ONCHAIN_TX,0xde9beef8e5bf2db9c6f4ce0580c51818cdd9dafe979c8a90c19c572fcbbfeadb,49670625,2026-08-07 19:23:17.000 UTC,base,0x833589fcd6edb6e08f4c7c32d4f71b54bda02913,blacklist(address),,BLACKLISTER,,,Circle
CU-IMP-3342,ONCHAIN_TX,0x49ccf2da2e43c8eb0c36e941e38870e2fc22552d423bf7471e4e9a051e3211b1,49670768,2026-08-07 19:28:03.000 UTC,base,0x833589fcd6edb6e08f4c7c32d4f71b54bda02913,blacklist(address),,BLACKLISTER,,,Circle
CU-IMP-3343,ONCHAIN_TX,0xc322c7868e0717eb2d75edd3615898cd0c4e1e4f53f37d55f8328c6aa4769d2f,49670871,2026-08-07 19:31:29.000 UTC,base,0x833589fcd6edb6e08f4c7c32d4f71b54bda02913,blacklist(address),,BLACKLISTER,,,Circle
CU-IMP-3344,ONCHAIN_TX,0xc680ab8bc82322afd6bb366055aaf7a20d5eaf6ccebca1fc7288f3835ca3fa29,49670888,2026-08-07 19:32:03.000 UTC,base,0x833589fcd6edb6e08f4c7c32d4f71b54bda02913,blacklist(address),,BLACKLISTER,,,Circle
CU-IMP-3345,ONCHAIN_TX,0x800c686f50eb858f00bd340722252e74c4ce71a0ebd099bae3afe48da7fd79a4,85967709,2026-04-24 18:31:02.000 UTC,polygon,0x3c499c542cef5e3811e1192ce70d8cc03d5c3359,blacklist(address),,BLACKLISTER,,,Circle
CU-IMP-3346,ONCHAIN_TX,0x71dda4cd4b607e339e6a276ace174ef2222bae8eab8f695818bbf45a88bc6c79,85967810,2026-04-24 18:34:24.000 UTC,polygon,0x3c499c542cef5e3811e1192ce70d8cc03d5c3359,blacklist(address),,BLACKLISTER,,,Circle
CU-IMP-3347,ONCHAIN_TX,0xff2f13aee2fe89146f6924986184ea241ae915d3b8ae6dfb28a2728e66651967,86793544,2026-05-12 23:26:50.000 UTC,polygon,0x3c499c542cef5e3811e1192ce70d8cc03d5c3359,unBlacklist(address),,BLACKLISTER,,,Circle
CU-IMP-3348,ONCHAIN_TX,0x20bc67cdb510aefd01741797d05bc400fbc28fd108437ed15bbac702069c2605,86793568,2026-05-12 23:27:32.000 UTC,polygon,0x3c499c542cef5e3811e1192ce70d8cc03d5c3359,unBlacklist(address),,BLACKLISTER,,,Circle
CU-IMP-3349,ONCHAIN_TX,0xe98a116e39d132186b9386cd45263c39a83cf6e4689a882546408d8a3ed00166,86793580,2026-05-12 23:27:53.000 UTC,polygon,0x3c499c542cef5e3811e1192ce70d8cc03d5c3359,unBlacklist(address),,BLACKLISTER,,,Circle
CU-IMP-3350,ONCHAIN_TX,0x7fa1e8c998c81c46654722283ac5fbdc0fb0bfe6b6f5a3d7b45fddbab9affcbd,86793712,2026-05-12 23:31:44.000 UTC,polygon,0x3c499c542cef5e3811e1192ce70d8cc03d5c3359,unBlacklist(address),,BLACKLISTER,,,Circle
CU-IMP-3351,ONCHAIN_TX,0x13c9100da44ef4fede75f32e48abc7d0831793535111faf28192d846c4ea636a,87171844,2026-05-20 15:20:35.000 UTC,polygon,0x3c499c542cef5e3811e1192ce70d8cc03d5c3359,blacklist(address),,BLACKLISTER,,,Circle
CU-IMP-3352,ONCHAIN_TX,0xc4eb19b3d7398f1f93515e647f79bb6d57d67f7aef311ab7e08180c5cb61739f,87171911,2026-05-20 15:22:33.000 UTC,polygon,0x3c499c542cef5e3811e1192ce70d8cc03d5c3359,blacklist(address),,BLACKLISTER,,,Circle
CU-IMP-3353,ONCHAIN_TX,0x2916e602859cc38d38a75dd592270d4de0289e8c94abccb06ab2d66e804bb453,87172062,2026-05-20 15:26:57.000 UTC,polygon,0x3c499c542cef5e3811e1192ce70d8cc03d5c3359,blacklist(address),,BLACKLISTER,,,Circle
CU-IMP-3354,ONCHAIN_TX,0xae58707496075c44de449c31bb80fd55b1932505ee4d947e695aafcdb50dbadf,87172124,2026-05-20 15:28:45.000 UTC,polygon,0x3c499c542cef5e3811e1192ce70d8cc03d5c3359,blacklist(address),,BLACKLISTER,,,Circle
CU-IMP-3355,ONCHAIN_TX,0xb9b6a7cae95715cfe767bd58865e7fd6b39eb1274e64e680292d1fa08e4b3074,87172165,2026-05-20 15:29:57.000 UTC,polygon,0x3c499c542cef5e3811e1192ce70d8cc03d5c3359,blacklist(address),,BLACKLISTER,,,Circle
CU-IMP-3356,ONCHAIN_TX,0xe6cf1683f471bf25fcdf9bd930a32af48ffb051c497881f4e96b5bb737fe6f76,87172217,2026-05-20 15:31:28.000 UTC,polygon,0x3c499c542cef5e3811e1192ce70d8cc03d5c3359,blacklist(address),,BLACKLISTER,,,Circle
CU-IMP-3357,ONCHAIN_TX,0x44b93a189113ee3b24bc5c6d17a60cdfc42cab1ffffa6a2b98a0b4e0b26cc35a,87467918,2026-05-26 15:16:05.000 UTC,polygon,0x3c499c542cef5e3811e1192ce70d8cc03d5c3359,blacklist(address),,BLACKLISTER,,,Circle
CU-IMP-3358,ONCHAIN_TX,0x55d38df379c733ee5380bbb6b0dd45fa865201dcfcdd989250bfb0b766517298,87467988,2026-05-26 15:18:07.000 UTC,polygon,0x3c499c542cef5e3811e1192ce70d8cc03d5c3359,blacklist(address),,BLACKLISTER,,,Circle
CU-IMP-3359,ONCHAIN_TX,0x49205df8c7696b603c0951c3053a5ab34e6c77890d92172a1efa1a4a004ed238,87468049,2026-05-26 15:19:54.000 UTC,polygon,0x3c499c542cef5e3811e1192ce70d8cc03d5c3359,blacklist(address),,BLACKLISTER,,,Circle
CU-IMP-3360,ONCHAIN_TX,0xee2a01473395b57c4a29955d1dc4600326c52b3b1c80433f4b23000f7f03f5d7,88964453,2026-06-22 18:07:55.000 UTC,polygon,0x3c499c542cef5e3811e1192ce70d8cc03d5c3359,blacklist(address),,BLACKLISTER,,,Circle
CU-IMP-3361,ONCHAIN_TX,0x4b4791dfc6d368c9cdde013063fe91e0998b7ae5a6cb1c881960ddcc9e4fbe46,88964499,2026-06-22 18:09:04.000 UTC,polygon,0x3c499c542cef5e3811e1192ce70d8cc03d5c3359,blacklist(address),,BLACKLISTER,,,Circle
CU-IMP-3362,ONCHAIN_TX,0x6a27e6df9574cf7b18d2aa8b7d4b29bfa5e83bad5c30a652d4562a4dc83ce67a,89475899,2026-07-01 15:14:04.000 UTC,polygon,0x3c499c542cef5e3811e1192ce70d8cc03d5c3359,blacklist(address),,BLACKLISTER,,,Circle
CU-IMP-3363,ONCHAIN_TX,0x2c07cab40d34fe6a49765b138a9a34f79e9650b7bdbcb960c7c14e975067a882,89475985,2026-07-01 15:16:13.000 UTC,polygon,0x3c499c542cef5e3811e1192ce70d8cc03d5c3359,blacklist(address),,BLACKLISTER,,,Circle
CU-IMP-3364,ONCHAIN_TX,0x2eaa2727914015c6f6607de5fb8b00b68263e7c4e7d71c1e675e980872c38217,89476107,2026-07-01 15:19:16.000 UTC,polygon,0x3c499c542cef5e3811e1192ce70d8cc03d5c3359,blacklist(address),,BLACKLISTER,,,Circle
CU-IMP-3365,ONCHAIN_TX,0xa15bfa409706841047b1897a903b407eacbce6af2605b9243b53da08d8356bb6,89476128,2026-07-01 15:19:47.000 UTC,polygon,0x3c499c542cef5e3811e1192ce70d8cc03d5c3359,blacklist(address),,BLACKLISTER,,,Circle
CU-IMP-3366,ONCHAIN_TX,0x341abd837a15e0adfce7972381546da2700b32d8938d6f2479c628ce94c681b9,89476156,2026-07-01 15:20:29.000 UTC,polygon,0x3c499c542cef5e3811e1192ce70d8cc03d5c3359,blacklist(address),,BLACKLISTER,,,Circle
CU-IMP-3367,ONCHAIN_TX,0x0c0676ec8a323b47b0087ba6cbcf934e97818cb91d826bb0630d0e306970d37e,89476264,2026-07-01 15:23:11.000 UTC,polygon,0x3c499c542cef5e3811e1192ce70d8cc03d5c3359,blacklist(address),,BLACKLISTER,,,Circle
CU-IMP-3368,ONCHAIN_TX,0x792602b7ef8abaabefeadc22580c630327f864e7a9dadedb21adf1105e526e67,89476314,2026-07-01 15:24:26.000 UTC,polygon,0x3c499c542cef5e3811e1192ce70d8cc03d5c3359,blacklist(address),,BLACKLISTER,,,Circle
CU-IMP-3369,ONCHAIN_TX,0x4fd64f624e34285751885e93ba5ff462a00c9465adb61e4109ac021ed0c6abc5,89476468,2026-07-01 15:28:17.000 UTC,polygon,0x3c499c542cef5e3811e1192ce70d8cc03d5c3359,blacklist(address),,BLACKLISTER,,,Circle
CU-IMP-3370,ONCHAIN_TX,0xadfb73b9c3b1d4b0500457f02b7c582b3c7cd947581b953c2bfda70a38bd95ab,89476508,2026-07-01 15:29:17.000 UTC,polygon,0x3c499c542cef5e3811e1192ce70d8cc03d5c3359,blacklist(address),,BLACKLISTER,,,Circle
CU-IMP-3371,ONCHAIN_TX,0xfca99db598121a8e592ede04be1fddfb94219f013736f65fb3630753b095cbd8,89476529,2026-07-01 15:29:49.000 UTC,polygon,0x3c499c542cef5e3811e1192ce70d8cc03d5c3359,blacklist(address),,BLACKLISTER,,,Circle
CU-IMP-3372,ONCHAIN_TX,0xddef055f13a0cabd1d0366b02780aa3349d1b3b1ee8c7fac6b4f7bc4d5ce7ca6,89476569,2026-07-01 15:30:49.000 UTC,polygon,0x3c499c542cef5e3811e1192ce70d8cc03d5c3359,blacklist(address),,BLACKLISTER,,,Circle
CU-IMP-3373,ONCHAIN_TX,0xc10def6c89c6a6fc260a5565e0e58c8f62fb2ec8c7f0402406e0d6e1f4e950c7,89476619,2026-07-01 15:32:04.000 UTC,polygon,0x3c499c542cef5e3811e1192ce70d8cc03d5c3359,blacklist(address),,BLACKLISTER,,,Circle
CU-IMP-3374,ONCHAIN_TX,0xe25a16ac13c2321ef5c81ef1ea3fc2dda07e39629fac4cff60e5a440234f4069,89476909,2026-07-01 15:39:19.000 UTC,polygon,0x3c499c542cef5e3811e1192ce70d8cc03d5c3359,blacklist(address),,BLACKLISTER,,,Circle
CU-IMP-3375,ONCHAIN_TX,0xa3dcc3b52aa69919fe9abf5ba7555132b37dfacaf0a88462b625450291e03a4b,89477010,2026-07-01 15:41:50.000 UTC,polygon,0x3c499c542cef5e3811e1192ce70d8cc03d5c3359,blacklist(address),,BLACKLISTER,,,Circle
CU-IMP-3376,ONCHAIN_TX,0xea77ea3da1e5f36d242026de336d0c8c3779d2db27d1ae448dbdf08bdf2b7907,89477042,2026-07-01 15:42:38.000 UTC,polygon,0x3c499c542cef5e3811e1192ce70d8cc03d5c3359,blacklist(address),,BLACKLISTER,,,Circle
CU-IMP-3377,ONCHAIN_TX,0x405cbfac7c2d073c45b0755a7a8ea121c6daa8d97d588534018e5350179088fa,89477045,2026-07-01 15:42:43.000 UTC,polygon,0x3c499c542cef5e3811e1192ce70d8cc03d5c3359,blacklist(address),,BLACKLISTER,,,Circle
CU-IMP-3378,ONCHAIN_TX,0x2262914098dc44a208e056c0881f9990f8ecd93427c3efd2d4fbd94f02d5ab0d,89477078,2026-07-01 15:43:32.000 UTC,polygon,0x3c499c542cef5e3811e1192ce70d8cc03d5c3359,blacklist(address),,BLACKLISTER,,,Circle
CU-IMP-3379,ONCHAIN_TX,0xe852197909ed7702a51b6f214f59c76c48c601049b95ecbcd44f08ab84f3caf5,89477419,2026-07-01 15:52:04.000 UTC,polygon,0x3c499c542cef5e3811e1192ce70d8cc03d5c3359,blacklist(address),,BLACKLISTER,,,Circle
CU-IMP-3380,ONCHAIN_TX,0x23fa226c5c13a93444b329cddd3f4023eafde7848352176306d065b01590938b,89477494,2026-07-01 15:53:56.000 UTC,polygon,0x3c499c542cef5e3811e1192ce70d8cc03d5c3359,blacklist(address),,BLACKLISTER,,,Circle
CU-IMP-3381,ONCHAIN_TX,0x7f7c75af140b9297794c836744268d5bb498dac1c3b9915fe18803065caa84c7,89477625,2026-07-01 15:57:13.000 UTC,polygon,0x3c499c542cef5e3811e1192ce70d8cc03d5c3359,blacklist(address),,BLACKLISTER,,,Circle
CU-IMP-3382,ONCHAIN_TX,0x1402474d67e83b1dbd187cade585bbc52377e7f6cb5ca851049b3c74d60dc0d7,89477671,2026-07-01 15:58:22.000 UTC,polygon,0x3c499c542cef5e3811e1192ce70d8cc03d5c3359,blacklist(address),,BLACKLISTER,,,Circle
CU-IMP-3383,ONCHAIN_TX,0xb1287125ced3a53c029b2a71ace76f9732847bd89680ff75e0cff89dfb35ecc1,89477750,2026-07-01 16:00:20.000 UTC,polygon,0x3c499c542cef5e3811e1192ce70d8cc03d5c3359,blacklist(address),,BLACKLISTER,,,Circle
CU-IMP-3384,ONCHAIN_TX,0x09c766616aa0997318f0496bcf3e0ab3a6e26390389b0bc3b8ff94dde1d6e404,89477772,2026-07-01 16:00:53.000 UTC,polygon,0x3c499c542cef5e3811e1192ce70d8cc03d5c3359,blacklist(address),,BLACKLISTER,,,Circle
CU-IMP-3385,ONCHAIN_TX,0x72953889ef1c6466990988fcda681443e6d33d69ea8b81757a8e4eec073b9bf7,89477801,2026-07-01 16:01:37.000 UTC,polygon,0x3c499c542cef5e3811e1192ce70d8cc03d5c3359,blacklist(address),,BLACKLISTER,,,Circle
CU-IMP-3386,ONCHAIN_TX,0x475f37bc71f5cb3a2d51de12ce1a26806d0af49737aa26b2bef8531bd1662bc9,89477826,2026-07-01 16:02:14.000 UTC,polygon,0x3c499c542cef5e3811e1192ce70d8cc03d5c3359,blacklist(address),,BLACKLISTER,,,Circle
CU-IMP-3387,ONCHAIN_TX,0xd326ddfa77ca097350a25460c9ac4f6fda1d2f698e33ebe76b77bc4d62663106,89477882,2026-07-01 16:03:38.000 UTC,polygon,0x3c499c542cef5e3811e1192ce70d8cc03d5c3359,blacklist(address),,BLACKLISTER,,,Circle
CU-IMP-3388,ONCHAIN_TX,0x960348449d78138b851347891cf140b4df4131f7a71aca5be237d9df1a2d203f,89478032,2026-07-01 16:07:23.000 UTC,polygon,0x3c499c542cef5e3811e1192ce70d8cc03d5c3359,blacklist(address),,BLACKLISTER,,,Circle
CU-IMP-3389,ONCHAIN_TX,0xb55bc98a6ba8ea0c0c7c1336ddb704f6065682a3212b0b7beaae3b848ee8bf4e,89478103,2026-07-01 16:09:10.000 UTC,polygon,0x3c499c542cef5e3811e1192ce70d8cc03d5c3359,blacklist(address),,BLACKLISTER,,,Circle
CU-IMP-3390,ONCHAIN_TX,0xe3c3f6107dfe72d8e7ea42d0cd6f2ecd2207230f788bef60bcba495cb2911891,89478138,2026-07-01 16:10:02.000 UTC,polygon,0x3c499c542cef5e3811e1192ce70d8cc03d5c3359,blacklist(address),,BLACKLISTER,,,Circle
CU-IMP-3391,ONCHAIN_TX,0x27a9d42cdd683b13dcee97ce2bc5d1f00d4f4b6d450c3492585bf23192d03adb,89478222,2026-07-01 16:12:08.000 UTC,polygon,0x3c499c542cef5e3811e1192ce70d8cc03d5c3359,blacklist(address),,BLACKLISTER,,,Circle
CU-IMP-3392,ONCHAIN_TX,0xb592c514a70620d6bb34804a3567327509cd074053a2c73ebe189b4252c1bbc4,89478245,2026-07-01 16:12:43.000 UTC,polygon,0x3c499c542cef5e3811e1192ce70d8cc03d5c3359,blacklist(address),,BLACKLISTER,,,Circle
CU-IMP-3393,ONCHAIN_TX,0x03cd72339dcb4049c4f5886125d3fc89de5b3f1baeba436f12cadde2d42ff741,89478448,2026-07-01 16:17:47.000 UTC,polygon,0x3c499c542cef5e3811e1192ce70d8cc03d5c3359,blacklist(address),,BLACKLISTER,,,Circle
CU-IMP-3394,ONCHAIN_TX,0x221a3fc4552fd4e3ecfab68436401c089493de0bf2d049cd001226c20e16f49f,89478459,2026-07-01 16:18:04.000 UTC,polygon,0x3c499c542cef5e3811e1192ce70d8cc03d5c3359,blacklist(address),,BLACKLISTER,,,Circle
CU-IMP-3395,ONCHAIN_TX,0x5590c04d294da17c45431644b28f9a18857569f11cf319ba4ce41b84ada7e55c,89478551,2026-07-01 16:20:22.000 UTC,polygon,0x3c499c542cef5e3811e1192ce70d8cc03d5c3359,blacklist(address),,BLACKLISTER,,,Circle
CU-IMP-3396,ONCHAIN_TX,0xa70f7833727e4359da2cc6f72530226bc433df0d4a2c3afed6535f2fda3236e3,89478556,2026-07-01 16:20:29.000 UTC,polygon,0x3c499c542cef5e3811e1192ce70d8cc03d5c3359,blacklist(address),,BLACKLISTER,,,Circle
CU-IMP-3397,ONCHAIN_TX,0x86c250fc5769a0aef870589155a80d1b503d98c171d71635e3174a71da11095e,89478599,2026-07-01 16:21:34.000 UTC,polygon,0x3c499c542cef5e3811e1192ce70d8cc03d5c3359,blacklist(address),,BLACKLISTER,,,Circle
CU-IMP-3398,ONCHAIN_TX,0xc25ec49ddc6b83a3a22c02c72597fe2945c3622d78f98079e31df546ac4938f4,89478721,2026-07-01 16:24:37.000 UTC,polygon,0x3c499c542cef5e3811e1192ce70d8cc03d5c3359,blacklist(address),,BLACKLISTER,,,Circle
CU-IMP-3399,ONCHAIN_TX,0x8d4d710f59f8c8e130c9b47d1a5621d18b0c6518cfc86472d2a9bd0fbe74ead0,89478743,2026-07-01 16:25:10.000 UTC,polygon,0x3c499c542cef5e3811e1192ce70d8cc03d5c3359,blacklist(address),,BLACKLISTER,,,Circle
CU-IMP-3400,ONCHAIN_TX,0x7e6fbe120aa644877b6c8d34c0b0ab42956c055aa59d5e9f7818d205fd8636b8,89478829,2026-07-01 16:27:19.000 UTC,polygon,0x3c499c542cef5e3811e1192ce70d8cc03d5c3359,blacklist(address),,BLACKLISTER,,,Circle
CU-IMP-3401,ONCHAIN_TX,0x88e97d360d21dd6140cef0b18e2753668e830b16a6b7022484b906234cd7971f,89478958,2026-07-01 16:30:32.000 UTC,polygon,0x3c499c542cef5e3811e1192ce70d8cc03d5c3359,blacklist(address),,BLACKLISTER,,,Circle
CU-IMP-3402,ONCHAIN_TX,0x2e5401363bb30453e39d0e3cc1f3e34449108d11a9ab0e2b3f294d52add808d6,89479107,2026-07-01 16:34:16.000 UTC,polygon,0x3c499c542cef5e3811e1192ce70d8cc03d5c3359,blacklist(address),,BLACKLISTER,,,Circle
CU-IMP-3403,ONCHAIN_TX,0x7c2709a75f794fc0e2bd97e061ef885f020a0eabc9e40e4f3d5ad5b38971a6ed,89479149,2026-07-01 16:35:19.000 UTC,polygon,0x3c499c542cef5e3811e1192ce70d8cc03d5c3359,blacklist(address),,BLACKLISTER,,,Circle
CU-IMP-3404,ONCHAIN_TX,0xb02068c9aac68f7456288d4241c2b406b6e61eea791e69a357fa29593def0cba,89479158,2026-07-01 16:35:32.000 UTC,polygon,0x3c499c542cef5e3811e1192ce70d8cc03d5c3359,blacklist(address),,BLACKLISTER,,,Circle
CU-IMP-3405,ONCHAIN_TX,0xcf341f15f54c7d667b9bb06f7b31d7e5d5c93db5cac1ddc82b117c74de0e8f3d,89479167,2026-07-01 16:35:46.000 UTC,polygon,0x3c499c542cef5e3811e1192ce70d8cc03d5c3359,blacklist(address),,BLACKLISTER,,,Circle
CU-IMP-3406,ONCHAIN_TX,0x191d16b29b29951f9fe2905ded73ef3164427e52ff29354cc90d4a5e959d385f,89479210,2026-07-01 16:36:50.000 UTC,polygon,0x3c499c542cef5e3811e1192ce70d8cc03d5c3359,blacklist(address),,BLACKLISTER,,,Circle
CU-IMP-3407,ONCHAIN_TX,0xd486c747c5b37f059a752ba8362faa0a5eadbe2d34e6396d273df0edfec56dd8,89479239,2026-07-01 16:37:34.000 UTC,polygon,0x3c499c542cef5e3811e1192ce70d8cc03d5c3359,blacklist(address),,BLACKLISTER,,,Circle
CU-IMP-3408,ONCHAIN_TX,0xe231b82e6f6720406db7ce941ec5ca119a63d463db9b90897cd60e3111c07c7b,89479251,2026-07-01 16:37:52.000 UTC,polygon,0x3c499c542cef5e3811e1192ce70d8cc03d5c3359,blacklist(address),,BLACKLISTER,,,Circle
CU-IMP-3409,ONCHAIN_TX,0xdb840784a9a667e6acef02fa4d331762f8d88949bd84e52bf67e34d39456ccac,89479743,2026-07-01 16:50:10.000 UTC,polygon,0x3c499c542cef5e3811e1192ce70d8cc03d5c3359,blacklist(address),,BLACKLISTER,,,Circle
CU-IMP-3410,ONCHAIN_TX,0xaf93653e898a3d374c2573ea662772786a9b9353179b195ace0d84541a04168b,89479750,2026-07-01 16:50:20.000 UTC,polygon,0x3c499c542cef5e3811e1192ce70d8cc03d5c3359,blacklist(address),,BLACKLISTER,,,Circle
CU-IMP-3411,ONCHAIN_TX,0x478041c3a7fff866634cb205eab983fac27c020491719e81bc572d237b37e98e,89479895,2026-07-01 16:53:58.000 UTC,polygon,0x3c499c542cef5e3811e1192ce70d8cc03d5c3359,blacklist(address),,BLACKLISTER,,,Circle
CU-IMP-3412,ONCHAIN_TX,0x0be0e4551b8d5a335fa00bf77b99c01bb3f8a25ae736a0c9348be8f4f1afeec9,89479987,2026-07-01 16:56:16.000 UTC,polygon,0x3c499c542cef5e3811e1192ce70d8cc03d5c3359,blacklist(address),,BLACKLISTER,,,Circle
CU-IMP-3413,ONCHAIN_TX,0xb74d4ff11e2591fbd1b0310c106703494373b614a10ede18472bea6f9fa50125,89480007,2026-07-01 16:56:46.000 UTC,polygon,0x3c499c542cef5e3811e1192ce70d8cc03d5c3359,blacklist(address),,BLACKLISTER,,,Circle
CU-IMP-3414,ONCHAIN_TX,0xddb26ddf4a32fc59da9e92eaf0e239b5a6baea999cde1c7a363f2cba6d132483,89480107,2026-07-01 16:59:16.000 UTC,polygon,0x3c499c542cef5e3811e1192ce70d8cc03d5c3359,blacklist(address),,BLACKLISTER,,,Circle
CU-IMP-3415,ONCHAIN_TX,0xc9e6f62f5d7afb41802fecd1c0ab539bdeb2e6276b331182667779843f8ace35,89480158,2026-07-01 17:00:32.000 UTC,polygon,0x3c499c542cef5e3811e1192ce70d8cc03d5c3359,blacklist(address),,BLACKLISTER,,,Circle
CU-IMP-3416,ONCHAIN_TX,0xf60b4c843a32b25752d7eaa0fd51890a7678c621f1f59a7b874cab1f73cd6d8d,89480168,2026-07-01 17:00:47.000 UTC,polygon,0x3c499c542cef5e3811e1192ce70d8cc03d5c3359,blacklist(address),,BLACKLISTER,,,Circle
CU-IMP-3417,ONCHAIN_TX,0xca82ada505a15aa9b59ff438f33a6e83d65a0e661f4a209c9c2fecd4a8a0794c,89480172,2026-07-01 17:00:53.000 UTC,polygon,0x3c499c542cef5e3811e1192ce70d8cc03d5c3359,blacklist(address),,BLACKLISTER,,,Circle
CU-IMP-3418,ONCHAIN_TX,0xedff3e9326b5271b571bf8fefb88cec6565922f1c4a5265ba2a93f1f4bd0c05b,89480235,2026-07-01 17:02:28.000 UTC,polygon,0x3c499c542cef5e3811e1192ce70d8cc03d5c3359,blacklist(address),,BLACKLISTER,,,Circle
CU-IMP-3419,ONCHAIN_TX,0xac5c39daa680ca37734c5f0f6fa7b3cc6ce11ad81099714ecc3e657d430c65ac,89480242,2026-07-01 17:02:38.000 UTC,polygon,0x3c499c542cef5e3811e1192ce70d8cc03d5c3359,blacklist(address),,BLACKLISTER,,,Circle
CU-IMP-3420,ONCHAIN_TX,0x7063c96e8d2c71935a012594898d89d770bbc1d042ea5bfeb0b0cffb3bc593f6,89480426,2026-07-01 17:07:14.000 UTC,polygon,0x3c499c542cef5e3811e1192ce70d8cc03d5c3359,blacklist(address),,BLACKLISTER,,,Circle
CU-IMP-3421,ONCHAIN_TX,0x6851b00fb0b56761ec61b248d9915422ff36f3ac25ea1e43be0de404e6426548,89480546,2026-07-01 17:10:14.000 UTC,polygon,0x3c499c542cef5e3811e1192ce70d8cc03d5c3359,blacklist(address),,BLACKLISTER,,,Circle
CU-IMP-3422,ONCHAIN_TX,0x7f24615922750fd88a3e97ea7d48cd6c370ca73e77ca96274a4572320c8b0404,89480652,2026-07-01 17:12:53.000 UTC,polygon,0x3c499c542cef5e3811e1192ce70d8cc03d5c3359,blacklist(address),,BLACKLISTER,,,Circle
CU-IMP-3423,ONCHAIN_TX,0x88566543398e5711c55b6bacb136fba08e007dcbbebc5048f9147bd169e28e1c,89480675,2026-07-01 17:13:28.000 UTC,polygon,0x3c499c542cef5e3811e1192ce70d8cc03d5c3359,blacklist(address),,BLACKLISTER,,,Circle
CU-IMP-3424,ONCHAIN_TX,0xc4e02b2c9061822c5bd26d1902037565d12d54f6595f27b318e87690232c3ef0,89480761,2026-07-01 17:15:37.000 UTC,polygon,0x3c499c542cef5e3811e1192ce70d8cc03d5c3359,blacklist(address),,BLACKLISTER,,,Circle
CU-IMP-3425,ONCHAIN_TX,0x292247036506926b0826297c2bcdc602a8e1a6cb3585bd61a81b0106fb30de78,89480781,2026-07-01 17:16:07.000 UTC,polygon,0x3c499c542cef5e3811e1192ce70d8cc03d5c3359,blacklist(address),,BLACKLISTER,,,Circle
CU-IMP-3426,ONCHAIN_TX,0xf946226e6c1c67ce90ca0be7bce7e548f3734fe0ae71847448123a6a5e299caf,89480889,2026-07-01 17:18:49.000 UTC,polygon,0x3c499c542cef5e3811e1192ce70d8cc03d5c3359,blacklist(address),,BLACKLISTER,,,Circle
CU-IMP-3427,ONCHAIN_TX,0x0234e1ef14f3ba09c9a242984413c2bcac263d75d2ed76808ccbc7f9d26d2b09,89481221,2026-07-01 17:27:07.000 UTC,polygon,0x3c499c542cef5e3811e1192ce70d8cc03d5c3359,blacklist(address),,BLACKLISTER,,,Circle
CU-IMP-3428,ONCHAIN_TX,0x9b920aed9a3cb374a6cb1a203a03afa64896180ece9e513391d8a937d1e0fc27,89481289,2026-07-01 17:28:49.000 UTC,polygon,0x3c499c542cef5e3811e1192ce70d8cc03d5c3359,blacklist(address),,BLACKLISTER,,,Circle
CU-IMP-3429,ONCHAIN_TX,0xd852e6d4a75405e2b42e91e6cf0d884377fdc515141695d9f8da6cd90b1a133c,89481304,2026-07-01 17:29:11.000 UTC,polygon,0x3c499c542cef5e3811e1192ce70d8cc03d5c3359,blacklist(address),,BLACKLISTER,,,Circle
CU-IMP-3430,ONCHAIN_TX,0xac3b3f94144094668d02f0f20aa967379a22d53bc81bfa329022f218ca99459a,89481397,2026-07-01 17:31:31.000 UTC,polygon,0x3c499c542cef5e3811e1192ce70d8cc03d5c3359,blacklist(address),,BLACKLISTER,,,Circle
CU-IMP-3431,ONCHAIN_TX,0x260b852db1ae9865b2c99a7b82d832bba47943ef1f7ad7c94eaa9357dc80d6ab,89481505,2026-07-01 17:34:13.000 UTC,polygon,0x3c499c542cef5e3811e1192ce70d8cc03d5c3359,blacklist(address),,BLACKLISTER,,,Circle
CU-IMP-3432,ONCHAIN_TX,0x824b32236bf161f98610f372ddab627e4c7d77f4a675ab3dca8d5bb8ab3a4fe3,89481526,2026-07-01 17:34:44.000 UTC,polygon,0x3c499c542cef5e3811e1192ce70d8cc03d5c3359,blacklist(address),,BLACKLISTER,,,Circle
CU-IMP-3433,ONCHAIN_TX,0xa2c34e82d9fb4a27354b0b3b21ccef2bf0ce72970e1edcede51fa970daadae69,89481556,2026-07-01 17:35:29.000 UTC,polygon,0x3c499c542cef5e3811e1192ce70d8cc03d5c3359,blacklist(address),,BLACKLISTER,,,Circle
CU-IMP-3434,ONCHAIN_TX,0x3b4087c2a6f297941d2f0c4fdd4dce0c061e1133ccc1da48821fde21382ce988,89481615,2026-07-01 17:36:58.000 UTC,polygon,0x3c499c542cef5e3811e1192ce70d8cc03d5c3359,blacklist(address),,BLACKLISTER,,,Circle
CU-IMP-3435,ONCHAIN_TX,0xe4d29d546764e993fd5905dd247ae1a64045a1d8cd4890454629ab58174d6ff9,89481637,2026-07-01 17:37:31.000 UTC,polygon,0x3c499c542cef5e3811e1192ce70d8cc03d5c3359,blacklist(address),,BLACKLISTER,,,Circle
CU-IMP-3436,ONCHAIN_TX,0x247da6a19e27161ea80a0a19322a88f887a4de87e1d62496e3e5575d430e2278,89481746,2026-07-01 17:40:14.000 UTC,polygon,0x3c499c542cef5e3811e1192ce70d8cc03d5c3359,blacklist(address),,BLACKLISTER,,,Circle
CU-IMP-3437,ONCHAIN_TX,0x3505758b1b26f8bfb918bff67a13cb5fd315e64b9551f631cc63ec6f3423654d,89481824,2026-07-01 17:42:11.000 UTC,polygon,0x3c499c542cef5e3811e1192ce70d8cc03d5c3359,blacklist(address),,BLACKLISTER,,,Circle
CU-IMP-3438,ONCHAIN_TX,0x9beeac092face9a15b0a318e5b5a15b94a91d69eff7408b544b16fa63739455f,89481937,2026-07-01 17:45:01.000 UTC,polygon,0x3c499c542cef5e3811e1192ce70d8cc03d5c3359,blacklist(address),,BLACKLISTER,,,Circle
CU-IMP-3439,ONCHAIN_TX,0x4cc5d23ea81195f4455e34d5f1533d12d4e940b396e06a0089a0e19a43e36cef,89482006,2026-07-01 17:46:44.000 UTC,polygon,0x3c499c542cef5e3811e1192ce70d8cc03d5c3359,blacklist(address),,BLACKLISTER,,,Circle
CU-IMP-3440,ONCHAIN_TX,0x416cfae0ee97d4b207bdb40adae3fd9596567cb5923caa8f605d6eea20483e4a,89482009,2026-07-01 17:46:49.000 UTC,polygon,0x3c499c542cef5e3811e1192ce70d8cc03d5c3359,blacklist(address),,BLACKLISTER,,,Circle
CU-IMP-3441,ONCHAIN_TX,0x26cc81cb536ec5b55b45d0d1ee8ab59486cfdc0a1f226bc36f1c8eccdc956f32,89482044,2026-07-01 17:47:41.000 UTC,polygon,0x3c499c542cef5e3811e1192ce70d8cc03d5c3359,blacklist(address),,BLACKLISTER,,,Circle
CU-IMP-3442,ONCHAIN_TX,0x37f365c4e63ac52bece7b7d6177124f5c4fec0261c24d82a1b0540448e1f2d60,89482063,2026-07-01 17:48:10.000 UTC,polygon,0x3c499c542cef5e3811e1192ce70d8cc03d5c3359,blacklist(address),,BLACKLISTER,,,Circle
CU-IMP-3443,ONCHAIN_TX,0x6bd714fd7f52e4f318ab6f43fdcf9606cb87732230e3c47e93a6c17a72051ca6,89482133,2026-07-01 17:49:55.000 UTC,polygon,0x3c499c542cef5e3811e1192ce70d8cc03d5c3359,blacklist(address),,BLACKLISTER,,,Circle
CU-IMP-3444,ONCHAIN_TX,0x0fff7007d29fc8d4c37255c0931b9aeebe979d32757e92e58e57197c5c17b2aa,89482171,2026-07-01 17:50:52.000 UTC,polygon,0x3c499c542cef5e3811e1192ce70d8cc03d5c3359,blacklist(address),,BLACKLISTER,,,Circle
CU-IMP-3445,ONCHAIN_TX,0xd7730fba67bcbd34243e03ee0e613be3c019582e9671e012f4adb8de295a9a52,89482319,2026-07-01 17:54:34.000 UTC,polygon,0x3c499c542cef5e3811e1192ce70d8cc03d5c3359,blacklist(address),,BLACKLISTER,,,Circle
CU-IMP-3446,ONCHAIN_TX,0x1eb2f754c2d4112a0028a3f32ec9dbb71c40e8df41be8c809a88d7d2c1169a00,89482710,2026-07-01 18:04:20.000 UTC,polygon,0x3c499c542cef5e3811e1192ce70d8cc03d5c3359,blacklist(address),,BLACKLISTER,,,Circle
CU-IMP-3447,ONCHAIN_TX,0x27fca7f4cc8f5b66fb7b329654c3bcd9bf69e910a565a8106d161f96e9251b77,89482723,2026-07-01 18:04:40.000 UTC,polygon,0x3c499c542cef5e3811e1192ce70d8cc03d5c3359,blacklist(address),,BLACKLISTER,,,Circle
CU-IMP-3448,ONCHAIN_TX,0x6a10ae02e6096209edf08e33059befa9ee308da1f18de438fbab25c5c4abcf4e,89482832,2026-07-01 18:07:23.000 UTC,polygon,0x3c499c542cef5e3811e1192ce70d8cc03d5c3359,blacklist(address),,BLACKLISTER,,,Circle
CU-IMP-3449,ONCHAIN_TX,0x0e03fc679b6f46970b119904be5fc4e1f7bc92b3695855710ad834add5f3eaec,89482916,2026-07-01 18:09:29.000 UTC,polygon,0x3c499c542cef5e3811e1192ce70d8cc03d5c3359,blacklist(address),,BLACKLISTER,,,Circle
CU-IMP-3450,ONCHAIN_TX,0xa3cdee775da627f3333e47033c062834f245e7133137ab67cea4949b3dc2dca2,89483008,2026-07-01 18:11:47.000 UTC,polygon,0x3c499c542cef5e3811e1192ce70d8cc03d5c3359,blacklist(address),,BLACKLISTER,,,Circle
CU-IMP-3451,ONCHAIN_TX,0x5408a19099a4c05057f75c02b9b790450c5ed80258336ec95ad1538721aac847,89483039,2026-07-01 18:12:34.000 UTC,polygon,0x3c499c542cef5e3811e1192ce70d8cc03d5c3359,blacklist(address),,BLACKLISTER,,,Circle
CU-IMP-3452,ONCHAIN_TX,0x6812becd757ee15211ad59727e3e18de16bec551ca7f1a6c79a17981b217c353,89483123,2026-07-01 18:14:40.000 UTC,polygon,0x3c499c542cef5e3811e1192ce70d8cc03d5c3359,blacklist(address),,BLACKLISTER,,,Circle
CU-IMP-3453,ONCHAIN_TX,0x53a30500f441236ccc55e88f1783d059c644c6d39fdca04c533755787cdba611,89483198,2026-07-01 18:16:32.000 UTC,polygon,0x3c499c542cef5e3811e1192ce70d8cc03d5c3359,blacklist(address),,BLACKLISTER,,,Circle
CU-IMP-3454,ONCHAIN_TX,0xafce5ea651faae068c94f4aa4136b39e07b314bb40ad2dc07c764ea11b866fa3,89483205,2026-07-01 18:16:43.000 UTC,polygon,0x3c499c542cef5e3811e1192ce70d8cc03d5c3359,blacklist(address),,BLACKLISTER,,,Circle
CU-IMP-3455,ONCHAIN_TX,0x8f910c81dd3cdfb36bdc60d151383b1d2d15c4772ff94ad472593f9221b75f59,89483212,2026-07-01 18:16:53.000 UTC,polygon,0x3c499c542cef5e3811e1192ce70d8cc03d5c3359,blacklist(address),,BLACKLISTER,,,Circle
CU-IMP-3456,ONCHAIN_TX,0x2d11ac111cc4d7db9c94714490035c9f9c5de93f0756dd73975293e5c90f234f,89483321,2026-07-01 18:19:37.000 UTC,polygon,0x3c499c542cef5e3811e1192ce70d8cc03d5c3359,blacklist(address),,BLACKLISTER,,,Circle
CU-IMP-3457,ONCHAIN_TX,0x2def6e8b68216524502e3de1e5ce4a8f5c42feb774efaaad63fef9171b05cfc8,89483423,2026-07-01 18:22:10.000 UTC,polygon,0x3c499c542cef5e3811e1192ce70d8cc03d5c3359,blacklist(address),,BLACKLISTER,,,Circle
CU-IMP-3458,ONCHAIN_TX,0xfa21183ef49d3875d3ba5e8349b1956246cfd82c64c54b25c81a354a305cacd3,89483491,2026-07-01 18:23:52.000 UTC,polygon,0x3c499c542cef5e3811e1192ce70d8cc03d5c3359,blacklist(address),,BLACKLISTER,,,Circle
CU-IMP-3459,ONCHAIN_TX,0x5736108d1d3f7b5509ed51a4366151b1b77a1957788bf7c8887166e4fd260276,89483556,2026-07-01 18:25:29.000 UTC,polygon,0x3c499c542cef5e3811e1192ce70d8cc03d5c3359,blacklist(address),,BLACKLISTER,,,Circle
CU-IMP-3460,ONCHAIN_TX,0xf1d76e84a6c80a9c62b7e3d874cbebdce8c087a8ad708467626c596b7a712c91,89483560,2026-07-01 18:25:35.000 UTC,polygon,0x3c499c542cef5e3811e1192ce70d8cc03d5c3359,blacklist(address),,BLACKLISTER,,,Circle
CU-IMP-3461,ONCHAIN_TX,0x5f118e96db646bfb4d4ea3984322e0e2ad52d536280e15e49f91c5cd273cfb82,89483687,2026-07-01 18:28:46.000 UTC,polygon,0x3c499c542cef5e3811e1192ce70d8cc03d5c3359,blacklist(address),,BLACKLISTER,,,Circle
CU-IMP-3462,ONCHAIN_TX,0x3f31c7f9350608d1ecf56f0e7031c0ddac4190f10b5cc0108b69ae9fd981ad61,89483866,2026-07-01 18:33:14.000 UTC,polygon,0x3c499c542cef5e3811e1192ce70d8cc03d5c3359,blacklist(address),,BLACKLISTER,,,Circle
CU-IMP-3463,ONCHAIN_TX,0x8a5abd6103f25259aca1105619cffa27857f19130e2e2a97515b1606c691b3c8,89483931,2026-07-01 18:34:52.000 UTC,polygon,0x3c499c542cef5e3811e1192ce70d8cc03d5c3359,blacklist(address),,BLACKLISTER,,,Circle
CU-IMP-3464,ONCHAIN_TX,0xe9da650b0682632443c8aa8a018a0025feedbe03da8d81c5d91ddd61937d77ec,89484045,2026-07-01 18:37:43.000 UTC,polygon,0x3c499c542cef5e3811e1192ce70d8cc03d5c3359,blacklist(address),,BLACKLISTER,,,Circle
CU-IMP-3465,ONCHAIN_TX,0x70b95886befb3cc193987185af108f0d3fbd37974c1fe1d84abf68e315647ef8,89484187,2026-07-01 18:41:16.000 UTC,polygon,0x3c499c542cef5e3811e1192ce70d8cc03d5c3359,blacklist(address),,BLACKLISTER,,,Circle
CU-IMP-3466,ONCHAIN_TX,0x25e4b2777cfe9e5431944885ec088e7c7785b51da872de87dd51ad90a0a2305c,89484215,2026-07-01 18:41:58.000 UTC,polygon,0x3c499c542cef5e3811e1192ce70d8cc03d5c3359,blacklist(address),,BLACKLISTER,,,Circle
CU-IMP-3467,ONCHAIN_TX,0x20ed4bd1f464b8cc749c84cc8f9861d89e4a91745562610c25799080ccb2f254,89484238,2026-07-01 18:42:32.000 UTC,polygon,0x3c499c542cef5e3811e1192ce70d8cc03d5c3359,blacklist(address),,BLACKLISTER,,,Circle
CU-IMP-3468,ONCHAIN_TX,0xc3da0fdc697e7ce475a07416be0c6421c5cb12ca04377cc7ec75e650bf353fdc,89484344,2026-07-01 18:45:11.000 UTC,polygon,0x3c499c542cef5e3811e1192ce70d8cc03d5c3359,blacklist(address),,BLACKLISTER,,,Circle
CU-IMP-3469,ONCHAIN_TX,0x09c402c3f4287e909be7a960c77d463ccfcf49348f58ea767af6a59cd89c187d,89484428,2026-07-01 18:47:17.000 UTC,polygon,0x3c499c542cef5e3811e1192ce70d8cc03d5c3359,blacklist(address),,BLACKLISTER,,,Circle
CU-IMP-3470,ONCHAIN_TX,0xbc78d0f5290a8eaa90736b8ca81d000de1f1cf34c32e3069479b7fe51aa3d692,89484501,2026-07-01 18:49:07.000 UTC,polygon,0x3c499c542cef5e3811e1192ce70d8cc03d5c3359,blacklist(address),,BLACKLISTER,,,Circle
CU-IMP-3471,ONCHAIN_TX,0x3908432e93f211a6a9489b7a9b6faae474928bdfcd343df99f3830a93b67e7ec,89484615,2026-07-01 18:51:58.000 UTC,polygon,0x3c499c542cef5e3811e1192ce70d8cc03d5c3359,blacklist(address),,BLACKLISTER,,,Circle
CU-IMP-3472,ONCHAIN_TX,0x2a74051cd1346a0f156262be254e2d788ce38fdf7dc0ba56237878458e3161f1,89484696,2026-07-01 18:53:59.000 UTC,polygon,0x3c499c542cef5e3811e1192ce70d8cc03d5c3359,blacklist(address),,BLACKLISTER,,,Circle
CU-IMP-3473,ONCHAIN_TX,0x1c9c06f718631ff7d3a45a19ed2e4578aafcdce2115e16e02bae91fc805dd119,89484757,2026-07-01 18:55:31.000 UTC,polygon,0x3c499c542cef5e3811e1192ce70d8cc03d5c3359,blacklist(address),,BLACKLISTER,,,Circle
CU-IMP-3474,ONCHAIN_TX,0x5cfd8d2a06a682c0294776000b2310a8a5a42ab206263b5c016e0a2bb2e44eee,89484910,2026-07-01 18:59:20.000 UTC,polygon,0x3c499c542cef5e3811e1192ce70d8cc03d5c3359,blacklist(address),,BLACKLISTER,,,Circle
CU-IMP-3475,ONCHAIN_TX,0xd1e61a0a56c0611605f5873bd1bd201872a4a045677179a47acbd206005f8e63,89484912,2026-07-01 18:59:23.000 UTC,polygon,0x3c499c542cef5e3811e1192ce70d8cc03d5c3359,blacklist(address),,BLACKLISTER,,,Circle
CU-IMP-3476,ONCHAIN_TX,0x54834a7bc037d1f5db57f36e943c363c91db93fb93ba56795ff2084afe91498f,89485117,2026-07-01 19:04:31.000 UTC,polygon,0x3c499c542cef5e3811e1192ce70d8cc03d5c3359,blacklist(address),,BLACKLISTER,,,Circle
CU-IMP-3477,ONCHAIN_TX,0x59f5df4c97feaf809b67292aa8cf9e85214b6c1e9dd03af0549308dd53af8e2a,89485147,2026-07-01 19:05:16.000 UTC,polygon,0x3c499c542cef5e3811e1192ce70d8cc03d5c3359,blacklist(address),,BLACKLISTER,,,Circle
CU-IMP-3478,ONCHAIN_TX,0xeb9348cdaa2688ab6ca721d8f6994818b92c9ce6a50f8c7a35b3f2ab0ae00c50,89485459,2026-07-01 19:13:04.000 UTC,polygon,0x3c499c542cef5e3811e1192ce70d8cc03d5c3359,blacklist(address),,BLACKLISTER,,,Circle
CU-IMP-3479,ONCHAIN_TX,0x70f6eacfa2e59821e779500f8b2613a80d5f0fb5c158b048c81868c259b8d347,89485478,2026-07-01 19:13:32.000 UTC,polygon,0x3c499c542cef5e3811e1192ce70d8cc03d5c3359,blacklist(address),,BLACKLISTER,,,Circle
CU-IMP-3480,ONCHAIN_TX,0x29154243ea65e33ad9b1e09541df73735a59268570ff1d0d2684f535f7b13ed1,89485498,2026-07-01 19:14:02.000 UTC,polygon,0x3c499c542cef5e3811e1192ce70d8cc03d5c3359,blacklist(address),,BLACKLISTER,,,Circle
CU-IMP-3481,ONCHAIN_TX,0x2d0336f1ffb041600dcd7b1a4acd1d41a46292fc465af9d560c348fe0826ccae,89485540,2026-07-01 19:15:05.000 UTC,polygon,0x3c499c542cef5e3811e1192ce70d8cc03d5c3359,blacklist(address),,BLACKLISTER,,,Circle
CU-IMP-3482,ONCHAIN_TX,0xa495be091081054c97052976b063e0063255660fd92e11a247bea03543395c75,89485582,2026-07-01 19:16:08.000 UTC,polygon,0x3c499c542cef5e3811e1192ce70d8cc03d5c3359,blacklist(address),,BLACKLISTER,,,Circle
CU-IMP-3483,ONCHAIN_TX,0xe7a5ff2ab54dbd95913c27460466dfed04508b592ac1c8ed00c7b3c3884c4752,89485605,2026-07-01 19:16:43.000 UTC,polygon,0x3c499c542cef5e3811e1192ce70d8cc03d5c3359,blacklist(address),,BLACKLISTER,,,Circle
CU-IMP-3484,ONCHAIN_TX,0xee944a5ed060277e930645bcda89add127e4b178a1c2000a0eb8483b69aa0dad,89485668,2026-07-01 19:18:17.000 UTC,polygon,0x3c499c542cef5e3811e1192ce70d8cc03d5c3359,blacklist(address),,BLACKLISTER,,,Circle
CU-IMP-3485,ONCHAIN_TX,0x2e1680cb0908a23b19a6a5b5ad458c87e53110903c89ff4d0c64a12370e6d53d,89485805,2026-07-01 19:21:43.000 UTC,polygon,0x3c499c542cef5e3811e1192ce70d8cc03d5c3359,blacklist(address),,BLACKLISTER,,,Circle
CU-IMP-3486,ONCHAIN_TX,0x158140d0152dd8a45d4bc1489dc2fbcd88f15df9b7ad6fb6d28f35a8d951ce26,89485891,2026-07-01 19:23:52.000 UTC,polygon,0x3c499c542cef5e3811e1192ce70d8cc03d5c3359,blacklist(address),,BLACKLISTER,,,Circle
CU-IMP-3487,ONCHAIN_TX,0xa1a2f20621c563022ec4ad087fdb6a2a280827984e9611504111156954605737,89485918,2026-07-01 19:24:32.000 UTC,polygon,0x3c499c542cef5e3811e1192ce70d8cc03d5c3359,blacklist(address),,BLACKLISTER,,,Circle
CU-IMP-3488,ONCHAIN_TX,0xc891e3bc4159486c91cc01417da093e8beee85adcd41825d561cf5c36e14a45c,89486123,2026-07-01 19:29:40.000 UTC,polygon,0x3c499c542cef5e3811e1192ce70d8cc03d5c3359,blacklist(address),,BLACKLISTER,,,Circle
CU-IMP-3489,ONCHAIN_TX,0xbea1a13830aac0f4044eeed113b766db72c2ccc4e76552a7599e66679faf1aab,89486137,2026-07-01 19:30:01.000 UTC,polygon,0x3c499c542cef5e3811e1192ce70d8cc03d5c3359,blacklist(address),,BLACKLISTER,,,Circle
CU-IMP-3490,ONCHAIN_TX,0x31fda27c02b49c17fc57867e201f656627261118abf8dc6bd9e595262559508a,89486187,2026-07-01 19:31:16.000 UTC,polygon,0x3c499c542cef5e3811e1192ce70d8cc03d5c3359,blacklist(address),,BLACKLISTER,,,Circle
CU-IMP-3491,ONCHAIN_TX,0x64dee56685afa5e8bce969d0a5a46946061209c199534957f697268f90591d44,89486257,2026-07-01 19:33:01.000 UTC,polygon,0x3c499c542cef5e3811e1192ce70d8cc03d5c3359,blacklist(address),,BLACKLISTER,,,Circle
CU-IMP-3492,ONCHAIN_TX,0x8a8b3f56b0ad493319b315a6d8c8b233c310890dd5bf71b52fd4e2d1da8f2c7b,89486300,2026-07-01 19:34:05.000 UTC,polygon,0x3c499c542cef5e3811e1192ce70d8cc03d5c3359,blacklist(address),,BLACKLISTER,,,Circle
CU-IMP-3493,ONCHAIN_TX,0x0182f1fefbd9443eb504a70c8564b89dc94933c7e00c94ccd6c0d4fa928a80ae,90167337,2026-07-13 15:20:01.000 UTC,polygon,0x3c499c542cef5e3811e1192ce70d8cc03d5c3359,blacklist(address),,BLACKLISTER,,,Circle
CU-IMP-3494,ONCHAIN_TX,0xe5ae1c5c900f0fbe81a05b67e8ba521c4a425610c4580e39b9081eac53da0196,90167521,2026-07-13 15:24:37.000 UTC,polygon,0x3c499c542cef5e3811e1192ce70d8cc03d5c3359,blacklist(address),,BLACKLISTER,,,Circle
CU-IMP-3495,ONCHAIN_TX,0xb11dd343088ce892727a595a5a0351579a0c5570b6992aec0e22f408a7866794,90167531,2026-07-13 15:24:52.000 UTC,polygon,0x3c499c542cef5e3811e1192ce70d8cc03d5c3359,blacklist(address),,BLACKLISTER,,,Circle
CU-IMP-3496,ONCHAIN_TX,0xad5806b3af13dc3c4bb1e080401ef487a0d677b26e6e2140b963a1096bc88fcb,90167535,2026-07-13 15:24:58.000 UTC,polygon,0x3c499c542cef5e3811e1192ce70d8cc03d5c3359,blacklist(address),,BLACKLISTER,,,Circle
CU-IMP-3497,ONCHAIN_TX,0x7899cf041caa7e4b9e846e70f0d2b8b81591e76b7702895f883272ea88cd59fc,90167589,2026-07-13 15:26:19.000 UTC,polygon,0x3c499c542cef5e3811e1192ce70d8cc03d5c3359,blacklist(address),,BLACKLISTER,,,Circle
CU-IMP-3498,ONCHAIN_TX,0x7181be282d907d7cd54d6b6b3f09eb1ac94c0e93ebb390e8f63c639da25defd8,90167672,2026-07-13 15:28:23.000 UTC,polygon,0x3c499c542cef5e3811e1192ce70d8cc03d5c3359,blacklist(address),,BLACKLISTER,,,Circle
CU-IMP-3499,ONCHAIN_TX,0x58cb11a7b860e4286351f2c5848922e84945143083e12feeaa27d600ed52a5ad,90237104,2026-07-14 20:24:11.000 UTC,polygon,0x3c499c542cef5e3811e1192ce70d8cc03d5c3359,blacklist(address),,BLACKLISTER,,,Circle
CU-IMP-3500,ONCHAIN_TX,0x298756a69c824c6a0882e16a7c5712cb2d994ec5a12db8335d6bbfb4df9e08ec,90237245,2026-07-14 20:27:43.000 UTC,polygon,0x3c499c542cef5e3811e1192ce70d8cc03d5c3359,blacklist(address),,BLACKLISTER,,,Circle
CU-IMP-3501,ONCHAIN_TX,0x62ffae7c462804d459072ec4f63e85414ea8e1562c88b22ddb50ebd8b08a6246,90237321,2026-07-14 20:29:37.000 UTC,polygon,0x3c499c542cef5e3811e1192ce70d8cc03d5c3359,blacklist(address),,BLACKLISTER,,,Circle
CU-IMP-3502,ONCHAIN_TX,0xe348e35c86fca34e76695d220142e4241b3169926f11d9f19f3599753dfe0c0b,90237332,2026-07-14 20:29:53.000 UTC,polygon,0x3c499c542cef5e3811e1192ce70d8cc03d5c3359,blacklist(address),,BLACKLISTER,,,Circle
CU-IMP-3503,ONCHAIN_TX,0x68a63d540425c52fd291a62252b39cf61036958c61213a39d34527b797b674ca,90751526,2026-07-23 18:44:46.000 UTC,polygon,0x3c499c542cef5e3811e1192ce70d8cc03d5c3359,blacklist(address),,BLACKLISTER,,,Circle
CU-IMP-3504,ONCHAIN_TX,0x0e7eba8cd69469edae73f8b5206d979f7e79eb4f8bf0a15ef96cd34b39eaf34d,90751625,2026-07-23 18:47:15.000 UTC,polygon,0x3c499c542cef5e3811e1192ce70d8cc03d5c3359,blacklist(address),,BLACKLISTER,,,Circle
CU-IMP-3505,ONCHAIN_TX,0xd859e434b49678571863cc91b7c26e4574d7b339ca5be7d75c0b79a21fd4a9fc,90751719,2026-07-23 18:49:36.000 UTC,polygon,0x3c499c542cef5e3811e1192ce70d8cc03d5c3359,blacklist(address),,BLACKLISTER,,,Circle
CU-IMP-3506,ONCHAIN_TX,0xd6d98c22a2f9db8b88a220554b3ca4b7fc98f98511641633cdde74a332ec26c4,90751771,2026-07-23 18:50:54.000 UTC,polygon,0x3c499c542cef5e3811e1192ce70d8cc03d5c3359,blacklist(address),,BLACKLISTER,,,Circle
CU-IMP-3507,ONCHAIN_TX,0x5a8658e00810af85a1e65c372bd706afa629b8cb14846da4975e558715c9ae73,90751854,2026-07-23 18:52:58.000 UTC,polygon,0x3c499c542cef5e3811e1192ce70d8cc03d5c3359,blacklist(address),,BLACKLISTER,,,Circle
CU-IMP-3508,ONCHAIN_TX,0xbebf9d697c11875f5bda784a0ffcdb8200a65528ee4470fb2c2fc91fc9f6714a,90751981,2026-07-23 18:56:09.000 UTC,polygon,0x3c499c542cef5e3811e1192ce70d8cc03d5c3359,blacklist(address),,BLACKLISTER,,,Circle
CU-IMP-3509,ONCHAIN_TX,0xf4610669a73e0778284cbe5abe74438f0d9bc2b8178f0ed54a37aa8786f656a9,90752026,2026-07-23 18:57:16.000 UTC,polygon,0x3c499c542cef5e3811e1192ce70d8cc03d5c3359,blacklist(address),,BLACKLISTER,,,Circle
CU-IMP-3510,ONCHAIN_TX,0xb4ed66d1f6a5877ab4d3abf98f154cf8b5f2b9f0fb3a77b75eb9b60146558557,91096235,2026-07-29 18:22:53.000 UTC,polygon,0x3c499c542cef5e3811e1192ce70d8cc03d5c3359,blacklist(address),,BLACKLISTER,,,Circle
CU-IMP-3511,ONCHAIN_TX,0x5a19260dcdf65da7ee6e4f03018e6cecda82bd0057a8a9524c82d2371c09e65f,91096362,2026-07-29 18:26:03.000 UTC,polygon,0x3c499c542cef5e3811e1192ce70d8cc03d5c3359,blacklist(address),,BLACKLISTER,,,Circle
CU-IMP-3512,ONCHAIN_TX,0xdece742de5aa5610755895e98b4ed0c7b0f54572662d56d089bf3a7c55eb78f1,91616812,2026-08-07 19:17:25.000 UTC,polygon,0x3c499c542cef5e3811e1192ce70d8cc03d5c3359,blacklist(address),,BLACKLISTER,,,Circle
CU-IMP-3513,ONCHAIN_TX,0xbb79bff0fff414c883bd5bc4c6086b888bb6d4cf85e5113ac1329552db3dc3fd,91616915,2026-08-07 19:20:00.000 UTC,polygon,0x3c499c542cef5e3811e1192ce70d8cc03d5c3359,blacklist(address),,BLACKLISTER,,,Circle
CU-IMP-3514,ONCHAIN_TX,0xb8772b443047433af47477fd02f0a4657254fa52f822a804d8f9e23ba3c0f9c8,91616992,2026-08-07 19:21:55.000 UTC,polygon,0x3c499c542cef5e3811e1192ce70d8cc03d5c3359,blacklist(address),,BLACKLISTER,,,Circle
CU-IMP-3515,ONCHAIN_TX,0xdcb87520efe13a28de1cb56ff4de1ea45a0015c6b8dc638cd8c0874e0564b51a,91617142,2026-08-07 19:25:40.000 UTC,polygon,0x3c499c542cef5e3811e1192ce70d8cc03d5c3359,blacklist(address),,BLACKLISTER,,,Circle
CU-IMP-3516,ONCHAIN_TX,0x4538a12a2e2eb984d747e7a617ac5283c5513cfde8ca20af7c2786cecc6f4c4f,91617250,2026-08-07 19:28:22.000 UTC,polygon,0x3c499c542cef5e3811e1192ce70d8cc03d5c3359,blacklist(address),,BLACKLISTER,,,Circle
CU-IMP-3517,ONCHAIN_TX,0x771bd1009733053d53ea021635dfc993d985925609aa915b26ed3f07cf3334f0,91617409,2026-08-07 19:32:21.000 UTC,polygon,0x3c499c542cef5e3811e1192ce70d8cc03d5c3359,blacklist(address),,BLACKLISTER,,,Circle
CU-IMP-3518,ONCHAIN_TX,0xdfd61039d79c12709e827ed4cb47eadfc03e5c52956e66e14cec6363ac7b1c67,91617444,2026-08-07 19:33:13.000 UTC,polygon,0x3c499c542cef5e3811e1192ce70d8cc03d5c3359,blacklist(address),,BLACKLISTER,,,Circle
CU-IMP-3519,ONCHAIN_TX,0xd0d6c0671623183a4bfe494ad07b9dbcd1126611838007a63a0a69db4dfe9101,83784962,2026-04-24 18:30:27.000 UTC,avalanche,0xb97ef9ef8734c71904d8002f8b6bc66dd9c48a6e,blacklist(address),,BLACKLISTER,,,Circle
CU-IMP-3520,ONCHAIN_TX,0x4971400e29306a4ccd3837e247aee03a019f459110137852a3acc6b799723092,83785107,2026-04-24 18:32:55.000 UTC,avalanche,0xb97ef9ef8734c71904d8002f8b6bc66dd9c48a6e,blacklist(address),,BLACKLISTER,,,Circle
CU-IMP-3521,ONCHAIN_TX,0x3a0b46315b7d29ff791d7ef741c7bfbb56ef7688a67274e660f1d8fc0c75baa5,85928764,2026-05-20 15:19:48.000 UTC,avalanche,0xb97ef9ef8734c71904d8002f8b6bc66dd9c48a6e,blacklist(address),,BLACKLISTER,,,Circle
CU-IMP-3522,ONCHAIN_TX,0x3f822e46630bbfae82074a5f132099aa566bd8ab8b7c4448392cb5810ef3b3ae,85928876,2026-05-20 15:21:46.000 UTC,avalanche,0xb97ef9ef8734c71904d8002f8b6bc66dd9c48a6e,blacklist(address),,BLACKLISTER,,,Circle
CU-IMP-3523,ONCHAIN_TX,0x06ea513689838e58ba70e478ba258205ce165f82bddd31c3f0745d487e83b492,85929074,2026-05-20 15:25:03.000 UTC,avalanche,0xb97ef9ef8734c71904d8002f8b6bc66dd9c48a6e,blacklist(address),,BLACKLISTER,,,Circle
CU-IMP-3524,ONCHAIN_TX,0x4691d2bba234880300dde8ca3166d97593a0e124702365d7de2df0a9e8180193,85929077,2026-05-20 15:25:06.000 UTC,avalanche,0xb97ef9ef8734c71904d8002f8b6bc66dd9c48a6e,blacklist(address),,BLACKLISTER,,,Circle
CU-IMP-3525,ONCHAIN_TX,0xb15fb68d93f67ff26816b1449333c88f930a2c67f88e6b57c86c3c2d329f3b2d,85929400,2026-05-20 15:30:31.000 UTC,avalanche,0xb97ef9ef8734c71904d8002f8b6bc66dd9c48a6e,blacklist(address),,BLACKLISTER,,,Circle
CU-IMP-3526,ONCHAIN_TX,0x425c08c8ef4f8a275c4b14cf3ca40f2c5d5ca18d6ae1b7dee792538dc66f81b8,85929461,2026-05-20 15:31:32.000 UTC,avalanche,0xb97ef9ef8734c71904d8002f8b6bc66dd9c48a6e,blacklist(address),,BLACKLISTER,,,Circle
CU-IMP-3527,ONCHAIN_TX,0x5d85bf372096aaf3e42f75a0ebf8b88682f355d3bba9f32bc4c5a901ccc7ecec,86427934,2026-05-26 15:14:38.000 UTC,avalanche,0xb97ef9ef8734c71904d8002f8b6bc66dd9c48a6e,blacklist(address),,BLACKLISTER,,,Circle
CU-IMP-3528,ONCHAIN_TX,0xc4f6d4c1f65074987c06493fe5f820005a596ee5f1a5ea539bc37f9b39297622,86427992,2026-05-26 15:15:39.000 UTC,avalanche,0xb97ef9ef8734c71904d8002f8b6bc66dd9c48a6e,blacklist(address),,BLACKLISTER,,,Circle
CU-IMP-3529,ONCHAIN_TX,0xf5af59f49cf78fd159828dcf74793ccf4736baf220bfb64e0a92f640a8c75224,86428167,2026-05-26 15:18:42.000 UTC,avalanche,0xb97ef9ef8734c71904d8002f8b6bc66dd9c48a6e,blacklist(address),,BLACKLISTER,,,Circle
CU-IMP-3530,ONCHAIN_TX,0xbd4451766874bda4c779bcdafb2f09ffe92c2051680086d64e81280e6df82de1,88590942,2026-06-22 18:07:43.000 UTC,avalanche,0xb97ef9ef8734c71904d8002f8b6bc66dd9c48a6e,blacklist(address),,BLACKLISTER,,,Circle
CU-IMP-3531,ONCHAIN_TX,0x94c55509b3f11774b8a94f35375fa5186c4374a82a39f2da716998d5933a2dc4,88590985,2026-06-22 18:08:33.000 UTC,avalanche,0xb97ef9ef8734c71904d8002f8b6bc66dd9c48a6e,blacklist(address),,BLACKLISTER,,,Circle
CU-IMP-3532,ONCHAIN_TX,0x38d18d15ad17a0615574cf1b5b8396262c6ec361064daf78ad6d4e78a6a55eae,89218672,2026-07-01 15:13:50.000 UTC,avalanche,0xb97ef9ef8734c71904d8002f8b6bc66dd9c48a6e,blacklist(address),,BLACKLISTER,,,Circle
CU-IMP-3533,ONCHAIN_TX,0xaa49584e868f25c6c98ef61c62f5a311a44e269ae136833f91b9c0928e4e5744,89218790,2026-07-01 15:15:48.000 UTC,avalanche,0xb97ef9ef8734c71904d8002f8b6bc66dd9c48a6e,blacklist(address),,BLACKLISTER,,,Circle
CU-IMP-3534,ONCHAIN_TX,0x47832da8139b1638bb5062c317fb04c066d575e7873b59387a2642d39d4507ab,89218844,2026-07-01 15:16:42.000 UTC,avalanche,0xb97ef9ef8734c71904d8002f8b6bc66dd9c48a6e,blacklist(address),,BLACKLISTER,,,Circle
CU-IMP-3535,ONCHAIN_TX,0x1689a8cb86d02b03ff2e27a2fadc3aabe8d509f715576a8c5232dd4f3a8b862c,89218949,2026-07-01 15:18:30.000 UTC,avalanche,0xb97ef9ef8734c71904d8002f8b6bc66dd9c48a6e,blacklist(address),,BLACKLISTER,,,Circle
CU-IMP-3536,ONCHAIN_TX,0x1bcb60f8426f69692959ef6d972b3174501ce10ccf9a573d4601f27f87137f0b,89219233,2026-07-01 15:23:40.000 UTC,avalanche,0xb97ef9ef8734c71904d8002f8b6bc66dd9c48a6e,blacklist(address),,BLACKLISTER,,,Circle
CU-IMP-3537,ONCHAIN_TX,0x10986c34b814de22ca087371b736947d6db8add1d75fa634f5d93d2fdfbf1c9c,89219249,2026-07-01 15:24:13.000 UTC,avalanche,0xb97ef9ef8734c71904d8002f8b6bc66dd9c48a6e,blacklist(address),,BLACKLISTER,,,Circle
CU-IMP-3538,ONCHAIN_TX,0x898a5f4e8ea106c3f8712e24ffbec770012cfb7dcac8a7b7fc8690d4153d19f5,89219430,2026-07-01 15:27:34.000 UTC,avalanche,0xb97ef9ef8734c71904d8002f8b6bc66dd9c48a6e,blacklist(address),,BLACKLISTER,,,Circle
CU-IMP-3539,ONCHAIN_TX,0xba39c0a5ef9e7e3879983aa87ee3e88a583a849ddf5be9f68c3cee3df681cc4a,89219454,2026-07-01 15:27:58.000 UTC,avalanche,0xb97ef9ef8734c71904d8002f8b6bc66dd9c48a6e,blacklist(address),,BLACKLISTER,,,Circle
CU-IMP-3540,ONCHAIN_TX,0x9a2598975e7e9fee381e16532de7cc7568a23b86cc4e88cdbb3c9cbfa665a207,89219526,2026-07-01 15:29:09.000 UTC,avalanche,0xb97ef9ef8734c71904d8002f8b6bc66dd9c48a6e,blacklist(address),,BLACKLISTER,,,Circle
CU-IMP-3541,ONCHAIN_TX,0x99ad42b4cf11b7184921817cd671c11faa1bfffa8e0ddfbef50da9bce8a342d9,89219591,2026-07-01 15:30:14.000 UTC,avalanche,0xb97ef9ef8734c71904d8002f8b6bc66dd9c48a6e,blacklist(address),,BLACKLISTER,,,Circle
CU-IMP-3542,ONCHAIN_TX,0x29bfa51bd5444787f1fa015e6b72184109e487b641b02ab0adf466b6b0269f5f,89219699,2026-07-01 15:32:01.000 UTC,avalanche,0xb97ef9ef8734c71904d8002f8b6bc66dd9c48a6e,blacklist(address),,BLACKLISTER,,,Circle
CU-IMP-3543,ONCHAIN_TX,0x3fa3dc32ee82ba160ecd8579dcef7b32903267ab3ff98255577ded5899287d58,89219768,2026-07-01 15:33:13.000 UTC,avalanche,0xb97ef9ef8734c71904d8002f8b6bc66dd9c48a6e,blacklist(address),,BLACKLISTER,,,Circle
CU-IMP-3544,ONCHAIN_TX,0x2a205b834fa41179dbaf7f63d5805f7b5942249837265a6fd01b3cd8b176d35d,89220163,2026-07-01 15:39:46.000 UTC,avalanche,0xb97ef9ef8734c71904d8002f8b6bc66dd9c48a6e,blacklist(address),,BLACKLISTER,,,Circle
CU-IMP-3545,ONCHAIN_TX,0x3f3912055f5fb85357b12df6246f665057717361f152d3270673e6e535536806,89220318,2026-07-01 15:42:25.000 UTC,avalanche,0xb97ef9ef8734c71904d8002f8b6bc66dd9c48a6e,blacklist(address),,BLACKLISTER,,,Circle
CU-IMP-3546,ONCHAIN_TX,0x27ebb5179c6ef315aa2d0bdc0a045c57e24e823cf11be11eb8a3681783fe8842,89220480,2026-07-01 15:45:19.000 UTC,avalanche,0xb97ef9ef8734c71904d8002f8b6bc66dd9c48a6e,blacklist(address),,BLACKLISTER,,,Circle
CU-IMP-3547,ONCHAIN_TX,0xd1aa2671e20458968eef76c160dadec939c849b624c28f25ce770143f0128f3a,89220682,2026-07-01 15:48:51.000 UTC,avalanche,0xb97ef9ef8734c71904d8002f8b6bc66dd9c48a6e,blacklist(address),,BLACKLISTER,,,Circle
CU-IMP-3548,ONCHAIN_TX,0x92605f97d6690374857823d9839250a818f5f366ae919cce863c02369d55067c,89220717,2026-07-01 15:49:26.000 UTC,avalanche,0xb97ef9ef8734c71904d8002f8b6bc66dd9c48a6e,blacklist(address),,BLACKLISTER,,,Circle
CU-IMP-3549,ONCHAIN_TX,0x1d400ec295bf805cbc9a1ce50c7c7851e7324e38ed39a1d82a2e7f4b79939610,89220728,2026-07-01 15:49:37.000 UTC,avalanche,0xb97ef9ef8734c71904d8002f8b6bc66dd9c48a6e,blacklist(address),,BLACKLISTER,,,Circle
CU-IMP-3550,ONCHAIN_TX,0xf70f26671c9f57b44a774a9ad9e48330946e34815f33e391303ad36ce31896f1,89220851,2026-07-01 15:51:40.000 UTC,avalanche,0xb97ef9ef8734c71904d8002f8b6bc66dd9c48a6e,blacklist(address),,BLACKLISTER,,,Circle
CU-IMP-3551,ONCHAIN_TX,0x013861215f835f19f7c527010452decffe172142fc48df449eb4c76fc7b4f5ca,89220976,2026-07-01 15:53:47.000 UTC,avalanche,0xb97ef9ef8734c71904d8002f8b6bc66dd9c48a6e,blacklist(address),,BLACKLISTER,,,Circle
CU-IMP-3552,ONCHAIN_TX,0x5e2ecee74de1b87e7bbe40faa638a0eab86712b4454d93779325c8e55c79bf7f,89221074,2026-07-01 15:55:24.000 UTC,avalanche,0xb97ef9ef8734c71904d8002f8b6bc66dd9c48a6e,blacklist(address),,BLACKLISTER,,,Circle
CU-IMP-3553,ONCHAIN_TX,0x9b31b033c0f30263df076b426825a1ea33e516a674902e6924e34081a4a14367,89221345,2026-07-01 16:00:10.000 UTC,avalanche,0xb97ef9ef8734c71904d8002f8b6bc66dd9c48a6e,blacklist(address),,BLACKLISTER,,,Circle
CU-IMP-3554,ONCHAIN_TX,0x8e03b1d89f3d061c4130b3191d2b07e06d98052aad3a4ed39ce52ecd903cc9d2,89221386,2026-07-01 16:00:52.000 UTC,avalanche,0xb97ef9ef8734c71904d8002f8b6bc66dd9c48a6e,blacklist(address),,BLACKLISTER,,,Circle
CU-IMP-3555,ONCHAIN_TX,0x62cba4a81372652fec89146e6874a80d4a839fbe47d5505c072e9b9bb48b2eba,89221401,2026-07-01 16:01:07.000 UTC,avalanche,0xb97ef9ef8734c71904d8002f8b6bc66dd9c48a6e,blacklist(address),,BLACKLISTER,,,Circle
CU-IMP-3556,ONCHAIN_TX,0xbe8b0e9918ab26c17ec032d65fe63e971b06bf4525e445d00f5ab9f68f9061a8,89221535,2026-07-01 16:03:20.000 UTC,avalanche,0xb97ef9ef8734c71904d8002f8b6bc66dd9c48a6e,blacklist(address),,BLACKLISTER,,,Circle
CU-IMP-3557,ONCHAIN_TX,0x6963452d225ff6c17c465a29f4c29c9ac8c3fb91de3d9975ab3d1b7b0487f8d2,89221623,2026-07-01 16:05:35.000 UTC,avalanche,0xb97ef9ef8734c71904d8002f8b6bc66dd9c48a6e,blacklist(address),,BLACKLISTER,,,Circle
CU-IMP-3558,ONCHAIN_TX,0x9d4dd799c41f74775e5efc3803f20add75dec26f4603219a0308759db56e5b1b,89221718,2026-07-01 16:07:11.000 UTC,avalanche,0xb97ef9ef8734c71904d8002f8b6bc66dd9c48a6e,blacklist(address),,BLACKLISTER,,,Circle
CU-IMP-3559,ONCHAIN_TX,0x448993095296bd0746848b6245f4822c05f8eda16001d5b5850858c4015ef5dd,89221748,2026-07-01 16:07:41.000 UTC,avalanche,0xb97ef9ef8734c71904d8002f8b6bc66dd9c48a6e,blacklist(address),,BLACKLISTER,,,Circle
CU-IMP-3560,ONCHAIN_TX,0x1330f0ccf852691d26fd48c9968778f31a2d23ff241faea87e8a8fb3d807922a,89221860,2026-07-01 16:09:38.000 UTC,avalanche,0xb97ef9ef8734c71904d8002f8b6bc66dd9c48a6e,blacklist(address),,BLACKLISTER,,,Circle
CU-IMP-3561,ONCHAIN_TX,0x41c9212191170810dd9ea7ac706fd8c254f25cad9cf69be21790e536255c2f84,89221903,2026-07-01 16:10:21.000 UTC,avalanche,0xb97ef9ef8734c71904d8002f8b6bc66dd9c48a6e,blacklist(address),,BLACKLISTER,,,Circle
CU-IMP-3562,ONCHAIN_TX,0xcd7d096301aa574141e7b942c06c579317137965a3daf52136ef5f6f152590ea,89221914,2026-07-01 16:10:32.000 UTC,avalanche,0xb97ef9ef8734c71904d8002f8b6bc66dd9c48a6e,blacklist(address),,BLACKLISTER,,,Circle
CU-IMP-3563,ONCHAIN_TX,0x0ef82a5fc531d25ee2348badb2efbc0167c1d777a956e0e5bf157d2d7adfefee,89222104,2026-07-01 16:13:52.000 UTC,avalanche,0xb97ef9ef8734c71904d8002f8b6bc66dd9c48a6e,blacklist(address),,BLACKLISTER,,,Circle
CU-IMP-3564,ONCHAIN_TX,0xc330a0c246cc6794ce0217837074bd9fec453aa58b8ee6c4561de612c32ebd91,89222261,2026-07-01 16:16:31.000 UTC,avalanche,0xb97ef9ef8734c71904d8002f8b6bc66dd9c48a6e,blacklist(address),,BLACKLISTER,,,Circle
CU-IMP-3565,ONCHAIN_TX,0x1dda7a7486b8fb2d02afaa4eae81c8be622f8b528b41a3c5dfb9c186d81ad4e7,89222707,2026-07-01 16:23:59.000 UTC,avalanche,0xb97ef9ef8734c71904d8002f8b6bc66dd9c48a6e,blacklist(address),,BLACKLISTER,,,Circle
CU-IMP-3566,ONCHAIN_TX,0x7fcbed1fe596517a978d76ade7a94f7f8b9ed999b5deba2240ebac5f9d4935aa,89222862,2026-07-01 16:26:33.000 UTC,avalanche,0xb97ef9ef8734c71904d8002f8b6bc66dd9c48a6e,blacklist(address),,BLACKLISTER,,,Circle
CU-IMP-3567,ONCHAIN_TX,0xb5179bd17d3c5a9f1fed54bfc16ee329ce5ad131d84e32dfac63a1289284cc70,89222973,2026-07-01 16:28:34.000 UTC,avalanche,0xb97ef9ef8734c71904d8002f8b6bc66dd9c48a6e,blacklist(address),,BLACKLISTER,,,Circle
CU-IMP-3568,ONCHAIN_TX,0x3faf507967f50fd66965860e4995ae565e98a163450e129255400dec0742333e,89223034,2026-07-01 16:29:34.000 UTC,avalanche,0xb97ef9ef8734c71904d8002f8b6bc66dd9c48a6e,blacklist(address),,BLACKLISTER,,,Circle
CU-IMP-3569,ONCHAIN_TX,0x0fcf46dec9c3692f574d000625014080ff7585636e17c72075370841574e0f1d,89223156,2026-07-01 16:31:42.000 UTC,avalanche,0xb97ef9ef8734c71904d8002f8b6bc66dd9c48a6e,blacklist(address),,BLACKLISTER,,,Circle
CU-IMP-3570,ONCHAIN_TX,0x053561ffb25d501b9b6644d74d54f0769d2c09f89f9d24784848b16f1ef38deb,89223167,2026-07-01 16:31:53.000 UTC,avalanche,0xb97ef9ef8734c71904d8002f8b6bc66dd9c48a6e,blacklist(address),,BLACKLISTER,,,Circle
CU-IMP-3571,ONCHAIN_TX,0x465105fb62b77f9c9c54295b1f396aa7b22c2e1615c94ddde1e90e56086dd537,89223189,2026-07-01 16:32:15.000 UTC,avalanche,0xb97ef9ef8734c71904d8002f8b6bc66dd9c48a6e,blacklist(address),,BLACKLISTER,,,Circle
CU-IMP-3572,ONCHAIN_TX,0x6cf227199b346fde644800f6821dea5ee6f2a01390370b82e590ddf350e3f7ae,89223241,2026-07-01 16:33:07.000 UTC,avalanche,0xb97ef9ef8734c71904d8002f8b6bc66dd9c48a6e,blacklist(address),,BLACKLISTER,,,Circle
CU-IMP-3573,ONCHAIN_TX,0xbeb5f32ebe57ccb3defe15b40faf90def2578a6750d12eecee1aaa9094a7923f,89223326,2026-07-01 16:34:34.000 UTC,avalanche,0xb97ef9ef8734c71904d8002f8b6bc66dd9c48a6e,blacklist(address),,BLACKLISTER,,,Circle
CU-IMP-3574,ONCHAIN_TX,0x276476664f9ba4f0337c1e7a01f07dfcac40421b197f7175f3e6aac2d468f74d,89223381,2026-07-01 16:35:28.000 UTC,avalanche,0xb97ef9ef8734c71904d8002f8b6bc66dd9c48a6e,blacklist(address),,BLACKLISTER,,,Circle
CU-IMP-3575,ONCHAIN_TX,0x6ce19e4601ba35d3e85770f473856bdbae6b389ff059b8e450f8aebacb60b842,89223490,2026-07-01 16:37:17.000 UTC,avalanche,0xb97ef9ef8734c71904d8002f8b6bc66dd9c48a6e,blacklist(address),,BLACKLISTER,,,Circle
CU-IMP-3576,ONCHAIN_TX,0x6466693952235845720919116b379d7f57a98bbadaac6f617f37eb39ff231998,89223688,2026-07-01 16:40:36.000 UTC,avalanche,0xb97ef9ef8734c71904d8002f8b6bc66dd9c48a6e,blacklist(address),,BLACKLISTER,,,Circle
CU-IMP-3577,ONCHAIN_TX,0xa46704c8878588b30e6110f8d14a0cf3486ec1518d96193712997a41acff5203,89223731,2026-07-01 16:41:19.000 UTC,avalanche,0xb97ef9ef8734c71904d8002f8b6bc66dd9c48a6e,blacklist(address),,BLACKLISTER,,,Circle
CU-IMP-3578,ONCHAIN_TX,0x2e6d15a6fa54462a76babc5aab1e968bed05a89c6f4b7737e501e61cca85bf6b,89223753,2026-07-01 16:41:41.000 UTC,avalanche,0xb97ef9ef8734c71904d8002f8b6bc66dd9c48a6e,blacklist(address),,BLACKLISTER,,,Circle
CU-IMP-3579,ONCHAIN_TX,0x8e4923fd1541736b3bf30d39fa9ef53384c98c911a87b8e7be1923dd5f2f0937,89223783,2026-07-01 16:42:14.000 UTC,avalanche,0xb97ef9ef8734c71904d8002f8b6bc66dd9c48a6e,blacklist(address),,BLACKLISTER,,,Circle
CU-IMP-3580,ONCHAIN_TX,0x3643ffc91fe1e0890e335b7e877ad96f449ddd9d92e6b294dd2ebfee4708c7e7,89223834,2026-07-01 16:43:05.000 UTC,avalanche,0xb97ef9ef8734c71904d8002f8b6bc66dd9c48a6e,blacklist(address),,BLACKLISTER,,,Circle
CU-IMP-3581,ONCHAIN_TX,0xb44e0451037abb759eeb6673b866e4d5a63721d15532ec2f1a22a0ef2f439a2e,89224358,2026-07-01 16:51:54.000 UTC,avalanche,0xb97ef9ef8734c71904d8002f8b6bc66dd9c48a6e,blacklist(address),,BLACKLISTER,,,Circle
CU-IMP-3582,ONCHAIN_TX,0x910d872065e321e5181fa1f66c867099ccfad44264abaa552ce440cc48e143f8,89224371,2026-07-01 16:52:07.000 UTC,avalanche,0xb97ef9ef8734c71904d8002f8b6bc66dd9c48a6e,blacklist(address),,BLACKLISTER,,,Circle
CU-IMP-3583,ONCHAIN_TX,0x6177f80bde4e9fc0d1e5b52d73776c1b10be75af3acd8e0bb5d19a2587fb04e7,89224469,2026-07-01 16:53:44.000 UTC,avalanche,0xb97ef9ef8734c71904d8002f8b6bc66dd9c48a6e,blacklist(address),,BLACKLISTER,,,Circle
CU-IMP-3584,ONCHAIN_TX,0x6a53cc700e8afc46dc46a0f67863f15eb4b7bc9474fa7664b831662e8af8fdc8,89224486,2026-07-01 16:54:01.000 UTC,avalanche,0xb97ef9ef8734c71904d8002f8b6bc66dd9c48a6e,blacklist(address),,BLACKLISTER,,,Circle
CU-IMP-3585,ONCHAIN_TX,0x204ac9b9af6d714dcc977523b32282a4ffaeab40efbfe388637a74c7319967ab,89224605,2026-07-01 16:56:00.000 UTC,avalanche,0xb97ef9ef8734c71904d8002f8b6bc66dd9c48a6e,blacklist(address),,BLACKLISTER,,,Circle
CU-IMP-3586,ONCHAIN_TX,0x33fb39563ff52709fd43d67907da00c162b489213eab4d023259264a58f933f6,89224786,2026-07-01 16:59:03.000 UTC,avalanche,0xb97ef9ef8734c71904d8002f8b6bc66dd9c48a6e,blacklist(address),,BLACKLISTER,,,Circle
CU-IMP-3587,ONCHAIN_TX,0x1c577a621ccfc704adc6955aeaa7bed0beb295eb79a0ca494ad6859323c8f84a,89224845,2026-07-01 17:00:01.000 UTC,avalanche,0xb97ef9ef8734c71904d8002f8b6bc66dd9c48a6e,blacklist(address),,BLACKLISTER,,,Circle
CU-IMP-3588,ONCHAIN_TX,0xa590238e33e2b942efab8ce492e978a7c5d75627df0e9bbe899f60690feaf81e,89225116,2026-07-01 17:04:53.000 UTC,avalanche,0xb97ef9ef8734c71904d8002f8b6bc66dd9c48a6e,blacklist(address),,BLACKLISTER,,,Circle
CU-IMP-3589,ONCHAIN_TX,0x11e2d6d1ccf50234b354f4a529c342f68c807251a4f0281afa739e45d70b1570,89225275,2026-07-01 17:07:33.000 UTC,avalanche,0xb97ef9ef8734c71904d8002f8b6bc66dd9c48a6e,blacklist(address),,BLACKLISTER,,,Circle
CU-IMP-3590,ONCHAIN_TX,0x1a05bb77cca7fb2638592cae31c6665dbb99ccec0f0fc732b4d327ad43d9e2b6,89225499,2026-07-01 17:11:16.000 UTC,avalanche,0xb97ef9ef8734c71904d8002f8b6bc66dd9c48a6e,blacklist(address),,BLACKLISTER,,,Circle
CU-IMP-3591,ONCHAIN_TX,0x88d9778629108ab2509aa014eb9caa763832c60ce2a988e2b3d27f1bbbb8bf3e,89225549,2026-07-01 17:12:06.000 UTC,avalanche,0xb97ef9ef8734c71904d8002f8b6bc66dd9c48a6e,blacklist(address),,BLACKLISTER,,,Circle
CU-IMP-3592,ONCHAIN_TX,0xec9d8e5406c81264457a9917ff0872f2a65a719e6b5f818b1ff6f2e42bcdc8b6,89225553,2026-07-01 17:12:10.000 UTC,avalanche,0xb97ef9ef8734c71904d8002f8b6bc66dd9c48a6e,blacklist(address),,BLACKLISTER,,,Circle
CU-IMP-3593,ONCHAIN_TX,0x20b6802d895b71953eacd1a295fc82e64688b1277b2f0b6a5c949c8c5c901a3f,89225683,2026-07-01 17:14:19.000 UTC,avalanche,0xb97ef9ef8734c71904d8002f8b6bc66dd9c48a6e,blacklist(address),,BLACKLISTER,,,Circle
CU-IMP-3594,ONCHAIN_TX,0x3b2dce0488dbd42eca4729d9b6319c10fdd2979edb01e2b793448b11bc00c347,89225711,2026-07-01 17:14:47.000 UTC,avalanche,0xb97ef9ef8734c71904d8002f8b6bc66dd9c48a6e,blacklist(address),,BLACKLISTER,,,Circle
CU-IMP-3595,ONCHAIN_TX,0x884e73782f0724e9c1aa5bdefde7a4b95121205c6674873eb567a35abab97af9,89225929,2026-07-01 17:18:26.000 UTC,avalanche,0xb97ef9ef8734c71904d8002f8b6bc66dd9c48a6e,blacklist(address),,BLACKLISTER,,,Circle
CU-IMP-3596,ONCHAIN_TX,0xbe7b2822ce1288ba833193dac6422ebcb4b8c2437b115a23386017922d864727,89226208,2026-07-01 17:23:04.000 UTC,avalanche,0xb97ef9ef8734c71904d8002f8b6bc66dd9c48a6e,blacklist(address),,BLACKLISTER,,,Circle
CU-IMP-3597,ONCHAIN_TX,0x47223a895b2ef83d6eab9322a30e9165ddd6deda253fa29694d3ae37e38a1cb8,89226211,2026-07-01 17:23:07.000 UTC,avalanche,0xb97ef9ef8734c71904d8002f8b6bc66dd9c48a6e,blacklist(address),,BLACKLISTER,,,Circle
CU-IMP-3598,ONCHAIN_TX,0xed774565b86991f4f0ddd72180fd22c97aedbeee0d23507fb327f35251fd8135,89226253,2026-07-01 17:23:49.000 UTC,avalanche,0xb97ef9ef8734c71904d8002f8b6bc66dd9c48a6e,blacklist(address),,BLACKLISTER,,,Circle
CU-IMP-3599,ONCHAIN_TX,0xf5dfc7b6d8844a92679a1cd05320e5310c1d195479f6ed60c6d05b75bb03bdaa,89226262,2026-07-01 17:23:58.000 UTC,avalanche,0xb97ef9ef8734c71904d8002f8b6bc66dd9c48a6e,blacklist(address),,BLACKLISTER,,,Circle
CU-IMP-3600,ONCHAIN_TX,0x650c6d27a8258c33b7b7d8085e7409ea23b5a22a1e985309579e660880a9ed75,89226326,2026-07-01 17:25:02.000 UTC,avalanche,0xb97ef9ef8734c71904d8002f8b6bc66dd9c48a6e,blacklist(address),,BLACKLISTER,,,Circle
CU-IMP-3601,ONCHAIN_TX,0x53ffbb8ba4a21f90c2e4609c6cebbb87d124d4c266c63d1d68ee0210c6b3b621,89226838,2026-07-01 17:33:39.000 UTC,avalanche,0xb97ef9ef8734c71904d8002f8b6bc66dd9c48a6e,blacklist(address),,BLACKLISTER,,,Circle
CU-IMP-3602,ONCHAIN_TX,0x632dc0b7d93b17ca1ae4f781a6eb1db9352d9be93e7c9365ae078e18222b9322,89226922,2026-07-01 17:35:05.000 UTC,avalanche,0xb97ef9ef8734c71904d8002f8b6bc66dd9c48a6e,blacklist(address),,BLACKLISTER,,,Circle
CU-IMP-3603,ONCHAIN_TX,0xc1406f9f087cc84c3c1df89224b486197897bf8368ca491ae1d625c50130016e,89227024,2026-07-01 17:36:47.000 UTC,avalanche,0xb97ef9ef8734c71904d8002f8b6bc66dd9c48a6e,blacklist(address),,BLACKLISTER,,,Circle
CU-IMP-3604,ONCHAIN_TX,0x69cd64afdb295a53e4dfcbd79709d1c418bfcdb2d21c56a7d3274248b23a549c,89227209,2026-07-01 17:39:51.000 UTC,avalanche,0xb97ef9ef8734c71904d8002f8b6bc66dd9c48a6e,blacklist(address),,BLACKLISTER,,,Circle
CU-IMP-3605,ONCHAIN_TX,0xadeff01a0820aea8053d10b8008bc10b169aa003e47930c922f17d0e90e9eac7,89227230,2026-07-01 17:40:12.000 UTC,avalanche,0xb97ef9ef8734c71904d8002f8b6bc66dd9c48a6e,blacklist(address),,BLACKLISTER,,,Circle
CU-IMP-3606,ONCHAIN_TX,0x08085963d6272b7e6f3dc4242699eb31633fb209b993fa7abfec7b60cfcd31ba,89227244,2026-07-01 17:40:26.000 UTC,avalanche,0xb97ef9ef8734c71904d8002f8b6bc66dd9c48a6e,blacklist(address),,BLACKLISTER,,,Circle
CU-IMP-3607,ONCHAIN_TX,0xda67b67e1337423a68505f2ea91413ff391f877c710e20a9d164f7a5b639d26a,89227276,2026-07-01 17:40:58.000 UTC,avalanche,0xb97ef9ef8734c71904d8002f8b6bc66dd9c48a6e,blacklist(address),,BLACKLISTER,,,Circle
CU-IMP-3608,ONCHAIN_TX,0x5c8e321d8af6a17fb27431e5c90908dba74590106d9f0ba77066a26d99e1f19a,89227358,2026-07-01 17:42:19.000 UTC,avalanche,0xb97ef9ef8734c71904d8002f8b6bc66dd9c48a6e,blacklist(address),,BLACKLISTER,,,Circle
CU-IMP-3609,ONCHAIN_TX,0x71b5ebd187f7732a173d3fbf14ffb25cbd498898f6d32dbf45aa652f63c3aae9,89227363,2026-07-01 17:42:24.000 UTC,avalanche,0xb97ef9ef8734c71904d8002f8b6bc66dd9c48a6e,blacklist(address),,BLACKLISTER,,,Circle
CU-IMP-3610,ONCHAIN_TX,0x39a29d2b33312c47d55cbc2e14b65e05d655727c1a6439b19b47ceff8f9c7d05,89227476,2026-07-01 17:44:23.000 UTC,avalanche,0xb97ef9ef8734c71904d8002f8b6bc66dd9c48a6e,blacklist(address),,BLACKLISTER,,,Circle
CU-IMP-3611,ONCHAIN_TX,0x7d04ef87835831109af9dee6a4efb456e121d6d7ecaffe1874d50132fc0a9e20,89227493,2026-07-01 17:44:40.000 UTC,avalanche,0xb97ef9ef8734c71904d8002f8b6bc66dd9c48a6e,blacklist(address),,BLACKLISTER,,,Circle
CU-IMP-3612,ONCHAIN_TX,0xd8a8590ada51c191f613bee0114ba6463e6450260b66e7d3c1a6e4ff396988e3,89227688,2026-07-01 17:47:57.000 UTC,avalanche,0xb97ef9ef8734c71904d8002f8b6bc66dd9c48a6e,blacklist(address),,BLACKLISTER,,,Circle
CU-IMP-3613,ONCHAIN_TX,0xe2287de59d7043d82d81836be05f440efaeff189eb361dace71e3b394af947e9,89228202,2026-07-01 17:56:46.000 UTC,avalanche,0xb97ef9ef8734c71904d8002f8b6bc66dd9c48a6e,blacklist(address),,BLACKLISTER,,,Circle
CU-IMP-3614,ONCHAIN_TX,0x10aa54e7f62e89bc53798dd44d9dc471e0f2901a93adc92328de82401c8d18cd,89228345,2026-07-01 17:59:08.000 UTC,avalanche,0xb97ef9ef8734c71904d8002f8b6bc66dd9c48a6e,blacklist(address),,BLACKLISTER,,,Circle
CU-IMP-3615,ONCHAIN_TX,0xc1d2efe1b234121314bd68f3b981544e1c4c5eeb2cd336d15b7f3186e2d29d80,89228490,2026-07-01 18:01:36.000 UTC,avalanche,0xb97ef9ef8734c71904d8002f8b6bc66dd9c48a6e,blacklist(address),,BLACKLISTER,,,Circle
CU-IMP-3616,ONCHAIN_TX,0x37ebbe1483e8856d6bceab51e781f6a8f201c6a97536d54792537f6419ae9eb5,89228553,2026-07-01 18:02:39.000 UTC,avalanche,0xb97ef9ef8734c71904d8002f8b6bc66dd9c48a6e,blacklist(address),,BLACKLISTER,,,Circle
CU-IMP-3617,ONCHAIN_TX,0xa2e194908f1c9d23f2cdd0ecfe3c2bd859fe5e927fbbc29a4e4a25059f38ed3f,89228592,2026-07-01 18:03:21.000 UTC,avalanche,0xb97ef9ef8734c71904d8002f8b6bc66dd9c48a6e,blacklist(address),,BLACKLISTER,,,Circle
CU-IMP-3618,ONCHAIN_TX,0x54b8e9158fa642c0b599698f2b487bc92d435d2a7919eb9867c2aa7ded0a66f4,89228730,2026-07-01 18:05:43.000 UTC,avalanche,0xb97ef9ef8734c71904d8002f8b6bc66dd9c48a6e,blacklist(address),,BLACKLISTER,,,Circle
CU-IMP-3619,ONCHAIN_TX,0x9b3a038672fa31b926ef0fbcf65b28da0cd3c6338d3860da88552b55af5e7618,89228784,2026-07-01 18:06:37.000 UTC,avalanche,0xb97ef9ef8734c71904d8002f8b6bc66dd9c48a6e,blacklist(address),,BLACKLISTER,,,Circle
CU-IMP-3620,ONCHAIN_TX,0x36b357f06aa6d4d3ea0f38c46a7989ac829cb2c131a7421b506436f22960e2f3,89228860,2026-07-01 18:07:53.000 UTC,avalanche,0xb97ef9ef8734c71904d8002f8b6bc66dd9c48a6e,blacklist(address),,BLACKLISTER,,,Circle
CU-IMP-3621,ONCHAIN_TX,0x5654791eb92c46ba4cb2bf00f51f4d94d0059aeb2fb13e6c20c80ad8a56a0bbb,89228876,2026-07-01 18:08:12.000 UTC,avalanche,0xb97ef9ef8734c71904d8002f8b6bc66dd9c48a6e,blacklist(address),,BLACKLISTER,,,Circle
CU-IMP-3622,ONCHAIN_TX,0xf38a2afb6dc55755135a9ac8ee17512a61fa97bcb394b337f29b26b24bb00973,89229007,2026-07-01 18:10:23.000 UTC,avalanche,0xb97ef9ef8734c71904d8002f8b6bc66dd9c48a6e,blacklist(address),,BLACKLISTER,,,Circle
CU-IMP-3623,ONCHAIN_TX,0xec1962391d53e30ce9db92c98648a703eb1d860325619b6a7940d31ca5d92971,89229272,2026-07-01 18:14:49.000 UTC,avalanche,0xb97ef9ef8734c71904d8002f8b6bc66dd9c48a6e,blacklist(address),,BLACKLISTER,,,Circle
CU-IMP-3624,ONCHAIN_TX,0xe4431feb5221bc15c4b3e4de8109aafc7c78fe194d9a6bc7d97a1eddf3373ede,89229557,2026-07-01 18:19:36.000 UTC,avalanche,0xb97ef9ef8734c71904d8002f8b6bc66dd9c48a6e,blacklist(address),,BLACKLISTER,,,Circle
CU-IMP-3625,ONCHAIN_TX,0x8f5a76658dfe3ad154fb7fecf3f37799bac15e95d2639d7d9782b1597e3a318a,89229622,2026-07-01 18:20:41.000 UTC,avalanche,0xb97ef9ef8734c71904d8002f8b6bc66dd9c48a6e,blacklist(address),,BLACKLISTER,,,Circle
CU-IMP-3626,ONCHAIN_TX,0x66688711875db27102d3c73a9c944889aa5e882cfc4ae7c1a39ac47266823fa5,89229705,2026-07-01 18:22:03.000 UTC,avalanche,0xb97ef9ef8734c71904d8002f8b6bc66dd9c48a6e,blacklist(address),,BLACKLISTER,,,Circle
CU-IMP-3627,ONCHAIN_TX,0xd16c7699e7ec271e602063991d3de13cea582a5cc04d1ebb0e7fc313239cc755,89229791,2026-07-01 18:23:30.000 UTC,avalanche,0xb97ef9ef8734c71904d8002f8b6bc66dd9c48a6e,blacklist(address),,BLACKLISTER,,,Circle
CU-IMP-3628,ONCHAIN_TX,0x9500fea06e66afb89660109d5e175c594d60c130ebba025a7620850bebb6d69b,89229849,2026-07-01 18:24:28.000 UTC,avalanche,0xb97ef9ef8734c71904d8002f8b6bc66dd9c48a6e,blacklist(address),,BLACKLISTER,,,Circle
CU-IMP-3629,ONCHAIN_TX,0x3b6ecdd5196ff259ce2ce9be27ef837059938536cc1e5de750eb32e5451a044c,89230266,2026-07-01 18:31:23.000 UTC,avalanche,0xb97ef9ef8734c71904d8002f8b6bc66dd9c48a6e,blacklist(address),,BLACKLISTER,,,Circle
CU-IMP-3630,ONCHAIN_TX,0xf37258367a2d80dc1c1c7f14b8a7efd60f7dbc7bcfdaa39e01e46e0fc54c571f,89230288,2026-07-01 18:31:45.000 UTC,avalanche,0xb97ef9ef8734c71904d8002f8b6bc66dd9c48a6e,blacklist(address),,BLACKLISTER,,,Circle
CU-IMP-3631,ONCHAIN_TX,0xb74a4ef8595810baba92d3e03394a90a460271325396ee910d5b5fb3080d2f29,89230307,2026-07-01 18:32:06.000 UTC,avalanche,0xb97ef9ef8734c71904d8002f8b6bc66dd9c48a6e,blacklist(address),,BLACKLISTER,,,Circle
CU-IMP-3632,ONCHAIN_TX,0xb9412e72a5ace3ba175619310f48252b0046fa4099b694ed186bc2331b961171,89230547,2026-07-01 18:36:26.000 UTC,avalanche,0xb97ef9ef8734c71904d8002f8b6bc66dd9c48a6e,blacklist(address),,BLACKLISTER,,,Circle
CU-IMP-3633,ONCHAIN_TX,0x424de1c49aeb6f9abfb79ecf1916faf607deb5a14ed0421216cde8ffe83715e7,89230579,2026-07-01 18:36:58.000 UTC,avalanche,0xb97ef9ef8734c71904d8002f8b6bc66dd9c48a6e,blacklist(address),,BLACKLISTER,,,Circle
CU-IMP-3634,ONCHAIN_TX,0xee722b518a934e0a5acb19b547b030c30ec8138d90259bf172dd234cc01e300e,89230731,2026-07-01 18:39:38.000 UTC,avalanche,0xb97ef9ef8734c71904d8002f8b6bc66dd9c48a6e,blacklist(address),,BLACKLISTER,,,Circle
CU-IMP-3635,ONCHAIN_TX,0x462f3f0c18334151066557042af6ead40088e837b17e688adf3ed870615c43b4,89230912,2026-07-01 18:42:50.000 UTC,avalanche,0xb97ef9ef8734c71904d8002f8b6bc66dd9c48a6e,blacklist(address),,BLACKLISTER,,,Circle
CU-IMP-3636,ONCHAIN_TX,0xa1065f8139d3a3da7afe13170fe4c1f7ddc2a2d2c68dc81ea8603e4bebea81f1,89230964,2026-07-01 18:43:42.000 UTC,avalanche,0xb97ef9ef8734c71904d8002f8b6bc66dd9c48a6e,blacklist(address),,BLACKLISTER,,,Circle
CU-IMP-3637,ONCHAIN_TX,0x7318ca1876880fa0146cb4137aba1de50f6c05e706ac7eb0d8968dc428b6132c,89231017,2026-07-01 18:44:39.000 UTC,avalanche,0xb97ef9ef8734c71904d8002f8b6bc66dd9c48a6e,blacklist(address),,BLACKLISTER,,,Circle
CU-IMP-3638,ONCHAIN_TX,0xbfce608fe48c00cc10e7fbbc25d849be5e851d6d6831227c20fd9fb586e3e35d,89231300,2026-07-01 18:49:27.000 UTC,avalanche,0xb97ef9ef8734c71904d8002f8b6bc66dd9c48a6e,blacklist(address),,BLACKLISTER,,,Circle
CU-IMP-3639,ONCHAIN_TX,0xf44fb954f4031592e1f628edc2a535d9ba3c7c43600da817990c930398fa016a,89231401,2026-07-01 18:51:13.000 UTC,avalanche,0xb97ef9ef8734c71904d8002f8b6bc66dd9c48a6e,blacklist(address),,BLACKLISTER,,,Circle
CU-IMP-3640,ONCHAIN_TX,0x867db31ee369125948c1f22f4f90647ec0e4e7d18c500dff138a7a87e8a2bc58,89231404,2026-07-01 18:51:15.000 UTC,avalanche,0xb97ef9ef8734c71904d8002f8b6bc66dd9c48a6e,blacklist(address),,BLACKLISTER,,,Circle
CU-IMP-3641,ONCHAIN_TX,0x0563653c671923fa480cf0a5385dab7e1a84b068f213c2bd114f4710927862f3,89231448,2026-07-01 18:51:59.000 UTC,avalanche,0xb97ef9ef8734c71904d8002f8b6bc66dd9c48a6e,blacklist(address),,BLACKLISTER,,,Circle
CU-IMP-3642,ONCHAIN_TX,0xcb3d5f1474af56937fc3a9694e5344c60b31307b9178183c26b88df1dd9a0227,89231476,2026-07-01 18:52:31.000 UTC,avalanche,0xb97ef9ef8734c71904d8002f8b6bc66dd9c48a6e,blacklist(address),,BLACKLISTER,,,Circle
CU-IMP-3643,ONCHAIN_TX,0xcfbc2e4a73d8d67972b332b65a72dcea28a45b2553e3649a6c64c2499443cf04,89231488,2026-07-01 18:52:42.000 UTC,avalanche,0xb97ef9ef8734c71904d8002f8b6bc66dd9c48a6e,blacklist(address),,BLACKLISTER,,,Circle
CU-IMP-3644,ONCHAIN_TX,0x91f5752e0cf411f6e8a5270ef111126967c885b97acb7add958c8f7010dd58a8,89231496,2026-07-01 18:52:51.000 UTC,avalanche,0xb97ef9ef8734c71904d8002f8b6bc66dd9c48a6e,blacklist(address),,BLACKLISTER,,,Circle
CU-IMP-3645,ONCHAIN_TX,0xa8ebe6d87f35a59756fd24503455b37eb4418b354528ab5b210377cf00d65b0d,89231613,2026-07-01 18:54:47.000 UTC,avalanche,0xb97ef9ef8734c71904d8002f8b6bc66dd9c48a6e,blacklist(address),,BLACKLISTER,,,Circle
CU-IMP-3646,ONCHAIN_TX,0x8d0fcd6867bbc03b6c21ed468b97dad586595f26658e278ca7d61eaa64f7365f,89231800,2026-07-01 18:57:56.000 UTC,avalanche,0xb97ef9ef8734c71904d8002f8b6bc66dd9c48a6e,blacklist(address),,BLACKLISTER,,,Circle
CU-IMP-3647,ONCHAIN_TX,0x28537f1c8cda7c4875d6a06c254b477eddbec9bba7504377c69b427f5a60a172,89232088,2026-07-01 19:02:44.000 UTC,avalanche,0xb97ef9ef8734c71904d8002f8b6bc66dd9c48a6e,blacklist(address),,BLACKLISTER,,,Circle
CU-IMP-3648,ONCHAIN_TX,0x9b911b9377b9fb3ce9ba60d2528d46b337417ca80aa43b9473bc762414495262,89232401,2026-07-01 19:08:07.000 UTC,avalanche,0xb97ef9ef8734c71904d8002f8b6bc66dd9c48a6e,blacklist(address),,BLACKLISTER,,,Circle
CU-IMP-3649,ONCHAIN_TX,0x561baa8ab180ae6eb8fe6bcb20db283c9f7325841a0d706d1547159bdcd41317,89232531,2026-07-01 19:10:20.000 UTC,avalanche,0xb97ef9ef8734c71904d8002f8b6bc66dd9c48a6e,blacklist(address),,BLACKLISTER,,,Circle
CU-IMP-3650,ONCHAIN_TX,0xd46cb87189bc537f899fbf89b9e3d0730784af3e64ee1f2edbfbde4a060085be,89232706,2026-07-01 19:13:19.000 UTC,avalanche,0xb97ef9ef8734c71904d8002f8b6bc66dd9c48a6e,blacklist(address),,BLACKLISTER,,,Circle
CU-IMP-3651,ONCHAIN_TX,0x9b97e19633f6436d966f52a9c65d68053d5d7c68e23ead9e7759af99792b47f4,89232762,2026-07-01 19:14:15.000 UTC,avalanche,0xb97ef9ef8734c71904d8002f8b6bc66dd9c48a6e,blacklist(address),,BLACKLISTER,,,Circle
CU-IMP-3652,ONCHAIN_TX,0x629f0aa9d4fa80b238e4fc919ec06e6c28932b222492bf5bfc0eca07187e52d8,89232836,2026-07-01 19:15:28.000 UTC,avalanche,0xb97ef9ef8734c71904d8002f8b6bc66dd9c48a6e,blacklist(address),,BLACKLISTER,,,Circle
CU-IMP-3653,ONCHAIN_TX,0x2395ef53f36dc62e3237e12bb8c4ff741197c34ee8e6dab2d12fa307e28eb53d,89232863,2026-07-01 19:15:55.000 UTC,avalanche,0xb97ef9ef8734c71904d8002f8b6bc66dd9c48a6e,blacklist(address),,BLACKLISTER,,,Circle
CU-IMP-3654,ONCHAIN_TX,0x5ac03d7068613e22a5f7e56ca72a9d34fea5ad8b377d9deef157e7f5381250c9,89232987,2026-07-01 19:17:59.000 UTC,avalanche,0xb97ef9ef8734c71904d8002f8b6bc66dd9c48a6e,blacklist(address),,BLACKLISTER,,,Circle
CU-IMP-3655,ONCHAIN_TX,0x58f91077146480c4eba863e6e47bef37e2f676de741910ffe99bcdbbcdd669c7,89233086,2026-07-01 19:19:48.000 UTC,avalanche,0xb97ef9ef8734c71904d8002f8b6bc66dd9c48a6e,blacklist(address),,BLACKLISTER,,,Circle
CU-IMP-3656,ONCHAIN_TX,0x765787864223681067195f471501cf529cf5be5deac156387f248f7e7b9a956a,89233189,2026-07-01 19:21:40.000 UTC,avalanche,0xb97ef9ef8734c71904d8002f8b6bc66dd9c48a6e,blacklist(address),,BLACKLISTER,,,Circle
CU-IMP-3657,ONCHAIN_TX,0x881ce396347fb7e8806f440dc8672cfdfb2d683c115bd22b6587d9b5403bed70,89233231,2026-07-01 19:22:22.000 UTC,avalanche,0xb97ef9ef8734c71904d8002f8b6bc66dd9c48a6e,blacklist(address),,BLACKLISTER,,,Circle
CU-IMP-3658,ONCHAIN_TX,0xa13585e37769c8c84b4811157ef226b587a2fb4996e5e8ea7d4fbc19b495b360,89233252,2026-07-01 19:22:43.000 UTC,avalanche,0xb97ef9ef8734c71904d8002f8b6bc66dd9c48a6e,blacklist(address),,BLACKLISTER,,,Circle
CU-IMP-3659,ONCHAIN_TX,0x7a833b6b19e5621c7888821cb7a0be3296f0be8c339fcc973e1dde39bf7960d0,89233452,2026-07-01 19:26:09.000 UTC,avalanche,0xb97ef9ef8734c71904d8002f8b6bc66dd9c48a6e,blacklist(address),,BLACKLISTER,,,Circle
CU-IMP-3660,ONCHAIN_TX,0x449ae23f7d3ba397a53247114738597615d59cbf58cd5cffe61786da7e0ac45d,89233574,2026-07-01 19:28:29.000 UTC,avalanche,0xb97ef9ef8734c71904d8002f8b6bc66dd9c48a6e,blacklist(address),,BLACKLISTER,,,Circle
CU-IMP-3661,ONCHAIN_TX,0x48a954e4849325dd1ff73e1aa6592fc01a9ae0990af7a370771140d728549bd3,89233670,2026-07-01 19:30:04.000 UTC,avalanche,0xb97ef9ef8734c71904d8002f8b6bc66dd9c48a6e,blacklist(address),,BLACKLISTER,,,Circle
CU-IMP-3662,ONCHAIN_TX,0x482ec315994099f561d57405ce0acfac04d4e56b4ea49b12cca2aebcbec101c1,89233836,2026-07-01 19:32:49.000 UTC,avalanche,0xb97ef9ef8734c71904d8002f8b6bc66dd9c48a6e,blacklist(address),,BLACKLISTER,,,Circle
CU-IMP-3663,ONCHAIN_TX,0xaf2775fe6c672b635d5c09d88c796e38e0774befe1f3acad00d99feac6c4ae10,90215022,2026-07-13 15:19:03.000 UTC,avalanche,0xb97ef9ef8734c71904d8002f8b6bc66dd9c48a6e,blacklist(address),,BLACKLISTER,,,Circle
CU-IMP-3664,ONCHAIN_TX,0xb31769ed36f6eecc30600489fe4a2a076b72e4db19657247478bea6f517f045a,90215106,2026-07-13 15:20:29.000 UTC,avalanche,0xb97ef9ef8734c71904d8002f8b6bc66dd9c48a6e,blacklist(address),,BLACKLISTER,,,Circle
CU-IMP-3665,ONCHAIN_TX,0x90144a4809b266575b65ed3e110012042000d6b7dd39c73ae12c8939a0a59703,90215180,2026-07-13 15:21:46.000 UTC,avalanche,0xb97ef9ef8734c71904d8002f8b6bc66dd9c48a6e,blacklist(address),,BLACKLISTER,,,Circle
CU-IMP-3666,ONCHAIN_TX,0x4da340aceb005df0266d584dadb1878dd9218e06906de616ab384ab734107f85,90215212,2026-07-13 15:22:18.000 UTC,avalanche,0xb97ef9ef8734c71904d8002f8b6bc66dd9c48a6e,blacklist(address),,BLACKLISTER,,,Circle
CU-IMP-3667,ONCHAIN_TX,0xc1e03b60975e7a4d4da5a2b3118baa5d62090029ec80b9154c73ca884d761030,90215596,2026-07-13 15:29:04.000 UTC,avalanche,0xb97ef9ef8734c71904d8002f8b6bc66dd9c48a6e,blacklist(address),,BLACKLISTER,,,Circle
CU-IMP-3668,ONCHAIN_TX,0xda748ae3a269c434ee373a666f710524c8a84c976a0d773c78f2de4da359cdc0,90215647,2026-07-13 15:29:57.000 UTC,avalanche,0xb97ef9ef8734c71904d8002f8b6bc66dd9c48a6e,blacklist(address),,BLACKLISTER,,,Circle
CU-IMP-3669,ONCHAIN_TX,0x8c3e1cc7405a73135ca3319a3aa7965bb2595e2fbabb616b4aced2480a4797db,90316309,2026-07-14 20:22:41.000 UTC,avalanche,0xb97ef9ef8734c71904d8002f8b6bc66dd9c48a6e,blacklist(address),,BLACKLISTER,,,Circle
CU-IMP-3670,ONCHAIN_TX,0x32c1ed46455574be951b99981ad467f4021db173139b2815bae656f0c391a3d4,90316558,2026-07-14 20:26:57.000 UTC,avalanche,0xb97ef9ef8734c71904d8002f8b6bc66dd9c48a6e,blacklist(address),,BLACKLISTER,,,Circle
CU-IMP-3671,ONCHAIN_TX,0x7d378b7ceb06ffc15c21c69d532c3a3c0427f1317fe927db54562328cfc6431c,90316666,2026-07-14 20:28:46.000 UTC,avalanche,0xb97ef9ef8734c71904d8002f8b6bc66dd9c48a6e,blacklist(address),,BLACKLISTER,,,Circle
CU-IMP-3672,ONCHAIN_TX,0x0f66b404275b71dc0288465299c6221269405a68c3866020f8bb27374a5af087,90316742,2026-07-14 20:30:02.000 UTC,avalanche,0xb97ef9ef8734c71904d8002f8b6bc66dd9c48a6e,blacklist(address),,BLACKLISTER,,,Circle
CU-IMP-3673,ONCHAIN_TX,0xc4a1955f39b162e7fde72b9db93bce29d04e43ec3a66f8bb586168d03e219841,91059068,2026-07-23 18:44:56.000 UTC,avalanche,0xb97ef9ef8734c71904d8002f8b6bc66dd9c48a6e,blacklist(address),,BLACKLISTER,,,Circle
CU-IMP-3674,ONCHAIN_TX,0x2b4a961107c6e6e447543f92ec5a3bb6318c4fa373c170a2614bfb914b355734,91059149,2026-07-23 18:46:20.000 UTC,avalanche,0xb97ef9ef8734c71904d8002f8b6bc66dd9c48a6e,blacklist(address),,BLACKLISTER,,,Circle
CU-IMP-3675,ONCHAIN_TX,0x5c8680155fd62086ebe5ad7afa8c67c0047318c41587a6b41cee8f2beccbfe20,91059231,2026-07-23 18:47:45.000 UTC,avalanche,0xb97ef9ef8734c71904d8002f8b6bc66dd9c48a6e,blacklist(address),,BLACKLISTER,,,Circle
CU-IMP-3676,ONCHAIN_TX,0x89b6118bbe152032ea7d7b3ab3cdf0b8a4d15945bc355c88991b2dfb34e83b59,91059319,2026-07-23 18:49:22.000 UTC,avalanche,0xb97ef9ef8734c71904d8002f8b6bc66dd9c48a6e,blacklist(address),,BLACKLISTER,,,Circle
CU-IMP-3677,ONCHAIN_TX,0x463681c9bdd1b7cf10934a26e8fb50ab9eead3c5b9002364e0772ab91edbf253,91059457,2026-07-23 18:51:46.000 UTC,avalanche,0xb97ef9ef8734c71904d8002f8b6bc66dd9c48a6e,blacklist(address),,BLACKLISTER,,,Circle
CU-IMP-3678,ONCHAIN_TX,0xd8620f077c9dd18233e8990f07ae2a2dd69f6dde3ecf2db151119fc760029508,91059686,2026-07-23 18:55:48.000 UTC,avalanche,0xb97ef9ef8734c71904d8002f8b6bc66dd9c48a6e,blacklist(address),,BLACKLISTER,,,Circle
CU-IMP-3679,ONCHAIN_TX,0x320f3f381327a5ed1c1add93f16ec4ae66c4a8ff6467ad4182f9304869d029b8,91059734,2026-07-23 18:56:42.000 UTC,avalanche,0xb97ef9ef8734c71904d8002f8b6bc66dd9c48a6e,blacklist(address),,BLACKLISTER,,,Circle
CU-IMP-3680,ONCHAIN_TX,0xdbb58bf516c9ebb8bf88474ce9ab15b9dad0b51ecc1887c4651a97dabcc47cab,91537396,2026-07-29 18:22:29.000 UTC,avalanche,0xb97ef9ef8734c71904d8002f8b6bc66dd9c48a6e,blacklist(address),,BLACKLISTER,,,Circle
CU-IMP-3681,ONCHAIN_TX,0x56d5d46946fe5cfeba0c5b04e3b23e9ea68ae399067bb9f87f9589c5d9c6d61a,91537469,2026-07-29 18:23:45.000 UTC,avalanche,0xb97ef9ef8734c71904d8002f8b6bc66dd9c48a6e,blacklist(address),,BLACKLISTER,,,Circle
CU-IMP-3682,ONCHAIN_TX,0xe2df3f1c89f66267d6306a913b98089c7385e15845c57946ebe8bcf0546ab452,92265754,2026-08-07 19:15:58.000 UTC,avalanche,0xb97ef9ef8734c71904d8002f8b6bc66dd9c48a6e,blacklist(address),,BLACKLISTER,,,Circle
CU-IMP-3683,ONCHAIN_TX,0xc937e948befbb2e2fb9ae9b5589b31314c41ce3b7c6963604d96d607ad941aa6,92265850,2026-08-07 19:17:44.000 UTC,avalanche,0xb97ef9ef8734c71904d8002f8b6bc66dd9c48a6e,blacklist(address),,BLACKLISTER,,,Circle
CU-IMP-3684,ONCHAIN_TX,0x786f6816fc29aa120ce4f6f8917c758fb13b0e11475e544218d3478f3356c15b,92266006,2026-08-07 19:20:29.000 UTC,avalanche,0xb97ef9ef8734c71904d8002f8b6bc66dd9c48a6e,blacklist(address),,BLACKLISTER,,,Circle
CU-IMP-3685,ONCHAIN_TX,0x5d0f6442fc3c8786b1885dcd35e2f56edc746437e380808c2babfeef16380b9e,92266338,2026-08-07 19:26:34.000 UTC,avalanche,0xb97ef9ef8734c71904d8002f8b6bc66dd9c48a6e,blacklist(address),,BLACKLISTER,,,Circle
CU-IMP-3686,ONCHAIN_TX,0xecf144e119e2bc2f37e2c133fa774074d218809e86ccccda600c6dcefbb3e511,92266415,2026-08-07 19:28:00.000 UTC,avalanche,0xb97ef9ef8734c71904d8002f8b6bc66dd9c48a6e,blacklist(address),,BLACKLISTER,,,Circle
CU-IMP-3687,ONCHAIN_TX,0xb837da471d7b9ca5f1f0e158a22cf508b2f9bb67b5bb5d5e76a7a466784f28c0,92266530,2026-08-07 19:30:11.000 UTC,avalanche,0xb97ef9ef8734c71904d8002f8b6bc66dd9c48a6e,blacklist(address),,BLACKLISTER,,,Circle
CU-IMP-3688,ONCHAIN_TX,0x00219fd69f7a2142f41b2961600bee203691f72b219d51ebc08926e0e9577460,92266658,2026-08-07 19:32:47.000 UTC,avalanche,0xb97ef9ef8734c71904d8002f8b6bc66dd9c48a6e,blacklist(address),,BLACKLISTER,,,Circle
CU-IMP-3689,ONCHAIN_TX,0x7e0de0c8b93d9b7c3839dd37d8a11365daec84464b46fbf96fa638ecddcee82b,455937397,2026-04-24 18:30:49.000 UTC,arbitrum,0xaf88d065e77c8cc2239327c5edb3a432268e5831,blacklist(address),,BLACKLISTER,,,Circle
CU-IMP-3690,ONCHAIN_TX,0xcf25ef1a761032c5b7b1af72754700ccdc0ff8755f3ae443194837fb75009a7b,455937652,2026-04-24 18:31:52.000 UTC,arbitrum,0xaf88d065e77c8cc2239327c5edb3a432268e5831,blacklist(address),,BLACKLISTER,,,Circle
CU-IMP-3691,ONCHAIN_TX,0x6e40eacbcc568dca7446f946156218a494a172f81a61587d5cebeee471f79c69,464846106,2026-05-20 15:19:37.000 UTC,arbitrum,0xaf88d065e77c8cc2239327c5edb3a432268e5831,blacklist(address),,BLACKLISTER,,,Circle
CU-IMP-3692,ONCHAIN_TX,0x89aa2999495b3ba341f2df562d3882a80ef385ddd8367a58a018a9c2b380ead3,464846712,2026-05-20 15:22:09.000 UTC,arbitrum,0xaf88d065e77c8cc2239327c5edb3a432268e5831,blacklist(address),,BLACKLISTER,,,Circle
CU-IMP-3693,ONCHAIN_TX,0xaadc4d489e256c7ed617c30a1fe46c381c09960d5826a47d6eebb049f73d6e7b,464846845,2026-05-20 15:22:42.000 UTC,arbitrum,0xaf88d065e77c8cc2239327c5edb3a432268e5831,blacklist(address),,BLACKLISTER,,,Circle
CU-IMP-3694,ONCHAIN_TX,0xd5c1634399e6b72df9e748e285c720eb8a4c8b1aa560645265d2376d42509c30,464847252,2026-05-20 15:24:24.000 UTC,arbitrum,0xaf88d065e77c8cc2239327c5edb3a432268e5831,blacklist(address),,BLACKLISTER,,,Circle
CU-IMP-3695,ONCHAIN_TX,0xf458b3d660803fb6ca78f2e8702fa2d19f48854857c23f14c2f9f70acefcc69f,464848419,2026-05-20 15:29:15.000 UTC,arbitrum,0xaf88d065e77c8cc2239327c5edb3a432268e5831,blacklist(address),,BLACKLISTER,,,Circle
CU-IMP-3696,ONCHAIN_TX,0x33a3b3b5a871cd84e0f19c12cb0fdce1af5d37e1f835fde97824c67081a7dfc1,464849207,2026-05-20 15:32:31.000 UTC,arbitrum,0xaf88d065e77c8cc2239327c5edb3a432268e5831,blacklist(address),,BLACKLISTER,,,Circle
CU-IMP-3697,ONCHAIN_TX,0xc67f0e75600591c6872acead02fbae3102749f531e8840fc51ab8f0e6bb9a332,466902584,2026-05-26 15:16:00.000 UTC,arbitrum,0xaf88d065e77c8cc2239327c5edb3a432268e5831,blacklist(address),,BLACKLISTER,,,Circle
CU-IMP-3698,ONCHAIN_TX,0x43107e6fd002c7b6603151a9c7ec7b0b33e4414433b65be242704fcca9ce9d42,466902636,2026-05-26 15:16:13.000 UTC,arbitrum,0xaf88d065e77c8cc2239327c5edb3a432268e5831,blacklist(address),,BLACKLISTER,,,Circle
CU-IMP-3699,ONCHAIN_TX,0xcf3bfd7251e60a47d389bd2935a63eadb0e4eb0d05471d6755f1f0581515ffbd,466903635,2026-05-26 15:20:22.000 UTC,arbitrum,0xaf88d065e77c8cc2239327c5edb3a432268e5831,blacklist(address),,BLACKLISTER,,,Circle
CU-IMP-3700,ONCHAIN_TX,0x6b61aa8186ca855892373d574f71186efcc05e9a47a0b5b43cf8f7c0dd7b2170,476237126,2026-06-22 18:07:07.000 UTC,arbitrum,0xaf88d065e77c8cc2239327c5edb3a432268e5831,blacklist(address),,BLACKLISTER,,,Circle
CU-IMP-3701,ONCHAIN_TX,0x45102d6f0de4acfc3845694884d571b3cef7b3322318332da10718afcce3f5e8,476237536,2026-06-22 18:08:50.000 UTC,arbitrum,0xaf88d065e77c8cc2239327c5edb3a432268e5831,blacklist(address),,BLACKLISTER,,,Circle
CU-IMP-3702,ONCHAIN_TX,0xc81a62fde6449c62fc7f62fd681a3acce54d0fa8bf837c92818b92045850bfc3,479309400,2026-07-01 15:14:01.000 UTC,arbitrum,0xaf88d065e77c8cc2239327c5edb3a432268e5831,blacklist(address),,BLACKLISTER,,,Circle
CU-IMP-3703,ONCHAIN_TX,0x1786f0547521bd70722c8b5dc2168f25e10f38363f4f7306b38237529b6900d1,479309614,2026-07-01 15:14:54.000 UTC,arbitrum,0xaf88d065e77c8cc2239327c5edb3a432268e5831,blacklist(address),,BLACKLISTER,,,Circle
CU-IMP-3704,ONCHAIN_TX,0x3c6cee6d1542f74f118d8b3b41e87f72c5d85bddba95e9366ebe259b384890fc,479310685,2026-07-01 15:19:21.000 UTC,arbitrum,0xaf88d065e77c8cc2239327c5edb3a432268e5831,blacklist(address),,BLACKLISTER,,,Circle
CU-IMP-3705,ONCHAIN_TX,0x29228a65fdd95ad8d382092316210916b94cc851729d14cf6d57c43b28d5eeb1,479311722,2026-07-01 15:23:41.000 UTC,arbitrum,0xaf88d065e77c8cc2239327c5edb3a432268e5831,blacklist(address),,BLACKLISTER,,,Circle
CU-IMP-3706,ONCHAIN_TX,0xb0bbe3f71f73b792b1ff22334bcce2cdb51315df390b76674971567d67b5f5f1,479312401,2026-07-01 15:26:29.000 UTC,arbitrum,0xaf88d065e77c8cc2239327c5edb3a432268e5831,blacklist(address),,BLACKLISTER,,,Circle
CU-IMP-3707,ONCHAIN_TX,0x9d427cbe3d0c55bca640041bcb2f66c129088581ff6e448a49a393cf8f683bf0,479312487,2026-07-01 15:26:51.000 UTC,arbitrum,0xaf88d065e77c8cc2239327c5edb3a432268e5831,blacklist(address),,BLACKLISTER,,,Circle
CU-IMP-3708,ONCHAIN_TX,0x4ce90f57a29484d0423854b77d3d5df5325d7033daa805b8f3834ba2f437b081,479312795,2026-07-01 15:28:08.000 UTC,arbitrum,0xaf88d065e77c8cc2239327c5edb3a432268e5831,blacklist(address),,BLACKLISTER,,,Circle
CU-IMP-3709,ONCHAIN_TX,0x03e9363c4f8a7e20f4162a945533e22ffd873b05d7c18e4e850bacae5b9313ab,479312993,2026-07-01 15:28:58.000 UTC,arbitrum,0xaf88d065e77c8cc2239327c5edb3a432268e5831,blacklist(address),,BLACKLISTER,,,Circle
CU-IMP-3710,ONCHAIN_TX,0x421b450ecfd8214d697a09005fd8d085ba01d3f12807ea1f3775911fdf1039b3,479313510,2026-07-01 15:31:07.000 UTC,arbitrum,0xaf88d065e77c8cc2239327c5edb3a432268e5831,blacklist(address),,BLACKLISTER,,,Circle
CU-IMP-3711,ONCHAIN_TX,0x18b8b9c385ed1836dccf7f3964e93a5ee1ca911d667f43e8d77bc0d991196e47,479313597,2026-07-01 15:31:29.000 UTC,arbitrum,0xaf88d065e77c8cc2239327c5edb3a432268e5831,blacklist(address),,BLACKLISTER,,,Circle
CU-IMP-3712,ONCHAIN_TX,0xf64d5066c6ebee4475e5ad581b21793f08f6013fd772b1857e1be4a7b5ec4474,479314993,2026-07-01 15:37:17.000 UTC,arbitrum,0xaf88d065e77c8cc2239327c5edb3a432268e5831,blacklist(address),,BLACKLISTER,,,Circle
CU-IMP-3713,ONCHAIN_TX,0xd902224ffc8c49c2e712fba8fc3c036ce06012883c81cd36e9fd028cf1cce29a,479315262,2026-07-01 15:38:22.000 UTC,arbitrum,0xaf88d065e77c8cc2239327c5edb3a432268e5831,blacklist(address),,BLACKLISTER,,,Circle
CU-IMP-3714,ONCHAIN_TX,0x03c84de2783c184f121625a3918706ea01963a2df8ac81f892c0d18f41e19ab3,479315548,2026-07-01 15:39:34.000 UTC,arbitrum,0xaf88d065e77c8cc2239327c5edb3a432268e5831,blacklist(address),,BLACKLISTER,,,Circle
CU-IMP-3715,ONCHAIN_TX,0xb3b1d9297bf7ed8f44ac535ba3e57b888c8ec12812cffc82a950d18091618641,479315561,2026-07-01 15:39:37.000 UTC,arbitrum,0xaf88d065e77c8cc2239327c5edb3a432268e5831,blacklist(address),,BLACKLISTER,,,Circle
CU-IMP-3716,ONCHAIN_TX,0x1e81644d5a3b5e97a8a8ab3f9c14d1e954a96d6427a44bd833d9c5ef1b77c527,479316920,2026-07-01 15:45:16.000 UTC,arbitrum,0xaf88d065e77c8cc2239327c5edb3a432268e5831,blacklist(address),,BLACKLISTER,,,Circle
CU-IMP-3717,ONCHAIN_TX,0x8fffc9735611035663d89f2b2f4d9adf58974c2c042960eac138833e3b763a0c,479317005,2026-07-01 15:45:37.000 UTC,arbitrum,0xaf88d065e77c8cc2239327c5edb3a432268e5831,blacklist(address),,BLACKLISTER,,,Circle
CU-IMP-3718,ONCHAIN_TX,0xb32326eb1ffc818841cbce5c72e850f6290bb6c6d0e69be5f102b5cdfba4a5b2,479317135,2026-07-01 15:46:10.000 UTC,arbitrum,0xaf88d065e77c8cc2239327c5edb3a432268e5831,blacklist(address),,BLACKLISTER,,,Circle
CU-IMP-3719,ONCHAIN_TX,0xe634d53bac4a6f9c2b3b7e72361d63de19a7b6a135013fdf63a8fec398cf236d,479317223,2026-07-01 15:46:32.000 UTC,arbitrum,0xaf88d065e77c8cc2239327c5edb3a432268e5831,blacklist(address),,BLACKLISTER,,,Circle
CU-IMP-3720,ONCHAIN_TX,0xe48a6f0f48a4b0387354e35ce70b7a55b787d76a95dbb1811662f236be7784f6,479317308,2026-07-01 15:46:53.000 UTC,arbitrum,0xaf88d065e77c8cc2239327c5edb3a432268e5831,blacklist(address),,BLACKLISTER,,,Circle
CU-IMP-3721,ONCHAIN_TX,0xa9b63266b03931e65b74b8c10ba3f813090d2e2e91b2d51f30f993d728ab12f1,479318827,2026-07-01 15:53:12.000 UTC,arbitrum,0xaf88d065e77c8cc2239327c5edb3a432268e5831,blacklist(address),,BLACKLISTER,,,Circle
CU-IMP-3722,ONCHAIN_TX,0x2e51c38abd10e66db0934340262348c86af181abe3e7a0ba8c8feffcc3abfd4d,479319458,2026-07-01 15:55:50.000 UTC,arbitrum,0xaf88d065e77c8cc2239327c5edb3a432268e5831,blacklist(address),,BLACKLISTER,,,Circle
CU-IMP-3723,ONCHAIN_TX,0x48a37f2e0376ca1578c313e8b8bb75de60c258e644f0c1e62dff20a37b3fa6e5,479319670,2026-07-01 15:56:43.000 UTC,arbitrum,0xaf88d065e77c8cc2239327c5edb3a432268e5831,blacklist(address),,BLACKLISTER,,,Circle
CU-IMP-3724,ONCHAIN_TX,0x2e406b99673a95de77678019ff0d5cc2fc1c869adf306b37ad6d6e3e592590f7,479320130,2026-07-01 15:58:37.000 UTC,arbitrum,0xaf88d065e77c8cc2239327c5edb3a432268e5831,blacklist(address),,BLACKLISTER,,,Circle
CU-IMP-3725,ONCHAIN_TX,0x8ba682fe359b86d12f614110dd22ac1396c3a91b3e0e867bf3163ef274042417,479320193,2026-07-01 15:58:53.000 UTC,arbitrum,0xaf88d065e77c8cc2239327c5edb3a432268e5831,blacklist(address),,BLACKLISTER,,,Circle
CU-IMP-3726,ONCHAIN_TX,0x96244db6dfa1b5f94170eb13ef03a1671d2f2ecbead3f1206460e4209b771281,479320342,2026-07-01 15:59:30.000 UTC,arbitrum,0xaf88d065e77c8cc2239327c5edb3a432268e5831,blacklist(address),,BLACKLISTER,,,Circle
CU-IMP-3727,ONCHAIN_TX,0x129c6c010ecb1859af8231b2b1e98acc2f6d7829f7cfc72fdfefb6d6deac6415,479321668,2026-07-01 16:05:01.000 UTC,arbitrum,0xaf88d065e77c8cc2239327c5edb3a432268e5831,blacklist(address),,BLACKLISTER,,,Circle
CU-IMP-3728,ONCHAIN_TX,0xd00833dd7e7e18aa7bb344294ee074d6229f8bfdadd47929773f19f73f4098b8,479321956,2026-07-01 16:06:13.000 UTC,arbitrum,0xaf88d065e77c8cc2239327c5edb3a432268e5831,blacklist(address),,BLACKLISTER,,,Circle
CU-IMP-3729,ONCHAIN_TX,0xc811c720dbf39a1fcc1da6216f4110e938c8abb6915e84849513caf549e32aa4,479322214,2026-07-01 16:07:18.000 UTC,arbitrum,0xaf88d065e77c8cc2239327c5edb3a432268e5831,blacklist(address),,BLACKLISTER,,,Circle
CU-IMP-3730,ONCHAIN_TX,0x1906d2d31b6a143144554fb8c7d1bd2248de8156199636956f7091ff0943d1ce,479322262,2026-07-01 16:07:30.000 UTC,arbitrum,0xaf88d065e77c8cc2239327c5edb3a432268e5831,blacklist(address),,BLACKLISTER,,,Circle
CU-IMP-3731,ONCHAIN_TX,0x010a8ac78e5a5e9581505e95210943ff1fda36e7f4b108bdbfc46275c9db8839,479323460,2026-07-01 16:12:29.000 UTC,arbitrum,0xaf88d065e77c8cc2239327c5edb3a432268e5831,blacklist(address),,BLACKLISTER,,,Circle
CU-IMP-3732,ONCHAIN_TX,0xffd01a67fe49c65af3156da087bc99cb6354ae5894524ce0ae3b11196e13f537,479324322,2026-07-01 16:16:05.000 UTC,arbitrum,0xaf88d065e77c8cc2239327c5edb3a432268e5831,blacklist(address),,BLACKLISTER,,,Circle
CU-IMP-3733,ONCHAIN_TX,0xf23874ef5cbddfd72f0f31134e02cb3b9536ea51f30a2f612c6acc2f1170699d,479324389,2026-07-01 16:16:22.000 UTC,arbitrum,0xaf88d065e77c8cc2239327c5edb3a432268e5831,blacklist(address),,BLACKLISTER,,,Circle
CU-IMP-3734,ONCHAIN_TX,0x1700231a4ce22b9864ea60c325e786310b2a28b94cb3c49210c6447f8a9a5555,479324907,2026-07-01 16:18:30.000 UTC,arbitrum,0xaf88d065e77c8cc2239327c5edb3a432268e5831,blacklist(address),,BLACKLISTER,,,Circle
CU-IMP-3735,ONCHAIN_TX,0xa48b613c24dfa520c6459d558df9eea139ec872629c8fab1ae742154b87157c8,479325533,2026-07-01 16:21:07.000 UTC,arbitrum,0xaf88d065e77c8cc2239327c5edb3a432268e5831,blacklist(address),,BLACKLISTER,,,Circle
CU-IMP-3736,ONCHAIN_TX,0x01aaa7d17d5dec215d1d4974896403c286af5fe61055c39b3b621a97146a6f5f,479326099,2026-07-01 16:23:28.000 UTC,arbitrum,0xaf88d065e77c8cc2239327c5edb3a432268e5831,blacklist(address),,BLACKLISTER,,,Circle
CU-IMP-3737,ONCHAIN_TX,0x147be4a437fcd2f44023928ce48d2be9de50e8c58a7c2ddf87b361f30c89bed6,479326201,2026-07-01 16:23:53.000 UTC,arbitrum,0xaf88d065e77c8cc2239327c5edb3a432268e5831,blacklist(address),,BLACKLISTER,,,Circle
CU-IMP-3738,ONCHAIN_TX,0xfc590eb16b82c353dbde986e6d4d6e281d12fa42e6a718d119ce8b572a5cf2e7,479326315,2026-07-01 16:24:22.000 UTC,arbitrum,0xaf88d065e77c8cc2239327c5edb3a432268e5831,blacklist(address),,BLACKLISTER,,,Circle
CU-IMP-3739,ONCHAIN_TX,0x12ed3c52bcbde718206099cfb715b00f6a6f124ea62909edefef6445c814d5f3,479326583,2026-07-01 16:25:29.000 UTC,arbitrum,0xaf88d065e77c8cc2239327c5edb3a432268e5831,blacklist(address),,BLACKLISTER,,,Circle
CU-IMP-3740,ONCHAIN_TX,0xea3921b0cb58dfd050a0e0799cf3545f6391b418b7a6bef4ca412a4e3255836c,479327899,2026-07-01 16:30:57.000 UTC,arbitrum,0xaf88d065e77c8cc2239327c5edb3a432268e5831,blacklist(address),,BLACKLISTER,,,Circle
CU-IMP-3741,ONCHAIN_TX,0x6494d92bd8464c4938c6278054fb225911d7ed68a983837a771595e5ae5839d1,479328200,2026-07-01 16:32:13.000 UTC,arbitrum,0xaf88d065e77c8cc2239327c5edb3a432268e5831,blacklist(address),,BLACKLISTER,,,Circle
CU-IMP-3742,ONCHAIN_TX,0x4551e0f695c1f04d5b701d61f9e0c93aacb3c132b2a373bbac1de564d9e9dd32,479328459,2026-07-01 16:33:18.000 UTC,arbitrum,0xaf88d065e77c8cc2239327c5edb3a432268e5831,blacklist(address),,BLACKLISTER,,,Circle
CU-IMP-3743,ONCHAIN_TX,0x50112b39bd0456a88b5778d36a965bf572e4a046b235da91e473f15fd231b475,479328500,2026-07-01 16:33:28.000 UTC,arbitrum,0xaf88d065e77c8cc2239327c5edb3a432268e5831,blacklist(address),,BLACKLISTER,,,Circle
CU-IMP-3744,ONCHAIN_TX,0x919be2d88036889629d75eb405434019c5df92587747d5e7f5684a44d745cdca,479328802,2026-07-01 16:34:44.000 UTC,arbitrum,0xaf88d065e77c8cc2239327c5edb3a432268e5831,blacklist(address),,BLACKLISTER,,,Circle
CU-IMP-3745,ONCHAIN_TX,0x4184dd84c08489004a342a83e25695f65ced0392e769831e8ba37a3ad915b101,479329738,2026-07-01 16:38:37.000 UTC,arbitrum,0xaf88d065e77c8cc2239327c5edb3a432268e5831,blacklist(address),,BLACKLISTER,,,Circle
CU-IMP-3746,ONCHAIN_TX,0x5cd9ccfe8beb1c300f2f1ffb8a3b0ad2d8143ba904eb9e23d19f4c70dc252e20,479329955,2026-07-01 16:39:31.000 UTC,arbitrum,0xaf88d065e77c8cc2239327c5edb3a432268e5831,blacklist(address),,BLACKLISTER,,,Circle
CU-IMP-3747,ONCHAIN_TX,0x69c1c6ba416f247466855551c88c73f25e3aa1512dda881d10584e3fdee18330,479330003,2026-07-01 16:39:43.000 UTC,arbitrum,0xaf88d065e77c8cc2239327c5edb3a432268e5831,blacklist(address),,BLACKLISTER,,,Circle
CU-IMP-3748,ONCHAIN_TX,0x2fd9defff305a18b1e1ed21fd2ba98b1d763171fc7caebe3dbd256864fabc457,479331983,2026-07-01 16:47:58.000 UTC,arbitrum,0xaf88d065e77c8cc2239327c5edb3a432268e5831,blacklist(address),,BLACKLISTER,,,Circle
CU-IMP-3749,ONCHAIN_TX,0xe9b51a07267eaa7da8cffa6d0f7359f3ca4c322039ccc81851628e5b2d8d7369,479332310,2026-07-01 16:49:18.000 UTC,arbitrum,0xaf88d065e77c8cc2239327c5edb3a432268e5831,blacklist(address),,BLACKLISTER,,,Circle
CU-IMP-3750,ONCHAIN_TX,0xa47a25fe796b4f759be0684667f4925b11a91fd634230a6fb7c46a3198dc76cd,479332353,2026-07-01 16:49:29.000 UTC,arbitrum,0xaf88d065e77c8cc2239327c5edb3a432268e5831,blacklist(address),,BLACKLISTER,,,Circle
CU-IMP-3751,ONCHAIN_TX,0x899c9f3501c5e533daa50a1b54c5df6b888b12d33d089ae0f153c461cefb48e4,479334809,2026-07-01 16:59:43.000 UTC,arbitrum,0xaf88d065e77c8cc2239327c5edb3a432268e5831,blacklist(address),,BLACKLISTER,,,Circle
CU-IMP-3752,ONCHAIN_TX,0x0f33ce9c586564950f196e62a757465455e04b4ad59a4716c1b8b4f12416e310,479334948,2026-07-01 17:00:18.000 UTC,arbitrum,0xaf88d065e77c8cc2239327c5edb3a432268e5831,blacklist(address),,BLACKLISTER,,,Circle
CU-IMP-3753,ONCHAIN_TX,0xc338904ca23ea21d651b9d787d76416ef805c741638fcd212d0898f94656b065,479335382,2026-07-01 17:02:06.000 UTC,arbitrum,0xaf88d065e77c8cc2239327c5edb3a432268e5831,blacklist(address),,BLACKLISTER,,,Circle
CU-IMP-3754,ONCHAIN_TX,0x33066674cc323cfe2046c1c455d5dbc54ef495ae959a2a75dbbfc70911d57d67,479335984,2026-07-01 17:04:36.000 UTC,arbitrum,0xaf88d065e77c8cc2239327c5edb3a432268e5831,blacklist(address),,BLACKLISTER,,,Circle
CU-IMP-3755,ONCHAIN_TX,0x01795c646afa9bcb11bbfc1f9aa491744d75353ded9a23f6201bfdef6670a554,479336770,2026-07-01 17:07:52.000 UTC,arbitrum,0xaf88d065e77c8cc2239327c5edb3a432268e5831,blacklist(address),,BLACKLISTER,,,Circle
CU-IMP-3756,ONCHAIN_TX,0x7757ed83402a0cedd12daab48376b5074cb721d161db9c89261cadd9f18562eb,479337149,2026-07-01 17:09:27.000 UTC,arbitrum,0xaf88d065e77c8cc2239327c5edb3a432268e5831,blacklist(address),,BLACKLISTER,,,Circle
CU-IMP-3757,ONCHAIN_TX,0x1fee7c9c897b75c62419932d69f6316b605ee71f0f15c4c2c68e958f6b65e6cf,479337318,2026-07-01 17:10:10.000 UTC,arbitrum,0xaf88d065e77c8cc2239327c5edb3a432268e5831,blacklist(address),,BLACKLISTER,,,Circle
CU-IMP-3758,ONCHAIN_TX,0x6520ae8dd3a9e82439b9b6526b185b49e488587ab9276cd96426a48d1e8e5b20,479337825,2026-07-01 17:12:17.000 UTC,arbitrum,0xaf88d065e77c8cc2239327c5edb3a432268e5831,blacklist(address),,BLACKLISTER,,,Circle
CU-IMP-3759,ONCHAIN_TX,0x6c9b772c815547d512aa522291f26ca67d8b08e6236d4114cfde05b36bebbdcf,479337914,2026-07-01 17:12:39.000 UTC,arbitrum,0xaf88d065e77c8cc2239327c5edb3a432268e5831,blacklist(address),,BLACKLISTER,,,Circle
CU-IMP-3760,ONCHAIN_TX,0x4e7034810478f565abc51182b26aae0248a7e2175daa5b35d9aae622196fd488,479338099,2026-07-01 17:13:25.000 UTC,arbitrum,0xaf88d065e77c8cc2239327c5edb3a432268e5831,blacklist(address),,BLACKLISTER,,,Circle
CU-IMP-3761,ONCHAIN_TX,0x16baf4f7d1c046a3f9dc6c178bd5dae995709a712eaafbcb192e44c3b5efa930,479338560,2026-07-01 17:15:19.000 UTC,arbitrum,0xaf88d065e77c8cc2239327c5edb3a432268e5831,blacklist(address),,BLACKLISTER,,,Circle
CU-IMP-3762,ONCHAIN_TX,0x15f6ee02e4c8016a41673dbf0e6c955cd6ace085263f88a12946130dcc177852,479338784,2026-07-01 17:16:15.000 UTC,arbitrum,0xaf88d065e77c8cc2239327c5edb3a432268e5831,blacklist(address),,BLACKLISTER,,,Circle
CU-IMP-3763,ONCHAIN_TX,0xf3b8e21b0f240c84ecebc1118fbc9275345bb787e89aedf2ee0b4f246febe163,479338827,2026-07-01 17:16:26.000 UTC,arbitrum,0xaf88d065e77c8cc2239327c5edb3a432268e5831,blacklist(address),,BLACKLISTER,,,Circle
CU-IMP-3764,ONCHAIN_TX,0x33af5eeda3cc580b0fed1fee99d32c6036e789516aed5cb0aa34d82ce0c16dff,479339517,2026-07-01 17:19:19.000 UTC,arbitrum,0xaf88d065e77c8cc2239327c5edb3a432268e5831,blacklist(address),,BLACKLISTER,,,Circle
CU-IMP-3765,ONCHAIN_TX,0xffe9447e5d85cc0e97dd383d8d02ab8f4604f1514609363f6a907352856885b3,479339576,2026-07-01 17:19:34.000 UTC,arbitrum,0xaf88d065e77c8cc2239327c5edb3a432268e5831,blacklist(address),,BLACKLISTER,,,Circle
CU-IMP-3766,ONCHAIN_TX,0x61031de6b1b8043f74801821ed33dead3794230215919403af26dfabe5154c51,479339868,2026-07-01 17:20:47.000 UTC,arbitrum,0xaf88d065e77c8cc2239327c5edb3a432268e5831,blacklist(address),,BLACKLISTER,,,Circle
CU-IMP-3767,ONCHAIN_TX,0x81e6eca355c46d49e414a878a40c08ac7840adc40a93edc49a4f516b9c5af061,479340004,2026-07-01 17:21:19.000 UTC,arbitrum,0xaf88d065e77c8cc2239327c5edb3a432268e5831,blacklist(address),,BLACKLISTER,,,Circle
CU-IMP-3768,ONCHAIN_TX,0x7f8b887205c1b512678704428166c3d1504d9b3d63d0cdef511f8b0a765d0963,479340723,2026-07-01 17:24:19.000 UTC,arbitrum,0xaf88d065e77c8cc2239327c5edb3a432268e5831,blacklist(address),,BLACKLISTER,,,Circle
CU-IMP-3769,ONCHAIN_TX,0xff065196c99542bec42ff3e77b6bc1804061c6f96e328751b2d68f3404896976,479340821,2026-07-01 17:24:44.000 UTC,arbitrum,0xaf88d065e77c8cc2239327c5edb3a432268e5831,blacklist(address),,BLACKLISTER,,,Circle
CU-IMP-3770,ONCHAIN_TX,0x5f582ab4a5355149b54a22bf580e21e8a662d2871783bf8285856c5fd7a952ae,479341165,2026-07-01 17:26:10.000 UTC,arbitrum,0xaf88d065e77c8cc2239327c5edb3a432268e5831,blacklist(address),,BLACKLISTER,,,Circle
CU-IMP-3771,ONCHAIN_TX,0xf07ee20f07d4734993e851e6c96b7f3ecce578b8277114b66dc430c3df0f2bc3,479342055,2026-07-01 17:29:52.000 UTC,arbitrum,0xaf88d065e77c8cc2239327c5edb3a432268e5831,blacklist(address),,BLACKLISTER,,,Circle
CU-IMP-3772,ONCHAIN_TX,0x8ad4a228e9e3c0b4dbdbc5588a7293d453f7e3fe1c7345aa8635f0c0319c3d51,479342576,2026-07-01 17:32:02.000 UTC,arbitrum,0xaf88d065e77c8cc2239327c5edb3a432268e5831,blacklist(address),,BLACKLISTER,,,Circle
CU-IMP-3773,ONCHAIN_TX,0x6c2697f8d6b18937291d93eb1a129f2cb33b87c3184c49dbb67c309ae7b37f4f,479342707,2026-07-01 17:32:35.000 UTC,arbitrum,0xaf88d065e77c8cc2239327c5edb3a432268e5831,blacklist(address),,BLACKLISTER,,,Circle
CU-IMP-3774,ONCHAIN_TX,0x571790f19dfeaab02092931c6dd97cdb80c9625eeb45730130d1631a6f4c5e39,479343354,2026-07-01 17:35:16.000 UTC,arbitrum,0xaf88d065e77c8cc2239327c5edb3a432268e5831,blacklist(address),,BLACKLISTER,,,Circle
CU-IMP-3775,ONCHAIN_TX,0x3d3b36dc3c3334efdcffa13153773477a1452170c805c58adb1571fa9e81d0ab,479343795,2026-07-01 17:37:06.000 UTC,arbitrum,0xaf88d065e77c8cc2239327c5edb3a432268e5831,blacklist(address),,BLACKLISTER,,,Circle
CU-IMP-3776,ONCHAIN_TX,0xcba895c1e78eb997d506be353a56443fd6d0b005df96d49801dd719777a2acd1,479344226,2026-07-01 17:38:54.000 UTC,arbitrum,0xaf88d065e77c8cc2239327c5edb3a432268e5831,blacklist(address),,BLACKLISTER,,,Circle
CU-IMP-3777,ONCHAIN_TX,0xcbf70cfe834e2d370665cb80bee2c037a327342d1453cb220c092b0c66f1e88e,479344765,2026-07-01 17:41:08.000 UTC,arbitrum,0xaf88d065e77c8cc2239327c5edb3a432268e5831,blacklist(address),,BLACKLISTER,,,Circle
CU-IMP-3778,ONCHAIN_TX,0x482600970647c919ef04e0e3d63cc59ef9a6637b38244397e8c64e66fd620e0a,479344966,2026-07-01 17:41:59.000 UTC,arbitrum,0xaf88d065e77c8cc2239327c5edb3a432268e5831,blacklist(address),,BLACKLISTER,,,Circle
CU-IMP-3779,ONCHAIN_TX,0xe008929281b105041508ea50e7f0f0908b9bfbb88d521042d24d1dfcff0a859f,479345778,2026-07-01 17:45:22.000 UTC,arbitrum,0xaf88d065e77c8cc2239327c5edb3a432268e5831,blacklist(address),,BLACKLISTER,,,Circle
CU-IMP-3780,ONCHAIN_TX,0x507b4b9c0b2a60cd2b167b9b349c7bde5639a2045a44ab85fdd84e303db33e07,479346868,2026-07-01 17:49:54.000 UTC,arbitrum,0xaf88d065e77c8cc2239327c5edb3a432268e5831,blacklist(address),,BLACKLISTER,,,Circle
CU-IMP-3781,ONCHAIN_TX,0xb64dcd93b6cfd53a0b86c09507ecc07a8d74308fdd40baf7a3d075994bf97786,479347177,2026-07-01 17:51:11.000 UTC,arbitrum,0xaf88d065e77c8cc2239327c5edb3a432268e5831,blacklist(address),,BLACKLISTER,,,Circle
CU-IMP-3782,ONCHAIN_TX,0xdff7290b3a050cc13f0f6e8b8382cb68fd8c4c4ba2078cf81517710f8a2065c0,479347813,2026-07-01 17:53:49.000 UTC,arbitrum,0xaf88d065e77c8cc2239327c5edb3a432268e5831,blacklist(address),,BLACKLISTER,,,Circle
CU-IMP-3783,ONCHAIN_TX,0xdf31bd8c54682531adb8d98b7ebf1c1ebc006c333aec10c2166488770322470b,479348337,2026-07-01 17:56:01.000 UTC,arbitrum,0xaf88d065e77c8cc2239327c5edb3a432268e5831,blacklist(address),,BLACKLISTER,,,Circle
CU-IMP-3784,ONCHAIN_TX,0xeda5bab2a023979c8c8c6b4e781d671eb397c6e28768a8890a3804119dd3b63c,479348858,2026-07-01 17:58:11.000 UTC,arbitrum,0xaf88d065e77c8cc2239327c5edb3a432268e5831,blacklist(address),,BLACKLISTER,,,Circle
CU-IMP-3785,ONCHAIN_TX,0x1fa0d563b2b7d3405daa29615070f8507afc3276e0d2e1e02d7fd8cf17b19390,479349164,2026-07-01 17:59:27.000 UTC,arbitrum,0xaf88d065e77c8cc2239327c5edb3a432268e5831,blacklist(address),,BLACKLISTER,,,Circle
CU-IMP-3786,ONCHAIN_TX,0x823ab3486666dadac14036f344abb260f80a5e7b5beeaba0f81e522a09be69ba,479349544,2026-07-01 18:01:02.000 UTC,arbitrum,0xaf88d065e77c8cc2239327c5edb3a432268e5831,blacklist(address),,BLACKLISTER,,,Circle
CU-IMP-3787,ONCHAIN_TX,0x8f888dd9f8c8fc08d1e954048a0404853dbc1b5f2768b866423045a9ed771c99,479350017,2026-07-01 18:03:01.000 UTC,arbitrum,0xaf88d065e77c8cc2239327c5edb3a432268e5831,blacklist(address),,BLACKLISTER,,,Circle
CU-IMP-3788,ONCHAIN_TX,0x130706ad6be3657e81b5ff753f24209b26e498020c869fff4e8cb10ea28200f0,479350669,2026-07-01 18:05:43.000 UTC,arbitrum,0xaf88d065e77c8cc2239327c5edb3a432268e5831,blacklist(address),,BLACKLISTER,,,Circle
CU-IMP-3789,ONCHAIN_TX,0xe6874e16c979ba343f8895a25ff6b06deee55cdbb6152ef5f92f6def6c68494e,479351743,2026-07-01 18:10:12.000 UTC,arbitrum,0xaf88d065e77c8cc2239327c5edb3a432268e5831,blacklist(address),,BLACKLISTER,,,Circle
CU-IMP-3790,ONCHAIN_TX,0xf3c4fc2dcc56a879ea03fb4ef0391ef7bfef2725e1cc7896a45ac3e5678e0b81,479352002,2026-07-01 18:11:17.000 UTC,arbitrum,0xaf88d065e77c8cc2239327c5edb3a432268e5831,blacklist(address),,BLACKLISTER,,,Circle
CU-IMP-3791,ONCHAIN_TX,0x5f71a6f0f7f03f7b25d2e4fe4975ae2c0a55d1dd5d91d5f1c46d6413a4fb01e4,479352262,2026-07-01 18:12:21.000 UTC,arbitrum,0xaf88d065e77c8cc2239327c5edb3a432268e5831,blacklist(address),,BLACKLISTER,,,Circle
CU-IMP-3792,ONCHAIN_TX,0x0a98c079a9d4505a4876f142fc57d11860d1f29d96dbf5cf4b105f9f2dbbc6a1,479352335,2026-07-01 18:12:39.000 UTC,arbitrum,0xaf88d065e77c8cc2239327c5edb3a432268e5831,blacklist(address),,BLACKLISTER,,,Circle
CU-IMP-3793,ONCHAIN_TX,0x4e361f84ad59ff55a4bd46178ed47d3a89af76f5049fd92948ba5c33eea71685,479352552,2026-07-01 18:13:34.000 UTC,arbitrum,0xaf88d065e77c8cc2239327c5edb3a432268e5831,blacklist(address),,BLACKLISTER,,,Circle
CU-IMP-3794,ONCHAIN_TX,0xdb100c347cc5ebe18fadacf687a75d9d04a444bcc3da428342d0d3f79e6a8aff,479352597,2026-07-01 18:13:45.000 UTC,arbitrum,0xaf88d065e77c8cc2239327c5edb3a432268e5831,blacklist(address),,BLACKLISTER,,,Circle
CU-IMP-3795,ONCHAIN_TX,0xaacc818a16fb2c0fc5be01a5fa75bcc7d324d226427040d445e34cabde55c17e,479352648,2026-07-01 18:13:58.000 UTC,arbitrum,0xaf88d065e77c8cc2239327c5edb3a432268e5831,blacklist(address),,BLACKLISTER,,,Circle
CU-IMP-3796,ONCHAIN_TX,0x8d31a90f94cc493102ad989f857f415a5b61b27c6ff844abdc55369ddac7f38e,479353546,2026-07-01 18:17:43.000 UTC,arbitrum,0xaf88d065e77c8cc2239327c5edb3a432268e5831,blacklist(address),,BLACKLISTER,,,Circle
CU-IMP-3797,ONCHAIN_TX,0x6fa1cfb81039665b8fc632414bdefad991cfacccffecb6c156bfc1a372ab011b,479353653,2026-07-01 18:18:10.000 UTC,arbitrum,0xaf88d065e77c8cc2239327c5edb3a432268e5831,blacklist(address),,BLACKLISTER,,,Circle
CU-IMP-3798,ONCHAIN_TX,0x24e1a53a8f6e51e1e2172b3665c1a7cc5a946b9f3890036f3522cfc6902d6591,479353735,2026-07-01 18:18:29.000 UTC,arbitrum,0xaf88d065e77c8cc2239327c5edb3a432268e5831,blacklist(address),,BLACKLISTER,,,Circle
CU-IMP-3799,ONCHAIN_TX,0xf5441dd2b15428b42f394894d5f75b7661f6595854f620311d0468a58176f064,479354800,2026-07-01 18:22:56.000 UTC,arbitrum,0xaf88d065e77c8cc2239327c5edb3a432268e5831,blacklist(address),,BLACKLISTER,,,Circle
CU-IMP-3800,ONCHAIN_TX,0x6ce9c3b0ca7aa1d758d7b6399a0302827f86f823921bdd223c18ceed0785493e,479355985,2026-07-01 18:27:51.000 UTC,arbitrum,0xaf88d065e77c8cc2239327c5edb3a432268e5831,blacklist(address),,BLACKLISTER,,,Circle
CU-IMP-3801,ONCHAIN_TX,0xeb5228c276fadbd228ce8ebe40bddc6cd5f0740f4c31755262a0dd443c96b71b,479356934,2026-07-01 18:31:48.000 UTC,arbitrum,0xaf88d065e77c8cc2239327c5edb3a432268e5831,blacklist(address),,BLACKLISTER,,,Circle
CU-IMP-3802,ONCHAIN_TX,0x780978aff2128bd4d0f7c65b56a6caee38a28b2a9baab0e92441ce2e3f88ad9d,479357058,2026-07-01 18:32:19.000 UTC,arbitrum,0xaf88d065e77c8cc2239327c5edb3a432268e5831,blacklist(address),,BLACKLISTER,,,Circle
CU-IMP-3803,ONCHAIN_TX,0xd43ce0da2ad65aea40bd24bdf4bf1a7dd10e065a83b73e5329013abc87e4d584,479357827,2026-07-01 18:35:32.000 UTC,arbitrum,0xaf88d065e77c8cc2239327c5edb3a432268e5831,blacklist(address),,BLACKLISTER,,,Circle
CU-IMP-3804,ONCHAIN_TX,0x89f101faa52037532142fc5048056ce3a0ef2f142d4d65290fe6a00391e6e863,479358144,2026-07-01 18:36:51.000 UTC,arbitrum,0xaf88d065e77c8cc2239327c5edb3a432268e5831,blacklist(address),,BLACKLISTER,,,Circle
CU-IMP-3805,ONCHAIN_TX,0x5fa093874f0f2995919b2235d883e7cec754c865528a3379143a37b24b0fe30e,479358475,2026-07-01 18:38:13.000 UTC,arbitrum,0xaf88d065e77c8cc2239327c5edb3a432268e5831,blacklist(address),,BLACKLISTER,,,Circle
CU-IMP-3806,ONCHAIN_TX,0xc8a2c4f0add24647f1e8604238c5f9c458b9946db8808f294be30d6c15a129a9,479358774,2026-07-01 18:39:28.000 UTC,arbitrum,0xaf88d065e77c8cc2239327c5edb3a432268e5831,blacklist(address),,BLACKLISTER,,,Circle
CU-IMP-3807,ONCHAIN_TX,0xb21d3ff14cc91db31f9b581b6a0640d01f06b7ba46d0751796a89a215d385948,479359622,2026-07-01 18:43:00.000 UTC,arbitrum,0xaf88d065e77c8cc2239327c5edb3a432268e5831,blacklist(address),,BLACKLISTER,,,Circle
CU-IMP-3808,ONCHAIN_TX,0xe61f4b9b26e4f9db2522d9a68d34b1dbd2f2561bbf16ce8bac90e80cf108dc16,479360472,2026-07-01 18:46:32.000 UTC,arbitrum,0xaf88d065e77c8cc2239327c5edb3a432268e5831,blacklist(address),,BLACKLISTER,,,Circle
CU-IMP-3809,ONCHAIN_TX,0xa298c9ed7f02fac6b778799caf41d0be259abbffe0ddd1d10e0d707713cea43f,479361513,2026-07-01 18:50:52.000 UTC,arbitrum,0xaf88d065e77c8cc2239327c5edb3a432268e5831,blacklist(address),,BLACKLISTER,,,Circle
CU-IMP-3810,ONCHAIN_TX,0x5df9535fee3b2a7e2f4cbab93d3940ec3bdfd0f0fc1c00bce1feb4e3b04fa85a,479361935,2026-07-01 18:52:38.000 UTC,arbitrum,0xaf88d065e77c8cc2239327c5edb3a432268e5831,blacklist(address),,BLACKLISTER,,,Circle
CU-IMP-3811,ONCHAIN_TX,0xe9d7d73c527d6b960f6733c514c51e8d99620c159853445bd6270eacb46bfe15,479362845,2026-07-01 18:56:26.000 UTC,arbitrum,0xaf88d065e77c8cc2239327c5edb3a432268e5831,blacklist(address),,BLACKLISTER,,,Circle
CU-IMP-3812,ONCHAIN_TX,0xa11fe5c5ba2eaf358aea24ccddc9d4f7ec0b9ea55af4715853364aaf0c64e634,479363578,2026-07-01 18:59:28.000 UTC,arbitrum,0xaf88d065e77c8cc2239327c5edb3a432268e5831,blacklist(address),,BLACKLISTER,,,Circle
CU-IMP-3813,ONCHAIN_TX,0xaaa8fc2398fec7f5d39b19896d68458af4d011bcf6b6202e1aaf739ed597f499,479363622,2026-07-01 18:59:39.000 UTC,arbitrum,0xaf88d065e77c8cc2239327c5edb3a432268e5831,blacklist(address),,BLACKLISTER,,,Circle
CU-IMP-3814,ONCHAIN_TX,0xbb64e65705380cce19c1c662758a5f664b948abaebf0f5161b0dfacf9618b1da,479363709,2026-07-01 19:00:01.000 UTC,arbitrum,0xaf88d065e77c8cc2239327c5edb3a432268e5831,blacklist(address),,BLACKLISTER,,,Circle
CU-IMP-3815,ONCHAIN_TX,0x7080476f747854e46b2b3cbbcb1e6007441deea1729d10e8d3a67d29cfb068e2,479364155,2026-07-01 19:01:52.000 UTC,arbitrum,0xaf88d065e77c8cc2239327c5edb3a432268e5831,blacklist(address),,BLACKLISTER,,,Circle
CU-IMP-3816,ONCHAIN_TX,0x760373668993354ba853a6947846274110e0ec3c4e59bf63706c6576472407c7,479364272,2026-07-01 19:02:22.000 UTC,arbitrum,0xaf88d065e77c8cc2239327c5edb3a432268e5831,blacklist(address),,BLACKLISTER,,,Circle
CU-IMP-3817,ONCHAIN_TX,0xef7a295b4dbdfc19e0dffebb10384b0b6a4ebb8ad207df861c65176be4157394,479365087,2026-07-01 19:05:45.000 UTC,arbitrum,0xaf88d065e77c8cc2239327c5edb3a432268e5831,blacklist(address),,BLACKLISTER,,,Circle
CU-IMP-3818,ONCHAIN_TX,0x95febd91adc35b7013f665e3de02bc0f154f9ba96df7918fda0f276aeb06230b,479365681,2026-07-01 19:08:14.000 UTC,arbitrum,0xaf88d065e77c8cc2239327c5edb3a432268e5831,blacklist(address),,BLACKLISTER,,,Circle
CU-IMP-3819,ONCHAIN_TX,0x525de8ee54e54fd3b19fdc5707007ceb78b1be93127d6adc9cda5e3d63296191,479366158,2026-07-01 19:10:12.000 UTC,arbitrum,0xaf88d065e77c8cc2239327c5edb3a432268e5831,blacklist(address),,BLACKLISTER,,,Circle
CU-IMP-3820,ONCHAIN_TX,0x0fc5bd91948fe05bd4cf456a291a725c52c3755c7b52fe6b362d731d0b99d091,479366221,2026-07-01 19:10:28.000 UTC,arbitrum,0xaf88d065e77c8cc2239327c5edb3a432268e5831,blacklist(address),,BLACKLISTER,,,Circle
CU-IMP-3821,ONCHAIN_TX,0xff3052ef45fe3fc01f565f23021d0bfd579dd0cc818bc82d0339cd26598ad9ba,479366353,2026-07-01 19:11:01.000 UTC,arbitrum,0xaf88d065e77c8cc2239327c5edb3a432268e5831,blacklist(address),,BLACKLISTER,,,Circle
CU-IMP-3822,ONCHAIN_TX,0xee787684c516dc2a0df49a1c136c911171cea5a16d47e72907c96825b00e7be9,479366511,2026-07-01 19:11:40.000 UTC,arbitrum,0xaf88d065e77c8cc2239327c5edb3a432268e5831,blacklist(address),,BLACKLISTER,,,Circle
CU-IMP-3823,ONCHAIN_TX,0x76de14fd8f32ae2eb0e0eaa8dc5183863ebcf17312fb5ce684d1fa8b27327fbf,479366959,2026-07-01 19:13:33.000 UTC,arbitrum,0xaf88d065e77c8cc2239327c5edb3a432268e5831,blacklist(address),,BLACKLISTER,,,Circle
CU-IMP-3824,ONCHAIN_TX,0x3c346cec01756466561435275d3ed8896468583ed0ab95ce3903f6906990700d,479367185,2026-07-01 19:14:29.000 UTC,arbitrum,0xaf88d065e77c8cc2239327c5edb3a432268e5831,blacklist(address),,BLACKLISTER,,,Circle
CU-IMP-3825,ONCHAIN_TX,0x620b5673c9e1cee82d9db2fc3432a5fb7481ed4e514b3438564db12ea69ca42d,479368126,2026-07-01 19:18:24.000 UTC,arbitrum,0xaf88d065e77c8cc2239327c5edb3a432268e5831,blacklist(address),,BLACKLISTER,,,Circle
CU-IMP-3826,ONCHAIN_TX,0x87a793b7c2440c6ac32ff38160bf4432fe29aaceb2df880a39ebb1d121839366,479368305,2026-07-01 19:19:09.000 UTC,arbitrum,0xaf88d065e77c8cc2239327c5edb3a432268e5831,blacklist(address),,BLACKLISTER,,,Circle
CU-IMP-3827,ONCHAIN_TX,0x349d90c1bc76ae9afd94aa382c5c8da21a4425001adceced41e8d2cdb6b6f953,479368825,2026-07-01 19:21:19.000 UTC,arbitrum,0xaf88d065e77c8cc2239327c5edb3a432268e5831,blacklist(address),,BLACKLISTER,,,Circle
CU-IMP-3828,ONCHAIN_TX,0x0791d131aebef1c537172ed817c3c8c9d8ebdafe47e632850124deddb071a451,479369760,2026-07-01 19:25:12.000 UTC,arbitrum,0xaf88d065e77c8cc2239327c5edb3a432268e5831,blacklist(address),,BLACKLISTER,,,Circle
CU-IMP-3829,ONCHAIN_TX,0xd952b80c2c26a8f9b6896c655e5dcb94f85decedfa17ac8d3329e1ecfda824e2,479369985,2026-07-01 19:26:09.000 UTC,arbitrum,0xaf88d065e77c8cc2239327c5edb3a432268e5831,blacklist(address),,BLACKLISTER,,,Circle
CU-IMP-3830,ONCHAIN_TX,0x323c7a25ff6106b797380ab44ab2268cbd445cb941b20b4181c154180f993721,479370284,2026-07-01 19:27:24.000 UTC,arbitrum,0xaf88d065e77c8cc2239327c5edb3a432268e5831,blacklist(address),,BLACKLISTER,,,Circle
CU-IMP-3831,ONCHAIN_TX,0x1a0e7b6f59556f225817b900b200b0cfc778aeacc782b3b735fb9b527a8ede33,479370633,2026-07-01 19:28:50.000 UTC,arbitrum,0xaf88d065e77c8cc2239327c5edb3a432268e5831,blacklist(address),,BLACKLISTER,,,Circle
CU-IMP-3832,ONCHAIN_TX,0xf3ae69ff14cf79a2053a8c9401b5d0f4e1e1495869c0383839e71cd05ea133cd,479371925,2026-07-01 19:34:13.000 UTC,arbitrum,0xaf88d065e77c8cc2239327c5edb3a432268e5831,blacklist(address),,BLACKLISTER,,,Circle
CU-IMP-3833,ONCHAIN_TX,0x2fbe96bfe0499c842268cd5043dba489a4e923ef3dcd77643306791244e1c413,483459798,2026-07-13 15:19:14.000 UTC,arbitrum,0xaf88d065e77c8cc2239327c5edb3a432268e5831,blacklist(address),,BLACKLISTER,,,Circle
CU-IMP-3834,ONCHAIN_TX,0x6fd27d5b4b879309f2b50065905bccfa260cc37aa9e0324175a88c7e0b658eb6,483460263,2026-07-13 15:21:10.000 UTC,arbitrum,0xaf88d065e77c8cc2239327c5edb3a432268e5831,blacklist(address),,BLACKLISTER,,,Circle
CU-IMP-3835,ONCHAIN_TX,0xf4d28d4a67dd5e30e937f0a21ed251041da65332302b25fbd6e619614d8b1867,483461034,2026-07-13 15:24:23.000 UTC,arbitrum,0xaf88d065e77c8cc2239327c5edb3a432268e5831,blacklist(address),,BLACKLISTER,,,Circle
CU-IMP-3836,ONCHAIN_TX,0x7409bfda46a97774a66f4fb8dc4a171e37ca9fa7789b5fe29aafef77f3d79b79,483461174,2026-07-13 15:24:59.000 UTC,arbitrum,0xaf88d065e77c8cc2239327c5edb3a432268e5831,blacklist(address),,BLACKLISTER,,,Circle
CU-IMP-3837,ONCHAIN_TX,0x657c849fa8e5f78a47479096dd7d0d16cbdb2bbbb87911e87d44dd2d1d139b47,483461730,2026-07-13 15:27:17.000 UTC,arbitrum,0xaf88d065e77c8cc2239327c5edb3a432268e5831,blacklist(address),,BLACKLISTER,,,Circle
CU-IMP-3838,ONCHAIN_TX,0xae433f061df5abc474df096c0e5522477e880ccd6d7d4d865154762b3e831679,483462071,2026-07-13 15:28:42.000 UTC,arbitrum,0xaf88d065e77c8cc2239327c5edb3a432268e5831,blacklist(address),,BLACKLISTER,,,Circle
CU-IMP-3839,ONCHAIN_TX,0xa3982802b872077f8214fb7a4ecfec5fe73df23a95454c924ee7236f2a59b55e,483878734,2026-07-14 20:22:41.000 UTC,arbitrum,0xaf88d065e77c8cc2239327c5edb3a432268e5831,blacklist(address),,BLACKLISTER,,,Circle
CU-IMP-3840,ONCHAIN_TX,0x0ab3a77e7d5c473b16ddf1c1b7be91f92736d817e6d89299fb9c00f353ba8b2f,483879410,2026-07-14 20:25:31.000 UTC,arbitrum,0xaf88d065e77c8cc2239327c5edb3a432268e5831,blacklist(address),,BLACKLISTER,,,Circle
CU-IMP-3841,ONCHAIN_TX,0x073eda17a48c38503a09174ad0bd46453bb27545075ddf025b0309829fbb8998,483879458,2026-07-14 20:25:43.000 UTC,arbitrum,0xaf88d065e77c8cc2239327c5edb3a432268e5831,blacklist(address),,BLACKLISTER,,,Circle
CU-IMP-3842,ONCHAIN_TX,0xaf8fde1eae5eff1da450d9195066888c203b23d245e9ddbe25c223eec44c0249,483880345,2026-07-14 20:29:24.000 UTC,arbitrum,0xaf88d065e77c8cc2239327c5edb3a432268e5831,blacklist(address),,BLACKLISTER,,,Circle
CU-IMP-3843,ONCHAIN_TX,0x6d698e924ce0d5f3e717adc3dbf89e72d2a7fa97f4f98619f2f153b383023514,486963930,2026-07-23 18:44:12.000 UTC,arbitrum,0xaf88d065e77c8cc2239327c5edb3a432268e5831,blacklist(address),,BLACKLISTER,,,Circle
CU-IMP-3844,ONCHAIN_TX,0xbdaa0caca96ed68bbb12d1e9047368c491aeb0d6ee25bd88b093f4564aeefe4e,486964396,2026-07-23 18:46:09.000 UTC,arbitrum,0xaf88d065e77c8cc2239327c5edb3a432268e5831,blacklist(address),,BLACKLISTER,,,Circle
CU-IMP-3845,ONCHAIN_TX,0x12328eb67a52cc94ca4751c9c09ea8ecaa70a62385a0cf340942cf3f5049401f,486964873,2026-07-23 18:48:08.000 UTC,arbitrum,0xaf88d065e77c8cc2239327c5edb3a432268e5831,blacklist(address),,BLACKLISTER,,,Circle
CU-IMP-3846,ONCHAIN_TX,0xac5c34dcd9a956276793147ef0acf0bc7f25513de049f0ffaf349978e4952b70,486965354,2026-07-23 18:50:09.000 UTC,arbitrum,0xaf88d065e77c8cc2239327c5edb3a432268e5831,blacklist(address),,BLACKLISTER,,,Circle
CU-IMP-3847,ONCHAIN_TX,0x632f002494e6e05d5f89acb6d10c62c6f0cc756dca40819bf91ee27a48f85858,486965643,2026-07-23 18:51:19.000 UTC,arbitrum,0xaf88d065e77c8cc2239327c5edb3a432268e5831,blacklist(address),,BLACKLISTER,,,Circle
CU-IMP-3848,ONCHAIN_TX,0x0277e56d19debd23ecfbcfe66479bec2fb10a7d4db81f71d7f8b9abe306bf1fc,486966109,2026-07-23 18:53:16.000 UTC,arbitrum,0xaf88d065e77c8cc2239327c5edb3a432268e5831,blacklist(address),,BLACKLISTER,,,Circle
CU-IMP-3849,ONCHAIN_TX,0x34e9f4ea78c3cb1613ce09103bdd421be3165622fe1e9d422674186d1ec79114,486966942,2026-07-23 18:56:43.000 UTC,arbitrum,0xaf88d065e77c8cc2239327c5edb3a432268e5831,blacklist(address),,BLACKLISTER,,,Circle
CU-IMP-3850,ONCHAIN_TX,0xa5a57b72710ec474416c23c3748f8b4d2b7b667de2fb3ef41c38b571e1517c01,489031229,2026-07-29 18:22:40.000 UTC,arbitrum,0xaf88d065e77c8cc2239327c5edb3a432268e5831,blacklist(address),,BLACKLISTER,,,Circle
CU-IMP-3851,ONCHAIN_TX,0x52e9121f4f0934b1b55dd015247eecadcec01bcef814585ac7273c435aaac699,489031312,2026-07-29 18:23:01.000 UTC,arbitrum,0xaf88d065e77c8cc2239327c5edb3a432268e5831,blacklist(address),,BLACKLISTER,,,Circle
CU-IMP-3852,ONCHAIN_TX,0x8173d13ced6ec7381a2586c26c9e2cca7b9801c3ee261e1114870e8a7e2dda66,489057855,2026-07-29 20:13:29.000 UTC,arbitrum,0xaf88d065e77c8cc2239327c5edb3a432268e5831,blacklist(address),,BLACKLISTER,,,Circle
CU-IMP-3853,ONCHAIN_TX,0x43cf58c387bf87e0c2eb385a88d80abd3b3876a4281cf08c386daf96dbd8b416,492146696,2026-08-07 19:16:19.000 UTC,arbitrum,0xaf88d065e77c8cc2239327c5edb3a432268e5831,blacklist(address),,BLACKLISTER,,,Circle
CU-IMP-3854,ONCHAIN_TX,0xaa16f177c553fcfc25c0ff65c949ab5518eda446adbcc4736da3b89db05b2895,492147123,2026-08-07 19:18:06.000 UTC,arbitrum,0xaf88d065e77c8cc2239327c5edb3a432268e5831,blacklist(address),,BLACKLISTER,,,Circle
CU-IMP-3855,ONCHAIN_TX,0x0b2182610245b54fa66d1e59288f33b74fe27c7526564a7e99bd60651a3cad30,492147776,2026-08-07 19:20:50.000 UTC,arbitrum,0xaf88d065e77c8cc2239327c5edb3a432268e5831,blacklist(address),,BLACKLISTER,,,Circle
CU-IMP-3856,ONCHAIN_TX,0xec03bff06cb71e746fa861733ccbae88223dbbd14158f37c611f6d364d4e1032,492148675,2026-08-07 19:24:35.000 UTC,arbitrum,0xaf88d065e77c8cc2239327c5edb3a432268e5831,blacklist(address),,BLACKLISTER,,,Circle
CU-IMP-3857,ONCHAIN_TX,0x7ae0d99aaa602f5dbccc60567f2e79779045a75482bb1a26dcf65b20466ef62d,492148936,2026-08-07 19:25:40.000 UTC,arbitrum,0xaf88d065e77c8cc2239327c5edb3a432268e5831,blacklist(address),,BLACKLISTER,,,Circle
CU-IMP-3858,ONCHAIN_TX,0xb5acb98f177b9b21ae0e0818e1a1cb2e7c9cba4da7a075df35c503bbfe59c1df,492149194,2026-08-07 19:26:45.000 UTC,arbitrum,0xaf88d065e77c8cc2239327c5edb3a432268e5831,blacklist(address),,BLACKLISTER,,,Circle
CU-IMP-3859,ONCHAIN_TX,0x3e2eae984a5235e30bd5847247e679daa3ec4b23c991ca5c023bb266c7d3bc53,492149673,2026-08-07 19:28:46.000 UTC,arbitrum,0xaf88d065e77c8cc2239327c5edb3a432268e5831,blacklist(address),,BLACKLISTER,,,Circle
CU-IMP-3860,ONCHAIN_TX,0x6f0c625392a93641d92234824caf892bb8d35d927b22c3796dd380d4e5b860f8,150728357,2026-04-24 18:31:31.000 UTC,optimism,0x0b2c639c533813f4aa9d7837caf62653d097ff85,blacklist(address),,BLACKLISTER,,,Circle
CU-IMP-3861,ONCHAIN_TX,0xd8ad99e92635988922d9c2b746b5d16c3bc2f82f9aa5fb95093c88a4d431b30f,150728396,2026-04-24 18:32:49.000 UTC,optimism,0x0b2c639c533813f4aa9d7837caf62653d097ff85,blacklist(address),,BLACKLISTER,,,Circle
CU-IMP-3862,ONCHAIN_TX,0x910182dd6e45a4d4f74758b84664496c753d008cacf9e3a3d76babec04875dec,151845855,2026-05-20 15:21:27.000 UTC,optimism,0x0b2c639c533813f4aa9d7837caf62653d097ff85,blacklist(address),,BLACKLISTER,,,Circle
CU-IMP-3863,ONCHAIN_TX,0x095a3e1b37b0672ca05b0c92dc9268f9db77d9c50a984bc7cd90eb049023889e,151845915,2026-05-20 15:23:27.000 UTC,optimism,0x0b2c639c533813f4aa9d7837caf62653d097ff85,blacklist(address),,BLACKLISTER,,,Circle
CU-IMP-3864,ONCHAIN_TX,0xdc9dce5f7ec0368870ba1eb167d53e71024ab46d89f96b5371297b06fe2a0731,151845932,2026-05-20 15:24:01.000 UTC,optimism,0x0b2c639c533813f4aa9d7837caf62653d097ff85,blacklist(address),,BLACKLISTER,,,Circle
CU-IMP-3865,ONCHAIN_TX,0x35d8bd9e71d59e79a421e33384e198c4b1190a99b06914ebe74a159edbeeb353,151846025,2026-05-20 15:27:07.000 UTC,optimism,0x0b2c639c533813f4aa9d7837caf62653d097ff85,blacklist(address),,BLACKLISTER,,,Circle
CU-IMP-3866,ONCHAIN_TX,0x139170c12b4d72880a646521ce4263df7ba4f1725835d53736ccf807f434002e,151846046,2026-05-20 15:27:49.000 UTC,optimism,0x0b2c639c533813f4aa9d7837caf62653d097ff85,blacklist(address),,BLACKLISTER,,,Circle
CU-IMP-3867,ONCHAIN_TX,0x9e480886f421c14f07fcd785c7404430f11f696973ea184e303de9e621615612,151846182,2026-05-20 15:32:21.000 UTC,optimism,0x0b2c639c533813f4aa9d7837caf62653d097ff85,blacklist(address),,BLACKLISTER,,,Circle
CU-IMP-3868,ONCHAIN_TX,0xbba2a5769d60831bba22a4a618a4c5555b45b68027bfbab27593d1b56fb8db6e,152104925,2026-05-26 15:17:07.000 UTC,optimism,0x0b2c639c533813f4aa9d7837caf62653d097ff85,blacklist(address),,BLACKLISTER,,,Circle
CU-IMP-3869,ONCHAIN_TX,0xfb55046a4cc9ab60e18a08818cc2d22fecf22cf977f1f9d4fd15970e65f9a3b2,152104991,2026-05-26 15:19:19.000 UTC,optimism,0x0b2c639c533813f4aa9d7837caf62653d097ff85,blacklist(address),,BLACKLISTER,,,Circle
CU-IMP-3870,ONCHAIN_TX,0x5b7b12c2ead756250839ae9c04ecdbf19754a9f7aecd8bb70d1492ffd7b4a2d9,152105007,2026-05-26 15:19:51.000 UTC,optimism,0x0b2c639c533813f4aa9d7837caf62653d097ff85,blacklist(address),,BLACKLISTER,,,Circle
CU-IMP-3871,ONCHAIN_TX,0x7d099206359c42d42a487e12ac20b44a8827e3a6d13b6adf0a4fdaffda410ebe,153276459,2026-06-22 18:08:15.000 UTC,optimism,0x0b2c639c533813f4aa9d7837caf62653d097ff85,blacklist(address),,BLACKLISTER,,,Circle
CU-IMP-3872,ONCHAIN_TX,0x57a0bc6bf2935c17eb0797b3d5ba00dddb5d089f1831ee05efb780593fea79eb,153276509,2026-06-22 18:09:55.000 UTC,optimism,0x0b2c639c533813f4aa9d7837caf62653d097ff85,blacklist(address),,BLACKLISTER,,,Circle
CU-IMP-3873,ONCHAIN_TX,0xcef59a4b8e0491003e08fef37ff53e3da1723a94943ac2c0f447a806df13487b,153660043,2026-07-01 15:14:23.000 UTC,optimism,0x0b2c639c533813f4aa9d7837caf62653d097ff85,blacklist(address),,BLACKLISTER,,,Circle
CU-IMP-3874,ONCHAIN_TX,0x4780902b26ffd3ca79243db316c471306e603ebff0f5b2ffaf448198acb284b3,153660108,2026-07-01 15:16:33.000 UTC,optimism,0x0b2c639c533813f4aa9d7837caf62653d097ff85,blacklist(address),,BLACKLISTER,,,Circle
CU-IMP-3875,ONCHAIN_TX,0x4099a94800efe7fe550afc7212226745618e860b549c38d4679c664dc2a225d0,153660140,2026-07-01 15:17:37.000 UTC,optimism,0x0b2c639c533813f4aa9d7837caf62653d097ff85,blacklist(address),,BLACKLISTER,,,Circle
CU-IMP-3876,ONCHAIN_TX,0x6715ae282ed47cddec5c79c101557cfa17fc46b32156347dd940a7aaf6b598fc,153660236,2026-07-01 15:20:49.000 UTC,optimism,0x0b2c639c533813f4aa9d7837caf62653d097ff85,blacklist(address),,BLACKLISTER,,,Circle
CU-IMP-3877,ONCHAIN_TX,0xe4f168d84788b4095540f26f0be854ea011dd77ed06bc13f34c1469abedc1d07,153660269,2026-07-01 15:21:55.000 UTC,optimism,0x0b2c639c533813f4aa9d7837caf62653d097ff85,blacklist(address),,BLACKLISTER,,,Circle
CU-IMP-3878,ONCHAIN_TX,0x1d62f9e1e60ad365ff216a2c5cf3cc586203522ae6afb1baf633f869686d37e6,153660317,2026-07-01 15:23:31.000 UTC,optimism,0x0b2c639c533813f4aa9d7837caf62653d097ff85,blacklist(address),,BLACKLISTER,,,Circle
CU-IMP-3879,ONCHAIN_TX,0xa6a2adb7ed89e0a33d2c3faa051cc88f27f93f942aba2c752555495c7c6ea751,153660353,2026-07-01 15:24:43.000 UTC,optimism,0x0b2c639c533813f4aa9d7837caf62653d097ff85,blacklist(address),,BLACKLISTER,,,Circle
CU-IMP-3880,ONCHAIN_TX,0xfc78f087dbdbdc2457d8f6206c5c5f16e68f9f59edb2db3f8c7fca5780e8f411,153660473,2026-07-01 15:28:43.000 UTC,optimism,0x0b2c639c533813f4aa9d7837caf62653d097ff85,blacklist(address),,BLACKLISTER,,,Circle
CU-IMP-3881,ONCHAIN_TX,0xd76116491ca5258b4a94385c562bbd2bca3d387ead245e3803047458fd837172,153660495,2026-07-01 15:29:27.000 UTC,optimism,0x0b2c639c533813f4aa9d7837caf62653d097ff85,blacklist(address),,BLACKLISTER,,,Circle
CU-IMP-3882,ONCHAIN_TX,0xbb38cdb4b4833c5064a2b533f78f67dfbbd11c43461eab753daf15b02abff14a,153660509,2026-07-01 15:29:55.000 UTC,optimism,0x0b2c639c533813f4aa9d7837caf62653d097ff85,blacklist(address),,BLACKLISTER,,,Circle
CU-IMP-3883,ONCHAIN_TX,0x9b6894fe9129c7dea6945a613982157bf13e23966dda434613b35ccf43affda9,153660561,2026-07-01 15:31:39.000 UTC,optimism,0x0b2c639c533813f4aa9d7837caf62653d097ff85,blacklist(address),,BLACKLISTER,,,Circle
CU-IMP-3884,ONCHAIN_TX,0xacd6024216f9a6f556f06cb9ca92210bdf71b21f415d84458e8a7cf0f32cae3d,153660583,2026-07-01 15:32:23.000 UTC,optimism,0x0b2c639c533813f4aa9d7837caf62653d097ff85,blacklist(address),,BLACKLISTER,,,Circle
CU-IMP-3885,ONCHAIN_TX,0x0edab5283be527d15a725d29ee0931124cb470dfc3d8722d1aab6dd0ee0843bc,153660788,2026-07-01 15:39:13.000 UTC,optimism,0x0b2c639c533813f4aa9d7837caf62653d097ff85,blacklist(address),,BLACKLISTER,,,Circle
CU-IMP-3886,ONCHAIN_TX,0x0c1bbdf3bf636a160ab5b5f1f97d41166e4caa975186a23bb41051c9e169ad9b,153660816,2026-07-01 15:40:09.000 UTC,optimism,0x0b2c639c533813f4aa9d7837caf62653d097ff85,blacklist(address),,BLACKLISTER,,,Circle
CU-IMP-3887,ONCHAIN_TX,0xf4fdbf9c9cd8089ea28168a1958070ccfa9a6d20b254b436c214dedec2e98e46,153660874,2026-07-01 15:42:05.000 UTC,optimism,0x0b2c639c533813f4aa9d7837caf62653d097ff85,blacklist(address),,BLACKLISTER,,,Circle
CU-IMP-3888,ONCHAIN_TX,0xc9d02ead15f8114baca60068750b2625ed88b3a27740f6de5b1a5b8c9956d94d,153660897,2026-07-01 15:42:51.000 UTC,optimism,0x0b2c639c533813f4aa9d7837caf62653d097ff85,blacklist(address),,BLACKLISTER,,,Circle
CU-IMP-3889,ONCHAIN_TX,0xe15d51deca77abcb83030181f2f4a4483b7ff60fb5dd441791a73fff20db5ea0,153660919,2026-07-01 15:43:35.000 UTC,optimism,0x0b2c639c533813f4aa9d7837caf62653d097ff85,blacklist(address),,BLACKLISTER,,,Circle
CU-IMP-3890,ONCHAIN_TX,0x187f35e899dbe44b3e28df4c758fd6d1f9a29463eb119da902c3f74b70fa8020,153661104,2026-07-01 15:49:45.000 UTC,optimism,0x0b2c639c533813f4aa9d7837caf62653d097ff85,blacklist(address),,BLACKLISTER,,,Circle
CU-IMP-3891,ONCHAIN_TX,0x78f61aab22e55318cf7ac4d36faad9610fc072522c7eb43896da2cd4f00c1760,153661117,2026-07-01 15:50:11.000 UTC,optimism,0x0b2c639c533813f4aa9d7837caf62653d097ff85,blacklist(address),,BLACKLISTER,,,Circle
CU-IMP-3892,ONCHAIN_TX,0x1558655c1e27461fad62073edd3e0aea5579895c4acf3a31d5e13e61b375c804,153661183,2026-07-01 15:52:23.000 UTC,optimism,0x0b2c639c533813f4aa9d7837caf62653d097ff85,blacklist(address),,BLACKLISTER,,,Circle
CU-IMP-3893,ONCHAIN_TX,0xeebfce7fb14aa81fc17caed16b07739c74edd86043471ba3666c7928bad4a3d5,153661343,2026-07-01 15:57:43.000 UTC,optimism,0x0b2c639c533813f4aa9d7837caf62653d097ff85,blacklist(address),,BLACKLISTER,,,Circle
CU-IMP-3894,ONCHAIN_TX,0x143b2b75e7a85f608844708c6ea7b3f86a781ea51b02624be6cb3e650da96851,153661497,2026-07-01 16:02:51.000 UTC,optimism,0x0b2c639c533813f4aa9d7837caf62653d097ff85,blacklist(address),,BLACKLISTER,,,Circle
CU-IMP-3895,ONCHAIN_TX,0x76c93b2da520c0cf3bc31fbb69db92eedd5fded5e0a5cb70aedfabd537eb0ba7,153661518,2026-07-01 16:03:33.000 UTC,optimism,0x0b2c639c533813f4aa9d7837caf62653d097ff85,blacklist(address),,BLACKLISTER,,,Circle
CU-IMP-3896,ONCHAIN_TX,0x936e45610602d609813b8f6b8de42df4c6335802307c9a5260c83c7dc9040b8a,153661529,2026-07-01 16:03:55.000 UTC,optimism,0x0b2c639c533813f4aa9d7837caf62653d097ff85,blacklist(address),,BLACKLISTER,,,Circle
CU-IMP-3897,ONCHAIN_TX,0x63f76be3275c8e1a90602ca1a4fe72f550dcfcb2e29d86680d021c56cc396f26,153661534,2026-07-01 16:04:05.000 UTC,optimism,0x0b2c639c533813f4aa9d7837caf62653d097ff85,blacklist(address),,BLACKLISTER,,,Circle
CU-IMP-3898,ONCHAIN_TX,0x690fb227c7fc2562a1b9b716606836812f9beabcd5da2f4435d15c83b24f89be,153661571,2026-07-01 16:05:19.000 UTC,optimism,0x0b2c639c533813f4aa9d7837caf62653d097ff85,blacklist(address),,BLACKLISTER,,,Circle
CU-IMP-3899,ONCHAIN_TX,0x8106602ca76b3483273294fe07ddeaf1eb235207b6d43427bc9aa1b63319cdb5,153661593,2026-07-01 16:06:03.000 UTC,optimism,0x0b2c639c533813f4aa9d7837caf62653d097ff85,blacklist(address),,BLACKLISTER,,,Circle
CU-IMP-3900,ONCHAIN_TX,0xfac7d40e98dcf0444d4380166cb71eb31addf14ed8a27a182a6489840db557eb,153661733,2026-07-01 16:10:43.000 UTC,optimism,0x0b2c639c533813f4aa9d7837caf62653d097ff85,blacklist(address),,BLACKLISTER,,,Circle
CU-IMP-3901,ONCHAIN_TX,0x1ee236def819bc25baedc75bc560cf1a1263b4fa002e76c7fc488140ec54c68c,153661754,2026-07-01 16:11:25.000 UTC,optimism,0x0b2c639c533813f4aa9d7837caf62653d097ff85,blacklist(address),,BLACKLISTER,,,Circle
CU-IMP-3902,ONCHAIN_TX,0xabfa94dfb0672db669d353421d90d3598013136a6a9ce12f4fb1ccca54ef18f9,153661770,2026-07-01 16:11:57.000 UTC,optimism,0x0b2c639c533813f4aa9d7837caf62653d097ff85,blacklist(address),,BLACKLISTER,,,Circle
CU-IMP-3903,ONCHAIN_TX,0x91190e12b726a0fb5a71aa9db710b79b9ea4b9d6918f3c9d6f6a4bca08be849b,153661878,2026-07-01 16:15:33.000 UTC,optimism,0x0b2c639c533813f4aa9d7837caf62653d097ff85,blacklist(address),,BLACKLISTER,,,Circle
CU-IMP-3904,ONCHAIN_TX,0x8ea13720457009e57dda33766dcc73b8b259d06a8265c548fc4bcc541c0de2a4,153661900,2026-07-01 16:16:17.000 UTC,optimism,0x0b2c639c533813f4aa9d7837caf62653d097ff85,blacklist(address),,BLACKLISTER,,,Circle
CU-IMP-3905,ONCHAIN_TX,0x7a7d7ebdc4c6adfd1c33c8a387fab24693e614c5b523dab038d49822ee4382ca,153661977,2026-07-01 16:18:51.000 UTC,optimism,0x0b2c639c533813f4aa9d7837caf62653d097ff85,blacklist(address),,BLACKLISTER,,,Circle
CU-IMP-3906,ONCHAIN_TX,0x98fcb512e1dbb15c2492bc17f2e8a9bde0a14371c69a5ebcf4ef54ba19737916,153662064,2026-07-01 16:21:45.000 UTC,optimism,0x0b2c639c533813f4aa9d7837caf62653d097ff85,blacklist(address),,BLACKLISTER,,,Circle
CU-IMP-3907,ONCHAIN_TX,0xc3633bdb02f1db1e0def7a16d06612b906d3461970ee7afe2a6c725c14d5a687,153662089,2026-07-01 16:22:35.000 UTC,optimism,0x0b2c639c533813f4aa9d7837caf62653d097ff85,blacklist(address),,BLACKLISTER,,,Circle
CU-IMP-3908,ONCHAIN_TX,0xd8b60a3876b604ab635e3ded8ffd511ccb5da3d94ea3721f26c3e5c1c7d87688,153662110,2026-07-01 16:23:17.000 UTC,optimism,0x0b2c639c533813f4aa9d7837caf62653d097ff85,blacklist(address),,BLACKLISTER,,,Circle
CU-IMP-3909,ONCHAIN_TX,0x998d4b4813b24273867069a3b674ee38754e798e562c19de2db6306990f95435,153662251,2026-07-01 16:27:59.000 UTC,optimism,0x0b2c639c533813f4aa9d7837caf62653d097ff85,blacklist(address),,BLACKLISTER,,,Circle
CU-IMP-3910,ONCHAIN_TX,0x2c827ed92ffc2aac832aac425a7311329ecaab80c328f0a6cbdcc038a1e01f5e,153662352,2026-07-01 16:31:21.000 UTC,optimism,0x0b2c639c533813f4aa9d7837caf62653d097ff85,blacklist(address),,BLACKLISTER,,,Circle
CU-IMP-3911,ONCHAIN_TX,0xfaa94f908b4e7b0e5c68157ba37c8a6465b93c17571e99fd40605f09fb621f1d,153662412,2026-07-01 16:33:21.000 UTC,optimism,0x0b2c639c533813f4aa9d7837caf62653d097ff85,blacklist(address),,BLACKLISTER,,,Circle
CU-IMP-3912,ONCHAIN_TX,0xc58ddc040c2009d40d513041296e7dbcf5013b664cef9a102b33f5e3f61691e1,153662444,2026-07-01 16:34:25.000 UTC,optimism,0x0b2c639c533813f4aa9d7837caf62653d097ff85,blacklist(address),,BLACKLISTER,,,Circle
CU-IMP-3913,ONCHAIN_TX,0xe7868598e5b89dbd0255b785ff2bf3abfce35380ec88c237a902a4c2915ffa23,153662482,2026-07-01 16:35:41.000 UTC,optimism,0x0b2c639c533813f4aa9d7837caf62653d097ff85,blacklist(address),,BLACKLISTER,,,Circle
CU-IMP-3914,ONCHAIN_TX,0x0b51131cdb3af51888650dce4869103e2486fedbd18065bd58a79451d85a984b,153662505,2026-07-01 16:36:27.000 UTC,optimism,0x0b2c639c533813f4aa9d7837caf62653d097ff85,blacklist(address),,BLACKLISTER,,,Circle
CU-IMP-3915,ONCHAIN_TX,0x4db065603cfce60a2b366fe7d0a8e3d8d1f7332ba55b767ca78871d9c8d01650,153662514,2026-07-01 16:36:45.000 UTC,optimism,0x0b2c639c533813f4aa9d7837caf62653d097ff85,blacklist(address),,BLACKLISTER,,,Circle
CU-IMP-3916,ONCHAIN_TX,0x7abab9b27726d612ca2ae10e2728b6c36b9788dd08643cf3eab0ce6f139962e7,153662565,2026-07-01 16:38:27.000 UTC,optimism,0x0b2c639c533813f4aa9d7837caf62653d097ff85,blacklist(address),,BLACKLISTER,,,Circle
CU-IMP-3917,ONCHAIN_TX,0x4d247431095882b69ef1092aff7e626c593b898052be4f18678b853ad6a21995,153662576,2026-07-01 16:38:49.000 UTC,optimism,0x0b2c639c533813f4aa9d7837caf62653d097ff85,blacklist(address),,BLACKLISTER,,,Circle
CU-IMP-3918,ONCHAIN_TX,0x56336bee52b4c8ec35e9fd40eb0f6e1b2f6bef053b0f1b8ce65f0ffe3e637b5c,153662608,2026-07-01 16:39:53.000 UTC,optimism,0x0b2c639c533813f4aa9d7837caf62653d097ff85,blacklist(address),,BLACKLISTER,,,Circle
CU-IMP-3919,ONCHAIN_TX,0x4947db35702425a14759586e75037261467b27066547495c916fa542135c9661,153662696,2026-07-01 16:42:49.000 UTC,optimism,0x0b2c639c533813f4aa9d7837caf62653d097ff85,blacklist(address),,BLACKLISTER,,,Circle
CU-IMP-3920,ONCHAIN_TX,0x3318ad048e91a203a46f3e9adc471c0e0da67a982e263d1ef9250f6188ab4a5c,153662970,2026-07-01 16:51:57.000 UTC,optimism,0x0b2c639c533813f4aa9d7837caf62653d097ff85,blacklist(address),,BLACKLISTER,,,Circle
CU-IMP-3921,ONCHAIN_TX,0x3717d0fed727e3d66efa78e9638bad45cec51561fae1c73c5d76425cedd35fad,153663012,2026-07-01 16:53:21.000 UTC,optimism,0x0b2c639c533813f4aa9d7837caf62653d097ff85,blacklist(address),,BLACKLISTER,,,Circle
CU-IMP-3922,ONCHAIN_TX,0x8972d87eb2ae8c98a410c04da84d5e19d9a84afb8add6797b79938a0588fe1c9,153663056,2026-07-01 16:54:49.000 UTC,optimism,0x0b2c639c533813f4aa9d7837caf62653d097ff85,blacklist(address),,BLACKLISTER,,,Circle
CU-IMP-3923,ONCHAIN_TX,0xe2aa295bed0843ef5d6b45511b0907bc7f77bd7b1b9315e6be4342609bb00ba5,153663066,2026-07-01 16:55:09.000 UTC,optimism,0x0b2c639c533813f4aa9d7837caf62653d097ff85,blacklist(address),,BLACKLISTER,,,Circle
CU-IMP-3924,ONCHAIN_TX,0xc9e1d7572e04651094bd49c4d3a6a575ec564083f8248f5afee89a12c411e1e4,153663151,2026-07-01 16:57:59.000 UTC,optimism,0x0b2c639c533813f4aa9d7837caf62653d097ff85,blacklist(address),,BLACKLISTER,,,Circle
CU-IMP-3925,ONCHAIN_TX,0xe751e1ee20520902c3b0d48c9783432957c3099b9f4fa35404d29205434425d3,153663155,2026-07-01 16:58:07.000 UTC,optimism,0x0b2c639c533813f4aa9d7837caf62653d097ff85,blacklist(address),,BLACKLISTER,,,Circle
CU-IMP-3926,ONCHAIN_TX,0xdd6c4cabc85748c7f56682ca65d7450c0bdf7bc13335e7cb88d1da8325e00cab,153663164,2026-07-01 16:58:25.000 UTC,optimism,0x0b2c639c533813f4aa9d7837caf62653d097ff85,blacklist(address),,BLACKLISTER,,,Circle
CU-IMP-3927,ONCHAIN_TX,0xaf62a682268861e34999d527fc350ca9047cbc1c94e6e90160a63c93e879a406,153663224,2026-07-01 17:00:25.000 UTC,optimism,0x0b2c639c533813f4aa9d7837caf62653d097ff85,blacklist(address),,BLACKLISTER,,,Circle
CU-IMP-3928,ONCHAIN_TX,0xcdebd6756adc29c410b86640f883796518d5205d4afa8ab4ce25e0bd340d434e,153663266,2026-07-01 17:01:49.000 UTC,optimism,0x0b2c639c533813f4aa9d7837caf62653d097ff85,blacklist(address),,BLACKLISTER,,,Circle
CU-IMP-3929,ONCHAIN_TX,0xf2e1b965eb70bac997b8a19adca5d2520932841def34849e97070ad42e190d84,153663282,2026-07-01 17:02:21.000 UTC,optimism,0x0b2c639c533813f4aa9d7837caf62653d097ff85,blacklist(address),,BLACKLISTER,,,Circle
CU-IMP-3930,ONCHAIN_TX,0x933c9b6054639248fdacf288987ce7d749696ff9b7c2dca1e6706bbc6c7d6583,153663384,2026-07-01 17:05:45.000 UTC,optimism,0x0b2c639c533813f4aa9d7837caf62653d097ff85,blacklist(address),,BLACKLISTER,,,Circle
CU-IMP-3931,ONCHAIN_TX,0xdfaf5347b04550228c9b244059611f0d2285383f474b12fcc4429d01e7c92aaa,153663545,2026-07-01 17:11:07.000 UTC,optimism,0x0b2c639c533813f4aa9d7837caf62653d097ff85,blacklist(address),,BLACKLISTER,,,Circle
CU-IMP-3932,ONCHAIN_TX,0x676278ae3dcb4e4f8d57126d89911be1e1d42ccde7466736da95b443e0451e03,153663565,2026-07-01 17:11:47.000 UTC,optimism,0x0b2c639c533813f4aa9d7837caf62653d097ff85,blacklist(address),,BLACKLISTER,,,Circle
CU-IMP-3933,ONCHAIN_TX,0xf2c59db9f3ece48b1ddd88c2a417302298e49b2c1990c658485b2270b4a0b43d,153663566,2026-07-01 17:11:49.000 UTC,optimism,0x0b2c639c533813f4aa9d7837caf62653d097ff85,blacklist(address),,BLACKLISTER,,,Circle
CU-IMP-3934,ONCHAIN_TX,0x4af85e53ae41d3858a123cae6a3fb0ecaf09fa4e2db47444bca0e47db53347c0,153663586,2026-07-01 17:12:29.000 UTC,optimism,0x0b2c639c533813f4aa9d7837caf62653d097ff85,blacklist(address),,BLACKLISTER,,,Circle
CU-IMP-3935,ONCHAIN_TX,0x5c814b6d4ad7f0e94f760abc8cc0c0a8ba472a82b5877ece86309dd4586d92b8,153663666,2026-07-01 17:15:09.000 UTC,optimism,0x0b2c639c533813f4aa9d7837caf62653d097ff85,blacklist(address),,BLACKLISTER,,,Circle
CU-IMP-3936,ONCHAIN_TX,0x012eba594497a640d578337923e79d72a766474568ae20c3d0ca654b661d22f2,153663824,2026-07-01 17:20:25.000 UTC,optimism,0x0b2c639c533813f4aa9d7837caf62653d097ff85,blacklist(address),,BLACKLISTER,,,Circle
CU-IMP-3937,ONCHAIN_TX,0xeff0e2e507c208b31601fe0f42d4692db943f9d3680979d52d25e3f7209abdd7,153663858,2026-07-01 17:21:33.000 UTC,optimism,0x0b2c639c533813f4aa9d7837caf62653d097ff85,blacklist(address),,BLACKLISTER,,,Circle
CU-IMP-3938,ONCHAIN_TX,0x6da1425fa7d37fa6a67b6a74d7ddf5857301136302b827b76f73269291f11268,153663900,2026-07-01 17:22:57.000 UTC,optimism,0x0b2c639c533813f4aa9d7837caf62653d097ff85,blacklist(address),,BLACKLISTER,,,Circle
CU-IMP-3939,ONCHAIN_TX,0xd865a8cdcecb038a8ecf1bf58cc49eeb14f92d3c8900440a9a580f258f4b1408,153664099,2026-07-01 17:29:35.000 UTC,optimism,0x0b2c639c533813f4aa9d7837caf62653d097ff85,blacklist(address),,BLACKLISTER,,,Circle
CU-IMP-3940,ONCHAIN_TX,0x2e308c9eb69ea185acf9c312009172867f9955c7cbf0e0440cf27ac396ce971f,153664131,2026-07-01 17:30:39.000 UTC,optimism,0x0b2c639c533813f4aa9d7837caf62653d097ff85,blacklist(address),,BLACKLISTER,,,Circle
CU-IMP-3941,ONCHAIN_TX,0x63a76905495ff12a138456a440648f5fffdc6eedc93a70e8f97c0c2dfc6f229d,153664152,2026-07-01 17:31:21.000 UTC,optimism,0x0b2c639c533813f4aa9d7837caf62653d097ff85,blacklist(address),,BLACKLISTER,,,Circle
CU-IMP-3942,ONCHAIN_TX,0xc8e6ef904fa0edce5b71832c16fa7d0152d982af5fae9f05ef9e46797758d7a7,153664237,2026-07-01 17:34:11.000 UTC,optimism,0x0b2c639c533813f4aa9d7837caf62653d097ff85,blacklist(address),,BLACKLISTER,,,Circle
CU-IMP-3943,ONCHAIN_TX,0xe54fbc459a21e0fee176458d3d8378194d22e193d480ef7ad387e67ef8742f99,153664275,2026-07-01 17:35:27.000 UTC,optimism,0x0b2c639c533813f4aa9d7837caf62653d097ff85,blacklist(address),,BLACKLISTER,,,Circle
CU-IMP-3944,ONCHAIN_TX,0x089646b64eb8752539fe51bb626aab6b4d44563194cc78505cddb8a8f58a140b,153664318,2026-07-01 17:36:53.000 UTC,optimism,0x0b2c639c533813f4aa9d7837caf62653d097ff85,blacklist(address),,BLACKLISTER,,,Circle
CU-IMP-3945,ONCHAIN_TX,0x75e9c10250782a9cab490b0f165b70a041170e4bdf1ce4e546fa94485620ef2b,153664342,2026-07-01 17:37:41.000 UTC,optimism,0x0b2c639c533813f4aa9d7837caf62653d097ff85,blacklist(address),,BLACKLISTER,,,Circle
CU-IMP-3946,ONCHAIN_TX,0xbb7042cf33917992bd6793de59c1328947c7fdbffb5c0d653883610e13ee31a8,153664352,2026-07-01 17:38:01.000 UTC,optimism,0x0b2c639c533813f4aa9d7837caf62653d097ff85,blacklist(address),,BLACKLISTER,,,Circle
CU-IMP-3947,ONCHAIN_TX,0x69fc91a230314e98df317024ce4b499319d62bd1072602bdf84e12c8edccdbe8,153664420,2026-07-01 17:40:17.000 UTC,optimism,0x0b2c639c533813f4aa9d7837caf62653d097ff85,blacklist(address),,BLACKLISTER,,,Circle
CU-IMP-3948,ONCHAIN_TX,0xed743b564652b355102e4a5267a941f31c59140533d917651431d56083c354d6,153664506,2026-07-01 17:43:09.000 UTC,optimism,0x0b2c639c533813f4aa9d7837caf62653d097ff85,blacklist(address),,BLACKLISTER,,,Circle
CU-IMP-3949,ONCHAIN_TX,0x3e70abf32d93f6ca43c4ee9ac2f235adcbe0cb78cf64059cc8eda528ea0a4e7f,153664538,2026-07-01 17:44:13.000 UTC,optimism,0x0b2c639c533813f4aa9d7837caf62653d097ff85,blacklist(address),,BLACKLISTER,,,Circle
CU-IMP-3950,ONCHAIN_TX,0xd0d11673d0b26493ffb0ed657819eea64146d33cdc184bbe1caf675438019359,153664556,2026-07-01 17:44:49.000 UTC,optimism,0x0b2c639c533813f4aa9d7837caf62653d097ff85,blacklist(address),,BLACKLISTER,,,Circle
CU-IMP-3951,ONCHAIN_TX,0xbb5944ea3e3b8f255fe93026f5c2ccacd3dcca736c4c97c31591358f0c8e989c,153664599,2026-07-01 17:46:15.000 UTC,optimism,0x0b2c639c533813f4aa9d7837caf62653d097ff85,blacklist(address),,BLACKLISTER,,,Circle
CU-IMP-3952,ONCHAIN_TX,0x230ecd4e68c1830b4de620c32f49d28ba874f3dd9d30868ed18e6db3bca8d9e2,153664674,2026-07-01 17:48:45.000 UTC,optimism,0x0b2c639c533813f4aa9d7837caf62653d097ff85,blacklist(address),,BLACKLISTER,,,Circle
CU-IMP-3953,ONCHAIN_TX,0xfacb4f1d86a45c1b8419554b39fe6fb4583bcbb7e22ef375815431db9ab45ca2,153664688,2026-07-01 17:49:13.000 UTC,optimism,0x0b2c639c533813f4aa9d7837caf62653d097ff85,blacklist(address),,BLACKLISTER,,,Circle
CU-IMP-3954,ONCHAIN_TX,0x0ab0de3b6a9ea6d9c0e5c1f16bfd18313b0b054f2128babb4c555793a5734fc1,153664704,2026-07-01 17:49:45.000 UTC,optimism,0x0b2c639c533813f4aa9d7837caf62653d097ff85,blacklist(address),,BLACKLISTER,,,Circle
CU-IMP-3955,ONCHAIN_TX,0x4bd8e5e7f0d34faa113ab48353c730527ea4c1349181588b2d77368df8646800,153664892,2026-07-01 17:56:01.000 UTC,optimism,0x0b2c639c533813f4aa9d7837caf62653d097ff85,blacklist(address),,BLACKLISTER,,,Circle
CU-IMP-3956,ONCHAIN_TX,0x17f1a2d31a3cd659d7586fb824a2488af8381b467a585c426a50f2ddd0fc4899,153664897,2026-07-01 17:56:11.000 UTC,optimism,0x0b2c639c533813f4aa9d7837caf62653d097ff85,blacklist(address),,BLACKLISTER,,,Circle
CU-IMP-3957,ONCHAIN_TX,0x4e64cb86e6fa1eab88abeb89e91cd1ac647a9dc844596d04c592e55b32e27fb4,153664953,2026-07-01 17:58:03.000 UTC,optimism,0x0b2c639c533813f4aa9d7837caf62653d097ff85,blacklist(address),,BLACKLISTER,,,Circle
CU-IMP-3958,ONCHAIN_TX,0x563b170bb83aab1bec48097290c140f18df2bda5d7d39e6bdf0bf3906af9292f,153665087,2026-07-01 18:02:31.000 UTC,optimism,0x0b2c639c533813f4aa9d7837caf62653d097ff85,blacklist(address),,BLACKLISTER,,,Circle
CU-IMP-3959,ONCHAIN_TX,0xa458b69e3f9c0a7452d1c35a2653fa6704b40c384aa2541d7ba032a14a6e8d8a,153665290,2026-07-01 18:09:17.000 UTC,optimism,0x0b2c639c533813f4aa9d7837caf62653d097ff85,blacklist(address),,BLACKLISTER,,,Circle
CU-IMP-3960,ONCHAIN_TX,0x55f0b4851b1ee34bb9cd6e22ea9b15ecd8884cb0d01fdfe5f5bb33ee77bed1d8,153665308,2026-07-01 18:09:53.000 UTC,optimism,0x0b2c639c533813f4aa9d7837caf62653d097ff85,blacklist(address),,BLACKLISTER,,,Circle
CU-IMP-3961,ONCHAIN_TX,0x578a999b173247beacc97d2ccaa8fbeedcb53d735f1e4cec17dead2b4f415539,153665317,2026-07-01 18:10:11.000 UTC,optimism,0x0b2c639c533813f4aa9d7837caf62653d097ff85,blacklist(address),,BLACKLISTER,,,Circle
CU-IMP-3962,ONCHAIN_TX,0x68da156a74575974430d48e2f13eba0ae5a8c55de011e8ad4cc13a3a82fc40bb,153665338,2026-07-01 18:10:53.000 UTC,optimism,0x0b2c639c533813f4aa9d7837caf62653d097ff85,blacklist(address),,BLACKLISTER,,,Circle
CU-IMP-3963,ONCHAIN_TX,0xe4c8bc0e28604d1d5d75ea0f193247b3adb467d4587df7d58862a047f99e72ae,153665478,2026-07-01 18:15:33.000 UTC,optimism,0x0b2c639c533813f4aa9d7837caf62653d097ff85,blacklist(address),,BLACKLISTER,,,Circle
CU-IMP-3964,ONCHAIN_TX,0x406bc45982773f04bdea460ca236003d744528705eb93d6afa7ec213aff45470,153665499,2026-07-01 18:16:15.000 UTC,optimism,0x0b2c639c533813f4aa9d7837caf62653d097ff85,blacklist(address),,BLACKLISTER,,,Circle
CU-IMP-3965,ONCHAIN_TX,0x344251601692754a2c801914d5ee5a07b960f0ee9498ee51dfb59f3acd5e50af,153665554,2026-07-01 18:18:05.000 UTC,optimism,0x0b2c639c533813f4aa9d7837caf62653d097ff85,blacklist(address),,BLACKLISTER,,,Circle
CU-IMP-3966,ONCHAIN_TX,0xf706f7c7899c975d4c774a14ce99e4db71ba00980f13f7d3faf2c41b8a1f711e,153665579,2026-07-01 18:18:55.000 UTC,optimism,0x0b2c639c533813f4aa9d7837caf62653d097ff85,blacklist(address),,BLACKLISTER,,,Circle
CU-IMP-3967,ONCHAIN_TX,0x48c73ea5a29517fc4bb83a3a15ac79b84dfcd7ff7cf49ba6d387c098ab616bd9,153665615,2026-07-01 18:20:07.000 UTC,optimism,0x0b2c639c533813f4aa9d7837caf62653d097ff85,blacklist(address),,BLACKLISTER,,,Circle
CU-IMP-3968,ONCHAIN_TX,0x5248ad58e5c95f07579cf984b9958c9cf3185c5b5bdaa59b91c0ef8e4ff856c3,153665616,2026-07-01 18:20:09.000 UTC,optimism,0x0b2c639c533813f4aa9d7837caf62653d097ff85,blacklist(address),,BLACKLISTER,,,Circle
CU-IMP-3969,ONCHAIN_TX,0x084e3301ef86ab2e3df60dadddab873c96423eb70b1492ac2af6b6fc35880509,153665667,2026-07-01 18:21:51.000 UTC,optimism,0x0b2c639c533813f4aa9d7837caf62653d097ff85,blacklist(address),,BLACKLISTER,,,Circle
CU-IMP-3970,ONCHAIN_TX,0xde265881e1508591d4ef2778dd53570717612476347805b700d1b7d8b497792b,153665797,2026-07-01 18:26:11.000 UTC,optimism,0x0b2c639c533813f4aa9d7837caf62653d097ff85,blacklist(address),,BLACKLISTER,,,Circle
CU-IMP-3971,ONCHAIN_TX,0x35c270738c170513afe89dadba389b46ba9c5ecbffef1ec06a138fc926ac009f,153665825,2026-07-01 18:27:07.000 UTC,optimism,0x0b2c639c533813f4aa9d7837caf62653d097ff85,blacklist(address),,BLACKLISTER,,,Circle
CU-IMP-3972,ONCHAIN_TX,0x4b089fa8ea72563144be3e89cd987e8e75491aa1f66aaad39bcce24dd5439ba3,153665980,2026-07-01 18:32:17.000 UTC,optimism,0x0b2c639c533813f4aa9d7837caf62653d097ff85,blacklist(address),,BLACKLISTER,,,Circle
CU-IMP-3973,ONCHAIN_TX,0x5bca77525ff6dbab32825d76c0cce75eba9c78ae7c9e9b4462a730da167eaebd,153666064,2026-07-01 18:35:05.000 UTC,optimism,0x0b2c639c533813f4aa9d7837caf62653d097ff85,blacklist(address),,BLACKLISTER,,,Circle
CU-IMP-3974,ONCHAIN_TX,0x144141c8c5132de53387c175d3aee7e16b844327da850c56b2389b768daa4fb8,153666135,2026-07-01 18:37:27.000 UTC,optimism,0x0b2c639c533813f4aa9d7837caf62653d097ff85,blacklist(address),,BLACKLISTER,,,Circle
CU-IMP-3975,ONCHAIN_TX,0xb026c9d6668e35fa4ca41cfdb40f71f36ff38de7b9077d72ee727a593547b3bc,153666148,2026-07-01 18:37:53.000 UTC,optimism,0x0b2c639c533813f4aa9d7837caf62653d097ff85,blacklist(address),,BLACKLISTER,,,Circle
CU-IMP-3976,ONCHAIN_TX,0x7e917291e8ea5f416fbf2d21e35f4571513b30a31f1e413419ef948857ab2e19,153666180,2026-07-01 18:38:57.000 UTC,optimism,0x0b2c639c533813f4aa9d7837caf62653d097ff85,blacklist(address),,BLACKLISTER,,,Circle
CU-IMP-3977,ONCHAIN_TX,0x8b847906b1ab105ecd6bb5be640f9b16c7ee4d94febd50ecece547fdf0b3db99,153666223,2026-07-01 18:40:23.000 UTC,optimism,0x0b2c639c533813f4aa9d7837caf62653d097ff85,blacklist(address),,BLACKLISTER,,,Circle
CU-IMP-3978,ONCHAIN_TX,0xa027164ad419896d516f75a941be41f494854b5999e3fcffdfd2aafdc3fd3312,153666340,2026-07-01 18:44:17.000 UTC,optimism,0x0b2c639c533813f4aa9d7837caf62653d097ff85,blacklist(address),,BLACKLISTER,,,Circle
CU-IMP-3979,ONCHAIN_TX,0xf2755df55131759bb0ea5d055b28fca6711f8130aa2ac0ed3c3e693dd222a169,153666346,2026-07-01 18:44:29.000 UTC,optimism,0x0b2c639c533813f4aa9d7837caf62653d097ff85,blacklist(address),,BLACKLISTER,,,Circle
CU-IMP-3980,ONCHAIN_TX,0xf3e69745122416a48263fa03d9e948ba5715bc22a9669535088b7e3eb52b6206,153666447,2026-07-01 18:47:51.000 UTC,optimism,0x0b2c639c533813f4aa9d7837caf62653d097ff85,blacklist(address),,BLACKLISTER,,,Circle
CU-IMP-3981,ONCHAIN_TX,0xef657cef0f0b2c165eb828fe6d93a668a081dbd8b196632768be95a7b48ae767,153666534,2026-07-01 18:50:45.000 UTC,optimism,0x0b2c639c533813f4aa9d7837caf62653d097ff85,blacklist(address),,BLACKLISTER,,,Circle
CU-IMP-3982,ONCHAIN_TX,0x76f767ce55817831eae461febcee4fa78c1779ca0790d99cd5290adb4bb6c8a9,153666620,2026-07-01 18:53:37.000 UTC,optimism,0x0b2c639c533813f4aa9d7837caf62653d097ff85,blacklist(address),,BLACKLISTER,,,Circle
CU-IMP-3983,ONCHAIN_TX,0xc867af693efc34de02837ba0057e6ba5580a322e1c80642c874de6ac541cb361,153666655,2026-07-01 18:54:47.000 UTC,optimism,0x0b2c639c533813f4aa9d7837caf62653d097ff85,blacklist(address),,BLACKLISTER,,,Circle
CU-IMP-3984,ONCHAIN_TX,0xa2eb744c6887d7e4c5797d0d92f2a5b675ce77bd64fd69a7008f09ce843a6874,153666683,2026-07-01 18:55:43.000 UTC,optimism,0x0b2c639c533813f4aa9d7837caf62653d097ff85,blacklist(address),,BLACKLISTER,,,Circle
CU-IMP-3985,ONCHAIN_TX,0x890dc56f89edf4e2df8bb30c79ca03d97165c5f9f1e35b94e933e82f215d91de,153666894,2026-07-01 19:02:45.000 UTC,optimism,0x0b2c639c533813f4aa9d7837caf62653d097ff85,blacklist(address),,BLACKLISTER,,,Circle
CU-IMP-3986,ONCHAIN_TX,0xfe36ac9c0b232c9deb259ee5a2a4d2aac4671ae87746d8c74e27f1765d4b8590,153667038,2026-07-01 19:07:33.000 UTC,optimism,0x0b2c639c533813f4aa9d7837caf62653d097ff85,blacklist(address),,BLACKLISTER,,,Circle
CU-IMP-3987,ONCHAIN_TX,0xececf226c5d59587bbd06f87d79b4f2dafe25bf0152de4609be86495c6233ab4,153667067,2026-07-01 19:08:31.000 UTC,optimism,0x0b2c639c533813f4aa9d7837caf62653d097ff85,blacklist(address),,BLACKLISTER,,,Circle
CU-IMP-3988,ONCHAIN_TX,0x371f430123661cc1e12f698efb7dda0e35817261867abd3a1a5204734c950175,153667137,2026-07-01 19:10:51.000 UTC,optimism,0x0b2c639c533813f4aa9d7837caf62653d097ff85,blacklist(address),,BLACKLISTER,,,Circle
CU-IMP-3989,ONCHAIN_TX,0xaecfc4e3d5738dff02fdd79c6bdab9f370f7f0cac5e0cdf870ec784e12c48f94,153667139,2026-07-01 19:10:55.000 UTC,optimism,0x0b2c639c533813f4aa9d7837caf62653d097ff85,blacklist(address),,BLACKLISTER,,,Circle
CU-IMP-3990,ONCHAIN_TX,0x17d51a9c396f0cd2808ff4a6b09bab6536dbc6b2de201c097059886df5409c02,153667169,2026-07-01 19:11:55.000 UTC,optimism,0x0b2c639c533813f4aa9d7837caf62653d097ff85,blacklist(address),,BLACKLISTER,,,Circle
CU-IMP-3991,ONCHAIN_TX,0x3339d64ca0dd8366744a1e083594a64a61be56da8ef92ac9199b2250c0a50b02,153667229,2026-07-01 19:13:55.000 UTC,optimism,0x0b2c639c533813f4aa9d7837caf62653d097ff85,blacklist(address),,BLACKLISTER,,,Circle
CU-IMP-3992,ONCHAIN_TX,0x94f89d0a6adac694d3eac7da695cc054089da5f79950dacc1568b041ce01bde8,153667297,2026-07-01 19:16:11.000 UTC,optimism,0x0b2c639c533813f4aa9d7837caf62653d097ff85,blacklist(address),,BLACKLISTER,,,Circle
CU-IMP-3993,ONCHAIN_TX,0x4877ebb674025f4fcaf944931ee9d081119ebcefbb6a6380088a6948224693d3,153667357,2026-07-01 19:18:11.000 UTC,optimism,0x0b2c639c533813f4aa9d7837caf62653d097ff85,blacklist(address),,BLACKLISTER,,,Circle
CU-IMP-3994,ONCHAIN_TX,0x758fac88459ddfbd2794be72d1b8bf3b6e1741991b14091ca3e44a4188813d0d,153667362,2026-07-01 19:18:21.000 UTC,optimism,0x0b2c639c533813f4aa9d7837caf62653d097ff85,blacklist(address),,BLACKLISTER,,,Circle
CU-IMP-3995,ONCHAIN_TX,0x1a7a2b7ef5651901f6a29aa8b7961d09f3bf0af20c9db74d381a2bd527f3e9c1,153667365,2026-07-01 19:18:27.000 UTC,optimism,0x0b2c639c533813f4aa9d7837caf62653d097ff85,blacklist(address),,BLACKLISTER,,,Circle
CU-IMP-3996,ONCHAIN_TX,0xa01594d1a412a024ecbf1b11919552c001ff582feb3d7b229b32457673e15fee,153667371,2026-07-01 19:18:39.000 UTC,optimism,0x0b2c639c533813f4aa9d7837caf62653d097ff85,blacklist(address),,BLACKLISTER,,,Circle
CU-IMP-3997,ONCHAIN_TX,0x22d22944b5003a9d1cd9feba730c8e28cab7ce03603eec5be8664153c44023a6,153667510,2026-07-01 19:23:17.000 UTC,optimism,0x0b2c639c533813f4aa9d7837caf62653d097ff85,blacklist(address),,BLACKLISTER,,,Circle
CU-IMP-3998,ONCHAIN_TX,0x8862a44be2ebaaa28bd631348898bcdec02c6377fa8b87c60e7698db18c42176,153667574,2026-07-01 19:25:25.000 UTC,optimism,0x0b2c639c533813f4aa9d7837caf62653d097ff85,blacklist(address),,BLACKLISTER,,,Circle
CU-IMP-3999,ONCHAIN_TX,0x8c3a9dc03837e1c13c611c18d7daecdfaeb12ff94f763aecf45cf3b23c6b1c88,153667634,2026-07-01 19:27:25.000 UTC,optimism,0x0b2c639c533813f4aa9d7837caf62653d097ff85,blacklist(address),,BLACKLISTER,,,Circle
CU-IMP-4000,ONCHAIN_TX,0xed602efa0af26da34cd4debc2b26fd13bce8d8db98a7752559057d63191bd47d,153667733,2026-07-01 19:30:43.000 UTC,optimism,0x0b2c639c533813f4aa9d7837caf62653d097ff85,blacklist(address),,BLACKLISTER,,,Circle
CU-IMP-4001,ONCHAIN_TX,0xa3d7f6461724041094bcf8e88a0a6f2ed370a1b077179d519a7cd494ca9ee200,153667779,2026-07-01 19:32:15.000 UTC,optimism,0x0b2c639c533813f4aa9d7837caf62653d097ff85,blacklist(address),,BLACKLISTER,,,Circle
CU-IMP-4002,ONCHAIN_TX,0x0034f0068aa2a256e6dc3dd038ce6324c836aabf9b7feb1adc931cda0d7aeef6,153667801,2026-07-01 19:32:59.000 UTC,optimism,0x0b2c639c533813f4aa9d7837caf62653d097ff85,blacklist(address),,BLACKLISTER,,,Circle
CU-IMP-4003,ONCHAIN_TX,0x2b643238d0fda4f63a62ca26c787ba8b2122df96901f8948241a78bdfc75b451,153667844,2026-07-01 19:34:25.000 UTC,optimism,0x0b2c639c533813f4aa9d7837caf62653d097ff85,blacklist(address),,BLACKLISTER,,,Circle
CU-IMP-4004,ONCHAIN_TX,0x21bc224fafb6bad5665906fe195ac132d565d1d552693f47b69cb4407955aa2c,154178622,2026-07-13 15:20:21.000 UTC,optimism,0x0b2c639c533813f4aa9d7837caf62653d097ff85,blacklist(address),,BLACKLISTER,,,Circle
CU-IMP-4005,ONCHAIN_TX,0xc560bee9507c88718abd30ecf498484044470903c9caa48d671ac71e3c93c4e5,154178660,2026-07-13 15:21:37.000 UTC,optimism,0x0b2c639c533813f4aa9d7837caf62653d097ff85,blacklist(address),,BLACKLISTER,,,Circle
CU-IMP-4006,ONCHAIN_TX,0xc96ba22217426b43fec6c1f8620e4dcbc902c5a75a21151488be7de1ec8c8c61,154178783,2026-07-13 15:25:43.000 UTC,optimism,0x0b2c639c533813f4aa9d7837caf62653d097ff85,blacklist(address),,BLACKLISTER,,,Circle
CU-IMP-4007,ONCHAIN_TX,0xe09aa2798c68807c3fb0bea1e56cfbe5f5167b6084c1c811e55c906ecad803ac,154178794,2026-07-13 15:26:05.000 UTC,optimism,0x0b2c639c533813f4aa9d7837caf62653d097ff85,blacklist(address),,BLACKLISTER,,,Circle
CU-IMP-4008,ONCHAIN_TX,0x3598242e9b960e0cc61f937a92756df301d6b9eef0932f6995f1aa133aed9611,154178810,2026-07-13 15:26:37.000 UTC,optimism,0x0b2c639c533813f4aa9d7837caf62653d097ff85,blacklist(address),,BLACKLISTER,,,Circle
CU-IMP-4009,ONCHAIN_TX,0x99408228af403baa9235b006e7f2398aff4b50251f9d8dabeba64e9e4e5a5880,154178864,2026-07-13 15:28:25.000 UTC,optimism,0x0b2c639c533813f4aa9d7837caf62653d097ff85,blacklist(address),,BLACKLISTER,,,Circle
CU-IMP-4010,ONCHAIN_TX,0x59cbc959185f55bef2c463f7387eec47a52686e06b0766584425200d0c3bc357,154230909,2026-07-14 20:23:15.000 UTC,optimism,0x0b2c639c533813f4aa9d7837caf62653d097ff85,blacklist(address),,BLACKLISTER,,,Circle
CU-IMP-4011,ONCHAIN_TX,0x965c4a331aefd4d359dfa9c12594d09e1951744a3d788be014e31a732a532cc9,154231010,2026-07-14 20:26:37.000 UTC,optimism,0x0b2c639c533813f4aa9d7837caf62653d097ff85,blacklist(address),,BLACKLISTER,,,Circle
CU-IMP-4012,ONCHAIN_TX,0xe0d373def9f8a9b5c5d44959b00c5ebf25aae602e9e5eb3c7923571ad59c6b6c,154231059,2026-07-14 20:28:15.000 UTC,optimism,0x0b2c639c533813f4aa9d7837caf62653d097ff85,blacklist(address),,BLACKLISTER,,,Circle
CU-IMP-4013,ONCHAIN_TX,0x35b19d6e85e8b53396a1f52222524d5c8790f8a8b1eb97e2b9e97ec34fa5a490,154231111,2026-07-14 20:29:59.000 UTC,optimism,0x0b2c639c533813f4aa9d7837caf62653d097ff85,blacklist(address),,BLACKLISTER,,,Circle
CU-IMP-4014,ONCHAIN_TX,0xe4908e74a6e1cc5d8d0bd3b10528cd8e6c2e01ba846a8b666aa060f3ec055136,154616781,2026-07-23 18:45:39.000 UTC,optimism,0x0b2c639c533813f4aa9d7837caf62653d097ff85,blacklist(address),,BLACKLISTER,,,Circle
CU-IMP-4015,ONCHAIN_TX,0x792880aeaa093a9c2bb4046c028d471b63d6e54f35e52ecf0edf43c21a5de54f,154616851,2026-07-23 18:47:59.000 UTC,optimism,0x0b2c639c533813f4aa9d7837caf62653d097ff85,blacklist(address),,BLACKLISTER,,,Circle
CU-IMP-4016,ONCHAIN_TX,0x1281d5f64ac6d16673f00cb9438b6e4a53b55d24d502eceffcd360f3ed49c2de,154616884,2026-07-23 18:49:05.000 UTC,optimism,0x0b2c639c533813f4aa9d7837caf62653d097ff85,blacklist(address),,BLACKLISTER,,,Circle
CU-IMP-4017,ONCHAIN_TX,0x177e996ad9dfa658ea01f8fbacd657807332240f543d99bb8f10fa1d50ccadf8,154616887,2026-07-23 18:49:11.000 UTC,optimism,0x0b2c639c533813f4aa9d7837caf62653d097ff85,blacklist(address),,BLACKLISTER,,,Circle
CU-IMP-4018,ONCHAIN_TX,0xbff53428a6659badebbb548ede56cc0d913851489ed1f983bf88367008e1a1f6,154617041,2026-07-23 18:54:19.000 UTC,optimism,0x0b2c639c533813f4aa9d7837caf62653d097ff85,blacklist(address),,BLACKLISTER,,,Circle
CU-IMP-4019,ONCHAIN_TX,0x299118887ed831ec37d6881c4cfaf4f7a4686cda1883029e1f5d6ac429f39ac7,154617053,2026-07-23 18:54:43.000 UTC,optimism,0x0b2c639c533813f4aa9d7837caf62653d097ff85,blacklist(address),,BLACKLISTER,,,Circle
CU-IMP-4020,ONCHAIN_TX,0x97c816330e51751293017e147ade6ec6185e2dfad3ad17a3c3dacdc1e1a62149,154617102,2026-07-23 18:56:21.000 UTC,optimism,0x0b2c639c533813f4aa9d7837caf62653d097ff85,blacklist(address),,BLACKLISTER,,,Circle
CU-IMP-4021,ONCHAIN_TX,0x76a12c6debd866ab4280d9df3979c80b065c5348a0a8f301f7aaf7ded3cee4b9,154875293,2026-07-29 18:22:43.000 UTC,optimism,0x0b2c639c533813f4aa9d7837caf62653d097ff85,blacklist(address),,BLACKLISTER,,,Circle
CU-IMP-4022,ONCHAIN_TX,0x4d4ccd27c802a7a4b5de64260b9423cb331c5dfd5aee708a5c23e7afcf59b254,154875314,2026-07-29 18:23:25.000 UTC,optimism,0x0b2c639c533813f4aa9d7837caf62653d097ff85,blacklist(address),,BLACKLISTER,,,Circle
CU-IMP-4023,ONCHAIN_TX,0x0c897dc034bfe95db8a61aa4204ebf1ba96b3ce048ba5fb83e0127be06e6106d,155265749,2026-08-07 19:17:55.000 UTC,optimism,0x0b2c639c533813f4aa9d7837caf62653d097ff85,blacklist(address),,BLACKLISTER,,,Circle
CU-IMP-4024,ONCHAIN_TX,0x1a4f8e82f66365c1e3aa4ed752aa2424a542ab6ad31d95c7bcb36752a42a734f,155265766,2026-08-07 19:18:29.000 UTC,optimism,0x0b2c639c533813f4aa9d7837caf62653d097ff85,blacklist(address),,BLACKLISTER,,,Circle
CU-IMP-4025,ONCHAIN_TX,0xba2671a8f8d2c23f627bebb1e95252aeedc7c0a9f750e685326e8bcfdae69cc5,155265892,2026-08-07 19:22:41.000 UTC,optimism,0x0b2c639c533813f4aa9d7837caf62653d097ff85,blacklist(address),,BLACKLISTER,,,Circle
CU-IMP-4026,ONCHAIN_TX,0x10b0f2803e6c32de397bb04abafe904c2ba6c24ca564e0fe7a3279047bf5983e,155265943,2026-08-07 19:24:23.000 UTC,optimism,0x0b2c639c533813f4aa9d7837caf62653d097ff85,blacklist(address),,BLACKLISTER,,,Circle
CU-IMP-4027,ONCHAIN_TX,0xcfdf2af459ee220f878c8e1fbfaa64919ac858f83c4d982e91b13115625a5c68,155266107,2026-08-07 19:29:51.000 UTC,optimism,0x0b2c639c533813f4aa9d7837caf62653d097ff85,blacklist(address),,BLACKLISTER,,,Circle
CU-IMP-4028,ONCHAIN_TX,0x0fbeadf3a86062fafcc37af519efc26c33b7d82dfcf5d8fe6c1705a5c1346150,155266149,2026-08-07 19:31:15.000 UTC,optimism,0x0b2c639c533813f4aa9d7837caf62653d097ff85,blacklist(address),,BLACKLISTER,,,Circle
CU-IMP-4029,ONCHAIN_TX,0x80ae71db47325b44b565e2a343122131225492484fc1577f2459746c25dd5c47,155266154,2026-08-07 19:31:25.000 UTC,optimism,0x0b2c639c533813f4aa9d7837caf62653d097ff85,blacklist(address),,BLACKLISTER,,,Circle
