symbol,address,evm_key,party_ref,party_name,party_type,programs,listing_date
Digital Currency Address - TRX,TNiq9AXBp9EjUqhDhrwrfvAA8U3GUQZH81,0x8be1904f7e8d196ef670835e2893be5f75c1e63e,4632,BANK MARKAZI JOMHOURI ISLAMI IRAN,Unknown,IFSR; IRAN; IRGC; SDGT,2010-06-16
Digital Currency Address - TRX,TTiDLWE6fZK8okMJv6ijg42yrH6W2pjSr9,0xc29c4df7111a39030a037a3abc8dc68c8d1d8ceb,4632,BANK MARKAZI JOMHOURI ISLAMI IRAN,Unknown,IFSR; IRAN; IRGC; SDGT,2010-06-16
Digital Currency Address - TRX,TAhwhFv3JpK39Nc2m8W5LPCcoTisutiRfp,0x08151bd98c00015de698408de9405aa62115b5ee,4632,BANK MARKAZI JOMHOURI ISLAMI IRAN,Unknown,IFSR; IRAN; IRGC; SDGT,2010-06-16
Digital Currency Address - TRX,TJdgB1k6ot3f2nLuZug6D8eD3HavTmzmSK,0x5f077e9b16f30b9ecfaf5dc09294dcc98b8d395a,4632,BANK MARKAZI JOMHOURI ISLAMI IRAN,Unknown,IFSR; IRAN; IRGC; SDGT,2010-06-16
Digital Currency Address - TRX,TXGHxdYbGy574z5hBu4LNzq9NzjZQ9bhUf,0xe995da05f4e51871d5d2ef8496536a052138bc6a,4632,BANK MARKAZI JOMHOURI ISLAMI IRAN,Unknown,IFSR; IRAN; IRGC; SDGT,2010-06-16
Digital Currency Address - TRX,TFQbqaNbmq2xsVor2NbufLkYZvxFC9wC7k,0x3ba6174651e3a0c3c6a7d42a75e6e00b039304d1,4632,BANK MARKAZI JOMHOURI ISLAMI IRAN,Unknown,IFSR; IRAN; IRGC; SDGT,2010-06-16
Digital Currency Address - TRX,TUoixKFaWVsHxGWgnYyMzpkrT22YqU7VvH,0xce9f3bc87000393f625088ed40280a74682396cf,18647,ISIL Khorasan,Unknown,FTO; SDGT,2015-09-29
Digital Currency Address - TRX,TBtRqkiFzyuwe8nSAGQghxygAfwAF5eERq,0x1508e3c339f9e916595bfa6ea169aee265acf90c,18647,ISIL Khorasan,Unknown,FTO; SDGT,2015-09-29
Digital Currency Address - TRX,TTs7KRq39547ruAsxb9brAPuTLy7h3U6H1,0xc44b0630645bdf681c775df334cbd7530da813fa,18647,ISIL Khorasan,Unknown,FTO; SDGT,2015-09-29
Digital Currency Address - TRX,TVttWTHTCU9kULP51m9BaHpmCW8H1BJJNQ,0xda916a1c12989829fb02a0241a7e70b5a1a4e905,18647,ISIL Khorasan,Unknown,FTO; SDGT,2015-09-29
Digital Currency Address - TRX,TCqKhk7MpPnGH3UfygE1TRzUo92a5tuVy6,0x1f6aa4cd73fe9faf58727800b075d43caa106d46,18647,ISIL Khorasan,Unknown,FTO; SDGT,2015-09-29
Digital Currency Address - TRX,TSbGiFzG9xFXUYgGA6RwbS3jvKNpeA4c3R,0xb654159bc14f208000ec9e0ad287b321c7a3bf5c,18647,ISIL Khorasan,Unknown,FTO; SDGT,2015-09-29
Digital Currency Address - TRX,TVXHp8bMrpRd5HGy3w1yu9f87qwRrMHFp8,0xd67bb799b7d2dded7dd85802c5a6affec1108b94,18647,ISIL Khorasan,Unknown,FTO; SDGT,2015-09-29
Digital Currency Address - TRX,TQ8a74SiDig3EDSC14tosLACWLbvaNYwCJ,0x9b571ef4731f0c8539a629cc4c44fa4fd280c10d,18647,ISIL Khorasan,Unknown,FTO; SDGT,2015-09-29
Digital Currency Address - TRX,TWdqVcA3NyrNv71NgbMwKv3C5XMxj4XjSp,0xe2b0c8cd5516cf733013712408add325081225ca,18647,ISIL Khorasan,Unknown,FTO; SDGT,2015-09-29
Digital Currency Address - TRX,TX1zyMrYZNbtQx7yPZp4adZV5NbToGNrkS,0xe6e1d9098b08fff5f8b3e27a02d4dca8ffcdf0a9,18647,ISIL Khorasan,Unknown,FTO; SDGT,2015-09-29
Digital Currency Address - TRX,TSSQDgExKUELagzAKTAcoLMviq4SZ1eTFm,0xb4a69b8228c1621eb22d9c6f1ef33926616f8218,18647,ISIL Khorasan,Unknown,FTO; SDGT,2015-09-29
Digital Currency Address - TRX,TUfq9hfP7qUDMoJbzkjG4GPtNxhZewqk8Z,0xcd211408b46bdbf03abb2eac205a01ceb1d86288,18647,ISIL Khorasan,Unknown,FTO; SDGT,2015-09-29
Digital Currency Address - TRX,TCEe3McjK9FWby8YsNmtRDwJt1x2s5dFTL,0x18db649c1400f3dfbbf71b8b99419edcb12a0947,18647,ISIL Khorasan,Unknown,FTO; SDGT,2015-09-29
Digital Currency Address - TRX,TBJqexr1FfGxVKhDsKeou6FVLBW1aS1Ny7,0x0eaea039d805c9600de19d5a9aa6daf4d51979ed,18647,ISIL Khorasan,Unknown,FTO; SDGT,2015-09-29
Digital Currency Address - TRX,TV6cvFEMcfxGsWqgxpBrXZ35MkhdtdhT3G,0xd1d1443c710b2f295f72ef3bc8be04a28be3e0db,18647,ISIL Khorasan,Unknown,FTO; SDGT,2015-09-29
Digital Currency Address - TRX,THfLaNMBAMz7xXnHoz5BkRMmrwuHKqfAfR,0x545fd777d462df0acc99a188f2532a962e00df74,18647,ISIL Khorasan,Unknown,FTO; SDGT,2015-09-29
Digital Currency Address - TRX,TCudJgJ14kk3Ss2PEgsT15frztKpyG7HEh,0x203b0053ccb42ca09357dde941d251d888ec1044,18647,ISIL Khorasan,Unknown,FTO; SDGT,2015-09-29
Digital Currency Address - TRX,TCk1g37N3x6PDda63waydNQwqTUzFNpsrR,0x1e6983848eca149f9fc68b0a1616a1c4f62945aa,18647,ISIL Khorasan,Unknown,FTO; SDGT,2015-09-29
Digital Currency Address - XMR,44dZUJ7w1T3fKAvFW8XyXUVoAGSbFvXef2wcbnsjNKGWYorpLJBjth5VKSFhLGkpYKJb2J341tdZHBnbpv72WL7e8zuxfR2,,18647,ISIL Khorasan,Unknown,FTO; SDGT,2015-09-29
Digital Currency Address - TRX,TU8hJXgHdxWuj4DaaBKQFUwDeB8B5Xacke,0xc73da1e718a4fbd1ce023d412ab34433922fba58,18647,ISIL Khorasan,Unknown,FTO; SDGT,2015-09-29
Digital Currency Address - TRX,TL5WqcFX7XkhVLLwaXrdr57gnjC4stBeSG,0x6ee2a4ab3befdcfcd8c0844e853491f08971d899,18647,ISIL Khorasan,Unknown,FTO; SDGT,2015-09-29
Digital Currency Address - TRX,TSFCGGbR57b56c4MXdiW5gzpD8j6cmimgo,0xb2880d55b128cfa10cc32411e2311f59500e130b,18647,ISIL Khorasan,Unknown,FTO; SDGT,2015-09-29
Digital Currency Address - TRX,TXHb3BkGgYmygyS14MJKX8kTcFGT7dXN4r,0xe9d48628d685e121f48181616c71f88ec4020bf9,18647,ISIL Khorasan,Unknown,FTO; SDGT,2015-09-29
Digital Currency Address - TRX,TN56YaCBymut2xoiRvy3v2qZ2pYgmBAtSo,0x84be9d8d09cb26f31bb37771ecb06ebdd91101f9,18647,ISIL Khorasan,Unknown,FTO; SDGT,2015-09-29
Digital Currency Address - TRX,TPnUDsrLYZg1UXGkpXSmhFEY5J5etfzE9S,0x9789e42918dec6442a155fd2ba064d05d6db0ed2,18647,ISIL Khorasan,Unknown,FTO; SDGT,2015-09-29
Digital Currency Address - TRX,TVXP7Aj5KFUPKMQUrsU6F3wUsyiLiUaUje,0xd68022dc9dde9c9e1a613a1fb04a1de5758b563e,18647,ISIL Khorasan,Unknown,FTO; SDGT,2015-09-29
Digital Currency Address - TRX,TDxXXmCELgrb5VwYobDMyTKVTTdY9LjEjx,0x2bbf8e01ef1349da89eb6d423a217582430e6dbc,18647,ISIL Khorasan,Unknown,FTO; SDGT,2015-09-29
Digital Currency Address - TRX,TXoVNrqm11FFVKcF1vEND64gibVkr1HwAR,0xef7c470bbcdd524c299304627180d6074ccbfdfd,18647,ISIL Khorasan,Unknown,FTO; SDGT,2015-09-29
Digital Currency Address - TRX,TEKeY9i4CcVySJMmhuh2AxZhtgTmugYUMW,0x2fbe2388dca7d240ebc72617fb2dd5890fea4dd2,18647,ISIL Khorasan,Unknown,FTO; SDGT,2015-09-29
Digital Currency Address - TRX,TW9mABkenngQyJBqce5khR9fNCBF5gsBFQ,0xdd6184d750a5610e1094cc5b02a8ec1c7dc14be2,18647,ISIL Khorasan,Unknown,FTO; SDGT,2015-09-29
Digital Currency Address - TRX,TWumrtaEaPCv8Bs9mXqKkhY5sZVd78QAdS,0xe5b46834ab6831f5d27c72237da310fef4552911,18647,ISIL Khorasan,Unknown,FTO; SDGT,2015-09-29
Digital Currency Address - TRX,TD7TXyvmjPfJkfhJuQ58NXA9dX9q81mqAp,0x2277d63319a5d529c0ffecf1d4d93343713d9802,18647,ISIL Khorasan,Unknown,FTO; SDGT,2015-09-29
Digital Currency Address - TRX,TEtLieZwyjJTth7S5EJqUNjtSbM1ui9toK,0x35ecfdb165bbc06d2cc19af466465c7ac9c3f7eb,18647,ISIL Khorasan,Unknown,FTO; SDGT,2015-09-29
Digital Currency Address - TRX,TS729BUXeZWBhJGPKCdK75q7VU4nhkJkYT,0xb0fc46592a0795a23df08b2b25e953a5461805fb,18647,ISIL Khorasan,Unknown,FTO; SDGT,2015-09-29
Digital Currency Address - TRX,TER8k4zWt3byuHyvyBkLstz3QVUUuBs9pt,0x30c7c36cb08138b620bc21611e18264c6a222583,18647,ISIL Khorasan,Unknown,FTO; SDGT,2015-09-29
Digital Currency Address - TRX,TByksCkUtMaYwHCSaetmAGufpeyfdXBrJk,0x160ad9cb8202fe697e5b0991b65032787ce23dff,18647,ISIL Khorasan,Unknown,FTO; SDGT,2015-09-29
Digital Currency Address - TRX,TNmKrdYLPtFwPNWJUjrXdkQw4gSwpszUJd,0x8c5a5d9b5bd20cea93295e0f12909d6ebf2f1989,18647,ISIL Khorasan,Unknown,FTO; SDGT,2015-09-29
Digital Currency Address - TRX,TTuDmNhu8A6koPJRUd8Q5RnsT1FMfrZnoj,0xc4b13cf26d06bd15db5b8efe9553710b9aae8acd,18647,ISIL Khorasan,Unknown,FTO; SDGT,2015-09-29
Digital Currency Address - TRX,TGLrjZc9c48iMFB4ZmDnSjSRMq27MXPg2k,0x45e8fcd87cefd8f53a1775c9781f50e8ca7e8b62,18647,ISIL Khorasan,Unknown,FTO; SDGT,2015-09-29
Digital Currency Address - TRX,TVgJTK9qPg7wGTyeTG2MYF8aKMEx883xYU,0xd82ffef8cb4f0f6a56fc2dd275879985307d1d3a,18647,ISIL Khorasan,Unknown,FTO; SDGT,2015-09-29
Digital Currency Address - TRX,TPkNp2Z5KiA1sLWpPMWsfNErVo2dHxc4iy,0x97248ad2ee8453b901c646bddc256e4dca165452,18647,ISIL Khorasan,Unknown,FTO; SDGT,2015-09-29
Digital Currency Address - TRX,TDSGtCciE9yFKYzDj1kBBc3F7gosguDqwC,0x2606d9411d6a4cab5b9e0bbd3cdef05f3f35854e,18647,ISIL Khorasan,Unknown,FTO; SDGT,2015-09-29
Digital Currency Address - TRX,TNVbVXAgUT83Sv7E9oZwWutXqzs13sr6xN,0x8960c337bb1bc8618e8c022277ca0d34d26ce06c,18647,ISIL Khorasan,Unknown,FTO; SDGT,2015-09-29
Digital Currency Address - TRX,TAwNQN5tmzJJ694PPuoFUxQY13quBs8YgA,0x0a9f2460bd9357ebc0e24654b83d43d701560500,18647,ISIL Khorasan,Unknown,FTO; SDGT,2015-09-29
Digital Currency Address - TRX,TGNwKzHjYvYP2SwsrmCYrRRvCRdxQgLq1w,0x464da77310220c0c1596f8339129907b16cd896f,18647,ISIL Khorasan,Unknown,FTO; SDGT,2015-09-29
Digital Currency Address - TRX,TA3rH2A7iHnm6pKH8gr9cK1EZnShnmZdFg,0x00e0c79525c9f846ee27f8ecf3dcfebb3a335dc7,18647,ISIL Khorasan,Unknown,FTO; SDGT,2015-09-29
Digital Currency Address - TRX,TLj5ZRvem4DAdbZLTGU3qAbAdLQug57JVo,0x75fd59164d2af087af5a90f7e1b7c3d05de93dee,18647,ISIL Khorasan,Unknown,FTO; SDGT,2015-09-29
Digital Currency Address - TRX,TMRxAJt87MVYnadWne53AxZFG1FPKGfoGz,0x7db839f22e388b5c427ef1ae4f1fe558012904bf,18647,ISIL Khorasan,Unknown,FTO; SDGT,2015-09-29
Digital Currency Address - TRX,TRmrnQiUY1ofMcTQUXvgeauKcZPnmwUeUR,0xad5c8f4ba4bb0b94feb63e97bb821f808d44507b,18647,ISIL Khorasan,Unknown,FTO; SDGT,2015-09-29
Digital Currency Address - TRX,TBKq3SzXigsGhQNzdCYocpt8RzoMh3uxAr,0x0ede87dc2bf535ebc2682340dfc33cc50363bc2b,18647,ISIL Khorasan,Unknown,FTO; SDGT,2015-09-29
Digital Currency Address - TRX,TYAiWf2KhXrGuWxmCPaJgC6zNYwFuKtioi,0xf37ffa0e4829aa159af625c48276c4e632f4400c,18647,ISIL Khorasan,Unknown,FTO; SDGT,2015-09-29
Digital Currency Address - TRX,TYVveapkRkm5RHcDNPU9QnPk8N5RdsS4iY,0xf72202e113a400891e8f91e1fec0c1cc9065d735,18647,ISIL Khorasan,Unknown,FTO; SDGT,2015-09-29
Digital Currency Address - TRX,TK7HUNru8YLMz7vv8kzWRPrE2ZSgZeCaHV,0x6440312463c98262b0768ac4f8e7232fb58caced,18647,ISIL Khorasan,Unknown,FTO; SDGT,2015-09-29
Digital Currency Address - TRX,TAyyw6ZoTZexvTcN7WRR9t79JUFgSAvkL8,0x0b1da2038535de65831e81f6fdc40f40b222e2b1,18647,ISIL Khorasan,Unknown,FTO; SDGT,2015-09-29
Digital Currency Address - TRX,TJGVHmHVNuU1vsXGGALLoirPwoRZoMUuhg,0x5b05ac96e74161c8edffb7e6368df33b4167583a,18647,ISIL Khorasan,Unknown,FTO; SDGT,2015-09-29
Digital Currency Address - TRX,TB1Bcv3x8mg7PVV4nVM48pgHJKcYboTypU,0x0b57cde36e6e0c31a10442076dfd03ff8038507d,18647,ISIL Khorasan,Unknown,FTO; SDGT,2015-09-29
Digital Currency Address - TRX,TWxoDF6qvjMUeTYRimaiARGsJTUnjrzZn3,0xe646c85afde30e55d7196612efd37e5b058e9717,18647,ISIL Khorasan,Unknown,FTO; SDGT,2015-09-29
Digital Currency Address - TRX,TCXihiScsAodR942Xq45df9qQAdr5nhkjQ,0x1c165affe280c786303cce84f1eda9957de87779,18647,ISIL Khorasan,Unknown,FTO; SDGT,2015-09-29
Digital Currency Address - TRX,TDhtVUnmYwWfzWVrnzryr3fbQo8VTvj4ji,0x28facff64babe25658bb4635af41aaa019f9deee,18647,ISIL Khorasan,Unknown,FTO; SDGT,2015-09-29
Digital Currency Address - TRX,TE6VgR7rAuY4kuzCjdSVCZFXPjjzSQYY7X,0x2d415662ce7ddd1e89c4bbf8f527f7e06811248e,18647,ISIL Khorasan,Unknown,FTO; SDGT,2015-09-29
Digital Currency Address - TRX,TV62LkiP1GiNdFCJEdY3xf6GdNLCCi6mfu,0xd1b4671abd7c3db9f5d99b98918ebf8cbd41ea33,18647,ISIL Khorasan,Unknown,FTO; SDGT,2015-09-29
Digital Currency Address - TRX,TWBqpQLDPCrXgRW1X9yFqR8NFfjyFSq5k4,0xddc63d69ed992e2617d54950a8cea70e2127c412,18647,ISIL Khorasan,Unknown,FTO; SDGT,2015-09-29
Digital Currency Address - TRX,TQetJ6xMqvv2Fu4ftD9UdBhuaKem5HbMou,0xa112c8cb691f58754269ce81c73a9dc92e63159f,18647,ISIL Khorasan,Unknown,FTO; SDGT,2015-09-29
Digital Currency Address - TRX,TWAfC6htS1FyFv1r3aKENuD8DQGMzBbP8L,0xdd8cf42ff365caebbed4f48190ca79286b0e66c7,18647,ISIL Khorasan,Unknown,FTO; SDGT,2015-09-29
Digital Currency Address - TRX,TMfDhpUqW5W6HcMPXFaJfaiY271CYa51Hs,0x803a9bd5e917e32bd7bcde526e656254417c5a86,18647,ISIL Khorasan,Unknown,FTO; SDGT,2015-09-29
Digital Currency Address - TRX,TB5J8W166YTUmtpUsy4XnNTKLVtesuE9eV,0x0c1ee706f91a56fc96e2f260c670bd4bf3002696,18647,ISIL Khorasan,Unknown,FTO; SDGT,2015-09-29
Digital Currency Address - TRX,TSE5NWTJckiN8hJCUzwB3RgsMbdF4uCrmr,0xb251e1f30c697905287d3e1be1fb0fffc01ce633,18647,ISIL Khorasan,Unknown,FTO; SDGT,2015-09-29
Digital Currency Address - TRX,TDi9s3GeAtFBbUvGxqXiZnxiaH9QpqjYFn,0x2907a4de925af9434bcf176957dcbfeac49afc46,18647,ISIL Khorasan,Unknown,FTO; SDGT,2015-09-29
Digital Currency Address - XMR,45ezvPejNsKYntjhyyeb7fbfzilsxYQozc5Ffseh8jPGW4JZQQVXykNTfK5uGFiij7Hp3qPv3T5HCR7F3Fnmz2mzE1aKQwo,,18647,ISIL Khorasan,Unknown,FTO; SDGT,2015-09-29
Digital Currency Address - XMR,47FVhkRkWgnLs81UBqgY8ui6axAB1627HJjkY2qPnWxMbGfx7387kcY6RzScHgGMQAaH6CBxKXAS4862tS2fhs9BRdmuyav,,18647,ISIL Khorasan,Unknown,FTO; SDGT,2015-09-29
Digital Currency Address - TRX,TCUTmWspsaJb3U5JUs5AhVcGwaftyK1qtp,0x1b78a412cc1078fd5719a3379085647ca4ba0e5f,18647,ISIL Khorasan,Unknown,FTO; SDGT,2015-09-29
Digital Currency Address - TRX,TYvR9x3Dqx39s9rooaSAHwVwF8psBrcFBV,0xfbc3ca4a4b808bef72c54b872caa59e5e69c783e,18647,ISIL Khorasan,Unknown,FTO; SDGT,2015-09-29
Digital Currency Address - TRX,TUyo1Kfnnjr2iMQdZxLWPX1U8Xiy1Wz5z5,0xd086c684646d4eba389c5d97e57d5b2bee3826b7,18647,ISIL Khorasan,Unknown,FTO; SDGT,2015-09-29
Digital Currency Address - TRX,TBhR5MLrTsNZ8FUyKgzdrCjWkYD2orYLdx,0x12f3acd05ddc70d333ca7e8d9a36513997cfb08f,18647,ISIL Khorasan,Unknown,FTO; SDGT,2015-09-29
Digital Currency Address - TRX,THstQuwNidzC4YeJ7uPowf55ZdVZtGcHJ5,0x56bf68cd5ad0cafc5e3cb7da826914359592eb62,18647,ISIL Khorasan,Unknown,FTO; SDGT,2015-09-29
Digital Currency Address - TRX,TKX6rgpGpGrJWzf1qXUUSNL5cYHQt7Z9rY,0x68c15054d74c86ffca1e23a3802a27bab1735395,18647,ISIL Khorasan,Unknown,FTO; SDGT,2015-09-29
Digital Currency Address - TRX,TWoRwYzsifrD79DHDpTHC8fq787MvH9Qro,0xe4814881a36d2c543b5acc30a7ee9868b0c810da,18647,ISIL Khorasan,Unknown,FTO; SDGT,2015-09-29
Digital Currency Address - TRX,TDHJNJHosn6xNDxMecFZwXyTzE9bYGXp9L,0x24545819f879db1a8df28fe0fd7f8ee4b7025977,18647,ISIL Khorasan,Unknown,FTO; SDGT,2015-09-29
Digital Currency Address - TRX,TQVZEuLHacexyJX3nZStaPzxceS63C9bax,0x9f4f225d3fa34d498adbfd6898e2b30850859059,18647,ISIL Khorasan,Unknown,FTO; SDGT,2015-09-29
Digital Currency Address - TRX,TQb6Pc4PmfUdUokLq5ygNioj4PnodNak9b,0xa05b377f4ae52727a59bcb7a82d6a20356f6b0b4,18647,ISIL Khorasan,Unknown,FTO; SDGT,2015-09-29
Digital Currency Address - TRX,TR3yiEuFrbBnP8X5DKYFjRxCwbxcYyftD4,0xa570df663c1b522f3dacd6f96320e65f8206ed0d,18647,ISIL Khorasan,Unknown,FTO; SDGT,2015-09-29
Digital Currency Address - TRX,TEBHpD6iiAqhyS4w7zZFmD1rrv65a5HVTD,0x2e2983271415c0aa7950277186f10c0676f5cac2,18647,ISIL Khorasan,Unknown,FTO; SDGT,2015-09-29
Digital Currency Address - TRX,TMocScwSbSn2cqRCHVkzZSEar3Jk5AsXgo,0x81d0eac7c2e42b221bd2e5bd5f9ddc0dcc9f6f30,18647,ISIL Khorasan,Unknown,FTO; SDGT,2015-09-29
Digital Currency Address - TRX,TNKyDgjn2WHZwHhH2Mj5AGMnK4moBX9xQd,0x878ebd5e809aca3dc01856d5fa924a405e34dad6,18647,ISIL Khorasan,Unknown,FTO; SDGT,2015-09-29
Digital Currency Address - TRX,TPcwqbJ3ViWMUQMiKfMjDM7VTiCzdRu1cH,0x95bcc8bbd8f91b255baf9ecf54f15e74b9959af2,18647,ISIL Khorasan,Unknown,FTO; SDGT,2015-09-29
Digital Currency Address - TRX,TVJ4B5R8c8dS65NtUXpZPMGUpCRq8BQUrC,0xd3faecadc1f752234b6079299f570def99976f7c,18647,ISIL Khorasan,Unknown,FTO; SDGT,2015-09-29
Digital Currency Address - TRX,TAgZxxuvfuKYJY5UPC1DXF8NPHbKtTzEGu,0x07d28de0bbd45f2ef8f89621f9f504ed72f34d92,18647,ISIL Khorasan,Unknown,FTO; SDGT,2015-09-29
Digital Currency Address - TRX,TCyAE8Lxa1rmTThhE5Z3X95PC9rgMrReMX,0x20e60fa8673fa61d574b42a13ae805c312777241,18647,ISIL Khorasan,Unknown,FTO; SDGT,2015-09-29
Digital Currency Address - TRX,TSi1d66cgg3cPm9L6c2ZD8K1381XusSjkc,0xb79a667da76ba369583ba333c4eb4b005c5b657a,18647,ISIL Khorasan,Unknown,FTO; SDGT,2015-09-29
Digital Currency Address - TRX,TR83KsDjUKeds62PcAgo7BfhPJPSpMk7Ba,0xa6358db3812ce9a11eb8aa2f954e36711ed015f6,18647,ISIL Khorasan,Unknown,FTO; SDGT,2015-09-29
Digital Currency Address - TRX,TDX3dFNPvJeA9eVLLNqf1ixr4U2ktcDmoD,0x26eddc84e46104b944f871c0f3fbd8256197d5ca,18647,ISIL Khorasan,Unknown,FTO; SDGT,2015-09-29
Digital Currency Address - TRX,TJCUwt9EKeTyzDw42658h8aYxQXScLdCZR,0x5a43b964288ce2b4b7de0cae544531bf94a8b79f,18647,ISIL Khorasan,Unknown,FTO; SDGT,2015-09-29
Digital Currency Address - TRX,TETfViHWf9ZNB6WJgZBRMB48pTaBFo5Rmd,0x31424423746e69795da87d93bef987cc9aebe8d6,18647,ISIL Khorasan,Unknown,FTO; SDGT,2015-09-29
Digital Currency Address - TRX,TBhTMBAaEWiTtMgMdJ97ZmYotgHeY543cc,0x12f59283c23ff1b2ad7a8730b6cf41df25435570,18647,ISIL Khorasan,Unknown,FTO; SDGT,2015-09-29
Digital Currency Address - TRX,TFebC149jCDiow1MBphhfpHDLeMAKRNrqJ,0x3e4b5fa3fe3fdb48f0865b2088e3beafe915eb63,18647,ISIL Khorasan,Unknown,FTO; SDGT,2015-09-29
Digital Currency Address - TRX,TXw4d7BseHBn6sneMUzm4nEdfPVjuJGEH9,0xf0eaf0fa72283fb86ebd5d462cc5c7e97d640308,18647,ISIL Khorasan,Unknown,FTO; SDGT,2015-09-29
Digital Currency Address - TRX,TQt3dWHiPdaKioG7nwovoTDUtxfimyuxYa,0xa38ffbe2722007f682e4985420acfce172c8b421,18647,ISIL Khorasan,Unknown,FTO; SDGT,2015-09-29
Digital Currency Address - TRX,TE5R3hJ6REap6vh14YAqjXczKrYaiteTy3,0x2d0d0dcf83adde53fcde96af5fbcd1367944a2d8,18647,ISIL Khorasan,Unknown,FTO; SDGT,2015-09-29
Digital Currency Address - TRX,TCCryMcQb5A5FSYkmcVy26Nd8J1FWHtfWh,0x18855af93d521cf39fa8a1342a06562661725420,18647,ISIL Khorasan,Unknown,FTO; SDGT,2015-09-29
Digital Currency Address - TRX,TLC3piEQ5n4tcULKHqLTGhmYFUyHUVSxck,0x701f00ebbcd4c09d6a7a9f89023cbf400c318504,18647,ISIL Khorasan,Unknown,FTO; SDGT,2015-09-29
Digital Currency Address - TRX,TLDtPq9PQsDuQunME8CSeVdYaLtRdrVgoJ,0x7077f6f05c0c435bde0d145613425fc17ce10a5a,18647,ISIL Khorasan,Unknown,FTO; SDGT,2015-09-29
Digital Currency Address - TRX,TRqbVMHWck3j2vKzA16L69v3cwuoyQSY8L,0xae1174ea8e2ce28b7db322f675be24507a37aabd,18647,ISIL Khorasan,Unknown,FTO; SDGT,2015-09-29
Digital Currency Address - TRX,TA82wQ77kb9DieW4C8q7C4KwMfnCzfziqN,0x01ab57e94386817f1d3d3549c2e3ad5d2622de2b,18647,ISIL Khorasan,Unknown,FTO; SDGT,2015-09-29
Digital Currency Address - TRX,TUcjuVB6RFvsMgE352Kdc3VHvFvteti97B,0xcc8b73b5a7b3c88478c1a3d0eb34c7c5dc9f686f,18647,ISIL Khorasan,Unknown,FTO; SDGT,2015-09-29
Digital Currency Address - TRX,TBfVDwNS6hC2Ln2qTLTRKMMPddscFEhhrU,0x12964e45547b54b00faab3f8babc22ff7fe45609,18647,ISIL Khorasan,Unknown,FTO; SDGT,2015-09-29
Digital Currency Address - TRX,TC7vaJsxZteEEnnm2EFm9BRSZvezvsuA86,0x1796486b359f2084f9e1585a491545d38d6db391,18647,ISIL Khorasan,Unknown,FTO; SDGT,2015-09-29
Digital Currency Address - TRX,TRWDtgCfXzTcMv8W6iJxh6umeqeF3zG7n5,0xaa678643e6c27b8508d91bf152b581b94b8c6cbf,18647,ISIL Khorasan,Unknown,FTO; SDGT,2015-09-29
Digital Currency Address - TRX,TUa7BcRjT3eT7kPyNWPvHQkz4qF9v68D7A,0xcc0bf752565564606f37c647249da56838671a7d,18647,ISIL Khorasan,Unknown,FTO; SDGT,2015-09-29
Digital Currency Address - TRX,TNHNySUf8LMzhzSiQnHCXCbgatscQbM4ZQ,0x8711522cdb2f89df2d99dea0c1cb68ce2ee3016a,18647,ISIL Khorasan,Unknown,FTO; SDGT,2015-09-29
Digital Currency Address - TRX,TNzvDTvcQTaY9jFrv85JnqibnGcudePj1z,0x8eec746c6fc6dda84f44c82ca94818281c23e1f1,18647,ISIL Khorasan,Unknown,FTO; SDGT,2015-09-29
Digital Currency Address - TRX,TUcNB6c22JmcwXbbbuv9HVPeVqv5HSiTwQ,0xcc794fdec285f2b5461b6b2aee7d0511cde8cda7,18647,ISIL Khorasan,Unknown,FTO; SDGT,2015-09-29
Digital Currency Address - TRX,TVUS1CVQnnzoJG8PBWkcWyf7DkLrS8yh5Z,0xd5f14e80acaf51d5970eba2851685b32f5a97e00,18647,ISIL Khorasan,Unknown,FTO; SDGT,2015-09-29
Digital Currency Address - TRX,TXR1nhqAek4c5Dq9EfjQLarcBWR9Jp6N7m,0xeb3c18a88bd40c776cdf6c3986edbc39f30a731d,18647,ISIL Khorasan,Unknown,FTO; SDGT,2015-09-29
Digital Currency Address - TRX,TFS2LHNcrffdAVRHpDUpNvnmCHs78cSNbz,0x3beaf4486e9c6a4feae23ed9296844588a61604c,18647,ISIL Khorasan,Unknown,FTO; SDGT,2015-09-29
Digital Currency Address - TRX,TPTFrDhx5tntyp5mRX423DaAe8aLDMUs31,0x93e7a8bfd6c1f4af81db2ae9ea6b02e69a6da2bf,18647,ISIL Khorasan,Unknown,FTO; SDGT,2015-09-29
Digital Currency Address - TRX,TCn9wM828B1GtsVn8kUaCvoE3RpfCAmtEB,0x1ed13e7c465a3850f8f9e0b503587ba514017536,18647,ISIL Khorasan,Unknown,FTO; SDGT,2015-09-29
Digital Currency Address - TRX,TFtz6Ae6NNo9VvhnVrj6V1RyEFMtZQMh3r,0x410450013674ad6e67c8c0c0d4cf71656cf1e4b4,18647,ISIL Khorasan,Unknown,FTO; SDGT,2015-09-29
Digital Currency Address - TRX,TMoMat6oyJLKxSb6SfQWBWc7q5PSm3Gr6U,0x81c483bf9bcdc0a31864ae7c1762425b67c2c467,18647,ISIL Khorasan,Unknown,FTO; SDGT,2015-09-29
Digital Currency Address - TRX,TNsMJKvAtqiWntAnrcS8jkugL37FGzoqss,0x8d7e10e5fa9ce28f5a7f49760b59f5ad992bddce,18647,ISIL Khorasan,Unknown,FTO; SDGT,2015-09-29
Digital Currency Address - TRX,TPCnxv28xNbvtAaEppddvnfkjQpaFeAkV3,0x912b64c34d4c048c403d588df0fdae3b9b93b543,18647,ISIL Khorasan,Unknown,FTO; SDGT,2015-09-29
Digital Currency Address - TRX,TDXBEozXRJy7eBYNCoqrDMRCx5QBN4jCCt,0x26f4376ef74562f92876577e86b0bbb4fc05cdd6,18647,ISIL Khorasan,Unknown,FTO; SDGT,2015-09-29
Digital Currency Address - TRX,TTrJwfL8SCSWBXWAPcZV8Pd5fZf1rznRhz,0xc4244fe10b9365766efa5a4f0baa124a750c8b4f,18647,ISIL Khorasan,Unknown,FTO; SDGT,2015-09-29
Digital Currency Address - TRX,TFqo5f16FJfSKesPxtGN4VN5HNZJebqMQX,0x4069dffc23210e939075300d5e50161d0cf868c7,18647,ISIL Khorasan,Unknown,FTO; SDGT,2015-09-29
Digital Currency Address - TRX,TPwjq8YuABThppKM5ppsuagBFwDhzpnY11,0x994aa9e584fdbe4df7934db56941fc19e70bb336,18647,ISIL Khorasan,Unknown,FTO; SDGT,2015-09-29
Digital Currency Address - TRX,TXgm2Pej4dHzh6oAJvaxAVFDevgGJqfSKr,0xee366d650af5599f86289109ffb37ff0a2178b2f,18647,ISIL Khorasan,Unknown,FTO; SDGT,2015-09-29
Digital Currency Address - TRX,TUErmQ9GtRDGC4g4L5wjWS55Ju5hYfR3sa,0xc868071a9602dd0c8e8f277432c742fdac78442b,18647,ISIL Khorasan,Unknown,FTO; SDGT,2015-09-29
Digital Currency Address - TRX,THPfLwEGvHVgRzi7EMnviAFy5WG1feDH1p,0x5168da75329bca67a2c75642b7cab4f14482cb9d,18647,ISIL Khorasan,Unknown,FTO; SDGT,2015-09-29
Digital Currency Address - TRX,TPH1ehJuNY8cRuJgWTXoGuzkVpK5ckueLF,0x91f7a5a79c0c660744496dd498a1601bfe670494,18647,ISIL Khorasan,Unknown,FTO; SDGT,2015-09-29
Digital Currency Address - TRX,TRZvMk2D4fmjGjtuZHRVpgw6yjk8NcjsHV,0xab1a8d5e41dc0223973dbdfd1de14e3d567d81fb,18647,ISIL Khorasan,Unknown,FTO; SDGT,2015-09-29
Digital Currency Address - TRX,TMuBvwcgrTj6JysMmutXWaPjk1kREK2BDe,0x82def3990129e73531ad7a737ba54c76d34e507d,18647,ISIL Khorasan,Unknown,FTO; SDGT,2015-09-29
Digital Currency Address - TRX,TE5paMkU1hPr8BdjkSJLvEyUBxjKKSx1H6,0x2d20b1d77f2f663f7fe745f8493d6744683544b8,18647,ISIL Khorasan,Unknown,FTO; SDGT,2015-09-29
Digital Currency Address - TRX,TBmqXsFNYTMkyw9jVGBAecGaLyLwbxFTM1,0x13c9c13507282550061c367f8f10527df835afc5,18647,ISIL Khorasan,Unknown,FTO; SDGT,2015-09-29
Digital Currency Address - TRX,TFh7Z4qmdiT7opAYYLmNVXQJtVCkAtg7Zh,0x3ec58d2b0bce77282f2e415ac6596dc3f626f436,18647,ISIL Khorasan,Unknown,FTO; SDGT,2015-09-29
Digital Currency Address - TRX,TLFqEhiG7RUSZ9x5iph99Ke5782dkgRnWf,0x70d6292f5b971c82fb6587a3cd740f64e98009c3,18647,ISIL Khorasan,Unknown,FTO; SDGT,2015-09-29
Digital Currency Address - USDT,TA3941uFAvmVibSkQ6fMJXxmaSNovX86mz,0x00be5e0c85be35948d97ad37f62d108243f89ae0,22985,CHEIL CREDIT BANK,Unknown,DPRK4,2017-09-26
Digital Currency Address - USDT,TA39q3p75XRSWYAEaSF7dANtyksoa3sLge,0x00bf03f87539214307207c61b7f729ddc22977b8,22985,CHEIL CREDIT BANK,Unknown,DPRK4,2017-09-26
Digital Currency Address - USDT,TBATDh41qMQ1yeVYecneEvhpfayYmkAQWS,0x0d1891dd69efe614918e989b5ebd68d6e5f18ff5,22985,CHEIL CREDIT BANK,Unknown,DPRK4,2017-09-26
Digital Currency Address - USDT,TBwghbQMsBC5xcUxE7ZpYXhfDMXZAfiFv6,0x15a68a9ffa2a94bdad8468d93af4db24251af772,22985,CHEIL CREDIT BANK,Unknown,DPRK4,2017-09-26
Digital Currency Address - USDT,TBWRDpQsW1ZVPGGaBAwVLNb7iqmVBuM1nj,0x10df38a923a660965d098f24a618b0d1b5d99cba,22985,CHEIL CREDIT BANK,Unknown,DPRK4,2017-09-26
Digital Currency Address - USDT,TBYRhsZR7Mdn9ezpGVLwZiNVnGm8wZGLAD,0x114074ff655d0643a4ff70411ffca618cb7edca1,22985,CHEIL CREDIT BANK,Unknown,DPRK4,2017-09-26
Digital Currency Address - USDT,TBZefVsyQpzzxc2WSCLbZBECvxVdzGqdtC,0x117bb0cfee7ce8f842967537fbcd92fc504d68ab,22985,CHEIL CREDIT BANK,Unknown,DPRK4,2017-09-26
Digital Currency Address - USDT,TC5UNu3LGrjjVCuLNDdVgjm4oL5cQAyFRZ,0x171f95410bc65dfc8549c287cd475dc8b82df192,22985,CHEIL CREDIT BANK,Unknown,DPRK4,2017-09-26
Digital Currency Address - USDT,TCA7AfTSuDmgYk2VaezfPuZF4Z4X8wxwcQ,0x17fff4f3364fa6dfa25cf37bebbff62bc47232f7,22985,CHEIL CREDIT BANK,Unknown,DPRK4,2017-09-26
Digital Currency Address - USDT,TDNKsLvsY2iSznyghddXz7ZDRc4X3191Z8,0x2547ad3f4b0d37881101885addd1cedf753af9aa,22985,CHEIL CREDIT BANK,Unknown,DPRK4,2017-09-26
Digital Currency Address - USDT,TE3mCcPULjPUE7ykX7RArDPAhyahoy3d2j,0x2cbd0ba5b15bde90d5252d8ac1ed2aa121d2d62a,22985,CHEIL CREDIT BANK,Unknown,DPRK4,2017-09-26
Digital Currency Address - USDT,TF4J8Gp7zbS8NA3HLuxsLdx7Ebzr6weCGn,0x37cefc817a4582773b26835910127ba24f284bb4,22985,CHEIL CREDIT BANK,Unknown,DPRK4,2017-09-26
Digital Currency Address - USDT,TFdHux43bs21qRsygv5WQWfgtbQeT6nXey,0x3e0c892556da529a0c03a28f763964bdf25ca88c,22985,CHEIL CREDIT BANK,Unknown,DPRK4,2017-09-26
Digital Currency Address - USDT,TFrH3dcpnR3tADrAcfyJwiK4brsgf3B7PG,0x40813812bb5a22be798d7f4cf227a584f4f87bc9,22985,CHEIL CREDIT BANK,Unknown,DPRK4,2017-09-26
Digital Currency Address - USDT,TFurWgnyNMq9bhLrLoT9FGnrLfAL2BtR5R,0x412e673fb7cce4e031b9a02277b1aeb599f62bc1,22985,CHEIL CREDIT BANK,Unknown,DPRK4,2017-09-26
Digital Currency Address - USDT,TGDaYNWFXi9HJ7NacfETF15vhUH7eRhKzt,0x44888f0a128a21872c38aa44bede1e31137ba85f,22985,CHEIL CREDIT BANK,Unknown,DPRK4,2017-09-26
Digital Currency Address - USDT,TGdpkwNVFjw2DnbHBCFKLvCygPVPz9w4iM,0x491e68c8464e39723c304aef5cea9543f37ee607,22985,CHEIL CREDIT BANK,Unknown,DPRK4,2017-09-26
Digital Currency Address - USDT,TGKgLatirRpTugS6wgCUKerjLbzWKXAVqx,0x45afe4b7e98b6ef450e7b5f53bc1763f3be83e69,22985,CHEIL CREDIT BANK,Unknown,DPRK4,2017-09-26
Digital Currency Address - USDT,TGMFaAXH15oaW8MpcNHLid6NbMKWaaNPdC,0x45fc0d462a6473905024a10f756feadf8e6c2d08,22985,CHEIL CREDIT BANK,Unknown,DPRK4,2017-09-26
Digital Currency Address - USDT,TGpNzk9noyvCCdnFPuSg5cqptPs16LjXZq,0x4b1d7ad9f0cbff66d194ba1e9f0da31635f23f0e,22985,CHEIL CREDIT BANK,Unknown,DPRK4,2017-09-26
Digital Currency Address - USDT,TGRZZsD8gxahF5oE6C7K8LLRHqQzoPa5bX,0x46ccbcaf10b406a85a412ab713ad451caef9a950,22985,CHEIL CREDIT BANK,Unknown,DPRK4,2017-09-26
Digital Currency Address - USDT,THEQTsqPhRDDfgcfBW5npH5Lr9PZhpthrf,0x4fa8b02fd04a8ed74b2c77d7efdfffbcc884e3f2,22985,CHEIL CREDIT BANK,Unknown,DPRK4,2017-09-26
Digital Currency Address - USDT,THHb5iMAbZgQYY19h6uY66y5xt6e11gcZC,0x5042cca9d00c44733ebaf550851b9a65cc98d58f,22985,CHEIL CREDIT BANK,Unknown,DPRK4,2017-09-26
Digital Currency Address - USDT,THob8vRrpDybXeqZDj8ukQhMjJVJ5nCbTW,0x55ef531216bd8077fb1acb8e61be532214b33b76,22985,CHEIL CREDIT BANK,Unknown,DPRK4,2017-09-26
Digital Currency Address - USDT,THUqqeevBQS3EYordDJKwp8DLFknesnfCD,0x5263b1aa550f70bd9753ec558c631eaadd2ae98c,22985,CHEIL CREDIT BANK,Unknown,DPRK4,2017-09-26
Digital Currency Address - USDT,TJ812KESWjzJZGEWBPFCu74Js5zQS7jN5A,0x596ac03ba123b802325bf62ceff98e5608ac48e9,22985,CHEIL CREDIT BANK,Unknown,DPRK4,2017-09-26
Digital Currency Address - USDT,TJBg9SxwiUUoqJGk18vK9avxkuV8GrKMK7,0x5a1ca8328b9da53c6c11c8745ea8da29a9cd36c1,22985,CHEIL CREDIT BANK,Unknown,DPRK4,2017-09-26
Digital Currency Address - USDT,TLRMHPjLGXsVpD9RVzSfat6zDiVDrd4b4w,0x72a2fc69c5a3025d9d79bb01335860aaf2a4a948,22985,CHEIL CREDIT BANK,Unknown,DPRK4,2017-09-26
Digital Currency Address - USDT,TMECKT19hfumcK3KqQKbhxkn1ohyeR58xu,0x7b7f0d8f53e16faee4cf90aedf50c7073f17beff,22985,CHEIL CREDIT BANK,Unknown,DPRK4,2017-09-26
Digital Currency Address - USDT,TMgnRWb9xFMtktny9Lzty21QYLLQD93ft6,0x80865644f47925223c7e12014e9b11f0f05212bc,22985,CHEIL CREDIT BANK,Unknown,DPRK4,2017-09-26
Digital Currency Address - USDT,TMiSGhXXVsvJzqwGbwAsGiFxWg2eALZoM5,0x80d658d0d767de04a4379fee4a2fdf10d9bfbf03,22985,CHEIL CREDIT BANK,Unknown,DPRK4,2017-09-26
Digital Currency Address - USDT,TPcUZYthDfxNsHQnZZGBM1BDNBeNSjfPZE,0x95a603c86ec4a585e4359d1f07e6949567491fc9,22985,CHEIL CREDIT BANK,Unknown,DPRK4,2017-09-26
Digital Currency Address - USDT,TPF9UQhqpV18BPWg5xo6MeB3h8t4iEg9gP,0x919d585e07ab0926832753eb43fd6fb2b8488051,22985,CHEIL CREDIT BANK,Unknown,DPRK4,2017-09-26
Digital Currency Address - USDT,TPo3JyryRcQ3uhBWexeYhtkpMitsUwY4uB,0x97a582fff8b54e501f584dcd828fd1200f6f9e6b,22985,CHEIL CREDIT BANK,Unknown,DPRK4,2017-09-26
Digital Currency Address - USDT,TPPR7e8hGC57dexrE2jy1f94wtuGyVP6Dp,0x932dbae7c0493923c2643efc52b9faadfc3109a6,22985,CHEIL CREDIT BANK,Unknown,DPRK4,2017-09-26
Digital Currency Address - USDT,TQKQ4ntejdYYJpuYkFz8oCSDoXW6RKRDdY,0x9d6350f74c811ca9e9c9adc35227a1193d5984b0,22985,CHEIL CREDIT BANK,Unknown,DPRK4,2017-09-26
Digital Currency Address - USDT,TQthYM5nLqwAEr6DScC8tRtw29ncEB53mK,0xa3afa16728fc3a16072a7a00ec4508fafe02a34a,22985,CHEIL CREDIT BANK,Unknown,DPRK4,2017-09-26
Digital Currency Address - USDT,TR18rEj7gWjKBJLYrowyfnvjWLTTsXGngK,0xa4e740b001ea51cd90988b19cfb9da7a52e91c47,22985,CHEIL CREDIT BANK,Unknown,DPRK4,2017-09-26
Digital Currency Address - USDT,TRkGqvaobVp4XDNmSceRo5hDcJYDTFmYjd,0xad0fd006d311c33da60c180603316a813a3f68d4,22985,CHEIL CREDIT BANK,Unknown,DPRK4,2017-09-26
Digital Currency Address - USDT,TTct1DezYvriNWU7Wi3mygLoskkaw61mra,0xc19a1636cf379ce180a61946a990d743bd2ee3d1,22985,CHEIL CREDIT BANK,Unknown,DPRK4,2017-09-26
Digital Currency Address - USDT,TTUqoT6EAmiM1xLvwVwxhjvjaoEUGtKDdZ,0xc014eb917fb0689844b31347c7556c18a319bbbf,22985,CHEIL CREDIT BANK,Unknown,DPRK4,2017-09-26
Digital Currency Address - USDT,TTzMs5AR66jr9mQMkWfCHVwd3AiLLYPepQ,0xc5aa13f464851d92fd59f1ef6a1c719e5e6d2d4a,22985,CHEIL CREDIT BANK,Unknown,DPRK4,2017-09-26
Digital Currency Address - USDT,TUKsuPVb8kgJVFp5x528KC5HisUVdzxami,0xc95b0eaad3ed1c1505fc9b1a50c160afe3594036,22985,CHEIL CREDIT BANK,Unknown,DPRK4,2017-09-26
Digital Currency Address - USDT,TVDsEFm19zLV8HeXdt6G75rLroxnp6uqpV,0xd3301fc40c118a14ba8c15370e6dd3746656d287,22985,CHEIL CREDIT BANK,Unknown,DPRK4,2017-09-26
Digital Currency Address - USDT,TVu2SiQrWSnfwk8quAeDxfiaLy6FHzYkMA,0xda9809eaca62c7d52978045007f26817c425875f,22985,CHEIL CREDIT BANK,Unknown,DPRK4,2017-09-26
Digital Currency Address - USDT,TVyiDQ25H6Rx6PcNV1WyjGasGSa8ehj1Uv,0xdb7ae6b7a2153fe0062be5d1d90a8be5ec8aaa50,22985,CHEIL CREDIT BANK,Unknown,DPRK4,2017-09-26
Digital Currency Address - USDT,TW3RgbhYkFEFnmRJ9mE9b83T9XYSMkjwuD,0xdc2ec40485f23d6268fe9f4fde8c390051f4766a,22985,CHEIL CREDIT BANK,Unknown,DPRK4,2017-09-26
Digital Currency Address - USDT,TWwv8FQiES3yHGig7y3zJWYuPaZfSV3vmY,0xe61c235a51cf48a554c60005d936d424d0d76397,22985,CHEIL CREDIT BANK,Unknown,DPRK4,2017-09-26
Digital Currency Address - USDT,TXc4kRiMEcdXRxWpSKkD5qKaARExN4uxPq,0xed5324b5482a3eef2eb4263d1c386d86bfda5d4b,22985,CHEIL CREDIT BANK,Unknown,DPRK4,2017-09-26
Digital Currency Address - USDT,TXFUYHVJMDyKikutvCG6qNgTUS5pxtZhHs,0xe96e4483bc3f3abfea3213cd8a094ce5b26b117c,22985,CHEIL CREDIT BANK,Unknown,DPRK4,2017-09-26
Digital Currency Address - USDT,TYD6a4PAAfAgegEdDf9oZUnW4DFmS8jeFT,0xf3f338ec1c5e17ab45377e78308ace9a6338242c,22985,CHEIL CREDIT BANK,Unknown,DPRK4,2017-09-26
Digital Currency Address - USDT,TYK29mbyvVxLaLUKdFSTRADMwoxaVbVZQg,0xf512078e07f61a2e28081c8ea86c6056788d18b4,22985,CHEIL CREDIT BANK,Unknown,DPRK4,2017-09-26
Digital Currency Address - USDT,TYxwUhoLPF7AgfG9GaXFEp8CQi8K8KG1m3,0xfc3def4dc3bac88f7e80d53c2499a02d65ae7e66,22985,CHEIL CREDIT BANK,Unknown,DPRK4,2017-09-26
Digital Currency Address - XBT,12QtD5BFwRsdNsAZY76UVE1xyCGNTojH9h,,25308,YAN Xiaobing 颜 晓兵 顏 曉兵,Unknown,SDNTK,2019-08-21
Digital Currency Address - XBT,1Kuf2Rd8mDyAViwBozGTNYnvWL8uYFrkVo,,25308,YAN Xiaobing 颜 晓兵 顏 曉兵,Unknown,SDNTK,2019-08-21
Digital Currency Address - XBT,13f59kUM5FU8MfTG7DCEugYarDhSD7XCoC,,25308,YAN Xiaobing 颜 晓兵 顏 曉兵,Unknown,SDNTK,2019-08-21
Digital Currency Address - XBT,1P3ZfGFLezzYGg9k5SVzQmnjyh7nrUmF2y,,25308,YAN Xiaobing 颜 晓兵 顏 曉兵,Unknown,SDNTK,2019-08-21
Digital Currency Address - XBT,1EpMiZkQVekM5ij12nMiEwttFPcDK9XhX6,,25308,YAN Xiaobing 颜 晓兵 顏 曉兵,Unknown,SDNTK,2019-08-21
Digital Currency Address - XBT,1JREJdZupiFhE7ZzQPtASuMCvvpXC7wRsC,,25308,YAN Xiaobing 颜 晓兵 顏 曉兵,Unknown,SDNTK,2019-08-21
Digital Currency Address - XBT,149w62rY42aZBox8fGcmqNsXUzSStKeq8C,,26137,Khorashadizadeh Ali,Unknown,CYBER2,2018-11-28
Digital Currency Address - XBT,1AjZPMsnmpdK2Rv9KQNfMurTXinscVro9V,,26138,GHORBANIYAN Mohammad,Unknown,CYBER2,2018-11-28
Digital Currency Address - XBT,17ezuJoT3XBbdcwFZbkTnrXbup11F4uhiy,,26236,Zheng Fujing 郑 福景 鄭 福景,Unknown,SDNTK,2019-08-21
Digital Currency Address - XBT,1DH2xDH7TngrDU6LXciprKCBKNcPA1xX8A,,26236,Zheng Fujing 郑 福景 鄭 福景,Unknown,SDNTK,2019-08-21
Digital Currency Address - XBT,33Kja69SQVc8kozpoP7Qw6HFtGxHkiWzTz,,26323,Zheng Guanghua 郑 广华 鄭 广華,Unknown,SDNTK,2019-08-21
Digital Currency Address - XBT,3MkUNScqf21EcfWq6T4x2MFgBeSTqhB5t6,,26323,Zheng Guanghua 郑 广华 鄭 广華,Unknown,SDNTK,2019-08-21
Digital Currency Address - LTC,LaizKtS5DUhPuP1nTQcc83MS7HwK6vk85z,,26323,Zheng Guanghua 郑 广华 鄭 广華,Unknown,SDNTK,2019-08-21
Digital Currency Address - XBT,18uKfaUjgG52rVeXEi3wxnveww7zZuECtE,,26323,Zheng Guanghua 郑 广华 鄭 广華,Unknown,SDNTK,2019-08-21
Digital Currency Address - ETH,0x098B716B8Aaf21512996dC57EB0615e2383E2f96,0x098b716b8aaf21512996dc57eb0615e2383e2f96,27307,Lazarus Group,Unknown,DPRK3,2019-09-13
Digital Currency Address - ETH,0xa0e1c89Ef1a489c9C7dE96311eD5Ce5D32c20E4B,0xa0e1c89ef1a489c9c7de96311ed5ce5d32c20e4b,27307,Lazarus Group,Unknown,DPRK3,2019-09-13
Digital Currency Address - ETH,0x3Cffd56B47B7b41c56258D9C7731ABaDc360E073,0x3cffd56b47b7b41c56258d9c7731abadc360e073,27307,Lazarus Group,Unknown,DPRK3,2019-09-13
Digital Currency Address - ETH,0x53b6936513e738f44FB50d2b9476730C0Ab3Bfc1,0x53b6936513e738f44fb50d2b9476730c0ab3bfc1,27307,Lazarus Group,Unknown,DPRK3,2019-09-13
Digital Currency Address - ETH,0x35fB6f6DB4fb05e6A4cE86f2C93691425626d4b1,0x35fb6f6db4fb05e6a4ce86f2c93691425626d4b1,27307,Lazarus Group,Unknown,DPRK3,2019-09-13
Digital Currency Address - ETH,0xF7B31119c2682c88d88D455dBb9d5932c65Cf1bE,0xf7b31119c2682c88d88d455dbb9d5932c65cf1be,27307,Lazarus Group,Unknown,DPRK3,2019-09-13
Digital Currency Address - ETH,0x3e37627dEAA754090fBFbb8bd226c1CE66D255e9,0x3e37627deaa754090fbfbb8bd226c1ce66d255e9,27307,Lazarus Group,Unknown,DPRK3,2019-09-13
Digital Currency Address - ETH,0x08723392Ed15743cc38513C4925f5e6be5c17243,0x08723392ed15743cc38513c4925f5e6be5c17243,27307,Lazarus Group,Unknown,DPRK3,2019-09-13
Digital Currency Address - XBT,134r8iHv69xdT6p5qVKTsHrcUEuBVZAYak,,28263,Tian Yinyin 田 寅寅,Unknown,CYBER2; DPRK3,2020-03-02
Digital Currency Address - XBT,15YK647qtoZQDzNrvY6HJL6QwXduLHfT28,,28263,Tian Yinyin 田 寅寅,Unknown,CYBER2; DPRK3,2020-03-02
Digital Currency Address - XBT,1PfwHNxUnkpfkK9MKjMqzR3Xq3KCtq9u17,,28263,Tian Yinyin 田 寅寅,Unknown,CYBER2; DPRK3,2020-03-02
Digital Currency Address - XBT,14kqryJUxM3a7aEi117KX9hoLUw592WsMR,,28263,Tian Yinyin 田 寅寅,Unknown,CYBER2; DPRK3,2020-03-02
Digital Currency Address - XBT,1F2Gdug9ib9NQMhKMGGJczzMk5SuENoqrp,,28263,Tian Yinyin 田 寅寅,Unknown,CYBER2; DPRK3,2020-03-02
Digital Currency Address - XBT,3F2sZ4jbhvDKQdGbHYPC6ZxFXEau2m5Lqj,,28263,Tian Yinyin 田 寅寅,Unknown,CYBER2; DPRK3,2020-03-02
Digital Currency Address - XBT,1AXUTu9y3H8w4wYx4BjyFWgRhZKDhmcMrn,,28263,Tian Yinyin 田 寅寅,Unknown,CYBER2; DPRK3,2020-03-02
Digital Currency Address - XBT,1Hn9ErTCPRP6j5UDBeuXPGuq5RtRjFJxJQ,,28263,Tian Yinyin 田 寅寅,Unknown,CYBER2; DPRK3,2020-03-02
Digital Currency Address - XBT,1EfMVkxQQuZfBdocpJu6RUsCJvenQWbQyE,,28264,Li Jiadong 李 家东,Unknown,CYBER2; DPRK3,2020-03-02
Digital Currency Address - XBT,17UVSMegvrzfobKC82dHXpZLtLcqzW9stF,,28264,Li Jiadong 李 家东,Unknown,CYBER2; DPRK3,2020-03-02
Digital Currency Address - XBT,39eboeqYNFe2VoLC3mUGx4dh6GNhLB3D2q,,28264,Li Jiadong 李 家东,Unknown,CYBER2; DPRK3,2020-03-02
Digital Currency Address - XBT,39fhoB2DohisGBbHvvfmkdPdShT75CNHdX,,28264,Li Jiadong 李 家东,Unknown,CYBER2; DPRK3,2020-03-02
Digital Currency Address - XBT,3E6rY4dSCDW6y2bzJNwrjvTtdmMQjB6yeh,,28264,Li Jiadong 李 家东,Unknown,CYBER2; DPRK3,2020-03-02
Digital Currency Address - XBT,3EeR8FbcPbkcGj77D6ttneJxmsr3Nu7KGV,,28264,Li Jiadong 李 家东,Unknown,CYBER2; DPRK3,2020-03-02
Digital Currency Address - XBT,3HQRveQzPifZorZLDXHernc5zjoZax8U9f,,28264,Li Jiadong 李 家东,Unknown,CYBER2; DPRK3,2020-03-02
Digital Currency Address - XBT,3JXKQ81JzBqVbB8VHdV9Jtd7auWokkdPgY,,28264,Li Jiadong 李 家东,Unknown,CYBER2; DPRK3,2020-03-02
Digital Currency Address - XBT,3KHfXU24Bt3YD5Ef4J7uNp2buCuhrxfGen,,28264,Li Jiadong 李 家东,Unknown,CYBER2; DPRK3,2020-03-02
Digital Currency Address - XBT,3LbDu1rUXHNyiz4i8eb3KwkSSBMf7C583D,,28264,Li Jiadong 李 家东,Unknown,CYBER2; DPRK3,2020-03-02
Digital Currency Address - XBT,3MN8nYo1tt5hLxMwMbxDkXWd7Xu522hb9P,,28264,Li Jiadong 李 家东,Unknown,CYBER2; DPRK3,2020-03-02
Digital Currency Address - XBT,3N6WeZ6i34taX8Ditser6LKWBcXmt2XXL4,,28264,Li Jiadong 李 家东,Unknown,CYBER2; DPRK3,2020-03-02
Digital Currency Address - XBT,1Q9UAQbcDezmyouFrzt94t4dSMxgsUfW1X,,29584,Potekhin Danil Потехин Данил,Unknown,CYBER2,2020-09-16
Digital Currency Address - XBT,1Kys8fqDen8NGFUJ6AFcXfFW5qquuTH4eh,,29584,Potekhin Danil Потехин Данил,Unknown,CYBER2,2020-09-16
Digital Currency Address - ETH,0x7F367cC41522cE07553e823bf3be79A889DEbe1B,0x7f367cc41522ce07553e823bf3be79a889debe1b,29584,Potekhin Danil Потехин Данил,Unknown,CYBER2,2020-09-16
Digital Currency Address - XBT,1Q6saNmqKkyFB9mFR68Ck8F7Dp7dTopF2W,,29585,KARASAVIDI Dmitrii КАРАСАВИДИ Дмитрий,Unknown,CYBER2,2020-09-16
Digital Currency Address - XBT,1DDA93oZPn7wte2eR1ABwcFoxUFxkKMwCf,,29585,KARASAVIDI Dmitrii КАРАСАВИДИ Дмитрий,Unknown,CYBER2,2020-09-16
Digital Currency Address - ETH,0xd882cfc20f52f2599d84b8e8d58c7fb62cfe344b,0xd882cfc20f52f2599d84b8e8d58c7fb62cfe344b,29585,KARASAVIDI Dmitrii КАРАСАВИДИ Дмитрий,Unknown,CYBER2,2020-09-16
Digital Currency Address - LTC,LNwgtMxcKUQ51dw7bQL1yPQjBVZh6QEqsd,,29585,KARASAVIDI Dmitrii КАРАСАВИДИ Дмитрий,Unknown,CYBER2,2020-09-16
Digital Currency Address - XMR,5be5543ff73456ab9f2d207887e2af87322c651ea1a873c5b25b7ffae456c320,,29585,KARASAVIDI Dmitrii КАРАСАВИДИ Дмитрий,Unknown,CYBER2,2020-09-16
Digital Currency Address - ETC,0xd882cfc20f52f2599d84b8e8d58c7fb62cfe344b,0xd882cfc20f52f2599d84b8e8d58c7fb62cfe344b,29585,KARASAVIDI Dmitrii КАРАСАВИДИ Дмитрий,Unknown,CYBER2,2020-09-16
Digital Currency Address - ZEC,t1g7wowvQ8gn2v8jrU1biyJ26sieNqNsBJy,,29585,KARASAVIDI Dmitrii КАРАСАВИДИ Дмитрий,Unknown,CYBER2,2020-09-16
Digital Currency Address - DASH,XnPFsRWTaSgiVauosEwQ6dEitGYXgwznz2,,29585,KARASAVIDI Dmitrii КАРАСАВИДИ Дмитрий,Unknown,CYBER2,2020-09-16
Digital Currency Address - BTG,GPwg61XoHqQPNmAucFACuQ5H9sGCDv9TpS,,29585,KARASAVIDI Dmitrii КАРАСАВИДИ Дмитрий,Unknown,CYBER2,2020-09-16
Digital Currency Address - XBT,12udabs2TkX7NXCSj6KpqXfakjE52ZPLhz,,29702,Lifshits Artem Mikhaylovich ЛИФШИЦ Артем Михайлович,Unknown,CYBER2; ELECTION-EO13848,2020-09-10
Digital Currency Address - LTC,Leo3j36nn1JcsUQruytQhFUdCdCH5YHMR3,,29702,Lifshits Artem Mikhaylovich ЛИФШИЦ Артем Михайлович,Unknown,CYBER2; ELECTION-EO13848,2020-09-10
Digital Currency Address - ETH,0x901bb9583b24d97e995513c6778dc6888ab6870e,0x901bb9583b24d97e995513c6778dc6888ab6870e,29702,Lifshits Artem Mikhaylovich ЛИФШИЦ Артем Михайлович,Unknown,CYBER2; ELECTION-EO13848,2020-09-10
Digital Currency Address - XBT,1DT3tenf14cxz9WFNxmYrXFbB6TFiVWA9U,,29702,Lifshits Artem Mikhaylovich ЛИФШИЦ Артем Михайлович,Unknown,CYBER2; ELECTION-EO13848,2020-09-10
Digital Currency Address - DASH,Xs3vzQmNvAxRa3Xo8XzQqUb3BMgb9EogF4,,29702,Lifshits Artem Mikhaylovich ЛИФШИЦ Артем Михайлович,Unknown,CYBER2; ELECTION-EO13848,2020-09-10
Digital Currency Address - ETH,0xa7e5d5a720f06526557c513402f2e6b5fa20b008,0xa7e5d5a720f06526557c513402f2e6b5fa20b008,29702,Lifshits Artem Mikhaylovich ЛИФШИЦ Артем Михайлович,Unknown,CYBER2; ELECTION-EO13848,2020-09-10
Digital Currency Address - XBT,1Fz29BQp82pE3vXXcsZoMNQ3KSHfMzfMe3,,29703,Andreyev Anton Nikolaeyvich АНДРЕЕВ Антон Николаевич,Unknown,CYBER2; ELECTION-EO13848,2020-09-10
Digital Currency Address - LTC,LWnbjLYUfqeokfbWM4FcU7uk2FP2DSxuWS,,29703,Andreyev Anton Nikolaeyvich АНДРЕЕВ Антон Николаевич,Unknown,CYBER2; ELECTION-EO13848,2020-09-10
Digital Currency Address - XBT,1AeSq93WDNdLoEJ92sex7T8xQZoYYm8BtS,,29703,Andreyev Anton Nikolaeyvich АНДРЕЕВ Антон Николаевич,Unknown,CYBER2; ELECTION-EO13848,2020-09-10
Digital Currency Address - LTC,LaYUy1DGfVSuSF5KbPhbLrm8kRotqiwUJn,,29703,Andreyev Anton Nikolaeyvich АНДРЕЕВ Антон Николаевич,Unknown,CYBER2; ELECTION-EO13848,2020-09-10
Digital Currency Address - ETH,0x8576acc5c05d6ce88f4e49bf65bdf0c62f91353c,0x8576acc5c05d6ce88f4e49bf65bdf0c62f91353c,29703,Andreyev Anton Nikolaeyvich АНДРЕЕВ Антон Николаевич,Unknown,CYBER2; ELECTION-EO13848,2020-09-10
Digital Currency Address - ZEC,t1WSKwCDL1QYRRUrCCknEs5tDLhtGVYu9KM,,29703,Andreyev Anton Nikolaeyvich АНДРЕЕВ Антон Николаевич,Unknown,CYBER2; ELECTION-EO13848,2020-09-10
Digital Currency Address - XBT,1AoxtfiBQ22DvbhqAN9Ctb8sULMRhrdwTr,,29703,Andreyev Anton Nikolaeyvich АНДРЕЕВ Антон Николаевич,Unknown,CYBER2; ELECTION-EO13848,2020-09-10
Digital Currency Address - XBT,18Qj1THHuETfYhuRDZycXJbWwDMGw73Poa,,29703,Andreyev Anton Nikolaeyvich АНДРЕЕВ Антон Николаевич,Unknown,CYBER2; ELECTION-EO13848,2020-09-10
Digital Currency Address - XBT,1MnbhWe5wr7Ut45ReyQsm96PwnM9jD7KaH,,29703,Andreyev Anton Nikolaeyvich АНДРЕЕВ Антон Николаевич,Unknown,CYBER2; ELECTION-EO13848,2020-09-10
Digital Currency Address - XBT,1DYFJ6CuBvrxyoQSuBzVsNcetY9tvdsrag,,29703,Andreyev Anton Nikolaeyvich АНДРЕЕВ Антон Николаевич,Unknown,CYBER2; ELECTION-EO13848,2020-09-10
Digital Currency Address - XBT,15Pt4NwZaUmMUwS2bQbyyncc7mzgWShtv8,,29703,Andreyev Anton Nikolaeyvich АНДРЕЕВ Антон Николаевич,Unknown,CYBER2; ELECTION-EO13848,2020-09-10
Digital Currency Address - XBT,1PhqQpaGCrqSxQ6QDXcv14QCd1U98Zp34E,,29703,Andreyev Anton Nikolaeyvich АНДРЕЕВ Антон Николаевич,Unknown,CYBER2; ELECTION-EO13848,2020-09-10
Digital Currency Address - XBT,13YBQr2Cp1YY3xqq2qngaPb7ca1o4ugeq6,,29703,Andreyev Anton Nikolaeyvich АНДРЕЕВ Антон Николаевич,Unknown,CYBER2; ELECTION-EO13848,2020-09-10
Digital Currency Address - XBT,1KgudqxMfYaGzqAA7MS4DcsqejtMteqhix,,29703,Andreyev Anton Nikolaeyvich АНДРЕЕВ Антон Николаевич,Unknown,CYBER2; ELECTION-EO13848,2020-09-10
Digital Currency Address - XBT,1FRyL9gmFGbzfYDAB4iY9836DJe3KSnjP9,,29703,Andreyev Anton Nikolaeyvich АНДРЕЕВ Антон Николаевич,Unknown,CYBER2; ELECTION-EO13848,2020-09-10
Digital Currency Address - XBT,1DbShx4r8i2XesthoDBf5EkYWz5dsKEusV,,29703,Andreyev Anton Nikolaeyvich АНДРЕЕВ Антон Николаевич,Unknown,CYBER2; ELECTION-EO13848,2020-09-10
Digital Currency Address - BSV,12sjrrhoFEsedNRhtgwvvRqjFTh8fZTDX9,,29703,Andreyev Anton Nikolaeyvich АНДРЕЕВ Антон Николаевич,Unknown,CYBER2; ELECTION-EO13848,2020-09-10
Digital Currency Address - XBT,1NE2NiGhhbkFPSEyNWwj7hKGhGDedBtSrQ,,30518,Secondeye Solution,Unknown,CYBER2; ELECTION-EO13848,2021-04-15
Digital Currency Address - XBT,19D8PHBjZH29uS1uPZ4m3sVyqqfF8UFG9o,,30518,Secondeye Solution,Unknown,CYBER2; ELECTION-EO13848,2021-04-15
Digital Currency Address - XBT,1EYitrwBYNWuTBcjZFbEUdqHppe2raLpaF,,30518,Secondeye Solution,Unknown,CYBER2; ELECTION-EO13848,2021-04-15
Digital Currency Address - XBT,1G9CKRHA3mx22DoT1QyNYrh85VSQ19Y1em,,30518,Secondeye Solution,Unknown,CYBER2; ELECTION-EO13848,2021-04-15
Digital Currency Address - XBT,182NGZbPJXwg2WDrhrPpR7tpiGQkNPF844,,30518,Secondeye Solution,Unknown,CYBER2; ELECTION-EO13848,2021-04-15
Digital Currency Address - XBT,1NayLEVF3bEEbDtdF2Cwso1VdEtvVNh2qX,,30518,Secondeye Solution,Unknown,CYBER2; ELECTION-EO13848,2021-04-15
Digital Currency Address - XBT,16PhXY3hNNMTo8kpuJx2emh713KbWpkqci,,30518,Secondeye Solution,Unknown,CYBER2; ELECTION-EO13848,2021-04-15
Digital Currency Address - XBT,1GqChmWqGtsaLrGbHfgdrV5Nkvahtjjuxr,,30518,Secondeye Solution,Unknown,CYBER2; ELECTION-EO13848,2021-04-15
Digital Currency Address - XBT,18Ke1QWE9nQfXuhJijHggZuPJ5ZYxapoBK,,30518,Secondeye Solution,Unknown,CYBER2; ELECTION-EO13848,2021-04-15
Digital Currency Address - XBT,1QJUiNsNfji6mR1FjAwf6Eg9NxxHPoxpWL,,30518,Secondeye Solution,Unknown,CYBER2; ELECTION-EO13848,2021-04-15
Digital Currency Address - XBT,1DtGgdCi9VPKz2Bpq8GQhUQEPnQ5HwaT9n,,30518,Secondeye Solution,Unknown,CYBER2; ELECTION-EO13848,2021-04-15
Digital Currency Address - BCH,18M8bJWMzWHDBMxoLqjHHAffdRy4SrzkfB,,30518,Secondeye Solution,Unknown,CYBER2; ELECTION-EO13848,2021-04-15
Digital Currency Address - ETH,0x1da5821544e25c636c1417ba96ade4cf6d2f9b5a,0x1da5821544e25c636c1417ba96ade4cf6d2f9b5a,30518,Secondeye Solution,Unknown,CYBER2; ELECTION-EO13848,2021-04-15
Digital Currency Address - ETH,0x7Db418b5D567A4e0E8c59Ad71BE1FcE48f3E6107,0x7db418b5d567a4e0e8c59ad71be1fce48f3e6107,30518,Secondeye Solution,Unknown,CYBER2; ELECTION-EO13848,2021-04-15
Digital Currency Address - ETH,0x72a5843cc08275C8171E582972Aa4fDa8C397B2A,0x72a5843cc08275c8171e582972aa4fda8c397b2a,30518,Secondeye Solution,Unknown,CYBER2; ELECTION-EO13848,2021-04-15
Digital Currency Address - ETH,0x7F19720A857F834887FC9A7bC0a0fBe7Fc7f8102,0x7f19720a857f834887fc9a7bc0a0fbe7fc7f8102,30518,Secondeye Solution,Unknown,CYBER2; ELECTION-EO13848,2021-04-15
Digital Currency Address - LTC,LQAhYwwK5AR1JQiQPr7vu8Pu4b6qcxxvNB,,30518,Secondeye Solution,Unknown,CYBER2; ELECTION-EO13848,2021-04-15
Digital Currency Address - LTC,LgwmgYnraU2uBWHVFUDgAmFCPYj5Yw8C9L,,30518,Secondeye Solution,Unknown,CYBER2; ELECTION-EO13848,2021-04-15
Digital Currency Address - LTC,LeKvNdNEzgQkzVVnRdV3fAu2DSF1nLsNw6,,30518,Secondeye Solution,Unknown,CYBER2; ELECTION-EO13848,2021-04-15
Digital Currency Address - XBT,1KSAbh5trMCTZwhiNsuUQvfTtSSTT8zqRk,,30520,RAZA Mujtaba Ali,Unknown,CYBER2; ELECTION-EO13848,2021-04-15
Digital Currency Address - XBT,1BiUFjzH6wsT73U3tfy4aXHCQsYQHzjk5h,,30520,RAZA Mujtaba Ali,Unknown,CYBER2; ELECTION-EO13848,2021-04-15
Digital Currency Address - LTC,LeKvNdNEzgQkzVVnRdV3fAu2DSF1nLsNw6,,30520,RAZA Mujtaba Ali,Unknown,CYBER2; ELECTION-EO13848,2021-04-15
Digital Currency Address - XVG,DFFJhnQNZf8rf67tYnesPu7MuGUpYtzv7Z,,30520,RAZA Mujtaba Ali,Unknown,CYBER2; ELECTION-EO13848,2021-04-15
Digital Currency Address - DASH,XyARKoupuArYtToA2S6yMdnoquDCDaBsaT,,31164,Association for Free Research and International Cooperation,Unknown,CYBER2; ELECTION-EO13848; UKRAINE-EO13661,2021-04-15
Digital Currency Address - ZEC,t1MMXtBrSp1XG38Lx9cePcNUCJj5vdWfUWL,,31164,Association for Free Research and International Cooperation,Unknown,CYBER2; ELECTION-EO13848; UKRAINE-EO13661,2021-04-15
Digital Currency Address - XBT,3Gbs4rjcVUtQd8p3CiFUCxPLZwRqurezRZ,,31212,SOUTHFRONT,Unknown,CYBER2; ELECTION-EO13848; NPWMD,2021-04-15
Digital Currency Address - BCH,qpf2cphc5dkuclkqur7lhj2yuqq9pk3hmukle77vhq,,31212,SOUTHFRONT,Unknown,CYBER2; ELECTION-EO13848; NPWMD,2021-04-15
Digital Currency Address - ETH,0x9f4cda013e354b8fc285bf4b9a60460cee7f7ea9,0x9f4cda013e354b8fc285bf4b9a60460cee7f7ea9,31212,SOUTHFRONT,Unknown,CYBER2; ELECTION-EO13848; NPWMD,2021-04-15
Digital Currency Address - XBT,bc1qv7k70u2zynvem59u88ctdlaw7hc735d8xep9rq,,31212,SOUTHFRONT,Unknown,CYBER2; ELECTION-EO13848; NPWMD,2021-04-15
Digital Currency Address - XBT,bc1qw4cxpe6sxa5dg6sdwxjph959cw6yztrzl4r54s,,31212,SOUTHFRONT,Unknown,CYBER2; ELECTION-EO13848; NPWMD,2021-04-15
Digital Currency Address - ETH,0x3cbded43efdaf0fc77b9c55f6fc9988fcc9b757d,0x3cbded43efdaf0fc77b9c55f6fc9988fcc9b757d,31212,SOUTHFRONT,Unknown,CYBER2; ELECTION-EO13848; NPWMD,2021-04-15
Digital Currency Address - BCH,qzjv8hrdvz6edu4gkzpnd4w6jc7zf296g5e9kkq4lx,,31212,SOUTHFRONT,Unknown,CYBER2; ELECTION-EO13848; NPWMD,2021-04-15
Digital Currency Address - BCH,qq3vlashthktqpeppuv7trmw070e3mydgq63zq348v,,31212,SOUTHFRONT,Unknown,CYBER2; ELECTION-EO13848; NPWMD,2021-04-15
Digital Currency Address - XMR,884Bz8UH63aYsjVdkfWfScRYWZGGNbjFL7pztqvWNSrtYT4reFSwyvkCj9KEGUtheHhhMUj87ciTBFyzoesrMJ4L1FvSoxL,,31212,SOUTHFRONT,Unknown,CYBER2; ELECTION-EO13848; NPWMD,2021-04-15
Digital Currency Address - XMR,49HqitRzdnhYjgTEAhgGpCfsjdTeMbUTU6cyR4JV1R7k2Eej9rGT8JpFiYDa4tZM6RZiFrHmMzgSrhHEqpDYKBe5B2ufNsL,,31212,SOUTHFRONT,Unknown,CYBER2; ELECTION-EO13848; NPWMD,2021-04-15
Digital Currency Address - XBT,17a5bpKvEp1j1Trs4qTbcNZrby53JbaS9C,,31811,FAYZIMATOV Farrukh Furkatovitch,Unknown,SDGT,2021-07-28
Digital Currency Address - USDT,TLNRT524dzL5FF1nJHDhYEMFpeWjLjRbz1,0x721537670ae01aa0d60585457b7534025b0041ac,32171,Al-Jamal Sa'id Ahmad Muhammad,Unknown,IFSR; SDGT,2021-06-10
Digital Currency Address - USDT,THh5woR8qfmDsNknQ3agPYzQSiRtMnKsTh,0x54b475ef92f861975945954bfa1080dda9cd346e,32171,Al-Jamal Sa'id Ahmad Muhammad,Unknown,IFSR; SDGT,2021-06-10
Digital Currency Address - USDT,TV5ZTpKDszLTF6XcMnPongS33pwBgF91by,0xd19df746fd2a145588b3a22672bacfd2e5454f61,32171,Al-Jamal Sa'id Ahmad Muhammad,Unknown,IFSR; SDGT,2021-06-10
Digital Currency Address - USDT,TTAHMdqoom4f2VTWniroPWQHcTRZ4caoH4,0xbc92595dd3e8f5092471c99b9084a72d333c7d07,32171,Al-Jamal Sa'id Ahmad Muhammad,Unknown,IFSR; SDGT,2021-06-10
Digital Currency Address - USDT,TFFvv7NAWmbcVfA7QN81mMvUC25TWj1WJx,0x3a0245de38273e7852dce97de3bae18c0010013e,32171,Al-Jamal Sa'id Ahmad Muhammad,Unknown,IFSR; SDGT,2021-06-10
Digital Currency Address - XBT,1JPfVv5cWRLx1js9NWxg46dG2CGbeRz4th,,32313,"HEBEI ATUN TRADING CO., LTD. 河北艾豚商贸有限公司",Unknown,ILLICIT-DRUGS-EO14059,2021-12-15
Digital Currency Address - XBT,12HQDsicffSBaYdJ6BhnE22sfjTESmmzKx,,33151,"SUEX OTC, S.R.O.",Unknown,CYBER2,2021-09-21
Digital Currency Address - XBT,1L4ncif9hh9TnUveqWq77HfWWt6CJWtrnb,,33151,"SUEX OTC, S.R.O.",Unknown,CYBER2,2021-09-21
Digital Currency Address - XBT,13mnk8SvDGqsQTHbiGiHBXqtaQCUKfcsnP,,33151,"SUEX OTC, S.R.O.",Unknown,CYBER2,2021-09-21
Digital Currency Address - XBT,1Edue8XZCWNoDBNZgnQkCCivDyr9GEo4x6,,33151,"SUEX OTC, S.R.O.",Unknown,CYBER2,2021-09-21
Digital Currency Address - XBT,1ECeZBxCVJ8Wm2JSN3Cyc6rge2gnvD3W5K,,33151,"SUEX OTC, S.R.O.",Unknown,CYBER2,2021-09-21
Digital Currency Address - XBT,1J9oGoAiHeRfeMZeUnJ9W7RpV55CdKtgYE,,33151,"SUEX OTC, S.R.O.",Unknown,CYBER2,2021-09-21
Digital Currency Address - XBT,1295rkVyNfFpqZpXvKGhDqwhP1jZcNNDMV,,33151,"SUEX OTC, S.R.O.",Unknown,CYBER2,2021-09-21
Digital Currency Address - XBT,1LiNmTUPSJEd92ZgVJjAV3RT9BzUjvUCkx,,33151,"SUEX OTC, S.R.O.",Unknown,CYBER2,2021-09-21
Digital Currency Address - XBT,1LrxsRd7zNuxPJcL5rttnoeJFy1y4AffYY,,33151,"SUEX OTC, S.R.O.",Unknown,CYBER2,2021-09-21
Digital Currency Address - ETH,0x2f389ce8bd8ff92de3402ffce4691d17fc4f6535,0x2f389ce8bd8ff92de3402ffce4691d17fc4f6535,33151,"SUEX OTC, S.R.O.",Unknown,CYBER2,2021-09-21
Digital Currency Address - ETH,0x19aa5fe80d33a56d56c78e82ea5e50e5d80b4dff,0x19aa5fe80d33a56d56c78e82ea5e50e5d80b4dff,33151,"SUEX OTC, S.R.O.",Unknown,CYBER2,2021-09-21
Digital Currency Address - ETH,0xe7aa314c77f4233c18c6cc84384a9247c0cf367b,0xe7aa314c77f4233c18c6cc84384a9247c0cf367b,33151,"SUEX OTC, S.R.O.",Unknown,CYBER2,2021-09-21
Digital Currency Address - XBT,1KUUJPkyDhamZXgpsyXqNGc3x1QPXtdhgz,,33151,"SUEX OTC, S.R.O.",Unknown,CYBER2,2021-09-21
Digital Currency Address - XBT,1CF46Rfbp97absrs7zb7dFfZS6qBXUm9EP,,33151,"SUEX OTC, S.R.O.",Unknown,CYBER2,2021-09-21
Digital Currency Address - XBT,1Df883c96LVauVsx9FEgnsourD8DELwCUQ,,33151,"SUEX OTC, S.R.O.",Unknown,CYBER2,2021-09-21
Digital Currency Address - XBT,bc1qdt3gml5z5n50y5hm04u2yjdphefkm0fl2zdj68,,33151,"SUEX OTC, S.R.O.",Unknown,CYBER2,2021-09-21
Digital Currency Address - ETH,0x308ed4b7b49797e1a98d3818bff6fe5385410370,0x308ed4b7b49797e1a98d3818bff6fe5385410370,33151,"SUEX OTC, S.R.O.",Unknown,CYBER2,2021-09-21
Digital Currency Address - USDT,0x2f389ce8bd8ff92de3402ffce4691d17fc4f6535,0x2f389ce8bd8ff92de3402ffce4691d17fc4f6535,33151,"SUEX OTC, S.R.O.",Unknown,CYBER2,2021-09-21
Digital Currency Address - USDT,0x19aa5fe80d33a56d56c78e82ea5e50e5d80b4dff,0x19aa5fe80d33a56d56c78e82ea5e50e5d80b4dff,33151,"SUEX OTC, S.R.O.",Unknown,CYBER2,2021-09-21
Digital Currency Address - USDT,1KUUJPkyDhamZXgpsyXqNGc3x1QPXtdhgz,,33151,"SUEX OTC, S.R.O.",Unknown,CYBER2,2021-09-21
Digital Currency Address - USDT,1CF46Rfbp97absrs7zb7dFfZS6qBXUm9EP,,33151,"SUEX OTC, S.R.O.",Unknown,CYBER2,2021-09-21
Digital Currency Address - USDT,1LrxsRd7zNuxPJcL5rttnoeJFy1y4AffYY,,33151,"SUEX OTC, S.R.O.",Unknown,CYBER2,2021-09-21
Digital Currency Address - USDT,1Df883c96LVauVsx9FEgnsourD8DELwCUQ,,33151,"SUEX OTC, S.R.O.",Unknown,CYBER2,2021-09-21
Digital Currency Address - XBT,1B64QRxfaa35MVkf7sDjuGUYAP5izQt7Qi,,33151,"SUEX OTC, S.R.O.",Unknown,CYBER2,2021-09-21
Digital Currency Address - USDT,16iWn2J1McqjToYLHSsAyS6En3QA8YQ91H,,33151,"SUEX OTC, S.R.O.",Unknown,CYBER2,2021-09-21
Digital Currency Address - XBT,3E7YbpXuhh3CWFks1jmvWoV8y5DvsfzE6n,,33854,CHATEX,Unknown,CYBER2,2021-11-08
Digital Currency Address - ETH,0x67d40EE1A85bf4a4Bb7Ffae16De985e8427B6b45,0x67d40ee1a85bf4a4bb7ffae16de985e8427b6b45,33854,CHATEX,Unknown,CYBER2,2021-11-08
Digital Currency Address - USDT,3LtcaPbCj87CwJHnRX3vh7c2y9RZQqeSy8,,33854,CHATEX,Unknown,CYBER2,2021-11-08
Digital Currency Address - ETH,0x6f1ca141a28907f78ebaa64fb83a9088b02a8352,0x6f1ca141a28907f78ebaa64fb83a9088b02a8352,33854,CHATEX,Unknown,CYBER2,2021-11-08
Digital Currency Address - XBT,3NRJ8aXdUiZdHaiFX9ePX3DhGHzcEi14Fq,,33854,CHATEX,Unknown,CYBER2,2021-11-08
Digital Currency Address - XBT,3K7PMJyMNVnxqsfpmK9r9nJDtzDw9wNwNV,,33854,CHATEX,Unknown,CYBER2,2021-11-08
Digital Currency Address - XBT,3H3rh85qPaGLy2w6618yZNaH7i8asHv46B,,33854,CHATEX,Unknown,CYBER2,2021-11-08
Digital Currency Address - XBT,3MTrJTFhYK9v1C6pjHtuweZSopfZa4b1wb,,33854,CHATEX,Unknown,CYBER2,2021-11-08
Digital Currency Address - ETH,0x48549a34ae37b12f6a30566245176994e17c6b4a,0x48549a34ae37b12f6a30566245176994e17c6b4a,33854,CHATEX,Unknown,CYBER2,2021-11-08
Digital Currency Address - XBT,347QFbejDBdMZFTxpmn6evvvqyXiqZTCd7,,33854,CHATEX,Unknown,CYBER2,2021-11-08
Digital Currency Address - ETH,0x5512d943ed1f7c8a43f3435c85f7ab68b30121b0,0x5512d943ed1f7c8a43f3435c85f7ab68b30121b0,33854,CHATEX,Unknown,CYBER2,2021-11-08
Digital Currency Address - XBT,33xWfziVZesgo83U5izdNCBVTnrtBpSwK7,,33854,CHATEX,Unknown,CYBER2,2021-11-08
Digital Currency Address - XBT,32wdqwX3zCEX3DhAVEcKwXCEGdzgBnx1R9,,33854,CHATEX,Unknown,CYBER2,2021-11-08
Digital Currency Address - XBT,3N9YcPBDky9UsMx1RTk33tL4jDkZfSnsPk,,33854,CHATEX,Unknown,CYBER2,2021-11-08
Digital Currency Address - XBT,bc1q90zrdysy4flyacw7hsury3ajs9yzwtwp6guqpypx94w0d3p58hysvz6pde,,33854,CHATEX,Unknown,CYBER2,2021-11-08
Digital Currency Address - XBT,bc1qw7vfgv3r5vnehafl0y95sclg3uqsj87wxs9ad628yjjcq33cwessr6ndyw,,33854,CHATEX,Unknown,CYBER2,2021-11-08
Digital Currency Address - XBT,bc1q86tl9255vg5wldamfymaaz36uqxzm30gs7fhkljvzdlt9t38s3lqgdwdfq,,33854,CHATEX,Unknown,CYBER2,2021-11-08
Digital Currency Address - XBT,3M7CGBPUJwXXSroWuZ6H5jiprdKCyf7V5M,,33854,CHATEX,Unknown,CYBER2,2021-11-08
Digital Currency Address - XBT,34kWCKF2wCbe6uinit2uL4ND6d8yxsuxKM,,33854,CHATEX,Unknown,CYBER2,2021-11-08
Digital Currency Address - XBT,bc1qe95l438kzjcvnsm3kn8n5augf9gpctdlhsq7f7hpnkyvlr7rc7cqupapf7,,33854,CHATEX,Unknown,CYBER2,2021-11-08
Digital Currency Address - XBT,32VgTk8kGvBsqkHhkvtNooGdtqZm46jTVo,,33854,CHATEX,Unknown,CYBER2,2021-11-08
Digital Currency Address - XBT,3NPognMSbzyA2JYW2fpkVKWyBMi2XTq2Zt,,33854,CHATEX,Unknown,CYBER2,2021-11-08
Digital Currency Address - XBT,3MzLtBQ4Lz9J6w4Qu55TktgxFKZwxYWrP6,,33854,CHATEX,Unknown,CYBER2,2021-11-08
Digital Currency Address - XBT,36YGN5dGzqrxMomTHdkT6cYVMnWBw8S7hD,,33854,CHATEX,Unknown,CYBER2,2021-11-08
Digital Currency Address - ETH,0xc455f7fd3e0e12afd51fba5c106909934d8a0e4a,0xc455f7fd3e0e12afd51fba5c106909934d8a0e4a,33854,CHATEX,Unknown,CYBER2,2021-11-08
Digital Currency Address - XBT,bc1q4rzdtlt0uslyw86cp29sctl6ct29g9a95cuup7pn5md9ddj7xgmqpp5m73,,33854,CHATEX,Unknown,CYBER2,2021-11-08
Digital Currency Address - XBT,39KQvziHwUe2vddbpfC5WkQEV72qbQhxuh,,33854,CHATEX,Unknown,CYBER2,2021-11-08
Digital Currency Address - XBT,3Qw9Fn19gCnga9LfHfpM99aGzuqxBNjR2i,,33854,CHATEX,Unknown,CYBER2,2021-11-08
Digital Currency Address - XRP,rnXyVQzgxZe7TR1EPzTkGj2jxH4LMJYh66,,33854,CHATEX,Unknown,CYBER2,2021-11-08
Digital Currency Address - XBT,158treVZBGMBThoaympxccPdZPtqUfYrT9,,33858,Polyanin Yevgeniy Igorevich Полянин Евгений Игоревич,Unknown,CYBER2,2021-11-08
Digital Currency Address - USDT,0xfec8a60023265364d066a1212fde3930f6ae8da7,0xfec8a60023265364d066a1212fde3930f6ae8da7,33858,Polyanin Yevgeniy Igorevich Полянин Евгений Игоревич,Unknown,CYBER2,2021-11-08
Digital Currency Address - XBT,389Sft4nJFkPGhbagk9FN4jXncA9piYTuU,,33858,Polyanin Yevgeniy Igorevich Полянин Евгений Игоревич,Unknown,CYBER2,2021-11-08
Digital Currency Address - XBT,39Te8MbphSgs7npDJPj2hbNzhke61NTcnB,,33858,Polyanin Yevgeniy Igorevich Полянин Евгений Игоревич,Unknown,CYBER2,2021-11-08
Digital Currency Address - XBT,31p6woV4e55HUfC2aGynFhzQnGoJFW26cD,,33858,Polyanin Yevgeniy Igorevich Полянин Евгений Игоревич,Unknown,CYBER2,2021-11-08
Digital Currency Address - XBT,3DNsaQnaUz7wkQny1ZDSmtz6QfbEShxoDD,,33858,Polyanin Yevgeniy Igorevich Полянин Евгений Игоревич,Unknown,CYBER2,2021-11-08
Digital Currency Address - XBT,3AjyprBY5yhijiCjUC5NUJutGbwhd3AQdE,,33858,Polyanin Yevgeniy Igorevich Полянин Евгений Игоревич,Unknown,CYBER2,2021-11-08
Digital Currency Address - XBT,35QpLWYkvD3ALhjbge5bK2kd7HfHYcDMu3,,33859,Vasinskyi Yaroslav Васинский Ярослав,Unknown,CYBER2,2021-11-08
Digital Currency Address - XBT,3NQ1aa9ceirMJ1JvRq3eXefvXj1L639fzX,,33859,Vasinskyi Yaroslav Васинский Ярослав,Unknown,CYBER2,2021-11-08
Digital Currency Address - XBT,3BsyZ7qRFSi3NsaoV1Ff724qAgrEpjVUHm,,33859,Vasinskyi Yaroslav Васинский Ярослав,Unknown,CYBER2,2021-11-08
Digital Currency Address - XBT,372Wk9NLrMkJzKgqJdatWJy4bYRfxFjgat,,33859,Vasinskyi Yaroslav Васинский Ярослав,Unknown,CYBER2,2021-11-08
Digital Currency Address - XBT,3Lpoy53K625zVeE47ZasiG5jGkAxJ27kh1,,36025,GARANTEX EUROPE OU GARANTEX EUROPE OÜ,Unknown,CYBER4; RUSSIA-EO14024,2022-04-05
Digital Currency Address - ETH,0x7FF9cFad3877F21d41Da833E2F775dB0569eE3D9,0x7ff9cfad3877f21d41da833e2f775db0569ee3d9,36025,GARANTEX EUROPE OU GARANTEX EUROPE OÜ,Unknown,CYBER4; RUSSIA-EO14024,2022-04-05
Digital Currency Address - USDT,3E6ZCKRrsdPc35chA9Eftp1h3DLW18NFNV,,36025,GARANTEX EUROPE OU GARANTEX EUROPE OÜ,Unknown,CYBER4; RUSSIA-EO14024,2022-04-05
Digital Currency Address - ETH,0x8Dce2aAC0dE82bdCAf6b4373B79f94331b8e4995,0x8dce2aac0de82bdcaf6b4373b79f94331b8e4995,36025,GARANTEX EUROPE OU GARANTEX EUROPE OÜ,Unknown,CYBER4; RUSSIA-EO14024,2022-04-05
Digital Currency Address - ETH,0xf4377edA661e04B6DDA78969796Ed31658D602D4,0xf4377eda661e04b6dda78969796ed31658d602d4,36025,GARANTEX EUROPE OU GARANTEX EUROPE OÜ,Unknown,CYBER4; RUSSIA-EO14024,2022-04-05
Digital Currency Address - ETH,0xb338962B92CD818D6aef0A32a9ECD01212a71f33,0xb338962b92cd818d6aef0a32a9ecd01212a71f33,36025,GARANTEX EUROPE OU GARANTEX EUROPE OÜ,Unknown,CYBER4; RUSSIA-EO14024,2022-04-05
Digital Currency Address - ETH,0x57EC89A0C056163A0314e413320f9B3ABe761259,0x57ec89a0c056163a0314e413320f9b3abe761259,36025,GARANTEX EUROPE OU GARANTEX EUROPE OÜ,Unknown,CYBER4; RUSSIA-EO14024,2022-04-05
Digital Currency Address - ETH,0xD8500C631dC32FA18645B7436344a99E4825e10e,0xd8500c631dc32fa18645b7436344a99e4825e10e,36025,GARANTEX EUROPE OU GARANTEX EUROPE OÜ,Unknown,CYBER4; RUSSIA-EO14024,2022-04-05
Digital Currency Address - ETH,0x7CEd75026204aC29C34bEA98905D4C949F27361e,0x7ced75026204ac29c34bea98905d4c949f27361e,36025,GARANTEX EUROPE OU GARANTEX EUROPE OÜ,Unknown,CYBER4; RUSSIA-EO14024,2022-04-05
Digital Currency Address - TRX,TFwjPScaJRCbSWVAywE1S1WgaUgSnyYUbD,0x418949a4a7da9e07192909722072dded8f670d58,36025,GARANTEX EUROPE OU GARANTEX EUROPE OÜ,Unknown,CYBER4; RUSSIA-EO14024,2022-04-05
Digital Currency Address - TRX,TJkBr9TZ1xBeJoF7RNWqyEMbYqVJ6fXXHR,0x6042c2f32769454c5ff226fdae52b81e49cd922f,36025,GARANTEX EUROPE OU GARANTEX EUROPE OÜ,Unknown,CYBER4; RUSSIA-EO14024,2022-04-05
Digital Currency Address - TRX,TNDjh6WGLYyWmkh8vfu42bXVHUqFNQ3rDq,0x8660f3ab5285f9e497ffbf2997285c24466aa2a1,36025,GARANTEX EUROPE OU GARANTEX EUROPE OÜ,Unknown,CYBER4; RUSSIA-EO14024,2022-04-05
Digital Currency Address - XBT,3K4rjdh8A5yi6LWvft2rbmyZvqEbPSSSX4,,36216,Hydra Market,Unknown,CYBER2,2022-04-05
Digital Currency Address - XBT,17mhyeBX617ABZ1ffThhUTJkHUcMvCkfd5,,36216,Hydra Market,Unknown,CYBER2,2022-04-05
Digital Currency Address - XBT,35qwVtMEohWDdBWRiCSR7azoP5cbY8SG1Q,,36216,Hydra Market,Unknown,CYBER2,2022-04-05
Digital Currency Address - XBT,35KAdTa2vqnJzitF2xiUzZn1Gmcas2Y465,,36216,Hydra Market,Unknown,CYBER2,2022-04-05
Digital Currency Address - XBT,35LScRJ8hzDvvWh9t9UA8bHGnGNVz3YEfa,,36216,Hydra Market,Unknown,CYBER2,2022-04-05
Digital Currency Address - XBT,1PJp8diNa89cVHpiT1VPu7EQ8LxYM5HX6v,,36216,Hydra Market,Unknown,CYBER2,2022-04-05
Digital Currency Address - XBT,17V7THwHMiDJmDwZK4unhE5HgKFJKx7VCe,,36216,Hydra Market,Unknown,CYBER2,2022-04-05
Digital Currency Address - XBT,3PiCnZrBvGfWAKQ9hr4cCpfaDjy64yNSpE,,36216,Hydra Market,Unknown,CYBER2,2022-04-05
Digital Currency Address - XBT,14gM1HuLVDELNHaFU22qpabjtiWek4HhV1,,36216,Hydra Market,Unknown,CYBER2,2022-04-05
Digital Currency Address - XBT,1GYuu9d5HPikafbys3k5Q3DRJq6debGsoB,,36216,Hydra Market,Unknown,CYBER2,2022-04-05
Digital Currency Address - XBT,3GXdtA6kbb4M5aqzZm5qqxcFDFRMW8LqdJ,,36216,Hydra Market,Unknown,CYBER2,2022-04-05
Digital Currency Address - XBT,1B11Ezqg3AXjFhMdRq5UpPDpNyriYNVtkn,,36216,Hydra Market,Unknown,CYBER2,2022-04-05
Digital Currency Address - XBT,16SPDQFFzgsoNSPiFFTfS8Dw8LLXqia4oc,,36216,Hydra Market,Unknown,CYBER2,2022-04-05
Digital Currency Address - XBT,19pPbUDvoSBZafkUCYkD2Z9AkuqqV6sWm7,,36216,Hydra Market,Unknown,CYBER2,2022-04-05
Digital Currency Address - XBT,3BQACtiMXYB9JpUMpkEWt9m8BzswpGHq4X,,36216,Hydra Market,Unknown,CYBER2,2022-04-05
Digital Currency Address - XBT,1DGsY4ww3BJnWXTsnmTgWa6UWdoRXgA1pX,,36216,Hydra Market,Unknown,CYBER2,2022-04-05
Digital Currency Address - XBT,1GcKLUUXodTQcLcPD7VLMgvCc4hs5Q775,,36216,Hydra Market,Unknown,CYBER2,2022-04-05
Digital Currency Address - XBT,1EvhBad5wCZYhBoAsGaciV6AvmZ1osLpeJ,,36216,Hydra Market,Unknown,CYBER2,2022-04-05
Digital Currency Address - XBT,bc1qsmv6lkrw65l30yazdqpdjjtwzpvk9f8gfh0cy7,,36216,Hydra Market,Unknown,CYBER2,2022-04-05
Digital Currency Address - XBT,bc1qs9u6j78e3utj08mwvqkkmqm9de5xk3g4yh8qtq,,36216,Hydra Market,Unknown,CYBER2,2022-04-05
Digital Currency Address - XBT,12VrYZgS1nmf9KHHped24xBb1aLLRpV2cT,,36216,Hydra Market,Unknown,CYBER2,2022-04-05
Digital Currency Address - XBT,bc1q202ajnhxgg9d9jjczmg0g4usp6haqldyy2eakl,,36216,Hydra Market,Unknown,CYBER2,2022-04-05
Digital Currency Address - XBT,1NbGwQwt4uEhg2srAKppLf8QaF6fbp3PZG,,36216,Hydra Market,Unknown,CYBER2,2022-04-05
Digital Currency Address - XBT,13LQJQ1oJ9K7PsqsGfjNhoVv6UeU6hgzQz,,36216,Hydra Market,Unknown,CYBER2,2022-04-05
Digital Currency Address - XBT,1CG1aSCxUnbmv9G34ofxTQoHtuVnMLJtQV,,36216,Hydra Market,Unknown,CYBER2,2022-04-05
Digital Currency Address - XBT,3Kp8Qc5z7yevDeoQxhS5RSSKnEi5x7AQ43,,36216,Hydra Market,Unknown,CYBER2,2022-04-05
Digital Currency Address - XBT,331TS6DyASY7iU5CRA8UryBnkPS78fP2B1,,36216,Hydra Market,Unknown,CYBER2,2022-04-05
Digital Currency Address - XBT,1NvJm3jfZxENNyqws5BKQvhkLxg9chLJdo,,36216,Hydra Market,Unknown,CYBER2,2022-04-05
Digital Currency Address - XBT,1Licqjca74n8pmNaoARXLLqcTUTHFpxbXH,,36216,Hydra Market,Unknown,CYBER2,2022-04-05
Digital Currency Address - XBT,175BUqf8JCU1uoG1iTRKTacDa4uvJDUCw2,,36216,Hydra Market,Unknown,CYBER2,2022-04-05
Digital Currency Address - XBT,1ANpca7g93BwptUJg1zV116v49zn9gjDi3,,36216,Hydra Market,Unknown,CYBER2,2022-04-05
Digital Currency Address - XBT,1BCWMwpR4M1nYUuuYe2bmzrNuwGoF9ZAbA,,36216,Hydra Market,Unknown,CYBER2,2022-04-05
Digital Currency Address - XBT,18cFGAdYcvNHkuhXLBE7izQKCyUW8TzCJE,,36216,Hydra Market,Unknown,CYBER2,2022-04-05
Digital Currency Address - XBT,1QHxyuLGRMHfbNPJikV4Dwhfx45HWfUMWB,,36216,Hydra Market,Unknown,CYBER2,2022-04-05
Digital Currency Address - XBT,1GnFTy5F9qi5MfaRZfgdg2jkyT5xtAHvd8,,36216,Hydra Market,Unknown,CYBER2,2022-04-05
Digital Currency Address - XBT,bc1quyc6j8ca84q9gjej5jjd2n8hra0vfu0j60fefs57p6e5rerkq07q0l5u3w,,36216,Hydra Market,Unknown,CYBER2,2022-04-05
Digital Currency Address - XBT,16p2UWTZwXRyK5bTHNVjdDyy1D3EQGsZf2,,36216,Hydra Market,Unknown,CYBER2,2022-04-05
Digital Currency Address - XBT,1CddRqw7oSPrT4tt5oXKyx2LiHJDPszy7y,,36216,Hydra Market,Unknown,CYBER2,2022-04-05
Digital Currency Address - XBT,1Hhe61Bwxs8Hd2WxzWY9FQyZicBiZGeSNW,,36216,Hydra Market,Unknown,CYBER2,2022-04-05
Digital Currency Address - XBT,1D3GuaS9eqKw8dWj9JFQtNufdRtysjSLxZ,,36216,Hydra Market,Unknown,CYBER2,2022-04-05
Digital Currency Address - XBT,1PWRKxkR5AU7Tc9zPqjdhtu1eGW1QZzs4y,,36216,Hydra Market,Unknown,CYBER2,2022-04-05
Digital Currency Address - XBT,1D1ej7zQzywWBDNXKNYpmH7Hso2U9koDG4,,36216,Hydra Market,Unknown,CYBER2,2022-04-05
Digital Currency Address - XBT,3KGQ3hX6eFYtBjTBFSdvdkzHmwZyYWLRQh,,36216,Hydra Market,Unknown,CYBER2,2022-04-05
Digital Currency Address - XBT,1LKE3XA9bf5JFqtGtCHzWj5QGxKGwMfXZw,,36216,Hydra Market,Unknown,CYBER2,2022-04-05
Digital Currency Address - XBT,1MtsQsw6n2jvJCWhpCw7jifTfD9Q3rBBVg,,36216,Hydra Market,Unknown,CYBER2,2022-04-05
Digital Currency Address - XBT,1KkaKujnqwJf7Cbm7JKAZGF3X9d4685m8n,,36216,Hydra Market,Unknown,CYBER2,2022-04-05
Digital Currency Address - XBT,1Ge8JodC2HiBiEuT7D3MoH6Fak6XrcT9Kf,,36216,Hydra Market,Unknown,CYBER2,2022-04-05
Digital Currency Address - XBT,bc1qsmqpalp3gtgkltag4x3ygevmhh9y2hzk73t2ug,,36216,Hydra Market,Unknown,CYBER2,2022-04-05
Digital Currency Address - XBT,1E9uUnLbyfToazo95vmM3ysYnzgkrL7GeC,,36216,Hydra Market,Unknown,CYBER2,2022-04-05
Digital Currency Address - XBT,1HH8eiuaTMucTNyvGCUmAvmCZCtdMi8SqK,,36216,Hydra Market,Unknown,CYBER2,2022-04-05
Digital Currency Address - XBT,19FQzHibWDhSP8pKmJS3uagFYoisXtehzw,,36216,Hydra Market,Unknown,CYBER2,2022-04-05
Digital Currency Address - XBT,3DLGfN7hgsWXXSp9euXcnmWXLpFQuswW2t,,36216,Hydra Market,Unknown,CYBER2,2022-04-05
Digital Currency Address - XBT,1PXxwPVtYxZiCRp9LKq7aKMDFrhAQztvUE,,36216,Hydra Market,Unknown,CYBER2,2022-04-05
Digital Currency Address - XBT,1Q4tJjH2aBr3AJrzxqa4Z3jPpf5SDgF4jK,,36216,Hydra Market,Unknown,CYBER2,2022-04-05
Digital Currency Address - XBT,1PYtgFS2t6i57WdDvbRa7kPcsagGMBxzfg,,36216,Hydra Market,Unknown,CYBER2,2022-04-05
Digital Currency Address - XBT,16ZSAEfYpPCj3D94fsNt2okYj9Ue8mxy6T,,36216,Hydra Market,Unknown,CYBER2,2022-04-05
Digital Currency Address - XBT,bc1qvlzfn6kmezv44d8kw0p5jsmxe6wchv3zc7gsxs,,36216,Hydra Market,Unknown,CYBER2,2022-04-05
Digital Currency Address - XBT,3QVyoH4u3qT88uChAeJVhfB3r6maZt431y,,36216,Hydra Market,Unknown,CYBER2,2022-04-05
Digital Currency Address - XBT,1FFS6pX1TCKTNy668Mbk2Lyoem1qB48kYX,,36216,Hydra Market,Unknown,CYBER2,2022-04-05
Digital Currency Address - XBT,1Dpddb1TMjvmNQeYDqgyd1ww6cmwPJRdSk,,36216,Hydra Market,Unknown,CYBER2,2022-04-05
Digital Currency Address - XBT,3AjiWiUdKB5mcGUSS9mBeoHCeYJw3Zo8r6,,36216,Hydra Market,Unknown,CYBER2,2022-04-05
Digital Currency Address - XBT,1EtMuBPQnPCa3cecerdSH1SzydxnhbTmw,,36216,Hydra Market,Unknown,CYBER2,2022-04-05
Digital Currency Address - XBT,3CCmt5LjQ5yKkaFY1DWC2SbERVEtWRnSRD,,36216,Hydra Market,Unknown,CYBER2,2022-04-05
Digital Currency Address - XBT,1MQBDeRWsiJBf7K1VGjJ7PWEL6GJXMfmLg,,36216,Hydra Market,Unknown,CYBER2,2022-04-05
Digital Currency Address - XBT,1MbtT2ZsTtLp7EKZUV9r74cTyqvsMtTP2M,,36216,Hydra Market,Unknown,CYBER2,2022-04-05
Digital Currency Address - XBT,36yS87PLuW7sErLg1TY26WzaVarTim7AcC,,36216,Hydra Market,Unknown,CYBER2,2022-04-05
Digital Currency Address - XBT,3AYU365Tcjef7j9pdKF9Xe8rWpEpsH196t,,36216,Hydra Market,Unknown,CYBER2,2022-04-05
Digital Currency Address - XBT,148LKmyZT3FGE4x1GjsFN6RsAwcjzk5iuE,,36216,Hydra Market,Unknown,CYBER2,2022-04-05
Digital Currency Address - XBT,16EKTes8ahD8xvwisqjc2xSNLiG3fDHatW,,36216,Hydra Market,Unknown,CYBER2,2022-04-05
Digital Currency Address - XBT,3GuQjr7kkrR5EjpanMgyAuxuLgrjEUwe21,,36216,Hydra Market,Unknown,CYBER2,2022-04-05
Digital Currency Address - XBT,35eanEz5iYg2eYaxCtMrR4SCoypFqrBWUH,,36216,Hydra Market,Unknown,CYBER2,2022-04-05
Digital Currency Address - XBT,3QWUdP5taP4GrRuueVDud1eWetb7hc3wDH,,36216,Hydra Market,Unknown,CYBER2,2022-04-05
Digital Currency Address - XBT,3Czhm6xqn8odwz6jgTcjRrUjog28v6aVS8,,36216,Hydra Market,Unknown,CYBER2,2022-04-05
Digital Currency Address - XBT,1F7UL41qYm6TvnExZzPHBCyeENvX3XDEMS,,36216,Hydra Market,Unknown,CYBER2,2022-04-05
Digital Currency Address - XBT,123WBUDmSJv4GctdVEz6Qq6z8nXSKrJ4KX,,36216,Hydra Market,Unknown,CYBER2,2022-04-05
Digital Currency Address - XBT,3BCN3WgMRJwULTz1vsEQ7NZrBjwaUBf5Ca,,36216,Hydra Market,Unknown,CYBER2,2022-04-05
Digital Currency Address - XBT,35SwVFxosV3AsvnrBfzdXarqavRbvDyyxv,,36216,Hydra Market,Unknown,CYBER2,2022-04-05
Digital Currency Address - XBT,32pCmCWEjwhkLwh5BgLNAeBQFp5Gi1hv81,,36216,Hydra Market,Unknown,CYBER2,2022-04-05
Digital Currency Address - XBT,1G64TFMFVJTjhJXra6x74BBhsfSyiWaFtT,,36216,Hydra Market,Unknown,CYBER2,2022-04-05
Digital Currency Address - XBT,1A3iYY4c3dkgNYGewzYzr7EsqfBuWXibGo,,36216,Hydra Market,Unknown,CYBER2,2022-04-05
Digital Currency Address - XBT,3GAUBtrTtWp1D9yeXgr3wMg8B599QHa5m5,,36216,Hydra Market,Unknown,CYBER2,2022-04-05
Digital Currency Address - XBT,3HJN4jRa4mdfkey9JR9jUhr86yPwL86A3C,,36216,Hydra Market,Unknown,CYBER2,2022-04-05
Digital Currency Address - XBT,1EuUMPBCZtSd5pVVFEqmRqUSfU1qy6ASuL,,36216,Hydra Market,Unknown,CYBER2,2022-04-05
Digital Currency Address - XBT,1Pu1nAW7kCoSMThMs8QcpM8JxuByQDZgH,,36216,Hydra Market,Unknown,CYBER2,2022-04-05
Digital Currency Address - XBT,3QnWE5GVfQu3wVav91RuFkqip4Ti4NWqAY,,36216,Hydra Market,Unknown,CYBER2,2022-04-05
Digital Currency Address - XBT,1CNbhgxGRZvsWnEHotfXge7k2E1UPzBDC7,,36216,Hydra Market,Unknown,CYBER2,2022-04-05
Digital Currency Address - XBT,3HSZc4BLnQBznjSq7JvXgqNCZUUs3M9fZz,,36216,Hydra Market,Unknown,CYBER2,2022-04-05
Digital Currency Address - XBT,37dDBCexFPraKW4jGSqkE3NyG52YeZQbJx,,36216,Hydra Market,Unknown,CYBER2,2022-04-05
Digital Currency Address - XBT,1H8sDTTgJPBKw83EBZDLhXvetCbxZUMMZM,,36216,Hydra Market,Unknown,CYBER2,2022-04-05
Digital Currency Address - XBT,1BvJRBRp9ZZ6zLyuZaZsV7g3xP6JokdZQW,,36216,Hydra Market,Unknown,CYBER2,2022-04-05
Digital Currency Address - XBT,bc1q237mvl0heyw0r38wd3xz8h5mar96rrwpams8pp,,36216,Hydra Market,Unknown,CYBER2,2022-04-05
Digital Currency Address - XBT,34dxZvijpBM1YkPybczbQ7DuGuKAnULdfS,,36216,Hydra Market,Unknown,CYBER2,2022-04-05
Digital Currency Address - XBT,1GkLN7DbA9mAtHNzQWNPANcdWbefaz4Gzm,,36216,Hydra Market,Unknown,CYBER2,2022-04-05
Digital Currency Address - XBT,13hfsQm6oCaDZehfYBSMFiJVAi1jsL6sQd,,36216,Hydra Market,Unknown,CYBER2,2022-04-05
Digital Currency Address - XBT,1Sf6e4xQv8muMZqYPTdRFf3e5o5eWcg9F,,36216,Hydra Market,Unknown,CYBER2,2022-04-05
Digital Currency Address - XBT,bc1qj6j6p0jdefl6pvdzx3kx8245yy5mz6q4luhzes,,36216,Hydra Market,Unknown,CYBER2,2022-04-05
Digital Currency Address - XBT,1B3u21itzjgKtm7QsNQNCBpSkwzzeDHqrW,,36216,Hydra Market,Unknown,CYBER2,2022-04-05
Digital Currency Address - XBT,3JhPsVV3KnL9dBYGSZALS9EbrLr97R865a,,36216,Hydra Market,Unknown,CYBER2,2022-04-05
Digital Currency Address - XBT,bc1qqf8kcc9m57xjqcvsvuf989nnl48ve6d2s24cx3,,36216,Hydra Market,Unknown,CYBER2,2022-04-05
Digital Currency Address - XBT,1HuYfoEwsfHgZiRhbhJrCd5ST3iksa8KEx,,36216,Hydra Market,Unknown,CYBER2,2022-04-05
Digital Currency Address - XBT,1J9wJH2bamZVxscXAvoDH4jvtGKb7sYFDm,,36216,Hydra Market,Unknown,CYBER2,2022-04-05
Digital Currency Address - XBT,34WWXwFKAsXL9zYxbeNPaPV6vDamkjQLUo,,36216,Hydra Market,Unknown,CYBER2,2022-04-05
Digital Currency Address - XBT,3PDmRwotTkRAFRLGTUrucCERp2JdM1q4ar,,36216,Hydra Market,Unknown,CYBER2,2022-04-05
Digital Currency Address - XBT,3AFcE2mbSSndcpYFgHoExSmjUc26ef2gQh,,36216,Hydra Market,Unknown,CYBER2,2022-04-05
Digital Currency Address - XBT,3P6PzdfETr4275Gn3veLkCyDxA1jV8fHKm,,36216,Hydra Market,Unknown,CYBER2,2022-04-05
Digital Currency Address - XBT,3HRExd8GKFskZC5inmVcpiyy9UWG7FVa6o,,36216,Hydra Market,Unknown,CYBER2,2022-04-05
Digital Currency Address - XBT,3MP7yBGSW2gkXVRE8S84T2j4KVgPh3rEzv,,36216,Hydra Market,Unknown,CYBER2,2022-04-05
Digital Currency Address - XBT,1K2fmE9hfhbRNSZoBvCBWZAvsS5idTUxBG,,36216,Hydra Market,Unknown,CYBER2,2022-04-05
Digital Currency Address - XBT,3ES6pqCueDPCnC4hCqhhYuey6gyiRJZw6E,,36216,Hydra Market,Unknown,CYBER2,2022-04-05
Digital Currency Address - XBT,3KvBX3jo69Qn8jHy44M33RYoeYcf8DdRBD,,36216,Hydra Market,Unknown,CYBER2,2022-04-05
Digital Currency Address - XBT,3K26aMKmnrv97Pj6YiFcqiXk2LxeHfhnG3,,36216,Hydra Market,Unknown,CYBER2,2022-04-05
Digital Currency Address - XBT,3BWP6ZQAhc4j5wR1b95zJAthJEFvhdees7,,36216,Hydra Market,Unknown,CYBER2,2022-04-05
Digital Currency Address - XBT,3JuSgFrwnrNfuhvR4GpWAPmeJVot4xrEae,,36216,Hydra Market,Unknown,CYBER2,2022-04-05
Digital Currency Address - XBT,1DKGRGJXGNLAtTeFb9SNPNHtrkZ87q7qKi,,36216,Hydra Market,Unknown,CYBER2,2022-04-05
Digital Currency Address - XBT,361AkMKNNWYwZRsCE8pPNmoh5aQf4V7g4p,,36216,Hydra Market,Unknown,CYBER2,2022-04-05
Digital Currency Address - XBT,33fWcMdmsB2Ey4CEbVWbjGFkuevBSyP9nG,,36216,Hydra Market,Unknown,CYBER2,2022-04-05
Digital Currency Address - XBT,35aTjkBh4yeTypJsi9nuTdoMKHTsawKVgX,,36216,Hydra Market,Unknown,CYBER2,2022-04-05
Digital Currency Address - XBT,3K35dyL85fR9ht7UgzPfd1gLRRXQtNTqE3,,37070,Blender.io,Unknown,CYBER2,2022-05-06
Digital Currency Address - XBT,3Q5dGfLKkWqWSwYtbMUyc8xGjN5LrRviK4,,37070,Blender.io,Unknown,CYBER2,2022-05-06
Digital Currency Address - XBT,3EPqGUw2q89pwPZ1UF8FJspE2AyojSTjdu,,37070,Blender.io,Unknown,CYBER2,2022-05-06
Digital Currency Address - XBT,3LhnVMcBq4gsR7aDaRr9XmUo17CuYBV4FN,,37070,Blender.io,Unknown,CYBER2,2022-05-06
Digital Currency Address - XBT,3F6bbvS1krsc1qR8FsbTDfYQyvkMm3QvmR,,37070,Blender.io,Unknown,CYBER2,2022-05-06
Digital Currency Address - XBT,3JHMz3mTna1gVCZSPp8NgRFiY7phkv5mA8,,37070,Blender.io,Unknown,CYBER2,2022-05-06
Digital Currency Address - XBT,32DaxSzUhLBHY2WGSWQYiBSHnRsfQZrrRp,,37070,Blender.io,Unknown,CYBER2,2022-05-06
Digital Currency Address - XBT,3MTRvM5QrYZHKo8gh5qKcrPK3RLjxcDCZE,,37070,Blender.io,Unknown,CYBER2,2022-05-06
Digital Currency Address - XBT,34pFGsSYbWEritXncW9unZtQQE9dKSvKku,,37070,Blender.io,Unknown,CYBER2,2022-05-06
Digital Currency Address - XBT,38ncxqt932N9CcfNfYuHGZgCyR85hDkWBW,,37070,Blender.io,Unknown,CYBER2,2022-05-06
Digital Currency Address - XBT,3F6bbvS1krsc1qR8FsbTDfYQyvkMm3QvmR,,37070,Blender.io,Unknown,CYBER2,2022-05-06
Digital Currency Address - XBT,3MD3riFB6U8PykypF6qkvSj8R2SGdUDPn3,,37070,Blender.io,Unknown,CYBER2,2022-05-06
Digital Currency Address - XBT,3JUwAS7seL3fh5hxWh9fu3HCiEzjuQLTfg,,37070,Blender.io,Unknown,CYBER2,2022-05-06
Digital Currency Address - XBT,3EUjqe9UpmyXCFd6jeu69hoTzndMRfxw9M,,37070,Blender.io,Unknown,CYBER2,2022-05-06
Digital Currency Address - XBT,3QEjBiPzw6WZUL4MYMmMU6DY1Y25aVbpQu,,37070,Blender.io,Unknown,CYBER2,2022-05-06
Digital Currency Address - XBT,3N3YSDvp4cbhEgNGabQxTN39kEzJmwG8Ah,,37070,Blender.io,Unknown,CYBER2,2022-05-06
Digital Currency Address - XBT,3J19qffPT6mxQUcV6k5yVURGZtdhpdGr4y,,37070,Blender.io,Unknown,CYBER2,2022-05-06
Digital Currency Address - XBT,33KKjn4exdBJQkTtdWxqpdVsWxrw3LareG,,37070,Blender.io,Unknown,CYBER2,2022-05-06
Digital Currency Address - XBT,3GSXNXzyCDoQ1Rhsc7F1jjjFe7DGcHHdcM,,37070,Blender.io,Unknown,CYBER2,2022-05-06
Digital Currency Address - XBT,3QJyT8nThEQakbfqgX86YjCK1Sp9hfNCUW,,37070,Blender.io,Unknown,CYBER2,2022-05-06
Digital Currency Address - XBT,35hh9dg3wSvUJz9vFk1FsezLE5Fx3Hudk2,,37070,Blender.io,Unknown,CYBER2,2022-05-06
Digital Currency Address - XBT,3NDzzVxiLBUs1WPvVGRfCYDTAD2Ua2PvW4,,37070,Blender.io,Unknown,CYBER2,2022-05-06
Digital Currency Address - XBT,3DCCgmyKozcZkFBzYb1A2x8abZCpAUTPPk,,37070,Blender.io,Unknown,CYBER2,2022-05-06
Digital Currency Address - XBT,3MvQ4gThF4mmuo49p4dBNchcmFHBRZnYfx,,37070,Blender.io,Unknown,CYBER2,2022-05-06
Digital Currency Address - XBT,3FBgeJdhiBe22UoSpp51Vd8dPHVa2A4wZX,,37070,Blender.io,Unknown,CYBER2,2022-05-06
Digital Currency Address - XBT,3HQDRyzwm82MFmLWtmyikDM9JQEtVT6vAp,,37070,Blender.io,Unknown,CYBER2,2022-05-06
Digital Currency Address - XBT,31t4nEpcwyQJT1VuXdAoQZTT5givRDPsNP,,37070,Blender.io,Unknown,CYBER2,2022-05-06
Digital Currency Address - XBT,39AALn7eTjdPzLb99hHhD6F7J8QWB3R2Rd,,37070,Blender.io,Unknown,CYBER2,2022-05-06
Digital Currency Address - XBT,3LDbNuDkKmLae5r3a5icPA5CQg2Y8F7ogW,,37070,Blender.io,Unknown,CYBER2,2022-05-06
Digital Currency Address - XBT,3JLyyLbwciWAC6re87D7mRknXakR4YbnUd,,37070,Blender.io,Unknown,CYBER2,2022-05-06
Digital Currency Address - XBT,3ANWhUnHujdwbw2jEuGSRH6bvFsD9BqEy9,,37070,Blender.io,Unknown,CYBER2,2022-05-06
Digital Currency Address - XBT,32fbAZMTaQxNd2fAue1PgsiPgWfcsHBQQt,,37070,Blender.io,Unknown,CYBER2,2022-05-06
Digital Currency Address - XBT,3HupEUfKmMhvhXqf8TMoPAyqDcRC1kpe65,,37070,Blender.io,Unknown,CYBER2,2022-05-06
Digital Currency Address - XBT,34kEYgpijvCmjvahRXXQEnBH76UGJVx2wg,,37070,Blender.io,Unknown,CYBER2,2022-05-06
Digital Currency Address - XBT,3GYbbYkvqvjF5oYhaKCgQYCvcVE1JENk6J,,37070,Blender.io,Unknown,CYBER2,2022-05-06
Digital Currency Address - XBT,3BazbaTP8ELJUEfPBV9z5HXEdgBziV9p7W,,37070,Blender.io,Unknown,CYBER2,2022-05-06
Digital Currency Address - XBT,3GMfGEDYMTq9G8dEHet1zLtUFJwYwSNa3Y,,37070,Blender.io,Unknown,CYBER2,2022-05-06
Digital Currency Address - XBT,38LjCapRrJEW7w2zwbyS15P9D9UGPjWS44,,37070,Blender.io,Unknown,CYBER2,2022-05-06
Digital Currency Address - XBT,36XqYWGvUQwBrYLRVuegN4pJJJSPWL1WEu,,37070,Blender.io,Unknown,CYBER2,2022-05-06
Digital Currency Address - XBT,37g6WgqedzZx6nx51tYgssNG8Hnknyj5nL,,37070,Blender.io,Unknown,CYBER2,2022-05-06
Digital Currency Address - XBT,3QAdoc1rDCt8dii1GVPJXvvK6CEJLzCRZw,,37070,Blender.io,Unknown,CYBER2,2022-05-06
Digital Currency Address - XBT,32PsiT8itBrEF84ebdaF82yBUEcz5Wc6uY,,37070,Blender.io,Unknown,CYBER2,2022-05-06
Digital Currency Address - XBT,3B4G1M8eF3cThbeMwhEWkKzczw9QoNTGak,,37070,Blender.io,Unknown,CYBER2,2022-05-06
Digital Currency Address - XBT,34ETiHfQWEYFCCaXmEeQWVmhFH5vz2JMvd,,37070,Blender.io,Unknown,CYBER2,2022-05-06
Digital Currency Address - XBT,3PyzSbFj3hbQQjTzDzyLSgvFVDjB7yw4Cj,,37070,Blender.io,Unknown,CYBER2,2022-05-06
Digital Currency Address - XBT,15PggTG7YhJKiE6B16vkKzA1YDTZipXEX4,,37070,Blender.io,Unknown,CYBER2,2022-05-06
Digital Currency Address - XBT,1H939dom7i4WDLCKyGbXUp3fs9CSTNRzgL,,38419,Khatibi Aghada Ahmad خطیبی عقدا احمد,Unknown,CYBER2; IFSR; IRGC,2022-09-14
Digital Currency Address - XBT,bc1q3y5v2khlyvemcz042wl98dzflywr8ghglqws6s,,38419,Khatibi Aghada Ahmad خطیبی عقدا احمد,Unknown,CYBER2; IFSR; IRGC,2022-09-14
Digital Currency Address - XBT,bc1qx3e2axj3wsfn0ndtvlwmkghmmgm4583nqg8ngk,,38419,Khatibi Aghada Ahmad خطیبی عقدا احمد,Unknown,CYBER2; IFSR; IRGC,2022-09-14
Digital Currency Address - XBT,1H939dom7i4WDLCKyGbXUp3fs9CSTNRzgL,,38420,Nikaeen Ravari Amir Hossein,Unknown,CYBER2; IFSR; IRGC,2022-09-14
Digital Currency Address - XBT,bc1qsxf77cvwcd6jv6j8d8j3uhh4g0xqw4meswmwuc,,38420,Nikaeen Ravari Amir Hossein,Unknown,CYBER2; IFSR; IRGC,2022-09-14
Digital Currency Address - XBT,bc1q9lvynkfpaw330uhqmunzdz6gmafsvapv7y3zty,,38420,Nikaeen Ravari Amir Hossein,Unknown,CYBER2; IFSR; IRGC,2022-09-14
Digital Currency Address - XBT,bc1qpaly5nm7pfka9v92d6qvl4fc2l9xzee8a6ys3s,,38420,Nikaeen Ravari Amir Hossein,Unknown,CYBER2; IFSR; IRGC,2022-09-14
Digital Currency Address - ETH,0xc2a3829F459B3Edd87791c74cD45402BA0a20Be3,0xc2a3829f459b3edd87791c74cd45402ba0a20be3,38665,Task Force Rusich,Unknown,RUSSIA-EO14024,2022-09-15
Digital Currency Address - USDT,TX5GV4DyfxNB3rPkzZJhmqZ1efVmL4rEqG,0xe7800b61479695ec74e4b219f409f67bd1055a27,38665,Task Force Rusich,Unknown,RUSSIA-EO14024,2022-09-15
Digital Currency Address - XBT,bc1ql7dlyh8xz6tpqk92vztrhqh88dmjvcwrmsemrm,,38665,Task Force Rusich,Unknown,RUSSIA-EO14024,2022-09-15
Digital Currency Address - XBT,bc1q2lpgjntr348pfvxhfy33ehmdzy3gmx8w4052z6,,38665,Task Force Rusich,Unknown,RUSSIA-EO14024,2022-09-15
Digital Currency Address - ETH,0x3AD9dB589d201A710Ed237c829c7860Ba86510Fc,0x3ad9db589d201a710ed237c829c7860ba86510fc,38665,Task Force Rusich,Unknown,RUSSIA-EO14024,2022-09-15
Digital Currency Address - XBT,1DbvK8P6imBuLcwh2Vruis4xsUb8YAwJQF,,39585,Peijnenburg Alex Adrianus Martinus,Unknown,ILLICIT-DRUGS-EO14059,2022-11-09
Digital Currency Address - XBT,1G6DuwDKNHiUWqks2Lgu44cesu7ffFbLK7,,39585,Peijnenburg Alex Adrianus Martinus,Unknown,ILLICIT-DRUGS-EO14059,2022-11-09
Digital Currency Address - XBT,3AQSmMk5n3c6TKEg9B2WyzYAPm33gJJAA4,,39585,Peijnenburg Alex Adrianus Martinus,Unknown,ILLICIT-DRUGS-EO14059,2022-11-09
Digital Currency Address - XBT,129zKFLoVad9JtxSmDKeJoLCsjhGR7b3vr,,39585,Peijnenburg Alex Adrianus Martinus,Unknown,ILLICIT-DRUGS-EO14059,2022-11-09
Digital Currency Address - XBT,12YyR9EpvHxBjjKjTWqfKqeyoWnvcraxpW,,39585,Peijnenburg Alex Adrianus Martinus,Unknown,ILLICIT-DRUGS-EO14059,2022-11-09
Digital Currency Address - XBT,1KctQENEX5QkQMpnMC3Zh9yRAzkMBLpPcr,,39585,Peijnenburg Alex Adrianus Martinus,Unknown,ILLICIT-DRUGS-EO14059,2022-11-09
Digital Currency Address - XBT,3HqA7i3ttECLvgqvq69HNxxUP5BL7Z5YgA,,39585,Peijnenburg Alex Adrianus Martinus,Unknown,ILLICIT-DRUGS-EO14059,2022-11-09
Digital Currency Address - XBT,1G9A8WRjGXdnYY4TNEVRrcaHsMtana4ncF,,39585,Peijnenburg Alex Adrianus Martinus,Unknown,ILLICIT-DRUGS-EO14059,2022-11-09
Digital Currency Address - XBT,1Js6goCey2NaqPQptiLANLQGuk4d6mowjP,,39585,Peijnenburg Alex Adrianus Martinus,Unknown,ILLICIT-DRUGS-EO14059,2022-11-09
Digital Currency Address - XBT,13RH4JaFhaCxDGPyYE9emjp2aDxdX18uBA,,39585,Peijnenburg Alex Adrianus Martinus,Unknown,ILLICIT-DRUGS-EO14059,2022-11-09
Digital Currency Address - XBT,1FE2cuvkq8n5VGwj5hi8YYQxskwJpovPyV,,39585,Peijnenburg Alex Adrianus Martinus,Unknown,ILLICIT-DRUGS-EO14059,2022-11-09
Digital Currency Address - XBT,1DJoEMvp95yJYWyxAZy8DDBzuvjnrTVrsN,,39585,Peijnenburg Alex Adrianus Martinus,Unknown,ILLICIT-DRUGS-EO14059,2022-11-09
Digital Currency Address - XBT,1N6XqSf3ULpNjko9LrJmHudRoLitjwkETN,,39585,Peijnenburg Alex Adrianus Martinus,Unknown,ILLICIT-DRUGS-EO14059,2022-11-09
Digital Currency Address - XBT,bc1qwa6zu6qhl6wqnlxp642vcf89nptsassle25ulf,,39585,Peijnenburg Alex Adrianus Martinus,Unknown,ILLICIT-DRUGS-EO14059,2022-11-09
Digital Currency Address - XBT,386wa1UM6nA798AWNh64jdrejZyedeXgUN,,39585,Peijnenburg Alex Adrianus Martinus,Unknown,ILLICIT-DRUGS-EO14059,2022-11-09
Digital Currency Address - XBT,15UdZbmGPa2LatD3abtGpphgkHLFWftV4R,,39585,Peijnenburg Alex Adrianus Martinus,Unknown,ILLICIT-DRUGS-EO14059,2022-11-09
Digital Currency Address - XBT,16tByCYzxuWiN8kF9FrK9jJy6eQYLVkQ1i,,39585,Peijnenburg Alex Adrianus Martinus,Unknown,ILLICIT-DRUGS-EO14059,2022-11-09
Digital Currency Address - XBT,1NpHuti9NSM9fVTXLkvSDU4AnhqGQ5N53d,,39585,Peijnenburg Alex Adrianus Martinus,Unknown,ILLICIT-DRUGS-EO14059,2022-11-09
Digital Currency Address - BCH,qpusmp64rajses77x95g9ah825mtyyv74smwwkxhx3,,39585,Peijnenburg Alex Adrianus Martinus,Unknown,ILLICIT-DRUGS-EO14059,2022-11-09
Digital Currency Address - ETH,0x83E5bC4Ffa856BB84Bb88581f5Dd62A433A25e0D,0x83e5bc4ffa856bb84bb88581f5dd62a433a25e0d,39585,Peijnenburg Alex Adrianus Martinus,Unknown,ILLICIT-DRUGS-EO14059,2022-11-09
Digital Currency Address - ETH,0x08b2eFdcdB8822EfE5ad0Eae55517cf5DC544251,0x08b2efdcdb8822efe5ad0eae55517cf5dc544251,39585,Peijnenburg Alex Adrianus Martinus,Unknown,ILLICIT-DRUGS-EO14059,2022-11-09
Digital Currency Address - ETH,0x04DBA1194ee10112fE6C3207C0687DEf0e78baCf,0x04dba1194ee10112fe6c3207c0687def0e78bacf,39585,Peijnenburg Alex Adrianus Martinus,Unknown,ILLICIT-DRUGS-EO14059,2022-11-09
Digital Currency Address - ETH,0x0Ee5067b06776A89CcC7dC8Ee369984AD7Db5e06,0x0ee5067b06776a89ccc7dc8ee369984ad7db5e06,39585,Peijnenburg Alex Adrianus Martinus,Unknown,ILLICIT-DRUGS-EO14059,2022-11-09
Digital Currency Address - ETH,0x502371699497d08D5339c870851898D6D72521Dd,0x502371699497d08d5339c870851898d6d72521dd,39585,Peijnenburg Alex Adrianus Martinus,Unknown,ILLICIT-DRUGS-EO14059,2022-11-09
Digital Currency Address - ETH,0x5A14E72060c11313E38738009254a90968F58f51,0x5a14e72060c11313e38738009254a90968f58f51,39585,Peijnenburg Alex Adrianus Martinus,Unknown,ILLICIT-DRUGS-EO14059,2022-11-09
Digital Currency Address - ETH,0xEFE301d259F525cA1ba74A7977b80D5b060B3ccA,0xefe301d259f525ca1ba74a7977b80d5b060b3cca,39585,Peijnenburg Alex Adrianus Martinus,Unknown,ILLICIT-DRUGS-EO14059,2022-11-09
Digital Currency Address - XBT,1LpYKb3SXZPve9hsH2QEJZFX279wJVGowi,,39593,Grimm Matthew Simon,Unknown,ILLICIT-DRUGS-EO14059,2022-11-09
Digital Currency Address - XBT,15uqdxqNXQwVf5H7yZPz4TmEGeSccCwdor,,39593,Grimm Matthew Simon,Unknown,ILLICIT-DRUGS-EO14059,2022-11-09
Digital Currency Address - XBT,1FjubFHV4mpYjBmvjsEhZssyiiA4TNmnm2,,39593,Grimm Matthew Simon,Unknown,ILLICIT-DRUGS-EO14059,2022-11-09
Digital Currency Address - XBT,1LAh7PQwpd1uGiLHae5C5Xz9QXse3y2phq,,39593,Grimm Matthew Simon,Unknown,ILLICIT-DRUGS-EO14059,2022-11-09
Digital Currency Address - XBT,15yqWQ4sqr7jzCwDtZ3U1KaCa8WMEy7Mm2,,39593,Grimm Matthew Simon,Unknown,ILLICIT-DRUGS-EO14059,2022-11-09
Digital Currency Address - XBT,19GrL5jnUkGmHXVcraB1Etv5rXCANeLWpq,,39593,Grimm Matthew Simon,Unknown,ILLICIT-DRUGS-EO14059,2022-11-09
Digital Currency Address - XBT,39NG2LcGRHXxSr1irpEVnJMw4ydL231sEn,,39593,Grimm Matthew Simon,Unknown,ILLICIT-DRUGS-EO14059,2022-11-09
Digital Currency Address - XBT,3He6EyDaCUgmdr4GXqhxbeTQukaGLCByU2,,39593,Grimm Matthew Simon,Unknown,ILLICIT-DRUGS-EO14059,2022-11-09
Digital Currency Address - XBT,12NpCkhddSNiDkD9rRYUCHsTT9ReMNiJjG,,39593,Grimm Matthew Simon,Unknown,ILLICIT-DRUGS-EO14059,2022-11-09
Digital Currency Address - XBT,32jgFkZsTEjMFaBvxJnYvJEeTNKTmq5b32,,39593,Grimm Matthew Simon,Unknown,ILLICIT-DRUGS-EO14059,2022-11-09
Digital Currency Address - XBT,1Hpj6qm9i7nMF3VkKfBFtjhEDpEjxHWvgv,,39593,Grimm Matthew Simon,Unknown,ILLICIT-DRUGS-EO14059,2022-11-09
Digital Currency Address - XBT,194xmrZA53UBsZau2PnJLdmVVW9m5feeS,,39593,Grimm Matthew Simon,Unknown,ILLICIT-DRUGS-EO14059,2022-11-09
Digital Currency Address - XBT,361NP7YcBPQ4KkLT3Y2QZeDEV4M3yi65Ar,,39593,Grimm Matthew Simon,Unknown,ILLICIT-DRUGS-EO14059,2022-11-09
Digital Currency Address - XBT,1LuDiMd95Df4i2bcvrfw47t2GKpLLXAQMZ,,39593,Grimm Matthew Simon,Unknown,ILLICIT-DRUGS-EO14059,2022-11-09
Digital Currency Address - XBT,3A1HH3PseYMkh2nSrBb4kkVt3815kUNVVC,,39593,Grimm Matthew Simon,Unknown,ILLICIT-DRUGS-EO14059,2022-11-09
Digital Currency Address - XBT,1F317n2eJEMaEMGiwCqtd5XCU3wF7jzPEW,,39593,Grimm Matthew Simon,Unknown,ILLICIT-DRUGS-EO14059,2022-11-09
Digital Currency Address - XBT,3HWjh69cVQvcPeLWVCyVmXEq72nyDSj5zP,,39593,Grimm Matthew Simon,Unknown,ILLICIT-DRUGS-EO14059,2022-11-09
Digital Currency Address - XBT,1r6S9vpUZPS5rb6gSdwV2bvSFcN3uSq4q,,39593,Grimm Matthew Simon,Unknown,ILLICIT-DRUGS-EO14059,2022-11-09
Digital Currency Address - XBT,3Jpf9B5P8cvEKSSGp9cES3Upbms8VRnXUb,,39593,Grimm Matthew Simon,Unknown,ILLICIT-DRUGS-EO14059,2022-11-09
Digital Currency Address - XBT,3EL5vcYeu1cnivLtR7tnAX3bBirr9ATNAL,,39593,Grimm Matthew Simon,Unknown,ILLICIT-DRUGS-EO14059,2022-11-09
Digital Currency Address - XBT,1LBQd4ZxtQYYsDWrCzK4uMxHBJVxmyzs3M,,39593,Grimm Matthew Simon,Unknown,ILLICIT-DRUGS-EO14059,2022-11-09
Digital Currency Address - XBT,1LQV6yUBcfTjAWvFu3XPhdTgjqihss7i1z,,39593,Grimm Matthew Simon,Unknown,ILLICIT-DRUGS-EO14059,2022-11-09
Digital Currency Address - XBT,1MiQRekg4BatJ12qbiSGnNakLLd8xbLMCG,,39593,Grimm Matthew Simon,Unknown,ILLICIT-DRUGS-EO14059,2022-11-09
Digital Currency Address - XBT,12mNKr2YP4M3CEQvCvVqZsvxuCG47LHMu1,,39593,Grimm Matthew Simon,Unknown,ILLICIT-DRUGS-EO14059,2022-11-09
Digital Currency Address - XBT,1J6cgUVEZRKyJhpXJgHWX7YmzkdnHRaLhF,,39593,Grimm Matthew Simon,Unknown,ILLICIT-DRUGS-EO14059,2022-11-09
Digital Currency Address - XBT,3PUmTuVAW3LkKg53FZ7F97VDBitW4ugwnM,,39593,Grimm Matthew Simon,Unknown,ILLICIT-DRUGS-EO14059,2022-11-09
Digital Currency Address - XBT,3H4qaWi5DS6FMwyZrG9xRRud3Qc5dUVn2U,,39593,Grimm Matthew Simon,Unknown,ILLICIT-DRUGS-EO14059,2022-11-09
Digital Currency Address - XBT,13ViCDZyJxxv5cZzpDDsE7aDQ3Y552zpAH,,39593,Grimm Matthew Simon,Unknown,ILLICIT-DRUGS-EO14059,2022-11-09
Digital Currency Address - XBT,1Juv2Ks3jJFUes8jEGxwgt6T6csBRQmmRw,,39593,Grimm Matthew Simon,Unknown,ILLICIT-DRUGS-EO14059,2022-11-09
Digital Currency Address - XBT,35vypiSvQsxRiT3YZzGRGVaduUSx67ysZb,,39593,Grimm Matthew Simon,Unknown,ILLICIT-DRUGS-EO14059,2022-11-09
Digital Currency Address - XBT,3LLUnf3ezw6mCbQ2zCZmGu5rZULzkhxQi7,,39593,Grimm Matthew Simon,Unknown,ILLICIT-DRUGS-EO14059,2022-11-09
Digital Currency Address - XBT,3QrukkUiBrn23rFUKUgasNd1wYWNk7WdSV,,39593,Grimm Matthew Simon,Unknown,ILLICIT-DRUGS-EO14059,2022-11-09
Digital Currency Address - XBT,3B3vmabBbeDRnVrjvvq3hm85zVB4v5bWFC,,39593,Grimm Matthew Simon,Unknown,ILLICIT-DRUGS-EO14059,2022-11-09
Digital Currency Address - XBT,31nadacWrgPeAQxKRMabhn3fPhnhi3hjKa,,39593,Grimm Matthew Simon,Unknown,ILLICIT-DRUGS-EO14059,2022-11-09
Digital Currency Address - XBT,343w3Xh64q5UpgpvAPqmsUzxrknde8PQHb,,39593,Grimm Matthew Simon,Unknown,ILLICIT-DRUGS-EO14059,2022-11-09
Digital Currency Address - XBT,1C7RpJNE19HgefzWVCSaUqRTHAwGAFkbYV,,39593,Grimm Matthew Simon,Unknown,ILLICIT-DRUGS-EO14059,2022-11-09
Digital Currency Address - ETH,0xd0975b32cea532eadddfc9c60481976e39db3472,0xd0975b32cea532eadddfc9c60481976e39db3472,39593,Grimm Matthew Simon,Unknown,ILLICIT-DRUGS-EO14059,2022-11-09
Digital Currency Address - ETH,0x1967d8af5bd86a497fb3dd7899a020e47560daaf,0x1967d8af5bd86a497fb3dd7899a020e47560daaf,39593,Grimm Matthew Simon,Unknown,ILLICIT-DRUGS-EO14059,2022-11-09
Digital Currency Address - BCH,qqyuc9s700plhzr6awzru7g5z2d2p906uyrm6ht0r0,,39593,Grimm Matthew Simon,Unknown,ILLICIT-DRUGS-EO14059,2022-11-09
Digital Currency Address - BCH,qz9f2vz3033sg5vc5mf7m7xshmj0jugy4ummf05jk8,,39593,Grimm Matthew Simon,Unknown,ILLICIT-DRUGS-EO14059,2022-11-09
Digital Currency Address - ETH,0x39D908dac893CBCB53Cc86e0ECc369aA4DeF1A29,0x39d908dac893cbcb53cc86e0ecc369aa4def1a29,40488,Zimenkov Jonatan,Unknown,RUSSIA-EO14024,2023-02-01
Digital Currency Address - XBT,bc1qfg4gfg0y6t6xjnpmlhuwx5k0wlw6nmfzxn2psc,,40488,Zimenkov Jonatan,Unknown,RUSSIA-EO14024,2023-02-01
Digital Currency Address - XBT,3PKiHs4GY4rFg8dpppNVPXGPqMX6K2cBML,,41297,Wang Hongfei 王 洪飞,Unknown,ILLICIT-DRUGS-EO14059,2023-04-14
Digital Currency Address - XBT,1986rYHckYbJpGQJy6ornuMyD2N5MTqwDt,,42496,Wu Huihui,Unknown,DPRK3,2023-04-24
Digital Currency Address - XBT,125W5ek3DT6Zqy5S2iPt4FHQdNMCbZA3FU,,42496,Wu Huihui,Unknown,DPRK3,2023-04-24
Digital Currency Address - XBT,1Kc6egXevyLEaeTxLFA1Zyw7GuhCN8jQtt,,42496,Wu Huihui,Unknown,DPRK3,2023-04-24
Digital Currency Address - XBT,12w6v1qAaBc4W8h8C2Cu5SKFaKDSv3erUW,,42496,Wu Huihui,Unknown,DPRK3,2023-04-24
Digital Currency Address - XBT,1CPJak9ZyddbawMGJPyEhCiJLXXb4sYv8N,,42496,Wu Huihui,Unknown,DPRK3,2023-04-24
Digital Currency Address - XBT,1DJoVLgn1foJHHngduRPJvRbwpaFEKxvxd,,42496,Wu Huihui,Unknown,DPRK3,2023-04-24
Digital Currency Address - XBT,15kZobLkD6HZgEECtz4oS2Vz21XHTnNfSg,,42496,Wu Huihui,Unknown,DPRK3,2023-04-24
Digital Currency Address - XBT,15qyVrZvvVGvB7GWiAZ82TNcZ6QWMKu3kx,,42496,Wu Huihui,Unknown,DPRK3,2023-04-24
Digital Currency Address - XBT,12YCfVAEzkEZXBYhUTyJJaRkgMXiFxJgcu,,42496,Wu Huihui,Unknown,DPRK3,2023-04-24
Digital Currency Address - XBT,1MkCnCa9agS5t6V1B15bzusBgYECB4LfWp,,42496,Wu Huihui,Unknown,DPRK3,2023-04-24
Digital Currency Address - XBT,1NuBZQXJPyYQGfoBib8wWBDpZmbtkJa5Ba,,42496,Wu Huihui,Unknown,DPRK3,2023-04-24
Digital Currency Address - XBT,14rjAD8ZP5xaL571cMRE98qgxxbg1S8mAN,,42496,Wu Huihui,Unknown,DPRK3,2023-04-24
Digital Currency Address - XBT,18yWCu6agTxYqAerMxiz9sgHrK3ViezzGa,,42496,Wu Huihui,Unknown,DPRK3,2023-04-24
Digital Currency Address - XBT,12jVCWW1ZhTLA5yVnroEJswqKwsfiZKsax,,42496,Wu Huihui,Unknown,DPRK3,2023-04-24
Digital Currency Address - XBT,1J378PbmTKn2sEw6NBrSWVfjZLBZW3DZem,,42496,Wu Huihui,Unknown,DPRK3,2023-04-24
Digital Currency Address - XBT,18aqbRhHupgvC9K8qEqD78phmTQQWs7B5d,,42496,Wu Huihui,Unknown,DPRK3,2023-04-24
Digital Currency Address - XBT,16ti2EXaae5izfkUZ1Zc59HMcsdnHpP5QJ,,42496,Wu Huihui,Unknown,DPRK3,2023-04-24
Digital Currency Address - ETH,0x4f47bc496083c727c5fbe3ce9cdf2b0f6496270c,0x4f47bc496083c727c5fbe3ce9cdf2b0f6496270c,42498,Sim Hyon Sop,Unknown,NPWMD,2023-04-24
Digital Currency Address - ARB,0x4f47bc496083c727c5fbe3ce9cdf2b0f6496270c,0x4f47bc496083c727c5fbe3ce9cdf2b0f6496270c,42498,Sim Hyon Sop,Unknown,NPWMD,2023-04-24
Digital Currency Address - BSC,0x4f47bc496083c727c5fbe3ce9cdf2b0f6496270c,0x4f47bc496083c727c5fbe3ce9cdf2b0f6496270c,42498,Sim Hyon Sop,Unknown,NPWMD,2023-04-24
Digital Currency Address - TRX,TGXE9dGWawjfd3xqFSho1h1bRbRv9wUGrF,0x47df0606a84a52763887d7aa280cc4f068326b16,42498,Sim Hyon Sop,Unknown,NPWMD,2023-04-24
Digital Currency Address - TRX,TPDLpXxPcaSsupEZ3yrVksmNkYP5SLeKxu,0x9145fc390e71e3b56da4bfe51460cbdbb1a8a3f9,42498,Sim Hyon Sop,Unknown,NPWMD,2023-04-24
Digital Currency Address - TRX,TNTFhgFoKH4srBMiWbfrVFqP2AThSmdwf1,0x88ef69134150f35b1e91fa2d8bfbb44ba2c51e62,42498,Sim Hyon Sop,Unknown,NPWMD,2023-04-24
Digital Currency Address - TRX,TXhf9nU9bjo1j9z5qEesHdr6gtdndfnA4T,0xee61f0eeee09eed3583baab61fa2e64b96207478,42498,Sim Hyon Sop,Unknown,NPWMD,2023-04-24
Digital Currency Address - TRX,TK17wfSPp32RWrnzZPrGpv7TxdNFvvvE2s,0x6315bdc714ebb7a08e5ec10f351b6ca61d052bee,42498,Sim Hyon Sop,Unknown,NPWMD,2023-04-24
Digital Currency Address - TRX,TYeQD2VddTZ9NkFkAnT9DD8cUGetGUQZB2,0xf8bc582628cd0c721b554161a1cb59ea003742c0,42498,Sim Hyon Sop,Unknown,NPWMD,2023-04-24
Digital Currency Address - ETH,0xd04E33461FEA8302c5E1e13895b60cEe8AEfda7F,0xd04e33461fea8302c5e1e13895b60cee8aefda7f,42498,Sim Hyon Sop,Unknown,NPWMD,2023-04-24
Digital Currency Address - ETH,0x76EA76CA4Eb727f18956aB93445a94c5280412B9,0x76ea76ca4eb727f18956ab93445a94c5280412b9,42498,Sim Hyon Sop,Unknown,NPWMD,2023-04-24
Digital Currency Address - ETH,0xFb3eFf152ea55D1BfA04Dbdd509A80fD7b72cdEB,0xfb3eff152ea55d1bfa04dbdd509a80fd7b72cdeb,42498,Sim Hyon Sop,Unknown,NPWMD,2023-04-24
Digital Currency Address - ETH,0xFda1Ec4A6178d4916b001a065422D31EBE5F62FF,0xfda1ec4a6178d4916b001a065422d31ebe5f62ff,42498,Sim Hyon Sop,Unknown,NPWMD,2023-04-24
Digital Currency Address - ETH,0x747AFB5c7A7fc34B547cD0FDEbf9b91759C5a52b,0x747afb5c7a7fc34b547cd0fdebf9b91759c5a52b,42498,Sim Hyon Sop,Unknown,NPWMD,2023-04-24
Digital Currency Address - USDT,0x38735f03b30FbC022DdD06ABED01F0Ca823C6a94,0x38735f03b30fbc022ddd06abed01f0ca823c6a94,43085,Hanafin John Desmond,Unknown,RUSSIA-EO14024,2023-05-19
Digital Currency Address - XBT,1D6gG9iKEhPitTcWRJiniuj1jYM2hNeAfJ,,43377,Kim Sang Man 김 상만,Unknown,DPRK4,2023-05-23
Digital Currency Address - ETH,0x97b1043abd9e6fc31681635166d430a458d14f9c,0x97b1043abd9e6fc31681635166d430a458d14f9c,43377,Kim Sang Man 김 상만,Unknown,DPRK4,2023-05-23
Digital Currency Address - ETH,0xb6f5ec1a0a9cd1526536d3f0426c429529471f40,0xb6f5ec1a0a9cd1526536d3f0426c429529471f40,43377,Kim Sang Man 김 상만,Unknown,DPRK4,2023-05-23
Digital Currency Address - USDT,0xb6f5ec1a0a9cd1526536d3f0426c429529471f40,0xb6f5ec1a0a9cd1526536d3f0426c429529471f40,43377,Kim Sang Man 김 상만,Unknown,DPRK4,2023-05-23
Digital Currency Address - USDC,0xb6f5ec1a0a9cd1526536d3f0426c429529471f40,0xb6f5ec1a0a9cd1526536d3f0426c429529471f40,43377,Kim Sang Man 김 상만,Unknown,DPRK4,2023-05-23
Digital Currency Address - XBT,1FCNgfZWpYMeYhy9t18AAkTBu8AsdoAc1Z,,43377,Kim Sang Man 김 상만,Unknown,DPRK4,2023-05-23
Digital Currency Address - XBT,bc1q4namcagg5wljs0u20z6h2sqgsq4q5lts8rt2rr,,43421,Wang Yunhe 王 云禾,Unknown,CYBER2,2024-05-28
Digital Currency Address - XBT,bc1qdpazd6smrkq5hmw6lupq98za2fqtgmq3azv3av,,43421,Wang Yunhe 王 云禾,Unknown,CYBER2,2024-05-28
Digital Currency Address - XBT,bc1qwz0l2ceddckwdy5rh6zyrm3x4ha6gn5f2da5zg,,43421,Wang Yunhe 王 云禾,Unknown,CYBER2,2024-05-28
Digital Currency Address - XBT,bc1qw8evftpgc8wsmkemd8yl5fg2husza5z802xaym,,43421,Wang Yunhe 王 云禾,Unknown,CYBER2,2024-05-28
Digital Currency Address - XBT,bc1qv4krhj2qmpd9qz9xj9nhvj99fq8s9xsw05d485,,43421,Wang Yunhe 王 云禾,Unknown,CYBER2,2024-05-28
Digital Currency Address - XBT,bc1qu5vngdtcx8nc9d68pq8nv7pzcjrswsy87s66gk,,43421,Wang Yunhe 王 云禾,Unknown,CYBER2,2024-05-28
Digital Currency Address - XBT,bc1qtsl3ufenrv3zgrgm9z8xarcx22x8mfztuartyn,,43421,Wang Yunhe 王 云禾,Unknown,CYBER2,2024-05-28
Digital Currency Address - XBT,bc1qtrrfhr0f3ufsrjxfv8a7p3yuqj0spe4cm6vaws,,43421,Wang Yunhe 王 云禾,Unknown,CYBER2,2024-05-28
Digital Currency Address - XBT,bc1qte9ret332gwrk6e7vqc87d807npzvdj5savg4h,,43421,Wang Yunhe 王 云禾,Unknown,CYBER2,2024-05-28
Digital Currency Address - XBT,bc1qtdupwe722vcc5e0vh94cgwfs0ep4gzwyfsf75q,,43421,Wang Yunhe 王 云禾,Unknown,CYBER2,2024-05-28
Digital Currency Address - XBT,bc1qnykkrlk67f9kdqvzyw2ndu3xmef5z2e52886yl,,43421,Wang Yunhe 王 云禾,Unknown,CYBER2,2024-05-28
Digital Currency Address - XBT,bc1qllmlvy5u038yvwywu803p53g8udcm8w7k4qxu9,,43421,Wang Yunhe 王 云禾,Unknown,CYBER2,2024-05-28
Digital Currency Address - XBT,bc1qlfpg2xn39u580cmwq6rymt8jdhcmj8520jhgh0,,43421,Wang Yunhe 王 云禾,Unknown,CYBER2,2024-05-28
Digital Currency Address - XBT,bc1ql7rnd70aejdxt3f9fzdlfazjlc9hvdmut8ad8s,,43421,Wang Yunhe 王 云禾,Unknown,CYBER2,2024-05-28
Digital Currency Address - XBT,bc1ql526s72gycmvq7hek6j3tuwwmcpv4rgs0auxu7,,43421,Wang Yunhe 王 云禾,Unknown,CYBER2,2024-05-28
Digital Currency Address - XBT,bc1qh3lw22uqwrywr8lpun20q2ma528a4yqmgf3uqp,,43421,Wang Yunhe 王 云禾,Unknown,CYBER2,2024-05-28
Digital Currency Address - XBT,bc1qgffxa65gr579tsz55n87pal2a777ygzg69d2yz,,43421,Wang Yunhe 王 云禾,Unknown,CYBER2,2024-05-28
Digital Currency Address - XBT,bc1qedvcgh32dud85yt7fu6s7qavthlh38gtwa7rhx,,43421,Wang Yunhe 王 云禾,Unknown,CYBER2,2024-05-28
Digital Currency Address - XBT,bc1qau9pmgc8l6rxpdwwap3fd6zprh5yp9mpe9jl0h,,43421,Wang Yunhe 王 云禾,Unknown,CYBER2,2024-05-28
Digital Currency Address - XBT,bc1qakycg2zp8hydg95lc9cheumpa9yfpdeyrqqh5f,,43421,Wang Yunhe 王 云禾,Unknown,CYBER2,2024-05-28
Digital Currency Address - XBT,bc1q9ua9ypl4dhj0zut5kzasj5c2kxclhh8v2k9djd,,43421,Wang Yunhe 王 云禾,Unknown,CYBER2,2024-05-28
Digital Currency Address - XBT,bc1q8q7z3kt37z6jalv5ujung5lem6pzlk9r3kt66k,,43421,Wang Yunhe 王 云禾,Unknown,CYBER2,2024-05-28
Digital Currency Address - XBT,bc1q8pw85s83mdx2f3rfu64mmfd9wexqu2y856arwp,,43421,Wang Yunhe 王 云禾,Unknown,CYBER2,2024-05-28
Digital Currency Address - XBT,bc1q7xfqqw9htr88t7vafg80p4qrlpjfyaps452x5g,,43421,Wang Yunhe 王 云禾,Unknown,CYBER2,2024-05-28
Digital Currency Address - XBT,bc1q7hhdygx05kyfyzjku2u7lywvx5pgyng6a0nefp,,43421,Wang Yunhe 王 云禾,Unknown,CYBER2,2024-05-28
Digital Currency Address - XBT,bc1q6w463k7mhsgguwgqtcratm4vm42rncwhvvkeck,,43421,Wang Yunhe 王 云禾,Unknown,CYBER2,2024-05-28
Digital Currency Address - XBT,bc1q68uswkjvu7nj7mhrvfzkx7cm6u5s9puvpm5dc2,,43421,Wang Yunhe 王 云禾,Unknown,CYBER2,2024-05-28
Digital Currency Address - XBT,bc1q5zd0cwzd09k9r8xfk68sn5ytqp8f5aae80yfsm,,43421,Wang Yunhe 王 云禾,Unknown,CYBER2,2024-05-28
Digital Currency Address - XBT,bc1q49ax787wv0mnn8wjgp3sx772qz7eun822rkv5k,,43421,Wang Yunhe 王 云禾,Unknown,CYBER2,2024-05-28
Digital Currency Address - XBT,bc1q3ael5my37nklgnqcrkwmnndfx9qdnp67j0739c,,43421,Wang Yunhe 王 云禾,Unknown,CYBER2,2024-05-28
Digital Currency Address - XBT,bc1q362njxy39gnwrvj7zytn84ax39fwnhvk7n2999,,43421,Wang Yunhe 王 云禾,Unknown,CYBER2,2024-05-28
Digital Currency Address - XBT,bc1q2jys00x2rgdkm3xnewuucqacytu0a7echupu8y,,43421,Wang Yunhe 王 云禾,Unknown,CYBER2,2024-05-28
Digital Currency Address - XBT,bc1q05aktddf9ce4p7hh3stgsf253m4vweu7nkhtmw,,43421,Wang Yunhe 王 云禾,Unknown,CYBER2,2024-05-28
Digital Currency Address - XBT,bc1qtywfzxx6snut2mdrum8dyr5nnd5qhqd29wmvqt,,43421,Wang Yunhe 王 云禾,Unknown,CYBER2,2024-05-28
Digital Currency Address - XBT,bc1qrc2gchg2fmxua5u7twu4luv5p9twmny4jjmg9x,,43421,Wang Yunhe 王 云禾,Unknown,CYBER2,2024-05-28
Digital Currency Address - XBT,bc1q9ws2gcq7uumm4mk3l9xezwve7w5tmcs5js5cup,,43421,Wang Yunhe 王 云禾,Unknown,CYBER2,2024-05-28
Digital Currency Address - XBT,bc1qh33xtpjqhgysq5xlmjzkm28uewj08885n95drr,,43421,Wang Yunhe 王 云禾,Unknown,CYBER2,2024-05-28
Digital Currency Address - XBT,bc1qe8wclszdtshkjk7gph57crc72vpp9rylujgwa5,,43421,Wang Yunhe 王 云禾,Unknown,CYBER2,2024-05-28
Digital Currency Address - XBT,bc1q2q8uxjznmurg363dvd98xjg54mrr7z6mw9t825,,43421,Wang Yunhe 王 云禾,Unknown,CYBER2,2024-05-28
Digital Currency Address - XBT,bc1qhvzl5w99m458nm7sc6hwf5qfhxndw28sgtatk8,,43421,Wang Yunhe 王 云禾,Unknown,CYBER2,2024-05-28
Digital Currency Address - XBT,bc1qavwamr74qlzj8txy6jaxqnpym9062h090x6kz4,,43421,Wang Yunhe 王 云禾,Unknown,CYBER2,2024-05-28
Digital Currency Address - XBT,bc1qe9lz50jq0a5pmtry0h3ekng3kjdg09vejg7355,,43421,Wang Yunhe 王 云禾,Unknown,CYBER2,2024-05-28
Digital Currency Address - XBT,bc1qup656lpfqfckhl580kwf62thmn5azmj2pal0sz,,43421,Wang Yunhe 王 云禾,Unknown,CYBER2,2024-05-28
Digital Currency Address - XBT,bc1qa2xr7dmz5lztplp9yfp7k382nf4ma8gwrl7zgg,,43421,Wang Yunhe 王 云禾,Unknown,CYBER2,2024-05-28
Digital Currency Address - XBT,bc1qrskwdw9unhlkt87ltcqq2d5pn9s6w2f35gz3z6,,43421,Wang Yunhe 王 云禾,Unknown,CYBER2,2024-05-28
Digital Currency Address - XBT,1NaRX1GZgtZ7E8iXo8YUdTtnb8rAK5QFJa,,43421,Wang Yunhe 王 云禾,Unknown,CYBER2,2024-05-28
Digital Currency Address - ETH,0xe1d865c3d669dcc8c57c8d023140cb204e672ee4,0xe1d865c3d669dcc8c57c8d023140cb204e672ee4,43421,Wang Yunhe 王 云禾,Unknown,CYBER2,2024-05-28
Digital Currency Address - LTC,LNf2JDiuunBz7GMDKFYHN4rq5meXWxiwfb,,43421,Wang Yunhe 王 云禾,Unknown,CYBER2,2024-05-28
Digital Currency Address - TRX,TBHTJqAy4DhHhmT3dNceJYNRz4SdLofLre,0x0e6b8e34dc115a2848f585851af23d99d09b8463,43421,Wang Yunhe 王 云禾,Unknown,CYBER2,2024-05-28
Digital Currency Address - ETH,0x9c2bc757b66f24d60f016b6237f8cdd414a879fa,0x9c2bc757b66f24d60f016b6237f8cdd414a879fa,44029,Jimenez Castro Mario Alberto,Unknown,ILLICIT-DRUGS-EO14059,2023-09-26
Digital Currency Address - XBT,bc1qq7p0es3dv5hcynjjf40f2xjjr6qp5py47d2f6n847vduuq9gvnyq7y9ecd,,44437,Sinbad,Unknown,CYBER2; DPRK3,2023-11-29
Digital Currency Address - XBT,1JHdQHkBZiim1cb4hyUh2PbzEbbg6z2TrF,,44437,Sinbad,Unknown,CYBER2; DPRK3,2023-11-29
Digital Currency Address - USDT,TVacWx7F5wgMgn49L5frDf9KLgdYy8nPHL,0xd71c94052989e209ba713deb66e0a8f72b913b70,44445,Shafiu Ali,Unknown,SDGT,2023-07-31
Digital Currency Address - ETH,0xdcbEfFBECcE100cCE9E4b153C4e15cB885643193,0xdcbeffbecce100cce9e4b153c4e15cb885643193,44718,Semenov Roman,Unknown,DPRK3,2023-08-23
Digital Currency Address - ETH,0x5f48c2a71b2cc96e3f0ccae4e39318ff0dc375b2,0x5f48c2a71b2cc96e3f0ccae4e39318ff0dc375b2,44718,Semenov Roman,Unknown,DPRK3,2023-08-23
Digital Currency Address - ETH,0x5a7a51bfb49f190e5a6060a5bc6052ac14a3b59f,0x5a7a51bfb49f190e5a6060a5bc6052ac14a3b59f,44718,Semenov Roman,Unknown,DPRK3,2023-08-23
Digital Currency Address - ETH,0xed6e0a7e4ac94d976eebfb82ccf777a3c6bad921,0xed6e0a7e4ac94d976eebfb82ccf777a3c6bad921,44718,Semenov Roman,Unknown,DPRK3,2023-08-23
Digital Currency Address - ETH,0x797d7ae72ebddcdea2a346c1834e04d1f8df102b,0x797d7ae72ebddcdea2a346c1834e04d1f8df102b,44718,Semenov Roman,Unknown,DPRK3,2023-08-23
Digital Currency Address - ETH,0x931546D9e66836AbF687d2bc64B30407bAc8C568,0x931546d9e66836abf687d2bc64b30407bac8c568,44718,Semenov Roman,Unknown,DPRK3,2023-08-23
Digital Currency Address - ETH,0x43fa21d92141BA9db43052492E0DeEE5aa5f0A93,0x43fa21d92141ba9db43052492e0deee5aa5f0a93,44718,Semenov Roman,Unknown,DPRK3,2023-08-23
Digital Currency Address - ETH,0x6be0ae71e6c41f2f9d0d1a3b8d0f75e6f6a0b46e,0x6be0ae71e6c41f2f9d0d1a3b8d0f75e6f6a0b46e,44718,Semenov Roman,Unknown,DPRK3,2023-08-23
Digital Currency Address - XBT,1Ljk8RNNabkZ9bfDYQBn98XfFozJhTjqcZ,,45188,Zhdanova Ekaterina Valeryevna,Unknown,RUSSIA-EO14024,2023-11-03
Digital Currency Address - XBT,3685sEusmTwZBiKJ4cgV73EAhpVD1nbgbe,,45188,Zhdanova Ekaterina Valeryevna,Unknown,RUSSIA-EO14024,2023-11-03
Digital Currency Address - XBT,39p8qWp1bkBNhi4vPpFTetKPtH7goqNDZf,,45188,Zhdanova Ekaterina Valeryevna,Unknown,RUSSIA-EO14024,2023-11-03
Digital Currency Address - USDT,TEFph7dZoUN5233cGEzF6XFwRpjPF8fQDS,0x2f04f39923a77430eca036e14ce44dbd11175747,45213,Gambashidze Ilya Andreevich Гамбашидзе Илья Андреевич,Unknown,RUSSIA-EO14024,2024-03-20
Digital Currency Address - USDT,TMGLqRQ4twjW8wJhVH1mQR7nUThpGHUsN3,0x7be6fe8c528273a3a072a538e12c08500bf4d328,45213,Gambashidze Ilya Andreevich Гамбашидзе Илья Андреевич,Unknown,RUSSIA-EO14024,2024-03-20
Digital Currency Address - XBT,3B7S6zrgxQVQUHTU8wstM23tB9afE7ojuX,,45312,Shen Xingbiao 沈 兴标,Unknown,ILLICIT-DRUGS-EO14059,2023-10-03
Digital Currency Address - ETH,0x530a64c0ce595026a4a556b703644228179e2d57,0x530a64c0ce595026a4a556b703644228179e2d57,45312,Shen Xingbiao 沈 兴标,Unknown,ILLICIT-DRUGS-EO14059,2023-10-03
Digital Currency Address - USDT,TEAqwfMhXLaomXhZ8KeMhx3njGmQEDnsUR,0x2e13ea767da12f504ceaaaebe5950488498dc2d2,45312,Shen Xingbiao 沈 兴标,Unknown,ILLICIT-DRUGS-EO14059,2023-10-03
Digital Currency Address - XBT,bc1qardcxz845jw83vgfvcmewhuxa0ag9gchjwmcfd,,45314,"Valerian Labs, Inc.",Unknown,ILLICIT-DRUGS-EO14059,2023-10-03
Digital Currency Address - ETH,0x983a81ca6FB1e441266D2FbcB7D8E530AC2E05A2,0x983a81ca6fb1e441266d2fbcb7d8e530ac2e05a2,45314,"Valerian Labs, Inc.",Unknown,ILLICIT-DRUGS-EO14059,2023-10-03
Digital Currency Address - USDT,0x983a81ca6FB1e441266D2FbcB7D8E530AC2E05A2,0x983a81ca6fb1e441266d2fbcb7d8e530ac2e05a2,45314,"Valerian Labs, Inc.",Unknown,ILLICIT-DRUGS-EO14059,2023-10-03
Digital Currency Address - USDC,0x983a81ca6FB1e441266D2FbcB7D8E530AC2E05A2,0x983a81ca6fb1e441266d2fbcb7d8e530ac2e05a2,45314,"Valerian Labs, Inc.",Unknown,ILLICIT-DRUGS-EO14059,2023-10-03
Digital Currency Address - XBT,3NNcbBcMZokPB2JC2dxYuZrpgcetvyGeJn,,45349,Wang Jiantong 王 建通,Unknown,ILLICIT-DRUGS-EO14059,2023-10-03
Digital Currency Address - TRX,TMStbg5fgb4uTV7fK1gEYF9hKAzP3siPsG,0x7de5ab1914e241177344936dc33b4a8157c98248,45349,Wang Jiantong 王 建通,Unknown,ILLICIT-DRUGS-EO14059,2023-10-03
Digital Currency Address - XBT,38TftW1heYPqvKbiAhT4ttNBqkUPpooXad,,45350,Xia Fengbing 夏 凤兵,Unknown,ILLICIT-DRUGS-EO14059,2023-10-03
Digital Currency Address - XBT,bc1qkfqh5p2qsakseg5gnwen6zh5xf3elmku2xaup29mw3l0wnncy3es880dss,,45350,Xia Fengbing 夏 凤兵,Unknown,ILLICIT-DRUGS-EO14059,2023-10-03
Digital Currency Address - TRX,TTKnV2S1295UrPr7N67Tp9ykNL7xX2Z4Uj,0xbe5e683633ddd17d8a89b4e10860a0e426c5ed24,45350,Xia Fengbing 夏 凤兵,Unknown,ILLICIT-DRUGS-EO14059,2023-10-03
Digital Currency Address - XBT,3NU9zkD8CCVGVmYnNNSN7PbU9sSFQBm5UV,,45391,Zhang Wei 张 伟,Unknown,ILLICIT-DRUGS-EO14059,2023-10-03
Digital Currency Address - TRX,TRBACioxdrdsYEZHvJWiUDZcMdBPpEe5Ub,0xa6cc8ab881debc3c9e8adb32549d0cbe614168c5,45391,Zhang Wei 张 伟,Unknown,ILLICIT-DRUGS-EO14059,2023-10-03
Digital Currency Address - ETH,0x961c5be54a2ffc17cf4cb021d863c42dacd47fc1,0x961c5be54a2ffc17cf4cb021d863c42dacd47fc1,45391,Zhang Wei 张 伟,Unknown,ILLICIT-DRUGS-EO14059,2023-10-03
Digital Currency Address - XBT,1MLPqwaFFUBZePTjpR3nxRoK19Cv9mPCc7,,45404,Wang Mingming 王 明明,Unknown,ILLICIT-DRUGS-EO14059,2023-10-03
Digital Currency Address - XBT,3HePkztPU6UsdENxnyQHFrdZA6eVKeMtvz,,45404,Wang Mingming 王 明明,Unknown,ILLICIT-DRUGS-EO14059,2023-10-03
Digital Currency Address - XBT,TUCsTq7TofTCJRRoHk6RvhMoS2mJLm5Yzq,0xc807c718738a0e3a4c8c510182429f6aa56117e5,45404,Wang Mingming 王 明明,Unknown,ILLICIT-DRUGS-EO14059,2023-10-03
Digital Currency Address - USDT,0xfac583c0cf07ea434052c49115a4682172ab6b4f,0xfac583c0cf07ea434052c49115a4682172ab6b4f,45404,Wang Mingming 王 明明,Unknown,ILLICIT-DRUGS-EO14059,2023-10-03
Digital Currency Address - XBT,19D1iGzDr7FyAdiy3ZZdxMd6ttHj1kj6WW,,45678,Buy Cash Money and Money Transfer Company باي كاش للصرافة والحوالات المالية,Unknown,SDGT,2023-10-18
Digital Currency Address - ETH,0xE950DC316b836e4EeFb8308bf32Bf7C72a1358FF,0xe950dc316b836e4eefb8308bf32bf7c72a1358ff,47635,Gaza Now غزة الآن,Unknown,SDGT,2024-03-27
Digital Currency Address - ETH,0x21B8d56BDA776bbE68655A16895afd96F5534feD,0x21b8d56bda776bbe68655a16895afd96f5534fed,47635,Gaza Now غزة الآن,Unknown,SDGT,2024-03-27
Digital Currency Address - XBT,3Q8H2ZWMtc4R1M3mkmhnTjCoYKTeCFigDP,,47635,Gaza Now غزة الآن,Unknown,SDGT,2024-03-27
Digital Currency Address - USDT,TTgcTTNbNuFdbrhvbjMZVrdU5KALyzDaPw,0xc24ec5a84cae3d3418b34a1e30b3372c4b25bd0f,47635,Gaza Now غزة الآن,Unknown,SDGT,2024-03-27
Digital Currency Address - USDT,TGJVc32ig2u8tQsYMLE7KXHT5NDQroaVNU,0x4576847b1cf999843ba6620815e65a9c5e8a4021,47635,Gaza Now غزة الآن,Unknown,SDGT,2024-03-27
Digital Currency Address - USDT,TXEsK1sEsKjZ1xtHitnyAAoqw3WLdYdRNW,0xe950dc316b836e4eefb8308bf32bf7c72a1358ff,47635,Gaza Now غزة الآن,Unknown,SDGT,2024-03-27
Digital Currency Address - USDT,TH96tFMn8KGiYSLiwcV3E2UiaJc8jmcbz3,0x4ea7eefc2dcb250c1f069ecaf1e2ae3488059ac2,47635,Gaza Now غزة الآن,Unknown,SDGT,2024-03-27
Digital Currency Address - USDT,0x175d44451403Edf28469dF03A9280c1197ADb92c,0x175d44451403edf28469df03a9280c1197adb92c,47635,Gaza Now غزة الآن,Unknown,SDGT,2024-03-27
Digital Currency Address - USDT,TC4VsFHJdZ66BdwobZxkudVZBVmQZgCP65,0x16f068ea913a912c62114a873b678b1aa9236585,47664,Ansarallah,Unknown,FTO; SDGT,2024-02-16
Digital Currency Address - USDT,TQ5mpZPbQMSq2s1vSM3RJgiB1AsTsiTpFZ,0x9acfa7136bd9ee19fc2c4517e2033705262f938c,47664,Ansarallah,Unknown,FTO; SDGT,2024-02-16
Digital Currency Address - USDT,TXEaKf4rT3rMoD3Vuqnuhwr6vLq6BL5t33,0xe942adb085bdc3cd49ad2ddaea53934f12a7e0a5,47664,Ansarallah,Unknown,FTO; SDGT,2024-02-16
Digital Currency Address - USDT,TGUPpmW2bAnMCLe5ih2CFisfCHk4gTFDsx,0x4755da10f30da425a1b5f12166bec82600c48c79,47664,Ansarallah,Unknown,FTO; SDGT,2024-02-16
Digital Currency Address - USDT,TDwN1Eq62bqvVhfGAjdRRJjE46jsi5KNMV,0x2b872fc6d0614e39150d078db0e2ff56650f2b4b,47664,Ansarallah,Unknown,FTO; SDGT,2024-02-16
Digital Currency Address - USDT,TM6Kix9wH8cYQ4rLpFifsQ4ddH3rPX3f8p,0x7a01e8268bbb7b5b7403b673aa0b9d7b36f651aa,47664,Ansarallah,Unknown,FTO; SDGT,2024-02-16
Digital Currency Address - USDT,TDprk9jeYPVm6khkBp1u7fwuyJcEJFrPWD,0x2a4c4406a0495116aa880c57486cb876658d8aa1,47664,Ansarallah,Unknown,FTO; SDGT,2024-02-16
Digital Currency Address - USDT,TVn4q7L4fKEPbygi7UHq1CKfZxtbeuMV5q,0xd9471e6c644756e845e4a10260362ab9a3a9845a,47664,Ansarallah,Unknown,FTO; SDGT,2024-02-16
Digital Currency Address - XBT,18gaXypKj9M23S2zT9qZfL9iPbLFM372Q5,,47680,Sungatov Artur Ravilevich,Unknown,CYBER2,2024-02-20
Digital Currency Address - XBT,bc1q5jqgm7nvrhaw2rh2vk0dk8e4gg5g373g0vz07r,,47682,Kondratiev Ivan Gennadievich Кондратьев Иван Геннадьевич,Unknown,CYBER2,2024-02-20
Digital Currency Address - XBT,32pTjxTNi7snk8sodrgfmdKao3DEn1nVJM,,47682,Kondratiev Ivan Gennadievich Кондратьев Иван Геннадьевич,Unknown,CYBER2,2024-02-20
Digital Currency Address - XBT,15cRqR3TXS1JehBGWERuxFE8NhWZzfoeeU,,47682,Kondratiev Ivan Gennadievich Кондратьев Иван Геннадьевич,Unknown,CYBER2,2024-02-20
Digital Currency Address - XBT,1A7SKE2dQtezLktCY8peLsdAtkqxV9r1dC,,47682,Kondratiev Ivan Gennadievich Кондратьев Иван Геннадьевич,Unknown,CYBER2,2024-02-20
Digital Currency Address - XBT,bc1q8ew45w2agdffrnwp6adt2gqrc9n4mkev9ns29c,,47682,Kondratiev Ivan Gennadievich Кондратьев Иван Геннадьевич,Unknown,CYBER2,2024-02-20
Digital Currency Address - XBT,bc1qagp0gy58v8hqvw4p2wsphcxg067rrppp45hexr,,47682,Kondratiev Ivan Gennadievich Кондратьев Иван Геннадьевич,Unknown,CYBER2,2024-02-20
Digital Currency Address - XBT,bc1qn6segn8km4nfdp9vueu6msfjsaxaqgun9h60n9,,47682,Kondratiev Ivan Gennadievich Кондратьев Иван Геннадьевич,Unknown,CYBER2,2024-02-20
Digital Currency Address - ETH,0xf3701f445b6bdafedbca97d1e477357839e4120d,0xf3701f445b6bdafedbca97d1e477357839e4120d,47682,Kondratiev Ivan Gennadievich Кондратьев Иван Геннадьевич,Unknown,CYBER2,2024-02-20
Digital Currency Address - XBT,bc1qx9upga7f09tsetqf78wa3qrmcjar58mkwz6ng6,,47682,Kondratiev Ivan Gennadievich Кондратьев Иван Геннадьевич,Unknown,CYBER2,2024-02-20
Digital Currency Address - USDT,TWBAPzpPiZarfVsY2BLXeaLhNHurn4wkWG,0xdda5554510366179ddb442b8a82bc737c3ac77c5,48302,AL-LAW Tawfiq Muhammad Sa'id,Unknown,SDGT,2024-03-26
Digital Currency Address - ETH,0x19F8f2B0915Daa12a3f5C9CF01dF9E24D53794F7,0x19f8f2b0915daa12a3f5c9cf01df9e24d53794f7,48432,OKO DESIGN BUREAU ОКО Конструкторское Бюро,Unknown,RUSSIA-EO14024,2024-05-01
Digital Currency Address - TRX,TFdTr9C3BqQrzKBXqSxJfAZFTh8UwBAfSg,0x3e14d41891a30ac7473556d7c3256a5ddf9ef1aa,48432,OKO DESIGN BUREAU ОКО Конструкторское Бюро,Unknown,RUSSIA-EO14024,2024-05-01
Digital Currency Address - XBT,13fhnkmpBBWXUQucJd6efWvXdEj78DKavk,,48432,OKO DESIGN BUREAU ОКО Конструкторское Бюро,Unknown,RUSSIA-EO14024,2024-05-01
Digital Currency Address - XBT,bc1qvhnfknw852ephxyc5hm4q520zmvf9maphetc9z,,48603,Khoroshev Dmitry Yuryevich,Unknown,CYBER2,2024-05-07
Digital Currency Address - USDT,TLM3zA3EWycoDX4ZX4gKze7sgfbdkntTum,0x71d2e218a56a1c0c12e1ff4b4c2731a1c3a4f4ce,50110,OBSHCHESTVO S OGRANICHENNOI OTVETSTVENNOSTYU KONSTRUKTORSKOE BYURO VOSTOK ОБЩЕСТВО С ОГРАНИЧЕННОЙ ОТВЕТСТВЕННОСТЬЮ КОНСТРУКТОРСКОЕ БЮРО ВОСТОК,Unknown,RUSSIA-EO14024,2024-08-23
Digital Currency Address - XBT,13JtX4h7G5ZuNK5mFudKGq9DHLvvMFuNuz,,50641,Cryptex,Unknown,CYBER2; RUSSIA-EO14024,2024-09-26
Digital Currency Address - TRX,TTUDyVhhpCC1xJoPmWzdjLAzeoPwbSABdr,0xbff703730a21167e430ff151128592a98786b9b4,50641,Cryptex,Unknown,CYBER2; RUSSIA-EO14024,2024-09-26
Digital Currency Address - ETH,0x0931cA4D13BB4ba75D9B7132AB690265D749a5E7,0x0931ca4d13bb4ba75d9b7132ab690265d749a5e7,50641,Cryptex,Unknown,CYBER2; RUSSIA-EO14024,2024-09-26
Digital Currency Address - LTC,M8yFL6SFC6TreATegTyuSYkDfDRbisdpT3,,50641,Cryptex,Unknown,CYBER2; RUSSIA-EO14024,2024-09-26
Digital Currency Address - XBT,3NEcQKZ8RwL2eDNhmMPpZ4td9vPsQh9JwM,,50867,Huang Xiaojun 黄 晓君,Unknown,ILLICIT-DRUGS-EO14059,2025-09-03
Digital Currency Address - ETH,0x1999ef52700c34de7ec2b68a28aafb37db0c5ade,0x1999ef52700c34de7ec2b68a28aafb37db0c5ade,52071,Magomedov Khadzhi Murat Dalgatovich,Unknown,RUSSIA-EO14024,2024-12-04
Digital Currency Address - USDT,TDdbRFoBTEmE3qiR69Y6rKRSG1hoF65QaE,0x282ae5965fe400f3cb929182e0963f3794df01fc,52074,Chirkinyan Elena,Unknown,RUSSIA-EO14024,2024-12-04
Digital Currency Address - XBT,1M5N4sJ1NHb4fviLVZA5MZLKhLZqU4CPZz,,52830,Zservers,Unknown,CYBER3,2025-02-11
Digital Currency Address - XBT,1Gekw8ACSs37oXcc5XQHvoux3iKoVFtpF4,,52830,Zservers,Unknown,CYBER3,2025-02-11
Digital Currency Address - XBT,bc1q4yzd2rjmshm8ucrwy6dzj5rna20j0zlf8hf8vz,,52830,Zservers,Unknown,CYBER3,2025-02-11
Digital Currency Address - XBT,3FfRvC3kSo2SxiQe5e7SSuNdegwgq8iusL,,52832,Mishin Alexander Igorevich Мишин Александр Игоревич,Unknown,CYBER3,2025-02-11
Digital Currency Address - XBT,bc1q3q2lz3cmt4u2f49ugxz5q34xrs0m2z4w2gmkp5,,53033,Parsarad Behrouz پارسا راد بهروز,Unknown,ILLICIT-DRUGS-EO14059,2025-03-04
Digital Currency Address - XBT,bc1qj2ffj6pepc80sfqpx2k2pd3q278q72dpqv2ens,,53033,Parsarad Behrouz پارسا راد بهروز,Unknown,ILLICIT-DRUGS-EO14059,2025-03-04
Digital Currency Address - XBT,bc1qjwr3rgww7a8ut7a4x8jqh3vswcue3xvp6dm7qe,,53033,Parsarad Behrouz پارسا راد بهروز,Unknown,ILLICIT-DRUGS-EO14059,2025-03-04
Digital Currency Address - XBT,bc1qvxlwpgcw260sc97a0u6dm0cjxv027clhd67fvx,,53033,Parsarad Behrouz پارسا راد بهروز,Unknown,ILLICIT-DRUGS-EO14059,2025-03-04
Digital Currency Address - XBT,bc1qwtswqzvaxl6lyw3keqqzwt8z937psta3wg9sjy,,53033,Parsarad Behrouz پارسا راد بهروز,Unknown,ILLICIT-DRUGS-EO14059,2025-03-04
Digital Currency Address - XBT,bc1qyqvyupkpl6tm60zdecef925y220ssjuagpxsm0,,53033,Parsarad Behrouz پارسا راد بهروز,Unknown,ILLICIT-DRUGS-EO14059,2025-03-04
Digital Currency Address - XBT,bc1q45cxufu7x6s5v9adzm9t38k80gwawse75xffwe,,53033,Parsarad Behrouz پارسا راد بهروز,Unknown,ILLICIT-DRUGS-EO14059,2025-03-04
Digital Currency Address - XBT,bc1qmzmx8res2fgzd2wttyvf2ajqqqtcnxxrgkqc2t,,53033,Parsarad Behrouz پارسا راد بهروز,Unknown,ILLICIT-DRUGS-EO14059,2025-03-04
Digital Currency Address - XBT,bc1qtnr3t28ltzgsuvr9j6ruqaat6fz773mm8wr02l,,53033,Parsarad Behrouz پارسا راد بهروز,Unknown,ILLICIT-DRUGS-EO14059,2025-03-04
Digital Currency Address - XBT,bc1q6rzzf4erht8v7kgh5mfnwcrvzxchxt5glpsuls,,53033,Parsarad Behrouz پارسا راد بهروز,Unknown,ILLICIT-DRUGS-EO14059,2025-03-04
Digital Currency Address - XBT,bc1qr4fd3glpnthkefcylhnxk4gp47jsd0523ue7qj,,53033,Parsarad Behrouz پارسا راد بهروز,Unknown,ILLICIT-DRUGS-EO14059,2025-03-04
Digital Currency Address - XBT,bc1q2c3vwu7wxq308lsun24rjlsh6ff0x8whx55v4q,,53033,Parsarad Behrouz پارسا راد بهروز,Unknown,ILLICIT-DRUGS-EO14059,2025-03-04
Digital Currency Address - XBT,bc1qwyye7frjufeth0pecvaf3hz67lakt028dezv3p,,53033,Parsarad Behrouz پارسا راد بهروز,Unknown,ILLICIT-DRUGS-EO14059,2025-03-04
Digital Currency Address - XBT,bc1qhsp4kffl5pmsae43st9jufagu6uy7lsa6mslla,,53033,Parsarad Behrouz پارسا راد بهروز,Unknown,ILLICIT-DRUGS-EO14059,2025-03-04
Digital Currency Address - XBT,bc1qlhh94040d8nxkstf4l7720q72f2vntxxl96m4d,,53033,Parsarad Behrouz پارسا راد بهروز,Unknown,ILLICIT-DRUGS-EO14059,2025-03-04
Digital Currency Address - XBT,bc1qdzgee6h4zjwvn8lyzjxgd467zxnshelqkudh7z,,53033,Parsarad Behrouz پارسا راد بهروز,Unknown,ILLICIT-DRUGS-EO14059,2025-03-04
Digital Currency Address - XBT,bc1q97eg4k2juepa3smpac4pnfjsnyws696c290cxq,,53033,Parsarad Behrouz پارسا راد بهروز,Unknown,ILLICIT-DRUGS-EO14059,2025-03-04
Digital Currency Address - XBT,bc1qu3e9sq8cem759umc3pywlsly3rr2qvjlxfnn9l,,53033,Parsarad Behrouz پارسا راد بهروز,Unknown,ILLICIT-DRUGS-EO14059,2025-03-04
Digital Currency Address - XBT,bc1qa4jp7udkn2ycecz8289jfs3vpnqdwf4483d3qe,,53033,Parsarad Behrouz پارسا راد بهروز,Unknown,ILLICIT-DRUGS-EO14059,2025-03-04
Digital Currency Address - XBT,bc1qxp3sxw4q2rw3u9pd2k7udhp4eagc77jqcezv4q,,53033,Parsarad Behrouz پارسا راد بهروز,Unknown,ILLICIT-DRUGS-EO14059,2025-03-04
Digital Currency Address - XBT,bc1q7d46dvuv56kn4mm0jz3yep6xj74kxcpydt5te4,,53033,Parsarad Behrouz پارسا راد بهروز,Unknown,ILLICIT-DRUGS-EO14059,2025-03-04
Digital Currency Address - XBT,bc1qetqqlgvlnzdh4eshz9q6twlpdtmvy5rfkn3lza,,53033,Parsarad Behrouz پارسا راد بهروز,Unknown,ILLICIT-DRUGS-EO14059,2025-03-04
Digital Currency Address - XBT,bc1qtrh9z4ls2s2mflyhc5y0mtxt0y30n87c97z4qp,,53033,Parsarad Behrouz پارسا راد بهروز,Unknown,ILLICIT-DRUGS-EO14059,2025-03-04
Digital Currency Address - XBT,bc1qr2tgu4almsw9ajqfwz93qw0xc8w2g72xpyzqvn,,53033,Parsarad Behrouz پارسا راد بهروز,Unknown,ILLICIT-DRUGS-EO14059,2025-03-04
Digital Currency Address - XBT,bc1qzqqdvukupr0qr5uckn2zjn40mkflnxu8fuuqdp,,53033,Parsarad Behrouz پارسا راد بهروز,Unknown,ILLICIT-DRUGS-EO14059,2025-03-04
Digital Currency Address - XBT,bc1q6yz2q723helcd7rz7xltw5nu77vn649zczklc3,,53033,Parsarad Behrouz پارسا راد بهروز,Unknown,ILLICIT-DRUGS-EO14059,2025-03-04
Digital Currency Address - XBT,bc1qfpdycqpkl5hvxg4feuk3nhde5h8t2zd89svsg9,,53033,Parsarad Behrouz پارسا راد بهروز,Unknown,ILLICIT-DRUGS-EO14059,2025-03-04
Digital Currency Address - XBT,bc1qhe6zy9x6ar42zkec3lhkms5m7hh3svtc88qhf6,,53033,Parsarad Behrouz پارسا راد بهروز,Unknown,ILLICIT-DRUGS-EO14059,2025-03-04
Digital Currency Address - XBT,bc1qptrvdk8uv8shd734tyhyzatrvmlq9l0v6r0dc2,,53033,Parsarad Behrouz پارسا راد بهروز,Unknown,ILLICIT-DRUGS-EO14059,2025-03-04
Digital Currency Address - XBT,bc1qcp6fr7gtyukympl6unr7uv78h3vprycwj455zx,,53033,Parsarad Behrouz پارسا راد بهروز,Unknown,ILLICIT-DRUGS-EO14059,2025-03-04
Digital Currency Address - XBT,bc1q8p5r6wdx7leuekulnlglapy2wlwxgukpe76mys,,53033,Parsarad Behrouz پارسا راد بهروز,Unknown,ILLICIT-DRUGS-EO14059,2025-03-04
Digital Currency Address - XBT,bc1q7qsruzjsed9sy6taqz2m5rvljsmleg2xl7dz5r,,53033,Parsarad Behrouz پارسا راد بهروز,Unknown,ILLICIT-DRUGS-EO14059,2025-03-04
Digital Currency Address - XBT,bc1q3tan207evu5skk2wj80ycyw242g0kdnn3hs3x0,,53033,Parsarad Behrouz پارسا راد بهروز,Unknown,ILLICIT-DRUGS-EO14059,2025-03-04
Digital Currency Address - XBT,bc1q4sqmmyv63g6ma5cmswzap3d8k995h0str69v3t,,53033,Parsarad Behrouz پارسا راد بهروز,Unknown,ILLICIT-DRUGS-EO14059,2025-03-04
Digital Currency Address - XBT,bc1qec85gd576z0phflq2jm8jxlh22tckqj3yru7xs,,53033,Parsarad Behrouz پارسا راد بهروز,Unknown,ILLICIT-DRUGS-EO14059,2025-03-04
Digital Currency Address - XBT,bc1q4qjvgw475a39d8cpcyv5keq39jlmlrq870sn30,,53033,Parsarad Behrouz پارسا راد بهروز,Unknown,ILLICIT-DRUGS-EO14059,2025-03-04
Digital Currency Address - XBT,bc1qmwznjzlhrj3fney3elxkwdpwa72u7eq0ge76dt,,53033,Parsarad Behrouz پارسا راد بهروز,Unknown,ILLICIT-DRUGS-EO14059,2025-03-04
Digital Currency Address - XBT,bc1qzcg8y0utezp7zkp2cmqppd3x80l4gpqzew25wy,,53033,Parsarad Behrouz پارسا راد بهروز,Unknown,ILLICIT-DRUGS-EO14059,2025-03-04
Digital Currency Address - XBT,bc1qdd2mumk4rxnygxyn5qhrq6pah6yjmnl3s9mef5,,53033,Parsarad Behrouz پارسا راد بهروز,Unknown,ILLICIT-DRUGS-EO14059,2025-03-04
Digital Currency Address - XBT,bc1qcjh0phl2yy3rxcztfthz9psuvk8trv2qe06p0k,,53033,Parsarad Behrouz پارسا راد بهروز,Unknown,ILLICIT-DRUGS-EO14059,2025-03-04
Digital Currency Address - XBT,3FgaJMgxCfU3qqQ3Yiqv3Xw8rmLDDkByeo,,53033,Parsarad Behrouz پارسا راد بهروز,Unknown,ILLICIT-DRUGS-EO14059,2025-03-04
Digital Currency Address - XBT,3EQoMXw6Xi8zNzY8tLfJbkWjV5EXsQP4Es,,53033,Parsarad Behrouz پارسا راد بهروز,Unknown,ILLICIT-DRUGS-EO14059,2025-03-04
Digital Currency Address - XBT,37KHumAdzFcg1fXMv36UGg91MHPqhJUv19,,53033,Parsarad Behrouz پارسا راد بهروز,Unknown,ILLICIT-DRUGS-EO14059,2025-03-04
Digital Currency Address - XBT,3GBGnqDqdiskCmfq2Rchk1LcBoSo4P3DZQ,,53033,Parsarad Behrouz پارسا راد بهروز,Unknown,ILLICIT-DRUGS-EO14059,2025-03-04
Digital Currency Address - XMR,88wRZuGMuC5YQvXpKpeLFHQeZWW28XtGyZCizkqeypTaRcjzNNKVrCg7PpoEeWaj5A7wwbh5M2X9ycXrfUkbeptACsG4bVn,,53033,Parsarad Behrouz پارسا راد بهروز,Unknown,ILLICIT-DRUGS-EO14059,2025-03-04
Digital Currency Address - XMR,8ANG5NBnApL94YAKRfCSaS7g2fjEi1DWVcFNTn3wQ5HpfsgtnusgxaXE24bbhXukTgF8esRnMsWaReRiqNbSBSbmRE5Nm5M,,53033,Parsarad Behrouz پارسا راد بهروز,Unknown,ILLICIT-DRUGS-EO14059,2025-03-04
Digital Currency Address - XMR,84AwzjeFWXNEuhj8LWinXo93AqYr6wS8ZcnaBCoGhrL7EtvBMBovdhiUSV9xLhjrPA8t64hYSaMc8bHtWXoV9129EHUjU62,,53033,Parsarad Behrouz پارسا راد بهروز,Unknown,ILLICIT-DRUGS-EO14059,2025-03-04
Digital Currency Address - XMR,87XWTP9tBECHXCwbyMK1KENoy4GeXkRviNzmhNc5Pvo5ExZ1QXjtRRyFeXPuHf7fNiS7KzBZNJeGweJhMbFB647171y66id,,53033,Parsarad Behrouz پارسا راد بهروز,Unknown,ILLICIT-DRUGS-EO14059,2025-03-04
Digital Currency Address - XMR,86ze8c9oUftDSTxzFBhfSJYpjvw6GYkqjeEaggy3hBVL1ou2tk79DfSj5YiZ3wjDHp541tizcQ8bVCxCtVHQncuc3asa8wz,,53033,Parsarad Behrouz پارسا راد بهروز,Unknown,ILLICIT-DRUGS-EO14059,2025-03-04
Digital Currency Address - ETH,0xd5ED34b52AC4ab84d8FA8A231a3218bbF01Ed510,0xd5ed34b52ac4ab84d8fa8a231a3218bbf01ed510,53953,Funnull Technology Inc,Unknown,CYBER3,2025-05-29
Digital Currency Address - TRX,TNmRfnSUXZoWWzxcDDbf95eGQYXt1mJDt8,0x8c5f37d4db13967643e33d5404f66f86569221ca,53953,Funnull Technology Inc,Unknown,CYBER3,2025-05-29
Digital Currency Address - XBT,18dLDAWi8LmrHbEq3QzDJb9SLxCf4uimXB,,53994,Volosovik Aleksandr Aleksandrovich,Unknown,CAATSA - RUSSIA; CYBER4,2025-11-19
Digital Currency Address - TRX,TU4tDFRvcKhAZ1jdihojmBWZqvJhQCnJ4F,0xc685132e908cce284c063415ea353af5f555c6c6,54566,Aeza Group LLC,Unknown,CAATSA - RUSSIA; CYBER4,2025-07-01
Digital Currency Address - TRX,TL1k1U6SHohxBqb68kCodxHc9y2LXoDSep,0x6e2bf91ff62095e759301a1e46df3278f7d6bf07,55045,Grinex,Unknown,CYBER4,2025-08-14
Digital Currency Address - TRX,TNZxGWCwvsHr6JxQxzoeDXV597Yf7Zb7nV,0x8a33c4dccc7e840e536c1abc9af4612f876f54de,55045,Grinex,Unknown,CYBER4,2025-08-14
Digital Currency Address - TRX,TC8axQvzJEVR3NKN6mZnJtGy7537GEmh38,0x17b65262f73d2a8668dededc6a40274c3e0ea058,55045,Grinex,Unknown,CYBER4,2025-08-14
Digital Currency Address - TRX,TEcuHDQthTmULe8fFLUccBPpjfXaTmJuuD,0x3301843d4d8c3314706a6526940bc2a38ed29475,55045,Grinex,Unknown,CYBER4,2025-08-14
Digital Currency Address - TRX,TAYhjpL8pPs8T84FSM329nffQpc6jD8GBM,0x0655b7211f302b42a7bfa16a6c45284ab82fd85b,55045,Grinex,Unknown,CYBER4,2025-08-14
Digital Currency Address - TRX,TMuCgBejD5RsNANZdjGtaM3YyKGNgDoy7N,0x82df92ebaa039dd6c9e0689390d7298a5ca1f59c,55045,Grinex,Unknown,CYBER4,2025-08-14
Digital Currency Address - TRX,TGckaiamj5NzaYx6Qp6Zu7kahuHArzUo99,0x48ea81d8db01cc3f551be8ecc8627b5a803eb075,55045,Grinex,Unknown,CYBER4,2025-08-14
Digital Currency Address - ETH,0x12de548F79a50D2bd05481C8515C1eF5183666a9,0x12de548f79a50d2bd05481c8515c1ef5183666a9,55046,Old Vector LLC,Unknown,CYBER4,2025-08-14
Digital Currency Address - TRX,TCFD8N3vM5b4Gr5f1kkajQsodRVNyyAq1d,0x18f703184349667cdae85a07e7f2efac36052b89,55046,Old Vector LLC,Unknown,CYBER4,2025-08-14
Digital Currency Address - XBT,1HmqvgSXUVES1jn4TQPzk9dxo1NE8wim2T,,55065,Andreyev Vitaliy Sergeyevich Андреев Виталий Сергеевич,Unknown,DPRK2,2025-08-27
Digital Currency Address - TRX,TDFtJtyLPgN3oWUoHh23oJox3T5V5nR11K,0x240fd853e1509a975bd95348d49c923fb0b5d43c,55447,Sayyed Sadiq Abbas Habib,Unknown,ILLICIT-DRUGS-EO14059,2025-09-24
Digital Currency Address - TRX,TSxAAo67VTDgKT537EVXxdogkJtk9c6ojz,0xba475bb43ee21013fd14c85e2c74b24bcf5a54c1,55484,DERAKHSHAN Alireza درخشان علیرضا,Unknown,IFSR; SDGT,2025-09-16
Digital Currency Address - ETH,0xdb2720ebad55399117ddb4c4a4afd9a4ccada8fe,0xdb2720ebad55399117ddb4c4a4afd9a4ccada8fe,55484,DERAKHSHAN Alireza درخشان علیرضا,Unknown,IFSR; SDGT,2025-09-16
Digital Currency Address - TRX,TYDUutYN4YLKUPeT7TG27Yyqw6kNVLq9QZ,0xf405df57cc3a2df4dd262b6494d76e346ca778f1,55502,ALIVAND Arash Estaki,Unknown,IFSR; SDGT,2025-09-16
Digital Currency Address - TRX,TRakpsE1mZjCUMNPyozR4BW2ZtJsF7ZWFN,0xab4302cfcf1c2337c1b59af1d23bd97189fe962c,55502,ALIVAND Arash Estaki,Unknown,IFSR; SDGT,2025-09-16
Digital Currency Address - ETH,0xe3d35f68383732649669aa990832e017340dbca5,0xe3d35f68383732649669aa990832e017340dbca5,55502,ALIVAND Arash Estaki,Unknown,IFSR; SDGT,2025-09-16
Digital Currency Address - ETH,0x532b77b33a040587e9fd1800088225f99b8b0e8a,0x532b77b33a040587e9fd1800088225f99b8b0e8a,55502,ALIVAND Arash Estaki,Unknown,IFSR; SDGT,2025-09-16
Digital Currency Address - TRX,TQ5H49Wz3K57zNHmuXVp6uLzFwitxviABs,0x9ab7a3e606677ddf6f3538dd4472ec770c282b3e,55502,ALIVAND Arash Estaki,Unknown,IFSR; SDGT,2025-09-16
Digital Currency Address - XBT,bc1qeth6n6ryxexvkx34wnx3nuynun4474h3j0gkhw,,55505,Chen Zhi 陈 志,Unknown,TCO,2025-10-14
Digital Currency Address - XBT,bc1q2we5eqjj8je6lz9xwjattpc3pn4jejc5h0s70f,,55505,Chen Zhi 陈 志,Unknown,TCO,2025-10-14
Digital Currency Address - XBT,bc1qnujzvts45qka3cr2eqqw8ur3q6g6s0ze2wlk5m,,55505,Chen Zhi 陈 志,Unknown,TCO,2025-10-14
Digital Currency Address - XBT,bc1qw4fxztd5u3sl7vrcqwk2a8v5zh5dllvckx3tlt,,55505,Chen Zhi 陈 志,Unknown,TCO,2025-10-14
Digital Currency Address - XBT,3EynPFpoGTPxU9m5bPaEDEUxUanzh7vgQP,,55505,Chen Zhi 陈 志,Unknown,TCO,2025-10-14
Digital Currency Address - XBT,3FoD1f6Tfnq3s8MYHgJqFPWv9cUrtUdBSv,,55505,Chen Zhi 陈 志,Unknown,TCO,2025-10-14
Digital Currency Address - XBT,3MKXKqPXf6VxTLkVSXuDKzaTiZZaz5AmiK,,55505,Chen Zhi 陈 志,Unknown,TCO,2025-10-14
Digital Currency Address - XBT,386sPhHBbLidzPnoxUH74jiiYkHYtobefQ,,55505,Chen Zhi 陈 志,Unknown,TCO,2025-10-14
Digital Currency Address - XBT,35irs2AU6pVgenYbWvMRz22avDBLC9XMkd,,55505,Chen Zhi 陈 志,Unknown,TCO,2025-10-14
Digital Currency Address - XBT,36ia8qAE1k1PKQePdXENCm1YKLXxZyVnnc,,55505,Chen Zhi 陈 志,Unknown,TCO,2025-10-14
Digital Currency Address - XBT,374RguZDMNW5Zh5ouW3KhKDcrerKusmsuk,,55505,Chen Zhi 陈 志,Unknown,TCO,2025-10-14
Digital Currency Address - XBT,3CuqLrZWn5oCe6DRScdRwiFv8txcahrsG3,,55505,Chen Zhi 陈 志,Unknown,TCO,2025-10-14
Digital Currency Address - XBT,3MNWiGeoKAhtTrbJuUXpvSRYJSNvmyJSWE,,55505,Chen Zhi 陈 志,Unknown,TCO,2025-10-14
Digital Currency Address - XBT,39HJB4x6W5QuKFEuV1tfcfNveLRJTzcC12,,55505,Chen Zhi 陈 志,Unknown,TCO,2025-10-14
Digital Currency Address - XBT,3L1PSCgfPKJAfQCZcoKfbvWf1fBmWM1Bbs,,55505,Chen Zhi 陈 志,Unknown,TCO,2025-10-14
Digital Currency Address - XBT,3D44E2Z3PcLa868GeBNiP5E2GPTfVLULUJ,,55505,Chen Zhi 陈 志,Unknown,TCO,2025-10-14
Digital Currency Address - XBT,bc1qnq3pzsw3elkecrw8pqrz70r7zuse6cwyxa6dhc,,55505,Chen Zhi 陈 志,Unknown,TCO,2025-10-14
Digital Currency Address - XBT,bc1qeaxuj8vamvnxqveleaqgmae33x904xuzj836p3,,55505,Chen Zhi 陈 志,Unknown,TCO,2025-10-14
Digital Currency Address - XBT,bc1q66y45cq78ke25kz7rpe94l84avt7zetglzeeqg,,55505,Chen Zhi 陈 志,Unknown,TCO,2025-10-14
Digital Currency Address - XBT,bc1qu8mcqffx3jpdwnap88h85u5l5l0xq97438tz2x,,55505,Chen Zhi 陈 志,Unknown,TCO,2025-10-14
Digital Currency Address - XBT,bc1qw75cxmxz4e2v265mue9wmqgq2m0qdyr25l2ufl,,55505,Chen Zhi 陈 志,Unknown,TCO,2025-10-14
Digital Currency Address - XBT,bc1q7des766x6c0zkycz6dz6rfv066n3fcg4kggtrt,,55505,Chen Zhi 陈 志,Unknown,TCO,2025-10-14
Digital Currency Address - XBT,bc1qlwtksgusw8pp3k3a39mkmwvswujhhgn0ulp3uj,,55505,Chen Zhi 陈 志,Unknown,TCO,2025-10-14
Digital Currency Address - XBT,bc1qu4p4eynzu8vwwcv0yxq74gth00exjyech05uf0,,55505,Chen Zhi 陈 志,Unknown,TCO,2025-10-14
Digital Currency Address - XBT,bc1qw0pswznckx7s6tjmd2f5hrx4q6kc5nyrdxku50,,55505,Chen Zhi 陈 志,Unknown,TCO,2025-10-14
Digital Currency Address - XBT,bc1q9kja7t2zxz0ze4lcgxf0l07pygpc69ws528lj9,,55505,Chen Zhi 陈 志,Unknown,TCO,2025-10-14
Digital Currency Address - XBT,bc1qea942uw640l7nvtf3vplv6jd6wvuy06c58cd4k,,55505,Chen Zhi 陈 志,Unknown,TCO,2025-10-14
Digital Currency Address - XBT,bc1q6qze6uj6jncgnva4eghxn3tr4pm2frh77ad3k9,,55505,Chen Zhi 陈 志,Unknown,TCO,2025-10-14
Digital Currency Address - XBT,bc1qcx8vxxrld2s7qvz64qp75s3508rkzaxj65l60q,,55505,Chen Zhi 陈 志,Unknown,TCO,2025-10-14
Digital Currency Address - TRX,TAoLw5yD5XUoHWeBZRSZ1ExK9HMv2CiPvP,0x091a964948da0f8f638c8b688e391e5a3df1a43e,56357,Wedding Ryan James,Unknown,ILLICIT-DRUGS-EO14059,2025-11-19
Digital Currency Address - TRX,TVNyvx2astt2AB1Us67ENjfMZeEXZeiuu6,0xd4e976441a1cad72ee5cbd2fd1b677fe7ce8afdf,56357,Wedding Ryan James,Unknown,ILLICIT-DRUGS-EO14059,2025-11-19
Digital Currency Address - TRX,TPJ1JNX98MJpHueBJeF5SVSg85z8mYg1P1,0x9227c54226014afcb588dc49818e28a3a2367557,56357,Wedding Ryan James,Unknown,ILLICIT-DRUGS-EO14059,2025-11-19
Digital Currency Address - TRX,TCu5onCzXuqxjvVzdB2tR4FLuF66d4yRqf,0x2020b536fd363c82fc3f6ab26aeea94b4ffa1404,56360,Sokolovski Rolan,Unknown,ILLICIT-DRUGS-EO14059,2025-11-19
Digital Currency Address - TRX,TBcLqqqyZjNj1ptuXFgj5H768NhNU5nDyn,0x11fe0fd1a9fb17746eb9877a396ddf1b3a632838,56360,Sokolovski Rolan,Unknown,ILLICIT-DRUGS-EO14059,2025-11-19
Digital Currency Address - XBT,37fKFZQGMqdBkjSUub1jCDWGgSHwv9VxfZ,,56360,Sokolovski Rolan,Unknown,ILLICIT-DRUGS-EO14059,2025-11-19
Digital Currency Address - XBT,1JPqJ8sxLBvdHBqMqSFBmUkoh2vAuCUNvs,,56360,Sokolovski Rolan,Unknown,ILLICIT-DRUGS-EO14059,2025-11-19
Digital Currency Address - ETH,0x5d5b5dafecbf31bdb08bfd3edad4f2694372d0ef,0x5d5b5dafecbf31bdb08bfd3edad4f2694372d0ef,56360,Sokolovski Rolan,Unknown,ILLICIT-DRUGS-EO14059,2025-11-19
Digital Currency Address - ETH,0xc103b7dc095c904b92081eef0c1640081ec01c10,0xc103b7dc095c904b92081eef0c1640081ec01c10,56360,Sokolovski Rolan,Unknown,ILLICIT-DRUGS-EO14059,2025-11-19
Digital Currency Address - ETH,0xe1e4c5e5ed8f03ae61b581e2def126025f2b9401,0xe1e4c5e5ed8f03ae61b581e2def126025f2b9401,56360,Sokolovski Rolan,Unknown,ILLICIT-DRUGS-EO14059,2025-11-19
Digital Currency Address - SOL,42RLPACwZPx3vYYmxSueqsogfynBDqXK298EDsNoyoHi,,56360,Sokolovski Rolan,Unknown,ILLICIT-DRUGS-EO14059,2025-11-19
Digital Currency Address - TRX,TCA9vmjsYw9MtPKEwRBtGhKFRfr4CLxJAv,0x180242dc6b95c786c2d9c397532c679a956a1d12,56865,Zedcex Exchange Ltd,Unknown,IFSR; IRAN-EO13902; SDGT,2026-01-30
Digital Currency Address - TRX,TGsNFrgWfbGN2gX25Wcf8oTejtxtQkvmEx,0x4bae1c4b2167fe4ebcd6d7baac1138d943a2609f,56865,Zedcex Exchange Ltd,Unknown,IFSR; IRAN-EO13902; SDGT,2026-01-30
Digital Currency Address - TRX,TASWbk6X1wiTku5TMmMQYqYFvshVEtfJy8,0x0529ebc9ff01a4d390f91687d7c7406bf0dab24e,56865,Zedcex Exchange Ltd,Unknown,IFSR; IRAN-EO13902; SDGT,2026-01-30
Digital Currency Address - TRX,TTS9o5KkpGgH8cK9LofLmMAPYb5zfQvSNa,0xbf92b14aa9fd088182178e2ebf208da946521ee5,56865,Zedcex Exchange Ltd,Unknown,IFSR; IRAN-EO13902; SDGT,2026-01-30
Digital Currency Address - TRX,TCzq6m2zxnQkrZrf8cqYcK6bbXQYAfWYKC,0x2136ed3902c1d7217d9b19cf313bbb035ed9bfd7,56865,Zedcex Exchange Ltd,Unknown,IFSR; IRAN-EO13902; SDGT,2026-01-30
Digital Currency Address - TRX,TLvuvpfBKdxddxSsJefeiGCe9eVY8HUroE,0x783a4cc2478f1b44f37052bac72abaa3fc6f992a,56865,Zedcex Exchange Ltd,Unknown,IFSR; IRAN-EO13902; SDGT,2026-01-30
Digital Currency Address - TRX,TNuA5CQ6LB4jTHoNrjEeQZJmcmhQuHMbQ7,0x8dd586d12164a98e319607295935ee968919608e,56865,Zedcex Exchange Ltd,Unknown,IFSR; IRAN-EO13902; SDGT,2026-01-30
Digital Currency Address - ETH,0xb637f84b66876ebf609c2a4208905f9ddac9d075,0xb637f84b66876ebf609c2a4208905f9ddac9d075,57034,Yun Song Guk,Unknown,DPRK4,2026-03-12
Digital Currency Address - ETH,0x95584C303FCd48AF5c6B9873015f2AD0ca84EaE3,0x95584c303fcd48af5c6b9873015f2ad0ca84eae3,57034,Yun Song Guk,Unknown,DPRK4,2026-03-12
Digital Currency Address - XBT,bc1qyy5pt5cx3zth8xlj92lq5y87dh8xv3nwgs4ncq,,57035,Hoang Minh Quang,Unknown,DPRK4,2026-03-12
Digital Currency Address - TRX,TNrX2FwrHKoo4XACGkmSzqeK4pdnKYn6Z7,0x8d55c4306745f05a31af596c6bfa19374073e797,57056,AMNOKGANG TECHNOLOGY DEVELOPMENT COMPANY 압록강기술개발회사 鸭绿江技术开发公司,Unknown,DPRK4,2026-03-12
Digital Currency Address - ETH,0xcB74874f1e06Fcf80A306e06e5379A44B488bA2D,0xcb74874f1e06fcf80a306e06e5379a44b488ba2d,57056,AMNOKGANG TECHNOLOGY DEVELOPMENT COMPANY 압록강기술개발회사 鸭绿江技术开发公司,Unknown,DPRK4,2026-03-12
Digital Currency Address - ETH,0x0330070FD38Ec3bB94F58FA55D40368271E9e54A,0x0330070fd38ec3bb94f58fa55d40368271e9e54a,57056,AMNOKGANG TECHNOLOGY DEVELOPMENT COMPANY 압록강기술개발회사 鸭绿江技术开发公司,Unknown,DPRK4,2026-03-12
Digital Currency Address - ETH,0x9Be599d7867f5E1a2D7Ec6dB9710dF2b98A15573,0x9be599d7867f5e1a2d7ec6db9710df2b98a15573,57056,AMNOKGANG TECHNOLOGY DEVELOPMENT COMPANY 압록강기술개발회사 鸭绿江技术开发公司,Unknown,DPRK4,2026-03-12
Digital Currency Address - TRX,TEEYCuGDyeNkuDj4u6GQRXxXo3Nh29r2vP,0x2ec6c5fe3d7acd8e2e6185c17d9acb136e66f3e0,57056,AMNOKGANG TECHNOLOGY DEVELOPMENT COMPANY 압록강기술개발회사 鸭绿江技术开发公司,Unknown,DPRK4,2026-03-12
Digital Currency Address - TRX,TZB4NrX7k9ZsV6PRc1GigAztLL8WHpLvwP,0xfe88af78cfc99bea57f2fb708489cfc0f0b7f704,57056,AMNOKGANG TECHNOLOGY DEVELOPMENT COMPANY 압록강기술개발회사 鸭绿江技术开发公司,Unknown,DPRK4,2026-03-12
Digital Currency Address - TRX,TDe2UNAvuUnTbbDo7518eMe3TXN5qJW8Ft,0x283fcf7f260da7c3c9aad91beab58882990a66eb,57056,AMNOKGANG TECHNOLOGY DEVELOPMENT COMPANY 압록강기술개발회사 鸭绿江技术开发公司,Unknown,DPRK4,2026-03-12
Digital Currency Address - ETH,0x038989cbb1710c72b9920dc4fa529158f463e72c,0x038989cbb1710c72b9920dc4fa529158f463e72c,57107,Ojeda Aviles Armando de Jesus,Unknown,ILLICIT-DRUGS-EO14059; SDGT,2026-05-20
Digital Currency Address - ETH,0x14779CEC0B117d5194c750C55Ea1f42086631964,0x14779cec0b117d5194c750c55ea1f42086631964,57107,Ojeda Aviles Armando de Jesus,Unknown,ILLICIT-DRUGS-EO14059; SDGT,2026-05-20
Digital Currency Address - ETH,0x32dA24Ca413F3E7B53145D4737e172C3bdF81e3e,0x32da24ca413f3e7b53145d4737e172c3bdf81e3e,57107,Ojeda Aviles Armando de Jesus,Unknown,ILLICIT-DRUGS-EO14059; SDGT,2026-05-20
Digital Currency Address - ETH,0xf2235d55b2950a0b1317469d72d07ae65b2e27cb,0xf2235d55b2950a0b1317469d72d07ae65b2e27cb,57107,Ojeda Aviles Armando de Jesus,Unknown,ILLICIT-DRUGS-EO14059; SDGT,2026-05-20
Digital Currency Address - ETH,0x4F428c11Dc82388fa5136D636e613ad923Eb700B,0x4f428c11dc82388fa5136d636e613ad923eb700b,57107,Ojeda Aviles Armando de Jesus,Unknown,ILLICIT-DRUGS-EO14059; SDGT,2026-05-20
Digital Currency Address - ETH,0xaC4cC4B68ea24BbFAAC8fD127B67Ed445ACcCE22,0xac4cc4b68ea24bbfaac8fd127b67ed445accce22,57118,Alarcon Palomares Rodrigo,Unknown,ILLICIT-DRUGS-EO14059,2026-05-20
Digital Currency Address - TRX,TBXMiRqUp1XH1zLazWu8cWitMAScv4HsYq,0x110cb5c5089fc35ba0deb718a291dd64f6d1bec8,57961,Abderrahmane Miloud,Unknown,SDGT,2026-06-22
Digital Currency Address - TRX,TDFj8tYzfLDkwEMo4MJ2DfrbpMztuCCnan,0x2408302c960af24d6df5dee325b59ac59b2e55ce,57961,Abderrahmane Miloud,Unknown,SDGT,2026-06-22
Digital Currency Address - TRX,TUuaxBAWfA5nmsqNfycxYrzEvz4a5GJMGY,0xcfbb0c9a2a99777b46211b380869f82cf20a635e,57975,First VPN Service,Unknown,CYBER4,2026-07-13
Digital Currency Address - XBT,bc1qdnr88f4d2yqunnc4mjsguezm6g3mlwe44z5dw8,,57975,First VPN Service,Unknown,CYBER4,2026-07-13
Digital Currency Address - XBT,bc1qr4ankqmvmrhce3ydvzse86dfx5s3zhehfr9tg9,,57975,First VPN Service,Unknown,CYBER4,2026-07-13
Digital Currency Address - ETH,0x2711d73d559f62f4f855ee21f38378f528e07985,0x2711d73d559f62f4f855ee21f38378f528e07985,57975,First VPN Service,Unknown,CYBER4,2026-07-13
Digital Currency Address - LTC,ltc1qr8ntsedq8tv0svmxqhzvdcdl5k7kntdmnhwep7,,57975,First VPN Service,Unknown,CYBER4,2026-07-13
Digital Currency Address - XBT,1MTndG4K51RRMvkzyvguaHnQpiMLnxFGzM,,57978,Rashevskyi Dmytro,Unknown,CYBER4,2026-07-13
Digital Currency Address - ETH,0x1d19b52b54e7ef5ea1a4b40b616165e798eac9f8,0x1d19b52b54e7ef5ea1a4b40b616165e798eac9f8,57978,Rashevskyi Dmytro,Unknown,CYBER4,2026-07-13
Digital Currency Address - TRX,TTLRNgLpz5H5tLPuNU4FViUs7zmmAtyvzW,0xbe7d33a802487f0b51e0191dc0c3772fa11a8f70,57978,Rashevskyi Dmytro,Unknown,CYBER4,2026-07-13
Digital Currency Address - SOL,Fc1EwQUZyTEagaDvA1utHXCcZNyG1x2PLt2DfNu1cJdH,,57978,Rashevskyi Dmytro,Unknown,CYBER4,2026-07-13
Digital Currency Address - LTC,LcP1DumXkNJbBtSYD3XxAfsJ2nZR5hLdpM,,57978,Rashevskyi Dmytro,Unknown,CYBER4,2026-07-13
Digital Currency Address - XBT,1DfyWkiXVVqWfcSduj23qTDis9kb2qvRDa,,57978,Rashevskyi Dmytro,Unknown,CYBER4,2026-07-13
Digital Currency Address - DOGE,DHzAVdEoL3PjGeLWNdEJwwMA1CeQ9J9Cpo,,57978,Rashevskyi Dmytro,Unknown,CYBER4,2026-07-13
Digital Currency Address - DASH,XcuGqRfrR85zyDrzVr1gSL5RNjwwpbu2KS,,57978,Rashevskyi Dmytro,Unknown,CYBER4,2026-07-13
Digital Currency Address - ZEC,t1LHesgnkapziGQCJtrfZWYXhyjfTVo1dvh,,57978,Rashevskyi Dmytro,Unknown,CYBER4,2026-07-13
Digital Currency Address - LTC,LbPAqHvemZBv3pvAqiAtDnZ3U1t6EziaL1,,57978,Rashevskyi Dmytro,Unknown,CYBER4,2026-07-13
Digital Currency Address - DOGE,DTqpKQ96rqkTvHcohQQd9BksmgRjasHgGo,,57978,Rashevskyi Dmytro,Unknown,CYBER4,2026-07-13
Digital Currency Address - DASH,XowUeMFa1FkEUnAHL78E5oqpezMfSB6xP1,,57978,Rashevskyi Dmytro,Unknown,CYBER4,2026-07-13
Digital Currency Address - TRX,TBFW9gF4oDX5cG44gS7AoxQeujScmm3z6h,0x0e0d1899d3a6a9362bc215f1c5a9acaccb0de882,57978,Rashevskyi Dmytro,Unknown,CYBER4,2026-07-13
Digital Currency Address - ETH,0x2C7DcD774b33e10367F7d6385479e04F97d179dc,0x2c7dcd774b33e10367f7d6385479e04f97d179dc,57978,Rashevskyi Dmytro,Unknown,CYBER4,2026-07-13
Digital Currency Address - SOL,FuCC7GoYwt5TsNTjWL23Xx9UKCvC18chjMEFPL3vJDCC,,57978,Rashevskyi Dmytro,Unknown,CYBER4,2026-07-13
Digital Currency Address - TRX,TPyE2oSoaysrXfLzwf9wetBVr9JudLwjtD,0x99929eed7638ac0f031a5d925409741f86f98be6,58199,Al-Jebouri Zaid Issam Ahmed الجبوري زيد عصام أحمد,Unknown,SDGT,2026-07-23
Digital Currency Address - TRX,TVgUsVzA7mpFExP4zS7HHbtKti6UuBDuwZ,0xd838b11133085016bc31ca78571067b0d77dc290,58199,Al-Jebouri Zaid Issam Ahmed الجبوري زيد عصام أحمد,Unknown,SDGT,2026-07-23
Digital Currency Address - TRX,TLoG3vbjDgqmTD5bM7w9rMgA6ysaNReuRy,0x76c7c4ff99ab9791d4e358e33a3f51c2c5d3ac8e,58199,Al-Jebouri Zaid Issam Ahmed الجبوري زيد عصام أحمد,Unknown,SDGT,2026-07-23
Digital Currency Address - TRX,TAhHpxPRwo1Bmm1A9m51uZ31tcB7EPq7SY,0x07f57fafbd3055737c778184cdb7b30c65fb7a6e,58199,Al-Jebouri Zaid Issam Ahmed الجبوري زيد عصام أحمد,Unknown,SDGT,2026-07-23
Digital Currency Address - TRX,TScXZTbDjjZ6a6jiC7dZjgCqfNo4vm7atV,0xb690e524695f909e7dac090ff30b1fcfe557f597,58199,Al-Jebouri Zaid Issam Ahmed الجبوري زيد عصام أحمد,Unknown,SDGT,2026-07-23
Digital Currency Address - TRX,TGr2i8ZQiiMRjP3mWyQUH2MQBfKu8GJNqm,0x4b6d60a69a1386992e18f89241d183429ebc3a56,58199,Al-Jebouri Zaid Issam Ahmed الجبوري زيد عصام أحمد,Unknown,SDGT,2026-07-23
Digital Currency Address - TRX,THJUJFyTnrBWb1ijWav7qfRBrjUuKgP49Z,0x506d8d7c56a06723a52fde594638eeda23461d15,58199,Al-Jebouri Zaid Issam Ahmed الجبوري زيد عصام أحمد,Unknown,SDGT,2026-07-23
Digital Currency Address - TRX,TTVJuXWCusAURrpNShiypauagEH1N4CrxV,0xc02b8bcd6cea7162274b939410d466b755553175,58258,CRYPTO HOME DMCC كريبتو هوم م.د.م.س,Unknown,SDGT,2026-08-07
Digital Currency Address - ETH,0xbb69e01921b17cd22080968bcc96ba6115da6062,0xbb69e01921b17cd22080968bcc96ba6115da6062,58258,CRYPTO HOME DMCC كريبتو هوم م.د.م.س,Unknown,SDGT,2026-08-07
Digital Currency Address - XBT,1G1V1b9s9uPsFCNL15ibZk44xsVygKsP2u,,58258,CRYPTO HOME DMCC كريبتو هوم م.د.م.س,Unknown,SDGT,2026-08-07
Digital Currency Address - BNB,bnb136ns6lfw4zs5hg4n85vdthaad7hq5m4gtkgf23,,58258,CRYPTO HOME DMCC كريبتو هوم م.د.م.س,Unknown,SDGT,2026-08-07
Digital Currency Address - ETH,0x8d79c73daae8630c88de372ba8f57592fa987607,0x8d79c73daae8630c88de372ba8f57592fa987607,58284,Kayvanpour Siavash,Unknown,IRGC; SDGT,2026-08-07
Digital Currency Address - TRX,TPgxjjB6AJeMSQFngbUM6dMMxPHa9GEtYa,0x967f32c544b6547f366123927d6dc0a3c6dcdfb9,58284,Kayvanpour Siavash,Unknown,IRGC; SDGT,2026-08-07
Digital Currency Address - XBT,15Zt2mKuQ5Qy6DEXfDcbtsEVneoGQQXrS4,,58284,Kayvanpour Siavash,Unknown,IRGC; SDGT,2026-08-07
Digital Currency Address - XBT,1BUXxhcwzFukm9CUxnhag85sSXDkMRbXse,,58284,Kayvanpour Siavash,Unknown,IRGC; SDGT,2026-08-07
Digital Currency Address - ETH,0xe05f529f5284d75624eba386cb716928c3b54a2a,0xe05f529f5284d75624eba386cb716928c3b54a2a,58287,SHPS Shelbit,Unknown,SDGT,2026-08-07
Digital Currency Address - SOL,6wjqWWra8ombzaw6VHrG5xpQ972jCYF6bbHiFCbWmr4U,,58287,SHPS Shelbit,Unknown,SDGT,2026-08-07
Digital Currency Address - XBT,bc1qjzk63wwatq2f638psymq3qapn00aqgksyx56l3t8eg7zuuccwasq498khf,,58287,SHPS Shelbit,Unknown,SDGT,2026-08-07
Digital Currency Address - TRX,TXN3hVukebhyYR31YPCYd7aJAvmUeXu1ab,0xeaac716a919f3a032a7e5f4d803c799569c32bd4,58287,SHPS Shelbit,Unknown,SDGT,2026-08-07
Digital Currency Address - XBT,bc1qz654h5qcqzalv6ltpxsk4ksdcc3e20wkedqntgnarv3a0t2e2p7scr48pl,,58287,SHPS Shelbit,Unknown,SDGT,2026-08-07
Digital Currency Address - ETH,0x6b69e2a7545c166417a80c61a77562052bffa9c5,0x6b69e2a7545c166417a80c61a77562052bffa9c5,58287,SHPS Shelbit,Unknown,SDGT,2026-08-07
