action_id,action_date,mechanism_type,target_identifier,chain,block_number,ofac_party_name,ofac_party_ref,ofac_symbol,ofac_listed_address,match_basis,ofac_party_type,ofac_programs,ofac_listing_date
CU-ACT-0002,2021-04-21,BLACKLIST,0x7f367cc41522ce07553e823bf3be79a889debe1b,ethereum,12285873,Potekhin Danil Потехин Данил,29584,Digital Currency Address - ETH,0x7F367cC41522cE07553e823bf3be79A889DEbe1B,HEX_IDENTIFIER,Unknown,CYBER2,2020-09-16
CU-ACT-0003,2021-04-21,BLACKLIST,0x1da5821544e25c636c1417ba96ade4cf6d2f9b5a,ethereum,12285873,Secondeye Solution,30518,Digital Currency Address - ETH,0x1da5821544e25c636c1417ba96ade4cf6d2f9b5a,HEX_IDENTIFIER,Unknown,CYBER2; ELECTION-EO13848,2021-04-15
CU-ACT-0004,2021-04-21,BLACKLIST,0x7f19720a857f834887fc9a7bc0a0fbe7fc7f8102,ethereum,12285943,Secondeye Solution,30518,Digital Currency Address - ETH,0x7F19720A857F834887FC9A7bC0a0fBe7Fc7f8102,HEX_IDENTIFIER,Unknown,CYBER2; ELECTION-EO13848,2021-04-15
CU-ACT-0005,2021-04-21,BLACKLIST,0xd882cfc20f52f2599d84b8e8d58c7fb62cfe344b,ethereum,12285943,KARASAVIDI Dmitrii КАРАСАВИДИ Дмитрий,29585,Digital Currency Address - ETH,0xd882cfc20f52f2599d84b8e8d58c7fb62cfe344b,HEX_IDENTIFIER,Unknown,CYBER2,2020-09-16
CU-ACT-0006,2021-04-21,BLACKLIST,0x72a5843cc08275c8171e582972aa4fda8c397b2a,ethereum,12285943,Secondeye Solution,30518,Digital Currency Address - ETH,0x72a5843cc08275C8171E582972Aa4fDa8C397B2A,HEX_IDENTIFIER,Unknown,CYBER2; ELECTION-EO13848,2021-04-15
CU-ACT-0007,2021-04-21,BLACKLIST,0x7db418b5d567a4e0e8c59ad71be1fce48f3e6107,ethereum,12285943,Secondeye Solution,30518,Digital Currency Address - ETH,0x7Db418b5D567A4e0E8c59Ad71BE1FcE48f3E6107,HEX_IDENTIFIER,Unknown,CYBER2; ELECTION-EO13848,2021-04-15
CU-ACT-0008,2021-04-21,BLACKLIST,0x9f4cda013e354b8fc285bf4b9a60460cee7f7ea9,ethereum,12286225,SOUTHFRONT,31212,Digital Currency Address - ETH,0x9f4cda013e354b8fc285bf4b9a60460cee7f7ea9,HEX_IDENTIFIER,Unknown,CYBER2; ELECTION-EO13848; NPWMD,2021-04-15
CU-ACT-0009,2021-09-23,BLACKLIST,0x308ed4b7b49797e1a98d3818bff6fe5385410370,ethereum,13279129,"SUEX OTC, S.R.O.",33151,Digital Currency Address - ETH,0x308ed4b7b49797e1a98d3818bff6fe5385410370,HEX_IDENTIFIER,Unknown,CYBER2,2021-09-21
CU-ACT-0010,2021-09-23,BLACKLIST,0xe7aa314c77f4233c18c6cc84384a9247c0cf367b,ethereum,13279129,"SUEX OTC, S.R.O.",33151,Digital Currency Address - ETH,0xe7aa314c77f4233c18c6cc84384a9247c0cf367b,HEX_IDENTIFIER,Unknown,CYBER2,2021-09-21
CU-ACT-0011,2021-09-23,BLACKLIST,0x2f389ce8bd8ff92de3402ffce4691d17fc4f6535,ethereum,13279135,"SUEX OTC, S.R.O.",33151,Digital Currency Address - ETH,0x2f389ce8bd8ff92de3402ffce4691d17fc4f6535,HEX_IDENTIFIER,Unknown,CYBER2,2021-09-21
CU-ACT-0012,2021-09-23,BLACKLIST,0x19aa5fe80d33a56d56c78e82ea5e50e5d80b4dff,ethereum,13279135,"SUEX OTC, S.R.O.",33151,Digital Currency Address - ETH,0x19aa5fe80d33a56d56c78e82ea5e50e5d80b4dff,HEX_IDENTIFIER,Unknown,CYBER2,2021-09-21
CU-ACT-0013,2021-11-09,BLACKLIST,0x67d40ee1a85bf4a4bb7ffae16de985e8427b6b45,ethereum,13583147,CHATEX,33854,Digital Currency Address - ETH,0x67d40EE1A85bf4a4Bb7Ffae16De985e8427B6b45,HEX_IDENTIFIER,Unknown,CYBER2,2021-11-08
CU-ACT-0014,2021-11-09,BLACKLIST,0xa7e5d5a720f06526557c513402f2e6b5fa20b008,ethereum,13583147,Lifshits Artem Mikhaylovich ЛИФШИЦ Артем Михайлович,29702,Digital Currency Address - ETH,0xa7e5d5a720f06526557c513402f2e6b5fa20b008,HEX_IDENTIFIER,Unknown,CYBER2; ELECTION-EO13848,2020-09-10
CU-ACT-0016,2021-11-09,BLACKLIST,0x3cbded43efdaf0fc77b9c55f6fc9988fcc9b757d,ethereum,13583147,SOUTHFRONT,31212,Digital Currency Address - ETH,0x3cbded43efdaf0fc77b9c55f6fc9988fcc9b757d,HEX_IDENTIFIER,Unknown,CYBER2; ELECTION-EO13848; NPWMD,2021-04-15
CU-ACT-0017,2021-11-09,BLACKLIST,0x6f1ca141a28907f78ebaa64fb83a9088b02a8352,ethereum,13583147,CHATEX,33854,Digital Currency Address - ETH,0x6f1ca141a28907f78ebaa64fb83a9088b02a8352,HEX_IDENTIFIER,Unknown,CYBER2,2021-11-08
CU-ACT-0018,2021-11-09,BLACKLIST,0xc455f7fd3e0e12afd51fba5c106909934d8a0e4a,ethereum,13583147,CHATEX,33854,Digital Currency Address - ETH,0xc455f7fd3e0e12afd51fba5c106909934d8a0e4a,HEX_IDENTIFIER,Unknown,CYBER2,2021-11-08
CU-ACT-0019,2021-11-09,BLACKLIST,0x48549a34ae37b12f6a30566245176994e17c6b4a,ethereum,13583147,CHATEX,33854,Digital Currency Address - ETH,0x48549a34ae37b12f6a30566245176994e17c6b4a,HEX_IDENTIFIER,Unknown,CYBER2,2021-11-08
CU-ACT-0020,2021-11-09,BLACKLIST,0x5512d943ed1f7c8a43f3435c85f7ab68b30121b0,ethereum,13583147,CHATEX,33854,Digital Currency Address - ETH,0x5512d943ed1f7c8a43f3435c85f7ab68b30121b0,HEX_IDENTIFIER,Unknown,CYBER2,2021-11-08
CU-ACT-0028,2022-03-29,BLACKLIST,0xfec8a60023265364d066a1212fde3930f6ae8da7,ethereum,14481178,Polyanin Yevgeniy Igorevich Полянин Евгений Игоревич,33858,Digital Currency Address - USDT,0xfec8a60023265364d066a1212fde3930f6ae8da7,HEX_IDENTIFIER,Unknown,CYBER2,2021-11-08
CU-ACT-0029,2022-03-29,BLACKLIST,0x8576acc5c05d6ce88f4e49bf65bdf0c62f91353c,ethereum,14481178,Andreyev Anton Nikolaeyvich АНДРЕЕВ Антон Николаевич,29703,Digital Currency Address - ETH,0x8576acc5c05d6ce88f4e49bf65bdf0c62f91353c,HEX_IDENTIFIER,Unknown,CYBER2; ELECTION-EO13848,2020-09-10
CU-ACT-0030,2022-03-29,BLACKLIST,0x901bb9583b24d97e995513c6778dc6888ab6870e,ethereum,14481178,Lifshits Artem Mikhaylovich ЛИФШИЦ Артем Михайлович,29702,Digital Currency Address - ETH,0x901bb9583b24d97e995513c6778dc6888ab6870e,HEX_IDENTIFIER,Unknown,CYBER2; ELECTION-EO13848,2020-09-10
CU-ACT-0031,2022-04-06,BLACKLIST,0x7ff9cfad3877f21d41da833e2f775db0569ee3d9,ethereum,14534925,GARANTEX EUROPE OU GARANTEX EUROPE OÜ,36025,Digital Currency Address - ETH,0x7FF9cFad3877F21d41Da833E2F775dB0569eE3D9,HEX_IDENTIFIER,Unknown,CYBER4; RUSSIA-EO14024,2022-04-05
CU-ACT-0032,2022-04-14,BLACKLIST,0x098b716b8aaf21512996dc57eb0615e2383e2f96,ethereum,14585983,Lazarus Group,27307,Digital Currency Address - ETH,0x098B716B8Aaf21512996dC57EB0615e2383E2f96,HEX_IDENTIFIER,Unknown,DPRK3,2019-09-13
CU-ACT-0033,2022-04-23,BLACKLIST,0xa0e1c89ef1a489c9c7de96311ed5ce5d32c20e4b,ethereum,14640922,Lazarus Group,27307,Digital Currency Address - ETH,0xa0e1c89Ef1a489c9C7dE96311eD5Ce5D32c20E4B,HEX_IDENTIFIER,Unknown,DPRK3,2019-09-13
CU-ACT-0034,2022-04-23,BLACKLIST,0x53b6936513e738f44fb50d2b9476730c0ab3bfc1,ethereum,14640965,Lazarus Group,27307,Digital Currency Address - ETH,0x53b6936513e738f44FB50d2b9476730C0Ab3Bfc1,HEX_IDENTIFIER,Unknown,DPRK3,2019-09-13
CU-ACT-0036,2022-04-23,BLACKLIST,0x3cffd56b47b7b41c56258d9c7731abadc360e073,ethereum,14640965,Lazarus Group,27307,Digital Currency Address - ETH,0x3Cffd56B47B7b41c56258D9C7731ABaDc360E073,HEX_IDENTIFIER,Unknown,DPRK3,2019-09-13
CU-ACT-0037,2022-05-06,BLACKLIST,0x35fb6f6db4fb05e6a4ce86f2c93691425626d4b1,ethereum,14724273,Lazarus Group,27307,Digital Currency Address - ETH,0x35fB6f6DB4fb05e6A4cE86f2C93691425626d4b1,HEX_IDENTIFIER,Unknown,DPRK3,2019-09-13
CU-ACT-0038,2022-05-06,BLACKLIST,0xf7b31119c2682c88d88d455dbb9d5932c65cf1be,ethereum,14724282,Lazarus Group,27307,Digital Currency Address - ETH,0xF7B31119c2682c88d88D455dBb9d5932c65Cf1bE,HEX_IDENTIFIER,Unknown,DPRK3,2019-09-13
CU-ACT-0039,2022-05-06,BLACKLIST,0x3e37627deaa754090fbfbb8bd226c1ce66d255e9,ethereum,14724282,Lazarus Group,27307,Digital Currency Address - ETH,0x3e37627dEAA754090fBFbb8bd226c1CE66D255e9,HEX_IDENTIFIER,Unknown,DPRK3,2019-09-13
CU-ACT-0040,2022-05-06,BLACKLIST,0x08723392ed15743cc38513c4925f5e6be5c17243,ethereum,14724282,Lazarus Group,27307,Digital Currency Address - ETH,0x08723392Ed15743cc38513C4925f5e6be5c17243,HEX_IDENTIFIER,Unknown,DPRK3,2019-09-13
CU-ACT-0085,2022-09-15,BLACKLIST,0xc2a3829f459b3edd87791c74cd45402ba0a20be3,ethereum,15540279,Task Force Rusich,38665,Digital Currency Address - ETH,0xc2a3829F459B3Edd87791c74cD45402BA0a20Be3,HEX_IDENTIFIER,Unknown,RUSSIA-EO14024,2022-09-15
CU-ACT-0086,2022-09-15,BLACKLIST,0x3ad9db589d201a710ed237c829c7860ba86510fc,ethereum,15540279,Task Force Rusich,38665,Digital Currency Address - ETH,0x3AD9dB589d201A710Ed237c829c7860Ba86510Fc,HEX_IDENTIFIER,Unknown,RUSSIA-EO14024,2022-09-15
CU-ACT-0087,2022-09-15,BLACKLIST,0xe7800b61479695ec74e4b219f409f67bd1055a27,ethereum,15540832,Task Force Rusich,38665,Digital Currency Address - USDT,TX5GV4DyfxNB3rPkzZJhmqZ1efVmL4rEqG,TRON_KEY_EQUIVALENCE,Unknown,RUSSIA-EO14024,2022-09-15
CU-ACT-0145,2022-11-10,BLACKLIST,0x502371699497d08d5339c870851898d6d72521dd,ethereum,15941892,Peijnenburg Alex Adrianus Martinus,39585,Digital Currency Address - ETH,0x502371699497d08D5339c870851898D6D72521Dd,HEX_IDENTIFIER,Unknown,ILLICIT-DRUGS-EO14059,2022-11-09
CU-ACT-0146,2022-11-10,BLACKLIST,0x5a14e72060c11313e38738009254a90968f58f51,ethereum,15941893,Peijnenburg Alex Adrianus Martinus,39585,Digital Currency Address - ETH,0x5A14E72060c11313E38738009254a90968F58f51,HEX_IDENTIFIER,Unknown,ILLICIT-DRUGS-EO14059,2022-11-09
CU-ACT-0147,2022-11-10,BLACKLIST,0xefe301d259f525ca1ba74a7977b80d5b060b3cca,ethereum,15941895,Peijnenburg Alex Adrianus Martinus,39585,Digital Currency Address - ETH,0xEFE301d259F525cA1ba74A7977b80D5b060B3ccA,HEX_IDENTIFIER,Unknown,ILLICIT-DRUGS-EO14059,2022-11-09
CU-ACT-0148,2022-11-10,BLACKLIST,0xd0975b32cea532eadddfc9c60481976e39db3472,ethereum,15941896,Grimm Matthew Simon,39593,Digital Currency Address - ETH,0xd0975b32cea532eadddfc9c60481976e39db3472,HEX_IDENTIFIER,Unknown,ILLICIT-DRUGS-EO14059,2022-11-09
CU-ACT-0149,2022-11-10,BLACKLIST,0x1967d8af5bd86a497fb3dd7899a020e47560daaf,ethereum,15941897,Grimm Matthew Simon,39593,Digital Currency Address - ETH,0x1967d8af5bd86a497fb3dd7899a020e47560daaf,HEX_IDENTIFIER,Unknown,ILLICIT-DRUGS-EO14059,2022-11-09
CU-ACT-0150,2022-11-10,BLACKLIST,0x83e5bc4ffa856bb84bb88581f5dd62a433a25e0d,ethereum,15941898,Peijnenburg Alex Adrianus Martinus,39585,Digital Currency Address - ETH,0x83E5bC4Ffa856BB84Bb88581f5Dd62A433A25e0D,HEX_IDENTIFIER,Unknown,ILLICIT-DRUGS-EO14059,2022-11-09
CU-ACT-0151,2022-11-10,BLACKLIST,0x08b2efdcdb8822efe5ad0eae55517cf5dc544251,ethereum,15941898,Peijnenburg Alex Adrianus Martinus,39585,Digital Currency Address - ETH,0x08b2eFdcdB8822EfE5ad0Eae55517cf5DC544251,HEX_IDENTIFIER,Unknown,ILLICIT-DRUGS-EO14059,2022-11-09
CU-ACT-0152,2022-11-10,BLACKLIST,0x04dba1194ee10112fe6c3207c0687def0e78bacf,ethereum,15941898,Peijnenburg Alex Adrianus Martinus,39585,Digital Currency Address - ETH,0x04DBA1194ee10112fE6C3207C0687DEf0e78baCf,HEX_IDENTIFIER,Unknown,ILLICIT-DRUGS-EO14059,2022-11-09
CU-ACT-0153,2022-11-10,BLACKLIST,0x0ee5067b06776a89ccc7dc8ee369984ad7db5e06,ethereum,15941903,Peijnenburg Alex Adrianus Martinus,39585,Digital Currency Address - ETH,0x0Ee5067b06776A89CcC7dC8Ee369984AD7Db5e06,HEX_IDENTIFIER,Unknown,ILLICIT-DRUGS-EO14059,2022-11-09
CU-ACT-0157,2023-02-01,BLACKLIST,0x39d908dac893cbcb53cc86e0ecc369aa4def1a29,ethereum,16536887,Zimenkov Jonatan,40488,Digital Currency Address - ETH,0x39D908dac893CBCB53Cc86e0ECc369aA4DeF1A29,HEX_IDENTIFIER,Unknown,RUSSIA-EO14024,2023-02-01
CU-ACT-0164,2023-04-24,BLACKLIST,0x4f47bc496083c727c5fbe3ce9cdf2b0f6496270c,ethereum,17117253,Sim Hyon Sop,42498,Digital Currency Address - ETH,0x4f47bc496083c727c5fbe3ce9cdf2b0f6496270c,HEX_IDENTIFIER,Unknown,NPWMD,2023-04-24
CU-ACT-0168,2023-05-19,BLACKLIST,0x38735f03b30fbc022ddd06abed01f0ca823c6a94,ethereum,17294738,Hanafin John Desmond,43085,Digital Currency Address - USDT,0x38735f03b30FbC022DdD06ABED01F0Ca823C6a94,HEX_IDENTIFIER,Unknown,RUSSIA-EO14024,2023-05-19
CU-ACT-0174,2023-05-23,BLACKLIST,0x97b1043abd9e6fc31681635166d430a458d14f9c,ethereum,17322824,Kim Sang Man 김 상만,43377,Digital Currency Address - ETH,0x97b1043abd9e6fc31681635166d430a458d14f9c,HEX_IDENTIFIER,Unknown,DPRK4,2023-05-23
CU-ACT-0175,2023-05-23,BLACKLIST,0xb6f5ec1a0a9cd1526536d3f0426c429529471f40,ethereum,17322836,Kim Sang Man 김 상만,43377,Digital Currency Address - ETH,0xb6f5ec1a0a9cd1526536d3f0426c429529471f40,HEX_IDENTIFIER,Unknown,DPRK4,2023-05-23
CU-ACT-0180,2023-08-01,BLACKLIST,0xd71c94052989e209ba713deb66e0a8f72b913b70,ethereum,17816456,Shafiu Ali,44445,Digital Currency Address - USDT,TVacWx7F5wgMgn49L5frDf9KLgdYy8nPHL,TRON_KEY_EQUIVALENCE,Unknown,SDGT,2023-07-31
CU-ACT-0181,2023-08-24,BLACKLIST,0xdcbeffbecce100cce9e4b153c4e15cb885643193,ethereum,17984504,Semenov Roman,44718,Digital Currency Address - ETH,0xdcbEfFBECcE100cCE9E4b153C4e15cB885643193,HEX_IDENTIFIER,Unknown,DPRK3,2023-08-23
CU-ACT-0182,2023-08-24,BLACKLIST,0x5f48c2a71b2cc96e3f0ccae4e39318ff0dc375b2,ethereum,17984508,Semenov Roman,44718,Digital Currency Address - ETH,0x5f48c2a71b2cc96e3f0ccae4e39318ff0dc375b2,HEX_IDENTIFIER,Unknown,DPRK3,2023-08-23
CU-ACT-0183,2023-08-24,BLACKLIST,0x5a7a51bfb49f190e5a6060a5bc6052ac14a3b59f,ethereum,17984512,Semenov Roman,44718,Digital Currency Address - ETH,0x5a7a51bfb49f190e5a6060a5bc6052ac14a3b59f,HEX_IDENTIFIER,Unknown,DPRK3,2023-08-23
CU-ACT-0184,2023-08-24,BLACKLIST,0xed6e0a7e4ac94d976eebfb82ccf777a3c6bad921,ethereum,17984514,Semenov Roman,44718,Digital Currency Address - ETH,0xed6e0a7e4ac94d976eebfb82ccf777a3c6bad921,HEX_IDENTIFIER,Unknown,DPRK3,2023-08-23
CU-ACT-0185,2023-08-24,BLACKLIST,0x797d7ae72ebddcdea2a346c1834e04d1f8df102b,ethereum,17984516,Semenov Roman,44718,Digital Currency Address - ETH,0x797d7ae72ebddcdea2a346c1834e04d1f8df102b,HEX_IDENTIFIER,Unknown,DPRK3,2023-08-23
CU-ACT-0186,2023-08-24,BLACKLIST,0x931546d9e66836abf687d2bc64b30407bac8c568,ethereum,17984518,Semenov Roman,44718,Digital Currency Address - ETH,0x931546D9e66836AbF687d2bc64B30407bAc8C568,HEX_IDENTIFIER,Unknown,DPRK3,2023-08-23
CU-ACT-0187,2023-08-24,BLACKLIST,0x43fa21d92141ba9db43052492e0deee5aa5f0a93,ethereum,17984520,Semenov Roman,44718,Digital Currency Address - ETH,0x43fa21d92141BA9db43052492E0DeEE5aa5f0A93,HEX_IDENTIFIER,Unknown,DPRK3,2023-08-23
CU-ACT-0188,2023-08-24,BLACKLIST,0x6be0ae71e6c41f2f9d0d1a3b8d0f75e6f6a0b46e,ethereum,17984522,Semenov Roman,44718,Digital Currency Address - ETH,0x6be0ae71e6c41f2f9d0d1a3b8d0f75e6f6a0b46e,HEX_IDENTIFIER,Unknown,DPRK3,2023-08-23
CU-ACT-0192,2023-09-27,BLACKLIST,0x9c2bc757b66f24d60f016b6237f8cdd414a879fa,ethereum,18224435,Jimenez Castro Mario Alberto,44029,Digital Currency Address - ETH,0x9c2bc757b66f24d60f016b6237f8cdd414a879fa,HEX_IDENTIFIER,Unknown,ILLICIT-DRUGS-EO14059,2023-09-26
CU-ACT-0193,2023-10-04,BLACKLIST,0x530a64c0ce595026a4a556b703644228179e2d57,ethereum,18273952,Shen Xingbiao 沈 兴标,45312,Digital Currency Address - ETH,0x530a64c0ce595026a4a556b703644228179e2d57,HEX_IDENTIFIER,Unknown,ILLICIT-DRUGS-EO14059,2023-10-03
CU-ACT-0194,2023-10-04,BLACKLIST,0x2e13ea767da12f504ceaaaebe5950488498dc2d2,ethereum,18273955,Shen Xingbiao 沈 兴标,45312,Digital Currency Address - USDT,TEAqwfMhXLaomXhZ8KeMhx3njGmQEDnsUR,TRON_KEY_EQUIVALENCE,Unknown,ILLICIT-DRUGS-EO14059,2023-10-03
CU-ACT-0195,2023-10-04,BLACKLIST,0x7de5ab1914e241177344936dc33b4a8157c98248,ethereum,18273956,Wang Jiantong 王 建通,45349,Digital Currency Address - TRX,TMStbg5fgb4uTV7fK1gEYF9hKAzP3siPsG,TRON_KEY_EQUIVALENCE,Unknown,ILLICIT-DRUGS-EO14059,2023-10-03
CU-ACT-0196,2023-10-04,BLACKLIST,0xfac583c0cf07ea434052c49115a4682172ab6b4f,ethereum,18273958,Wang Mingming 王 明明,45404,Digital Currency Address - USDT,0xfac583c0cf07ea434052c49115a4682172ab6b4f,HEX_IDENTIFIER,Unknown,ILLICIT-DRUGS-EO14059,2023-10-03
CU-ACT-0197,2023-10-04,BLACKLIST,0xbe5e683633ddd17d8a89b4e10860a0e426c5ed24,ethereum,18273959,Xia Fengbing 夏 凤兵,45350,Digital Currency Address - TRX,TTKnV2S1295UrPr7N67Tp9ykNL7xX2Z4Uj,TRON_KEY_EQUIVALENCE,Unknown,ILLICIT-DRUGS-EO14059,2023-10-03
CU-ACT-0198,2023-10-04,BLACKLIST,0x961c5be54a2ffc17cf4cb021d863c42dacd47fc1,ethereum,18273961,Zhang Wei 张 伟,45391,Digital Currency Address - ETH,0x961c5be54a2ffc17cf4cb021d863c42dacd47fc1,HEX_IDENTIFIER,Unknown,ILLICIT-DRUGS-EO14059,2023-10-03
CU-ACT-0199,2023-10-04,BLACKLIST,0xa6cc8ab881debc3c9e8adb32549d0cbe614168c5,ethereum,18273962,Zhang Wei 张 伟,45391,Digital Currency Address - TRX,TRBACioxdrdsYEZHvJWiUDZcMdBPpEe5Ub,TRON_KEY_EQUIVALENCE,Unknown,ILLICIT-DRUGS-EO14059,2023-10-03
CU-ACT-0200,2023-10-04,BLACKLIST,0x983a81ca6fb1e441266d2fbcb7d8e530ac2e05a2,ethereum,18273963,"Valerian Labs, Inc.",45314,Digital Currency Address - ETH,0x983a81ca6FB1e441266D2FbcB7D8E530AC2E05A2,HEX_IDENTIFIER,Unknown,ILLICIT-DRUGS-EO14059,2023-10-03
CU-ACT-0219,2024-02-21,BLACKLIST,0xf3701f445b6bdafedbca97d1e477357839e4120d,ethereum,19275988,Kondratiev Ivan Gennadievich Кондратьев Иван Геннадьевич,47682,Digital Currency Address - ETH,0xf3701f445b6bdafedbca97d1e477357839e4120d,HEX_IDENTIFIER,Unknown,CYBER2,2024-02-20
CU-ACT-0221,2024-03-21,BLACKLIST,0x2f04f39923a77430eca036e14ce44dbd11175747,ethereum,19483138,Gambashidze Ilya Andreevich Гамбашидзе Илья Андреевич,45213,Digital Currency Address - USDT,TEFph7dZoUN5233cGEzF6XFwRpjPF8fQDS,TRON_KEY_EQUIVALENCE,Unknown,RUSSIA-EO14024,2024-03-20
CU-ACT-0222,2024-03-21,BLACKLIST,0x7be6fe8c528273a3a072a538e12c08500bf4d328,ethereum,19483141,Gambashidze Ilya Andreevich Гамбашидзе Илья Андреевич,45213,Digital Currency Address - USDT,TMGLqRQ4twjW8wJhVH1mQR7nUThpGHUsN3,TRON_KEY_EQUIVALENCE,Unknown,RUSSIA-EO14024,2024-03-20
CU-ACT-0223,2024-03-27,BLACKLIST,0xdda5554510366179ddb442b8a82bc737c3ac77c5,ethereum,19525572,AL-LAW Tawfiq Muhammad Sa'id,48302,Digital Currency Address - USDT,TWBAPzpPiZarfVsY2BLXeaLhNHurn4wkWG,TRON_KEY_EQUIVALENCE,Unknown,SDGT,2024-03-26
CU-ACT-0224,2024-03-27,BLACKLIST,0x175d44451403edf28469df03a9280c1197adb92c,ethereum,19528595,Gaza Now غزة الآن,47635,Digital Currency Address - USDT,0x175d44451403Edf28469dF03A9280c1197ADb92c,HEX_IDENTIFIER,Unknown,SDGT,2024-03-27
CU-ACT-0225,2024-03-27,BLACKLIST,0x4576847b1cf999843ba6620815e65a9c5e8a4021,ethereum,19528602,Gaza Now غزة الآن,47635,Digital Currency Address - USDT,TGJVc32ig2u8tQsYMLE7KXHT5NDQroaVNU,TRON_KEY_EQUIVALENCE,Unknown,SDGT,2024-03-27
CU-ACT-0226,2024-03-27,BLACKLIST,0xe950dc316b836e4eefb8308bf32bf7c72a1358ff,ethereum,19528604,Gaza Now غزة الآن,47635,Digital Currency Address - ETH,0xE950DC316b836e4EeFb8308bf32Bf7C72a1358FF,HEX_IDENTIFIER,Unknown,SDGT,2024-03-27
CU-ACT-0227,2024-03-27,BLACKLIST,0x4ea7eefc2dcb250c1f069ecaf1e2ae3488059ac2,ethereum,19528607,Gaza Now غزة الآن,47635,Digital Currency Address - USDT,TH96tFMn8KGiYSLiwcV3E2UiaJc8jmcbz3,TRON_KEY_EQUIVALENCE,Unknown,SDGT,2024-03-27
CU-ACT-0228,2024-03-27,BLACKLIST,0xc24ec5a84cae3d3418b34a1e30b3372c4b25bd0f,ethereum,19528609,Gaza Now غزة الآن,47635,Digital Currency Address - USDT,TTgcTTNbNuFdbrhvbjMZVrdU5KALyzDaPw,TRON_KEY_EQUIVALENCE,Unknown,SDGT,2024-03-27
CU-ACT-0229,2024-03-27,BLACKLIST,0x21b8d56bda776bbe68655a16895afd96f5534fed,ethereum,19528611,Gaza Now غزة الآن,47635,Digital Currency Address - ETH,0x21B8d56BDA776bbE68655A16895afd96F5534feD,HEX_IDENTIFIER,Unknown,SDGT,2024-03-27
CU-ACT-0234,2024-05-02,BLACKLIST,0x19f8f2b0915daa12a3f5c9cf01df9e24d53794f7,ethereum,19779440,OKO DESIGN BUREAU ОКО Конструкторское Бюро,48432,Digital Currency Address - ETH,0x19F8f2B0915Daa12a3f5C9CF01dF9E24D53794F7,HEX_IDENTIFIER,Unknown,RUSSIA-EO14024,2024-05-01
CU-ACT-0235,2024-05-02,BLACKLIST,0x3e14d41891a30ac7473556d7c3256a5ddf9ef1aa,ethereum,19779458,OKO DESIGN BUREAU ОКО Конструкторское Бюро,48432,Digital Currency Address - TRX,TFdTr9C3BqQrzKBXqSxJfAZFTh8UwBAfSg,TRON_KEY_EQUIVALENCE,Unknown,RUSSIA-EO14024,2024-05-01
CU-ACT-0244,2024-05-29,BLACKLIST,0xe1d865c3d669dcc8c57c8d023140cb204e672ee4,ethereum,19972374,Wang Yunhe 王 云禾,43421,Digital Currency Address - ETH,0xe1d865c3d669dcc8c57c8d023140cb204e672ee4,HEX_IDENTIFIER,Unknown,CYBER2,2024-05-28
CU-ACT-0245,2024-05-29,BLACKLIST,0x0e6b8e34dc115a2848f585851af23d99d09b8463,ethereum,19972374,Wang Yunhe 王 云禾,43421,Digital Currency Address - TRX,TBHTJqAy4DhHhmT3dNceJYNRz4SdLofLre,TRON_KEY_EQUIVALENCE,Unknown,CYBER2,2024-05-28
CU-ACT-0246,2024-08-24,BLACKLIST,0x71d2e218a56a1c0c12e1ff4b4c2731a1c3a4f4ce,ethereum,20595393,OBSHCHESTVO S OGRANICHENNOI OTVETSTVENNOSTYU KONSTRUKTORSKOE BYURO VOSTOK ОБЩЕСТВО С ОГРАНИЧЕННОЙ ОТВЕТСТВЕННОСТЬЮ КОНСТРУКТОРСКОЕ БЮРО ВОСТОК,50110,Digital Currency Address - USDT,TLM3zA3EWycoDX4ZX4gKze7sgfbdkntTum,TRON_KEY_EQUIVALENCE,Unknown,RUSSIA-EO14024,2024-08-23
CU-ACT-0253,2024-09-27,BLACKLIST,0x0931ca4d13bb4ba75d9b7132ab690265d749a5e7,ethereum,20839131,Cryptex,50641,Digital Currency Address - ETH,0x0931cA4D13BB4ba75D9B7132AB690265D749a5E7,HEX_IDENTIFIER,Unknown,CYBER2; RUSSIA-EO14024,2024-09-26
CU-ACT-0254,2024-09-27,BLACKLIST,0xbff703730a21167e430ff151128592a98786b9b4,ethereum,20839132,Cryptex,50641,Digital Currency Address - TRX,TTUDyVhhpCC1xJoPmWzdjLAzeoPwbSABdr,TRON_KEY_EQUIVALENCE,Unknown,CYBER2; RUSSIA-EO14024,2024-09-26
CU-ACT-0266,2024-12-05,BLACKLIST,0x282ae5965fe400f3cb929182e0963f3794df01fc,ethereum,21334281,Chirkinyan Elena,52074,Digital Currency Address - USDT,TDdbRFoBTEmE3qiR69Y6rKRSG1hoF65QaE,TRON_KEY_EQUIVALENCE,Unknown,RUSSIA-EO14024,2024-12-04
CU-ACT-0267,2024-12-05,BLACKLIST,0x1999ef52700c34de7ec2b68a28aafb37db0c5ade,ethereum,21334301,Magomedov Khadzhi Murat Dalgatovich,52071,Digital Currency Address - ETH,0x1999ef52700c34de7ec2b68a28aafb37db0c5ade,HEX_IDENTIFIER,Unknown,RUSSIA-EO14024,2024-12-04
CU-ACT-0271,2024-12-20,BLACKLIST,0x721537670ae01aa0d60585457b7534025b0041ac,ethereum,21441213,Al-Jamal Sa'id Ahmad Muhammad,32171,Digital Currency Address - USDT,TLNRT524dzL5FF1nJHDhYEMFpeWjLjRbz1,TRON_KEY_EQUIVALENCE,Unknown,IFSR; SDGT,2021-06-10
CU-ACT-0272,2024-12-20,BLACKLIST,0x54b475ef92f861975945954bfa1080dda9cd346e,ethereum,21441216,Al-Jamal Sa'id Ahmad Muhammad,32171,Digital Currency Address - USDT,THh5woR8qfmDsNknQ3agPYzQSiRtMnKsTh,TRON_KEY_EQUIVALENCE,Unknown,IFSR; SDGT,2021-06-10
CU-ACT-0273,2024-12-20,BLACKLIST,0xd19df746fd2a145588b3a22672bacfd2e5454f61,ethereum,21441219,Al-Jamal Sa'id Ahmad Muhammad,32171,Digital Currency Address - USDT,TV5ZTpKDszLTF6XcMnPongS33pwBgF91by,TRON_KEY_EQUIVALENCE,Unknown,IFSR; SDGT,2021-06-10
CU-ACT-0274,2024-12-20,BLACKLIST,0xbc92595dd3e8f5092471c99b9084a72d333c7d07,ethereum,21441221,Al-Jamal Sa'id Ahmad Muhammad,32171,Digital Currency Address - USDT,TTAHMdqoom4f2VTWniroPWQHcTRZ4caoH4,TRON_KEY_EQUIVALENCE,Unknown,IFSR; SDGT,2021-06-10
CU-ACT-0275,2024-12-20,BLACKLIST,0x3a0245de38273e7852dce97de3bae18c0010013e,ethereum,21441224,Al-Jamal Sa'id Ahmad Muhammad,32171,Digital Currency Address - USDT,TFFvv7NAWmbcVfA7QN81mMvUC25TWj1WJx,TRON_KEY_EQUIVALENCE,Unknown,IFSR; SDGT,2021-06-10
CU-ACT-0380,2025-04-02,BLACKLIST,0x16f068ea913a912c62114a873b678b1aa9236585,ethereum,22183251,Ansarallah,47664,Digital Currency Address - USDT,TC4VsFHJdZ66BdwobZxkudVZBVmQZgCP65,TRON_KEY_EQUIVALENCE,Unknown,FTO; SDGT,2024-02-16
CU-ACT-0381,2025-04-02,BLACKLIST,0x9acfa7136bd9ee19fc2c4517e2033705262f938c,ethereum,22183252,Ansarallah,47664,Digital Currency Address - USDT,TQ5mpZPbQMSq2s1vSM3RJgiB1AsTsiTpFZ,TRON_KEY_EQUIVALENCE,Unknown,FTO; SDGT,2024-02-16
CU-ACT-0382,2025-04-02,BLACKLIST,0xe942adb085bdc3cd49ad2ddaea53934f12a7e0a5,ethereum,22183254,Ansarallah,47664,Digital Currency Address - USDT,TXEaKf4rT3rMoD3Vuqnuhwr6vLq6BL5t33,TRON_KEY_EQUIVALENCE,Unknown,FTO; SDGT,2024-02-16
CU-ACT-0383,2025-04-02,BLACKLIST,0x4755da10f30da425a1b5f12166bec82600c48c79,ethereum,22183262,Ansarallah,47664,Digital Currency Address - USDT,TGUPpmW2bAnMCLe5ih2CFisfCHk4gTFDsx,TRON_KEY_EQUIVALENCE,Unknown,FTO; SDGT,2024-02-16
CU-ACT-0384,2025-04-02,BLACKLIST,0x2b872fc6d0614e39150d078db0e2ff56650f2b4b,ethereum,22183265,Ansarallah,47664,Digital Currency Address - USDT,TDwN1Eq62bqvVhfGAjdRRJjE46jsi5KNMV,TRON_KEY_EQUIVALENCE,Unknown,FTO; SDGT,2024-02-16
CU-ACT-0385,2025-04-02,BLACKLIST,0x7a01e8268bbb7b5b7403b673aa0b9d7b36f651aa,ethereum,22183266,Ansarallah,47664,Digital Currency Address - USDT,TM6Kix9wH8cYQ4rLpFifsQ4ddH3rPX3f8p,TRON_KEY_EQUIVALENCE,Unknown,FTO; SDGT,2024-02-16
CU-ACT-0386,2025-04-02,BLACKLIST,0x2a4c4406a0495116aa880c57486cb876658d8aa1,ethereum,22183267,Ansarallah,47664,Digital Currency Address - USDT,TDprk9jeYPVm6khkBp1u7fwuyJcEJFrPWD,TRON_KEY_EQUIVALENCE,Unknown,FTO; SDGT,2024-02-16
CU-ACT-0387,2025-04-02,BLACKLIST,0xd9471e6c644756e845e4a10260362ab9a3a9845a,ethereum,22183268,Ansarallah,47664,Digital Currency Address - USDT,TVn4q7L4fKEPbygi7UHq1CKfZxtbeuMV5q,TRON_KEY_EQUIVALENCE,Unknown,FTO; SDGT,2024-02-16
CU-ACT-0394,2025-05-29,BLACKLIST,0xd5ed34b52ac4ab84d8fa8a231a3218bbf01ed510,ethereum,22590579,Funnull Technology Inc,53953,Digital Currency Address - ETH,0xd5ED34b52AC4ab84d8FA8A231a3218bbF01Ed510,HEX_IDENTIFIER,Unknown,CYBER3,2025-05-29
CU-ACT-0395,2025-05-29,BLACKLIST,0x8c5f37d4db13967643e33d5404f66f86569221ca,ethereum,22590584,Funnull Technology Inc,53953,Digital Currency Address - TRX,TNmRfnSUXZoWWzxcDDbf95eGQYXt1mJDt8,TRON_KEY_EQUIVALENCE,Unknown,CYBER3,2025-05-29
CU-ACT-0443,2025-07-01,BLACKLIST,0xc685132e908cce284c063415ea353af5f555c6c6,ethereum,22825412,Aeza Group LLC,54566,Digital Currency Address - TRX,TU4tDFRvcKhAZ1jdihojmBWZqvJhQCnJ4F,TRON_KEY_EQUIVALENCE,Unknown,CAATSA - RUSSIA; CYBER4,2025-07-01
CU-ACT-0460,2025-08-14,BLACKLIST,0x8a33c4dccc7e840e536c1abc9af4612f876f54de,ethereum,23140560,Grinex,55045,Digital Currency Address - TRX,TNZxGWCwvsHr6JxQxzoeDXV597Yf7Zb7nV,TRON_KEY_EQUIVALENCE,Unknown,CYBER4,2025-08-14
CU-ACT-0461,2025-08-14,BLACKLIST,0x3301843d4d8c3314706a6526940bc2a38ed29475,ethereum,23140565,Grinex,55045,Digital Currency Address - TRX,TEcuHDQthTmULe8fFLUccBPpjfXaTmJuuD,TRON_KEY_EQUIVALENCE,Unknown,CYBER4,2025-08-14
CU-ACT-0462,2025-08-14,BLACKLIST,0x0655b7211f302b42a7bfa16a6c45284ab82fd85b,ethereum,23140569,Grinex,55045,Digital Currency Address - TRX,TAYhjpL8pPs8T84FSM329nffQpc6jD8GBM,TRON_KEY_EQUIVALENCE,Unknown,CYBER4,2025-08-14
CU-ACT-0463,2025-08-14,BLACKLIST,0x6e2bf91ff62095e759301a1e46df3278f7d6bf07,ethereum,23140574,Grinex,55045,Digital Currency Address - TRX,TL1k1U6SHohxBqb68kCodxHc9y2LXoDSep,TRON_KEY_EQUIVALENCE,Unknown,CYBER4,2025-08-14
CU-ACT-0464,2025-08-14,BLACKLIST,0x8dce2aac0de82bdcaf6b4373b79f94331b8e4995,ethereum,23140579,GARANTEX EUROPE OU GARANTEX EUROPE OÜ,36025,Digital Currency Address - ETH,0x8Dce2aAC0dE82bdCAf6b4373B79f94331b8e4995,HEX_IDENTIFIER,Unknown,CYBER4; RUSSIA-EO14024,2022-04-05
CU-ACT-0465,2025-08-14,BLACKLIST,0x82df92ebaa039dd6c9e0689390d7298a5ca1f59c,ethereum,23140584,Grinex,55045,Digital Currency Address - TRX,TMuCgBejD5RsNANZdjGtaM3YyKGNgDoy7N,TRON_KEY_EQUIVALENCE,Unknown,CYBER4,2025-08-14
CU-ACT-0466,2025-08-14,BLACKLIST,0x18f703184349667cdae85a07e7f2efac36052b89,ethereum,23140589,Old Vector LLC,55046,Digital Currency Address - TRX,TCFD8N3vM5b4Gr5f1kkajQsodRVNyyAq1d,TRON_KEY_EQUIVALENCE,Unknown,CYBER4,2025-08-14
CU-ACT-0467,2025-08-14,BLACKLIST,0x17b65262f73d2a8668dededc6a40274c3e0ea058,ethereum,23140594,Grinex,55045,Digital Currency Address - TRX,TC8axQvzJEVR3NKN6mZnJtGy7537GEmh38,TRON_KEY_EQUIVALENCE,Unknown,CYBER4,2025-08-14
CU-ACT-0468,2025-08-14,BLACKLIST,0x12de548f79a50d2bd05481c8515c1ef5183666a9,ethereum,23140599,Old Vector LLC,55046,Digital Currency Address - ETH,0x12de548F79a50D2bd05481C8515C1eF5183666a9,HEX_IDENTIFIER,Unknown,CYBER4,2025-08-14
CU-ACT-0469,2025-08-14,BLACKLIST,0xd8500c631dc32fa18645b7436344a99e4825e10e,ethereum,23140604,GARANTEX EUROPE OU GARANTEX EUROPE OÜ,36025,Digital Currency Address - ETH,0xD8500C631dC32FA18645B7436344a99E4825e10e,HEX_IDENTIFIER,Unknown,CYBER4; RUSSIA-EO14024,2022-04-05
CU-ACT-0470,2025-08-14,BLACKLIST,0x6042c2f32769454c5ff226fdae52b81e49cd922f,ethereum,23140609,GARANTEX EUROPE OU GARANTEX EUROPE OÜ,36025,Digital Currency Address - TRX,TJkBr9TZ1xBeJoF7RNWqyEMbYqVJ6fXXHR,TRON_KEY_EQUIVALENCE,Unknown,CYBER4; RUSSIA-EO14024,2022-04-05
CU-ACT-0471,2025-08-14,BLACKLIST,0x57ec89a0c056163a0314e413320f9b3abe761259,ethereum,23140614,GARANTEX EUROPE OU GARANTEX EUROPE OÜ,36025,Digital Currency Address - ETH,0x57EC89A0C056163A0314e413320f9B3ABe761259,HEX_IDENTIFIER,Unknown,CYBER4; RUSSIA-EO14024,2022-04-05
CU-ACT-0472,2025-08-14,BLACKLIST,0xb338962b92cd818d6aef0a32a9ecd01212a71f33,ethereum,23140619,GARANTEX EUROPE OU GARANTEX EUROPE OÜ,36025,Digital Currency Address - ETH,0xb338962B92CD818D6aef0A32a9ECD01212a71f33,HEX_IDENTIFIER,Unknown,CYBER4; RUSSIA-EO14024,2022-04-05
CU-ACT-0473,2025-08-14,BLACKLIST,0xf4377eda661e04b6dda78969796ed31658d602d4,ethereum,23140624,GARANTEX EUROPE OU GARANTEX EUROPE OÜ,36025,Digital Currency Address - ETH,0xf4377edA661e04B6DDA78969796Ed31658D602D4,HEX_IDENTIFIER,Unknown,CYBER4; RUSSIA-EO14024,2022-04-05
CU-ACT-0474,2025-08-14,BLACKLIST,0x8660f3ab5285f9e497ffbf2997285c24466aa2a1,ethereum,23140629,GARANTEX EUROPE OU GARANTEX EUROPE OÜ,36025,Digital Currency Address - TRX,TNDjh6WGLYyWmkh8vfu42bXVHUqFNQ3rDq,TRON_KEY_EQUIVALENCE,Unknown,CYBER4; RUSSIA-EO14024,2022-04-05
CU-ACT-0475,2025-08-14,BLACKLIST,0x48ea81d8db01cc3f551be8ecc8627b5a803eb075,ethereum,23140634,Grinex,55045,Digital Currency Address - TRX,TGckaiamj5NzaYx6Qp6Zu7kahuHArzUo99,TRON_KEY_EQUIVALENCE,Unknown,CYBER4,2025-08-14
CU-ACT-0476,2025-08-14,BLACKLIST,0x48ea81d8db01cc3f551be8ecc8627b5a803eb075,ethereum,23140639,Grinex,55045,Digital Currency Address - TRX,TGckaiamj5NzaYx6Qp6Zu7kahuHArzUo99,TRON_KEY_EQUIVALENCE,Unknown,CYBER4,2025-08-14
CU-ACT-0477,2025-08-14,BLACKLIST,0x418949a4a7da9e07192909722072dded8f670d58,ethereum,23140644,GARANTEX EUROPE OU GARANTEX EUROPE OÜ,36025,Digital Currency Address - TRX,TFwjPScaJRCbSWVAywE1S1WgaUgSnyYUbD,TRON_KEY_EQUIVALENCE,Unknown,CYBER4; RUSSIA-EO14024,2022-04-05
CU-ACT-0478,2025-08-14,BLACKLIST,0x7ced75026204ac29c34bea98905d4c949f27361e,ethereum,23140649,GARANTEX EUROPE OU GARANTEX EUROPE OÜ,36025,Digital Currency Address - ETH,0x7CEd75026204aC29C34bEA98905D4C949F27361e,HEX_IDENTIFIER,Unknown,CYBER4; RUSSIA-EO14024,2022-04-05
CU-ACT-0480,2025-09-16,BLACKLIST,0x532b77b33a040587e9fd1800088225f99b8b0e8a,ethereum,23376678,ALIVAND Arash Estaki,55502,Digital Currency Address - ETH,0x532b77b33a040587e9fd1800088225f99b8b0e8a,HEX_IDENTIFIER,Unknown,IFSR; SDGT,2025-09-16
CU-ACT-0481,2025-09-16,BLACKLIST,0xe3d35f68383732649669aa990832e017340dbca5,ethereum,23376682,ALIVAND Arash Estaki,55502,Digital Currency Address - ETH,0xe3d35f68383732649669aa990832e017340dbca5,HEX_IDENTIFIER,Unknown,IFSR; SDGT,2025-09-16
CU-ACT-0482,2025-09-16,BLACKLIST,0xf405df57cc3a2df4dd262b6494d76e346ca778f1,ethereum,23376684,ALIVAND Arash Estaki,55502,Digital Currency Address - TRX,TYDUutYN4YLKUPeT7TG27Yyqw6kNVLq9QZ,TRON_KEY_EQUIVALENCE,Unknown,IFSR; SDGT,2025-09-16
CU-ACT-0483,2025-09-16,BLACKLIST,0xab4302cfcf1c2337c1b59af1d23bd97189fe962c,ethereum,23376691,ALIVAND Arash Estaki,55502,Digital Currency Address - TRX,TRakpsE1mZjCUMNPyozR4BW2ZtJsF7ZWFN,TRON_KEY_EQUIVALENCE,Unknown,IFSR; SDGT,2025-09-16
CU-ACT-0484,2025-09-16,BLACKLIST,0x9ab7a3e606677ddf6f3538dd4472ec770c282b3e,ethereum,23376709,ALIVAND Arash Estaki,55502,Digital Currency Address - TRX,TQ5H49Wz3K57zNHmuXVp6uLzFwitxviABs,TRON_KEY_EQUIVALENCE,Unknown,IFSR; SDGT,2025-09-16
CU-ACT-0485,2025-09-16,BLACKLIST,0xdb2720ebad55399117ddb4c4a4afd9a4ccada8fe,ethereum,23376714,DERAKHSHAN Alireza درخشان علیرضا,55484,Digital Currency Address - ETH,0xdb2720ebad55399117ddb4c4a4afd9a4ccada8fe,HEX_IDENTIFIER,Unknown,IFSR; SDGT,2025-09-16
CU-ACT-0486,2025-09-16,BLACKLIST,0xba475bb43ee21013fd14c85e2c74b24bcf5a54c1,ethereum,23376718,DERAKHSHAN Alireza درخشان علیرضا,55484,Digital Currency Address - TRX,TSxAAo67VTDgKT537EVXxdogkJtk9c6ojz,TRON_KEY_EQUIVALENCE,Unknown,IFSR; SDGT,2025-09-16
CU-ACT-0488,2025-09-24,BLACKLIST,0x240fd853e1509a975bd95348d49c923fb0b5d43c,ethereum,23434109,Sayyed Sadiq Abbas Habib,55447,Digital Currency Address - TRX,TDFtJtyLPgN3oWUoHh23oJox3T5V5nR11K,TRON_KEY_EQUIVALENCE,Unknown,ILLICIT-DRUGS-EO14059,2025-09-24
CU-ACT-0489,2025-09-24,BLACKLIST,0x240fd853e1509a975bd95348d49c923fb0b5d43c,ethereum,23434114,Sayyed Sadiq Abbas Habib,55447,Digital Currency Address - TRX,TDFtJtyLPgN3oWUoHh23oJox3T5V5nR11K,TRON_KEY_EQUIVALENCE,Unknown,ILLICIT-DRUGS-EO14059,2025-09-24
CU-ACT-0518,2025-11-04,BLACKLIST,0x00be5e0c85be35948d97ad37f62d108243f89ae0,ethereum,23727407,CHEIL CREDIT BANK,22985,Digital Currency Address - USDT,TA3941uFAvmVibSkQ6fMJXxmaSNovX86mz,TRON_KEY_EQUIVALENCE,Unknown,DPRK4,2017-09-26
CU-ACT-0519,2025-11-04,BLACKLIST,0x00bf03f87539214307207c61b7f729ddc22977b8,ethereum,23727412,CHEIL CREDIT BANK,22985,Digital Currency Address - USDT,TA39q3p75XRSWYAEaSF7dANtyksoa3sLge,TRON_KEY_EQUIVALENCE,Unknown,DPRK4,2017-09-26
CU-ACT-0520,2025-11-04,BLACKLIST,0x55ef531216bd8077fb1acb8e61be532214b33b76,ethereum,23727422,CHEIL CREDIT BANK,22985,Digital Currency Address - USDT,THob8vRrpDybXeqZDj8ukQhMjJVJ5nCbTW,TRON_KEY_EQUIVALENCE,Unknown,DPRK4,2017-09-26
CU-ACT-0521,2025-11-04,BLACKLIST,0x596ac03ba123b802325bf62ceff98e5608ac48e9,ethereum,23727424,CHEIL CREDIT BANK,22985,Digital Currency Address - USDT,TJ812KESWjzJZGEWBPFCu74Js5zQS7jN5A,TRON_KEY_EQUIVALENCE,Unknown,DPRK4,2017-09-26
CU-ACT-0522,2025-11-04,BLACKLIST,0x80865644f47925223c7e12014e9b11f0f05212bc,ethereum,23727426,CHEIL CREDIT BANK,22985,Digital Currency Address - USDT,TMgnRWb9xFMtktny9Lzty21QYLLQD93ft6,TRON_KEY_EQUIVALENCE,Unknown,DPRK4,2017-09-26
CU-ACT-0523,2025-11-04,BLACKLIST,0x00bf03f87539214307207c61b7f729ddc22977b8,ethereum,23727428,CHEIL CREDIT BANK,22985,Digital Currency Address - USDT,TA39q3p75XRSWYAEaSF7dANtyksoa3sLge,TRON_KEY_EQUIVALENCE,Unknown,DPRK4,2017-09-26
CU-ACT-0524,2025-11-04,BLACKLIST,0x5042cca9d00c44733ebaf550851b9a65cc98d58f,ethereum,23727431,CHEIL CREDIT BANK,22985,Digital Currency Address - USDT,THHb5iMAbZgQYY19h6uY66y5xt6e11gcZC,TRON_KEY_EQUIVALENCE,Unknown,DPRK4,2017-09-26
CU-ACT-0525,2025-11-04,BLACKLIST,0x80865644f47925223c7e12014e9b11f0f05212bc,ethereum,23727433,CHEIL CREDIT BANK,22985,Digital Currency Address - USDT,TMgnRWb9xFMtktny9Lzty21QYLLQD93ft6,TRON_KEY_EQUIVALENCE,Unknown,DPRK4,2017-09-26
CU-ACT-0526,2025-11-04,BLACKLIST,0x95a603c86ec4a585e4359d1f07e6949567491fc9,ethereum,23727435,CHEIL CREDIT BANK,22985,Digital Currency Address - USDT,TPcUZYthDfxNsHQnZZGBM1BDNBeNSjfPZE,TRON_KEY_EQUIVALENCE,Unknown,DPRK4,2017-09-26
CU-ACT-0527,2025-11-04,BLACKLIST,0x5263b1aa550f70bd9753ec558c631eaadd2ae98c,ethereum,23727436,CHEIL CREDIT BANK,22985,Digital Currency Address - USDT,THUqqeevBQS3EYordDJKwp8DLFknesnfCD,TRON_KEY_EQUIVALENCE,Unknown,DPRK4,2017-09-26
CU-ACT-0528,2025-11-04,BLACKLIST,0x55ef531216bd8077fb1acb8e61be532214b33b76,ethereum,23727438,CHEIL CREDIT BANK,22985,Digital Currency Address - USDT,THob8vRrpDybXeqZDj8ukQhMjJVJ5nCbTW,TRON_KEY_EQUIVALENCE,Unknown,DPRK4,2017-09-26
CU-ACT-0529,2025-11-04,BLACKLIST,0x10df38a923a660965d098f24a618b0d1b5d99cba,ethereum,23727440,CHEIL CREDIT BANK,22985,Digital Currency Address - USDT,TBWRDpQsW1ZVPGGaBAwVLNb7iqmVBuM1nj,TRON_KEY_EQUIVALENCE,Unknown,DPRK4,2017-09-26
CU-ACT-0530,2025-11-04,BLACKLIST,0x0d1891dd69efe614918e989b5ebd68d6e5f18ff5,ethereum,23727441,CHEIL CREDIT BANK,22985,Digital Currency Address - USDT,TBATDh41qMQ1yeVYecneEvhpfayYmkAQWS,TRON_KEY_EQUIVALENCE,Unknown,DPRK4,2017-09-26
CU-ACT-0531,2025-11-04,BLACKLIST,0x5263b1aa550f70bd9753ec558c631eaadd2ae98c,ethereum,23727442,CHEIL CREDIT BANK,22985,Digital Currency Address - USDT,THUqqeevBQS3EYordDJKwp8DLFknesnfCD,TRON_KEY_EQUIVALENCE,Unknown,DPRK4,2017-09-26
CU-ACT-0532,2025-11-04,BLACKLIST,0x15a68a9ffa2a94bdad8468d93af4db24251af772,ethereum,23727449,CHEIL CREDIT BANK,22985,Digital Currency Address - USDT,TBwghbQMsBC5xcUxE7ZpYXhfDMXZAfiFv6,TRON_KEY_EQUIVALENCE,Unknown,DPRK4,2017-09-26
CU-ACT-0533,2025-11-04,BLACKLIST,0x171f95410bc65dfc8549c287cd475dc8b82df192,ethereum,23727455,CHEIL CREDIT BANK,22985,Digital Currency Address - USDT,TC5UNu3LGrjjVCuLNDdVgjm4oL5cQAyFRZ,TRON_KEY_EQUIVALENCE,Unknown,DPRK4,2017-09-26
CU-ACT-0534,2025-11-04,BLACKLIST,0x114074ff655d0643a4ff70411ffca618cb7edca1,ethereum,23727458,CHEIL CREDIT BANK,22985,Digital Currency Address - USDT,TBYRhsZR7Mdn9ezpGVLwZiNVnGm8wZGLAD,TRON_KEY_EQUIVALENCE,Unknown,DPRK4,2017-09-26
CU-ACT-0535,2025-11-04,BLACKLIST,0x117bb0cfee7ce8f842967537fbcd92fc504d68ab,ethereum,23727464,CHEIL CREDIT BANK,22985,Digital Currency Address - USDT,TBZefVsyQpzzxc2WSCLbZBECvxVdzGqdtC,TRON_KEY_EQUIVALENCE,Unknown,DPRK4,2017-09-26
CU-ACT-0536,2025-11-04,BLACKLIST,0x17fff4f3364fa6dfa25cf37bebbff62bc47232f7,ethereum,23727468,CHEIL CREDIT BANK,22985,Digital Currency Address - USDT,TCA7AfTSuDmgYk2VaezfPuZF4Z4X8wxwcQ,TRON_KEY_EQUIVALENCE,Unknown,DPRK4,2017-09-26
CU-ACT-0537,2025-11-04,BLACKLIST,0x2cbd0ba5b15bde90d5252d8ac1ed2aa121d2d62a,ethereum,23727480,CHEIL CREDIT BANK,22985,Digital Currency Address - USDT,TE3mCcPULjPUE7ykX7RArDPAhyahoy3d2j,TRON_KEY_EQUIVALENCE,Unknown,DPRK4,2017-09-26
CU-ACT-0538,2025-11-04,BLACKLIST,0x2547ad3f4b0d37881101885addd1cedf753af9aa,ethereum,23727488,CHEIL CREDIT BANK,22985,Digital Currency Address - USDT,TDNKsLvsY2iSznyghddXz7ZDRc4X3191Z8,TRON_KEY_EQUIVALENCE,Unknown,DPRK4,2017-09-26
CU-ACT-0539,2025-11-04,BLACKLIST,0x40813812bb5a22be798d7f4cf227a584f4f87bc9,ethereum,23727497,CHEIL CREDIT BANK,22985,Digital Currency Address - USDT,TFrH3dcpnR3tADrAcfyJwiK4brsgf3B7PG,TRON_KEY_EQUIVALENCE,Unknown,DPRK4,2017-09-26
CU-ACT-0540,2025-11-04,BLACKLIST,0x37cefc817a4582773b26835910127ba24f284bb4,ethereum,23727500,CHEIL CREDIT BANK,22985,Digital Currency Address - USDT,TF4J8Gp7zbS8NA3HLuxsLdx7Ebzr6weCGn,TRON_KEY_EQUIVALENCE,Unknown,DPRK4,2017-09-26
CU-ACT-0541,2025-11-04,BLACKLIST,0x3e0c892556da529a0c03a28f763964bdf25ca88c,ethereum,23727507,CHEIL CREDIT BANK,22985,Digital Currency Address - USDT,TFdHux43bs21qRsygv5WQWfgtbQeT6nXey,TRON_KEY_EQUIVALENCE,Unknown,DPRK4,2017-09-26
CU-ACT-0542,2025-11-04,BLACKLIST,0x37cefc817a4582773b26835910127ba24f284bb4,ethereum,23727509,CHEIL CREDIT BANK,22985,Digital Currency Address - USDT,TF4J8Gp7zbS8NA3HLuxsLdx7Ebzr6weCGn,TRON_KEY_EQUIVALENCE,Unknown,DPRK4,2017-09-26
CU-ACT-0543,2025-11-04,BLACKLIST,0x45afe4b7e98b6ef450e7b5f53bc1763f3be83e69,ethereum,23727515,CHEIL CREDIT BANK,22985,Digital Currency Address - USDT,TGKgLatirRpTugS6wgCUKerjLbzWKXAVqx,TRON_KEY_EQUIVALENCE,Unknown,DPRK4,2017-09-26
CU-ACT-0544,2025-11-04,BLACKLIST,0x3e0c892556da529a0c03a28f763964bdf25ca88c,ethereum,23727516,CHEIL CREDIT BANK,22985,Digital Currency Address - USDT,TFdHux43bs21qRsygv5WQWfgtbQeT6nXey,TRON_KEY_EQUIVALENCE,Unknown,DPRK4,2017-09-26
CU-ACT-0545,2025-11-04,BLACKLIST,0x44888f0a128a21872c38aa44bede1e31137ba85f,ethereum,23727523,CHEIL CREDIT BANK,22985,Digital Currency Address - USDT,TGDaYNWFXi9HJ7NacfETF15vhUH7eRhKzt,TRON_KEY_EQUIVALENCE,Unknown,DPRK4,2017-09-26
CU-ACT-0546,2025-11-04,BLACKLIST,0x45afe4b7e98b6ef450e7b5f53bc1763f3be83e69,ethereum,23727524,CHEIL CREDIT BANK,22985,Digital Currency Address - USDT,TGKgLatirRpTugS6wgCUKerjLbzWKXAVqx,TRON_KEY_EQUIVALENCE,Unknown,DPRK4,2017-09-26
CU-ACT-0547,2025-11-04,BLACKLIST,0x412e673fb7cce4e031b9a02277b1aeb599f62bc1,ethereum,23727525,CHEIL CREDIT BANK,22985,Digital Currency Address - USDT,TFurWgnyNMq9bhLrLoT9FGnrLfAL2BtR5R,TRON_KEY_EQUIVALENCE,Unknown,DPRK4,2017-09-26
CU-ACT-0548,2025-11-04,BLACKLIST,0x4b1d7ad9f0cbff66d194ba1e9f0da31635f23f0e,ethereum,23727538,CHEIL CREDIT BANK,22985,Digital Currency Address - USDT,TGpNzk9noyvCCdnFPuSg5cqptPs16LjXZq,TRON_KEY_EQUIVALENCE,Unknown,DPRK4,2017-09-26
CU-ACT-0549,2025-11-04,BLACKLIST,0x46ccbcaf10b406a85a412ab713ad451caef9a950,ethereum,23727545,CHEIL CREDIT BANK,22985,Digital Currency Address - USDT,TGRZZsD8gxahF5oE6C7K8LLRHqQzoPa5bX,TRON_KEY_EQUIVALENCE,Unknown,DPRK4,2017-09-26
CU-ACT-0550,2025-11-04,BLACKLIST,0x45fc0d462a6473905024a10f756feadf8e6c2d08,ethereum,23727547,CHEIL CREDIT BANK,22985,Digital Currency Address - USDT,TGMFaAXH15oaW8MpcNHLid6NbMKWaaNPdC,TRON_KEY_EQUIVALENCE,Unknown,DPRK4,2017-09-26
CU-ACT-0551,2025-11-04,BLACKLIST,0x491e68c8464e39723c304aef5cea9543f37ee607,ethereum,23727565,CHEIL CREDIT BANK,22985,Digital Currency Address - USDT,TGdpkwNVFjw2DnbHBCFKLvCygPVPz9w4iM,TRON_KEY_EQUIVALENCE,Unknown,DPRK4,2017-09-26
CU-ACT-0552,2025-11-04,BLACKLIST,0x7b7f0d8f53e16faee4cf90aedf50c7073f17beff,ethereum,23727575,CHEIL CREDIT BANK,22985,Digital Currency Address - USDT,TMECKT19hfumcK3KqQKbhxkn1ohyeR58xu,TRON_KEY_EQUIVALENCE,Unknown,DPRK4,2017-09-26
CU-ACT-0553,2025-11-04,BLACKLIST,0x80d658d0d767de04a4379fee4a2fdf10d9bfbf03,ethereum,23727592,CHEIL CREDIT BANK,22985,Digital Currency Address - USDT,TMiSGhXXVsvJzqwGbwAsGiFxWg2eALZoM5,TRON_KEY_EQUIVALENCE,Unknown,DPRK4,2017-09-26
CU-ACT-0554,2025-11-04,BLACKLIST,0x4fa8b02fd04a8ed74b2c77d7efdfffbcc884e3f2,ethereum,23727596,CHEIL CREDIT BANK,22985,Digital Currency Address - USDT,THEQTsqPhRDDfgcfBW5npH5Lr9PZhpthrf,TRON_KEY_EQUIVALENCE,Unknown,DPRK4,2017-09-26
CU-ACT-0555,2025-11-04,BLACKLIST,0x72a2fc69c5a3025d9d79bb01335860aaf2a4a948,ethereum,23727598,CHEIL CREDIT BANK,22985,Digital Currency Address - USDT,TLRMHPjLGXsVpD9RVzSfat6zDiVDrd4b4w,TRON_KEY_EQUIVALENCE,Unknown,DPRK4,2017-09-26
CU-ACT-0556,2025-11-04,BLACKLIST,0x5a1ca8328b9da53c6c11c8745ea8da29a9cd36c1,ethereum,23727600,CHEIL CREDIT BANK,22985,Digital Currency Address - USDT,TJBg9SxwiUUoqJGk18vK9avxkuV8GrKMK7,TRON_KEY_EQUIVALENCE,Unknown,DPRK4,2017-09-26
CU-ACT-0557,2025-11-04,BLACKLIST,0x4fa8b02fd04a8ed74b2c77d7efdfffbcc884e3f2,ethereum,23727606,CHEIL CREDIT BANK,22985,Digital Currency Address - USDT,THEQTsqPhRDDfgcfBW5npH5Lr9PZhpthrf,TRON_KEY_EQUIVALENCE,Unknown,DPRK4,2017-09-26
CU-ACT-0558,2025-11-04,BLACKLIST,0x5a1ca8328b9da53c6c11c8745ea8da29a9cd36c1,ethereum,23727610,CHEIL CREDIT BANK,22985,Digital Currency Address - USDT,TJBg9SxwiUUoqJGk18vK9avxkuV8GrKMK7,TRON_KEY_EQUIVALENCE,Unknown,DPRK4,2017-09-26
CU-ACT-0559,2025-11-04,BLACKLIST,0x5a1ca8328b9da53c6c11c8745ea8da29a9cd36c1,ethereum,23727621,CHEIL CREDIT BANK,22985,Digital Currency Address - USDT,TJBg9SxwiUUoqJGk18vK9avxkuV8GrKMK7,TRON_KEY_EQUIVALENCE,Unknown,DPRK4,2017-09-26
CU-ACT-0560,2025-11-04,BLACKLIST,0x932dbae7c0493923c2643efc52b9faadfc3109a6,ethereum,23727641,CHEIL CREDIT BANK,22985,Digital Currency Address - USDT,TPPR7e8hGC57dexrE2jy1f94wtuGyVP6Dp,TRON_KEY_EQUIVALENCE,Unknown,DPRK4,2017-09-26
CU-ACT-0561,2025-11-04,BLACKLIST,0x919d585e07ab0926832753eb43fd6fb2b8488051,ethereum,23727643,CHEIL CREDIT BANK,22985,Digital Currency Address - USDT,TPF9UQhqpV18BPWg5xo6MeB3h8t4iEg9gP,TRON_KEY_EQUIVALENCE,Unknown,DPRK4,2017-09-26
CU-ACT-0562,2025-11-04,BLACKLIST,0x9d6350f74c811ca9e9c9adc35227a1193d5984b0,ethereum,23727653,CHEIL CREDIT BANK,22985,Digital Currency Address - USDT,TQKQ4ntejdYYJpuYkFz8oCSDoXW6RKRDdY,TRON_KEY_EQUIVALENCE,Unknown,DPRK4,2017-09-26
CU-ACT-0563,2025-11-04,BLACKLIST,0x97a582fff8b54e501f584dcd828fd1200f6f9e6b,ethereum,23727658,CHEIL CREDIT BANK,22985,Digital Currency Address - USDT,TPo3JyryRcQ3uhBWexeYhtkpMitsUwY4uB,TRON_KEY_EQUIVALENCE,Unknown,DPRK4,2017-09-26
CU-ACT-0564,2025-11-04,BLACKLIST,0xad0fd006d311c33da60c180603316a813a3f68d4,ethereum,23727660,CHEIL CREDIT BANK,22985,Digital Currency Address - USDT,TRkGqvaobVp4XDNmSceRo5hDcJYDTFmYjd,TRON_KEY_EQUIVALENCE,Unknown,DPRK4,2017-09-26
CU-ACT-0565,2025-11-04,BLACKLIST,0x97a582fff8b54e501f584dcd828fd1200f6f9e6b,ethereum,23727669,CHEIL CREDIT BANK,22985,Digital Currency Address - USDT,TPo3JyryRcQ3uhBWexeYhtkpMitsUwY4uB,TRON_KEY_EQUIVALENCE,Unknown,DPRK4,2017-09-26
CU-ACT-0566,2025-11-04,BLACKLIST,0xc014eb917fb0689844b31347c7556c18a319bbbf,ethereum,23727692,CHEIL CREDIT BANK,22985,Digital Currency Address - USDT,TTUqoT6EAmiM1xLvwVwxhjvjaoEUGtKDdZ,TRON_KEY_EQUIVALENCE,Unknown,DPRK4,2017-09-26
CU-ACT-0567,2025-11-04,BLACKLIST,0xda9809eaca62c7d52978045007f26817c425875f,ethereum,23727693,CHEIL CREDIT BANK,22985,Digital Currency Address - USDT,TVu2SiQrWSnfwk8quAeDxfiaLy6FHzYkMA,TRON_KEY_EQUIVALENCE,Unknown,DPRK4,2017-09-26
CU-ACT-0568,2025-11-04,BLACKLIST,0xd3301fc40c118a14ba8c15370e6dd3746656d287,ethereum,23727696,CHEIL CREDIT BANK,22985,Digital Currency Address - USDT,TVDsEFm19zLV8HeXdt6G75rLroxnp6uqpV,TRON_KEY_EQUIVALENCE,Unknown,DPRK4,2017-09-26
CU-ACT-0569,2025-11-04,BLACKLIST,0xa4e740b001ea51cd90988b19cfb9da7a52e91c47,ethereum,23727701,CHEIL CREDIT BANK,22985,Digital Currency Address - USDT,TR18rEj7gWjKBJLYrowyfnvjWLTTsXGngK,TRON_KEY_EQUIVALENCE,Unknown,DPRK4,2017-09-26
CU-ACT-0570,2025-11-04,BLACKLIST,0xda9809eaca62c7d52978045007f26817c425875f,ethereum,23727708,CHEIL CREDIT BANK,22985,Digital Currency Address - USDT,TVu2SiQrWSnfwk8quAeDxfiaLy6FHzYkMA,TRON_KEY_EQUIVALENCE,Unknown,DPRK4,2017-09-26
CU-ACT-0571,2025-11-04,BLACKLIST,0xa4e740b001ea51cd90988b19cfb9da7a52e91c47,ethereum,23727709,CHEIL CREDIT BANK,22985,Digital Currency Address - USDT,TR18rEj7gWjKBJLYrowyfnvjWLTTsXGngK,TRON_KEY_EQUIVALENCE,Unknown,DPRK4,2017-09-26
CU-ACT-0572,2025-11-04,BLACKLIST,0xfc3def4dc3bac88f7e80d53c2499a02d65ae7e66,ethereum,23727718,CHEIL CREDIT BANK,22985,Digital Currency Address - USDT,TYxwUhoLPF7AgfG9GaXFEp8CQi8K8KG1m3,TRON_KEY_EQUIVALENCE,Unknown,DPRK4,2017-09-26
CU-ACT-0573,2025-11-04,BLACKLIST,0xe61c235a51cf48a554c60005d936d424d0d76397,ethereum,23727719,CHEIL CREDIT BANK,22985,Digital Currency Address - USDT,TWwv8FQiES3yHGig7y3zJWYuPaZfSV3vmY,TRON_KEY_EQUIVALENCE,Unknown,DPRK4,2017-09-26
CU-ACT-0574,2025-11-04,BLACKLIST,0xda9809eaca62c7d52978045007f26817c425875f,ethereum,23727721,CHEIL CREDIT BANK,22985,Digital Currency Address - USDT,TVu2SiQrWSnfwk8quAeDxfiaLy6FHzYkMA,TRON_KEY_EQUIVALENCE,Unknown,DPRK4,2017-09-26
CU-ACT-0575,2025-11-04,BLACKLIST,0xfc3def4dc3bac88f7e80d53c2499a02d65ae7e66,ethereum,23727731,CHEIL CREDIT BANK,22985,Digital Currency Address - USDT,TYxwUhoLPF7AgfG9GaXFEp8CQi8K8KG1m3,TRON_KEY_EQUIVALENCE,Unknown,DPRK4,2017-09-26
CU-ACT-0576,2025-11-04,BLACKLIST,0xed5324b5482a3eef2eb4263d1c386d86bfda5d4b,ethereum,23727738,CHEIL CREDIT BANK,22985,Digital Currency Address - USDT,TXc4kRiMEcdXRxWpSKkD5qKaARExN4uxPq,TRON_KEY_EQUIVALENCE,Unknown,DPRK4,2017-09-26
CU-ACT-0577,2025-11-04,BLACKLIST,0xc95b0eaad3ed1c1505fc9b1a50c160afe3594036,ethereum,23727741,CHEIL CREDIT BANK,22985,Digital Currency Address - USDT,TUKsuPVb8kgJVFp5x528KC5HisUVdzxami,TRON_KEY_EQUIVALENCE,Unknown,DPRK4,2017-09-26
CU-ACT-0578,2025-11-04,BLACKLIST,0xa3afa16728fc3a16072a7a00ec4508fafe02a34a,ethereum,23727742,CHEIL CREDIT BANK,22985,Digital Currency Address - USDT,TQthYM5nLqwAEr6DScC8tRtw29ncEB53mK,TRON_KEY_EQUIVALENCE,Unknown,DPRK4,2017-09-26
CU-ACT-0579,2025-11-04,BLACKLIST,0xc5aa13f464851d92fd59f1ef6a1c719e5e6d2d4a,ethereum,23727743,CHEIL CREDIT BANK,22985,Digital Currency Address - USDT,TTzMs5AR66jr9mQMkWfCHVwd3AiLLYPepQ,TRON_KEY_EQUIVALENCE,Unknown,DPRK4,2017-09-26
CU-ACT-0580,2025-11-04,BLACKLIST,0xe96e4483bc3f3abfea3213cd8a094ce5b26b117c,ethereum,23727748,CHEIL CREDIT BANK,22985,Digital Currency Address - USDT,TXFUYHVJMDyKikutvCG6qNgTUS5pxtZhHs,TRON_KEY_EQUIVALENCE,Unknown,DPRK4,2017-09-26
CU-ACT-0581,2025-11-04,BLACKLIST,0xc5aa13f464851d92fd59f1ef6a1c719e5e6d2d4a,ethereum,23727751,CHEIL CREDIT BANK,22985,Digital Currency Address - USDT,TTzMs5AR66jr9mQMkWfCHVwd3AiLLYPepQ,TRON_KEY_EQUIVALENCE,Unknown,DPRK4,2017-09-26
CU-ACT-0582,2025-11-04,BLACKLIST,0xdb7ae6b7a2153fe0062be5d1d90a8be5ec8aaa50,ethereum,23727756,CHEIL CREDIT BANK,22985,Digital Currency Address - USDT,TVyiDQ25H6Rx6PcNV1WyjGasGSa8ehj1Uv,TRON_KEY_EQUIVALENCE,Unknown,DPRK4,2017-09-26
CU-ACT-0583,2025-11-04,BLACKLIST,0xc5aa13f464851d92fd59f1ef6a1c719e5e6d2d4a,ethereum,23727765,CHEIL CREDIT BANK,22985,Digital Currency Address - USDT,TTzMs5AR66jr9mQMkWfCHVwd3AiLLYPepQ,TRON_KEY_EQUIVALENCE,Unknown,DPRK4,2017-09-26
CU-ACT-0584,2025-11-04,BLACKLIST,0xdb7ae6b7a2153fe0062be5d1d90a8be5ec8aaa50,ethereum,23727769,CHEIL CREDIT BANK,22985,Digital Currency Address - USDT,TVyiDQ25H6Rx6PcNV1WyjGasGSa8ehj1Uv,TRON_KEY_EQUIVALENCE,Unknown,DPRK4,2017-09-26
CU-ACT-0585,2025-11-04,BLACKLIST,0xdb7ae6b7a2153fe0062be5d1d90a8be5ec8aaa50,ethereum,23727779,CHEIL CREDIT BANK,22985,Digital Currency Address - USDT,TVyiDQ25H6Rx6PcNV1WyjGasGSa8ehj1Uv,TRON_KEY_EQUIVALENCE,Unknown,DPRK4,2017-09-26
CU-ACT-0586,2025-11-04,BLACKLIST,0xf512078e07f61a2e28081c8ea86c6056788d18b4,ethereum,23727787,CHEIL CREDIT BANK,22985,Digital Currency Address - USDT,TYK29mbyvVxLaLUKdFSTRADMwoxaVbVZQg,TRON_KEY_EQUIVALENCE,Unknown,DPRK4,2017-09-26
CU-ACT-0587,2025-11-04,BLACKLIST,0xdc2ec40485f23d6268fe9f4fde8c390051f4766a,ethereum,23727792,CHEIL CREDIT BANK,22985,Digital Currency Address - USDT,TW3RgbhYkFEFnmRJ9mE9b83T9XYSMkjwuD,TRON_KEY_EQUIVALENCE,Unknown,DPRK4,2017-09-26
CU-ACT-0588,2025-11-04,BLACKLIST,0xf3f338ec1c5e17ab45377e78308ace9a6338242c,ethereum,23727796,CHEIL CREDIT BANK,22985,Digital Currency Address - USDT,TYD6a4PAAfAgegEdDf9oZUnW4DFmS8jeFT,TRON_KEY_EQUIVALENCE,Unknown,DPRK4,2017-09-26
CU-ACT-0589,2025-11-04,BLACKLIST,0xc19a1636cf379ce180a61946a990d743bd2ee3d1,ethereum,23727797,CHEIL CREDIT BANK,22985,Digital Currency Address - USDT,TTct1DezYvriNWU7Wi3mygLoskkaw61mra,TRON_KEY_EQUIVALENCE,Unknown,DPRK4,2017-09-26
CU-ACT-0590,2025-11-04,BLACKLIST,0xdb7ae6b7a2153fe0062be5d1d90a8be5ec8aaa50,ethereum,23727800,CHEIL CREDIT BANK,22985,Digital Currency Address - USDT,TVyiDQ25H6Rx6PcNV1WyjGasGSa8ehj1Uv,TRON_KEY_EQUIVALENCE,Unknown,DPRK4,2017-09-26
CU-ACT-0591,2025-11-04,BLACKLIST,0xdc2ec40485f23d6268fe9f4fde8c390051f4766a,ethereum,23727801,CHEIL CREDIT BANK,22985,Digital Currency Address - USDT,TW3RgbhYkFEFnmRJ9mE9b83T9XYSMkjwuD,TRON_KEY_EQUIVALENCE,Unknown,DPRK4,2017-09-26
CU-ACT-0597,2025-11-19,BLACKLIST,0x5d5b5dafecbf31bdb08bfd3edad4f2694372d0ef,ethereum,23834720,Sokolovski Rolan,56360,Digital Currency Address - ETH,0x5d5b5dafecbf31bdb08bfd3edad4f2694372d0ef,HEX_IDENTIFIER,Unknown,ILLICIT-DRUGS-EO14059,2025-11-19
CU-ACT-0598,2025-11-19,BLACKLIST,0xc103b7dc095c904b92081eef0c1640081ec01c10,ethereum,23834740,Sokolovski Rolan,56360,Digital Currency Address - ETH,0xc103b7dc095c904b92081eef0c1640081ec01c10,HEX_IDENTIFIER,Unknown,ILLICIT-DRUGS-EO14059,2025-11-19
CU-ACT-0599,2025-11-19,BLACKLIST,0x2020b536fd363c82fc3f6ab26aeea94b4ffa1404,ethereum,23834741,Sokolovski Rolan,56360,Digital Currency Address - TRX,TCu5onCzXuqxjvVzdB2tR4FLuF66d4yRqf,TRON_KEY_EQUIVALENCE,Unknown,ILLICIT-DRUGS-EO14059,2025-11-19
CU-ACT-0600,2025-11-19,BLACKLIST,0x11fe0fd1a9fb17746eb9877a396ddf1b3a632838,ethereum,23834751,Sokolovski Rolan,56360,Digital Currency Address - TRX,TBcLqqqyZjNj1ptuXFgj5H768NhNU5nDyn,TRON_KEY_EQUIVALENCE,Unknown,ILLICIT-DRUGS-EO14059,2025-11-19
CU-ACT-0601,2025-11-19,BLACKLIST,0xe1e4c5e5ed8f03ae61b581e2def126025f2b9401,ethereum,23834757,Sokolovski Rolan,56360,Digital Currency Address - ETH,0xe1e4c5e5ed8f03ae61b581e2def126025f2b9401,HEX_IDENTIFIER,Unknown,ILLICIT-DRUGS-EO14059,2025-11-19
CU-ACT-0602,2025-11-19,BLACKLIST,0x9227c54226014afcb588dc49818e28a3a2367557,ethereum,23834777,Wedding Ryan James,56357,Digital Currency Address - TRX,TPJ1JNX98MJpHueBJeF5SVSg85z8mYg1P1,TRON_KEY_EQUIVALENCE,Unknown,ILLICIT-DRUGS-EO14059,2025-11-19
CU-ACT-0603,2025-11-19,BLACKLIST,0x091a964948da0f8f638c8b688e391e5a3df1a43e,ethereum,23834805,Wedding Ryan James,56357,Digital Currency Address - TRX,TAoLw5yD5XUoHWeBZRSZ1ExK9HMv2CiPvP,TRON_KEY_EQUIVALENCE,Unknown,ILLICIT-DRUGS-EO14059,2025-11-19
CU-ACT-0604,2025-11-19,BLACKLIST,0xd4e976441a1cad72ee5cbd2fd1b677fe7ce8afdf,ethereum,23834808,Wedding Ryan James,56357,Digital Currency Address - TRX,TVNyvx2astt2AB1Us67ENjfMZeEXZeiuu6,TRON_KEY_EQUIVALENCE,Unknown,ILLICIT-DRUGS-EO14059,2025-11-19
CU-ACT-0618,2026-01-30,BLACKLIST,0xbf92b14aa9fd088182178e2ebf208da946521ee5,ethereum,24348936,Zedcex Exchange Ltd,56865,Digital Currency Address - TRX,TTS9o5KkpGgH8cK9LofLmMAPYb5zfQvSNa,TRON_KEY_EQUIVALENCE,Unknown,IFSR; IRAN-EO13902; SDGT,2026-01-30
CU-ACT-0619,2026-01-30,BLACKLIST,0x2136ed3902c1d7217d9b19cf313bbb035ed9bfd7,ethereum,24348938,Zedcex Exchange Ltd,56865,Digital Currency Address - TRX,TCzq6m2zxnQkrZrf8cqYcK6bbXQYAfWYKC,TRON_KEY_EQUIVALENCE,Unknown,IFSR; IRAN-EO13902; SDGT,2026-01-30
CU-ACT-0620,2026-01-30,BLACKLIST,0x180242dc6b95c786c2d9c397532c679a956a1d12,ethereum,24348947,Zedcex Exchange Ltd,56865,Digital Currency Address - TRX,TCA9vmjsYw9MtPKEwRBtGhKFRfr4CLxJAv,TRON_KEY_EQUIVALENCE,Unknown,IFSR; IRAN-EO13902; SDGT,2026-01-30
CU-ACT-0621,2026-01-30,BLACKLIST,0x180242dc6b95c786c2d9c397532c679a956a1d12,ethereum,24348952,Zedcex Exchange Ltd,56865,Digital Currency Address - TRX,TCA9vmjsYw9MtPKEwRBtGhKFRfr4CLxJAv,TRON_KEY_EQUIVALENCE,Unknown,IFSR; IRAN-EO13902; SDGT,2026-01-30
CU-ACT-0622,2026-01-30,BLACKLIST,0x4bae1c4b2167fe4ebcd6d7baac1138d943a2609f,ethereum,24348953,Zedcex Exchange Ltd,56865,Digital Currency Address - TRX,TGsNFrgWfbGN2gX25Wcf8oTejtxtQkvmEx,TRON_KEY_EQUIVALENCE,Unknown,IFSR; IRAN-EO13902; SDGT,2026-01-30
CU-ACT-0623,2026-01-30,BLACKLIST,0x0529ebc9ff01a4d390f91687d7c7406bf0dab24e,ethereum,24348957,Zedcex Exchange Ltd,56865,Digital Currency Address - TRX,TASWbk6X1wiTku5TMmMQYqYFvshVEtfJy8,TRON_KEY_EQUIVALENCE,Unknown,IFSR; IRAN-EO13902; SDGT,2026-01-30
CU-ACT-0624,2026-01-30,BLACKLIST,0x783a4cc2478f1b44f37052bac72abaa3fc6f992a,ethereum,24348961,Zedcex Exchange Ltd,56865,Digital Currency Address - TRX,TLvuvpfBKdxddxSsJefeiGCe9eVY8HUroE,TRON_KEY_EQUIVALENCE,Unknown,IFSR; IRAN-EO13902; SDGT,2026-01-30
CU-ACT-0625,2026-01-30,BLACKLIST,0x0529ebc9ff01a4d390f91687d7c7406bf0dab24e,ethereum,24348965,Zedcex Exchange Ltd,56865,Digital Currency Address - TRX,TASWbk6X1wiTku5TMmMQYqYFvshVEtfJy8,TRON_KEY_EQUIVALENCE,Unknown,IFSR; IRAN-EO13902; SDGT,2026-01-30
CU-ACT-0626,2026-01-30,BLACKLIST,0x0529ebc9ff01a4d390f91687d7c7406bf0dab24e,ethereum,24348970,Zedcex Exchange Ltd,56865,Digital Currency Address - TRX,TASWbk6X1wiTku5TMmMQYqYFvshVEtfJy8,TRON_KEY_EQUIVALENCE,Unknown,IFSR; IRAN-EO13902; SDGT,2026-01-30
CU-ACT-0627,2026-01-30,BLACKLIST,0x8dd586d12164a98e319607295935ee968919608e,ethereum,24348979,Zedcex Exchange Ltd,56865,Digital Currency Address - TRX,TNuA5CQ6LB4jTHoNrjEeQZJmcmhQuHMbQ7,TRON_KEY_EQUIVALENCE,Unknown,IFSR; IRAN-EO13902; SDGT,2026-01-30
CU-ACT-0632,2026-03-12,BLACKLIST,0xb637f84b66876ebf609c2a4208905f9ddac9d075,ethereum,24642839,Yun Song Guk,57034,Digital Currency Address - ETH,0xb637f84b66876ebf609c2a4208905f9ddac9d075,HEX_IDENTIFIER,Unknown,DPRK4,2026-03-12
CU-ACT-0633,2026-03-12,BLACKLIST,0x6315bdc714ebb7a08e5ec10f351b6ca61d052bee,ethereum,24642865,Sim Hyon Sop,42498,Digital Currency Address - TRX,TK17wfSPp32RWrnzZPrGpv7TxdNFvvvE2s,TRON_KEY_EQUIVALENCE,Unknown,NPWMD,2023-04-24
CU-ACT-0634,2026-03-12,BLACKLIST,0xcb74874f1e06fcf80a306e06e5379a44b488ba2d,ethereum,24642871,AMNOKGANG TECHNOLOGY DEVELOPMENT COMPANY 압록강기술개발회사 鸭绿江技术开发公司,57056,Digital Currency Address - ETH,0xcB74874f1e06Fcf80A306e06e5379A44B488bA2D,HEX_IDENTIFIER,Unknown,DPRK4,2026-03-12
CU-ACT-0635,2026-03-12,BLACKLIST,0x95584c303fcd48af5c6b9873015f2ad0ca84eae3,ethereum,24642875,Yun Song Guk,57034,Digital Currency Address - ETH,0x95584C303FCd48AF5c6B9873015f2AD0ca84EaE3,HEX_IDENTIFIER,Unknown,DPRK4,2026-03-12
CU-ACT-0636,2026-03-12,BLACKLIST,0x9be599d7867f5e1a2d7ec6db9710df2b98a15573,ethereum,24642892,AMNOKGANG TECHNOLOGY DEVELOPMENT COMPANY 압록강기술개발회사 鸭绿江技术开发公司,57056,Digital Currency Address - ETH,0x9Be599d7867f5E1a2D7Ec6dB9710dF2b98A15573,HEX_IDENTIFIER,Unknown,DPRK4,2026-03-12
CU-ACT-0637,2026-03-12,BLACKLIST,0x88ef69134150f35b1e91fa2d8bfbb44ba2c51e62,ethereum,24642899,Sim Hyon Sop,42498,Digital Currency Address - TRX,TNTFhgFoKH4srBMiWbfrVFqP2AThSmdwf1,TRON_KEY_EQUIVALENCE,Unknown,NPWMD,2023-04-24
CU-ACT-0638,2026-03-12,BLACKLIST,0x0330070fd38ec3bb94f58fa55d40368271e9e54a,ethereum,24642902,AMNOKGANG TECHNOLOGY DEVELOPMENT COMPANY 압록강기술개발회사 鸭绿江技术开发公司,57056,Digital Currency Address - ETH,0x0330070FD38Ec3bB94F58FA55D40368271E9e54A,HEX_IDENTIFIER,Unknown,DPRK4,2026-03-12
CU-ACT-0639,2026-03-12,BLACKLIST,0x76ea76ca4eb727f18956ab93445a94c5280412b9,ethereum,24642911,Sim Hyon Sop,42498,Digital Currency Address - ETH,0x76EA76CA4Eb727f18956aB93445a94c5280412B9,HEX_IDENTIFIER,Unknown,NPWMD,2023-04-24
CU-ACT-0640,2026-03-12,BLACKLIST,0xfb3eff152ea55d1bfa04dbdd509a80fd7b72cdeb,ethereum,24642913,Sim Hyon Sop,42498,Digital Currency Address - ETH,0xFb3eFf152ea55D1BfA04Dbdd509A80fD7b72cdEB,HEX_IDENTIFIER,Unknown,NPWMD,2023-04-24
CU-ACT-0641,2026-03-12,BLACKLIST,0x747afb5c7a7fc34b547cd0fdebf9b91759c5a52b,ethereum,24642920,Sim Hyon Sop,42498,Digital Currency Address - ETH,0x747AFB5c7A7fc34B547cD0FDEbf9b91759C5a52b,HEX_IDENTIFIER,Unknown,NPWMD,2023-04-24
CU-ACT-0642,2026-03-12,BLACKLIST,0xd04e33461fea8302c5e1e13895b60cee8aefda7f,ethereum,24642924,Sim Hyon Sop,42498,Digital Currency Address - ETH,0xd04E33461FEA8302c5E1e13895b60cEe8AEfda7F,HEX_IDENTIFIER,Unknown,NPWMD,2023-04-24
CU-ACT-0643,2026-03-12,BLACKLIST,0x4f47bc496083c727c5fbe3ce9cdf2b0f6496270c,ethereum,24642925,Sim Hyon Sop,42498,Digital Currency Address - ETH,0x4f47bc496083c727c5fbe3ce9cdf2b0f6496270c,HEX_IDENTIFIER,Unknown,NPWMD,2023-04-24
CU-ACT-0644,2026-03-12,BLACKLIST,0xfe88af78cfc99bea57f2fb708489cfc0f0b7f704,ethereum,24642948,AMNOKGANG TECHNOLOGY DEVELOPMENT COMPANY 압록강기술개발회사 鸭绿江技术开发公司,57056,Digital Currency Address - TRX,TZB4NrX7k9ZsV6PRc1GigAztLL8WHpLvwP,TRON_KEY_EQUIVALENCE,Unknown,DPRK4,2026-03-12
CU-ACT-0645,2026-03-12,BLACKLIST,0x8d55c4306745f05a31af596c6bfa19374073e797,ethereum,24642956,AMNOKGANG TECHNOLOGY DEVELOPMENT COMPANY 압록강기술개발회사 鸭绿江技术开发公司,57056,Digital Currency Address - TRX,TNrX2FwrHKoo4XACGkmSzqeK4pdnKYn6Z7,TRON_KEY_EQUIVALENCE,Unknown,DPRK4,2026-03-12
CU-ACT-0646,2026-03-12,BLACKLIST,0x283fcf7f260da7c3c9aad91beab58882990a66eb,ethereum,24642961,AMNOKGANG TECHNOLOGY DEVELOPMENT COMPANY 압록강기술개발회사 鸭绿江技术开发公司,57056,Digital Currency Address - TRX,TDe2UNAvuUnTbbDo7518eMe3TXN5qJW8Ft,TRON_KEY_EQUIVALENCE,Unknown,DPRK4,2026-03-12
CU-ACT-0647,2026-03-12,BLACKLIST,0xfda1ec4a6178d4916b001a065422d31ebe5f62ff,ethereum,24642963,Sim Hyon Sop,42498,Digital Currency Address - ETH,0xFda1Ec4A6178d4916b001a065422D31EBE5F62FF,HEX_IDENTIFIER,Unknown,NPWMD,2023-04-24
CU-ACT-0648,2026-03-12,BLACKLIST,0x2ec6c5fe3d7acd8e2e6185c17d9acb136e66f3e0,ethereum,24642969,AMNOKGANG TECHNOLOGY DEVELOPMENT COMPANY 압록강기술개발회사 鸭绿江技术开发公司,57056,Digital Currency Address - TRX,TEEYCuGDyeNkuDj4u6GQRXxXo3Nh29r2vP,TRON_KEY_EQUIVALENCE,Unknown,DPRK4,2026-03-12
CU-ACT-0649,2026-03-12,BLACKLIST,0xee61f0eeee09eed3583baab61fa2e64b96207478,ethereum,24642985,Sim Hyon Sop,42498,Digital Currency Address - TRX,TXhf9nU9bjo1j9z5qEesHdr6gtdndfnA4T,TRON_KEY_EQUIVALENCE,Unknown,NPWMD,2023-04-24
CU-ACT-0650,2026-03-12,BLACKLIST,0xf8bc582628cd0c721b554161a1cb59ea003742c0,ethereum,24642988,Sim Hyon Sop,42498,Digital Currency Address - TRX,TYeQD2VddTZ9NkFkAnT9DD8cUGetGUQZB2,TRON_KEY_EQUIVALENCE,Unknown,NPWMD,2023-04-24
CU-ACT-0651,2026-03-12,BLACKLIST,0x47df0606a84a52763887d7aa280cc4f068326b16,ethereum,24642999,Sim Hyon Sop,42498,Digital Currency Address - TRX,TGXE9dGWawjfd3xqFSho1h1bRbRv9wUGrF,TRON_KEY_EQUIVALENCE,Unknown,NPWMD,2023-04-24
CU-ACT-0652,2026-03-12,BLACKLIST,0x9145fc390e71e3b56da4bfe51460cbdbb1a8a3f9,ethereum,24643004,Sim Hyon Sop,42498,Digital Currency Address - TRX,TPDLpXxPcaSsupEZ3yrVksmNkYP5SLeKxu,TRON_KEY_EQUIVALENCE,Unknown,NPWMD,2023-04-24
CU-ACT-0783,2023-08-18,BLACKLIST,0xd882cfc20f52f2599d84b8e8d58c7fb62cfe344b,base,2798422,KARASAVIDI Dmitrii КАРАСАВИДИ Дмитрий,29585,Digital Currency Address - ETH,0xd882cfc20f52f2599d84b8e8d58c7fb62cfe344b,HEX_IDENTIFIER,Unknown,CYBER2,2020-09-16
CU-ACT-0784,2023-08-18,BLACKLIST,0x7f367cc41522ce07553e823bf3be79a889debe1b,base,2798427,Potekhin Danil Потехин Данил,29584,Digital Currency Address - ETH,0x7F367cC41522cE07553e823bf3be79A889DEbe1B,HEX_IDENTIFIER,Unknown,CYBER2,2020-09-16
CU-ACT-0785,2023-08-18,BLACKLIST,0x1da5821544e25c636c1417ba96ade4cf6d2f9b5a,base,2798431,Secondeye Solution,30518,Digital Currency Address - ETH,0x1da5821544e25c636c1417ba96ade4cf6d2f9b5a,HEX_IDENTIFIER,Unknown,CYBER2; ELECTION-EO13848,2021-04-15
CU-ACT-0786,2023-08-18,BLACKLIST,0x7db418b5d567a4e0e8c59ad71be1fce48f3e6107,base,2798435,Secondeye Solution,30518,Digital Currency Address - ETH,0x7Db418b5D567A4e0E8c59Ad71BE1FcE48f3E6107,HEX_IDENTIFIER,Unknown,CYBER2; ELECTION-EO13848,2021-04-15
CU-ACT-0787,2023-08-18,BLACKLIST,0x72a5843cc08275c8171e582972aa4fda8c397b2a,base,2798440,Secondeye Solution,30518,Digital Currency Address - ETH,0x72a5843cc08275C8171E582972Aa4fDa8C397B2A,HEX_IDENTIFIER,Unknown,CYBER2; ELECTION-EO13848,2021-04-15
CU-ACT-0788,2023-08-18,BLACKLIST,0x7f19720a857f834887fc9a7bc0a0fbe7fc7f8102,base,2798445,Secondeye Solution,30518,Digital Currency Address - ETH,0x7F19720A857F834887FC9A7bC0a0fBe7Fc7f8102,HEX_IDENTIFIER,Unknown,CYBER2; ELECTION-EO13848,2021-04-15
CU-ACT-0789,2023-08-18,BLACKLIST,0x9f4cda013e354b8fc285bf4b9a60460cee7f7ea9,base,2798488,SOUTHFRONT,31212,Digital Currency Address - ETH,0x9f4cda013e354b8fc285bf4b9a60460cee7f7ea9,HEX_IDENTIFIER,Unknown,CYBER2; ELECTION-EO13848; NPWMD,2021-04-15
CU-ACT-0790,2023-08-18,BLACKLIST,0xa7e5d5a720f06526557c513402f2e6b5fa20b008,base,2798493,Lifshits Artem Mikhaylovich ЛИФШИЦ Артем Михайлович,29702,Digital Currency Address - ETH,0xa7e5d5a720f06526557c513402f2e6b5fa20b008,HEX_IDENTIFIER,Unknown,CYBER2; ELECTION-EO13848,2020-09-10
CU-ACT-0791,2023-08-18,BLACKLIST,0x3cbded43efdaf0fc77b9c55f6fc9988fcc9b757d,base,2798497,SOUTHFRONT,31212,Digital Currency Address - ETH,0x3cbded43efdaf0fc77b9c55f6fc9988fcc9b757d,HEX_IDENTIFIER,Unknown,CYBER2; ELECTION-EO13848; NPWMD,2021-04-15
CU-ACT-0792,2023-08-18,BLACKLIST,0x67d40ee1a85bf4a4bb7ffae16de985e8427b6b45,base,2798535,CHATEX,33854,Digital Currency Address - ETH,0x67d40EE1A85bf4a4Bb7Ffae16De985e8427B6b45,HEX_IDENTIFIER,Unknown,CYBER2,2021-11-08
CU-ACT-0793,2023-08-18,BLACKLIST,0x6f1ca141a28907f78ebaa64fb83a9088b02a8352,base,2798540,CHATEX,33854,Digital Currency Address - ETH,0x6f1ca141a28907f78ebaa64fb83a9088b02a8352,HEX_IDENTIFIER,Unknown,CYBER2,2021-11-08
CU-ACT-0795,2023-08-18,BLACKLIST,0x48549a34ae37b12f6a30566245176994e17c6b4a,base,2798555,CHATEX,33854,Digital Currency Address - ETH,0x48549a34ae37b12f6a30566245176994e17c6b4a,HEX_IDENTIFIER,Unknown,CYBER2,2021-11-08
CU-ACT-0796,2023-08-18,BLACKLIST,0x5512d943ed1f7c8a43f3435c85f7ab68b30121b0,base,2798560,CHATEX,33854,Digital Currency Address - ETH,0x5512d943ed1f7c8a43f3435c85f7ab68b30121b0,HEX_IDENTIFIER,Unknown,CYBER2,2021-11-08
CU-ACT-0797,2023-08-18,BLACKLIST,0x5512d943ed1f7c8a43f3435c85f7ab68b30121b0,base,2800046,CHATEX,33854,Digital Currency Address - ETH,0x5512d943ed1f7c8a43f3435c85f7ab68b30121b0,HEX_IDENTIFIER,Unknown,CYBER2,2021-11-08
CU-ACT-0798,2023-08-18,BLACKLIST,0xc455f7fd3e0e12afd51fba5c106909934d8a0e4a,base,2800052,CHATEX,33854,Digital Currency Address - ETH,0xc455f7fd3e0e12afd51fba5c106909934d8a0e4a,HEX_IDENTIFIER,Unknown,CYBER2,2021-11-08
CU-ACT-0799,2023-08-18,BLACKLIST,0x2f389ce8bd8ff92de3402ffce4691d17fc4f6535,base,2800057,"SUEX OTC, S.R.O.",33151,Digital Currency Address - ETH,0x2f389ce8bd8ff92de3402ffce4691d17fc4f6535,HEX_IDENTIFIER,Unknown,CYBER2,2021-09-21
CU-ACT-0800,2023-08-18,BLACKLIST,0x19aa5fe80d33a56d56c78e82ea5e50e5d80b4dff,base,2800283,"SUEX OTC, S.R.O.",33151,Digital Currency Address - ETH,0x19aa5fe80d33a56d56c78e82ea5e50e5d80b4dff,HEX_IDENTIFIER,Unknown,CYBER2,2021-09-21
CU-ACT-0801,2023-08-18,BLACKLIST,0xe7aa314c77f4233c18c6cc84384a9247c0cf367b,base,2800286,"SUEX OTC, S.R.O.",33151,Digital Currency Address - ETH,0xe7aa314c77f4233c18c6cc84384a9247c0cf367b,HEX_IDENTIFIER,Unknown,CYBER2,2021-09-21
CU-ACT-0802,2023-08-18,BLACKLIST,0x308ed4b7b49797e1a98d3818bff6fe5385410370,base,2800290,"SUEX OTC, S.R.O.",33151,Digital Currency Address - ETH,0x308ed4b7b49797e1a98d3818bff6fe5385410370,HEX_IDENTIFIER,Unknown,CYBER2,2021-09-21
CU-ACT-0803,2023-08-18,BLACKLIST,0xfec8a60023265364d066a1212fde3930f6ae8da7,base,2800294,Polyanin Yevgeniy Igorevich Полянин Евгений Игоревич,33858,Digital Currency Address - USDT,0xfec8a60023265364d066a1212fde3930f6ae8da7,HEX_IDENTIFIER,Unknown,CYBER2,2021-11-08
CU-ACT-0804,2023-08-18,BLACKLIST,0x8576acc5c05d6ce88f4e49bf65bdf0c62f91353c,base,2800298,Andreyev Anton Nikolaeyvich АНДРЕЕВ Антон Николаевич,29703,Digital Currency Address - ETH,0x8576acc5c05d6ce88f4e49bf65bdf0c62f91353c,HEX_IDENTIFIER,Unknown,CYBER2; ELECTION-EO13848,2020-09-10
CU-ACT-0805,2023-08-18,BLACKLIST,0x901bb9583b24d97e995513c6778dc6888ab6870e,base,2800301,Lifshits Artem Mikhaylovich ЛИФШИЦ Артем Михайлович,29702,Digital Currency Address - ETH,0x901bb9583b24d97e995513c6778dc6888ab6870e,HEX_IDENTIFIER,Unknown,CYBER2; ELECTION-EO13848,2020-09-10
CU-ACT-0806,2023-08-18,BLACKLIST,0x7ff9cfad3877f21d41da833e2f775db0569ee3d9,base,2800304,GARANTEX EUROPE OU GARANTEX EUROPE OÜ,36025,Digital Currency Address - ETH,0x7FF9cFad3877F21d41Da833E2F775dB0569eE3D9,HEX_IDENTIFIER,Unknown,CYBER4; RUSSIA-EO14024,2022-04-05
CU-ACT-0807,2023-08-18,BLACKLIST,0x098b716b8aaf21512996dc57eb0615e2383e2f96,base,2800309,Lazarus Group,27307,Digital Currency Address - ETH,0x098B716B8Aaf21512996dC57EB0615e2383E2f96,HEX_IDENTIFIER,Unknown,DPRK3,2019-09-13
CU-ACT-0808,2023-08-18,BLACKLIST,0xa0e1c89ef1a489c9c7de96311ed5ce5d32c20e4b,base,2800313,Lazarus Group,27307,Digital Currency Address - ETH,0xa0e1c89Ef1a489c9C7dE96311eD5Ce5D32c20E4B,HEX_IDENTIFIER,Unknown,DPRK3,2019-09-13
CU-ACT-0809,2023-08-18,BLACKLIST,0x3cffd56b47b7b41c56258d9c7731abadc360e073,base,2800318,Lazarus Group,27307,Digital Currency Address - ETH,0x3Cffd56B47B7b41c56258D9C7731ABaDc360E073,HEX_IDENTIFIER,Unknown,DPRK3,2019-09-13
CU-ACT-0810,2023-08-18,BLACKLIST,0x53b6936513e738f44fb50d2b9476730c0ab3bfc1,base,2800321,Lazarus Group,27307,Digital Currency Address - ETH,0x53b6936513e738f44FB50d2b9476730C0Ab3Bfc1,HEX_IDENTIFIER,Unknown,DPRK3,2019-09-13
CU-ACT-0812,2023-08-18,BLACKLIST,0x35fb6f6db4fb05e6a4ce86f2c93691425626d4b1,base,2800330,Lazarus Group,27307,Digital Currency Address - ETH,0x35fB6f6DB4fb05e6A4cE86f2C93691425626d4b1,HEX_IDENTIFIER,Unknown,DPRK3,2019-09-13
CU-ACT-0813,2023-08-18,BLACKLIST,0xf7b31119c2682c88d88d455dbb9d5932c65cf1be,base,2800334,Lazarus Group,27307,Digital Currency Address - ETH,0xF7B31119c2682c88d88D455dBb9d5932c65Cf1bE,HEX_IDENTIFIER,Unknown,DPRK3,2019-09-13
CU-ACT-0814,2023-08-18,BLACKLIST,0x3e37627deaa754090fbfbb8bd226c1ce66d255e9,base,2800338,Lazarus Group,27307,Digital Currency Address - ETH,0x3e37627dEAA754090fBFbb8bd226c1CE66D255e9,HEX_IDENTIFIER,Unknown,DPRK3,2019-09-13
CU-ACT-0815,2023-08-18,BLACKLIST,0x08723392ed15743cc38513c4925f5e6be5c17243,base,2800342,Lazarus Group,27307,Digital Currency Address - ETH,0x08723392Ed15743cc38513C4925f5e6be5c17243,HEX_IDENTIFIER,Unknown,DPRK3,2019-09-13
CU-ACT-0853,2023-08-18,BLACKLIST,0xc2a3829f459b3edd87791c74cd45402ba0a20be3,base,2800494,Task Force Rusich,38665,Digital Currency Address - ETH,0xc2a3829F459B3Edd87791c74cD45402BA0a20Be3,HEX_IDENTIFIER,Unknown,RUSSIA-EO14024,2022-09-15
CU-ACT-0854,2023-08-18,BLACKLIST,0x3ad9db589d201a710ed237c829c7860ba86510fc,base,2800498,Task Force Rusich,38665,Digital Currency Address - ETH,0x3AD9dB589d201A710Ed237c829c7860Ba86510Fc,HEX_IDENTIFIER,Unknown,RUSSIA-EO14024,2022-09-15
CU-ACT-0855,2023-08-18,BLACKLIST,0xe7800b61479695ec74e4b219f409f67bd1055a27,base,2800502,Task Force Rusich,38665,Digital Currency Address - USDT,TX5GV4DyfxNB3rPkzZJhmqZ1efVmL4rEqG,TRON_KEY_EQUIVALENCE,Unknown,RUSSIA-EO14024,2022-09-15
CU-ACT-0909,2023-08-18,BLACKLIST,0xd0975b32cea532eadddfc9c60481976e39db3472,base,2800718,Grimm Matthew Simon,39593,Digital Currency Address - ETH,0xd0975b32cea532eadddfc9c60481976e39db3472,HEX_IDENTIFIER,Unknown,ILLICIT-DRUGS-EO14059,2022-11-09
CU-ACT-0910,2023-08-18,BLACKLIST,0x1967d8af5bd86a497fb3dd7899a020e47560daaf,base,2800722,Grimm Matthew Simon,39593,Digital Currency Address - ETH,0x1967d8af5bd86a497fb3dd7899a020e47560daaf,HEX_IDENTIFIER,Unknown,ILLICIT-DRUGS-EO14059,2022-11-09
CU-ACT-0911,2023-08-18,BLACKLIST,0x83e5bc4ffa856bb84bb88581f5dd62a433a25e0d,base,2800725,Peijnenburg Alex Adrianus Martinus,39585,Digital Currency Address - ETH,0x83E5bC4Ffa856BB84Bb88581f5Dd62A433A25e0D,HEX_IDENTIFIER,Unknown,ILLICIT-DRUGS-EO14059,2022-11-09
CU-ACT-0912,2023-08-18,BLACKLIST,0x08b2efdcdb8822efe5ad0eae55517cf5dc544251,base,2800728,Peijnenburg Alex Adrianus Martinus,39585,Digital Currency Address - ETH,0x08b2eFdcdB8822EfE5ad0Eae55517cf5DC544251,HEX_IDENTIFIER,Unknown,ILLICIT-DRUGS-EO14059,2022-11-09
CU-ACT-0913,2023-08-18,BLACKLIST,0x04dba1194ee10112fe6c3207c0687def0e78bacf,base,2800731,Peijnenburg Alex Adrianus Martinus,39585,Digital Currency Address - ETH,0x04DBA1194ee10112fE6C3207C0687DEf0e78baCf,HEX_IDENTIFIER,Unknown,ILLICIT-DRUGS-EO14059,2022-11-09
CU-ACT-0914,2023-08-18,BLACKLIST,0x0ee5067b06776a89ccc7dc8ee369984ad7db5e06,base,2800735,Peijnenburg Alex Adrianus Martinus,39585,Digital Currency Address - ETH,0x0Ee5067b06776A89CcC7dC8Ee369984AD7Db5e06,HEX_IDENTIFIER,Unknown,ILLICIT-DRUGS-EO14059,2022-11-09
CU-ACT-0915,2023-08-18,BLACKLIST,0x502371699497d08d5339c870851898d6d72521dd,base,2800739,Peijnenburg Alex Adrianus Martinus,39585,Digital Currency Address - ETH,0x502371699497d08D5339c870851898D6D72521Dd,HEX_IDENTIFIER,Unknown,ILLICIT-DRUGS-EO14059,2022-11-09
CU-ACT-0916,2023-08-18,BLACKLIST,0x5a14e72060c11313e38738009254a90968f58f51,base,2800742,Peijnenburg Alex Adrianus Martinus,39585,Digital Currency Address - ETH,0x5A14E72060c11313E38738009254a90968F58f51,HEX_IDENTIFIER,Unknown,ILLICIT-DRUGS-EO14059,2022-11-09
CU-ACT-0917,2023-08-18,BLACKLIST,0xefe301d259f525ca1ba74a7977b80d5b060b3cca,base,2800745,Peijnenburg Alex Adrianus Martinus,39585,Digital Currency Address - ETH,0xEFE301d259F525cA1ba74A7977b80D5b060B3ccA,HEX_IDENTIFIER,Unknown,ILLICIT-DRUGS-EO14059,2022-11-09
CU-ACT-0918,2023-08-18,BLACKLIST,0x39d908dac893cbcb53cc86e0ecc369aa4def1a29,base,2800749,Zimenkov Jonatan,40488,Digital Currency Address - ETH,0x39D908dac893CBCB53Cc86e0ECc369aA4DeF1A29,HEX_IDENTIFIER,Unknown,RUSSIA-EO14024,2023-02-01
CU-ACT-0919,2023-08-18,BLACKLIST,0x4f47bc496083c727c5fbe3ce9cdf2b0f6496270c,base,2800753,Sim Hyon Sop,42498,Digital Currency Address - ETH,0x4f47bc496083c727c5fbe3ce9cdf2b0f6496270c,HEX_IDENTIFIER,Unknown,NPWMD,2023-04-24
CU-ACT-0920,2023-08-18,BLACKLIST,0x38735f03b30fbc022ddd06abed01f0ca823c6a94,base,2800757,Hanafin John Desmond,43085,Digital Currency Address - USDT,0x38735f03b30FbC022DdD06ABED01F0Ca823C6a94,HEX_IDENTIFIER,Unknown,RUSSIA-EO14024,2023-05-19
CU-ACT-0921,2023-08-18,BLACKLIST,0x97b1043abd9e6fc31681635166d430a458d14f9c,base,2800760,Kim Sang Man 김 상만,43377,Digital Currency Address - ETH,0x97b1043abd9e6fc31681635166d430a458d14f9c,HEX_IDENTIFIER,Unknown,DPRK4,2023-05-23
CU-ACT-0922,2023-08-18,BLACKLIST,0xb6f5ec1a0a9cd1526536d3f0426c429529471f40,base,2800764,Kim Sang Man 김 상만,43377,Digital Currency Address - ETH,0xb6f5ec1a0a9cd1526536d3f0426c429529471f40,HEX_IDENTIFIER,Unknown,DPRK4,2023-05-23
CU-ACT-0923,2023-08-18,BLACKLIST,0xd71c94052989e209ba713deb66e0a8f72b913b70,base,2800767,Shafiu Ali,44445,Digital Currency Address - USDT,TVacWx7F5wgMgn49L5frDf9KLgdYy8nPHL,TRON_KEY_EQUIVALENCE,Unknown,SDGT,2023-07-31
CU-ACT-0926,2023-08-24,BLACKLIST,0xdcbeffbecce100cce9e4b153c4e15cb885643193,base,3045442,Semenov Roman,44718,Digital Currency Address - ETH,0xdcbEfFBECcE100cCE9E4b153C4e15cB885643193,HEX_IDENTIFIER,Unknown,DPRK3,2023-08-23
CU-ACT-0927,2023-08-24,BLACKLIST,0x5f48c2a71b2cc96e3f0ccae4e39318ff0dc375b2,base,3045459,Semenov Roman,44718,Digital Currency Address - ETH,0x5f48c2a71b2cc96e3f0ccae4e39318ff0dc375b2,HEX_IDENTIFIER,Unknown,DPRK3,2023-08-23
CU-ACT-0928,2023-08-24,BLACKLIST,0x5a7a51bfb49f190e5a6060a5bc6052ac14a3b59f,base,3045471,Semenov Roman,44718,Digital Currency Address - ETH,0x5a7a51bfb49f190e5a6060a5bc6052ac14a3b59f,HEX_IDENTIFIER,Unknown,DPRK3,2023-08-23
CU-ACT-0929,2023-08-24,BLACKLIST,0xed6e0a7e4ac94d976eebfb82ccf777a3c6bad921,base,3045480,Semenov Roman,44718,Digital Currency Address - ETH,0xed6e0a7e4ac94d976eebfb82ccf777a3c6bad921,HEX_IDENTIFIER,Unknown,DPRK3,2023-08-23
CU-ACT-0930,2023-08-24,BLACKLIST,0x797d7ae72ebddcdea2a346c1834e04d1f8df102b,base,3045489,Semenov Roman,44718,Digital Currency Address - ETH,0x797d7ae72ebddcdea2a346c1834e04d1f8df102b,HEX_IDENTIFIER,Unknown,DPRK3,2023-08-23
CU-ACT-0931,2023-08-24,BLACKLIST,0x931546d9e66836abf687d2bc64b30407bac8c568,base,3045498,Semenov Roman,44718,Digital Currency Address - ETH,0x931546D9e66836AbF687d2bc64B30407bAc8C568,HEX_IDENTIFIER,Unknown,DPRK3,2023-08-23
CU-ACT-0932,2023-08-24,BLACKLIST,0x43fa21d92141ba9db43052492e0deee5aa5f0a93,base,3045508,Semenov Roman,44718,Digital Currency Address - ETH,0x43fa21d92141BA9db43052492E0DeEE5aa5f0A93,HEX_IDENTIFIER,Unknown,DPRK3,2023-08-23
CU-ACT-0933,2023-08-24,BLACKLIST,0x6be0ae71e6c41f2f9d0d1a3b8d0f75e6f6a0b46e,base,3045520,Semenov Roman,44718,Digital Currency Address - ETH,0x6be0ae71e6c41f2f9d0d1a3b8d0f75e6f6a0b46e,HEX_IDENTIFIER,Unknown,DPRK3,2023-08-23
CU-ACT-0934,2023-09-27,BLACKLIST,0x9c2bc757b66f24d60f016b6237f8cdd414a879fa,base,4498089,Jimenez Castro Mario Alberto,44029,Digital Currency Address - ETH,0x9c2bc757b66f24d60f016b6237f8cdd414a879fa,HEX_IDENTIFIER,Unknown,ILLICIT-DRUGS-EO14059,2023-09-26
CU-ACT-0935,2023-10-04,BLACKLIST,0x530a64c0ce595026a4a556b703644228179e2d57,base,4798002,Shen Xingbiao 沈 兴标,45312,Digital Currency Address - ETH,0x530a64c0ce595026a4a556b703644228179e2d57,HEX_IDENTIFIER,Unknown,ILLICIT-DRUGS-EO14059,2023-10-03
CU-ACT-0936,2023-10-04,BLACKLIST,0x2e13ea767da12f504ceaaaebe5950488498dc2d2,base,4798010,Shen Xingbiao 沈 兴标,45312,Digital Currency Address - USDT,TEAqwfMhXLaomXhZ8KeMhx3njGmQEDnsUR,TRON_KEY_EQUIVALENCE,Unknown,ILLICIT-DRUGS-EO14059,2023-10-03
CU-ACT-0937,2023-10-04,BLACKLIST,0x7de5ab1914e241177344936dc33b4a8157c98248,base,4798019,Wang Jiantong 王 建通,45349,Digital Currency Address - TRX,TMStbg5fgb4uTV7fK1gEYF9hKAzP3siPsG,TRON_KEY_EQUIVALENCE,Unknown,ILLICIT-DRUGS-EO14059,2023-10-03
CU-ACT-0938,2023-10-04,BLACKLIST,0xfac583c0cf07ea434052c49115a4682172ab6b4f,base,4798025,Wang Mingming 王 明明,45404,Digital Currency Address - USDT,0xfac583c0cf07ea434052c49115a4682172ab6b4f,HEX_IDENTIFIER,Unknown,ILLICIT-DRUGS-EO14059,2023-10-03
CU-ACT-0939,2023-10-04,BLACKLIST,0xbe5e683633ddd17d8a89b4e10860a0e426c5ed24,base,4798032,Xia Fengbing 夏 凤兵,45350,Digital Currency Address - TRX,TTKnV2S1295UrPr7N67Tp9ykNL7xX2Z4Uj,TRON_KEY_EQUIVALENCE,Unknown,ILLICIT-DRUGS-EO14059,2023-10-03
CU-ACT-0940,2023-10-04,BLACKLIST,0x961c5be54a2ffc17cf4cb021d863c42dacd47fc1,base,4798040,Zhang Wei 张 伟,45391,Digital Currency Address - ETH,0x961c5be54a2ffc17cf4cb021d863c42dacd47fc1,HEX_IDENTIFIER,Unknown,ILLICIT-DRUGS-EO14059,2023-10-03
CU-ACT-0941,2023-10-04,BLACKLIST,0xa6cc8ab881debc3c9e8adb32549d0cbe614168c5,base,4798050,Zhang Wei 张 伟,45391,Digital Currency Address - TRX,TRBACioxdrdsYEZHvJWiUDZcMdBPpEe5Ub,TRON_KEY_EQUIVALENCE,Unknown,ILLICIT-DRUGS-EO14059,2023-10-03
CU-ACT-0942,2023-10-04,BLACKLIST,0x983a81ca6fb1e441266d2fbcb7d8e530ac2e05a2,base,4798060,"Valerian Labs, Inc.",45314,Digital Currency Address - ETH,0x983a81ca6FB1e441266D2FbcB7D8E530AC2E05A2,HEX_IDENTIFIER,Unknown,ILLICIT-DRUGS-EO14059,2023-10-03
CU-ACT-0944,2024-02-21,BLACKLIST,0xf3701f445b6bdafedbca97d1e477357839e4120d,base,10864968,Kondratiev Ivan Gennadievich Кондратьев Иван Геннадьевич,47682,Digital Currency Address - ETH,0xf3701f445b6bdafedbca97d1e477357839e4120d,HEX_IDENTIFIER,Unknown,CYBER2,2024-02-20
CU-ACT-0945,2024-03-21,BLACKLIST,0x2f04f39923a77430eca036e14ce44dbd11175747,base,12117800,Gambashidze Ilya Andreevich Гамбашидзе Илья Андреевич,45213,Digital Currency Address - USDT,TEFph7dZoUN5233cGEzF6XFwRpjPF8fQDS,TRON_KEY_EQUIVALENCE,Unknown,RUSSIA-EO14024,2024-03-20
CU-ACT-0946,2024-03-21,BLACKLIST,0x7be6fe8c528273a3a072a538e12c08500bf4d328,base,12117866,Gambashidze Ilya Andreevich Гамбашидзе Илья Андреевич,45213,Digital Currency Address - USDT,TMGLqRQ4twjW8wJhVH1mQR7nUThpGHUsN3,TRON_KEY_EQUIVALENCE,Unknown,RUSSIA-EO14024,2024-03-20
CU-ACT-0947,2024-03-27,BLACKLIST,0xdda5554510366179ddb442b8a82bc737c3ac77c5,base,12375951,AL-LAW Tawfiq Muhammad Sa'id,48302,Digital Currency Address - USDT,TWBAPzpPiZarfVsY2BLXeaLhNHurn4wkWG,TRON_KEY_EQUIVALENCE,Unknown,SDGT,2024-03-26
CU-ACT-0948,2024-03-27,BLACKLIST,0x175d44451403edf28469df03a9280c1197adb92c,base,12395924,Gaza Now غزة الآن,47635,Digital Currency Address - USDT,0x175d44451403Edf28469dF03A9280c1197ADb92c,HEX_IDENTIFIER,Unknown,SDGT,2024-03-27
CU-ACT-0949,2024-03-27,BLACKLIST,0x4576847b1cf999843ba6620815e65a9c5e8a4021,base,12395937,Gaza Now غزة الآن,47635,Digital Currency Address - USDT,TGJVc32ig2u8tQsYMLE7KXHT5NDQroaVNU,TRON_KEY_EQUIVALENCE,Unknown,SDGT,2024-03-27
CU-ACT-0950,2024-03-27,BLACKLIST,0xe950dc316b836e4eefb8308bf32bf7c72a1358ff,base,12395958,Gaza Now غزة الآن,47635,Digital Currency Address - ETH,0xE950DC316b836e4EeFb8308bf32Bf7C72a1358FF,HEX_IDENTIFIER,Unknown,SDGT,2024-03-27
CU-ACT-0951,2024-03-27,BLACKLIST,0x4ea7eefc2dcb250c1f069ecaf1e2ae3488059ac2,base,12395972,Gaza Now غزة الآن,47635,Digital Currency Address - USDT,TH96tFMn8KGiYSLiwcV3E2UiaJc8jmcbz3,TRON_KEY_EQUIVALENCE,Unknown,SDGT,2024-03-27
CU-ACT-0952,2024-03-27,BLACKLIST,0xc24ec5a84cae3d3418b34a1e30b3372c4b25bd0f,base,12395993,Gaza Now غزة الآن,47635,Digital Currency Address - USDT,TTgcTTNbNuFdbrhvbjMZVrdU5KALyzDaPw,TRON_KEY_EQUIVALENCE,Unknown,SDGT,2024-03-27
CU-ACT-0953,2024-03-27,BLACKLIST,0x21b8d56bda776bbe68655a16895afd96f5534fed,base,12396027,Gaza Now غزة الآن,47635,Digital Currency Address - ETH,0x21B8d56BDA776bbE68655A16895afd96F5534feD,HEX_IDENTIFIER,Unknown,SDGT,2024-03-27
CU-ACT-0955,2024-05-02,BLACKLIST,0x19f8f2b0915daa12a3f5c9cf01df9e24d53794f7,base,13913710,OKO DESIGN BUREAU ОКО Конструкторское Бюро,48432,Digital Currency Address - ETH,0x19F8f2B0915Daa12a3f5C9CF01dF9E24D53794F7,HEX_IDENTIFIER,Unknown,RUSSIA-EO14024,2024-05-01
CU-ACT-0956,2024-05-02,BLACKLIST,0x3e14d41891a30ac7473556d7c3256a5ddf9ef1aa,base,13913820,OKO DESIGN BUREAU ОКО Конструкторское Бюро,48432,Digital Currency Address - TRX,TFdTr9C3BqQrzKBXqSxJfAZFTh8UwBAfSg,TRON_KEY_EQUIVALENCE,Unknown,RUSSIA-EO14024,2024-05-01
CU-ACT-0958,2024-05-29,BLACKLIST,0xe1d865c3d669dcc8c57c8d023140cb204e672ee4,base,15078904,Wang Yunhe 王 云禾,43421,Digital Currency Address - ETH,0xe1d865c3d669dcc8c57c8d023140cb204e672ee4,HEX_IDENTIFIER,Unknown,CYBER2,2024-05-28
CU-ACT-0959,2024-05-29,BLACKLIST,0x0e6b8e34dc115a2848f585851af23d99d09b8463,base,15102551,Wang Yunhe 王 云禾,43421,Digital Currency Address - TRX,TBHTJqAy4DhHhmT3dNceJYNRz4SdLofLre,TRON_KEY_EQUIVALENCE,Unknown,CYBER2,2024-05-28
CU-ACT-0960,2024-08-24,BLACKLIST,0x71d2e218a56a1c0c12e1ff4b4c2731a1c3a4f4ce,base,18838218,OBSHCHESTVO S OGRANICHENNOI OTVETSTVENNOSTYU KONSTRUKTORSKOE BYURO VOSTOK ОБЩЕСТВО С ОГРАНИЧЕННОЙ ОТВЕТСТВЕННОСТЬЮ КОНСТРУКТОРСКОЕ БЮРО ВОСТОК,50110,Digital Currency Address - USDT,TLM3zA3EWycoDX4ZX4gKze7sgfbdkntTum,TRON_KEY_EQUIVALENCE,Unknown,RUSSIA-EO14024,2024-08-23
CU-ACT-0962,2024-09-27,BLACKLIST,0x0931ca4d13bb4ba75d9b7132ab690265d749a5e7,base,20308180,Cryptex,50641,Digital Currency Address - ETH,0x0931cA4D13BB4ba75D9B7132AB690265D749a5E7,HEX_IDENTIFIER,Unknown,CYBER2; RUSSIA-EO14024,2024-09-26
CU-ACT-0963,2024-09-27,BLACKLIST,0xbff703730a21167e430ff151128592a98786b9b4,base,20308212,Cryptex,50641,Digital Currency Address - TRX,TTUDyVhhpCC1xJoPmWzdjLAzeoPwbSABdr,TRON_KEY_EQUIVALENCE,Unknown,CYBER2; RUSSIA-EO14024,2024-09-26
CU-ACT-0964,2024-12-05,BLACKLIST,0x282ae5965fe400f3cb929182e0963f3794df01fc,base,23293991,Chirkinyan Elena,52074,Digital Currency Address - USDT,TDdbRFoBTEmE3qiR69Y6rKRSG1hoF65QaE,TRON_KEY_EQUIVALENCE,Unknown,RUSSIA-EO14024,2024-12-04
CU-ACT-0965,2024-12-05,BLACKLIST,0x1999ef52700c34de7ec2b68a28aafb37db0c5ade,base,23294123,Magomedov Khadzhi Murat Dalgatovich,52071,Digital Currency Address - ETH,0x1999ef52700c34de7ec2b68a28aafb37db0c5ade,HEX_IDENTIFIER,Unknown,RUSSIA-EO14024,2024-12-04
CU-ACT-0966,2024-12-20,BLACKLIST,0x721537670ae01aa0d60585457b7534025b0041ac,base,23938736,Al-Jamal Sa'id Ahmad Muhammad,32171,Digital Currency Address - USDT,TLNRT524dzL5FF1nJHDhYEMFpeWjLjRbz1,TRON_KEY_EQUIVALENCE,Unknown,IFSR; SDGT,2021-06-10
CU-ACT-0967,2024-12-20,BLACKLIST,0x54b475ef92f861975945954bfa1080dda9cd346e,base,23938753,Al-Jamal Sa'id Ahmad Muhammad,32171,Digital Currency Address - USDT,THh5woR8qfmDsNknQ3agPYzQSiRtMnKsTh,TRON_KEY_EQUIVALENCE,Unknown,IFSR; SDGT,2021-06-10
CU-ACT-0968,2024-12-20,BLACKLIST,0xd19df746fd2a145588b3a22672bacfd2e5454f61,base,23938766,Al-Jamal Sa'id Ahmad Muhammad,32171,Digital Currency Address - USDT,TV5ZTpKDszLTF6XcMnPongS33pwBgF91by,TRON_KEY_EQUIVALENCE,Unknown,IFSR; SDGT,2021-06-10
CU-ACT-0969,2024-12-20,BLACKLIST,0xbc92595dd3e8f5092471c99b9084a72d333c7d07,base,23938780,Al-Jamal Sa'id Ahmad Muhammad,32171,Digital Currency Address - USDT,TTAHMdqoom4f2VTWniroPWQHcTRZ4caoH4,TRON_KEY_EQUIVALENCE,Unknown,IFSR; SDGT,2021-06-10
CU-ACT-0970,2024-12-20,BLACKLIST,0x3a0245de38273e7852dce97de3bae18c0010013e,base,23938789,Al-Jamal Sa'id Ahmad Muhammad,32171,Digital Currency Address - USDT,TFFvv7NAWmbcVfA7QN81mMvUC25TWj1WJx,TRON_KEY_EQUIVALENCE,Unknown,IFSR; SDGT,2021-06-10
CU-ACT-1070,2025-04-02,BLACKLIST,0x16f068ea913a912c62114a873b678b1aa9236585,base,28416394,Ansarallah,47664,Digital Currency Address - USDT,TC4VsFHJdZ66BdwobZxkudVZBVmQZgCP65,TRON_KEY_EQUIVALENCE,Unknown,FTO; SDGT,2024-02-16
CU-ACT-1071,2025-04-02,BLACKLIST,0x9acfa7136bd9ee19fc2c4517e2033705262f938c,base,28416403,Ansarallah,47664,Digital Currency Address - USDT,TQ5mpZPbQMSq2s1vSM3RJgiB1AsTsiTpFZ,TRON_KEY_EQUIVALENCE,Unknown,FTO; SDGT,2024-02-16
CU-ACT-1072,2025-04-02,BLACKLIST,0xe942adb085bdc3cd49ad2ddaea53934f12a7e0a5,base,28416411,Ansarallah,47664,Digital Currency Address - USDT,TXEaKf4rT3rMoD3Vuqnuhwr6vLq6BL5t33,TRON_KEY_EQUIVALENCE,Unknown,FTO; SDGT,2024-02-16
CU-ACT-1073,2025-04-02,BLACKLIST,0x4755da10f30da425a1b5f12166bec82600c48c79,base,28416419,Ansarallah,47664,Digital Currency Address - USDT,TGUPpmW2bAnMCLe5ih2CFisfCHk4gTFDsx,TRON_KEY_EQUIVALENCE,Unknown,FTO; SDGT,2024-02-16
CU-ACT-1074,2025-04-02,BLACKLIST,0x2b872fc6d0614e39150d078db0e2ff56650f2b4b,base,28416428,Ansarallah,47664,Digital Currency Address - USDT,TDwN1Eq62bqvVhfGAjdRRJjE46jsi5KNMV,TRON_KEY_EQUIVALENCE,Unknown,FTO; SDGT,2024-02-16
CU-ACT-1075,2025-04-02,BLACKLIST,0x7a01e8268bbb7b5b7403b673aa0b9d7b36f651aa,base,28416436,Ansarallah,47664,Digital Currency Address - USDT,TM6Kix9wH8cYQ4rLpFifsQ4ddH3rPX3f8p,TRON_KEY_EQUIVALENCE,Unknown,FTO; SDGT,2024-02-16
CU-ACT-1076,2025-04-02,BLACKLIST,0x2a4c4406a0495116aa880c57486cb876658d8aa1,base,28416444,Ansarallah,47664,Digital Currency Address - USDT,TDprk9jeYPVm6khkBp1u7fwuyJcEJFrPWD,TRON_KEY_EQUIVALENCE,Unknown,FTO; SDGT,2024-02-16
CU-ACT-1077,2025-04-02,BLACKLIST,0xd9471e6c644756e845e4a10260362ab9a3a9845a,base,28416452,Ansarallah,47664,Digital Currency Address - USDT,TVn4q7L4fKEPbygi7UHq1CKfZxtbeuMV5q,TRON_KEY_EQUIVALENCE,Unknown,FTO; SDGT,2024-02-16
CU-ACT-1082,2025-05-29,BLACKLIST,0xd5ed34b52ac4ab84d8fa8a231a3218bbf01ed510,base,30879850,Funnull Technology Inc,53953,Digital Currency Address - ETH,0xd5ED34b52AC4ab84d8FA8A231a3218bbF01Ed510,HEX_IDENTIFIER,Unknown,CYBER3,2025-05-29
CU-ACT-1083,2025-05-29,BLACKLIST,0x8c5f37d4db13967643e33d5404f66f86569221ca,base,30879875,Funnull Technology Inc,53953,Digital Currency Address - TRX,TNmRfnSUXZoWWzxcDDbf95eGQYXt1mJDt8,TRON_KEY_EQUIVALENCE,Unknown,CYBER3,2025-05-29
CU-ACT-1084,2025-07-01,BLACKLIST,0xc685132e908cce284c063415ea353af5f555c6c6,base,32302110,Aeza Group LLC,54566,Digital Currency Address - TRX,TU4tDFRvcKhAZ1jdihojmBWZqvJhQCnJ4F,TRON_KEY_EQUIVALENCE,Unknown,CAATSA - RUSSIA; CYBER4,2025-07-01
CU-ACT-1087,2025-08-14,BLACKLIST,0x3301843d4d8c3314706a6526940bc2a38ed29475,base,34209376,Grinex,55045,Digital Currency Address - TRX,TEcuHDQthTmULe8fFLUccBPpjfXaTmJuuD,TRON_KEY_EQUIVALENCE,Unknown,CYBER4,2025-08-14
CU-ACT-1088,2025-08-14,BLACKLIST,0x6e2bf91ff62095e759301a1e46df3278f7d6bf07,base,34209403,Grinex,55045,Digital Currency Address - TRX,TL1k1U6SHohxBqb68kCodxHc9y2LXoDSep,TRON_KEY_EQUIVALENCE,Unknown,CYBER4,2025-08-14
CU-ACT-1089,2025-08-14,BLACKLIST,0x8a33c4dccc7e840e536c1abc9af4612f876f54de,base,34209427,Grinex,55045,Digital Currency Address - TRX,TNZxGWCwvsHr6JxQxzoeDXV597Yf7Zb7nV,TRON_KEY_EQUIVALENCE,Unknown,CYBER4,2025-08-14
CU-ACT-1090,2025-08-14,BLACKLIST,0x17b65262f73d2a8668dededc6a40274c3e0ea058,base,34209446,Grinex,55045,Digital Currency Address - TRX,TC8axQvzJEVR3NKN6mZnJtGy7537GEmh38,TRON_KEY_EQUIVALENCE,Unknown,CYBER4,2025-08-14
CU-ACT-1091,2025-08-14,BLACKLIST,0x0655b7211f302b42a7bfa16a6c45284ab82fd85b,base,34209465,Grinex,55045,Digital Currency Address - TRX,TAYhjpL8pPs8T84FSM329nffQpc6jD8GBM,TRON_KEY_EQUIVALENCE,Unknown,CYBER4,2025-08-14
CU-ACT-1092,2025-08-14,BLACKLIST,0x82df92ebaa039dd6c9e0689390d7298a5ca1f59c,base,34209493,Grinex,55045,Digital Currency Address - TRX,TMuCgBejD5RsNANZdjGtaM3YyKGNgDoy7N,TRON_KEY_EQUIVALENCE,Unknown,CYBER4,2025-08-14
CU-ACT-1093,2025-08-14,BLACKLIST,0x48ea81d8db01cc3f551be8ecc8627b5a803eb075,base,34209503,Grinex,55045,Digital Currency Address - TRX,TGckaiamj5NzaYx6Qp6Zu7kahuHArzUo99,TRON_KEY_EQUIVALENCE,Unknown,CYBER4,2025-08-14
CU-ACT-1094,2025-08-14,BLACKLIST,0x12de548f79a50d2bd05481c8515c1ef5183666a9,base,34209513,Old Vector LLC,55046,Digital Currency Address - ETH,0x12de548F79a50D2bd05481C8515C1eF5183666a9,HEX_IDENTIFIER,Unknown,CYBER4,2025-08-14
CU-ACT-1095,2025-08-14,BLACKLIST,0x18f703184349667cdae85a07e7f2efac36052b89,base,34209523,Old Vector LLC,55046,Digital Currency Address - TRX,TCFD8N3vM5b4Gr5f1kkajQsodRVNyyAq1d,TRON_KEY_EQUIVALENCE,Unknown,CYBER4,2025-08-14
CU-ACT-1096,2025-08-14,BLACKLIST,0x8dce2aac0de82bdcaf6b4373b79f94331b8e4995,base,34209533,GARANTEX EUROPE OU GARANTEX EUROPE OÜ,36025,Digital Currency Address - ETH,0x8Dce2aAC0dE82bdCAf6b4373B79f94331b8e4995,HEX_IDENTIFIER,Unknown,CYBER4; RUSSIA-EO14024,2022-04-05
CU-ACT-1097,2025-08-14,BLACKLIST,0xf4377eda661e04b6dda78969796ed31658d602d4,base,34209543,GARANTEX EUROPE OU GARANTEX EUROPE OÜ,36025,Digital Currency Address - ETH,0xf4377edA661e04B6DDA78969796Ed31658D602D4,HEX_IDENTIFIER,Unknown,CYBER4; RUSSIA-EO14024,2022-04-05
CU-ACT-1098,2025-08-14,BLACKLIST,0xb338962b92cd818d6aef0a32a9ecd01212a71f33,base,34209553,GARANTEX EUROPE OU GARANTEX EUROPE OÜ,36025,Digital Currency Address - ETH,0xb338962B92CD818D6aef0A32a9ECD01212a71f33,HEX_IDENTIFIER,Unknown,CYBER4; RUSSIA-EO14024,2022-04-05
CU-ACT-1099,2025-08-14,BLACKLIST,0x57ec89a0c056163a0314e413320f9b3abe761259,base,34209563,GARANTEX EUROPE OU GARANTEX EUROPE OÜ,36025,Digital Currency Address - ETH,0x57EC89A0C056163A0314e413320f9B3ABe761259,HEX_IDENTIFIER,Unknown,CYBER4; RUSSIA-EO14024,2022-04-05
CU-ACT-1100,2025-08-14,BLACKLIST,0xd8500c631dc32fa18645b7436344a99e4825e10e,base,34209572,GARANTEX EUROPE OU GARANTEX EUROPE OÜ,36025,Digital Currency Address - ETH,0xD8500C631dC32FA18645B7436344a99E4825e10e,HEX_IDENTIFIER,Unknown,CYBER4; RUSSIA-EO14024,2022-04-05
CU-ACT-1101,2025-08-14,BLACKLIST,0x7ced75026204ac29c34bea98905d4c949f27361e,base,34209581,GARANTEX EUROPE OU GARANTEX EUROPE OÜ,36025,Digital Currency Address - ETH,0x7CEd75026204aC29C34bEA98905D4C949F27361e,HEX_IDENTIFIER,Unknown,CYBER4; RUSSIA-EO14024,2022-04-05
CU-ACT-1102,2025-08-14,BLACKLIST,0x418949a4a7da9e07192909722072dded8f670d58,base,34209589,GARANTEX EUROPE OU GARANTEX EUROPE OÜ,36025,Digital Currency Address - TRX,TFwjPScaJRCbSWVAywE1S1WgaUgSnyYUbD,TRON_KEY_EQUIVALENCE,Unknown,CYBER4; RUSSIA-EO14024,2022-04-05
CU-ACT-1103,2025-08-14,BLACKLIST,0x6042c2f32769454c5ff226fdae52b81e49cd922f,base,34209597,GARANTEX EUROPE OU GARANTEX EUROPE OÜ,36025,Digital Currency Address - TRX,TJkBr9TZ1xBeJoF7RNWqyEMbYqVJ6fXXHR,TRON_KEY_EQUIVALENCE,Unknown,CYBER4; RUSSIA-EO14024,2022-04-05
CU-ACT-1104,2025-08-14,BLACKLIST,0x8660f3ab5285f9e497ffbf2997285c24466aa2a1,base,34209608,GARANTEX EUROPE OU GARANTEX EUROPE OÜ,36025,Digital Currency Address - TRX,TNDjh6WGLYyWmkh8vfu42bXVHUqFNQ3rDq,TRON_KEY_EQUIVALENCE,Unknown,CYBER4; RUSSIA-EO14024,2022-04-05
CU-ACT-1109,2025-09-16,BLACKLIST,0xe3d35f68383732649669aa990832e017340dbca5,base,35624481,ALIVAND Arash Estaki,55502,Digital Currency Address - ETH,0xe3d35f68383732649669aa990832e017340dbca5,HEX_IDENTIFIER,Unknown,IFSR; SDGT,2025-09-16
CU-ACT-1110,2025-09-16,BLACKLIST,0x532b77b33a040587e9fd1800088225f99b8b0e8a,base,35624507,ALIVAND Arash Estaki,55502,Digital Currency Address - ETH,0x532b77b33a040587e9fd1800088225f99b8b0e8a,HEX_IDENTIFIER,Unknown,IFSR; SDGT,2025-09-16
CU-ACT-1111,2025-09-16,BLACKLIST,0xf405df57cc3a2df4dd262b6494d76e346ca778f1,base,35624529,ALIVAND Arash Estaki,55502,Digital Currency Address - TRX,TYDUutYN4YLKUPeT7TG27Yyqw6kNVLq9QZ,TRON_KEY_EQUIVALENCE,Unknown,IFSR; SDGT,2025-09-16
CU-ACT-1112,2025-09-16,BLACKLIST,0xab4302cfcf1c2337c1b59af1d23bd97189fe962c,base,35624555,ALIVAND Arash Estaki,55502,Digital Currency Address - TRX,TRakpsE1mZjCUMNPyozR4BW2ZtJsF7ZWFN,TRON_KEY_EQUIVALENCE,Unknown,IFSR; SDGT,2025-09-16
CU-ACT-1113,2025-09-16,BLACKLIST,0x9ab7a3e606677ddf6f3538dd4472ec770c282b3e,base,35624625,ALIVAND Arash Estaki,55502,Digital Currency Address - TRX,TQ5H49Wz3K57zNHmuXVp6uLzFwitxviABs,TRON_KEY_EQUIVALENCE,Unknown,IFSR; SDGT,2025-09-16
CU-ACT-1114,2025-09-16,BLACKLIST,0xdb2720ebad55399117ddb4c4a4afd9a4ccada8fe,base,35624656,DERAKHSHAN Alireza درخشان علیرضا,55484,Digital Currency Address - ETH,0xdb2720ebad55399117ddb4c4a4afd9a4ccada8fe,HEX_IDENTIFIER,Unknown,IFSR; SDGT,2025-09-16
CU-ACT-1115,2025-09-16,BLACKLIST,0xba475bb43ee21013fd14c85e2c74b24bcf5a54c1,base,35624712,DERAKHSHAN Alireza درخشان علیرضا,55484,Digital Currency Address - TRX,TSxAAo67VTDgKT537EVXxdogkJtk9c6ojz,TRON_KEY_EQUIVALENCE,Unknown,IFSR; SDGT,2025-09-16
CU-ACT-1116,2025-09-24,BLACKLIST,0x240fd853e1509a975bd95348d49c923fb0b5d43c,base,35971113,Sayyed Sadiq Abbas Habib,55447,Digital Currency Address - TRX,TDFtJtyLPgN3oWUoHh23oJox3T5V5nR11K,TRON_KEY_EQUIVALENCE,Unknown,ILLICIT-DRUGS-EO14059,2025-09-24
CU-ACT-1124,2025-11-04,BLACKLIST,0x00be5e0c85be35948d97ad37f62d108243f89ae0,base,37743760,CHEIL CREDIT BANK,22985,Digital Currency Address - USDT,TA3941uFAvmVibSkQ6fMJXxmaSNovX86mz,TRON_KEY_EQUIVALENCE,Unknown,DPRK4,2017-09-26
CU-ACT-1125,2025-11-04,BLACKLIST,0x5263b1aa550f70bd9753ec558c631eaadd2ae98c,base,37743835,CHEIL CREDIT BANK,22985,Digital Currency Address - USDT,THUqqeevBQS3EYordDJKwp8DLFknesnfCD,TRON_KEY_EQUIVALENCE,Unknown,DPRK4,2017-09-26
CU-ACT-1126,2025-11-04,BLACKLIST,0x00bf03f87539214307207c61b7f729ddc22977b8,base,37743844,CHEIL CREDIT BANK,22985,Digital Currency Address - USDT,TA39q3p75XRSWYAEaSF7dANtyksoa3sLge,TRON_KEY_EQUIVALENCE,Unknown,DPRK4,2017-09-26
CU-ACT-1127,2025-11-04,BLACKLIST,0x72a2fc69c5a3025d9d79bb01335860aaf2a4a948,base,37743887,CHEIL CREDIT BANK,22985,Digital Currency Address - USDT,TLRMHPjLGXsVpD9RVzSfat6zDiVDrd4b4w,TRON_KEY_EQUIVALENCE,Unknown,DPRK4,2017-09-26
CU-ACT-1128,2025-11-04,BLACKLIST,0x7b7f0d8f53e16faee4cf90aedf50c7073f17beff,base,37743937,CHEIL CREDIT BANK,22985,Digital Currency Address - USDT,TMECKT19hfumcK3KqQKbhxkn1ohyeR58xu,TRON_KEY_EQUIVALENCE,Unknown,DPRK4,2017-09-26
CU-ACT-1129,2025-11-04,BLACKLIST,0x5a1ca8328b9da53c6c11c8745ea8da29a9cd36c1,base,37743948,CHEIL CREDIT BANK,22985,Digital Currency Address - USDT,TJBg9SxwiUUoqJGk18vK9avxkuV8GrKMK7,TRON_KEY_EQUIVALENCE,Unknown,DPRK4,2017-09-26
CU-ACT-1130,2025-11-04,BLACKLIST,0x0d1891dd69efe614918e989b5ebd68d6e5f18ff5,base,37743980,CHEIL CREDIT BANK,22985,Digital Currency Address - USDT,TBATDh41qMQ1yeVYecneEvhpfayYmkAQWS,TRON_KEY_EQUIVALENCE,Unknown,DPRK4,2017-09-26
CU-ACT-1131,2025-11-04,BLACKLIST,0x10df38a923a660965d098f24a618b0d1b5d99cba,base,37744044,CHEIL CREDIT BANK,22985,Digital Currency Address - USDT,TBWRDpQsW1ZVPGGaBAwVLNb7iqmVBuM1nj,TRON_KEY_EQUIVALENCE,Unknown,DPRK4,2017-09-26
CU-ACT-1132,2025-11-04,BLACKLIST,0x114074ff655d0643a4ff70411ffca618cb7edca1,base,37744083,CHEIL CREDIT BANK,22985,Digital Currency Address - USDT,TBYRhsZR7Mdn9ezpGVLwZiNVnGm8wZGLAD,TRON_KEY_EQUIVALENCE,Unknown,DPRK4,2017-09-26
CU-ACT-1133,2025-11-04,BLACKLIST,0x117bb0cfee7ce8f842967537fbcd92fc504d68ab,base,37744094,CHEIL CREDIT BANK,22985,Digital Currency Address - USDT,TBZefVsyQpzzxc2WSCLbZBECvxVdzGqdtC,TRON_KEY_EQUIVALENCE,Unknown,DPRK4,2017-09-26
CU-ACT-1134,2025-11-04,BLACKLIST,0x15a68a9ffa2a94bdad8468d93af4db24251af772,base,37744133,CHEIL CREDIT BANK,22985,Digital Currency Address - USDT,TBwghbQMsBC5xcUxE7ZpYXhfDMXZAfiFv6,TRON_KEY_EQUIVALENCE,Unknown,DPRK4,2017-09-26
CU-ACT-1135,2025-11-04,BLACKLIST,0x17fff4f3364fa6dfa25cf37bebbff62bc47232f7,base,37744140,CHEIL CREDIT BANK,22985,Digital Currency Address - USDT,TCA7AfTSuDmgYk2VaezfPuZF4Z4X8wxwcQ,TRON_KEY_EQUIVALENCE,Unknown,DPRK4,2017-09-26
CU-ACT-1136,2025-11-04,BLACKLIST,0x2547ad3f4b0d37881101885addd1cedf753af9aa,base,37744156,CHEIL CREDIT BANK,22985,Digital Currency Address - USDT,TDNKsLvsY2iSznyghddXz7ZDRc4X3191Z8,TRON_KEY_EQUIVALENCE,Unknown,DPRK4,2017-09-26
CU-ACT-1137,2025-11-04,BLACKLIST,0x171f95410bc65dfc8549c287cd475dc8b82df192,base,37744183,CHEIL CREDIT BANK,22985,Digital Currency Address - USDT,TC5UNu3LGrjjVCuLNDdVgjm4oL5cQAyFRZ,TRON_KEY_EQUIVALENCE,Unknown,DPRK4,2017-09-26
CU-ACT-1138,2025-11-04,BLACKLIST,0x2cbd0ba5b15bde90d5252d8ac1ed2aa121d2d62a,base,37744282,CHEIL CREDIT BANK,22985,Digital Currency Address - USDT,TE3mCcPULjPUE7ykX7RArDPAhyahoy3d2j,TRON_KEY_EQUIVALENCE,Unknown,DPRK4,2017-09-26
CU-ACT-1139,2025-11-04,BLACKLIST,0x37cefc817a4582773b26835910127ba24f284bb4,base,37744303,CHEIL CREDIT BANK,22985,Digital Currency Address - USDT,TF4J8Gp7zbS8NA3HLuxsLdx7Ebzr6weCGn,TRON_KEY_EQUIVALENCE,Unknown,DPRK4,2017-09-26
CU-ACT-1140,2025-11-04,BLACKLIST,0x3e0c892556da529a0c03a28f763964bdf25ca88c,base,37744335,CHEIL CREDIT BANK,22985,Digital Currency Address - USDT,TFdHux43bs21qRsygv5WQWfgtbQeT6nXey,TRON_KEY_EQUIVALENCE,Unknown,DPRK4,2017-09-26
CU-ACT-1141,2025-11-04,BLACKLIST,0x412e673fb7cce4e031b9a02277b1aeb599f62bc1,base,37744377,CHEIL CREDIT BANK,22985,Digital Currency Address - USDT,TFurWgnyNMq9bhLrLoT9FGnrLfAL2BtR5R,TRON_KEY_EQUIVALENCE,Unknown,DPRK4,2017-09-26
CU-ACT-1142,2025-11-04,BLACKLIST,0x40813812bb5a22be798d7f4cf227a584f4f87bc9,base,37744409,CHEIL CREDIT BANK,22985,Digital Currency Address - USDT,TFrH3dcpnR3tADrAcfyJwiK4brsgf3B7PG,TRON_KEY_EQUIVALENCE,Unknown,DPRK4,2017-09-26
CU-ACT-1143,2025-11-04,BLACKLIST,0x491e68c8464e39723c304aef5cea9543f37ee607,base,37744505,CHEIL CREDIT BANK,22985,Digital Currency Address - USDT,TGdpkwNVFjw2DnbHBCFKLvCygPVPz9w4iM,TRON_KEY_EQUIVALENCE,Unknown,DPRK4,2017-09-26
CU-ACT-1144,2025-11-04,BLACKLIST,0x45fc0d462a6473905024a10f756feadf8e6c2d08,base,37744594,CHEIL CREDIT BANK,22985,Digital Currency Address - USDT,TGMFaAXH15oaW8MpcNHLid6NbMKWaaNPdC,TRON_KEY_EQUIVALENCE,Unknown,DPRK4,2017-09-26
CU-ACT-1145,2025-11-04,BLACKLIST,0x44888f0a128a21872c38aa44bede1e31137ba85f,base,37744620,CHEIL CREDIT BANK,22985,Digital Currency Address - USDT,TGDaYNWFXi9HJ7NacfETF15vhUH7eRhKzt,TRON_KEY_EQUIVALENCE,Unknown,DPRK4,2017-09-26
CU-ACT-1146,2025-11-04,BLACKLIST,0x46ccbcaf10b406a85a412ab713ad451caef9a950,base,37744657,CHEIL CREDIT BANK,22985,Digital Currency Address - USDT,TGRZZsD8gxahF5oE6C7K8LLRHqQzoPa5bX,TRON_KEY_EQUIVALENCE,Unknown,DPRK4,2017-09-26
CU-ACT-1147,2025-11-04,BLACKLIST,0x55ef531216bd8077fb1acb8e61be532214b33b76,base,37744689,CHEIL CREDIT BANK,22985,Digital Currency Address - USDT,THob8vRrpDybXeqZDj8ukQhMjJVJ5nCbTW,TRON_KEY_EQUIVALENCE,Unknown,DPRK4,2017-09-26
CU-ACT-1148,2025-11-04,BLACKLIST,0x5042cca9d00c44733ebaf550851b9a65cc98d58f,base,37744715,CHEIL CREDIT BANK,22985,Digital Currency Address - USDT,THHb5iMAbZgQYY19h6uY66y5xt6e11gcZC,TRON_KEY_EQUIVALENCE,Unknown,DPRK4,2017-09-26
CU-ACT-1149,2025-11-04,BLACKLIST,0x4fa8b02fd04a8ed74b2c77d7efdfffbcc884e3f2,base,37744717,CHEIL CREDIT BANK,22985,Digital Currency Address - USDT,THEQTsqPhRDDfgcfBW5npH5Lr9PZhpthrf,TRON_KEY_EQUIVALENCE,Unknown,DPRK4,2017-09-26
CU-ACT-1150,2025-11-04,BLACKLIST,0x45afe4b7e98b6ef450e7b5f53bc1763f3be83e69,base,37744737,CHEIL CREDIT BANK,22985,Digital Currency Address - USDT,TGKgLatirRpTugS6wgCUKerjLbzWKXAVqx,TRON_KEY_EQUIVALENCE,Unknown,DPRK4,2017-09-26
CU-ACT-1151,2025-11-04,BLACKLIST,0xa4e740b001ea51cd90988b19cfb9da7a52e91c47,base,37744762,CHEIL CREDIT BANK,22985,Digital Currency Address - USDT,TR18rEj7gWjKBJLYrowyfnvjWLTTsXGngK,TRON_KEY_EQUIVALENCE,Unknown,DPRK4,2017-09-26
CU-ACT-1152,2025-11-04,BLACKLIST,0x95a603c86ec4a585e4359d1f07e6949567491fc9,base,37744793,CHEIL CREDIT BANK,22985,Digital Currency Address - USDT,TPcUZYthDfxNsHQnZZGBM1BDNBeNSjfPZE,TRON_KEY_EQUIVALENCE,Unknown,DPRK4,2017-09-26
CU-ACT-1153,2025-11-04,BLACKLIST,0x4b1d7ad9f0cbff66d194ba1e9f0da31635f23f0e,base,37744816,CHEIL CREDIT BANK,22985,Digital Currency Address - USDT,TGpNzk9noyvCCdnFPuSg5cqptPs16LjXZq,TRON_KEY_EQUIVALENCE,Unknown,DPRK4,2017-09-26
CU-ACT-1154,2025-11-04,BLACKLIST,0x932dbae7c0493923c2643efc52b9faadfc3109a6,base,37744916,CHEIL CREDIT BANK,22985,Digital Currency Address - USDT,TPPR7e8hGC57dexrE2jy1f94wtuGyVP6Dp,TRON_KEY_EQUIVALENCE,Unknown,DPRK4,2017-09-26
CU-ACT-1155,2025-11-04,BLACKLIST,0x97a582fff8b54e501f584dcd828fd1200f6f9e6b,base,37745034,CHEIL CREDIT BANK,22985,Digital Currency Address - USDT,TPo3JyryRcQ3uhBWexeYhtkpMitsUwY4uB,TRON_KEY_EQUIVALENCE,Unknown,DPRK4,2017-09-26
CU-ACT-1156,2025-11-04,BLACKLIST,0x80d658d0d767de04a4379fee4a2fdf10d9bfbf03,base,37745118,CHEIL CREDIT BANK,22985,Digital Currency Address - USDT,TMiSGhXXVsvJzqwGbwAsGiFxWg2eALZoM5,TRON_KEY_EQUIVALENCE,Unknown,DPRK4,2017-09-26
CU-ACT-1157,2025-11-04,BLACKLIST,0x596ac03ba123b802325bf62ceff98e5608ac48e9,base,37745127,CHEIL CREDIT BANK,22985,Digital Currency Address - USDT,TJ812KESWjzJZGEWBPFCu74Js5zQS7jN5A,TRON_KEY_EQUIVALENCE,Unknown,DPRK4,2017-09-26
CU-ACT-1158,2025-11-04,BLACKLIST,0x80865644f47925223c7e12014e9b11f0f05212bc,base,37745148,CHEIL CREDIT BANK,22985,Digital Currency Address - USDT,TMgnRWb9xFMtktny9Lzty21QYLLQD93ft6,TRON_KEY_EQUIVALENCE,Unknown,DPRK4,2017-09-26
CU-ACT-1159,2025-11-04,BLACKLIST,0x919d585e07ab0926832753eb43fd6fb2b8488051,base,37745265,CHEIL CREDIT BANK,22985,Digital Currency Address - USDT,TPF9UQhqpV18BPWg5xo6MeB3h8t4iEg9gP,TRON_KEY_EQUIVALENCE,Unknown,DPRK4,2017-09-26
CU-ACT-1160,2025-11-04,BLACKLIST,0xa3afa16728fc3a16072a7a00ec4508fafe02a34a,base,37745291,CHEIL CREDIT BANK,22985,Digital Currency Address - USDT,TQthYM5nLqwAEr6DScC8tRtw29ncEB53mK,TRON_KEY_EQUIVALENCE,Unknown,DPRK4,2017-09-26
CU-ACT-1161,2025-11-04,BLACKLIST,0xad0fd006d311c33da60c180603316a813a3f68d4,base,37745358,CHEIL CREDIT BANK,22985,Digital Currency Address - USDT,TRkGqvaobVp4XDNmSceRo5hDcJYDTFmYjd,TRON_KEY_EQUIVALENCE,Unknown,DPRK4,2017-09-26
CU-ACT-1162,2025-11-04,BLACKLIST,0xc5aa13f464851d92fd59f1ef6a1c719e5e6d2d4a,base,37745368,CHEIL CREDIT BANK,22985,Digital Currency Address - USDT,TTzMs5AR66jr9mQMkWfCHVwd3AiLLYPepQ,TRON_KEY_EQUIVALENCE,Unknown,DPRK4,2017-09-26
CU-ACT-1163,2025-11-04,BLACKLIST,0x9d6350f74c811ca9e9c9adc35227a1193d5984b0,base,37745377,CHEIL CREDIT BANK,22985,Digital Currency Address - USDT,TQKQ4ntejdYYJpuYkFz8oCSDoXW6RKRDdY,TRON_KEY_EQUIVALENCE,Unknown,DPRK4,2017-09-26
CU-ACT-1164,2025-11-04,BLACKLIST,0xc19a1636cf379ce180a61946a990d743bd2ee3d1,base,37745498,CHEIL CREDIT BANK,22985,Digital Currency Address - USDT,TTct1DezYvriNWU7Wi3mygLoskkaw61mra,TRON_KEY_EQUIVALENCE,Unknown,DPRK4,2017-09-26
CU-ACT-1165,2025-11-04,BLACKLIST,0xdb7ae6b7a2153fe0062be5d1d90a8be5ec8aaa50,base,37745541,CHEIL CREDIT BANK,22985,Digital Currency Address - USDT,TVyiDQ25H6Rx6PcNV1WyjGasGSa8ehj1Uv,TRON_KEY_EQUIVALENCE,Unknown,DPRK4,2017-09-26
CU-ACT-1166,2025-11-04,BLACKLIST,0xfc3def4dc3bac88f7e80d53c2499a02d65ae7e66,base,37745689,CHEIL CREDIT BANK,22985,Digital Currency Address - USDT,TYxwUhoLPF7AgfG9GaXFEp8CQi8K8KG1m3,TRON_KEY_EQUIVALENCE,Unknown,DPRK4,2017-09-26
CU-ACT-1167,2025-11-04,BLACKLIST,0xc014eb917fb0689844b31347c7556c18a319bbbf,base,37745716,CHEIL CREDIT BANK,22985,Digital Currency Address - USDT,TTUqoT6EAmiM1xLvwVwxhjvjaoEUGtKDdZ,TRON_KEY_EQUIVALENCE,Unknown,DPRK4,2017-09-26
CU-ACT-1168,2025-11-04,BLACKLIST,0xf512078e07f61a2e28081c8ea86c6056788d18b4,base,37745791,CHEIL CREDIT BANK,22985,Digital Currency Address - USDT,TYK29mbyvVxLaLUKdFSTRADMwoxaVbVZQg,TRON_KEY_EQUIVALENCE,Unknown,DPRK4,2017-09-26
CU-ACT-1169,2025-11-04,BLACKLIST,0xda9809eaca62c7d52978045007f26817c425875f,base,37745871,CHEIL CREDIT BANK,22985,Digital Currency Address - USDT,TVu2SiQrWSnfwk8quAeDxfiaLy6FHzYkMA,TRON_KEY_EQUIVALENCE,Unknown,DPRK4,2017-09-26
CU-ACT-1170,2025-11-04,BLACKLIST,0xe61c235a51cf48a554c60005d936d424d0d76397,base,37746010,CHEIL CREDIT BANK,22985,Digital Currency Address - USDT,TWwv8FQiES3yHGig7y3zJWYuPaZfSV3vmY,TRON_KEY_EQUIVALENCE,Unknown,DPRK4,2017-09-26
CU-ACT-1171,2025-11-04,BLACKLIST,0xc95b0eaad3ed1c1505fc9b1a50c160afe3594036,base,37746044,CHEIL CREDIT BANK,22985,Digital Currency Address - USDT,TUKsuPVb8kgJVFp5x528KC5HisUVdzxami,TRON_KEY_EQUIVALENCE,Unknown,DPRK4,2017-09-26
CU-ACT-1172,2025-11-04,BLACKLIST,0xe96e4483bc3f3abfea3213cd8a094ce5b26b117c,base,37746054,CHEIL CREDIT BANK,22985,Digital Currency Address - USDT,TXFUYHVJMDyKikutvCG6qNgTUS5pxtZhHs,TRON_KEY_EQUIVALENCE,Unknown,DPRK4,2017-09-26
CU-ACT-1173,2025-11-04,BLACKLIST,0xed5324b5482a3eef2eb4263d1c386d86bfda5d4b,base,37746159,CHEIL CREDIT BANK,22985,Digital Currency Address - USDT,TXc4kRiMEcdXRxWpSKkD5qKaARExN4uxPq,TRON_KEY_EQUIVALENCE,Unknown,DPRK4,2017-09-26
CU-ACT-1174,2025-11-04,BLACKLIST,0xd3301fc40c118a14ba8c15370e6dd3746656d287,base,37746266,CHEIL CREDIT BANK,22985,Digital Currency Address - USDT,TVDsEFm19zLV8HeXdt6G75rLroxnp6uqpV,TRON_KEY_EQUIVALENCE,Unknown,DPRK4,2017-09-26
CU-ACT-1175,2025-11-04,BLACKLIST,0xdc2ec40485f23d6268fe9f4fde8c390051f4766a,base,37746289,CHEIL CREDIT BANK,22985,Digital Currency Address - USDT,TW3RgbhYkFEFnmRJ9mE9b83T9XYSMkjwuD,TRON_KEY_EQUIVALENCE,Unknown,DPRK4,2017-09-26
CU-ACT-1176,2025-11-04,BLACKLIST,0xf3f338ec1c5e17ab45377e78308ace9a6338242c,base,37746310,CHEIL CREDIT BANK,22985,Digital Currency Address - USDT,TYD6a4PAAfAgegEdDf9oZUnW4DFmS8jeFT,TRON_KEY_EQUIVALENCE,Unknown,DPRK4,2017-09-26
CU-ACT-1177,2025-11-19,BLACKLIST,0x5d5b5dafecbf31bdb08bfd3edad4f2694372d0ef,base,38392667,Sokolovski Rolan,56360,Digital Currency Address - ETH,0x5d5b5dafecbf31bdb08bfd3edad4f2694372d0ef,HEX_IDENTIFIER,Unknown,ILLICIT-DRUGS-EO14059,2025-11-19
CU-ACT-1178,2025-11-19,BLACKLIST,0xc103b7dc095c904b92081eef0c1640081ec01c10,base,38392710,Sokolovski Rolan,56360,Digital Currency Address - ETH,0xc103b7dc095c904b92081eef0c1640081ec01c10,HEX_IDENTIFIER,Unknown,ILLICIT-DRUGS-EO14059,2025-11-19
CU-ACT-1179,2025-11-19,BLACKLIST,0xe1e4c5e5ed8f03ae61b581e2def126025f2b9401,base,38392810,Sokolovski Rolan,56360,Digital Currency Address - ETH,0xe1e4c5e5ed8f03ae61b581e2def126025f2b9401,HEX_IDENTIFIER,Unknown,ILLICIT-DRUGS-EO14059,2025-11-19
CU-ACT-1180,2025-11-19,BLACKLIST,0x11fe0fd1a9fb17746eb9877a396ddf1b3a632838,base,38392828,Sokolovski Rolan,56360,Digital Currency Address - TRX,TBcLqqqyZjNj1ptuXFgj5H768NhNU5nDyn,TRON_KEY_EQUIVALENCE,Unknown,ILLICIT-DRUGS-EO14059,2025-11-19
CU-ACT-1181,2025-11-19,BLACKLIST,0x091a964948da0f8f638c8b688e391e5a3df1a43e,base,38392913,Wedding Ryan James,56357,Digital Currency Address - TRX,TAoLw5yD5XUoHWeBZRSZ1ExK9HMv2CiPvP,TRON_KEY_EQUIVALENCE,Unknown,ILLICIT-DRUGS-EO14059,2025-11-19
CU-ACT-1182,2025-11-19,BLACKLIST,0xd4e976441a1cad72ee5cbd2fd1b677fe7ce8afdf,base,38393045,Wedding Ryan James,56357,Digital Currency Address - TRX,TVNyvx2astt2AB1Us67ENjfMZeEXZeiuu6,TRON_KEY_EQUIVALENCE,Unknown,ILLICIT-DRUGS-EO14059,2025-11-19
CU-ACT-1183,2025-11-19,BLACKLIST,0x2020b536fd363c82fc3f6ab26aeea94b4ffa1404,base,38393067,Sokolovski Rolan,56360,Digital Currency Address - TRX,TCu5onCzXuqxjvVzdB2tR4FLuF66d4yRqf,TRON_KEY_EQUIVALENCE,Unknown,ILLICIT-DRUGS-EO14059,2025-11-19
CU-ACT-1184,2025-11-19,BLACKLIST,0x9227c54226014afcb588dc49818e28a3a2367557,base,38393088,Wedding Ryan James,56357,Digital Currency Address - TRX,TPJ1JNX98MJpHueBJeF5SVSg85z8mYg1P1,TRON_KEY_EQUIVALENCE,Unknown,ILLICIT-DRUGS-EO14059,2025-11-19
CU-ACT-1187,2026-01-30,BLACKLIST,0xbf92b14aa9fd088182178e2ebf208da946521ee5,base,41500912,Zedcex Exchange Ltd,56865,Digital Currency Address - TRX,TTS9o5KkpGgH8cK9LofLmMAPYb5zfQvSNa,TRON_KEY_EQUIVALENCE,Unknown,IFSR; IRAN-EO13902; SDGT,2026-01-30
CU-ACT-1188,2026-01-30,BLACKLIST,0x2136ed3902c1d7217d9b19cf313bbb035ed9bfd7,base,41500939,Zedcex Exchange Ltd,56865,Digital Currency Address - TRX,TCzq6m2zxnQkrZrf8cqYcK6bbXQYAfWYKC,TRON_KEY_EQUIVALENCE,Unknown,IFSR; IRAN-EO13902; SDGT,2026-01-30
CU-ACT-1189,2026-01-30,BLACKLIST,0x783a4cc2478f1b44f37052bac72abaa3fc6f992a,base,41501034,Zedcex Exchange Ltd,56865,Digital Currency Address - TRX,TLvuvpfBKdxddxSsJefeiGCe9eVY8HUroE,TRON_KEY_EQUIVALENCE,Unknown,IFSR; IRAN-EO13902; SDGT,2026-01-30
CU-ACT-1190,2026-01-30,BLACKLIST,0x4bae1c4b2167fe4ebcd6d7baac1138d943a2609f,base,41501045,Zedcex Exchange Ltd,56865,Digital Currency Address - TRX,TGsNFrgWfbGN2gX25Wcf8oTejtxtQkvmEx,TRON_KEY_EQUIVALENCE,Unknown,IFSR; IRAN-EO13902; SDGT,2026-01-30
CU-ACT-1191,2026-01-30,BLACKLIST,0x180242dc6b95c786c2d9c397532c679a956a1d12,base,41501066,Zedcex Exchange Ltd,56865,Digital Currency Address - TRX,TCA9vmjsYw9MtPKEwRBtGhKFRfr4CLxJAv,TRON_KEY_EQUIVALENCE,Unknown,IFSR; IRAN-EO13902; SDGT,2026-01-30
CU-ACT-1192,2026-01-30,BLACKLIST,0x0529ebc9ff01a4d390f91687d7c7406bf0dab24e,base,41501115,Zedcex Exchange Ltd,56865,Digital Currency Address - TRX,TASWbk6X1wiTku5TMmMQYqYFvshVEtfJy8,TRON_KEY_EQUIVALENCE,Unknown,IFSR; IRAN-EO13902; SDGT,2026-01-30
CU-ACT-1193,2026-01-30,BLACKLIST,0x8dd586d12164a98e319607295935ee968919608e,base,41501147,Zedcex Exchange Ltd,56865,Digital Currency Address - TRX,TNuA5CQ6LB4jTHoNrjEeQZJmcmhQuHMbQ7,TRON_KEY_EQUIVALENCE,Unknown,IFSR; IRAN-EO13902; SDGT,2026-01-30
CU-ACT-1194,2026-03-12,BLACKLIST,0xb637f84b66876ebf609c2a4208905f9ddac9d075,base,43273357,Yun Song Guk,57034,Digital Currency Address - ETH,0xb637f84b66876ebf609c2a4208905f9ddac9d075,HEX_IDENTIFIER,Unknown,DPRK4,2026-03-12
CU-ACT-1195,2026-03-12,BLACKLIST,0x0330070fd38ec3bb94f58fa55d40368271e9e54a,base,43273532,AMNOKGANG TECHNOLOGY DEVELOPMENT COMPANY 압록강기술개발회사 鸭绿江技术开发公司,57056,Digital Currency Address - ETH,0x0330070FD38Ec3bB94F58FA55D40368271E9e54A,HEX_IDENTIFIER,Unknown,DPRK4,2026-03-12
CU-ACT-1196,2026-03-12,BLACKLIST,0x95584c303fcd48af5c6b9873015f2ad0ca84eae3,base,43273554,Yun Song Guk,57034,Digital Currency Address - ETH,0x95584C303FCd48AF5c6B9873015f2AD0ca84EaE3,HEX_IDENTIFIER,Unknown,DPRK4,2026-03-12
CU-ACT-1197,2026-03-12,BLACKLIST,0xcb74874f1e06fcf80a306e06e5379a44b488ba2d,base,43273604,AMNOKGANG TECHNOLOGY DEVELOPMENT COMPANY 압록강기술개발회사 鸭绿江技术开发公司,57056,Digital Currency Address - ETH,0xcB74874f1e06Fcf80A306e06e5379A44B488bA2D,HEX_IDENTIFIER,Unknown,DPRK4,2026-03-12
CU-ACT-1198,2026-03-12,BLACKLIST,0x9be599d7867f5e1a2d7ec6db9710df2b98a15573,base,43273770,AMNOKGANG TECHNOLOGY DEVELOPMENT COMPANY 압록강기술개발회사 鸭绿江技术开发公司,57056,Digital Currency Address - ETH,0x9Be599d7867f5E1a2D7Ec6dB9710dF2b98A15573,HEX_IDENTIFIER,Unknown,DPRK4,2026-03-12
CU-ACT-1199,2026-03-12,BLACKLIST,0xd04e33461fea8302c5e1e13895b60cee8aefda7f,base,43273786,Sim Hyon Sop,42498,Digital Currency Address - ETH,0xd04E33461FEA8302c5E1e13895b60cEe8AEfda7F,HEX_IDENTIFIER,Unknown,NPWMD,2023-04-24
CU-ACT-1200,2026-03-12,BLACKLIST,0xfda1ec4a6178d4916b001a065422d31ebe5f62ff,base,43273803,Sim Hyon Sop,42498,Digital Currency Address - ETH,0xFda1Ec4A6178d4916b001a065422D31EBE5F62FF,HEX_IDENTIFIER,Unknown,NPWMD,2023-04-24
CU-ACT-1201,2026-03-12,BLACKLIST,0x76ea76ca4eb727f18956ab93445a94c5280412b9,base,43273812,Sim Hyon Sop,42498,Digital Currency Address - ETH,0x76EA76CA4Eb727f18956aB93445a94c5280412B9,HEX_IDENTIFIER,Unknown,NPWMD,2023-04-24
CU-ACT-1202,2026-03-12,BLACKLIST,0x4f47bc496083c727c5fbe3ce9cdf2b0f6496270c,base,43273830,Sim Hyon Sop,42498,Digital Currency Address - ETH,0x4f47bc496083c727c5fbe3ce9cdf2b0f6496270c,HEX_IDENTIFIER,Unknown,NPWMD,2023-04-24
CU-ACT-1203,2026-03-12,BLACKLIST,0x2ec6c5fe3d7acd8e2e6185c17d9acb136e66f3e0,base,43273958,AMNOKGANG TECHNOLOGY DEVELOPMENT COMPANY 압록강기술개발회사 鸭绿江技术开发公司,57056,Digital Currency Address - TRX,TEEYCuGDyeNkuDj4u6GQRXxXo3Nh29r2vP,TRON_KEY_EQUIVALENCE,Unknown,DPRK4,2026-03-12
CU-ACT-1204,2026-03-12,BLACKLIST,0xfb3eff152ea55d1bfa04dbdd509a80fd7b72cdeb,base,43274049,Sim Hyon Sop,42498,Digital Currency Address - ETH,0xFb3eFf152ea55D1BfA04Dbdd509A80fD7b72cdEB,HEX_IDENTIFIER,Unknown,NPWMD,2023-04-24
CU-ACT-1205,2026-03-12,BLACKLIST,0x283fcf7f260da7c3c9aad91beab58882990a66eb,base,43274084,AMNOKGANG TECHNOLOGY DEVELOPMENT COMPANY 압록강기술개발회사 鸭绿江技术开发公司,57056,Digital Currency Address - TRX,TDe2UNAvuUnTbbDo7518eMe3TXN5qJW8Ft,TRON_KEY_EQUIVALENCE,Unknown,DPRK4,2026-03-12
CU-ACT-1206,2026-03-12,BLACKLIST,0xfe88af78cfc99bea57f2fb708489cfc0f0b7f704,base,43274097,AMNOKGANG TECHNOLOGY DEVELOPMENT COMPANY 압록강기술개발회사 鸭绿江技术开发公司,57056,Digital Currency Address - TRX,TZB4NrX7k9ZsV6PRc1GigAztLL8WHpLvwP,TRON_KEY_EQUIVALENCE,Unknown,DPRK4,2026-03-12
CU-ACT-1207,2026-03-12,BLACKLIST,0x747afb5c7a7fc34b547cd0fdebf9b91759c5a52b,base,43274173,Sim Hyon Sop,42498,Digital Currency Address - ETH,0x747AFB5c7A7fc34B547cD0FDEbf9b91759C5a52b,HEX_IDENTIFIER,Unknown,NPWMD,2023-04-24
CU-ACT-1208,2026-03-12,BLACKLIST,0x8d55c4306745f05a31af596c6bfa19374073e797,base,43274220,AMNOKGANG TECHNOLOGY DEVELOPMENT COMPANY 압록강기술개발회사 鸭绿江技术开发公司,57056,Digital Currency Address - TRX,TNrX2FwrHKoo4XACGkmSzqeK4pdnKYn6Z7,TRON_KEY_EQUIVALENCE,Unknown,DPRK4,2026-03-12
CU-ACT-1209,2026-03-12,BLACKLIST,0xee61f0eeee09eed3583baab61fa2e64b96207478,base,43274237,Sim Hyon Sop,42498,Digital Currency Address - TRX,TXhf9nU9bjo1j9z5qEesHdr6gtdndfnA4T,TRON_KEY_EQUIVALENCE,Unknown,NPWMD,2023-04-24
CU-ACT-1210,2026-03-12,BLACKLIST,0x9145fc390e71e3b56da4bfe51460cbdbb1a8a3f9,base,43274314,Sim Hyon Sop,42498,Digital Currency Address - TRX,TPDLpXxPcaSsupEZ3yrVksmNkYP5SLeKxu,TRON_KEY_EQUIVALENCE,Unknown,NPWMD,2023-04-24
CU-ACT-1211,2026-03-12,BLACKLIST,0x88ef69134150f35b1e91fa2d8bfbb44ba2c51e62,base,43274350,Sim Hyon Sop,42498,Digital Currency Address - TRX,TNTFhgFoKH4srBMiWbfrVFqP2AThSmdwf1,TRON_KEY_EQUIVALENCE,Unknown,NPWMD,2023-04-24
CU-ACT-1212,2026-03-12,BLACKLIST,0x47df0606a84a52763887d7aa280cc4f068326b16,base,43274366,Sim Hyon Sop,42498,Digital Currency Address - TRX,TGXE9dGWawjfd3xqFSho1h1bRbRv9wUGrF,TRON_KEY_EQUIVALENCE,Unknown,NPWMD,2023-04-24
CU-ACT-1213,2026-03-12,BLACKLIST,0xf8bc582628cd0c721b554161a1cb59ea003742c0,base,43274378,Sim Hyon Sop,42498,Digital Currency Address - TRX,TYeQD2VddTZ9NkFkAnT9DD8cUGetGUQZB2,TRON_KEY_EQUIVALENCE,Unknown,NPWMD,2023-04-24
CU-ACT-1214,2026-03-12,BLACKLIST,0x6315bdc714ebb7a08e5ec10f351b6ca61d052bee,base,43274379,Sim Hyon Sop,42498,Digital Currency Address - TRX,TK17wfSPp32RWrnzZPrGpv7TxdNFvvvE2s,TRON_KEY_EQUIVALENCE,Unknown,NPWMD,2023-04-24
CU-ACT-1216,2023-07-21,BLACKLIST,0xd882cfc20f52f2599d84b8e8d58c7fb62cfe344b,polygon,45346590,KARASAVIDI Dmitrii КАРАСАВИДИ Дмитрий,29585,Digital Currency Address - ETH,0xd882cfc20f52f2599d84b8e8d58c7fb62cfe344b,HEX_IDENTIFIER,Unknown,CYBER2,2020-09-16
CU-ACT-1217,2023-07-21,BLACKLIST,0x7f367cc41522ce07553e823bf3be79a889debe1b,polygon,45346593,Potekhin Danil Потехин Данил,29584,Digital Currency Address - ETH,0x7F367cC41522cE07553e823bf3be79A889DEbe1B,HEX_IDENTIFIER,Unknown,CYBER2,2020-09-16
CU-ACT-1218,2023-07-21,BLACKLIST,0x1da5821544e25c636c1417ba96ade4cf6d2f9b5a,polygon,45346596,Secondeye Solution,30518,Digital Currency Address - ETH,0x1da5821544e25c636c1417ba96ade4cf6d2f9b5a,HEX_IDENTIFIER,Unknown,CYBER2; ELECTION-EO13848,2021-04-15
CU-ACT-1219,2023-07-21,BLACKLIST,0x7db418b5d567a4e0e8c59ad71be1fce48f3e6107,polygon,45346599,Secondeye Solution,30518,Digital Currency Address - ETH,0x7Db418b5D567A4e0E8c59Ad71BE1FcE48f3E6107,HEX_IDENTIFIER,Unknown,CYBER2; ELECTION-EO13848,2021-04-15
CU-ACT-1220,2023-07-21,BLACKLIST,0x72a5843cc08275c8171e582972aa4fda8c397b2a,polygon,45346603,Secondeye Solution,30518,Digital Currency Address - ETH,0x72a5843cc08275C8171E582972Aa4fDa8C397B2A,HEX_IDENTIFIER,Unknown,CYBER2; ELECTION-EO13848,2021-04-15
CU-ACT-1221,2023-07-21,BLACKLIST,0x7f19720a857f834887fc9a7bc0a0fbe7fc7f8102,polygon,45346606,Secondeye Solution,30518,Digital Currency Address - ETH,0x7F19720A857F834887FC9A7bC0a0fBe7Fc7f8102,HEX_IDENTIFIER,Unknown,CYBER2; ELECTION-EO13848,2021-04-15
CU-ACT-1222,2023-07-21,BLACKLIST,0xd882cfc20f52f2599d84b8e8d58c7fb62cfe344b,polygon,45348203,KARASAVIDI Dmitrii КАРАСАВИДИ Дмитрий,29585,Digital Currency Address - ETH,0xd882cfc20f52f2599d84b8e8d58c7fb62cfe344b,HEX_IDENTIFIER,Unknown,CYBER2,2020-09-16
CU-ACT-1223,2023-07-21,BLACKLIST,0xd882cfc20f52f2599d84b8e8d58c7fb62cfe344b,polygon,45348215,KARASAVIDI Dmitrii КАРАСАВИДИ Дмитрий,29585,Digital Currency Address - ETH,0xd882cfc20f52f2599d84b8e8d58c7fb62cfe344b,HEX_IDENTIFIER,Unknown,CYBER2,2020-09-16
CU-ACT-1224,2023-07-21,BLACKLIST,0x7f367cc41522ce07553e823bf3be79a889debe1b,polygon,45348218,Potekhin Danil Потехин Данил,29584,Digital Currency Address - ETH,0x7F367cC41522cE07553e823bf3be79A889DEbe1B,HEX_IDENTIFIER,Unknown,CYBER2,2020-09-16
CU-ACT-1225,2023-07-21,BLACKLIST,0x1da5821544e25c636c1417ba96ade4cf6d2f9b5a,polygon,45348221,Secondeye Solution,30518,Digital Currency Address - ETH,0x1da5821544e25c636c1417ba96ade4cf6d2f9b5a,HEX_IDENTIFIER,Unknown,CYBER2; ELECTION-EO13848,2021-04-15
CU-ACT-1226,2023-07-21,BLACKLIST,0x7db418b5d567a4e0e8c59ad71be1fce48f3e6107,polygon,45348225,Secondeye Solution,30518,Digital Currency Address - ETH,0x7Db418b5D567A4e0E8c59Ad71BE1FcE48f3E6107,HEX_IDENTIFIER,Unknown,CYBER2; ELECTION-EO13848,2021-04-15
CU-ACT-1227,2023-07-21,BLACKLIST,0xd882cfc20f52f2599d84b8e8d58c7fb62cfe344b,polygon,45348257,KARASAVIDI Dmitrii КАРАСАВИДИ Дмитрий,29585,Digital Currency Address - ETH,0xd882cfc20f52f2599d84b8e8d58c7fb62cfe344b,HEX_IDENTIFIER,Unknown,CYBER2,2020-09-16
CU-ACT-1228,2023-07-21,BLACKLIST,0x7f367cc41522ce07553e823bf3be79a889debe1b,polygon,45348260,Potekhin Danil Потехин Данил,29584,Digital Currency Address - ETH,0x7F367cC41522cE07553e823bf3be79A889DEbe1B,HEX_IDENTIFIER,Unknown,CYBER2,2020-09-16
CU-ACT-1229,2023-07-21,BLACKLIST,0x1da5821544e25c636c1417ba96ade4cf6d2f9b5a,polygon,45348263,Secondeye Solution,30518,Digital Currency Address - ETH,0x1da5821544e25c636c1417ba96ade4cf6d2f9b5a,HEX_IDENTIFIER,Unknown,CYBER2; ELECTION-EO13848,2021-04-15
CU-ACT-1230,2023-07-21,BLACKLIST,0x7db418b5d567a4e0e8c59ad71be1fce48f3e6107,polygon,45348267,Secondeye Solution,30518,Digital Currency Address - ETH,0x7Db418b5D567A4e0E8c59Ad71BE1FcE48f3E6107,HEX_IDENTIFIER,Unknown,CYBER2; ELECTION-EO13848,2021-04-15
CU-ACT-1231,2023-07-21,BLACKLIST,0x72a5843cc08275c8171e582972aa4fda8c397b2a,polygon,45348270,Secondeye Solution,30518,Digital Currency Address - ETH,0x72a5843cc08275C8171E582972Aa4fDa8C397B2A,HEX_IDENTIFIER,Unknown,CYBER2; ELECTION-EO13848,2021-04-15
CU-ACT-1232,2023-07-21,BLACKLIST,0x72a5843cc08275c8171e582972aa4fda8c397b2a,polygon,45348331,Secondeye Solution,30518,Digital Currency Address - ETH,0x72a5843cc08275C8171E582972Aa4fDa8C397B2A,HEX_IDENTIFIER,Unknown,CYBER2; ELECTION-EO13848,2021-04-15
CU-ACT-1233,2023-07-21,BLACKLIST,0x7f19720a857f834887fc9a7bc0a0fbe7fc7f8102,polygon,45348334,Secondeye Solution,30518,Digital Currency Address - ETH,0x7F19720A857F834887FC9A7bC0a0fBe7Fc7f8102,HEX_IDENTIFIER,Unknown,CYBER2; ELECTION-EO13848,2021-04-15
CU-ACT-1234,2023-07-21,BLACKLIST,0x9f4cda013e354b8fc285bf4b9a60460cee7f7ea9,polygon,45348337,SOUTHFRONT,31212,Digital Currency Address - ETH,0x9f4cda013e354b8fc285bf4b9a60460cee7f7ea9,HEX_IDENTIFIER,Unknown,CYBER2; ELECTION-EO13848; NPWMD,2021-04-15
CU-ACT-1235,2023-07-21,BLACKLIST,0xa7e5d5a720f06526557c513402f2e6b5fa20b008,polygon,45348340,Lifshits Artem Mikhaylovich ЛИФШИЦ Артем Михайлович,29702,Digital Currency Address - ETH,0xa7e5d5a720f06526557c513402f2e6b5fa20b008,HEX_IDENTIFIER,Unknown,CYBER2; ELECTION-EO13848,2020-09-10
CU-ACT-1236,2023-07-21,BLACKLIST,0x3cbded43efdaf0fc77b9c55f6fc9988fcc9b757d,polygon,45348343,SOUTHFRONT,31212,Digital Currency Address - ETH,0x3cbded43efdaf0fc77b9c55f6fc9988fcc9b757d,HEX_IDENTIFIER,Unknown,CYBER2; ELECTION-EO13848; NPWMD,2021-04-15
CU-ACT-1237,2023-07-21,BLACKLIST,0x67d40ee1a85bf4a4bb7ffae16de985e8427b6b45,polygon,45348347,CHATEX,33854,Digital Currency Address - ETH,0x67d40EE1A85bf4a4Bb7Ffae16De985e8427B6b45,HEX_IDENTIFIER,Unknown,CYBER2,2021-11-08
CU-ACT-1238,2023-07-21,BLACKLIST,0x6f1ca141a28907f78ebaa64fb83a9088b02a8352,polygon,45348350,CHATEX,33854,Digital Currency Address - ETH,0x6f1ca141a28907f78ebaa64fb83a9088b02a8352,HEX_IDENTIFIER,Unknown,CYBER2,2021-11-08
CU-ACT-1240,2023-07-21,BLACKLIST,0x48549a34ae37b12f6a30566245176994e17c6b4a,polygon,45348357,CHATEX,33854,Digital Currency Address - ETH,0x48549a34ae37b12f6a30566245176994e17c6b4a,HEX_IDENTIFIER,Unknown,CYBER2,2021-11-08
CU-ACT-1242,2023-07-21,BLACKLIST,0x48549a34ae37b12f6a30566245176994e17c6b4a,polygon,45348450,CHATEX,33854,Digital Currency Address - ETH,0x48549a34ae37b12f6a30566245176994e17c6b4a,HEX_IDENTIFIER,Unknown,CYBER2,2021-11-08
CU-ACT-1243,2023-07-21,BLACKLIST,0x5512d943ed1f7c8a43f3435c85f7ab68b30121b0,polygon,45348453,CHATEX,33854,Digital Currency Address - ETH,0x5512d943ed1f7c8a43f3435c85f7ab68b30121b0,HEX_IDENTIFIER,Unknown,CYBER2,2021-11-08
CU-ACT-1244,2023-07-21,BLACKLIST,0xc455f7fd3e0e12afd51fba5c106909934d8a0e4a,polygon,45348456,CHATEX,33854,Digital Currency Address - ETH,0xc455f7fd3e0e12afd51fba5c106909934d8a0e4a,HEX_IDENTIFIER,Unknown,CYBER2,2021-11-08
CU-ACT-1245,2023-07-21,BLACKLIST,0x2f389ce8bd8ff92de3402ffce4691d17fc4f6535,polygon,45348460,"SUEX OTC, S.R.O.",33151,Digital Currency Address - ETH,0x2f389ce8bd8ff92de3402ffce4691d17fc4f6535,HEX_IDENTIFIER,Unknown,CYBER2,2021-09-21
CU-ACT-1246,2023-07-21,BLACKLIST,0x19aa5fe80d33a56d56c78e82ea5e50e5d80b4dff,polygon,45348463,"SUEX OTC, S.R.O.",33151,Digital Currency Address - ETH,0x19aa5fe80d33a56d56c78e82ea5e50e5d80b4dff,HEX_IDENTIFIER,Unknown,CYBER2,2021-09-21
CU-ACT-1247,2023-07-21,BLACKLIST,0xe7aa314c77f4233c18c6cc84384a9247c0cf367b,polygon,45348466,"SUEX OTC, S.R.O.",33151,Digital Currency Address - ETH,0xe7aa314c77f4233c18c6cc84384a9247c0cf367b,HEX_IDENTIFIER,Unknown,CYBER2,2021-09-21
CU-ACT-1248,2023-07-21,BLACKLIST,0x308ed4b7b49797e1a98d3818bff6fe5385410370,polygon,45348469,"SUEX OTC, S.R.O.",33151,Digital Currency Address - ETH,0x308ed4b7b49797e1a98d3818bff6fe5385410370,HEX_IDENTIFIER,Unknown,CYBER2,2021-09-21
CU-ACT-1249,2023-07-21,BLACKLIST,0xfec8a60023265364d066a1212fde3930f6ae8da7,polygon,45348472,Polyanin Yevgeniy Igorevich Полянин Евгений Игоревич,33858,Digital Currency Address - USDT,0xfec8a60023265364d066a1212fde3930f6ae8da7,HEX_IDENTIFIER,Unknown,CYBER2,2021-11-08
CU-ACT-1250,2023-07-21,BLACKLIST,0x8576acc5c05d6ce88f4e49bf65bdf0c62f91353c,polygon,45348475,Andreyev Anton Nikolaeyvich АНДРЕЕВ Антон Николаевич,29703,Digital Currency Address - ETH,0x8576acc5c05d6ce88f4e49bf65bdf0c62f91353c,HEX_IDENTIFIER,Unknown,CYBER2; ELECTION-EO13848,2020-09-10
CU-ACT-1251,2023-07-21,BLACKLIST,0x901bb9583b24d97e995513c6778dc6888ab6870e,polygon,45348479,Lifshits Artem Mikhaylovich ЛИФШИЦ Артем Михайлович,29702,Digital Currency Address - ETH,0x901bb9583b24d97e995513c6778dc6888ab6870e,HEX_IDENTIFIER,Unknown,CYBER2; ELECTION-EO13848,2020-09-10
CU-ACT-1252,2023-07-21,BLACKLIST,0x7ff9cfad3877f21d41da833e2f775db0569ee3d9,polygon,45348534,GARANTEX EUROPE OU GARANTEX EUROPE OÜ,36025,Digital Currency Address - ETH,0x7FF9cFad3877F21d41Da833E2F775dB0569eE3D9,HEX_IDENTIFIER,Unknown,CYBER4; RUSSIA-EO14024,2022-04-05
CU-ACT-1253,2023-07-21,BLACKLIST,0x098b716b8aaf21512996dc57eb0615e2383e2f96,polygon,45348538,Lazarus Group,27307,Digital Currency Address - ETH,0x098B716B8Aaf21512996dC57EB0615e2383E2f96,HEX_IDENTIFIER,Unknown,DPRK3,2019-09-13
CU-ACT-1254,2023-07-21,BLACKLIST,0xa0e1c89ef1a489c9c7de96311ed5ce5d32c20e4b,polygon,45348541,Lazarus Group,27307,Digital Currency Address - ETH,0xa0e1c89Ef1a489c9C7dE96311eD5Ce5D32c20E4B,HEX_IDENTIFIER,Unknown,DPRK3,2019-09-13
CU-ACT-1255,2023-07-21,BLACKLIST,0x3cffd56b47b7b41c56258d9c7731abadc360e073,polygon,45348544,Lazarus Group,27307,Digital Currency Address - ETH,0x3Cffd56B47B7b41c56258D9C7731ABaDc360E073,HEX_IDENTIFIER,Unknown,DPRK3,2019-09-13
CU-ACT-1256,2023-07-21,BLACKLIST,0x53b6936513e738f44fb50d2b9476730c0ab3bfc1,polygon,45348547,Lazarus Group,27307,Digital Currency Address - ETH,0x53b6936513e738f44FB50d2b9476730C0Ab3Bfc1,HEX_IDENTIFIER,Unknown,DPRK3,2019-09-13
CU-ACT-1258,2023-07-21,BLACKLIST,0x35fb6f6db4fb05e6a4ce86f2c93691425626d4b1,polygon,45348553,Lazarus Group,27307,Digital Currency Address - ETH,0x35fB6f6DB4fb05e6A4cE86f2C93691425626d4b1,HEX_IDENTIFIER,Unknown,DPRK3,2019-09-13
CU-ACT-1259,2023-07-21,BLACKLIST,0xf7b31119c2682c88d88d455dbb9d5932c65cf1be,polygon,45348556,Lazarus Group,27307,Digital Currency Address - ETH,0xF7B31119c2682c88d88D455dBb9d5932c65Cf1bE,HEX_IDENTIFIER,Unknown,DPRK3,2019-09-13
CU-ACT-1260,2023-07-21,BLACKLIST,0x3e37627deaa754090fbfbb8bd226c1ce66d255e9,polygon,45348559,Lazarus Group,27307,Digital Currency Address - ETH,0x3e37627dEAA754090fBFbb8bd226c1CE66D255e9,HEX_IDENTIFIER,Unknown,DPRK3,2019-09-13
CU-ACT-1261,2023-07-21,BLACKLIST,0x08723392ed15743cc38513c4925f5e6be5c17243,polygon,45348561,Lazarus Group,27307,Digital Currency Address - ETH,0x08723392Ed15743cc38513C4925f5e6be5c17243,HEX_IDENTIFIER,Unknown,DPRK3,2019-09-13
CU-ACT-1304,2023-07-21,BLACKLIST,0xc2a3829f459b3edd87791c74cd45402ba0a20be3,polygon,45349679,Task Force Rusich,38665,Digital Currency Address - ETH,0xc2a3829F459B3Edd87791c74cD45402BA0a20Be3,HEX_IDENTIFIER,Unknown,RUSSIA-EO14024,2022-09-15
CU-ACT-1305,2023-07-21,BLACKLIST,0x3ad9db589d201a710ed237c829c7860ba86510fc,polygon,45349681,Task Force Rusich,38665,Digital Currency Address - ETH,0x3AD9dB589d201A710Ed237c829c7860Ba86510Fc,HEX_IDENTIFIER,Unknown,RUSSIA-EO14024,2022-09-15
CU-ACT-1306,2023-07-21,BLACKLIST,0xe7800b61479695ec74e4b219f409f67bd1055a27,polygon,45349735,Task Force Rusich,38665,Digital Currency Address - USDT,TX5GV4DyfxNB3rPkzZJhmqZ1efVmL4rEqG,TRON_KEY_EQUIVALENCE,Unknown,RUSSIA-EO14024,2022-09-15
CU-ACT-1372,2023-07-21,BLACKLIST,0xd0975b32cea532eadddfc9c60481976e39db3472,polygon,45350811,Grimm Matthew Simon,39593,Digital Currency Address - ETH,0xd0975b32cea532eadddfc9c60481976e39db3472,HEX_IDENTIFIER,Unknown,ILLICIT-DRUGS-EO14059,2022-11-09
CU-ACT-1373,2023-07-21,BLACKLIST,0x1967d8af5bd86a497fb3dd7899a020e47560daaf,polygon,45350814,Grimm Matthew Simon,39593,Digital Currency Address - ETH,0x1967d8af5bd86a497fb3dd7899a020e47560daaf,HEX_IDENTIFIER,Unknown,ILLICIT-DRUGS-EO14059,2022-11-09
CU-ACT-1374,2023-07-21,BLACKLIST,0x1967d8af5bd86a497fb3dd7899a020e47560daaf,polygon,45350829,Grimm Matthew Simon,39593,Digital Currency Address - ETH,0x1967d8af5bd86a497fb3dd7899a020e47560daaf,HEX_IDENTIFIER,Unknown,ILLICIT-DRUGS-EO14059,2022-11-09
CU-ACT-1375,2023-07-21,BLACKLIST,0x83e5bc4ffa856bb84bb88581f5dd62a433a25e0d,polygon,45350832,Peijnenburg Alex Adrianus Martinus,39585,Digital Currency Address - ETH,0x83E5bC4Ffa856BB84Bb88581f5Dd62A433A25e0D,HEX_IDENTIFIER,Unknown,ILLICIT-DRUGS-EO14059,2022-11-09
CU-ACT-1376,2023-07-21,BLACKLIST,0x08b2efdcdb8822efe5ad0eae55517cf5dc544251,polygon,45350835,Peijnenburg Alex Adrianus Martinus,39585,Digital Currency Address - ETH,0x08b2eFdcdB8822EfE5ad0Eae55517cf5DC544251,HEX_IDENTIFIER,Unknown,ILLICIT-DRUGS-EO14059,2022-11-09
CU-ACT-1377,2023-07-21,BLACKLIST,0x04dba1194ee10112fe6c3207c0687def0e78bacf,polygon,45350839,Peijnenburg Alex Adrianus Martinus,39585,Digital Currency Address - ETH,0x04DBA1194ee10112fE6C3207C0687DEf0e78baCf,HEX_IDENTIFIER,Unknown,ILLICIT-DRUGS-EO14059,2022-11-09
CU-ACT-1378,2023-07-21,BLACKLIST,0x0ee5067b06776a89ccc7dc8ee369984ad7db5e06,polygon,45350842,Peijnenburg Alex Adrianus Martinus,39585,Digital Currency Address - ETH,0x0Ee5067b06776A89CcC7dC8Ee369984AD7Db5e06,HEX_IDENTIFIER,Unknown,ILLICIT-DRUGS-EO14059,2022-11-09
CU-ACT-1379,2023-07-21,BLACKLIST,0x502371699497d08d5339c870851898d6d72521dd,polygon,45350845,Peijnenburg Alex Adrianus Martinus,39585,Digital Currency Address - ETH,0x502371699497d08D5339c870851898D6D72521Dd,HEX_IDENTIFIER,Unknown,ILLICIT-DRUGS-EO14059,2022-11-09
CU-ACT-1380,2023-07-21,BLACKLIST,0x5a14e72060c11313e38738009254a90968f58f51,polygon,45350848,Peijnenburg Alex Adrianus Martinus,39585,Digital Currency Address - ETH,0x5A14E72060c11313E38738009254a90968F58f51,HEX_IDENTIFIER,Unknown,ILLICIT-DRUGS-EO14059,2022-11-09
CU-ACT-1381,2023-07-21,BLACKLIST,0xefe301d259f525ca1ba74a7977b80d5b060b3cca,polygon,45350851,Peijnenburg Alex Adrianus Martinus,39585,Digital Currency Address - ETH,0xEFE301d259F525cA1ba74A7977b80D5b060B3ccA,HEX_IDENTIFIER,Unknown,ILLICIT-DRUGS-EO14059,2022-11-09
CU-ACT-1382,2023-07-24,BLACKLIST,0x39d908dac893cbcb53cc86e0ecc369aa4def1a29,polygon,45466368,Zimenkov Jonatan,40488,Digital Currency Address - ETH,0x39D908dac893CBCB53Cc86e0ECc369aA4DeF1A29,HEX_IDENTIFIER,Unknown,RUSSIA-EO14024,2023-02-01
CU-ACT-1383,2023-07-24,BLACKLIST,0x4f47bc496083c727c5fbe3ce9cdf2b0f6496270c,polygon,45466368,Sim Hyon Sop,42498,Digital Currency Address - ETH,0x4f47bc496083c727c5fbe3ce9cdf2b0f6496270c,HEX_IDENTIFIER,Unknown,NPWMD,2023-04-24
CU-ACT-1384,2023-07-24,BLACKLIST,0x38735f03b30fbc022ddd06abed01f0ca823c6a94,polygon,45466464,Hanafin John Desmond,43085,Digital Currency Address - USDT,0x38735f03b30FbC022DdD06ABED01F0Ca823C6a94,HEX_IDENTIFIER,Unknown,RUSSIA-EO14024,2023-05-19
CU-ACT-1385,2023-07-24,BLACKLIST,0x97b1043abd9e6fc31681635166d430a458d14f9c,polygon,45466478,Kim Sang Man 김 상만,43377,Digital Currency Address - ETH,0x97b1043abd9e6fc31681635166d430a458d14f9c,HEX_IDENTIFIER,Unknown,DPRK4,2023-05-23
CU-ACT-1386,2023-07-24,BLACKLIST,0xb6f5ec1a0a9cd1526536d3f0426c429529471f40,polygon,45466485,Kim Sang Man 김 상만,43377,Digital Currency Address - ETH,0xb6f5ec1a0a9cd1526536d3f0426c429529471f40,HEX_IDENTIFIER,Unknown,DPRK4,2023-05-23
CU-ACT-1387,2023-07-31,BLACKLIST,0xd71c94052989e209ba713deb66e0a8f72b913b70,polygon,45750069,Shafiu Ali,44445,Digital Currency Address - USDT,TVacWx7F5wgMgn49L5frDf9KLgdYy8nPHL,TRON_KEY_EQUIVALENCE,Unknown,SDGT,2023-07-31
CU-ACT-1390,2023-08-24,BLACKLIST,0xdcbeffbecce100cce9e4b153c4e15cb885643193,polygon,46696705,Semenov Roman,44718,Digital Currency Address - ETH,0xdcbEfFBECcE100cCE9E4b153C4e15cB885643193,HEX_IDENTIFIER,Unknown,DPRK3,2023-08-23
CU-ACT-1391,2023-08-24,BLACKLIST,0x5f48c2a71b2cc96e3f0ccae4e39318ff0dc375b2,polygon,46696718,Semenov Roman,44718,Digital Currency Address - ETH,0x5f48c2a71b2cc96e3f0ccae4e39318ff0dc375b2,HEX_IDENTIFIER,Unknown,DPRK3,2023-08-23
CU-ACT-1392,2023-08-24,BLACKLIST,0x5a7a51bfb49f190e5a6060a5bc6052ac14a3b59f,polygon,46696730,Semenov Roman,44718,Digital Currency Address - ETH,0x5a7a51bfb49f190e5a6060a5bc6052ac14a3b59f,HEX_IDENTIFIER,Unknown,DPRK3,2023-08-23
CU-ACT-1393,2023-08-24,BLACKLIST,0xed6e0a7e4ac94d976eebfb82ccf777a3c6bad921,polygon,46696740,Semenov Roman,44718,Digital Currency Address - ETH,0xed6e0a7e4ac94d976eebfb82ccf777a3c6bad921,HEX_IDENTIFIER,Unknown,DPRK3,2023-08-23
CU-ACT-1394,2023-08-24,BLACKLIST,0x797d7ae72ebddcdea2a346c1834e04d1f8df102b,polygon,46696753,Semenov Roman,44718,Digital Currency Address - ETH,0x797d7ae72ebddcdea2a346c1834e04d1f8df102b,HEX_IDENTIFIER,Unknown,DPRK3,2023-08-23
CU-ACT-1395,2023-08-24,BLACKLIST,0x931546d9e66836abf687d2bc64b30407bac8c568,polygon,46696760,Semenov Roman,44718,Digital Currency Address - ETH,0x931546D9e66836AbF687d2bc64B30407bAc8C568,HEX_IDENTIFIER,Unknown,DPRK3,2023-08-23
CU-ACT-1396,2023-08-24,BLACKLIST,0x43fa21d92141ba9db43052492e0deee5aa5f0a93,polygon,46696774,Semenov Roman,44718,Digital Currency Address - ETH,0x43fa21d92141BA9db43052492E0DeEE5aa5f0A93,HEX_IDENTIFIER,Unknown,DPRK3,2023-08-23
CU-ACT-1397,2023-08-24,BLACKLIST,0x6be0ae71e6c41f2f9d0d1a3b8d0f75e6f6a0b46e,polygon,46696787,Semenov Roman,44718,Digital Currency Address - ETH,0x6be0ae71e6c41f2f9d0d1a3b8d0f75e6f6a0b46e,HEX_IDENTIFIER,Unknown,DPRK3,2023-08-23
CU-ACT-1398,2023-09-27,BLACKLIST,0x9c2bc757b66f24d60f016b6237f8cdd414a879fa,polygon,48029951,Jimenez Castro Mario Alberto,44029,Digital Currency Address - ETH,0x9c2bc757b66f24d60f016b6237f8cdd414a879fa,HEX_IDENTIFIER,Unknown,ILLICIT-DRUGS-EO14059,2023-09-26
CU-ACT-1399,2023-10-04,BLACKLIST,0x530a64c0ce595026a4a556b703644228179e2d57,polygon,48299167,Shen Xingbiao 沈 兴标,45312,Digital Currency Address - ETH,0x530a64c0ce595026a4a556b703644228179e2d57,HEX_IDENTIFIER,Unknown,ILLICIT-DRUGS-EO14059,2023-10-03
CU-ACT-1400,2023-10-04,BLACKLIST,0x2e13ea767da12f504ceaaaebe5950488498dc2d2,polygon,48299173,Shen Xingbiao 沈 兴标,45312,Digital Currency Address - USDT,TEAqwfMhXLaomXhZ8KeMhx3njGmQEDnsUR,TRON_KEY_EQUIVALENCE,Unknown,ILLICIT-DRUGS-EO14059,2023-10-03
CU-ACT-1401,2023-10-04,BLACKLIST,0x7de5ab1914e241177344936dc33b4a8157c98248,polygon,48299187,Wang Jiantong 王 建通,45349,Digital Currency Address - TRX,TMStbg5fgb4uTV7fK1gEYF9hKAzP3siPsG,TRON_KEY_EQUIVALENCE,Unknown,ILLICIT-DRUGS-EO14059,2023-10-03
CU-ACT-1402,2023-10-04,BLACKLIST,0xfac583c0cf07ea434052c49115a4682172ab6b4f,polygon,48299196,Wang Mingming 王 明明,45404,Digital Currency Address - USDT,0xfac583c0cf07ea434052c49115a4682172ab6b4f,HEX_IDENTIFIER,Unknown,ILLICIT-DRUGS-EO14059,2023-10-03
CU-ACT-1403,2023-10-04,BLACKLIST,0xbe5e683633ddd17d8a89b4e10860a0e426c5ed24,polygon,48299210,Xia Fengbing 夏 凤兵,45350,Digital Currency Address - TRX,TTKnV2S1295UrPr7N67Tp9ykNL7xX2Z4Uj,TRON_KEY_EQUIVALENCE,Unknown,ILLICIT-DRUGS-EO14059,2023-10-03
CU-ACT-1404,2023-10-04,BLACKLIST,0x961c5be54a2ffc17cf4cb021d863c42dacd47fc1,polygon,48299215,Zhang Wei 张 伟,45391,Digital Currency Address - ETH,0x961c5be54a2ffc17cf4cb021d863c42dacd47fc1,HEX_IDENTIFIER,Unknown,ILLICIT-DRUGS-EO14059,2023-10-03
CU-ACT-1405,2023-10-04,BLACKLIST,0xa6cc8ab881debc3c9e8adb32549d0cbe614168c5,polygon,48299232,Zhang Wei 张 伟,45391,Digital Currency Address - TRX,TRBACioxdrdsYEZHvJWiUDZcMdBPpEe5Ub,TRON_KEY_EQUIVALENCE,Unknown,ILLICIT-DRUGS-EO14059,2023-10-03
CU-ACT-1406,2023-10-04,BLACKLIST,0x983a81ca6fb1e441266d2fbcb7d8e530ac2e05a2,polygon,48299236,"Valerian Labs, Inc.",45314,Digital Currency Address - ETH,0x983a81ca6FB1e441266D2FbcB7D8E530AC2E05A2,HEX_IDENTIFIER,Unknown,ILLICIT-DRUGS-EO14059,2023-10-03
CU-ACT-1408,2024-02-21,BLACKLIST,0xf3701f445b6bdafedbca97d1e477357839e4120d,polygon,53784241,Kondratiev Ivan Gennadievich Кондратьев Иван Геннадьевич,47682,Digital Currency Address - ETH,0xf3701f445b6bdafedbca97d1e477357839e4120d,HEX_IDENTIFIER,Unknown,CYBER2,2024-02-20
CU-ACT-1409,2024-03-21,BLACKLIST,0x2f04f39923a77430eca036e14ce44dbd11175747,polygon,54914784,Gambashidze Ilya Andreevich Гамбашидзе Илья Андреевич,45213,Digital Currency Address - USDT,TEFph7dZoUN5233cGEzF6XFwRpjPF8fQDS,TRON_KEY_EQUIVALENCE,Unknown,RUSSIA-EO14024,2024-03-20
CU-ACT-1410,2024-03-21,BLACKLIST,0x7be6fe8c528273a3a072a538e12c08500bf4d328,polygon,54914803,Gambashidze Ilya Andreevich Гамбашидзе Илья Андреевич,45213,Digital Currency Address - USDT,TMGLqRQ4twjW8wJhVH1mQR7nUThpGHUsN3,TRON_KEY_EQUIVALENCE,Unknown,RUSSIA-EO14024,2024-03-20
CU-ACT-1411,2024-03-27,BLACKLIST,0xdda5554510366179ddb442b8a82bc737c3ac77c5,polygon,55137690,AL-LAW Tawfiq Muhammad Sa'id,48302,Digital Currency Address - USDT,TWBAPzpPiZarfVsY2BLXeaLhNHurn4wkWG,TRON_KEY_EQUIVALENCE,Unknown,SDGT,2024-03-26
CU-ACT-1412,2024-03-27,BLACKLIST,0x175d44451403edf28469df03a9280c1197adb92c,polygon,55155081,Gaza Now غزة الآن,47635,Digital Currency Address - USDT,0x175d44451403Edf28469dF03A9280c1197ADb92c,HEX_IDENTIFIER,Unknown,SDGT,2024-03-27
CU-ACT-1413,2024-03-27,BLACKLIST,0x4576847b1cf999843ba6620815e65a9c5e8a4021,polygon,55155088,Gaza Now غزة الآن,47635,Digital Currency Address - USDT,TGJVc32ig2u8tQsYMLE7KXHT5NDQroaVNU,TRON_KEY_EQUIVALENCE,Unknown,SDGT,2024-03-27
CU-ACT-1414,2024-03-27,BLACKLIST,0xe950dc316b836e4eefb8308bf32bf7c72a1358ff,polygon,55155101,Gaza Now غزة الآن,47635,Digital Currency Address - ETH,0xE950DC316b836e4EeFb8308bf32Bf7C72a1358FF,HEX_IDENTIFIER,Unknown,SDGT,2024-03-27
CU-ACT-1415,2024-03-27,BLACKLIST,0x4ea7eefc2dcb250c1f069ecaf1e2ae3488059ac2,polygon,55155114,Gaza Now غزة الآن,47635,Digital Currency Address - USDT,TH96tFMn8KGiYSLiwcV3E2UiaJc8jmcbz3,TRON_KEY_EQUIVALENCE,Unknown,SDGT,2024-03-27
CU-ACT-1416,2024-03-27,BLACKLIST,0xc24ec5a84cae3d3418b34a1e30b3372c4b25bd0f,polygon,55155120,Gaza Now غزة الآن,47635,Digital Currency Address - USDT,TTgcTTNbNuFdbrhvbjMZVrdU5KALyzDaPw,TRON_KEY_EQUIVALENCE,Unknown,SDGT,2024-03-27
CU-ACT-1417,2024-03-27,BLACKLIST,0x21b8d56bda776bbe68655a16895afd96f5534fed,polygon,55155132,Gaza Now غزة الآن,47635,Digital Currency Address - ETH,0x21B8d56BDA776bbE68655A16895afd96F5534feD,HEX_IDENTIFIER,Unknown,SDGT,2024-03-27
CU-ACT-1419,2024-05-02,BLACKLIST,0x19f8f2b0915daa12a3f5c9cf01df9e24d53794f7,polygon,56478692,OKO DESIGN BUREAU ОКО Конструкторское Бюро,48432,Digital Currency Address - ETH,0x19F8f2B0915Daa12a3f5C9CF01dF9E24D53794F7,HEX_IDENTIFIER,Unknown,RUSSIA-EO14024,2024-05-01
CU-ACT-1420,2024-05-02,BLACKLIST,0x3e14d41891a30ac7473556d7c3256a5ddf9ef1aa,polygon,56478791,OKO DESIGN BUREAU ОКО Конструкторское Бюро,48432,Digital Currency Address - TRX,TFdTr9C3BqQrzKBXqSxJfAZFTh8UwBAfSg,TRON_KEY_EQUIVALENCE,Unknown,RUSSIA-EO14024,2024-05-01
CU-ACT-1421,2024-05-29,BLACKLIST,0xe1d865c3d669dcc8c57c8d023140cb204e672ee4,polygon,57510945,Wang Yunhe 王 云禾,43421,Digital Currency Address - ETH,0xe1d865c3d669dcc8c57c8d023140cb204e672ee4,HEX_IDENTIFIER,Unknown,CYBER2,2024-05-28
CU-ACT-1422,2024-05-29,BLACKLIST,0x0e6b8e34dc115a2848f585851af23d99d09b8463,polygon,57510946,Wang Yunhe 王 云禾,43421,Digital Currency Address - TRX,TBHTJqAy4DhHhmT3dNceJYNRz4SdLofLre,TRON_KEY_EQUIVALENCE,Unknown,CYBER2,2024-05-28
CU-ACT-1423,2024-08-24,BLACKLIST,0x71d2e218a56a1c0c12e1ff4b4c2731a1c3a4f4ce,polygon,60964292,OBSHCHESTVO S OGRANICHENNOI OTVETSTVENNOSTYU KONSTRUKTORSKOE BYURO VOSTOK ОБЩЕСТВО С ОГРАНИЧЕННОЙ ОТВЕТСТВЕННОСТЬЮ КОНСТРУКТОРСКОЕ БЮРО ВОСТОК,50110,Digital Currency Address - USDT,TLM3zA3EWycoDX4ZX4gKze7sgfbdkntTum,TRON_KEY_EQUIVALENCE,Unknown,RUSSIA-EO14024,2024-08-23
CU-ACT-1425,2024-09-30,BLACKLIST,0x0931ca4d13bb4ba75d9b7132ab690265d749a5e7,polygon,62463464,Cryptex,50641,Digital Currency Address - ETH,0x0931cA4D13BB4ba75D9B7132AB690265D749a5E7,HEX_IDENTIFIER,Unknown,CYBER2; RUSSIA-EO14024,2024-09-26
CU-ACT-1426,2024-09-30,BLACKLIST,0xbff703730a21167e430ff151128592a98786b9b4,polygon,62463477,Cryptex,50641,Digital Currency Address - TRX,TTUDyVhhpCC1xJoPmWzdjLAzeoPwbSABdr,TRON_KEY_EQUIVALENCE,Unknown,CYBER2; RUSSIA-EO14024,2024-09-26
CU-ACT-1427,2024-12-05,BLACKLIST,0x282ae5965fe400f3cb929182e0963f3794df01fc,polygon,65101739,Chirkinyan Elena,52074,Digital Currency Address - USDT,TDdbRFoBTEmE3qiR69Y6rKRSG1hoF65QaE,TRON_KEY_EQUIVALENCE,Unknown,RUSSIA-EO14024,2024-12-04
CU-ACT-1428,2024-12-05,BLACKLIST,0x1999ef52700c34de7ec2b68a28aafb37db0c5ade,polygon,65101862,Magomedov Khadzhi Murat Dalgatovich,52071,Digital Currency Address - ETH,0x1999ef52700c34de7ec2b68a28aafb37db0c5ade,HEX_IDENTIFIER,Unknown,RUSSIA-EO14024,2024-12-04
CU-ACT-1429,2024-12-20,BLACKLIST,0x721537670ae01aa0d60585457b7534025b0041ac,polygon,65698313,Al-Jamal Sa'id Ahmad Muhammad,32171,Digital Currency Address - USDT,TLNRT524dzL5FF1nJHDhYEMFpeWjLjRbz1,TRON_KEY_EQUIVALENCE,Unknown,IFSR; SDGT,2021-06-10
CU-ACT-1430,2024-12-20,BLACKLIST,0x54b475ef92f861975945954bfa1080dda9cd346e,polygon,65698331,Al-Jamal Sa'id Ahmad Muhammad,32171,Digital Currency Address - USDT,THh5woR8qfmDsNknQ3agPYzQSiRtMnKsTh,TRON_KEY_EQUIVALENCE,Unknown,IFSR; SDGT,2021-06-10
CU-ACT-1431,2024-12-20,BLACKLIST,0xd19df746fd2a145588b3a22672bacfd2e5454f61,polygon,65698348,Al-Jamal Sa'id Ahmad Muhammad,32171,Digital Currency Address - USDT,TV5ZTpKDszLTF6XcMnPongS33pwBgF91by,TRON_KEY_EQUIVALENCE,Unknown,IFSR; SDGT,2021-06-10
CU-ACT-1432,2024-12-20,BLACKLIST,0xbc92595dd3e8f5092471c99b9084a72d333c7d07,polygon,65698359,Al-Jamal Sa'id Ahmad Muhammad,32171,Digital Currency Address - USDT,TTAHMdqoom4f2VTWniroPWQHcTRZ4caoH4,TRON_KEY_EQUIVALENCE,Unknown,IFSR; SDGT,2021-06-10
CU-ACT-1433,2024-12-20,BLACKLIST,0x3a0245de38273e7852dce97de3bae18c0010013e,polygon,65698364,Al-Jamal Sa'id Ahmad Muhammad,32171,Digital Currency Address - USDT,TFFvv7NAWmbcVfA7QN81mMvUC25TWj1WJx,TRON_KEY_EQUIVALENCE,Unknown,IFSR; SDGT,2021-06-10
CU-ACT-1527,2025-04-02,BLACKLIST,0x16f068ea913a912c62114a873b678b1aa9236585,polygon,69817334,Ansarallah,47664,Digital Currency Address - USDT,TC4VsFHJdZ66BdwobZxkudVZBVmQZgCP65,TRON_KEY_EQUIVALENCE,Unknown,FTO; SDGT,2024-02-16
CU-ACT-1528,2025-04-02,BLACKLIST,0x9acfa7136bd9ee19fc2c4517e2033705262f938c,polygon,69817344,Ansarallah,47664,Digital Currency Address - USDT,TQ5mpZPbQMSq2s1vSM3RJgiB1AsTsiTpFZ,TRON_KEY_EQUIVALENCE,Unknown,FTO; SDGT,2024-02-16
CU-ACT-1529,2025-04-02,BLACKLIST,0xe942adb085bdc3cd49ad2ddaea53934f12a7e0a5,polygon,69817355,Ansarallah,47664,Digital Currency Address - USDT,TXEaKf4rT3rMoD3Vuqnuhwr6vLq6BL5t33,TRON_KEY_EQUIVALENCE,Unknown,FTO; SDGT,2024-02-16
CU-ACT-1530,2025-04-02,BLACKLIST,0x4755da10f30da425a1b5f12166bec82600c48c79,polygon,69817363,Ansarallah,47664,Digital Currency Address - USDT,TGUPpmW2bAnMCLe5ih2CFisfCHk4gTFDsx,TRON_KEY_EQUIVALENCE,Unknown,FTO; SDGT,2024-02-16
CU-ACT-1531,2025-04-02,BLACKLIST,0x2b872fc6d0614e39150d078db0e2ff56650f2b4b,polygon,69817373,Ansarallah,47664,Digital Currency Address - USDT,TDwN1Eq62bqvVhfGAjdRRJjE46jsi5KNMV,TRON_KEY_EQUIVALENCE,Unknown,FTO; SDGT,2024-02-16
CU-ACT-1532,2025-04-02,BLACKLIST,0x7a01e8268bbb7b5b7403b673aa0b9d7b36f651aa,polygon,69817382,Ansarallah,47664,Digital Currency Address - USDT,TM6Kix9wH8cYQ4rLpFifsQ4ddH3rPX3f8p,TRON_KEY_EQUIVALENCE,Unknown,FTO; SDGT,2024-02-16
CU-ACT-1533,2025-04-02,BLACKLIST,0x2a4c4406a0495116aa880c57486cb876658d8aa1,polygon,69817394,Ansarallah,47664,Digital Currency Address - USDT,TDprk9jeYPVm6khkBp1u7fwuyJcEJFrPWD,TRON_KEY_EQUIVALENCE,Unknown,FTO; SDGT,2024-02-16
CU-ACT-1534,2025-04-02,BLACKLIST,0xd9471e6c644756e845e4a10260362ab9a3a9845a,polygon,69817405,Ansarallah,47664,Digital Currency Address - USDT,TVn4q7L4fKEPbygi7UHq1CKfZxtbeuMV5q,TRON_KEY_EQUIVALENCE,Unknown,FTO; SDGT,2024-02-16
CU-ACT-1535,2025-05-29,BLACKLIST,0xd5ed34b52ac4ab84d8fa8a231a3218bbf01ed510,polygon,72123795,Funnull Technology Inc,53953,Digital Currency Address - ETH,0xd5ED34b52AC4ab84d8FA8A231a3218bbF01Ed510,HEX_IDENTIFIER,Unknown,CYBER3,2025-05-29
CU-ACT-1536,2025-05-29,BLACKLIST,0x8c5f37d4db13967643e33d5404f66f86569221ca,polygon,72123814,Funnull Technology Inc,53953,Digital Currency Address - TRX,TNmRfnSUXZoWWzxcDDbf95eGQYXt1mJDt8,TRON_KEY_EQUIVALENCE,Unknown,CYBER3,2025-05-29
CU-ACT-1539,2025-07-01,BLACKLIST,0xc685132e908cce284c063415ea353af5f555c6c6,polygon,73455553,Aeza Group LLC,54566,Digital Currency Address - TRX,TU4tDFRvcKhAZ1jdihojmBWZqvJhQCnJ4F,TRON_KEY_EQUIVALENCE,Unknown,CAATSA - RUSSIA; CYBER4,2025-07-01
CU-ACT-1540,2025-08-14,BLACKLIST,0x3301843d4d8c3314706a6526940bc2a38ed29475,polygon,75210659,Grinex,55045,Digital Currency Address - TRX,TEcuHDQthTmULe8fFLUccBPpjfXaTmJuuD,TRON_KEY_EQUIVALENCE,Unknown,CYBER4,2025-08-14
CU-ACT-1541,2025-08-14,BLACKLIST,0x6e2bf91ff62095e759301a1e46df3278f7d6bf07,polygon,75210660,Grinex,55045,Digital Currency Address - TRX,TL1k1U6SHohxBqb68kCodxHc9y2LXoDSep,TRON_KEY_EQUIVALENCE,Unknown,CYBER4,2025-08-14
CU-ACT-1542,2025-08-14,BLACKLIST,0x8a33c4dccc7e840e536c1abc9af4612f876f54de,polygon,75210661,Grinex,55045,Digital Currency Address - TRX,TNZxGWCwvsHr6JxQxzoeDXV597Yf7Zb7nV,TRON_KEY_EQUIVALENCE,Unknown,CYBER4,2025-08-14
CU-ACT-1543,2025-08-14,BLACKLIST,0x17b65262f73d2a8668dededc6a40274c3e0ea058,polygon,75210662,Grinex,55045,Digital Currency Address - TRX,TC8axQvzJEVR3NKN6mZnJtGy7537GEmh38,TRON_KEY_EQUIVALENCE,Unknown,CYBER4,2025-08-14
CU-ACT-1544,2025-08-14,BLACKLIST,0x0655b7211f302b42a7bfa16a6c45284ab82fd85b,polygon,75210664,Grinex,55045,Digital Currency Address - TRX,TAYhjpL8pPs8T84FSM329nffQpc6jD8GBM,TRON_KEY_EQUIVALENCE,Unknown,CYBER4,2025-08-14
CU-ACT-1545,2025-08-14,BLACKLIST,0x82df92ebaa039dd6c9e0689390d7298a5ca1f59c,polygon,75210666,Grinex,55045,Digital Currency Address - TRX,TMuCgBejD5RsNANZdjGtaM3YyKGNgDoy7N,TRON_KEY_EQUIVALENCE,Unknown,CYBER4,2025-08-14
CU-ACT-1546,2025-08-14,BLACKLIST,0x48ea81d8db01cc3f551be8ecc8627b5a803eb075,polygon,75210667,Grinex,55045,Digital Currency Address - TRX,TGckaiamj5NzaYx6Qp6Zu7kahuHArzUo99,TRON_KEY_EQUIVALENCE,Unknown,CYBER4,2025-08-14
CU-ACT-1547,2025-08-14,BLACKLIST,0x12de548f79a50d2bd05481c8515c1ef5183666a9,polygon,75210668,Old Vector LLC,55046,Digital Currency Address - ETH,0x12de548F79a50D2bd05481C8515C1eF5183666a9,HEX_IDENTIFIER,Unknown,CYBER4,2025-08-14
CU-ACT-1548,2025-08-14,BLACKLIST,0x18f703184349667cdae85a07e7f2efac36052b89,polygon,75210669,Old Vector LLC,55046,Digital Currency Address - TRX,TCFD8N3vM5b4Gr5f1kkajQsodRVNyyAq1d,TRON_KEY_EQUIVALENCE,Unknown,CYBER4,2025-08-14
CU-ACT-1549,2025-08-14,BLACKLIST,0x8dce2aac0de82bdcaf6b4373b79f94331b8e4995,polygon,75210670,GARANTEX EUROPE OU GARANTEX EUROPE OÜ,36025,Digital Currency Address - ETH,0x8Dce2aAC0dE82bdCAf6b4373B79f94331b8e4995,HEX_IDENTIFIER,Unknown,CYBER4; RUSSIA-EO14024,2022-04-05
CU-ACT-1550,2025-08-14,BLACKLIST,0xf4377eda661e04b6dda78969796ed31658d602d4,polygon,75210671,GARANTEX EUROPE OU GARANTEX EUROPE OÜ,36025,Digital Currency Address - ETH,0xf4377edA661e04B6DDA78969796Ed31658D602D4,HEX_IDENTIFIER,Unknown,CYBER4; RUSSIA-EO14024,2022-04-05
CU-ACT-1551,2025-08-14,BLACKLIST,0xb338962b92cd818d6aef0a32a9ecd01212a71f33,polygon,75210672,GARANTEX EUROPE OU GARANTEX EUROPE OÜ,36025,Digital Currency Address - ETH,0xb338962B92CD818D6aef0A32a9ECD01212a71f33,HEX_IDENTIFIER,Unknown,CYBER4; RUSSIA-EO14024,2022-04-05
CU-ACT-1552,2025-08-14,BLACKLIST,0x57ec89a0c056163a0314e413320f9b3abe761259,polygon,75210674,GARANTEX EUROPE OU GARANTEX EUROPE OÜ,36025,Digital Currency Address - ETH,0x57EC89A0C056163A0314e413320f9B3ABe761259,HEX_IDENTIFIER,Unknown,CYBER4; RUSSIA-EO14024,2022-04-05
CU-ACT-1553,2025-08-14,BLACKLIST,0xd8500c631dc32fa18645b7436344a99e4825e10e,polygon,75210675,GARANTEX EUROPE OU GARANTEX EUROPE OÜ,36025,Digital Currency Address - ETH,0xD8500C631dC32FA18645B7436344a99E4825e10e,HEX_IDENTIFIER,Unknown,CYBER4; RUSSIA-EO14024,2022-04-05
CU-ACT-1554,2025-08-14,BLACKLIST,0x7ced75026204ac29c34bea98905d4c949f27361e,polygon,75210676,GARANTEX EUROPE OU GARANTEX EUROPE OÜ,36025,Digital Currency Address - ETH,0x7CEd75026204aC29C34bEA98905D4C949F27361e,HEX_IDENTIFIER,Unknown,CYBER4; RUSSIA-EO14024,2022-04-05
CU-ACT-1555,2025-08-14,BLACKLIST,0x418949a4a7da9e07192909722072dded8f670d58,polygon,75210677,GARANTEX EUROPE OU GARANTEX EUROPE OÜ,36025,Digital Currency Address - TRX,TFwjPScaJRCbSWVAywE1S1WgaUgSnyYUbD,TRON_KEY_EQUIVALENCE,Unknown,CYBER4; RUSSIA-EO14024,2022-04-05
CU-ACT-1556,2025-08-14,BLACKLIST,0x6042c2f32769454c5ff226fdae52b81e49cd922f,polygon,75210678,GARANTEX EUROPE OU GARANTEX EUROPE OÜ,36025,Digital Currency Address - TRX,TJkBr9TZ1xBeJoF7RNWqyEMbYqVJ6fXXHR,TRON_KEY_EQUIVALENCE,Unknown,CYBER4; RUSSIA-EO14024,2022-04-05
CU-ACT-1557,2025-08-14,BLACKLIST,0x8660f3ab5285f9e497ffbf2997285c24466aa2a1,polygon,75210679,GARANTEX EUROPE OU GARANTEX EUROPE OÜ,36025,Digital Currency Address - TRX,TNDjh6WGLYyWmkh8vfu42bXVHUqFNQ3rDq,TRON_KEY_EQUIVALENCE,Unknown,CYBER4; RUSSIA-EO14024,2022-04-05
CU-ACT-1560,2025-09-16,BLACKLIST,0xe3d35f68383732649669aa990832e017340dbca5,polygon,76525729,ALIVAND Arash Estaki,55502,Digital Currency Address - ETH,0xe3d35f68383732649669aa990832e017340dbca5,HEX_IDENTIFIER,Unknown,IFSR; SDGT,2025-09-16
CU-ACT-1561,2025-09-16,BLACKLIST,0x532b77b33a040587e9fd1800088225f99b8b0e8a,polygon,76525769,ALIVAND Arash Estaki,55502,Digital Currency Address - ETH,0x532b77b33a040587e9fd1800088225f99b8b0e8a,HEX_IDENTIFIER,Unknown,IFSR; SDGT,2025-09-16
CU-ACT-1562,2025-09-16,BLACKLIST,0xf405df57cc3a2df4dd262b6494d76e346ca778f1,polygon,76525784,ALIVAND Arash Estaki,55502,Digital Currency Address - TRX,TYDUutYN4YLKUPeT7TG27Yyqw6kNVLq9QZ,TRON_KEY_EQUIVALENCE,Unknown,IFSR; SDGT,2025-09-16
CU-ACT-1563,2025-09-16,BLACKLIST,0xab4302cfcf1c2337c1b59af1d23bd97189fe962c,polygon,76525815,ALIVAND Arash Estaki,55502,Digital Currency Address - TRX,TRakpsE1mZjCUMNPyozR4BW2ZtJsF7ZWFN,TRON_KEY_EQUIVALENCE,Unknown,IFSR; SDGT,2025-09-16
CU-ACT-1564,2025-09-16,BLACKLIST,0x9ab7a3e606677ddf6f3538dd4472ec770c282b3e,polygon,76525860,ALIVAND Arash Estaki,55502,Digital Currency Address - TRX,TQ5H49Wz3K57zNHmuXVp6uLzFwitxviABs,TRON_KEY_EQUIVALENCE,Unknown,IFSR; SDGT,2025-09-16
CU-ACT-1565,2025-09-16,BLACKLIST,0xba475bb43ee21013fd14c85e2c74b24bcf5a54c1,polygon,76525884,DERAKHSHAN Alireza درخشان علیرضا,55484,Digital Currency Address - TRX,TSxAAo67VTDgKT537EVXxdogkJtk9c6ojz,TRON_KEY_EQUIVALENCE,Unknown,IFSR; SDGT,2025-09-16
CU-ACT-1566,2025-09-16,BLACKLIST,0xdb2720ebad55399117ddb4c4a4afd9a4ccada8fe,polygon,76525905,DERAKHSHAN Alireza درخشان علیرضا,55484,Digital Currency Address - ETH,0xdb2720ebad55399117ddb4c4a4afd9a4ccada8fe,HEX_IDENTIFIER,Unknown,IFSR; SDGT,2025-09-16
CU-ACT-1567,2025-09-24,BLACKLIST,0x240fd853e1509a975bd95348d49c923fb0b5d43c,polygon,76850522,Sayyed Sadiq Abbas Habib,55447,Digital Currency Address - TRX,TDFtJtyLPgN3oWUoHh23oJox3T5V5nR11K,TRON_KEY_EQUIVALENCE,Unknown,ILLICIT-DRUGS-EO14059,2025-09-24
CU-ACT-1575,2025-11-04,BLACKLIST,0x00be5e0c85be35948d97ad37f62d108243f89ae0,polygon,78586034,CHEIL CREDIT BANK,22985,Digital Currency Address - USDT,TA3941uFAvmVibSkQ6fMJXxmaSNovX86mz,TRON_KEY_EQUIVALENCE,Unknown,DPRK4,2017-09-26
CU-ACT-1576,2025-11-04,BLACKLIST,0x95a603c86ec4a585e4359d1f07e6949567491fc9,polygon,78586104,CHEIL CREDIT BANK,22985,Digital Currency Address - USDT,TPcUZYthDfxNsHQnZZGBM1BDNBeNSjfPZE,TRON_KEY_EQUIVALENCE,Unknown,DPRK4,2017-09-26
CU-ACT-1577,2025-11-04,BLACKLIST,0x7b7f0d8f53e16faee4cf90aedf50c7073f17beff,polygon,78586106,CHEIL CREDIT BANK,22985,Digital Currency Address - USDT,TMECKT19hfumcK3KqQKbhxkn1ohyeR58xu,TRON_KEY_EQUIVALENCE,Unknown,DPRK4,2017-09-26
CU-ACT-1578,2025-11-04,BLACKLIST,0x00bf03f87539214307207c61b7f729ddc22977b8,polygon,78586153,CHEIL CREDIT BANK,22985,Digital Currency Address - USDT,TA39q3p75XRSWYAEaSF7dANtyksoa3sLge,TRON_KEY_EQUIVALENCE,Unknown,DPRK4,2017-09-26
CU-ACT-1579,2025-11-04,BLACKLIST,0x0d1891dd69efe614918e989b5ebd68d6e5f18ff5,polygon,78586224,CHEIL CREDIT BANK,22985,Digital Currency Address - USDT,TBATDh41qMQ1yeVYecneEvhpfayYmkAQWS,TRON_KEY_EQUIVALENCE,Unknown,DPRK4,2017-09-26
CU-ACT-1580,2025-11-04,BLACKLIST,0x10df38a923a660965d098f24a618b0d1b5d99cba,polygon,78586292,CHEIL CREDIT BANK,22985,Digital Currency Address - USDT,TBWRDpQsW1ZVPGGaBAwVLNb7iqmVBuM1nj,TRON_KEY_EQUIVALENCE,Unknown,DPRK4,2017-09-26
CU-ACT-1581,2025-11-04,BLACKLIST,0x15a68a9ffa2a94bdad8468d93af4db24251af772,polygon,78586344,CHEIL CREDIT BANK,22985,Digital Currency Address - USDT,TBwghbQMsBC5xcUxE7ZpYXhfDMXZAfiFv6,TRON_KEY_EQUIVALENCE,Unknown,DPRK4,2017-09-26
CU-ACT-1582,2025-11-04,BLACKLIST,0x117bb0cfee7ce8f842967537fbcd92fc504d68ab,polygon,78586354,CHEIL CREDIT BANK,22985,Digital Currency Address - USDT,TBZefVsyQpzzxc2WSCLbZBECvxVdzGqdtC,TRON_KEY_EQUIVALENCE,Unknown,DPRK4,2017-09-26
CU-ACT-1583,2025-11-04,BLACKLIST,0x171f95410bc65dfc8549c287cd475dc8b82df192,polygon,78586360,CHEIL CREDIT BANK,22985,Digital Currency Address - USDT,TC5UNu3LGrjjVCuLNDdVgjm4oL5cQAyFRZ,TRON_KEY_EQUIVALENCE,Unknown,DPRK4,2017-09-26
CU-ACT-1584,2025-11-04,BLACKLIST,0x114074ff655d0643a4ff70411ffca618cb7edca1,polygon,78586393,CHEIL CREDIT BANK,22985,Digital Currency Address - USDT,TBYRhsZR7Mdn9ezpGVLwZiNVnGm8wZGLAD,TRON_KEY_EQUIVALENCE,Unknown,DPRK4,2017-09-26
CU-ACT-1585,2025-11-04,BLACKLIST,0x17fff4f3364fa6dfa25cf37bebbff62bc47232f7,polygon,78586485,CHEIL CREDIT BANK,22985,Digital Currency Address - USDT,TCA7AfTSuDmgYk2VaezfPuZF4Z4X8wxwcQ,TRON_KEY_EQUIVALENCE,Unknown,DPRK4,2017-09-26
CU-ACT-1586,2025-11-04,BLACKLIST,0x2547ad3f4b0d37881101885addd1cedf753af9aa,polygon,78586505,CHEIL CREDIT BANK,22985,Digital Currency Address - USDT,TDNKsLvsY2iSznyghddXz7ZDRc4X3191Z8,TRON_KEY_EQUIVALENCE,Unknown,DPRK4,2017-09-26
CU-ACT-1587,2025-11-04,BLACKLIST,0x3e0c892556da529a0c03a28f763964bdf25ca88c,polygon,78586533,CHEIL CREDIT BANK,22985,Digital Currency Address - USDT,TFdHux43bs21qRsygv5WQWfgtbQeT6nXey,TRON_KEY_EQUIVALENCE,Unknown,DPRK4,2017-09-26
CU-ACT-1588,2025-11-04,BLACKLIST,0x2cbd0ba5b15bde90d5252d8ac1ed2aa121d2d62a,polygon,78586542,CHEIL CREDIT BANK,22985,Digital Currency Address - USDT,TE3mCcPULjPUE7ykX7RArDPAhyahoy3d2j,TRON_KEY_EQUIVALENCE,Unknown,DPRK4,2017-09-26
CU-ACT-1589,2025-11-04,BLACKLIST,0x40813812bb5a22be798d7f4cf227a584f4f87bc9,polygon,78586573,CHEIL CREDIT BANK,22985,Digital Currency Address - USDT,TFrH3dcpnR3tADrAcfyJwiK4brsgf3B7PG,TRON_KEY_EQUIVALENCE,Unknown,DPRK4,2017-09-26
CU-ACT-1590,2025-11-04,BLACKLIST,0x37cefc817a4582773b26835910127ba24f284bb4,polygon,78586679,CHEIL CREDIT BANK,22985,Digital Currency Address - USDT,TF4J8Gp7zbS8NA3HLuxsLdx7Ebzr6weCGn,TRON_KEY_EQUIVALENCE,Unknown,DPRK4,2017-09-26
CU-ACT-1591,2025-11-04,BLACKLIST,0x412e673fb7cce4e031b9a02277b1aeb599f62bc1,polygon,78586694,CHEIL CREDIT BANK,22985,Digital Currency Address - USDT,TFurWgnyNMq9bhLrLoT9FGnrLfAL2BtR5R,TRON_KEY_EQUIVALENCE,Unknown,DPRK4,2017-09-26
CU-ACT-1592,2025-11-04,BLACKLIST,0x491e68c8464e39723c304aef5cea9543f37ee607,polygon,78586716,CHEIL CREDIT BANK,22985,Digital Currency Address - USDT,TGdpkwNVFjw2DnbHBCFKLvCygPVPz9w4iM,TRON_KEY_EQUIVALENCE,Unknown,DPRK4,2017-09-26
CU-ACT-1593,2025-11-04,BLACKLIST,0x44888f0a128a21872c38aa44bede1e31137ba85f,polygon,78586774,CHEIL CREDIT BANK,22985,Digital Currency Address - USDT,TGDaYNWFXi9HJ7NacfETF15vhUH7eRhKzt,TRON_KEY_EQUIVALENCE,Unknown,DPRK4,2017-09-26
CU-ACT-1594,2025-11-04,BLACKLIST,0x46ccbcaf10b406a85a412ab713ad451caef9a950,polygon,78586857,CHEIL CREDIT BANK,22985,Digital Currency Address - USDT,TGRZZsD8gxahF5oE6C7K8LLRHqQzoPa5bX,TRON_KEY_EQUIVALENCE,Unknown,DPRK4,2017-09-26
CU-ACT-1595,2025-11-04,BLACKLIST,0x45fc0d462a6473905024a10f756feadf8e6c2d08,polygon,78586873,CHEIL CREDIT BANK,22985,Digital Currency Address - USDT,TGMFaAXH15oaW8MpcNHLid6NbMKWaaNPdC,TRON_KEY_EQUIVALENCE,Unknown,DPRK4,2017-09-26
CU-ACT-1596,2025-11-04,BLACKLIST,0x4fa8b02fd04a8ed74b2c77d7efdfffbcc884e3f2,polygon,78586968,CHEIL CREDIT BANK,22985,Digital Currency Address - USDT,THEQTsqPhRDDfgcfBW5npH5Lr9PZhpthrf,TRON_KEY_EQUIVALENCE,Unknown,DPRK4,2017-09-26
CU-ACT-1597,2025-11-04,BLACKLIST,0x80865644f47925223c7e12014e9b11f0f05212bc,polygon,78586982,CHEIL CREDIT BANK,22985,Digital Currency Address - USDT,TMgnRWb9xFMtktny9Lzty21QYLLQD93ft6,TRON_KEY_EQUIVALENCE,Unknown,DPRK4,2017-09-26
CU-ACT-1598,2025-11-04,BLACKLIST,0x45afe4b7e98b6ef450e7b5f53bc1763f3be83e69,polygon,78586987,CHEIL CREDIT BANK,22985,Digital Currency Address - USDT,TGKgLatirRpTugS6wgCUKerjLbzWKXAVqx,TRON_KEY_EQUIVALENCE,Unknown,DPRK4,2017-09-26
CU-ACT-1599,2025-11-04,BLACKLIST,0x5263b1aa550f70bd9753ec558c631eaadd2ae98c,polygon,78586999,CHEIL CREDIT BANK,22985,Digital Currency Address - USDT,THUqqeevBQS3EYordDJKwp8DLFknesnfCD,TRON_KEY_EQUIVALENCE,Unknown,DPRK4,2017-09-26
CU-ACT-1600,2025-11-04,BLACKLIST,0x5042cca9d00c44733ebaf550851b9a65cc98d58f,polygon,78587058,CHEIL CREDIT BANK,22985,Digital Currency Address - USDT,THHb5iMAbZgQYY19h6uY66y5xt6e11gcZC,TRON_KEY_EQUIVALENCE,Unknown,DPRK4,2017-09-26
CU-ACT-1601,2025-11-04,BLACKLIST,0x4b1d7ad9f0cbff66d194ba1e9f0da31635f23f0e,polygon,78587086,CHEIL CREDIT BANK,22985,Digital Currency Address - USDT,TGpNzk9noyvCCdnFPuSg5cqptPs16LjXZq,TRON_KEY_EQUIVALENCE,Unknown,DPRK4,2017-09-26
CU-ACT-1602,2025-11-04,BLACKLIST,0x5a1ca8328b9da53c6c11c8745ea8da29a9cd36c1,polygon,78587097,CHEIL CREDIT BANK,22985,Digital Currency Address - USDT,TJBg9SxwiUUoqJGk18vK9avxkuV8GrKMK7,TRON_KEY_EQUIVALENCE,Unknown,DPRK4,2017-09-26
CU-ACT-1603,2025-11-04,BLACKLIST,0x72a2fc69c5a3025d9d79bb01335860aaf2a4a948,polygon,78587121,CHEIL CREDIT BANK,22985,Digital Currency Address - USDT,TLRMHPjLGXsVpD9RVzSfat6zDiVDrd4b4w,TRON_KEY_EQUIVALENCE,Unknown,DPRK4,2017-09-26
CU-ACT-1604,2025-11-04,BLACKLIST,0x55ef531216bd8077fb1acb8e61be532214b33b76,polygon,78587126,CHEIL CREDIT BANK,22985,Digital Currency Address - USDT,THob8vRrpDybXeqZDj8ukQhMjJVJ5nCbTW,TRON_KEY_EQUIVALENCE,Unknown,DPRK4,2017-09-26
CU-ACT-1605,2025-11-04,BLACKLIST,0x80d658d0d767de04a4379fee4a2fdf10d9bfbf03,polygon,78587153,CHEIL CREDIT BANK,22985,Digital Currency Address - USDT,TMiSGhXXVsvJzqwGbwAsGiFxWg2eALZoM5,TRON_KEY_EQUIVALENCE,Unknown,DPRK4,2017-09-26
CU-ACT-1606,2025-11-04,BLACKLIST,0x932dbae7c0493923c2643efc52b9faadfc3109a6,polygon,78587187,CHEIL CREDIT BANK,22985,Digital Currency Address - USDT,TPPR7e8hGC57dexrE2jy1f94wtuGyVP6Dp,TRON_KEY_EQUIVALENCE,Unknown,DPRK4,2017-09-26
CU-ACT-1607,2025-11-04,BLACKLIST,0x596ac03ba123b802325bf62ceff98e5608ac48e9,polygon,78587381,CHEIL CREDIT BANK,22985,Digital Currency Address - USDT,TJ812KESWjzJZGEWBPFCu74Js5zQS7jN5A,TRON_KEY_EQUIVALENCE,Unknown,DPRK4,2017-09-26
CU-ACT-1608,2025-11-04,BLACKLIST,0xad0fd006d311c33da60c180603316a813a3f68d4,polygon,78587419,CHEIL CREDIT BANK,22985,Digital Currency Address - USDT,TRkGqvaobVp4XDNmSceRo5hDcJYDTFmYjd,TRON_KEY_EQUIVALENCE,Unknown,DPRK4,2017-09-26
CU-ACT-1609,2025-11-04,BLACKLIST,0x919d585e07ab0926832753eb43fd6fb2b8488051,polygon,78587441,CHEIL CREDIT BANK,22985,Digital Currency Address - USDT,TPF9UQhqpV18BPWg5xo6MeB3h8t4iEg9gP,TRON_KEY_EQUIVALENCE,Unknown,DPRK4,2017-09-26
CU-ACT-1610,2025-11-04,BLACKLIST,0xa4e740b001ea51cd90988b19cfb9da7a52e91c47,polygon,78587527,CHEIL CREDIT BANK,22985,Digital Currency Address - USDT,TR18rEj7gWjKBJLYrowyfnvjWLTTsXGngK,TRON_KEY_EQUIVALENCE,Unknown,DPRK4,2017-09-26
CU-ACT-1611,2025-11-04,BLACKLIST,0x97a582fff8b54e501f584dcd828fd1200f6f9e6b,polygon,78587625,CHEIL CREDIT BANK,22985,Digital Currency Address - USDT,TPo3JyryRcQ3uhBWexeYhtkpMitsUwY4uB,TRON_KEY_EQUIVALENCE,Unknown,DPRK4,2017-09-26
CU-ACT-1612,2025-11-04,BLACKLIST,0xc19a1636cf379ce180a61946a990d743bd2ee3d1,polygon,78587643,CHEIL CREDIT BANK,22985,Digital Currency Address - USDT,TTct1DezYvriNWU7Wi3mygLoskkaw61mra,TRON_KEY_EQUIVALENCE,Unknown,DPRK4,2017-09-26
CU-ACT-1613,2025-11-04,BLACKLIST,0x9d6350f74c811ca9e9c9adc35227a1193d5984b0,polygon,78587719,CHEIL CREDIT BANK,22985,Digital Currency Address - USDT,TQKQ4ntejdYYJpuYkFz8oCSDoXW6RKRDdY,TRON_KEY_EQUIVALENCE,Unknown,DPRK4,2017-09-26
CU-ACT-1614,2025-11-04,BLACKLIST,0xe61c235a51cf48a554c60005d936d424d0d76397,polygon,78587730,CHEIL CREDIT BANK,22985,Digital Currency Address - USDT,TWwv8FQiES3yHGig7y3zJWYuPaZfSV3vmY,TRON_KEY_EQUIVALENCE,Unknown,DPRK4,2017-09-26
CU-ACT-1615,2025-11-04,BLACKLIST,0xc95b0eaad3ed1c1505fc9b1a50c160afe3594036,polygon,78587820,CHEIL CREDIT BANK,22985,Digital Currency Address - USDT,TUKsuPVb8kgJVFp5x528KC5HisUVdzxami,TRON_KEY_EQUIVALENCE,Unknown,DPRK4,2017-09-26
CU-ACT-1616,2025-11-04,BLACKLIST,0xa3afa16728fc3a16072a7a00ec4508fafe02a34a,polygon,78587869,CHEIL CREDIT BANK,22985,Digital Currency Address - USDT,TQthYM5nLqwAEr6DScC8tRtw29ncEB53mK,TRON_KEY_EQUIVALENCE,Unknown,DPRK4,2017-09-26
CU-ACT-1617,2025-11-04,BLACKLIST,0xc5aa13f464851d92fd59f1ef6a1c719e5e6d2d4a,polygon,78587948,CHEIL CREDIT BANK,22985,Digital Currency Address - USDT,TTzMs5AR66jr9mQMkWfCHVwd3AiLLYPepQ,TRON_KEY_EQUIVALENCE,Unknown,DPRK4,2017-09-26
CU-ACT-1618,2025-11-04,BLACKLIST,0xd3301fc40c118a14ba8c15370e6dd3746656d287,polygon,78588006,CHEIL CREDIT BANK,22985,Digital Currency Address - USDT,TVDsEFm19zLV8HeXdt6G75rLroxnp6uqpV,TRON_KEY_EQUIVALENCE,Unknown,DPRK4,2017-09-26
CU-ACT-1619,2025-11-04,BLACKLIST,0xda9809eaca62c7d52978045007f26817c425875f,polygon,78588038,CHEIL CREDIT BANK,22985,Digital Currency Address - USDT,TVu2SiQrWSnfwk8quAeDxfiaLy6FHzYkMA,TRON_KEY_EQUIVALENCE,Unknown,DPRK4,2017-09-26
CU-ACT-1620,2025-11-04,BLACKLIST,0xdc2ec40485f23d6268fe9f4fde8c390051f4766a,polygon,78588093,CHEIL CREDIT BANK,22985,Digital Currency Address - USDT,TW3RgbhYkFEFnmRJ9mE9b83T9XYSMkjwuD,TRON_KEY_EQUIVALENCE,Unknown,DPRK4,2017-09-26
CU-ACT-1621,2025-11-04,BLACKLIST,0xc014eb917fb0689844b31347c7556c18a319bbbf,polygon,78588447,CHEIL CREDIT BANK,22985,Digital Currency Address - USDT,TTUqoT6EAmiM1xLvwVwxhjvjaoEUGtKDdZ,TRON_KEY_EQUIVALENCE,Unknown,DPRK4,2017-09-26
CU-ACT-1622,2025-11-04,BLACKLIST,0xe96e4483bc3f3abfea3213cd8a094ce5b26b117c,polygon,78588488,CHEIL CREDIT BANK,22985,Digital Currency Address - USDT,TXFUYHVJMDyKikutvCG6qNgTUS5pxtZhHs,TRON_KEY_EQUIVALENCE,Unknown,DPRK4,2017-09-26
CU-ACT-1623,2025-11-04,BLACKLIST,0xf3f338ec1c5e17ab45377e78308ace9a6338242c,polygon,78588506,CHEIL CREDIT BANK,22985,Digital Currency Address - USDT,TYD6a4PAAfAgegEdDf9oZUnW4DFmS8jeFT,TRON_KEY_EQUIVALENCE,Unknown,DPRK4,2017-09-26
CU-ACT-1624,2025-11-04,BLACKLIST,0xdb7ae6b7a2153fe0062be5d1d90a8be5ec8aaa50,polygon,78588537,CHEIL CREDIT BANK,22985,Digital Currency Address - USDT,TVyiDQ25H6Rx6PcNV1WyjGasGSa8ehj1Uv,TRON_KEY_EQUIVALENCE,Unknown,DPRK4,2017-09-26
CU-ACT-1625,2025-11-04,BLACKLIST,0xed5324b5482a3eef2eb4263d1c386d86bfda5d4b,polygon,78588558,CHEIL CREDIT BANK,22985,Digital Currency Address - USDT,TXc4kRiMEcdXRxWpSKkD5qKaARExN4uxPq,TRON_KEY_EQUIVALENCE,Unknown,DPRK4,2017-09-26
CU-ACT-1626,2025-11-04,BLACKLIST,0xf512078e07f61a2e28081c8ea86c6056788d18b4,polygon,78588571,CHEIL CREDIT BANK,22985,Digital Currency Address - USDT,TYK29mbyvVxLaLUKdFSTRADMwoxaVbVZQg,TRON_KEY_EQUIVALENCE,Unknown,DPRK4,2017-09-26
CU-ACT-1627,2025-11-04,BLACKLIST,0xfc3def4dc3bac88f7e80d53c2499a02d65ae7e66,polygon,78588575,CHEIL CREDIT BANK,22985,Digital Currency Address - USDT,TYxwUhoLPF7AgfG9GaXFEp8CQi8K8KG1m3,TRON_KEY_EQUIVALENCE,Unknown,DPRK4,2017-09-26
CU-ACT-1628,2025-11-19,BLACKLIST,0x5d5b5dafecbf31bdb08bfd3edad4f2694372d0ef,polygon,79234934,Sokolovski Rolan,56360,Digital Currency Address - ETH,0x5d5b5dafecbf31bdb08bfd3edad4f2694372d0ef,HEX_IDENTIFIER,Unknown,ILLICIT-DRUGS-EO14059,2025-11-19
CU-ACT-1629,2025-11-19,BLACKLIST,0xe1e4c5e5ed8f03ae61b581e2def126025f2b9401,polygon,79235062,Sokolovski Rolan,56360,Digital Currency Address - ETH,0xe1e4c5e5ed8f03ae61b581e2def126025f2b9401,HEX_IDENTIFIER,Unknown,ILLICIT-DRUGS-EO14059,2025-11-19
CU-ACT-1630,2025-11-19,BLACKLIST,0x2020b536fd363c82fc3f6ab26aeea94b4ffa1404,polygon,79235093,Sokolovski Rolan,56360,Digital Currency Address - TRX,TCu5onCzXuqxjvVzdB2tR4FLuF66d4yRqf,TRON_KEY_EQUIVALENCE,Unknown,ILLICIT-DRUGS-EO14059,2025-11-19
CU-ACT-1631,2025-11-19,BLACKLIST,0xc103b7dc095c904b92081eef0c1640081ec01c10,polygon,79235111,Sokolovski Rolan,56360,Digital Currency Address - ETH,0xc103b7dc095c904b92081eef0c1640081ec01c10,HEX_IDENTIFIER,Unknown,ILLICIT-DRUGS-EO14059,2025-11-19
CU-ACT-1632,2025-11-19,BLACKLIST,0x2020b536fd363c82fc3f6ab26aeea94b4ffa1404,polygon,79235141,Sokolovski Rolan,56360,Digital Currency Address - TRX,TCu5onCzXuqxjvVzdB2tR4FLuF66d4yRqf,TRON_KEY_EQUIVALENCE,Unknown,ILLICIT-DRUGS-EO14059,2025-11-19
CU-ACT-1633,2025-11-19,BLACKLIST,0x091a964948da0f8f638c8b688e391e5a3df1a43e,polygon,79235158,Wedding Ryan James,56357,Digital Currency Address - TRX,TAoLw5yD5XUoHWeBZRSZ1ExK9HMv2CiPvP,TRON_KEY_EQUIVALENCE,Unknown,ILLICIT-DRUGS-EO14059,2025-11-19
CU-ACT-1634,2025-11-19,BLACKLIST,0x2020b536fd363c82fc3f6ab26aeea94b4ffa1404,polygon,79235186,Sokolovski Rolan,56360,Digital Currency Address - TRX,TCu5onCzXuqxjvVzdB2tR4FLuF66d4yRqf,TRON_KEY_EQUIVALENCE,Unknown,ILLICIT-DRUGS-EO14059,2025-11-19
CU-ACT-1635,2025-11-19,BLACKLIST,0x11fe0fd1a9fb17746eb9877a396ddf1b3a632838,polygon,79235191,Sokolovski Rolan,56360,Digital Currency Address - TRX,TBcLqqqyZjNj1ptuXFgj5H768NhNU5nDyn,TRON_KEY_EQUIVALENCE,Unknown,ILLICIT-DRUGS-EO14059,2025-11-19
CU-ACT-1636,2025-11-19,BLACKLIST,0x9227c54226014afcb588dc49818e28a3a2367557,polygon,79235222,Wedding Ryan James,56357,Digital Currency Address - TRX,TPJ1JNX98MJpHueBJeF5SVSg85z8mYg1P1,TRON_KEY_EQUIVALENCE,Unknown,ILLICIT-DRUGS-EO14059,2025-11-19
CU-ACT-1637,2025-11-19,BLACKLIST,0xd4e976441a1cad72ee5cbd2fd1b677fe7ce8afdf,polygon,79235395,Wedding Ryan James,56357,Digital Currency Address - TRX,TVNyvx2astt2AB1Us67ENjfMZeEXZeiuu6,TRON_KEY_EQUIVALENCE,Unknown,ILLICIT-DRUGS-EO14059,2025-11-19
CU-ACT-1639,2026-01-30,BLACKLIST,0x0529ebc9ff01a4d390f91687d7c7406bf0dab24e,polygon,82335556,Zedcex Exchange Ltd,56865,Digital Currency Address - TRX,TASWbk6X1wiTku5TMmMQYqYFvshVEtfJy8,TRON_KEY_EQUIVALENCE,Unknown,IFSR; IRAN-EO13902; SDGT,2026-01-30
CU-ACT-1640,2026-01-30,BLACKLIST,0xbf92b14aa9fd088182178e2ebf208da946521ee5,polygon,82335621,Zedcex Exchange Ltd,56865,Digital Currency Address - TRX,TTS9o5KkpGgH8cK9LofLmMAPYb5zfQvSNa,TRON_KEY_EQUIVALENCE,Unknown,IFSR; IRAN-EO13902; SDGT,2026-01-30
CU-ACT-1641,2026-01-30,BLACKLIST,0x2136ed3902c1d7217d9b19cf313bbb035ed9bfd7,polygon,82335631,Zedcex Exchange Ltd,56865,Digital Currency Address - TRX,TCzq6m2zxnQkrZrf8cqYcK6bbXQYAfWYKC,TRON_KEY_EQUIVALENCE,Unknown,IFSR; IRAN-EO13902; SDGT,2026-01-30
CU-ACT-1642,2026-01-30,BLACKLIST,0x180242dc6b95c786c2d9c397532c679a956a1d12,polygon,82335743,Zedcex Exchange Ltd,56865,Digital Currency Address - TRX,TCA9vmjsYw9MtPKEwRBtGhKFRfr4CLxJAv,TRON_KEY_EQUIVALENCE,Unknown,IFSR; IRAN-EO13902; SDGT,2026-01-30
CU-ACT-1643,2026-01-30,BLACKLIST,0x4bae1c4b2167fe4ebcd6d7baac1138d943a2609f,polygon,82335770,Zedcex Exchange Ltd,56865,Digital Currency Address - TRX,TGsNFrgWfbGN2gX25Wcf8oTejtxtQkvmEx,TRON_KEY_EQUIVALENCE,Unknown,IFSR; IRAN-EO13902; SDGT,2026-01-30
CU-ACT-1644,2026-01-30,BLACKLIST,0x783a4cc2478f1b44f37052bac72abaa3fc6f992a,polygon,82335797,Zedcex Exchange Ltd,56865,Digital Currency Address - TRX,TLvuvpfBKdxddxSsJefeiGCe9eVY8HUroE,TRON_KEY_EQUIVALENCE,Unknown,IFSR; IRAN-EO13902; SDGT,2026-01-30
CU-ACT-1645,2026-01-30,BLACKLIST,0x8dd586d12164a98e319607295935ee968919608e,polygon,82335849,Zedcex Exchange Ltd,56865,Digital Currency Address - TRX,TNuA5CQ6LB4jTHoNrjEeQZJmcmhQuHMbQ7,TRON_KEY_EQUIVALENCE,Unknown,IFSR; IRAN-EO13902; SDGT,2026-01-30
CU-ACT-1646,2026-03-12,BLACKLIST,0x95584c303fcd48af5c6b9873015f2ad0ca84eae3,polygon,84108031,Yun Song Guk,57034,Digital Currency Address - ETH,0x95584C303FCd48AF5c6B9873015f2AD0ca84EaE3,HEX_IDENTIFIER,Unknown,DPRK4,2026-03-12
CU-ACT-1647,2026-03-12,BLACKLIST,0xee61f0eeee09eed3583baab61fa2e64b96207478,polygon,84108085,Sim Hyon Sop,42498,Digital Currency Address - TRX,TXhf9nU9bjo1j9z5qEesHdr6gtdndfnA4T,TRON_KEY_EQUIVALENCE,Unknown,NPWMD,2023-04-24
CU-ACT-1648,2026-03-12,BLACKLIST,0xcb74874f1e06fcf80a306e06e5379a44b488ba2d,polygon,84108212,AMNOKGANG TECHNOLOGY DEVELOPMENT COMPANY 압록강기술개발회사 鸭绿江技术开发公司,57056,Digital Currency Address - ETH,0xcB74874f1e06Fcf80A306e06e5379A44B488bA2D,HEX_IDENTIFIER,Unknown,DPRK4,2026-03-12
CU-ACT-1649,2026-03-12,BLACKLIST,0xb637f84b66876ebf609c2a4208905f9ddac9d075,polygon,84108222,Yun Song Guk,57034,Digital Currency Address - ETH,0xb637f84b66876ebf609c2a4208905f9ddac9d075,HEX_IDENTIFIER,Unknown,DPRK4,2026-03-12
CU-ACT-1650,2026-03-12,BLACKLIST,0x0330070fd38ec3bb94f58fa55d40368271e9e54a,polygon,84108284,AMNOKGANG TECHNOLOGY DEVELOPMENT COMPANY 압록강기술개발회사 鸭绿江技术开发公司,57056,Digital Currency Address - ETH,0x0330070FD38Ec3bB94F58FA55D40368271E9e54A,HEX_IDENTIFIER,Unknown,DPRK4,2026-03-12
CU-ACT-1651,2026-03-12,BLACKLIST,0x4f47bc496083c727c5fbe3ce9cdf2b0f6496270c,polygon,84108380,Sim Hyon Sop,42498,Digital Currency Address - ETH,0x4f47bc496083c727c5fbe3ce9cdf2b0f6496270c,HEX_IDENTIFIER,Unknown,NPWMD,2023-04-24
CU-ACT-1652,2026-03-12,BLACKLIST,0x9be599d7867f5e1a2d7ec6db9710df2b98a15573,polygon,84108389,AMNOKGANG TECHNOLOGY DEVELOPMENT COMPANY 압록강기술개발회사 鸭绿江技术开发公司,57056,Digital Currency Address - ETH,0x9Be599d7867f5E1a2D7Ec6dB9710dF2b98A15573,HEX_IDENTIFIER,Unknown,DPRK4,2026-03-12
CU-ACT-1653,2026-03-12,BLACKLIST,0x6315bdc714ebb7a08e5ec10f351b6ca61d052bee,polygon,84108428,Sim Hyon Sop,42498,Digital Currency Address - TRX,TK17wfSPp32RWrnzZPrGpv7TxdNFvvvE2s,TRON_KEY_EQUIVALENCE,Unknown,NPWMD,2023-04-24
CU-ACT-1654,2026-03-12,BLACKLIST,0xfb3eff152ea55d1bfa04dbdd509a80fd7b72cdeb,polygon,84108433,Sim Hyon Sop,42498,Digital Currency Address - ETH,0xFb3eFf152ea55D1BfA04Dbdd509A80fD7b72cdEB,HEX_IDENTIFIER,Unknown,NPWMD,2023-04-24
CU-ACT-1655,2026-03-12,BLACKLIST,0x76ea76ca4eb727f18956ab93445a94c5280412b9,polygon,84108472,Sim Hyon Sop,42498,Digital Currency Address - ETH,0x76EA76CA4Eb727f18956aB93445a94c5280412B9,HEX_IDENTIFIER,Unknown,NPWMD,2023-04-24
CU-ACT-1656,2026-03-12,BLACKLIST,0x747afb5c7a7fc34b547cd0fdebf9b91759c5a52b,polygon,84108514,Sim Hyon Sop,42498,Digital Currency Address - ETH,0x747AFB5c7A7fc34B547cD0FDEbf9b91759C5a52b,HEX_IDENTIFIER,Unknown,NPWMD,2023-04-24
CU-ACT-1657,2026-03-12,BLACKLIST,0xd04e33461fea8302c5e1e13895b60cee8aefda7f,polygon,84108623,Sim Hyon Sop,42498,Digital Currency Address - ETH,0xd04E33461FEA8302c5E1e13895b60cEe8AEfda7F,HEX_IDENTIFIER,Unknown,NPWMD,2023-04-24
CU-ACT-1658,2026-03-12,BLACKLIST,0xfda1ec4a6178d4916b001a065422d31ebe5f62ff,polygon,84108656,Sim Hyon Sop,42498,Digital Currency Address - ETH,0xFda1Ec4A6178d4916b001a065422D31EBE5F62FF,HEX_IDENTIFIER,Unknown,NPWMD,2023-04-24
CU-ACT-1659,2026-03-12,BLACKLIST,0x8d55c4306745f05a31af596c6bfa19374073e797,polygon,84108739,AMNOKGANG TECHNOLOGY DEVELOPMENT COMPANY 압록강기술개발회사 鸭绿江技术开发公司,57056,Digital Currency Address - TRX,TNrX2FwrHKoo4XACGkmSzqeK4pdnKYn6Z7,TRON_KEY_EQUIVALENCE,Unknown,DPRK4,2026-03-12
CU-ACT-1660,2026-03-12,BLACKLIST,0xfe88af78cfc99bea57f2fb708489cfc0f0b7f704,polygon,84108766,AMNOKGANG TECHNOLOGY DEVELOPMENT COMPANY 압록강기술개발회사 鸭绿江技术开发公司,57056,Digital Currency Address - TRX,TZB4NrX7k9ZsV6PRc1GigAztLL8WHpLvwP,TRON_KEY_EQUIVALENCE,Unknown,DPRK4,2026-03-12
CU-ACT-1661,2026-03-12,BLACKLIST,0x283fcf7f260da7c3c9aad91beab58882990a66eb,polygon,84108791,AMNOKGANG TECHNOLOGY DEVELOPMENT COMPANY 압록강기술개발회사 鸭绿江技术开发公司,57056,Digital Currency Address - TRX,TDe2UNAvuUnTbbDo7518eMe3TXN5qJW8Ft,TRON_KEY_EQUIVALENCE,Unknown,DPRK4,2026-03-12
CU-ACT-1662,2026-03-12,BLACKLIST,0x2ec6c5fe3d7acd8e2e6185c17d9acb136e66f3e0,polygon,84108816,AMNOKGANG TECHNOLOGY DEVELOPMENT COMPANY 압록강기술개발회사 鸭绿江技术开发公司,57056,Digital Currency Address - TRX,TEEYCuGDyeNkuDj4u6GQRXxXo3Nh29r2vP,TRON_KEY_EQUIVALENCE,Unknown,DPRK4,2026-03-12
CU-ACT-1663,2026-03-12,BLACKLIST,0x9145fc390e71e3b56da4bfe51460cbdbb1a8a3f9,polygon,84108977,Sim Hyon Sop,42498,Digital Currency Address - TRX,TPDLpXxPcaSsupEZ3yrVksmNkYP5SLeKxu,TRON_KEY_EQUIVALENCE,Unknown,NPWMD,2023-04-24
CU-ACT-1664,2026-03-12,BLACKLIST,0x88ef69134150f35b1e91fa2d8bfbb44ba2c51e62,polygon,84109009,Sim Hyon Sop,42498,Digital Currency Address - TRX,TNTFhgFoKH4srBMiWbfrVFqP2AThSmdwf1,TRON_KEY_EQUIVALENCE,Unknown,NPWMD,2023-04-24
CU-ACT-1665,2026-03-12,BLACKLIST,0x47df0606a84a52763887d7aa280cc4f068326b16,polygon,84109041,Sim Hyon Sop,42498,Digital Currency Address - TRX,TGXE9dGWawjfd3xqFSho1h1bRbRv9wUGrF,TRON_KEY_EQUIVALENCE,Unknown,NPWMD,2023-04-24
CU-ACT-1666,2026-03-12,BLACKLIST,0xf8bc582628cd0c721b554161a1cb59ea003742c0,polygon,84109048,Sim Hyon Sop,42498,Digital Currency Address - TRX,TYeQD2VddTZ9NkFkAnT9DD8cUGetGUQZB2,TRON_KEY_EQUIVALENCE,Unknown,NPWMD,2023-04-24
CU-ACT-1672,2022-03-30,BLACKLIST,0xd882cfc20f52f2599d84b8e8d58c7fb62cfe344b,avalanche,12756599,KARASAVIDI Dmitrii КАРАСАВИДИ Дмитрий,29585,Digital Currency Address - ETH,0xd882cfc20f52f2599d84b8e8d58c7fb62cfe344b,HEX_IDENTIFIER,Unknown,CYBER2,2020-09-16
CU-ACT-1673,2022-03-30,BLACKLIST,0x7f367cc41522ce07553e823bf3be79a889debe1b,avalanche,12756984,Potekhin Danil Потехин Данил,29584,Digital Currency Address - ETH,0x7F367cC41522cE07553e823bf3be79A889DEbe1B,HEX_IDENTIFIER,Unknown,CYBER2,2020-09-16
CU-ACT-1674,2022-03-30,BLACKLIST,0x1da5821544e25c636c1417ba96ade4cf6d2f9b5a,avalanche,12757005,Secondeye Solution,30518,Digital Currency Address - ETH,0x1da5821544e25c636c1417ba96ade4cf6d2f9b5a,HEX_IDENTIFIER,Unknown,CYBER2; ELECTION-EO13848,2021-04-15
CU-ACT-1675,2022-03-30,BLACKLIST,0x7db418b5d567a4e0e8c59ad71be1fce48f3e6107,avalanche,12757022,Secondeye Solution,30518,Digital Currency Address - ETH,0x7Db418b5D567A4e0E8c59Ad71BE1FcE48f3E6107,HEX_IDENTIFIER,Unknown,CYBER2; ELECTION-EO13848,2021-04-15
CU-ACT-1676,2022-03-30,BLACKLIST,0x72a5843cc08275c8171e582972aa4fda8c397b2a,avalanche,12757036,Secondeye Solution,30518,Digital Currency Address - ETH,0x72a5843cc08275C8171E582972Aa4fDa8C397B2A,HEX_IDENTIFIER,Unknown,CYBER2; ELECTION-EO13848,2021-04-15
CU-ACT-1677,2022-03-30,BLACKLIST,0x7f19720a857f834887fc9a7bc0a0fbe7fc7f8102,avalanche,12757050,Secondeye Solution,30518,Digital Currency Address - ETH,0x7F19720A857F834887FC9A7bC0a0fBe7Fc7f8102,HEX_IDENTIFIER,Unknown,CYBER2; ELECTION-EO13848,2021-04-15
CU-ACT-1678,2022-03-30,BLACKLIST,0x9f4cda013e354b8fc285bf4b9a60460cee7f7ea9,avalanche,12757064,SOUTHFRONT,31212,Digital Currency Address - ETH,0x9f4cda013e354b8fc285bf4b9a60460cee7f7ea9,HEX_IDENTIFIER,Unknown,CYBER2; ELECTION-EO13848; NPWMD,2021-04-15
CU-ACT-1679,2022-03-30,BLACKLIST,0xa7e5d5a720f06526557c513402f2e6b5fa20b008,avalanche,12757078,Lifshits Artem Mikhaylovich ЛИФШИЦ Артем Михайлович,29702,Digital Currency Address - ETH,0xa7e5d5a720f06526557c513402f2e6b5fa20b008,HEX_IDENTIFIER,Unknown,CYBER2; ELECTION-EO13848,2020-09-10
CU-ACT-1680,2022-03-30,BLACKLIST,0x3cbded43efdaf0fc77b9c55f6fc9988fcc9b757d,avalanche,12757092,SOUTHFRONT,31212,Digital Currency Address - ETH,0x3cbded43efdaf0fc77b9c55f6fc9988fcc9b757d,HEX_IDENTIFIER,Unknown,CYBER2; ELECTION-EO13848; NPWMD,2021-04-15
CU-ACT-1681,2022-03-30,BLACKLIST,0x67d40ee1a85bf4a4bb7ffae16de985e8427b6b45,avalanche,12757104,CHATEX,33854,Digital Currency Address - ETH,0x67d40EE1A85bf4a4Bb7Ffae16De985e8427B6b45,HEX_IDENTIFIER,Unknown,CYBER2,2021-11-08
CU-ACT-1682,2022-03-30,BLACKLIST,0x6f1ca141a28907f78ebaa64fb83a9088b02a8352,avalanche,12757116,CHATEX,33854,Digital Currency Address - ETH,0x6f1ca141a28907f78ebaa64fb83a9088b02a8352,HEX_IDENTIFIER,Unknown,CYBER2,2021-11-08
CU-ACT-1683,2022-03-30,BLACKLIST,0x48549a34ae37b12f6a30566245176994e17c6b4a,avalanche,12757252,CHATEX,33854,Digital Currency Address - ETH,0x48549a34ae37b12f6a30566245176994e17c6b4a,HEX_IDENTIFIER,Unknown,CYBER2,2021-11-08
CU-ACT-1685,2022-03-30,BLACKLIST,0x5512d943ed1f7c8a43f3435c85f7ab68b30121b0,avalanche,12757281,CHATEX,33854,Digital Currency Address - ETH,0x5512d943ed1f7c8a43f3435c85f7ab68b30121b0,HEX_IDENTIFIER,Unknown,CYBER2,2021-11-08
CU-ACT-1686,2022-03-30,BLACKLIST,0xc455f7fd3e0e12afd51fba5c106909934d8a0e4a,avalanche,12757300,CHATEX,33854,Digital Currency Address - ETH,0xc455f7fd3e0e12afd51fba5c106909934d8a0e4a,HEX_IDENTIFIER,Unknown,CYBER2,2021-11-08
CU-ACT-1687,2022-03-30,BLACKLIST,0x2f389ce8bd8ff92de3402ffce4691d17fc4f6535,avalanche,12757315,"SUEX OTC, S.R.O.",33151,Digital Currency Address - ETH,0x2f389ce8bd8ff92de3402ffce4691d17fc4f6535,HEX_IDENTIFIER,Unknown,CYBER2,2021-09-21
CU-ACT-1688,2022-03-30,BLACKLIST,0x19aa5fe80d33a56d56c78e82ea5e50e5d80b4dff,avalanche,12757327,"SUEX OTC, S.R.O.",33151,Digital Currency Address - ETH,0x19aa5fe80d33a56d56c78e82ea5e50e5d80b4dff,HEX_IDENTIFIER,Unknown,CYBER2,2021-09-21
CU-ACT-1689,2022-03-30,BLACKLIST,0xe7aa314c77f4233c18c6cc84384a9247c0cf367b,avalanche,12757344,"SUEX OTC, S.R.O.",33151,Digital Currency Address - ETH,0xe7aa314c77f4233c18c6cc84384a9247c0cf367b,HEX_IDENTIFIER,Unknown,CYBER2,2021-09-21
CU-ACT-1690,2022-03-30,BLACKLIST,0x308ed4b7b49797e1a98d3818bff6fe5385410370,avalanche,12757362,"SUEX OTC, S.R.O.",33151,Digital Currency Address - ETH,0x308ed4b7b49797e1a98d3818bff6fe5385410370,HEX_IDENTIFIER,Unknown,CYBER2,2021-09-21
CU-ACT-1691,2022-03-30,BLACKLIST,0xfec8a60023265364d066a1212fde3930f6ae8da7,avalanche,12757379,Polyanin Yevgeniy Igorevich Полянин Евгений Игоревич,33858,Digital Currency Address - USDT,0xfec8a60023265364d066a1212fde3930f6ae8da7,HEX_IDENTIFIER,Unknown,CYBER2,2021-11-08
CU-ACT-1692,2022-03-30,BLACKLIST,0x8576acc5c05d6ce88f4e49bf65bdf0c62f91353c,avalanche,12757397,Andreyev Anton Nikolaeyvich АНДРЕЕВ Антон Николаевич,29703,Digital Currency Address - ETH,0x8576acc5c05d6ce88f4e49bf65bdf0c62f91353c,HEX_IDENTIFIER,Unknown,CYBER2; ELECTION-EO13848,2020-09-10
CU-ACT-1693,2022-03-30,BLACKLIST,0x901bb9583b24d97e995513c6778dc6888ab6870e,avalanche,12757412,Lifshits Artem Mikhaylovich ЛИФШИЦ Артем Михайлович,29702,Digital Currency Address - ETH,0x901bb9583b24d97e995513c6778dc6888ab6870e,HEX_IDENTIFIER,Unknown,CYBER2; ELECTION-EO13848,2020-09-10
CU-ACT-1694,2022-04-07,BLACKLIST,0x7ff9cfad3877f21d41da833e2f775db0569ee3d9,avalanche,13116507,GARANTEX EUROPE OU GARANTEX EUROPE OÜ,36025,Digital Currency Address - ETH,0x7FF9cFad3877F21d41Da833E2F775dB0569eE3D9,HEX_IDENTIFIER,Unknown,CYBER4; RUSSIA-EO14024,2022-04-05
CU-ACT-1695,2022-04-14,BLACKLIST,0x098b716b8aaf21512996dc57eb0615e2383e2f96,avalanche,13427448,Lazarus Group,27307,Digital Currency Address - ETH,0x098B716B8Aaf21512996dC57EB0615e2383E2f96,HEX_IDENTIFIER,Unknown,DPRK3,2019-09-13
CU-ACT-1696,2022-04-23,BLACKLIST,0xa0e1c89ef1a489c9c7de96311ed5ce5d32c20e4b,avalanche,13801752,Lazarus Group,27307,Digital Currency Address - ETH,0xa0e1c89Ef1a489c9C7dE96311eD5Ce5D32c20E4B,HEX_IDENTIFIER,Unknown,DPRK3,2019-09-13
CU-ACT-1697,2022-04-23,BLACKLIST,0x3cffd56b47b7b41c56258d9c7731abadc360e073,avalanche,13801783,Lazarus Group,27307,Digital Currency Address - ETH,0x3Cffd56B47B7b41c56258D9C7731ABaDc360E073,HEX_IDENTIFIER,Unknown,DPRK3,2019-09-13
CU-ACT-1698,2022-04-23,BLACKLIST,0x53b6936513e738f44fb50d2b9476730c0ab3bfc1,avalanche,13802210,Lazarus Group,27307,Digital Currency Address - ETH,0x53b6936513e738f44FB50d2b9476730C0Ab3Bfc1,HEX_IDENTIFIER,Unknown,DPRK3,2019-09-13
CU-ACT-1700,2022-05-06,BLACKLIST,0x35fb6f6db4fb05e6a4ce86f2c93691425626d4b1,avalanche,14363555,Lazarus Group,27307,Digital Currency Address - ETH,0x35fB6f6DB4fb05e6A4cE86f2C93691425626d4b1,HEX_IDENTIFIER,Unknown,DPRK3,2019-09-13
CU-ACT-1701,2022-05-06,BLACKLIST,0xf7b31119c2682c88d88d455dbb9d5932c65cf1be,avalanche,14363562,Lazarus Group,27307,Digital Currency Address - ETH,0xF7B31119c2682c88d88D455dBb9d5932c65Cf1bE,HEX_IDENTIFIER,Unknown,DPRK3,2019-09-13
CU-ACT-1702,2022-05-06,BLACKLIST,0x3e37627deaa754090fbfbb8bd226c1ce66d255e9,avalanche,14363565,Lazarus Group,27307,Digital Currency Address - ETH,0x3e37627dEAA754090fBFbb8bd226c1CE66D255e9,HEX_IDENTIFIER,Unknown,DPRK3,2019-09-13
CU-ACT-1703,2022-05-06,BLACKLIST,0x08723392ed15743cc38513c4925f5e6be5c17243,avalanche,14363567,Lazarus Group,27307,Digital Currency Address - ETH,0x08723392Ed15743cc38513C4925f5e6be5c17243,HEX_IDENTIFIER,Unknown,DPRK3,2019-09-13
CU-ACT-1742,2022-09-16,BLACKLIST,0xc2a3829f459b3edd87791c74cd45402ba0a20be3,avalanche,19915478,Task Force Rusich,38665,Digital Currency Address - ETH,0xc2a3829F459B3Edd87791c74cD45402BA0a20Be3,HEX_IDENTIFIER,Unknown,RUSSIA-EO14024,2022-09-15
CU-ACT-1743,2022-09-16,BLACKLIST,0x3ad9db589d201a710ed237c829c7860ba86510fc,avalanche,19915493,Task Force Rusich,38665,Digital Currency Address - ETH,0x3AD9dB589d201A710Ed237c829c7860Ba86510Fc,HEX_IDENTIFIER,Unknown,RUSSIA-EO14024,2022-09-15
CU-ACT-1744,2022-09-16,BLACKLIST,0xe7800b61479695ec74e4b219f409f67bd1055a27,avalanche,19915519,Task Force Rusich,38665,Digital Currency Address - USDT,TX5GV4DyfxNB3rPkzZJhmqZ1efVmL4rEqG,TRON_KEY_EQUIVALENCE,Unknown,RUSSIA-EO14024,2022-09-15
CU-ACT-1802,2022-11-11,BLACKLIST,0xd0975b32cea532eadddfc9c60481976e39db3472,avalanche,22222142,Grimm Matthew Simon,39593,Digital Currency Address - ETH,0xd0975b32cea532eadddfc9c60481976e39db3472,HEX_IDENTIFIER,Unknown,ILLICIT-DRUGS-EO14059,2022-11-09
CU-ACT-1803,2022-11-11,BLACKLIST,0x1967d8af5bd86a497fb3dd7899a020e47560daaf,avalanche,22222153,Grimm Matthew Simon,39593,Digital Currency Address - ETH,0x1967d8af5bd86a497fb3dd7899a020e47560daaf,HEX_IDENTIFIER,Unknown,ILLICIT-DRUGS-EO14059,2022-11-09
CU-ACT-1804,2022-11-11,BLACKLIST,0x83e5bc4ffa856bb84bb88581f5dd62a433a25e0d,avalanche,22222163,Peijnenburg Alex Adrianus Martinus,39585,Digital Currency Address - ETH,0x83E5bC4Ffa856BB84Bb88581f5Dd62A433A25e0D,HEX_IDENTIFIER,Unknown,ILLICIT-DRUGS-EO14059,2022-11-09
CU-ACT-1805,2022-11-11,BLACKLIST,0x08b2efdcdb8822efe5ad0eae55517cf5dc544251,avalanche,22222174,Peijnenburg Alex Adrianus Martinus,39585,Digital Currency Address - ETH,0x08b2eFdcdB8822EfE5ad0Eae55517cf5DC544251,HEX_IDENTIFIER,Unknown,ILLICIT-DRUGS-EO14059,2022-11-09
CU-ACT-1806,2022-11-11,BLACKLIST,0x04dba1194ee10112fe6c3207c0687def0e78bacf,avalanche,22222183,Peijnenburg Alex Adrianus Martinus,39585,Digital Currency Address - ETH,0x04DBA1194ee10112fE6C3207C0687DEf0e78baCf,HEX_IDENTIFIER,Unknown,ILLICIT-DRUGS-EO14059,2022-11-09
CU-ACT-1807,2022-11-11,BLACKLIST,0x0ee5067b06776a89ccc7dc8ee369984ad7db5e06,avalanche,22222196,Peijnenburg Alex Adrianus Martinus,39585,Digital Currency Address - ETH,0x0Ee5067b06776A89CcC7dC8Ee369984AD7Db5e06,HEX_IDENTIFIER,Unknown,ILLICIT-DRUGS-EO14059,2022-11-09
CU-ACT-1808,2022-11-11,BLACKLIST,0x502371699497d08d5339c870851898d6d72521dd,avalanche,22222204,Peijnenburg Alex Adrianus Martinus,39585,Digital Currency Address - ETH,0x502371699497d08D5339c870851898D6D72521Dd,HEX_IDENTIFIER,Unknown,ILLICIT-DRUGS-EO14059,2022-11-09
CU-ACT-1809,2022-11-11,BLACKLIST,0x5a14e72060c11313e38738009254a90968f58f51,avalanche,22222215,Peijnenburg Alex Adrianus Martinus,39585,Digital Currency Address - ETH,0x5A14E72060c11313E38738009254a90968F58f51,HEX_IDENTIFIER,Unknown,ILLICIT-DRUGS-EO14059,2022-11-09
CU-ACT-1810,2022-11-11,BLACKLIST,0xefe301d259f525ca1ba74a7977b80d5b060b3cca,avalanche,22222223,Peijnenburg Alex Adrianus Martinus,39585,Digital Currency Address - ETH,0xEFE301d259F525cA1ba74A7977b80D5b060B3ccA,HEX_IDENTIFIER,Unknown,ILLICIT-DRUGS-EO14059,2022-11-09
CU-ACT-1812,2023-02-02,BLACKLIST,0x39d908dac893cbcb53cc86e0ecc369aa4def1a29,avalanche,25745074,Zimenkov Jonatan,40488,Digital Currency Address - ETH,0x39D908dac893CBCB53Cc86e0ECc369aA4DeF1A29,HEX_IDENTIFIER,Unknown,RUSSIA-EO14024,2023-02-01
CU-ACT-1813,2023-04-25,BLACKLIST,0x4f47bc496083c727c5fbe3ce9cdf2b0f6496270c,avalanche,29211653,Sim Hyon Sop,42498,Digital Currency Address - ETH,0x4f47bc496083c727c5fbe3ce9cdf2b0f6496270c,HEX_IDENTIFIER,Unknown,NPWMD,2023-04-24
CU-ACT-1814,2023-05-20,BLACKLIST,0x38735f03b30fbc022ddd06abed01f0ca823c6a94,avalanche,30244954,Hanafin John Desmond,43085,Digital Currency Address - USDT,0x38735f03b30FbC022DdD06ABED01F0Ca823C6a94,HEX_IDENTIFIER,Unknown,RUSSIA-EO14024,2023-05-19
CU-ACT-1815,2023-05-24,BLACKLIST,0x97b1043abd9e6fc31681635166d430a458d14f9c,avalanche,30432266,Kim Sang Man 김 상만,43377,Digital Currency Address - ETH,0x97b1043abd9e6fc31681635166d430a458d14f9c,HEX_IDENTIFIER,Unknown,DPRK4,2023-05-23
CU-ACT-1816,2023-05-24,BLACKLIST,0xb6f5ec1a0a9cd1526536d3f0426c429529471f40,avalanche,30432281,Kim Sang Man 김 상만,43377,Digital Currency Address - ETH,0xb6f5ec1a0a9cd1526536d3f0426c429529471f40,HEX_IDENTIFIER,Unknown,DPRK4,2023-05-23
CU-ACT-1817,2023-08-01,BLACKLIST,0xd71c94052989e209ba713deb66e0a8f72b913b70,avalanche,33356835,Shafiu Ali,44445,Digital Currency Address - USDT,TVacWx7F5wgMgn49L5frDf9KLgdYy8nPHL,TRON_KEY_EQUIVALENCE,Unknown,SDGT,2023-07-31
CU-ACT-1818,2023-08-24,BLACKLIST,0xdcbeffbecce100cce9e4b153c4e15cb885643193,avalanche,34318541,Semenov Roman,44718,Digital Currency Address - ETH,0xdcbEfFBECcE100cCE9E4b153C4e15cB885643193,HEX_IDENTIFIER,Unknown,DPRK3,2023-08-23
CU-ACT-1819,2023-08-24,BLACKLIST,0x5f48c2a71b2cc96e3f0ccae4e39318ff0dc375b2,avalanche,34318570,Semenov Roman,44718,Digital Currency Address - ETH,0x5f48c2a71b2cc96e3f0ccae4e39318ff0dc375b2,HEX_IDENTIFIER,Unknown,DPRK3,2023-08-23
CU-ACT-1820,2023-08-24,BLACKLIST,0x5a7a51bfb49f190e5a6060a5bc6052ac14a3b59f,avalanche,34318600,Semenov Roman,44718,Digital Currency Address - ETH,0x5a7a51bfb49f190e5a6060a5bc6052ac14a3b59f,HEX_IDENTIFIER,Unknown,DPRK3,2023-08-23
CU-ACT-1821,2023-08-24,BLACKLIST,0xed6e0a7e4ac94d976eebfb82ccf777a3c6bad921,avalanche,34318613,Semenov Roman,44718,Digital Currency Address - ETH,0xed6e0a7e4ac94d976eebfb82ccf777a3c6bad921,HEX_IDENTIFIER,Unknown,DPRK3,2023-08-23
CU-ACT-1822,2023-08-24,BLACKLIST,0x797d7ae72ebddcdea2a346c1834e04d1f8df102b,avalanche,34318627,Semenov Roman,44718,Digital Currency Address - ETH,0x797d7ae72ebddcdea2a346c1834e04d1f8df102b,HEX_IDENTIFIER,Unknown,DPRK3,2023-08-23
CU-ACT-1823,2023-08-24,BLACKLIST,0x931546d9e66836abf687d2bc64b30407bac8c568,avalanche,34318639,Semenov Roman,44718,Digital Currency Address - ETH,0x931546D9e66836AbF687d2bc64B30407bAc8C568,HEX_IDENTIFIER,Unknown,DPRK3,2023-08-23
CU-ACT-1824,2023-08-24,BLACKLIST,0x43fa21d92141ba9db43052492e0deee5aa5f0a93,avalanche,34318657,Semenov Roman,44718,Digital Currency Address - ETH,0x43fa21d92141BA9db43052492E0DeEE5aa5f0A93,HEX_IDENTIFIER,Unknown,DPRK3,2023-08-23
CU-ACT-1825,2023-08-24,BLACKLIST,0x6be0ae71e6c41f2f9d0d1a3b8d0f75e6f6a0b46e,avalanche,34318675,Semenov Roman,44718,Digital Currency Address - ETH,0x6be0ae71e6c41f2f9d0d1a3b8d0f75e6f6a0b46e,HEX_IDENTIFIER,Unknown,DPRK3,2023-08-23
CU-ACT-1826,2023-09-27,BLACKLIST,0x9c2bc757b66f24d60f016b6237f8cdd414a879fa,avalanche,35709467,Jimenez Castro Mario Alberto,44029,Digital Currency Address - ETH,0x9c2bc757b66f24d60f016b6237f8cdd414a879fa,HEX_IDENTIFIER,Unknown,ILLICIT-DRUGS-EO14059,2023-09-26
CU-ACT-1827,2023-10-04,BLACKLIST,0x530a64c0ce595026a4a556b703644228179e2d57,avalanche,36000903,Shen Xingbiao 沈 兴标,45312,Digital Currency Address - ETH,0x530a64c0ce595026a4a556b703644228179e2d57,HEX_IDENTIFIER,Unknown,ILLICIT-DRUGS-EO14059,2023-10-03
CU-ACT-1828,2023-10-04,BLACKLIST,0x2e13ea767da12f504ceaaaebe5950488498dc2d2,avalanche,36000921,Shen Xingbiao 沈 兴标,45312,Digital Currency Address - USDT,TEAqwfMhXLaomXhZ8KeMhx3njGmQEDnsUR,TRON_KEY_EQUIVALENCE,Unknown,ILLICIT-DRUGS-EO14059,2023-10-03
CU-ACT-1829,2023-10-04,BLACKLIST,0x7de5ab1914e241177344936dc33b4a8157c98248,avalanche,36000931,Wang Jiantong 王 建通,45349,Digital Currency Address - TRX,TMStbg5fgb4uTV7fK1gEYF9hKAzP3siPsG,TRON_KEY_EQUIVALENCE,Unknown,ILLICIT-DRUGS-EO14059,2023-10-03
CU-ACT-1830,2023-10-04,BLACKLIST,0xfac583c0cf07ea434052c49115a4682172ab6b4f,avalanche,36000941,Wang Mingming 王 明明,45404,Digital Currency Address - USDT,0xfac583c0cf07ea434052c49115a4682172ab6b4f,HEX_IDENTIFIER,Unknown,ILLICIT-DRUGS-EO14059,2023-10-03
CU-ACT-1831,2023-10-04,BLACKLIST,0xbe5e683633ddd17d8a89b4e10860a0e426c5ed24,avalanche,36000955,Xia Fengbing 夏 凤兵,45350,Digital Currency Address - TRX,TTKnV2S1295UrPr7N67Tp9ykNL7xX2Z4Uj,TRON_KEY_EQUIVALENCE,Unknown,ILLICIT-DRUGS-EO14059,2023-10-03
CU-ACT-1832,2023-10-04,BLACKLIST,0x961c5be54a2ffc17cf4cb021d863c42dacd47fc1,avalanche,36000968,Zhang Wei 张 伟,45391,Digital Currency Address - ETH,0x961c5be54a2ffc17cf4cb021d863c42dacd47fc1,HEX_IDENTIFIER,Unknown,ILLICIT-DRUGS-EO14059,2023-10-03
CU-ACT-1833,2023-10-04,BLACKLIST,0xa6cc8ab881debc3c9e8adb32549d0cbe614168c5,avalanche,36000977,Zhang Wei 张 伟,45391,Digital Currency Address - TRX,TRBACioxdrdsYEZHvJWiUDZcMdBPpEe5Ub,TRON_KEY_EQUIVALENCE,Unknown,ILLICIT-DRUGS-EO14059,2023-10-03
CU-ACT-1834,2023-10-04,BLACKLIST,0x983a81ca6fb1e441266d2fbcb7d8e530ac2e05a2,avalanche,36000986,"Valerian Labs, Inc.",45314,Digital Currency Address - ETH,0x983a81ca6FB1e441266D2FbcB7D8E530AC2E05A2,HEX_IDENTIFIER,Unknown,ILLICIT-DRUGS-EO14059,2023-10-03
CU-ACT-1838,2024-02-21,BLACKLIST,0xf3701f445b6bdafedbca97d1e477357839e4120d,avalanche,41963756,Kondratiev Ivan Gennadievich Кондратьев Иван Геннадьевич,47682,Digital Currency Address - ETH,0xf3701f445b6bdafedbca97d1e477357839e4120d,HEX_IDENTIFIER,Unknown,CYBER2,2024-02-20
CU-ACT-1839,2024-03-21,BLACKLIST,0x2f04f39923a77430eca036e14ce44dbd11175747,avalanche,43187658,Gambashidze Ilya Andreevich Гамбашидзе Илья Андреевич,45213,Digital Currency Address - USDT,TEFph7dZoUN5233cGEzF6XFwRpjPF8fQDS,TRON_KEY_EQUIVALENCE,Unknown,RUSSIA-EO14024,2024-03-20
CU-ACT-1840,2024-03-21,BLACKLIST,0x7be6fe8c528273a3a072a538e12c08500bf4d328,avalanche,43187675,Gambashidze Ilya Andreevich Гамбашидзе Илья Андреевич,45213,Digital Currency Address - USDT,TMGLqRQ4twjW8wJhVH1mQR7nUThpGHUsN3,TRON_KEY_EQUIVALENCE,Unknown,RUSSIA-EO14024,2024-03-20
CU-ACT-1841,2024-03-27,BLACKLIST,0xdda5554510366179ddb442b8a82bc737c3ac77c5,avalanche,43438010,AL-LAW Tawfiq Muhammad Sa'id,48302,Digital Currency Address - USDT,TWBAPzpPiZarfVsY2BLXeaLhNHurn4wkWG,TRON_KEY_EQUIVALENCE,Unknown,SDGT,2024-03-26
CU-ACT-1842,2024-03-27,BLACKLIST,0x175d44451403edf28469df03a9280c1197adb92c,avalanche,43454836,Gaza Now غزة الآن,47635,Digital Currency Address - USDT,0x175d44451403Edf28469dF03A9280c1197ADb92c,HEX_IDENTIFIER,Unknown,SDGT,2024-03-27
CU-ACT-1843,2024-03-27,BLACKLIST,0x4576847b1cf999843ba6620815e65a9c5e8a4021,avalanche,43454920,Gaza Now غزة الآن,47635,Digital Currency Address - USDT,TGJVc32ig2u8tQsYMLE7KXHT5NDQroaVNU,TRON_KEY_EQUIVALENCE,Unknown,SDGT,2024-03-27
CU-ACT-1844,2024-03-27,BLACKLIST,0xe950dc316b836e4eefb8308bf32bf7c72a1358ff,avalanche,43455000,Gaza Now غزة الآن,47635,Digital Currency Address - ETH,0xE950DC316b836e4EeFb8308bf32Bf7C72a1358FF,HEX_IDENTIFIER,Unknown,SDGT,2024-03-27
CU-ACT-1845,2024-03-27,BLACKLIST,0x4ea7eefc2dcb250c1f069ecaf1e2ae3488059ac2,avalanche,43455074,Gaza Now غزة الآن,47635,Digital Currency Address - USDT,TH96tFMn8KGiYSLiwcV3E2UiaJc8jmcbz3,TRON_KEY_EQUIVALENCE,Unknown,SDGT,2024-03-27
CU-ACT-1846,2024-03-27,BLACKLIST,0xc24ec5a84cae3d3418b34a1e30b3372c4b25bd0f,avalanche,43455141,Gaza Now غزة الآن,47635,Digital Currency Address - USDT,TTgcTTNbNuFdbrhvbjMZVrdU5KALyzDaPw,TRON_KEY_EQUIVALENCE,Unknown,SDGT,2024-03-27
CU-ACT-1847,2024-03-27,BLACKLIST,0x21b8d56bda776bbe68655a16895afd96f5534fed,avalanche,43455149,Gaza Now غزة الآن,47635,Digital Currency Address - ETH,0x21B8d56BDA776bbE68655A16895afd96F5534feD,HEX_IDENTIFIER,Unknown,SDGT,2024-03-27
CU-ACT-1849,2024-05-02,BLACKLIST,0x19f8f2b0915daa12a3f5c9cf01df9e24d53794f7,avalanche,44919353,OKO DESIGN BUREAU ОКО Конструкторское Бюро,48432,Digital Currency Address - ETH,0x19F8f2B0915Daa12a3f5C9CF01dF9E24D53794F7,HEX_IDENTIFIER,Unknown,RUSSIA-EO14024,2024-05-01
CU-ACT-1850,2024-05-02,BLACKLIST,0x3e14d41891a30ac7473556d7c3256a5ddf9ef1aa,avalanche,44919452,OKO DESIGN BUREAU ОКО Конструкторское Бюро,48432,Digital Currency Address - TRX,TFdTr9C3BqQrzKBXqSxJfAZFTh8UwBAfSg,TRON_KEY_EQUIVALENCE,Unknown,RUSSIA-EO14024,2024-05-01
CU-ACT-1851,2024-05-29,BLACKLIST,0xe1d865c3d669dcc8c57c8d023140cb204e672ee4,avalanche,46027333,Wang Yunhe 王 云禾,43421,Digital Currency Address - ETH,0xe1d865c3d669dcc8c57c8d023140cb204e672ee4,HEX_IDENTIFIER,Unknown,CYBER2,2024-05-28
CU-ACT-1852,2024-05-29,BLACKLIST,0x0e6b8e34dc115a2848f585851af23d99d09b8463,avalanche,46027333,Wang Yunhe 王 云禾,43421,Digital Currency Address - TRX,TBHTJqAy4DhHhmT3dNceJYNRz4SdLofLre,TRON_KEY_EQUIVALENCE,Unknown,CYBER2,2024-05-28
CU-ACT-1855,2024-08-24,BLACKLIST,0x71d2e218a56a1c0c12e1ff4b4c2731a1c3a4f4ce,avalanche,49637264,OBSHCHESTVO S OGRANICHENNOI OTVETSTVENNOSTYU KONSTRUKTORSKOE BYURO VOSTOK ОБЩЕСТВО С ОГРАНИЧЕННОЙ ОТВЕТСТВЕННОСТЬЮ КОНСТРУКТОРСКОЕ БЮРО ВОСТОК,50110,Digital Currency Address - USDT,TLM3zA3EWycoDX4ZX4gKze7sgfbdkntTum,TRON_KEY_EQUIVALENCE,Unknown,RUSSIA-EO14024,2024-08-23
CU-ACT-1857,2024-09-27,BLACKLIST,0x0931ca4d13bb4ba75d9b7132ab690265d749a5e7,avalanche,51044556,Cryptex,50641,Digital Currency Address - ETH,0x0931cA4D13BB4ba75D9B7132AB690265D749a5E7,HEX_IDENTIFIER,Unknown,CYBER2; RUSSIA-EO14024,2024-09-26
CU-ACT-1858,2024-09-27,BLACKLIST,0xbff703730a21167e430ff151128592a98786b9b4,avalanche,51044600,Cryptex,50641,Digital Currency Address - TRX,TTUDyVhhpCC1xJoPmWzdjLAzeoPwbSABdr,TRON_KEY_EQUIVALENCE,Unknown,CYBER2; RUSSIA-EO14024,2024-09-26
CU-ACT-1859,2024-12-05,BLACKLIST,0x282ae5965fe400f3cb929182e0963f3794df01fc,avalanche,53946083,Chirkinyan Elena,52074,Digital Currency Address - USDT,TDdbRFoBTEmE3qiR69Y6rKRSG1hoF65QaE,TRON_KEY_EQUIVALENCE,Unknown,RUSSIA-EO14024,2024-12-04
CU-ACT-1860,2024-12-05,BLACKLIST,0x1999ef52700c34de7ec2b68a28aafb37db0c5ade,avalanche,53946219,Magomedov Khadzhi Murat Dalgatovich,52071,Digital Currency Address - ETH,0x1999ef52700c34de7ec2b68a28aafb37db0c5ade,HEX_IDENTIFIER,Unknown,RUSSIA-EO14024,2024-12-04
CU-ACT-1861,2024-12-20,BLACKLIST,0x721537670ae01aa0d60585457b7534025b0041ac,avalanche,54600306,Al-Jamal Sa'id Ahmad Muhammad,32171,Digital Currency Address - USDT,TLNRT524dzL5FF1nJHDhYEMFpeWjLjRbz1,TRON_KEY_EQUIVALENCE,Unknown,IFSR; SDGT,2021-06-10
CU-ACT-1862,2024-12-20,BLACKLIST,0x54b475ef92f861975945954bfa1080dda9cd346e,avalanche,54600324,Al-Jamal Sa'id Ahmad Muhammad,32171,Digital Currency Address - USDT,THh5woR8qfmDsNknQ3agPYzQSiRtMnKsTh,TRON_KEY_EQUIVALENCE,Unknown,IFSR; SDGT,2021-06-10
CU-ACT-1863,2024-12-20,BLACKLIST,0xd19df746fd2a145588b3a22672bacfd2e5454f61,avalanche,54600337,Al-Jamal Sa'id Ahmad Muhammad,32171,Digital Currency Address - USDT,TV5ZTpKDszLTF6XcMnPongS33pwBgF91by,TRON_KEY_EQUIVALENCE,Unknown,IFSR; SDGT,2021-06-10
CU-ACT-1864,2024-12-20,BLACKLIST,0xbc92595dd3e8f5092471c99b9084a72d333c7d07,avalanche,54600381,Al-Jamal Sa'id Ahmad Muhammad,32171,Digital Currency Address - USDT,TTAHMdqoom4f2VTWniroPWQHcTRZ4caoH4,TRON_KEY_EQUIVALENCE,Unknown,IFSR; SDGT,2021-06-10
CU-ACT-1865,2024-12-20,BLACKLIST,0x3a0245de38273e7852dce97de3bae18c0010013e,avalanche,54600393,Al-Jamal Sa'id Ahmad Muhammad,32171,Digital Currency Address - USDT,TFFvv7NAWmbcVfA7QN81mMvUC25TWj1WJx,TRON_KEY_EQUIVALENCE,Unknown,IFSR; SDGT,2021-06-10
CU-ACT-1959,2025-04-02,BLACKLIST,0x16f068ea913a912c62114a873b678b1aa9236585,avalanche,59620375,Ansarallah,47664,Digital Currency Address - USDT,TC4VsFHJdZ66BdwobZxkudVZBVmQZgCP65,TRON_KEY_EQUIVALENCE,Unknown,FTO; SDGT,2024-02-16
CU-ACT-1960,2025-04-02,BLACKLIST,0x9acfa7136bd9ee19fc2c4517e2033705262f938c,avalanche,59620378,Ansarallah,47664,Digital Currency Address - USDT,TQ5mpZPbQMSq2s1vSM3RJgiB1AsTsiTpFZ,TRON_KEY_EQUIVALENCE,Unknown,FTO; SDGT,2024-02-16
CU-ACT-1961,2025-04-02,BLACKLIST,0xe942adb085bdc3cd49ad2ddaea53934f12a7e0a5,avalanche,59620379,Ansarallah,47664,Digital Currency Address - USDT,TXEaKf4rT3rMoD3Vuqnuhwr6vLq6BL5t33,TRON_KEY_EQUIVALENCE,Unknown,FTO; SDGT,2024-02-16
CU-ACT-1962,2025-04-02,BLACKLIST,0x4755da10f30da425a1b5f12166bec82600c48c79,avalanche,59620380,Ansarallah,47664,Digital Currency Address - USDT,TGUPpmW2bAnMCLe5ih2CFisfCHk4gTFDsx,TRON_KEY_EQUIVALENCE,Unknown,FTO; SDGT,2024-02-16
CU-ACT-1963,2025-04-02,BLACKLIST,0x2b872fc6d0614e39150d078db0e2ff56650f2b4b,avalanche,59620382,Ansarallah,47664,Digital Currency Address - USDT,TDwN1Eq62bqvVhfGAjdRRJjE46jsi5KNMV,TRON_KEY_EQUIVALENCE,Unknown,FTO; SDGT,2024-02-16
CU-ACT-1964,2025-04-02,BLACKLIST,0x7a01e8268bbb7b5b7403b673aa0b9d7b36f651aa,avalanche,59620383,Ansarallah,47664,Digital Currency Address - USDT,TM6Kix9wH8cYQ4rLpFifsQ4ddH3rPX3f8p,TRON_KEY_EQUIVALENCE,Unknown,FTO; SDGT,2024-02-16
CU-ACT-1965,2025-04-02,BLACKLIST,0x2a4c4406a0495116aa880c57486cb876658d8aa1,avalanche,59620384,Ansarallah,47664,Digital Currency Address - USDT,TDprk9jeYPVm6khkBp1u7fwuyJcEJFrPWD,TRON_KEY_EQUIVALENCE,Unknown,FTO; SDGT,2024-02-16
CU-ACT-1966,2025-04-02,BLACKLIST,0xd9471e6c644756e845e4a10260362ab9a3a9845a,avalanche,59620386,Ansarallah,47664,Digital Currency Address - USDT,TVn4q7L4fKEPbygi7UHq1CKfZxtbeuMV5q,TRON_KEY_EQUIVALENCE,Unknown,FTO; SDGT,2024-02-16
CU-ACT-1967,2025-05-29,BLACKLIST,0xd5ed34b52ac4ab84d8fa8a231a3218bbf01ed510,avalanche,62958148,Funnull Technology Inc,53953,Digital Currency Address - ETH,0xd5ED34b52AC4ab84d8FA8A231a3218bbF01Ed510,HEX_IDENTIFIER,Unknown,CYBER3,2025-05-29
CU-ACT-1968,2025-05-29,BLACKLIST,0x8c5f37d4db13967643e33d5404f66f86569221ca,avalanche,62958181,Funnull Technology Inc,53953,Digital Currency Address - TRX,TNmRfnSUXZoWWzxcDDbf95eGQYXt1mJDt8,TRON_KEY_EQUIVALENCE,Unknown,CYBER3,2025-05-29
CU-ACT-1969,2025-07-01,BLACKLIST,0xc685132e908cce284c063415ea353af5f555c6c6,avalanche,64786024,Aeza Group LLC,54566,Digital Currency Address - TRX,TU4tDFRvcKhAZ1jdihojmBWZqvJhQCnJ4F,TRON_KEY_EQUIVALENCE,Unknown,CAATSA - RUSSIA; CYBER4,2025-07-01
CU-ACT-1970,2025-08-14,BLACKLIST,0x3301843d4d8c3314706a6526940bc2a38ed29475,avalanche,67077763,Grinex,55045,Digital Currency Address - TRX,TEcuHDQthTmULe8fFLUccBPpjfXaTmJuuD,TRON_KEY_EQUIVALENCE,Unknown,CYBER4,2025-08-14
CU-ACT-1971,2025-08-14,BLACKLIST,0x6e2bf91ff62095e759301a1e46df3278f7d6bf07,avalanche,67077765,Grinex,55045,Digital Currency Address - TRX,TL1k1U6SHohxBqb68kCodxHc9y2LXoDSep,TRON_KEY_EQUIVALENCE,Unknown,CYBER4,2025-08-14
CU-ACT-1972,2025-08-14,BLACKLIST,0x8a33c4dccc7e840e536c1abc9af4612f876f54de,avalanche,67077767,Grinex,55045,Digital Currency Address - TRX,TNZxGWCwvsHr6JxQxzoeDXV597Yf7Zb7nV,TRON_KEY_EQUIVALENCE,Unknown,CYBER4,2025-08-14
CU-ACT-1973,2025-08-14,BLACKLIST,0x17b65262f73d2a8668dededc6a40274c3e0ea058,avalanche,67077769,Grinex,55045,Digital Currency Address - TRX,TC8axQvzJEVR3NKN6mZnJtGy7537GEmh38,TRON_KEY_EQUIVALENCE,Unknown,CYBER4,2025-08-14
CU-ACT-1974,2025-08-14,BLACKLIST,0x0655b7211f302b42a7bfa16a6c45284ab82fd85b,avalanche,67077771,Grinex,55045,Digital Currency Address - TRX,TAYhjpL8pPs8T84FSM329nffQpc6jD8GBM,TRON_KEY_EQUIVALENCE,Unknown,CYBER4,2025-08-14
CU-ACT-1975,2025-08-14,BLACKLIST,0x82df92ebaa039dd6c9e0689390d7298a5ca1f59c,avalanche,67077772,Grinex,55045,Digital Currency Address - TRX,TMuCgBejD5RsNANZdjGtaM3YyKGNgDoy7N,TRON_KEY_EQUIVALENCE,Unknown,CYBER4,2025-08-14
CU-ACT-1976,2025-08-14,BLACKLIST,0x48ea81d8db01cc3f551be8ecc8627b5a803eb075,avalanche,67077775,Grinex,55045,Digital Currency Address - TRX,TGckaiamj5NzaYx6Qp6Zu7kahuHArzUo99,TRON_KEY_EQUIVALENCE,Unknown,CYBER4,2025-08-14
CU-ACT-1977,2025-08-14,BLACKLIST,0x12de548f79a50d2bd05481c8515c1ef5183666a9,avalanche,67077777,Old Vector LLC,55046,Digital Currency Address - ETH,0x12de548F79a50D2bd05481C8515C1eF5183666a9,HEX_IDENTIFIER,Unknown,CYBER4,2025-08-14
CU-ACT-1978,2025-08-14,BLACKLIST,0x18f703184349667cdae85a07e7f2efac36052b89,avalanche,67077779,Old Vector LLC,55046,Digital Currency Address - TRX,TCFD8N3vM5b4Gr5f1kkajQsodRVNyyAq1d,TRON_KEY_EQUIVALENCE,Unknown,CYBER4,2025-08-14
CU-ACT-1979,2025-08-14,BLACKLIST,0x8dce2aac0de82bdcaf6b4373b79f94331b8e4995,avalanche,67077782,GARANTEX EUROPE OU GARANTEX EUROPE OÜ,36025,Digital Currency Address - ETH,0x8Dce2aAC0dE82bdCAf6b4373B79f94331b8e4995,HEX_IDENTIFIER,Unknown,CYBER4; RUSSIA-EO14024,2022-04-05
CU-ACT-1980,2025-08-14,BLACKLIST,0xf4377eda661e04b6dda78969796ed31658d602d4,avalanche,67077783,GARANTEX EUROPE OU GARANTEX EUROPE OÜ,36025,Digital Currency Address - ETH,0xf4377edA661e04B6DDA78969796Ed31658D602D4,HEX_IDENTIFIER,Unknown,CYBER4; RUSSIA-EO14024,2022-04-05
CU-ACT-1981,2025-08-14,BLACKLIST,0xb338962b92cd818d6aef0a32a9ecd01212a71f33,avalanche,67077784,GARANTEX EUROPE OU GARANTEX EUROPE OÜ,36025,Digital Currency Address - ETH,0xb338962B92CD818D6aef0A32a9ECD01212a71f33,HEX_IDENTIFIER,Unknown,CYBER4; RUSSIA-EO14024,2022-04-05
CU-ACT-1982,2025-08-14,BLACKLIST,0x57ec89a0c056163a0314e413320f9b3abe761259,avalanche,67077785,GARANTEX EUROPE OU GARANTEX EUROPE OÜ,36025,Digital Currency Address - ETH,0x57EC89A0C056163A0314e413320f9B3ABe761259,HEX_IDENTIFIER,Unknown,CYBER4; RUSSIA-EO14024,2022-04-05
CU-ACT-1983,2025-08-14,BLACKLIST,0xd8500c631dc32fa18645b7436344a99e4825e10e,avalanche,67077787,GARANTEX EUROPE OU GARANTEX EUROPE OÜ,36025,Digital Currency Address - ETH,0xD8500C631dC32FA18645B7436344a99E4825e10e,HEX_IDENTIFIER,Unknown,CYBER4; RUSSIA-EO14024,2022-04-05
CU-ACT-1984,2025-08-14,BLACKLIST,0x7ced75026204ac29c34bea98905d4c949f27361e,avalanche,67077789,GARANTEX EUROPE OU GARANTEX EUROPE OÜ,36025,Digital Currency Address - ETH,0x7CEd75026204aC29C34bEA98905D4C949F27361e,HEX_IDENTIFIER,Unknown,CYBER4; RUSSIA-EO14024,2022-04-05
CU-ACT-1985,2025-08-14,BLACKLIST,0x418949a4a7da9e07192909722072dded8f670d58,avalanche,67077790,GARANTEX EUROPE OU GARANTEX EUROPE OÜ,36025,Digital Currency Address - TRX,TFwjPScaJRCbSWVAywE1S1WgaUgSnyYUbD,TRON_KEY_EQUIVALENCE,Unknown,CYBER4; RUSSIA-EO14024,2022-04-05
CU-ACT-1986,2025-08-14,BLACKLIST,0x6042c2f32769454c5ff226fdae52b81e49cd922f,avalanche,67077792,GARANTEX EUROPE OU GARANTEX EUROPE OÜ,36025,Digital Currency Address - TRX,TJkBr9TZ1xBeJoF7RNWqyEMbYqVJ6fXXHR,TRON_KEY_EQUIVALENCE,Unknown,CYBER4; RUSSIA-EO14024,2022-04-05
CU-ACT-1987,2025-08-14,BLACKLIST,0x8660f3ab5285f9e497ffbf2997285c24466aa2a1,avalanche,67077794,GARANTEX EUROPE OU GARANTEX EUROPE OÜ,36025,Digital Currency Address - TRX,TNDjh6WGLYyWmkh8vfu42bXVHUqFNQ3rDq,TRON_KEY_EQUIVALENCE,Unknown,CYBER4; RUSSIA-EO14024,2022-04-05
CU-ACT-1990,2025-09-16,BLACKLIST,0xe3d35f68383732649669aa990832e017340dbca5,avalanche,68836288,ALIVAND Arash Estaki,55502,Digital Currency Address - ETH,0xe3d35f68383732649669aa990832e017340dbca5,HEX_IDENTIFIER,Unknown,IFSR; SDGT,2025-09-16
CU-ACT-1991,2025-09-16,BLACKLIST,0xf405df57cc3a2df4dd262b6494d76e346ca778f1,avalanche,68836302,ALIVAND Arash Estaki,55502,Digital Currency Address - TRX,TYDUutYN4YLKUPeT7TG27Yyqw6kNVLq9QZ,TRON_KEY_EQUIVALENCE,Unknown,IFSR; SDGT,2025-09-16
CU-ACT-1992,2025-09-16,BLACKLIST,0x532b77b33a040587e9fd1800088225f99b8b0e8a,avalanche,68836345,ALIVAND Arash Estaki,55502,Digital Currency Address - ETH,0x532b77b33a040587e9fd1800088225f99b8b0e8a,HEX_IDENTIFIER,Unknown,IFSR; SDGT,2025-09-16
CU-ACT-1993,2025-09-16,BLACKLIST,0xab4302cfcf1c2337c1b59af1d23bd97189fe962c,avalanche,68836353,ALIVAND Arash Estaki,55502,Digital Currency Address - TRX,TRakpsE1mZjCUMNPyozR4BW2ZtJsF7ZWFN,TRON_KEY_EQUIVALENCE,Unknown,IFSR; SDGT,2025-09-16
CU-ACT-1994,2025-09-16,BLACKLIST,0xdb2720ebad55399117ddb4c4a4afd9a4ccada8fe,avalanche,68836450,DERAKHSHAN Alireza درخشان علیرضا,55484,Digital Currency Address - ETH,0xdb2720ebad55399117ddb4c4a4afd9a4ccada8fe,HEX_IDENTIFIER,Unknown,IFSR; SDGT,2025-09-16
CU-ACT-1995,2025-09-16,BLACKLIST,0x9ab7a3e606677ddf6f3538dd4472ec770c282b3e,avalanche,68836487,ALIVAND Arash Estaki,55502,Digital Currency Address - TRX,TQ5H49Wz3K57zNHmuXVp6uLzFwitxviABs,TRON_KEY_EQUIVALENCE,Unknown,IFSR; SDGT,2025-09-16
CU-ACT-1996,2025-09-16,BLACKLIST,0xba475bb43ee21013fd14c85e2c74b24bcf5a54c1,avalanche,68836522,DERAKHSHAN Alireza درخشان علیرضا,55484,Digital Currency Address - TRX,TSxAAo67VTDgKT537EVXxdogkJtk9c6ojz,TRON_KEY_EQUIVALENCE,Unknown,IFSR; SDGT,2025-09-16
CU-ACT-1997,2025-09-24,BLACKLIST,0x240fd853e1509a975bd95348d49c923fb0b5d43c,avalanche,69227914,Sayyed Sadiq Abbas Habib,55447,Digital Currency Address - TRX,TDFtJtyLPgN3oWUoHh23oJox3T5V5nR11K,TRON_KEY_EQUIVALENCE,Unknown,ILLICIT-DRUGS-EO14059,2025-09-24
CU-ACT-2002,2025-11-04,BLACKLIST,0x00be5e0c85be35948d97ad37f62d108243f89ae0,avalanche,71414743,CHEIL CREDIT BANK,22985,Digital Currency Address - USDT,TA3941uFAvmVibSkQ6fMJXxmaSNovX86mz,TRON_KEY_EQUIVALENCE,Unknown,DPRK4,2017-09-26
CU-ACT-2003,2025-11-04,BLACKLIST,0x5a1ca8328b9da53c6c11c8745ea8da29a9cd36c1,avalanche,71414839,CHEIL CREDIT BANK,22985,Digital Currency Address - USDT,TJBg9SxwiUUoqJGk18vK9avxkuV8GrKMK7,TRON_KEY_EQUIVALENCE,Unknown,DPRK4,2017-09-26
CU-ACT-2004,2025-11-04,BLACKLIST,0x596ac03ba123b802325bf62ceff98e5608ac48e9,avalanche,71414919,CHEIL CREDIT BANK,22985,Digital Currency Address - USDT,TJ812KESWjzJZGEWBPFCu74Js5zQS7jN5A,TRON_KEY_EQUIVALENCE,Unknown,DPRK4,2017-09-26
CU-ACT-2005,2025-11-04,BLACKLIST,0x55ef531216bd8077fb1acb8e61be532214b33b76,avalanche,71414934,CHEIL CREDIT BANK,22985,Digital Currency Address - USDT,THob8vRrpDybXeqZDj8ukQhMjJVJ5nCbTW,TRON_KEY_EQUIVALENCE,Unknown,DPRK4,2017-09-26
CU-ACT-2006,2025-11-04,BLACKLIST,0x15a68a9ffa2a94bdad8468d93af4db24251af772,avalanche,71415024,CHEIL CREDIT BANK,22985,Digital Currency Address - USDT,TBwghbQMsBC5xcUxE7ZpYXhfDMXZAfiFv6,TRON_KEY_EQUIVALENCE,Unknown,DPRK4,2017-09-26
CU-ACT-2007,2025-11-04,BLACKLIST,0x00bf03f87539214307207c61b7f729ddc22977b8,avalanche,71415030,CHEIL CREDIT BANK,22985,Digital Currency Address - USDT,TA39q3p75XRSWYAEaSF7dANtyksoa3sLge,TRON_KEY_EQUIVALENCE,Unknown,DPRK4,2017-09-26
CU-ACT-2008,2025-11-04,BLACKLIST,0x0d1891dd69efe614918e989b5ebd68d6e5f18ff5,avalanche,71415059,CHEIL CREDIT BANK,22985,Digital Currency Address - USDT,TBATDh41qMQ1yeVYecneEvhpfayYmkAQWS,TRON_KEY_EQUIVALENCE,Unknown,DPRK4,2017-09-26
CU-ACT-2009,2025-11-04,BLACKLIST,0x10df38a923a660965d098f24a618b0d1b5d99cba,avalanche,71415078,CHEIL CREDIT BANK,22985,Digital Currency Address - USDT,TBWRDpQsW1ZVPGGaBAwVLNb7iqmVBuM1nj,TRON_KEY_EQUIVALENCE,Unknown,DPRK4,2017-09-26
CU-ACT-2010,2025-11-04,BLACKLIST,0x114074ff655d0643a4ff70411ffca618cb7edca1,avalanche,71415092,CHEIL CREDIT BANK,22985,Digital Currency Address - USDT,TBYRhsZR7Mdn9ezpGVLwZiNVnGm8wZGLAD,TRON_KEY_EQUIVALENCE,Unknown,DPRK4,2017-09-26
CU-ACT-2011,2025-11-04,BLACKLIST,0x171f95410bc65dfc8549c287cd475dc8b82df192,avalanche,71415145,CHEIL CREDIT BANK,22985,Digital Currency Address - USDT,TC5UNu3LGrjjVCuLNDdVgjm4oL5cQAyFRZ,TRON_KEY_EQUIVALENCE,Unknown,DPRK4,2017-09-26
CU-ACT-2012,2025-11-04,BLACKLIST,0x17fff4f3364fa6dfa25cf37bebbff62bc47232f7,avalanche,71415227,CHEIL CREDIT BANK,22985,Digital Currency Address - USDT,TCA7AfTSuDmgYk2VaezfPuZF4Z4X8wxwcQ,TRON_KEY_EQUIVALENCE,Unknown,DPRK4,2017-09-26
CU-ACT-2013,2025-11-04,BLACKLIST,0x2cbd0ba5b15bde90d5252d8ac1ed2aa121d2d62a,avalanche,71415251,CHEIL CREDIT BANK,22985,Digital Currency Address - USDT,TE3mCcPULjPUE7ykX7RArDPAhyahoy3d2j,TRON_KEY_EQUIVALENCE,Unknown,DPRK4,2017-09-26
CU-ACT-2014,2025-11-04,BLACKLIST,0x37cefc817a4582773b26835910127ba24f284bb4,avalanche,71415277,CHEIL CREDIT BANK,22985,Digital Currency Address - USDT,TF4J8Gp7zbS8NA3HLuxsLdx7Ebzr6weCGn,TRON_KEY_EQUIVALENCE,Unknown,DPRK4,2017-09-26
CU-ACT-2015,2025-11-04,BLACKLIST,0x117bb0cfee7ce8f842967537fbcd92fc504d68ab,avalanche,71415323,CHEIL CREDIT BANK,22985,Digital Currency Address - USDT,TBZefVsyQpzzxc2WSCLbZBECvxVdzGqdtC,TRON_KEY_EQUIVALENCE,Unknown,DPRK4,2017-09-26
CU-ACT-2016,2025-11-04,BLACKLIST,0x3e0c892556da529a0c03a28f763964bdf25ca88c,avalanche,71415341,CHEIL CREDIT BANK,22985,Digital Currency Address - USDT,TFdHux43bs21qRsygv5WQWfgtbQeT6nXey,TRON_KEY_EQUIVALENCE,Unknown,DPRK4,2017-09-26
CU-ACT-2017,2025-11-04,BLACKLIST,0x412e673fb7cce4e031b9a02277b1aeb599f62bc1,avalanche,71415411,CHEIL CREDIT BANK,22985,Digital Currency Address - USDT,TFurWgnyNMq9bhLrLoT9FGnrLfAL2BtR5R,TRON_KEY_EQUIVALENCE,Unknown,DPRK4,2017-09-26
CU-ACT-2018,2025-11-04,BLACKLIST,0x2547ad3f4b0d37881101885addd1cedf753af9aa,avalanche,71415448,CHEIL CREDIT BANK,22985,Digital Currency Address - USDT,TDNKsLvsY2iSznyghddXz7ZDRc4X3191Z8,TRON_KEY_EQUIVALENCE,Unknown,DPRK4,2017-09-26
CU-ACT-2019,2025-11-04,BLACKLIST,0x44888f0a128a21872c38aa44bede1e31137ba85f,avalanche,71415589,CHEIL CREDIT BANK,22985,Digital Currency Address - USDT,TGDaYNWFXi9HJ7NacfETF15vhUH7eRhKzt,TRON_KEY_EQUIVALENCE,Unknown,DPRK4,2017-09-26
CU-ACT-2020,2025-11-04,BLACKLIST,0x40813812bb5a22be798d7f4cf227a584f4f87bc9,avalanche,71415611,CHEIL CREDIT BANK,22985,Digital Currency Address - USDT,TFrH3dcpnR3tADrAcfyJwiK4brsgf3B7PG,TRON_KEY_EQUIVALENCE,Unknown,DPRK4,2017-09-26
CU-ACT-2021,2025-11-04,BLACKLIST,0x45afe4b7e98b6ef450e7b5f53bc1763f3be83e69,avalanche,71415617,CHEIL CREDIT BANK,22985,Digital Currency Address - USDT,TGKgLatirRpTugS6wgCUKerjLbzWKXAVqx,TRON_KEY_EQUIVALENCE,Unknown,DPRK4,2017-09-26
CU-ACT-2022,2025-11-04,BLACKLIST,0x45fc0d462a6473905024a10f756feadf8e6c2d08,avalanche,71415628,CHEIL CREDIT BANK,22985,Digital Currency Address - USDT,TGMFaAXH15oaW8MpcNHLid6NbMKWaaNPdC,TRON_KEY_EQUIVALENCE,Unknown,DPRK4,2017-09-26
CU-ACT-2023,2025-11-04,BLACKLIST,0x491e68c8464e39723c304aef5cea9543f37ee607,avalanche,71415649,CHEIL CREDIT BANK,22985,Digital Currency Address - USDT,TGdpkwNVFjw2DnbHBCFKLvCygPVPz9w4iM,TRON_KEY_EQUIVALENCE,Unknown,DPRK4,2017-09-26
CU-ACT-2024,2025-11-04,BLACKLIST,0x4fa8b02fd04a8ed74b2c77d7efdfffbcc884e3f2,avalanche,71415698,CHEIL CREDIT BANK,22985,Digital Currency Address - USDT,THEQTsqPhRDDfgcfBW5npH5Lr9PZhpthrf,TRON_KEY_EQUIVALENCE,Unknown,DPRK4,2017-09-26
CU-ACT-2025,2025-11-04,BLACKLIST,0x4b1d7ad9f0cbff66d194ba1e9f0da31635f23f0e,avalanche,71415756,CHEIL CREDIT BANK,22985,Digital Currency Address - USDT,TGpNzk9noyvCCdnFPuSg5cqptPs16LjXZq,TRON_KEY_EQUIVALENCE,Unknown,DPRK4,2017-09-26
CU-ACT-2026,2025-11-04,BLACKLIST,0x46ccbcaf10b406a85a412ab713ad451caef9a950,avalanche,71415815,CHEIL CREDIT BANK,22985,Digital Currency Address - USDT,TGRZZsD8gxahF5oE6C7K8LLRHqQzoPa5bX,TRON_KEY_EQUIVALENCE,Unknown,DPRK4,2017-09-26
CU-ACT-2027,2025-11-04,BLACKLIST,0x5263b1aa550f70bd9753ec558c631eaadd2ae98c,avalanche,71415834,CHEIL CREDIT BANK,22985,Digital Currency Address - USDT,THUqqeevBQS3EYordDJKwp8DLFknesnfCD,TRON_KEY_EQUIVALENCE,Unknown,DPRK4,2017-09-26
CU-ACT-2028,2025-11-04,BLACKLIST,0x7b7f0d8f53e16faee4cf90aedf50c7073f17beff,avalanche,71416046,CHEIL CREDIT BANK,22985,Digital Currency Address - USDT,TMECKT19hfumcK3KqQKbhxkn1ohyeR58xu,TRON_KEY_EQUIVALENCE,Unknown,DPRK4,2017-09-26
CU-ACT-2029,2025-11-04,BLACKLIST,0x932dbae7c0493923c2643efc52b9faadfc3109a6,avalanche,71416067,CHEIL CREDIT BANK,22985,Digital Currency Address - USDT,TPPR7e8hGC57dexrE2jy1f94wtuGyVP6Dp,TRON_KEY_EQUIVALENCE,Unknown,DPRK4,2017-09-26
CU-ACT-2030,2025-11-04,BLACKLIST,0x5042cca9d00c44733ebaf550851b9a65cc98d58f,avalanche,71416324,CHEIL CREDIT BANK,22985,Digital Currency Address - USDT,THHb5iMAbZgQYY19h6uY66y5xt6e11gcZC,TRON_KEY_EQUIVALENCE,Unknown,DPRK4,2017-09-26
CU-ACT-2031,2025-11-04,BLACKLIST,0x80d658d0d767de04a4379fee4a2fdf10d9bfbf03,avalanche,71416467,CHEIL CREDIT BANK,22985,Digital Currency Address - USDT,TMiSGhXXVsvJzqwGbwAsGiFxWg2eALZoM5,TRON_KEY_EQUIVALENCE,Unknown,DPRK4,2017-09-26
CU-ACT-2032,2025-11-04,BLACKLIST,0x72a2fc69c5a3025d9d79bb01335860aaf2a4a948,avalanche,71416614,CHEIL CREDIT BANK,22985,Digital Currency Address - USDT,TLRMHPjLGXsVpD9RVzSfat6zDiVDrd4b4w,TRON_KEY_EQUIVALENCE,Unknown,DPRK4,2017-09-26
CU-ACT-2033,2025-11-04,BLACKLIST,0xa3afa16728fc3a16072a7a00ec4508fafe02a34a,avalanche,71416707,CHEIL CREDIT BANK,22985,Digital Currency Address - USDT,TQthYM5nLqwAEr6DScC8tRtw29ncEB53mK,TRON_KEY_EQUIVALENCE,Unknown,DPRK4,2017-09-26
CU-ACT-2034,2025-11-04,BLACKLIST,0x80865644f47925223c7e12014e9b11f0f05212bc,avalanche,71416787,CHEIL CREDIT BANK,22985,Digital Currency Address - USDT,TMgnRWb9xFMtktny9Lzty21QYLLQD93ft6,TRON_KEY_EQUIVALENCE,Unknown,DPRK4,2017-09-26
CU-ACT-2035,2025-11-04,BLACKLIST,0x97a582fff8b54e501f584dcd828fd1200f6f9e6b,avalanche,71416888,CHEIL CREDIT BANK,22985,Digital Currency Address - USDT,TPo3JyryRcQ3uhBWexeYhtkpMitsUwY4uB,TRON_KEY_EQUIVALENCE,Unknown,DPRK4,2017-09-26
CU-ACT-2036,2025-11-04,BLACKLIST,0x95a603c86ec4a585e4359d1f07e6949567491fc9,avalanche,71416955,CHEIL CREDIT BANK,22985,Digital Currency Address - USDT,TPcUZYthDfxNsHQnZZGBM1BDNBeNSjfPZE,TRON_KEY_EQUIVALENCE,Unknown,DPRK4,2017-09-26
CU-ACT-2037,2025-11-04,BLACKLIST,0x919d585e07ab0926832753eb43fd6fb2b8488051,avalanche,71417025,CHEIL CREDIT BANK,22985,Digital Currency Address - USDT,TPF9UQhqpV18BPWg5xo6MeB3h8t4iEg9gP,TRON_KEY_EQUIVALENCE,Unknown,DPRK4,2017-09-26
CU-ACT-2038,2025-11-04,BLACKLIST,0xc19a1636cf379ce180a61946a990d743bd2ee3d1,avalanche,71417040,CHEIL CREDIT BANK,22985,Digital Currency Address - USDT,TTct1DezYvriNWU7Wi3mygLoskkaw61mra,TRON_KEY_EQUIVALENCE,Unknown,DPRK4,2017-09-26
CU-ACT-2039,2025-11-04,BLACKLIST,0xa4e740b001ea51cd90988b19cfb9da7a52e91c47,avalanche,71417080,CHEIL CREDIT BANK,22985,Digital Currency Address - USDT,TR18rEj7gWjKBJLYrowyfnvjWLTTsXGngK,TRON_KEY_EQUIVALENCE,Unknown,DPRK4,2017-09-26
CU-ACT-2040,2025-11-04,BLACKLIST,0xc014eb917fb0689844b31347c7556c18a319bbbf,avalanche,71417146,CHEIL CREDIT BANK,22985,Digital Currency Address - USDT,TTUqoT6EAmiM1xLvwVwxhjvjaoEUGtKDdZ,TRON_KEY_EQUIVALENCE,Unknown,DPRK4,2017-09-26
CU-ACT-2041,2025-11-04,BLACKLIST,0xda9809eaca62c7d52978045007f26817c425875f,avalanche,71417173,CHEIL CREDIT BANK,22985,Digital Currency Address - USDT,TVu2SiQrWSnfwk8quAeDxfiaLy6FHzYkMA,TRON_KEY_EQUIVALENCE,Unknown,DPRK4,2017-09-26
CU-ACT-2042,2025-11-04,BLACKLIST,0xc95b0eaad3ed1c1505fc9b1a50c160afe3594036,avalanche,71417213,CHEIL CREDIT BANK,22985,Digital Currency Address - USDT,TUKsuPVb8kgJVFp5x528KC5HisUVdzxami,TRON_KEY_EQUIVALENCE,Unknown,DPRK4,2017-09-26
CU-ACT-2043,2025-11-04,BLACKLIST,0x9d6350f74c811ca9e9c9adc35227a1193d5984b0,avalanche,71417234,CHEIL CREDIT BANK,22985,Digital Currency Address - USDT,TQKQ4ntejdYYJpuYkFz8oCSDoXW6RKRDdY,TRON_KEY_EQUIVALENCE,Unknown,DPRK4,2017-09-26
CU-ACT-2044,2025-11-04,BLACKLIST,0xdc2ec40485f23d6268fe9f4fde8c390051f4766a,avalanche,71417272,CHEIL CREDIT BANK,22985,Digital Currency Address - USDT,TW3RgbhYkFEFnmRJ9mE9b83T9XYSMkjwuD,TRON_KEY_EQUIVALENCE,Unknown,DPRK4,2017-09-26
CU-ACT-2045,2025-11-04,BLACKLIST,0xd3301fc40c118a14ba8c15370e6dd3746656d287,avalanche,71417293,CHEIL CREDIT BANK,22985,Digital Currency Address - USDT,TVDsEFm19zLV8HeXdt6G75rLroxnp6uqpV,TRON_KEY_EQUIVALENCE,Unknown,DPRK4,2017-09-26
CU-ACT-2046,2025-11-04,BLACKLIST,0xed5324b5482a3eef2eb4263d1c386d86bfda5d4b,avalanche,71417458,CHEIL CREDIT BANK,22985,Digital Currency Address - USDT,TXc4kRiMEcdXRxWpSKkD5qKaARExN4uxPq,TRON_KEY_EQUIVALENCE,Unknown,DPRK4,2017-09-26
CU-ACT-2047,2025-11-04,BLACKLIST,0xdb7ae6b7a2153fe0062be5d1d90a8be5ec8aaa50,avalanche,71417493,CHEIL CREDIT BANK,22985,Digital Currency Address - USDT,TVyiDQ25H6Rx6PcNV1WyjGasGSa8ehj1Uv,TRON_KEY_EQUIVALENCE,Unknown,DPRK4,2017-09-26
CU-ACT-2048,2025-11-04,BLACKLIST,0xe61c235a51cf48a554c60005d936d424d0d76397,avalanche,71417531,CHEIL CREDIT BANK,22985,Digital Currency Address - USDT,TWwv8FQiES3yHGig7y3zJWYuPaZfSV3vmY,TRON_KEY_EQUIVALENCE,Unknown,DPRK4,2017-09-26
CU-ACT-2049,2025-11-04,BLACKLIST,0xad0fd006d311c33da60c180603316a813a3f68d4,avalanche,71417600,CHEIL CREDIT BANK,22985,Digital Currency Address - USDT,TRkGqvaobVp4XDNmSceRo5hDcJYDTFmYjd,TRON_KEY_EQUIVALENCE,Unknown,DPRK4,2017-09-26
CU-ACT-2050,2025-11-04,BLACKLIST,0xe96e4483bc3f3abfea3213cd8a094ce5b26b117c,avalanche,71417621,CHEIL CREDIT BANK,22985,Digital Currency Address - USDT,TXFUYHVJMDyKikutvCG6qNgTUS5pxtZhHs,TRON_KEY_EQUIVALENCE,Unknown,DPRK4,2017-09-26
CU-ACT-2051,2025-11-04,BLACKLIST,0xc5aa13f464851d92fd59f1ef6a1c719e5e6d2d4a,avalanche,71417724,CHEIL CREDIT BANK,22985,Digital Currency Address - USDT,TTzMs5AR66jr9mQMkWfCHVwd3AiLLYPepQ,TRON_KEY_EQUIVALENCE,Unknown,DPRK4,2017-09-26
CU-ACT-2052,2025-11-04,BLACKLIST,0xf3f338ec1c5e17ab45377e78308ace9a6338242c,avalanche,71417763,CHEIL CREDIT BANK,22985,Digital Currency Address - USDT,TYD6a4PAAfAgegEdDf9oZUnW4DFmS8jeFT,TRON_KEY_EQUIVALENCE,Unknown,DPRK4,2017-09-26
CU-ACT-2053,2025-11-04,BLACKLIST,0xfc3def4dc3bac88f7e80d53c2499a02d65ae7e66,avalanche,71417786,CHEIL CREDIT BANK,22985,Digital Currency Address - USDT,TYxwUhoLPF7AgfG9GaXFEp8CQi8K8KG1m3,TRON_KEY_EQUIVALENCE,Unknown,DPRK4,2017-09-26
CU-ACT-2054,2025-11-04,BLACKLIST,0xf512078e07f61a2e28081c8ea86c6056788d18b4,avalanche,71417832,CHEIL CREDIT BANK,22985,Digital Currency Address - USDT,TYK29mbyvVxLaLUKdFSTRADMwoxaVbVZQg,TRON_KEY_EQUIVALENCE,Unknown,DPRK4,2017-09-26
CU-ACT-2055,2025-11-19,BLACKLIST,0x5d5b5dafecbf31bdb08bfd3edad4f2694372d0ef,avalanche,72243772,Sokolovski Rolan,56360,Digital Currency Address - ETH,0x5d5b5dafecbf31bdb08bfd3edad4f2694372d0ef,HEX_IDENTIFIER,Unknown,ILLICIT-DRUGS-EO14059,2025-11-19
CU-ACT-2056,2025-11-19,BLACKLIST,0xc103b7dc095c904b92081eef0c1640081ec01c10,avalanche,72243807,Sokolovski Rolan,56360,Digital Currency Address - ETH,0xc103b7dc095c904b92081eef0c1640081ec01c10,HEX_IDENTIFIER,Unknown,ILLICIT-DRUGS-EO14059,2025-11-19
CU-ACT-2057,2025-11-19,BLACKLIST,0x2020b536fd363c82fc3f6ab26aeea94b4ffa1404,avalanche,72243920,Sokolovski Rolan,56360,Digital Currency Address - TRX,TCu5onCzXuqxjvVzdB2tR4FLuF66d4yRqf,TRON_KEY_EQUIVALENCE,Unknown,ILLICIT-DRUGS-EO14059,2025-11-19
CU-ACT-2058,2025-11-19,BLACKLIST,0x11fe0fd1a9fb17746eb9877a396ddf1b3a632838,avalanche,72244037,Sokolovski Rolan,56360,Digital Currency Address - TRX,TBcLqqqyZjNj1ptuXFgj5H768NhNU5nDyn,TRON_KEY_EQUIVALENCE,Unknown,ILLICIT-DRUGS-EO14059,2025-11-19
CU-ACT-2059,2025-11-19,BLACKLIST,0xe1e4c5e5ed8f03ae61b581e2def126025f2b9401,avalanche,72244047,Sokolovski Rolan,56360,Digital Currency Address - ETH,0xe1e4c5e5ed8f03ae61b581e2def126025f2b9401,HEX_IDENTIFIER,Unknown,ILLICIT-DRUGS-EO14059,2025-11-19
CU-ACT-2060,2025-11-19,BLACKLIST,0x091a964948da0f8f638c8b688e391e5a3df1a43e,avalanche,72244052,Wedding Ryan James,56357,Digital Currency Address - TRX,TAoLw5yD5XUoHWeBZRSZ1ExK9HMv2CiPvP,TRON_KEY_EQUIVALENCE,Unknown,ILLICIT-DRUGS-EO14059,2025-11-19
CU-ACT-2061,2025-11-19,BLACKLIST,0xd4e976441a1cad72ee5cbd2fd1b677fe7ce8afdf,avalanche,72244161,Wedding Ryan James,56357,Digital Currency Address - TRX,TVNyvx2astt2AB1Us67ENjfMZeEXZeiuu6,TRON_KEY_EQUIVALENCE,Unknown,ILLICIT-DRUGS-EO14059,2025-11-19
CU-ACT-2062,2025-11-19,BLACKLIST,0x9227c54226014afcb588dc49818e28a3a2367557,avalanche,72244218,Wedding Ryan James,56357,Digital Currency Address - TRX,TPJ1JNX98MJpHueBJeF5SVSg85z8mYg1P1,TRON_KEY_EQUIVALENCE,Unknown,ILLICIT-DRUGS-EO14059,2025-11-19
CU-ACT-2064,2026-01-30,BLACKLIST,0x180242dc6b95c786c2d9c397532c679a956a1d12,avalanche,76886853,Zedcex Exchange Ltd,56865,Digital Currency Address - TRX,TCA9vmjsYw9MtPKEwRBtGhKFRfr4CLxJAv,TRON_KEY_EQUIVALENCE,Unknown,IFSR; IRAN-EO13902; SDGT,2026-01-30
CU-ACT-2065,2026-01-30,BLACKLIST,0xbf92b14aa9fd088182178e2ebf208da946521ee5,avalanche,76886874,Zedcex Exchange Ltd,56865,Digital Currency Address - TRX,TTS9o5KkpGgH8cK9LofLmMAPYb5zfQvSNa,TRON_KEY_EQUIVALENCE,Unknown,IFSR; IRAN-EO13902; SDGT,2026-01-30
CU-ACT-2066,2026-01-30,BLACKLIST,0x2136ed3902c1d7217d9b19cf313bbb035ed9bfd7,avalanche,76886969,Zedcex Exchange Ltd,56865,Digital Currency Address - TRX,TCzq6m2zxnQkrZrf8cqYcK6bbXQYAfWYKC,TRON_KEY_EQUIVALENCE,Unknown,IFSR; IRAN-EO13902; SDGT,2026-01-30
CU-ACT-2067,2026-01-30,BLACKLIST,0x0529ebc9ff01a4d390f91687d7c7406bf0dab24e,avalanche,76886980,Zedcex Exchange Ltd,56865,Digital Currency Address - TRX,TASWbk6X1wiTku5TMmMQYqYFvshVEtfJy8,TRON_KEY_EQUIVALENCE,Unknown,IFSR; IRAN-EO13902; SDGT,2026-01-30
CU-ACT-2068,2026-01-30,BLACKLIST,0x4bae1c4b2167fe4ebcd6d7baac1138d943a2609f,avalanche,76887094,Zedcex Exchange Ltd,56865,Digital Currency Address - TRX,TGsNFrgWfbGN2gX25Wcf8oTejtxtQkvmEx,TRON_KEY_EQUIVALENCE,Unknown,IFSR; IRAN-EO13902; SDGT,2026-01-30
CU-ACT-2069,2026-01-30,BLACKLIST,0x8dd586d12164a98e319607295935ee968919608e,avalanche,76887196,Zedcex Exchange Ltd,56865,Digital Currency Address - TRX,TNuA5CQ6LB4jTHoNrjEeQZJmcmhQuHMbQ7,TRON_KEY_EQUIVALENCE,Unknown,IFSR; IRAN-EO13902; SDGT,2026-01-30
CU-ACT-2070,2026-01-30,BLACKLIST,0x783a4cc2478f1b44f37052bac72abaa3fc6f992a,avalanche,76887207,Zedcex Exchange Ltd,56865,Digital Currency Address - TRX,TLvuvpfBKdxddxSsJefeiGCe9eVY8HUroE,TRON_KEY_EQUIVALENCE,Unknown,IFSR; IRAN-EO13902; SDGT,2026-01-30
CU-ACT-2071,2026-03-12,BLACKLIST,0xb637f84b66876ebf609c2a4208905f9ddac9d075,avalanche,80224535,Yun Song Guk,57034,Digital Currency Address - ETH,0xb637f84b66876ebf609c2a4208905f9ddac9d075,HEX_IDENTIFIER,Unknown,DPRK4,2026-03-12
CU-ACT-2072,2026-03-12,BLACKLIST,0xf8bc582628cd0c721b554161a1cb59ea003742c0,avalanche,80224666,Sim Hyon Sop,42498,Digital Currency Address - TRX,TYeQD2VddTZ9NkFkAnT9DD8cUGetGUQZB2,TRON_KEY_EQUIVALENCE,Unknown,NPWMD,2023-04-24
CU-ACT-2073,2026-03-12,BLACKLIST,0x95584c303fcd48af5c6b9873015f2ad0ca84eae3,avalanche,80224686,Yun Song Guk,57034,Digital Currency Address - ETH,0x95584C303FCd48AF5c6B9873015f2AD0ca84EaE3,HEX_IDENTIFIER,Unknown,DPRK4,2026-03-12
CU-ACT-2074,2026-03-12,BLACKLIST,0xee61f0eeee09eed3583baab61fa2e64b96207478,avalanche,80224697,Sim Hyon Sop,42498,Digital Currency Address - TRX,TXhf9nU9bjo1j9z5qEesHdr6gtdndfnA4T,TRON_KEY_EQUIVALENCE,Unknown,NPWMD,2023-04-24
CU-ACT-2075,2026-03-12,BLACKLIST,0x0330070fd38ec3bb94f58fa55d40368271e9e54a,avalanche,80224909,AMNOKGANG TECHNOLOGY DEVELOPMENT COMPANY 압록강기술개발회사 鸭绿江技术开发公司,57056,Digital Currency Address - ETH,0x0330070FD38Ec3bB94F58FA55D40368271E9e54A,HEX_IDENTIFIER,Unknown,DPRK4,2026-03-12
CU-ACT-2076,2026-03-12,BLACKLIST,0xcb74874f1e06fcf80a306e06e5379a44b488ba2d,avalanche,80225012,AMNOKGANG TECHNOLOGY DEVELOPMENT COMPANY 압록강기술개발회사 鸭绿江技术开发公司,57056,Digital Currency Address - ETH,0xcB74874f1e06Fcf80A306e06e5379A44B488bA2D,HEX_IDENTIFIER,Unknown,DPRK4,2026-03-12
CU-ACT-2077,2026-03-12,BLACKLIST,0x9be599d7867f5e1a2d7ec6db9710df2b98a15573,avalanche,80225135,AMNOKGANG TECHNOLOGY DEVELOPMENT COMPANY 압록강기술개발회사 鸭绿江技术开发公司,57056,Digital Currency Address - ETH,0x9Be599d7867f5E1a2D7Ec6dB9710dF2b98A15573,HEX_IDENTIFIER,Unknown,DPRK4,2026-03-12
CU-ACT-2078,2026-03-12,BLACKLIST,0x4f47bc496083c727c5fbe3ce9cdf2b0f6496270c,avalanche,80225189,Sim Hyon Sop,42498,Digital Currency Address - ETH,0x4f47bc496083c727c5fbe3ce9cdf2b0f6496270c,HEX_IDENTIFIER,Unknown,NPWMD,2023-04-24
CU-ACT-2079,2026-03-12,BLACKLIST,0xd04e33461fea8302c5e1e13895b60cee8aefda7f,avalanche,80225254,Sim Hyon Sop,42498,Digital Currency Address - ETH,0xd04E33461FEA8302c5E1e13895b60cEe8AEfda7F,HEX_IDENTIFIER,Unknown,NPWMD,2023-04-24
CU-ACT-2080,2026-03-12,BLACKLIST,0xfb3eff152ea55d1bfa04dbdd509a80fd7b72cdeb,avalanche,80225256,Sim Hyon Sop,42498,Digital Currency Address - ETH,0xFb3eFf152ea55D1BfA04Dbdd509A80fD7b72cdEB,HEX_IDENTIFIER,Unknown,NPWMD,2023-04-24
CU-ACT-2081,2026-03-12,BLACKLIST,0xfda1ec4a6178d4916b001a065422d31ebe5f62ff,avalanche,80225563,Sim Hyon Sop,42498,Digital Currency Address - ETH,0xFda1Ec4A6178d4916b001a065422D31EBE5F62FF,HEX_IDENTIFIER,Unknown,NPWMD,2023-04-24
CU-ACT-2082,2026-03-12,BLACKLIST,0x76ea76ca4eb727f18956ab93445a94c5280412b9,avalanche,80225685,Sim Hyon Sop,42498,Digital Currency Address - ETH,0x76EA76CA4Eb727f18956aB93445a94c5280412B9,HEX_IDENTIFIER,Unknown,NPWMD,2023-04-24
CU-ACT-2083,2026-03-12,BLACKLIST,0x747afb5c7a7fc34b547cd0fdebf9b91759c5a52b,avalanche,80225729,Sim Hyon Sop,42498,Digital Currency Address - ETH,0x747AFB5c7A7fc34B547cD0FDEbf9b91759C5a52b,HEX_IDENTIFIER,Unknown,NPWMD,2023-04-24
CU-ACT-2084,2026-03-12,BLACKLIST,0x2ec6c5fe3d7acd8e2e6185c17d9acb136e66f3e0,avalanche,80225734,AMNOKGANG TECHNOLOGY DEVELOPMENT COMPANY 압록강기술개발회사 鸭绿江技术开发公司,57056,Digital Currency Address - TRX,TEEYCuGDyeNkuDj4u6GQRXxXo3Nh29r2vP,TRON_KEY_EQUIVALENCE,Unknown,DPRK4,2026-03-12
CU-ACT-2085,2026-03-12,BLACKLIST,0x8d55c4306745f05a31af596c6bfa19374073e797,avalanche,80225754,AMNOKGANG TECHNOLOGY DEVELOPMENT COMPANY 압록강기술개발회사 鸭绿江技术开发公司,57056,Digital Currency Address - TRX,TNrX2FwrHKoo4XACGkmSzqeK4pdnKYn6Z7,TRON_KEY_EQUIVALENCE,Unknown,DPRK4,2026-03-12
CU-ACT-2086,2026-03-12,BLACKLIST,0x283fcf7f260da7c3c9aad91beab58882990a66eb,avalanche,80225911,AMNOKGANG TECHNOLOGY DEVELOPMENT COMPANY 압록강기술개발회사 鸭绿江技术开发公司,57056,Digital Currency Address - TRX,TDe2UNAvuUnTbbDo7518eMe3TXN5qJW8Ft,TRON_KEY_EQUIVALENCE,Unknown,DPRK4,2026-03-12
CU-ACT-2087,2026-03-12,BLACKLIST,0xfe88af78cfc99bea57f2fb708489cfc0f0b7f704,avalanche,80226023,AMNOKGANG TECHNOLOGY DEVELOPMENT COMPANY 압록강기술개발회사 鸭绿江技术开发公司,57056,Digital Currency Address - TRX,TZB4NrX7k9ZsV6PRc1GigAztLL8WHpLvwP,TRON_KEY_EQUIVALENCE,Unknown,DPRK4,2026-03-12
CU-ACT-2088,2026-03-12,BLACKLIST,0x88ef69134150f35b1e91fa2d8bfbb44ba2c51e62,avalanche,80226063,Sim Hyon Sop,42498,Digital Currency Address - TRX,TNTFhgFoKH4srBMiWbfrVFqP2AThSmdwf1,TRON_KEY_EQUIVALENCE,Unknown,NPWMD,2023-04-24
CU-ACT-2089,2026-03-12,BLACKLIST,0x6315bdc714ebb7a08e5ec10f351b6ca61d052bee,avalanche,80226162,Sim Hyon Sop,42498,Digital Currency Address - TRX,TK17wfSPp32RWrnzZPrGpv7TxdNFvvvE2s,TRON_KEY_EQUIVALENCE,Unknown,NPWMD,2023-04-24
CU-ACT-2090,2026-03-12,BLACKLIST,0x9145fc390e71e3b56da4bfe51460cbdbb1a8a3f9,avalanche,80226185,Sim Hyon Sop,42498,Digital Currency Address - TRX,TPDLpXxPcaSsupEZ3yrVksmNkYP5SLeKxu,TRON_KEY_EQUIVALENCE,Unknown,NPWMD,2023-04-24
CU-ACT-2091,2026-03-12,BLACKLIST,0x47df0606a84a52763887d7aa280cc4f068326b16,avalanche,80226271,Sim Hyon Sop,42498,Digital Currency Address - TRX,TGXE9dGWawjfd3xqFSho1h1bRbRv9wUGrF,TRON_KEY_EQUIVALENCE,Unknown,NPWMD,2023-04-24
CU-ACT-2092,2023-06-08,BLACKLIST,0xd882cfc20f52f2599d84b8e8d58c7fb62cfe344b,arbitrum,98957112,KARASAVIDI Dmitrii КАРАСАВИДИ Дмитрий,29585,Digital Currency Address - ETH,0xd882cfc20f52f2599d84b8e8d58c7fb62cfe344b,HEX_IDENTIFIER,Unknown,CYBER2,2020-09-16
CU-ACT-2093,2023-06-08,BLACKLIST,0x7f367cc41522ce07553e823bf3be79a889debe1b,arbitrum,98957268,Potekhin Danil Потехин Данил,29584,Digital Currency Address - ETH,0x7F367cC41522cE07553e823bf3be79A889DEbe1B,HEX_IDENTIFIER,Unknown,CYBER2,2020-09-16
CU-ACT-2094,2023-06-08,BLACKLIST,0x1da5821544e25c636c1417ba96ade4cf6d2f9b5a,arbitrum,98957385,Secondeye Solution,30518,Digital Currency Address - ETH,0x1da5821544e25c636c1417ba96ade4cf6d2f9b5a,HEX_IDENTIFIER,Unknown,CYBER2; ELECTION-EO13848,2021-04-15
CU-ACT-2095,2023-06-08,BLACKLIST,0x7db418b5d567a4e0e8c59ad71be1fce48f3e6107,arbitrum,98959520,Secondeye Solution,30518,Digital Currency Address - ETH,0x7Db418b5D567A4e0E8c59Ad71BE1FcE48f3E6107,HEX_IDENTIFIER,Unknown,CYBER2; ELECTION-EO13848,2021-04-15
CU-ACT-2096,2023-06-08,BLACKLIST,0x72a5843cc08275c8171e582972aa4fda8c397b2a,arbitrum,98960403,Secondeye Solution,30518,Digital Currency Address - ETH,0x72a5843cc08275C8171E582972Aa4fDa8C397B2A,HEX_IDENTIFIER,Unknown,CYBER2; ELECTION-EO13848,2021-04-15
CU-ACT-2097,2023-06-08,BLACKLIST,0x7f19720a857f834887fc9a7bc0a0fbe7fc7f8102,arbitrum,98960587,Secondeye Solution,30518,Digital Currency Address - ETH,0x7F19720A857F834887FC9A7bC0a0fBe7Fc7f8102,HEX_IDENTIFIER,Unknown,CYBER2; ELECTION-EO13848,2021-04-15
CU-ACT-2098,2023-06-08,BLACKLIST,0x9f4cda013e354b8fc285bf4b9a60460cee7f7ea9,arbitrum,98960861,SOUTHFRONT,31212,Digital Currency Address - ETH,0x9f4cda013e354b8fc285bf4b9a60460cee7f7ea9,HEX_IDENTIFIER,Unknown,CYBER2; ELECTION-EO13848; NPWMD,2021-04-15
CU-ACT-2099,2023-06-08,BLACKLIST,0xa7e5d5a720f06526557c513402f2e6b5fa20b008,arbitrum,98961115,Lifshits Artem Mikhaylovich ЛИФШИЦ Артем Михайлович,29702,Digital Currency Address - ETH,0xa7e5d5a720f06526557c513402f2e6b5fa20b008,HEX_IDENTIFIER,Unknown,CYBER2; ELECTION-EO13848,2020-09-10
CU-ACT-2100,2023-06-08,BLACKLIST,0x3cbded43efdaf0fc77b9c55f6fc9988fcc9b757d,arbitrum,98961341,SOUTHFRONT,31212,Digital Currency Address - ETH,0x3cbded43efdaf0fc77b9c55f6fc9988fcc9b757d,HEX_IDENTIFIER,Unknown,CYBER2; ELECTION-EO13848; NPWMD,2021-04-15
CU-ACT-2101,2023-06-08,BLACKLIST,0x67d40ee1a85bf4a4bb7ffae16de985e8427b6b45,arbitrum,98961594,CHATEX,33854,Digital Currency Address - ETH,0x67d40EE1A85bf4a4Bb7Ffae16De985e8427B6b45,HEX_IDENTIFIER,Unknown,CYBER2,2021-11-08
CU-ACT-2102,2023-06-08,BLACKLIST,0x6f1ca141a28907f78ebaa64fb83a9088b02a8352,arbitrum,98961813,CHATEX,33854,Digital Currency Address - ETH,0x6f1ca141a28907f78ebaa64fb83a9088b02a8352,HEX_IDENTIFIER,Unknown,CYBER2,2021-11-08
CU-ACT-2104,2023-06-08,BLACKLIST,0x48549a34ae37b12f6a30566245176994e17c6b4a,arbitrum,98962256,CHATEX,33854,Digital Currency Address - ETH,0x48549a34ae37b12f6a30566245176994e17c6b4a,HEX_IDENTIFIER,Unknown,CYBER2,2021-11-08
CU-ACT-2105,2023-06-08,BLACKLIST,0x5512d943ed1f7c8a43f3435c85f7ab68b30121b0,arbitrum,98962442,CHATEX,33854,Digital Currency Address - ETH,0x5512d943ed1f7c8a43f3435c85f7ab68b30121b0,HEX_IDENTIFIER,Unknown,CYBER2,2021-11-08
CU-ACT-2106,2023-06-08,BLACKLIST,0xc455f7fd3e0e12afd51fba5c106909934d8a0e4a,arbitrum,98962666,CHATEX,33854,Digital Currency Address - ETH,0xc455f7fd3e0e12afd51fba5c106909934d8a0e4a,HEX_IDENTIFIER,Unknown,CYBER2,2021-11-08
CU-ACT-2107,2023-06-08,BLACKLIST,0x2f389ce8bd8ff92de3402ffce4691d17fc4f6535,arbitrum,98962879,"SUEX OTC, S.R.O.",33151,Digital Currency Address - ETH,0x2f389ce8bd8ff92de3402ffce4691d17fc4f6535,HEX_IDENTIFIER,Unknown,CYBER2,2021-09-21
CU-ACT-2108,2023-06-08,BLACKLIST,0x19aa5fe80d33a56d56c78e82ea5e50e5d80b4dff,arbitrum,98963142,"SUEX OTC, S.R.O.",33151,Digital Currency Address - ETH,0x19aa5fe80d33a56d56c78e82ea5e50e5d80b4dff,HEX_IDENTIFIER,Unknown,CYBER2,2021-09-21
CU-ACT-2109,2023-06-08,BLACKLIST,0xe7aa314c77f4233c18c6cc84384a9247c0cf367b,arbitrum,98963396,"SUEX OTC, S.R.O.",33151,Digital Currency Address - ETH,0xe7aa314c77f4233c18c6cc84384a9247c0cf367b,HEX_IDENTIFIER,Unknown,CYBER2,2021-09-21
CU-ACT-2110,2023-06-08,BLACKLIST,0x308ed4b7b49797e1a98d3818bff6fe5385410370,arbitrum,98963624,"SUEX OTC, S.R.O.",33151,Digital Currency Address - ETH,0x308ed4b7b49797e1a98d3818bff6fe5385410370,HEX_IDENTIFIER,Unknown,CYBER2,2021-09-21
CU-ACT-2111,2023-06-08,BLACKLIST,0xfec8a60023265364d066a1212fde3930f6ae8da7,arbitrum,98963855,Polyanin Yevgeniy Igorevich Полянин Евгений Игоревич,33858,Digital Currency Address - USDT,0xfec8a60023265364d066a1212fde3930f6ae8da7,HEX_IDENTIFIER,Unknown,CYBER2,2021-11-08
CU-ACT-2112,2023-06-08,BLACKLIST,0x8576acc5c05d6ce88f4e49bf65bdf0c62f91353c,arbitrum,98964051,Andreyev Anton Nikolaeyvich АНДРЕЕВ Антон Николаевич,29703,Digital Currency Address - ETH,0x8576acc5c05d6ce88f4e49bf65bdf0c62f91353c,HEX_IDENTIFIER,Unknown,CYBER2; ELECTION-EO13848,2020-09-10
CU-ACT-2113,2023-06-08,BLACKLIST,0x901bb9583b24d97e995513c6778dc6888ab6870e,arbitrum,98964311,Lifshits Artem Mikhaylovich ЛИФШИЦ Артем Михайлович,29702,Digital Currency Address - ETH,0x901bb9583b24d97e995513c6778dc6888ab6870e,HEX_IDENTIFIER,Unknown,CYBER2; ELECTION-EO13848,2020-09-10
CU-ACT-2114,2023-06-08,BLACKLIST,0x7ff9cfad3877f21d41da833e2f775db0569ee3d9,arbitrum,98964516,GARANTEX EUROPE OU GARANTEX EUROPE OÜ,36025,Digital Currency Address - ETH,0x7FF9cFad3877F21d41Da833E2F775dB0569eE3D9,HEX_IDENTIFIER,Unknown,CYBER4; RUSSIA-EO14024,2022-04-05
CU-ACT-2115,2023-06-08,BLACKLIST,0x098b716b8aaf21512996dc57eb0615e2383e2f96,arbitrum,98964818,Lazarus Group,27307,Digital Currency Address - ETH,0x098B716B8Aaf21512996dC57EB0615e2383E2f96,HEX_IDENTIFIER,Unknown,DPRK3,2019-09-13
CU-ACT-2116,2023-06-08,BLACKLIST,0xa0e1c89ef1a489c9c7de96311ed5ce5d32c20e4b,arbitrum,98965018,Lazarus Group,27307,Digital Currency Address - ETH,0xa0e1c89Ef1a489c9C7dE96311eD5Ce5D32c20E4B,HEX_IDENTIFIER,Unknown,DPRK3,2019-09-13
CU-ACT-2117,2023-06-08,BLACKLIST,0x3cffd56b47b7b41c56258d9c7731abadc360e073,arbitrum,98965257,Lazarus Group,27307,Digital Currency Address - ETH,0x3Cffd56B47B7b41c56258D9C7731ABaDc360E073,HEX_IDENTIFIER,Unknown,DPRK3,2019-09-13
CU-ACT-2118,2023-06-08,BLACKLIST,0x53b6936513e738f44fb50d2b9476730c0ab3bfc1,arbitrum,98965454,Lazarus Group,27307,Digital Currency Address - ETH,0x53b6936513e738f44FB50d2b9476730C0Ab3Bfc1,HEX_IDENTIFIER,Unknown,DPRK3,2019-09-13
CU-ACT-2120,2023-06-08,BLACKLIST,0x35fb6f6db4fb05e6a4ce86f2c93691425626d4b1,arbitrum,98965927,Lazarus Group,27307,Digital Currency Address - ETH,0x35fB6f6DB4fb05e6A4cE86f2C93691425626d4b1,HEX_IDENTIFIER,Unknown,DPRK3,2019-09-13
CU-ACT-2121,2023-06-08,BLACKLIST,0xf7b31119c2682c88d88d455dbb9d5932c65cf1be,arbitrum,98966177,Lazarus Group,27307,Digital Currency Address - ETH,0xF7B31119c2682c88d88D455dBb9d5932c65Cf1bE,HEX_IDENTIFIER,Unknown,DPRK3,2019-09-13
CU-ACT-2122,2023-06-08,BLACKLIST,0x3e37627deaa754090fbfbb8bd226c1ce66d255e9,arbitrum,98966515,Lazarus Group,27307,Digital Currency Address - ETH,0x3e37627dEAA754090fBFbb8bd226c1CE66D255e9,HEX_IDENTIFIER,Unknown,DPRK3,2019-09-13
CU-ACT-2123,2023-06-08,BLACKLIST,0x08723392ed15743cc38513c4925f5e6be5c17243,arbitrum,98966742,Lazarus Group,27307,Digital Currency Address - ETH,0x08723392Ed15743cc38513C4925f5e6be5c17243,HEX_IDENTIFIER,Unknown,DPRK3,2019-09-13
CU-ACT-2161,2023-06-08,BLACKLIST,0xc2a3829f459b3edd87791c74cd45402ba0a20be3,arbitrum,98992151,Task Force Rusich,38665,Digital Currency Address - ETH,0xc2a3829F459B3Edd87791c74cD45402BA0a20Be3,HEX_IDENTIFIER,Unknown,RUSSIA-EO14024,2022-09-15
CU-ACT-2162,2023-06-08,BLACKLIST,0x3ad9db589d201a710ed237c829c7860ba86510fc,arbitrum,98997998,Task Force Rusich,38665,Digital Currency Address - ETH,0x3AD9dB589d201A710Ed237c829c7860Ba86510Fc,HEX_IDENTIFIER,Unknown,RUSSIA-EO14024,2022-09-15
CU-ACT-2163,2023-06-08,BLACKLIST,0xe7800b61479695ec74e4b219f409f67bd1055a27,arbitrum,98998001,Task Force Rusich,38665,Digital Currency Address - USDT,TX5GV4DyfxNB3rPkzZJhmqZ1efVmL4rEqG,TRON_KEY_EQUIVALENCE,Unknown,RUSSIA-EO14024,2022-09-15
CU-ACT-2217,2023-06-08,BLACKLIST,0xd0975b32cea532eadddfc9c60481976e39db3472,arbitrum,98998166,Grimm Matthew Simon,39593,Digital Currency Address - ETH,0xd0975b32cea532eadddfc9c60481976e39db3472,HEX_IDENTIFIER,Unknown,ILLICIT-DRUGS-EO14059,2022-11-09
CU-ACT-2218,2023-06-08,BLACKLIST,0x1967d8af5bd86a497fb3dd7899a020e47560daaf,arbitrum,98998169,Grimm Matthew Simon,39593,Digital Currency Address - ETH,0x1967d8af5bd86a497fb3dd7899a020e47560daaf,HEX_IDENTIFIER,Unknown,ILLICIT-DRUGS-EO14059,2022-11-09
CU-ACT-2219,2023-06-08,BLACKLIST,0x83e5bc4ffa856bb84bb88581f5dd62a433a25e0d,arbitrum,98998171,Peijnenburg Alex Adrianus Martinus,39585,Digital Currency Address - ETH,0x83E5bC4Ffa856BB84Bb88581f5Dd62A433A25e0D,HEX_IDENTIFIER,Unknown,ILLICIT-DRUGS-EO14059,2022-11-09
CU-ACT-2220,2023-06-08,BLACKLIST,0x08b2efdcdb8822efe5ad0eae55517cf5dc544251,arbitrum,98998174,Peijnenburg Alex Adrianus Martinus,39585,Digital Currency Address - ETH,0x08b2eFdcdB8822EfE5ad0Eae55517cf5DC544251,HEX_IDENTIFIER,Unknown,ILLICIT-DRUGS-EO14059,2022-11-09
CU-ACT-2221,2023-06-08,BLACKLIST,0x04dba1194ee10112fe6c3207c0687def0e78bacf,arbitrum,98998177,Peijnenburg Alex Adrianus Martinus,39585,Digital Currency Address - ETH,0x04DBA1194ee10112fE6C3207C0687DEf0e78baCf,HEX_IDENTIFIER,Unknown,ILLICIT-DRUGS-EO14059,2022-11-09
CU-ACT-2222,2023-06-08,BLACKLIST,0x0ee5067b06776a89ccc7dc8ee369984ad7db5e06,arbitrum,98998179,Peijnenburg Alex Adrianus Martinus,39585,Digital Currency Address - ETH,0x0Ee5067b06776A89CcC7dC8Ee369984AD7Db5e06,HEX_IDENTIFIER,Unknown,ILLICIT-DRUGS-EO14059,2022-11-09
CU-ACT-2223,2023-06-08,BLACKLIST,0x502371699497d08d5339c870851898d6d72521dd,arbitrum,98998181,Peijnenburg Alex Adrianus Martinus,39585,Digital Currency Address - ETH,0x502371699497d08D5339c870851898D6D72521Dd,HEX_IDENTIFIER,Unknown,ILLICIT-DRUGS-EO14059,2022-11-09
CU-ACT-2224,2023-06-08,BLACKLIST,0x5a14e72060c11313e38738009254a90968f58f51,arbitrum,98998183,Peijnenburg Alex Adrianus Martinus,39585,Digital Currency Address - ETH,0x5A14E72060c11313E38738009254a90968F58f51,HEX_IDENTIFIER,Unknown,ILLICIT-DRUGS-EO14059,2022-11-09
CU-ACT-2225,2023-06-08,BLACKLIST,0xefe301d259f525ca1ba74a7977b80d5b060b3cca,arbitrum,98998186,Peijnenburg Alex Adrianus Martinus,39585,Digital Currency Address - ETH,0xEFE301d259F525cA1ba74A7977b80D5b060B3ccA,HEX_IDENTIFIER,Unknown,ILLICIT-DRUGS-EO14059,2022-11-09
CU-ACT-2226,2023-06-08,BLACKLIST,0x39d908dac893cbcb53cc86e0ecc369aa4def1a29,arbitrum,98998188,Zimenkov Jonatan,40488,Digital Currency Address - ETH,0x39D908dac893CBCB53Cc86e0ECc369aA4DeF1A29,HEX_IDENTIFIER,Unknown,RUSSIA-EO14024,2023-02-01
CU-ACT-2227,2023-06-08,BLACKLIST,0x4f47bc496083c727c5fbe3ce9cdf2b0f6496270c,arbitrum,98998191,Sim Hyon Sop,42498,Digital Currency Address - ETH,0x4f47bc496083c727c5fbe3ce9cdf2b0f6496270c,HEX_IDENTIFIER,Unknown,NPWMD,2023-04-24
CU-ACT-2228,2023-06-08,BLACKLIST,0x38735f03b30fbc022ddd06abed01f0ca823c6a94,arbitrum,98998194,Hanafin John Desmond,43085,Digital Currency Address - USDT,0x38735f03b30FbC022DdD06ABED01F0Ca823C6a94,HEX_IDENTIFIER,Unknown,RUSSIA-EO14024,2023-05-19
CU-ACT-2229,2023-06-08,BLACKLIST,0x97b1043abd9e6fc31681635166d430a458d14f9c,arbitrum,98998197,Kim Sang Man 김 상만,43377,Digital Currency Address - ETH,0x97b1043abd9e6fc31681635166d430a458d14f9c,HEX_IDENTIFIER,Unknown,DPRK4,2023-05-23
CU-ACT-2230,2023-06-08,BLACKLIST,0xb6f5ec1a0a9cd1526536d3f0426c429529471f40,arbitrum,98998200,Kim Sang Man 김 상만,43377,Digital Currency Address - ETH,0xb6f5ec1a0a9cd1526536d3f0426c429529471f40,HEX_IDENTIFIER,Unknown,DPRK4,2023-05-23
CU-ACT-2231,2023-08-01,BLACKLIST,0xd71c94052989e209ba713deb66e0a8f72b913b70,arbitrum,117100629,Shafiu Ali,44445,Digital Currency Address - USDT,TVacWx7F5wgMgn49L5frDf9KLgdYy8nPHL,TRON_KEY_EQUIVALENCE,Unknown,SDGT,2023-07-31
CU-ACT-2232,2023-08-24,BLACKLIST,0xdcbeffbecce100cce9e4b153c4e15cb885643193,arbitrum,124501472,Semenov Roman,44718,Digital Currency Address - ETH,0xdcbEfFBECcE100cCE9E4b153C4e15cB885643193,HEX_IDENTIFIER,Unknown,DPRK3,2023-08-23
CU-ACT-2233,2023-08-24,BLACKLIST,0x5f48c2a71b2cc96e3f0ccae4e39318ff0dc375b2,arbitrum,124501567,Semenov Roman,44718,Digital Currency Address - ETH,0x5f48c2a71b2cc96e3f0ccae4e39318ff0dc375b2,HEX_IDENTIFIER,Unknown,DPRK3,2023-08-23
CU-ACT-2234,2023-08-24,BLACKLIST,0x5a7a51bfb49f190e5a6060a5bc6052ac14a3b59f,arbitrum,124501629,Semenov Roman,44718,Digital Currency Address - ETH,0x5a7a51bfb49f190e5a6060a5bc6052ac14a3b59f,HEX_IDENTIFIER,Unknown,DPRK3,2023-08-23
CU-ACT-2235,2023-08-24,BLACKLIST,0xed6e0a7e4ac94d976eebfb82ccf777a3c6bad921,arbitrum,124501717,Semenov Roman,44718,Digital Currency Address - ETH,0xed6e0a7e4ac94d976eebfb82ccf777a3c6bad921,HEX_IDENTIFIER,Unknown,DPRK3,2023-08-23
CU-ACT-2236,2023-08-24,BLACKLIST,0x797d7ae72ebddcdea2a346c1834e04d1f8df102b,arbitrum,124501799,Semenov Roman,44718,Digital Currency Address - ETH,0x797d7ae72ebddcdea2a346c1834e04d1f8df102b,HEX_IDENTIFIER,Unknown,DPRK3,2023-08-23
CU-ACT-2237,2023-08-24,BLACKLIST,0x931546d9e66836abf687d2bc64b30407bac8c568,arbitrum,124501897,Semenov Roman,44718,Digital Currency Address - ETH,0x931546D9e66836AbF687d2bc64B30407bAc8C568,HEX_IDENTIFIER,Unknown,DPRK3,2023-08-23
CU-ACT-2238,2023-08-24,BLACKLIST,0x43fa21d92141ba9db43052492e0deee5aa5f0a93,arbitrum,124501969,Semenov Roman,44718,Digital Currency Address - ETH,0x43fa21d92141BA9db43052492E0DeEE5aa5f0A93,HEX_IDENTIFIER,Unknown,DPRK3,2023-08-23
CU-ACT-2239,2023-08-24,BLACKLIST,0x6be0ae71e6c41f2f9d0d1a3b8d0f75e6f6a0b46e,arbitrum,124502047,Semenov Roman,44718,Digital Currency Address - ETH,0x6be0ae71e6c41f2f9d0d1a3b8d0f75e6f6a0b46e,HEX_IDENTIFIER,Unknown,DPRK3,2023-08-23
CU-ACT-2240,2023-09-27,BLACKLIST,0x9c2bc757b66f24d60f016b6237f8cdd414a879fa,arbitrum,135093615,Jimenez Castro Mario Alberto,44029,Digital Currency Address - ETH,0x9c2bc757b66f24d60f016b6237f8cdd414a879fa,HEX_IDENTIFIER,Unknown,ILLICIT-DRUGS-EO14059,2023-09-26
CU-ACT-2241,2023-10-04,BLACKLIST,0x530a64c0ce595026a4a556b703644228179e2d57,arbitrum,137276064,Shen Xingbiao 沈 兴标,45312,Digital Currency Address - ETH,0x530a64c0ce595026a4a556b703644228179e2d57,HEX_IDENTIFIER,Unknown,ILLICIT-DRUGS-EO14059,2023-10-03
CU-ACT-2242,2023-10-04,BLACKLIST,0x2e13ea767da12f504ceaaaebe5950488498dc2d2,arbitrum,137276171,Shen Xingbiao 沈 兴标,45312,Digital Currency Address - USDT,TEAqwfMhXLaomXhZ8KeMhx3njGmQEDnsUR,TRON_KEY_EQUIVALENCE,Unknown,ILLICIT-DRUGS-EO14059,2023-10-03
CU-ACT-2243,2023-10-04,BLACKLIST,0x7de5ab1914e241177344936dc33b4a8157c98248,arbitrum,137276240,Wang Jiantong 王 建通,45349,Digital Currency Address - TRX,TMStbg5fgb4uTV7fK1gEYF9hKAzP3siPsG,TRON_KEY_EQUIVALENCE,Unknown,ILLICIT-DRUGS-EO14059,2023-10-03
CU-ACT-2244,2023-10-04,BLACKLIST,0xfac583c0cf07ea434052c49115a4682172ab6b4f,arbitrum,137276336,Wang Mingming 王 明明,45404,Digital Currency Address - USDT,0xfac583c0cf07ea434052c49115a4682172ab6b4f,HEX_IDENTIFIER,Unknown,ILLICIT-DRUGS-EO14059,2023-10-03
CU-ACT-2245,2023-10-04,BLACKLIST,0xbe5e683633ddd17d8a89b4e10860a0e426c5ed24,arbitrum,137276394,Xia Fengbing 夏 凤兵,45350,Digital Currency Address - TRX,TTKnV2S1295UrPr7N67Tp9ykNL7xX2Z4Uj,TRON_KEY_EQUIVALENCE,Unknown,ILLICIT-DRUGS-EO14059,2023-10-03
CU-ACT-2246,2023-10-04,BLACKLIST,0x961c5be54a2ffc17cf4cb021d863c42dacd47fc1,arbitrum,137276459,Zhang Wei 张 伟,45391,Digital Currency Address - ETH,0x961c5be54a2ffc17cf4cb021d863c42dacd47fc1,HEX_IDENTIFIER,Unknown,ILLICIT-DRUGS-EO14059,2023-10-03
CU-ACT-2247,2023-10-04,BLACKLIST,0xa6cc8ab881debc3c9e8adb32549d0cbe614168c5,arbitrum,137276511,Zhang Wei 张 伟,45391,Digital Currency Address - TRX,TRBACioxdrdsYEZHvJWiUDZcMdBPpEe5Ub,TRON_KEY_EQUIVALENCE,Unknown,ILLICIT-DRUGS-EO14059,2023-10-03
CU-ACT-2248,2023-10-04,BLACKLIST,0x983a81ca6fb1e441266d2fbcb7d8e530ac2e05a2,arbitrum,137276572,"Valerian Labs, Inc.",45314,Digital Currency Address - ETH,0x983a81ca6FB1e441266D2FbcB7D8E530AC2E05A2,HEX_IDENTIFIER,Unknown,ILLICIT-DRUGS-EO14059,2023-10-03
CU-ACT-2250,2024-02-21,BLACKLIST,0xf3701f445b6bdafedbca97d1e477357839e4120d,arbitrum,183002426,Kondratiev Ivan Gennadievich Кондратьев Иван Геннадьевич,47682,Digital Currency Address - ETH,0xf3701f445b6bdafedbca97d1e477357839e4120d,HEX_IDENTIFIER,Unknown,CYBER2,2024-02-20
CU-ACT-2251,2024-03-21,BLACKLIST,0x2f04f39923a77430eca036e14ce44dbd11175747,arbitrum,192679738,Gambashidze Ilya Andreevich Гамбашидзе Илья Андреевич,45213,Digital Currency Address - USDT,TEFph7dZoUN5233cGEzF6XFwRpjPF8fQDS,TRON_KEY_EQUIVALENCE,Unknown,RUSSIA-EO14024,2024-03-20
CU-ACT-2252,2024-03-21,BLACKLIST,0x7be6fe8c528273a3a072a538e12c08500bf4d328,arbitrum,192679889,Gambashidze Ilya Andreevich Гамбашидзе Илья Андреевич,45213,Digital Currency Address - USDT,TMGLqRQ4twjW8wJhVH1mQR7nUThpGHUsN3,TRON_KEY_EQUIVALENCE,Unknown,RUSSIA-EO14024,2024-03-20
CU-ACT-2253,2024-03-27,BLACKLIST,0xdda5554510366179ddb442b8a82bc737c3ac77c5,arbitrum,194740906,AL-LAW Tawfiq Muhammad Sa'id,48302,Digital Currency Address - USDT,TWBAPzpPiZarfVsY2BLXeaLhNHurn4wkWG,TRON_KEY_EQUIVALENCE,Unknown,SDGT,2024-03-26
CU-ACT-2254,2024-03-27,BLACKLIST,0x175d44451403edf28469df03a9280c1197adb92c,arbitrum,194867279,Gaza Now غزة الآن,47635,Digital Currency Address - USDT,0x175d44451403Edf28469dF03A9280c1197ADb92c,HEX_IDENTIFIER,Unknown,SDGT,2024-03-27
CU-ACT-2255,2024-03-27,BLACKLIST,0x4576847b1cf999843ba6620815e65a9c5e8a4021,arbitrum,194872348,Gaza Now غزة الآن,47635,Digital Currency Address - USDT,TGJVc32ig2u8tQsYMLE7KXHT5NDQroaVNU,TRON_KEY_EQUIVALENCE,Unknown,SDGT,2024-03-27
CU-ACT-2256,2024-03-27,BLACKLIST,0xe950dc316b836e4eefb8308bf32bf7c72a1358ff,arbitrum,194873044,Gaza Now غزة الآن,47635,Digital Currency Address - ETH,0xE950DC316b836e4EeFb8308bf32Bf7C72a1358FF,HEX_IDENTIFIER,Unknown,SDGT,2024-03-27
CU-ACT-2257,2024-03-27,BLACKLIST,0x4ea7eefc2dcb250c1f069ecaf1e2ae3488059ac2,arbitrum,194873174,Gaza Now غزة الآن,47635,Digital Currency Address - USDT,TH96tFMn8KGiYSLiwcV3E2UiaJc8jmcbz3,TRON_KEY_EQUIVALENCE,Unknown,SDGT,2024-03-27
CU-ACT-2258,2024-03-27,BLACKLIST,0xc24ec5a84cae3d3418b34a1e30b3372c4b25bd0f,arbitrum,194873245,Gaza Now غزة الآن,47635,Digital Currency Address - USDT,TTgcTTNbNuFdbrhvbjMZVrdU5KALyzDaPw,TRON_KEY_EQUIVALENCE,Unknown,SDGT,2024-03-27
CU-ACT-2259,2024-03-27,BLACKLIST,0x21b8d56bda776bbe68655a16895afd96f5534fed,arbitrum,194873498,Gaza Now غزة الآن,47635,Digital Currency Address - ETH,0x21B8d56BDA776bbE68655A16895afd96F5534feD,HEX_IDENTIFIER,Unknown,SDGT,2024-03-27
CU-ACT-2261,2024-05-02,BLACKLIST,0x19f8f2b0915daa12a3f5c9cf01df9e24d53794f7,arbitrum,207170613,OKO DESIGN BUREAU ОКО Конструкторское Бюро,48432,Digital Currency Address - ETH,0x19F8f2B0915Daa12a3f5C9CF01dF9E24D53794F7,HEX_IDENTIFIER,Unknown,RUSSIA-EO14024,2024-05-01
CU-ACT-2262,2024-05-02,BLACKLIST,0x3e14d41891a30ac7473556d7c3256a5ddf9ef1aa,arbitrum,207170815,OKO DESIGN BUREAU ОКО Конструкторское Бюро,48432,Digital Currency Address - TRX,TFdTr9C3BqQrzKBXqSxJfAZFTh8UwBAfSg,TRON_KEY_EQUIVALENCE,Unknown,RUSSIA-EO14024,2024-05-01
CU-ACT-2264,2024-05-29,BLACKLIST,0xe1d865c3d669dcc8c57c8d023140cb204e672ee4,arbitrum,216092764,Wang Yunhe 王 云禾,43421,Digital Currency Address - ETH,0xe1d865c3d669dcc8c57c8d023140cb204e672ee4,HEX_IDENTIFIER,Unknown,CYBER2,2024-05-28
CU-ACT-2265,2024-05-29,BLACKLIST,0x0e6b8e34dc115a2848f585851af23d99d09b8463,arbitrum,216092766,Wang Yunhe 王 云禾,43421,Digital Currency Address - TRX,TBHTJqAy4DhHhmT3dNceJYNRz4SdLofLre,TRON_KEY_EQUIVALENCE,Unknown,CYBER2,2024-05-28
CU-ACT-2266,2024-08-24,BLACKLIST,0x71d2e218a56a1c0c12e1ff4b4c2731a1c3a4f4ce,arbitrum,246068609,OBSHCHESTVO S OGRANICHENNOI OTVETSTVENNOSTYU KONSTRUKTORSKOE BYURO VOSTOK ОБЩЕСТВО С ОГРАНИЧЕННОЙ ОТВЕТСТВЕННОСТЬЮ КОНСТРУКТОРСКОЕ БЮРО ВОСТОК,50110,Digital Currency Address - USDT,TLM3zA3EWycoDX4ZX4gKze7sgfbdkntTum,TRON_KEY_EQUIVALENCE,Unknown,RUSSIA-EO14024,2024-08-23
CU-ACT-2268,2024-09-27,BLACKLIST,0x0931ca4d13bb4ba75d9b7132ab690265d749a5e7,arbitrum,257751594,Cryptex,50641,Digital Currency Address - ETH,0x0931cA4D13BB4ba75D9B7132AB690265D749a5E7,HEX_IDENTIFIER,Unknown,CYBER2; RUSSIA-EO14024,2024-09-26
CU-ACT-2269,2024-09-27,BLACKLIST,0xbff703730a21167e430ff151128592a98786b9b4,arbitrum,257752315,Cryptex,50641,Digital Currency Address - TRX,TTUDyVhhpCC1xJoPmWzdjLAzeoPwbSABdr,TRON_KEY_EQUIVALENCE,Unknown,CYBER2; RUSSIA-EO14024,2024-09-26
CU-ACT-2271,2024-12-05,BLACKLIST,0x282ae5965fe400f3cb929182e0963f3794df01fc,arbitrum,281496977,Chirkinyan Elena,52074,Digital Currency Address - USDT,TDdbRFoBTEmE3qiR69Y6rKRSG1hoF65QaE,TRON_KEY_EQUIVALENCE,Unknown,RUSSIA-EO14024,2024-12-04
CU-ACT-2272,2024-12-05,BLACKLIST,0x1999ef52700c34de7ec2b68a28aafb37db0c5ade,arbitrum,281498281,Magomedov Khadzhi Murat Dalgatovich,52071,Digital Currency Address - ETH,0x1999ef52700c34de7ec2b68a28aafb37db0c5ade,HEX_IDENTIFIER,Unknown,RUSSIA-EO14024,2024-12-04
CU-ACT-2273,2024-12-20,BLACKLIST,0x721537670ae01aa0d60585457b7534025b0041ac,arbitrum,286608540,Al-Jamal Sa'id Ahmad Muhammad,32171,Digital Currency Address - USDT,TLNRT524dzL5FF1nJHDhYEMFpeWjLjRbz1,TRON_KEY_EQUIVALENCE,Unknown,IFSR; SDGT,2021-06-10
CU-ACT-2274,2024-12-20,BLACKLIST,0x54b475ef92f861975945954bfa1080dda9cd346e,arbitrum,286608670,Al-Jamal Sa'id Ahmad Muhammad,32171,Digital Currency Address - USDT,THh5woR8qfmDsNknQ3agPYzQSiRtMnKsTh,TRON_KEY_EQUIVALENCE,Unknown,IFSR; SDGT,2021-06-10
CU-ACT-2275,2024-12-20,BLACKLIST,0xd19df746fd2a145588b3a22672bacfd2e5454f61,arbitrum,286608782,Al-Jamal Sa'id Ahmad Muhammad,32171,Digital Currency Address - USDT,TV5ZTpKDszLTF6XcMnPongS33pwBgF91by,TRON_KEY_EQUIVALENCE,Unknown,IFSR; SDGT,2021-06-10
CU-ACT-2276,2024-12-20,BLACKLIST,0xbc92595dd3e8f5092471c99b9084a72d333c7d07,arbitrum,286608861,Al-Jamal Sa'id Ahmad Muhammad,32171,Digital Currency Address - USDT,TTAHMdqoom4f2VTWniroPWQHcTRZ4caoH4,TRON_KEY_EQUIVALENCE,Unknown,IFSR; SDGT,2021-06-10
CU-ACT-2277,2024-12-20,BLACKLIST,0x3a0245de38273e7852dce97de3bae18c0010013e,arbitrum,286608951,Al-Jamal Sa'id Ahmad Muhammad,32171,Digital Currency Address - USDT,TFFvv7NAWmbcVfA7QN81mMvUC25TWj1WJx,TRON_KEY_EQUIVALENCE,Unknown,IFSR; SDGT,2021-06-10
CU-ACT-2371,2025-04-02,BLACKLIST,0x16f068ea913a912c62114a873b678b1aa9236585,arbitrum,322247900,Ansarallah,47664,Digital Currency Address - USDT,TC4VsFHJdZ66BdwobZxkudVZBVmQZgCP65,TRON_KEY_EQUIVALENCE,Unknown,FTO; SDGT,2024-02-16
CU-ACT-2372,2025-04-02,BLACKLIST,0x9acfa7136bd9ee19fc2c4517e2033705262f938c,arbitrum,322248465,Ansarallah,47664,Digital Currency Address - USDT,TQ5mpZPbQMSq2s1vSM3RJgiB1AsTsiTpFZ,TRON_KEY_EQUIVALENCE,Unknown,FTO; SDGT,2024-02-16
CU-ACT-2373,2025-04-02,BLACKLIST,0xe942adb085bdc3cd49ad2ddaea53934f12a7e0a5,arbitrum,322248615,Ansarallah,47664,Digital Currency Address - USDT,TXEaKf4rT3rMoD3Vuqnuhwr6vLq6BL5t33,TRON_KEY_EQUIVALENCE,Unknown,FTO; SDGT,2024-02-16
CU-ACT-2374,2025-04-02,BLACKLIST,0x4755da10f30da425a1b5f12166bec82600c48c79,arbitrum,322248687,Ansarallah,47664,Digital Currency Address - USDT,TGUPpmW2bAnMCLe5ih2CFisfCHk4gTFDsx,TRON_KEY_EQUIVALENCE,Unknown,FTO; SDGT,2024-02-16
CU-ACT-2375,2025-04-02,BLACKLIST,0x2b872fc6d0614e39150d078db0e2ff56650f2b4b,arbitrum,322248761,Ansarallah,47664,Digital Currency Address - USDT,TDwN1Eq62bqvVhfGAjdRRJjE46jsi5KNMV,TRON_KEY_EQUIVALENCE,Unknown,FTO; SDGT,2024-02-16
CU-ACT-2376,2025-04-02,BLACKLIST,0x7a01e8268bbb7b5b7403b673aa0b9d7b36f651aa,arbitrum,322248836,Ansarallah,47664,Digital Currency Address - USDT,TM6Kix9wH8cYQ4rLpFifsQ4ddH3rPX3f8p,TRON_KEY_EQUIVALENCE,Unknown,FTO; SDGT,2024-02-16
CU-ACT-2377,2025-04-02,BLACKLIST,0x2a4c4406a0495116aa880c57486cb876658d8aa1,arbitrum,322248907,Ansarallah,47664,Digital Currency Address - USDT,TDprk9jeYPVm6khkBp1u7fwuyJcEJFrPWD,TRON_KEY_EQUIVALENCE,Unknown,FTO; SDGT,2024-02-16
CU-ACT-2378,2025-04-02,BLACKLIST,0xd9471e6c644756e845e4a10260362ab9a3a9845a,arbitrum,322248987,Ansarallah,47664,Digital Currency Address - USDT,TVn4q7L4fKEPbygi7UHq1CKfZxtbeuMV5q,TRON_KEY_EQUIVALENCE,Unknown,FTO; SDGT,2024-02-16
CU-ACT-2379,2025-05-29,BLACKLIST,0xd5ed34b52ac4ab84d8fa8a231a3218bbf01ed510,arbitrum,341859938,Funnull Technology Inc,53953,Digital Currency Address - ETH,0xd5ED34b52AC4ab84d8FA8A231a3218bbF01Ed510,HEX_IDENTIFIER,Unknown,CYBER3,2025-05-29
CU-ACT-2380,2025-05-29,BLACKLIST,0x8c5f37d4db13967643e33d5404f66f86569221ca,arbitrum,341860127,Funnull Technology Inc,53953,Digital Currency Address - TRX,TNmRfnSUXZoWWzxcDDbf95eGQYXt1mJDt8,TRON_KEY_EQUIVALENCE,Unknown,CYBER3,2025-05-29
CU-ACT-2383,2025-07-01,BLACKLIST,0xc685132e908cce284c063415ea353af5f555c6c6,arbitrum,353219145,Aeza Group LLC,54566,Digital Currency Address - TRX,TU4tDFRvcKhAZ1jdihojmBWZqvJhQCnJ4F,TRON_KEY_EQUIVALENCE,Unknown,CAATSA - RUSSIA; CYBER4,2025-07-01
CU-ACT-2384,2025-08-14,BLACKLIST,0x3301843d4d8c3314706a6526940bc2a38ed29475,arbitrum,368469876,Grinex,55045,Digital Currency Address - TRX,TEcuHDQthTmULe8fFLUccBPpjfXaTmJuuD,TRON_KEY_EQUIVALENCE,Unknown,CYBER4,2025-08-14
CU-ACT-2385,2025-08-14,BLACKLIST,0x6e2bf91ff62095e759301a1e46df3278f7d6bf07,arbitrum,368469881,Grinex,55045,Digital Currency Address - TRX,TL1k1U6SHohxBqb68kCodxHc9y2LXoDSep,TRON_KEY_EQUIVALENCE,Unknown,CYBER4,2025-08-14
CU-ACT-2386,2025-08-14,BLACKLIST,0x8a33c4dccc7e840e536c1abc9af4612f876f54de,arbitrum,368469885,Grinex,55045,Digital Currency Address - TRX,TNZxGWCwvsHr6JxQxzoeDXV597Yf7Zb7nV,TRON_KEY_EQUIVALENCE,Unknown,CYBER4,2025-08-14
CU-ACT-2387,2025-08-14,BLACKLIST,0x17b65262f73d2a8668dededc6a40274c3e0ea058,arbitrum,368469891,Grinex,55045,Digital Currency Address - TRX,TC8axQvzJEVR3NKN6mZnJtGy7537GEmh38,TRON_KEY_EQUIVALENCE,Unknown,CYBER4,2025-08-14
CU-ACT-2388,2025-08-14,BLACKLIST,0x0655b7211f302b42a7bfa16a6c45284ab82fd85b,arbitrum,368469894,Grinex,55045,Digital Currency Address - TRX,TAYhjpL8pPs8T84FSM329nffQpc6jD8GBM,TRON_KEY_EQUIVALENCE,Unknown,CYBER4,2025-08-14
CU-ACT-2389,2025-08-14,BLACKLIST,0x82df92ebaa039dd6c9e0689390d7298a5ca1f59c,arbitrum,368469897,Grinex,55045,Digital Currency Address - TRX,TMuCgBejD5RsNANZdjGtaM3YyKGNgDoy7N,TRON_KEY_EQUIVALENCE,Unknown,CYBER4,2025-08-14
CU-ACT-2390,2025-08-14,BLACKLIST,0x48ea81d8db01cc3f551be8ecc8627b5a803eb075,arbitrum,368469900,Grinex,55045,Digital Currency Address - TRX,TGckaiamj5NzaYx6Qp6Zu7kahuHArzUo99,TRON_KEY_EQUIVALENCE,Unknown,CYBER4,2025-08-14
CU-ACT-2391,2025-08-14,BLACKLIST,0x12de548f79a50d2bd05481c8515c1ef5183666a9,arbitrum,368469903,Old Vector LLC,55046,Digital Currency Address - ETH,0x12de548F79a50D2bd05481C8515C1eF5183666a9,HEX_IDENTIFIER,Unknown,CYBER4,2025-08-14
CU-ACT-2392,2025-08-14,BLACKLIST,0x18f703184349667cdae85a07e7f2efac36052b89,arbitrum,368469906,Old Vector LLC,55046,Digital Currency Address - TRX,TCFD8N3vM5b4Gr5f1kkajQsodRVNyyAq1d,TRON_KEY_EQUIVALENCE,Unknown,CYBER4,2025-08-14
CU-ACT-2393,2025-08-14,BLACKLIST,0x8dce2aac0de82bdcaf6b4373b79f94331b8e4995,arbitrum,368469910,GARANTEX EUROPE OU GARANTEX EUROPE OÜ,36025,Digital Currency Address - ETH,0x8Dce2aAC0dE82bdCAf6b4373B79f94331b8e4995,HEX_IDENTIFIER,Unknown,CYBER4; RUSSIA-EO14024,2022-04-05
CU-ACT-2394,2025-08-14,BLACKLIST,0xf4377eda661e04b6dda78969796ed31658d602d4,arbitrum,368469913,GARANTEX EUROPE OU GARANTEX EUROPE OÜ,36025,Digital Currency Address - ETH,0xf4377edA661e04B6DDA78969796Ed31658D602D4,HEX_IDENTIFIER,Unknown,CYBER4; RUSSIA-EO14024,2022-04-05
CU-ACT-2395,2025-08-14,BLACKLIST,0xb338962b92cd818d6aef0a32a9ecd01212a71f33,arbitrum,368469916,GARANTEX EUROPE OU GARANTEX EUROPE OÜ,36025,Digital Currency Address - ETH,0xb338962B92CD818D6aef0A32a9ECD01212a71f33,HEX_IDENTIFIER,Unknown,CYBER4; RUSSIA-EO14024,2022-04-05
CU-ACT-2396,2025-08-14,BLACKLIST,0x57ec89a0c056163a0314e413320f9b3abe761259,arbitrum,368469919,GARANTEX EUROPE OU GARANTEX EUROPE OÜ,36025,Digital Currency Address - ETH,0x57EC89A0C056163A0314e413320f9B3ABe761259,HEX_IDENTIFIER,Unknown,CYBER4; RUSSIA-EO14024,2022-04-05
CU-ACT-2397,2025-08-14,BLACKLIST,0xd8500c631dc32fa18645b7436344a99e4825e10e,arbitrum,368469922,GARANTEX EUROPE OU GARANTEX EUROPE OÜ,36025,Digital Currency Address - ETH,0xD8500C631dC32FA18645B7436344a99E4825e10e,HEX_IDENTIFIER,Unknown,CYBER4; RUSSIA-EO14024,2022-04-05
CU-ACT-2398,2025-08-14,BLACKLIST,0x7ced75026204ac29c34bea98905d4c949f27361e,arbitrum,368469925,GARANTEX EUROPE OU GARANTEX EUROPE OÜ,36025,Digital Currency Address - ETH,0x7CEd75026204aC29C34bEA98905D4C949F27361e,HEX_IDENTIFIER,Unknown,CYBER4; RUSSIA-EO14024,2022-04-05
CU-ACT-2399,2025-08-14,BLACKLIST,0x418949a4a7da9e07192909722072dded8f670d58,arbitrum,368469929,GARANTEX EUROPE OU GARANTEX EUROPE OÜ,36025,Digital Currency Address - TRX,TFwjPScaJRCbSWVAywE1S1WgaUgSnyYUbD,TRON_KEY_EQUIVALENCE,Unknown,CYBER4; RUSSIA-EO14024,2022-04-05
CU-ACT-2400,2025-08-14,BLACKLIST,0x6042c2f32769454c5ff226fdae52b81e49cd922f,arbitrum,368469932,GARANTEX EUROPE OU GARANTEX EUROPE OÜ,36025,Digital Currency Address - TRX,TJkBr9TZ1xBeJoF7RNWqyEMbYqVJ6fXXHR,TRON_KEY_EQUIVALENCE,Unknown,CYBER4; RUSSIA-EO14024,2022-04-05
CU-ACT-2401,2025-08-14,BLACKLIST,0x8660f3ab5285f9e497ffbf2997285c24466aa2a1,arbitrum,368469935,GARANTEX EUROPE OU GARANTEX EUROPE OÜ,36025,Digital Currency Address - TRX,TNDjh6WGLYyWmkh8vfu42bXVHUqFNQ3rDq,TRON_KEY_EQUIVALENCE,Unknown,CYBER4; RUSSIA-EO14024,2022-04-05
CU-ACT-2406,2025-09-16,BLACKLIST,0xe3d35f68383732649669aa990832e017340dbca5,arbitrum,379800818,ALIVAND Arash Estaki,55502,Digital Currency Address - ETH,0xe3d35f68383732649669aa990832e017340dbca5,HEX_IDENTIFIER,Unknown,IFSR; SDGT,2025-09-16
CU-ACT-2407,2025-09-16,BLACKLIST,0xf405df57cc3a2df4dd262b6494d76e346ca778f1,arbitrum,379801029,ALIVAND Arash Estaki,55502,Digital Currency Address - TRX,TYDUutYN4YLKUPeT7TG27Yyqw6kNVLq9QZ,TRON_KEY_EQUIVALENCE,Unknown,IFSR; SDGT,2025-09-16
CU-ACT-2408,2025-09-16,BLACKLIST,0x532b77b33a040587e9fd1800088225f99b8b0e8a,arbitrum,379801193,ALIVAND Arash Estaki,55502,Digital Currency Address - ETH,0x532b77b33a040587e9fd1800088225f99b8b0e8a,HEX_IDENTIFIER,Unknown,IFSR; SDGT,2025-09-16
CU-ACT-2409,2025-09-16,BLACKLIST,0x9ab7a3e606677ddf6f3538dd4472ec770c282b3e,arbitrum,379801591,ALIVAND Arash Estaki,55502,Digital Currency Address - TRX,TQ5H49Wz3K57zNHmuXVp6uLzFwitxviABs,TRON_KEY_EQUIVALENCE,Unknown,IFSR; SDGT,2025-09-16
CU-ACT-2410,2025-09-16,BLACKLIST,0xab4302cfcf1c2337c1b59af1d23bd97189fe962c,arbitrum,379801669,ALIVAND Arash Estaki,55502,Digital Currency Address - TRX,TRakpsE1mZjCUMNPyozR4BW2ZtJsF7ZWFN,TRON_KEY_EQUIVALENCE,Unknown,IFSR; SDGT,2025-09-16
CU-ACT-2411,2025-09-16,BLACKLIST,0xba475bb43ee21013fd14c85e2c74b24bcf5a54c1,arbitrum,379802273,DERAKHSHAN Alireza درخشان علیرضا,55484,Digital Currency Address - TRX,TSxAAo67VTDgKT537EVXxdogkJtk9c6ojz,TRON_KEY_EQUIVALENCE,Unknown,IFSR; SDGT,2025-09-16
CU-ACT-2412,2025-09-16,BLACKLIST,0xdb2720ebad55399117ddb4c4a4afd9a4ccada8fe,arbitrum,379802494,DERAKHSHAN Alireza درخشان علیرضا,55484,Digital Currency Address - ETH,0xdb2720ebad55399117ddb4c4a4afd9a4ccada8fe,HEX_IDENTIFIER,Unknown,IFSR; SDGT,2025-09-16
CU-ACT-2417,2025-09-24,BLACKLIST,0x240fd853e1509a975bd95348d49c923fb0b5d43c,arbitrum,382575832,Sayyed Sadiq Abbas Habib,55447,Digital Currency Address - TRX,TDFtJtyLPgN3oWUoHh23oJox3T5V5nR11K,TRON_KEY_EQUIVALENCE,Unknown,ILLICIT-DRUGS-EO14059,2025-09-24
CU-ACT-2422,2025-11-04,BLACKLIST,0x00be5e0c85be35948d97ad37f62d108243f89ae0,arbitrum,396776787,CHEIL CREDIT BANK,22985,Digital Currency Address - USDT,TA3941uFAvmVibSkQ6fMJXxmaSNovX86mz,TRON_KEY_EQUIVALENCE,Unknown,DPRK4,2017-09-26
CU-ACT-2423,2025-11-04,BLACKLIST,0x00bf03f87539214307207c61b7f729ddc22977b8,arbitrum,396777166,CHEIL CREDIT BANK,22985,Digital Currency Address - USDT,TA39q3p75XRSWYAEaSF7dANtyksoa3sLge,TRON_KEY_EQUIVALENCE,Unknown,DPRK4,2017-09-26
CU-ACT-2424,2025-11-04,BLACKLIST,0x0d1891dd69efe614918e989b5ebd68d6e5f18ff5,arbitrum,396777260,CHEIL CREDIT BANK,22985,Digital Currency Address - USDT,TBATDh41qMQ1yeVYecneEvhpfayYmkAQWS,TRON_KEY_EQUIVALENCE,Unknown,DPRK4,2017-09-26
CU-ACT-2425,2025-11-04,BLACKLIST,0x5a1ca8328b9da53c6c11c8745ea8da29a9cd36c1,arbitrum,396777299,CHEIL CREDIT BANK,22985,Digital Currency Address - USDT,TJBg9SxwiUUoqJGk18vK9avxkuV8GrKMK7,TRON_KEY_EQUIVALENCE,Unknown,DPRK4,2017-09-26
CU-ACT-2426,2025-11-04,BLACKLIST,0x5042cca9d00c44733ebaf550851b9a65cc98d58f,arbitrum,396777303,CHEIL CREDIT BANK,22985,Digital Currency Address - USDT,THHb5iMAbZgQYY19h6uY66y5xt6e11gcZC,TRON_KEY_EQUIVALENCE,Unknown,DPRK4,2017-09-26
CU-ACT-2427,2025-11-04,BLACKLIST,0x596ac03ba123b802325bf62ceff98e5608ac48e9,arbitrum,396777342,CHEIL CREDIT BANK,22985,Digital Currency Address - USDT,TJ812KESWjzJZGEWBPFCu74Js5zQS7jN5A,TRON_KEY_EQUIVALENCE,Unknown,DPRK4,2017-09-26
CU-ACT-2428,2025-11-04,BLACKLIST,0x55ef531216bd8077fb1acb8e61be532214b33b76,arbitrum,396777990,CHEIL CREDIT BANK,22985,Digital Currency Address - USDT,THob8vRrpDybXeqZDj8ukQhMjJVJ5nCbTW,TRON_KEY_EQUIVALENCE,Unknown,DPRK4,2017-09-26
CU-ACT-2429,2025-11-04,BLACKLIST,0x114074ff655d0643a4ff70411ffca618cb7edca1,arbitrum,396778641,CHEIL CREDIT BANK,22985,Digital Currency Address - USDT,TBYRhsZR7Mdn9ezpGVLwZiNVnGm8wZGLAD,TRON_KEY_EQUIVALENCE,Unknown,DPRK4,2017-09-26
CU-ACT-2430,2025-11-04,BLACKLIST,0x117bb0cfee7ce8f842967537fbcd92fc504d68ab,arbitrum,396778806,CHEIL CREDIT BANK,22985,Digital Currency Address - USDT,TBZefVsyQpzzxc2WSCLbZBECvxVdzGqdtC,TRON_KEY_EQUIVALENCE,Unknown,DPRK4,2017-09-26
CU-ACT-2431,2025-11-04,BLACKLIST,0x15a68a9ffa2a94bdad8468d93af4db24251af772,arbitrum,396778851,CHEIL CREDIT BANK,22985,Digital Currency Address - USDT,TBwghbQMsBC5xcUxE7ZpYXhfDMXZAfiFv6,TRON_KEY_EQUIVALENCE,Unknown,DPRK4,2017-09-26
CU-ACT-2432,2025-11-04,BLACKLIST,0x10df38a923a660965d098f24a618b0d1b5d99cba,arbitrum,396778979,CHEIL CREDIT BANK,22985,Digital Currency Address - USDT,TBWRDpQsW1ZVPGGaBAwVLNb7iqmVBuM1nj,TRON_KEY_EQUIVALENCE,Unknown,DPRK4,2017-09-26
CU-ACT-2433,2025-11-04,BLACKLIST,0x171f95410bc65dfc8549c287cd475dc8b82df192,arbitrum,396780045,CHEIL CREDIT BANK,22985,Digital Currency Address - USDT,TC5UNu3LGrjjVCuLNDdVgjm4oL5cQAyFRZ,TRON_KEY_EQUIVALENCE,Unknown,DPRK4,2017-09-26
CU-ACT-2434,2025-11-04,BLACKLIST,0x17fff4f3364fa6dfa25cf37bebbff62bc47232f7,arbitrum,396780052,CHEIL CREDIT BANK,22985,Digital Currency Address - USDT,TCA7AfTSuDmgYk2VaezfPuZF4Z4X8wxwcQ,TRON_KEY_EQUIVALENCE,Unknown,DPRK4,2017-09-26
CU-ACT-2435,2025-11-04,BLACKLIST,0x2547ad3f4b0d37881101885addd1cedf753af9aa,arbitrum,396780712,CHEIL CREDIT BANK,22985,Digital Currency Address - USDT,TDNKsLvsY2iSznyghddXz7ZDRc4X3191Z8,TRON_KEY_EQUIVALENCE,Unknown,DPRK4,2017-09-26
CU-ACT-2436,2025-11-04,BLACKLIST,0x2cbd0ba5b15bde90d5252d8ac1ed2aa121d2d62a,arbitrum,396780976,CHEIL CREDIT BANK,22985,Digital Currency Address - USDT,TE3mCcPULjPUE7ykX7RArDPAhyahoy3d2j,TRON_KEY_EQUIVALENCE,Unknown,DPRK4,2017-09-26
CU-ACT-2437,2025-11-04,BLACKLIST,0x37cefc817a4582773b26835910127ba24f284bb4,arbitrum,396781467,CHEIL CREDIT BANK,22985,Digital Currency Address - USDT,TF4J8Gp7zbS8NA3HLuxsLdx7Ebzr6weCGn,TRON_KEY_EQUIVALENCE,Unknown,DPRK4,2017-09-26
CU-ACT-2438,2025-11-04,BLACKLIST,0x40813812bb5a22be798d7f4cf227a584f4f87bc9,arbitrum,396781806,CHEIL CREDIT BANK,22985,Digital Currency Address - USDT,TFrH3dcpnR3tADrAcfyJwiK4brsgf3B7PG,TRON_KEY_EQUIVALENCE,Unknown,DPRK4,2017-09-26
CU-ACT-2439,2025-11-04,BLACKLIST,0x44888f0a128a21872c38aa44bede1e31137ba85f,arbitrum,396781977,CHEIL CREDIT BANK,22985,Digital Currency Address - USDT,TGDaYNWFXi9HJ7NacfETF15vhUH7eRhKzt,TRON_KEY_EQUIVALENCE,Unknown,DPRK4,2017-09-26
CU-ACT-2440,2025-11-04,BLACKLIST,0x491e68c8464e39723c304aef5cea9543f37ee607,arbitrum,396782242,CHEIL CREDIT BANK,22985,Digital Currency Address - USDT,TGdpkwNVFjw2DnbHBCFKLvCygPVPz9w4iM,TRON_KEY_EQUIVALENCE,Unknown,DPRK4,2017-09-26
CU-ACT-2441,2025-11-04,BLACKLIST,0x412e673fb7cce4e031b9a02277b1aeb599f62bc1,arbitrum,396782285,CHEIL CREDIT BANK,22985,Digital Currency Address - USDT,TFurWgnyNMq9bhLrLoT9FGnrLfAL2BtR5R,TRON_KEY_EQUIVALENCE,Unknown,DPRK4,2017-09-26
CU-ACT-2442,2025-11-04,BLACKLIST,0x3e0c892556da529a0c03a28f763964bdf25ca88c,arbitrum,396782328,CHEIL CREDIT BANK,22985,Digital Currency Address - USDT,TFdHux43bs21qRsygv5WQWfgtbQeT6nXey,TRON_KEY_EQUIVALENCE,Unknown,DPRK4,2017-09-26
CU-ACT-2443,2025-11-04,BLACKLIST,0x45fc0d462a6473905024a10f756feadf8e6c2d08,arbitrum,396782662,CHEIL CREDIT BANK,22985,Digital Currency Address - USDT,TGMFaAXH15oaW8MpcNHLid6NbMKWaaNPdC,TRON_KEY_EQUIVALENCE,Unknown,DPRK4,2017-09-26
CU-ACT-2444,2025-11-04,BLACKLIST,0x45afe4b7e98b6ef450e7b5f53bc1763f3be83e69,arbitrum,396783260,CHEIL CREDIT BANK,22985,Digital Currency Address - USDT,TGKgLatirRpTugS6wgCUKerjLbzWKXAVqx,TRON_KEY_EQUIVALENCE,Unknown,DPRK4,2017-09-26
CU-ACT-2445,2025-11-04,BLACKLIST,0x4b1d7ad9f0cbff66d194ba1e9f0da31635f23f0e,arbitrum,396783319,CHEIL CREDIT BANK,22985,Digital Currency Address - USDT,TGpNzk9noyvCCdnFPuSg5cqptPs16LjXZq,TRON_KEY_EQUIVALENCE,Unknown,DPRK4,2017-09-26
CU-ACT-2446,2025-11-04,BLACKLIST,0x4fa8b02fd04a8ed74b2c77d7efdfffbcc884e3f2,arbitrum,396783739,CHEIL CREDIT BANK,22985,Digital Currency Address - USDT,THEQTsqPhRDDfgcfBW5npH5Lr9PZhpthrf,TRON_KEY_EQUIVALENCE,Unknown,DPRK4,2017-09-26
CU-ACT-2447,2025-11-04,BLACKLIST,0x95a603c86ec4a585e4359d1f07e6949567491fc9,arbitrum,396784916,CHEIL CREDIT BANK,22985,Digital Currency Address - USDT,TPcUZYthDfxNsHQnZZGBM1BDNBeNSjfPZE,TRON_KEY_EQUIVALENCE,Unknown,DPRK4,2017-09-26
CU-ACT-2448,2025-11-04,BLACKLIST,0x80865644f47925223c7e12014e9b11f0f05212bc,arbitrum,396785138,CHEIL CREDIT BANK,22985,Digital Currency Address - USDT,TMgnRWb9xFMtktny9Lzty21QYLLQD93ft6,TRON_KEY_EQUIVALENCE,Unknown,DPRK4,2017-09-26
CU-ACT-2449,2025-11-04,BLACKLIST,0x46ccbcaf10b406a85a412ab713ad451caef9a950,arbitrum,396785568,CHEIL CREDIT BANK,22985,Digital Currency Address - USDT,TGRZZsD8gxahF5oE6C7K8LLRHqQzoPa5bX,TRON_KEY_EQUIVALENCE,Unknown,DPRK4,2017-09-26
CU-ACT-2450,2025-11-04,BLACKLIST,0x5263b1aa550f70bd9753ec558c631eaadd2ae98c,arbitrum,396785894,CHEIL CREDIT BANK,22985,Digital Currency Address - USDT,THUqqeevBQS3EYordDJKwp8DLFknesnfCD,TRON_KEY_EQUIVALENCE,Unknown,DPRK4,2017-09-26
CU-ACT-2451,2025-11-04,BLACKLIST,0xdc2ec40485f23d6268fe9f4fde8c390051f4766a,arbitrum,396787006,CHEIL CREDIT BANK,22985,Digital Currency Address - USDT,TW3RgbhYkFEFnmRJ9mE9b83T9XYSMkjwuD,TRON_KEY_EQUIVALENCE,Unknown,DPRK4,2017-09-26
CU-ACT-2452,2025-11-04,BLACKLIST,0xa3afa16728fc3a16072a7a00ec4508fafe02a34a,arbitrum,396787180,CHEIL CREDIT BANK,22985,Digital Currency Address - USDT,TQthYM5nLqwAEr6DScC8tRtw29ncEB53mK,TRON_KEY_EQUIVALENCE,Unknown,DPRK4,2017-09-26
CU-ACT-2453,2025-11-04,BLACKLIST,0x72a2fc69c5a3025d9d79bb01335860aaf2a4a948,arbitrum,396787435,CHEIL CREDIT BANK,22985,Digital Currency Address - USDT,TLRMHPjLGXsVpD9RVzSfat6zDiVDrd4b4w,TRON_KEY_EQUIVALENCE,Unknown,DPRK4,2017-09-26
CU-ACT-2454,2025-11-04,BLACKLIST,0x7b7f0d8f53e16faee4cf90aedf50c7073f17beff,arbitrum,396788028,CHEIL CREDIT BANK,22985,Digital Currency Address - USDT,TMECKT19hfumcK3KqQKbhxkn1ohyeR58xu,TRON_KEY_EQUIVALENCE,Unknown,DPRK4,2017-09-26
CU-ACT-2455,2025-11-04,BLACKLIST,0x919d585e07ab0926832753eb43fd6fb2b8488051,arbitrum,396788578,CHEIL CREDIT BANK,22985,Digital Currency Address - USDT,TPF9UQhqpV18BPWg5xo6MeB3h8t4iEg9gP,TRON_KEY_EQUIVALENCE,Unknown,DPRK4,2017-09-26
CU-ACT-2456,2025-11-04,BLACKLIST,0x932dbae7c0493923c2643efc52b9faadfc3109a6,arbitrum,396788621,CHEIL CREDIT BANK,22985,Digital Currency Address - USDT,TPPR7e8hGC57dexrE2jy1f94wtuGyVP6Dp,TRON_KEY_EQUIVALENCE,Unknown,DPRK4,2017-09-26
CU-ACT-2457,2025-11-04,BLACKLIST,0x80d658d0d767de04a4379fee4a2fdf10d9bfbf03,arbitrum,396788878,CHEIL CREDIT BANK,22985,Digital Currency Address - USDT,TMiSGhXXVsvJzqwGbwAsGiFxWg2eALZoM5,TRON_KEY_EQUIVALENCE,Unknown,DPRK4,2017-09-26
CU-ACT-2458,2025-11-04,BLACKLIST,0xad0fd006d311c33da60c180603316a813a3f68d4,arbitrum,396789570,CHEIL CREDIT BANK,22985,Digital Currency Address - USDT,TRkGqvaobVp4XDNmSceRo5hDcJYDTFmYjd,TRON_KEY_EQUIVALENCE,Unknown,DPRK4,2017-09-26
CU-ACT-2459,2025-11-04,BLACKLIST,0x9d6350f74c811ca9e9c9adc35227a1193d5984b0,arbitrum,396789763,CHEIL CREDIT BANK,22985,Digital Currency Address - USDT,TQKQ4ntejdYYJpuYkFz8oCSDoXW6RKRDdY,TRON_KEY_EQUIVALENCE,Unknown,DPRK4,2017-09-26
CU-ACT-2460,2025-11-04,BLACKLIST,0xc014eb917fb0689844b31347c7556c18a319bbbf,arbitrum,396789958,CHEIL CREDIT BANK,22985,Digital Currency Address - USDT,TTUqoT6EAmiM1xLvwVwxhjvjaoEUGtKDdZ,TRON_KEY_EQUIVALENCE,Unknown,DPRK4,2017-09-26
CU-ACT-2461,2025-11-04,BLACKLIST,0xc19a1636cf379ce180a61946a990d743bd2ee3d1,arbitrum,396791151,CHEIL CREDIT BANK,22985,Digital Currency Address - USDT,TTct1DezYvriNWU7Wi3mygLoskkaw61mra,TRON_KEY_EQUIVALENCE,Unknown,DPRK4,2017-09-26
CU-ACT-2462,2025-11-04,BLACKLIST,0xda9809eaca62c7d52978045007f26817c425875f,arbitrum,396791362,CHEIL CREDIT BANK,22985,Digital Currency Address - USDT,TVu2SiQrWSnfwk8quAeDxfiaLy6FHzYkMA,TRON_KEY_EQUIVALENCE,Unknown,DPRK4,2017-09-26
CU-ACT-2463,2025-11-04,BLACKLIST,0x97a582fff8b54e501f584dcd828fd1200f6f9e6b,arbitrum,396791977,CHEIL CREDIT BANK,22985,Digital Currency Address - USDT,TPo3JyryRcQ3uhBWexeYhtkpMitsUwY4uB,TRON_KEY_EQUIVALENCE,Unknown,DPRK4,2017-09-26
CU-ACT-2464,2025-11-04,BLACKLIST,0xc95b0eaad3ed1c1505fc9b1a50c160afe3594036,arbitrum,396791991,CHEIL CREDIT BANK,22985,Digital Currency Address - USDT,TUKsuPVb8kgJVFp5x528KC5HisUVdzxami,TRON_KEY_EQUIVALENCE,Unknown,DPRK4,2017-09-26
CU-ACT-2465,2025-11-04,BLACKLIST,0xe61c235a51cf48a554c60005d936d424d0d76397,arbitrum,396792125,CHEIL CREDIT BANK,22985,Digital Currency Address - USDT,TWwv8FQiES3yHGig7y3zJWYuPaZfSV3vmY,TRON_KEY_EQUIVALENCE,Unknown,DPRK4,2017-09-26
CU-ACT-2466,2025-11-04,BLACKLIST,0xa4e740b001ea51cd90988b19cfb9da7a52e91c47,arbitrum,396792550,CHEIL CREDIT BANK,22985,Digital Currency Address - USDT,TR18rEj7gWjKBJLYrowyfnvjWLTTsXGngK,TRON_KEY_EQUIVALENCE,Unknown,DPRK4,2017-09-26
CU-ACT-2467,2025-11-04,BLACKLIST,0xc5aa13f464851d92fd59f1ef6a1c719e5e6d2d4a,arbitrum,396793145,CHEIL CREDIT BANK,22985,Digital Currency Address - USDT,TTzMs5AR66jr9mQMkWfCHVwd3AiLLYPepQ,TRON_KEY_EQUIVALENCE,Unknown,DPRK4,2017-09-26
CU-ACT-2468,2025-11-04,BLACKLIST,0xd3301fc40c118a14ba8c15370e6dd3746656d287,arbitrum,396793188,CHEIL CREDIT BANK,22985,Digital Currency Address - USDT,TVDsEFm19zLV8HeXdt6G75rLroxnp6uqpV,TRON_KEY_EQUIVALENCE,Unknown,DPRK4,2017-09-26
CU-ACT-2469,2025-11-04,BLACKLIST,0xf3f338ec1c5e17ab45377e78308ace9a6338242c,arbitrum,396793396,CHEIL CREDIT BANK,22985,Digital Currency Address - USDT,TYD6a4PAAfAgegEdDf9oZUnW4DFmS8jeFT,TRON_KEY_EQUIVALENCE,Unknown,DPRK4,2017-09-26
CU-ACT-2470,2025-11-04,BLACKLIST,0xdb7ae6b7a2153fe0062be5d1d90a8be5ec8aaa50,arbitrum,396795024,CHEIL CREDIT BANK,22985,Digital Currency Address - USDT,TVyiDQ25H6Rx6PcNV1WyjGasGSa8ehj1Uv,TRON_KEY_EQUIVALENCE,Unknown,DPRK4,2017-09-26
CU-ACT-2471,2025-11-04,BLACKLIST,0xfc3def4dc3bac88f7e80d53c2499a02d65ae7e66,arbitrum,396795424,CHEIL CREDIT BANK,22985,Digital Currency Address - USDT,TYxwUhoLPF7AgfG9GaXFEp8CQi8K8KG1m3,TRON_KEY_EQUIVALENCE,Unknown,DPRK4,2017-09-26
CU-ACT-2472,2025-11-04,BLACKLIST,0xe96e4483bc3f3abfea3213cd8a094ce5b26b117c,arbitrum,396796621,CHEIL CREDIT BANK,22985,Digital Currency Address - USDT,TXFUYHVJMDyKikutvCG6qNgTUS5pxtZhHs,TRON_KEY_EQUIVALENCE,Unknown,DPRK4,2017-09-26
CU-ACT-2473,2025-11-04,BLACKLIST,0xed5324b5482a3eef2eb4263d1c386d86bfda5d4b,arbitrum,396797215,CHEIL CREDIT BANK,22985,Digital Currency Address - USDT,TXc4kRiMEcdXRxWpSKkD5qKaARExN4uxPq,TRON_KEY_EQUIVALENCE,Unknown,DPRK4,2017-09-26
CU-ACT-2474,2025-11-04,BLACKLIST,0xf512078e07f61a2e28081c8ea86c6056788d18b4,arbitrum,396797220,CHEIL CREDIT BANK,22985,Digital Currency Address - USDT,TYK29mbyvVxLaLUKdFSTRADMwoxaVbVZQg,TRON_KEY_EQUIVALENCE,Unknown,DPRK4,2017-09-26
CU-ACT-2475,2025-11-19,BLACKLIST,0x5d5b5dafecbf31bdb08bfd3edad4f2694372d0ef,arbitrum,401972812,Sokolovski Rolan,56360,Digital Currency Address - ETH,0x5d5b5dafecbf31bdb08bfd3edad4f2694372d0ef,HEX_IDENTIFIER,Unknown,ILLICIT-DRUGS-EO14059,2025-11-19
CU-ACT-2476,2025-11-19,BLACKLIST,0xc103b7dc095c904b92081eef0c1640081ec01c10,arbitrum,401972863,Sokolovski Rolan,56360,Digital Currency Address - ETH,0xc103b7dc095c904b92081eef0c1640081ec01c10,HEX_IDENTIFIER,Unknown,ILLICIT-DRUGS-EO14059,2025-11-19
CU-ACT-2477,2025-11-19,BLACKLIST,0xe1e4c5e5ed8f03ae61b581e2def126025f2b9401,arbitrum,401973070,Sokolovski Rolan,56360,Digital Currency Address - ETH,0xe1e4c5e5ed8f03ae61b581e2def126025f2b9401,HEX_IDENTIFIER,Unknown,ILLICIT-DRUGS-EO14059,2025-11-19
CU-ACT-2478,2025-11-19,BLACKLIST,0x11fe0fd1a9fb17746eb9877a396ddf1b3a632838,arbitrum,401973789,Sokolovski Rolan,56360,Digital Currency Address - TRX,TBcLqqqyZjNj1ptuXFgj5H768NhNU5nDyn,TRON_KEY_EQUIVALENCE,Unknown,ILLICIT-DRUGS-EO14059,2025-11-19
CU-ACT-2479,2025-11-19,BLACKLIST,0x2020b536fd363c82fc3f6ab26aeea94b4ffa1404,arbitrum,401975088,Sokolovski Rolan,56360,Digital Currency Address - TRX,TCu5onCzXuqxjvVzdB2tR4FLuF66d4yRqf,TRON_KEY_EQUIVALENCE,Unknown,ILLICIT-DRUGS-EO14059,2025-11-19
CU-ACT-2480,2025-11-19,BLACKLIST,0xd4e976441a1cad72ee5cbd2fd1b677fe7ce8afdf,arbitrum,401975118,Wedding Ryan James,56357,Digital Currency Address - TRX,TVNyvx2astt2AB1Us67ENjfMZeEXZeiuu6,TRON_KEY_EQUIVALENCE,Unknown,ILLICIT-DRUGS-EO14059,2025-11-19
CU-ACT-2481,2025-11-19,BLACKLIST,0x091a964948da0f8f638c8b688e391e5a3df1a43e,arbitrum,401976591,Wedding Ryan James,56357,Digital Currency Address - TRX,TAoLw5yD5XUoHWeBZRSZ1ExK9HMv2CiPvP,TRON_KEY_EQUIVALENCE,Unknown,ILLICIT-DRUGS-EO14059,2025-11-19
CU-ACT-2482,2025-11-19,BLACKLIST,0x9227c54226014afcb588dc49818e28a3a2367557,arbitrum,401976845,Wedding Ryan James,56357,Digital Currency Address - TRX,TPJ1JNX98MJpHueBJeF5SVSg85z8mYg1P1,TRON_KEY_EQUIVALENCE,Unknown,ILLICIT-DRUGS-EO14059,2025-11-19
CU-ACT-2484,2026-01-30,BLACKLIST,0x0529ebc9ff01a4d390f91687d7c7406bf0dab24e,arbitrum,426862000,Zedcex Exchange Ltd,56865,Digital Currency Address - TRX,TASWbk6X1wiTku5TMmMQYqYFvshVEtfJy8,TRON_KEY_EQUIVALENCE,Unknown,IFSR; IRAN-EO13902; SDGT,2026-01-30
CU-ACT-2485,2026-01-30,BLACKLIST,0xbf92b14aa9fd088182178e2ebf208da946521ee5,arbitrum,426862171,Zedcex Exchange Ltd,56865,Digital Currency Address - TRX,TTS9o5KkpGgH8cK9LofLmMAPYb5zfQvSNa,TRON_KEY_EQUIVALENCE,Unknown,IFSR; IRAN-EO13902; SDGT,2026-01-30
CU-ACT-2486,2026-01-30,BLACKLIST,0x180242dc6b95c786c2d9c397532c679a956a1d12,arbitrum,426862490,Zedcex Exchange Ltd,56865,Digital Currency Address - TRX,TCA9vmjsYw9MtPKEwRBtGhKFRfr4CLxJAv,TRON_KEY_EQUIVALENCE,Unknown,IFSR; IRAN-EO13902; SDGT,2026-01-30
CU-ACT-2487,2026-01-30,BLACKLIST,0x2136ed3902c1d7217d9b19cf313bbb035ed9bfd7,arbitrum,426862538,Zedcex Exchange Ltd,56865,Digital Currency Address - TRX,TCzq6m2zxnQkrZrf8cqYcK6bbXQYAfWYKC,TRON_KEY_EQUIVALENCE,Unknown,IFSR; IRAN-EO13902; SDGT,2026-01-30
CU-ACT-2488,2026-01-30,BLACKLIST,0x4bae1c4b2167fe4ebcd6d7baac1138d943a2609f,arbitrum,426863100,Zedcex Exchange Ltd,56865,Digital Currency Address - TRX,TGsNFrgWfbGN2gX25Wcf8oTejtxtQkvmEx,TRON_KEY_EQUIVALENCE,Unknown,IFSR; IRAN-EO13902; SDGT,2026-01-30
CU-ACT-2489,2026-01-30,BLACKLIST,0x8dd586d12164a98e319607295935ee968919608e,arbitrum,426863122,Zedcex Exchange Ltd,56865,Digital Currency Address - TRX,TNuA5CQ6LB4jTHoNrjEeQZJmcmhQuHMbQ7,TRON_KEY_EQUIVALENCE,Unknown,IFSR; IRAN-EO13902; SDGT,2026-01-30
CU-ACT-2490,2026-01-30,BLACKLIST,0x783a4cc2478f1b44f37052bac72abaa3fc6f992a,arbitrum,426863815,Zedcex Exchange Ltd,56865,Digital Currency Address - TRX,TLvuvpfBKdxddxSsJefeiGCe9eVY8HUroE,TRON_KEY_EQUIVALENCE,Unknown,IFSR; IRAN-EO13902; SDGT,2026-01-30
CU-ACT-2491,2026-03-12,BLACKLIST,0xb637f84b66876ebf609c2a4208905f9ddac9d075,arbitrum,441082059,Yun Song Guk,57034,Digital Currency Address - ETH,0xb637f84b66876ebf609c2a4208905f9ddac9d075,HEX_IDENTIFIER,Unknown,DPRK4,2026-03-12
CU-ACT-2492,2026-03-12,BLACKLIST,0x95584c303fcd48af5c6b9873015f2ad0ca84eae3,arbitrum,441082275,Yun Song Guk,57034,Digital Currency Address - ETH,0x95584C303FCd48AF5c6B9873015f2AD0ca84EaE3,HEX_IDENTIFIER,Unknown,DPRK4,2026-03-12
CU-ACT-2493,2026-03-12,BLACKLIST,0xcb74874f1e06fcf80a306e06e5379a44b488ba2d,arbitrum,441082976,AMNOKGANG TECHNOLOGY DEVELOPMENT COMPANY 압록강기술개발회사 鸭绿江技术开发公司,57056,Digital Currency Address - ETH,0xcB74874f1e06Fcf80A306e06e5379A44B488bA2D,HEX_IDENTIFIER,Unknown,DPRK4,2026-03-12
CU-ACT-2494,2026-03-12,BLACKLIST,0x4f47bc496083c727c5fbe3ce9cdf2b0f6496270c,arbitrum,441083795,Sim Hyon Sop,42498,Digital Currency Address - ETH,0x4f47bc496083c727c5fbe3ce9cdf2b0f6496270c,HEX_IDENTIFIER,Unknown,NPWMD,2023-04-24
CU-ACT-2495,2026-03-12,BLACKLIST,0xd04e33461fea8302c5e1e13895b60cee8aefda7f,arbitrum,441084308,Sim Hyon Sop,42498,Digital Currency Address - ETH,0xd04E33461FEA8302c5E1e13895b60cEe8AEfda7F,HEX_IDENTIFIER,Unknown,NPWMD,2023-04-24
CU-ACT-2496,2026-03-12,BLACKLIST,0x76ea76ca4eb727f18956ab93445a94c5280412b9,arbitrum,441085062,Sim Hyon Sop,42498,Digital Currency Address - ETH,0x76EA76CA4Eb727f18956aB93445a94c5280412B9,HEX_IDENTIFIER,Unknown,NPWMD,2023-04-24
CU-ACT-2497,2026-03-12,BLACKLIST,0x0330070fd38ec3bb94f58fa55d40368271e9e54a,arbitrum,441085446,AMNOKGANG TECHNOLOGY DEVELOPMENT COMPANY 압록강기술개발회사 鸭绿江技术开发公司,57056,Digital Currency Address - ETH,0x0330070FD38Ec3bB94F58FA55D40368271E9e54A,HEX_IDENTIFIER,Unknown,DPRK4,2026-03-12
CU-ACT-2498,2026-03-12,BLACKLIST,0x9be599d7867f5e1a2d7ec6db9710df2b98a15573,arbitrum,441085535,AMNOKGANG TECHNOLOGY DEVELOPMENT COMPANY 압록강기술개발회사 鸭绿江技术开发公司,57056,Digital Currency Address - ETH,0x9Be599d7867f5E1a2D7Ec6dB9710dF2b98A15573,HEX_IDENTIFIER,Unknown,DPRK4,2026-03-12
CU-ACT-2499,2026-03-12,BLACKLIST,0x747afb5c7a7fc34b547cd0fdebf9b91759c5a52b,arbitrum,441086330,Sim Hyon Sop,42498,Digital Currency Address - ETH,0x747AFB5c7A7fc34B547cD0FDEbf9b91759C5a52b,HEX_IDENTIFIER,Unknown,NPWMD,2023-04-24
CU-ACT-2500,2026-03-12,BLACKLIST,0xfb3eff152ea55d1bfa04dbdd509a80fd7b72cdeb,arbitrum,441086461,Sim Hyon Sop,42498,Digital Currency Address - ETH,0xFb3eFf152ea55D1BfA04Dbdd509A80fD7b72cdEB,HEX_IDENTIFIER,Unknown,NPWMD,2023-04-24
CU-ACT-2501,2026-03-12,BLACKLIST,0x2ec6c5fe3d7acd8e2e6185c17d9acb136e66f3e0,arbitrum,441087293,AMNOKGANG TECHNOLOGY DEVELOPMENT COMPANY 압록강기술개발회사 鸭绿江技术开发公司,57056,Digital Currency Address - TRX,TEEYCuGDyeNkuDj4u6GQRXxXo3Nh29r2vP,TRON_KEY_EQUIVALENCE,Unknown,DPRK4,2026-03-12
CU-ACT-2502,2026-03-12,BLACKLIST,0xfda1ec4a6178d4916b001a065422d31ebe5f62ff,arbitrum,441087777,Sim Hyon Sop,42498,Digital Currency Address - ETH,0xFda1Ec4A6178d4916b001a065422D31EBE5F62FF,HEX_IDENTIFIER,Unknown,NPWMD,2023-04-24
CU-ACT-2503,2026-03-12,BLACKLIST,0xee61f0eeee09eed3583baab61fa2e64b96207478,arbitrum,441087992,Sim Hyon Sop,42498,Digital Currency Address - TRX,TXhf9nU9bjo1j9z5qEesHdr6gtdndfnA4T,TRON_KEY_EQUIVALENCE,Unknown,NPWMD,2023-04-24
CU-ACT-2504,2026-03-12,BLACKLIST,0xfe88af78cfc99bea57f2fb708489cfc0f0b7f704,arbitrum,441088151,AMNOKGANG TECHNOLOGY DEVELOPMENT COMPANY 압록강기술개발회사 鸭绿江技术开发公司,57056,Digital Currency Address - TRX,TZB4NrX7k9ZsV6PRc1GigAztLL8WHpLvwP,TRON_KEY_EQUIVALENCE,Unknown,DPRK4,2026-03-12
CU-ACT-2505,2026-03-12,BLACKLIST,0x47df0606a84a52763887d7aa280cc4f068326b16,arbitrum,441088194,Sim Hyon Sop,42498,Digital Currency Address - TRX,TGXE9dGWawjfd3xqFSho1h1bRbRv9wUGrF,TRON_KEY_EQUIVALENCE,Unknown,NPWMD,2023-04-24
CU-ACT-2506,2026-03-12,BLACKLIST,0x283fcf7f260da7c3c9aad91beab58882990a66eb,arbitrum,441088476,AMNOKGANG TECHNOLOGY DEVELOPMENT COMPANY 압록강기술개발회사 鸭绿江技术开发公司,57056,Digital Currency Address - TRX,TDe2UNAvuUnTbbDo7518eMe3TXN5qJW8Ft,TRON_KEY_EQUIVALENCE,Unknown,DPRK4,2026-03-12
CU-ACT-2507,2026-03-12,BLACKLIST,0x8d55c4306745f05a31af596c6bfa19374073e797,arbitrum,441088546,AMNOKGANG TECHNOLOGY DEVELOPMENT COMPANY 압록강기술개발회사 鸭绿江技术开发公司,57056,Digital Currency Address - TRX,TNrX2FwrHKoo4XACGkmSzqeK4pdnKYn6Z7,TRON_KEY_EQUIVALENCE,Unknown,DPRK4,2026-03-12
CU-ACT-2508,2026-03-12,BLACKLIST,0x6315bdc714ebb7a08e5ec10f351b6ca61d052bee,arbitrum,441088932,Sim Hyon Sop,42498,Digital Currency Address - TRX,TK17wfSPp32RWrnzZPrGpv7TxdNFvvvE2s,TRON_KEY_EQUIVALENCE,Unknown,NPWMD,2023-04-24
CU-ACT-2509,2026-03-12,BLACKLIST,0x9145fc390e71e3b56da4bfe51460cbdbb1a8a3f9,arbitrum,441089077,Sim Hyon Sop,42498,Digital Currency Address - TRX,TPDLpXxPcaSsupEZ3yrVksmNkYP5SLeKxu,TRON_KEY_EQUIVALENCE,Unknown,NPWMD,2023-04-24
CU-ACT-2510,2026-03-12,BLACKLIST,0x88ef69134150f35b1e91fa2d8bfbb44ba2c51e62,arbitrum,441089674,Sim Hyon Sop,42498,Digital Currency Address - TRX,TNTFhgFoKH4srBMiWbfrVFqP2AThSmdwf1,TRON_KEY_EQUIVALENCE,Unknown,NPWMD,2023-04-24
CU-ACT-2511,2026-03-12,BLACKLIST,0xf8bc582628cd0c721b554161a1cb59ea003742c0,arbitrum,441090026,Sim Hyon Sop,42498,Digital Currency Address - TRX,TYeQD2VddTZ9NkFkAnT9DD8cUGetGUQZB2,TRON_KEY_EQUIVALENCE,Unknown,NPWMD,2023-04-24
CU-ACT-2514,2023-07-31,BLACKLIST,0xd882cfc20f52f2599d84b8e8d58c7fb62cfe344b,optimism,107608515,KARASAVIDI Dmitrii КАРАСАВИДИ Дмитрий,29585,Digital Currency Address - ETH,0xd882cfc20f52f2599d84b8e8d58c7fb62cfe344b,HEX_IDENTIFIER,Unknown,CYBER2,2020-09-16
CU-ACT-2515,2023-07-31,BLACKLIST,0x7f367cc41522ce07553e823bf3be79a889debe1b,optimism,107608530,Potekhin Danil Потехин Данил,29584,Digital Currency Address - ETH,0x7F367cC41522cE07553e823bf3be79A889DEbe1B,HEX_IDENTIFIER,Unknown,CYBER2,2020-09-16
CU-ACT-2516,2023-07-31,BLACKLIST,0x1da5821544e25c636c1417ba96ade4cf6d2f9b5a,optimism,107608540,Secondeye Solution,30518,Digital Currency Address - ETH,0x1da5821544e25c636c1417ba96ade4cf6d2f9b5a,HEX_IDENTIFIER,Unknown,CYBER2; ELECTION-EO13848,2021-04-15
CU-ACT-2517,2023-07-31,BLACKLIST,0x7db418b5d567a4e0e8c59ad71be1fce48f3e6107,optimism,107608549,Secondeye Solution,30518,Digital Currency Address - ETH,0x7Db418b5D567A4e0E8c59Ad71BE1FcE48f3E6107,HEX_IDENTIFIER,Unknown,CYBER2; ELECTION-EO13848,2021-04-15
CU-ACT-2518,2023-07-31,BLACKLIST,0x72a5843cc08275c8171e582972aa4fda8c397b2a,optimism,107608560,Secondeye Solution,30518,Digital Currency Address - ETH,0x72a5843cc08275C8171E582972Aa4fDa8C397B2A,HEX_IDENTIFIER,Unknown,CYBER2; ELECTION-EO13848,2021-04-15
CU-ACT-2519,2023-07-31,BLACKLIST,0x7f19720a857f834887fc9a7bc0a0fbe7fc7f8102,optimism,107608568,Secondeye Solution,30518,Digital Currency Address - ETH,0x7F19720A857F834887FC9A7bC0a0fBe7Fc7f8102,HEX_IDENTIFIER,Unknown,CYBER2; ELECTION-EO13848,2021-04-15
CU-ACT-2520,2023-07-31,BLACKLIST,0x9f4cda013e354b8fc285bf4b9a60460cee7f7ea9,optimism,107608578,SOUTHFRONT,31212,Digital Currency Address - ETH,0x9f4cda013e354b8fc285bf4b9a60460cee7f7ea9,HEX_IDENTIFIER,Unknown,CYBER2; ELECTION-EO13848; NPWMD,2021-04-15
CU-ACT-2521,2023-07-31,BLACKLIST,0xa7e5d5a720f06526557c513402f2e6b5fa20b008,optimism,107608588,Lifshits Artem Mikhaylovich ЛИФШИЦ Артем Михайлович,29702,Digital Currency Address - ETH,0xa7e5d5a720f06526557c513402f2e6b5fa20b008,HEX_IDENTIFIER,Unknown,CYBER2; ELECTION-EO13848,2020-09-10
CU-ACT-2522,2023-07-31,BLACKLIST,0x3cbded43efdaf0fc77b9c55f6fc9988fcc9b757d,optimism,107608601,SOUTHFRONT,31212,Digital Currency Address - ETH,0x3cbded43efdaf0fc77b9c55f6fc9988fcc9b757d,HEX_IDENTIFIER,Unknown,CYBER2; ELECTION-EO13848; NPWMD,2021-04-15
CU-ACT-2523,2023-07-31,BLACKLIST,0x67d40ee1a85bf4a4bb7ffae16de985e8427b6b45,optimism,107608617,CHATEX,33854,Digital Currency Address - ETH,0x67d40EE1A85bf4a4Bb7Ffae16De985e8427B6b45,HEX_IDENTIFIER,Unknown,CYBER2,2021-11-08
CU-ACT-2524,2023-07-31,BLACKLIST,0x6f1ca141a28907f78ebaa64fb83a9088b02a8352,optimism,107608624,CHATEX,33854,Digital Currency Address - ETH,0x6f1ca141a28907f78ebaa64fb83a9088b02a8352,HEX_IDENTIFIER,Unknown,CYBER2,2021-11-08
CU-ACT-2526,2023-07-31,BLACKLIST,0x48549a34ae37b12f6a30566245176994e17c6b4a,optimism,107608644,CHATEX,33854,Digital Currency Address - ETH,0x48549a34ae37b12f6a30566245176994e17c6b4a,HEX_IDENTIFIER,Unknown,CYBER2,2021-11-08
CU-ACT-2527,2023-07-31,BLACKLIST,0x5512d943ed1f7c8a43f3435c85f7ab68b30121b0,optimism,107608652,CHATEX,33854,Digital Currency Address - ETH,0x5512d943ed1f7c8a43f3435c85f7ab68b30121b0,HEX_IDENTIFIER,Unknown,CYBER2,2021-11-08
CU-ACT-2528,2023-07-31,BLACKLIST,0xc455f7fd3e0e12afd51fba5c106909934d8a0e4a,optimism,107608662,CHATEX,33854,Digital Currency Address - ETH,0xc455f7fd3e0e12afd51fba5c106909934d8a0e4a,HEX_IDENTIFIER,Unknown,CYBER2,2021-11-08
CU-ACT-2529,2023-07-31,BLACKLIST,0x2f389ce8bd8ff92de3402ffce4691d17fc4f6535,optimism,107608670,"SUEX OTC, S.R.O.",33151,Digital Currency Address - ETH,0x2f389ce8bd8ff92de3402ffce4691d17fc4f6535,HEX_IDENTIFIER,Unknown,CYBER2,2021-09-21
CU-ACT-2530,2023-07-31,BLACKLIST,0x19aa5fe80d33a56d56c78e82ea5e50e5d80b4dff,optimism,107608679,"SUEX OTC, S.R.O.",33151,Digital Currency Address - ETH,0x19aa5fe80d33a56d56c78e82ea5e50e5d80b4dff,HEX_IDENTIFIER,Unknown,CYBER2,2021-09-21
CU-ACT-2531,2023-07-31,BLACKLIST,0xe7aa314c77f4233c18c6cc84384a9247c0cf367b,optimism,107608688,"SUEX OTC, S.R.O.",33151,Digital Currency Address - ETH,0xe7aa314c77f4233c18c6cc84384a9247c0cf367b,HEX_IDENTIFIER,Unknown,CYBER2,2021-09-21
CU-ACT-2532,2023-07-31,BLACKLIST,0x308ed4b7b49797e1a98d3818bff6fe5385410370,optimism,107608698,"SUEX OTC, S.R.O.",33151,Digital Currency Address - ETH,0x308ed4b7b49797e1a98d3818bff6fe5385410370,HEX_IDENTIFIER,Unknown,CYBER2,2021-09-21
CU-ACT-2533,2023-07-31,BLACKLIST,0xfec8a60023265364d066a1212fde3930f6ae8da7,optimism,107608707,Polyanin Yevgeniy Igorevich Полянин Евгений Игоревич,33858,Digital Currency Address - USDT,0xfec8a60023265364d066a1212fde3930f6ae8da7,HEX_IDENTIFIER,Unknown,CYBER2,2021-11-08
CU-ACT-2534,2023-07-31,BLACKLIST,0x8576acc5c05d6ce88f4e49bf65bdf0c62f91353c,optimism,107608715,Andreyev Anton Nikolaeyvich АНДРЕЕВ Антон Николаевич,29703,Digital Currency Address - ETH,0x8576acc5c05d6ce88f4e49bf65bdf0c62f91353c,HEX_IDENTIFIER,Unknown,CYBER2; ELECTION-EO13848,2020-09-10
CU-ACT-2535,2023-07-31,BLACKLIST,0x901bb9583b24d97e995513c6778dc6888ab6870e,optimism,107608723,Lifshits Artem Mikhaylovich ЛИФШИЦ Артем Михайлович,29702,Digital Currency Address - ETH,0x901bb9583b24d97e995513c6778dc6888ab6870e,HEX_IDENTIFIER,Unknown,CYBER2; ELECTION-EO13848,2020-09-10
CU-ACT-2536,2023-07-31,BLACKLIST,0x7ff9cfad3877f21d41da833e2f775db0569ee3d9,optimism,107608731,GARANTEX EUROPE OU GARANTEX EUROPE OÜ,36025,Digital Currency Address - ETH,0x7FF9cFad3877F21d41Da833E2F775dB0569eE3D9,HEX_IDENTIFIER,Unknown,CYBER4; RUSSIA-EO14024,2022-04-05
CU-ACT-2537,2023-07-31,BLACKLIST,0x098b716b8aaf21512996dc57eb0615e2383e2f96,optimism,107608753,Lazarus Group,27307,Digital Currency Address - ETH,0x098B716B8Aaf21512996dC57EB0615e2383E2f96,HEX_IDENTIFIER,Unknown,DPRK3,2019-09-13
CU-ACT-2538,2023-07-31,BLACKLIST,0xa0e1c89ef1a489c9c7de96311ed5ce5d32c20e4b,optimism,107608762,Lazarus Group,27307,Digital Currency Address - ETH,0xa0e1c89Ef1a489c9C7dE96311eD5Ce5D32c20E4B,HEX_IDENTIFIER,Unknown,DPRK3,2019-09-13
CU-ACT-2539,2023-07-31,BLACKLIST,0x3cffd56b47b7b41c56258d9c7731abadc360e073,optimism,107608770,Lazarus Group,27307,Digital Currency Address - ETH,0x3Cffd56B47B7b41c56258D9C7731ABaDc360E073,HEX_IDENTIFIER,Unknown,DPRK3,2019-09-13
CU-ACT-2540,2023-07-31,BLACKLIST,0x53b6936513e738f44fb50d2b9476730c0ab3bfc1,optimism,107608778,Lazarus Group,27307,Digital Currency Address - ETH,0x53b6936513e738f44FB50d2b9476730C0Ab3Bfc1,HEX_IDENTIFIER,Unknown,DPRK3,2019-09-13
CU-ACT-2542,2023-07-31,BLACKLIST,0x35fb6f6db4fb05e6a4ce86f2c93691425626d4b1,optimism,107608795,Lazarus Group,27307,Digital Currency Address - ETH,0x35fB6f6DB4fb05e6A4cE86f2C93691425626d4b1,HEX_IDENTIFIER,Unknown,DPRK3,2019-09-13
CU-ACT-2543,2023-07-31,BLACKLIST,0xf7b31119c2682c88d88d455dbb9d5932c65cf1be,optimism,107608807,Lazarus Group,27307,Digital Currency Address - ETH,0xF7B31119c2682c88d88D455dBb9d5932c65Cf1bE,HEX_IDENTIFIER,Unknown,DPRK3,2019-09-13
CU-ACT-2544,2023-07-31,BLACKLIST,0x3e37627deaa754090fbfbb8bd226c1ce66d255e9,optimism,107608814,Lazarus Group,27307,Digital Currency Address - ETH,0x3e37627dEAA754090fBFbb8bd226c1CE66D255e9,HEX_IDENTIFIER,Unknown,DPRK3,2019-09-13
CU-ACT-2545,2023-07-31,BLACKLIST,0x08723392ed15743cc38513c4925f5e6be5c17243,optimism,107608823,Lazarus Group,27307,Digital Currency Address - ETH,0x08723392Ed15743cc38513C4925f5e6be5c17243,HEX_IDENTIFIER,Unknown,DPRK3,2019-09-13
CU-ACT-2583,2023-07-31,BLACKLIST,0xc2a3829f459b3edd87791c74cd45402ba0a20be3,optimism,107610396,Task Force Rusich,38665,Digital Currency Address - ETH,0xc2a3829F459B3Edd87791c74cD45402BA0a20Be3,HEX_IDENTIFIER,Unknown,RUSSIA-EO14024,2022-09-15
CU-ACT-2584,2023-07-31,BLACKLIST,0x3ad9db589d201a710ed237c829c7860ba86510fc,optimism,107610426,Task Force Rusich,38665,Digital Currency Address - ETH,0x3AD9dB589d201A710Ed237c829c7860Ba86510Fc,HEX_IDENTIFIER,Unknown,RUSSIA-EO14024,2022-09-15
CU-ACT-2585,2023-07-31,BLACKLIST,0xe7800b61479695ec74e4b219f409f67bd1055a27,optimism,107610445,Task Force Rusich,38665,Digital Currency Address - USDT,TX5GV4DyfxNB3rPkzZJhmqZ1efVmL4rEqG,TRON_KEY_EQUIVALENCE,Unknown,RUSSIA-EO14024,2022-09-15
CU-ACT-2639,2023-07-31,BLACKLIST,0xd0975b32cea532eadddfc9c60481976e39db3472,optimism,107611025,Grimm Matthew Simon,39593,Digital Currency Address - ETH,0xd0975b32cea532eadddfc9c60481976e39db3472,HEX_IDENTIFIER,Unknown,ILLICIT-DRUGS-EO14059,2022-11-09
CU-ACT-2640,2023-07-31,BLACKLIST,0x1967d8af5bd86a497fb3dd7899a020e47560daaf,optimism,107611028,Grimm Matthew Simon,39593,Digital Currency Address - ETH,0x1967d8af5bd86a497fb3dd7899a020e47560daaf,HEX_IDENTIFIER,Unknown,ILLICIT-DRUGS-EO14059,2022-11-09
CU-ACT-2641,2023-07-31,BLACKLIST,0x83e5bc4ffa856bb84bb88581f5dd62a433a25e0d,optimism,107611077,Peijnenburg Alex Adrianus Martinus,39585,Digital Currency Address - ETH,0x83E5bC4Ffa856BB84Bb88581f5Dd62A433A25e0D,HEX_IDENTIFIER,Unknown,ILLICIT-DRUGS-EO14059,2022-11-09
CU-ACT-2642,2023-07-31,BLACKLIST,0x08b2efdcdb8822efe5ad0eae55517cf5dc544251,optimism,107611079,Peijnenburg Alex Adrianus Martinus,39585,Digital Currency Address - ETH,0x08b2eFdcdB8822EfE5ad0Eae55517cf5DC544251,HEX_IDENTIFIER,Unknown,ILLICIT-DRUGS-EO14059,2022-11-09
CU-ACT-2643,2023-07-31,BLACKLIST,0x04dba1194ee10112fe6c3207c0687def0e78bacf,optimism,107611082,Peijnenburg Alex Adrianus Martinus,39585,Digital Currency Address - ETH,0x04DBA1194ee10112fE6C3207C0687DEf0e78baCf,HEX_IDENTIFIER,Unknown,ILLICIT-DRUGS-EO14059,2022-11-09
CU-ACT-2644,2023-07-31,BLACKLIST,0x0ee5067b06776a89ccc7dc8ee369984ad7db5e06,optimism,107611085,Peijnenburg Alex Adrianus Martinus,39585,Digital Currency Address - ETH,0x0Ee5067b06776A89CcC7dC8Ee369984AD7Db5e06,HEX_IDENTIFIER,Unknown,ILLICIT-DRUGS-EO14059,2022-11-09
CU-ACT-2645,2023-07-31,BLACKLIST,0x502371699497d08d5339c870851898d6d72521dd,optimism,107611087,Peijnenburg Alex Adrianus Martinus,39585,Digital Currency Address - ETH,0x502371699497d08D5339c870851898D6D72521Dd,HEX_IDENTIFIER,Unknown,ILLICIT-DRUGS-EO14059,2022-11-09
CU-ACT-2646,2023-07-31,BLACKLIST,0x5a14e72060c11313e38738009254a90968f58f51,optimism,107611131,Peijnenburg Alex Adrianus Martinus,39585,Digital Currency Address - ETH,0x5A14E72060c11313E38738009254a90968F58f51,HEX_IDENTIFIER,Unknown,ILLICIT-DRUGS-EO14059,2022-11-09
CU-ACT-2647,2023-07-31,BLACKLIST,0xefe301d259f525ca1ba74a7977b80d5b060b3cca,optimism,107611133,Peijnenburg Alex Adrianus Martinus,39585,Digital Currency Address - ETH,0xEFE301d259F525cA1ba74A7977b80D5b060B3ccA,HEX_IDENTIFIER,Unknown,ILLICIT-DRUGS-EO14059,2022-11-09
CU-ACT-2648,2023-07-31,BLACKLIST,0x39d908dac893cbcb53cc86e0ecc369aa4def1a29,optimism,107611136,Zimenkov Jonatan,40488,Digital Currency Address - ETH,0x39D908dac893CBCB53Cc86e0ECc369aA4DeF1A29,HEX_IDENTIFIER,Unknown,RUSSIA-EO14024,2023-02-01
CU-ACT-2649,2023-07-31,BLACKLIST,0x4f47bc496083c727c5fbe3ce9cdf2b0f6496270c,optimism,107611139,Sim Hyon Sop,42498,Digital Currency Address - ETH,0x4f47bc496083c727c5fbe3ce9cdf2b0f6496270c,HEX_IDENTIFIER,Unknown,NPWMD,2023-04-24
CU-ACT-2650,2023-07-31,BLACKLIST,0x38735f03b30fbc022ddd06abed01f0ca823c6a94,optimism,107611141,Hanafin John Desmond,43085,Digital Currency Address - USDT,0x38735f03b30FbC022DdD06ABED01F0Ca823C6a94,HEX_IDENTIFIER,Unknown,RUSSIA-EO14024,2023-05-19
CU-ACT-2651,2023-07-31,BLACKLIST,0x97b1043abd9e6fc31681635166d430a458d14f9c,optimism,107611144,Kim Sang Man 김 상만,43377,Digital Currency Address - ETH,0x97b1043abd9e6fc31681635166d430a458d14f9c,HEX_IDENTIFIER,Unknown,DPRK4,2023-05-23
CU-ACT-2652,2023-07-31,BLACKLIST,0xb6f5ec1a0a9cd1526536d3f0426c429529471f40,optimism,107611146,Kim Sang Man 김 상만,43377,Digital Currency Address - ETH,0xb6f5ec1a0a9cd1526536d3f0426c429529471f40,HEX_IDENTIFIER,Unknown,DPRK4,2023-05-23
CU-ACT-2653,2023-08-01,BLACKLIST,0xd71c94052989e209ba713deb66e0a8f72b913b70,optimism,107648991,Shafiu Ali,44445,Digital Currency Address - USDT,TVacWx7F5wgMgn49L5frDf9KLgdYy8nPHL,TRON_KEY_EQUIVALENCE,Unknown,SDGT,2023-07-31
CU-ACT-2654,2023-08-24,BLACKLIST,0xdcbeffbecce100cce9e4b153c4e15cb885643193,optimism,108640865,Semenov Roman,44718,Digital Currency Address - ETH,0xdcbEfFBECcE100cCE9E4b153C4e15cB885643193,HEX_IDENTIFIER,Unknown,DPRK3,2023-08-23
CU-ACT-2655,2023-08-24,BLACKLIST,0x5f48c2a71b2cc96e3f0ccae4e39318ff0dc375b2,optimism,108640876,Semenov Roman,44718,Digital Currency Address - ETH,0x5f48c2a71b2cc96e3f0ccae4e39318ff0dc375b2,HEX_IDENTIFIER,Unknown,DPRK3,2023-08-23
CU-ACT-2656,2023-08-24,BLACKLIST,0x5a7a51bfb49f190e5a6060a5bc6052ac14a3b59f,optimism,108640884,Semenov Roman,44718,Digital Currency Address - ETH,0x5a7a51bfb49f190e5a6060a5bc6052ac14a3b59f,HEX_IDENTIFIER,Unknown,DPRK3,2023-08-23
CU-ACT-2657,2023-08-24,BLACKLIST,0xed6e0a7e4ac94d976eebfb82ccf777a3c6bad921,optimism,108640892,Semenov Roman,44718,Digital Currency Address - ETH,0xed6e0a7e4ac94d976eebfb82ccf777a3c6bad921,HEX_IDENTIFIER,Unknown,DPRK3,2023-08-23
CU-ACT-2658,2023-08-24,BLACKLIST,0x797d7ae72ebddcdea2a346c1834e04d1f8df102b,optimism,108640904,Semenov Roman,44718,Digital Currency Address - ETH,0x797d7ae72ebddcdea2a346c1834e04d1f8df102b,HEX_IDENTIFIER,Unknown,DPRK3,2023-08-23
CU-ACT-2659,2023-08-24,BLACKLIST,0x931546d9e66836abf687d2bc64b30407bac8c568,optimism,108640913,Semenov Roman,44718,Digital Currency Address - ETH,0x931546D9e66836AbF687d2bc64B30407bAc8C568,HEX_IDENTIFIER,Unknown,DPRK3,2023-08-23
CU-ACT-2660,2023-08-24,BLACKLIST,0x43fa21d92141ba9db43052492e0deee5aa5f0a93,optimism,108640937,Semenov Roman,44718,Digital Currency Address - ETH,0x43fa21d92141BA9db43052492E0DeEE5aa5f0A93,HEX_IDENTIFIER,Unknown,DPRK3,2023-08-23
CU-ACT-2661,2023-08-24,BLACKLIST,0x6be0ae71e6c41f2f9d0d1a3b8d0f75e6f6a0b46e,optimism,108640945,Semenov Roman,44718,Digital Currency Address - ETH,0x6be0ae71e6c41f2f9d0d1a3b8d0f75e6f6a0b46e,HEX_IDENTIFIER,Unknown,DPRK3,2023-08-23
CU-ACT-2662,2023-09-27,BLACKLIST,0x9c2bc757b66f24d60f016b6237f8cdd414a879fa,optimism,110108480,Jimenez Castro Mario Alberto,44029,Digital Currency Address - ETH,0x9c2bc757b66f24d60f016b6237f8cdd414a879fa,HEX_IDENTIFIER,Unknown,ILLICIT-DRUGS-EO14059,2023-09-26
CU-ACT-2663,2023-10-04,BLACKLIST,0x530a64c0ce595026a4a556b703644228179e2d57,optimism,110393529,Shen Xingbiao 沈 兴标,45312,Digital Currency Address - ETH,0x530a64c0ce595026a4a556b703644228179e2d57,HEX_IDENTIFIER,Unknown,ILLICIT-DRUGS-EO14059,2023-10-03
CU-ACT-2664,2023-10-04,BLACKLIST,0x2e13ea767da12f504ceaaaebe5950488498dc2d2,optimism,110393545,Shen Xingbiao 沈 兴标,45312,Digital Currency Address - USDT,TEAqwfMhXLaomXhZ8KeMhx3njGmQEDnsUR,TRON_KEY_EQUIVALENCE,Unknown,ILLICIT-DRUGS-EO14059,2023-10-03
CU-ACT-2665,2023-10-04,BLACKLIST,0x7de5ab1914e241177344936dc33b4a8157c98248,optimism,110393552,Wang Jiantong 王 建通,45349,Digital Currency Address - TRX,TMStbg5fgb4uTV7fK1gEYF9hKAzP3siPsG,TRON_KEY_EQUIVALENCE,Unknown,ILLICIT-DRUGS-EO14059,2023-10-03
CU-ACT-2666,2023-10-04,BLACKLIST,0xfac583c0cf07ea434052c49115a4682172ab6b4f,optimism,110393560,Wang Mingming 王 明明,45404,Digital Currency Address - USDT,0xfac583c0cf07ea434052c49115a4682172ab6b4f,HEX_IDENTIFIER,Unknown,ILLICIT-DRUGS-EO14059,2023-10-03
CU-ACT-2667,2023-10-04,BLACKLIST,0x961c5be54a2ffc17cf4cb021d863c42dacd47fc1,optimism,110393669,Zhang Wei 张 伟,45391,Digital Currency Address - ETH,0x961c5be54a2ffc17cf4cb021d863c42dacd47fc1,HEX_IDENTIFIER,Unknown,ILLICIT-DRUGS-EO14059,2023-10-03
CU-ACT-2668,2023-10-04,BLACKLIST,0xbe5e683633ddd17d8a89b4e10860a0e426c5ed24,optimism,110393669,Xia Fengbing 夏 凤兵,45350,Digital Currency Address - TRX,TTKnV2S1295UrPr7N67Tp9ykNL7xX2Z4Uj,TRON_KEY_EQUIVALENCE,Unknown,ILLICIT-DRUGS-EO14059,2023-10-03
CU-ACT-2669,2023-10-04,BLACKLIST,0xa6cc8ab881debc3c9e8adb32549d0cbe614168c5,optimism,110393714,Zhang Wei 张 伟,45391,Digital Currency Address - TRX,TRBACioxdrdsYEZHvJWiUDZcMdBPpEe5Ub,TRON_KEY_EQUIVALENCE,Unknown,ILLICIT-DRUGS-EO14059,2023-10-03
CU-ACT-2670,2023-10-04,BLACKLIST,0x983a81ca6fb1e441266d2fbcb7d8e530ac2e05a2,optimism,110393724,"Valerian Labs, Inc.",45314,Digital Currency Address - ETH,0x983a81ca6FB1e441266D2FbcB7D8E530AC2E05A2,HEX_IDENTIFIER,Unknown,ILLICIT-DRUGS-EO14059,2023-10-03
CU-ACT-2672,2024-02-21,BLACKLIST,0xf3701f445b6bdafedbca97d1e477357839e4120d,optimism,116460038,Kondratiev Ivan Gennadievich Кондратьев Иван Геннадьевич,47682,Digital Currency Address - ETH,0xf3701f445b6bdafedbca97d1e477357839e4120d,HEX_IDENTIFIER,Unknown,CYBER2,2024-02-20
CU-ACT-2673,2024-03-21,BLACKLIST,0x2f04f39923a77430eca036e14ce44dbd11175747,optimism,117713363,Gambashidze Ilya Andreevich Гамбашидзе Илья Андреевич,45213,Digital Currency Address - USDT,TEFph7dZoUN5233cGEzF6XFwRpjPF8fQDS,TRON_KEY_EQUIVALENCE,Unknown,RUSSIA-EO14024,2024-03-20
CU-ACT-2674,2024-03-21,BLACKLIST,0x7be6fe8c528273a3a072a538e12c08500bf4d328,optimism,117713374,Gambashidze Ilya Andreevich Гамбашидзе Илья Андреевич,45213,Digital Currency Address - USDT,TMGLqRQ4twjW8wJhVH1mQR7nUThpGHUsN3,TRON_KEY_EQUIVALENCE,Unknown,RUSSIA-EO14024,2024-03-20
CU-ACT-2675,2024-03-27,BLACKLIST,0xdda5554510366179ddb442b8a82bc737c3ac77c5,optimism,117971426,AL-LAW Tawfiq Muhammad Sa'id,48302,Digital Currency Address - USDT,TWBAPzpPiZarfVsY2BLXeaLhNHurn4wkWG,TRON_KEY_EQUIVALENCE,Unknown,SDGT,2024-03-26
CU-ACT-2676,2024-03-27,BLACKLIST,0x175d44451403edf28469df03a9280c1197adb92c,optimism,117990787,Gaza Now غزة الآن,47635,Digital Currency Address - USDT,0x175d44451403Edf28469dF03A9280c1197ADb92c,HEX_IDENTIFIER,Unknown,SDGT,2024-03-27
CU-ACT-2677,2024-03-27,BLACKLIST,0x4576847b1cf999843ba6620815e65a9c5e8a4021,optimism,117990813,Gaza Now غزة الآن,47635,Digital Currency Address - USDT,TGJVc32ig2u8tQsYMLE7KXHT5NDQroaVNU,TRON_KEY_EQUIVALENCE,Unknown,SDGT,2024-03-27
CU-ACT-2678,2024-03-27,BLACKLIST,0xe950dc316b836e4eefb8308bf32bf7c72a1358ff,optimism,117990843,Gaza Now غزة الآن,47635,Digital Currency Address - ETH,0xE950DC316b836e4EeFb8308bf32Bf7C72a1358FF,HEX_IDENTIFIER,Unknown,SDGT,2024-03-27
CU-ACT-2679,2024-03-27,BLACKLIST,0x4ea7eefc2dcb250c1f069ecaf1e2ae3488059ac2,optimism,117990865,Gaza Now غزة الآن,47635,Digital Currency Address - USDT,TH96tFMn8KGiYSLiwcV3E2UiaJc8jmcbz3,TRON_KEY_EQUIVALENCE,Unknown,SDGT,2024-03-27
CU-ACT-2680,2024-03-27,BLACKLIST,0xc24ec5a84cae3d3418b34a1e30b3372c4b25bd0f,optimism,117990920,Gaza Now غزة الآن,47635,Digital Currency Address - USDT,TTgcTTNbNuFdbrhvbjMZVrdU5KALyzDaPw,TRON_KEY_EQUIVALENCE,Unknown,SDGT,2024-03-27
CU-ACT-2681,2024-03-27,BLACKLIST,0x21b8d56bda776bbe68655a16895afd96f5534fed,optimism,117990933,Gaza Now غزة الآن,47635,Digital Currency Address - ETH,0x21B8d56BDA776bbE68655A16895afd96F5534feD,HEX_IDENTIFIER,Unknown,SDGT,2024-03-27
CU-ACT-2683,2024-05-02,BLACKLIST,0x19f8f2b0915daa12a3f5c9cf01df9e24d53794f7,optimism,119541167,OKO DESIGN BUREAU ОКО Конструкторское Бюро,48432,Digital Currency Address - ETH,0x19F8f2B0915Daa12a3f5C9CF01dF9E24D53794F7,HEX_IDENTIFIER,Unknown,RUSSIA-EO14024,2024-05-01
CU-ACT-2684,2024-05-02,BLACKLIST,0x3e14d41891a30ac7473556d7c3256a5ddf9ef1aa,optimism,119541189,OKO DESIGN BUREAU ОКО Конструкторское Бюро,48432,Digital Currency Address - TRX,TFdTr9C3BqQrzKBXqSxJfAZFTh8UwBAfSg,TRON_KEY_EQUIVALENCE,Unknown,RUSSIA-EO14024,2024-05-01
CU-ACT-2685,2024-05-29,BLACKLIST,0xe1d865c3d669dcc8c57c8d023140cb204e672ee4,optimism,120674560,Wang Yunhe 王 云禾,43421,Digital Currency Address - ETH,0xe1d865c3d669dcc8c57c8d023140cb204e672ee4,HEX_IDENTIFIER,Unknown,CYBER2,2024-05-28
CU-ACT-2686,2024-05-29,BLACKLIST,0x0e6b8e34dc115a2848f585851af23d99d09b8463,optimism,120674563,Wang Yunhe 王 云禾,43421,Digital Currency Address - TRX,TBHTJqAy4DhHhmT3dNceJYNRz4SdLofLre,TRON_KEY_EQUIVALENCE,Unknown,CYBER2,2024-05-28
CU-ACT-2687,2024-08-24,BLACKLIST,0x71d2e218a56a1c0c12e1ff4b4c2731a1c3a4f4ce,optimism,124433447,OBSHCHESTVO S OGRANICHENNOI OTVETSTVENNOSTYU KONSTRUKTORSKOE BYURO VOSTOK ОБЩЕСТВО С ОГРАНИЧЕННОЙ ОТВЕТСТВЕННОСТЬЮ КОНСТРУКТОРСКОЕ БЮРО ВОСТОК,50110,Digital Currency Address - USDT,TLM3zA3EWycoDX4ZX4gKze7sgfbdkntTum,TRON_KEY_EQUIVALENCE,Unknown,RUSSIA-EO14024,2024-08-23
CU-ACT-2688,2024-09-27,BLACKLIST,0x0931ca4d13bb4ba75d9b7132ab690265d749a5e7,optimism,125903689,Cryptex,50641,Digital Currency Address - ETH,0x0931cA4D13BB4ba75D9B7132AB690265D749a5E7,HEX_IDENTIFIER,Unknown,CYBER2; RUSSIA-EO14024,2024-09-26
CU-ACT-2689,2024-09-27,BLACKLIST,0xbff703730a21167e430ff151128592a98786b9b4,optimism,125903697,Cryptex,50641,Digital Currency Address - TRX,TTUDyVhhpCC1xJoPmWzdjLAzeoPwbSABdr,TRON_KEY_EQUIVALENCE,Unknown,CYBER2; RUSSIA-EO14024,2024-09-26
CU-ACT-2690,2024-12-05,BLACKLIST,0x282ae5965fe400f3cb929182e0963f3794df01fc,optimism,128889328,Chirkinyan Elena,52074,Digital Currency Address - USDT,TDdbRFoBTEmE3qiR69Y6rKRSG1hoF65QaE,TRON_KEY_EQUIVALENCE,Unknown,RUSSIA-EO14024,2024-12-04
CU-ACT-2691,2024-12-05,BLACKLIST,0x1999ef52700c34de7ec2b68a28aafb37db0c5ade,optimism,128889458,Magomedov Khadzhi Murat Dalgatovich,52071,Digital Currency Address - ETH,0x1999ef52700c34de7ec2b68a28aafb37db0c5ade,HEX_IDENTIFIER,Unknown,RUSSIA-EO14024,2024-12-04
CU-ACT-2692,2024-12-20,BLACKLIST,0x721537670ae01aa0d60585457b7534025b0041ac,optimism,129534386,Al-Jamal Sa'id Ahmad Muhammad,32171,Digital Currency Address - USDT,TLNRT524dzL5FF1nJHDhYEMFpeWjLjRbz1,TRON_KEY_EQUIVALENCE,Unknown,IFSR; SDGT,2021-06-10
CU-ACT-2693,2024-12-20,BLACKLIST,0x54b475ef92f861975945954bfa1080dda9cd346e,optimism,129534397,Al-Jamal Sa'id Ahmad Muhammad,32171,Digital Currency Address - USDT,THh5woR8qfmDsNknQ3agPYzQSiRtMnKsTh,TRON_KEY_EQUIVALENCE,Unknown,IFSR; SDGT,2021-06-10
CU-ACT-2694,2024-12-20,BLACKLIST,0xd19df746fd2a145588b3a22672bacfd2e5454f61,optimism,129534407,Al-Jamal Sa'id Ahmad Muhammad,32171,Digital Currency Address - USDT,TV5ZTpKDszLTF6XcMnPongS33pwBgF91by,TRON_KEY_EQUIVALENCE,Unknown,IFSR; SDGT,2021-06-10
CU-ACT-2695,2024-12-20,BLACKLIST,0xbc92595dd3e8f5092471c99b9084a72d333c7d07,optimism,129534417,Al-Jamal Sa'id Ahmad Muhammad,32171,Digital Currency Address - USDT,TTAHMdqoom4f2VTWniroPWQHcTRZ4caoH4,TRON_KEY_EQUIVALENCE,Unknown,IFSR; SDGT,2021-06-10
CU-ACT-2696,2024-12-20,BLACKLIST,0x3a0245de38273e7852dce97de3bae18c0010013e,optimism,129534428,Al-Jamal Sa'id Ahmad Muhammad,32171,Digital Currency Address - USDT,TFFvv7NAWmbcVfA7QN81mMvUC25TWj1WJx,TRON_KEY_EQUIVALENCE,Unknown,IFSR; SDGT,2021-06-10
CU-ACT-2790,2025-04-02,BLACKLIST,0x16f068ea913a912c62114a873b678b1aa9236585,optimism,134011927,Ansarallah,47664,Digital Currency Address - USDT,TC4VsFHJdZ66BdwobZxkudVZBVmQZgCP65,TRON_KEY_EQUIVALENCE,Unknown,FTO; SDGT,2024-02-16
CU-ACT-2791,2025-04-02,BLACKLIST,0x9acfa7136bd9ee19fc2c4517e2033705262f938c,optimism,134011937,Ansarallah,47664,Digital Currency Address - USDT,TQ5mpZPbQMSq2s1vSM3RJgiB1AsTsiTpFZ,TRON_KEY_EQUIVALENCE,Unknown,FTO; SDGT,2024-02-16
CU-ACT-2792,2025-04-02,BLACKLIST,0xe942adb085bdc3cd49ad2ddaea53934f12a7e0a5,optimism,134011945,Ansarallah,47664,Digital Currency Address - USDT,TXEaKf4rT3rMoD3Vuqnuhwr6vLq6BL5t33,TRON_KEY_EQUIVALENCE,Unknown,FTO; SDGT,2024-02-16
CU-ACT-2793,2025-04-02,BLACKLIST,0x4755da10f30da425a1b5f12166bec82600c48c79,optimism,134011952,Ansarallah,47664,Digital Currency Address - USDT,TGUPpmW2bAnMCLe5ih2CFisfCHk4gTFDsx,TRON_KEY_EQUIVALENCE,Unknown,FTO; SDGT,2024-02-16
CU-ACT-2794,2025-04-02,BLACKLIST,0x2b872fc6d0614e39150d078db0e2ff56650f2b4b,optimism,134011960,Ansarallah,47664,Digital Currency Address - USDT,TDwN1Eq62bqvVhfGAjdRRJjE46jsi5KNMV,TRON_KEY_EQUIVALENCE,Unknown,FTO; SDGT,2024-02-16
CU-ACT-2795,2025-04-02,BLACKLIST,0x7a01e8268bbb7b5b7403b673aa0b9d7b36f651aa,optimism,134011971,Ansarallah,47664,Digital Currency Address - USDT,TM6Kix9wH8cYQ4rLpFifsQ4ddH3rPX3f8p,TRON_KEY_EQUIVALENCE,Unknown,FTO; SDGT,2024-02-16
CU-ACT-2796,2025-04-02,BLACKLIST,0x2a4c4406a0495116aa880c57486cb876658d8aa1,optimism,134011978,Ansarallah,47664,Digital Currency Address - USDT,TDprk9jeYPVm6khkBp1u7fwuyJcEJFrPWD,TRON_KEY_EQUIVALENCE,Unknown,FTO; SDGT,2024-02-16
CU-ACT-2797,2025-04-02,BLACKLIST,0xd9471e6c644756e845e4a10260362ab9a3a9845a,optimism,134011986,Ansarallah,47664,Digital Currency Address - USDT,TVn4q7L4fKEPbygi7UHq1CKfZxtbeuMV5q,TRON_KEY_EQUIVALENCE,Unknown,FTO; SDGT,2024-02-16
CU-ACT-2798,2025-05-29,BLACKLIST,0xd5ed34b52ac4ab84d8fa8a231a3218bbf01ed510,optimism,136475499,Funnull Technology Inc,53953,Digital Currency Address - ETH,0xd5ED34b52AC4ab84d8FA8A231a3218bbF01Ed510,HEX_IDENTIFIER,Unknown,CYBER3,2025-05-29
CU-ACT-2799,2025-05-29,BLACKLIST,0x8c5f37d4db13967643e33d5404f66f86569221ca,optimism,136475501,Funnull Technology Inc,53953,Digital Currency Address - TRX,TNmRfnSUXZoWWzxcDDbf95eGQYXt1mJDt8,TRON_KEY_EQUIVALENCE,Unknown,CYBER3,2025-05-29
CU-ACT-2800,2025-07-01,BLACKLIST,0xc685132e908cce284c063415ea353af5f555c6c6,optimism,137897500,Aeza Group LLC,54566,Digital Currency Address - TRX,TU4tDFRvcKhAZ1jdihojmBWZqvJhQCnJ4F,TRON_KEY_EQUIVALENCE,Unknown,CAATSA - RUSSIA; CYBER4,2025-07-01
CU-ACT-2801,2025-08-14,BLACKLIST,0x3301843d4d8c3314706a6526940bc2a38ed29475,optimism,139805015,Grinex,55045,Digital Currency Address - TRX,TEcuHDQthTmULe8fFLUccBPpjfXaTmJuuD,TRON_KEY_EQUIVALENCE,Unknown,CYBER4,2025-08-14
CU-ACT-2802,2025-08-14,BLACKLIST,0x6e2bf91ff62095e759301a1e46df3278f7d6bf07,optimism,139805016,Grinex,55045,Digital Currency Address - TRX,TL1k1U6SHohxBqb68kCodxHc9y2LXoDSep,TRON_KEY_EQUIVALENCE,Unknown,CYBER4,2025-08-14
CU-ACT-2803,2025-08-14,BLACKLIST,0x8a33c4dccc7e840e536c1abc9af4612f876f54de,optimism,139805017,Grinex,55045,Digital Currency Address - TRX,TNZxGWCwvsHr6JxQxzoeDXV597Yf7Zb7nV,TRON_KEY_EQUIVALENCE,Unknown,CYBER4,2025-08-14
CU-ACT-2804,2025-08-14,BLACKLIST,0x17b65262f73d2a8668dededc6a40274c3e0ea058,optimism,139805018,Grinex,55045,Digital Currency Address - TRX,TC8axQvzJEVR3NKN6mZnJtGy7537GEmh38,TRON_KEY_EQUIVALENCE,Unknown,CYBER4,2025-08-14
CU-ACT-2805,2025-08-14,BLACKLIST,0x0655b7211f302b42a7bfa16a6c45284ab82fd85b,optimism,139805019,Grinex,55045,Digital Currency Address - TRX,TAYhjpL8pPs8T84FSM329nffQpc6jD8GBM,TRON_KEY_EQUIVALENCE,Unknown,CYBER4,2025-08-14
CU-ACT-2806,2025-08-14,BLACKLIST,0x82df92ebaa039dd6c9e0689390d7298a5ca1f59c,optimism,139805021,Grinex,55045,Digital Currency Address - TRX,TMuCgBejD5RsNANZdjGtaM3YyKGNgDoy7N,TRON_KEY_EQUIVALENCE,Unknown,CYBER4,2025-08-14
CU-ACT-2807,2025-08-14,BLACKLIST,0x48ea81d8db01cc3f551be8ecc8627b5a803eb075,optimism,139805022,Grinex,55045,Digital Currency Address - TRX,TGckaiamj5NzaYx6Qp6Zu7kahuHArzUo99,TRON_KEY_EQUIVALENCE,Unknown,CYBER4,2025-08-14
CU-ACT-2808,2025-08-14,BLACKLIST,0x12de548f79a50d2bd05481c8515c1ef5183666a9,optimism,139805023,Old Vector LLC,55046,Digital Currency Address - ETH,0x12de548F79a50D2bd05481C8515C1eF5183666a9,HEX_IDENTIFIER,Unknown,CYBER4,2025-08-14
CU-ACT-2809,2025-08-14,BLACKLIST,0x18f703184349667cdae85a07e7f2efac36052b89,optimism,139805024,Old Vector LLC,55046,Digital Currency Address - TRX,TCFD8N3vM5b4Gr5f1kkajQsodRVNyyAq1d,TRON_KEY_EQUIVALENCE,Unknown,CYBER4,2025-08-14
CU-ACT-2810,2025-08-14,BLACKLIST,0x8dce2aac0de82bdcaf6b4373b79f94331b8e4995,optimism,139805025,GARANTEX EUROPE OU GARANTEX EUROPE OÜ,36025,Digital Currency Address - ETH,0x8Dce2aAC0dE82bdCAf6b4373B79f94331b8e4995,HEX_IDENTIFIER,Unknown,CYBER4; RUSSIA-EO14024,2022-04-05
CU-ACT-2811,2025-08-14,BLACKLIST,0xf4377eda661e04b6dda78969796ed31658d602d4,optimism,139805026,GARANTEX EUROPE OU GARANTEX EUROPE OÜ,36025,Digital Currency Address - ETH,0xf4377edA661e04B6DDA78969796Ed31658D602D4,HEX_IDENTIFIER,Unknown,CYBER4; RUSSIA-EO14024,2022-04-05
CU-ACT-2812,2025-08-14,BLACKLIST,0xb338962b92cd818d6aef0a32a9ecd01212a71f33,optimism,139805027,GARANTEX EUROPE OU GARANTEX EUROPE OÜ,36025,Digital Currency Address - ETH,0xb338962B92CD818D6aef0A32a9ECD01212a71f33,HEX_IDENTIFIER,Unknown,CYBER4; RUSSIA-EO14024,2022-04-05
CU-ACT-2813,2025-08-14,BLACKLIST,0x57ec89a0c056163a0314e413320f9b3abe761259,optimism,139805028,GARANTEX EUROPE OU GARANTEX EUROPE OÜ,36025,Digital Currency Address - ETH,0x57EC89A0C056163A0314e413320f9B3ABe761259,HEX_IDENTIFIER,Unknown,CYBER4; RUSSIA-EO14024,2022-04-05
CU-ACT-2814,2025-08-14,BLACKLIST,0xd8500c631dc32fa18645b7436344a99e4825e10e,optimism,139805029,GARANTEX EUROPE OU GARANTEX EUROPE OÜ,36025,Digital Currency Address - ETH,0xD8500C631dC32FA18645B7436344a99E4825e10e,HEX_IDENTIFIER,Unknown,CYBER4; RUSSIA-EO14024,2022-04-05
CU-ACT-2815,2025-08-14,BLACKLIST,0x7ced75026204ac29c34bea98905d4c949f27361e,optimism,139805030,GARANTEX EUROPE OU GARANTEX EUROPE OÜ,36025,Digital Currency Address - ETH,0x7CEd75026204aC29C34bEA98905D4C949F27361e,HEX_IDENTIFIER,Unknown,CYBER4; RUSSIA-EO14024,2022-04-05
CU-ACT-2816,2025-08-14,BLACKLIST,0x418949a4a7da9e07192909722072dded8f670d58,optimism,139805031,GARANTEX EUROPE OU GARANTEX EUROPE OÜ,36025,Digital Currency Address - TRX,TFwjPScaJRCbSWVAywE1S1WgaUgSnyYUbD,TRON_KEY_EQUIVALENCE,Unknown,CYBER4; RUSSIA-EO14024,2022-04-05
CU-ACT-2817,2025-08-14,BLACKLIST,0x6042c2f32769454c5ff226fdae52b81e49cd922f,optimism,139805032,GARANTEX EUROPE OU GARANTEX EUROPE OÜ,36025,Digital Currency Address - TRX,TJkBr9TZ1xBeJoF7RNWqyEMbYqVJ6fXXHR,TRON_KEY_EQUIVALENCE,Unknown,CYBER4; RUSSIA-EO14024,2022-04-05
CU-ACT-2818,2025-08-14,BLACKLIST,0x8660f3ab5285f9e497ffbf2997285c24466aa2a1,optimism,139805033,GARANTEX EUROPE OU GARANTEX EUROPE OÜ,36025,Digital Currency Address - TRX,TNDjh6WGLYyWmkh8vfu42bXVHUqFNQ3rDq,TRON_KEY_EQUIVALENCE,Unknown,CYBER4; RUSSIA-EO14024,2022-04-05
CU-ACT-2821,2025-09-16,BLACKLIST,0xe3d35f68383732649669aa990832e017340dbca5,optimism,141219771,ALIVAND Arash Estaki,55502,Digital Currency Address - ETH,0xe3d35f68383732649669aa990832e017340dbca5,HEX_IDENTIFIER,Unknown,IFSR; SDGT,2025-09-16
CU-ACT-2822,2025-09-16,BLACKLIST,0xf405df57cc3a2df4dd262b6494d76e346ca778f1,optimism,141219818,ALIVAND Arash Estaki,55502,Digital Currency Address - TRX,TYDUutYN4YLKUPeT7TG27Yyqw6kNVLq9QZ,TRON_KEY_EQUIVALENCE,Unknown,IFSR; SDGT,2025-09-16
CU-ACT-2823,2025-09-16,BLACKLIST,0x532b77b33a040587e9fd1800088225f99b8b0e8a,optimism,141219825,ALIVAND Arash Estaki,55502,Digital Currency Address - ETH,0x532b77b33a040587e9fd1800088225f99b8b0e8a,HEX_IDENTIFIER,Unknown,IFSR; SDGT,2025-09-16
CU-ACT-2824,2025-09-16,BLACKLIST,0xab4302cfcf1c2337c1b59af1d23bd97189fe962c,optimism,141219873,ALIVAND Arash Estaki,55502,Digital Currency Address - TRX,TRakpsE1mZjCUMNPyozR4BW2ZtJsF7ZWFN,TRON_KEY_EQUIVALENCE,Unknown,IFSR; SDGT,2025-09-16
CU-ACT-2825,2025-09-16,BLACKLIST,0xdb2720ebad55399117ddb4c4a4afd9a4ccada8fe,optimism,141219905,DERAKHSHAN Alireza درخشان علیرضا,55484,Digital Currency Address - ETH,0xdb2720ebad55399117ddb4c4a4afd9a4ccada8fe,HEX_IDENTIFIER,Unknown,IFSR; SDGT,2025-09-16
CU-ACT-2826,2025-09-16,BLACKLIST,0x9ab7a3e606677ddf6f3538dd4472ec770c282b3e,optimism,141219916,ALIVAND Arash Estaki,55502,Digital Currency Address - TRX,TQ5H49Wz3K57zNHmuXVp6uLzFwitxviABs,TRON_KEY_EQUIVALENCE,Unknown,IFSR; SDGT,2025-09-16
CU-ACT-2827,2025-09-16,BLACKLIST,0xba475bb43ee21013fd14c85e2c74b24bcf5a54c1,optimism,141219980,DERAKHSHAN Alireza درخشان علیرضا,55484,Digital Currency Address - TRX,TSxAAo67VTDgKT537EVXxdogkJtk9c6ojz,TRON_KEY_EQUIVALENCE,Unknown,IFSR; SDGT,2025-09-16
CU-ACT-2828,2025-09-24,BLACKLIST,0x240fd853e1509a975bd95348d49c923fb0b5d43c,optimism,141566399,Sayyed Sadiq Abbas Habib,55447,Digital Currency Address - TRX,TDFtJtyLPgN3oWUoHh23oJox3T5V5nR11K,TRON_KEY_EQUIVALENCE,Unknown,ILLICIT-DRUGS-EO14059,2025-09-24
CU-ACT-2833,2025-11-04,BLACKLIST,0x00be5e0c85be35948d97ad37f62d108243f89ae0,optimism,143339050,CHEIL CREDIT BANK,22985,Digital Currency Address - USDT,TA3941uFAvmVibSkQ6fMJXxmaSNovX86mz,TRON_KEY_EQUIVALENCE,Unknown,DPRK4,2017-09-26
CU-ACT-2834,2025-11-04,BLACKLIST,0x00bf03f87539214307207c61b7f729ddc22977b8,optimism,143339077,CHEIL CREDIT BANK,22985,Digital Currency Address - USDT,TA39q3p75XRSWYAEaSF7dANtyksoa3sLge,TRON_KEY_EQUIVALENCE,Unknown,DPRK4,2017-09-26
CU-ACT-2835,2025-11-04,BLACKLIST,0x596ac03ba123b802325bf62ceff98e5608ac48e9,optimism,143339228,CHEIL CREDIT BANK,22985,Digital Currency Address - USDT,TJ812KESWjzJZGEWBPFCu74Js5zQS7jN5A,TRON_KEY_EQUIVALENCE,Unknown,DPRK4,2017-09-26
CU-ACT-2836,2025-11-04,BLACKLIST,0x5263b1aa550f70bd9753ec558c631eaadd2ae98c,optimism,143339249,CHEIL CREDIT BANK,22985,Digital Currency Address - USDT,THUqqeevBQS3EYordDJKwp8DLFknesnfCD,TRON_KEY_EQUIVALENCE,Unknown,DPRK4,2017-09-26
CU-ACT-2837,2025-11-04,BLACKLIST,0x0d1891dd69efe614918e989b5ebd68d6e5f18ff5,optimism,143339287,CHEIL CREDIT BANK,22985,Digital Currency Address - USDT,TBATDh41qMQ1yeVYecneEvhpfayYmkAQWS,TRON_KEY_EQUIVALENCE,Unknown,DPRK4,2017-09-26
CU-ACT-2838,2025-11-04,BLACKLIST,0x10df38a923a660965d098f24a618b0d1b5d99cba,optimism,143339357,CHEIL CREDIT BANK,22985,Digital Currency Address - USDT,TBWRDpQsW1ZVPGGaBAwVLNb7iqmVBuM1nj,TRON_KEY_EQUIVALENCE,Unknown,DPRK4,2017-09-26
CU-ACT-2839,2025-11-04,BLACKLIST,0x114074ff655d0643a4ff70411ffca618cb7edca1,optimism,143339370,CHEIL CREDIT BANK,22985,Digital Currency Address - USDT,TBYRhsZR7Mdn9ezpGVLwZiNVnGm8wZGLAD,TRON_KEY_EQUIVALENCE,Unknown,DPRK4,2017-09-26
CU-ACT-2840,2025-11-04,BLACKLIST,0x117bb0cfee7ce8f842967537fbcd92fc504d68ab,optimism,143339403,CHEIL CREDIT BANK,22985,Digital Currency Address - USDT,TBZefVsyQpzzxc2WSCLbZBECvxVdzGqdtC,TRON_KEY_EQUIVALENCE,Unknown,DPRK4,2017-09-26
CU-ACT-2841,2025-11-04,BLACKLIST,0x17fff4f3364fa6dfa25cf37bebbff62bc47232f7,optimism,143339423,CHEIL CREDIT BANK,22985,Digital Currency Address - USDT,TCA7AfTSuDmgYk2VaezfPuZF4Z4X8wxwcQ,TRON_KEY_EQUIVALENCE,Unknown,DPRK4,2017-09-26
CU-ACT-2842,2025-11-04,BLACKLIST,0x15a68a9ffa2a94bdad8468d93af4db24251af772,optimism,143339444,CHEIL CREDIT BANK,22985,Digital Currency Address - USDT,TBwghbQMsBC5xcUxE7ZpYXhfDMXZAfiFv6,TRON_KEY_EQUIVALENCE,Unknown,DPRK4,2017-09-26
CU-ACT-2843,2025-11-04,BLACKLIST,0x2547ad3f4b0d37881101885addd1cedf753af9aa,optimism,143339462,CHEIL CREDIT BANK,22985,Digital Currency Address - USDT,TDNKsLvsY2iSznyghddXz7ZDRc4X3191Z8,TRON_KEY_EQUIVALENCE,Unknown,DPRK4,2017-09-26
CU-ACT-2844,2025-11-04,BLACKLIST,0x2cbd0ba5b15bde90d5252d8ac1ed2aa121d2d62a,optimism,143339583,CHEIL CREDIT BANK,22985,Digital Currency Address - USDT,TE3mCcPULjPUE7ykX7RArDPAhyahoy3d2j,TRON_KEY_EQUIVALENCE,Unknown,DPRK4,2017-09-26
CU-ACT-2845,2025-11-04,BLACKLIST,0x171f95410bc65dfc8549c287cd475dc8b82df192,optimism,143339590,CHEIL CREDIT BANK,22985,Digital Currency Address - USDT,TC5UNu3LGrjjVCuLNDdVgjm4oL5cQAyFRZ,TRON_KEY_EQUIVALENCE,Unknown,DPRK4,2017-09-26
CU-ACT-2846,2025-11-04,BLACKLIST,0x37cefc817a4582773b26835910127ba24f284bb4,optimism,143339612,CHEIL CREDIT BANK,22985,Digital Currency Address - USDT,TF4J8Gp7zbS8NA3HLuxsLdx7Ebzr6weCGn,TRON_KEY_EQUIVALENCE,Unknown,DPRK4,2017-09-26
CU-ACT-2847,2025-11-04,BLACKLIST,0x3e0c892556da529a0c03a28f763964bdf25ca88c,optimism,143339657,CHEIL CREDIT BANK,22985,Digital Currency Address - USDT,TFdHux43bs21qRsygv5WQWfgtbQeT6nXey,TRON_KEY_EQUIVALENCE,Unknown,DPRK4,2017-09-26
CU-ACT-2848,2025-11-04,BLACKLIST,0x45afe4b7e98b6ef450e7b5f53bc1763f3be83e69,optimism,143339714,CHEIL CREDIT BANK,22985,Digital Currency Address - USDT,TGKgLatirRpTugS6wgCUKerjLbzWKXAVqx,TRON_KEY_EQUIVALENCE,Unknown,DPRK4,2017-09-26
CU-ACT-2849,2025-11-04,BLACKLIST,0x40813812bb5a22be798d7f4cf227a584f4f87bc9,optimism,143339743,CHEIL CREDIT BANK,22985,Digital Currency Address - USDT,TFrH3dcpnR3tADrAcfyJwiK4brsgf3B7PG,TRON_KEY_EQUIVALENCE,Unknown,DPRK4,2017-09-26
CU-ACT-2850,2025-11-04,BLACKLIST,0x44888f0a128a21872c38aa44bede1e31137ba85f,optimism,143339747,CHEIL CREDIT BANK,22985,Digital Currency Address - USDT,TGDaYNWFXi9HJ7NacfETF15vhUH7eRhKzt,TRON_KEY_EQUIVALENCE,Unknown,DPRK4,2017-09-26
CU-ACT-2851,2025-11-04,BLACKLIST,0x491e68c8464e39723c304aef5cea9543f37ee607,optimism,143339827,CHEIL CREDIT BANK,22985,Digital Currency Address - USDT,TGdpkwNVFjw2DnbHBCFKLvCygPVPz9w4iM,TRON_KEY_EQUIVALENCE,Unknown,DPRK4,2017-09-26
CU-ACT-2852,2025-11-04,BLACKLIST,0x45fc0d462a6473905024a10f756feadf8e6c2d08,optimism,143339833,CHEIL CREDIT BANK,22985,Digital Currency Address - USDT,TGMFaAXH15oaW8MpcNHLid6NbMKWaaNPdC,TRON_KEY_EQUIVALENCE,Unknown,DPRK4,2017-09-26
CU-ACT-2853,2025-11-04,BLACKLIST,0x4b1d7ad9f0cbff66d194ba1e9f0da31635f23f0e,optimism,143339847,CHEIL CREDIT BANK,22985,Digital Currency Address - USDT,TGpNzk9noyvCCdnFPuSg5cqptPs16LjXZq,TRON_KEY_EQUIVALENCE,Unknown,DPRK4,2017-09-26
CU-ACT-2854,2025-11-04,BLACKLIST,0x412e673fb7cce4e031b9a02277b1aeb599f62bc1,optimism,143339862,CHEIL CREDIT BANK,22985,Digital Currency Address - USDT,TFurWgnyNMq9bhLrLoT9FGnrLfAL2BtR5R,TRON_KEY_EQUIVALENCE,Unknown,DPRK4,2017-09-26
CU-ACT-2855,2025-11-04,BLACKLIST,0x46ccbcaf10b406a85a412ab713ad451caef9a950,optimism,143339953,CHEIL CREDIT BANK,22985,Digital Currency Address - USDT,TGRZZsD8gxahF5oE6C7K8LLRHqQzoPa5bX,TRON_KEY_EQUIVALENCE,Unknown,DPRK4,2017-09-26
CU-ACT-2856,2025-11-04,BLACKLIST,0x4fa8b02fd04a8ed74b2c77d7efdfffbcc884e3f2,optimism,143339958,CHEIL CREDIT BANK,22985,Digital Currency Address - USDT,THEQTsqPhRDDfgcfBW5npH5Lr9PZhpthrf,TRON_KEY_EQUIVALENCE,Unknown,DPRK4,2017-09-26
CU-ACT-2857,2025-11-04,BLACKLIST,0x5042cca9d00c44733ebaf550851b9a65cc98d58f,optimism,143340073,CHEIL CREDIT BANK,22985,Digital Currency Address - USDT,THHb5iMAbZgQYY19h6uY66y5xt6e11gcZC,TRON_KEY_EQUIVALENCE,Unknown,DPRK4,2017-09-26
CU-ACT-2858,2025-11-04,BLACKLIST,0x55ef531216bd8077fb1acb8e61be532214b33b76,optimism,143340408,CHEIL CREDIT BANK,22985,Digital Currency Address - USDT,THob8vRrpDybXeqZDj8ukQhMjJVJ5nCbTW,TRON_KEY_EQUIVALENCE,Unknown,DPRK4,2017-09-26
CU-ACT-2859,2025-11-04,BLACKLIST,0x80865644f47925223c7e12014e9b11f0f05212bc,optimism,143340436,CHEIL CREDIT BANK,22985,Digital Currency Address - USDT,TMgnRWb9xFMtktny9Lzty21QYLLQD93ft6,TRON_KEY_EQUIVALENCE,Unknown,DPRK4,2017-09-26
CU-ACT-2860,2025-11-04,BLACKLIST,0x7b7f0d8f53e16faee4cf90aedf50c7073f17beff,optimism,143340475,CHEIL CREDIT BANK,22985,Digital Currency Address - USDT,TMECKT19hfumcK3KqQKbhxkn1ohyeR58xu,TRON_KEY_EQUIVALENCE,Unknown,DPRK4,2017-09-26
CU-ACT-2861,2025-11-04,BLACKLIST,0x72a2fc69c5a3025d9d79bb01335860aaf2a4a948,optimism,143340481,CHEIL CREDIT BANK,22985,Digital Currency Address - USDT,TLRMHPjLGXsVpD9RVzSfat6zDiVDrd4b4w,TRON_KEY_EQUIVALENCE,Unknown,DPRK4,2017-09-26
CU-ACT-2862,2025-11-04,BLACKLIST,0x95a603c86ec4a585e4359d1f07e6949567491fc9,optimism,143340489,CHEIL CREDIT BANK,22985,Digital Currency Address - USDT,TPcUZYthDfxNsHQnZZGBM1BDNBeNSjfPZE,TRON_KEY_EQUIVALENCE,Unknown,DPRK4,2017-09-26
CU-ACT-2863,2025-11-04,BLACKLIST,0x5a1ca8328b9da53c6c11c8745ea8da29a9cd36c1,optimism,143340505,CHEIL CREDIT BANK,22985,Digital Currency Address - USDT,TJBg9SxwiUUoqJGk18vK9avxkuV8GrKMK7,TRON_KEY_EQUIVALENCE,Unknown,DPRK4,2017-09-26
CU-ACT-2864,2025-11-04,BLACKLIST,0xfc3def4dc3bac88f7e80d53c2499a02d65ae7e66,optimism,143340533,CHEIL CREDIT BANK,22985,Digital Currency Address - USDT,TYxwUhoLPF7AgfG9GaXFEp8CQi8K8KG1m3,TRON_KEY_EQUIVALENCE,Unknown,DPRK4,2017-09-26
CU-ACT-2865,2025-11-04,BLACKLIST,0x9d6350f74c811ca9e9c9adc35227a1193d5984b0,optimism,143340537,CHEIL CREDIT BANK,22985,Digital Currency Address - USDT,TQKQ4ntejdYYJpuYkFz8oCSDoXW6RKRDdY,TRON_KEY_EQUIVALENCE,Unknown,DPRK4,2017-09-26
CU-ACT-2866,2025-11-04,BLACKLIST,0xa4e740b001ea51cd90988b19cfb9da7a52e91c47,optimism,143340543,CHEIL CREDIT BANK,22985,Digital Currency Address - USDT,TR18rEj7gWjKBJLYrowyfnvjWLTTsXGngK,TRON_KEY_EQUIVALENCE,Unknown,DPRK4,2017-09-26
CU-ACT-2867,2025-11-04,BLACKLIST,0x97a582fff8b54e501f584dcd828fd1200f6f9e6b,optimism,143340544,CHEIL CREDIT BANK,22985,Digital Currency Address - USDT,TPo3JyryRcQ3uhBWexeYhtkpMitsUwY4uB,TRON_KEY_EQUIVALENCE,Unknown,DPRK4,2017-09-26
CU-ACT-2868,2025-11-04,BLACKLIST,0x919d585e07ab0926832753eb43fd6fb2b8488051,optimism,143340574,CHEIL CREDIT BANK,22985,Digital Currency Address - USDT,TPF9UQhqpV18BPWg5xo6MeB3h8t4iEg9gP,TRON_KEY_EQUIVALENCE,Unknown,DPRK4,2017-09-26
CU-ACT-2869,2025-11-04,BLACKLIST,0xad0fd006d311c33da60c180603316a813a3f68d4,optimism,143340591,CHEIL CREDIT BANK,22985,Digital Currency Address - USDT,TRkGqvaobVp4XDNmSceRo5hDcJYDTFmYjd,TRON_KEY_EQUIVALENCE,Unknown,DPRK4,2017-09-26
CU-ACT-2870,2025-11-04,BLACKLIST,0xc19a1636cf379ce180a61946a990d743bd2ee3d1,optimism,143340602,CHEIL CREDIT BANK,22985,Digital Currency Address - USDT,TTct1DezYvriNWU7Wi3mygLoskkaw61mra,TRON_KEY_EQUIVALENCE,Unknown,DPRK4,2017-09-26
CU-ACT-2871,2025-11-04,BLACKLIST,0x932dbae7c0493923c2643efc52b9faadfc3109a6,optimism,143340606,CHEIL CREDIT BANK,22985,Digital Currency Address - USDT,TPPR7e8hGC57dexrE2jy1f94wtuGyVP6Dp,TRON_KEY_EQUIVALENCE,Unknown,DPRK4,2017-09-26
CU-ACT-2872,2025-11-04,BLACKLIST,0xa3afa16728fc3a16072a7a00ec4508fafe02a34a,optimism,143340699,CHEIL CREDIT BANK,22985,Digital Currency Address - USDT,TQthYM5nLqwAEr6DScC8tRtw29ncEB53mK,TRON_KEY_EQUIVALENCE,Unknown,DPRK4,2017-09-26
CU-ACT-2873,2025-11-04,BLACKLIST,0x80d658d0d767de04a4379fee4a2fdf10d9bfbf03,optimism,143340757,CHEIL CREDIT BANK,22985,Digital Currency Address - USDT,TMiSGhXXVsvJzqwGbwAsGiFxWg2eALZoM5,TRON_KEY_EQUIVALENCE,Unknown,DPRK4,2017-09-26
CU-ACT-2874,2025-11-04,BLACKLIST,0xda9809eaca62c7d52978045007f26817c425875f,optimism,143340803,CHEIL CREDIT BANK,22985,Digital Currency Address - USDT,TVu2SiQrWSnfwk8quAeDxfiaLy6FHzYkMA,TRON_KEY_EQUIVALENCE,Unknown,DPRK4,2017-09-26
CU-ACT-2875,2025-11-04,BLACKLIST,0xf3f338ec1c5e17ab45377e78308ace9a6338242c,optimism,143340870,CHEIL CREDIT BANK,22985,Digital Currency Address - USDT,TYD6a4PAAfAgegEdDf9oZUnW4DFmS8jeFT,TRON_KEY_EQUIVALENCE,Unknown,DPRK4,2017-09-26
CU-ACT-2876,2025-11-04,BLACKLIST,0xdb7ae6b7a2153fe0062be5d1d90a8be5ec8aaa50,optimism,143340894,CHEIL CREDIT BANK,22985,Digital Currency Address - USDT,TVyiDQ25H6Rx6PcNV1WyjGasGSa8ehj1Uv,TRON_KEY_EQUIVALENCE,Unknown,DPRK4,2017-09-26
CU-ACT-2877,2025-11-04,BLACKLIST,0xc5aa13f464851d92fd59f1ef6a1c719e5e6d2d4a,optimism,143340953,CHEIL CREDIT BANK,22985,Digital Currency Address - USDT,TTzMs5AR66jr9mQMkWfCHVwd3AiLLYPepQ,TRON_KEY_EQUIVALENCE,Unknown,DPRK4,2017-09-26
CU-ACT-2878,2025-11-04,BLACKLIST,0xed5324b5482a3eef2eb4263d1c386d86bfda5d4b,optimism,143341028,CHEIL CREDIT BANK,22985,Digital Currency Address - USDT,TXc4kRiMEcdXRxWpSKkD5qKaARExN4uxPq,TRON_KEY_EQUIVALENCE,Unknown,DPRK4,2017-09-26
CU-ACT-2879,2025-11-04,BLACKLIST,0xc014eb917fb0689844b31347c7556c18a319bbbf,optimism,143341065,CHEIL CREDIT BANK,22985,Digital Currency Address - USDT,TTUqoT6EAmiM1xLvwVwxhjvjaoEUGtKDdZ,TRON_KEY_EQUIVALENCE,Unknown,DPRK4,2017-09-26
CU-ACT-2880,2025-11-04,BLACKLIST,0xf512078e07f61a2e28081c8ea86c6056788d18b4,optimism,143341108,CHEIL CREDIT BANK,22985,Digital Currency Address - USDT,TYK29mbyvVxLaLUKdFSTRADMwoxaVbVZQg,TRON_KEY_EQUIVALENCE,Unknown,DPRK4,2017-09-26
CU-ACT-2881,2025-11-04,BLACKLIST,0xd3301fc40c118a14ba8c15370e6dd3746656d287,optimism,143341130,CHEIL CREDIT BANK,22985,Digital Currency Address - USDT,TVDsEFm19zLV8HeXdt6G75rLroxnp6uqpV,TRON_KEY_EQUIVALENCE,Unknown,DPRK4,2017-09-26
CU-ACT-2882,2025-11-04,BLACKLIST,0xc95b0eaad3ed1c1505fc9b1a50c160afe3594036,optimism,143341318,CHEIL CREDIT BANK,22985,Digital Currency Address - USDT,TUKsuPVb8kgJVFp5x528KC5HisUVdzxami,TRON_KEY_EQUIVALENCE,Unknown,DPRK4,2017-09-26
CU-ACT-2883,2025-11-04,BLACKLIST,0xe96e4483bc3f3abfea3213cd8a094ce5b26b117c,optimism,143341426,CHEIL CREDIT BANK,22985,Digital Currency Address - USDT,TXFUYHVJMDyKikutvCG6qNgTUS5pxtZhHs,TRON_KEY_EQUIVALENCE,Unknown,DPRK4,2017-09-26
CU-ACT-2884,2025-11-04,BLACKLIST,0xe61c235a51cf48a554c60005d936d424d0d76397,optimism,143341439,CHEIL CREDIT BANK,22985,Digital Currency Address - USDT,TWwv8FQiES3yHGig7y3zJWYuPaZfSV3vmY,TRON_KEY_EQUIVALENCE,Unknown,DPRK4,2017-09-26
CU-ACT-2885,2025-11-04,BLACKLIST,0xdc2ec40485f23d6268fe9f4fde8c390051f4766a,optimism,143341561,CHEIL CREDIT BANK,22985,Digital Currency Address - USDT,TW3RgbhYkFEFnmRJ9mE9b83T9XYSMkjwuD,TRON_KEY_EQUIVALENCE,Unknown,DPRK4,2017-09-26
CU-ACT-2886,2025-11-19,BLACKLIST,0x5d5b5dafecbf31bdb08bfd3edad4f2694372d0ef,optimism,143987979,Sokolovski Rolan,56360,Digital Currency Address - ETH,0x5d5b5dafecbf31bdb08bfd3edad4f2694372d0ef,HEX_IDENTIFIER,Unknown,ILLICIT-DRUGS-EO14059,2025-11-19
CU-ACT-2887,2025-11-19,BLACKLIST,0xe1e4c5e5ed8f03ae61b581e2def126025f2b9401,optimism,143988032,Sokolovski Rolan,56360,Digital Currency Address - ETH,0xe1e4c5e5ed8f03ae61b581e2def126025f2b9401,HEX_IDENTIFIER,Unknown,ILLICIT-DRUGS-EO14059,2025-11-19
CU-ACT-2888,2025-11-19,BLACKLIST,0x2020b536fd363c82fc3f6ab26aeea94b4ffa1404,optimism,143988231,Sokolovski Rolan,56360,Digital Currency Address - TRX,TCu5onCzXuqxjvVzdB2tR4FLuF66d4yRqf,TRON_KEY_EQUIVALENCE,Unknown,ILLICIT-DRUGS-EO14059,2025-11-19
CU-ACT-2889,2025-11-19,BLACKLIST,0xc103b7dc095c904b92081eef0c1640081ec01c10,optimism,143988281,Sokolovski Rolan,56360,Digital Currency Address - ETH,0xc103b7dc095c904b92081eef0c1640081ec01c10,HEX_IDENTIFIER,Unknown,ILLICIT-DRUGS-EO14059,2025-11-19
CU-ACT-2890,2025-11-19,BLACKLIST,0x091a964948da0f8f638c8b688e391e5a3df1a43e,optimism,143988303,Wedding Ryan James,56357,Digital Currency Address - TRX,TAoLw5yD5XUoHWeBZRSZ1ExK9HMv2CiPvP,TRON_KEY_EQUIVALENCE,Unknown,ILLICIT-DRUGS-EO14059,2025-11-19
CU-ACT-2891,2025-11-19,BLACKLIST,0x9227c54226014afcb588dc49818e28a3a2367557,optimism,143988323,Wedding Ryan James,56357,Digital Currency Address - TRX,TPJ1JNX98MJpHueBJeF5SVSg85z8mYg1P1,TRON_KEY_EQUIVALENCE,Unknown,ILLICIT-DRUGS-EO14059,2025-11-19
CU-ACT-2892,2025-11-19,BLACKLIST,0x11fe0fd1a9fb17746eb9877a396ddf1b3a632838,optimism,143988325,Sokolovski Rolan,56360,Digital Currency Address - TRX,TBcLqqqyZjNj1ptuXFgj5H768NhNU5nDyn,TRON_KEY_EQUIVALENCE,Unknown,ILLICIT-DRUGS-EO14059,2025-11-19
CU-ACT-2893,2025-11-19,BLACKLIST,0xd4e976441a1cad72ee5cbd2fd1b677fe7ce8afdf,optimism,143988374,Wedding Ryan James,56357,Digital Currency Address - TRX,TVNyvx2astt2AB1Us67ENjfMZeEXZeiuu6,TRON_KEY_EQUIVALENCE,Unknown,ILLICIT-DRUGS-EO14059,2025-11-19
CU-ACT-2895,2026-01-30,BLACKLIST,0x0529ebc9ff01a4d390f91687d7c7406bf0dab24e,optimism,147096170,Zedcex Exchange Ltd,56865,Digital Currency Address - TRX,TASWbk6X1wiTku5TMmMQYqYFvshVEtfJy8,TRON_KEY_EQUIVALENCE,Unknown,IFSR; IRAN-EO13902; SDGT,2026-01-30
CU-ACT-2896,2026-01-30,BLACKLIST,0xbf92b14aa9fd088182178e2ebf208da946521ee5,optimism,147096186,Zedcex Exchange Ltd,56865,Digital Currency Address - TRX,TTS9o5KkpGgH8cK9LofLmMAPYb5zfQvSNa,TRON_KEY_EQUIVALENCE,Unknown,IFSR; IRAN-EO13902; SDGT,2026-01-30
CU-ACT-2897,2026-01-30,BLACKLIST,0x4bae1c4b2167fe4ebcd6d7baac1138d943a2609f,optimism,147096271,Zedcex Exchange Ltd,56865,Digital Currency Address - TRX,TGsNFrgWfbGN2gX25Wcf8oTejtxtQkvmEx,TRON_KEY_EQUIVALENCE,Unknown,IFSR; IRAN-EO13902; SDGT,2026-01-30
CU-ACT-2898,2026-01-30,BLACKLIST,0x2136ed3902c1d7217d9b19cf313bbb035ed9bfd7,optimism,147096324,Zedcex Exchange Ltd,56865,Digital Currency Address - TRX,TCzq6m2zxnQkrZrf8cqYcK6bbXQYAfWYKC,TRON_KEY_EQUIVALENCE,Unknown,IFSR; IRAN-EO13902; SDGT,2026-01-30
CU-ACT-2899,2026-01-30,BLACKLIST,0x180242dc6b95c786c2d9c397532c679a956a1d12,optimism,147096362,Zedcex Exchange Ltd,56865,Digital Currency Address - TRX,TCA9vmjsYw9MtPKEwRBtGhKFRfr4CLxJAv,TRON_KEY_EQUIVALENCE,Unknown,IFSR; IRAN-EO13902; SDGT,2026-01-30
CU-ACT-2900,2026-01-30,BLACKLIST,0x8dd586d12164a98e319607295935ee968919608e,optimism,147096396,Zedcex Exchange Ltd,56865,Digital Currency Address - TRX,TNuA5CQ6LB4jTHoNrjEeQZJmcmhQuHMbQ7,TRON_KEY_EQUIVALENCE,Unknown,IFSR; IRAN-EO13902; SDGT,2026-01-30
CU-ACT-2901,2026-01-30,BLACKLIST,0x783a4cc2478f1b44f37052bac72abaa3fc6f992a,optimism,147096418,Zedcex Exchange Ltd,56865,Digital Currency Address - TRX,TLvuvpfBKdxddxSsJefeiGCe9eVY8HUroE,TRON_KEY_EQUIVALENCE,Unknown,IFSR; IRAN-EO13902; SDGT,2026-01-30
CU-ACT-2902,2026-03-12,BLACKLIST,0xb637f84b66876ebf609c2a4208905f9ddac9d075,optimism,148868642,Yun Song Guk,57034,Digital Currency Address - ETH,0xb637f84b66876ebf609c2a4208905f9ddac9d075,HEX_IDENTIFIER,Unknown,DPRK4,2026-03-12
CU-ACT-2903,2026-03-12,BLACKLIST,0x95584c303fcd48af5c6b9873015f2ad0ca84eae3,optimism,148868663,Yun Song Guk,57034,Digital Currency Address - ETH,0x95584C303FCd48AF5c6B9873015f2AD0ca84EaE3,HEX_IDENTIFIER,Unknown,DPRK4,2026-03-12
CU-ACT-2904,2026-03-12,BLACKLIST,0xcb74874f1e06fcf80a306e06e5379a44b488ba2d,optimism,148868952,AMNOKGANG TECHNOLOGY DEVELOPMENT COMPANY 압록강기술개발회사 鸭绿江技术开发公司,57056,Digital Currency Address - ETH,0xcB74874f1e06Fcf80A306e06e5379A44B488bA2D,HEX_IDENTIFIER,Unknown,DPRK4,2026-03-12
CU-ACT-2905,2026-03-12,BLACKLIST,0x0330070fd38ec3bb94f58fa55d40368271e9e54a,optimism,148868979,AMNOKGANG TECHNOLOGY DEVELOPMENT COMPANY 압록강기술개발회사 鸭绿江技术开发公司,57056,Digital Currency Address - ETH,0x0330070FD38Ec3bB94F58FA55D40368271E9e54A,HEX_IDENTIFIER,Unknown,DPRK4,2026-03-12
CU-ACT-2906,2026-03-12,BLACKLIST,0x4f47bc496083c727c5fbe3ce9cdf2b0f6496270c,optimism,148869011,Sim Hyon Sop,42498,Digital Currency Address - ETH,0x4f47bc496083c727c5fbe3ce9cdf2b0f6496270c,HEX_IDENTIFIER,Unknown,NPWMD,2023-04-24
CU-ACT-2907,2026-03-12,BLACKLIST,0xd04e33461fea8302c5e1e13895b60cee8aefda7f,optimism,148869081,Sim Hyon Sop,42498,Digital Currency Address - ETH,0xd04E33461FEA8302c5E1e13895b60cEe8AEfda7F,HEX_IDENTIFIER,Unknown,NPWMD,2023-04-24
CU-ACT-2908,2026-03-12,BLACKLIST,0x9be599d7867f5e1a2d7ec6db9710df2b98a15573,optimism,148869092,AMNOKGANG TECHNOLOGY DEVELOPMENT COMPANY 압록강기술개발회사 鸭绿江技术开发公司,57056,Digital Currency Address - ETH,0x9Be599d7867f5E1a2D7Ec6dB9710dF2b98A15573,HEX_IDENTIFIER,Unknown,DPRK4,2026-03-12
CU-ACT-2909,2026-03-12,BLACKLIST,0x76ea76ca4eb727f18956ab93445a94c5280412b9,optimism,148869109,Sim Hyon Sop,42498,Digital Currency Address - ETH,0x76EA76CA4Eb727f18956aB93445a94c5280412B9,HEX_IDENTIFIER,Unknown,NPWMD,2023-04-24
CU-ACT-2910,2026-03-12,BLACKLIST,0xfb3eff152ea55d1bfa04dbdd509a80fd7b72cdeb,optimism,148869174,Sim Hyon Sop,42498,Digital Currency Address - ETH,0xFb3eFf152ea55D1BfA04Dbdd509A80fD7b72cdEB,HEX_IDENTIFIER,Unknown,NPWMD,2023-04-24
CU-ACT-2911,2026-03-12,BLACKLIST,0x747afb5c7a7fc34b547cd0fdebf9b91759c5a52b,optimism,148869288,Sim Hyon Sop,42498,Digital Currency Address - ETH,0x747AFB5c7A7fc34B547cD0FDEbf9b91759C5a52b,HEX_IDENTIFIER,Unknown,NPWMD,2023-04-24
CU-ACT-2912,2026-03-12,BLACKLIST,0xfda1ec4a6178d4916b001a065422d31ebe5f62ff,optimism,148869297,Sim Hyon Sop,42498,Digital Currency Address - ETH,0xFda1Ec4A6178d4916b001a065422D31EBE5F62FF,HEX_IDENTIFIER,Unknown,NPWMD,2023-04-24
CU-ACT-2913,2026-03-12,BLACKLIST,0x8d55c4306745f05a31af596c6bfa19374073e797,optimism,148869380,AMNOKGANG TECHNOLOGY DEVELOPMENT COMPANY 압록강기술개발회사 鸭绿江技术开发公司,57056,Digital Currency Address - TRX,TNrX2FwrHKoo4XACGkmSzqeK4pdnKYn6Z7,TRON_KEY_EQUIVALENCE,Unknown,DPRK4,2026-03-12
CU-ACT-2914,2026-03-12,BLACKLIST,0x2ec6c5fe3d7acd8e2e6185c17d9acb136e66f3e0,optimism,148869397,AMNOKGANG TECHNOLOGY DEVELOPMENT COMPANY 압록강기술개발회사 鸭绿江技术开发公司,57056,Digital Currency Address - TRX,TEEYCuGDyeNkuDj4u6GQRXxXo3Nh29r2vP,TRON_KEY_EQUIVALENCE,Unknown,DPRK4,2026-03-12
CU-ACT-2915,2026-03-12,BLACKLIST,0xfe88af78cfc99bea57f2fb708489cfc0f0b7f704,optimism,148869402,AMNOKGANG TECHNOLOGY DEVELOPMENT COMPANY 압록강기술개발회사 鸭绿江技术开发公司,57056,Digital Currency Address - TRX,TZB4NrX7k9ZsV6PRc1GigAztLL8WHpLvwP,TRON_KEY_EQUIVALENCE,Unknown,DPRK4,2026-03-12
CU-ACT-2916,2026-03-12,BLACKLIST,0xee61f0eeee09eed3583baab61fa2e64b96207478,optimism,148869527,Sim Hyon Sop,42498,Digital Currency Address - TRX,TXhf9nU9bjo1j9z5qEesHdr6gtdndfnA4T,TRON_KEY_EQUIVALENCE,Unknown,NPWMD,2023-04-24
CU-ACT-2917,2026-03-12,BLACKLIST,0x9145fc390e71e3b56da4bfe51460cbdbb1a8a3f9,optimism,148869605,Sim Hyon Sop,42498,Digital Currency Address - TRX,TPDLpXxPcaSsupEZ3yrVksmNkYP5SLeKxu,TRON_KEY_EQUIVALENCE,Unknown,NPWMD,2023-04-24
CU-ACT-2918,2026-03-12,BLACKLIST,0x283fcf7f260da7c3c9aad91beab58882990a66eb,optimism,148869621,AMNOKGANG TECHNOLOGY DEVELOPMENT COMPANY 압록강기술개발회사 鸭绿江技术开发公司,57056,Digital Currency Address - TRX,TDe2UNAvuUnTbbDo7518eMe3TXN5qJW8Ft,TRON_KEY_EQUIVALENCE,Unknown,DPRK4,2026-03-12
CU-ACT-2919,2026-03-12,BLACKLIST,0x47df0606a84a52763887d7aa280cc4f068326b16,optimism,148869624,Sim Hyon Sop,42498,Digital Currency Address - TRX,TGXE9dGWawjfd3xqFSho1h1bRbRv9wUGrF,TRON_KEY_EQUIVALENCE,Unknown,NPWMD,2023-04-24
CU-ACT-2920,2026-03-12,BLACKLIST,0x88ef69134150f35b1e91fa2d8bfbb44ba2c51e62,optimism,148869642,Sim Hyon Sop,42498,Digital Currency Address - TRX,TNTFhgFoKH4srBMiWbfrVFqP2AThSmdwf1,TRON_KEY_EQUIVALENCE,Unknown,NPWMD,2023-04-24
CU-ACT-2921,2026-03-12,BLACKLIST,0x6315bdc714ebb7a08e5ec10f351b6ca61d052bee,optimism,148869695,Sim Hyon Sop,42498,Digital Currency Address - TRX,TK17wfSPp32RWrnzZPrGpv7TxdNFvvvE2s,TRON_KEY_EQUIVALENCE,Unknown,NPWMD,2023-04-24
CU-ACT-2922,2026-03-12,BLACKLIST,0xf8bc582628cd0c721b554161a1cb59ea003742c0,optimism,148869706,Sim Hyon Sop,42498,Digital Currency Address - TRX,TYeQD2VddTZ9NkFkAnT9DD8cUGetGUQZB2,TRON_KEY_EQUIVALENCE,Unknown,NPWMD,2023-04-24
CU-ACT-2925,2026-04-24,BLACKLIST,0x8be1904f7e8d196ef670835e2893be5f75c1e63e,ethereum,24951634,BANK MARKAZI JOMHOURI ISLAMI IRAN,4632,Digital Currency Address - TRX,TNiq9AXBp9EjUqhDhrwrfvAA8U3GUQZH81,TRON_KEY_EQUIVALENCE,Unknown,IFSR; IRAN; IRGC; SDGT,2010-06-16
CU-ACT-2926,2026-04-24,BLACKLIST,0xc29c4df7111a39030a037a3abc8dc68c8d1d8ceb,ethereum,24951643,BANK MARKAZI JOMHOURI ISLAMI IRAN,4632,Digital Currency Address - TRX,TTiDLWE6fZK8okMJv6ijg42yrH6W2pjSr9,TRON_KEY_EQUIVALENCE,Unknown,IFSR; IRAN; IRGC; SDGT,2010-06-16
CU-ACT-2975,2026-05-20,BLACKLIST,0x038989cbb1710c72b9920dc4fa529158f463e72c,ethereum,25137303,Ojeda Aviles Armando de Jesus,57107,Digital Currency Address - ETH,0x038989cbb1710c72b9920dc4fa529158f463e72c,HEX_IDENTIFIER,Unknown,ILLICIT-DRUGS-EO14059; SDGT,2026-05-20
CU-ACT-2976,2026-05-20,BLACKLIST,0x14779cec0b117d5194c750c55ea1f42086631964,ethereum,25137313,Ojeda Aviles Armando de Jesus,57107,Digital Currency Address - ETH,0x14779CEC0B117d5194c750C55Ea1f42086631964,HEX_IDENTIFIER,Unknown,ILLICIT-DRUGS-EO14059; SDGT,2026-05-20
CU-ACT-2977,2026-05-20,BLACKLIST,0x32da24ca413f3e7b53145d4737e172c3bdf81e3e,ethereum,25137319,Ojeda Aviles Armando de Jesus,57107,Digital Currency Address - ETH,0x32dA24Ca413F3E7B53145D4737e172C3bdF81e3e,HEX_IDENTIFIER,Unknown,ILLICIT-DRUGS-EO14059; SDGT,2026-05-20
CU-ACT-2978,2026-05-20,BLACKLIST,0x4f428c11dc82388fa5136d636e613ad923eb700b,ethereum,25137331,Ojeda Aviles Armando de Jesus,57107,Digital Currency Address - ETH,0x4F428c11Dc82388fa5136D636e613ad923Eb700B,HEX_IDENTIFIER,Unknown,ILLICIT-DRUGS-EO14059; SDGT,2026-05-20
CU-ACT-2979,2026-05-20,BLACKLIST,0xac4cc4b68ea24bbfaac8fd127b67ed445accce22,ethereum,25137358,Alarcon Palomares Rodrigo,57118,Digital Currency Address - ETH,0xaC4cC4B68ea24BbFAAC8fD127B67Ed445ACcCE22,HEX_IDENTIFIER,Unknown,ILLICIT-DRUGS-EO14059,2026-05-20
CU-ACT-2980,2026-05-20,BLACKLIST,0xf2235d55b2950a0b1317469d72d07ae65b2e27cb,ethereum,25137362,Ojeda Aviles Armando de Jesus,57107,Digital Currency Address - ETH,0xf2235d55b2950a0b1317469d72d07ae65b2e27cb,HEX_IDENTIFIER,Unknown,ILLICIT-DRUGS-EO14059; SDGT,2026-05-20
CU-ACT-3003,2026-06-22,BLACKLIST,0x110cb5c5089fc35ba0deb718a291dd64f6d1bec8,ethereum,25374836,Abderrahmane Miloud,57961,Digital Currency Address - TRX,TBXMiRqUp1XH1zLazWu8cWitMAScv4HsYq,TRON_KEY_EQUIVALENCE,Unknown,SDGT,2026-06-22
CU-ACT-3004,2026-06-22,BLACKLIST,0x2408302c960af24d6df5dee325b59ac59b2e55ce,ethereum,25374841,Abderrahmane Miloud,57961,Digital Currency Address - TRX,TDFj8tYzfLDkwEMo4MJ2DfrbpMztuCCnan,TRON_KEY_EQUIVALENCE,Unknown,SDGT,2026-06-22
CU-ACT-3005,2026-07-01,BLACKLIST,0x1508e3c339f9e916595bfa6ea169aee265acf90c,ethereum,25438490,ISIL Khorasan,18647,Digital Currency Address - TRX,TBtRqkiFzyuwe8nSAGQghxygAfwAF5eERq,TRON_KEY_EQUIVALENCE,Unknown,FTO; SDGT,2015-09-29
CU-ACT-3006,2026-07-01,BLACKLIST,0xce9f3bc87000393f625088ed40280a74682396cf,ethereum,25438492,ISIL Khorasan,18647,Digital Currency Address - TRX,TUoixKFaWVsHxGWgnYyMzpkrT22YqU7VvH,TRON_KEY_EQUIVALENCE,Unknown,FTO; SDGT,2015-09-29
CU-ACT-3007,2026-07-01,BLACKLIST,0x0eaea039d805c9600de19d5a9aa6daf4d51979ed,ethereum,25438505,ISIL Khorasan,18647,Digital Currency Address - TRX,TBJqexr1FfGxVKhDsKeou6FVLBW1aS1Ny7,TRON_KEY_EQUIVALENCE,Unknown,FTO; SDGT,2015-09-29
CU-ACT-3008,2026-07-01,BLACKLIST,0xc44b0630645bdf681c775df334cbd7530da813fa,ethereum,25438511,ISIL Khorasan,18647,Digital Currency Address - TRX,TTs7KRq39547ruAsxb9brAPuTLy7h3U6H1,TRON_KEY_EQUIVALENCE,Unknown,FTO; SDGT,2015-09-29
CU-ACT-3009,2026-07-01,BLACKLIST,0x1f6aa4cd73fe9faf58727800b075d43caa106d46,ethereum,25438545,ISIL Khorasan,18647,Digital Currency Address - TRX,TCqKhk7MpPnGH3UfygE1TRzUo92a5tuVy6,TRON_KEY_EQUIVALENCE,Unknown,FTO; SDGT,2015-09-29
CU-ACT-3010,2026-07-01,BLACKLIST,0xda916a1c12989829fb02a0241a7e70b5a1a4e905,ethereum,25438552,ISIL Khorasan,18647,Digital Currency Address - TRX,TVttWTHTCU9kULP51m9BaHpmCW8H1BJJNQ,TRON_KEY_EQUIVALENCE,Unknown,FTO; SDGT,2015-09-29
CU-ACT-3011,2026-07-01,BLACKLIST,0xd67bb799b7d2dded7dd85802c5a6affec1108b94,ethereum,25438565,ISIL Khorasan,18647,Digital Currency Address - TRX,TVXHp8bMrpRd5HGy3w1yu9f87qwRrMHFp8,TRON_KEY_EQUIVALENCE,Unknown,FTO; SDGT,2015-09-29
CU-ACT-3012,2026-07-01,BLACKLIST,0xb654159bc14f208000ec9e0ad287b321c7a3bf5c,ethereum,25438576,ISIL Khorasan,18647,Digital Currency Address - TRX,TSbGiFzG9xFXUYgGA6RwbS3jvKNpeA4c3R,TRON_KEY_EQUIVALENCE,Unknown,FTO; SDGT,2015-09-29
CU-ACT-3013,2026-07-01,BLACKLIST,0xb4a69b8228c1621eb22d9c6f1ef33926616f8218,ethereum,25438589,ISIL Khorasan,18647,Digital Currency Address - TRX,TSSQDgExKUELagzAKTAcoLMviq4SZ1eTFm,TRON_KEY_EQUIVALENCE,Unknown,FTO; SDGT,2015-09-29
CU-ACT-3014,2026-07-01,BLACKLIST,0xe2b0c8cd5516cf733013712408add325081225ca,ethereum,25438591,ISIL Khorasan,18647,Digital Currency Address - TRX,TWdqVcA3NyrNv71NgbMwKv3C5XMxj4XjSp,TRON_KEY_EQUIVALENCE,Unknown,FTO; SDGT,2015-09-29
CU-ACT-3015,2026-07-01,BLACKLIST,0x9b571ef4731f0c8539a629cc4c44fa4fd280c10d,ethereum,25438598,ISIL Khorasan,18647,Digital Currency Address - TRX,TQ8a74SiDig3EDSC14tosLACWLbvaNYwCJ,TRON_KEY_EQUIVALENCE,Unknown,FTO; SDGT,2015-09-29
CU-ACT-3016,2026-07-01,BLACKLIST,0xe6e1d9098b08fff5f8b3e27a02d4dca8ffcdf0a9,ethereum,25438607,ISIL Khorasan,18647,Digital Currency Address - TRX,TX1zyMrYZNbtQx7yPZp4adZV5NbToGNrkS,TRON_KEY_EQUIVALENCE,Unknown,FTO; SDGT,2015-09-29
CU-ACT-3017,2026-07-01,BLACKLIST,0xd1d1443c710b2f295f72ef3bc8be04a28be3e0db,ethereum,25438615,ISIL Khorasan,18647,Digital Currency Address - TRX,TV6cvFEMcfxGsWqgxpBrXZ35MkhdtdhT3G,TRON_KEY_EQUIVALENCE,Unknown,FTO; SDGT,2015-09-29
CU-ACT-3018,2026-07-01,BLACKLIST,0xcd211408b46bdbf03abb2eac205a01ceb1d86288,ethereum,25438629,ISIL Khorasan,18647,Digital Currency Address - TRX,TUfq9hfP7qUDMoJbzkjG4GPtNxhZewqk8Z,TRON_KEY_EQUIVALENCE,Unknown,FTO; SDGT,2015-09-29
CU-ACT-3019,2026-07-01,BLACKLIST,0x18db649c1400f3dfbbf71b8b99419edcb12a0947,ethereum,25438636,ISIL Khorasan,18647,Digital Currency Address - TRX,TCEe3McjK9FWby8YsNmtRDwJt1x2s5dFTL,TRON_KEY_EQUIVALENCE,Unknown,FTO; SDGT,2015-09-29
CU-ACT-3020,2026-07-01,BLACKLIST,0xb2880d55b128cfa10cc32411e2311f59500e130b,ethereum,25438649,ISIL Khorasan,18647,Digital Currency Address - TRX,TSFCGGbR57b56c4MXdiW5gzpD8j6cmimgo,TRON_KEY_EQUIVALENCE,Unknown,FTO; SDGT,2015-09-29
CU-ACT-3021,2026-07-01,BLACKLIST,0x203b0053ccb42ca09357dde941d251d888ec1044,ethereum,25438655,ISIL Khorasan,18647,Digital Currency Address - TRX,TCudJgJ14kk3Ss2PEgsT15frztKpyG7HEh,TRON_KEY_EQUIVALENCE,Unknown,FTO; SDGT,2015-09-29
CU-ACT-3022,2026-07-01,BLACKLIST,0x545fd777d462df0acc99a188f2532a962e00df74,ethereum,25438668,ISIL Khorasan,18647,Digital Currency Address - TRX,THfLaNMBAMz7xXnHoz5BkRMmrwuHKqfAfR,TRON_KEY_EQUIVALENCE,Unknown,FTO; SDGT,2015-09-29
CU-ACT-3023,2026-07-01,BLACKLIST,0xe9d48628d685e121f48181616c71f88ec4020bf9,ethereum,25438676,ISIL Khorasan,18647,Digital Currency Address - TRX,TXHb3BkGgYmygyS14MJKX8kTcFGT7dXN4r,TRON_KEY_EQUIVALENCE,Unknown,FTO; SDGT,2015-09-29
CU-ACT-3024,2026-07-01,BLACKLIST,0x6ee2a4ab3befdcfcd8c0844e853491f08971d899,ethereum,25438690,ISIL Khorasan,18647,Digital Currency Address - TRX,TL5WqcFX7XkhVLLwaXrdr57gnjC4stBeSG,TRON_KEY_EQUIVALENCE,Unknown,FTO; SDGT,2015-09-29
CU-ACT-3025,2026-07-01,BLACKLIST,0x1e6983848eca149f9fc68b0a1616a1c4f62945aa,ethereum,25438693,ISIL Khorasan,18647,Digital Currency Address - TRX,TCk1g37N3x6PDda63waydNQwqTUzFNpsrR,TRON_KEY_EQUIVALENCE,Unknown,FTO; SDGT,2015-09-29
CU-ACT-3026,2026-07-01,BLACKLIST,0x84be9d8d09cb26f31bb37771ecb06ebdd91101f9,ethereum,25438694,ISIL Khorasan,18647,Digital Currency Address - TRX,TN56YaCBymut2xoiRvy3v2qZ2pYgmBAtSo,TRON_KEY_EQUIVALENCE,Unknown,FTO; SDGT,2015-09-29
CU-ACT-3027,2026-07-01,BLACKLIST,0xc73da1e718a4fbd1ce023d412ab34433922fba58,ethereum,25438706,ISIL Khorasan,18647,Digital Currency Address - TRX,TU8hJXgHdxWuj4DaaBKQFUwDeB8B5Xacke,TRON_KEY_EQUIVALENCE,Unknown,FTO; SDGT,2015-09-29
CU-ACT-3028,2026-07-01,BLACKLIST,0x2bbf8e01ef1349da89eb6d423a217582430e6dbc,ethereum,25438713,ISIL Khorasan,18647,Digital Currency Address - TRX,TDxXXmCELgrb5VwYobDMyTKVTTdY9LjEjx,TRON_KEY_EQUIVALENCE,Unknown,FTO; SDGT,2015-09-29
CU-ACT-3029,2026-07-01,BLACKLIST,0xd68022dc9dde9c9e1a613a1fb04a1de5758b563e,ethereum,25438719,ISIL Khorasan,18647,Digital Currency Address - TRX,TVXP7Aj5KFUPKMQUrsU6F3wUsyiLiUaUje,TRON_KEY_EQUIVALENCE,Unknown,FTO; SDGT,2015-09-29
CU-ACT-3030,2026-07-01,BLACKLIST,0x9789e42918dec6442a155fd2ba064d05d6db0ed2,ethereum,25438740,ISIL Khorasan,18647,Digital Currency Address - TRX,TPnUDsrLYZg1UXGkpXSmhFEY5J5etfzE9S,TRON_KEY_EQUIVALENCE,Unknown,FTO; SDGT,2015-09-29
CU-ACT-3031,2026-07-01,BLACKLIST,0xe5b46834ab6831f5d27c72237da310fef4552911,ethereum,25438765,ISIL Khorasan,18647,Digital Currency Address - TRX,TWumrtaEaPCv8Bs9mXqKkhY5sZVd78QAdS,TRON_KEY_EQUIVALENCE,Unknown,FTO; SDGT,2015-09-29
CU-ACT-3032,2026-07-01,BLACKLIST,0xef7c470bbcdd524c299304627180d6074ccbfdfd,ethereum,25438773,ISIL Khorasan,18647,Digital Currency Address - TRX,TXoVNrqm11FFVKcF1vEND64gibVkr1HwAR,TRON_KEY_EQUIVALENCE,Unknown,FTO; SDGT,2015-09-29
CU-ACT-3033,2026-07-01,BLACKLIST,0x2277d63319a5d529c0ffecf1d4d93343713d9802,ethereum,25438776,ISIL Khorasan,18647,Digital Currency Address - TRX,TD7TXyvmjPfJkfhJuQ58NXA9dX9q81mqAp,TRON_KEY_EQUIVALENCE,Unknown,FTO; SDGT,2015-09-29
CU-ACT-3034,2026-07-01,BLACKLIST,0x2fbe2388dca7d240ebc72617fb2dd5890fea4dd2,ethereum,25438781,ISIL Khorasan,18647,Digital Currency Address - TRX,TEKeY9i4CcVySJMmhuh2AxZhtgTmugYUMW,TRON_KEY_EQUIVALENCE,Unknown,FTO; SDGT,2015-09-29
CU-ACT-3035,2026-07-01,BLACKLIST,0xb0fc46592a0795a23df08b2b25e953a5461805fb,ethereum,25438785,ISIL Khorasan,18647,Digital Currency Address - TRX,TS729BUXeZWBhJGPKCdK75q7VU4nhkJkYT,TRON_KEY_EQUIVALENCE,Unknown,FTO; SDGT,2015-09-29
CU-ACT-3036,2026-07-01,BLACKLIST,0x30c7c36cb08138b620bc21611e18264c6a222583,ethereum,25438788,ISIL Khorasan,18647,Digital Currency Address - TRX,TER8k4zWt3byuHyvyBkLstz3QVUUuBs9pt,TRON_KEY_EQUIVALENCE,Unknown,FTO; SDGT,2015-09-29
CU-ACT-3037,2026-07-01,BLACKLIST,0xdd6184d750a5610e1094cc5b02a8ec1c7dc14be2,ethereum,25438801,ISIL Khorasan,18647,Digital Currency Address - TRX,TW9mABkenngQyJBqce5khR9fNCBF5gsBFQ,TRON_KEY_EQUIVALENCE,Unknown,FTO; SDGT,2015-09-29
CU-ACT-3038,2026-07-01,BLACKLIST,0x35ecfdb165bbc06d2cc19af466465c7ac9c3f7eb,ethereum,25438803,ISIL Khorasan,18647,Digital Currency Address - TRX,TEtLieZwyjJTth7S5EJqUNjtSbM1ui9toK,TRON_KEY_EQUIVALENCE,Unknown,FTO; SDGT,2015-09-29
CU-ACT-3039,2026-07-01,BLACKLIST,0x160ad9cb8202fe697e5b0991b65032787ce23dff,ethereum,25438813,ISIL Khorasan,18647,Digital Currency Address - TRX,TByksCkUtMaYwHCSaetmAGufpeyfdXBrJk,TRON_KEY_EQUIVALENCE,Unknown,FTO; SDGT,2015-09-29
CU-ACT-3040,2026-07-01,BLACKLIST,0xc4b13cf26d06bd15db5b8efe9553710b9aae8acd,ethereum,25438825,ISIL Khorasan,18647,Digital Currency Address - TRX,TTuDmNhu8A6koPJRUd8Q5RnsT1FMfrZnoj,TRON_KEY_EQUIVALENCE,Unknown,FTO; SDGT,2015-09-29
CU-ACT-3041,2026-07-01,BLACKLIST,0x45e8fcd87cefd8f53a1775c9781f50e8ca7e8b62,ethereum,25438832,ISIL Khorasan,18647,Digital Currency Address - TRX,TGLrjZc9c48iMFB4ZmDnSjSRMq27MXPg2k,TRON_KEY_EQUIVALENCE,Unknown,FTO; SDGT,2015-09-29
CU-ACT-3042,2026-07-01,BLACKLIST,0xd82ffef8cb4f0f6a56fc2dd275879985307d1d3a,ethereum,25438864,ISIL Khorasan,18647,Digital Currency Address - TRX,TVgJTK9qPg7wGTyeTG2MYF8aKMEx883xYU,TRON_KEY_EQUIVALENCE,Unknown,FTO; SDGT,2015-09-29
CU-ACT-3043,2026-07-01,BLACKLIST,0x464da77310220c0c1596f8339129907b16cd896f,ethereum,25438866,ISIL Khorasan,18647,Digital Currency Address - TRX,TGNwKzHjYvYP2SwsrmCYrRRvCRdxQgLq1w,TRON_KEY_EQUIVALENCE,Unknown,FTO; SDGT,2015-09-29
CU-ACT-3044,2026-07-01,BLACKLIST,0x8c5a5d9b5bd20cea93295e0f12909d6ebf2f1989,ethereum,25438871,ISIL Khorasan,18647,Digital Currency Address - TRX,TNmKrdYLPtFwPNWJUjrXdkQw4gSwpszUJd,TRON_KEY_EQUIVALENCE,Unknown,FTO; SDGT,2015-09-29
CU-ACT-3045,2026-07-01,BLACKLIST,0x97248ad2ee8453b901c646bddc256e4dca165452,ethereum,25438872,ISIL Khorasan,18647,Digital Currency Address - TRX,TPkNp2Z5KiA1sLWpPMWsfNErVo2dHxc4iy,TRON_KEY_EQUIVALENCE,Unknown,FTO; SDGT,2015-09-29
CU-ACT-3046,2026-07-01,BLACKLIST,0x0a9f2460bd9357ebc0e24654b83d43d701560500,ethereum,25438894,ISIL Khorasan,18647,Digital Currency Address - TRX,TAwNQN5tmzJJ694PPuoFUxQY13quBs8YgA,TRON_KEY_EQUIVALENCE,Unknown,FTO; SDGT,2015-09-29
CU-ACT-3047,2026-07-01,BLACKLIST,0x8960c337bb1bc8618e8c022277ca0d34d26ce06c,ethereum,25438897,ISIL Khorasan,18647,Digital Currency Address - TRX,TNVbVXAgUT83Sv7E9oZwWutXqzs13sr6xN,TRON_KEY_EQUIVALENCE,Unknown,FTO; SDGT,2015-09-29
CU-ACT-3048,2026-07-01,BLACKLIST,0x2606d9411d6a4cab5b9e0bbd3cdef05f3f35854e,ethereum,25438914,ISIL Khorasan,18647,Digital Currency Address - TRX,TDSGtCciE9yFKYzDj1kBBc3F7gosguDqwC,TRON_KEY_EQUIVALENCE,Unknown,FTO; SDGT,2015-09-29
CU-ACT-3049,2026-07-01,BLACKLIST,0x75fd59164d2af087af5a90f7e1b7c3d05de93dee,ethereum,25438917,ISIL Khorasan,18647,Digital Currency Address - TRX,TLj5ZRvem4DAdbZLTGU3qAbAdLQug57JVo,TRON_KEY_EQUIVALENCE,Unknown,FTO; SDGT,2015-09-29
CU-ACT-3050,2026-07-01,BLACKLIST,0xf72202e113a400891e8f91e1fec0c1cc9065d735,ethereum,25438941,ISIL Khorasan,18647,Digital Currency Address - TRX,TYVveapkRkm5RHcDNPU9QnPk8N5RdsS4iY,TRON_KEY_EQUIVALENCE,Unknown,FTO; SDGT,2015-09-29
CU-ACT-3051,2026-07-01,BLACKLIST,0xf37ffa0e4829aa159af625c48276c4e632f4400c,ethereum,25438943,ISIL Khorasan,18647,Digital Currency Address - TRX,TYAiWf2KhXrGuWxmCPaJgC6zNYwFuKtioi,TRON_KEY_EQUIVALENCE,Unknown,FTO; SDGT,2015-09-29
CU-ACT-3052,2026-07-01,BLACKLIST,0x00e0c79525c9f846ee27f8ecf3dcfebb3a335dc7,ethereum,25438951,ISIL Khorasan,18647,Digital Currency Address - TRX,TA3rH2A7iHnm6pKH8gr9cK1EZnShnmZdFg,TRON_KEY_EQUIVALENCE,Unknown,FTO; SDGT,2015-09-29
CU-ACT-3053,2026-07-01,BLACKLIST,0xad5c8f4ba4bb0b94feb63e97bb821f808d44507b,ethereum,25438956,ISIL Khorasan,18647,Digital Currency Address - TRX,TRmrnQiUY1ofMcTQUXvgeauKcZPnmwUeUR,TRON_KEY_EQUIVALENCE,Unknown,FTO; SDGT,2015-09-29
CU-ACT-3054,2026-07-01,BLACKLIST,0x0b57cde36e6e0c31a10442076dfd03ff8038507d,ethereum,25438959,ISIL Khorasan,18647,Digital Currency Address - TRX,TB1Bcv3x8mg7PVV4nVM48pgHJKcYboTypU,TRON_KEY_EQUIVALENCE,Unknown,FTO; SDGT,2015-09-29
CU-ACT-3055,2026-07-01,BLACKLIST,0x7db839f22e388b5c427ef1ae4f1fe558012904bf,ethereum,25438960,ISIL Khorasan,18647,Digital Currency Address - TRX,TMRxAJt87MVYnadWne53AxZFG1FPKGfoGz,TRON_KEY_EQUIVALENCE,Unknown,FTO; SDGT,2015-09-29
CU-ACT-3056,2026-07-01,BLACKLIST,0x0ede87dc2bf535ebc2682340dfc33cc50363bc2b,ethereum,25438962,ISIL Khorasan,18647,Digital Currency Address - TRX,TBKq3SzXigsGhQNzdCYocpt8RzoMh3uxAr,TRON_KEY_EQUIVALENCE,Unknown,FTO; SDGT,2015-09-29
CU-ACT-3057,2026-07-01,BLACKLIST,0x2d415662ce7ddd1e89c4bbf8f527f7e06811248e,ethereum,25439031,ISIL Khorasan,18647,Digital Currency Address - TRX,TE6VgR7rAuY4kuzCjdSVCZFXPjjzSQYY7X,TRON_KEY_EQUIVALENCE,Unknown,FTO; SDGT,2015-09-29
CU-ACT-3058,2026-07-01,BLACKLIST,0xddc63d69ed992e2617d54950a8cea70e2127c412,ethereum,25439032,ISIL Khorasan,18647,Digital Currency Address - TRX,TWBqpQLDPCrXgRW1X9yFqR8NFfjyFSq5k4,TRON_KEY_EQUIVALENCE,Unknown,FTO; SDGT,2015-09-29
CU-ACT-3059,2026-07-01,BLACKLIST,0x6440312463c98262b0768ac4f8e7232fb58caced,ethereum,25439042,ISIL Khorasan,18647,Digital Currency Address - TRX,TK7HUNru8YLMz7vv8kzWRPrE2ZSgZeCaHV,TRON_KEY_EQUIVALENCE,Unknown,FTO; SDGT,2015-09-29
CU-ACT-3060,2026-07-01,BLACKLIST,0xd1b4671abd7c3db9f5d99b98918ebf8cbd41ea33,ethereum,25439043,ISIL Khorasan,18647,Digital Currency Address - TRX,TV62LkiP1GiNdFCJEdY3xf6GdNLCCi6mfu,TRON_KEY_EQUIVALENCE,Unknown,FTO; SDGT,2015-09-29
CU-ACT-3061,2026-07-01,BLACKLIST,0xa112c8cb691f58754269ce81c73a9dc92e63159f,ethereum,25439047,ISIL Khorasan,18647,Digital Currency Address - TRX,TQetJ6xMqvv2Fu4ftD9UdBhuaKem5HbMou,TRON_KEY_EQUIVALENCE,Unknown,FTO; SDGT,2015-09-29
CU-ACT-3062,2026-07-01,BLACKLIST,0x5b05ac96e74161c8edffb7e6368df33b4167583a,ethereum,25439054,ISIL Khorasan,18647,Digital Currency Address - TRX,TJGVHmHVNuU1vsXGGALLoirPwoRZoMUuhg,TRON_KEY_EQUIVALENCE,Unknown,FTO; SDGT,2015-09-29
CU-ACT-3063,2026-07-01,BLACKLIST,0x0b1da2038535de65831e81f6fdc40f40b222e2b1,ethereum,25439055,ISIL Khorasan,18647,Digital Currency Address - TRX,TAyyw6ZoTZexvTcN7WRR9t79JUFgSAvkL8,TRON_KEY_EQUIVALENCE,Unknown,FTO; SDGT,2015-09-29
CU-ACT-3064,2026-07-01,BLACKLIST,0xb251e1f30c697905287d3e1be1fb0fffc01ce633,ethereum,25439068,ISIL Khorasan,18647,Digital Currency Address - TRX,TSE5NWTJckiN8hJCUzwB3RgsMbdF4uCrmr,TRON_KEY_EQUIVALENCE,Unknown,FTO; SDGT,2015-09-29
CU-ACT-3065,2026-07-01,BLACKLIST,0xe646c85afde30e55d7196612efd37e5b058e9717,ethereum,25439071,ISIL Khorasan,18647,Digital Currency Address - TRX,TWxoDF6qvjMUeTYRimaiARGsJTUnjrzZn3,TRON_KEY_EQUIVALENCE,Unknown,FTO; SDGT,2015-09-29
CU-ACT-3066,2026-07-01,BLACKLIST,0x1c165affe280c786303cce84f1eda9957de87779,ethereum,25439079,ISIL Khorasan,18647,Digital Currency Address - TRX,TCXihiScsAodR942Xq45df9qQAdr5nhkjQ,TRON_KEY_EQUIVALENCE,Unknown,FTO; SDGT,2015-09-29
CU-ACT-3067,2026-07-01,BLACKLIST,0x0c1ee706f91a56fc96e2f260c670bd4bf3002696,ethereum,25439100,ISIL Khorasan,18647,Digital Currency Address - TRX,TB5J8W166YTUmtpUsy4XnNTKLVtesuE9eV,TRON_KEY_EQUIVALENCE,Unknown,FTO; SDGT,2015-09-29
CU-ACT-3068,2026-07-01,BLACKLIST,0x28facff64babe25658bb4635af41aaa019f9deee,ethereum,25439109,ISIL Khorasan,18647,Digital Currency Address - TRX,TDhtVUnmYwWfzWVrnzryr3fbQo8VTvj4ji,TRON_KEY_EQUIVALENCE,Unknown,FTO; SDGT,2015-09-29
CU-ACT-3069,2026-07-01,BLACKLIST,0xdd8cf42ff365caebbed4f48190ca79286b0e66c7,ethereum,25439121,ISIL Khorasan,18647,Digital Currency Address - TRX,TWAfC6htS1FyFv1r3aKENuD8DQGMzBbP8L,TRON_KEY_EQUIVALENCE,Unknown,FTO; SDGT,2015-09-29
CU-ACT-3070,2026-07-01,BLACKLIST,0x68c15054d74c86ffca1e23a3802a27bab1735395,ethereum,25439126,ISIL Khorasan,18647,Digital Currency Address - TRX,TKX6rgpGpGrJWzf1qXUUSNL5cYHQt7Z9rY,TRON_KEY_EQUIVALENCE,Unknown,FTO; SDGT,2015-09-29
CU-ACT-3071,2026-07-01,BLACKLIST,0xd086c684646d4eba389c5d97e57d5b2bee3826b7,ethereum,25439130,ISIL Khorasan,18647,Digital Currency Address - TRX,TUyo1Kfnnjr2iMQdZxLWPX1U8Xiy1Wz5z5,TRON_KEY_EQUIVALENCE,Unknown,FTO; SDGT,2015-09-29
CU-ACT-3072,2026-07-01,BLACKLIST,0x24545819f879db1a8df28fe0fd7f8ee4b7025977,ethereum,25439138,ISIL Khorasan,18647,Digital Currency Address - TRX,TDHJNJHosn6xNDxMecFZwXyTzE9bYGXp9L,TRON_KEY_EQUIVALENCE,Unknown,FTO; SDGT,2015-09-29
CU-ACT-3073,2026-07-01,BLACKLIST,0x56bf68cd5ad0cafc5e3cb7da826914359592eb62,ethereum,25439143,ISIL Khorasan,18647,Digital Currency Address - TRX,THstQuwNidzC4YeJ7uPowf55ZdVZtGcHJ5,TRON_KEY_EQUIVALENCE,Unknown,FTO; SDGT,2015-09-29
CU-ACT-3074,2026-07-01,BLACKLIST,0x803a9bd5e917e32bd7bcde526e656254417c5a86,ethereum,25439145,ISIL Khorasan,18647,Digital Currency Address - TRX,TMfDhpUqW5W6HcMPXFaJfaiY271CYa51Hs,TRON_KEY_EQUIVALENCE,Unknown,FTO; SDGT,2015-09-29
CU-ACT-3075,2026-07-01,BLACKLIST,0x1b78a412cc1078fd5719a3379085647ca4ba0e5f,ethereum,25439158,ISIL Khorasan,18647,Digital Currency Address - TRX,TCUTmWspsaJb3U5JUs5AhVcGwaftyK1qtp,TRON_KEY_EQUIVALENCE,Unknown,FTO; SDGT,2015-09-29
CU-ACT-3076,2026-07-01,BLACKLIST,0x12f3acd05ddc70d333ca7e8d9a36513997cfb08f,ethereum,25439166,ISIL Khorasan,18647,Digital Currency Address - TRX,TBhR5MLrTsNZ8FUyKgzdrCjWkYD2orYLdx,TRON_KEY_EQUIVALENCE,Unknown,FTO; SDGT,2015-09-29
CU-ACT-3077,2026-07-01,BLACKLIST,0xe4814881a36d2c543b5acc30a7ee9868b0c810da,ethereum,25439169,ISIL Khorasan,18647,Digital Currency Address - TRX,TWoRwYzsifrD79DHDpTHC8fq787MvH9Qro,TRON_KEY_EQUIVALENCE,Unknown,FTO; SDGT,2015-09-29
CU-ACT-3078,2026-07-01,BLACKLIST,0xfbc3ca4a4b808bef72c54b872caa59e5e69c783e,ethereum,25439172,ISIL Khorasan,18647,Digital Currency Address - TRX,TYvR9x3Dqx39s9rooaSAHwVwF8psBrcFBV,TRON_KEY_EQUIVALENCE,Unknown,FTO; SDGT,2015-09-29
CU-ACT-3079,2026-07-01,BLACKLIST,0x2907a4de925af9434bcf176957dcbfeac49afc46,ethereum,25439181,ISIL Khorasan,18647,Digital Currency Address - TRX,TDi9s3GeAtFBbUvGxqXiZnxiaH9QpqjYFn,TRON_KEY_EQUIVALENCE,Unknown,FTO; SDGT,2015-09-29
CU-ACT-3080,2026-07-01,BLACKLIST,0x81d0eac7c2e42b221bd2e5bd5f9ddc0dcc9f6f30,ethereum,25439248,ISIL Khorasan,18647,Digital Currency Address - TRX,TMocScwSbSn2cqRCHVkzZSEar3Jk5AsXgo,TRON_KEY_EQUIVALENCE,Unknown,FTO; SDGT,2015-09-29
CU-ACT-3081,2026-07-01,BLACKLIST,0x9f4f225d3fa34d498adbfd6898e2b30850859059,ethereum,25439251,ISIL Khorasan,18647,Digital Currency Address - TRX,TQVZEuLHacexyJX3nZStaPzxceS63C9bax,TRON_KEY_EQUIVALENCE,Unknown,FTO; SDGT,2015-09-29
CU-ACT-3082,2026-07-01,BLACKLIST,0x2e2983271415c0aa7950277186f10c0676f5cac2,ethereum,25439256,ISIL Khorasan,18647,Digital Currency Address - TRX,TEBHpD6iiAqhyS4w7zZFmD1rrv65a5HVTD,TRON_KEY_EQUIVALENCE,Unknown,FTO; SDGT,2015-09-29
CU-ACT-3083,2026-07-01,BLACKLIST,0xa05b377f4ae52727a59bcb7a82d6a20356f6b0b4,ethereum,25439266,ISIL Khorasan,18647,Digital Currency Address - TRX,TQb6Pc4PmfUdUokLq5ygNioj4PnodNak9b,TRON_KEY_EQUIVALENCE,Unknown,FTO; SDGT,2015-09-29
CU-ACT-3084,2026-07-01,BLACKLIST,0x20e60fa8673fa61d574b42a13ae805c312777241,ethereum,25439270,ISIL Khorasan,18647,Digital Currency Address - TRX,TCyAE8Lxa1rmTThhE5Z3X95PC9rgMrReMX,TRON_KEY_EQUIVALENCE,Unknown,FTO; SDGT,2015-09-29
CU-ACT-3085,2026-07-01,BLACKLIST,0xa570df663c1b522f3dacd6f96320e65f8206ed0d,ethereum,25439273,ISIL Khorasan,18647,Digital Currency Address - TRX,TR3yiEuFrbBnP8X5DKYFjRxCwbxcYyftD4,TRON_KEY_EQUIVALENCE,Unknown,FTO; SDGT,2015-09-29
CU-ACT-3086,2026-07-01,BLACKLIST,0x878ebd5e809aca3dc01856d5fa924a405e34dad6,ethereum,25439284,ISIL Khorasan,18647,Digital Currency Address - TRX,TNKyDgjn2WHZwHhH2Mj5AGMnK4moBX9xQd,TRON_KEY_EQUIVALENCE,Unknown,FTO; SDGT,2015-09-29
CU-ACT-3087,2026-07-01,BLACKLIST,0xd3faecadc1f752234b6079299f570def99976f7c,ethereum,25439302,ISIL Khorasan,18647,Digital Currency Address - TRX,TVJ4B5R8c8dS65NtUXpZPMGUpCRq8BQUrC,TRON_KEY_EQUIVALENCE,Unknown,FTO; SDGT,2015-09-29
CU-ACT-3088,2026-07-01,BLACKLIST,0x07d28de0bbd45f2ef8f89621f9f504ed72f34d92,ethereum,25439317,ISIL Khorasan,18647,Digital Currency Address - TRX,TAgZxxuvfuKYJY5UPC1DXF8NPHbKtTzEGu,TRON_KEY_EQUIVALENCE,Unknown,FTO; SDGT,2015-09-29
CU-ACT-3089,2026-07-01,BLACKLIST,0xb79a667da76ba369583ba333c4eb4b005c5b657a,ethereum,25439318,ISIL Khorasan,18647,Digital Currency Address - TRX,TSi1d66cgg3cPm9L6c2ZD8K1381XusSjkc,TRON_KEY_EQUIVALENCE,Unknown,FTO; SDGT,2015-09-29
CU-ACT-3090,2026-07-01,BLACKLIST,0x95bcc8bbd8f91b255baf9ecf54f15e74b9959af2,ethereum,25439319,ISIL Khorasan,18647,Digital Currency Address - TRX,TPcwqbJ3ViWMUQMiKfMjDM7VTiCzdRu1cH,TRON_KEY_EQUIVALENCE,Unknown,FTO; SDGT,2015-09-29
CU-ACT-3091,2026-07-01,BLACKLIST,0x31424423746e69795da87d93bef987cc9aebe8d6,ethereum,25439332,ISIL Khorasan,18647,Digital Currency Address - TRX,TETfViHWf9ZNB6WJgZBRMB48pTaBFo5Rmd,TRON_KEY_EQUIVALENCE,Unknown,FTO; SDGT,2015-09-29
CU-ACT-3092,2026-07-01,BLACKLIST,0x5a43b964288ce2b4b7de0cae544531bf94a8b79f,ethereum,25439340,ISIL Khorasan,18647,Digital Currency Address - TRX,TJCUwt9EKeTyzDw42658h8aYxQXScLdCZR,TRON_KEY_EQUIVALENCE,Unknown,FTO; SDGT,2015-09-29
CU-ACT-3093,2026-07-01,BLACKLIST,0x3e4b5fa3fe3fdb48f0865b2088e3beafe915eb63,ethereum,25439352,ISIL Khorasan,18647,Digital Currency Address - TRX,TFebC149jCDiow1MBphhfpHDLeMAKRNrqJ,TRON_KEY_EQUIVALENCE,Unknown,FTO; SDGT,2015-09-29
CU-ACT-3094,2026-07-01,BLACKLIST,0x26eddc84e46104b944f871c0f3fbd8256197d5ca,ethereum,25439353,ISIL Khorasan,18647,Digital Currency Address - TRX,TDX3dFNPvJeA9eVLLNqf1ixr4U2ktcDmoD,TRON_KEY_EQUIVALENCE,Unknown,FTO; SDGT,2015-09-29
CU-ACT-3095,2026-07-01,BLACKLIST,0xa6358db3812ce9a11eb8aa2f954e36711ed015f6,ethereum,25439363,ISIL Khorasan,18647,Digital Currency Address - TRX,TR83KsDjUKeds62PcAgo7BfhPJPSpMk7Ba,TRON_KEY_EQUIVALENCE,Unknown,FTO; SDGT,2015-09-29
CU-ACT-3096,2026-07-01,BLACKLIST,0x12f59283c23ff1b2ad7a8730b6cf41df25435570,ethereum,25439389,ISIL Khorasan,18647,Digital Currency Address - TRX,TBhTMBAaEWiTtMgMdJ97ZmYotgHeY543cc,TRON_KEY_EQUIVALENCE,Unknown,FTO; SDGT,2015-09-29
CU-ACT-3097,2026-07-01,BLACKLIST,0xf0eaf0fa72283fb86ebd5d462cc5c7e97d640308,ethereum,25439421,ISIL Khorasan,18647,Digital Currency Address - TRX,TXw4d7BseHBn6sneMUzm4nEdfPVjuJGEH9,TRON_KEY_EQUIVALENCE,Unknown,FTO; SDGT,2015-09-29
CU-ACT-3098,2026-07-01,BLACKLIST,0xcc8b73b5a7b3c88478c1a3d0eb34c7c5dc9f686f,ethereum,25439422,ISIL Khorasan,18647,Digital Currency Address - TRX,TUcjuVB6RFvsMgE352Kdc3VHvFvteti97B,TRON_KEY_EQUIVALENCE,Unknown,FTO; SDGT,2015-09-29
CU-ACT-3099,2026-07-01,BLACKLIST,0x7077f6f05c0c435bde0d145613425fc17ce10a5a,ethereum,25439423,ISIL Khorasan,18647,Digital Currency Address - TRX,TLDtPq9PQsDuQunME8CSeVdYaLtRdrVgoJ,TRON_KEY_EQUIVALENCE,Unknown,FTO; SDGT,2015-09-29
CU-ACT-3100,2026-07-01,BLACKLIST,0x701f00ebbcd4c09d6a7a9f89023cbf400c318504,ethereum,25439428,ISIL Khorasan,18647,Digital Currency Address - TRX,TLC3piEQ5n4tcULKHqLTGhmYFUyHUVSxck,TRON_KEY_EQUIVALENCE,Unknown,FTO; SDGT,2015-09-29
CU-ACT-3101,2026-07-01,BLACKLIST,0xa38ffbe2722007f682e4985420acfce172c8b421,ethereum,25439433,ISIL Khorasan,18647,Digital Currency Address - TRX,TQt3dWHiPdaKioG7nwovoTDUtxfimyuxYa,TRON_KEY_EQUIVALENCE,Unknown,FTO; SDGT,2015-09-29
CU-ACT-3102,2026-07-01,BLACKLIST,0x2d0d0dcf83adde53fcde96af5fbcd1367944a2d8,ethereum,25439437,ISIL Khorasan,18647,Digital Currency Address - TRX,TE5R3hJ6REap6vh14YAqjXczKrYaiteTy3,TRON_KEY_EQUIVALENCE,Unknown,FTO; SDGT,2015-09-29
CU-ACT-3103,2026-07-01,BLACKLIST,0x18855af93d521cf39fa8a1342a06562661725420,ethereum,25439463,ISIL Khorasan,18647,Digital Currency Address - TRX,TCCryMcQb5A5FSYkmcVy26Nd8J1FWHtfWh,TRON_KEY_EQUIVALENCE,Unknown,FTO; SDGT,2015-09-29
CU-ACT-3104,2026-07-01,BLACKLIST,0xcc0bf752565564606f37c647249da56838671a7d,ethereum,25439473,ISIL Khorasan,18647,Digital Currency Address - TRX,TUa7BcRjT3eT7kPyNWPvHQkz4qF9v68D7A,TRON_KEY_EQUIVALENCE,Unknown,FTO; SDGT,2015-09-29
CU-ACT-3105,2026-07-01,BLACKLIST,0xae1174ea8e2ce28b7db322f675be24507a37aabd,ethereum,25439474,ISIL Khorasan,18647,Digital Currency Address - TRX,TRqbVMHWck3j2vKzA16L69v3cwuoyQSY8L,TRON_KEY_EQUIVALENCE,Unknown,FTO; SDGT,2015-09-29
CU-ACT-3106,2026-07-01,BLACKLIST,0x12964e45547b54b00faab3f8babc22ff7fe45609,ethereum,25439477,ISIL Khorasan,18647,Digital Currency Address - TRX,TBfVDwNS6hC2Ln2qTLTRKMMPddscFEhhrU,TRON_KEY_EQUIVALENCE,Unknown,FTO; SDGT,2015-09-29
CU-ACT-3107,2026-07-01,BLACKLIST,0x1796486b359f2084f9e1585a491545d38d6db391,ethereum,25439493,ISIL Khorasan,18647,Digital Currency Address - TRX,TC7vaJsxZteEEnnm2EFm9BRSZvezvsuA86,TRON_KEY_EQUIVALENCE,Unknown,FTO; SDGT,2015-09-29
CU-ACT-3108,2026-07-01,BLACKLIST,0x8eec746c6fc6dda84f44c82ca94818281c23e1f1,ethereum,25439497,ISIL Khorasan,18647,Digital Currency Address - TRX,TNzvDTvcQTaY9jFrv85JnqibnGcudePj1z,TRON_KEY_EQUIVALENCE,Unknown,FTO; SDGT,2015-09-29
CU-ACT-3109,2026-07-01,BLACKLIST,0x01ab57e94386817f1d3d3549c2e3ad5d2622de2b,ethereum,25439506,ISIL Khorasan,18647,Digital Currency Address - TRX,TA82wQ77kb9DieW4C8q7C4KwMfnCzfziqN,TRON_KEY_EQUIVALENCE,Unknown,FTO; SDGT,2015-09-29
CU-ACT-3110,2026-07-01,BLACKLIST,0xcc794fdec285f2b5461b6b2aee7d0511cde8cda7,ethereum,25439512,ISIL Khorasan,18647,Digital Currency Address - TRX,TUcNB6c22JmcwXbbbuv9HVPeVqv5HSiTwQ,TRON_KEY_EQUIVALENCE,Unknown,FTO; SDGT,2015-09-29
CU-ACT-3111,2026-07-01,BLACKLIST,0x93e7a8bfd6c1f4af81db2ae9ea6b02e69a6da2bf,ethereum,25439520,ISIL Khorasan,18647,Digital Currency Address - TRX,TPTFrDhx5tntyp5mRX423DaAe8aLDMUs31,TRON_KEY_EQUIVALENCE,Unknown,FTO; SDGT,2015-09-29
CU-ACT-3112,2026-07-01,BLACKLIST,0x3beaf4486e9c6a4feae23ed9296844588a61604c,ethereum,25439529,ISIL Khorasan,18647,Digital Currency Address - TRX,TFS2LHNcrffdAVRHpDUpNvnmCHs78cSNbz,TRON_KEY_EQUIVALENCE,Unknown,FTO; SDGT,2015-09-29
CU-ACT-3113,2026-07-01,BLACKLIST,0x8711522cdb2f89df2d99dea0c1cb68ce2ee3016a,ethereum,25439550,ISIL Khorasan,18647,Digital Currency Address - TRX,TNHNySUf8LMzhzSiQnHCXCbgatscQbM4ZQ,TRON_KEY_EQUIVALENCE,Unknown,FTO; SDGT,2015-09-29
CU-ACT-3114,2026-07-01,BLACKLIST,0xaa678643e6c27b8508d91bf152b581b94b8c6cbf,ethereum,25439563,ISIL Khorasan,18647,Digital Currency Address - TRX,TRWDtgCfXzTcMv8W6iJxh6umeqeF3zG7n5,TRON_KEY_EQUIVALENCE,Unknown,FTO; SDGT,2015-09-29
CU-ACT-3115,2026-07-01,BLACKLIST,0xeb3c18a88bd40c776cdf6c3986edbc39f30a731d,ethereum,25439569,ISIL Khorasan,18647,Digital Currency Address - TRX,TXR1nhqAek4c5Dq9EfjQLarcBWR9Jp6N7m,TRON_KEY_EQUIVALENCE,Unknown,FTO; SDGT,2015-09-29
CU-ACT-3116,2026-07-01,BLACKLIST,0x1ed13e7c465a3850f8f9e0b503587ba514017536,ethereum,25439603,ISIL Khorasan,18647,Digital Currency Address - TRX,TCn9wM828B1GtsVn8kUaCvoE3RpfCAmtEB,TRON_KEY_EQUIVALENCE,Unknown,FTO; SDGT,2015-09-29
CU-ACT-3117,2026-07-01,BLACKLIST,0x410450013674ad6e67c8c0c0d4cf71656cf1e4b4,ethereum,25439606,ISIL Khorasan,18647,Digital Currency Address - TRX,TFtz6Ae6NNo9VvhnVrj6V1RyEFMtZQMh3r,TRON_KEY_EQUIVALENCE,Unknown,FTO; SDGT,2015-09-29
CU-ACT-3118,2026-07-01,BLACKLIST,0x81c483bf9bcdc0a31864ae7c1762425b67c2c467,ethereum,25439621,ISIL Khorasan,18647,Digital Currency Address - TRX,TMoMat6oyJLKxSb6SfQWBWc7q5PSm3Gr6U,TRON_KEY_EQUIVALENCE,Unknown,FTO; SDGT,2015-09-29
CU-ACT-3119,2026-07-01,BLACKLIST,0xc4244fe10b9365766efa5a4f0baa124a750c8b4f,ethereum,25439628,ISIL Khorasan,18647,Digital Currency Address - TRX,TTrJwfL8SCSWBXWAPcZV8Pd5fZf1rznRhz,TRON_KEY_EQUIVALENCE,Unknown,FTO; SDGT,2015-09-29
CU-ACT-3120,2026-07-01,BLACKLIST,0xd5f14e80acaf51d5970eba2851685b32f5a97e00,ethereum,25439629,ISIL Khorasan,18647,Digital Currency Address - TRX,TVUS1CVQnnzoJG8PBWkcWyf7DkLrS8yh5Z,TRON_KEY_EQUIVALENCE,Unknown,FTO; SDGT,2015-09-29
CU-ACT-3121,2026-07-01,BLACKLIST,0xee366d650af5599f86289109ffb37ff0a2178b2f,ethereum,25439633,ISIL Khorasan,18647,Digital Currency Address - TRX,TXgm2Pej4dHzh6oAJvaxAVFDevgGJqfSKr,TRON_KEY_EQUIVALENCE,Unknown,FTO; SDGT,2015-09-29
CU-ACT-3122,2026-07-01,BLACKLIST,0x912b64c34d4c048c403d588df0fdae3b9b93b543,ethereum,25439648,ISIL Khorasan,18647,Digital Currency Address - TRX,TPCnxv28xNbvtAaEppddvnfkjQpaFeAkV3,TRON_KEY_EQUIVALENCE,Unknown,FTO; SDGT,2015-09-29
CU-ACT-3123,2026-07-01,BLACKLIST,0x26f4376ef74562f92876577e86b0bbb4fc05cdd6,ethereum,25439651,ISIL Khorasan,18647,Digital Currency Address - TRX,TDXBEozXRJy7eBYNCoqrDMRCx5QBN4jCCt,TRON_KEY_EQUIVALENCE,Unknown,FTO; SDGT,2015-09-29
CU-ACT-3124,2026-07-01,BLACKLIST,0x4069dffc23210e939075300d5e50161d0cf868c7,ethereum,25439656,ISIL Khorasan,18647,Digital Currency Address - TRX,TFqo5f16FJfSKesPxtGN4VN5HNZJebqMQX,TRON_KEY_EQUIVALENCE,Unknown,FTO; SDGT,2015-09-29
CU-ACT-3125,2026-07-01,BLACKLIST,0x91f7a5a79c0c660744496dd498a1601bfe670494,ethereum,25439682,ISIL Khorasan,18647,Digital Currency Address - TRX,TPH1ehJuNY8cRuJgWTXoGuzkVpK5ckueLF,TRON_KEY_EQUIVALENCE,Unknown,FTO; SDGT,2015-09-29
CU-ACT-3126,2026-07-01,BLACKLIST,0x2d20b1d77f2f663f7fe745f8493d6744683544b8,ethereum,25439688,ISIL Khorasan,18647,Digital Currency Address - TRX,TE5paMkU1hPr8BdjkSJLvEyUBxjKKSx1H6,TRON_KEY_EQUIVALENCE,Unknown,FTO; SDGT,2015-09-29
CU-ACT-3127,2026-07-01,BLACKLIST,0x8d7e10e5fa9ce28f5a7f49760b59f5ad992bddce,ethereum,25439690,ISIL Khorasan,18647,Digital Currency Address - TRX,TNsMJKvAtqiWntAnrcS8jkugL37FGzoqss,TRON_KEY_EQUIVALENCE,Unknown,FTO; SDGT,2015-09-29
CU-ACT-3128,2026-07-01,BLACKLIST,0x5168da75329bca67a2c75642b7cab4f14482cb9d,ethereum,25439694,ISIL Khorasan,18647,Digital Currency Address - TRX,THPfLwEGvHVgRzi7EMnviAFy5WG1feDH1p,TRON_KEY_EQUIVALENCE,Unknown,FTO; SDGT,2015-09-29
CU-ACT-3129,2026-07-01,BLACKLIST,0xc868071a9602dd0c8e8f277432c742fdac78442b,ethereum,25439695,ISIL Khorasan,18647,Digital Currency Address - TRX,TUErmQ9GtRDGC4g4L5wjWS55Ju5hYfR3sa,TRON_KEY_EQUIVALENCE,Unknown,FTO; SDGT,2015-09-29
CU-ACT-3130,2026-07-01,BLACKLIST,0x13c9c13507282550061c367f8f10527df835afc5,ethereum,25439719,ISIL Khorasan,18647,Digital Currency Address - TRX,TBmqXsFNYTMkyw9jVGBAecGaLyLwbxFTM1,TRON_KEY_EQUIVALENCE,Unknown,FTO; SDGT,2015-09-29
CU-ACT-3131,2026-07-01,BLACKLIST,0xab1a8d5e41dc0223973dbdfd1de14e3d567d81fb,ethereum,25439720,ISIL Khorasan,18647,Digital Currency Address - TRX,TRZvMk2D4fmjGjtuZHRVpgw6yjk8NcjsHV,TRON_KEY_EQUIVALENCE,Unknown,FTO; SDGT,2015-09-29
CU-ACT-3132,2026-07-01,BLACKLIST,0x82def3990129e73531ad7a737ba54c76d34e507d,ethereum,25439726,ISIL Khorasan,18647,Digital Currency Address - TRX,TMuBvwcgrTj6JysMmutXWaPjk1kREK2BDe,TRON_KEY_EQUIVALENCE,Unknown,FTO; SDGT,2015-09-29
CU-ACT-3133,2026-07-01,BLACKLIST,0x994aa9e584fdbe4df7934db56941fc19e70bb336,ethereum,25439730,ISIL Khorasan,18647,Digital Currency Address - TRX,TPwjq8YuABThppKM5ppsuagBFwDhzpnY11,TRON_KEY_EQUIVALENCE,Unknown,FTO; SDGT,2015-09-29
CU-ACT-3134,2026-07-01,BLACKLIST,0x70d6292f5b971c82fb6587a3cd740f64e98009c3,ethereum,25439753,ISIL Khorasan,18647,Digital Currency Address - TRX,TLFqEhiG7RUSZ9x5iph99Ke5782dkgRnWf,TRON_KEY_EQUIVALENCE,Unknown,FTO; SDGT,2015-09-29
CU-ACT-3135,2026-07-01,BLACKLIST,0x3ec58d2b0bce77282f2e415ac6596dc3f626f436,ethereum,25439774,ISIL Khorasan,18647,Digital Currency Address - TRX,TFh7Z4qmdiT7opAYYLmNVXQJtVCkAtg7Zh,TRON_KEY_EQUIVALENCE,Unknown,FTO; SDGT,2015-09-29
CU-ACT-3144,2026-07-13,BLACKLIST,0x1d19b52b54e7ef5ea1a4b40b616165e798eac9f8,ethereum,25524561,Rashevskyi Dmytro,57978,Digital Currency Address - ETH,0x1d19b52b54e7ef5ea1a4b40b616165e798eac9f8,HEX_IDENTIFIER,Unknown,CYBER4,2026-07-13
CU-ACT-3145,2026-07-13,BLACKLIST,0x2c7dcd774b33e10367f7d6385479e04f97d179dc,ethereum,25524576,Rashevskyi Dmytro,57978,Digital Currency Address - ETH,0x2C7DcD774b33e10367F7d6385479e04F97d179dc,HEX_IDENTIFIER,Unknown,CYBER4,2026-07-13
CU-ACT-3146,2026-07-13,BLACKLIST,0xbe7d33a802487f0b51e0191dc0c3772fa11a8f70,ethereum,25524578,Rashevskyi Dmytro,57978,Digital Currency Address - TRX,TTLRNgLpz5H5tLPuNU4FViUs7zmmAtyvzW,TRON_KEY_EQUIVALENCE,Unknown,CYBER4,2026-07-13
CU-ACT-3147,2026-07-13,BLACKLIST,0x2711d73d559f62f4f855ee21f38378f528e07985,ethereum,25524583,First VPN Service,57975,Digital Currency Address - ETH,0x2711d73d559f62f4f855ee21f38378f528e07985,HEX_IDENTIFIER,Unknown,CYBER4,2026-07-13
CU-ACT-3148,2026-07-13,BLACKLIST,0x0e0d1899d3a6a9362bc215f1c5a9acaccb0de882,ethereum,25524589,Rashevskyi Dmytro,57978,Digital Currency Address - TRX,TBFW9gF4oDX5cG44gS7AoxQeujScmm3z6h,TRON_KEY_EQUIVALENCE,Unknown,CYBER4,2026-07-13
CU-ACT-3149,2026-07-13,BLACKLIST,0xcfbb0c9a2a99777b46211b380869f82cf20a635e,ethereum,25524610,First VPN Service,57975,Digital Currency Address - TRX,TUuaxBAWfA5nmsqNfycxYrzEvz4a5GJMGY,TRON_KEY_EQUIVALENCE,Unknown,CYBER4,2026-07-13
CU-ACT-3150,2026-07-14,BLACKLIST,0x08151bd98c00015de698408de9405aa62115b5ee,ethereum,25533251,BANK MARKAZI JOMHOURI ISLAMI IRAN,4632,Digital Currency Address - TRX,TAhwhFv3JpK39Nc2m8W5LPCcoTisutiRfp,TRON_KEY_EQUIVALENCE,Unknown,IFSR; IRAN; IRGC; SDGT,2010-06-16
CU-ACT-3151,2026-07-14,BLACKLIST,0xe995da05f4e51871d5d2ef8496536a052138bc6a,ethereum,25533259,BANK MARKAZI JOMHOURI ISLAMI IRAN,4632,Digital Currency Address - TRX,TXGHxdYbGy574z5hBu4LNzq9NzjZQ9bhUf,TRON_KEY_EQUIVALENCE,Unknown,IFSR; IRAN; IRGC; SDGT,2010-06-16
CU-ACT-3152,2026-07-14,BLACKLIST,0x3ba6174651e3a0c3c6a7d42a75e6e00b039304d1,ethereum,25533265,BANK MARKAZI JOMHOURI ISLAMI IRAN,4632,Digital Currency Address - TRX,TFQbqaNbmq2xsVor2NbufLkYZvxFC9wC7k,TRON_KEY_EQUIVALENCE,Unknown,IFSR; IRAN; IRGC; SDGT,2010-06-16
CU-ACT-3153,2026-07-14,BLACKLIST,0x5f077e9b16f30b9ecfaf5dc09294dcc98b8d395a,ethereum,25533272,BANK MARKAZI JOMHOURI ISLAMI IRAN,4632,Digital Currency Address - TRX,TJdgB1k6ot3f2nLuZug6D8eD3HavTmzmSK,TRON_KEY_EQUIVALENCE,Unknown,IFSR; IRAN; IRGC; SDGT,2010-06-16
CU-ACT-3154,2026-07-23,BLACKLIST,0x07f57fafbd3055737c778184cdb7b30c65fb7a6e,ethereum,25597302,Al-Jebouri Zaid Issam Ahmed الجبوري زيد عصام أحمد,58199,Digital Currency Address - TRX,TAhHpxPRwo1Bmm1A9m51uZ31tcB7EPq7SY,TRON_KEY_EQUIVALENCE,Unknown,SDGT,2026-07-23
CU-ACT-3155,2026-07-23,BLACKLIST,0x4b6d60a69a1386992e18f89241d183429ebc3a56,ethereum,25597312,Al-Jebouri Zaid Issam Ahmed الجبوري زيد عصام أحمد,58199,Digital Currency Address - TRX,TGr2i8ZQiiMRjP3mWyQUH2MQBfKu8GJNqm,TRON_KEY_EQUIVALENCE,Unknown,SDGT,2026-07-23
CU-ACT-3156,2026-07-23,BLACKLIST,0x506d8d7c56a06723a52fde594638eeda23461d15,ethereum,25597316,Al-Jebouri Zaid Issam Ahmed الجبوري زيد عصام أحمد,58199,Digital Currency Address - TRX,THJUJFyTnrBWb1ijWav7qfRBrjUuKgP49Z,TRON_KEY_EQUIVALENCE,Unknown,SDGT,2026-07-23
CU-ACT-3157,2026-07-23,BLACKLIST,0x76c7c4ff99ab9791d4e358e33a3f51c2c5d3ac8e,ethereum,25597333,Al-Jebouri Zaid Issam Ahmed الجبوري زيد عصام أحمد,58199,Digital Currency Address - TRX,TLoG3vbjDgqmTD5bM7w9rMgA6ysaNReuRy,TRON_KEY_EQUIVALENCE,Unknown,SDGT,2026-07-23
CU-ACT-3158,2026-07-23,BLACKLIST,0x99929eed7638ac0f031a5d925409741f86f98be6,ethereum,25597341,Al-Jebouri Zaid Issam Ahmed الجبوري زيد عصام أحمد,58199,Digital Currency Address - TRX,TPyE2oSoaysrXfLzwf9wetBVr9JudLwjtD,TRON_KEY_EQUIVALENCE,Unknown,SDGT,2026-07-23
CU-ACT-3159,2026-07-23,BLACKLIST,0xd838b11133085016bc31ca78571067b0d77dc290,ethereum,25597360,Al-Jebouri Zaid Issam Ahmed الجبوري زيد عصام أحمد,58199,Digital Currency Address - TRX,TVgUsVzA7mpFExP4zS7HHbtKti6UuBDuwZ,TRON_KEY_EQUIVALENCE,Unknown,SDGT,2026-07-23
CU-ACT-3160,2026-07-23,BLACKLIST,0xb690e524695f909e7dac090ff30b1fcfe557f597,ethereum,25597364,Al-Jebouri Zaid Issam Ahmed الجبوري زيد عصام أحمد,58199,Digital Currency Address - TRX,TScXZTbDjjZ6a6jiC7dZjgCqfNo4vm7atV,TRON_KEY_EQUIVALENCE,Unknown,SDGT,2026-07-23
CU-ACT-3165,2026-08-07,BLACKLIST,0x6b69e2a7545c166417a80c61a77562052bffa9c5,ethereum,25705122,SHPS Shelbit,58287,Digital Currency Address - ETH,0x6b69e2a7545c166417a80c61a77562052bffa9c5,HEX_IDENTIFIER,Unknown,SDGT,2026-08-07
CU-ACT-3166,2026-08-07,BLACKLIST,0x8d79c73daae8630c88de372ba8f57592fa987607,ethereum,25705133,Kayvanpour Siavash,58284,Digital Currency Address - ETH,0x8d79c73daae8630c88de372ba8f57592fa987607,HEX_IDENTIFIER,Unknown,IRGC; SDGT,2026-08-07
CU-ACT-3167,2026-08-07,BLACKLIST,0x967f32c544b6547f366123927d6dc0a3c6dcdfb9,ethereum,25705147,Kayvanpour Siavash,58284,Digital Currency Address - TRX,TPgxjjB6AJeMSQFngbUM6dMMxPHa9GEtYa,TRON_KEY_EQUIVALENCE,Unknown,IRGC; SDGT,2026-08-07
CU-ACT-3168,2026-08-07,BLACKLIST,0xbb69e01921b17cd22080968bcc96ba6115da6062,ethereum,25705166,CRYPTO HOME DMCC كريبتو هوم م.د.م.س,58258,Digital Currency Address - ETH,0xbb69e01921b17cd22080968bcc96ba6115da6062,HEX_IDENTIFIER,Unknown,SDGT,2026-08-07
CU-ACT-3169,2026-08-07,BLACKLIST,0xe05f529f5284d75624eba386cb716928c3b54a2a,ethereum,25705174,SHPS Shelbit,58287,Digital Currency Address - ETH,0xe05f529f5284d75624eba386cb716928c3b54a2a,HEX_IDENTIFIER,Unknown,SDGT,2026-08-07
CU-ACT-3170,2026-08-07,BLACKLIST,0xc02b8bcd6cea7162274b939410d466b755553175,ethereum,25705181,CRYPTO HOME DMCC كريبتو هوم م.د.م.س,58258,Digital Currency Address - TRX,TTVJuXWCusAURrpNShiypauagEH1N4CrxV,TRON_KEY_EQUIVALENCE,Unknown,SDGT,2026-08-07
CU-ACT-3171,2026-08-07,BLACKLIST,0xeaac716a919f3a032a7e5f4d803c799569c32bd4,ethereum,25705197,SHPS Shelbit,58287,Digital Currency Address - TRX,TXN3hVukebhyYR31YPCYd7aJAvmUeXu1ab,TRON_KEY_EQUIVALENCE,Unknown,SDGT,2026-08-07
CU-ACT-3174,2026-04-24,BLACKLIST,0x8be1904f7e8d196ef670835e2893be5f75c1e63e,base,45133056,BANK MARKAZI JOMHOURI ISLAMI IRAN,4632,Digital Currency Address - TRX,TNiq9AXBp9EjUqhDhrwrfvAA8U3GUQZH81,TRON_KEY_EQUIVALENCE,Unknown,IFSR; IRAN; IRGC; SDGT,2010-06-16
CU-ACT-3175,2026-04-24,BLACKLIST,0xc29c4df7111a39030a037a3abc8dc68c8d1d8ceb,base,45133157,BANK MARKAZI JOMHOURI ISLAMI IRAN,4632,Digital Currency Address - TRX,TTiDLWE6fZK8okMJv6ijg42yrH6W2pjSr9,TRON_KEY_EQUIVALENCE,Unknown,IFSR; IRAN; IRGC; SDGT,2010-06-16
CU-ACT-3177,2026-05-20,BLACKLIST,0x038989cbb1710c72b9920dc4fa529158f463e72c,base,46250543,Ojeda Aviles Armando de Jesus,57107,Digital Currency Address - ETH,0x038989cbb1710c72b9920dc4fa529158f463e72c,HEX_IDENTIFIER,Unknown,ILLICIT-DRUGS-EO14059; SDGT,2026-05-20
CU-ACT-3178,2026-05-20,BLACKLIST,0x14779cec0b117d5194c750c55ea1f42086631964,base,46250605,Ojeda Aviles Armando de Jesus,57107,Digital Currency Address - ETH,0x14779CEC0B117d5194c750C55Ea1f42086631964,HEX_IDENTIFIER,Unknown,ILLICIT-DRUGS-EO14059; SDGT,2026-05-20
CU-ACT-3179,2026-05-20,BLACKLIST,0x32da24ca413f3e7b53145d4737e172c3bdf81e3e,base,46250691,Ojeda Aviles Armando de Jesus,57107,Digital Currency Address - ETH,0x32dA24Ca413F3E7B53145D4737e172C3bdF81e3e,HEX_IDENTIFIER,Unknown,ILLICIT-DRUGS-EO14059; SDGT,2026-05-20
CU-ACT-3180,2026-05-20,BLACKLIST,0x4f428c11dc82388fa5136d636e613ad923eb700b,base,46250733,Ojeda Aviles Armando de Jesus,57107,Digital Currency Address - ETH,0x4F428c11Dc82388fa5136D636e613ad923Eb700B,HEX_IDENTIFIER,Unknown,ILLICIT-DRUGS-EO14059; SDGT,2026-05-20
CU-ACT-3181,2026-05-20,BLACKLIST,0xac4cc4b68ea24bbfaac8fd127b67ed445accce22,base,46250848,Alarcon Palomares Rodrigo,57118,Digital Currency Address - ETH,0xaC4cC4B68ea24BbFAAC8fD127B67Ed445ACcCE22,HEX_IDENTIFIER,Unknown,ILLICIT-DRUGS-EO14059,2026-05-20
CU-ACT-3182,2026-05-20,BLACKLIST,0xf2235d55b2950a0b1317469d72d07ae65b2e27cb,base,46250871,Ojeda Aviles Armando de Jesus,57107,Digital Currency Address - ETH,0xf2235d55b2950a0b1317469d72d07ae65b2e27cb,HEX_IDENTIFIER,Unknown,ILLICIT-DRUGS-EO14059; SDGT,2026-05-20
CU-ACT-3186,2026-06-22,BLACKLIST,0x110cb5c5089fc35ba0deb718a291dd64f6d1bec8,base,47681153,Abderrahmane Miloud,57961,Digital Currency Address - TRX,TBXMiRqUp1XH1zLazWu8cWitMAScv4HsYq,TRON_KEY_EQUIVALENCE,Unknown,SDGT,2026-06-22
CU-ACT-3187,2026-06-22,BLACKLIST,0x2408302c960af24d6df5dee325b59ac59b2e55ce,base,47681214,Abderrahmane Miloud,57961,Digital Currency Address - TRX,TDFj8tYzfLDkwEMo4MJ2DfrbpMztuCCnan,TRON_KEY_EQUIVALENCE,Unknown,SDGT,2026-06-22
CU-ACT-3188,2026-07-01,BLACKLIST,0xce9f3bc87000393f625088ed40280a74682396cf,base,48064737,ISIL Khorasan,18647,Digital Currency Address - TRX,TUoixKFaWVsHxGWgnYyMzpkrT22YqU7VvH,TRON_KEY_EQUIVALENCE,Unknown,FTO; SDGT,2015-09-29
CU-ACT-3189,2026-07-01,BLACKLIST,0x1508e3c339f9e916595bfa6ea169aee265acf90c,base,48064801,ISIL Khorasan,18647,Digital Currency Address - TRX,TBtRqkiFzyuwe8nSAGQghxygAfwAF5eERq,TRON_KEY_EQUIVALENCE,Unknown,FTO; SDGT,2015-09-29
CU-ACT-3190,2026-07-01,BLACKLIST,0xc44b0630645bdf681c775df334cbd7530da813fa,base,48064929,ISIL Khorasan,18647,Digital Currency Address - TRX,TTs7KRq39547ruAsxb9brAPuTLy7h3U6H1,TRON_KEY_EQUIVALENCE,Unknown,FTO; SDGT,2015-09-29
CU-ACT-3191,2026-07-01,BLACKLIST,0xda916a1c12989829fb02a0241a7e70b5a1a4e905,base,48064977,ISIL Khorasan,18647,Digital Currency Address - TRX,TVttWTHTCU9kULP51m9BaHpmCW8H1BJJNQ,TRON_KEY_EQUIVALENCE,Unknown,FTO; SDGT,2015-09-29
CU-ACT-3192,2026-07-01,BLACKLIST,0x1f6aa4cd73fe9faf58727800b075d43caa106d46,base,48065064,ISIL Khorasan,18647,Digital Currency Address - TRX,TCqKhk7MpPnGH3UfygE1TRzUo92a5tuVy6,TRON_KEY_EQUIVALENCE,Unknown,FTO; SDGT,2015-09-29
CU-ACT-3193,2026-07-01,BLACKLIST,0xb654159bc14f208000ec9e0ad287b321c7a3bf5c,base,48065106,ISIL Khorasan,18647,Digital Currency Address - TRX,TSbGiFzG9xFXUYgGA6RwbS3jvKNpeA4c3R,TRON_KEY_EQUIVALENCE,Unknown,FTO; SDGT,2015-09-29
CU-ACT-3194,2026-07-01,BLACKLIST,0x9b571ef4731f0c8539a629cc4c44fa4fd280c10d,base,48065271,ISIL Khorasan,18647,Digital Currency Address - TRX,TQ8a74SiDig3EDSC14tosLACWLbvaNYwCJ,TRON_KEY_EQUIVALENCE,Unknown,FTO; SDGT,2015-09-29
CU-ACT-3195,2026-07-01,BLACKLIST,0xd67bb799b7d2dded7dd85802c5a6affec1108b94,base,48065341,ISIL Khorasan,18647,Digital Currency Address - TRX,TVXHp8bMrpRd5HGy3w1yu9f87qwRrMHFp8,TRON_KEY_EQUIVALENCE,Unknown,FTO; SDGT,2015-09-29
CU-ACT-3196,2026-07-01,BLACKLIST,0xe6e1d9098b08fff5f8b3e27a02d4dca8ffcdf0a9,base,48065346,ISIL Khorasan,18647,Digital Currency Address - TRX,TX1zyMrYZNbtQx7yPZp4adZV5NbToGNrkS,TRON_KEY_EQUIVALENCE,Unknown,FTO; SDGT,2015-09-29
CU-ACT-3197,2026-07-01,BLACKLIST,0xe2b0c8cd5516cf733013712408add325081225ca,base,48065372,ISIL Khorasan,18647,Digital Currency Address - TRX,TWdqVcA3NyrNv71NgbMwKv3C5XMxj4XjSp,TRON_KEY_EQUIVALENCE,Unknown,FTO; SDGT,2015-09-29
CU-ACT-3198,2026-07-01,BLACKLIST,0xcd211408b46bdbf03abb2eac205a01ceb1d86288,base,48065441,ISIL Khorasan,18647,Digital Currency Address - TRX,TUfq9hfP7qUDMoJbzkjG4GPtNxhZewqk8Z,TRON_KEY_EQUIVALENCE,Unknown,FTO; SDGT,2015-09-29
CU-ACT-3199,2026-07-01,BLACKLIST,0xb4a69b8228c1621eb22d9c6f1ef33926616f8218,base,48065552,ISIL Khorasan,18647,Digital Currency Address - TRX,TSSQDgExKUELagzAKTAcoLMviq4SZ1eTFm,TRON_KEY_EQUIVALENCE,Unknown,FTO; SDGT,2015-09-29
CU-ACT-3200,2026-07-01,BLACKLIST,0x18db649c1400f3dfbbf71b8b99419edcb12a0947,base,48065570,ISIL Khorasan,18647,Digital Currency Address - TRX,TCEe3McjK9FWby8YsNmtRDwJt1x2s5dFTL,TRON_KEY_EQUIVALENCE,Unknown,FTO; SDGT,2015-09-29
CU-ACT-3201,2026-07-01,BLACKLIST,0x203b0053ccb42ca09357dde941d251d888ec1044,base,48065696,ISIL Khorasan,18647,Digital Currency Address - TRX,TCudJgJ14kk3Ss2PEgsT15frztKpyG7HEh,TRON_KEY_EQUIVALENCE,Unknown,FTO; SDGT,2015-09-29
CU-ACT-3202,2026-07-01,BLACKLIST,0x1e6983848eca149f9fc68b0a1616a1c4f62945aa,base,48065698,ISIL Khorasan,18647,Digital Currency Address - TRX,TCk1g37N3x6PDda63waydNQwqTUzFNpsrR,TRON_KEY_EQUIVALENCE,Unknown,FTO; SDGT,2015-09-29
CU-ACT-3203,2026-07-01,BLACKLIST,0x0eaea039d805c9600de19d5a9aa6daf4d51979ed,base,48065724,ISIL Khorasan,18647,Digital Currency Address - TRX,TBJqexr1FfGxVKhDsKeou6FVLBW1aS1Ny7,TRON_KEY_EQUIVALENCE,Unknown,FTO; SDGT,2015-09-29
CU-ACT-3204,2026-07-01,BLACKLIST,0xd1d1443c710b2f295f72ef3bc8be04a28be3e0db,base,48065745,ISIL Khorasan,18647,Digital Currency Address - TRX,TV6cvFEMcfxGsWqgxpBrXZ35MkhdtdhT3G,TRON_KEY_EQUIVALENCE,Unknown,FTO; SDGT,2015-09-29
CU-ACT-3205,2026-07-01,BLACKLIST,0x545fd777d462df0acc99a188f2532a962e00df74,base,48065751,ISIL Khorasan,18647,Digital Currency Address - TRX,THfLaNMBAMz7xXnHoz5BkRMmrwuHKqfAfR,TRON_KEY_EQUIVALENCE,Unknown,FTO; SDGT,2015-09-29
CU-ACT-3206,2026-07-01,BLACKLIST,0x9789e42918dec6442a155fd2ba064d05d6db0ed2,base,48065787,ISIL Khorasan,18647,Digital Currency Address - TRX,TPnUDsrLYZg1UXGkpXSmhFEY5J5etfzE9S,TRON_KEY_EQUIVALENCE,Unknown,FTO; SDGT,2015-09-29
CU-ACT-3207,2026-07-01,BLACKLIST,0xe9d48628d685e121f48181616c71f88ec4020bf9,base,48065814,ISIL Khorasan,18647,Digital Currency Address - TRX,TXHb3BkGgYmygyS14MJKX8kTcFGT7dXN4r,TRON_KEY_EQUIVALENCE,Unknown,FTO; SDGT,2015-09-29
CU-ACT-3208,2026-07-01,BLACKLIST,0xb2880d55b128cfa10cc32411e2311f59500e130b,base,48065859,ISIL Khorasan,18647,Digital Currency Address - TRX,TSFCGGbR57b56c4MXdiW5gzpD8j6cmimgo,TRON_KEY_EQUIVALENCE,Unknown,FTO; SDGT,2015-09-29
CU-ACT-3209,2026-07-01,BLACKLIST,0x6ee2a4ab3befdcfcd8c0844e853491f08971d899,base,48065935,ISIL Khorasan,18647,Digital Currency Address - TRX,TL5WqcFX7XkhVLLwaXrdr57gnjC4stBeSG,TRON_KEY_EQUIVALENCE,Unknown,FTO; SDGT,2015-09-29
CU-ACT-3210,2026-07-01,BLACKLIST,0xc73da1e718a4fbd1ce023d412ab34433922fba58,base,48065956,ISIL Khorasan,18647,Digital Currency Address - TRX,TU8hJXgHdxWuj4DaaBKQFUwDeB8B5Xacke,TRON_KEY_EQUIVALENCE,Unknown,FTO; SDGT,2015-09-29
CU-ACT-3211,2026-07-01,BLACKLIST,0xd68022dc9dde9c9e1a613a1fb04a1de5758b563e,base,48066159,ISIL Khorasan,18647,Digital Currency Address - TRX,TVXP7Aj5KFUPKMQUrsU6F3wUsyiLiUaUje,TRON_KEY_EQUIVALENCE,Unknown,FTO; SDGT,2015-09-29
CU-ACT-3212,2026-07-01,BLACKLIST,0x84be9d8d09cb26f31bb37771ecb06ebdd91101f9,base,48066260,ISIL Khorasan,18647,Digital Currency Address - TRX,TN56YaCBymut2xoiRvy3v2qZ2pYgmBAtSo,TRON_KEY_EQUIVALENCE,Unknown,FTO; SDGT,2015-09-29
CU-ACT-3213,2026-07-01,BLACKLIST,0xb0fc46592a0795a23df08b2b25e953a5461805fb,base,48066320,ISIL Khorasan,18647,Digital Currency Address - TRX,TS729BUXeZWBhJGPKCdK75q7VU4nhkJkYT,TRON_KEY_EQUIVALENCE,Unknown,FTO; SDGT,2015-09-29
CU-ACT-3214,2026-07-01,BLACKLIST,0x2bbf8e01ef1349da89eb6d423a217582430e6dbc,base,48066422,ISIL Khorasan,18647,Digital Currency Address - TRX,TDxXXmCELgrb5VwYobDMyTKVTTdY9LjEjx,TRON_KEY_EQUIVALENCE,Unknown,FTO; SDGT,2015-09-29
CU-ACT-3215,2026-07-01,BLACKLIST,0xc4b13cf26d06bd15db5b8efe9553710b9aae8acd,base,48066427,ISIL Khorasan,18647,Digital Currency Address - TRX,TTuDmNhu8A6koPJRUd8Q5RnsT1FMfrZnoj,TRON_KEY_EQUIVALENCE,Unknown,FTO; SDGT,2015-09-29
CU-ACT-3216,2026-07-01,BLACKLIST,0x2277d63319a5d529c0ffecf1d4d93343713d9802,base,48066453,ISIL Khorasan,18647,Digital Currency Address - TRX,TD7TXyvmjPfJkfhJuQ58NXA9dX9q81mqAp,TRON_KEY_EQUIVALENCE,Unknown,FTO; SDGT,2015-09-29
CU-ACT-3217,2026-07-01,BLACKLIST,0x2fbe2388dca7d240ebc72617fb2dd5890fea4dd2,base,48066490,ISIL Khorasan,18647,Digital Currency Address - TRX,TEKeY9i4CcVySJMmhuh2AxZhtgTmugYUMW,TRON_KEY_EQUIVALENCE,Unknown,FTO; SDGT,2015-09-29
CU-ACT-3218,2026-07-01,BLACKLIST,0xdd6184d750a5610e1094cc5b02a8ec1c7dc14be2,base,48066500,ISIL Khorasan,18647,Digital Currency Address - TRX,TW9mABkenngQyJBqce5khR9fNCBF5gsBFQ,TRON_KEY_EQUIVALENCE,Unknown,FTO; SDGT,2015-09-29
CU-ACT-3219,2026-07-01,BLACKLIST,0xef7c470bbcdd524c299304627180d6074ccbfdfd,base,48066527,ISIL Khorasan,18647,Digital Currency Address - TRX,TXoVNrqm11FFVKcF1vEND64gibVkr1HwAR,TRON_KEY_EQUIVALENCE,Unknown,FTO; SDGT,2015-09-29
CU-ACT-3220,2026-07-01,BLACKLIST,0xe5b46834ab6831f5d27c72237da310fef4552911,base,48066577,ISIL Khorasan,18647,Digital Currency Address - TRX,TWumrtaEaPCv8Bs9mXqKkhY5sZVd78QAdS,TRON_KEY_EQUIVALENCE,Unknown,FTO; SDGT,2015-09-29
CU-ACT-3221,2026-07-01,BLACKLIST,0xd82ffef8cb4f0f6a56fc2dd275879985307d1d3a,base,48066629,ISIL Khorasan,18647,Digital Currency Address - TRX,TVgJTK9qPg7wGTyeTG2MYF8aKMEx883xYU,TRON_KEY_EQUIVALENCE,Unknown,FTO; SDGT,2015-09-29
CU-ACT-3222,2026-07-01,BLACKLIST,0x160ad9cb8202fe697e5b0991b65032787ce23dff,base,48066700,ISIL Khorasan,18647,Digital Currency Address - TRX,TByksCkUtMaYwHCSaetmAGufpeyfdXBrJk,TRON_KEY_EQUIVALENCE,Unknown,FTO; SDGT,2015-09-29
CU-ACT-3223,2026-07-01,BLACKLIST,0x35ecfdb165bbc06d2cc19af466465c7ac9c3f7eb,base,48066708,ISIL Khorasan,18647,Digital Currency Address - TRX,TEtLieZwyjJTth7S5EJqUNjtSbM1ui9toK,TRON_KEY_EQUIVALENCE,Unknown,FTO; SDGT,2015-09-29
CU-ACT-3224,2026-07-01,BLACKLIST,0x8c5a5d9b5bd20cea93295e0f12909d6ebf2f1989,base,48066762,ISIL Khorasan,18647,Digital Currency Address - TRX,TNmKrdYLPtFwPNWJUjrXdkQw4gSwpszUJd,TRON_KEY_EQUIVALENCE,Unknown,FTO; SDGT,2015-09-29
CU-ACT-3225,2026-07-01,BLACKLIST,0xf37ffa0e4829aa159af625c48276c4e632f4400c,base,48066842,ISIL Khorasan,18647,Digital Currency Address - TRX,TYAiWf2KhXrGuWxmCPaJgC6zNYwFuKtioi,TRON_KEY_EQUIVALENCE,Unknown,FTO; SDGT,2015-09-29
CU-ACT-3226,2026-07-01,BLACKLIST,0x0ede87dc2bf535ebc2682340dfc33cc50363bc2b,base,48066855,ISIL Khorasan,18647,Digital Currency Address - TRX,TBKq3SzXigsGhQNzdCYocpt8RzoMh3uxAr,TRON_KEY_EQUIVALENCE,Unknown,FTO; SDGT,2015-09-29
CU-ACT-3227,2026-07-01,BLACKLIST,0x8960c337bb1bc8618e8c022277ca0d34d26ce06c,base,48066897,ISIL Khorasan,18647,Digital Currency Address - TRX,TNVbVXAgUT83Sv7E9oZwWutXqzs13sr6xN,TRON_KEY_EQUIVALENCE,Unknown,FTO; SDGT,2015-09-29
CU-ACT-3228,2026-07-01,BLACKLIST,0x30c7c36cb08138b620bc21611e18264c6a222583,base,48066934,ISIL Khorasan,18647,Digital Currency Address - TRX,TER8k4zWt3byuHyvyBkLstz3QVUUuBs9pt,TRON_KEY_EQUIVALENCE,Unknown,FTO; SDGT,2015-09-29
CU-ACT-3229,2026-07-01,BLACKLIST,0x45e8fcd87cefd8f53a1775c9781f50e8ca7e8b62,base,48067004,ISIL Khorasan,18647,Digital Currency Address - TRX,TGLrjZc9c48iMFB4ZmDnSjSRMq27MXPg2k,TRON_KEY_EQUIVALENCE,Unknown,FTO; SDGT,2015-09-29
CU-ACT-3230,2026-07-01,BLACKLIST,0x97248ad2ee8453b901c646bddc256e4dca165452,base,48067051,ISIL Khorasan,18647,Digital Currency Address - TRX,TPkNp2Z5KiA1sLWpPMWsfNErVo2dHxc4iy,TRON_KEY_EQUIVALENCE,Unknown,FTO; SDGT,2015-09-29
CU-ACT-3231,2026-07-01,BLACKLIST,0x75fd59164d2af087af5a90f7e1b7c3d05de93dee,base,48067164,ISIL Khorasan,18647,Digital Currency Address - TRX,TLj5ZRvem4DAdbZLTGU3qAbAdLQug57JVo,TRON_KEY_EQUIVALENCE,Unknown,FTO; SDGT,2015-09-29
CU-ACT-3232,2026-07-01,BLACKLIST,0x2606d9411d6a4cab5b9e0bbd3cdef05f3f35854e,base,48067210,ISIL Khorasan,18647,Digital Currency Address - TRX,TDSGtCciE9yFKYzDj1kBBc3F7gosguDqwC,TRON_KEY_EQUIVALENCE,Unknown,FTO; SDGT,2015-09-29
CU-ACT-3233,2026-07-01,BLACKLIST,0x6440312463c98262b0768ac4f8e7232fb58caced,base,48067267,ISIL Khorasan,18647,Digital Currency Address - TRX,TK7HUNru8YLMz7vv8kzWRPrE2ZSgZeCaHV,TRON_KEY_EQUIVALENCE,Unknown,FTO; SDGT,2015-09-29
CU-ACT-3234,2026-07-01,BLACKLIST,0x7db839f22e388b5c427ef1ae4f1fe558012904bf,base,48067291,ISIL Khorasan,18647,Digital Currency Address - TRX,TMRxAJt87MVYnadWne53AxZFG1FPKGfoGz,TRON_KEY_EQUIVALENCE,Unknown,FTO; SDGT,2015-09-29
CU-ACT-3235,2026-07-01,BLACKLIST,0xad5c8f4ba4bb0b94feb63e97bb821f808d44507b,base,48067336,ISIL Khorasan,18647,Digital Currency Address - TRX,TRmrnQiUY1ofMcTQUXvgeauKcZPnmwUeUR,TRON_KEY_EQUIVALENCE,Unknown,FTO; SDGT,2015-09-29
CU-ACT-3236,2026-07-01,BLACKLIST,0x0a9f2460bd9357ebc0e24654b83d43d701560500,base,48067416,ISIL Khorasan,18647,Digital Currency Address - TRX,TAwNQN5tmzJJ694PPuoFUxQY13quBs8YgA,TRON_KEY_EQUIVALENCE,Unknown,FTO; SDGT,2015-09-29
CU-ACT-3237,2026-07-01,BLACKLIST,0x464da77310220c0c1596f8339129907b16cd896f,base,48067446,ISIL Khorasan,18647,Digital Currency Address - TRX,TGNwKzHjYvYP2SwsrmCYrRRvCRdxQgLq1w,TRON_KEY_EQUIVALENCE,Unknown,FTO; SDGT,2015-09-29
CU-ACT-3238,2026-07-01,BLACKLIST,0xf72202e113a400891e8f91e1fec0c1cc9065d735,base,48067549,ISIL Khorasan,18647,Digital Currency Address - TRX,TYVveapkRkm5RHcDNPU9QnPk8N5RdsS4iY,TRON_KEY_EQUIVALENCE,Unknown,FTO; SDGT,2015-09-29
CU-ACT-3239,2026-07-01,BLACKLIST,0x00e0c79525c9f846ee27f8ecf3dcfebb3a335dc7,base,48067599,ISIL Khorasan,18647,Digital Currency Address - TRX,TA3rH2A7iHnm6pKH8gr9cK1EZnShnmZdFg,TRON_KEY_EQUIVALENCE,Unknown,FTO; SDGT,2015-09-29
CU-ACT-3240,2026-07-01,BLACKLIST,0x28facff64babe25658bb4635af41aaa019f9deee,base,48067791,ISIL Khorasan,18647,Digital Currency Address - TRX,TDhtVUnmYwWfzWVrnzryr3fbQo8VTvj4ji,TRON_KEY_EQUIVALENCE,Unknown,FTO; SDGT,2015-09-29
CU-ACT-3241,2026-07-01,BLACKLIST,0x2d415662ce7ddd1e89c4bbf8f527f7e06811248e,base,48067793,ISIL Khorasan,18647,Digital Currency Address - TRX,TE6VgR7rAuY4kuzCjdSVCZFXPjjzSQYY7X,TRON_KEY_EQUIVALENCE,Unknown,FTO; SDGT,2015-09-29
CU-ACT-3242,2026-07-01,BLACKLIST,0x0b57cde36e6e0c31a10442076dfd03ff8038507d,base,48067825,ISIL Khorasan,18647,Digital Currency Address - TRX,TB1Bcv3x8mg7PVV4nVM48pgHJKcYboTypU,TRON_KEY_EQUIVALENCE,Unknown,FTO; SDGT,2015-09-29
CU-ACT-3243,2026-07-01,BLACKLIST,0xe646c85afde30e55d7196612efd37e5b058e9717,base,48067861,ISIL Khorasan,18647,Digital Currency Address - TRX,TWxoDF6qvjMUeTYRimaiARGsJTUnjrzZn3,TRON_KEY_EQUIVALENCE,Unknown,FTO; SDGT,2015-09-29
CU-ACT-3244,2026-07-01,BLACKLIST,0x1c165affe280c786303cce84f1eda9957de87779,base,48068001,ISIL Khorasan,18647,Digital Currency Address - TRX,TCXihiScsAodR942Xq45df9qQAdr5nhkjQ,TRON_KEY_EQUIVALENCE,Unknown,FTO; SDGT,2015-09-29
CU-ACT-3245,2026-07-01,BLACKLIST,0xd1b4671abd7c3db9f5d99b98918ebf8cbd41ea33,base,48068083,ISIL Khorasan,18647,Digital Currency Address - TRX,TV62LkiP1GiNdFCJEdY3xf6GdNLCCi6mfu,TRON_KEY_EQUIVALENCE,Unknown,FTO; SDGT,2015-09-29
CU-ACT-3246,2026-07-01,BLACKLIST,0xdd8cf42ff365caebbed4f48190ca79286b0e66c7,base,48068206,ISIL Khorasan,18647,Digital Currency Address - TRX,TWAfC6htS1FyFv1r3aKENuD8DQGMzBbP8L,TRON_KEY_EQUIVALENCE,Unknown,FTO; SDGT,2015-09-29
CU-ACT-3247,2026-07-01,BLACKLIST,0x0b1da2038535de65831e81f6fdc40f40b222e2b1,base,48068238,ISIL Khorasan,18647,Digital Currency Address - TRX,TAyyw6ZoTZexvTcN7WRR9t79JUFgSAvkL8,TRON_KEY_EQUIVALENCE,Unknown,FTO; SDGT,2015-09-29
CU-ACT-3248,2026-07-01,BLACKLIST,0x5b05ac96e74161c8edffb7e6368df33b4167583a,base,48068255,ISIL Khorasan,18647,Digital Currency Address - TRX,TJGVHmHVNuU1vsXGGALLoirPwoRZoMUuhg,TRON_KEY_EQUIVALENCE,Unknown,FTO; SDGT,2015-09-29
CU-ACT-3249,2026-07-01,BLACKLIST,0xa112c8cb691f58754269ce81c73a9dc92e63159f,base,48068287,ISIL Khorasan,18647,Digital Currency Address - TRX,TQetJ6xMqvv2Fu4ftD9UdBhuaKem5HbMou,TRON_KEY_EQUIVALENCE,Unknown,FTO; SDGT,2015-09-29
CU-ACT-3250,2026-07-01,BLACKLIST,0xb251e1f30c697905287d3e1be1fb0fffc01ce633,base,48068416,ISIL Khorasan,18647,Digital Currency Address - TRX,TSE5NWTJckiN8hJCUzwB3RgsMbdF4uCrmr,TRON_KEY_EQUIVALENCE,Unknown,FTO; SDGT,2015-09-29
CU-ACT-3251,2026-07-01,BLACKLIST,0xfbc3ca4a4b808bef72c54b872caa59e5e69c783e,base,48068518,ISIL Khorasan,18647,Digital Currency Address - TRX,TYvR9x3Dqx39s9rooaSAHwVwF8psBrcFBV,TRON_KEY_EQUIVALENCE,Unknown,FTO; SDGT,2015-09-29
CU-ACT-3252,2026-07-01,BLACKLIST,0x803a9bd5e917e32bd7bcde526e656254417c5a86,base,48068540,ISIL Khorasan,18647,Digital Currency Address - TRX,TMfDhpUqW5W6HcMPXFaJfaiY271CYa51Hs,TRON_KEY_EQUIVALENCE,Unknown,FTO; SDGT,2015-09-29
CU-ACT-3253,2026-07-01,BLACKLIST,0xddc63d69ed992e2617d54950a8cea70e2127c412,base,48068578,ISIL Khorasan,18647,Digital Currency Address - TRX,TWBqpQLDPCrXgRW1X9yFqR8NFfjyFSq5k4,TRON_KEY_EQUIVALENCE,Unknown,FTO; SDGT,2015-09-29
CU-ACT-3254,2026-07-01,BLACKLIST,0xd086c684646d4eba389c5d97e57d5b2bee3826b7,base,48068631,ISIL Khorasan,18647,Digital Currency Address - TRX,TUyo1Kfnnjr2iMQdZxLWPX1U8Xiy1Wz5z5,TRON_KEY_EQUIVALENCE,Unknown,FTO; SDGT,2015-09-29
CU-ACT-3255,2026-07-01,BLACKLIST,0x12f3acd05ddc70d333ca7e8d9a36513997cfb08f,base,48068748,ISIL Khorasan,18647,Digital Currency Address - TRX,TBhR5MLrTsNZ8FUyKgzdrCjWkYD2orYLdx,TRON_KEY_EQUIVALENCE,Unknown,FTO; SDGT,2015-09-29
CU-ACT-3256,2026-07-01,BLACKLIST,0x0c1ee706f91a56fc96e2f260c670bd4bf3002696,base,48068766,ISIL Khorasan,18647,Digital Currency Address - TRX,TB5J8W166YTUmtpUsy4XnNTKLVtesuE9eV,TRON_KEY_EQUIVALENCE,Unknown,FTO; SDGT,2015-09-29
CU-ACT-3257,2026-07-01,BLACKLIST,0x24545819f879db1a8df28fe0fd7f8ee4b7025977,base,48068819,ISIL Khorasan,18647,Digital Currency Address - TRX,TDHJNJHosn6xNDxMecFZwXyTzE9bYGXp9L,TRON_KEY_EQUIVALENCE,Unknown,FTO; SDGT,2015-09-29
CU-ACT-3258,2026-07-01,BLACKLIST,0xe4814881a36d2c543b5acc30a7ee9868b0c810da,base,48068915,ISIL Khorasan,18647,Digital Currency Address - TRX,TWoRwYzsifrD79DHDpTHC8fq787MvH9Qro,TRON_KEY_EQUIVALENCE,Unknown,FTO; SDGT,2015-09-29
CU-ACT-3259,2026-07-01,BLACKLIST,0x2907a4de925af9434bcf176957dcbfeac49afc46,base,48068969,ISIL Khorasan,18647,Digital Currency Address - TRX,TDi9s3GeAtFBbUvGxqXiZnxiaH9QpqjYFn,TRON_KEY_EQUIVALENCE,Unknown,FTO; SDGT,2015-09-29
CU-ACT-3260,2026-07-01,BLACKLIST,0x1b78a412cc1078fd5719a3379085647ca4ba0e5f,base,48068975,ISIL Khorasan,18647,Digital Currency Address - TRX,TCUTmWspsaJb3U5JUs5AhVcGwaftyK1qtp,TRON_KEY_EQUIVALENCE,Unknown,FTO; SDGT,2015-09-29
CU-ACT-3261,2026-07-01,BLACKLIST,0x2e2983271415c0aa7950277186f10c0676f5cac2,base,48069114,ISIL Khorasan,18647,Digital Currency Address - TRX,TEBHpD6iiAqhyS4w7zZFmD1rrv65a5HVTD,TRON_KEY_EQUIVALENCE,Unknown,FTO; SDGT,2015-09-29
CU-ACT-3262,2026-07-01,BLACKLIST,0x56bf68cd5ad0cafc5e3cb7da826914359592eb62,base,48069146,ISIL Khorasan,18647,Digital Currency Address - TRX,THstQuwNidzC4YeJ7uPowf55ZdVZtGcHJ5,TRON_KEY_EQUIVALENCE,Unknown,FTO; SDGT,2015-09-29
CU-ACT-3263,2026-07-01,BLACKLIST,0x68c15054d74c86ffca1e23a3802a27bab1735395,base,48069160,ISIL Khorasan,18647,Digital Currency Address - TRX,TKX6rgpGpGrJWzf1qXUUSNL5cYHQt7Z9rY,TRON_KEY_EQUIVALENCE,Unknown,FTO; SDGT,2015-09-29
CU-ACT-3264,2026-07-01,BLACKLIST,0xa05b377f4ae52727a59bcb7a82d6a20356f6b0b4,base,48069223,ISIL Khorasan,18647,Digital Currency Address - TRX,TQb6Pc4PmfUdUokLq5ygNioj4PnodNak9b,TRON_KEY_EQUIVALENCE,Unknown,FTO; SDGT,2015-09-29
CU-ACT-3265,2026-07-01,BLACKLIST,0x9f4f225d3fa34d498adbfd6898e2b30850859059,base,48069320,ISIL Khorasan,18647,Digital Currency Address - TRX,TQVZEuLHacexyJX3nZStaPzxceS63C9bax,TRON_KEY_EQUIVALENCE,Unknown,FTO; SDGT,2015-09-29
CU-ACT-3266,2026-07-01,BLACKLIST,0xd3faecadc1f752234b6079299f570def99976f7c,base,48069429,ISIL Khorasan,18647,Digital Currency Address - TRX,TVJ4B5R8c8dS65NtUXpZPMGUpCRq8BQUrC,TRON_KEY_EQUIVALENCE,Unknown,FTO; SDGT,2015-09-29
CU-ACT-3267,2026-07-01,BLACKLIST,0x81d0eac7c2e42b221bd2e5bd5f9ddc0dcc9f6f30,base,48069495,ISIL Khorasan,18647,Digital Currency Address - TRX,TMocScwSbSn2cqRCHVkzZSEar3Jk5AsXgo,TRON_KEY_EQUIVALENCE,Unknown,FTO; SDGT,2015-09-29
CU-ACT-3268,2026-07-01,BLACKLIST,0xa6358db3812ce9a11eb8aa2f954e36711ed015f6,base,48069526,ISIL Khorasan,18647,Digital Currency Address - TRX,TR83KsDjUKeds62PcAgo7BfhPJPSpMk7Ba,TRON_KEY_EQUIVALENCE,Unknown,FTO; SDGT,2015-09-29
CU-ACT-3269,2026-07-01,BLACKLIST,0xa570df663c1b522f3dacd6f96320e65f8206ed0d,base,48069581,ISIL Khorasan,18647,Digital Currency Address - TRX,TR3yiEuFrbBnP8X5DKYFjRxCwbxcYyftD4,TRON_KEY_EQUIVALENCE,Unknown,FTO; SDGT,2015-09-29
CU-ACT-3270,2026-07-01,BLACKLIST,0x07d28de0bbd45f2ef8f89621f9f504ed72f34d92,base,48069597,ISIL Khorasan,18647,Digital Currency Address - TRX,TAgZxxuvfuKYJY5UPC1DXF8NPHbKtTzEGu,TRON_KEY_EQUIVALENCE,Unknown,FTO; SDGT,2015-09-29
CU-ACT-3271,2026-07-01,BLACKLIST,0x878ebd5e809aca3dc01856d5fa924a405e34dad6,base,48069686,ISIL Khorasan,18647,Digital Currency Address - TRX,TNKyDgjn2WHZwHhH2Mj5AGMnK4moBX9xQd,TRON_KEY_EQUIVALENCE,Unknown,FTO; SDGT,2015-09-29
CU-ACT-3272,2026-07-01,BLACKLIST,0x31424423746e69795da87d93bef987cc9aebe8d6,base,48069716,ISIL Khorasan,18647,Digital Currency Address - TRX,TETfViHWf9ZNB6WJgZBRMB48pTaBFo5Rmd,TRON_KEY_EQUIVALENCE,Unknown,FTO; SDGT,2015-09-29
CU-ACT-3273,2026-07-01,BLACKLIST,0x26eddc84e46104b944f871c0f3fbd8256197d5ca,base,48069764,ISIL Khorasan,18647,Digital Currency Address - TRX,TDX3dFNPvJeA9eVLLNqf1ixr4U2ktcDmoD,TRON_KEY_EQUIVALENCE,Unknown,FTO; SDGT,2015-09-29
CU-ACT-3274,2026-07-01,BLACKLIST,0x95bcc8bbd8f91b255baf9ecf54f15e74b9959af2,base,48069791,ISIL Khorasan,18647,Digital Currency Address - TRX,TPcwqbJ3ViWMUQMiKfMjDM7VTiCzdRu1cH,TRON_KEY_EQUIVALENCE,Unknown,FTO; SDGT,2015-09-29
CU-ACT-3275,2026-07-01,BLACKLIST,0xb79a667da76ba369583ba333c4eb4b005c5b657a,base,48069817,ISIL Khorasan,18647,Digital Currency Address - TRX,TSi1d66cgg3cPm9L6c2ZD8K1381XusSjkc,TRON_KEY_EQUIVALENCE,Unknown,FTO; SDGT,2015-09-29
CU-ACT-3276,2026-07-01,BLACKLIST,0x20e60fa8673fa61d574b42a13ae805c312777241,base,48069980,ISIL Khorasan,18647,Digital Currency Address - TRX,TCyAE8Lxa1rmTThhE5Z3X95PC9rgMrReMX,TRON_KEY_EQUIVALENCE,Unknown,FTO; SDGT,2015-09-29
CU-ACT-3277,2026-07-01,BLACKLIST,0x5a43b964288ce2b4b7de0cae544531bf94a8b79f,base,48070109,ISIL Khorasan,18647,Digital Currency Address - TRX,TJCUwt9EKeTyzDw42658h8aYxQXScLdCZR,TRON_KEY_EQUIVALENCE,Unknown,FTO; SDGT,2015-09-29
CU-ACT-3278,2026-07-01,BLACKLIST,0x3e4b5fa3fe3fdb48f0865b2088e3beafe915eb63,base,48070161,ISIL Khorasan,18647,Digital Currency Address - TRX,TFebC149jCDiow1MBphhfpHDLeMAKRNrqJ,TRON_KEY_EQUIVALENCE,Unknown,FTO; SDGT,2015-09-29
CU-ACT-3279,2026-07-01,BLACKLIST,0x12f59283c23ff1b2ad7a8730b6cf41df25435570,base,48070225,ISIL Khorasan,18647,Digital Currency Address - TRX,TBhTMBAaEWiTtMgMdJ97ZmYotgHeY543cc,TRON_KEY_EQUIVALENCE,Unknown,FTO; SDGT,2015-09-29
CU-ACT-3280,2026-07-01,BLACKLIST,0xae1174ea8e2ce28b7db322f675be24507a37aabd,base,48070249,ISIL Khorasan,18647,Digital Currency Address - TRX,TRqbVMHWck3j2vKzA16L69v3cwuoyQSY8L,TRON_KEY_EQUIVALENCE,Unknown,FTO; SDGT,2015-09-29
CU-ACT-3281,2026-07-01,BLACKLIST,0x18855af93d521cf39fa8a1342a06562661725420,base,48070298,ISIL Khorasan,18647,Digital Currency Address - TRX,TCCryMcQb5A5FSYkmcVy26Nd8J1FWHtfWh,TRON_KEY_EQUIVALENCE,Unknown,FTO; SDGT,2015-09-29
CU-ACT-3282,2026-07-01,BLACKLIST,0xa38ffbe2722007f682e4985420acfce172c8b421,base,48070349,ISIL Khorasan,18647,Digital Currency Address - TRX,TQt3dWHiPdaKioG7nwovoTDUtxfimyuxYa,TRON_KEY_EQUIVALENCE,Unknown,FTO; SDGT,2015-09-29
CU-ACT-3283,2026-07-01,BLACKLIST,0xf0eaf0fa72283fb86ebd5d462cc5c7e97d640308,base,48070454,ISIL Khorasan,18647,Digital Currency Address - TRX,TXw4d7BseHBn6sneMUzm4nEdfPVjuJGEH9,TRON_KEY_EQUIVALENCE,Unknown,FTO; SDGT,2015-09-29
CU-ACT-3284,2026-07-01,BLACKLIST,0x2d0d0dcf83adde53fcde96af5fbcd1367944a2d8,base,48070518,ISIL Khorasan,18647,Digital Currency Address - TRX,TE5R3hJ6REap6vh14YAqjXczKrYaiteTy3,TRON_KEY_EQUIVALENCE,Unknown,FTO; SDGT,2015-09-29
CU-ACT-3285,2026-07-01,BLACKLIST,0x701f00ebbcd4c09d6a7a9f89023cbf400c318504,base,48070708,ISIL Khorasan,18647,Digital Currency Address - TRX,TLC3piEQ5n4tcULKHqLTGhmYFUyHUVSxck,TRON_KEY_EQUIVALENCE,Unknown,FTO; SDGT,2015-09-29
CU-ACT-3286,2026-07-01,BLACKLIST,0x01ab57e94386817f1d3d3549c2e3ad5d2622de2b,base,48070740,ISIL Khorasan,18647,Digital Currency Address - TRX,TA82wQ77kb9DieW4C8q7C4KwMfnCzfziqN,TRON_KEY_EQUIVALENCE,Unknown,FTO; SDGT,2015-09-29
CU-ACT-3287,2026-07-01,BLACKLIST,0xaa678643e6c27b8508d91bf152b581b94b8c6cbf,base,48070756,ISIL Khorasan,18647,Digital Currency Address - TRX,TRWDtgCfXzTcMv8W6iJxh6umeqeF3zG7n5,TRON_KEY_EQUIVALENCE,Unknown,FTO; SDGT,2015-09-29
CU-ACT-3288,2026-07-01,BLACKLIST,0x7077f6f05c0c435bde0d145613425fc17ce10a5a,base,48070798,ISIL Khorasan,18647,Digital Currency Address - TRX,TLDtPq9PQsDuQunME8CSeVdYaLtRdrVgoJ,TRON_KEY_EQUIVALENCE,Unknown,FTO; SDGT,2015-09-29
CU-ACT-3289,2026-07-01,BLACKLIST,0x8711522cdb2f89df2d99dea0c1cb68ce2ee3016a,base,48070844,ISIL Khorasan,18647,Digital Currency Address - TRX,TNHNySUf8LMzhzSiQnHCXCbgatscQbM4ZQ,TRON_KEY_EQUIVALENCE,Unknown,FTO; SDGT,2015-09-29
CU-ACT-3290,2026-07-01,BLACKLIST,0x1796486b359f2084f9e1585a491545d38d6db391,base,48070847,ISIL Khorasan,18647,Digital Currency Address - TRX,TC7vaJsxZteEEnnm2EFm9BRSZvezvsuA86,TRON_KEY_EQUIVALENCE,Unknown,FTO; SDGT,2015-09-29
CU-ACT-3291,2026-07-01,BLACKLIST,0xcc8b73b5a7b3c88478c1a3d0eb34c7c5dc9f686f,base,48070922,ISIL Khorasan,18647,Digital Currency Address - TRX,TUcjuVB6RFvsMgE352Kdc3VHvFvteti97B,TRON_KEY_EQUIVALENCE,Unknown,FTO; SDGT,2015-09-29
CU-ACT-3292,2026-07-01,BLACKLIST,0xd5f14e80acaf51d5970eba2851685b32f5a97e00,base,48070937,ISIL Khorasan,18647,Digital Currency Address - TRX,TVUS1CVQnnzoJG8PBWkcWyf7DkLrS8yh5Z,TRON_KEY_EQUIVALENCE,Unknown,FTO; SDGT,2015-09-29
CU-ACT-3293,2026-07-01,BLACKLIST,0x8eec746c6fc6dda84f44c82ca94818281c23e1f1,base,48070948,ISIL Khorasan,18647,Digital Currency Address - TRX,TNzvDTvcQTaY9jFrv85JnqibnGcudePj1z,TRON_KEY_EQUIVALENCE,Unknown,FTO; SDGT,2015-09-29
CU-ACT-3294,2026-07-01,BLACKLIST,0x12964e45547b54b00faab3f8babc22ff7fe45609,base,48071024,ISIL Khorasan,18647,Digital Currency Address - TRX,TBfVDwNS6hC2Ln2qTLTRKMMPddscFEhhrU,TRON_KEY_EQUIVALENCE,Unknown,FTO; SDGT,2015-09-29
CU-ACT-3295,2026-07-01,BLACKLIST,0x3beaf4486e9c6a4feae23ed9296844588a61604c,base,48071102,ISIL Khorasan,18647,Digital Currency Address - TRX,TFS2LHNcrffdAVRHpDUpNvnmCHs78cSNbz,TRON_KEY_EQUIVALENCE,Unknown,FTO; SDGT,2015-09-29
CU-ACT-3296,2026-07-01,BLACKLIST,0xcc0bf752565564606f37c647249da56838671a7d,base,48071178,ISIL Khorasan,18647,Digital Currency Address - TRX,TUa7BcRjT3eT7kPyNWPvHQkz4qF9v68D7A,TRON_KEY_EQUIVALENCE,Unknown,FTO; SDGT,2015-09-29
CU-ACT-3297,2026-07-01,BLACKLIST,0x912b64c34d4c048c403d588df0fdae3b9b93b543,base,48071274,ISIL Khorasan,18647,Digital Currency Address - TRX,TPCnxv28xNbvtAaEppddvnfkjQpaFeAkV3,TRON_KEY_EQUIVALENCE,Unknown,FTO; SDGT,2015-09-29
CU-ACT-3298,2026-07-01,BLACKLIST,0xeb3c18a88bd40c776cdf6c3986edbc39f30a731d,base,48071439,ISIL Khorasan,18647,Digital Currency Address - TRX,TXR1nhqAek4c5Dq9EfjQLarcBWR9Jp6N7m,TRON_KEY_EQUIVALENCE,Unknown,FTO; SDGT,2015-09-29
CU-ACT-3299,2026-07-01,BLACKLIST,0xc4244fe10b9365766efa5a4f0baa124a750c8b4f,base,48071471,ISIL Khorasan,18647,Digital Currency Address - TRX,TTrJwfL8SCSWBXWAPcZV8Pd5fZf1rznRhz,TRON_KEY_EQUIVALENCE,Unknown,FTO; SDGT,2015-09-29
CU-ACT-3300,2026-07-01,BLACKLIST,0x81c483bf9bcdc0a31864ae7c1762425b67c2c467,base,48071513,ISIL Khorasan,18647,Digital Currency Address - TRX,TMoMat6oyJLKxSb6SfQWBWc7q5PSm3Gr6U,TRON_KEY_EQUIVALENCE,Unknown,FTO; SDGT,2015-09-29
CU-ACT-3301,2026-07-01,BLACKLIST,0x1ed13e7c465a3850f8f9e0b503587ba514017536,base,48071524,ISIL Khorasan,18647,Digital Currency Address - TRX,TCn9wM828B1GtsVn8kUaCvoE3RpfCAmtEB,TRON_KEY_EQUIVALENCE,Unknown,FTO; SDGT,2015-09-29
CU-ACT-3302,2026-07-01,BLACKLIST,0x93e7a8bfd6c1f4af81db2ae9ea6b02e69a6da2bf,base,48071530,ISIL Khorasan,18647,Digital Currency Address - TRX,TPTFrDhx5tntyp5mRX423DaAe8aLDMUs31,TRON_KEY_EQUIVALENCE,Unknown,FTO; SDGT,2015-09-29
CU-ACT-3303,2026-07-01,BLACKLIST,0x994aa9e584fdbe4df7934db56941fc19e70bb336,base,48071572,ISIL Khorasan,18647,Digital Currency Address - TRX,TPwjq8YuABThppKM5ppsuagBFwDhzpnY11,TRON_KEY_EQUIVALENCE,Unknown,FTO; SDGT,2015-09-29
CU-ACT-3304,2026-07-01,BLACKLIST,0x8d7e10e5fa9ce28f5a7f49760b59f5ad992bddce,base,48071593,ISIL Khorasan,18647,Digital Currency Address - TRX,TNsMJKvAtqiWntAnrcS8jkugL37FGzoqss,TRON_KEY_EQUIVALENCE,Unknown,FTO; SDGT,2015-09-29
CU-ACT-3305,2026-07-01,BLACKLIST,0x410450013674ad6e67c8c0c0d4cf71656cf1e4b4,base,48071598,ISIL Khorasan,18647,Digital Currency Address - TRX,TFtz6Ae6NNo9VvhnVrj6V1RyEFMtZQMh3r,TRON_KEY_EQUIVALENCE,Unknown,FTO; SDGT,2015-09-29
CU-ACT-3306,2026-07-01,BLACKLIST,0xcc794fdec285f2b5461b6b2aee7d0511cde8cda7,base,48071638,ISIL Khorasan,18647,Digital Currency Address - TRX,TUcNB6c22JmcwXbbbuv9HVPeVqv5HSiTwQ,TRON_KEY_EQUIVALENCE,Unknown,FTO; SDGT,2015-09-29
CU-ACT-3307,2026-07-01,BLACKLIST,0x5168da75329bca67a2c75642b7cab4f14482cb9d,base,48071802,ISIL Khorasan,18647,Digital Currency Address - TRX,THPfLwEGvHVgRzi7EMnviAFy5WG1feDH1p,TRON_KEY_EQUIVALENCE,Unknown,FTO; SDGT,2015-09-29
CU-ACT-3308,2026-07-01,BLACKLIST,0xc868071a9602dd0c8e8f277432c742fdac78442b,base,48071809,ISIL Khorasan,18647,Digital Currency Address - TRX,TUErmQ9GtRDGC4g4L5wjWS55Ju5hYfR3sa,TRON_KEY_EQUIVALENCE,Unknown,FTO; SDGT,2015-09-29
CU-ACT-3309,2026-07-01,BLACKLIST,0x26f4376ef74562f92876577e86b0bbb4fc05cdd6,base,48071894,ISIL Khorasan,18647,Digital Currency Address - TRX,TDXBEozXRJy7eBYNCoqrDMRCx5QBN4jCCt,TRON_KEY_EQUIVALENCE,Unknown,FTO; SDGT,2015-09-29
CU-ACT-3310,2026-07-01,BLACKLIST,0xee366d650af5599f86289109ffb37ff0a2178b2f,base,48071984,ISIL Khorasan,18647,Digital Currency Address - TRX,TXgm2Pej4dHzh6oAJvaxAVFDevgGJqfSKr,TRON_KEY_EQUIVALENCE,Unknown,FTO; SDGT,2015-09-29
CU-ACT-3311,2026-07-01,BLACKLIST,0x4069dffc23210e939075300d5e50161d0cf868c7,base,48072006,ISIL Khorasan,18647,Digital Currency Address - TRX,TFqo5f16FJfSKesPxtGN4VN5HNZJebqMQX,TRON_KEY_EQUIVALENCE,Unknown,FTO; SDGT,2015-09-29
CU-ACT-3312,2026-07-01,BLACKLIST,0x91f7a5a79c0c660744496dd498a1601bfe670494,base,48072248,ISIL Khorasan,18647,Digital Currency Address - TRX,TPH1ehJuNY8cRuJgWTXoGuzkVpK5ckueLF,TRON_KEY_EQUIVALENCE,Unknown,FTO; SDGT,2015-09-29
CU-ACT-3313,2026-07-01,BLACKLIST,0x82def3990129e73531ad7a737ba54c76d34e507d,base,48072366,ISIL Khorasan,18647,Digital Currency Address - TRX,TMuBvwcgrTj6JysMmutXWaPjk1kREK2BDe,TRON_KEY_EQUIVALENCE,Unknown,FTO; SDGT,2015-09-29
CU-ACT-3314,2026-07-01,BLACKLIST,0x3ec58d2b0bce77282f2e415ac6596dc3f626f436,base,48072387,ISIL Khorasan,18647,Digital Currency Address - TRX,TFh7Z4qmdiT7opAYYLmNVXQJtVCkAtg7Zh,TRON_KEY_EQUIVALENCE,Unknown,FTO; SDGT,2015-09-29
CU-ACT-3315,2026-07-01,BLACKLIST,0x13c9c13507282550061c367f8f10527df835afc5,base,48072448,ISIL Khorasan,18647,Digital Currency Address - TRX,TBmqXsFNYTMkyw9jVGBAecGaLyLwbxFTM1,TRON_KEY_EQUIVALENCE,Unknown,FTO; SDGT,2015-09-29
CU-ACT-3316,2026-07-01,BLACKLIST,0xab1a8d5e41dc0223973dbdfd1de14e3d567d81fb,base,48072483,ISIL Khorasan,18647,Digital Currency Address - TRX,TRZvMk2D4fmjGjtuZHRVpgw6yjk8NcjsHV,TRON_KEY_EQUIVALENCE,Unknown,FTO; SDGT,2015-09-29
CU-ACT-3317,2026-07-01,BLACKLIST,0x70d6292f5b971c82fb6587a3cd740f64e98009c3,base,48072532,ISIL Khorasan,18647,Digital Currency Address - TRX,TLFqEhiG7RUSZ9x5iph99Ke5782dkgRnWf,TRON_KEY_EQUIVALENCE,Unknown,FTO; SDGT,2015-09-29
CU-ACT-3318,2026-07-01,BLACKLIST,0x2d20b1d77f2f663f7fe745f8493d6744683544b8,base,48072537,ISIL Khorasan,18647,Digital Currency Address - TRX,TE5paMkU1hPr8BdjkSJLvEyUBxjKKSx1H6,TRON_KEY_EQUIVALENCE,Unknown,FTO; SDGT,2015-09-29
CU-ACT-3319,2026-07-13,BLACKLIST,0x1d19b52b54e7ef5ea1a4b40b616165e798eac9f8,base,48583299,Rashevskyi Dmytro,57978,Digital Currency Address - ETH,0x1d19b52b54e7ef5ea1a4b40b616165e798eac9f8,HEX_IDENTIFIER,Unknown,CYBER4,2026-07-13
CU-ACT-3320,2026-07-13,BLACKLIST,0x2711d73d559f62f4f855ee21f38378f528e07985,base,48583419,First VPN Service,57975,Digital Currency Address - ETH,0x2711d73d559f62f4f855ee21f38378f528e07985,HEX_IDENTIFIER,Unknown,CYBER4,2026-07-13
CU-ACT-3321,2026-07-13,BLACKLIST,0x2c7dcd774b33e10367f7d6385479e04f97d179dc,base,48583440,Rashevskyi Dmytro,57978,Digital Currency Address - ETH,0x2C7DcD774b33e10367F7d6385479e04F97d179dc,HEX_IDENTIFIER,Unknown,CYBER4,2026-07-13
CU-ACT-3322,2026-07-13,BLACKLIST,0xbe7d33a802487f0b51e0191dc0c3772fa11a8f70,base,48583526,Rashevskyi Dmytro,57978,Digital Currency Address - TRX,TTLRNgLpz5H5tLPuNU4FViUs7zmmAtyvzW,TRON_KEY_EQUIVALENCE,Unknown,CYBER4,2026-07-13
CU-ACT-3323,2026-07-13,BLACKLIST,0x0e0d1899d3a6a9362bc215f1c5a9acaccb0de882,base,48583567,Rashevskyi Dmytro,57978,Digital Currency Address - TRX,TBFW9gF4oDX5cG44gS7AoxQeujScmm3z6h,TRON_KEY_EQUIVALENCE,Unknown,CYBER4,2026-07-13
CU-ACT-3324,2026-07-13,BLACKLIST,0xcfbb0c9a2a99777b46211b380869f82cf20a635e,base,48583595,First VPN Service,57975,Digital Currency Address - TRX,TUuaxBAWfA5nmsqNfycxYrzEvz4a5GJMGY,TRON_KEY_EQUIVALENCE,Unknown,CYBER4,2026-07-13
CU-ACT-3325,2026-07-14,BLACKLIST,0x08151bd98c00015de698408de9405aa62115b5ee,base,48635613,BANK MARKAZI JOMHOURI ISLAMI IRAN,4632,Digital Currency Address - TRX,TAhwhFv3JpK39Nc2m8W5LPCcoTisutiRfp,TRON_KEY_EQUIVALENCE,Unknown,IFSR; IRAN; IRGC; SDGT,2010-06-16
CU-ACT-3326,2026-07-14,BLACKLIST,0x3ba6174651e3a0c3c6a7d42a75e6e00b039304d1,base,48635641,BANK MARKAZI JOMHOURI ISLAMI IRAN,4632,Digital Currency Address - TRX,TFQbqaNbmq2xsVor2NbufLkYZvxFC9wC7k,TRON_KEY_EQUIVALENCE,Unknown,IFSR; IRAN; IRGC; SDGT,2010-06-16
CU-ACT-3327,2026-07-14,BLACKLIST,0x5f077e9b16f30b9ecfaf5dc09294dcc98b8d395a,base,48635667,BANK MARKAZI JOMHOURI ISLAMI IRAN,4632,Digital Currency Address - TRX,TJdgB1k6ot3f2nLuZug6D8eD3HavTmzmSK,TRON_KEY_EQUIVALENCE,Unknown,IFSR; IRAN; IRGC; SDGT,2010-06-16
CU-ACT-3328,2026-07-14,BLACKLIST,0xe995da05f4e51871d5d2ef8496536a052138bc6a,base,48635838,BANK MARKAZI JOMHOURI ISLAMI IRAN,4632,Digital Currency Address - TRX,TXGHxdYbGy574z5hBu4LNzq9NzjZQ9bhUf,TRON_KEY_EQUIVALENCE,Unknown,IFSR; IRAN; IRGC; SDGT,2010-06-16
CU-ACT-3329,2026-07-23,BLACKLIST,0x07f57fafbd3055737c778184cdb7b30c65fb7a6e,base,49021448,Al-Jebouri Zaid Issam Ahmed الجبوري زيد عصام أحمد,58199,Digital Currency Address - TRX,TAhHpxPRwo1Bmm1A9m51uZ31tcB7EPq7SY,TRON_KEY_EQUIVALENCE,Unknown,SDGT,2026-07-23
CU-ACT-3330,2026-07-23,BLACKLIST,0x4b6d60a69a1386992e18f89241d183429ebc3a56,base,49021528,Al-Jebouri Zaid Issam Ahmed الجبوري زيد عصام أحمد,58199,Digital Currency Address - TRX,TGr2i8ZQiiMRjP3mWyQUH2MQBfKu8GJNqm,TRON_KEY_EQUIVALENCE,Unknown,SDGT,2026-07-23
CU-ACT-3331,2026-07-23,BLACKLIST,0x506d8d7c56a06723a52fde594638eeda23461d15,base,49021578,Al-Jebouri Zaid Issam Ahmed الجبوري زيد عصام أحمد,58199,Digital Currency Address - TRX,THJUJFyTnrBWb1ijWav7qfRBrjUuKgP49Z,TRON_KEY_EQUIVALENCE,Unknown,SDGT,2026-07-23
CU-ACT-3332,2026-07-23,BLACKLIST,0x76c7c4ff99ab9791d4e358e33a3f51c2c5d3ac8e,base,49021646,Al-Jebouri Zaid Issam Ahmed الجبوري زيد عصام أحمد,58199,Digital Currency Address - TRX,TLoG3vbjDgqmTD5bM7w9rMgA6ysaNReuRy,TRON_KEY_EQUIVALENCE,Unknown,SDGT,2026-07-23
CU-ACT-3333,2026-07-23,BLACKLIST,0xb690e524695f909e7dac090ff30b1fcfe557f597,base,49021696,Al-Jebouri Zaid Issam Ahmed الجبوري زيد عصام أحمد,58199,Digital Currency Address - TRX,TScXZTbDjjZ6a6jiC7dZjgCqfNo4vm7atV,TRON_KEY_EQUIVALENCE,Unknown,SDGT,2026-07-23
CU-ACT-3334,2026-07-23,BLACKLIST,0x99929eed7638ac0f031a5d925409741f86f98be6,base,49021778,Al-Jebouri Zaid Issam Ahmed الجبوري زيد عصام أحمد,58199,Digital Currency Address - TRX,TPyE2oSoaysrXfLzwf9wetBVr9JudLwjtD,TRON_KEY_EQUIVALENCE,Unknown,SDGT,2026-07-23
CU-ACT-3335,2026-07-23,BLACKLIST,0xd838b11133085016bc31ca78571067b0d77dc290,base,49021789,Al-Jebouri Zaid Issam Ahmed الجبوري زيد عصام أحمد,58199,Digital Currency Address - TRX,TVgUsVzA7mpFExP4zS7HHbtKti6UuBDuwZ,TRON_KEY_EQUIVALENCE,Unknown,SDGT,2026-07-23
CU-ACT-3338,2026-08-07,BLACKLIST,0x6b69e2a7545c166417a80c61a77562052bffa9c5,base,49670401,SHPS Shelbit,58287,Digital Currency Address - ETH,0x6b69e2a7545c166417a80c61a77562052bffa9c5,HEX_IDENTIFIER,Unknown,SDGT,2026-08-07
CU-ACT-3339,2026-08-07,BLACKLIST,0x8d79c73daae8630c88de372ba8f57592fa987607,base,49670549,Kayvanpour Siavash,58284,Digital Currency Address - ETH,0x8d79c73daae8630c88de372ba8f57592fa987607,HEX_IDENTIFIER,Unknown,IRGC; SDGT,2026-08-07
CU-ACT-3340,2026-08-07,BLACKLIST,0x967f32c544b6547f366123927d6dc0a3c6dcdfb9,base,49670568,Kayvanpour Siavash,58284,Digital Currency Address - TRX,TPgxjjB6AJeMSQFngbUM6dMMxPHa9GEtYa,TRON_KEY_EQUIVALENCE,Unknown,IRGC; SDGT,2026-08-07
CU-ACT-3341,2026-08-07,BLACKLIST,0xc02b8bcd6cea7162274b939410d466b755553175,base,49670625,CRYPTO HOME DMCC كريبتو هوم م.د.م.س,58258,Digital Currency Address - TRX,TTVJuXWCusAURrpNShiypauagEH1N4CrxV,TRON_KEY_EQUIVALENCE,Unknown,SDGT,2026-08-07
CU-ACT-3342,2026-08-07,BLACKLIST,0xbb69e01921b17cd22080968bcc96ba6115da6062,base,49670768,CRYPTO HOME DMCC كريبتو هوم م.د.م.س,58258,Digital Currency Address - ETH,0xbb69e01921b17cd22080968bcc96ba6115da6062,HEX_IDENTIFIER,Unknown,SDGT,2026-08-07
CU-ACT-3343,2026-08-07,BLACKLIST,0xeaac716a919f3a032a7e5f4d803c799569c32bd4,base,49670871,SHPS Shelbit,58287,Digital Currency Address - TRX,TXN3hVukebhyYR31YPCYd7aJAvmUeXu1ab,TRON_KEY_EQUIVALENCE,Unknown,SDGT,2026-08-07
CU-ACT-3344,2026-08-07,BLACKLIST,0xe05f529f5284d75624eba386cb716928c3b54a2a,base,49670888,SHPS Shelbit,58287,Digital Currency Address - ETH,0xe05f529f5284d75624eba386cb716928c3b54a2a,HEX_IDENTIFIER,Unknown,SDGT,2026-08-07
CU-ACT-3345,2026-04-24,BLACKLIST,0x8be1904f7e8d196ef670835e2893be5f75c1e63e,polygon,85967709,BANK MARKAZI JOMHOURI ISLAMI IRAN,4632,Digital Currency Address - TRX,TNiq9AXBp9EjUqhDhrwrfvAA8U3GUQZH81,TRON_KEY_EQUIVALENCE,Unknown,IFSR; IRAN; IRGC; SDGT,2010-06-16
CU-ACT-3346,2026-04-24,BLACKLIST,0xc29c4df7111a39030a037a3abc8dc68c8d1d8ceb,polygon,85967810,BANK MARKAZI JOMHOURI ISLAMI IRAN,4632,Digital Currency Address - TRX,TTiDLWE6fZK8okMJv6ijg42yrH6W2pjSr9,TRON_KEY_EQUIVALENCE,Unknown,IFSR; IRAN; IRGC; SDGT,2010-06-16
CU-ACT-3351,2026-05-20,BLACKLIST,0x038989cbb1710c72b9920dc4fa529158f463e72c,polygon,87171844,Ojeda Aviles Armando de Jesus,57107,Digital Currency Address - ETH,0x038989cbb1710c72b9920dc4fa529158f463e72c,HEX_IDENTIFIER,Unknown,ILLICIT-DRUGS-EO14059; SDGT,2026-05-20
CU-ACT-3352,2026-05-20,BLACKLIST,0x14779cec0b117d5194c750c55ea1f42086631964,polygon,87171911,Ojeda Aviles Armando de Jesus,57107,Digital Currency Address - ETH,0x14779CEC0B117d5194c750C55Ea1f42086631964,HEX_IDENTIFIER,Unknown,ILLICIT-DRUGS-EO14059; SDGT,2026-05-20
CU-ACT-3353,2026-05-20,BLACKLIST,0x32da24ca413f3e7b53145d4737e172c3bdf81e3e,polygon,87172062,Ojeda Aviles Armando de Jesus,57107,Digital Currency Address - ETH,0x32dA24Ca413F3E7B53145D4737e172C3bdF81e3e,HEX_IDENTIFIER,Unknown,ILLICIT-DRUGS-EO14059; SDGT,2026-05-20
CU-ACT-3354,2026-05-20,BLACKLIST,0xf2235d55b2950a0b1317469d72d07ae65b2e27cb,polygon,87172124,Ojeda Aviles Armando de Jesus,57107,Digital Currency Address - ETH,0xf2235d55b2950a0b1317469d72d07ae65b2e27cb,HEX_IDENTIFIER,Unknown,ILLICIT-DRUGS-EO14059; SDGT,2026-05-20
CU-ACT-3355,2026-05-20,BLACKLIST,0x4f428c11dc82388fa5136d636e613ad923eb700b,polygon,87172165,Ojeda Aviles Armando de Jesus,57107,Digital Currency Address - ETH,0x4F428c11Dc82388fa5136D636e613ad923Eb700B,HEX_IDENTIFIER,Unknown,ILLICIT-DRUGS-EO14059; SDGT,2026-05-20
CU-ACT-3356,2026-05-20,BLACKLIST,0xac4cc4b68ea24bbfaac8fd127b67ed445accce22,polygon,87172217,Alarcon Palomares Rodrigo,57118,Digital Currency Address - ETH,0xaC4cC4B68ea24BbFAAC8fD127B67Ed445ACcCE22,HEX_IDENTIFIER,Unknown,ILLICIT-DRUGS-EO14059,2026-05-20
CU-ACT-3360,2026-06-22,BLACKLIST,0x110cb5c5089fc35ba0deb718a291dd64f6d1bec8,polygon,88964453,Abderrahmane Miloud,57961,Digital Currency Address - TRX,TBXMiRqUp1XH1zLazWu8cWitMAScv4HsYq,TRON_KEY_EQUIVALENCE,Unknown,SDGT,2026-06-22
CU-ACT-3361,2026-06-22,BLACKLIST,0x2408302c960af24d6df5dee325b59ac59b2e55ce,polygon,88964499,Abderrahmane Miloud,57961,Digital Currency Address - TRX,TDFj8tYzfLDkwEMo4MJ2DfrbpMztuCCnan,TRON_KEY_EQUIVALENCE,Unknown,SDGT,2026-06-22
CU-ACT-3362,2026-07-01,BLACKLIST,0xce9f3bc87000393f625088ed40280a74682396cf,polygon,89475899,ISIL Khorasan,18647,Digital Currency Address - TRX,TUoixKFaWVsHxGWgnYyMzpkrT22YqU7VvH,TRON_KEY_EQUIVALENCE,Unknown,FTO; SDGT,2015-09-29
CU-ACT-3363,2026-07-01,BLACKLIST,0x1508e3c339f9e916595bfa6ea169aee265acf90c,polygon,89475985,ISIL Khorasan,18647,Digital Currency Address - TRX,TBtRqkiFzyuwe8nSAGQghxygAfwAF5eERq,TRON_KEY_EQUIVALENCE,Unknown,FTO; SDGT,2015-09-29
CU-ACT-3364,2026-07-01,BLACKLIST,0x18db649c1400f3dfbbf71b8b99419edcb12a0947,polygon,89476107,ISIL Khorasan,18647,Digital Currency Address - TRX,TCEe3McjK9FWby8YsNmtRDwJt1x2s5dFTL,TRON_KEY_EQUIVALENCE,Unknown,FTO; SDGT,2015-09-29
CU-ACT-3365,2026-07-01,BLACKLIST,0xd1d1443c710b2f295f72ef3bc8be04a28be3e0db,polygon,89476128,ISIL Khorasan,18647,Digital Currency Address - TRX,TV6cvFEMcfxGsWqgxpBrXZ35MkhdtdhT3G,TRON_KEY_EQUIVALENCE,Unknown,FTO; SDGT,2015-09-29
CU-ACT-3366,2026-07-01,BLACKLIST,0xc44b0630645bdf681c775df334cbd7530da813fa,polygon,89476156,ISIL Khorasan,18647,Digital Currency Address - TRX,TTs7KRq39547ruAsxb9brAPuTLy7h3U6H1,TRON_KEY_EQUIVALENCE,Unknown,FTO; SDGT,2015-09-29
CU-ACT-3367,2026-07-01,BLACKLIST,0x1f6aa4cd73fe9faf58727800b075d43caa106d46,polygon,89476264,ISIL Khorasan,18647,Digital Currency Address - TRX,TCqKhk7MpPnGH3UfygE1TRzUo92a5tuVy6,TRON_KEY_EQUIVALENCE,Unknown,FTO; SDGT,2015-09-29
CU-ACT-3368,2026-07-01,BLACKLIST,0xda916a1c12989829fb02a0241a7e70b5a1a4e905,polygon,89476314,ISIL Khorasan,18647,Digital Currency Address - TRX,TVttWTHTCU9kULP51m9BaHpmCW8H1BJJNQ,TRON_KEY_EQUIVALENCE,Unknown,FTO; SDGT,2015-09-29
CU-ACT-3369,2026-07-01,BLACKLIST,0xd67bb799b7d2dded7dd85802c5a6affec1108b94,polygon,89476468,ISIL Khorasan,18647,Digital Currency Address - TRX,TVXHp8bMrpRd5HGy3w1yu9f87qwRrMHFp8,TRON_KEY_EQUIVALENCE,Unknown,FTO; SDGT,2015-09-29
CU-ACT-3370,2026-07-01,BLACKLIST,0xb654159bc14f208000ec9e0ad287b321c7a3bf5c,polygon,89476508,ISIL Khorasan,18647,Digital Currency Address - TRX,TSbGiFzG9xFXUYgGA6RwbS3jvKNpeA4c3R,TRON_KEY_EQUIVALENCE,Unknown,FTO; SDGT,2015-09-29
CU-ACT-3371,2026-07-01,BLACKLIST,0x9b571ef4731f0c8539a629cc4c44fa4fd280c10d,polygon,89476529,ISIL Khorasan,18647,Digital Currency Address - TRX,TQ8a74SiDig3EDSC14tosLACWLbvaNYwCJ,TRON_KEY_EQUIVALENCE,Unknown,FTO; SDGT,2015-09-29
CU-ACT-3372,2026-07-01,BLACKLIST,0xe2b0c8cd5516cf733013712408add325081225ca,polygon,89476569,ISIL Khorasan,18647,Digital Currency Address - TRX,TWdqVcA3NyrNv71NgbMwKv3C5XMxj4XjSp,TRON_KEY_EQUIVALENCE,Unknown,FTO; SDGT,2015-09-29
CU-ACT-3373,2026-07-01,BLACKLIST,0xe6e1d9098b08fff5f8b3e27a02d4dca8ffcdf0a9,polygon,89476619,ISIL Khorasan,18647,Digital Currency Address - TRX,TX1zyMrYZNbtQx7yPZp4adZV5NbToGNrkS,TRON_KEY_EQUIVALENCE,Unknown,FTO; SDGT,2015-09-29
CU-ACT-3374,2026-07-01,BLACKLIST,0xb4a69b8228c1621eb22d9c6f1ef33926616f8218,polygon,89476909,ISIL Khorasan,18647,Digital Currency Address - TRX,TSSQDgExKUELagzAKTAcoLMviq4SZ1eTFm,TRON_KEY_EQUIVALENCE,Unknown,FTO; SDGT,2015-09-29
CU-ACT-3375,2026-07-01,BLACKLIST,0x203b0053ccb42ca09357dde941d251d888ec1044,polygon,89477010,ISIL Khorasan,18647,Digital Currency Address - TRX,TCudJgJ14kk3Ss2PEgsT15frztKpyG7HEh,TRON_KEY_EQUIVALENCE,Unknown,FTO; SDGT,2015-09-29
CU-ACT-3376,2026-07-01,BLACKLIST,0x545fd777d462df0acc99a188f2532a962e00df74,polygon,89477042,ISIL Khorasan,18647,Digital Currency Address - TRX,THfLaNMBAMz7xXnHoz5BkRMmrwuHKqfAfR,TRON_KEY_EQUIVALENCE,Unknown,FTO; SDGT,2015-09-29
CU-ACT-3377,2026-07-01,BLACKLIST,0xcd211408b46bdbf03abb2eac205a01ceb1d86288,polygon,89477045,ISIL Khorasan,18647,Digital Currency Address - TRX,TUfq9hfP7qUDMoJbzkjG4GPtNxhZewqk8Z,TRON_KEY_EQUIVALENCE,Unknown,FTO; SDGT,2015-09-29
CU-ACT-3378,2026-07-01,BLACKLIST,0x0eaea039d805c9600de19d5a9aa6daf4d51979ed,polygon,89477078,ISIL Khorasan,18647,Digital Currency Address - TRX,TBJqexr1FfGxVKhDsKeou6FVLBW1aS1Ny7,TRON_KEY_EQUIVALENCE,Unknown,FTO; SDGT,2015-09-29
CU-ACT-3379,2026-07-01,BLACKLIST,0x1e6983848eca149f9fc68b0a1616a1c4f62945aa,polygon,89477419,ISIL Khorasan,18647,Digital Currency Address - TRX,TCk1g37N3x6PDda63waydNQwqTUzFNpsrR,TRON_KEY_EQUIVALENCE,Unknown,FTO; SDGT,2015-09-29
CU-ACT-3380,2026-07-01,BLACKLIST,0x6ee2a4ab3befdcfcd8c0844e853491f08971d899,polygon,89477494,ISIL Khorasan,18647,Digital Currency Address - TRX,TL5WqcFX7XkhVLLwaXrdr57gnjC4stBeSG,TRON_KEY_EQUIVALENCE,Unknown,FTO; SDGT,2015-09-29
CU-ACT-3381,2026-07-01,BLACKLIST,0xc73da1e718a4fbd1ce023d412ab34433922fba58,polygon,89477625,ISIL Khorasan,18647,Digital Currency Address - TRX,TU8hJXgHdxWuj4DaaBKQFUwDeB8B5Xacke,TRON_KEY_EQUIVALENCE,Unknown,FTO; SDGT,2015-09-29
CU-ACT-3382,2026-07-01,BLACKLIST,0xb2880d55b128cfa10cc32411e2311f59500e130b,polygon,89477671,ISIL Khorasan,18647,Digital Currency Address - TRX,TSFCGGbR57b56c4MXdiW5gzpD8j6cmimgo,TRON_KEY_EQUIVALENCE,Unknown,FTO; SDGT,2015-09-29
CU-ACT-3383,2026-07-01,BLACKLIST,0xe9d48628d685e121f48181616c71f88ec4020bf9,polygon,89477750,ISIL Khorasan,18647,Digital Currency Address - TRX,TXHb3BkGgYmygyS14MJKX8kTcFGT7dXN4r,TRON_KEY_EQUIVALENCE,Unknown,FTO; SDGT,2015-09-29
CU-ACT-3384,2026-07-01,BLACKLIST,0x84be9d8d09cb26f31bb37771ecb06ebdd91101f9,polygon,89477772,ISIL Khorasan,18647,Digital Currency Address - TRX,TN56YaCBymut2xoiRvy3v2qZ2pYgmBAtSo,TRON_KEY_EQUIVALENCE,Unknown,FTO; SDGT,2015-09-29
CU-ACT-3385,2026-07-01,BLACKLIST,0xd68022dc9dde9c9e1a613a1fb04a1de5758b563e,polygon,89477801,ISIL Khorasan,18647,Digital Currency Address - TRX,TVXP7Aj5KFUPKMQUrsU6F3wUsyiLiUaUje,TRON_KEY_EQUIVALENCE,Unknown,FTO; SDGT,2015-09-29
CU-ACT-3386,2026-07-01,BLACKLIST,0x9789e42918dec6442a155fd2ba064d05d6db0ed2,polygon,89477826,ISIL Khorasan,18647,Digital Currency Address - TRX,TPnUDsrLYZg1UXGkpXSmhFEY5J5etfzE9S,TRON_KEY_EQUIVALENCE,Unknown,FTO; SDGT,2015-09-29
CU-ACT-3387,2026-07-01,BLACKLIST,0x2bbf8e01ef1349da89eb6d423a217582430e6dbc,polygon,89477882,ISIL Khorasan,18647,Digital Currency Address - TRX,TDxXXmCELgrb5VwYobDMyTKVTTdY9LjEjx,TRON_KEY_EQUIVALENCE,Unknown,FTO; SDGT,2015-09-29
CU-ACT-3388,2026-07-01,BLACKLIST,0xdd6184d750a5610e1094cc5b02a8ec1c7dc14be2,polygon,89478032,ISIL Khorasan,18647,Digital Currency Address - TRX,TW9mABkenngQyJBqce5khR9fNCBF5gsBFQ,TRON_KEY_EQUIVALENCE,Unknown,FTO; SDGT,2015-09-29
CU-ACT-3389,2026-07-01,BLACKLIST,0x2fbe2388dca7d240ebc72617fb2dd5890fea4dd2,polygon,89478103,ISIL Khorasan,18647,Digital Currency Address - TRX,TEKeY9i4CcVySJMmhuh2AxZhtgTmugYUMW,TRON_KEY_EQUIVALENCE,Unknown,FTO; SDGT,2015-09-29
CU-ACT-3390,2026-07-01,BLACKLIST,0x2277d63319a5d529c0ffecf1d4d93343713d9802,polygon,89478138,ISIL Khorasan,18647,Digital Currency Address - TRX,TD7TXyvmjPfJkfhJuQ58NXA9dX9q81mqAp,TRON_KEY_EQUIVALENCE,Unknown,FTO; SDGT,2015-09-29
CU-ACT-3391,2026-07-01,BLACKLIST,0xef7c470bbcdd524c299304627180d6074ccbfdfd,polygon,89478222,ISIL Khorasan,18647,Digital Currency Address - TRX,TXoVNrqm11FFVKcF1vEND64gibVkr1HwAR,TRON_KEY_EQUIVALENCE,Unknown,FTO; SDGT,2015-09-29
CU-ACT-3392,2026-07-01,BLACKLIST,0x35ecfdb165bbc06d2cc19af466465c7ac9c3f7eb,polygon,89478245,ISIL Khorasan,18647,Digital Currency Address - TRX,TEtLieZwyjJTth7S5EJqUNjtSbM1ui9toK,TRON_KEY_EQUIVALENCE,Unknown,FTO; SDGT,2015-09-29
CU-ACT-3393,2026-07-01,BLACKLIST,0x30c7c36cb08138b620bc21611e18264c6a222583,polygon,89478448,ISIL Khorasan,18647,Digital Currency Address - TRX,TER8k4zWt3byuHyvyBkLstz3QVUUuBs9pt,TRON_KEY_EQUIVALENCE,Unknown,FTO; SDGT,2015-09-29
CU-ACT-3394,2026-07-01,BLACKLIST,0x8c5a5d9b5bd20cea93295e0f12909d6ebf2f1989,polygon,89478459,ISIL Khorasan,18647,Digital Currency Address - TRX,TNmKrdYLPtFwPNWJUjrXdkQw4gSwpszUJd,TRON_KEY_EQUIVALENCE,Unknown,FTO; SDGT,2015-09-29
CU-ACT-3395,2026-07-01,BLACKLIST,0xe5b46834ab6831f5d27c72237da310fef4552911,polygon,89478551,ISIL Khorasan,18647,Digital Currency Address - TRX,TWumrtaEaPCv8Bs9mXqKkhY5sZVd78QAdS,TRON_KEY_EQUIVALENCE,Unknown,FTO; SDGT,2015-09-29
CU-ACT-3396,2026-07-01,BLACKLIST,0xb0fc46592a0795a23df08b2b25e953a5461805fb,polygon,89478556,ISIL Khorasan,18647,Digital Currency Address - TRX,TS729BUXeZWBhJGPKCdK75q7VU4nhkJkYT,TRON_KEY_EQUIVALENCE,Unknown,FTO; SDGT,2015-09-29
CU-ACT-3397,2026-07-01,BLACKLIST,0xc4b13cf26d06bd15db5b8efe9553710b9aae8acd,polygon,89478599,ISIL Khorasan,18647,Digital Currency Address - TRX,TTuDmNhu8A6koPJRUd8Q5RnsT1FMfrZnoj,TRON_KEY_EQUIVALENCE,Unknown,FTO; SDGT,2015-09-29
CU-ACT-3398,2026-07-01,BLACKLIST,0x160ad9cb8202fe697e5b0991b65032787ce23dff,polygon,89478721,ISIL Khorasan,18647,Digital Currency Address - TRX,TByksCkUtMaYwHCSaetmAGufpeyfdXBrJk,TRON_KEY_EQUIVALENCE,Unknown,FTO; SDGT,2015-09-29
CU-ACT-3399,2026-07-01,BLACKLIST,0x2606d9411d6a4cab5b9e0bbd3cdef05f3f35854e,polygon,89478743,ISIL Khorasan,18647,Digital Currency Address - TRX,TDSGtCciE9yFKYzDj1kBBc3F7gosguDqwC,TRON_KEY_EQUIVALENCE,Unknown,FTO; SDGT,2015-09-29
CU-ACT-3400,2026-07-01,BLACKLIST,0x97248ad2ee8453b901c646bddc256e4dca165452,polygon,89478829,ISIL Khorasan,18647,Digital Currency Address - TRX,TPkNp2Z5KiA1sLWpPMWsfNErVo2dHxc4iy,TRON_KEY_EQUIVALENCE,Unknown,FTO; SDGT,2015-09-29
CU-ACT-3401,2026-07-01,BLACKLIST,0x0a9f2460bd9357ebc0e24654b83d43d701560500,polygon,89478958,ISIL Khorasan,18647,Digital Currency Address - TRX,TAwNQN5tmzJJ694PPuoFUxQY13quBs8YgA,TRON_KEY_EQUIVALENCE,Unknown,FTO; SDGT,2015-09-29
CU-ACT-3402,2026-07-01,BLACKLIST,0x45e8fcd87cefd8f53a1775c9781f50e8ca7e8b62,polygon,89479107,ISIL Khorasan,18647,Digital Currency Address - TRX,TGLrjZc9c48iMFB4ZmDnSjSRMq27MXPg2k,TRON_KEY_EQUIVALENCE,Unknown,FTO; SDGT,2015-09-29
CU-ACT-3403,2026-07-01,BLACKLIST,0x8960c337bb1bc8618e8c022277ca0d34d26ce06c,polygon,89479149,ISIL Khorasan,18647,Digital Currency Address - TRX,TNVbVXAgUT83Sv7E9oZwWutXqzs13sr6xN,TRON_KEY_EQUIVALENCE,Unknown,FTO; SDGT,2015-09-29
CU-ACT-3404,2026-07-01,BLACKLIST,0xd82ffef8cb4f0f6a56fc2dd275879985307d1d3a,polygon,89479158,ISIL Khorasan,18647,Digital Currency Address - TRX,TVgJTK9qPg7wGTyeTG2MYF8aKMEx883xYU,TRON_KEY_EQUIVALENCE,Unknown,FTO; SDGT,2015-09-29
CU-ACT-3405,2026-07-01,BLACKLIST,0x00e0c79525c9f846ee27f8ecf3dcfebb3a335dc7,polygon,89479167,ISIL Khorasan,18647,Digital Currency Address - TRX,TA3rH2A7iHnm6pKH8gr9cK1EZnShnmZdFg,TRON_KEY_EQUIVALENCE,Unknown,FTO; SDGT,2015-09-29
CU-ACT-3406,2026-07-01,BLACKLIST,0x75fd59164d2af087af5a90f7e1b7c3d05de93dee,polygon,89479210,ISIL Khorasan,18647,Digital Currency Address - TRX,TLj5ZRvem4DAdbZLTGU3qAbAdLQug57JVo,TRON_KEY_EQUIVALENCE,Unknown,FTO; SDGT,2015-09-29
CU-ACT-3407,2026-07-01,BLACKLIST,0x464da77310220c0c1596f8339129907b16cd896f,polygon,89479239,ISIL Khorasan,18647,Digital Currency Address - TRX,TGNwKzHjYvYP2SwsrmCYrRRvCRdxQgLq1w,TRON_KEY_EQUIVALENCE,Unknown,FTO; SDGT,2015-09-29
CU-ACT-3408,2026-07-01,BLACKLIST,0x0ede87dc2bf535ebc2682340dfc33cc50363bc2b,polygon,89479251,ISIL Khorasan,18647,Digital Currency Address - TRX,TBKq3SzXigsGhQNzdCYocpt8RzoMh3uxAr,TRON_KEY_EQUIVALENCE,Unknown,FTO; SDGT,2015-09-29
CU-ACT-3409,2026-07-01,BLACKLIST,0x0b1da2038535de65831e81f6fdc40f40b222e2b1,polygon,89479743,ISIL Khorasan,18647,Digital Currency Address - TRX,TAyyw6ZoTZexvTcN7WRR9t79JUFgSAvkL8,TRON_KEY_EQUIVALENCE,Unknown,FTO; SDGT,2015-09-29
CU-ACT-3410,2026-07-01,BLACKLIST,0xad5c8f4ba4bb0b94feb63e97bb821f808d44507b,polygon,89479750,ISIL Khorasan,18647,Digital Currency Address - TRX,TRmrnQiUY1ofMcTQUXvgeauKcZPnmwUeUR,TRON_KEY_EQUIVALENCE,Unknown,FTO; SDGT,2015-09-29
CU-ACT-3411,2026-07-01,BLACKLIST,0x5b05ac96e74161c8edffb7e6368df33b4167583a,polygon,89479895,ISIL Khorasan,18647,Digital Currency Address - TRX,TJGVHmHVNuU1vsXGGALLoirPwoRZoMUuhg,TRON_KEY_EQUIVALENCE,Unknown,FTO; SDGT,2015-09-29
CU-ACT-3412,2026-07-01,BLACKLIST,0xe646c85afde30e55d7196612efd37e5b058e9717,polygon,89479987,ISIL Khorasan,18647,Digital Currency Address - TRX,TWxoDF6qvjMUeTYRimaiARGsJTUnjrzZn3,TRON_KEY_EQUIVALENCE,Unknown,FTO; SDGT,2015-09-29
CU-ACT-3413,2026-07-01,BLACKLIST,0x7db839f22e388b5c427ef1ae4f1fe558012904bf,polygon,89480007,ISIL Khorasan,18647,Digital Currency Address - TRX,TMRxAJt87MVYnadWne53AxZFG1FPKGfoGz,TRON_KEY_EQUIVALENCE,Unknown,FTO; SDGT,2015-09-29
CU-ACT-3414,2026-07-01,BLACKLIST,0xf72202e113a400891e8f91e1fec0c1cc9065d735,polygon,89480107,ISIL Khorasan,18647,Digital Currency Address - TRX,TYVveapkRkm5RHcDNPU9QnPk8N5RdsS4iY,TRON_KEY_EQUIVALENCE,Unknown,FTO; SDGT,2015-09-29
CU-ACT-3415,2026-07-01,BLACKLIST,0x1c165affe280c786303cce84f1eda9957de87779,polygon,89480158,ISIL Khorasan,18647,Digital Currency Address - TRX,TCXihiScsAodR942Xq45df9qQAdr5nhkjQ,TRON_KEY_EQUIVALENCE,Unknown,FTO; SDGT,2015-09-29
CU-ACT-3416,2026-07-01,BLACKLIST,0xf37ffa0e4829aa159af625c48276c4e632f4400c,polygon,89480168,ISIL Khorasan,18647,Digital Currency Address - TRX,TYAiWf2KhXrGuWxmCPaJgC6zNYwFuKtioi,TRON_KEY_EQUIVALENCE,Unknown,FTO; SDGT,2015-09-29
CU-ACT-3417,2026-07-01,BLACKLIST,0x6440312463c98262b0768ac4f8e7232fb58caced,polygon,89480172,ISIL Khorasan,18647,Digital Currency Address - TRX,TK7HUNru8YLMz7vv8kzWRPrE2ZSgZeCaHV,TRON_KEY_EQUIVALENCE,Unknown,FTO; SDGT,2015-09-29
CU-ACT-3418,2026-07-01,BLACKLIST,0xd1b4671abd7c3db9f5d99b98918ebf8cbd41ea33,polygon,89480235,ISIL Khorasan,18647,Digital Currency Address - TRX,TV62LkiP1GiNdFCJEdY3xf6GdNLCCi6mfu,TRON_KEY_EQUIVALENCE,Unknown,FTO; SDGT,2015-09-29
CU-ACT-3419,2026-07-01,BLACKLIST,0xddc63d69ed992e2617d54950a8cea70e2127c412,polygon,89480242,ISIL Khorasan,18647,Digital Currency Address - TRX,TWBqpQLDPCrXgRW1X9yFqR8NFfjyFSq5k4,TRON_KEY_EQUIVALENCE,Unknown,FTO; SDGT,2015-09-29
CU-ACT-3420,2026-07-01,BLACKLIST,0xa112c8cb691f58754269ce81c73a9dc92e63159f,polygon,89480426,ISIL Khorasan,18647,Digital Currency Address - TRX,TQetJ6xMqvv2Fu4ftD9UdBhuaKem5HbMou,TRON_KEY_EQUIVALENCE,Unknown,FTO; SDGT,2015-09-29
CU-ACT-3421,2026-07-01,BLACKLIST,0xdd8cf42ff365caebbed4f48190ca79286b0e66c7,polygon,89480546,ISIL Khorasan,18647,Digital Currency Address - TRX,TWAfC6htS1FyFv1r3aKENuD8DQGMzBbP8L,TRON_KEY_EQUIVALENCE,Unknown,FTO; SDGT,2015-09-29
CU-ACT-3422,2026-07-01,BLACKLIST,0x0b57cde36e6e0c31a10442076dfd03ff8038507d,polygon,89480652,ISIL Khorasan,18647,Digital Currency Address - TRX,TB1Bcv3x8mg7PVV4nVM48pgHJKcYboTypU,TRON_KEY_EQUIVALENCE,Unknown,FTO; SDGT,2015-09-29
CU-ACT-3423,2026-07-01,BLACKLIST,0x1b78a412cc1078fd5719a3379085647ca4ba0e5f,polygon,89480675,ISIL Khorasan,18647,Digital Currency Address - TRX,TCUTmWspsaJb3U5JUs5AhVcGwaftyK1qtp,TRON_KEY_EQUIVALENCE,Unknown,FTO; SDGT,2015-09-29
CU-ACT-3424,2026-07-01,BLACKLIST,0x2d415662ce7ddd1e89c4bbf8f527f7e06811248e,polygon,89480761,ISIL Khorasan,18647,Digital Currency Address - TRX,TE6VgR7rAuY4kuzCjdSVCZFXPjjzSQYY7X,TRON_KEY_EQUIVALENCE,Unknown,FTO; SDGT,2015-09-29
CU-ACT-3425,2026-07-01,BLACKLIST,0xb251e1f30c697905287d3e1be1fb0fffc01ce633,polygon,89480781,ISIL Khorasan,18647,Digital Currency Address - TRX,TSE5NWTJckiN8hJCUzwB3RgsMbdF4uCrmr,TRON_KEY_EQUIVALENCE,Unknown,FTO; SDGT,2015-09-29
CU-ACT-3426,2026-07-01,BLACKLIST,0x28facff64babe25658bb4635af41aaa019f9deee,polygon,89480889,ISIL Khorasan,18647,Digital Currency Address - TRX,TDhtVUnmYwWfzWVrnzryr3fbQo8VTvj4ji,TRON_KEY_EQUIVALENCE,Unknown,FTO; SDGT,2015-09-29
CU-ACT-3427,2026-07-01,BLACKLIST,0x2907a4de925af9434bcf176957dcbfeac49afc46,polygon,89481221,ISIL Khorasan,18647,Digital Currency Address - TRX,TDi9s3GeAtFBbUvGxqXiZnxiaH9QpqjYFn,TRON_KEY_EQUIVALENCE,Unknown,FTO; SDGT,2015-09-29
CU-ACT-3428,2026-07-01,BLACKLIST,0x803a9bd5e917e32bd7bcde526e656254417c5a86,polygon,89481289,ISIL Khorasan,18647,Digital Currency Address - TRX,TMfDhpUqW5W6HcMPXFaJfaiY271CYa51Hs,TRON_KEY_EQUIVALENCE,Unknown,FTO; SDGT,2015-09-29
CU-ACT-3429,2026-07-01,BLACKLIST,0x0c1ee706f91a56fc96e2f260c670bd4bf3002696,polygon,89481304,ISIL Khorasan,18647,Digital Currency Address - TRX,TB5J8W166YTUmtpUsy4XnNTKLVtesuE9eV,TRON_KEY_EQUIVALENCE,Unknown,FTO; SDGT,2015-09-29
CU-ACT-3430,2026-07-01,BLACKLIST,0x12f3acd05ddc70d333ca7e8d9a36513997cfb08f,polygon,89481397,ISIL Khorasan,18647,Digital Currency Address - TRX,TBhR5MLrTsNZ8FUyKgzdrCjWkYD2orYLdx,TRON_KEY_EQUIVALENCE,Unknown,FTO; SDGT,2015-09-29
CU-ACT-3431,2026-07-01,BLACKLIST,0xe4814881a36d2c543b5acc30a7ee9868b0c810da,polygon,89481505,ISIL Khorasan,18647,Digital Currency Address - TRX,TWoRwYzsifrD79DHDpTHC8fq787MvH9Qro,TRON_KEY_EQUIVALENCE,Unknown,FTO; SDGT,2015-09-29
CU-ACT-3432,2026-07-01,BLACKLIST,0xfbc3ca4a4b808bef72c54b872caa59e5e69c783e,polygon,89481526,ISIL Khorasan,18647,Digital Currency Address - TRX,TYvR9x3Dqx39s9rooaSAHwVwF8psBrcFBV,TRON_KEY_EQUIVALENCE,Unknown,FTO; SDGT,2015-09-29
CU-ACT-3433,2026-07-01,BLACKLIST,0x56bf68cd5ad0cafc5e3cb7da826914359592eb62,polygon,89481556,ISIL Khorasan,18647,Digital Currency Address - TRX,THstQuwNidzC4YeJ7uPowf55ZdVZtGcHJ5,TRON_KEY_EQUIVALENCE,Unknown,FTO; SDGT,2015-09-29
CU-ACT-3434,2026-07-01,BLACKLIST,0x68c15054d74c86ffca1e23a3802a27bab1735395,polygon,89481615,ISIL Khorasan,18647,Digital Currency Address - TRX,TKX6rgpGpGrJWzf1qXUUSNL5cYHQt7Z9rY,TRON_KEY_EQUIVALENCE,Unknown,FTO; SDGT,2015-09-29
CU-ACT-3435,2026-07-01,BLACKLIST,0xd086c684646d4eba389c5d97e57d5b2bee3826b7,polygon,89481637,ISIL Khorasan,18647,Digital Currency Address - TRX,TUyo1Kfnnjr2iMQdZxLWPX1U8Xiy1Wz5z5,TRON_KEY_EQUIVALENCE,Unknown,FTO; SDGT,2015-09-29
CU-ACT-3436,2026-07-01,BLACKLIST,0x24545819f879db1a8df28fe0fd7f8ee4b7025977,polygon,89481746,ISIL Khorasan,18647,Digital Currency Address - TRX,TDHJNJHosn6xNDxMecFZwXyTzE9bYGXp9L,TRON_KEY_EQUIVALENCE,Unknown,FTO; SDGT,2015-09-29
CU-ACT-3437,2026-07-01,BLACKLIST,0x81d0eac7c2e42b221bd2e5bd5f9ddc0dcc9f6f30,polygon,89481824,ISIL Khorasan,18647,Digital Currency Address - TRX,TMocScwSbSn2cqRCHVkzZSEar3Jk5AsXgo,TRON_KEY_EQUIVALENCE,Unknown,FTO; SDGT,2015-09-29
CU-ACT-3438,2026-07-01,BLACKLIST,0x2e2983271415c0aa7950277186f10c0676f5cac2,polygon,89481937,ISIL Khorasan,18647,Digital Currency Address - TRX,TEBHpD6iiAqhyS4w7zZFmD1rrv65a5HVTD,TRON_KEY_EQUIVALENCE,Unknown,FTO; SDGT,2015-09-29
CU-ACT-3439,2026-07-01,BLACKLIST,0x95bcc8bbd8f91b255baf9ecf54f15e74b9959af2,polygon,89482006,ISIL Khorasan,18647,Digital Currency Address - TRX,TPcwqbJ3ViWMUQMiKfMjDM7VTiCzdRu1cH,TRON_KEY_EQUIVALENCE,Unknown,FTO; SDGT,2015-09-29
CU-ACT-3440,2026-07-01,BLACKLIST,0xa570df663c1b522f3dacd6f96320e65f8206ed0d,polygon,89482009,ISIL Khorasan,18647,Digital Currency Address - TRX,TR3yiEuFrbBnP8X5DKYFjRxCwbxcYyftD4,TRON_KEY_EQUIVALENCE,Unknown,FTO; SDGT,2015-09-29
CU-ACT-3441,2026-07-01,BLACKLIST,0x9f4f225d3fa34d498adbfd6898e2b30850859059,polygon,89482044,ISIL Khorasan,18647,Digital Currency Address - TRX,TQVZEuLHacexyJX3nZStaPzxceS63C9bax,TRON_KEY_EQUIVALENCE,Unknown,FTO; SDGT,2015-09-29
CU-ACT-3442,2026-07-01,BLACKLIST,0x07d28de0bbd45f2ef8f89621f9f504ed72f34d92,polygon,89482063,ISIL Khorasan,18647,Digital Currency Address - TRX,TAgZxxuvfuKYJY5UPC1DXF8NPHbKtTzEGu,TRON_KEY_EQUIVALENCE,Unknown,FTO; SDGT,2015-09-29
CU-ACT-3443,2026-07-01,BLACKLIST,0xa05b377f4ae52727a59bcb7a82d6a20356f6b0b4,polygon,89482133,ISIL Khorasan,18647,Digital Currency Address - TRX,TQb6Pc4PmfUdUokLq5ygNioj4PnodNak9b,TRON_KEY_EQUIVALENCE,Unknown,FTO; SDGT,2015-09-29
CU-ACT-3444,2026-07-01,BLACKLIST,0x878ebd5e809aca3dc01856d5fa924a405e34dad6,polygon,89482171,ISIL Khorasan,18647,Digital Currency Address - TRX,TNKyDgjn2WHZwHhH2Mj5AGMnK4moBX9xQd,TRON_KEY_EQUIVALENCE,Unknown,FTO; SDGT,2015-09-29
CU-ACT-3445,2026-07-01,BLACKLIST,0x20e60fa8673fa61d574b42a13ae805c312777241,polygon,89482319,ISIL Khorasan,18647,Digital Currency Address - TRX,TCyAE8Lxa1rmTThhE5Z3X95PC9rgMrReMX,TRON_KEY_EQUIVALENCE,Unknown,FTO; SDGT,2015-09-29
CU-ACT-3446,2026-07-01,BLACKLIST,0xd3faecadc1f752234b6079299f570def99976f7c,polygon,89482710,ISIL Khorasan,18647,Digital Currency Address - TRX,TVJ4B5R8c8dS65NtUXpZPMGUpCRq8BQUrC,TRON_KEY_EQUIVALENCE,Unknown,FTO; SDGT,2015-09-29
CU-ACT-3447,2026-07-01,BLACKLIST,0x12f59283c23ff1b2ad7a8730b6cf41df25435570,polygon,89482723,ISIL Khorasan,18647,Digital Currency Address - TRX,TBhTMBAaEWiTtMgMdJ97ZmYotgHeY543cc,TRON_KEY_EQUIVALENCE,Unknown,FTO; SDGT,2015-09-29
CU-ACT-3448,2026-07-01,BLACKLIST,0xb79a667da76ba369583ba333c4eb4b005c5b657a,polygon,89482832,ISIL Khorasan,18647,Digital Currency Address - TRX,TSi1d66cgg3cPm9L6c2ZD8K1381XusSjkc,TRON_KEY_EQUIVALENCE,Unknown,FTO; SDGT,2015-09-29
CU-ACT-3449,2026-07-01,BLACKLIST,0xa6358db3812ce9a11eb8aa2f954e36711ed015f6,polygon,89482916,ISIL Khorasan,18647,Digital Currency Address - TRX,TR83KsDjUKeds62PcAgo7BfhPJPSpMk7Ba,TRON_KEY_EQUIVALENCE,Unknown,FTO; SDGT,2015-09-29
CU-ACT-3450,2026-07-01,BLACKLIST,0x26eddc84e46104b944f871c0f3fbd8256197d5ca,polygon,89483008,ISIL Khorasan,18647,Digital Currency Address - TRX,TDX3dFNPvJeA9eVLLNqf1ixr4U2ktcDmoD,TRON_KEY_EQUIVALENCE,Unknown,FTO; SDGT,2015-09-29
CU-ACT-3451,2026-07-01,BLACKLIST,0x18855af93d521cf39fa8a1342a06562661725420,polygon,89483039,ISIL Khorasan,18647,Digital Currency Address - TRX,TCCryMcQb5A5FSYkmcVy26Nd8J1FWHtfWh,TRON_KEY_EQUIVALENCE,Unknown,FTO; SDGT,2015-09-29
CU-ACT-3452,2026-07-01,BLACKLIST,0x5a43b964288ce2b4b7de0cae544531bf94a8b79f,polygon,89483123,ISIL Khorasan,18647,Digital Currency Address - TRX,TJCUwt9EKeTyzDw42658h8aYxQXScLdCZR,TRON_KEY_EQUIVALENCE,Unknown,FTO; SDGT,2015-09-29
CU-ACT-3453,2026-07-01,BLACKLIST,0x3e4b5fa3fe3fdb48f0865b2088e3beafe915eb63,polygon,89483198,ISIL Khorasan,18647,Digital Currency Address - TRX,TFebC149jCDiow1MBphhfpHDLeMAKRNrqJ,TRON_KEY_EQUIVALENCE,Unknown,FTO; SDGT,2015-09-29
CU-ACT-3454,2026-07-01,BLACKLIST,0x31424423746e69795da87d93bef987cc9aebe8d6,polygon,89483205,ISIL Khorasan,18647,Digital Currency Address - TRX,TETfViHWf9ZNB6WJgZBRMB48pTaBFo5Rmd,TRON_KEY_EQUIVALENCE,Unknown,FTO; SDGT,2015-09-29
CU-ACT-3455,2026-07-01,BLACKLIST,0x7077f6f05c0c435bde0d145613425fc17ce10a5a,polygon,89483212,ISIL Khorasan,18647,Digital Currency Address - TRX,TLDtPq9PQsDuQunME8CSeVdYaLtRdrVgoJ,TRON_KEY_EQUIVALENCE,Unknown,FTO; SDGT,2015-09-29
CU-ACT-3456,2026-07-01,BLACKLIST,0x2d0d0dcf83adde53fcde96af5fbcd1367944a2d8,polygon,89483321,ISIL Khorasan,18647,Digital Currency Address - TRX,TE5R3hJ6REap6vh14YAqjXczKrYaiteTy3,TRON_KEY_EQUIVALENCE,Unknown,FTO; SDGT,2015-09-29
CU-ACT-3457,2026-07-01,BLACKLIST,0x701f00ebbcd4c09d6a7a9f89023cbf400c318504,polygon,89483423,ISIL Khorasan,18647,Digital Currency Address - TRX,TLC3piEQ5n4tcULKHqLTGhmYFUyHUVSxck,TRON_KEY_EQUIVALENCE,Unknown,FTO; SDGT,2015-09-29
CU-ACT-3458,2026-07-01,BLACKLIST,0x01ab57e94386817f1d3d3549c2e3ad5d2622de2b,polygon,89483491,ISIL Khorasan,18647,Digital Currency Address - TRX,TA82wQ77kb9DieW4C8q7C4KwMfnCzfziqN,TRON_KEY_EQUIVALENCE,Unknown,FTO; SDGT,2015-09-29
CU-ACT-3459,2026-07-01,BLACKLIST,0xf0eaf0fa72283fb86ebd5d462cc5c7e97d640308,polygon,89483556,ISIL Khorasan,18647,Digital Currency Address - TRX,TXw4d7BseHBn6sneMUzm4nEdfPVjuJGEH9,TRON_KEY_EQUIVALENCE,Unknown,FTO; SDGT,2015-09-29
CU-ACT-3460,2026-07-01,BLACKLIST,0xa38ffbe2722007f682e4985420acfce172c8b421,polygon,89483560,ISIL Khorasan,18647,Digital Currency Address - TRX,TQt3dWHiPdaKioG7nwovoTDUtxfimyuxYa,TRON_KEY_EQUIVALENCE,Unknown,FTO; SDGT,2015-09-29
CU-ACT-3461,2026-07-01,BLACKLIST,0xaa678643e6c27b8508d91bf152b581b94b8c6cbf,polygon,89483687,ISIL Khorasan,18647,Digital Currency Address - TRX,TRWDtgCfXzTcMv8W6iJxh6umeqeF3zG7n5,TRON_KEY_EQUIVALENCE,Unknown,FTO; SDGT,2015-09-29
CU-ACT-3462,2026-07-01,BLACKLIST,0xae1174ea8e2ce28b7db322f675be24507a37aabd,polygon,89483866,ISIL Khorasan,18647,Digital Currency Address - TRX,TRqbVMHWck3j2vKzA16L69v3cwuoyQSY8L,TRON_KEY_EQUIVALENCE,Unknown,FTO; SDGT,2015-09-29
CU-ACT-3463,2026-07-01,BLACKLIST,0xcc0bf752565564606f37c647249da56838671a7d,polygon,89483931,ISIL Khorasan,18647,Digital Currency Address - TRX,TUa7BcRjT3eT7kPyNWPvHQkz4qF9v68D7A,TRON_KEY_EQUIVALENCE,Unknown,FTO; SDGT,2015-09-29
CU-ACT-3464,2026-07-01,BLACKLIST,0x1796486b359f2084f9e1585a491545d38d6db391,polygon,89484045,ISIL Khorasan,18647,Digital Currency Address - TRX,TC7vaJsxZteEEnnm2EFm9BRSZvezvsuA86,TRON_KEY_EQUIVALENCE,Unknown,FTO; SDGT,2015-09-29
CU-ACT-3465,2026-07-01,BLACKLIST,0xcc8b73b5a7b3c88478c1a3d0eb34c7c5dc9f686f,polygon,89484187,ISIL Khorasan,18647,Digital Currency Address - TRX,TUcjuVB6RFvsMgE352Kdc3VHvFvteti97B,TRON_KEY_EQUIVALENCE,Unknown,FTO; SDGT,2015-09-29
CU-ACT-3466,2026-07-01,BLACKLIST,0xd5f14e80acaf51d5970eba2851685b32f5a97e00,polygon,89484215,ISIL Khorasan,18647,Digital Currency Address - TRX,TVUS1CVQnnzoJG8PBWkcWyf7DkLrS8yh5Z,TRON_KEY_EQUIVALENCE,Unknown,FTO; SDGT,2015-09-29
CU-ACT-3467,2026-07-01,BLACKLIST,0x12964e45547b54b00faab3f8babc22ff7fe45609,polygon,89484238,ISIL Khorasan,18647,Digital Currency Address - TRX,TBfVDwNS6hC2Ln2qTLTRKMMPddscFEhhrU,TRON_KEY_EQUIVALENCE,Unknown,FTO; SDGT,2015-09-29
CU-ACT-3468,2026-07-01,BLACKLIST,0xcc794fdec285f2b5461b6b2aee7d0511cde8cda7,polygon,89484344,ISIL Khorasan,18647,Digital Currency Address - TRX,TUcNB6c22JmcwXbbbuv9HVPeVqv5HSiTwQ,TRON_KEY_EQUIVALENCE,Unknown,FTO; SDGT,2015-09-29
CU-ACT-3469,2026-07-01,BLACKLIST,0x93e7a8bfd6c1f4af81db2ae9ea6b02e69a6da2bf,polygon,89484428,ISIL Khorasan,18647,Digital Currency Address - TRX,TPTFrDhx5tntyp5mRX423DaAe8aLDMUs31,TRON_KEY_EQUIVALENCE,Unknown,FTO; SDGT,2015-09-29
CU-ACT-3470,2026-07-01,BLACKLIST,0x8711522cdb2f89df2d99dea0c1cb68ce2ee3016a,polygon,89484501,ISIL Khorasan,18647,Digital Currency Address - TRX,TNHNySUf8LMzhzSiQnHCXCbgatscQbM4ZQ,TRON_KEY_EQUIVALENCE,Unknown,FTO; SDGT,2015-09-29
CU-ACT-3471,2026-07-01,BLACKLIST,0x8eec746c6fc6dda84f44c82ca94818281c23e1f1,polygon,89484615,ISIL Khorasan,18647,Digital Currency Address - TRX,TNzvDTvcQTaY9jFrv85JnqibnGcudePj1z,TRON_KEY_EQUIVALENCE,Unknown,FTO; SDGT,2015-09-29
CU-ACT-3472,2026-07-01,BLACKLIST,0x81c483bf9bcdc0a31864ae7c1762425b67c2c467,polygon,89484696,ISIL Khorasan,18647,Digital Currency Address - TRX,TMoMat6oyJLKxSb6SfQWBWc7q5PSm3Gr6U,TRON_KEY_EQUIVALENCE,Unknown,FTO; SDGT,2015-09-29
CU-ACT-3473,2026-07-01,BLACKLIST,0xeb3c18a88bd40c776cdf6c3986edbc39f30a731d,polygon,89484757,ISIL Khorasan,18647,Digital Currency Address - TRX,TXR1nhqAek4c5Dq9EfjQLarcBWR9Jp6N7m,TRON_KEY_EQUIVALENCE,Unknown,FTO; SDGT,2015-09-29
CU-ACT-3474,2026-07-01,BLACKLIST,0xc4244fe10b9365766efa5a4f0baa124a750c8b4f,polygon,89484910,ISIL Khorasan,18647,Digital Currency Address - TRX,TTrJwfL8SCSWBXWAPcZV8Pd5fZf1rznRhz,TRON_KEY_EQUIVALENCE,Unknown,FTO; SDGT,2015-09-29
CU-ACT-3475,2026-07-01,BLACKLIST,0x1ed13e7c465a3850f8f9e0b503587ba514017536,polygon,89484912,ISIL Khorasan,18647,Digital Currency Address - TRX,TCn9wM828B1GtsVn8kUaCvoE3RpfCAmtEB,TRON_KEY_EQUIVALENCE,Unknown,FTO; SDGT,2015-09-29
CU-ACT-3476,2026-07-01,BLACKLIST,0x410450013674ad6e67c8c0c0d4cf71656cf1e4b4,polygon,89485117,ISIL Khorasan,18647,Digital Currency Address - TRX,TFtz6Ae6NNo9VvhnVrj6V1RyEFMtZQMh3r,TRON_KEY_EQUIVALENCE,Unknown,FTO; SDGT,2015-09-29
CU-ACT-3477,2026-07-01,BLACKLIST,0x3beaf4486e9c6a4feae23ed9296844588a61604c,polygon,89485147,ISIL Khorasan,18647,Digital Currency Address - TRX,TFS2LHNcrffdAVRHpDUpNvnmCHs78cSNbz,TRON_KEY_EQUIVALENCE,Unknown,FTO; SDGT,2015-09-29
CU-ACT-3478,2026-07-01,BLACKLIST,0xee366d650af5599f86289109ffb37ff0a2178b2f,polygon,89485459,ISIL Khorasan,18647,Digital Currency Address - TRX,TXgm2Pej4dHzh6oAJvaxAVFDevgGJqfSKr,TRON_KEY_EQUIVALENCE,Unknown,FTO; SDGT,2015-09-29
CU-ACT-3479,2026-07-01,BLACKLIST,0x994aa9e584fdbe4df7934db56941fc19e70bb336,polygon,89485478,ISIL Khorasan,18647,Digital Currency Address - TRX,TPwjq8YuABThppKM5ppsuagBFwDhzpnY11,TRON_KEY_EQUIVALENCE,Unknown,FTO; SDGT,2015-09-29
CU-ACT-3480,2026-07-01,BLACKLIST,0x8d7e10e5fa9ce28f5a7f49760b59f5ad992bddce,polygon,89485498,ISIL Khorasan,18647,Digital Currency Address - TRX,TNsMJKvAtqiWntAnrcS8jkugL37FGzoqss,TRON_KEY_EQUIVALENCE,Unknown,FTO; SDGT,2015-09-29
CU-ACT-3481,2026-07-01,BLACKLIST,0xc868071a9602dd0c8e8f277432c742fdac78442b,polygon,89485540,ISIL Khorasan,18647,Digital Currency Address - TRX,TUErmQ9GtRDGC4g4L5wjWS55Ju5hYfR3sa,TRON_KEY_EQUIVALENCE,Unknown,FTO; SDGT,2015-09-29
CU-ACT-3482,2026-07-01,BLACKLIST,0x26f4376ef74562f92876577e86b0bbb4fc05cdd6,polygon,89485582,ISIL Khorasan,18647,Digital Currency Address - TRX,TDXBEozXRJy7eBYNCoqrDMRCx5QBN4jCCt,TRON_KEY_EQUIVALENCE,Unknown,FTO; SDGT,2015-09-29
CU-ACT-3483,2026-07-01,BLACKLIST,0x912b64c34d4c048c403d588df0fdae3b9b93b543,polygon,89485605,ISIL Khorasan,18647,Digital Currency Address - TRX,TPCnxv28xNbvtAaEppddvnfkjQpaFeAkV3,TRON_KEY_EQUIVALENCE,Unknown,FTO; SDGT,2015-09-29
CU-ACT-3484,2026-07-01,BLACKLIST,0x4069dffc23210e939075300d5e50161d0cf868c7,polygon,89485668,ISIL Khorasan,18647,Digital Currency Address - TRX,TFqo5f16FJfSKesPxtGN4VN5HNZJebqMQX,TRON_KEY_EQUIVALENCE,Unknown,FTO; SDGT,2015-09-29
CU-ACT-3485,2026-07-01,BLACKLIST,0x3ec58d2b0bce77282f2e415ac6596dc3f626f436,polygon,89485805,ISIL Khorasan,18647,Digital Currency Address - TRX,TFh7Z4qmdiT7opAYYLmNVXQJtVCkAtg7Zh,TRON_KEY_EQUIVALENCE,Unknown,FTO; SDGT,2015-09-29
CU-ACT-3486,2026-07-01,BLACKLIST,0x5168da75329bca67a2c75642b7cab4f14482cb9d,polygon,89485891,ISIL Khorasan,18647,Digital Currency Address - TRX,THPfLwEGvHVgRzi7EMnviAFy5WG1feDH1p,TRON_KEY_EQUIVALENCE,Unknown,FTO; SDGT,2015-09-29
CU-ACT-3487,2026-07-01,BLACKLIST,0x2d20b1d77f2f663f7fe745f8493d6744683544b8,polygon,89485918,ISIL Khorasan,18647,Digital Currency Address - TRX,TE5paMkU1hPr8BdjkSJLvEyUBxjKKSx1H6,TRON_KEY_EQUIVALENCE,Unknown,FTO; SDGT,2015-09-29
CU-ACT-3488,2026-07-01,BLACKLIST,0x13c9c13507282550061c367f8f10527df835afc5,polygon,89486123,ISIL Khorasan,18647,Digital Currency Address - TRX,TBmqXsFNYTMkyw9jVGBAecGaLyLwbxFTM1,TRON_KEY_EQUIVALENCE,Unknown,FTO; SDGT,2015-09-29
CU-ACT-3489,2026-07-01,BLACKLIST,0xab1a8d5e41dc0223973dbdfd1de14e3d567d81fb,polygon,89486137,ISIL Khorasan,18647,Digital Currency Address - TRX,TRZvMk2D4fmjGjtuZHRVpgw6yjk8NcjsHV,TRON_KEY_EQUIVALENCE,Unknown,FTO; SDGT,2015-09-29
CU-ACT-3490,2026-07-01,BLACKLIST,0x91f7a5a79c0c660744496dd498a1601bfe670494,polygon,89486187,ISIL Khorasan,18647,Digital Currency Address - TRX,TPH1ehJuNY8cRuJgWTXoGuzkVpK5ckueLF,TRON_KEY_EQUIVALENCE,Unknown,FTO; SDGT,2015-09-29
CU-ACT-3491,2026-07-01,BLACKLIST,0x82def3990129e73531ad7a737ba54c76d34e507d,polygon,89486257,ISIL Khorasan,18647,Digital Currency Address - TRX,TMuBvwcgrTj6JysMmutXWaPjk1kREK2BDe,TRON_KEY_EQUIVALENCE,Unknown,FTO; SDGT,2015-09-29
CU-ACT-3492,2026-07-01,BLACKLIST,0x70d6292f5b971c82fb6587a3cd740f64e98009c3,polygon,89486300,ISIL Khorasan,18647,Digital Currency Address - TRX,TLFqEhiG7RUSZ9x5iph99Ke5782dkgRnWf,TRON_KEY_EQUIVALENCE,Unknown,FTO; SDGT,2015-09-29
CU-ACT-3493,2026-07-13,BLACKLIST,0x1d19b52b54e7ef5ea1a4b40b616165e798eac9f8,polygon,90167337,Rashevskyi Dmytro,57978,Digital Currency Address - ETH,0x1d19b52b54e7ef5ea1a4b40b616165e798eac9f8,HEX_IDENTIFIER,Unknown,CYBER4,2026-07-13
CU-ACT-3494,2026-07-13,BLACKLIST,0x2c7dcd774b33e10367f7d6385479e04f97d179dc,polygon,90167521,Rashevskyi Dmytro,57978,Digital Currency Address - ETH,0x2C7DcD774b33e10367F7d6385479e04F97d179dc,HEX_IDENTIFIER,Unknown,CYBER4,2026-07-13
CU-ACT-3495,2026-07-13,BLACKLIST,0xcfbb0c9a2a99777b46211b380869f82cf20a635e,polygon,90167531,First VPN Service,57975,Digital Currency Address - TRX,TUuaxBAWfA5nmsqNfycxYrzEvz4a5GJMGY,TRON_KEY_EQUIVALENCE,Unknown,CYBER4,2026-07-13
CU-ACT-3496,2026-07-13,BLACKLIST,0x2711d73d559f62f4f855ee21f38378f528e07985,polygon,90167535,First VPN Service,57975,Digital Currency Address - ETH,0x2711d73d559f62f4f855ee21f38378f528e07985,HEX_IDENTIFIER,Unknown,CYBER4,2026-07-13
CU-ACT-3497,2026-07-13,BLACKLIST,0xbe7d33a802487f0b51e0191dc0c3772fa11a8f70,polygon,90167589,Rashevskyi Dmytro,57978,Digital Currency Address - TRX,TTLRNgLpz5H5tLPuNU4FViUs7zmmAtyvzW,TRON_KEY_EQUIVALENCE,Unknown,CYBER4,2026-07-13
CU-ACT-3498,2026-07-13,BLACKLIST,0x0e0d1899d3a6a9362bc215f1c5a9acaccb0de882,polygon,90167672,Rashevskyi Dmytro,57978,Digital Currency Address - TRX,TBFW9gF4oDX5cG44gS7AoxQeujScmm3z6h,TRON_KEY_EQUIVALENCE,Unknown,CYBER4,2026-07-13
CU-ACT-3499,2026-07-14,BLACKLIST,0x08151bd98c00015de698408de9405aa62115b5ee,polygon,90237104,BANK MARKAZI JOMHOURI ISLAMI IRAN,4632,Digital Currency Address - TRX,TAhwhFv3JpK39Nc2m8W5LPCcoTisutiRfp,TRON_KEY_EQUIVALENCE,Unknown,IFSR; IRAN; IRGC; SDGT,2010-06-16
CU-ACT-3500,2026-07-14,BLACKLIST,0x3ba6174651e3a0c3c6a7d42a75e6e00b039304d1,polygon,90237245,BANK MARKAZI JOMHOURI ISLAMI IRAN,4632,Digital Currency Address - TRX,TFQbqaNbmq2xsVor2NbufLkYZvxFC9wC7k,TRON_KEY_EQUIVALENCE,Unknown,IFSR; IRAN; IRGC; SDGT,2010-06-16
CU-ACT-3501,2026-07-14,BLACKLIST,0x5f077e9b16f30b9ecfaf5dc09294dcc98b8d395a,polygon,90237321,BANK MARKAZI JOMHOURI ISLAMI IRAN,4632,Digital Currency Address - TRX,TJdgB1k6ot3f2nLuZug6D8eD3HavTmzmSK,TRON_KEY_EQUIVALENCE,Unknown,IFSR; IRAN; IRGC; SDGT,2010-06-16
CU-ACT-3502,2026-07-14,BLACKLIST,0xe995da05f4e51871d5d2ef8496536a052138bc6a,polygon,90237332,BANK MARKAZI JOMHOURI ISLAMI IRAN,4632,Digital Currency Address - TRX,TXGHxdYbGy574z5hBu4LNzq9NzjZQ9bhUf,TRON_KEY_EQUIVALENCE,Unknown,IFSR; IRAN; IRGC; SDGT,2010-06-16
CU-ACT-3503,2026-07-23,BLACKLIST,0x07f57fafbd3055737c778184cdb7b30c65fb7a6e,polygon,90751526,Al-Jebouri Zaid Issam Ahmed الجبوري زيد عصام أحمد,58199,Digital Currency Address - TRX,TAhHpxPRwo1Bmm1A9m51uZ31tcB7EPq7SY,TRON_KEY_EQUIVALENCE,Unknown,SDGT,2026-07-23
CU-ACT-3504,2026-07-23,BLACKLIST,0x4b6d60a69a1386992e18f89241d183429ebc3a56,polygon,90751625,Al-Jebouri Zaid Issam Ahmed الجبوري زيد عصام أحمد,58199,Digital Currency Address - TRX,TGr2i8ZQiiMRjP3mWyQUH2MQBfKu8GJNqm,TRON_KEY_EQUIVALENCE,Unknown,SDGT,2026-07-23
CU-ACT-3505,2026-07-23,BLACKLIST,0x506d8d7c56a06723a52fde594638eeda23461d15,polygon,90751719,Al-Jebouri Zaid Issam Ahmed الجبوري زيد عصام أحمد,58199,Digital Currency Address - TRX,THJUJFyTnrBWb1ijWav7qfRBrjUuKgP49Z,TRON_KEY_EQUIVALENCE,Unknown,SDGT,2026-07-23
CU-ACT-3506,2026-07-23,BLACKLIST,0x76c7c4ff99ab9791d4e358e33a3f51c2c5d3ac8e,polygon,90751771,Al-Jebouri Zaid Issam Ahmed الجبوري زيد عصام أحمد,58199,Digital Currency Address - TRX,TLoG3vbjDgqmTD5bM7w9rMgA6ysaNReuRy,TRON_KEY_EQUIVALENCE,Unknown,SDGT,2026-07-23
CU-ACT-3507,2026-07-23,BLACKLIST,0x99929eed7638ac0f031a5d925409741f86f98be6,polygon,90751854,Al-Jebouri Zaid Issam Ahmed الجبوري زيد عصام أحمد,58199,Digital Currency Address - TRX,TPyE2oSoaysrXfLzwf9wetBVr9JudLwjtD,TRON_KEY_EQUIVALENCE,Unknown,SDGT,2026-07-23
CU-ACT-3508,2026-07-23,BLACKLIST,0xd838b11133085016bc31ca78571067b0d77dc290,polygon,90751981,Al-Jebouri Zaid Issam Ahmed الجبوري زيد عصام أحمد,58199,Digital Currency Address - TRX,TVgUsVzA7mpFExP4zS7HHbtKti6UuBDuwZ,TRON_KEY_EQUIVALENCE,Unknown,SDGT,2026-07-23
CU-ACT-3509,2026-07-23,BLACKLIST,0xb690e524695f909e7dac090ff30b1fcfe557f597,polygon,90752026,Al-Jebouri Zaid Issam Ahmed الجبوري زيد عصام أحمد,58199,Digital Currency Address - TRX,TScXZTbDjjZ6a6jiC7dZjgCqfNo4vm7atV,TRON_KEY_EQUIVALENCE,Unknown,SDGT,2026-07-23
CU-ACT-3512,2026-08-07,BLACKLIST,0x6b69e2a7545c166417a80c61a77562052bffa9c5,polygon,91616812,SHPS Shelbit,58287,Digital Currency Address - ETH,0x6b69e2a7545c166417a80c61a77562052bffa9c5,HEX_IDENTIFIER,Unknown,SDGT,2026-08-07
CU-ACT-3513,2026-08-07,BLACKLIST,0x8d79c73daae8630c88de372ba8f57592fa987607,polygon,91616915,Kayvanpour Siavash,58284,Digital Currency Address - ETH,0x8d79c73daae8630c88de372ba8f57592fa987607,HEX_IDENTIFIER,Unknown,IRGC; SDGT,2026-08-07
CU-ACT-3514,2026-08-07,BLACKLIST,0x967f32c544b6547f366123927d6dc0a3c6dcdfb9,polygon,91616992,Kayvanpour Siavash,58284,Digital Currency Address - TRX,TPgxjjB6AJeMSQFngbUM6dMMxPHa9GEtYa,TRON_KEY_EQUIVALENCE,Unknown,IRGC; SDGT,2026-08-07
CU-ACT-3515,2026-08-07,BLACKLIST,0xc02b8bcd6cea7162274b939410d466b755553175,polygon,91617142,CRYPTO HOME DMCC كريبتو هوم م.د.م.س,58258,Digital Currency Address - TRX,TTVJuXWCusAURrpNShiypauagEH1N4CrxV,TRON_KEY_EQUIVALENCE,Unknown,SDGT,2026-08-07
CU-ACT-3516,2026-08-07,BLACKLIST,0xbb69e01921b17cd22080968bcc96ba6115da6062,polygon,91617250,CRYPTO HOME DMCC كريبتو هوم م.د.م.س,58258,Digital Currency Address - ETH,0xbb69e01921b17cd22080968bcc96ba6115da6062,HEX_IDENTIFIER,Unknown,SDGT,2026-08-07
CU-ACT-3517,2026-08-07,BLACKLIST,0xe05f529f5284d75624eba386cb716928c3b54a2a,polygon,91617409,SHPS Shelbit,58287,Digital Currency Address - ETH,0xe05f529f5284d75624eba386cb716928c3b54a2a,HEX_IDENTIFIER,Unknown,SDGT,2026-08-07
CU-ACT-3518,2026-08-07,BLACKLIST,0xeaac716a919f3a032a7e5f4d803c799569c32bd4,polygon,91617444,SHPS Shelbit,58287,Digital Currency Address - TRX,TXN3hVukebhyYR31YPCYd7aJAvmUeXu1ab,TRON_KEY_EQUIVALENCE,Unknown,SDGT,2026-08-07
CU-ACT-3519,2026-04-24,BLACKLIST,0x8be1904f7e8d196ef670835e2893be5f75c1e63e,avalanche,83784962,BANK MARKAZI JOMHOURI ISLAMI IRAN,4632,Digital Currency Address - TRX,TNiq9AXBp9EjUqhDhrwrfvAA8U3GUQZH81,TRON_KEY_EQUIVALENCE,Unknown,IFSR; IRAN; IRGC; SDGT,2010-06-16
CU-ACT-3520,2026-04-24,BLACKLIST,0xc29c4df7111a39030a037a3abc8dc68c8d1d8ceb,avalanche,83785107,BANK MARKAZI JOMHOURI ISLAMI IRAN,4632,Digital Currency Address - TRX,TTiDLWE6fZK8okMJv6ijg42yrH6W2pjSr9,TRON_KEY_EQUIVALENCE,Unknown,IFSR; IRAN; IRGC; SDGT,2010-06-16
CU-ACT-3521,2026-05-20,BLACKLIST,0x038989cbb1710c72b9920dc4fa529158f463e72c,avalanche,85928764,Ojeda Aviles Armando de Jesus,57107,Digital Currency Address - ETH,0x038989cbb1710c72b9920dc4fa529158f463e72c,HEX_IDENTIFIER,Unknown,ILLICIT-DRUGS-EO14059; SDGT,2026-05-20
CU-ACT-3522,2026-05-20,BLACKLIST,0x14779cec0b117d5194c750c55ea1f42086631964,avalanche,85928876,Ojeda Aviles Armando de Jesus,57107,Digital Currency Address - ETH,0x14779CEC0B117d5194c750C55Ea1f42086631964,HEX_IDENTIFIER,Unknown,ILLICIT-DRUGS-EO14059; SDGT,2026-05-20
CU-ACT-3523,2026-05-20,BLACKLIST,0x32da24ca413f3e7b53145d4737e172c3bdf81e3e,avalanche,85929074,Ojeda Aviles Armando de Jesus,57107,Digital Currency Address - ETH,0x32dA24Ca413F3E7B53145D4737e172C3bdF81e3e,HEX_IDENTIFIER,Unknown,ILLICIT-DRUGS-EO14059; SDGT,2026-05-20
CU-ACT-3524,2026-05-20,BLACKLIST,0x4f428c11dc82388fa5136d636e613ad923eb700b,avalanche,85929077,Ojeda Aviles Armando de Jesus,57107,Digital Currency Address - ETH,0x4F428c11Dc82388fa5136D636e613ad923Eb700B,HEX_IDENTIFIER,Unknown,ILLICIT-DRUGS-EO14059; SDGT,2026-05-20
CU-ACT-3525,2026-05-20,BLACKLIST,0xac4cc4b68ea24bbfaac8fd127b67ed445accce22,avalanche,85929400,Alarcon Palomares Rodrigo,57118,Digital Currency Address - ETH,0xaC4cC4B68ea24BbFAAC8fD127B67Ed445ACcCE22,HEX_IDENTIFIER,Unknown,ILLICIT-DRUGS-EO14059,2026-05-20
CU-ACT-3526,2026-05-20,BLACKLIST,0xf2235d55b2950a0b1317469d72d07ae65b2e27cb,avalanche,85929461,Ojeda Aviles Armando de Jesus,57107,Digital Currency Address - ETH,0xf2235d55b2950a0b1317469d72d07ae65b2e27cb,HEX_IDENTIFIER,Unknown,ILLICIT-DRUGS-EO14059; SDGT,2026-05-20
CU-ACT-3530,2026-06-22,BLACKLIST,0x110cb5c5089fc35ba0deb718a291dd64f6d1bec8,avalanche,88590942,Abderrahmane Miloud,57961,Digital Currency Address - TRX,TBXMiRqUp1XH1zLazWu8cWitMAScv4HsYq,TRON_KEY_EQUIVALENCE,Unknown,SDGT,2026-06-22
CU-ACT-3531,2026-06-22,BLACKLIST,0x2408302c960af24d6df5dee325b59ac59b2e55ce,avalanche,88590985,Abderrahmane Miloud,57961,Digital Currency Address - TRX,TDFj8tYzfLDkwEMo4MJ2DfrbpMztuCCnan,TRON_KEY_EQUIVALENCE,Unknown,SDGT,2026-06-22
CU-ACT-3532,2026-07-01,BLACKLIST,0xce9f3bc87000393f625088ed40280a74682396cf,avalanche,89218672,ISIL Khorasan,18647,Digital Currency Address - TRX,TUoixKFaWVsHxGWgnYyMzpkrT22YqU7VvH,TRON_KEY_EQUIVALENCE,Unknown,FTO; SDGT,2015-09-29
CU-ACT-3533,2026-07-01,BLACKLIST,0x1508e3c339f9e916595bfa6ea169aee265acf90c,avalanche,89218790,ISIL Khorasan,18647,Digital Currency Address - TRX,TBtRqkiFzyuwe8nSAGQghxygAfwAF5eERq,TRON_KEY_EQUIVALENCE,Unknown,FTO; SDGT,2015-09-29
CU-ACT-3534,2026-07-01,BLACKLIST,0xc44b0630645bdf681c775df334cbd7530da813fa,avalanche,89218844,ISIL Khorasan,18647,Digital Currency Address - TRX,TTs7KRq39547ruAsxb9brAPuTLy7h3U6H1,TRON_KEY_EQUIVALENCE,Unknown,FTO; SDGT,2015-09-29
CU-ACT-3535,2026-07-01,BLACKLIST,0x0eaea039d805c9600de19d5a9aa6daf4d51979ed,avalanche,89218949,ISIL Khorasan,18647,Digital Currency Address - TRX,TBJqexr1FfGxVKhDsKeou6FVLBW1aS1Ny7,TRON_KEY_EQUIVALENCE,Unknown,FTO; SDGT,2015-09-29
CU-ACT-3536,2026-07-01,BLACKLIST,0xda916a1c12989829fb02a0241a7e70b5a1a4e905,avalanche,89219233,ISIL Khorasan,18647,Digital Currency Address - TRX,TVttWTHTCU9kULP51m9BaHpmCW8H1BJJNQ,TRON_KEY_EQUIVALENCE,Unknown,FTO; SDGT,2015-09-29
CU-ACT-3537,2026-07-01,BLACKLIST,0x1f6aa4cd73fe9faf58727800b075d43caa106d46,avalanche,89219249,ISIL Khorasan,18647,Digital Currency Address - TRX,TCqKhk7MpPnGH3UfygE1TRzUo92a5tuVy6,TRON_KEY_EQUIVALENCE,Unknown,FTO; SDGT,2015-09-29
CU-ACT-3538,2026-07-01,BLACKLIST,0x9b571ef4731f0c8539a629cc4c44fa4fd280c10d,avalanche,89219430,ISIL Khorasan,18647,Digital Currency Address - TRX,TQ8a74SiDig3EDSC14tosLACWLbvaNYwCJ,TRON_KEY_EQUIVALENCE,Unknown,FTO; SDGT,2015-09-29
CU-ACT-3539,2026-07-01,BLACKLIST,0xd67bb799b7d2dded7dd85802c5a6affec1108b94,avalanche,89219454,ISIL Khorasan,18647,Digital Currency Address - TRX,TVXHp8bMrpRd5HGy3w1yu9f87qwRrMHFp8,TRON_KEY_EQUIVALENCE,Unknown,FTO; SDGT,2015-09-29
CU-ACT-3540,2026-07-01,BLACKLIST,0xb654159bc14f208000ec9e0ad287b321c7a3bf5c,avalanche,89219526,ISIL Khorasan,18647,Digital Currency Address - TRX,TSbGiFzG9xFXUYgGA6RwbS3jvKNpeA4c3R,TRON_KEY_EQUIVALENCE,Unknown,FTO; SDGT,2015-09-29
CU-ACT-3541,2026-07-01,BLACKLIST,0xe2b0c8cd5516cf733013712408add325081225ca,avalanche,89219591,ISIL Khorasan,18647,Digital Currency Address - TRX,TWdqVcA3NyrNv71NgbMwKv3C5XMxj4XjSp,TRON_KEY_EQUIVALENCE,Unknown,FTO; SDGT,2015-09-29
CU-ACT-3542,2026-07-01,BLACKLIST,0xe6e1d9098b08fff5f8b3e27a02d4dca8ffcdf0a9,avalanche,89219699,ISIL Khorasan,18647,Digital Currency Address - TRX,TX1zyMrYZNbtQx7yPZp4adZV5NbToGNrkS,TRON_KEY_EQUIVALENCE,Unknown,FTO; SDGT,2015-09-29
CU-ACT-3543,2026-07-01,BLACKLIST,0xb4a69b8228c1621eb22d9c6f1ef33926616f8218,avalanche,89219768,ISIL Khorasan,18647,Digital Currency Address - TRX,TSSQDgExKUELagzAKTAcoLMviq4SZ1eTFm,TRON_KEY_EQUIVALENCE,Unknown,FTO; SDGT,2015-09-29
CU-ACT-3544,2026-07-01,BLACKLIST,0xc73da1e718a4fbd1ce023d412ab34433922fba58,avalanche,89220163,ISIL Khorasan,18647,Digital Currency Address - TRX,TU8hJXgHdxWuj4DaaBKQFUwDeB8B5Xacke,TRON_KEY_EQUIVALENCE,Unknown,FTO; SDGT,2015-09-29
CU-ACT-3545,2026-07-01,BLACKLIST,0xcd211408b46bdbf03abb2eac205a01ceb1d86288,avalanche,89220318,ISIL Khorasan,18647,Digital Currency Address - TRX,TUfq9hfP7qUDMoJbzkjG4GPtNxhZewqk8Z,TRON_KEY_EQUIVALENCE,Unknown,FTO; SDGT,2015-09-29
CU-ACT-3546,2026-07-01,BLACKLIST,0x18db649c1400f3dfbbf71b8b99419edcb12a0947,avalanche,89220480,ISIL Khorasan,18647,Digital Currency Address - TRX,TCEe3McjK9FWby8YsNmtRDwJt1x2s5dFTL,TRON_KEY_EQUIVALENCE,Unknown,FTO; SDGT,2015-09-29
CU-ACT-3547,2026-07-01,BLACKLIST,0x545fd777d462df0acc99a188f2532a962e00df74,avalanche,89220682,ISIL Khorasan,18647,Digital Currency Address - TRX,THfLaNMBAMz7xXnHoz5BkRMmrwuHKqfAfR,TRON_KEY_EQUIVALENCE,Unknown,FTO; SDGT,2015-09-29
CU-ACT-3548,2026-07-01,BLACKLIST,0xd1d1443c710b2f295f72ef3bc8be04a28be3e0db,avalanche,89220717,ISIL Khorasan,18647,Digital Currency Address - TRX,TV6cvFEMcfxGsWqgxpBrXZ35MkhdtdhT3G,TRON_KEY_EQUIVALENCE,Unknown,FTO; SDGT,2015-09-29
CU-ACT-3549,2026-07-01,BLACKLIST,0x6ee2a4ab3befdcfcd8c0844e853491f08971d899,avalanche,89220728,ISIL Khorasan,18647,Digital Currency Address - TRX,TL5WqcFX7XkhVLLwaXrdr57gnjC4stBeSG,TRON_KEY_EQUIVALENCE,Unknown,FTO; SDGT,2015-09-29
CU-ACT-3550,2026-07-01,BLACKLIST,0x203b0053ccb42ca09357dde941d251d888ec1044,avalanche,89220851,ISIL Khorasan,18647,Digital Currency Address - TRX,TCudJgJ14kk3Ss2PEgsT15frztKpyG7HEh,TRON_KEY_EQUIVALENCE,Unknown,FTO; SDGT,2015-09-29
CU-ACT-3551,2026-07-01,BLACKLIST,0x1e6983848eca149f9fc68b0a1616a1c4f62945aa,avalanche,89220976,ISIL Khorasan,18647,Digital Currency Address - TRX,TCk1g37N3x6PDda63waydNQwqTUzFNpsrR,TRON_KEY_EQUIVALENCE,Unknown,FTO; SDGT,2015-09-29
CU-ACT-3552,2026-07-01,BLACKLIST,0x9789e42918dec6442a155fd2ba064d05d6db0ed2,avalanche,89221074,ISIL Khorasan,18647,Digital Currency Address - TRX,TPnUDsrLYZg1UXGkpXSmhFEY5J5etfzE9S,TRON_KEY_EQUIVALENCE,Unknown,FTO; SDGT,2015-09-29
CU-ACT-3553,2026-07-01,BLACKLIST,0xb2880d55b128cfa10cc32411e2311f59500e130b,avalanche,89221345,ISIL Khorasan,18647,Digital Currency Address - TRX,TSFCGGbR57b56c4MXdiW5gzpD8j6cmimgo,TRON_KEY_EQUIVALENCE,Unknown,FTO; SDGT,2015-09-29
CU-ACT-3554,2026-07-01,BLACKLIST,0xe9d48628d685e121f48181616c71f88ec4020bf9,avalanche,89221386,ISIL Khorasan,18647,Digital Currency Address - TRX,TXHb3BkGgYmygyS14MJKX8kTcFGT7dXN4r,TRON_KEY_EQUIVALENCE,Unknown,FTO; SDGT,2015-09-29
CU-ACT-3555,2026-07-01,BLACKLIST,0x2fbe2388dca7d240ebc72617fb2dd5890fea4dd2,avalanche,89221401,ISIL Khorasan,18647,Digital Currency Address - TRX,TEKeY9i4CcVySJMmhuh2AxZhtgTmugYUMW,TRON_KEY_EQUIVALENCE,Unknown,FTO; SDGT,2015-09-29
CU-ACT-3556,2026-07-01,BLACKLIST,0x84be9d8d09cb26f31bb37771ecb06ebdd91101f9,avalanche,89221535,ISIL Khorasan,18647,Digital Currency Address - TRX,TN56YaCBymut2xoiRvy3v2qZ2pYgmBAtSo,TRON_KEY_EQUIVALENCE,Unknown,FTO; SDGT,2015-09-29
CU-ACT-3557,2026-07-01,BLACKLIST,0xef7c470bbcdd524c299304627180d6074ccbfdfd,avalanche,89221623,ISIL Khorasan,18647,Digital Currency Address - TRX,TXoVNrqm11FFVKcF1vEND64gibVkr1HwAR,TRON_KEY_EQUIVALENCE,Unknown,FTO; SDGT,2015-09-29
CU-ACT-3558,2026-07-01,BLACKLIST,0xd68022dc9dde9c9e1a613a1fb04a1de5758b563e,avalanche,89221718,ISIL Khorasan,18647,Digital Currency Address - TRX,TVXP7Aj5KFUPKMQUrsU6F3wUsyiLiUaUje,TRON_KEY_EQUIVALENCE,Unknown,FTO; SDGT,2015-09-29
CU-ACT-3559,2026-07-01,BLACKLIST,0x35ecfdb165bbc06d2cc19af466465c7ac9c3f7eb,avalanche,89221748,ISIL Khorasan,18647,Digital Currency Address - TRX,TEtLieZwyjJTth7S5EJqUNjtSbM1ui9toK,TRON_KEY_EQUIVALENCE,Unknown,FTO; SDGT,2015-09-29
CU-ACT-3560,2026-07-01,BLACKLIST,0x2bbf8e01ef1349da89eb6d423a217582430e6dbc,avalanche,89221860,ISIL Khorasan,18647,Digital Currency Address - TRX,TDxXXmCELgrb5VwYobDMyTKVTTdY9LjEjx,TRON_KEY_EQUIVALENCE,Unknown,FTO; SDGT,2015-09-29
CU-ACT-3561,2026-07-01,BLACKLIST,0xe5b46834ab6831f5d27c72237da310fef4552911,avalanche,89221903,ISIL Khorasan,18647,Digital Currency Address - TRX,TWumrtaEaPCv8Bs9mXqKkhY5sZVd78QAdS,TRON_KEY_EQUIVALENCE,Unknown,FTO; SDGT,2015-09-29
CU-ACT-3562,2026-07-01,BLACKLIST,0x2277d63319a5d529c0ffecf1d4d93343713d9802,avalanche,89221914,ISIL Khorasan,18647,Digital Currency Address - TRX,TD7TXyvmjPfJkfhJuQ58NXA9dX9q81mqAp,TRON_KEY_EQUIVALENCE,Unknown,FTO; SDGT,2015-09-29
CU-ACT-3563,2026-07-01,BLACKLIST,0xdd6184d750a5610e1094cc5b02a8ec1c7dc14be2,avalanche,89222104,ISIL Khorasan,18647,Digital Currency Address - TRX,TW9mABkenngQyJBqce5khR9fNCBF5gsBFQ,TRON_KEY_EQUIVALENCE,Unknown,FTO; SDGT,2015-09-29
CU-ACT-3564,2026-07-01,BLACKLIST,0x30c7c36cb08138b620bc21611e18264c6a222583,avalanche,89222261,ISIL Khorasan,18647,Digital Currency Address - TRX,TER8k4zWt3byuHyvyBkLstz3QVUUuBs9pt,TRON_KEY_EQUIVALENCE,Unknown,FTO; SDGT,2015-09-29
CU-ACT-3565,2026-07-01,BLACKLIST,0xb0fc46592a0795a23df08b2b25e953a5461805fb,avalanche,89222707,ISIL Khorasan,18647,Digital Currency Address - TRX,TS729BUXeZWBhJGPKCdK75q7VU4nhkJkYT,TRON_KEY_EQUIVALENCE,Unknown,FTO; SDGT,2015-09-29
CU-ACT-3566,2026-07-01,BLACKLIST,0x97248ad2ee8453b901c646bddc256e4dca165452,avalanche,89222862,ISIL Khorasan,18647,Digital Currency Address - TRX,TPkNp2Z5KiA1sLWpPMWsfNErVo2dHxc4iy,TRON_KEY_EQUIVALENCE,Unknown,FTO; SDGT,2015-09-29
CU-ACT-3567,2026-07-01,BLACKLIST,0x160ad9cb8202fe697e5b0991b65032787ce23dff,avalanche,89222973,ISIL Khorasan,18647,Digital Currency Address - TRX,TByksCkUtMaYwHCSaetmAGufpeyfdXBrJk,TRON_KEY_EQUIVALENCE,Unknown,FTO; SDGT,2015-09-29
CU-ACT-3568,2026-07-01,BLACKLIST,0x45e8fcd87cefd8f53a1775c9781f50e8ca7e8b62,avalanche,89223034,ISIL Khorasan,18647,Digital Currency Address - TRX,TGLrjZc9c48iMFB4ZmDnSjSRMq27MXPg2k,TRON_KEY_EQUIVALENCE,Unknown,FTO; SDGT,2015-09-29
CU-ACT-3569,2026-07-01,BLACKLIST,0x8c5a5d9b5bd20cea93295e0f12909d6ebf2f1989,avalanche,89223156,ISIL Khorasan,18647,Digital Currency Address - TRX,TNmKrdYLPtFwPNWJUjrXdkQw4gSwpszUJd,TRON_KEY_EQUIVALENCE,Unknown,FTO; SDGT,2015-09-29
CU-ACT-3570,2026-07-01,BLACKLIST,0xd82ffef8cb4f0f6a56fc2dd275879985307d1d3a,avalanche,89223167,ISIL Khorasan,18647,Digital Currency Address - TRX,TVgJTK9qPg7wGTyeTG2MYF8aKMEx883xYU,TRON_KEY_EQUIVALENCE,Unknown,FTO; SDGT,2015-09-29
CU-ACT-3571,2026-07-01,BLACKLIST,0xc4b13cf26d06bd15db5b8efe9553710b9aae8acd,avalanche,89223189,ISIL Khorasan,18647,Digital Currency Address - TRX,TTuDmNhu8A6koPJRUd8Q5RnsT1FMfrZnoj,TRON_KEY_EQUIVALENCE,Unknown,FTO; SDGT,2015-09-29
CU-ACT-3572,2026-07-01,BLACKLIST,0x00e0c79525c9f846ee27f8ecf3dcfebb3a335dc7,avalanche,89223241,ISIL Khorasan,18647,Digital Currency Address - TRX,TA3rH2A7iHnm6pKH8gr9cK1EZnShnmZdFg,TRON_KEY_EQUIVALENCE,Unknown,FTO; SDGT,2015-09-29
CU-ACT-3573,2026-07-01,BLACKLIST,0x2606d9411d6a4cab5b9e0bbd3cdef05f3f35854e,avalanche,89223326,ISIL Khorasan,18647,Digital Currency Address - TRX,TDSGtCciE9yFKYzDj1kBBc3F7gosguDqwC,TRON_KEY_EQUIVALENCE,Unknown,FTO; SDGT,2015-09-29
CU-ACT-3574,2026-07-01,BLACKLIST,0x464da77310220c0c1596f8339129907b16cd896f,avalanche,89223381,ISIL Khorasan,18647,Digital Currency Address - TRX,TGNwKzHjYvYP2SwsrmCYrRRvCRdxQgLq1w,TRON_KEY_EQUIVALENCE,Unknown,FTO; SDGT,2015-09-29
CU-ACT-3575,2026-07-01,BLACKLIST,0x0a9f2460bd9357ebc0e24654b83d43d701560500,avalanche,89223490,ISIL Khorasan,18647,Digital Currency Address - TRX,TAwNQN5tmzJJ694PPuoFUxQY13quBs8YgA,TRON_KEY_EQUIVALENCE,Unknown,FTO; SDGT,2015-09-29
CU-ACT-3576,2026-07-01,BLACKLIST,0x8960c337bb1bc8618e8c022277ca0d34d26ce06c,avalanche,89223688,ISIL Khorasan,18647,Digital Currency Address - TRX,TNVbVXAgUT83Sv7E9oZwWutXqzs13sr6xN,TRON_KEY_EQUIVALENCE,Unknown,FTO; SDGT,2015-09-29
CU-ACT-3577,2026-07-01,BLACKLIST,0xf72202e113a400891e8f91e1fec0c1cc9065d735,avalanche,89223731,ISIL Khorasan,18647,Digital Currency Address - TRX,TYVveapkRkm5RHcDNPU9QnPk8N5RdsS4iY,TRON_KEY_EQUIVALENCE,Unknown,FTO; SDGT,2015-09-29
CU-ACT-3578,2026-07-01,BLACKLIST,0xad5c8f4ba4bb0b94feb63e97bb821f808d44507b,avalanche,89223753,ISIL Khorasan,18647,Digital Currency Address - TRX,TRmrnQiUY1ofMcTQUXvgeauKcZPnmwUeUR,TRON_KEY_EQUIVALENCE,Unknown,FTO; SDGT,2015-09-29
CU-ACT-3579,2026-07-01,BLACKLIST,0x7db839f22e388b5c427ef1ae4f1fe558012904bf,avalanche,89223783,ISIL Khorasan,18647,Digital Currency Address - TRX,TMRxAJt87MVYnadWne53AxZFG1FPKGfoGz,TRON_KEY_EQUIVALENCE,Unknown,FTO; SDGT,2015-09-29
CU-ACT-3580,2026-07-01,BLACKLIST,0x0ede87dc2bf535ebc2682340dfc33cc50363bc2b,avalanche,89223834,ISIL Khorasan,18647,Digital Currency Address - TRX,TBKq3SzXigsGhQNzdCYocpt8RzoMh3uxAr,TRON_KEY_EQUIVALENCE,Unknown,FTO; SDGT,2015-09-29
CU-ACT-3581,2026-07-01,BLACKLIST,0xe646c85afde30e55d7196612efd37e5b058e9717,avalanche,89224358,ISIL Khorasan,18647,Digital Currency Address - TRX,TWxoDF6qvjMUeTYRimaiARGsJTUnjrzZn3,TRON_KEY_EQUIVALENCE,Unknown,FTO; SDGT,2015-09-29
CU-ACT-3582,2026-07-01,BLACKLIST,0x75fd59164d2af087af5a90f7e1b7c3d05de93dee,avalanche,89224371,ISIL Khorasan,18647,Digital Currency Address - TRX,TLj5ZRvem4DAdbZLTGU3qAbAdLQug57JVo,TRON_KEY_EQUIVALENCE,Unknown,FTO; SDGT,2015-09-29
CU-ACT-3583,2026-07-01,BLACKLIST,0x5b05ac96e74161c8edffb7e6368df33b4167583a,avalanche,89224469,ISIL Khorasan,18647,Digital Currency Address - TRX,TJGVHmHVNuU1vsXGGALLoirPwoRZoMUuhg,TRON_KEY_EQUIVALENCE,Unknown,FTO; SDGT,2015-09-29
CU-ACT-3584,2026-07-01,BLACKLIST,0xf37ffa0e4829aa159af625c48276c4e632f4400c,avalanche,89224486,ISIL Khorasan,18647,Digital Currency Address - TRX,TYAiWf2KhXrGuWxmCPaJgC6zNYwFuKtioi,TRON_KEY_EQUIVALENCE,Unknown,FTO; SDGT,2015-09-29
CU-ACT-3585,2026-07-01,BLACKLIST,0x0b57cde36e6e0c31a10442076dfd03ff8038507d,avalanche,89224605,ISIL Khorasan,18647,Digital Currency Address - TRX,TB1Bcv3x8mg7PVV4nVM48pgHJKcYboTypU,TRON_KEY_EQUIVALENCE,Unknown,FTO; SDGT,2015-09-29
CU-ACT-3586,2026-07-01,BLACKLIST,0x28facff64babe25658bb4635af41aaa019f9deee,avalanche,89224786,ISIL Khorasan,18647,Digital Currency Address - TRX,TDhtVUnmYwWfzWVrnzryr3fbQo8VTvj4ji,TRON_KEY_EQUIVALENCE,Unknown,FTO; SDGT,2015-09-29
CU-ACT-3587,2026-07-01,BLACKLIST,0x6440312463c98262b0768ac4f8e7232fb58caced,avalanche,89224845,ISIL Khorasan,18647,Digital Currency Address - TRX,TK7HUNru8YLMz7vv8kzWRPrE2ZSgZeCaHV,TRON_KEY_EQUIVALENCE,Unknown,FTO; SDGT,2015-09-29
CU-ACT-3588,2026-07-01,BLACKLIST,0x0b1da2038535de65831e81f6fdc40f40b222e2b1,avalanche,89225116,ISIL Khorasan,18647,Digital Currency Address - TRX,TAyyw6ZoTZexvTcN7WRR9t79JUFgSAvkL8,TRON_KEY_EQUIVALENCE,Unknown,FTO; SDGT,2015-09-29
CU-ACT-3589,2026-07-01,BLACKLIST,0xddc63d69ed992e2617d54950a8cea70e2127c412,avalanche,89225275,ISIL Khorasan,18647,Digital Currency Address - TRX,TWBqpQLDPCrXgRW1X9yFqR8NFfjyFSq5k4,TRON_KEY_EQUIVALENCE,Unknown,FTO; SDGT,2015-09-29
CU-ACT-3590,2026-07-01,BLACKLIST,0x803a9bd5e917e32bd7bcde526e656254417c5a86,avalanche,89225499,ISIL Khorasan,18647,Digital Currency Address - TRX,TMfDhpUqW5W6HcMPXFaJfaiY271CYa51Hs,TRON_KEY_EQUIVALENCE,Unknown,FTO; SDGT,2015-09-29
CU-ACT-3591,2026-07-01,BLACKLIST,0xd1b4671abd7c3db9f5d99b98918ebf8cbd41ea33,avalanche,89225549,ISIL Khorasan,18647,Digital Currency Address - TRX,TV62LkiP1GiNdFCJEdY3xf6GdNLCCi6mfu,TRON_KEY_EQUIVALENCE,Unknown,FTO; SDGT,2015-09-29
CU-ACT-3592,2026-07-01,BLACKLIST,0xdd8cf42ff365caebbed4f48190ca79286b0e66c7,avalanche,89225553,ISIL Khorasan,18647,Digital Currency Address - TRX,TWAfC6htS1FyFv1r3aKENuD8DQGMzBbP8L,TRON_KEY_EQUIVALENCE,Unknown,FTO; SDGT,2015-09-29
CU-ACT-3593,2026-07-01,BLACKLIST,0x1c165affe280c786303cce84f1eda9957de87779,avalanche,89225683,ISIL Khorasan,18647,Digital Currency Address - TRX,TCXihiScsAodR942Xq45df9qQAdr5nhkjQ,TRON_KEY_EQUIVALENCE,Unknown,FTO; SDGT,2015-09-29
CU-ACT-3594,2026-07-01,BLACKLIST,0x2d415662ce7ddd1e89c4bbf8f527f7e06811248e,avalanche,89225711,ISIL Khorasan,18647,Digital Currency Address - TRX,TE6VgR7rAuY4kuzCjdSVCZFXPjjzSQYY7X,TRON_KEY_EQUIVALENCE,Unknown,FTO; SDGT,2015-09-29
CU-ACT-3595,2026-07-01,BLACKLIST,0x2907a4de925af9434bcf176957dcbfeac49afc46,avalanche,89225929,ISIL Khorasan,18647,Digital Currency Address - TRX,TDi9s3GeAtFBbUvGxqXiZnxiaH9QpqjYFn,TRON_KEY_EQUIVALENCE,Unknown,FTO; SDGT,2015-09-29
CU-ACT-3596,2026-07-01,BLACKLIST,0x0c1ee706f91a56fc96e2f260c670bd4bf3002696,avalanche,89226208,ISIL Khorasan,18647,Digital Currency Address - TRX,TB5J8W166YTUmtpUsy4XnNTKLVtesuE9eV,TRON_KEY_EQUIVALENCE,Unknown,FTO; SDGT,2015-09-29
CU-ACT-3597,2026-07-01,BLACKLIST,0x1b78a412cc1078fd5719a3379085647ca4ba0e5f,avalanche,89226211,ISIL Khorasan,18647,Digital Currency Address - TRX,TCUTmWspsaJb3U5JUs5AhVcGwaftyK1qtp,TRON_KEY_EQUIVALENCE,Unknown,FTO; SDGT,2015-09-29
CU-ACT-3598,2026-07-01,BLACKLIST,0xb251e1f30c697905287d3e1be1fb0fffc01ce633,avalanche,89226253,ISIL Khorasan,18647,Digital Currency Address - TRX,TSE5NWTJckiN8hJCUzwB3RgsMbdF4uCrmr,TRON_KEY_EQUIVALENCE,Unknown,FTO; SDGT,2015-09-29
CU-ACT-3599,2026-07-01,BLACKLIST,0x68c15054d74c86ffca1e23a3802a27bab1735395,avalanche,89226262,ISIL Khorasan,18647,Digital Currency Address - TRX,TKX6rgpGpGrJWzf1qXUUSNL5cYHQt7Z9rY,TRON_KEY_EQUIVALENCE,Unknown,FTO; SDGT,2015-09-29
CU-ACT-3600,2026-07-01,BLACKLIST,0xa112c8cb691f58754269ce81c73a9dc92e63159f,avalanche,89226326,ISIL Khorasan,18647,Digital Currency Address - TRX,TQetJ6xMqvv2Fu4ftD9UdBhuaKem5HbMou,TRON_KEY_EQUIVALENCE,Unknown,FTO; SDGT,2015-09-29
CU-ACT-3601,2026-07-01,BLACKLIST,0x12f3acd05ddc70d333ca7e8d9a36513997cfb08f,avalanche,89226838,ISIL Khorasan,18647,Digital Currency Address - TRX,TBhR5MLrTsNZ8FUyKgzdrCjWkYD2orYLdx,TRON_KEY_EQUIVALENCE,Unknown,FTO; SDGT,2015-09-29
CU-ACT-3602,2026-07-01,BLACKLIST,0xa570df663c1b522f3dacd6f96320e65f8206ed0d,avalanche,89226922,ISIL Khorasan,18647,Digital Currency Address - TRX,TR3yiEuFrbBnP8X5DKYFjRxCwbxcYyftD4,TRON_KEY_EQUIVALENCE,Unknown,FTO; SDGT,2015-09-29
CU-ACT-3603,2026-07-01,BLACKLIST,0xfbc3ca4a4b808bef72c54b872caa59e5e69c783e,avalanche,89227024,ISIL Khorasan,18647,Digital Currency Address - TRX,TYvR9x3Dqx39s9rooaSAHwVwF8psBrcFBV,TRON_KEY_EQUIVALENCE,Unknown,FTO; SDGT,2015-09-29
CU-ACT-3604,2026-07-01,BLACKLIST,0x56bf68cd5ad0cafc5e3cb7da826914359592eb62,avalanche,89227209,ISIL Khorasan,18647,Digital Currency Address - TRX,THstQuwNidzC4YeJ7uPowf55ZdVZtGcHJ5,TRON_KEY_EQUIVALENCE,Unknown,FTO; SDGT,2015-09-29
CU-ACT-3605,2026-07-01,BLACKLIST,0xd086c684646d4eba389c5d97e57d5b2bee3826b7,avalanche,89227230,ISIL Khorasan,18647,Digital Currency Address - TRX,TUyo1Kfnnjr2iMQdZxLWPX1U8Xiy1Wz5z5,TRON_KEY_EQUIVALENCE,Unknown,FTO; SDGT,2015-09-29
CU-ACT-3606,2026-07-01,BLACKLIST,0x24545819f879db1a8df28fe0fd7f8ee4b7025977,avalanche,89227244,ISIL Khorasan,18647,Digital Currency Address - TRX,TDHJNJHosn6xNDxMecFZwXyTzE9bYGXp9L,TRON_KEY_EQUIVALENCE,Unknown,FTO; SDGT,2015-09-29
CU-ACT-3607,2026-07-01,BLACKLIST,0x95bcc8bbd8f91b255baf9ecf54f15e74b9959af2,avalanche,89227276,ISIL Khorasan,18647,Digital Currency Address - TRX,TPcwqbJ3ViWMUQMiKfMjDM7VTiCzdRu1cH,TRON_KEY_EQUIVALENCE,Unknown,FTO; SDGT,2015-09-29
CU-ACT-3608,2026-07-01,BLACKLIST,0x81d0eac7c2e42b221bd2e5bd5f9ddc0dcc9f6f30,avalanche,89227358,ISIL Khorasan,18647,Digital Currency Address - TRX,TMocScwSbSn2cqRCHVkzZSEar3Jk5AsXgo,TRON_KEY_EQUIVALENCE,Unknown,FTO; SDGT,2015-09-29
CU-ACT-3609,2026-07-01,BLACKLIST,0x878ebd5e809aca3dc01856d5fa924a405e34dad6,avalanche,89227363,ISIL Khorasan,18647,Digital Currency Address - TRX,TNKyDgjn2WHZwHhH2Mj5AGMnK4moBX9xQd,TRON_KEY_EQUIVALENCE,Unknown,FTO; SDGT,2015-09-29
CU-ACT-3610,2026-07-01,BLACKLIST,0x9f4f225d3fa34d498adbfd6898e2b30850859059,avalanche,89227476,ISIL Khorasan,18647,Digital Currency Address - TRX,TQVZEuLHacexyJX3nZStaPzxceS63C9bax,TRON_KEY_EQUIVALENCE,Unknown,FTO; SDGT,2015-09-29
CU-ACT-3611,2026-07-01,BLACKLIST,0xe4814881a36d2c543b5acc30a7ee9868b0c810da,avalanche,89227493,ISIL Khorasan,18647,Digital Currency Address - TRX,TWoRwYzsifrD79DHDpTHC8fq787MvH9Qro,TRON_KEY_EQUIVALENCE,Unknown,FTO; SDGT,2015-09-29
CU-ACT-3612,2026-07-01,BLACKLIST,0xa05b377f4ae52727a59bcb7a82d6a20356f6b0b4,avalanche,89227688,ISIL Khorasan,18647,Digital Currency Address - TRX,TQb6Pc4PmfUdUokLq5ygNioj4PnodNak9b,TRON_KEY_EQUIVALENCE,Unknown,FTO; SDGT,2015-09-29
CU-ACT-3613,2026-07-01,BLACKLIST,0x2e2983271415c0aa7950277186f10c0676f5cac2,avalanche,89228202,ISIL Khorasan,18647,Digital Currency Address - TRX,TEBHpD6iiAqhyS4w7zZFmD1rrv65a5HVTD,TRON_KEY_EQUIVALENCE,Unknown,FTO; SDGT,2015-09-29
CU-ACT-3614,2026-07-01,BLACKLIST,0x07d28de0bbd45f2ef8f89621f9f504ed72f34d92,avalanche,89228345,ISIL Khorasan,18647,Digital Currency Address - TRX,TAgZxxuvfuKYJY5UPC1DXF8NPHbKtTzEGu,TRON_KEY_EQUIVALENCE,Unknown,FTO; SDGT,2015-09-29
CU-ACT-3615,2026-07-01,BLACKLIST,0x26eddc84e46104b944f871c0f3fbd8256197d5ca,avalanche,89228490,ISIL Khorasan,18647,Digital Currency Address - TRX,TDX3dFNPvJeA9eVLLNqf1ixr4U2ktcDmoD,TRON_KEY_EQUIVALENCE,Unknown,FTO; SDGT,2015-09-29
CU-ACT-3616,2026-07-01,BLACKLIST,0xd3faecadc1f752234b6079299f570def99976f7c,avalanche,89228553,ISIL Khorasan,18647,Digital Currency Address - TRX,TVJ4B5R8c8dS65NtUXpZPMGUpCRq8BQUrC,TRON_KEY_EQUIVALENCE,Unknown,FTO; SDGT,2015-09-29
CU-ACT-3617,2026-07-01,BLACKLIST,0xa38ffbe2722007f682e4985420acfce172c8b421,avalanche,89228592,ISIL Khorasan,18647,Digital Currency Address - TRX,TQt3dWHiPdaKioG7nwovoTDUtxfimyuxYa,TRON_KEY_EQUIVALENCE,Unknown,FTO; SDGT,2015-09-29
CU-ACT-3618,2026-07-01,BLACKLIST,0xb79a667da76ba369583ba333c4eb4b005c5b657a,avalanche,89228730,ISIL Khorasan,18647,Digital Currency Address - TRX,TSi1d66cgg3cPm9L6c2ZD8K1381XusSjkc,TRON_KEY_EQUIVALENCE,Unknown,FTO; SDGT,2015-09-29
CU-ACT-3619,2026-07-01,BLACKLIST,0x5a43b964288ce2b4b7de0cae544531bf94a8b79f,avalanche,89228784,ISIL Khorasan,18647,Digital Currency Address - TRX,TJCUwt9EKeTyzDw42658h8aYxQXScLdCZR,TRON_KEY_EQUIVALENCE,Unknown,FTO; SDGT,2015-09-29
CU-ACT-3620,2026-07-01,BLACKLIST,0x20e60fa8673fa61d574b42a13ae805c312777241,avalanche,89228860,ISIL Khorasan,18647,Digital Currency Address - TRX,TCyAE8Lxa1rmTThhE5Z3X95PC9rgMrReMX,TRON_KEY_EQUIVALENCE,Unknown,FTO; SDGT,2015-09-29
CU-ACT-3621,2026-07-01,BLACKLIST,0xa6358db3812ce9a11eb8aa2f954e36711ed015f6,avalanche,89228876,ISIL Khorasan,18647,Digital Currency Address - TRX,TR83KsDjUKeds62PcAgo7BfhPJPSpMk7Ba,TRON_KEY_EQUIVALENCE,Unknown,FTO; SDGT,2015-09-29
CU-ACT-3622,2026-07-01,BLACKLIST,0x31424423746e69795da87d93bef987cc9aebe8d6,avalanche,89229007,ISIL Khorasan,18647,Digital Currency Address - TRX,TETfViHWf9ZNB6WJgZBRMB48pTaBFo5Rmd,TRON_KEY_EQUIVALENCE,Unknown,FTO; SDGT,2015-09-29
CU-ACT-3623,2026-07-01,BLACKLIST,0x3e4b5fa3fe3fdb48f0865b2088e3beafe915eb63,avalanche,89229272,ISIL Khorasan,18647,Digital Currency Address - TRX,TFebC149jCDiow1MBphhfpHDLeMAKRNrqJ,TRON_KEY_EQUIVALENCE,Unknown,FTO; SDGT,2015-09-29
CU-ACT-3624,2026-07-01,BLACKLIST,0x01ab57e94386817f1d3d3549c2e3ad5d2622de2b,avalanche,89229557,ISIL Khorasan,18647,Digital Currency Address - TRX,TA82wQ77kb9DieW4C8q7C4KwMfnCzfziqN,TRON_KEY_EQUIVALENCE,Unknown,FTO; SDGT,2015-09-29
CU-ACT-3625,2026-07-01,BLACKLIST,0x12f59283c23ff1b2ad7a8730b6cf41df25435570,avalanche,89229622,ISIL Khorasan,18647,Digital Currency Address - TRX,TBhTMBAaEWiTtMgMdJ97ZmYotgHeY543cc,TRON_KEY_EQUIVALENCE,Unknown,FTO; SDGT,2015-09-29
CU-ACT-3626,2026-07-01,BLACKLIST,0xf0eaf0fa72283fb86ebd5d462cc5c7e97d640308,avalanche,89229705,ISIL Khorasan,18647,Digital Currency Address - TRX,TXw4d7BseHBn6sneMUzm4nEdfPVjuJGEH9,TRON_KEY_EQUIVALENCE,Unknown,FTO; SDGT,2015-09-29
CU-ACT-3627,2026-07-01,BLACKLIST,0xcc8b73b5a7b3c88478c1a3d0eb34c7c5dc9f686f,avalanche,89229791,ISIL Khorasan,18647,Digital Currency Address - TRX,TUcjuVB6RFvsMgE352Kdc3VHvFvteti97B,TRON_KEY_EQUIVALENCE,Unknown,FTO; SDGT,2015-09-29
CU-ACT-3628,2026-07-01,BLACKLIST,0x18855af93d521cf39fa8a1342a06562661725420,avalanche,89229849,ISIL Khorasan,18647,Digital Currency Address - TRX,TCCryMcQb5A5FSYkmcVy26Nd8J1FWHtfWh,TRON_KEY_EQUIVALENCE,Unknown,FTO; SDGT,2015-09-29
CU-ACT-3629,2026-07-01,BLACKLIST,0xaa678643e6c27b8508d91bf152b581b94b8c6cbf,avalanche,89230266,ISIL Khorasan,18647,Digital Currency Address - TRX,TRWDtgCfXzTcMv8W6iJxh6umeqeF3zG7n5,TRON_KEY_EQUIVALENCE,Unknown,FTO; SDGT,2015-09-29
CU-ACT-3630,2026-07-01,BLACKLIST,0x2d0d0dcf83adde53fcde96af5fbcd1367944a2d8,avalanche,89230288,ISIL Khorasan,18647,Digital Currency Address - TRX,TE5R3hJ6REap6vh14YAqjXczKrYaiteTy3,TRON_KEY_EQUIVALENCE,Unknown,FTO; SDGT,2015-09-29
CU-ACT-3631,2026-07-01,BLACKLIST,0x701f00ebbcd4c09d6a7a9f89023cbf400c318504,avalanche,89230307,ISIL Khorasan,18647,Digital Currency Address - TRX,TLC3piEQ5n4tcULKHqLTGhmYFUyHUVSxck,TRON_KEY_EQUIVALENCE,Unknown,FTO; SDGT,2015-09-29
CU-ACT-3632,2026-07-01,BLACKLIST,0x7077f6f05c0c435bde0d145613425fc17ce10a5a,avalanche,89230547,ISIL Khorasan,18647,Digital Currency Address - TRX,TLDtPq9PQsDuQunME8CSeVdYaLtRdrVgoJ,TRON_KEY_EQUIVALENCE,Unknown,FTO; SDGT,2015-09-29
CU-ACT-3633,2026-07-01,BLACKLIST,0xae1174ea8e2ce28b7db322f675be24507a37aabd,avalanche,89230579,ISIL Khorasan,18647,Digital Currency Address - TRX,TRqbVMHWck3j2vKzA16L69v3cwuoyQSY8L,TRON_KEY_EQUIVALENCE,Unknown,FTO; SDGT,2015-09-29
CU-ACT-3634,2026-07-01,BLACKLIST,0x8711522cdb2f89df2d99dea0c1cb68ce2ee3016a,avalanche,89230731,ISIL Khorasan,18647,Digital Currency Address - TRX,TNHNySUf8LMzhzSiQnHCXCbgatscQbM4ZQ,TRON_KEY_EQUIVALENCE,Unknown,FTO; SDGT,2015-09-29
CU-ACT-3635,2026-07-01,BLACKLIST,0x1796486b359f2084f9e1585a491545d38d6db391,avalanche,89230912,ISIL Khorasan,18647,Digital Currency Address - TRX,TC7vaJsxZteEEnnm2EFm9BRSZvezvsuA86,TRON_KEY_EQUIVALENCE,Unknown,FTO; SDGT,2015-09-29
CU-ACT-3636,2026-07-01,BLACKLIST,0xcc794fdec285f2b5461b6b2aee7d0511cde8cda7,avalanche,89230964,ISIL Khorasan,18647,Digital Currency Address - TRX,TUcNB6c22JmcwXbbbuv9HVPeVqv5HSiTwQ,TRON_KEY_EQUIVALENCE,Unknown,FTO; SDGT,2015-09-29
CU-ACT-3637,2026-07-01,BLACKLIST,0x12964e45547b54b00faab3f8babc22ff7fe45609,avalanche,89231017,ISIL Khorasan,18647,Digital Currency Address - TRX,TBfVDwNS6hC2Ln2qTLTRKMMPddscFEhhrU,TRON_KEY_EQUIVALENCE,Unknown,FTO; SDGT,2015-09-29
CU-ACT-3638,2026-07-01,BLACKLIST,0x8eec746c6fc6dda84f44c82ca94818281c23e1f1,avalanche,89231300,ISIL Khorasan,18647,Digital Currency Address - TRX,TNzvDTvcQTaY9jFrv85JnqibnGcudePj1z,TRON_KEY_EQUIVALENCE,Unknown,FTO; SDGT,2015-09-29
CU-ACT-3639,2026-07-01,BLACKLIST,0x410450013674ad6e67c8c0c0d4cf71656cf1e4b4,avalanche,89231401,ISIL Khorasan,18647,Digital Currency Address - TRX,TFtz6Ae6NNo9VvhnVrj6V1RyEFMtZQMh3r,TRON_KEY_EQUIVALENCE,Unknown,FTO; SDGT,2015-09-29
CU-ACT-3640,2026-07-01,BLACKLIST,0xeb3c18a88bd40c776cdf6c3986edbc39f30a731d,avalanche,89231404,ISIL Khorasan,18647,Digital Currency Address - TRX,TXR1nhqAek4c5Dq9EfjQLarcBWR9Jp6N7m,TRON_KEY_EQUIVALENCE,Unknown,FTO; SDGT,2015-09-29
CU-ACT-3641,2026-07-01,BLACKLIST,0x1ed13e7c465a3850f8f9e0b503587ba514017536,avalanche,89231448,ISIL Khorasan,18647,Digital Currency Address - TRX,TCn9wM828B1GtsVn8kUaCvoE3RpfCAmtEB,TRON_KEY_EQUIVALENCE,Unknown,FTO; SDGT,2015-09-29
CU-ACT-3642,2026-07-01,BLACKLIST,0xcc0bf752565564606f37c647249da56838671a7d,avalanche,89231476,ISIL Khorasan,18647,Digital Currency Address - TRX,TUa7BcRjT3eT7kPyNWPvHQkz4qF9v68D7A,TRON_KEY_EQUIVALENCE,Unknown,FTO; SDGT,2015-09-29
CU-ACT-3643,2026-07-01,BLACKLIST,0x3beaf4486e9c6a4feae23ed9296844588a61604c,avalanche,89231488,ISIL Khorasan,18647,Digital Currency Address - TRX,TFS2LHNcrffdAVRHpDUpNvnmCHs78cSNbz,TRON_KEY_EQUIVALENCE,Unknown,FTO; SDGT,2015-09-29
CU-ACT-3644,2026-07-01,BLACKLIST,0x93e7a8bfd6c1f4af81db2ae9ea6b02e69a6da2bf,avalanche,89231496,ISIL Khorasan,18647,Digital Currency Address - TRX,TPTFrDhx5tntyp5mRX423DaAe8aLDMUs31,TRON_KEY_EQUIVALENCE,Unknown,FTO; SDGT,2015-09-29
CU-ACT-3645,2026-07-01,BLACKLIST,0xd5f14e80acaf51d5970eba2851685b32f5a97e00,avalanche,89231613,ISIL Khorasan,18647,Digital Currency Address - TRX,TVUS1CVQnnzoJG8PBWkcWyf7DkLrS8yh5Z,TRON_KEY_EQUIVALENCE,Unknown,FTO; SDGT,2015-09-29
CU-ACT-3646,2026-07-01,BLACKLIST,0xee366d650af5599f86289109ffb37ff0a2178b2f,avalanche,89231800,ISIL Khorasan,18647,Digital Currency Address - TRX,TXgm2Pej4dHzh6oAJvaxAVFDevgGJqfSKr,TRON_KEY_EQUIVALENCE,Unknown,FTO; SDGT,2015-09-29
CU-ACT-3647,2026-07-01,BLACKLIST,0x8d7e10e5fa9ce28f5a7f49760b59f5ad992bddce,avalanche,89232088,ISIL Khorasan,18647,Digital Currency Address - TRX,TNsMJKvAtqiWntAnrcS8jkugL37FGzoqss,TRON_KEY_EQUIVALENCE,Unknown,FTO; SDGT,2015-09-29
CU-ACT-3648,2026-07-01,BLACKLIST,0xc4244fe10b9365766efa5a4f0baa124a750c8b4f,avalanche,89232401,ISIL Khorasan,18647,Digital Currency Address - TRX,TTrJwfL8SCSWBXWAPcZV8Pd5fZf1rznRhz,TRON_KEY_EQUIVALENCE,Unknown,FTO; SDGT,2015-09-29
CU-ACT-3649,2026-07-01,BLACKLIST,0x4069dffc23210e939075300d5e50161d0cf868c7,avalanche,89232531,ISIL Khorasan,18647,Digital Currency Address - TRX,TFqo5f16FJfSKesPxtGN4VN5HNZJebqMQX,TRON_KEY_EQUIVALENCE,Unknown,FTO; SDGT,2015-09-29
CU-ACT-3650,2026-07-01,BLACKLIST,0x81c483bf9bcdc0a31864ae7c1762425b67c2c467,avalanche,89232706,ISIL Khorasan,18647,Digital Currency Address - TRX,TMoMat6oyJLKxSb6SfQWBWc7q5PSm3Gr6U,TRON_KEY_EQUIVALENCE,Unknown,FTO; SDGT,2015-09-29
CU-ACT-3651,2026-07-01,BLACKLIST,0x994aa9e584fdbe4df7934db56941fc19e70bb336,avalanche,89232762,ISIL Khorasan,18647,Digital Currency Address - TRX,TPwjq8YuABThppKM5ppsuagBFwDhzpnY11,TRON_KEY_EQUIVALENCE,Unknown,FTO; SDGT,2015-09-29
CU-ACT-3652,2026-07-01,BLACKLIST,0xab1a8d5e41dc0223973dbdfd1de14e3d567d81fb,avalanche,89232836,ISIL Khorasan,18647,Digital Currency Address - TRX,TRZvMk2D4fmjGjtuZHRVpgw6yjk8NcjsHV,TRON_KEY_EQUIVALENCE,Unknown,FTO; SDGT,2015-09-29
CU-ACT-3653,2026-07-01,BLACKLIST,0x912b64c34d4c048c403d588df0fdae3b9b93b543,avalanche,89232863,ISIL Khorasan,18647,Digital Currency Address - TRX,TPCnxv28xNbvtAaEppddvnfkjQpaFeAkV3,TRON_KEY_EQUIVALENCE,Unknown,FTO; SDGT,2015-09-29
CU-ACT-3654,2026-07-01,BLACKLIST,0x26f4376ef74562f92876577e86b0bbb4fc05cdd6,avalanche,89232987,ISIL Khorasan,18647,Digital Currency Address - TRX,TDXBEozXRJy7eBYNCoqrDMRCx5QBN4jCCt,TRON_KEY_EQUIVALENCE,Unknown,FTO; SDGT,2015-09-29
CU-ACT-3655,2026-07-01,BLACKLIST,0xc868071a9602dd0c8e8f277432c742fdac78442b,avalanche,89233086,ISIL Khorasan,18647,Digital Currency Address - TRX,TUErmQ9GtRDGC4g4L5wjWS55Ju5hYfR3sa,TRON_KEY_EQUIVALENCE,Unknown,FTO; SDGT,2015-09-29
CU-ACT-3656,2026-07-01,BLACKLIST,0x91f7a5a79c0c660744496dd498a1601bfe670494,avalanche,89233189,ISIL Khorasan,18647,Digital Currency Address - TRX,TPH1ehJuNY8cRuJgWTXoGuzkVpK5ckueLF,TRON_KEY_EQUIVALENCE,Unknown,FTO; SDGT,2015-09-29
CU-ACT-3657,2026-07-01,BLACKLIST,0x3ec58d2b0bce77282f2e415ac6596dc3f626f436,avalanche,89233231,ISIL Khorasan,18647,Digital Currency Address - TRX,TFh7Z4qmdiT7opAYYLmNVXQJtVCkAtg7Zh,TRON_KEY_EQUIVALENCE,Unknown,FTO; SDGT,2015-09-29
CU-ACT-3658,2026-07-01,BLACKLIST,0x5168da75329bca67a2c75642b7cab4f14482cb9d,avalanche,89233252,ISIL Khorasan,18647,Digital Currency Address - TRX,THPfLwEGvHVgRzi7EMnviAFy5WG1feDH1p,TRON_KEY_EQUIVALENCE,Unknown,FTO; SDGT,2015-09-29
CU-ACT-3659,2026-07-01,BLACKLIST,0x70d6292f5b971c82fb6587a3cd740f64e98009c3,avalanche,89233452,ISIL Khorasan,18647,Digital Currency Address - TRX,TLFqEhiG7RUSZ9x5iph99Ke5782dkgRnWf,TRON_KEY_EQUIVALENCE,Unknown,FTO; SDGT,2015-09-29
CU-ACT-3660,2026-07-01,BLACKLIST,0x13c9c13507282550061c367f8f10527df835afc5,avalanche,89233574,ISIL Khorasan,18647,Digital Currency Address - TRX,TBmqXsFNYTMkyw9jVGBAecGaLyLwbxFTM1,TRON_KEY_EQUIVALENCE,Unknown,FTO; SDGT,2015-09-29
CU-ACT-3661,2026-07-01,BLACKLIST,0x2d20b1d77f2f663f7fe745f8493d6744683544b8,avalanche,89233670,ISIL Khorasan,18647,Digital Currency Address - TRX,TE5paMkU1hPr8BdjkSJLvEyUBxjKKSx1H6,TRON_KEY_EQUIVALENCE,Unknown,FTO; SDGT,2015-09-29
CU-ACT-3662,2026-07-01,BLACKLIST,0x82def3990129e73531ad7a737ba54c76d34e507d,avalanche,89233836,ISIL Khorasan,18647,Digital Currency Address - TRX,TMuBvwcgrTj6JysMmutXWaPjk1kREK2BDe,TRON_KEY_EQUIVALENCE,Unknown,FTO; SDGT,2015-09-29
CU-ACT-3663,2026-07-13,BLACKLIST,0x1d19b52b54e7ef5ea1a4b40b616165e798eac9f8,avalanche,90215022,Rashevskyi Dmytro,57978,Digital Currency Address - ETH,0x1d19b52b54e7ef5ea1a4b40b616165e798eac9f8,HEX_IDENTIFIER,Unknown,CYBER4,2026-07-13
CU-ACT-3664,2026-07-13,BLACKLIST,0x2c7dcd774b33e10367f7d6385479e04f97d179dc,avalanche,90215106,Rashevskyi Dmytro,57978,Digital Currency Address - ETH,0x2C7DcD774b33e10367F7d6385479e04F97d179dc,HEX_IDENTIFIER,Unknown,CYBER4,2026-07-13
CU-ACT-3665,2026-07-13,BLACKLIST,0x2711d73d559f62f4f855ee21f38378f528e07985,avalanche,90215180,First VPN Service,57975,Digital Currency Address - ETH,0x2711d73d559f62f4f855ee21f38378f528e07985,HEX_IDENTIFIER,Unknown,CYBER4,2026-07-13
CU-ACT-3666,2026-07-13,BLACKLIST,0xbe7d33a802487f0b51e0191dc0c3772fa11a8f70,avalanche,90215212,Rashevskyi Dmytro,57978,Digital Currency Address - TRX,TTLRNgLpz5H5tLPuNU4FViUs7zmmAtyvzW,TRON_KEY_EQUIVALENCE,Unknown,CYBER4,2026-07-13
CU-ACT-3667,2026-07-13,BLACKLIST,0x0e0d1899d3a6a9362bc215f1c5a9acaccb0de882,avalanche,90215596,Rashevskyi Dmytro,57978,Digital Currency Address - TRX,TBFW9gF4oDX5cG44gS7AoxQeujScmm3z6h,TRON_KEY_EQUIVALENCE,Unknown,CYBER4,2026-07-13
CU-ACT-3668,2026-07-13,BLACKLIST,0xcfbb0c9a2a99777b46211b380869f82cf20a635e,avalanche,90215647,First VPN Service,57975,Digital Currency Address - TRX,TUuaxBAWfA5nmsqNfycxYrzEvz4a5GJMGY,TRON_KEY_EQUIVALENCE,Unknown,CYBER4,2026-07-13
CU-ACT-3669,2026-07-14,BLACKLIST,0x08151bd98c00015de698408de9405aa62115b5ee,avalanche,90316309,BANK MARKAZI JOMHOURI ISLAMI IRAN,4632,Digital Currency Address - TRX,TAhwhFv3JpK39Nc2m8W5LPCcoTisutiRfp,TRON_KEY_EQUIVALENCE,Unknown,IFSR; IRAN; IRGC; SDGT,2010-06-16
CU-ACT-3670,2026-07-14,BLACKLIST,0x3ba6174651e3a0c3c6a7d42a75e6e00b039304d1,avalanche,90316558,BANK MARKAZI JOMHOURI ISLAMI IRAN,4632,Digital Currency Address - TRX,TFQbqaNbmq2xsVor2NbufLkYZvxFC9wC7k,TRON_KEY_EQUIVALENCE,Unknown,IFSR; IRAN; IRGC; SDGT,2010-06-16
CU-ACT-3671,2026-07-14,BLACKLIST,0x5f077e9b16f30b9ecfaf5dc09294dcc98b8d395a,avalanche,90316666,BANK MARKAZI JOMHOURI ISLAMI IRAN,4632,Digital Currency Address - TRX,TJdgB1k6ot3f2nLuZug6D8eD3HavTmzmSK,TRON_KEY_EQUIVALENCE,Unknown,IFSR; IRAN; IRGC; SDGT,2010-06-16
CU-ACT-3672,2026-07-14,BLACKLIST,0xe995da05f4e51871d5d2ef8496536a052138bc6a,avalanche,90316742,BANK MARKAZI JOMHOURI ISLAMI IRAN,4632,Digital Currency Address - TRX,TXGHxdYbGy574z5hBu4LNzq9NzjZQ9bhUf,TRON_KEY_EQUIVALENCE,Unknown,IFSR; IRAN; IRGC; SDGT,2010-06-16
CU-ACT-3673,2026-07-23,BLACKLIST,0x07f57fafbd3055737c778184cdb7b30c65fb7a6e,avalanche,91059068,Al-Jebouri Zaid Issam Ahmed الجبوري زيد عصام أحمد,58199,Digital Currency Address - TRX,TAhHpxPRwo1Bmm1A9m51uZ31tcB7EPq7SY,TRON_KEY_EQUIVALENCE,Unknown,SDGT,2026-07-23
CU-ACT-3674,2026-07-23,BLACKLIST,0x4b6d60a69a1386992e18f89241d183429ebc3a56,avalanche,91059149,Al-Jebouri Zaid Issam Ahmed الجبوري زيد عصام أحمد,58199,Digital Currency Address - TRX,TGr2i8ZQiiMRjP3mWyQUH2MQBfKu8GJNqm,TRON_KEY_EQUIVALENCE,Unknown,SDGT,2026-07-23
CU-ACT-3675,2026-07-23,BLACKLIST,0x506d8d7c56a06723a52fde594638eeda23461d15,avalanche,91059231,Al-Jebouri Zaid Issam Ahmed الجبوري زيد عصام أحمد,58199,Digital Currency Address - TRX,THJUJFyTnrBWb1ijWav7qfRBrjUuKgP49Z,TRON_KEY_EQUIVALENCE,Unknown,SDGT,2026-07-23
CU-ACT-3676,2026-07-23,BLACKLIST,0x76c7c4ff99ab9791d4e358e33a3f51c2c5d3ac8e,avalanche,91059319,Al-Jebouri Zaid Issam Ahmed الجبوري زيد عصام أحمد,58199,Digital Currency Address - TRX,TLoG3vbjDgqmTD5bM7w9rMgA6ysaNReuRy,TRON_KEY_EQUIVALENCE,Unknown,SDGT,2026-07-23
CU-ACT-3677,2026-07-23,BLACKLIST,0x99929eed7638ac0f031a5d925409741f86f98be6,avalanche,91059457,Al-Jebouri Zaid Issam Ahmed الجبوري زيد عصام أحمد,58199,Digital Currency Address - TRX,TPyE2oSoaysrXfLzwf9wetBVr9JudLwjtD,TRON_KEY_EQUIVALENCE,Unknown,SDGT,2026-07-23
CU-ACT-3678,2026-07-23,BLACKLIST,0xd838b11133085016bc31ca78571067b0d77dc290,avalanche,91059686,Al-Jebouri Zaid Issam Ahmed الجبوري زيد عصام أحمد,58199,Digital Currency Address - TRX,TVgUsVzA7mpFExP4zS7HHbtKti6UuBDuwZ,TRON_KEY_EQUIVALENCE,Unknown,SDGT,2026-07-23
CU-ACT-3679,2026-07-23,BLACKLIST,0xb690e524695f909e7dac090ff30b1fcfe557f597,avalanche,91059734,Al-Jebouri Zaid Issam Ahmed الجبوري زيد عصام أحمد,58199,Digital Currency Address - TRX,TScXZTbDjjZ6a6jiC7dZjgCqfNo4vm7atV,TRON_KEY_EQUIVALENCE,Unknown,SDGT,2026-07-23
CU-ACT-3682,2026-08-07,BLACKLIST,0x6b69e2a7545c166417a80c61a77562052bffa9c5,avalanche,92265754,SHPS Shelbit,58287,Digital Currency Address - ETH,0x6b69e2a7545c166417a80c61a77562052bffa9c5,HEX_IDENTIFIER,Unknown,SDGT,2026-08-07
CU-ACT-3683,2026-08-07,BLACKLIST,0x8d79c73daae8630c88de372ba8f57592fa987607,avalanche,92265850,Kayvanpour Siavash,58284,Digital Currency Address - ETH,0x8d79c73daae8630c88de372ba8f57592fa987607,HEX_IDENTIFIER,Unknown,IRGC; SDGT,2026-08-07
CU-ACT-3684,2026-08-07,BLACKLIST,0x967f32c544b6547f366123927d6dc0a3c6dcdfb9,avalanche,92266006,Kayvanpour Siavash,58284,Digital Currency Address - TRX,TPgxjjB6AJeMSQFngbUM6dMMxPHa9GEtYa,TRON_KEY_EQUIVALENCE,Unknown,IRGC; SDGT,2026-08-07
CU-ACT-3685,2026-08-07,BLACKLIST,0xbb69e01921b17cd22080968bcc96ba6115da6062,avalanche,92266338,CRYPTO HOME DMCC كريبتو هوم م.د.م.س,58258,Digital Currency Address - ETH,0xbb69e01921b17cd22080968bcc96ba6115da6062,HEX_IDENTIFIER,Unknown,SDGT,2026-08-07
CU-ACT-3686,2026-08-07,BLACKLIST,0xc02b8bcd6cea7162274b939410d466b755553175,avalanche,92266415,CRYPTO HOME DMCC كريبتو هوم م.د.م.س,58258,Digital Currency Address - TRX,TTVJuXWCusAURrpNShiypauagEH1N4CrxV,TRON_KEY_EQUIVALENCE,Unknown,SDGT,2026-08-07
CU-ACT-3687,2026-08-07,BLACKLIST,0xe05f529f5284d75624eba386cb716928c3b54a2a,avalanche,92266530,SHPS Shelbit,58287,Digital Currency Address - ETH,0xe05f529f5284d75624eba386cb716928c3b54a2a,HEX_IDENTIFIER,Unknown,SDGT,2026-08-07
CU-ACT-3688,2026-08-07,BLACKLIST,0xeaac716a919f3a032a7e5f4d803c799569c32bd4,avalanche,92266658,SHPS Shelbit,58287,Digital Currency Address - TRX,TXN3hVukebhyYR31YPCYd7aJAvmUeXu1ab,TRON_KEY_EQUIVALENCE,Unknown,SDGT,2026-08-07
CU-ACT-3689,2026-04-24,BLACKLIST,0x8be1904f7e8d196ef670835e2893be5f75c1e63e,arbitrum,455937397,BANK MARKAZI JOMHOURI ISLAMI IRAN,4632,Digital Currency Address - TRX,TNiq9AXBp9EjUqhDhrwrfvAA8U3GUQZH81,TRON_KEY_EQUIVALENCE,Unknown,IFSR; IRAN; IRGC; SDGT,2010-06-16
CU-ACT-3690,2026-04-24,BLACKLIST,0xc29c4df7111a39030a037a3abc8dc68c8d1d8ceb,arbitrum,455937652,BANK MARKAZI JOMHOURI ISLAMI IRAN,4632,Digital Currency Address - TRX,TTiDLWE6fZK8okMJv6ijg42yrH6W2pjSr9,TRON_KEY_EQUIVALENCE,Unknown,IFSR; IRAN; IRGC; SDGT,2010-06-16
CU-ACT-3691,2026-05-20,BLACKLIST,0x038989cbb1710c72b9920dc4fa529158f463e72c,arbitrum,464846106,Ojeda Aviles Armando de Jesus,57107,Digital Currency Address - ETH,0x038989cbb1710c72b9920dc4fa529158f463e72c,HEX_IDENTIFIER,Unknown,ILLICIT-DRUGS-EO14059; SDGT,2026-05-20
CU-ACT-3692,2026-05-20,BLACKLIST,0x14779cec0b117d5194c750c55ea1f42086631964,arbitrum,464846712,Ojeda Aviles Armando de Jesus,57107,Digital Currency Address - ETH,0x14779CEC0B117d5194c750C55Ea1f42086631964,HEX_IDENTIFIER,Unknown,ILLICIT-DRUGS-EO14059; SDGT,2026-05-20
CU-ACT-3693,2026-05-20,BLACKLIST,0x32da24ca413f3e7b53145d4737e172c3bdf81e3e,arbitrum,464846845,Ojeda Aviles Armando de Jesus,57107,Digital Currency Address - ETH,0x32dA24Ca413F3E7B53145D4737e172C3bdF81e3e,HEX_IDENTIFIER,Unknown,ILLICIT-DRUGS-EO14059; SDGT,2026-05-20
CU-ACT-3694,2026-05-20,BLACKLIST,0x4f428c11dc82388fa5136d636e613ad923eb700b,arbitrum,464847252,Ojeda Aviles Armando de Jesus,57107,Digital Currency Address - ETH,0x4F428c11Dc82388fa5136D636e613ad923Eb700B,HEX_IDENTIFIER,Unknown,ILLICIT-DRUGS-EO14059; SDGT,2026-05-20
CU-ACT-3695,2026-05-20,BLACKLIST,0xac4cc4b68ea24bbfaac8fd127b67ed445accce22,arbitrum,464848419,Alarcon Palomares Rodrigo,57118,Digital Currency Address - ETH,0xaC4cC4B68ea24BbFAAC8fD127B67Ed445ACcCE22,HEX_IDENTIFIER,Unknown,ILLICIT-DRUGS-EO14059,2026-05-20
CU-ACT-3696,2026-05-20,BLACKLIST,0xf2235d55b2950a0b1317469d72d07ae65b2e27cb,arbitrum,464849207,Ojeda Aviles Armando de Jesus,57107,Digital Currency Address - ETH,0xf2235d55b2950a0b1317469d72d07ae65b2e27cb,HEX_IDENTIFIER,Unknown,ILLICIT-DRUGS-EO14059; SDGT,2026-05-20
CU-ACT-3700,2026-06-22,BLACKLIST,0x110cb5c5089fc35ba0deb718a291dd64f6d1bec8,arbitrum,476237126,Abderrahmane Miloud,57961,Digital Currency Address - TRX,TBXMiRqUp1XH1zLazWu8cWitMAScv4HsYq,TRON_KEY_EQUIVALENCE,Unknown,SDGT,2026-06-22
CU-ACT-3701,2026-06-22,BLACKLIST,0x2408302c960af24d6df5dee325b59ac59b2e55ce,arbitrum,476237536,Abderrahmane Miloud,57961,Digital Currency Address - TRX,TDFj8tYzfLDkwEMo4MJ2DfrbpMztuCCnan,TRON_KEY_EQUIVALENCE,Unknown,SDGT,2026-06-22
CU-ACT-3702,2026-07-01,BLACKLIST,0xce9f3bc87000393f625088ed40280a74682396cf,arbitrum,479309400,ISIL Khorasan,18647,Digital Currency Address - TRX,TUoixKFaWVsHxGWgnYyMzpkrT22YqU7VvH,TRON_KEY_EQUIVALENCE,Unknown,FTO; SDGT,2015-09-29
CU-ACT-3703,2026-07-01,BLACKLIST,0x1508e3c339f9e916595bfa6ea169aee265acf90c,arbitrum,479309614,ISIL Khorasan,18647,Digital Currency Address - TRX,TBtRqkiFzyuwe8nSAGQghxygAfwAF5eERq,TRON_KEY_EQUIVALENCE,Unknown,FTO; SDGT,2015-09-29
CU-ACT-3704,2026-07-01,BLACKLIST,0x1e6983848eca149f9fc68b0a1616a1c4f62945aa,arbitrum,479310685,ISIL Khorasan,18647,Digital Currency Address - TRX,TCk1g37N3x6PDda63waydNQwqTUzFNpsrR,TRON_KEY_EQUIVALENCE,Unknown,FTO; SDGT,2015-09-29
CU-ACT-3705,2026-07-01,BLACKLIST,0xda916a1c12989829fb02a0241a7e70b5a1a4e905,arbitrum,479311722,ISIL Khorasan,18647,Digital Currency Address - TRX,TVttWTHTCU9kULP51m9BaHpmCW8H1BJJNQ,TRON_KEY_EQUIVALENCE,Unknown,FTO; SDGT,2015-09-29
CU-ACT-3706,2026-07-01,BLACKLIST,0xc44b0630645bdf681c775df334cbd7530da813fa,arbitrum,479312401,ISIL Khorasan,18647,Digital Currency Address - TRX,TTs7KRq39547ruAsxb9brAPuTLy7h3U6H1,TRON_KEY_EQUIVALENCE,Unknown,FTO; SDGT,2015-09-29
CU-ACT-3707,2026-07-01,BLACKLIST,0x1f6aa4cd73fe9faf58727800b075d43caa106d46,arbitrum,479312487,ISIL Khorasan,18647,Digital Currency Address - TRX,TCqKhk7MpPnGH3UfygE1TRzUo92a5tuVy6,TRON_KEY_EQUIVALENCE,Unknown,FTO; SDGT,2015-09-29
CU-ACT-3708,2026-07-01,BLACKLIST,0xb654159bc14f208000ec9e0ad287b321c7a3bf5c,arbitrum,479312795,ISIL Khorasan,18647,Digital Currency Address - TRX,TSbGiFzG9xFXUYgGA6RwbS3jvKNpeA4c3R,TRON_KEY_EQUIVALENCE,Unknown,FTO; SDGT,2015-09-29
CU-ACT-3709,2026-07-01,BLACKLIST,0xe2b0c8cd5516cf733013712408add325081225ca,arbitrum,479312993,ISIL Khorasan,18647,Digital Currency Address - TRX,TWdqVcA3NyrNv71NgbMwKv3C5XMxj4XjSp,TRON_KEY_EQUIVALENCE,Unknown,FTO; SDGT,2015-09-29
CU-ACT-3710,2026-07-01,BLACKLIST,0x9b571ef4731f0c8539a629cc4c44fa4fd280c10d,arbitrum,479313510,ISIL Khorasan,18647,Digital Currency Address - TRX,TQ8a74SiDig3EDSC14tosLACWLbvaNYwCJ,TRON_KEY_EQUIVALENCE,Unknown,FTO; SDGT,2015-09-29
CU-ACT-3711,2026-07-01,BLACKLIST,0xd67bb799b7d2dded7dd85802c5a6affec1108b94,arbitrum,479313597,ISIL Khorasan,18647,Digital Currency Address - TRX,TVXHp8bMrpRd5HGy3w1yu9f87qwRrMHFp8,TRON_KEY_EQUIVALENCE,Unknown,FTO; SDGT,2015-09-29
CU-ACT-3712,2026-07-01,BLACKLIST,0xe6e1d9098b08fff5f8b3e27a02d4dca8ffcdf0a9,arbitrum,479314993,ISIL Khorasan,18647,Digital Currency Address - TRX,TX1zyMrYZNbtQx7yPZp4adZV5NbToGNrkS,TRON_KEY_EQUIVALENCE,Unknown,FTO; SDGT,2015-09-29
CU-ACT-3713,2026-07-01,BLACKLIST,0xb4a69b8228c1621eb22d9c6f1ef33926616f8218,arbitrum,479315262,ISIL Khorasan,18647,Digital Currency Address - TRX,TSSQDgExKUELagzAKTAcoLMviq4SZ1eTFm,TRON_KEY_EQUIVALENCE,Unknown,FTO; SDGT,2015-09-29
CU-ACT-3714,2026-07-01,BLACKLIST,0x0eaea039d805c9600de19d5a9aa6daf4d51979ed,arbitrum,479315548,ISIL Khorasan,18647,Digital Currency Address - TRX,TBJqexr1FfGxVKhDsKeou6FVLBW1aS1Ny7,TRON_KEY_EQUIVALENCE,Unknown,FTO; SDGT,2015-09-29
CU-ACT-3715,2026-07-01,BLACKLIST,0xcd211408b46bdbf03abb2eac205a01ceb1d86288,arbitrum,479315561,ISIL Khorasan,18647,Digital Currency Address - TRX,TUfq9hfP7qUDMoJbzkjG4GPtNxhZewqk8Z,TRON_KEY_EQUIVALENCE,Unknown,FTO; SDGT,2015-09-29
CU-ACT-3716,2026-07-01,BLACKLIST,0x545fd777d462df0acc99a188f2532a962e00df74,arbitrum,479316920,ISIL Khorasan,18647,Digital Currency Address - TRX,THfLaNMBAMz7xXnHoz5BkRMmrwuHKqfAfR,TRON_KEY_EQUIVALENCE,Unknown,FTO; SDGT,2015-09-29
CU-ACT-3717,2026-07-01,BLACKLIST,0x18db649c1400f3dfbbf71b8b99419edcb12a0947,arbitrum,479317005,ISIL Khorasan,18647,Digital Currency Address - TRX,TCEe3McjK9FWby8YsNmtRDwJt1x2s5dFTL,TRON_KEY_EQUIVALENCE,Unknown,FTO; SDGT,2015-09-29
CU-ACT-3718,2026-07-01,BLACKLIST,0xe9d48628d685e121f48181616c71f88ec4020bf9,arbitrum,479317135,ISIL Khorasan,18647,Digital Currency Address - TRX,TXHb3BkGgYmygyS14MJKX8kTcFGT7dXN4r,TRON_KEY_EQUIVALENCE,Unknown,FTO; SDGT,2015-09-29
CU-ACT-3719,2026-07-01,BLACKLIST,0xd1d1443c710b2f295f72ef3bc8be04a28be3e0db,arbitrum,479317223,ISIL Khorasan,18647,Digital Currency Address - TRX,TV6cvFEMcfxGsWqgxpBrXZ35MkhdtdhT3G,TRON_KEY_EQUIVALENCE,Unknown,FTO; SDGT,2015-09-29
CU-ACT-3720,2026-07-01,BLACKLIST,0x203b0053ccb42ca09357dde941d251d888ec1044,arbitrum,479317308,ISIL Khorasan,18647,Digital Currency Address - TRX,TCudJgJ14kk3Ss2PEgsT15frztKpyG7HEh,TRON_KEY_EQUIVALENCE,Unknown,FTO; SDGT,2015-09-29
CU-ACT-3721,2026-07-01,BLACKLIST,0x6ee2a4ab3befdcfcd8c0844e853491f08971d899,arbitrum,479318827,ISIL Khorasan,18647,Digital Currency Address - TRX,TL5WqcFX7XkhVLLwaXrdr57gnjC4stBeSG,TRON_KEY_EQUIVALENCE,Unknown,FTO; SDGT,2015-09-29
CU-ACT-3722,2026-07-01,BLACKLIST,0xc73da1e718a4fbd1ce023d412ab34433922fba58,arbitrum,479319458,ISIL Khorasan,18647,Digital Currency Address - TRX,TU8hJXgHdxWuj4DaaBKQFUwDeB8B5Xacke,TRON_KEY_EQUIVALENCE,Unknown,FTO; SDGT,2015-09-29
CU-ACT-3723,2026-07-01,BLACKLIST,0x9789e42918dec6442a155fd2ba064d05d6db0ed2,arbitrum,479319670,ISIL Khorasan,18647,Digital Currency Address - TRX,TPnUDsrLYZg1UXGkpXSmhFEY5J5etfzE9S,TRON_KEY_EQUIVALENCE,Unknown,FTO; SDGT,2015-09-29
CU-ACT-3724,2026-07-01,BLACKLIST,0x84be9d8d09cb26f31bb37771ecb06ebdd91101f9,arbitrum,479320130,ISIL Khorasan,18647,Digital Currency Address - TRX,TN56YaCBymut2xoiRvy3v2qZ2pYgmBAtSo,TRON_KEY_EQUIVALENCE,Unknown,FTO; SDGT,2015-09-29
CU-ACT-3725,2026-07-01,BLACKLIST,0xb2880d55b128cfa10cc32411e2311f59500e130b,arbitrum,479320193,ISIL Khorasan,18647,Digital Currency Address - TRX,TSFCGGbR57b56c4MXdiW5gzpD8j6cmimgo,TRON_KEY_EQUIVALENCE,Unknown,FTO; SDGT,2015-09-29
CU-ACT-3726,2026-07-01,BLACKLIST,0x2bbf8e01ef1349da89eb6d423a217582430e6dbc,arbitrum,479320342,ISIL Khorasan,18647,Digital Currency Address - TRX,TDxXXmCELgrb5VwYobDMyTKVTTdY9LjEjx,TRON_KEY_EQUIVALENCE,Unknown,FTO; SDGT,2015-09-29
CU-ACT-3727,2026-07-01,BLACKLIST,0xe5b46834ab6831f5d27c72237da310fef4552911,arbitrum,479321668,ISIL Khorasan,18647,Digital Currency Address - TRX,TWumrtaEaPCv8Bs9mXqKkhY5sZVd78QAdS,TRON_KEY_EQUIVALENCE,Unknown,FTO; SDGT,2015-09-29
CU-ACT-3728,2026-07-01,BLACKLIST,0xef7c470bbcdd524c299304627180d6074ccbfdfd,arbitrum,479321956,ISIL Khorasan,18647,Digital Currency Address - TRX,TXoVNrqm11FFVKcF1vEND64gibVkr1HwAR,TRON_KEY_EQUIVALENCE,Unknown,FTO; SDGT,2015-09-29
CU-ACT-3729,2026-07-01,BLACKLIST,0x2277d63319a5d529c0ffecf1d4d93343713d9802,arbitrum,479322214,ISIL Khorasan,18647,Digital Currency Address - TRX,TD7TXyvmjPfJkfhJuQ58NXA9dX9q81mqAp,TRON_KEY_EQUIVALENCE,Unknown,FTO; SDGT,2015-09-29
CU-ACT-3730,2026-07-01,BLACKLIST,0xd68022dc9dde9c9e1a613a1fb04a1de5758b563e,arbitrum,479322262,ISIL Khorasan,18647,Digital Currency Address - TRX,TVXP7Aj5KFUPKMQUrsU6F3wUsyiLiUaUje,TRON_KEY_EQUIVALENCE,Unknown,FTO; SDGT,2015-09-29
CU-ACT-3731,2026-07-01,BLACKLIST,0x2fbe2388dca7d240ebc72617fb2dd5890fea4dd2,arbitrum,479323460,ISIL Khorasan,18647,Digital Currency Address - TRX,TEKeY9i4CcVySJMmhuh2AxZhtgTmugYUMW,TRON_KEY_EQUIVALENCE,Unknown,FTO; SDGT,2015-09-29
CU-ACT-3732,2026-07-01,BLACKLIST,0x160ad9cb8202fe697e5b0991b65032787ce23dff,arbitrum,479324322,ISIL Khorasan,18647,Digital Currency Address - TRX,TByksCkUtMaYwHCSaetmAGufpeyfdXBrJk,TRON_KEY_EQUIVALENCE,Unknown,FTO; SDGT,2015-09-29
CU-ACT-3733,2026-07-01,BLACKLIST,0xdd6184d750a5610e1094cc5b02a8ec1c7dc14be2,arbitrum,479324389,ISIL Khorasan,18647,Digital Currency Address - TRX,TW9mABkenngQyJBqce5khR9fNCBF5gsBFQ,TRON_KEY_EQUIVALENCE,Unknown,FTO; SDGT,2015-09-29
CU-ACT-3734,2026-07-01,BLACKLIST,0x35ecfdb165bbc06d2cc19af466465c7ac9c3f7eb,arbitrum,479324907,ISIL Khorasan,18647,Digital Currency Address - TRX,TEtLieZwyjJTth7S5EJqUNjtSbM1ui9toK,TRON_KEY_EQUIVALENCE,Unknown,FTO; SDGT,2015-09-29
CU-ACT-3735,2026-07-01,BLACKLIST,0x8c5a5d9b5bd20cea93295e0f12909d6ebf2f1989,arbitrum,479325533,ISIL Khorasan,18647,Digital Currency Address - TRX,TNmKrdYLPtFwPNWJUjrXdkQw4gSwpszUJd,TRON_KEY_EQUIVALENCE,Unknown,FTO; SDGT,2015-09-29
CU-ACT-3736,2026-07-01,BLACKLIST,0x30c7c36cb08138b620bc21611e18264c6a222583,arbitrum,479326099,ISIL Khorasan,18647,Digital Currency Address - TRX,TER8k4zWt3byuHyvyBkLstz3QVUUuBs9pt,TRON_KEY_EQUIVALENCE,Unknown,FTO; SDGT,2015-09-29
CU-ACT-3737,2026-07-01,BLACKLIST,0xb0fc46592a0795a23df08b2b25e953a5461805fb,arbitrum,479326201,ISIL Khorasan,18647,Digital Currency Address - TRX,TS729BUXeZWBhJGPKCdK75q7VU4nhkJkYT,TRON_KEY_EQUIVALENCE,Unknown,FTO; SDGT,2015-09-29
CU-ACT-3738,2026-07-01,BLACKLIST,0x45e8fcd87cefd8f53a1775c9781f50e8ca7e8b62,arbitrum,479326315,ISIL Khorasan,18647,Digital Currency Address - TRX,TGLrjZc9c48iMFB4ZmDnSjSRMq27MXPg2k,TRON_KEY_EQUIVALENCE,Unknown,FTO; SDGT,2015-09-29
CU-ACT-3739,2026-07-01,BLACKLIST,0x2606d9411d6a4cab5b9e0bbd3cdef05f3f35854e,arbitrum,479326583,ISIL Khorasan,18647,Digital Currency Address - TRX,TDSGtCciE9yFKYzDj1kBBc3F7gosguDqwC,TRON_KEY_EQUIVALENCE,Unknown,FTO; SDGT,2015-09-29
CU-ACT-3740,2026-07-01,BLACKLIST,0x0a9f2460bd9357ebc0e24654b83d43d701560500,arbitrum,479327899,ISIL Khorasan,18647,Digital Currency Address - TRX,TAwNQN5tmzJJ694PPuoFUxQY13quBs8YgA,TRON_KEY_EQUIVALENCE,Unknown,FTO; SDGT,2015-09-29
CU-ACT-3741,2026-07-01,BLACKLIST,0xc4b13cf26d06bd15db5b8efe9553710b9aae8acd,arbitrum,479328200,ISIL Khorasan,18647,Digital Currency Address - TRX,TTuDmNhu8A6koPJRUd8Q5RnsT1FMfrZnoj,TRON_KEY_EQUIVALENCE,Unknown,FTO; SDGT,2015-09-29
CU-ACT-3742,2026-07-01,BLACKLIST,0x464da77310220c0c1596f8339129907b16cd896f,arbitrum,479328459,ISIL Khorasan,18647,Digital Currency Address - TRX,TGNwKzHjYvYP2SwsrmCYrRRvCRdxQgLq1w,TRON_KEY_EQUIVALENCE,Unknown,FTO; SDGT,2015-09-29
CU-ACT-3743,2026-07-01,BLACKLIST,0x97248ad2ee8453b901c646bddc256e4dca165452,arbitrum,479328500,ISIL Khorasan,18647,Digital Currency Address - TRX,TPkNp2Z5KiA1sLWpPMWsfNErVo2dHxc4iy,TRON_KEY_EQUIVALENCE,Unknown,FTO; SDGT,2015-09-29
CU-ACT-3744,2026-07-01,BLACKLIST,0xd82ffef8cb4f0f6a56fc2dd275879985307d1d3a,arbitrum,479328802,ISIL Khorasan,18647,Digital Currency Address - TRX,TVgJTK9qPg7wGTyeTG2MYF8aKMEx883xYU,TRON_KEY_EQUIVALENCE,Unknown,FTO; SDGT,2015-09-29
CU-ACT-3745,2026-07-01,BLACKLIST,0x00e0c79525c9f846ee27f8ecf3dcfebb3a335dc7,arbitrum,479329738,ISIL Khorasan,18647,Digital Currency Address - TRX,TA3rH2A7iHnm6pKH8gr9cK1EZnShnmZdFg,TRON_KEY_EQUIVALENCE,Unknown,FTO; SDGT,2015-09-29
CU-ACT-3746,2026-07-01,BLACKLIST,0x8960c337bb1bc8618e8c022277ca0d34d26ce06c,arbitrum,479329955,ISIL Khorasan,18647,Digital Currency Address - TRX,TNVbVXAgUT83Sv7E9oZwWutXqzs13sr6xN,TRON_KEY_EQUIVALENCE,Unknown,FTO; SDGT,2015-09-29
CU-ACT-3747,2026-07-01,BLACKLIST,0x7db839f22e388b5c427ef1ae4f1fe558012904bf,arbitrum,479330003,ISIL Khorasan,18647,Digital Currency Address - TRX,TMRxAJt87MVYnadWne53AxZFG1FPKGfoGz,TRON_KEY_EQUIVALENCE,Unknown,FTO; SDGT,2015-09-29
CU-ACT-3748,2026-07-01,BLACKLIST,0xad5c8f4ba4bb0b94feb63e97bb821f808d44507b,arbitrum,479331983,ISIL Khorasan,18647,Digital Currency Address - TRX,TRmrnQiUY1ofMcTQUXvgeauKcZPnmwUeUR,TRON_KEY_EQUIVALENCE,Unknown,FTO; SDGT,2015-09-29
CU-ACT-3749,2026-07-01,BLACKLIST,0x75fd59164d2af087af5a90f7e1b7c3d05de93dee,arbitrum,479332310,ISIL Khorasan,18647,Digital Currency Address - TRX,TLj5ZRvem4DAdbZLTGU3qAbAdLQug57JVo,TRON_KEY_EQUIVALENCE,Unknown,FTO; SDGT,2015-09-29
CU-ACT-3750,2026-07-01,BLACKLIST,0x6440312463c98262b0768ac4f8e7232fb58caced,arbitrum,479332353,ISIL Khorasan,18647,Digital Currency Address - TRX,TK7HUNru8YLMz7vv8kzWRPrE2ZSgZeCaHV,TRON_KEY_EQUIVALENCE,Unknown,FTO; SDGT,2015-09-29
CU-ACT-3751,2026-07-01,BLACKLIST,0xf37ffa0e4829aa159af625c48276c4e632f4400c,arbitrum,479334809,ISIL Khorasan,18647,Digital Currency Address - TRX,TYAiWf2KhXrGuWxmCPaJgC6zNYwFuKtioi,TRON_KEY_EQUIVALENCE,Unknown,FTO; SDGT,2015-09-29
CU-ACT-3752,2026-07-01,BLACKLIST,0x0ede87dc2bf535ebc2682340dfc33cc50363bc2b,arbitrum,479334948,ISIL Khorasan,18647,Digital Currency Address - TRX,TBKq3SzXigsGhQNzdCYocpt8RzoMh3uxAr,TRON_KEY_EQUIVALENCE,Unknown,FTO; SDGT,2015-09-29
CU-ACT-3753,2026-07-01,BLACKLIST,0x0b1da2038535de65831e81f6fdc40f40b222e2b1,arbitrum,479335382,ISIL Khorasan,18647,Digital Currency Address - TRX,TAyyw6ZoTZexvTcN7WRR9t79JUFgSAvkL8,TRON_KEY_EQUIVALENCE,Unknown,FTO; SDGT,2015-09-29
CU-ACT-3754,2026-07-01,BLACKLIST,0xf72202e113a400891e8f91e1fec0c1cc9065d735,arbitrum,479335984,ISIL Khorasan,18647,Digital Currency Address - TRX,TYVveapkRkm5RHcDNPU9QnPk8N5RdsS4iY,TRON_KEY_EQUIVALENCE,Unknown,FTO; SDGT,2015-09-29
CU-ACT-3755,2026-07-01,BLACKLIST,0xa112c8cb691f58754269ce81c73a9dc92e63159f,arbitrum,479336770,ISIL Khorasan,18647,Digital Currency Address - TRX,TQetJ6xMqvv2Fu4ftD9UdBhuaKem5HbMou,TRON_KEY_EQUIVALENCE,Unknown,FTO; SDGT,2015-09-29
CU-ACT-3756,2026-07-01,BLACKLIST,0x0b57cde36e6e0c31a10442076dfd03ff8038507d,arbitrum,479337149,ISIL Khorasan,18647,Digital Currency Address - TRX,TB1Bcv3x8mg7PVV4nVM48pgHJKcYboTypU,TRON_KEY_EQUIVALENCE,Unknown,FTO; SDGT,2015-09-29
CU-ACT-3757,2026-07-01,BLACKLIST,0xdd8cf42ff365caebbed4f48190ca79286b0e66c7,arbitrum,479337318,ISIL Khorasan,18647,Digital Currency Address - TRX,TWAfC6htS1FyFv1r3aKENuD8DQGMzBbP8L,TRON_KEY_EQUIVALENCE,Unknown,FTO; SDGT,2015-09-29
CU-ACT-3758,2026-07-01,BLACKLIST,0x803a9bd5e917e32bd7bcde526e656254417c5a86,arbitrum,479337825,ISIL Khorasan,18647,Digital Currency Address - TRX,TMfDhpUqW5W6HcMPXFaJfaiY271CYa51Hs,TRON_KEY_EQUIVALENCE,Unknown,FTO; SDGT,2015-09-29
CU-ACT-3759,2026-07-01,BLACKLIST,0x5b05ac96e74161c8edffb7e6368df33b4167583a,arbitrum,479337914,ISIL Khorasan,18647,Digital Currency Address - TRX,TJGVHmHVNuU1vsXGGALLoirPwoRZoMUuhg,TRON_KEY_EQUIVALENCE,Unknown,FTO; SDGT,2015-09-29
CU-ACT-3760,2026-07-01,BLACKLIST,0x1c165affe280c786303cce84f1eda9957de87779,arbitrum,479338099,ISIL Khorasan,18647,Digital Currency Address - TRX,TCXihiScsAodR942Xq45df9qQAdr5nhkjQ,TRON_KEY_EQUIVALENCE,Unknown,FTO; SDGT,2015-09-29
CU-ACT-3761,2026-07-01,BLACKLIST,0x0c1ee706f91a56fc96e2f260c670bd4bf3002696,arbitrum,479338560,ISIL Khorasan,18647,Digital Currency Address - TRX,TB5J8W166YTUmtpUsy4XnNTKLVtesuE9eV,TRON_KEY_EQUIVALENCE,Unknown,FTO; SDGT,2015-09-29
CU-ACT-3762,2026-07-01,BLACKLIST,0xe646c85afde30e55d7196612efd37e5b058e9717,arbitrum,479338784,ISIL Khorasan,18647,Digital Currency Address - TRX,TWxoDF6qvjMUeTYRimaiARGsJTUnjrzZn3,TRON_KEY_EQUIVALENCE,Unknown,FTO; SDGT,2015-09-29
CU-ACT-3763,2026-07-01,BLACKLIST,0x2d415662ce7ddd1e89c4bbf8f527f7e06811248e,arbitrum,479338827,ISIL Khorasan,18647,Digital Currency Address - TRX,TE6VgR7rAuY4kuzCjdSVCZFXPjjzSQYY7X,TRON_KEY_EQUIVALENCE,Unknown,FTO; SDGT,2015-09-29
CU-ACT-3764,2026-07-01,BLACKLIST,0xddc63d69ed992e2617d54950a8cea70e2127c412,arbitrum,479339517,ISIL Khorasan,18647,Digital Currency Address - TRX,TWBqpQLDPCrXgRW1X9yFqR8NFfjyFSq5k4,TRON_KEY_EQUIVALENCE,Unknown,FTO; SDGT,2015-09-29
CU-ACT-3765,2026-07-01,BLACKLIST,0x28facff64babe25658bb4635af41aaa019f9deee,arbitrum,479339576,ISIL Khorasan,18647,Digital Currency Address - TRX,TDhtVUnmYwWfzWVrnzryr3fbQo8VTvj4ji,TRON_KEY_EQUIVALENCE,Unknown,FTO; SDGT,2015-09-29
CU-ACT-3766,2026-07-01,BLACKLIST,0x1b78a412cc1078fd5719a3379085647ca4ba0e5f,arbitrum,479339868,ISIL Khorasan,18647,Digital Currency Address - TRX,TCUTmWspsaJb3U5JUs5AhVcGwaftyK1qtp,TRON_KEY_EQUIVALENCE,Unknown,FTO; SDGT,2015-09-29
CU-ACT-3767,2026-07-01,BLACKLIST,0xd086c684646d4eba389c5d97e57d5b2bee3826b7,arbitrum,479340004,ISIL Khorasan,18647,Digital Currency Address - TRX,TUyo1Kfnnjr2iMQdZxLWPX1U8Xiy1Wz5z5,TRON_KEY_EQUIVALENCE,Unknown,FTO; SDGT,2015-09-29
CU-ACT-3768,2026-07-01,BLACKLIST,0xd1b4671abd7c3db9f5d99b98918ebf8cbd41ea33,arbitrum,479340723,ISIL Khorasan,18647,Digital Currency Address - TRX,TV62LkiP1GiNdFCJEdY3xf6GdNLCCi6mfu,TRON_KEY_EQUIVALENCE,Unknown,FTO; SDGT,2015-09-29
CU-ACT-3769,2026-07-01,BLACKLIST,0xe4814881a36d2c543b5acc30a7ee9868b0c810da,arbitrum,479340821,ISIL Khorasan,18647,Digital Currency Address - TRX,TWoRwYzsifrD79DHDpTHC8fq787MvH9Qro,TRON_KEY_EQUIVALENCE,Unknown,FTO; SDGT,2015-09-29
CU-ACT-3770,2026-07-01,BLACKLIST,0xfbc3ca4a4b808bef72c54b872caa59e5e69c783e,arbitrum,479341165,ISIL Khorasan,18647,Digital Currency Address - TRX,TYvR9x3Dqx39s9rooaSAHwVwF8psBrcFBV,TRON_KEY_EQUIVALENCE,Unknown,FTO; SDGT,2015-09-29
CU-ACT-3771,2026-07-01,BLACKLIST,0x68c15054d74c86ffca1e23a3802a27bab1735395,arbitrum,479342055,ISIL Khorasan,18647,Digital Currency Address - TRX,TKX6rgpGpGrJWzf1qXUUSNL5cYHQt7Z9rY,TRON_KEY_EQUIVALENCE,Unknown,FTO; SDGT,2015-09-29
CU-ACT-3772,2026-07-01,BLACKLIST,0x2907a4de925af9434bcf176957dcbfeac49afc46,arbitrum,479342576,ISIL Khorasan,18647,Digital Currency Address - TRX,TDi9s3GeAtFBbUvGxqXiZnxiaH9QpqjYFn,TRON_KEY_EQUIVALENCE,Unknown,FTO; SDGT,2015-09-29
CU-ACT-3773,2026-07-01,BLACKLIST,0xb251e1f30c697905287d3e1be1fb0fffc01ce633,arbitrum,479342707,ISIL Khorasan,18647,Digital Currency Address - TRX,TSE5NWTJckiN8hJCUzwB3RgsMbdF4uCrmr,TRON_KEY_EQUIVALENCE,Unknown,FTO; SDGT,2015-09-29
CU-ACT-3774,2026-07-01,BLACKLIST,0x9f4f225d3fa34d498adbfd6898e2b30850859059,arbitrum,479343354,ISIL Khorasan,18647,Digital Currency Address - TRX,TQVZEuLHacexyJX3nZStaPzxceS63C9bax,TRON_KEY_EQUIVALENCE,Unknown,FTO; SDGT,2015-09-29
CU-ACT-3775,2026-07-01,BLACKLIST,0x24545819f879db1a8df28fe0fd7f8ee4b7025977,arbitrum,479343795,ISIL Khorasan,18647,Digital Currency Address - TRX,TDHJNJHosn6xNDxMecFZwXyTzE9bYGXp9L,TRON_KEY_EQUIVALENCE,Unknown,FTO; SDGT,2015-09-29
CU-ACT-3776,2026-07-01,BLACKLIST,0x12f3acd05ddc70d333ca7e8d9a36513997cfb08f,arbitrum,479344226,ISIL Khorasan,18647,Digital Currency Address - TRX,TBhR5MLrTsNZ8FUyKgzdrCjWkYD2orYLdx,TRON_KEY_EQUIVALENCE,Unknown,FTO; SDGT,2015-09-29
CU-ACT-3777,2026-07-01,BLACKLIST,0xa05b377f4ae52727a59bcb7a82d6a20356f6b0b4,arbitrum,479344765,ISIL Khorasan,18647,Digital Currency Address - TRX,TQb6Pc4PmfUdUokLq5ygNioj4PnodNak9b,TRON_KEY_EQUIVALENCE,Unknown,FTO; SDGT,2015-09-29
CU-ACT-3778,2026-07-01,BLACKLIST,0x56bf68cd5ad0cafc5e3cb7da826914359592eb62,arbitrum,479344966,ISIL Khorasan,18647,Digital Currency Address - TRX,THstQuwNidzC4YeJ7uPowf55ZdVZtGcHJ5,TRON_KEY_EQUIVALENCE,Unknown,FTO; SDGT,2015-09-29
CU-ACT-3779,2026-07-01,BLACKLIST,0x81d0eac7c2e42b221bd2e5bd5f9ddc0dcc9f6f30,arbitrum,479345778,ISIL Khorasan,18647,Digital Currency Address - TRX,TMocScwSbSn2cqRCHVkzZSEar3Jk5AsXgo,TRON_KEY_EQUIVALENCE,Unknown,FTO; SDGT,2015-09-29
CU-ACT-3780,2026-07-01,BLACKLIST,0xa570df663c1b522f3dacd6f96320e65f8206ed0d,arbitrum,479346868,ISIL Khorasan,18647,Digital Currency Address - TRX,TR3yiEuFrbBnP8X5DKYFjRxCwbxcYyftD4,TRON_KEY_EQUIVALENCE,Unknown,FTO; SDGT,2015-09-29
CU-ACT-3781,2026-07-01,BLACKLIST,0x07d28de0bbd45f2ef8f89621f9f504ed72f34d92,arbitrum,479347177,ISIL Khorasan,18647,Digital Currency Address - TRX,TAgZxxuvfuKYJY5UPC1DXF8NPHbKtTzEGu,TRON_KEY_EQUIVALENCE,Unknown,FTO; SDGT,2015-09-29
CU-ACT-3782,2026-07-01,BLACKLIST,0x2e2983271415c0aa7950277186f10c0676f5cac2,arbitrum,479347813,ISIL Khorasan,18647,Digital Currency Address - TRX,TEBHpD6iiAqhyS4w7zZFmD1rrv65a5HVTD,TRON_KEY_EQUIVALENCE,Unknown,FTO; SDGT,2015-09-29
CU-ACT-3783,2026-07-01,BLACKLIST,0xd3faecadc1f752234b6079299f570def99976f7c,arbitrum,479348337,ISIL Khorasan,18647,Digital Currency Address - TRX,TVJ4B5R8c8dS65NtUXpZPMGUpCRq8BQUrC,TRON_KEY_EQUIVALENCE,Unknown,FTO; SDGT,2015-09-29
CU-ACT-3784,2026-07-01,BLACKLIST,0x20e60fa8673fa61d574b42a13ae805c312777241,arbitrum,479348858,ISIL Khorasan,18647,Digital Currency Address - TRX,TCyAE8Lxa1rmTThhE5Z3X95PC9rgMrReMX,TRON_KEY_EQUIVALENCE,Unknown,FTO; SDGT,2015-09-29
CU-ACT-3785,2026-07-01,BLACKLIST,0x878ebd5e809aca3dc01856d5fa924a405e34dad6,arbitrum,479349164,ISIL Khorasan,18647,Digital Currency Address - TRX,TNKyDgjn2WHZwHhH2Mj5AGMnK4moBX9xQd,TRON_KEY_EQUIVALENCE,Unknown,FTO; SDGT,2015-09-29
CU-ACT-3786,2026-07-01,BLACKLIST,0x95bcc8bbd8f91b255baf9ecf54f15e74b9959af2,arbitrum,479349544,ISIL Khorasan,18647,Digital Currency Address - TRX,TPcwqbJ3ViWMUQMiKfMjDM7VTiCzdRu1cH,TRON_KEY_EQUIVALENCE,Unknown,FTO; SDGT,2015-09-29
CU-ACT-3787,2026-07-01,BLACKLIST,0xa6358db3812ce9a11eb8aa2f954e36711ed015f6,arbitrum,479350017,ISIL Khorasan,18647,Digital Currency Address - TRX,TR83KsDjUKeds62PcAgo7BfhPJPSpMk7Ba,TRON_KEY_EQUIVALENCE,Unknown,FTO; SDGT,2015-09-29
CU-ACT-3788,2026-07-01,BLACKLIST,0xb79a667da76ba369583ba333c4eb4b005c5b657a,arbitrum,479350669,ISIL Khorasan,18647,Digital Currency Address - TRX,TSi1d66cgg3cPm9L6c2ZD8K1381XusSjkc,TRON_KEY_EQUIVALENCE,Unknown,FTO; SDGT,2015-09-29
CU-ACT-3789,2026-07-01,BLACKLIST,0x12f59283c23ff1b2ad7a8730b6cf41df25435570,arbitrum,479351743,ISIL Khorasan,18647,Digital Currency Address - TRX,TBhTMBAaEWiTtMgMdJ97ZmYotgHeY543cc,TRON_KEY_EQUIVALENCE,Unknown,FTO; SDGT,2015-09-29
CU-ACT-3790,2026-07-01,BLACKLIST,0x26eddc84e46104b944f871c0f3fbd8256197d5ca,arbitrum,479352002,ISIL Khorasan,18647,Digital Currency Address - TRX,TDX3dFNPvJeA9eVLLNqf1ixr4U2ktcDmoD,TRON_KEY_EQUIVALENCE,Unknown,FTO; SDGT,2015-09-29
CU-ACT-3791,2026-07-01,BLACKLIST,0x701f00ebbcd4c09d6a7a9f89023cbf400c318504,arbitrum,479352262,ISIL Khorasan,18647,Digital Currency Address - TRX,TLC3piEQ5n4tcULKHqLTGhmYFUyHUVSxck,TRON_KEY_EQUIVALENCE,Unknown,FTO; SDGT,2015-09-29
CU-ACT-3792,2026-07-01,BLACKLIST,0x5a43b964288ce2b4b7de0cae544531bf94a8b79f,arbitrum,479352335,ISIL Khorasan,18647,Digital Currency Address - TRX,TJCUwt9EKeTyzDw42658h8aYxQXScLdCZR,TRON_KEY_EQUIVALENCE,Unknown,FTO; SDGT,2015-09-29
CU-ACT-3793,2026-07-01,BLACKLIST,0x3e4b5fa3fe3fdb48f0865b2088e3beafe915eb63,arbitrum,479352552,ISIL Khorasan,18647,Digital Currency Address - TRX,TFebC149jCDiow1MBphhfpHDLeMAKRNrqJ,TRON_KEY_EQUIVALENCE,Unknown,FTO; SDGT,2015-09-29
CU-ACT-3794,2026-07-01,BLACKLIST,0x18855af93d521cf39fa8a1342a06562661725420,arbitrum,479352597,ISIL Khorasan,18647,Digital Currency Address - TRX,TCCryMcQb5A5FSYkmcVy26Nd8J1FWHtfWh,TRON_KEY_EQUIVALENCE,Unknown,FTO; SDGT,2015-09-29
CU-ACT-3795,2026-07-01,BLACKLIST,0xa38ffbe2722007f682e4985420acfce172c8b421,arbitrum,479352648,ISIL Khorasan,18647,Digital Currency Address - TRX,TQt3dWHiPdaKioG7nwovoTDUtxfimyuxYa,TRON_KEY_EQUIVALENCE,Unknown,FTO; SDGT,2015-09-29
CU-ACT-3796,2026-07-01,BLACKLIST,0x31424423746e69795da87d93bef987cc9aebe8d6,arbitrum,479353546,ISIL Khorasan,18647,Digital Currency Address - TRX,TETfViHWf9ZNB6WJgZBRMB48pTaBFo5Rmd,TRON_KEY_EQUIVALENCE,Unknown,FTO; SDGT,2015-09-29
CU-ACT-3797,2026-07-01,BLACKLIST,0x7077f6f05c0c435bde0d145613425fc17ce10a5a,arbitrum,479353653,ISIL Khorasan,18647,Digital Currency Address - TRX,TLDtPq9PQsDuQunME8CSeVdYaLtRdrVgoJ,TRON_KEY_EQUIVALENCE,Unknown,FTO; SDGT,2015-09-29
CU-ACT-3798,2026-07-01,BLACKLIST,0xf0eaf0fa72283fb86ebd5d462cc5c7e97d640308,arbitrum,479353735,ISIL Khorasan,18647,Digital Currency Address - TRX,TXw4d7BseHBn6sneMUzm4nEdfPVjuJGEH9,TRON_KEY_EQUIVALENCE,Unknown,FTO; SDGT,2015-09-29
CU-ACT-3799,2026-07-01,BLACKLIST,0xcc794fdec285f2b5461b6b2aee7d0511cde8cda7,arbitrum,479354800,ISIL Khorasan,18647,Digital Currency Address - TRX,TUcNB6c22JmcwXbbbuv9HVPeVqv5HSiTwQ,TRON_KEY_EQUIVALENCE,Unknown,FTO; SDGT,2015-09-29
CU-ACT-3800,2026-07-01,BLACKLIST,0x01ab57e94386817f1d3d3549c2e3ad5d2622de2b,arbitrum,479355985,ISIL Khorasan,18647,Digital Currency Address - TRX,TA82wQ77kb9DieW4C8q7C4KwMfnCzfziqN,TRON_KEY_EQUIVALENCE,Unknown,FTO; SDGT,2015-09-29
CU-ACT-3801,2026-07-01,BLACKLIST,0x2d0d0dcf83adde53fcde96af5fbcd1367944a2d8,arbitrum,479356934,ISIL Khorasan,18647,Digital Currency Address - TRX,TE5R3hJ6REap6vh14YAqjXczKrYaiteTy3,TRON_KEY_EQUIVALENCE,Unknown,FTO; SDGT,2015-09-29
CU-ACT-3802,2026-07-01,BLACKLIST,0xcc0bf752565564606f37c647249da56838671a7d,arbitrum,479357058,ISIL Khorasan,18647,Digital Currency Address - TRX,TUa7BcRjT3eT7kPyNWPvHQkz4qF9v68D7A,TRON_KEY_EQUIVALENCE,Unknown,FTO; SDGT,2015-09-29
CU-ACT-3803,2026-07-01,BLACKLIST,0xae1174ea8e2ce28b7db322f675be24507a37aabd,arbitrum,479357827,ISIL Khorasan,18647,Digital Currency Address - TRX,TRqbVMHWck3j2vKzA16L69v3cwuoyQSY8L,TRON_KEY_EQUIVALENCE,Unknown,FTO; SDGT,2015-09-29
CU-ACT-3804,2026-07-01,BLACKLIST,0xaa678643e6c27b8508d91bf152b581b94b8c6cbf,arbitrum,479358144,ISIL Khorasan,18647,Digital Currency Address - TRX,TRWDtgCfXzTcMv8W6iJxh6umeqeF3zG7n5,TRON_KEY_EQUIVALENCE,Unknown,FTO; SDGT,2015-09-29
CU-ACT-3805,2026-07-01,BLACKLIST,0xcc8b73b5a7b3c88478c1a3d0eb34c7c5dc9f686f,arbitrum,479358475,ISIL Khorasan,18647,Digital Currency Address - TRX,TUcjuVB6RFvsMgE352Kdc3VHvFvteti97B,TRON_KEY_EQUIVALENCE,Unknown,FTO; SDGT,2015-09-29
CU-ACT-3806,2026-07-01,BLACKLIST,0x12964e45547b54b00faab3f8babc22ff7fe45609,arbitrum,479358774,ISIL Khorasan,18647,Digital Currency Address - TRX,TBfVDwNS6hC2Ln2qTLTRKMMPddscFEhhrU,TRON_KEY_EQUIVALENCE,Unknown,FTO; SDGT,2015-09-29
CU-ACT-3807,2026-07-01,BLACKLIST,0xd5f14e80acaf51d5970eba2851685b32f5a97e00,arbitrum,479359622,ISIL Khorasan,18647,Digital Currency Address - TRX,TVUS1CVQnnzoJG8PBWkcWyf7DkLrS8yh5Z,TRON_KEY_EQUIVALENCE,Unknown,FTO; SDGT,2015-09-29
CU-ACT-3808,2026-07-01,BLACKLIST,0x1796486b359f2084f9e1585a491545d38d6db391,arbitrum,479360472,ISIL Khorasan,18647,Digital Currency Address - TRX,TC7vaJsxZteEEnnm2EFm9BRSZvezvsuA86,TRON_KEY_EQUIVALENCE,Unknown,FTO; SDGT,2015-09-29
CU-ACT-3809,2026-07-01,BLACKLIST,0x410450013674ad6e67c8c0c0d4cf71656cf1e4b4,arbitrum,479361513,ISIL Khorasan,18647,Digital Currency Address - TRX,TFtz6Ae6NNo9VvhnVrj6V1RyEFMtZQMh3r,TRON_KEY_EQUIVALENCE,Unknown,FTO; SDGT,2015-09-29
CU-ACT-3810,2026-07-01,BLACKLIST,0xeb3c18a88bd40c776cdf6c3986edbc39f30a731d,arbitrum,479361935,ISIL Khorasan,18647,Digital Currency Address - TRX,TXR1nhqAek4c5Dq9EfjQLarcBWR9Jp6N7m,TRON_KEY_EQUIVALENCE,Unknown,FTO; SDGT,2015-09-29
CU-ACT-3811,2026-07-01,BLACKLIST,0x8711522cdb2f89df2d99dea0c1cb68ce2ee3016a,arbitrum,479362845,ISIL Khorasan,18647,Digital Currency Address - TRX,TNHNySUf8LMzhzSiQnHCXCbgatscQbM4ZQ,TRON_KEY_EQUIVALENCE,Unknown,FTO; SDGT,2015-09-29
CU-ACT-3812,2026-07-01,BLACKLIST,0x3beaf4486e9c6a4feae23ed9296844588a61604c,arbitrum,479363578,ISIL Khorasan,18647,Digital Currency Address - TRX,TFS2LHNcrffdAVRHpDUpNvnmCHs78cSNbz,TRON_KEY_EQUIVALENCE,Unknown,FTO; SDGT,2015-09-29
CU-ACT-3813,2026-07-01,BLACKLIST,0x8eec746c6fc6dda84f44c82ca94818281c23e1f1,arbitrum,479363622,ISIL Khorasan,18647,Digital Currency Address - TRX,TNzvDTvcQTaY9jFrv85JnqibnGcudePj1z,TRON_KEY_EQUIVALENCE,Unknown,FTO; SDGT,2015-09-29
CU-ACT-3814,2026-07-01,BLACKLIST,0x1ed13e7c465a3850f8f9e0b503587ba514017536,arbitrum,479363709,ISIL Khorasan,18647,Digital Currency Address - TRX,TCn9wM828B1GtsVn8kUaCvoE3RpfCAmtEB,TRON_KEY_EQUIVALENCE,Unknown,FTO; SDGT,2015-09-29
CU-ACT-3815,2026-07-01,BLACKLIST,0x8d7e10e5fa9ce28f5a7f49760b59f5ad992bddce,arbitrum,479364155,ISIL Khorasan,18647,Digital Currency Address - TRX,TNsMJKvAtqiWntAnrcS8jkugL37FGzoqss,TRON_KEY_EQUIVALENCE,Unknown,FTO; SDGT,2015-09-29
CU-ACT-3816,2026-07-01,BLACKLIST,0x82def3990129e73531ad7a737ba54c76d34e507d,arbitrum,479364272,ISIL Khorasan,18647,Digital Currency Address - TRX,TMuBvwcgrTj6JysMmutXWaPjk1kREK2BDe,TRON_KEY_EQUIVALENCE,Unknown,FTO; SDGT,2015-09-29
CU-ACT-3817,2026-07-01,BLACKLIST,0x93e7a8bfd6c1f4af81db2ae9ea6b02e69a6da2bf,arbitrum,479365087,ISIL Khorasan,18647,Digital Currency Address - TRX,TPTFrDhx5tntyp5mRX423DaAe8aLDMUs31,TRON_KEY_EQUIVALENCE,Unknown,FTO; SDGT,2015-09-29
CU-ACT-3818,2026-07-01,BLACKLIST,0x26f4376ef74562f92876577e86b0bbb4fc05cdd6,arbitrum,479365681,ISIL Khorasan,18647,Digital Currency Address - TRX,TDXBEozXRJy7eBYNCoqrDMRCx5QBN4jCCt,TRON_KEY_EQUIVALENCE,Unknown,FTO; SDGT,2015-09-29
CU-ACT-3819,2026-07-01,BLACKLIST,0x91f7a5a79c0c660744496dd498a1601bfe670494,arbitrum,479366158,ISIL Khorasan,18647,Digital Currency Address - TRX,TPH1ehJuNY8cRuJgWTXoGuzkVpK5ckueLF,TRON_KEY_EQUIVALENCE,Unknown,FTO; SDGT,2015-09-29
CU-ACT-3820,2026-07-01,BLACKLIST,0x912b64c34d4c048c403d588df0fdae3b9b93b543,arbitrum,479366221,ISIL Khorasan,18647,Digital Currency Address - TRX,TPCnxv28xNbvtAaEppddvnfkjQpaFeAkV3,TRON_KEY_EQUIVALENCE,Unknown,FTO; SDGT,2015-09-29
CU-ACT-3821,2026-07-01,BLACKLIST,0xc4244fe10b9365766efa5a4f0baa124a750c8b4f,arbitrum,479366353,ISIL Khorasan,18647,Digital Currency Address - TRX,TTrJwfL8SCSWBXWAPcZV8Pd5fZf1rznRhz,TRON_KEY_EQUIVALENCE,Unknown,FTO; SDGT,2015-09-29
CU-ACT-3822,2026-07-01,BLACKLIST,0x4069dffc23210e939075300d5e50161d0cf868c7,arbitrum,479366511,ISIL Khorasan,18647,Digital Currency Address - TRX,TFqo5f16FJfSKesPxtGN4VN5HNZJebqMQX,TRON_KEY_EQUIVALENCE,Unknown,FTO; SDGT,2015-09-29
CU-ACT-3823,2026-07-01,BLACKLIST,0x81c483bf9bcdc0a31864ae7c1762425b67c2c467,arbitrum,479366959,ISIL Khorasan,18647,Digital Currency Address - TRX,TMoMat6oyJLKxSb6SfQWBWc7q5PSm3Gr6U,TRON_KEY_EQUIVALENCE,Unknown,FTO; SDGT,2015-09-29
CU-ACT-3824,2026-07-01,BLACKLIST,0x994aa9e584fdbe4df7934db56941fc19e70bb336,arbitrum,479367185,ISIL Khorasan,18647,Digital Currency Address - TRX,TPwjq8YuABThppKM5ppsuagBFwDhzpnY11,TRON_KEY_EQUIVALENCE,Unknown,FTO; SDGT,2015-09-29
CU-ACT-3825,2026-07-01,BLACKLIST,0x2d20b1d77f2f663f7fe745f8493d6744683544b8,arbitrum,479368126,ISIL Khorasan,18647,Digital Currency Address - TRX,TE5paMkU1hPr8BdjkSJLvEyUBxjKKSx1H6,TRON_KEY_EQUIVALENCE,Unknown,FTO; SDGT,2015-09-29
CU-ACT-3826,2026-07-01,BLACKLIST,0xc868071a9602dd0c8e8f277432c742fdac78442b,arbitrum,479368305,ISIL Khorasan,18647,Digital Currency Address - TRX,TUErmQ9GtRDGC4g4L5wjWS55Ju5hYfR3sa,TRON_KEY_EQUIVALENCE,Unknown,FTO; SDGT,2015-09-29
CU-ACT-3827,2026-07-01,BLACKLIST,0xab1a8d5e41dc0223973dbdfd1de14e3d567d81fb,arbitrum,479368825,ISIL Khorasan,18647,Digital Currency Address - TRX,TRZvMk2D4fmjGjtuZHRVpgw6yjk8NcjsHV,TRON_KEY_EQUIVALENCE,Unknown,FTO; SDGT,2015-09-29
CU-ACT-3828,2026-07-01,BLACKLIST,0x13c9c13507282550061c367f8f10527df835afc5,arbitrum,479369760,ISIL Khorasan,18647,Digital Currency Address - TRX,TBmqXsFNYTMkyw9jVGBAecGaLyLwbxFTM1,TRON_KEY_EQUIVALENCE,Unknown,FTO; SDGT,2015-09-29
CU-ACT-3829,2026-07-01,BLACKLIST,0x3ec58d2b0bce77282f2e415ac6596dc3f626f436,arbitrum,479369985,ISIL Khorasan,18647,Digital Currency Address - TRX,TFh7Z4qmdiT7opAYYLmNVXQJtVCkAtg7Zh,TRON_KEY_EQUIVALENCE,Unknown,FTO; SDGT,2015-09-29
CU-ACT-3830,2026-07-01,BLACKLIST,0xee366d650af5599f86289109ffb37ff0a2178b2f,arbitrum,479370284,ISIL Khorasan,18647,Digital Currency Address - TRX,TXgm2Pej4dHzh6oAJvaxAVFDevgGJqfSKr,TRON_KEY_EQUIVALENCE,Unknown,FTO; SDGT,2015-09-29
CU-ACT-3831,2026-07-01,BLACKLIST,0x5168da75329bca67a2c75642b7cab4f14482cb9d,arbitrum,479370633,ISIL Khorasan,18647,Digital Currency Address - TRX,THPfLwEGvHVgRzi7EMnviAFy5WG1feDH1p,TRON_KEY_EQUIVALENCE,Unknown,FTO; SDGT,2015-09-29
CU-ACT-3832,2026-07-01,BLACKLIST,0x70d6292f5b971c82fb6587a3cd740f64e98009c3,arbitrum,479371925,ISIL Khorasan,18647,Digital Currency Address - TRX,TLFqEhiG7RUSZ9x5iph99Ke5782dkgRnWf,TRON_KEY_EQUIVALENCE,Unknown,FTO; SDGT,2015-09-29
CU-ACT-3833,2026-07-13,BLACKLIST,0x1d19b52b54e7ef5ea1a4b40b616165e798eac9f8,arbitrum,483459798,Rashevskyi Dmytro,57978,Digital Currency Address - ETH,0x1d19b52b54e7ef5ea1a4b40b616165e798eac9f8,HEX_IDENTIFIER,Unknown,CYBER4,2026-07-13
CU-ACT-3834,2026-07-13,BLACKLIST,0x2c7dcd774b33e10367f7d6385479e04f97d179dc,arbitrum,483460263,Rashevskyi Dmytro,57978,Digital Currency Address - ETH,0x2C7DcD774b33e10367F7d6385479e04F97d179dc,HEX_IDENTIFIER,Unknown,CYBER4,2026-07-13
CU-ACT-3835,2026-07-13,BLACKLIST,0xbe7d33a802487f0b51e0191dc0c3772fa11a8f70,arbitrum,483461034,Rashevskyi Dmytro,57978,Digital Currency Address - TRX,TTLRNgLpz5H5tLPuNU4FViUs7zmmAtyvzW,TRON_KEY_EQUIVALENCE,Unknown,CYBER4,2026-07-13
CU-ACT-3836,2026-07-13,BLACKLIST,0x2711d73d559f62f4f855ee21f38378f528e07985,arbitrum,483461174,First VPN Service,57975,Digital Currency Address - ETH,0x2711d73d559f62f4f855ee21f38378f528e07985,HEX_IDENTIFIER,Unknown,CYBER4,2026-07-13
CU-ACT-3837,2026-07-13,BLACKLIST,0xcfbb0c9a2a99777b46211b380869f82cf20a635e,arbitrum,483461730,First VPN Service,57975,Digital Currency Address - TRX,TUuaxBAWfA5nmsqNfycxYrzEvz4a5GJMGY,TRON_KEY_EQUIVALENCE,Unknown,CYBER4,2026-07-13
CU-ACT-3838,2026-07-13,BLACKLIST,0x0e0d1899d3a6a9362bc215f1c5a9acaccb0de882,arbitrum,483462071,Rashevskyi Dmytro,57978,Digital Currency Address - TRX,TBFW9gF4oDX5cG44gS7AoxQeujScmm3z6h,TRON_KEY_EQUIVALENCE,Unknown,CYBER4,2026-07-13
CU-ACT-3839,2026-07-14,BLACKLIST,0x08151bd98c00015de698408de9405aa62115b5ee,arbitrum,483878734,BANK MARKAZI JOMHOURI ISLAMI IRAN,4632,Digital Currency Address - TRX,TAhwhFv3JpK39Nc2m8W5LPCcoTisutiRfp,TRON_KEY_EQUIVALENCE,Unknown,IFSR; IRAN; IRGC; SDGT,2010-06-16
CU-ACT-3840,2026-07-14,BLACKLIST,0x3ba6174651e3a0c3c6a7d42a75e6e00b039304d1,arbitrum,483879410,BANK MARKAZI JOMHOURI ISLAMI IRAN,4632,Digital Currency Address - TRX,TFQbqaNbmq2xsVor2NbufLkYZvxFC9wC7k,TRON_KEY_EQUIVALENCE,Unknown,IFSR; IRAN; IRGC; SDGT,2010-06-16
CU-ACT-3841,2026-07-14,BLACKLIST,0x5f077e9b16f30b9ecfaf5dc09294dcc98b8d395a,arbitrum,483879458,BANK MARKAZI JOMHOURI ISLAMI IRAN,4632,Digital Currency Address - TRX,TJdgB1k6ot3f2nLuZug6D8eD3HavTmzmSK,TRON_KEY_EQUIVALENCE,Unknown,IFSR; IRAN; IRGC; SDGT,2010-06-16
CU-ACT-3842,2026-07-14,BLACKLIST,0xe995da05f4e51871d5d2ef8496536a052138bc6a,arbitrum,483880345,BANK MARKAZI JOMHOURI ISLAMI IRAN,4632,Digital Currency Address - TRX,TXGHxdYbGy574z5hBu4LNzq9NzjZQ9bhUf,TRON_KEY_EQUIVALENCE,Unknown,IFSR; IRAN; IRGC; SDGT,2010-06-16
CU-ACT-3843,2026-07-23,BLACKLIST,0x07f57fafbd3055737c778184cdb7b30c65fb7a6e,arbitrum,486963930,Al-Jebouri Zaid Issam Ahmed الجبوري زيد عصام أحمد,58199,Digital Currency Address - TRX,TAhHpxPRwo1Bmm1A9m51uZ31tcB7EPq7SY,TRON_KEY_EQUIVALENCE,Unknown,SDGT,2026-07-23
CU-ACT-3844,2026-07-23,BLACKLIST,0x4b6d60a69a1386992e18f89241d183429ebc3a56,arbitrum,486964396,Al-Jebouri Zaid Issam Ahmed الجبوري زيد عصام أحمد,58199,Digital Currency Address - TRX,TGr2i8ZQiiMRjP3mWyQUH2MQBfKu8GJNqm,TRON_KEY_EQUIVALENCE,Unknown,SDGT,2026-07-23
CU-ACT-3845,2026-07-23,BLACKLIST,0x506d8d7c56a06723a52fde594638eeda23461d15,arbitrum,486964873,Al-Jebouri Zaid Issam Ahmed الجبوري زيد عصام أحمد,58199,Digital Currency Address - TRX,THJUJFyTnrBWb1ijWav7qfRBrjUuKgP49Z,TRON_KEY_EQUIVALENCE,Unknown,SDGT,2026-07-23
CU-ACT-3846,2026-07-23,BLACKLIST,0x76c7c4ff99ab9791d4e358e33a3f51c2c5d3ac8e,arbitrum,486965354,Al-Jebouri Zaid Issam Ahmed الجبوري زيد عصام أحمد,58199,Digital Currency Address - TRX,TLoG3vbjDgqmTD5bM7w9rMgA6ysaNReuRy,TRON_KEY_EQUIVALENCE,Unknown,SDGT,2026-07-23
CU-ACT-3847,2026-07-23,BLACKLIST,0x99929eed7638ac0f031a5d925409741f86f98be6,arbitrum,486965643,Al-Jebouri Zaid Issam Ahmed الجبوري زيد عصام أحمد,58199,Digital Currency Address - TRX,TPyE2oSoaysrXfLzwf9wetBVr9JudLwjtD,TRON_KEY_EQUIVALENCE,Unknown,SDGT,2026-07-23
CU-ACT-3848,2026-07-23,BLACKLIST,0xb690e524695f909e7dac090ff30b1fcfe557f597,arbitrum,486966109,Al-Jebouri Zaid Issam Ahmed الجبوري زيد عصام أحمد,58199,Digital Currency Address - TRX,TScXZTbDjjZ6a6jiC7dZjgCqfNo4vm7atV,TRON_KEY_EQUIVALENCE,Unknown,SDGT,2026-07-23
CU-ACT-3849,2026-07-23,BLACKLIST,0xd838b11133085016bc31ca78571067b0d77dc290,arbitrum,486966942,Al-Jebouri Zaid Issam Ahmed الجبوري زيد عصام أحمد,58199,Digital Currency Address - TRX,TVgUsVzA7mpFExP4zS7HHbtKti6UuBDuwZ,TRON_KEY_EQUIVALENCE,Unknown,SDGT,2026-07-23
CU-ACT-3853,2026-08-07,BLACKLIST,0x6b69e2a7545c166417a80c61a77562052bffa9c5,arbitrum,492146696,SHPS Shelbit,58287,Digital Currency Address - ETH,0x6b69e2a7545c166417a80c61a77562052bffa9c5,HEX_IDENTIFIER,Unknown,SDGT,2026-08-07
CU-ACT-3854,2026-08-07,BLACKLIST,0x8d79c73daae8630c88de372ba8f57592fa987607,arbitrum,492147123,Kayvanpour Siavash,58284,Digital Currency Address - ETH,0x8d79c73daae8630c88de372ba8f57592fa987607,HEX_IDENTIFIER,Unknown,IRGC; SDGT,2026-08-07
CU-ACT-3855,2026-08-07,BLACKLIST,0x967f32c544b6547f366123927d6dc0a3c6dcdfb9,arbitrum,492147776,Kayvanpour Siavash,58284,Digital Currency Address - TRX,TPgxjjB6AJeMSQFngbUM6dMMxPHa9GEtYa,TRON_KEY_EQUIVALENCE,Unknown,IRGC; SDGT,2026-08-07
CU-ACT-3856,2026-08-07,BLACKLIST,0xc02b8bcd6cea7162274b939410d466b755553175,arbitrum,492148675,CRYPTO HOME DMCC كريبتو هوم م.د.م.س,58258,Digital Currency Address - TRX,TTVJuXWCusAURrpNShiypauagEH1N4CrxV,TRON_KEY_EQUIVALENCE,Unknown,SDGT,2026-08-07
CU-ACT-3857,2026-08-07,BLACKLIST,0xbb69e01921b17cd22080968bcc96ba6115da6062,arbitrum,492148936,CRYPTO HOME DMCC كريبتو هوم م.د.م.س,58258,Digital Currency Address - ETH,0xbb69e01921b17cd22080968bcc96ba6115da6062,HEX_IDENTIFIER,Unknown,SDGT,2026-08-07
CU-ACT-3858,2026-08-07,BLACKLIST,0xe05f529f5284d75624eba386cb716928c3b54a2a,arbitrum,492149194,SHPS Shelbit,58287,Digital Currency Address - ETH,0xe05f529f5284d75624eba386cb716928c3b54a2a,HEX_IDENTIFIER,Unknown,SDGT,2026-08-07
CU-ACT-3859,2026-08-07,BLACKLIST,0xeaac716a919f3a032a7e5f4d803c799569c32bd4,arbitrum,492149673,SHPS Shelbit,58287,Digital Currency Address - TRX,TXN3hVukebhyYR31YPCYd7aJAvmUeXu1ab,TRON_KEY_EQUIVALENCE,Unknown,SDGT,2026-08-07
CU-ACT-3860,2026-04-24,BLACKLIST,0x8be1904f7e8d196ef670835e2893be5f75c1e63e,optimism,150728357,BANK MARKAZI JOMHOURI ISLAMI IRAN,4632,Digital Currency Address - TRX,TNiq9AXBp9EjUqhDhrwrfvAA8U3GUQZH81,TRON_KEY_EQUIVALENCE,Unknown,IFSR; IRAN; IRGC; SDGT,2010-06-16
CU-ACT-3861,2026-04-24,BLACKLIST,0xc29c4df7111a39030a037a3abc8dc68c8d1d8ceb,optimism,150728396,BANK MARKAZI JOMHOURI ISLAMI IRAN,4632,Digital Currency Address - TRX,TTiDLWE6fZK8okMJv6ijg42yrH6W2pjSr9,TRON_KEY_EQUIVALENCE,Unknown,IFSR; IRAN; IRGC; SDGT,2010-06-16
CU-ACT-3862,2026-05-20,BLACKLIST,0x038989cbb1710c72b9920dc4fa529158f463e72c,optimism,151845855,Ojeda Aviles Armando de Jesus,57107,Digital Currency Address - ETH,0x038989cbb1710c72b9920dc4fa529158f463e72c,HEX_IDENTIFIER,Unknown,ILLICIT-DRUGS-EO14059; SDGT,2026-05-20
CU-ACT-3863,2026-05-20,BLACKLIST,0x32da24ca413f3e7b53145d4737e172c3bdf81e3e,optimism,151845915,Ojeda Aviles Armando de Jesus,57107,Digital Currency Address - ETH,0x32dA24Ca413F3E7B53145D4737e172C3bdF81e3e,HEX_IDENTIFIER,Unknown,ILLICIT-DRUGS-EO14059; SDGT,2026-05-20
CU-ACT-3864,2026-05-20,BLACKLIST,0x14779cec0b117d5194c750c55ea1f42086631964,optimism,151845932,Ojeda Aviles Armando de Jesus,57107,Digital Currency Address - ETH,0x14779CEC0B117d5194c750C55Ea1f42086631964,HEX_IDENTIFIER,Unknown,ILLICIT-DRUGS-EO14059; SDGT,2026-05-20
CU-ACT-3865,2026-05-20,BLACKLIST,0x4f428c11dc82388fa5136d636e613ad923eb700b,optimism,151846025,Ojeda Aviles Armando de Jesus,57107,Digital Currency Address - ETH,0x4F428c11Dc82388fa5136D636e613ad923Eb700B,HEX_IDENTIFIER,Unknown,ILLICIT-DRUGS-EO14059; SDGT,2026-05-20
CU-ACT-3866,2026-05-20,BLACKLIST,0xac4cc4b68ea24bbfaac8fd127b67ed445accce22,optimism,151846046,Alarcon Palomares Rodrigo,57118,Digital Currency Address - ETH,0xaC4cC4B68ea24BbFAAC8fD127B67Ed445ACcCE22,HEX_IDENTIFIER,Unknown,ILLICIT-DRUGS-EO14059,2026-05-20
CU-ACT-3867,2026-05-20,BLACKLIST,0xf2235d55b2950a0b1317469d72d07ae65b2e27cb,optimism,151846182,Ojeda Aviles Armando de Jesus,57107,Digital Currency Address - ETH,0xf2235d55b2950a0b1317469d72d07ae65b2e27cb,HEX_IDENTIFIER,Unknown,ILLICIT-DRUGS-EO14059; SDGT,2026-05-20
CU-ACT-3871,2026-06-22,BLACKLIST,0x110cb5c5089fc35ba0deb718a291dd64f6d1bec8,optimism,153276459,Abderrahmane Miloud,57961,Digital Currency Address - TRX,TBXMiRqUp1XH1zLazWu8cWitMAScv4HsYq,TRON_KEY_EQUIVALENCE,Unknown,SDGT,2026-06-22
CU-ACT-3872,2026-06-22,BLACKLIST,0x2408302c960af24d6df5dee325b59ac59b2e55ce,optimism,153276509,Abderrahmane Miloud,57961,Digital Currency Address - TRX,TDFj8tYzfLDkwEMo4MJ2DfrbpMztuCCnan,TRON_KEY_EQUIVALENCE,Unknown,SDGT,2026-06-22
CU-ACT-3873,2026-07-01,BLACKLIST,0xce9f3bc87000393f625088ed40280a74682396cf,optimism,153660043,ISIL Khorasan,18647,Digital Currency Address - TRX,TUoixKFaWVsHxGWgnYyMzpkrT22YqU7VvH,TRON_KEY_EQUIVALENCE,Unknown,FTO; SDGT,2015-09-29
CU-ACT-3874,2026-07-01,BLACKLIST,0x1508e3c339f9e916595bfa6ea169aee265acf90c,optimism,153660108,ISIL Khorasan,18647,Digital Currency Address - TRX,TBtRqkiFzyuwe8nSAGQghxygAfwAF5eERq,TRON_KEY_EQUIVALENCE,Unknown,FTO; SDGT,2015-09-29
CU-ACT-3875,2026-07-01,BLACKLIST,0x0eaea039d805c9600de19d5a9aa6daf4d51979ed,optimism,153660140,ISIL Khorasan,18647,Digital Currency Address - TRX,TBJqexr1FfGxVKhDsKeou6FVLBW1aS1Ny7,TRON_KEY_EQUIVALENCE,Unknown,FTO; SDGT,2015-09-29
CU-ACT-3876,2026-07-01,BLACKLIST,0xc44b0630645bdf681c775df334cbd7530da813fa,optimism,153660236,ISIL Khorasan,18647,Digital Currency Address - TRX,TTs7KRq39547ruAsxb9brAPuTLy7h3U6H1,TRON_KEY_EQUIVALENCE,Unknown,FTO; SDGT,2015-09-29
CU-ACT-3877,2026-07-01,BLACKLIST,0x18db649c1400f3dfbbf71b8b99419edcb12a0947,optimism,153660269,ISIL Khorasan,18647,Digital Currency Address - TRX,TCEe3McjK9FWby8YsNmtRDwJt1x2s5dFTL,TRON_KEY_EQUIVALENCE,Unknown,FTO; SDGT,2015-09-29
CU-ACT-3878,2026-07-01,BLACKLIST,0x1f6aa4cd73fe9faf58727800b075d43caa106d46,optimism,153660317,ISIL Khorasan,18647,Digital Currency Address - TRX,TCqKhk7MpPnGH3UfygE1TRzUo92a5tuVy6,TRON_KEY_EQUIVALENCE,Unknown,FTO; SDGT,2015-09-29
CU-ACT-3879,2026-07-01,BLACKLIST,0xda916a1c12989829fb02a0241a7e70b5a1a4e905,optimism,153660353,ISIL Khorasan,18647,Digital Currency Address - TRX,TVttWTHTCU9kULP51m9BaHpmCW8H1BJJNQ,TRON_KEY_EQUIVALENCE,Unknown,FTO; SDGT,2015-09-29
CU-ACT-3880,2026-07-01,BLACKLIST,0xd67bb799b7d2dded7dd85802c5a6affec1108b94,optimism,153660473,ISIL Khorasan,18647,Digital Currency Address - TRX,TVXHp8bMrpRd5HGy3w1yu9f87qwRrMHFp8,TRON_KEY_EQUIVALENCE,Unknown,FTO; SDGT,2015-09-29
CU-ACT-3881,2026-07-01,BLACKLIST,0xb654159bc14f208000ec9e0ad287b321c7a3bf5c,optimism,153660495,ISIL Khorasan,18647,Digital Currency Address - TRX,TSbGiFzG9xFXUYgGA6RwbS3jvKNpeA4c3R,TRON_KEY_EQUIVALENCE,Unknown,FTO; SDGT,2015-09-29
CU-ACT-3882,2026-07-01,BLACKLIST,0x9b571ef4731f0c8539a629cc4c44fa4fd280c10d,optimism,153660509,ISIL Khorasan,18647,Digital Currency Address - TRX,TQ8a74SiDig3EDSC14tosLACWLbvaNYwCJ,TRON_KEY_EQUIVALENCE,Unknown,FTO; SDGT,2015-09-29
CU-ACT-3883,2026-07-01,BLACKLIST,0xe2b0c8cd5516cf733013712408add325081225ca,optimism,153660561,ISIL Khorasan,18647,Digital Currency Address - TRX,TWdqVcA3NyrNv71NgbMwKv3C5XMxj4XjSp,TRON_KEY_EQUIVALENCE,Unknown,FTO; SDGT,2015-09-29
CU-ACT-3884,2026-07-01,BLACKLIST,0xe6e1d9098b08fff5f8b3e27a02d4dca8ffcdf0a9,optimism,153660583,ISIL Khorasan,18647,Digital Currency Address - TRX,TX1zyMrYZNbtQx7yPZp4adZV5NbToGNrkS,TRON_KEY_EQUIVALENCE,Unknown,FTO; SDGT,2015-09-29
CU-ACT-3885,2026-07-01,BLACKLIST,0xd1d1443c710b2f295f72ef3bc8be04a28be3e0db,optimism,153660788,ISIL Khorasan,18647,Digital Currency Address - TRX,TV6cvFEMcfxGsWqgxpBrXZ35MkhdtdhT3G,TRON_KEY_EQUIVALENCE,Unknown,FTO; SDGT,2015-09-29
CU-ACT-3886,2026-07-01,BLACKLIST,0xb4a69b8228c1621eb22d9c6f1ef33926616f8218,optimism,153660816,ISIL Khorasan,18647,Digital Currency Address - TRX,TSSQDgExKUELagzAKTAcoLMviq4SZ1eTFm,TRON_KEY_EQUIVALENCE,Unknown,FTO; SDGT,2015-09-29
CU-ACT-3887,2026-07-01,BLACKLIST,0x203b0053ccb42ca09357dde941d251d888ec1044,optimism,153660874,ISIL Khorasan,18647,Digital Currency Address - TRX,TCudJgJ14kk3Ss2PEgsT15frztKpyG7HEh,TRON_KEY_EQUIVALENCE,Unknown,FTO; SDGT,2015-09-29
CU-ACT-3888,2026-07-01,BLACKLIST,0xcd211408b46bdbf03abb2eac205a01ceb1d86288,optimism,153660897,ISIL Khorasan,18647,Digital Currency Address - TRX,TUfq9hfP7qUDMoJbzkjG4GPtNxhZewqk8Z,TRON_KEY_EQUIVALENCE,Unknown,FTO; SDGT,2015-09-29
CU-ACT-3889,2026-07-01,BLACKLIST,0x545fd777d462df0acc99a188f2532a962e00df74,optimism,153660919,ISIL Khorasan,18647,Digital Currency Address - TRX,THfLaNMBAMz7xXnHoz5BkRMmrwuHKqfAfR,TRON_KEY_EQUIVALENCE,Unknown,FTO; SDGT,2015-09-29
CU-ACT-3890,2026-07-01,BLACKLIST,0xb2880d55b128cfa10cc32411e2311f59500e130b,optimism,153661104,ISIL Khorasan,18647,Digital Currency Address - TRX,TSFCGGbR57b56c4MXdiW5gzpD8j6cmimgo,TRON_KEY_EQUIVALENCE,Unknown,FTO; SDGT,2015-09-29
CU-ACT-3891,2026-07-01,BLACKLIST,0x6ee2a4ab3befdcfcd8c0844e853491f08971d899,optimism,153661117,ISIL Khorasan,18647,Digital Currency Address - TRX,TL5WqcFX7XkhVLLwaXrdr57gnjC4stBeSG,TRON_KEY_EQUIVALENCE,Unknown,FTO; SDGT,2015-09-29
CU-ACT-3892,2026-07-01,BLACKLIST,0x1e6983848eca149f9fc68b0a1616a1c4f62945aa,optimism,153661183,ISIL Khorasan,18647,Digital Currency Address - TRX,TCk1g37N3x6PDda63waydNQwqTUzFNpsrR,TRON_KEY_EQUIVALENCE,Unknown,FTO; SDGT,2015-09-29
CU-ACT-3893,2026-07-01,BLACKLIST,0xc73da1e718a4fbd1ce023d412ab34433922fba58,optimism,153661343,ISIL Khorasan,18647,Digital Currency Address - TRX,TU8hJXgHdxWuj4DaaBKQFUwDeB8B5Xacke,TRON_KEY_EQUIVALENCE,Unknown,FTO; SDGT,2015-09-29
CU-ACT-3894,2026-07-01,BLACKLIST,0x9789e42918dec6442a155fd2ba064d05d6db0ed2,optimism,153661497,ISIL Khorasan,18647,Digital Currency Address - TRX,TPnUDsrLYZg1UXGkpXSmhFEY5J5etfzE9S,TRON_KEY_EQUIVALENCE,Unknown,FTO; SDGT,2015-09-29
CU-ACT-3895,2026-07-01,BLACKLIST,0xe9d48628d685e121f48181616c71f88ec4020bf9,optimism,153661518,ISIL Khorasan,18647,Digital Currency Address - TRX,TXHb3BkGgYmygyS14MJKX8kTcFGT7dXN4r,TRON_KEY_EQUIVALENCE,Unknown,FTO; SDGT,2015-09-29
CU-ACT-3896,2026-07-01,BLACKLIST,0xd68022dc9dde9c9e1a613a1fb04a1de5758b563e,optimism,153661529,ISIL Khorasan,18647,Digital Currency Address - TRX,TVXP7Aj5KFUPKMQUrsU6F3wUsyiLiUaUje,TRON_KEY_EQUIVALENCE,Unknown,FTO; SDGT,2015-09-29
CU-ACT-3897,2026-07-01,BLACKLIST,0x2bbf8e01ef1349da89eb6d423a217582430e6dbc,optimism,153661534,ISIL Khorasan,18647,Digital Currency Address - TRX,TDxXXmCELgrb5VwYobDMyTKVTTdY9LjEjx,TRON_KEY_EQUIVALENCE,Unknown,FTO; SDGT,2015-09-29
CU-ACT-3898,2026-07-01,BLACKLIST,0x84be9d8d09cb26f31bb37771ecb06ebdd91101f9,optimism,153661571,ISIL Khorasan,18647,Digital Currency Address - TRX,TN56YaCBymut2xoiRvy3v2qZ2pYgmBAtSo,TRON_KEY_EQUIVALENCE,Unknown,FTO; SDGT,2015-09-29
CU-ACT-3899,2026-07-01,BLACKLIST,0xdd6184d750a5610e1094cc5b02a8ec1c7dc14be2,optimism,153661593,ISIL Khorasan,18647,Digital Currency Address - TRX,TW9mABkenngQyJBqce5khR9fNCBF5gsBFQ,TRON_KEY_EQUIVALENCE,Unknown,FTO; SDGT,2015-09-29
CU-ACT-3900,2026-07-01,BLACKLIST,0x30c7c36cb08138b620bc21611e18264c6a222583,optimism,153661733,ISIL Khorasan,18647,Digital Currency Address - TRX,TER8k4zWt3byuHyvyBkLstz3QVUUuBs9pt,TRON_KEY_EQUIVALENCE,Unknown,FTO; SDGT,2015-09-29
CU-ACT-3901,2026-07-01,BLACKLIST,0xef7c470bbcdd524c299304627180d6074ccbfdfd,optimism,153661754,ISIL Khorasan,18647,Digital Currency Address - TRX,TXoVNrqm11FFVKcF1vEND64gibVkr1HwAR,TRON_KEY_EQUIVALENCE,Unknown,FTO; SDGT,2015-09-29
CU-ACT-3902,2026-07-01,BLACKLIST,0x2277d63319a5d529c0ffecf1d4d93343713d9802,optimism,153661770,ISIL Khorasan,18647,Digital Currency Address - TRX,TD7TXyvmjPfJkfhJuQ58NXA9dX9q81mqAp,TRON_KEY_EQUIVALENCE,Unknown,FTO; SDGT,2015-09-29
CU-ACT-3903,2026-07-01,BLACKLIST,0x35ecfdb165bbc06d2cc19af466465c7ac9c3f7eb,optimism,153661878,ISIL Khorasan,18647,Digital Currency Address - TRX,TEtLieZwyjJTth7S5EJqUNjtSbM1ui9toK,TRON_KEY_EQUIVALENCE,Unknown,FTO; SDGT,2015-09-29
CU-ACT-3904,2026-07-01,BLACKLIST,0x2fbe2388dca7d240ebc72617fb2dd5890fea4dd2,optimism,153661900,ISIL Khorasan,18647,Digital Currency Address - TRX,TEKeY9i4CcVySJMmhuh2AxZhtgTmugYUMW,TRON_KEY_EQUIVALENCE,Unknown,FTO; SDGT,2015-09-29
CU-ACT-3905,2026-07-01,BLACKLIST,0xe5b46834ab6831f5d27c72237da310fef4552911,optimism,153661977,ISIL Khorasan,18647,Digital Currency Address - TRX,TWumrtaEaPCv8Bs9mXqKkhY5sZVd78QAdS,TRON_KEY_EQUIVALENCE,Unknown,FTO; SDGT,2015-09-29
CU-ACT-3906,2026-07-01,BLACKLIST,0x8c5a5d9b5bd20cea93295e0f12909d6ebf2f1989,optimism,153662064,ISIL Khorasan,18647,Digital Currency Address - TRX,TNmKrdYLPtFwPNWJUjrXdkQw4gSwpszUJd,TRON_KEY_EQUIVALENCE,Unknown,FTO; SDGT,2015-09-29
CU-ACT-3907,2026-07-01,BLACKLIST,0xb0fc46592a0795a23df08b2b25e953a5461805fb,optimism,153662089,ISIL Khorasan,18647,Digital Currency Address - TRX,TS729BUXeZWBhJGPKCdK75q7VU4nhkJkYT,TRON_KEY_EQUIVALENCE,Unknown,FTO; SDGT,2015-09-29
CU-ACT-3908,2026-07-01,BLACKLIST,0xc4b13cf26d06bd15db5b8efe9553710b9aae8acd,optimism,153662110,ISIL Khorasan,18647,Digital Currency Address - TRX,TTuDmNhu8A6koPJRUd8Q5RnsT1FMfrZnoj,TRON_KEY_EQUIVALENCE,Unknown,FTO; SDGT,2015-09-29
CU-ACT-3909,2026-07-01,BLACKLIST,0x2606d9411d6a4cab5b9e0bbd3cdef05f3f35854e,optimism,153662251,ISIL Khorasan,18647,Digital Currency Address - TRX,TDSGtCciE9yFKYzDj1kBBc3F7gosguDqwC,TRON_KEY_EQUIVALENCE,Unknown,FTO; SDGT,2015-09-29
CU-ACT-3910,2026-07-01,BLACKLIST,0x160ad9cb8202fe697e5b0991b65032787ce23dff,optimism,153662352,ISIL Khorasan,18647,Digital Currency Address - TRX,TByksCkUtMaYwHCSaetmAGufpeyfdXBrJk,TRON_KEY_EQUIVALENCE,Unknown,FTO; SDGT,2015-09-29
CU-ACT-3911,2026-07-01,BLACKLIST,0x0a9f2460bd9357ebc0e24654b83d43d701560500,optimism,153662412,ISIL Khorasan,18647,Digital Currency Address - TRX,TAwNQN5tmzJJ694PPuoFUxQY13quBs8YgA,TRON_KEY_EQUIVALENCE,Unknown,FTO; SDGT,2015-09-29
CU-ACT-3912,2026-07-01,BLACKLIST,0x45e8fcd87cefd8f53a1775c9781f50e8ca7e8b62,optimism,153662444,ISIL Khorasan,18647,Digital Currency Address - TRX,TGLrjZc9c48iMFB4ZmDnSjSRMq27MXPg2k,TRON_KEY_EQUIVALENCE,Unknown,FTO; SDGT,2015-09-29
CU-ACT-3913,2026-07-01,BLACKLIST,0xd82ffef8cb4f0f6a56fc2dd275879985307d1d3a,optimism,153662482,ISIL Khorasan,18647,Digital Currency Address - TRX,TVgJTK9qPg7wGTyeTG2MYF8aKMEx883xYU,TRON_KEY_EQUIVALENCE,Unknown,FTO; SDGT,2015-09-29
CU-ACT-3914,2026-07-01,BLACKLIST,0x75fd59164d2af087af5a90f7e1b7c3d05de93dee,optimism,153662505,ISIL Khorasan,18647,Digital Currency Address - TRX,TLj5ZRvem4DAdbZLTGU3qAbAdLQug57JVo,TRON_KEY_EQUIVALENCE,Unknown,FTO; SDGT,2015-09-29
CU-ACT-3915,2026-07-01,BLACKLIST,0x8960c337bb1bc8618e8c022277ca0d34d26ce06c,optimism,153662514,ISIL Khorasan,18647,Digital Currency Address - TRX,TNVbVXAgUT83Sv7E9oZwWutXqzs13sr6xN,TRON_KEY_EQUIVALENCE,Unknown,FTO; SDGT,2015-09-29
CU-ACT-3916,2026-07-01,BLACKLIST,0x97248ad2ee8453b901c646bddc256e4dca165452,optimism,153662565,ISIL Khorasan,18647,Digital Currency Address - TRX,TPkNp2Z5KiA1sLWpPMWsfNErVo2dHxc4iy,TRON_KEY_EQUIVALENCE,Unknown,FTO; SDGT,2015-09-29
CU-ACT-3917,2026-07-01,BLACKLIST,0x00e0c79525c9f846ee27f8ecf3dcfebb3a335dc7,optimism,153662576,ISIL Khorasan,18647,Digital Currency Address - TRX,TA3rH2A7iHnm6pKH8gr9cK1EZnShnmZdFg,TRON_KEY_EQUIVALENCE,Unknown,FTO; SDGT,2015-09-29
CU-ACT-3918,2026-07-01,BLACKLIST,0x464da77310220c0c1596f8339129907b16cd896f,optimism,153662608,ISIL Khorasan,18647,Digital Currency Address - TRX,TGNwKzHjYvYP2SwsrmCYrRRvCRdxQgLq1w,TRON_KEY_EQUIVALENCE,Unknown,FTO; SDGT,2015-09-29
CU-ACT-3919,2026-07-01,BLACKLIST,0x0ede87dc2bf535ebc2682340dfc33cc50363bc2b,optimism,153662696,ISIL Khorasan,18647,Digital Currency Address - TRX,TBKq3SzXigsGhQNzdCYocpt8RzoMh3uxAr,TRON_KEY_EQUIVALENCE,Unknown,FTO; SDGT,2015-09-29
CU-ACT-3920,2026-07-01,BLACKLIST,0xf72202e113a400891e8f91e1fec0c1cc9065d735,optimism,153662970,ISIL Khorasan,18647,Digital Currency Address - TRX,TYVveapkRkm5RHcDNPU9QnPk8N5RdsS4iY,TRON_KEY_EQUIVALENCE,Unknown,FTO; SDGT,2015-09-29
CU-ACT-3921,2026-07-01,BLACKLIST,0x0b1da2038535de65831e81f6fdc40f40b222e2b1,optimism,153663012,ISIL Khorasan,18647,Digital Currency Address - TRX,TAyyw6ZoTZexvTcN7WRR9t79JUFgSAvkL8,TRON_KEY_EQUIVALENCE,Unknown,FTO; SDGT,2015-09-29
CU-ACT-3922,2026-07-01,BLACKLIST,0x5b05ac96e74161c8edffb7e6368df33b4167583a,optimism,153663056,ISIL Khorasan,18647,Digital Currency Address - TRX,TJGVHmHVNuU1vsXGGALLoirPwoRZoMUuhg,TRON_KEY_EQUIVALENCE,Unknown,FTO; SDGT,2015-09-29
CU-ACT-3923,2026-07-01,BLACKLIST,0x7db839f22e388b5c427ef1ae4f1fe558012904bf,optimism,153663066,ISIL Khorasan,18647,Digital Currency Address - TRX,TMRxAJt87MVYnadWne53AxZFG1FPKGfoGz,TRON_KEY_EQUIVALENCE,Unknown,FTO; SDGT,2015-09-29
CU-ACT-3924,2026-07-01,BLACKLIST,0xad5c8f4ba4bb0b94feb63e97bb821f808d44507b,optimism,153663151,ISIL Khorasan,18647,Digital Currency Address - TRX,TRmrnQiUY1ofMcTQUXvgeauKcZPnmwUeUR,TRON_KEY_EQUIVALENCE,Unknown,FTO; SDGT,2015-09-29
CU-ACT-3925,2026-07-01,BLACKLIST,0xe646c85afde30e55d7196612efd37e5b058e9717,optimism,153663155,ISIL Khorasan,18647,Digital Currency Address - TRX,TWxoDF6qvjMUeTYRimaiARGsJTUnjrzZn3,TRON_KEY_EQUIVALENCE,Unknown,FTO; SDGT,2015-09-29
CU-ACT-3926,2026-07-01,BLACKLIST,0x1c165affe280c786303cce84f1eda9957de87779,optimism,153663164,ISIL Khorasan,18647,Digital Currency Address - TRX,TCXihiScsAodR942Xq45df9qQAdr5nhkjQ,TRON_KEY_EQUIVALENCE,Unknown,FTO; SDGT,2015-09-29
CU-ACT-3927,2026-07-01,BLACKLIST,0x6440312463c98262b0768ac4f8e7232fb58caced,optimism,153663224,ISIL Khorasan,18647,Digital Currency Address - TRX,TK7HUNru8YLMz7vv8kzWRPrE2ZSgZeCaHV,TRON_KEY_EQUIVALENCE,Unknown,FTO; SDGT,2015-09-29
CU-ACT-3928,2026-07-01,BLACKLIST,0xa112c8cb691f58754269ce81c73a9dc92e63159f,optimism,153663266,ISIL Khorasan,18647,Digital Currency Address - TRX,TQetJ6xMqvv2Fu4ftD9UdBhuaKem5HbMou,TRON_KEY_EQUIVALENCE,Unknown,FTO; SDGT,2015-09-29
CU-ACT-3929,2026-07-01,BLACKLIST,0xf37ffa0e4829aa159af625c48276c4e632f4400c,optimism,153663282,ISIL Khorasan,18647,Digital Currency Address - TRX,TYAiWf2KhXrGuWxmCPaJgC6zNYwFuKtioi,TRON_KEY_EQUIVALENCE,Unknown,FTO; SDGT,2015-09-29
CU-ACT-3930,2026-07-01,BLACKLIST,0xd1b4671abd7c3db9f5d99b98918ebf8cbd41ea33,optimism,153663384,ISIL Khorasan,18647,Digital Currency Address - TRX,TV62LkiP1GiNdFCJEdY3xf6GdNLCCi6mfu,TRON_KEY_EQUIVALENCE,Unknown,FTO; SDGT,2015-09-29
CU-ACT-3931,2026-07-01,BLACKLIST,0xddc63d69ed992e2617d54950a8cea70e2127c412,optimism,153663545,ISIL Khorasan,18647,Digital Currency Address - TRX,TWBqpQLDPCrXgRW1X9yFqR8NFfjyFSq5k4,TRON_KEY_EQUIVALENCE,Unknown,FTO; SDGT,2015-09-29
CU-ACT-3932,2026-07-01,BLACKLIST,0xdd8cf42ff365caebbed4f48190ca79286b0e66c7,optimism,153663565,ISIL Khorasan,18647,Digital Currency Address - TRX,TWAfC6htS1FyFv1r3aKENuD8DQGMzBbP8L,TRON_KEY_EQUIVALENCE,Unknown,FTO; SDGT,2015-09-29
CU-ACT-3933,2026-07-01,BLACKLIST,0xb251e1f30c697905287d3e1be1fb0fffc01ce633,optimism,153663566,ISIL Khorasan,18647,Digital Currency Address - TRX,TSE5NWTJckiN8hJCUzwB3RgsMbdF4uCrmr,TRON_KEY_EQUIVALENCE,Unknown,FTO; SDGT,2015-09-29
CU-ACT-3934,2026-07-01,BLACKLIST,0x0b57cde36e6e0c31a10442076dfd03ff8038507d,optimism,153663586,ISIL Khorasan,18647,Digital Currency Address - TRX,TB1Bcv3x8mg7PVV4nVM48pgHJKcYboTypU,TRON_KEY_EQUIVALENCE,Unknown,FTO; SDGT,2015-09-29
CU-ACT-3935,2026-07-01,BLACKLIST,0x2d415662ce7ddd1e89c4bbf8f527f7e06811248e,optimism,153663666,ISIL Khorasan,18647,Digital Currency Address - TRX,TE6VgR7rAuY4kuzCjdSVCZFXPjjzSQYY7X,TRON_KEY_EQUIVALENCE,Unknown,FTO; SDGT,2015-09-29
CU-ACT-3936,2026-07-01,BLACKLIST,0x28facff64babe25658bb4635af41aaa019f9deee,optimism,153663824,ISIL Khorasan,18647,Digital Currency Address - TRX,TDhtVUnmYwWfzWVrnzryr3fbQo8VTvj4ji,TRON_KEY_EQUIVALENCE,Unknown,FTO; SDGT,2015-09-29
CU-ACT-3937,2026-07-01,BLACKLIST,0x1b78a412cc1078fd5719a3379085647ca4ba0e5f,optimism,153663858,ISIL Khorasan,18647,Digital Currency Address - TRX,TCUTmWspsaJb3U5JUs5AhVcGwaftyK1qtp,TRON_KEY_EQUIVALENCE,Unknown,FTO; SDGT,2015-09-29
CU-ACT-3938,2026-07-01,BLACKLIST,0x0c1ee706f91a56fc96e2f260c670bd4bf3002696,optimism,153663900,ISIL Khorasan,18647,Digital Currency Address - TRX,TB5J8W166YTUmtpUsy4XnNTKLVtesuE9eV,TRON_KEY_EQUIVALENCE,Unknown,FTO; SDGT,2015-09-29
CU-ACT-3939,2026-07-01,BLACKLIST,0x803a9bd5e917e32bd7bcde526e656254417c5a86,optimism,153664099,ISIL Khorasan,18647,Digital Currency Address - TRX,TMfDhpUqW5W6HcMPXFaJfaiY271CYa51Hs,TRON_KEY_EQUIVALENCE,Unknown,FTO; SDGT,2015-09-29
CU-ACT-3940,2026-07-01,BLACKLIST,0xfbc3ca4a4b808bef72c54b872caa59e5e69c783e,optimism,153664131,ISIL Khorasan,18647,Digital Currency Address - TRX,TYvR9x3Dqx39s9rooaSAHwVwF8psBrcFBV,TRON_KEY_EQUIVALENCE,Unknown,FTO; SDGT,2015-09-29
CU-ACT-3941,2026-07-01,BLACKLIST,0x12f3acd05ddc70d333ca7e8d9a36513997cfb08f,optimism,153664152,ISIL Khorasan,18647,Digital Currency Address - TRX,TBhR5MLrTsNZ8FUyKgzdrCjWkYD2orYLdx,TRON_KEY_EQUIVALENCE,Unknown,FTO; SDGT,2015-09-29
CU-ACT-3942,2026-07-01,BLACKLIST,0x2907a4de925af9434bcf176957dcbfeac49afc46,optimism,153664237,ISIL Khorasan,18647,Digital Currency Address - TRX,TDi9s3GeAtFBbUvGxqXiZnxiaH9QpqjYFn,TRON_KEY_EQUIVALENCE,Unknown,FTO; SDGT,2015-09-29
CU-ACT-3943,2026-07-01,BLACKLIST,0x24545819f879db1a8df28fe0fd7f8ee4b7025977,optimism,153664275,ISIL Khorasan,18647,Digital Currency Address - TRX,TDHJNJHosn6xNDxMecFZwXyTzE9bYGXp9L,TRON_KEY_EQUIVALENCE,Unknown,FTO; SDGT,2015-09-29
CU-ACT-3944,2026-07-01,BLACKLIST,0x2e2983271415c0aa7950277186f10c0676f5cac2,optimism,153664318,ISIL Khorasan,18647,Digital Currency Address - TRX,TEBHpD6iiAqhyS4w7zZFmD1rrv65a5HVTD,TRON_KEY_EQUIVALENCE,Unknown,FTO; SDGT,2015-09-29
CU-ACT-3945,2026-07-01,BLACKLIST,0xd086c684646d4eba389c5d97e57d5b2bee3826b7,optimism,153664342,ISIL Khorasan,18647,Digital Currency Address - TRX,TUyo1Kfnnjr2iMQdZxLWPX1U8Xiy1Wz5z5,TRON_KEY_EQUIVALENCE,Unknown,FTO; SDGT,2015-09-29
CU-ACT-3946,2026-07-01,BLACKLIST,0x81d0eac7c2e42b221bd2e5bd5f9ddc0dcc9f6f30,optimism,153664352,ISIL Khorasan,18647,Digital Currency Address - TRX,TMocScwSbSn2cqRCHVkzZSEar3Jk5AsXgo,TRON_KEY_EQUIVALENCE,Unknown,FTO; SDGT,2015-09-29
CU-ACT-3947,2026-07-01,BLACKLIST,0x68c15054d74c86ffca1e23a3802a27bab1735395,optimism,153664420,ISIL Khorasan,18647,Digital Currency Address - TRX,TKX6rgpGpGrJWzf1qXUUSNL5cYHQt7Z9rY,TRON_KEY_EQUIVALENCE,Unknown,FTO; SDGT,2015-09-29
CU-ACT-3948,2026-07-01,BLACKLIST,0x56bf68cd5ad0cafc5e3cb7da826914359592eb62,optimism,153664506,ISIL Khorasan,18647,Digital Currency Address - TRX,THstQuwNidzC4YeJ7uPowf55ZdVZtGcHJ5,TRON_KEY_EQUIVALENCE,Unknown,FTO; SDGT,2015-09-29
CU-ACT-3949,2026-07-01,BLACKLIST,0xe4814881a36d2c543b5acc30a7ee9868b0c810da,optimism,153664538,ISIL Khorasan,18647,Digital Currency Address - TRX,TWoRwYzsifrD79DHDpTHC8fq787MvH9Qro,TRON_KEY_EQUIVALENCE,Unknown,FTO; SDGT,2015-09-29
CU-ACT-3950,2026-07-01,BLACKLIST,0x9f4f225d3fa34d498adbfd6898e2b30850859059,optimism,153664556,ISIL Khorasan,18647,Digital Currency Address - TRX,TQVZEuLHacexyJX3nZStaPzxceS63C9bax,TRON_KEY_EQUIVALENCE,Unknown,FTO; SDGT,2015-09-29
CU-ACT-3951,2026-07-01,BLACKLIST,0x07d28de0bbd45f2ef8f89621f9f504ed72f34d92,optimism,153664599,ISIL Khorasan,18647,Digital Currency Address - TRX,TAgZxxuvfuKYJY5UPC1DXF8NPHbKtTzEGu,TRON_KEY_EQUIVALENCE,Unknown,FTO; SDGT,2015-09-29
CU-ACT-3952,2026-07-01,BLACKLIST,0xa05b377f4ae52727a59bcb7a82d6a20356f6b0b4,optimism,153664674,ISIL Khorasan,18647,Digital Currency Address - TRX,TQb6Pc4PmfUdUokLq5ygNioj4PnodNak9b,TRON_KEY_EQUIVALENCE,Unknown,FTO; SDGT,2015-09-29
CU-ACT-3953,2026-07-01,BLACKLIST,0x95bcc8bbd8f91b255baf9ecf54f15e74b9959af2,optimism,153664688,ISIL Khorasan,18647,Digital Currency Address - TRX,TPcwqbJ3ViWMUQMiKfMjDM7VTiCzdRu1cH,TRON_KEY_EQUIVALENCE,Unknown,FTO; SDGT,2015-09-29
CU-ACT-3954,2026-07-01,BLACKLIST,0xa570df663c1b522f3dacd6f96320e65f8206ed0d,optimism,153664704,ISIL Khorasan,18647,Digital Currency Address - TRX,TR3yiEuFrbBnP8X5DKYFjRxCwbxcYyftD4,TRON_KEY_EQUIVALENCE,Unknown,FTO; SDGT,2015-09-29
CU-ACT-3955,2026-07-01,BLACKLIST,0x26eddc84e46104b944f871c0f3fbd8256197d5ca,optimism,153664892,ISIL Khorasan,18647,Digital Currency Address - TRX,TDX3dFNPvJeA9eVLLNqf1ixr4U2ktcDmoD,TRON_KEY_EQUIVALENCE,Unknown,FTO; SDGT,2015-09-29
CU-ACT-3956,2026-07-01,BLACKLIST,0x20e60fa8673fa61d574b42a13ae805c312777241,optimism,153664897,ISIL Khorasan,18647,Digital Currency Address - TRX,TCyAE8Lxa1rmTThhE5Z3X95PC9rgMrReMX,TRON_KEY_EQUIVALENCE,Unknown,FTO; SDGT,2015-09-29
CU-ACT-3957,2026-07-01,BLACKLIST,0x878ebd5e809aca3dc01856d5fa924a405e34dad6,optimism,153664953,ISIL Khorasan,18647,Digital Currency Address - TRX,TNKyDgjn2WHZwHhH2Mj5AGMnK4moBX9xQd,TRON_KEY_EQUIVALENCE,Unknown,FTO; SDGT,2015-09-29
CU-ACT-3958,2026-07-01,BLACKLIST,0xd3faecadc1f752234b6079299f570def99976f7c,optimism,153665087,ISIL Khorasan,18647,Digital Currency Address - TRX,TVJ4B5R8c8dS65NtUXpZPMGUpCRq8BQUrC,TRON_KEY_EQUIVALENCE,Unknown,FTO; SDGT,2015-09-29
CU-ACT-3959,2026-07-01,BLACKLIST,0xb79a667da76ba369583ba333c4eb4b005c5b657a,optimism,153665290,ISIL Khorasan,18647,Digital Currency Address - TRX,TSi1d66cgg3cPm9L6c2ZD8K1381XusSjkc,TRON_KEY_EQUIVALENCE,Unknown,FTO; SDGT,2015-09-29
CU-ACT-3960,2026-07-01,BLACKLIST,0x5a43b964288ce2b4b7de0cae544531bf94a8b79f,optimism,153665308,ISIL Khorasan,18647,Digital Currency Address - TRX,TJCUwt9EKeTyzDw42658h8aYxQXScLdCZR,TRON_KEY_EQUIVALENCE,Unknown,FTO; SDGT,2015-09-29
CU-ACT-3961,2026-07-01,BLACKLIST,0xa6358db3812ce9a11eb8aa2f954e36711ed015f6,optimism,153665317,ISIL Khorasan,18647,Digital Currency Address - TRX,TR83KsDjUKeds62PcAgo7BfhPJPSpMk7Ba,TRON_KEY_EQUIVALENCE,Unknown,FTO; SDGT,2015-09-29
CU-ACT-3962,2026-07-01,BLACKLIST,0x12f59283c23ff1b2ad7a8730b6cf41df25435570,optimism,153665338,ISIL Khorasan,18647,Digital Currency Address - TRX,TBhTMBAaEWiTtMgMdJ97ZmYotgHeY543cc,TRON_KEY_EQUIVALENCE,Unknown,FTO; SDGT,2015-09-29
CU-ACT-3963,2026-07-01,BLACKLIST,0x31424423746e69795da87d93bef987cc9aebe8d6,optimism,153665478,ISIL Khorasan,18647,Digital Currency Address - TRX,TETfViHWf9ZNB6WJgZBRMB48pTaBFo5Rmd,TRON_KEY_EQUIVALENCE,Unknown,FTO; SDGT,2015-09-29
CU-ACT-3964,2026-07-01,BLACKLIST,0xa38ffbe2722007f682e4985420acfce172c8b421,optimism,153665499,ISIL Khorasan,18647,Digital Currency Address - TRX,TQt3dWHiPdaKioG7nwovoTDUtxfimyuxYa,TRON_KEY_EQUIVALENCE,Unknown,FTO; SDGT,2015-09-29
CU-ACT-3965,2026-07-01,BLACKLIST,0x7077f6f05c0c435bde0d145613425fc17ce10a5a,optimism,153665554,ISIL Khorasan,18647,Digital Currency Address - TRX,TLDtPq9PQsDuQunME8CSeVdYaLtRdrVgoJ,TRON_KEY_EQUIVALENCE,Unknown,FTO; SDGT,2015-09-29
CU-ACT-3966,2026-07-01,BLACKLIST,0x3e4b5fa3fe3fdb48f0865b2088e3beafe915eb63,optimism,153665579,ISIL Khorasan,18647,Digital Currency Address - TRX,TFebC149jCDiow1MBphhfpHDLeMAKRNrqJ,TRON_KEY_EQUIVALENCE,Unknown,FTO; SDGT,2015-09-29
CU-ACT-3967,2026-07-01,BLACKLIST,0x18855af93d521cf39fa8a1342a06562661725420,optimism,153665615,ISIL Khorasan,18647,Digital Currency Address - TRX,TCCryMcQb5A5FSYkmcVy26Nd8J1FWHtfWh,TRON_KEY_EQUIVALENCE,Unknown,FTO; SDGT,2015-09-29
CU-ACT-3968,2026-07-01,BLACKLIST,0x701f00ebbcd4c09d6a7a9f89023cbf400c318504,optimism,153665616,ISIL Khorasan,18647,Digital Currency Address - TRX,TLC3piEQ5n4tcULKHqLTGhmYFUyHUVSxck,TRON_KEY_EQUIVALENCE,Unknown,FTO; SDGT,2015-09-29
CU-ACT-3969,2026-07-01,BLACKLIST,0x2d0d0dcf83adde53fcde96af5fbcd1367944a2d8,optimism,153665667,ISIL Khorasan,18647,Digital Currency Address - TRX,TE5R3hJ6REap6vh14YAqjXczKrYaiteTy3,TRON_KEY_EQUIVALENCE,Unknown,FTO; SDGT,2015-09-29
CU-ACT-3970,2026-07-01,BLACKLIST,0xae1174ea8e2ce28b7db322f675be24507a37aabd,optimism,153665797,ISIL Khorasan,18647,Digital Currency Address - TRX,TRqbVMHWck3j2vKzA16L69v3cwuoyQSY8L,TRON_KEY_EQUIVALENCE,Unknown,FTO; SDGT,2015-09-29
CU-ACT-3971,2026-07-01,BLACKLIST,0xf0eaf0fa72283fb86ebd5d462cc5c7e97d640308,optimism,153665825,ISIL Khorasan,18647,Digital Currency Address - TRX,TXw4d7BseHBn6sneMUzm4nEdfPVjuJGEH9,TRON_KEY_EQUIVALENCE,Unknown,FTO; SDGT,2015-09-29
CU-ACT-3972,2026-07-01,BLACKLIST,0xaa678643e6c27b8508d91bf152b581b94b8c6cbf,optimism,153665980,ISIL Khorasan,18647,Digital Currency Address - TRX,TRWDtgCfXzTcMv8W6iJxh6umeqeF3zG7n5,TRON_KEY_EQUIVALENCE,Unknown,FTO; SDGT,2015-09-29
CU-ACT-3973,2026-07-01,BLACKLIST,0x01ab57e94386817f1d3d3549c2e3ad5d2622de2b,optimism,153666064,ISIL Khorasan,18647,Digital Currency Address - TRX,TA82wQ77kb9DieW4C8q7C4KwMfnCzfziqN,TRON_KEY_EQUIVALENCE,Unknown,FTO; SDGT,2015-09-29
CU-ACT-3974,2026-07-01,BLACKLIST,0x8711522cdb2f89df2d99dea0c1cb68ce2ee3016a,optimism,153666135,ISIL Khorasan,18647,Digital Currency Address - TRX,TNHNySUf8LMzhzSiQnHCXCbgatscQbM4ZQ,TRON_KEY_EQUIVALENCE,Unknown,FTO; SDGT,2015-09-29
CU-ACT-3975,2026-07-01,BLACKLIST,0x1796486b359f2084f9e1585a491545d38d6db391,optimism,153666148,ISIL Khorasan,18647,Digital Currency Address - TRX,TC7vaJsxZteEEnnm2EFm9BRSZvezvsuA86,TRON_KEY_EQUIVALENCE,Unknown,FTO; SDGT,2015-09-29
CU-ACT-3976,2026-07-01,BLACKLIST,0xcc8b73b5a7b3c88478c1a3d0eb34c7c5dc9f686f,optimism,153666180,ISIL Khorasan,18647,Digital Currency Address - TRX,TUcjuVB6RFvsMgE352Kdc3VHvFvteti97B,TRON_KEY_EQUIVALENCE,Unknown,FTO; SDGT,2015-09-29
CU-ACT-3977,2026-07-01,BLACKLIST,0x93e7a8bfd6c1f4af81db2ae9ea6b02e69a6da2bf,optimism,153666223,ISIL Khorasan,18647,Digital Currency Address - TRX,TPTFrDhx5tntyp5mRX423DaAe8aLDMUs31,TRON_KEY_EQUIVALENCE,Unknown,FTO; SDGT,2015-09-29
CU-ACT-3978,2026-07-01,BLACKLIST,0xd5f14e80acaf51d5970eba2851685b32f5a97e00,optimism,153666340,ISIL Khorasan,18647,Digital Currency Address - TRX,TVUS1CVQnnzoJG8PBWkcWyf7DkLrS8yh5Z,TRON_KEY_EQUIVALENCE,Unknown,FTO; SDGT,2015-09-29
CU-ACT-3979,2026-07-01,BLACKLIST,0xcc794fdec285f2b5461b6b2aee7d0511cde8cda7,optimism,153666346,ISIL Khorasan,18647,Digital Currency Address - TRX,TUcNB6c22JmcwXbbbuv9HVPeVqv5HSiTwQ,TRON_KEY_EQUIVALENCE,Unknown,FTO; SDGT,2015-09-29
CU-ACT-3980,2026-07-01,BLACKLIST,0x12964e45547b54b00faab3f8babc22ff7fe45609,optimism,153666447,ISIL Khorasan,18647,Digital Currency Address - TRX,TBfVDwNS6hC2Ln2qTLTRKMMPddscFEhhrU,TRON_KEY_EQUIVALENCE,Unknown,FTO; SDGT,2015-09-29
CU-ACT-3981,2026-07-01,BLACKLIST,0x8eec746c6fc6dda84f44c82ca94818281c23e1f1,optimism,153666534,ISIL Khorasan,18647,Digital Currency Address - TRX,TNzvDTvcQTaY9jFrv85JnqibnGcudePj1z,TRON_KEY_EQUIVALENCE,Unknown,FTO; SDGT,2015-09-29
CU-ACT-3982,2026-07-01,BLACKLIST,0xcc0bf752565564606f37c647249da56838671a7d,optimism,153666620,ISIL Khorasan,18647,Digital Currency Address - TRX,TUa7BcRjT3eT7kPyNWPvHQkz4qF9v68D7A,TRON_KEY_EQUIVALENCE,Unknown,FTO; SDGT,2015-09-29
CU-ACT-3983,2026-07-01,BLACKLIST,0x1ed13e7c465a3850f8f9e0b503587ba514017536,optimism,153666655,ISIL Khorasan,18647,Digital Currency Address - TRX,TCn9wM828B1GtsVn8kUaCvoE3RpfCAmtEB,TRON_KEY_EQUIVALENCE,Unknown,FTO; SDGT,2015-09-29
CU-ACT-3984,2026-07-01,BLACKLIST,0xeb3c18a88bd40c776cdf6c3986edbc39f30a731d,optimism,153666683,ISIL Khorasan,18647,Digital Currency Address - TRX,TXR1nhqAek4c5Dq9EfjQLarcBWR9Jp6N7m,TRON_KEY_EQUIVALENCE,Unknown,FTO; SDGT,2015-09-29
CU-ACT-3985,2026-07-01,BLACKLIST,0x81c483bf9bcdc0a31864ae7c1762425b67c2c467,optimism,153666894,ISIL Khorasan,18647,Digital Currency Address - TRX,TMoMat6oyJLKxSb6SfQWBWc7q5PSm3Gr6U,TRON_KEY_EQUIVALENCE,Unknown,FTO; SDGT,2015-09-29
CU-ACT-3986,2026-07-01,BLACKLIST,0x994aa9e584fdbe4df7934db56941fc19e70bb336,optimism,153667038,ISIL Khorasan,18647,Digital Currency Address - TRX,TPwjq8YuABThppKM5ppsuagBFwDhzpnY11,TRON_KEY_EQUIVALENCE,Unknown,FTO; SDGT,2015-09-29
CU-ACT-3987,2026-07-01,BLACKLIST,0x8d7e10e5fa9ce28f5a7f49760b59f5ad992bddce,optimism,153667067,ISIL Khorasan,18647,Digital Currency Address - TRX,TNsMJKvAtqiWntAnrcS8jkugL37FGzoqss,TRON_KEY_EQUIVALENCE,Unknown,FTO; SDGT,2015-09-29
CU-ACT-3988,2026-07-01,BLACKLIST,0x3beaf4486e9c6a4feae23ed9296844588a61604c,optimism,153667137,ISIL Khorasan,18647,Digital Currency Address - TRX,TFS2LHNcrffdAVRHpDUpNvnmCHs78cSNbz,TRON_KEY_EQUIVALENCE,Unknown,FTO; SDGT,2015-09-29
CU-ACT-3989,2026-07-01,BLACKLIST,0xc4244fe10b9365766efa5a4f0baa124a750c8b4f,optimism,153667139,ISIL Khorasan,18647,Digital Currency Address - TRX,TTrJwfL8SCSWBXWAPcZV8Pd5fZf1rznRhz,TRON_KEY_EQUIVALENCE,Unknown,FTO; SDGT,2015-09-29
CU-ACT-3990,2026-07-01,BLACKLIST,0x410450013674ad6e67c8c0c0d4cf71656cf1e4b4,optimism,153667169,ISIL Khorasan,18647,Digital Currency Address - TRX,TFtz6Ae6NNo9VvhnVrj6V1RyEFMtZQMh3r,TRON_KEY_EQUIVALENCE,Unknown,FTO; SDGT,2015-09-29
CU-ACT-3991,2026-07-01,BLACKLIST,0x912b64c34d4c048c403d588df0fdae3b9b93b543,optimism,153667229,ISIL Khorasan,18647,Digital Currency Address - TRX,TPCnxv28xNbvtAaEppddvnfkjQpaFeAkV3,TRON_KEY_EQUIVALENCE,Unknown,FTO; SDGT,2015-09-29
CU-ACT-3992,2026-07-01,BLACKLIST,0x4069dffc23210e939075300d5e50161d0cf868c7,optimism,153667297,ISIL Khorasan,18647,Digital Currency Address - TRX,TFqo5f16FJfSKesPxtGN4VN5HNZJebqMQX,TRON_KEY_EQUIVALENCE,Unknown,FTO; SDGT,2015-09-29
CU-ACT-3993,2026-07-01,BLACKLIST,0x2d20b1d77f2f663f7fe745f8493d6744683544b8,optimism,153667357,ISIL Khorasan,18647,Digital Currency Address - TRX,TE5paMkU1hPr8BdjkSJLvEyUBxjKKSx1H6,TRON_KEY_EQUIVALENCE,Unknown,FTO; SDGT,2015-09-29
CU-ACT-3994,2026-07-01,BLACKLIST,0xc868071a9602dd0c8e8f277432c742fdac78442b,optimism,153667362,ISIL Khorasan,18647,Digital Currency Address - TRX,TUErmQ9GtRDGC4g4L5wjWS55Ju5hYfR3sa,TRON_KEY_EQUIVALENCE,Unknown,FTO; SDGT,2015-09-29
CU-ACT-3995,2026-07-01,BLACKLIST,0x26f4376ef74562f92876577e86b0bbb4fc05cdd6,optimism,153667365,ISIL Khorasan,18647,Digital Currency Address - TRX,TDXBEozXRJy7eBYNCoqrDMRCx5QBN4jCCt,TRON_KEY_EQUIVALENCE,Unknown,FTO; SDGT,2015-09-29
CU-ACT-3996,2026-07-01,BLACKLIST,0xee366d650af5599f86289109ffb37ff0a2178b2f,optimism,153667371,ISIL Khorasan,18647,Digital Currency Address - TRX,TXgm2Pej4dHzh6oAJvaxAVFDevgGJqfSKr,TRON_KEY_EQUIVALENCE,Unknown,FTO; SDGT,2015-09-29
CU-ACT-3997,2026-07-01,BLACKLIST,0x5168da75329bca67a2c75642b7cab4f14482cb9d,optimism,153667510,ISIL Khorasan,18647,Digital Currency Address - TRX,THPfLwEGvHVgRzi7EMnviAFy5WG1feDH1p,TRON_KEY_EQUIVALENCE,Unknown,FTO; SDGT,2015-09-29
CU-ACT-3998,2026-07-01,BLACKLIST,0x3ec58d2b0bce77282f2e415ac6596dc3f626f436,optimism,153667574,ISIL Khorasan,18647,Digital Currency Address - TRX,TFh7Z4qmdiT7opAYYLmNVXQJtVCkAtg7Zh,TRON_KEY_EQUIVALENCE,Unknown,FTO; SDGT,2015-09-29
CU-ACT-3999,2026-07-01,BLACKLIST,0x13c9c13507282550061c367f8f10527df835afc5,optimism,153667634,ISIL Khorasan,18647,Digital Currency Address - TRX,TBmqXsFNYTMkyw9jVGBAecGaLyLwbxFTM1,TRON_KEY_EQUIVALENCE,Unknown,FTO; SDGT,2015-09-29
CU-ACT-4000,2026-07-01,BLACKLIST,0x91f7a5a79c0c660744496dd498a1601bfe670494,optimism,153667733,ISIL Khorasan,18647,Digital Currency Address - TRX,TPH1ehJuNY8cRuJgWTXoGuzkVpK5ckueLF,TRON_KEY_EQUIVALENCE,Unknown,FTO; SDGT,2015-09-29
CU-ACT-4001,2026-07-01,BLACKLIST,0xab1a8d5e41dc0223973dbdfd1de14e3d567d81fb,optimism,153667779,ISIL Khorasan,18647,Digital Currency Address - TRX,TRZvMk2D4fmjGjtuZHRVpgw6yjk8NcjsHV,TRON_KEY_EQUIVALENCE,Unknown,FTO; SDGT,2015-09-29
CU-ACT-4002,2026-07-01,BLACKLIST,0x82def3990129e73531ad7a737ba54c76d34e507d,optimism,153667801,ISIL Khorasan,18647,Digital Currency Address - TRX,TMuBvwcgrTj6JysMmutXWaPjk1kREK2BDe,TRON_KEY_EQUIVALENCE,Unknown,FTO; SDGT,2015-09-29
CU-ACT-4003,2026-07-01,BLACKLIST,0x70d6292f5b971c82fb6587a3cd740f64e98009c3,optimism,153667844,ISIL Khorasan,18647,Digital Currency Address - TRX,TLFqEhiG7RUSZ9x5iph99Ke5782dkgRnWf,TRON_KEY_EQUIVALENCE,Unknown,FTO; SDGT,2015-09-29
CU-ACT-4004,2026-07-13,BLACKLIST,0x1d19b52b54e7ef5ea1a4b40b616165e798eac9f8,optimism,154178622,Rashevskyi Dmytro,57978,Digital Currency Address - ETH,0x1d19b52b54e7ef5ea1a4b40b616165e798eac9f8,HEX_IDENTIFIER,Unknown,CYBER4,2026-07-13
CU-ACT-4005,2026-07-13,BLACKLIST,0x2c7dcd774b33e10367f7d6385479e04f97d179dc,optimism,154178660,Rashevskyi Dmytro,57978,Digital Currency Address - ETH,0x2C7DcD774b33e10367F7d6385479e04F97d179dc,HEX_IDENTIFIER,Unknown,CYBER4,2026-07-13
CU-ACT-4006,2026-07-13,BLACKLIST,0xcfbb0c9a2a99777b46211b380869f82cf20a635e,optimism,154178783,First VPN Service,57975,Digital Currency Address - TRX,TUuaxBAWfA5nmsqNfycxYrzEvz4a5GJMGY,TRON_KEY_EQUIVALENCE,Unknown,CYBER4,2026-07-13
CU-ACT-4007,2026-07-13,BLACKLIST,0x2711d73d559f62f4f855ee21f38378f528e07985,optimism,154178794,First VPN Service,57975,Digital Currency Address - ETH,0x2711d73d559f62f4f855ee21f38378f528e07985,HEX_IDENTIFIER,Unknown,CYBER4,2026-07-13
CU-ACT-4008,2026-07-13,BLACKLIST,0xbe7d33a802487f0b51e0191dc0c3772fa11a8f70,optimism,154178810,Rashevskyi Dmytro,57978,Digital Currency Address - TRX,TTLRNgLpz5H5tLPuNU4FViUs7zmmAtyvzW,TRON_KEY_EQUIVALENCE,Unknown,CYBER4,2026-07-13
CU-ACT-4009,2026-07-13,BLACKLIST,0x0e0d1899d3a6a9362bc215f1c5a9acaccb0de882,optimism,154178864,Rashevskyi Dmytro,57978,Digital Currency Address - TRX,TBFW9gF4oDX5cG44gS7AoxQeujScmm3z6h,TRON_KEY_EQUIVALENCE,Unknown,CYBER4,2026-07-13
CU-ACT-4010,2026-07-14,BLACKLIST,0x08151bd98c00015de698408de9405aa62115b5ee,optimism,154230909,BANK MARKAZI JOMHOURI ISLAMI IRAN,4632,Digital Currency Address - TRX,TAhwhFv3JpK39Nc2m8W5LPCcoTisutiRfp,TRON_KEY_EQUIVALENCE,Unknown,IFSR; IRAN; IRGC; SDGT,2010-06-16
CU-ACT-4011,2026-07-14,BLACKLIST,0x3ba6174651e3a0c3c6a7d42a75e6e00b039304d1,optimism,154231010,BANK MARKAZI JOMHOURI ISLAMI IRAN,4632,Digital Currency Address - TRX,TFQbqaNbmq2xsVor2NbufLkYZvxFC9wC7k,TRON_KEY_EQUIVALENCE,Unknown,IFSR; IRAN; IRGC; SDGT,2010-06-16
CU-ACT-4012,2026-07-14,BLACKLIST,0xe995da05f4e51871d5d2ef8496536a052138bc6a,optimism,154231059,BANK MARKAZI JOMHOURI ISLAMI IRAN,4632,Digital Currency Address - TRX,TXGHxdYbGy574z5hBu4LNzq9NzjZQ9bhUf,TRON_KEY_EQUIVALENCE,Unknown,IFSR; IRAN; IRGC; SDGT,2010-06-16
CU-ACT-4013,2026-07-14,BLACKLIST,0x5f077e9b16f30b9ecfaf5dc09294dcc98b8d395a,optimism,154231111,BANK MARKAZI JOMHOURI ISLAMI IRAN,4632,Digital Currency Address - TRX,TJdgB1k6ot3f2nLuZug6D8eD3HavTmzmSK,TRON_KEY_EQUIVALENCE,Unknown,IFSR; IRAN; IRGC; SDGT,2010-06-16
CU-ACT-4014,2026-07-23,BLACKLIST,0x07f57fafbd3055737c778184cdb7b30c65fb7a6e,optimism,154616781,Al-Jebouri Zaid Issam Ahmed الجبوري زيد عصام أحمد,58199,Digital Currency Address - TRX,TAhHpxPRwo1Bmm1A9m51uZ31tcB7EPq7SY,TRON_KEY_EQUIVALENCE,Unknown,SDGT,2026-07-23
CU-ACT-4015,2026-07-23,BLACKLIST,0x4b6d60a69a1386992e18f89241d183429ebc3a56,optimism,154616851,Al-Jebouri Zaid Issam Ahmed الجبوري زيد عصام أحمد,58199,Digital Currency Address - TRX,TGr2i8ZQiiMRjP3mWyQUH2MQBfKu8GJNqm,TRON_KEY_EQUIVALENCE,Unknown,SDGT,2026-07-23
CU-ACT-4016,2026-07-23,BLACKLIST,0x506d8d7c56a06723a52fde594638eeda23461d15,optimism,154616884,Al-Jebouri Zaid Issam Ahmed الجبوري زيد عصام أحمد,58199,Digital Currency Address - TRX,THJUJFyTnrBWb1ijWav7qfRBrjUuKgP49Z,TRON_KEY_EQUIVALENCE,Unknown,SDGT,2026-07-23
CU-ACT-4017,2026-07-23,BLACKLIST,0x76c7c4ff99ab9791d4e358e33a3f51c2c5d3ac8e,optimism,154616887,Al-Jebouri Zaid Issam Ahmed الجبوري زيد عصام أحمد,58199,Digital Currency Address - TRX,TLoG3vbjDgqmTD5bM7w9rMgA6ysaNReuRy,TRON_KEY_EQUIVALENCE,Unknown,SDGT,2026-07-23
CU-ACT-4018,2026-07-23,BLACKLIST,0xd838b11133085016bc31ca78571067b0d77dc290,optimism,154617041,Al-Jebouri Zaid Issam Ahmed الجبوري زيد عصام أحمد,58199,Digital Currency Address - TRX,TVgUsVzA7mpFExP4zS7HHbtKti6UuBDuwZ,TRON_KEY_EQUIVALENCE,Unknown,SDGT,2026-07-23
CU-ACT-4019,2026-07-23,BLACKLIST,0xb690e524695f909e7dac090ff30b1fcfe557f597,optimism,154617053,Al-Jebouri Zaid Issam Ahmed الجبوري زيد عصام أحمد,58199,Digital Currency Address - TRX,TScXZTbDjjZ6a6jiC7dZjgCqfNo4vm7atV,TRON_KEY_EQUIVALENCE,Unknown,SDGT,2026-07-23
CU-ACT-4020,2026-07-23,BLACKLIST,0x99929eed7638ac0f031a5d925409741f86f98be6,optimism,154617102,Al-Jebouri Zaid Issam Ahmed الجبوري زيد عصام أحمد,58199,Digital Currency Address - TRX,TPyE2oSoaysrXfLzwf9wetBVr9JudLwjtD,TRON_KEY_EQUIVALENCE,Unknown,SDGT,2026-07-23
CU-ACT-4023,2026-08-07,BLACKLIST,0x6b69e2a7545c166417a80c61a77562052bffa9c5,optimism,155265749,SHPS Shelbit,58287,Digital Currency Address - ETH,0x6b69e2a7545c166417a80c61a77562052bffa9c5,HEX_IDENTIFIER,Unknown,SDGT,2026-08-07
CU-ACT-4024,2026-08-07,BLACKLIST,0x8d79c73daae8630c88de372ba8f57592fa987607,optimism,155265766,Kayvanpour Siavash,58284,Digital Currency Address - ETH,0x8d79c73daae8630c88de372ba8f57592fa987607,HEX_IDENTIFIER,Unknown,IRGC; SDGT,2026-08-07
CU-ACT-4025,2026-08-07,BLACKLIST,0xbb69e01921b17cd22080968bcc96ba6115da6062,optimism,155265892,CRYPTO HOME DMCC كريبتو هوم م.د.م.س,58258,Digital Currency Address - ETH,0xbb69e01921b17cd22080968bcc96ba6115da6062,HEX_IDENTIFIER,Unknown,SDGT,2026-08-07
CU-ACT-4026,2026-08-07,BLACKLIST,0x967f32c544b6547f366123927d6dc0a3c6dcdfb9,optimism,155265943,Kayvanpour Siavash,58284,Digital Currency Address - TRX,TPgxjjB6AJeMSQFngbUM6dMMxPHa9GEtYa,TRON_KEY_EQUIVALENCE,Unknown,IRGC; SDGT,2026-08-07
CU-ACT-4027,2026-08-07,BLACKLIST,0xe05f529f5284d75624eba386cb716928c3b54a2a,optimism,155266107,SHPS Shelbit,58287,Digital Currency Address - ETH,0xe05f529f5284d75624eba386cb716928c3b54a2a,HEX_IDENTIFIER,Unknown,SDGT,2026-08-07
CU-ACT-4028,2026-08-07,BLACKLIST,0xc02b8bcd6cea7162274b939410d466b755553175,optimism,155266149,CRYPTO HOME DMCC كريبتو هوم م.د.م.س,58258,Digital Currency Address - TRX,TTVJuXWCusAURrpNShiypauagEH1N4CrxV,TRON_KEY_EQUIVALENCE,Unknown,SDGT,2026-08-07
CU-ACT-4029,2026-08-07,BLACKLIST,0xeaac716a919f3a032a7e5f4d803c799569c32bd4,optimism,155266154,SHPS Shelbit,58287,Digital Currency Address - TRX,TXN3hVukebhyYR31YPCYd7aJAvmUeXu1ab,TRON_KEY_EQUIVALENCE,Unknown,SDGT,2026-08-07
